t_s,enc_as5600_deg,acc_deg,clar_counts,clar_deg,cmd_sps,cmd_dir,cmd_vel
0.001000,81.8262,0.000000,0,0.0000,2000.00,1,2000.00
0.002000,81.6504,-0.175781,2,1.4063,2000.00,1,2000.00
0.003001,80.6836,-1.142578,5,3.5156,2000.00,1,2000.00
0.004002,78.9258,-2.900391,7,4.9219,2000.00,1,2000.00
0.005003,77.3438,-4.482422,8,5.6250,2000.00,1,2000.00
0.006004,76.4648,-5.361328,9,6.3281,2000.00,1,2000.00
0.007005,75.4980,-6.328125,11,7.7344,2000.00,1,2000.00
0.008006,74.1797,-7.646484,14,9.8437,2000.00,1,2000.00
0.009006,72.8613,-8.964844,15,10.5469,2000.00,1,2000.00
0.010006,71.7188,-10.107422,17,11.9531,2000.00,1,2000.00
0.011007,70.6641,-11.162109,19,13.3594,2000.00,1,2000.00
0.012007,69.6094,-12.216797,21,14.7656,2000.00,1,2000.00
0.013007,68.2910,-13.535156,23,16.1719,2000.00,1,2000.00
0.014007,67.0605,-14.765625,25,17.5781,2000.00,1,2000.00
0.015007,65.8301,-15.996094,27,18.9844,2000.00,1,2000.00
0.016007,64.6875,-17.138672,29,20.3906,2000.00,1,2000.00
0.017007,63.5449,-18.281250,31,21.7969,2000.00,1,2000.00
0.018008,62.2266,-19.599609,32,22.5000,2000.00,1,2000.00
0.019008,60.9961,-20.830078,34,23.9063,2000.00,1,2000.00
0.020008,59.9414,-21.884766,36,25.3125,2000.00,1,2000.00
0.021008,58.7109,-23.115234,38,26.7188,2000.00,1,2000.00
0.022008,57.6563,-24.169922,40,28.1250,2000.00,1,2000.00
0.023008,56.3379,-25.488281,42,29.5313,2000.00,1,2000.00
0.024008,55.0195,-26.806641,44,30.9375,2000.00,1,2000.00
0.025008,53.9648,-27.861328,46,32.3438,2000.00,1,2000.00
0.026008,52.6465,-29.179687,48,33.7500,2000.00,1,2000.00
0.027008,51.4160,-30.410156,50,35.1563,2000.00,1,2000.00
0.028009,50.2734,-31.552734,51,35.8594,2000.00,1,2000.00
0.029009,49.0430,-32.783203,53,37.2656,2000.00,1,2000.00
0.030009,47.8125,-34.013672,55,38.6719,2000.00,1,2000.00
0.031009,46.5820,-35.244141,57,40.0781,2000.00,1,2000.00
0.032010,45.2637,-36.562500,59,41.4844,2000.00,1,2000.00
0.033011,44.1211,-37.705078,61,42.8906,2000.00,1,2000.00
0.034012,42.8906,-38.935547,63,44.2969,2000.00,1,2000.00
0.035013,41.3965,-40.429687,65,45.7031,2000.00,1,2000.00
0.036014,40.2539,-41.572266,67,47.1094,2000.00,1,2000.00
0.037014,38.8477,-42.978516,69,48.5156,2000.00,1,2000.00
0.038015,37.6172,-44.208984,71,49.9219,2000.00,1,2000.00
0.039016,36.4746,-45.351562,73,51.3281,2000.00,1,2000.00
0.040017,35.0684,-46.757812,74,52.0313,2000.00,1,2000.00
0.041018,33.8379,-47.988281,76,53.4375,2000.00,1,2000.00
0.042019,32.4316,-49.394531,78,54.8438,2000.00,1,2000.00
0.043019,31.1133,-50.712891,80,56.2500,2000.00,1,2000.00
0.044020,29.9707,-51.855469,82,57.6563,2000.00,1,2000.00
0.045021,28.4766,-53.349609,84,59.0625,2000.00,1,2000.00
0.046022,26.9824,-54.843750,86,60.4688,2000.00,1,2000.00
0.047023,25.6641,-56.162109,88,61.8750,2000.00,1,2000.00
0.048023,24.2578,-57.568359,90,63.2813,2000.00,1,2000.00
0.049024,23.0273,-58.798828,91,63.9844,2000.00,1,2000.00
0.050025,21.7090,-60.117187,94,66.0938,2000.00,1,2000.00
0.150921,243.0176,-198.808594,287,201.7969,2000.00,1,2000.00
0.151921,241.8750,-199.951172,289,203.2031,2000.00,1,2000.00
0.152921,240.5566,-201.269531,291,204.6094,2000.00,1,2000.00
0.153922,239.3262,-202.500000,293,206.0156,2000.00,1,2000.00
0.154923,238.1836,-203.642578,295,207.4219,2000.00,1,2000.00
0.155924,236.8652,-204.960937,297,208.8281,2000.00,1,2000.00
0.156924,235.6348,-206.191406,299,210.2344,2000.00,1,2000.00
0.157924,234.4922,-207.333984,301,211.6406,2000.00,1,2000.00
0.158924,233.0859,-208.740234,303,213.0469,2000.00,1,2000.00
0.159924,231.8555,-209.970703,305,214.4531,2000.00,1,2000.00
0.160924,230.5371,-211.289062,306,215.1562,2000.00,1,2000.00
0.161924,229.3066,-212.519531,308,216.5625,2000.00,1,2000.00
0.162924,228.0762,-213.750000,310,217.9687,2000.00,1,2000.00
0.163925,226.6699,-215.156250,312,219.3750,2000.00,1,2000.00
0.164926,225.3516,-216.474609,314,220.7812,2000.00,1,2000.00
0.165926,224.1211,-217.705078,316,222.1875,2000.00,1,2000.00
0.166926,222.8027,-219.023437,318,223.5937,2000.00,1,2000.00
0.167926,221.5723,-220.253906,320,225.0000,2000.00,1,2000.00
0.168926,220.1660,-221.660156,322,226.4062,2000.00,1,2000.00
0.169926,218.7598,-223.066406,323,227.1094,2000.00,1,2000.00
0.170926,217.4414,-224.384766,325,228.5156,2000.00,1,2000.00
0.171926,216.1230,-225.703125,327,229.9219,2000.00,1,2000.00
0.172927,214.7168,-227.109375,329,231.3281,2000.00,1,2000.00
0.173927,213.4863,-228.339844,331,232.7344,2000.00,1,2000.00
0.174927,211.9922,-229.833984,333,234.1406,2000.00,1,2000.00
0.175927,210.5859,-231.240234,335,235.5469,2000.00,1,2000.00
0.176927,209.4434,-232.382812,337,236.9531,2000.00,1,2000.00
0.177927,207.9492,-233.876953,339,238.3594,2000.00,1,2000.00
0.178927,206.6309,-235.195312,341,239.7656,2000.00,1,2000.00
0.179927,205.1367,-236.689453,343,241.1719,2000.00,1,2000.00
0.180928,203.6426,-238.183594,345,242.5781,2000.00,1,2000.00
0.181929,202.3242,-239.501953,347,243.9844,2000.00,1,2000.00
0.182929,200.8301,-240.996094,349,245.3906,2000.00,1,2000.00
0.183929,199.3359,-242.490234,351,246.7969,2000.00,1,2000.00
0.184929,198.0176,-243.808594,353,248.2031,2000.00,1,2000.00
0.185929,196.5234,-245.302734,355,249.6094,2000.00,1,2000.00
0.186929,195.2051,-246.621094,357,251.0156,2000.00,1,2000.00
0.187929,193.6230,-248.203125,358,251.7187,2000.00,1,2000.00
0.188929,192.2168,-249.609375,360,253.1250,2000.00,1,2000.00
0.189930,190.8984,-250.927734,362,254.5312,2000.00,1,2000.00
0.190931,189.2285,-252.597656,364,255.9375,2000.00,1,2000.00
0.191931,187.5586,-254.267578,366,257.3437,2000.00,1,2000.00
0.192931,186.2402,-255.585937,368,258.7500,2000.00,1,2000.00
0.193931,184.7461,-257.080078,370,260.1562,2000.00,1,2000.00
0.194931,183.4277,-258.398437,372,261.5625,2000.00,1,2000.00
0.195931,181.7578,-260.068359,374,262.9687,2000.00,1,2000.00
0.196931,180.0879,-261.738281,376,264.3750,2000.00,1,2000.00
0.197931,178.6816,-263.144531,377,265.0781,2000.00,1,2000.00
0.198932,177.1875,-264.638672,379,266.4844,2000.00,1,2000.00
0.199932,175.6055,-266.220703,381,267.8906,2000.00,1,2000.00
0.301329,41.9238,-399.902344,577,405.7031,2000.00,1,2000.00
0.302329,40.5176,-401.308594,578,406.4062,2000.00,1,2000.00
0.303330,39.3750,-402.451172,580,407.8125,2000.00,1,2000.00
0.304331,38.0566,-403.769531,582,409.2187,2000.00,1,2000.00
0.305332,36.7383,-405.087891,584,410.6250,2000.00,1,2000.00
0.306333,35.5078,-406.318359,586,412.0312,2000.00,1,2000.00
0.307334,34.1016,-407.724609,588,413.4375,2000.00,1,2000.00
0.308335,32.7832,-409.042969,590,414.8437,2000.00,1,2000.00
0.309336,31.5527,-410.273437,592,416.2500,2000.00,1,2000.00
0.310337,30.2344,-411.591797,594,417.6562,2000.00,1,2000.00
0.311338,29.0039,-412.822266,596,419.0625,2000.00,1,2000.00
0.312339,27.5977,-414.228516,598,420.4687,2000.00,1,2000.00
0.313340,26.1035,-415.722656,600,421.8750,2000.00,1,2000.00
0.314341,24.7852,-417.041016,602,423.2812,2000.00,1,2000.00
0.315342,23.3789,-418.447266,603,423.9844,2000.00,1,2000.00
0.316343,21.9727,-419.853516,605,425.3906,2000.00,1,2000.00
0.317344,20.8301,-420.996094,607,426.7969,2000.00,1,2000.00
0.318345,19.2480,-422.578125,609,428.2031,2000.00,1,2000.00
0.319346,17.6660,-424.160156,611,429.6094,2000.00,1,2000.00
0.320347,16.4355,-425.390625,613,431.0156,2000.00,1,2000.00
0.321348,15.1172,-426.708984,615,432.4219,2000.00,1,2000.00
0.322349,13.8867,-427.939453,617,433.8281,2000.00,1,2000.00
0.323350,12.2168,-429.609375,619,435.2344,2000.00,1,2000.00
0.324351,10.5469,-431.279297,620,435.9375,2000.00,1,2000.00
0.325352,9.2285,-432.597656,622,437.3437,2000.00,1,2000.00
0.326353,7.9102,-433.916016,624,438.7500,2000.00,1,2000.00
0.327354,6.3281,-435.498047,626,440.1562,2000.00,1,2000.00
0.328355,4.9219,-436.904297,628,441.5625,2000.00,1,2000.00
0.329355,3.3398,-438.486328,630,442.9687,2000.00,1,2000.00
0.330356,1.8457,-439.980469,632,444.3750,2000.00,1,2000.00
0.331357,0.3516,-441.474609,634,445.7812,2000.00,1,2000.00
0.332358,358.8574,-442.968750,636,447.1875,2000.00,1,2000.00
0.333359,357.5391,-444.287109,638,448.5937,2000.00,1,2000.00
0.334360,355.9570,-445.869141,640,450.0000,2000.00,1,2000.00
0.335361,354.2871,-447.539062,642,451.4062,2000.00,1,2000.00
0.336362,352.8809,-448.945312,643,452.1094,2000.00,1,2000.00
0.337363,351.4746,-450.351562,645,453.5156,2000.00,1,2000.00
0.338364,349.9805,-451.845703,647,454.9219,2000.00,1,2000.00
0.339365,348.4863,-453.339844,649,456.3281,2000.00,1,2000.00
0.340366,346.8164,-455.009766,651,457.7344,2000.00,1,2000.00
0.341367,345.3223,-456.503906,653,459.1406,2000.00,1,2000.00
0.342368,343.9160,-457.910156,655,460.5469,2000.00,1,2000.00
0.343369,342.3340,-459.492187,657,461.9531,2000.00,1,2000.00
0.344370,340.9277,-460.898437,659,463.3594,2000.00,1,2000.00
0.345371,339.4336,-462.392578,661,464.7656,2000.00,1,2000.00
0.346372,337.7637,-464.062500,663,466.1719,2000.00,1,2000.00
0.347373,336.2695,-465.556641,664,466.8750,2000.00,1,2000.00
0.348374,334.7754,-467.050781,666,468.2812,2000.00,1,2000.00
0.349375,333.3691,-468.457031,668,469.6875,2000.00,1,2000.00
0.350376,331.9629,-469.863281,670,471.0937,2000.00,1,2000.00
0.451986,197.4902,-604.335938,865,608.2031,2000.00,1,2000.00
0.452986,195.8203,-606.005859,867,609.6094,2000.00,1,2000.00
0.453987,194.3262,-607.500000,869,611.0156,2000.00,1,2000.00
0.454988,193.0957,-608.730469,871,612.4219,2000.00,1,2000.00
0.455989,191.5137,-610.312500,873,613.8281,2000.00,1,2000.00
0.456990,190.2832,-611.542969,875,615.2344,2000.00,1,2000.00
0.457991,188.7012,-613.125000,877,616.6406,2000.00,1,2000.00
0.458992,187.0312,-614.794922,879,618.0469,2000.00,1,2000.00
0.459993,185.7129,-616.113281,881,619.4531,2000.00,1,2000.00
0.460994,184.1309,-617.695313,883,620.8594,2000.00,1,2000.00
0.461995,182.6367,-619.189453,885,622.2656,2000.00,1,2000.00
0.462996,181.1426,-620.683594,887,623.6719,2000.00,1,2000.00
0.463997,179.4727,-622.353516,889,625.0781,2000.00,1,2000.00
0.464998,177.9785,-623.847656,890,625.7812,2000.00,1,2000.00
0.465999,176.7480,-625.078125,892,627.1875,2000.00,1,2000.00
0.467000,175.1660,-626.660156,894,628.5937,2000.00,1,2000.00
0.468001,173.4961,-628.330078,896,630.0000,2000.00,1,2000.00
0.469002,172.0020,-629.824219,898,631.4062,2000.00,1,2000.00
0.470003,170.4199,-631.406250,900,632.8125,2000.00,1,2000.00
0.471004,169.1016,-632.724609,902,634.2187,2000.00,1,2000.00
0.472005,167.4316,-634.394531,904,635.6250,2000.00,1,2000.00
0.473006,165.8496,-635.976563,906,637.0312,2000.00,1,2000.00
0.474007,164.5312,-637.294922,908,638.4375,2000.00,1,2000.00
0.475008,162.8613,-638.964844,910,639.8437,2000.00,1,2000.00
0.476009,161.1914,-640.634766,911,640.5469,2000.00,1,2000.00
0.477010,159.9609,-641.865234,913,641.9531,2000.00,1,2000.00
0.478011,158.3789,-643.447266,915,643.3594,2000.00,1,2000.00
0.479012,156.8848,-644.941406,917,644.7656,2000.00,1,2000.00
0.480013,155.2148,-646.611328,919,646.1719,2000.00,1,2000.00
0.481014,153.6328,-648.193359,921,647.5781,2000.00,1,2000.00
0.482015,152.3145,-649.511719,923,648.9844,2000.00,1,2000.00
0.483015,150.7324,-651.093750,925,650.3906,2000.00,1,2000.00
0.484016,149.0625,-652.763672,927,651.7969,2000.00,1,2000.00
0.485017,147.7441,-654.082031,929,653.2031,2000.00,1,2000.00
0.486018,146.2500,-655.576172,931,654.6094,2000.00,1,2000.00
0.487019,144.5801,-657.246094,933,656.0156,2000.00,1,2000.00
0.488020,143.2617,-658.564453,935,657.4219,2000.00,1,2000.00
0.489021,141.8555,-659.970703,937,658.8281,2000.00,1,2000.00
0.490022,140.4492,-661.376953,939,660.2344,2000.00,1,2000.00
0.491023,138.8672,-662.958984,941,661.6406,2000.00,1,2000.00
0.492024,137.2852,-664.541016,942,662.3437,2000.00,1,2000.00
0.493025,136.0547,-665.771484,944,663.7500,2000.00,1,2000.00
0.494026,134.5605,-667.265625,946,665.1562,2000.00,1,2000.00
0.495027,133.0664,-668.759766,948,666.5625,2000.00,1,2000.00
0.496028,131.6602,-670.166016,950,667.9687,2000.00,1,2000.00
0.497029,130.2539,-671.572266,952,669.3750,2000.00,1,2000.00
0.498030,128.8477,-672.978516,954,670.7812,2000.00,1,2000.00
0.499031,127.5293,-674.296875,956,672.1875,2000.00,1,2000.00
0.500032,125.9473,-675.878906,958,673.5937,2000.00,1,2000.00
0.501033,124.6289,-677.197266,960,675.0000,2000.00,1,2000.00
0.604067,351.3867,-810.439453,1157,813.5156,2000.00,1,2000.00
0.605068,349.8047,-812.021484,1159,814.9219,2000.00,1,2000.00
0.606069,348.3105,-813.515625,1161,816.3281,2000.00,1,2000.00
0.607069,346.9922,-814.833984,1163,817.7344,2000.00,1,2000.00
0.608070,345.3223,-816.503906,1165,819.1406,2000.00,1,2000.00
0.609071,343.7402,-818.085938,1167,820.5469,2000.00,1,2000.00
0.610072,342.4219,-819.404297,1169,821.9531,2000.00,1,2000.00
0.611073,340.9277,-820.898438,1171,823.3594,2000.00,1,2000.00
0.612074,339.1699,-822.656250,1173,824.7656,2000.00,1,2000.00
0.613075,337.6758,-824.150391,1174,825.4687,2000.00,1,2000.00
0.614076,336.1816,-825.644531,1176,826.8750,2000.00,1,2000.00
0.615077,334.9512,-826.875000,1178,828.2812,2000.00,1,2000.00
0.616078,333.2812,-828.544922,1180,829.6875,2000.00,1,2000.00
0.617079,331.6992,-830.126953,1182,831.0937,2000.00,1,2000.00
0.618080,330.3809,-831.445313,1184,832.5000,2000.00,1,2000.00
0.619081,328.7109,-833.115234,1186,833.9062,2000.00,1,2000.00
0.620082,327.1289,-834.697266,1188,835.3125,2000.00,1,2000.00
0.621083,325.8984,-835.927734,1190,836.7187,2000.00,1,2000.00
0.622084,324.4043,-837.421875,1192,838.1250,2000.00,1,2000.00
0.623085,322.7344,-839.091797,1194,839.5312,2000.00,1,2000.00
0.624086,321.3281,-840.498047,1195,840.2344,2000.00,1,2000.00
0.625087,319.9219,-841.904297,1197,841.6406,2000.00,1,2000.00
0.626088,318.6914,-843.134766,1199,843.0469,2000.00,1,2000.00
0.627089,317.0215,-844.804688,1201,844.4531,2000.00,1,2000.00
0.628090,315.4395,-846.386719,1203,845.8594,2000.00,1,2000.00
0.629091,314.2090,-847.617188,1205,847.2656,2000.00,1,2000.00
0.630092,312.8027,-849.023438,1207,848.6719,2000.00,1,2000.00
0.631093,311.3086,-850.517578,1209,850.0781,2000.00,1,2000.00
0.632094,309.9023,-851.923828,1211,851.4844,2000.00,1,2000.00
0.633095,308.4082,-853.417969,1213,852.8906,2000.00,1,2000.00
0.634096,306.9141,-854.912109,1215,854.2969,2000.00,1,2000.00
0.635097,305.6836,-856.142578,1217,855.7031,2000.00,1,2000.00
0.636098,304.1895,-857.636719,1218,856.4062,2000.00,1,2000.00
0.637099,302.9590,-858.867188,1220,857.8125,2000.00,1,2000.00
0.638100,301.5527,-860.273438,1222,859.2187,2000.00,1,2000.00
0.639101,300.0586,-861.767578,1224,860.6250,2000.00,1,2000.00
0.640101,298.8281,-862.998047,1226,862.0312,2000.00,1,2000.00
0.641102,297.4219,-864.404297,1228,863.4375,2000.00,1,2000.00
0.642103,296.0156,-865.810547,1230,864.8437,2000.00,1,2000.00
0.643104,294.7852,-867.041016,1232,866.2500,2000.00,1,2000.00
0.644105,293.2910,-868.535156,1234,867.6562,2000.00,1,2000.00
0.645106,291.8848,-869.941406,1236,869.0625,2000.00,1,2000.00
0.646107,290.7422,-871.083984,1238,870.4687,2000.00,1,2000.00
0.647108,289.4238,-872.402344,1239,871.1719,2000.00,1,2000.00
0.648109,288.2812,-873.544922,1242,873.2812,2000.00,1,2000.00
0.649110,286.8750,-874.951172,1243,873.9844,2000.00,1,2000.00
0.650111,285.4687,-876.357422,1245,875.3906,2000.00,1,2000.00
0.651112,284.2383,-877.587891,1247,876.7969,2000.00,1,2000.00
0.652113,282.9199,-878.906250,1249,878.2031,2000.00,1,2000.00
0.653114,281.6895,-880.136719,1251,879.6094,2000.00,1,2000.00
0.757289,139.4824,-1022.343750,1452,1020.9375,2000.00,1,2000.00
0.758290,137.9883,-1023.837891,1454,1022.3437,2000.00,1,2000.00
0.759291,136.4062,-1025.419922,1455,1023.0469,2000.00,1,2000.00
0.760292,135.0879,-1026.738281,1457,1024.4531,2000.00,1,2000.00
0.761293,133.6816,-1028.144531,1459,1025.8594,2000.00,1,2000.00
0.762294,132.3633,-1029.462891,1461,1027.2656,2000.00,1,2000.00
0.763295,130.6934,-1031.132812,1463,1028.6719,2000.00,1,2000.00
0.764296,129.2871,-1032.539062,1465,1030.0781,2000.00,1,2000.00
0.765297,128.1445,-1033.681641,1467,1031.4844,2000.00,1,2000.00
0.766298,126.7383,-1035.087891,1469,1032.8906,2000.00,1,2000.00
0.767299,125.1563,-1036.669922,1471,1034.2969,2000.00,1,2000.00
0.768300,123.8379,-1037.988281,1473,1035.7031,2000.00,1,2000.00
0.769301,122.4316,-1039.394531,1475,1037.1094,2000.00,1,2000.00
0.770302,121.0254,-1040.800781,1477,1038.5156,2000.00,1,2000.00
0.771303,119.7070,-1042.119141,1479,1039.9219,2000.00,1,2000.00
0.772304,118.3008,-1043.525391,1481,1041.3281,2000.00,1,2000.00
0.773305,117.0703,-1044.755859,1483,1042.7344,2000.00,1,2000.00
0.774306,115.6641,-1046.162109,1484,1043.4375,2000.00,1,2000.00
0.775307,114.3457,-1047.480469,1487,1045.5469,2000.00,1,2000.00
0.776308,113.1152,-1048.710937,1488,1046.2500,2000.00,1,2000.00
0.777309,111.7969,-1050.029297,1490,1047.6563,2000.00,1,2000.00
0.778310,110.3906,-1051.435547,1492,1049.0625,2000.00,1,2000.00
0.779311,109.1602,-1052.666016,1494,1050.4688,2000.00,1,2000.00
0.780312,107.9297,-1053.896484,1496,1051.8750,2000.00,1,2000.00
0.781313,106.6113,-1055.214844,1498,1053.2813,2000.00,1,2000.00
0.782314,105.3809,-1056.445312,1500,1054.6875,2000.00,1,2000.00
0.783315,103.9746,-1057.851562,1502,1056.0938,2000.00,1,2000.00
0.784316,102.8320,-1058.994141,1504,1057.5000,2000.00,1,2000.00
0.785317,101.5137,-1060.312500,1506,1058.9063,2000.00,1,2000.00
0.786318,100.1953,-1061.630859,1507,1059.6094,2000.00,1,2000.00
0.787319,99.0527,-1062.773437,1510,1061.7188,2000.00,1,2000.00
0.788320,97.8223,-1064.003906,1511,1062.4219,2000.00,1,2000.00
0.789321,96.5039,-1065.322266,1513,1063.8281,2000.00,1,2000.00
0.790322,95.3613,-1066.464844,1515,1065.2344,2000.00,1,2000.00
0.791323,94.0430,-1067.783203,1517,1066.6406,2000.00,1,2000.00
0.792324,92.8125,-1069.013672,1519,1068.0469,2000.00,1,2000.00
0.793325,91.7578,-1070.068359,1521,1069.4531,2000.00,1,2000.00
0.794326,90.3516,-1071.474609,1523,1070.8594,2000.00,1,2000.00
0.795327,89.2090,-1072.617187,1525,1072.2656,2000.00,1,2000.00
0.796328,87.9785,-1073.847656,1527,1073.6719,2000.00,1,2000.00
0.797329,86.8359,-1074.990234,1529,1075.0781,2000.00,1,2000.00
0.798330,85.8691,-1075.957031,1531,1076.4844,2000.00,1,2000.00
0.799331,84.5508,-1077.275391,1533,1077.8906,2000.00,1,2000.00
0.800332,83.2324,-1078.593750,1534,1078.5938,2000.00,1,2000.00
0.801333,82.1777,-1079.648437,1536,1080.0000,2000.00,1,2000.00
0.802334,80.8594,-1080.966797,1538,1081.4063,2000.00,1,2000.00
0.803335,79.6289,-1082.197266,1541,1083.5156,2000.00,1,2000.00
0.804336,78.4863,-1083.339844,1542,1084.2188,2000.00,1,2000.00
0.805337,77.2559,-1084.570312,1544,1085.6250,2000.00,1,2000.00
0.806338,76.2891,-1085.537109,1546,1087.0313,2000.00,1,2000.00
0.813537,67.6758,-1094.150391,1560,1096.8750,2000.00,1,2000.00
0.814538,66.4453,-1095.380859,1562,1098.2813,2000.00,1,2000.00
0.815539,65.2148,-1096.611328,1564,1099.6875,2000.00,1,2000.00
0.816540,64.0723,-1097.753906,1566,1101.0938,2000.00,1,2000.00
0.817541,62.8418,-1098.984375,1568,1102.5000,2000.00,1,2000.00
0.818542,61.6113,-1100.214844,1570,1103.9063,2000.00,1,2000.00
0.819543,60.4688,-1101.357422,1571,1104.6094,2000.00,1,2000.00
0.820544,59.2383,-1102.587891,1573,1106.0156,2000.00,1,2000.00
0.821545,58.1836,-1103.642578,1575,1107.4219,2000.00,1,2000.00
0.822546,56.9531,-1104.873047,1577,1108.8281,2000.00,1,2000.00
0.823547,55.6348,-1106.191406,1579,1110.2344,2000.00,1,2000.00
0.824548,54.4922,-1107.333984,1581,1111.6406,2000.00,1,2000.00
0.825549,53.2617,-1108.564453,1583,1113.0469,2000.00,1,2000.00
0.826550,51.9434,-1109.882812,1585,1114.4531,2000.00,1,2000.00
0.827551,50.8008,-1111.025391,1587,1115.8594,2000.00,1,2000.00
0.828552,49.6582,-1112.167969,1589,1117.2656,2000.00,1,2000.00
0.829553,48.3398,-1113.486328,1591,1118.6719,2000.00,1,2000.00
0.830554,47.1973,-1114.628906,1593,1120.0781,2000.00,1,2000.00
0.831555,45.7910,-1116.035156,1594,1120.7813,2000.00,1,2000.00
0.832556,44.6484,-1117.177734,1596,1122.1875,2000.00,1,2000.00
0.833557,43.4180,-1118.408203,1598,1123.5938,2000.00,1,2000.00
0.834558,42.0996,-1119.726562,1600,1125.0000,2000.00,1,2000.00
0.835559,40.7813,-1121.044922,1602,1126.4063,2000.00,1,2000.00
0.836560,39.3750,-1122.451172,1604,1127.8125,2000.00,1,2000.00
0.837561,38.2324,-1123.593750,1606,1129.2188,2000.00,1,2000.00
0.838562,37.0020,-1124.824219,1608,1130.6250,2000.00,1,2000.00
0.839563,35.5957,-1126.230469,1610,1132.0313,2000.00,1,2000.00
0.840564,34.1016,-1127.724609,1612,1133.4375,2000.00,1,2000.00
0.841565,32.9590,-1128.867187,1614,1134.8438,2000.00,1,2000.00
0.842566,31.6406,-1130.185547,1615,1135.5469,2000.00,1,2000.00
0.843567,30.4980,-1131.328125,1617,1136.9531,2000.00,1,2000.00
0.844568,29.0918,-1132.734375,1619,1138.3594,2000.00,1,2000.00
0.845569,27.6855,-1134.140625,1621,1139.7656,2000.00,1,2000.00
0.846570,26.3672,-1135.458984,1623,1141.1719,2000.00,1,2000.00
0.847571,24.8730,-1136.953125,1625,1142.5781,2000.00,1,2000.00
0.848572,23.4668,-1138.359375,1627,1143.9844,2000.00,1,2000.00
0.849573,22.2363,-1139.589844,1629,1145.3906,2000.00,1,2000.00
0.850574,20.9180,-1140.908203,1631,1146.7969,2000.00,1,2000.00
0.851575,19.3359,-1142.490234,1633,1148.2031,2000.00,1,2000.00
0.852576,17.9297,-1143.896484,1635,1149.6094,2000.00,1,2000.00
0.853577,16.5234,-1145.302734,1636,1150.3125,2000.00,1,2000.00
0.854578,15.2930,-1146.533203,1638,1151.7188,2000.00,1,2000.00
0.855579,13.7988,-1148.027344,1640,1153.1250,2000.00,1,2000.00
0.856580,12.2168,-1149.609375,1642,1154.5313,2000.00,1,2000.00
0.857581,10.8984,-1150.927734,1644,1155.9375,2000.00,1,2000.00
0.858582,9.4043,-1152.421875,1646,1157.3438,2000.00,1,2000.00
0.859583,7.9102,-1153.916016,1648,1158.7500,2000.00,1,2000.00
0.860584,6.5918,-1155.234375,1650,1160.1563,2000.00,1,2000.00
0.861585,5.0977,-1156.728516,1652,1161.5625,2000.00,1,2000.00
0.862586,3.4277,-1158.398437,1654,1162.9688,2000.00,1,2000.00
0.869807,352.7930,-1169.033203,1667,1172.1094,2000.00,1,2000.00
0.870808,351.3867,-1170.439453,1670,1174.2188,2000.00,1,2000.00
0.871809,349.7168,-1172.109375,1671,1174.9219,2000.00,1,2000.00
0.872810,348.0469,-1173.779297,1673,1176.3281,2000.00,1,2000.00
0.873811,346.7285,-1175.097656,1675,1177.7344,2000.00,1,2000.00
0.874812,345.1465,-1176.679687,1677,1179.1406,2000.00,1,2000.00
0.875813,343.8281,-1177.998047,1679,1180.5469,2000.00,1,2000.00
0.876814,342.3340,-1179.492187,1681,1181.9531,2000.00,1,2000.00
0.877815,340.7520,-1181.074219,1683,1183.3594,2000.00,1,2000.00
0.878816,339.2578,-1182.568359,1685,1184.7656,2000.00,1,2000.00
0.879817,337.5879,-1184.238281,1687,1186.1719,2000.00,1,2000.00
0.880818,336.0059,-1185.820312,1688,1186.8750,2000.00,1,2000.00
0.881819,334.7754,-1187.050781,1690,1188.2813,2000.00,1,2000.00
0.882820,333.1934,-1188.632812,1692,1189.6875,2000.00,1,2000.00
0.883821,331.4355,-1190.390625,1694,1191.0938,2000.00,1,2000.00
0.884822,330.1172,-1191.708984,1696,1192.5000,2000.00,1,2000.00
0.885823,328.6230,-1193.203125,1698,1193.9063,2000.00,1,2000.00
0.886824,327.3047,-1194.521484,1700,1195.3125,2000.00,1,2000.00
0.887825,325.7227,-1196.103516,1702,1196.7188,2000.00,1,2000.00
0.888826,324.1406,-1197.685547,1704,1198.1250,2000.00,1,2000.00
0.890495,321.7676,-1200.058594,1707,1200.2344,2000.00,1,2000.00
0.891496,320.2734,-1201.552734,1709,1201.6406,2000.00,1,2000.00
0.892497,318.8672,-1202.958984,1711,1203.0469,2000.00,1,2000.00
0.893498,317.4609,-1204.365234,1713,1204.4531,2000.00,1,2000.00
0.894499,315.8789,-1205.947266,1715,1205.8594,2000.00,1,2000.00
0.895500,314.3848,-1207.441406,1717,1207.2656,2000.00,1,2000.00
0.896501,313.1543,-1208.671875,1718,1207.9688,2000.00,1,2000.00
0.897502,311.6602,-1210.166016,1720,1209.3750,2000.00,1,2000.00
0.898503,310.1660,-1211.660156,1722,1210.7813,2000.00,1,2000.00
0.899504,308.8477,-1212.978516,1724,1212.1875,2000.00,1,2000.00
0.900505,307.3535,-1214.472656,1726,1213.5938,2000.00,1,2000.00
0.901506,306.0352,-1215.791016,1728,1215.0000,2000.00,1,2000.00
0.902507,304.6289,-1217.197266,1730,1216.4063,2000.00,1,2000.00
0.903508,303.1348,-1218.691406,1732,1217.8125,2000.00,1,2000.00
0.904509,301.9043,-1219.921875,1734,1219.2188,2000.00,1,2000.00
0.905510,300.4980,-1221.328125,1736,1220.6250,2000.00,1,2000.00
0.906511,299.0039,-1222.822266,1738,1222.0313,2000.00,1,2000.00
0.907512,297.7734,-1224.052734,1740,1223.4375,2000.00,1,2000.00
0.908513,296.2793,-1225.546875,1742,1224.8438,2000.00,1,2000.00
0.909514,294.9609,-1226.865234,1743,1225.5469,2000.00,1,2000.00
0.910515,293.8184,-1228.007812,1746,1227.6563,2000.00,1,2000.00
0.911516,292.3242,-1229.501953,1747,1228.3594,2000.00,1,2000.00
0.912517,291.0937,-1230.732422,1749,1229.7656,2000.00,1,2000.00
0.913518,289.7754,-1232.050781,1751,1231.1719,2000.00,1,2000.00
0.914519,288.3691,-1233.457031,1753,1232.5781,2000.00,1,2000.00
0.915520,287.1387,-1234.687500,1755,1233.9844,2000.00,1,2000.00
0.916521,285.8203,-1236.005859,1757,1235.3906,2000.00,1,2000.00
0.917522,284.5020,-1237.324219,1759,1236.7969,2000.00,1,2000.00
0.918523,283.4473,-1238.378906,1761,1238.2031,2000.00,1,2000.00
0.919524,282.0410,-1239.785156,1763,1239.6094,2000.00,1,2000.00
0.926771,272.9004,-1248.925781,1777,1249.4531,2000.00,1,2000.00
0.927772,271.5820,-1250.244141,1779,1250.8594,2000.00,1,2000.00
0.928773,270.4395,-1251.386719,1780,1251.5625,2000.00,1,2000.00
0.929774,269.2090,-1252.617187,1782,1252.9688,2000.00,1,2000.00
0.930775,267.8906,-1253.935547,1785,1255.0781,2000.00,1,2000.00
0.931776,266.5723,-1255.253906,1786,1255.7813,2000.00,1,2000.00
0.932777,265.3418,-1256.484375,1788,1257.1875,2000.00,1,2000.00
0.933778,264.1992,-1257.626953,1790,1258.5938,2000.00,1,2000.00
0.934779,263.0566,-1258.769531,1792,1260.0000,2000.00,1,2000.00
0.935780,261.7383,-1260.087891,1794,1261.4063,2000.00,1,2000.00
0.936781,260.4199,-1261.406250,1796,1262.8125,2000.00,1,2000.00
0.937782,259.2773,-1262.548828,1798,1264.2188,2000.00,1,2000.00
0.938783,258.0469,-1263.779297,1800,1265.6250,2000.00,1,2000.00
0.939784,256.8164,-1265.009766,1802,1267.0313,2000.00,1,2000.00
0.940785,255.5859,-1266.240234,1803,1267.7344,2000.00,1,2000.00
0.941786,254.3555,-1267.470703,1805,1269.1406,2000.00,1,2000.00
0.942787,253.2129,-1268.613281,1807,1270.5469,2000.00,1,2000.00
0.943788,251.8066,-1270.019531,1809,1271.9531,2000.00,1,2000.00
0.944789,250.5762,-1271.250000,1811,1273.3594,2000.00,1,2000.00
0.945790,249.5215,-1272.304687,1813,1274.7656,2000.00,1,2000.00
0.946791,248.2031,-1273.623047,1815,1276.1719,2000.00,1,2000.00
0.947792,246.9727,-1274.853516,1817,1277.5781,2000.00,1,2000.00
0.948793,245.8301,-1275.996094,1819,1278.9844,2000.00,1,2000.00
0.949794,244.5117,-1277.314453,1821,1280.3906,2000.00,1,2000.00
0.950795,243.3691,-1278.457031,1823,1281.7969,2000.00,1,2000.00
0.951796,242.0508,-1279.775391,1825,1283.2031,2000.00,1,2000.00
0.952797,240.8203,-1281.005859,1827,1284.6094,2000.00,1,2000.00
0.953798,239.5898,-1282.236328,1829,1286.0156,2000.00,1,2000.00
0.954799,238.0957,-1283.730469,1831,1287.4219,2000.00,1,2000.00
0.955800,236.9531,-1284.873047,1832,1288.1250,2000.00,1,2000.00
0.956801,235.8984,-1285.927734,1834,1289.5313,2000.00,1,2000.00
0.957802,234.4922,-1287.333984,1836,1290.9375,2000.00,1,2000.00
0.958803,233.0859,-1288.740234,1839,1293.0469,2000.00,1,2000.00
0.959804,231.9434,-1289.882812,1840,1293.7500,2000.00,1,2000.00
0.960805,230.7129,-1291.113281,1842,1295.1563,2000.00,1,2000.00
0.961806,229.5703,-1292.255859,1844,1296.5625,2000.00,1,2000.00
0.962807,228.1641,-1293.662109,1846,1297.9688,2000.00,1,2000.00
0.963808,226.7578,-1295.068359,1848,1299.3750,2000.00,1,2000.00
0.964809,225.5273,-1296.298828,1850,1300.7813,2000.00,1,2000.00
0.965810,224.2090,-1297.617187,1851,1301.4844,2000.00,1,2000.00
0.966811,222.8027,-1299.023437,1854,1303.5938,2000.00,1,2000.00
0.967812,221.6602,-1300.166016,1855,1304.2969,2000.00,1,2000.00
0.968813,220.2539,-1301.572266,1857,1305.7031,2000.00,1,2000.00
0.969814,218.8477,-1302.978516,1859,1307.1094,2000.00,1,2000.00
0.970815,217.6172,-1304.208984,1861,1308.5156,2000.00,1,2000.00
0.971816,216.2109,-1305.615234,1863,1309.9219,2000.00,1,2000.00
0.972817,215.0684,-1306.757812,1865,1311.3281,2000.00,1,2000.00
0.973818,213.6621,-1308.164062,1867,1312.7344,2000.00,1,2000.00
0.974819,212.0801,-1309.746094,1869,1314.1406,2000.00,1,2000.00
0.975820,210.8496,-1310.976562,1871,1315.5469,2000.00,1,2000.00
0.983522,200.1270,-1321.699219,1886,1326.0938,2000.00,1,2000.00
0.984523,198.6328,-1323.193359,1888,1327.5000,2000.00,1,2000.00
0.985524,197.2266,-1324.599609,1890,1328.9063,2000.00,1,2000.00
0.986525,195.7324,-1326.093750,1891,1329.6094,2000.00,1,2000.00
0.987526,194.1504,-1327.675781,1893,1331.0156,2000.00,1,2000.00
0.988527,192.9199,-1328.906250,1895,1332.4219,2000.00,1,2000.00
0.989528,191.3379,-1330.488281,1897,1333.8281,2000.00,1,2000.00
0.990529,189.6680,-1332.158203,1899,1335.2344,2000.00,1,2000.00
0.991530,188.2617,-1333.564453,1901,1336.6406,2000.00,1,2000.00
0.992531,186.7676,-1335.058594,1903,1338.0469,2000.00,1,2000.00
0.993532,185.5371,-1336.289062,1905,1339.4531,2000.00,1,2000.00
0.994533,183.9551,-1337.871094,1907,1340.8594,2000.00,1,2000.00
0.995534,182.2852,-1339.541016,1909,1342.2656,2000.00,1,2000.00
0.996535,180.8789,-1340.947266,1911,1343.6719,2000.00,1,2000.00
0.997536,179.2969,-1342.529297,1913,1345.0781,2000.00,1,2000.00
0.998537,177.7148,-1344.111328,1915,1346.4844,2000.00,1,2000.00
0.999538,176.2207,-1345.605469,1917,1347.8906,2000.00,1,2000.00
1.000539,174.6387,-1347.187500,1919,1349.2969,0.00,1,0.00
1.001539,173.3203,-1348.505859,1919,1349.2969,0.00,1,0.00
1.002539,172.6172,-1349.208984,1919,1349.2969,0.00,1,0.00
1.003540,173.0566,-1348.769531,1918,1348.5938,0.00,1,0.00
1.004541,173.7598,-1348.066406,1918,1348.5938,0.00,1,0.00
1.005542,173.4961,-1348.330078,1919,1349.2969,0.00,1,0.00
1.006543,172.7930,-1349.033203,1919,1349.2969,0.00,1,0.00
1.007544,172.8809,-1348.945312,1918,1348.5938,0.00,1,0.00
1.008545,173.5840,-1348.242187,1918,1348.5938,0.00,1,0.00
1.009546,173.5840,-1348.242187,1919,1349.2969,0.00,1,0.00
1.010547,173.0566,-1348.769531,1919,1349.2969,0.00,1,0.00
1.011548,172.7930,-1349.033203,1919,1349.2969,0.00,1,0.00
1.012549,173.1445,-1348.681641,1919,1349.2969,0.00,1,0.00
1.013550,173.4961,-1348.330078,1919,1349.2969,0.00,1,0.00
1.014551,173.4961,-1348.330078,1919,1349.2969,0.00,1,0.00
1.015552,173.2324,-1348.593750,1919,1349.2969,0.00,1,0.00
1.016553,173.0566,-1348.769531,1919,1349.2969,0.00,1,0.00
1.017554,173.0566,-1348.769531,1919,1349.2969,0.00,1,0.00
1.018555,173.3203,-1348.505859,1919,1349.2969,0.00,1,0.00
1.019556,173.4082,-1348.417969,1919,1349.2969,0.00,1,0.00
1.020557,173.2324,-1348.593750,1919,1349.2969,0.00,1,0.00
1.021558,173.1445,-1348.681641,1919,1349.2969,0.00,1,0.00
1.022559,173.1445,-1348.681641,1919,1349.2969,0.00,1,0.00
1.023560,173.2324,-1348.593750,1919,1349.2969,0.00,1,0.00
1.024561,173.3203,-1348.505859,1919,1349.2969,0.00,1,0.00
1.025562,173.2324,-1348.593750,1919,1349.2969,0.00,1,0.00
1.026563,173.1445,-1348.681641,1919,1349.2969,0.00,1,0.00
1.027564,173.2324,-1348.593750,1919,1349.2969,0.00,1,0.00
1.028565,173.3203,-1348.505859,1919,1349.2969,0.00,1,0.00
1.029566,173.2324,-1348.593750,1919,1349.2969,0.00,1,0.00
1.030567,173.2324,-1348.593750,1919,1349.2969,0.00,1,0.00
1.031568,173.1445,-1348.681641,1919,1349.2969,0.00,1,0.00
1.032569,173.2324,-1348.593750,1919,1349.2969,0.00,1,0.00
1.039769,173.3203,-1348.505859,1919,1349.2969,0.00,1,0.00
1.040770,173.2324,-1348.593750,1919,1349.2969,0.00,1,0.00
1.041771,173.2324,-1348.593750,1919,1349.2969,0.00,1,0.00
1.042772,173.2324,-1348.593750,1919,1349.2969,0.00,1,0.00
1.043773,173.2324,-1348.593750,1919,1349.2969,0.00,1,0.00
1.044774,173.2324,-1348.593750,1919,1349.2969,0.00,1,0.00
1.045775,173.2324,-1348.593750,1919,1349.2969,0.00,1,0.00
1.046776,173.2324,-1348.593750,1919,1349.2969,0.00,1,0.00
1.047777,173.1445,-1348.681641,1919,1349.2969,0.00,1,0.00
1.048778,173.2324,-1348.593750,1919,1349.2969,0.00,1,0.00
1.049778,173.3203,-1348.505859,1919,1349.2969,0.00,1,0.00
1.050778,173.1445,-1348.681641,1919,1349.2969,0.00,1,0.00
1.051779,173.1445,-1348.681641,1919,1349.2969,0.00,1,0.00
1.052780,173.2324,-1348.593750,1919,1349.2969,0.00,1,0.00
1.053781,173.2324,-1348.593750,1919,1349.2969,0.00,1,0.00
1.054782,173.1445,-1348.681641,1919,1349.2969,0.00,1,0.00
1.055783,173.2324,-1348.593750,1919,1349.2969,0.00,1,0.00
1.056784,173.2324,-1348.593750,1919,1349.2969,0.00,1,0.00
1.057785,173.2324,-1348.593750,1919,1349.2969,0.00,1,0.00
1.058786,173.3203,-1348.505859,1919,1349.2969,0.00,1,0.00
1.059787,173.2324,-1348.593750,1919,1349.2969,0.00,1,0.00
1.060788,173.2324,-1348.593750,1919,1349.2969,0.00,1,0.00
1.061789,173.2324,-1348.593750,1919,1349.2969,0.00,1,0.00
1.062790,173.2324,-1348.593750,1919,1349.2969,0.00,1,0.00
1.063791,173.2324,-1348.593750,1919,1349.2969,0.00,1,0.00
1.064792,173.2324,-1348.593750,1919,1349.2969,0.00,1,0.00
1.065793,173.2324,-1348.593750,1919,1349.2969,0.00,1,0.00
1.066794,173.2324,-1348.593750,1919,1349.2969,0.00,1,0.00
1.067795,173.2324,-1348.593750,1919,1349.2969,0.00,1,0.00
1.068796,173.2324,-1348.593750,1919,1349.2969,0.00,1,0.00
1.069797,173.2324,-1348.593750,1919,1349.2969,0.00,1,0.00
1.070798,173.3203,-1348.505859,1919,1349.2969,0.00,1,0.00
1.071799,173.2324,-1348.593750,1919,1349.2969,0.00,1,0.00
1.072800,173.2324,-1348.593750,1919,1349.2969,0.00,1,0.00
1.073801,173.3203,-1348.505859,1919,1349.2969,0.00,1,0.00
1.074802,173.2324,-1348.593750,1919,1349.2969,0.00,1,0.00
1.075803,173.2324,-1348.593750,1919,1349.2969,0.00,1,0.00
1.076804,173.3203,-1348.505859,1919,1349.2969,0.00,1,0.00
1.077805,173.2324,-1348.593750,1919,1349.2969,0.00,1,0.00
1.078806,173.1445,-1348.681641,1919,1349.2969,0.00,1,0.00
1.079807,173.1445,-1348.681641,1919,1349.2969,0.00,1,0.00
1.080808,173.2324,-1348.593750,1919,1349.2969,0.00,1,0.00
1.081809,173.2324,-1348.593750,1919,1349.2969,0.00,1,0.00
1.082810,173.2324,-1348.593750,1919,1349.2969,0.00,1,0.00
1.083811,173.3203,-1348.505859,1919,1349.2969,0.00,1,0.00
1.084812,173.3203,-1348.505859,1919,1349.2969,0.00,1,0.00
1.085813,173.3203,-1348.505859,1919,1349.2969,0.00,1,0.00
1.086814,173.2324,-1348.593750,1919,1349.2969,0.00,1,0.00
1.087815,173.2324,-1348.593750,1919,1349.2969,0.00,1,0.00
1.088816,173.2324,-1348.593750,1919,1349.2969,0.00,1,0.00
1.096037,173.3203,-1348.505859,1919,1349.2969,0.00,1,0.00
1.097038,173.3203,-1348.505859,1919,1349.2969,0.00,1,0.00
1.098039,173.2324,-1348.593750,1919,1349.2969,0.00,1,0.00
1.099040,173.2324,-1348.593750,1919,1349.2969,0.00,1,0.00
1.100041,173.1445,-1348.681641,1919,1349.2969,0.00,1,0.00
1.101042,173.2324,-1348.593750,1919,1349.2969,0.00,1,0.00
1.102043,173.2324,-1348.593750,1919,1349.2969,0.00,1,0.00
1.103044,173.2324,-1348.593750,1919,1349.2969,0.00,1,0.00
1.104045,173.2324,-1348.593750,1919,1349.2969,0.00,1,0.00
1.105046,173.2324,-1348.593750,1919,1349.2969,0.00,1,0.00
1.106047,173.2324,-1348.593750,1919,1349.2969,0.00,1,0.00
1.107048,173.2324,-1348.593750,1919,1349.2969,0.00,1,0.00
1.108049,173.2324,-1348.593750,1919,1349.2969,0.00,1,0.00
1.109050,173.2324,-1348.593750,1919,1349.2969,0.00,1,0.00
1.110051,173.2324,-1348.593750,1919,1349.2969,0.00,1,0.00
1.111052,173.2324,-1348.593750,1919,1349.2969,0.00,1,0.00
1.112053,173.3203,-1348.505859,1919,1349.2969,0.00,1,0.00
1.113054,173.2324,-1348.593750,1919,1349.2969,0.00,1,0.00
1.114055,173.3203,-1348.505859,1919,1349.2969,0.00,1,0.00
1.115056,173.2324,-1348.593750,1919,1349.2969,0.00,1,0.00
1.116057,173.2324,-1348.593750,1919,1349.2969,0.00,1,0.00
1.117058,173.3203,-1348.505859,1919,1349.2969,0.00,1,0.00
1.118059,173.2324,-1348.593750,1919,1349.2969,0.00,1,0.00
1.119060,173.2324,-1348.593750,1919,1349.2969,0.00,1,0.00
1.120061,173.2324,-1348.593750,1919,1349.2969,0.00,1,0.00
1.121062,173.1445,-1348.681641,1919,1349.2969,0.00,1,0.00
1.122063,173.2324,-1348.593750,1919,1349.2969,0.00,1,0.00
1.123064,173.2324,-1348.593750,1919,1349.2969,0.00,1,0.00
1.124065,173.2324,-1348.593750,1919,1349.2969,0.00,1,0.00
1.125066,173.2324,-1348.593750,1919,1349.2969,0.00,1,0.00
1.126067,173.2324,-1348.593750,1919,1349.2969,0.00,1,0.00
1.127068,173.2324,-1348.593750,1919,1349.2969,0.00,1,0.00
1.128069,173.2324,-1348.593750,1919,1349.2969,0.00,1,0.00
1.129070,173.2324,-1348.593750,1919,1349.2969,0.00,1,0.00
1.130071,173.2324,-1348.593750,1919,1349.2969,0.00,1,0.00
1.131072,173.2324,-1348.593750,1919,1349.2969,0.00,1,0.00
1.132073,173.2324,-1348.593750,1919,1349.2969,0.00,1,0.00
1.133074,173.2324,-1348.593750,1919,1349.2969,0.00,1,0.00
1.134075,173.2324,-1348.593750,1919,1349.2969,0.00,1,0.00
1.135076,173.2324,-1348.593750,1919,1349.2969,0.00,1,0.00
1.136077,173.2324,-1348.593750,1919,1349.2969,0.00,1,0.00
1.137078,173.2324,-1348.593750,1919,1349.2969,0.00,1,0.00
1.138079,173.2324,-1348.593750,1919,1349.2969,0.00,1,0.00
1.139080,173.2324,-1348.593750,1919,1349.2969,0.00,1,0.00
1.140081,173.2324,-1348.593750,1919,1349.2969,0.00,1,0.00
1.141082,173.2324,-1348.593750,1919,1349.2969,0.00,1,0.00
1.142083,173.2324,-1348.593750,1919,1349.2969,0.00,1,0.00
1.143084,173.2324,-1348.593750,1919,1349.2969,0.00,1,0.00
1.144085,173.2324,-1348.593750,1919,1349.2969,0.00,1,0.00
1.145086,173.2324,-1348.593750,1919,1349.2969,0.00,1,0.00
1.152311,173.2324,-1348.593750,1919,1349.2969,0.00,1,0.00
1.153311,173.2324,-1348.593750,1919,1349.2969,0.00,1,0.00
1.154312,173.2324,-1348.593750,1919,1349.2969,0.00,1,0.00
1.155313,173.2324,-1348.593750,1919,1349.2969,0.00,1,0.00
1.156314,173.2324,-1348.593750,1919,1349.2969,0.00,1,0.00
1.157315,173.2324,-1348.593750,1919,1349.2969,0.00,1,0.00
1.158316,173.2324,-1348.593750,1919,1349.2969,0.00,1,0.00
1.159317,173.2324,-1348.593750,1919,1349.2969,0.00,1,0.00
1.160318,173.2324,-1348.593750,1919,1349.2969,0.00,1,0.00
1.161319,173.2324,-1348.593750,1919,1349.2969,0.00,1,0.00
1.162320,173.2324,-1348.593750,1919,1349.2969,0.00,1,0.00
1.163321,173.3203,-1348.505859,1919,1349.2969,0.00,1,0.00
1.164322,173.3203,-1348.505859,1919,1349.2969,0.00,1,0.00
1.165323,173.2324,-1348.593750,1919,1349.2969,0.00,1,0.00
1.166324,173.2324,-1348.593750,1919,1349.2969,0.00,1,0.00
1.167325,173.2324,-1348.593750,1919,1349.2969,0.00,1,0.00
1.168326,173.2324,-1348.593750,1919,1349.2969,0.00,1,0.00
1.169327,173.2324,-1348.593750,1919,1349.2969,0.00,1,0.00
1.170328,173.2324,-1348.593750,1919,1349.2969,0.00,1,0.00
1.171329,173.3203,-1348.505859,1919,1349.2969,0.00,1,0.00
1.172330,173.3203,-1348.505859,1919,1349.2969,0.00,1,0.00
1.173331,173.3203,-1348.505859,1919,1349.2969,0.00,1,0.00
1.174332,173.3203,-1348.505859,1919,1349.2969,0.00,1,0.00
1.175333,173.2324,-1348.593750,1919,1349.2969,0.00,1,0.00
1.176334,173.2324,-1348.593750,1919,1349.2969,0.00,1,0.00
1.177335,173.2324,-1348.593750,1919,1349.2969,0.00,1,0.00
1.178336,173.2324,-1348.593750,1919,1349.2969,0.00,1,0.00
1.179337,173.2324,-1348.593750,1919,1349.2969,0.00,1,0.00
1.180338,173.2324,-1348.593750,1919,1349.2969,0.00,1,0.00
1.181339,173.2324,-1348.593750,1919,1349.2969,0.00,1,0.00
1.182340,173.2324,-1348.593750,1919,1349.2969,0.00,1,0.00
1.183341,173.2324,-1348.593750,1919,1349.2969,0.00,1,0.00
1.184342,173.2324,-1348.593750,1919,1349.2969,0.00,1,0.00
1.185343,173.2324,-1348.593750,1919,1349.2969,0.00,1,0.00
1.186344,173.2324,-1348.593750,1919,1349.2969,0.00,1,0.00
1.187345,173.3203,-1348.505859,1919,1349.2969,0.00,1,0.00
1.188346,173.3203,-1348.505859,1919,1349.2969,0.00,1,0.00
1.189347,173.2324,-1348.593750,1919,1349.2969,0.00,1,0.00
1.190348,173.2324,-1348.593750,1919,1349.2969,0.00,1,0.00
1.191349,173.2324,-1348.593750,1919,1349.2969,0.00,1,0.00
1.192350,173.2324,-1348.593750,1919,1349.2969,0.00,1,0.00
1.193351,173.2324,-1348.593750,1919,1349.2969,0.00,1,0.00
1.194352,173.2324,-1348.593750,1919,1349.2969,0.00,1,0.00
1.195353,173.2324,-1348.593750,1919,1349.2969,0.00,1,0.00
1.196354,173.2324,-1348.593750,1919,1349.2969,0.00,1,0.00
1.197355,173.3203,-1348.505859,1919,1349.2969,0.00,1,0.00
1.198356,173.2324,-1348.593750,1919,1349.2969,0.00,1,0.00
1.199357,173.1445,-1348.681641,1919,1349.2969,0.00,1,0.00
1.200358,173.2324,-1348.593750,1919,1349.2969,0.00,1,0.00
1.201359,173.2324,-1348.593750,1919,1349.2969,0.00,1,0.00
1.208603,173.2324,-1348.593750,1919,1349.2969,0.00,1,0.00
1.209604,173.2324,-1348.593750,1919,1349.2969,0.00,1,0.00
1.210605,173.2324,-1348.593750,1919,1349.2969,0.00,1,0.00
1.211606,173.3203,-1348.505859,1919,1349.2969,0.00,1,0.00
1.212607,173.3203,-1348.505859,1919,1349.2969,0.00,1,0.00
1.213608,173.3203,-1348.505859,1919,1349.2969,0.00,1,0.00
1.214609,173.2324,-1348.593750,1919,1349.2969,0.00,1,0.00
1.215610,173.1445,-1348.681641,1919,1349.2969,0.00,1,0.00
1.216611,173.2324,-1348.593750,1919,1349.2969,0.00,1,0.00
1.217612,173.2324,-1348.593750,1919,1349.2969,0.00,1,0.00
1.218613,173.2324,-1348.593750,1919,1349.2969,0.00,1,0.00
1.219614,173.2324,-1348.593750,1919,1349.2969,0.00,1,0.00
1.220615,173.2324,-1348.593750,1919,1349.2969,0.00,1,0.00
1.221616,173.2324,-1348.593750,1919,1349.2969,0.00,1,0.00
1.222617,173.2324,-1348.593750,1919,1349.2969,0.00,1,0.00
1.223618,173.2324,-1348.593750,1919,1349.2969,0.00,1,0.00
1.224619,173.2324,-1348.593750,1919,1349.2969,0.00,1,0.00
1.225620,173.2324,-1348.593750,1919,1349.2969,0.00,1,0.00
1.226621,173.1445,-1348.681641,1919,1349.2969,0.00,1,0.00
1.227622,173.2324,-1348.593750,1919,1349.2969,0.00,1,0.00
1.228623,173.2324,-1348.593750,1919,1349.2969,0.00,1,0.00
1.229624,173.2324,-1348.593750,1919,1349.2969,0.00,1,0.00
1.230625,173.2324,-1348.593750,1919,1349.2969,0.00,1,0.00
1.231626,173.3203,-1348.505859,1919,1349.2969,0.00,1,0.00
1.232627,173.2324,-1348.593750,1919,1349.2969,0.00,1,0.00
1.233628,173.2324,-1348.593750,1919,1349.2969,0.00,1,0.00
1.234629,173.2324,-1348.593750,1919,1349.2969,0.00,1,0.00
1.235630,173.2324,-1348.593750,1919,1349.2969,0.00,1,0.00
1.236631,173.2324,-1348.593750,1919,1349.2969,0.00,1,0.00
1.237632,173.3203,-1348.505859,1919,1349.2969,0.00,1,0.00
1.238633,173.3203,-1348.505859,1919,1349.2969,0.00,1,0.00
1.239634,173.3203,-1348.505859,1919,1349.2969,0.00,1,0.00
1.240635,173.2324,-1348.593750,1919,1349.2969,0.00,1,0.00
1.241636,173.2324,-1348.593750,1919,1349.2969,0.00,1,0.00
1.242637,173.2324,-1348.593750,1919,1349.2969,0.00,1,0.00
1.243638,173.2324,-1348.593750,1919,1349.2969,0.00,1,0.00
1.244639,173.1445,-1348.681641,1919,1349.2969,0.00,1,0.00
1.245640,173.1445,-1348.681641,1919,1349.2969,0.00,1,0.00
1.246641,173.3203,-1348.505859,1919,1349.2969,0.00,1,0.00
1.247642,173.2324,-1348.593750,1919,1349.2969,0.00,1,0.00
1.248643,173.2324,-1348.593750,1919,1349.2969,0.00,1,0.00
1.249644,173.2324,-1348.593750,1919,1349.2969,0.00,1,0.00
1.250645,173.3203,-1348.505859,1919,1349.2969,0.00,1,0.00
1.251646,173.2324,-1348.593750,1919,1349.2969,0.00,1,0.00
1.252647,173.2324,-1348.593750,1919,1349.2969,0.00,1,0.00
1.253648,173.2324,-1348.593750,1919,1349.2969,0.00,1,0.00
1.254649,173.2324,-1348.593750,1919,1349.2969,0.00,1,0.00
1.255650,173.2324,-1348.593750,1919,1349.2969,0.00,1,0.00
1.256651,173.2324,-1348.593750,1919,1349.2969,0.00,1,0.00
1.257652,173.3203,-1348.505859,1919,1349.2969,0.00,1,0.00
1.265355,173.2324,-1348.593750,1919,1349.2969,0.00,1,0.00
1.266355,173.2324,-1348.593750,1919,1349.2969,0.00,1,0.00
1.267356,173.2324,-1348.593750,1919,1349.2969,0.00,1,0.00
1.268357,173.2324,-1348.593750,1919,1349.2969,0.00,1,0.00
1.269358,173.2324,-1348.593750,1919,1349.2969,0.00,1,0.00
1.270359,173.2324,-1348.593750,1919,1349.2969,0.00,1,0.00
1.271360,173.2324,-1348.593750,1919,1349.2969,0.00,1,0.00
1.272361,173.2324,-1348.593750,1919,1349.2969,0.00,1,0.00
1.273362,173.2324,-1348.593750,1919,1349.2969,0.00,1,0.00
1.274363,173.2324,-1348.593750,1919,1349.2969,0.00,1,0.00
1.275364,173.2324,-1348.593750,1919,1349.2969,0.00,1,0.00
1.276365,173.2324,-1348.593750,1919,1349.2969,0.00,1,0.00
1.277366,173.2324,-1348.593750,1919,1349.2969,0.00,1,0.00
1.278367,173.1445,-1348.681641,1919,1349.2969,0.00,1,0.00
1.279368,173.1445,-1348.681641,1919,1349.2969,0.00,1,0.00
1.280369,173.2324,-1348.593750,1919,1349.2969,0.00,1,0.00
1.281370,173.2324,-1348.593750,1919,1349.2969,0.00,1,0.00
1.282371,173.2324,-1348.593750,1919,1349.2969,0.00,1,0.00
1.283372,173.2324,-1348.593750,1919,1349.2969,0.00,1,0.00
1.284373,173.2324,-1348.593750,1919,1349.2969,0.00,1,0.00
1.285374,173.2324,-1348.593750,1919,1349.2969,0.00,1,0.00
1.286375,173.2324,-1348.593750,1919,1349.2969,0.00,1,0.00
1.287376,173.2324,-1348.593750,1919,1349.2969,0.00,1,0.00
1.288377,173.3203,-1348.505859,1919,1349.2969,0.00,1,0.00
1.289378,173.3203,-1348.505859,1919,1349.2969,0.00,1,0.00
1.290379,173.2324,-1348.593750,1919,1349.2969,0.00,1,0.00
1.291380,173.3203,-1348.505859,1919,1349.2969,0.00,1,0.00
1.292381,173.3203,-1348.505859,1919,1349.2969,0.00,1,0.00
1.293382,173.3203,-1348.505859,1919,1349.2969,0.00,1,0.00
1.294383,173.3203,-1348.505859,1919,1349.2969,0.00,1,0.00
1.295384,173.2324,-1348.593750,1919,1349.2969,0.00,1,0.00
1.296385,173.3203,-1348.505859,1919,1349.2969,0.00,1,0.00
1.297386,173.2324,-1348.593750,1919,1349.2969,0.00,1,0.00
1.298387,173.1445,-1348.681641,1919,1349.2969,0.00,1,0.00
1.299388,173.2324,-1348.593750,1919,1349.2969,0.00,1,0.00
1.300389,173.2324,-1348.593750,1919,1349.2969,0.00,1,0.00
1.301390,173.2324,-1348.593750,1919,1349.2969,0.00,1,0.00
1.302391,173.2324,-1348.593750,1919,1349.2969,0.00,1,0.00
1.303392,173.2324,-1348.593750,1919,1349.2969,0.00,1,0.00
1.304393,173.3203,-1348.505859,1919,1349.2969,0.00,1,0.00
1.305394,173.3203,-1348.505859,1919,1349.2969,0.00,1,0.00
1.306395,173.3203,-1348.505859,1919,1349.2969,0.00,1,0.00
1.307396,173.2324,-1348.593750,1919,1349.2969,0.00,1,0.00
1.308397,173.2324,-1348.593750,1919,1349.2969,0.00,1,0.00
1.309398,173.3203,-1348.505859,1919,1349.2969,0.00,1,0.00
1.310399,173.2324,-1348.593750,1919,1349.2969,0.00,1,0.00
1.311400,173.1445,-1348.681641,1919,1349.2969,0.00,1,0.00
1.312401,173.2324,-1348.593750,1919,1349.2969,0.00,1,0.00
1.313402,173.2324,-1348.593750,1919,1349.2969,0.00,1,0.00
1.314402,173.2324,-1348.593750,1919,1349.2969,0.00,1,0.00
1.321516,173.2324,-1348.593750,1919,1349.2969,0.00,1,0.00
1.322517,173.2324,-1348.593750,1919,1349.2969,0.00,1,0.00
1.323518,173.2324,-1348.593750,1919,1349.2969,0.00,1,0.00
1.324519,173.3203,-1348.505859,1919,1349.2969,0.00,1,0.00
1.325520,173.2324,-1348.593750,1919,1349.2969,0.00,1,0.00
1.326521,173.2324,-1348.593750,1919,1349.2969,0.00,1,0.00
1.327522,173.2324,-1348.593750,1919,1349.2969,0.00,1,0.00
1.328523,173.2324,-1348.593750,1919,1349.2969,0.00,1,0.00
1.329524,173.3203,-1348.505859,1919,1349.2969,0.00,1,0.00
1.330525,173.2324,-1348.593750,1919,1349.2969,0.00,1,0.00
1.331526,173.2324,-1348.593750,1919,1349.2969,0.00,1,0.00
1.332527,173.2324,-1348.593750,1919,1349.2969,0.00,1,0.00
1.333528,173.2324,-1348.593750,1919,1349.2969,0.00,1,0.00
1.334529,173.1445,-1348.681641,1919,1349.2969,0.00,1,0.00
1.335530,173.1445,-1348.681641,1919,1349.2969,0.00,1,0.00
1.336531,173.2324,-1348.593750,1919,1349.2969,0.00,1,0.00
1.337532,173.3203,-1348.505859,1919,1349.2969,0.00,1,0.00
1.338533,173.2324,-1348.593750,1919,1349.2969,0.00,1,0.00
1.339534,173.2324,-1348.593750,1919,1349.2969,0.00,1,0.00
1.340535,173.2324,-1348.593750,1919,1349.2969,0.00,1,0.00
1.341536,173.2324,-1348.593750,1919,1349.2969,0.00,1,0.00
1.342537,173.2324,-1348.593750,1919,1349.2969,0.00,1,0.00
1.343538,173.2324,-1348.593750,1919,1349.2969,0.00,1,0.00
1.344539,173.2324,-1348.593750,1919,1349.2969,0.00,1,0.00
1.345540,173.2324,-1348.593750,1919,1349.2969,0.00,1,0.00
1.346541,173.2324,-1348.593750,1919,1349.2969,0.00,1,0.00
1.347542,173.2324,-1348.593750,1919,1349.2969,0.00,1,0.00
1.348543,173.2324,-1348.593750,1919,1349.2969,0.00,1,0.00
1.349544,173.2324,-1348.593750,1919,1349.2969,0.00,1,0.00
1.350545,173.2324,-1348.593750,1919,1349.2969,0.00,1,0.00
1.351546,173.2324,-1348.593750,1919,1349.2969,0.00,1,0.00
1.352547,173.3203,-1348.505859,1919,1349.2969,0.00,1,0.00
1.353548,173.3203,-1348.505859,1919,1349.2969,0.00,1,0.00
1.354549,173.3203,-1348.505859,1919,1349.2969,0.00,1,0.00
1.355550,173.3203,-1348.505859,1919,1349.2969,0.00,1,0.00
1.356551,173.2324,-1348.593750,1919,1349.2969,0.00,1,0.00
1.357552,173.2324,-1348.593750,1919,1349.2969,0.00,1,0.00
1.358553,173.2324,-1348.593750,1919,1349.2969,0.00,1,0.00
1.359554,173.2324,-1348.593750,1919,1349.2969,0.00,1,0.00
1.360555,173.2324,-1348.593750,1919,1349.2969,0.00,1,0.00
1.361556,173.2324,-1348.593750,1919,1349.2969,0.00,1,0.00
1.362557,173.2324,-1348.593750,1919,1349.2969,0.00,1,0.00
1.363558,173.2324,-1348.593750,1919,1349.2969,0.00,1,0.00
1.364559,173.2324,-1348.593750,1919,1349.2969,0.00,1,0.00
1.365560,173.2324,-1348.593750,1919,1349.2969,0.00,1,0.00
1.366561,173.1445,-1348.681641,1919,1349.2969,0.00,1,0.00
1.367562,173.2324,-1348.593750,1919,1349.2969,0.00,1,0.00
1.368563,173.2324,-1348.593750,1919,1349.2969,0.00,1,0.00
1.369564,173.2324,-1348.593750,1919,1349.2969,0.00,1,0.00
1.370564,173.2324,-1348.593750,1919,1349.2969,0.00,1,0.00
1.377761,173.2324,-1348.593750,1919,1349.2969,0.00,1,0.00
1.378761,173.2324,-1348.593750,1919,1349.2969,0.00,1,0.00
1.379762,173.3203,-1348.505859,1919,1349.2969,0.00,1,0.00
1.380763,173.3203,-1348.505859,1919,1349.2969,0.00,1,0.00
1.381764,173.3203,-1348.505859,1919,1349.2969,0.00,1,0.00
1.382765,173.2324,-1348.593750,1919,1349.2969,0.00,1,0.00
1.383766,173.2324,-1348.593750,1919,1349.2969,0.00,1,0.00
1.384767,173.2324,-1348.593750,1919,1349.2969,0.00,1,0.00
1.385768,173.2324,-1348.593750,1919,1349.2969,0.00,1,0.00
1.386769,173.2324,-1348.593750,1919,1349.2969,0.00,1,0.00
1.387769,173.2324,-1348.593750,1919,1349.2969,0.00,1,0.00
1.388769,173.2324,-1348.593750,1919,1349.2969,0.00,1,0.00
1.389770,173.2324,-1348.593750,1919,1349.2969,0.00,1,0.00
1.390771,173.3203,-1348.505859,1919,1349.2969,0.00,1,0.00
1.391772,173.2324,-1348.593750,1919,1349.2969,0.00,1,0.00
1.392773,173.2324,-1348.593750,1919,1349.2969,0.00,1,0.00
1.393774,173.3203,-1348.505859,1919,1349.2969,0.00,1,0.00
1.394775,173.2324,-1348.593750,1919,1349.2969,0.00,1,0.00
1.395776,173.2324,-1348.593750,1919,1349.2969,0.00,1,0.00
1.396777,173.1445,-1348.681641,1919,1349.2969,0.00,1,0.00
1.397778,173.1445,-1348.681641,1919,1349.2969,0.00,1,0.00
1.398779,173.2324,-1348.593750,1919,1349.2969,0.00,1,0.00
1.399780,173.2324,-1348.593750,1919,1349.2969,0.00,1,0.00
1.400781,173.2324,-1348.593750,1919,1349.2969,0.00,1,0.00
1.401782,173.2324,-1348.593750,1919,1349.2969,0.00,1,0.00
1.402783,173.2324,-1348.593750,1919,1349.2969,0.00,1,0.00
1.403784,173.2324,-1348.593750,1919,1349.2969,0.00,1,0.00
1.404785,173.2324,-1348.593750,1919,1349.2969,0.00,1,0.00
1.405786,173.2324,-1348.593750,1919,1349.2969,0.00,1,0.00
1.406787,173.2324,-1348.593750,1919,1349.2969,0.00,1,0.00
1.407788,173.2324,-1348.593750,1919,1349.2969,0.00,1,0.00
1.408789,173.1445,-1348.681641,1919,1349.2969,0.00,1,0.00
1.409790,173.2324,-1348.593750,1919,1349.2969,0.00,1,0.00
1.410791,173.3203,-1348.505859,1919,1349.2969,0.00,1,0.00
1.411792,173.2324,-1348.593750,1919,1349.2969,0.00,1,0.00
1.412793,173.2324,-1348.593750,1919,1349.2969,0.00,1,0.00
1.413794,173.2324,-1348.593750,1919,1349.2969,0.00,1,0.00
1.414795,173.3203,-1348.505859,1919,1349.2969,0.00,1,0.00
1.415796,173.2324,-1348.593750,1919,1349.2969,0.00,1,0.00
1.416797,173.2324,-1348.593750,1919,1349.2969,0.00,1,0.00
1.417798,173.2324,-1348.593750,1919,1349.2969,0.00,1,0.00
1.418799,173.2324,-1348.593750,1919,1349.2969,0.00,1,0.00
1.419800,173.2324,-1348.593750,1919,1349.2969,0.00,1,0.00
1.420801,173.2324,-1348.593750,1919,1349.2969,0.00,1,0.00
1.421802,173.2324,-1348.593750,1919,1349.2969,0.00,1,0.00
1.422803,173.3203,-1348.505859,1919,1349.2969,0.00,1,0.00
1.423804,173.2324,-1348.593750,1919,1349.2969,0.00,1,0.00
1.424805,173.2324,-1348.593750,1919,1349.2969,0.00,1,0.00
1.425806,173.2324,-1348.593750,1919,1349.2969,0.00,1,0.00
1.426807,173.1445,-1348.681641,1919,1349.2969,0.00,1,0.00
1.434031,173.2324,-1348.593750,1919,1349.2969,0.00,1,0.00
1.435032,173.2324,-1348.593750,1919,1349.2969,0.00,1,0.00
1.436033,173.3203,-1348.505859,1919,1349.2969,0.00,1,0.00
1.437034,173.3203,-1348.505859,1919,1349.2969,0.00,1,0.00
1.438035,173.3203,-1348.505859,1919,1349.2969,0.00,1,0.00
1.439036,173.3203,-1348.505859,1919,1349.2969,0.00,1,0.00
1.440037,173.3203,-1348.505859,1919,1349.2969,0.00,1,0.00
1.441038,173.3203,-1348.505859,1919,1349.2969,0.00,1,0.00
1.442039,173.3203,-1348.505859,1919,1349.2969,0.00,1,0.00
1.443040,173.3203,-1348.505859,1919,1349.2969,0.00,1,0.00
1.444041,173.2324,-1348.593750,1919,1349.2969,0.00,1,0.00
1.445042,173.3203,-1348.505859,1919,1349.2969,0.00,1,0.00
1.446043,173.3203,-1348.505859,1919,1349.2969,0.00,1,0.00
1.447044,173.2324,-1348.593750,1919,1349.2969,0.00,1,0.00
1.448045,173.2324,-1348.593750,1919,1349.2969,0.00,1,0.00
1.449046,173.2324,-1348.593750,1919,1349.2969,0.00,1,0.00
1.450047,173.2324,-1348.593750,1919,1349.2969,0.00,1,0.00
1.451048,173.2324,-1348.593750,1919,1349.2969,0.00,1,0.00
1.452049,173.2324,-1348.593750,1919,1349.2969,0.00,1,0.00
1.453050,173.2324,-1348.593750,1919,1349.2969,0.00,1,0.00
1.454051,173.2324,-1348.593750,1919,1349.2969,0.00,1,0.00
1.455052,173.2324,-1348.593750,1919,1349.2969,0.00,1,0.00
1.456053,173.2324,-1348.593750,1919,1349.2969,0.00,1,0.00
1.457054,173.2324,-1348.593750,1919,1349.2969,0.00,1,0.00
1.458055,173.2324,-1348.593750,1919,1349.2969,0.00,1,0.00
1.459056,173.2324,-1348.593750,1919,1349.2969,0.00,1,0.00
1.460057,173.2324,-1348.593750,1919,1349.2969,0.00,1,0.00
1.461058,173.2324,-1348.593750,1919,1349.2969,0.00,1,0.00
1.462059,173.2324,-1348.593750,1919,1349.2969,0.00,1,0.00
1.463060,173.2324,-1348.593750,1919,1349.2969,0.00,1,0.00
1.464061,173.2324,-1348.593750,1919,1349.2969,0.00,1,0.00
1.465062,173.2324,-1348.593750,1919,1349.2969,0.00,1,0.00
1.466063,173.2324,-1348.593750,1919,1349.2969,0.00,1,0.00
1.467064,173.2324,-1348.593750,1919,1349.2969,0.00,1,0.00
1.468065,173.2324,-1348.593750,1919,1349.2969,0.00,1,0.00
1.469066,173.2324,-1348.593750,1919,1349.2969,0.00,1,0.00
1.470067,173.2324,-1348.593750,1919,1349.2969,0.00,1,0.00
1.471068,173.2324,-1348.593750,1919,1349.2969,0.00,1,0.00
1.472069,173.2324,-1348.593750,1919,1349.2969,0.00,1,0.00
1.473070,173.2324,-1348.593750,1919,1349.2969,0.00,1,0.00
1.474071,173.2324,-1348.593750,1919,1349.2969,0.00,1,0.00
1.475072,173.2324,-1348.593750,1919,1349.2969,0.00,1,0.00
1.476073,173.2324,-1348.593750,1919,1349.2969,0.00,1,0.00
1.477074,173.2324,-1348.593750,1919,1349.2969,0.00,1,0.00
1.478075,173.2324,-1348.593750,1919,1349.2969,0.00,1,0.00
1.479076,173.2324,-1348.593750,1919,1349.2969,0.00,1,0.00
1.480077,173.2324,-1348.593750,1919,1349.2969,0.00,1,0.00
1.481078,173.2324,-1348.593750,1919,1349.2969,0.00,1,0.00
1.482079,173.2324,-1348.593750,1919,1349.2969,0.00,1,0.00
1.483080,173.2324,-1348.593750,1919,1349.2969,0.00,1,0.00
1.490327,173.2324,-1348.593750,1919,1349.2969,0.00,1,0.00
1.491327,173.2324,-1348.593750,1919,1349.2969,0.00,1,0.00
1.492328,173.2324,-1348.593750,1919,1349.2969,0.00,1,0.00
1.493329,173.2324,-1348.593750,1919,1349.2969,0.00,1,0.00
1.494330,173.2324,-1348.593750,1919,1349.2969,0.00,1,0.00
1.495331,173.2324,-1348.593750,1919,1349.2969,0.00,1,0.00
1.496332,173.2324,-1348.593750,1919,1349.2969,0.00,1,0.00
1.497333,173.1445,-1348.681641,1919,1349.2969,0.00,1,0.00
1.498334,173.1445,-1348.681641,1919,1349.2969,0.00,1,0.00
1.499335,173.1445,-1348.681641,1919,1349.2969,0.00,1,0.00
1.500336,173.2324,-1348.593750,1919,1349.2969,0.00,1,0.00
1.501337,173.2324,-1348.593750,1919,1349.2969,0.00,1,0.00
1.502338,173.3203,-1348.505859,1919,1349.2969,0.00,1,0.00
1.503339,173.2324,-1348.593750,1919,1349.2969,0.00,1,0.00
1.504340,173.2324,-1348.593750,1919,1349.2969,0.00,1,0.00
1.506009,173.3203,-1348.505859,1919,1349.2969,0.00,1,0.00
1.507009,173.3203,-1348.505859,1919,1349.2969,0.00,1,0.00
1.508010,173.2324,-1348.593750,1919,1349.2969,0.00,1,0.00
1.509011,173.2324,-1348.593750,1919,1349.2969,0.00,1,0.00
1.510012,173.2324,-1348.593750,1919,1349.2969,0.00,1,0.00
1.511013,173.2324,-1348.593750,1919,1349.2969,0.00,1,0.00
1.512014,173.2324,-1348.593750,1919,1349.2969,0.00,1,0.00
1.513015,173.2324,-1348.593750,1919,1349.2969,0.00,1,0.00
1.514016,173.2324,-1348.593750,1919,1349.2969,0.00,1,0.00
1.515017,173.3203,-1348.505859,1919,1349.2969,0.00,1,0.00
1.516018,173.2324,-1348.593750,1919,1349.2969,0.00,1,0.00
1.517019,173.2324,-1348.593750,1919,1349.2969,0.00,1,0.00
1.518020,173.3203,-1348.505859,1919,1349.2969,0.00,1,0.00
1.519021,173.3203,-1348.505859,1919,1349.2969,0.00,1,0.00
1.520022,173.2324,-1348.593750,1919,1349.2969,0.00,1,0.00
1.521023,173.2324,-1348.593750,1919,1349.2969,0.00,1,0.00
1.522024,173.2324,-1348.593750,1919,1349.2969,0.00,1,0.00
1.523025,173.2324,-1348.593750,1919,1349.2969,0.00,1,0.00
1.524026,173.3203,-1348.505859,1919,1349.2969,0.00,1,0.00
1.525027,173.2324,-1348.593750,1919,1349.2969,0.00,1,0.00
1.526028,173.2324,-1348.593750,1919,1349.2969,0.00,1,0.00
1.527029,173.2324,-1348.593750,1919,1349.2969,0.00,1,0.00
1.528030,173.3203,-1348.505859,1919,1349.2969,0.00,1,0.00
1.529031,173.2324,-1348.593750,1919,1349.2969,0.00,1,0.00
1.530032,173.2324,-1348.593750,1919,1349.2969,0.00,1,0.00
1.531033,173.2324,-1348.593750,1919,1349.2969,0.00,1,0.00
1.532034,173.2324,-1348.593750,1919,1349.2969,0.00,1,0.00
1.533035,173.2324,-1348.593750,1919,1349.2969,0.00,1,0.00
1.534036,173.2324,-1348.593750,1919,1349.2969,0.00,1,0.00
1.535037,173.2324,-1348.593750,1919,1349.2969,0.00,1,0.00
1.536038,173.2324,-1348.593750,1919,1349.2969,0.00,1,0.00
1.537039,173.2324,-1348.593750,1919,1349.2969,0.00,1,0.00
1.538040,173.3203,-1348.505859,1919,1349.2969,0.00,1,0.00
1.539041,173.2324,-1348.593750,1919,1349.2969,0.00,1,0.00
1.540042,173.2324,-1348.593750,1919,1349.2969,0.00,1,0.00
1.548848,173.1445,-1348.681641,1919,1349.2969,0.00,1,0.00
1.549849,173.2324,-1348.593750,1919,1349.2969,0.00,1,0.00
1.550850,173.2324,-1348.593750,1919,1349.2969,0.00,1,0.00
1.551851,173.2324,-1348.593750,1919,1349.2969,0.00,1,0.00
1.552852,173.2324,-1348.593750,1919,1349.2969,0.00,1,0.00
1.553853,173.2324,-1348.593750,1919,1349.2969,0.00,1,0.00
1.554854,173.2324,-1348.593750,1919,1349.2969,0.00,1,0.00
1.555855,173.2324,-1348.593750,1919,1349.2969,0.00,1,0.00
1.556856,173.2324,-1348.593750,1919,1349.2969,0.00,1,0.00
1.557857,173.2324,-1348.593750,1919,1349.2969,0.00,1,0.00
1.558858,173.2324,-1348.593750,1919,1349.2969,0.00,1,0.00
1.559859,173.2324,-1348.593750,1919,1349.2969,0.00,1,0.00
1.560860,173.2324,-1348.593750,1919,1349.2969,0.00,1,0.00
1.561861,173.3203,-1348.505859,1919,1349.2969,0.00,1,0.00
1.562862,173.2324,-1348.593750,1919,1349.2969,0.00,1,0.00
1.563863,173.2324,-1348.593750,1919,1349.2969,0.00,1,0.00
1.564864,173.2324,-1348.593750,1919,1349.2969,0.00,1,0.00
1.565865,173.2324,-1348.593750,1919,1349.2969,0.00,1,0.00
1.566866,173.2324,-1348.593750,1919,1349.2969,0.00,1,0.00
1.567867,173.2324,-1348.593750,1919,1349.2969,0.00,1,0.00
1.568868,173.2324,-1348.593750,1919,1349.2969,0.00,1,0.00
1.569869,173.2324,-1348.593750,1919,1349.2969,0.00,1,0.00
1.570870,173.2324,-1348.593750,1919,1349.2969,0.00,1,0.00
1.571871,173.2324,-1348.593750,1919,1349.2969,0.00,1,0.00
1.572872,173.2324,-1348.593750,1919,1349.2969,0.00,1,0.00
1.573873,173.2324,-1348.593750,1919,1349.2969,0.00,1,0.00
1.574874,173.2324,-1348.593750,1919,1349.2969,0.00,1,0.00
1.575875,173.2324,-1348.593750,1919,1349.2969,0.00,1,0.00
1.576876,173.2324,-1348.593750,1919,1349.2969,0.00,1,0.00
1.577877,173.2324,-1348.593750,1919,1349.2969,0.00,1,0.00
1.578878,173.1445,-1348.681641,1919,1349.2969,0.00,1,0.00
1.579879,173.1445,-1348.681641,1919,1349.2969,0.00,1,0.00
1.580880,173.1445,-1348.681641,1919,1349.2969,0.00,1,0.00
1.581881,173.2324,-1348.593750,1919,1349.2969,0.00,1,0.00
1.582882,173.2324,-1348.593750,1919,1349.2969,0.00,1,0.00
1.583883,173.2324,-1348.593750,1919,1349.2969,0.00,1,0.00
1.584884,173.2324,-1348.593750,1919,1349.2969,0.00,1,0.00
1.585885,173.2324,-1348.593750,1919,1349.2969,0.00,1,0.00
1.586886,173.1445,-1348.681641,1919,1349.2969,0.00,1,0.00
1.587887,173.2324,-1348.593750,1919,1349.2969,0.00,1,0.00
1.588888,173.2324,-1348.593750,1919,1349.2969,0.00,1,0.00
1.589889,173.2324,-1348.593750,1919,1349.2969,0.00,1,0.00
1.590890,173.2324,-1348.593750,1919,1349.2969,0.00,1,0.00
1.591891,173.2324,-1348.593750,1919,1349.2969,0.00,1,0.00
1.592892,173.2324,-1348.593750,1919,1349.2969,0.00,1,0.00
1.593893,173.2324,-1348.593750,1919,1349.2969,0.00,1,0.00
1.594894,173.2324,-1348.593750,1919,1349.2969,0.00,1,0.00
1.595895,173.2324,-1348.593750,1919,1349.2969,0.00,1,0.00
1.596896,173.2324,-1348.593750,1919,1349.2969,0.00,1,0.00
1.597897,173.2324,-1348.593750,1919,1349.2969,0.00,1,0.00
1.605171,173.2324,-1348.593750,1919,1349.2969,0.00,1,0.00
1.606171,173.2324,-1348.593750,1919,1349.2969,0.00,1,0.00
1.607172,173.2324,-1348.593750,1919,1349.2969,0.00,1,0.00
1.608173,173.1445,-1348.681641,1919,1349.2969,0.00,1,0.00
1.609174,173.2324,-1348.593750,1919,1349.2969,0.00,1,0.00
1.610175,173.2324,-1348.593750,1919,1349.2969,0.00,1,0.00
1.611176,173.2324,-1348.593750,1919,1349.2969,0.00,1,0.00
1.612177,173.2324,-1348.593750,1919,1349.2969,0.00,1,0.00
1.613178,173.2324,-1348.593750,1919,1349.2969,0.00,1,0.00
1.614179,173.3203,-1348.505859,1919,1349.2969,0.00,1,0.00
1.615180,173.2324,-1348.593750,1919,1349.2969,0.00,1,0.00
1.616181,173.1445,-1348.681641,1919,1349.2969,0.00,1,0.00
1.617182,173.2324,-1348.593750,1919,1349.2969,0.00,1,0.00
1.618183,173.2324,-1348.593750,1919,1349.2969,0.00,1,0.00
1.619184,173.2324,-1348.593750,1919,1349.2969,0.00,1,0.00
1.620185,173.3203,-1348.505859,1919,1349.2969,0.00,1,0.00
1.621186,173.3203,-1348.505859,1919,1349.2969,0.00,1,0.00
1.622187,173.2324,-1348.593750,1919,1349.2969,0.00,1,0.00
1.623188,173.2324,-1348.593750,1919,1349.2969,0.00,1,0.00
1.624189,173.1445,-1348.681641,1919,1349.2969,0.00,1,0.00
1.625190,173.1445,-1348.681641,1919,1349.2969,0.00,1,0.00
1.626191,173.2324,-1348.593750,1919,1349.2969,0.00,1,0.00
1.627192,173.2324,-1348.593750,1919,1349.2969,0.00,1,0.00
1.628193,173.2324,-1348.593750,1919,1349.2969,0.00,1,0.00
1.629194,173.3203,-1348.505859,1919,1349.2969,0.00,1,0.00
1.630195,173.2324,-1348.593750,1919,1349.2969,0.00,1,0.00
1.631196,173.2324,-1348.593750,1919,1349.2969,0.00,1,0.00
1.632197,173.3203,-1348.505859,1919,1349.2969,0.00,1,0.00
1.633198,173.2324,-1348.593750,1919,1349.2969,0.00,1,0.00
1.634199,173.2324,-1348.593750,1919,1349.2969,0.00,1,0.00
1.635200,173.2324,-1348.593750,1919,1349.2969,0.00,1,0.00
1.636201,173.3203,-1348.505859,1919,1349.2969,0.00,1,0.00
1.637202,173.2324,-1348.593750,1919,1349.2969,0.00,1,0.00
1.638203,173.2324,-1348.593750,1919,1349.2969,0.00,1,0.00
1.639204,173.2324,-1348.593750,1919,1349.2969,0.00,1,0.00
1.640205,173.2324,-1348.593750,1919,1349.2969,0.00,1,0.00
1.641206,173.2324,-1348.593750,1919,1349.2969,0.00,1,0.00
1.642207,173.2324,-1348.593750,1919,1349.2969,0.00,1,0.00
1.643208,173.1445,-1348.681641,1919,1349.2969,0.00,1,0.00
1.644209,173.2324,-1348.593750,1919,1349.2969,0.00,1,0.00
1.645210,173.2324,-1348.593750,1919,1349.2969,0.00,1,0.00
1.646211,173.2324,-1348.593750,1919,1349.2969,0.00,1,0.00
1.647212,173.2324,-1348.593750,1919,1349.2969,0.00,1,0.00
1.648213,173.2324,-1348.593750,1919,1349.2969,0.00,1,0.00
1.649214,173.2324,-1348.593750,1919,1349.2969,0.00,1,0.00
1.650215,173.2324,-1348.593750,1919,1349.2969,0.00,1,0.00
1.651216,173.2324,-1348.593750,1919,1349.2969,0.00,1,0.00
1.652217,173.2324,-1348.593750,1919,1349.2969,0.00,1,0.00
1.653218,173.2324,-1348.593750,1919,1349.2969,0.00,1,0.00
1.654219,173.2324,-1348.593750,1919,1349.2969,0.00,1,0.00
1.661923,173.2324,-1348.593750,1919,1349.2969,0.00,1,0.00
1.662924,173.3203,-1348.505859,1919,1349.2969,0.00,1,0.00
1.663925,173.2324,-1348.593750,1919,1349.2969,0.00,1,0.00
1.664926,173.2324,-1348.593750,1919,1349.2969,0.00,1,0.00
1.665927,173.2324,-1348.593750,1919,1349.2969,0.00,1,0.00
1.666928,173.2324,-1348.593750,1919,1349.2969,0.00,1,0.00
1.667929,173.2324,-1348.593750,1919,1349.2969,0.00,1,0.00
1.668930,173.2324,-1348.593750,1919,1349.2969,0.00,1,0.00
1.669931,173.2324,-1348.593750,1919,1349.2969,0.00,1,0.00
1.670932,173.3203,-1348.505859,1919,1349.2969,0.00,1,0.00
1.671933,173.3203,-1348.505859,1919,1349.2969,0.00,1,0.00
1.672934,173.3203,-1348.505859,1919,1349.2969,0.00,1,0.00
1.673935,173.3203,-1348.505859,1919,1349.2969,0.00,1,0.00
1.674935,173.3203,-1348.505859,1919,1349.2969,0.00,1,0.00
1.675935,173.2324,-1348.593750,1919,1349.2969,0.00,1,0.00
1.676936,173.2324,-1348.593750,1919,1349.2969,0.00,1,0.00
1.677937,173.2324,-1348.593750,1919,1349.2969,0.00,1,0.00
1.678938,173.2324,-1348.593750,1919,1349.2969,0.00,1,0.00
1.679939,173.2324,-1348.593750,1919,1349.2969,0.00,1,0.00
1.680940,173.3203,-1348.505859,1919,1349.2969,0.00,1,0.00
1.681941,173.2324,-1348.593750,1919,1349.2969,0.00,1,0.00
1.682942,173.2324,-1348.593750,1919,1349.2969,0.00,1,0.00
1.683943,173.2324,-1348.593750,1919,1349.2969,0.00,1,0.00
1.684944,173.2324,-1348.593750,1919,1349.2969,0.00,1,0.00
1.685945,173.2324,-1348.593750,1919,1349.2969,0.00,1,0.00
1.686946,173.2324,-1348.593750,1919,1349.2969,0.00,1,0.00
1.687947,173.2324,-1348.593750,1919,1349.2969,0.00,1,0.00
1.688948,173.2324,-1348.593750,1919,1349.2969,0.00,1,0.00
1.689949,173.2324,-1348.593750,1919,1349.2969,0.00,1,0.00
1.690950,173.2324,-1348.593750,1919,1349.2969,0.00,1,0.00
1.696362,173.3203,-1348.505859,1919,1349.2969,0.00,1,0.00
1.697363,173.2324,-1348.593750,1919,1349.2969,0.00,1,0.00
1.698364,173.2324,-1348.593750,1919,1349.2969,0.00,1,0.00
1.699365,173.2324,-1348.593750,1919,1349.2969,0.00,1,0.00
1.700366,173.1445,-1348.681641,1919,1349.2969,0.00,1,0.00
1.701367,173.2324,-1348.593750,1919,1349.2969,0.00,1,0.00
1.702368,173.3203,-1348.505859,1919,1349.2969,0.00,1,0.00
1.703369,173.2324,-1348.593750,1919,1349.2969,0.00,1,0.00
1.704370,173.2324,-1348.593750,1919,1349.2969,0.00,1,0.00
1.705371,173.2324,-1348.593750,1919,1349.2969,0.00,1,0.00
1.706372,173.3203,-1348.505859,1919,1349.2969,0.00,1,0.00
1.707373,173.2324,-1348.593750,1919,1349.2969,0.00,1,0.00
1.708374,173.2324,-1348.593750,1919,1349.2969,0.00,1,0.00
1.709375,173.2324,-1348.593750,1919,1349.2969,0.00,1,0.00
1.710376,173.2324,-1348.593750,1919,1349.2969,0.00,1,0.00
1.711377,173.3203,-1348.505859,1919,1349.2969,0.00,1,0.00
1.712378,173.2324,-1348.593750,1919,1349.2969,0.00,1,0.00
1.713379,173.2324,-1348.593750,1919,1349.2969,0.00,1,0.00
1.714380,173.2324,-1348.593750,1919,1349.2969,0.00,1,0.00
1.715381,173.2324,-1348.593750,1919,1349.2969,0.00,1,0.00
1.722583,173.2324,-1348.593750,1919,1349.2969,0.00,1,0.00
1.723583,173.2324,-1348.593750,1919,1349.2969,0.00,1,0.00
1.724583,173.2324,-1348.593750,1919,1349.2969,0.00,1,0.00
1.725584,173.2324,-1348.593750,1919,1349.2969,0.00,1,0.00
1.726585,173.2324,-1348.593750,1919,1349.2969,0.00,1,0.00
1.727586,173.2324,-1348.593750,1919,1349.2969,0.00,1,0.00
1.728587,173.2324,-1348.593750,1919,1349.2969,0.00,1,0.00
1.729588,173.1445,-1348.681641,1919,1349.2969,0.00,1,0.00
1.730589,173.1445,-1348.681641,1919,1349.2969,0.00,1,0.00
1.731590,173.2324,-1348.593750,1919,1349.2969,0.00,1,0.00
1.732591,173.2324,-1348.593750,1919,1349.2969,0.00,1,0.00
1.733592,173.1445,-1348.681641,1919,1349.2969,0.00,1,0.00
1.734593,173.2324,-1348.593750,1919,1349.2969,0.00,1,0.00
1.735594,173.2324,-1348.593750,1919,1349.2969,0.00,1,0.00
1.736595,173.2324,-1348.593750,1919,1349.2969,0.00,1,0.00
1.738616,173.1445,-1348.681641,1919,1349.2969,0.00,1,0.00
1.739616,173.2324,-1348.593750,1919,1349.2969,0.00,1,0.00
1.740617,173.2324,-1348.593750,1919,1349.2969,0.00,1,0.00
1.741618,173.2324,-1348.593750,1919,1349.2969,0.00,1,0.00
1.742619,173.2324,-1348.593750,1919,1349.2969,0.00,1,0.00
1.743620,173.3203,-1348.505859,1919,1349.2969,0.00,1,0.00
1.744621,173.2324,-1348.593750,1919,1349.2969,0.00,1,0.00
1.745622,173.2324,-1348.593750,1919,1349.2969,0.00,1,0.00
1.746623,173.2324,-1348.593750,1919,1349.2969,0.00,1,0.00
1.747624,173.2324,-1348.593750,1919,1349.2969,0.00,1,0.00
1.748625,173.2324,-1348.593750,1919,1349.2969,0.00,1,0.00
1.749626,173.2324,-1348.593750,1919,1349.2969,0.00,1,0.00
1.750627,173.2324,-1348.593750,1919,1349.2969,0.00,1,0.00
1.751628,173.2324,-1348.593750,1919,1349.2969,0.00,1,0.00
1.752629,173.2324,-1348.593750,1919,1349.2969,0.00,1,0.00
1.753630,173.2324,-1348.593750,1919,1349.2969,0.00,1,0.00
1.754631,173.2324,-1348.593750,1919,1349.2969,0.00,1,0.00
1.755632,173.2324,-1348.593750,1919,1349.2969,0.00,1,0.00
1.756633,173.1445,-1348.681641,1919,1349.2969,0.00,1,0.00
1.757634,173.2324,-1348.593750,1919,1349.2969,0.00,1,0.00
1.758635,173.2324,-1348.593750,1919,1349.2969,0.00,1,0.00
1.759636,173.2324,-1348.593750,1919,1349.2969,0.00,1,0.00
1.760637,173.2324,-1348.593750,1919,1349.2969,0.00,1,0.00
1.761638,173.2324,-1348.593750,1919,1349.2969,0.00,1,0.00
1.762639,173.2324,-1348.593750,1919,1349.2969,0.00,1,0.00
1.763640,173.3203,-1348.505859,1919,1349.2969,0.00,1,0.00
1.764641,173.3203,-1348.505859,1919,1349.2969,0.00,1,0.00
1.765642,173.3203,-1348.505859,1919,1349.2969,0.00,1,0.00
1.766643,173.3203,-1348.505859,1919,1349.2969,0.00,1,0.00
1.767644,173.2324,-1348.593750,1919,1349.2969,0.00,1,0.00
1.768645,173.1445,-1348.681641,1919,1349.2969,0.00,1,0.00
1.769646,173.2324,-1348.593750,1919,1349.2969,0.00,1,0.00
1.770647,173.2324,-1348.593750,1919,1349.2969,0.00,1,0.00
1.771648,173.3203,-1348.505859,1919,1349.2969,0.00,1,0.00
1.772649,173.2324,-1348.593750,1919,1349.2969,0.00,1,0.00
1.779815,173.2324,-1348.593750,1919,1349.2969,0.00,1,0.00
1.780815,173.2324,-1348.593750,1919,1349.2969,0.00,1,0.00
1.781815,173.2324,-1348.593750,1919,1349.2969,0.00,1,0.00
1.782816,173.1445,-1348.681641,1919,1349.2969,0.00,1,0.00
1.783817,173.1445,-1348.681641,1919,1349.2969,0.00,1,0.00
1.784818,173.2324,-1348.593750,1919,1349.2969,0.00,1,0.00
1.785819,173.2324,-1348.593750,1919,1349.2969,0.00,1,0.00
1.786820,173.2324,-1348.593750,1919,1349.2969,0.00,1,0.00
1.787821,173.2324,-1348.593750,1919,1349.2969,0.00,1,0.00
1.788822,173.2324,-1348.593750,1919,1349.2969,0.00,1,0.00
1.789823,173.2324,-1348.593750,1919,1349.2969,0.00,1,0.00
1.790823,173.2324,-1348.593750,1919,1349.2969,0.00,1,0.00
1.791823,173.3203,-1348.505859,1919,1349.2969,0.00,1,0.00
1.792824,173.2324,-1348.593750,1919,1349.2969,0.00,1,0.00
1.793825,173.2324,-1348.593750,1919,1349.2969,0.00,1,0.00
1.794826,173.2324,-1348.593750,1919,1349.2969,0.00,1,0.00
1.795827,173.2324,-1348.593750,1919,1349.2969,0.00,1,0.00
1.796828,173.2324,-1348.593750,1919,1349.2969,0.00,1,0.00
1.797829,173.3203,-1348.505859,1919,1349.2969,0.00,1,0.00
1.798830,173.3203,-1348.505859,1919,1349.2969,0.00,1,0.00
1.799831,173.3203,-1348.505859,1919,1349.2969,0.00,1,0.00
1.800832,173.2324,-1348.593750,1919,1349.2969,0.00,1,0.00
1.801833,173.2324,-1348.593750,1919,1349.2969,0.00,1,0.00
1.802834,173.2324,-1348.593750,1919,1349.2969,0.00,1,0.00
1.803835,173.2324,-1348.593750,1919,1349.2969,0.00,1,0.00
1.804836,173.2324,-1348.593750,1919,1349.2969,0.00,1,0.00
1.805837,173.2324,-1348.593750,1919,1349.2969,0.00,1,0.00
1.806838,173.3203,-1348.505859,1919,1349.2969,0.00,1,0.00
1.807839,173.2324,-1348.593750,1919,1349.2969,0.00,1,0.00
1.808840,173.1445,-1348.681641,1919,1349.2969,0.00,1,0.00
1.809841,173.2324,-1348.593750,1919,1349.2969,0.00,1,0.00
1.810842,173.2324,-1348.593750,1919,1349.2969,0.00,1,0.00
1.811843,173.2324,-1348.593750,1919,1349.2969,0.00,1,0.00
1.812844,173.3203,-1348.505859,1919,1349.2969,0.00,1,0.00
1.813845,173.2324,-1348.593750,1919,1349.2969,0.00,1,0.00
1.814846,173.2324,-1348.593750,1919,1349.2969,0.00,1,0.00
1.815847,173.3203,-1348.505859,1919,1349.2969,0.00,1,0.00
1.816848,173.2324,-1348.593750,1919,1349.2969,0.00,1,0.00
1.817849,173.2324,-1348.593750,1919,1349.2969,0.00,1,0.00
1.818850,173.3203,-1348.505859,1919,1349.2969,0.00,1,0.00
1.819851,173.2324,-1348.593750,1919,1349.2969,0.00,1,0.00
1.820852,173.1445,-1348.681641,1919,1349.2969,0.00,1,0.00
1.821853,173.2324,-1348.593750,1919,1349.2969,0.00,1,0.00
1.822854,173.2324,-1348.593750,1919,1349.2969,0.00,1,0.00
1.823855,173.2324,-1348.593750,1919,1349.2969,0.00,1,0.00
1.824856,173.2324,-1348.593750,1919,1349.2969,0.00,1,0.00
1.825857,173.2324,-1348.593750,1919,1349.2969,0.00,1,0.00
1.826858,173.3203,-1348.505859,1919,1349.2969,0.00,1,0.00
1.827859,173.3203,-1348.505859,1919,1349.2969,0.00,1,0.00
1.828860,173.3203,-1348.505859,1919,1349.2969,0.00,1,0.00
1.835902,173.2324,-1348.593750,1919,1349.2969,0.00,1,0.00
1.836902,173.2324,-1348.593750,1919,1349.2969,0.00,1,0.00
1.837903,173.2324,-1348.593750,1919,1349.2969,0.00,1,0.00
1.838904,173.1445,-1348.681641,1919,1349.2969,0.00,1,0.00
1.839905,173.1445,-1348.681641,1919,1349.2969,0.00,1,0.00
1.840906,173.2324,-1348.593750,1919,1349.2969,0.00,1,0.00
1.841907,173.3203,-1348.505859,1919,1349.2969,0.00,1,0.00
1.842908,173.2324,-1348.593750,1919,1349.2969,0.00,1,0.00
1.843909,173.2324,-1348.593750,1919,1349.2969,0.00,1,0.00
1.844910,173.1445,-1348.681641,1919,1349.2969,0.00,1,0.00
1.845911,173.2324,-1348.593750,1919,1349.2969,0.00,1,0.00
1.846912,173.2324,-1348.593750,1919,1349.2969,0.00,1,0.00
1.847913,173.2324,-1348.593750,1919,1349.2969,0.00,1,0.00
1.848914,173.2324,-1348.593750,1919,1349.2969,0.00,1,0.00
1.849915,173.2324,-1348.593750,1919,1349.2969,0.00,1,0.00
1.850916,173.2324,-1348.593750,1919,1349.2969,0.00,1,0.00
1.851917,173.3203,-1348.505859,1919,1349.2969,0.00,1,0.00
1.852918,173.2324,-1348.593750,1919,1349.2969,0.00,1,0.00
1.853919,173.2324,-1348.593750,1919,1349.2969,0.00,1,0.00
1.854920,173.2324,-1348.593750,1919,1349.2969,0.00,1,0.00
1.855921,173.2324,-1348.593750,1919,1349.2969,0.00,1,0.00
1.856922,173.2324,-1348.593750,1919,1349.2969,0.00,1,0.00
1.857923,173.3203,-1348.505859,1919,1349.2969,0.00,1,0.00
1.858924,173.2324,-1348.593750,1919,1349.2969,0.00,1,0.00
1.859925,173.2324,-1348.593750,1919,1349.2969,0.00,1,0.00
1.860926,173.2324,-1348.593750,1919,1349.2969,0.00,1,0.00
1.861927,173.2324,-1348.593750,1919,1349.2969,0.00,1,0.00
1.862928,173.2324,-1348.593750,1919,1349.2969,0.00,1,0.00
1.863929,173.1445,-1348.681641,1919,1349.2969,0.00,1,0.00
1.864930,173.2324,-1348.593750,1919,1349.2969,0.00,1,0.00
1.865931,173.2324,-1348.593750,1919,1349.2969,0.00,1,0.00
1.866932,173.2324,-1348.593750,1919,1349.2969,0.00,1,0.00
1.867933,173.2324,-1348.593750,1919,1349.2969,0.00,1,0.00
1.868934,173.2324,-1348.593750,1919,1349.2969,0.00,1,0.00
1.869935,173.2324,-1348.593750,1919,1349.2969,0.00,1,0.00
1.870936,173.3203,-1348.505859,1919,1349.2969,0.00,1,0.00
1.871937,173.2324,-1348.593750,1919,1349.2969,0.00,1,0.00
1.872938,173.2324,-1348.593750,1919,1349.2969,0.00,1,0.00
1.873939,173.2324,-1348.593750,1919,1349.2969,0.00,1,0.00
1.874940,173.2324,-1348.593750,1919,1349.2969,0.00,1,0.00
1.875941,173.2324,-1348.593750,1919,1349.2969,0.00,1,0.00
1.876942,173.2324,-1348.593750,1919,1349.2969,0.00,1,0.00
1.877943,173.2324,-1348.593750,1919,1349.2969,0.00,1,0.00
1.878944,173.2324,-1348.593750,1919,1349.2969,0.00,1,0.00
1.879945,173.2324,-1348.593750,1919,1349.2969,0.00,1,0.00
1.880946,173.2324,-1348.593750,1919,1349.2969,0.00,1,0.00
1.881947,173.2324,-1348.593750,1919,1349.2969,0.00,1,0.00
1.882948,173.2324,-1348.593750,1919,1349.2969,0.00,1,0.00
1.883949,173.2324,-1348.593750,1919,1349.2969,0.00,1,0.00
1.884950,173.3203,-1348.505859,1919,1349.2969,0.00,1,0.00
1.892141,173.3203,-1348.505859,1919,1349.2969,0.00,1,0.00
1.893141,173.2324,-1348.593750,1919,1349.2969,0.00,1,0.00
1.894142,173.3203,-1348.505859,1919,1349.2969,0.00,1,0.00
1.895143,173.3203,-1348.505859,1919,1349.2969,0.00,1,0.00
1.896144,173.2324,-1348.593750,1919,1349.2969,0.00,1,0.00
1.897145,173.2324,-1348.593750,1919,1349.2969,0.00,1,0.00
1.898146,173.3203,-1348.505859,1919,1349.2969,0.00,1,0.00
1.899147,173.2324,-1348.593750,1919,1349.2969,0.00,1,0.00
1.900148,173.2324,-1348.593750,1919,1349.2969,0.00,1,0.00
1.901149,173.2324,-1348.593750,1919,1349.2969,0.00,1,0.00
1.902150,173.2324,-1348.593750,1919,1349.2969,0.00,1,0.00
1.903151,173.2324,-1348.593750,1919,1349.2969,0.00,1,0.00
1.904843,173.2324,-1348.593750,1919,1349.2969,0.00,1,0.00
1.905843,173.2324,-1348.593750,1919,1349.2969,0.00,1,0.00
1.906844,173.2324,-1348.593750,1919,1349.2969,0.00,1,0.00
1.907845,173.2324,-1348.593750,1919,1349.2969,0.00,1,0.00
1.908846,173.2324,-1348.593750,1919,1349.2969,0.00,1,0.00
1.909847,173.2324,-1348.593750,1919,1349.2969,0.00,1,0.00
1.910848,173.2324,-1348.593750,1919,1349.2969,0.00,1,0.00
1.911849,173.3203,-1348.505859,1919,1349.2969,0.00,1,0.00
1.912850,173.3203,-1348.505859,1919,1349.2969,0.00,1,0.00
1.913851,173.2324,-1348.593750,1919,1349.2969,0.00,1,0.00
1.914852,173.2324,-1348.593750,1919,1349.2969,0.00,1,0.00
1.915853,173.3203,-1348.505859,1919,1349.2969,0.00,1,0.00
1.916854,173.3203,-1348.505859,1919,1349.2969,0.00,1,0.00
1.917855,173.2324,-1348.593750,1919,1349.2969,0.00,1,0.00
1.918856,173.2324,-1348.593750,1919,1349.2969,0.00,1,0.00
1.919857,173.2324,-1348.593750,1919,1349.2969,0.00,1,0.00
1.920858,173.2324,-1348.593750,1919,1349.2969,0.00,1,0.00
1.921859,173.2324,-1348.593750,1919,1349.2969,0.00,1,0.00
1.922860,173.2324,-1348.593750,1919,1349.2969,0.00,1,0.00
1.923861,173.3203,-1348.505859,1919,1349.2969,0.00,1,0.00
1.924862,173.3203,-1348.505859,1919,1349.2969,0.00,1,0.00
1.925863,173.3203,-1348.505859,1919,1349.2969,0.00,1,0.00
1.926864,173.3203,-1348.505859,1919,1349.2969,0.00,1,0.00
1.927865,173.3203,-1348.505859,1919,1349.2969,0.00,1,0.00
1.928866,173.3203,-1348.505859,1919,1349.2969,0.00,1,0.00
1.929867,173.3203,-1348.505859,1919,1349.2969,0.00,1,0.00
1.939271,173.1445,-1348.681641,1919,1349.2969,0.00,1,0.00
1.940271,173.2324,-1348.593750,1919,1349.2969,0.00,1,0.00
1.941272,173.2324,-1348.593750,1919,1349.2969,0.00,1,0.00
1.942273,173.2324,-1348.593750,1919,1349.2969,0.00,1,0.00
1.943274,173.2324,-1348.593750,1919,1349.2969,0.00,1,0.00
1.944275,173.2324,-1348.593750,1919,1349.2969,0.00,1,0.00
1.945276,173.2324,-1348.593750,1919,1349.2969,0.00,1,0.00
1.946277,173.3203,-1348.505859,1919,1349.2969,0.00,1,0.00
1.947278,173.3203,-1348.505859,1919,1349.2969,0.00,1,0.00
1.948279,173.2324,-1348.593750,1919,1349.2969,0.00,1,0.00
1.949280,173.2324,-1348.593750,1919,1349.2969,0.00,1,0.00
1.950281,173.2324,-1348.593750,1919,1349.2969,0.00,1,0.00
1.989520,173.2324,-1348.593750,1919,1349.2969,0.00,1,0.00
1.990520,173.2324,-1348.593750,1919,1349.2969,0.00,1,0.00
1.991520,173.2324,-1348.593750,1919,1349.2969,0.00,1,0.00
1.992521,173.1445,-1348.681641,1919,1349.2969,0.00,1,0.00
1.993522,173.1445,-1348.681641,1919,1349.2969,0.00,1,0.00
1.994523,173.2324,-1348.593750,1919,1349.2969,0.00,1,0.00
1.995524,173.3203,-1348.505859,1919,1349.2969,0.00,1,0.00
1.996525,173.3203,-1348.505859,1919,1349.2969,0.00,1,0.00
1.997526,173.2324,-1348.593750,1919,1349.2969,0.00,1,0.00
1.998527,173.1445,-1348.681641,1919,1349.2969,0.00,1,0.00
1.999528,173.1445,-1348.681641,1919,1349.2969,0.00,1,0.00
2.000528,173.2324,-1348.593750,1919,1349.2969,0.00,1,0.00
2.001529,173.3203,-1348.505859,1919,1349.2969,0.00,1,0.00
2.002530,173.2324,-1348.593750,1919,1349.2969,0.00,1,0.00
2.003531,173.2324,-1348.593750,1919,1349.2969,0.00,1,0.00
2.004532,173.2324,-1348.593750,1919,1349.2969,0.00,1,0.00
2.005533,173.2324,-1348.593750,1919,1349.2969,0.00,1,0.00
2.006534,173.2324,-1348.593750,1919,1349.2969,0.00,1,0.00
2.007535,173.2324,-1348.593750,1919,1349.2969,0.00,1,0.00
2.008536,173.2324,-1348.593750,1919,1349.2969,0.00,1,0.00
2.009537,173.2324,-1348.593750,1919,1349.2969,0.00,1,0.00
2.010538,173.3203,-1348.505859,1919,1349.2969,0.00,1,0.00
2.011539,173.2324,-1348.593750,1919,1349.2969,0.00,1,0.00
2.013609,173.3203,-1348.505859,1919,1349.2969,0.00,1,0.00
2.014609,173.2324,-1348.593750,1919,1349.2969,0.00,1,0.00
2.015610,173.2324,-1348.593750,1919,1349.2969,0.00,1,0.00
2.016611,173.2324,-1348.593750,1919,1349.2969,0.00,1,0.00
2.017612,173.2324,-1348.593750,1919,1349.2969,0.00,1,0.00
2.018613,173.3203,-1348.505859,1919,1349.2969,0.00,1,0.00
2.019614,173.2324,-1348.593750,1919,1349.2969,0.00,1,0.00
2.020615,173.2324,-1348.593750,1919,1349.2969,0.00,1,0.00
2.021616,173.2324,-1348.593750,1919,1349.2969,0.00,1,0.00
2.022617,173.2324,-1348.593750,1919,1349.2969,0.00,1,0.00
2.023618,173.2324,-1348.593750,1919,1349.2969,0.00,1,0.00
2.024619,173.2324,-1348.593750,1919,1349.2969,0.00,1,0.00
2.025620,173.2324,-1348.593750,1919,1349.2969,0.00,1,0.00
2.026621,173.2324,-1348.593750,1919,1349.2969,0.00,1,0.00
2.027622,173.3203,-1348.505859,1919,1349.2969,0.00,1,0.00
2.028623,173.2324,-1348.593750,1919,1349.2969,0.00,1,0.00
2.029624,173.2324,-1348.593750,1919,1349.2969,0.00,1,0.00
2.030625,173.2324,-1348.593750,1919,1349.2969,0.00,1,0.00
2.031626,173.2324,-1348.593750,1919,1349.2969,0.00,1,0.00
2.032627,173.2324,-1348.593750,1919,1349.2969,0.00,1,0.00
2.033628,173.3203,-1348.505859,1919,1349.2969,0.00,1,0.00
2.034629,173.2324,-1348.593750,1919,1349.2969,0.00,1,0.00
2.035630,173.2324,-1348.593750,1919,1349.2969,0.00,1,0.00
2.036631,173.2324,-1348.593750,1919,1349.2969,0.00,1,0.00
2.037632,173.2324,-1348.593750,1919,1349.2969,0.00,1,0.00
2.038633,173.1445,-1348.681641,1919,1349.2969,0.00,1,0.00
2.039634,173.2324,-1348.593750,1919,1349.2969,0.00,1,0.00
2.046778,173.2324,-1348.593750,1919,1349.2969,0.00,1,0.00
2.047779,173.2324,-1348.593750,1919,1349.2969,0.00,1,0.00
2.048780,173.2324,-1348.593750,1919,1349.2969,0.00,1,0.00
2.049781,173.3203,-1348.505859,1919,1349.2969,0.00,1,0.00
2.050782,173.3203,-1348.505859,1919,1349.2969,0.00,1,0.00
2.051783,173.2324,-1348.593750,1919,1349.2969,0.00,1,0.00
2.052784,173.2324,-1348.593750,1919,1349.2969,0.00,1,0.00
2.053785,173.3203,-1348.505859,1919,1349.2969,0.00,1,0.00
2.054786,173.2324,-1348.593750,1919,1349.2969,0.00,1,0.00
2.055787,173.2324,-1348.593750,1919,1349.2969,0.00,1,0.00
2.056788,173.2324,-1348.593750,1919,1349.2969,0.00,1,0.00
2.057789,173.2324,-1348.593750,1919,1349.2969,0.00,1,0.00
2.058790,173.2324,-1348.593750,1919,1349.2969,0.00,1,0.00
2.059791,173.2324,-1348.593750,1919,1349.2969,0.00,1,0.00
2.060792,173.2324,-1348.593750,1919,1349.2969,0.00,1,0.00
2.061793,173.2324,-1348.593750,1919,1349.2969,0.00,1,0.00
2.062794,173.2324,-1348.593750,1919,1349.2969,0.00,1,0.00
2.063795,173.2324,-1348.593750,1919,1349.2969,0.00,1,0.00
2.064796,173.2324,-1348.593750,1919,1349.2969,0.00,1,0.00
2.065797,173.2324,-1348.593750,1919,1349.2969,0.00,1,0.00
2.066798,173.2324,-1348.593750,1919,1349.2969,0.00,1,0.00
2.067799,173.2324,-1348.593750,1919,1349.2969,0.00,1,0.00
2.068800,173.2324,-1348.593750,1919,1349.2969,0.00,1,0.00
2.069801,173.2324,-1348.593750,1919,1349.2969,0.00,1,0.00
2.070802,173.3203,-1348.505859,1919,1349.2969,0.00,1,0.00
2.071803,173.2324,-1348.593750,1919,1349.2969,0.00,1,0.00
2.072804,173.2324,-1348.593750,1919,1349.2969,0.00,1,0.00
2.073805,173.2324,-1348.593750,1919,1349.2969,0.00,1,0.00
2.074806,173.2324,-1348.593750,1919,1349.2969,0.00,1,0.00
2.075807,173.2324,-1348.593750,1919,1349.2969,0.00,1,0.00
2.076808,173.2324,-1348.593750,1919,1349.2969,0.00,1,0.00
2.077809,173.2324,-1348.593750,1919,1349.2969,0.00,1,0.00
2.078810,173.2324,-1348.593750,1919,1349.2969,0.00,1,0.00
2.079811,173.2324,-1348.593750,1919,1349.2969,0.00,1,0.00
2.080812,173.2324,-1348.593750,1919,1349.2969,0.00,1,0.00
2.081813,173.2324,-1348.593750,1919,1349.2969,0.00,1,0.00
2.082814,173.2324,-1348.593750,1919,1349.2969,0.00,1,0.00
2.083815,173.2324,-1348.593750,1919,1349.2969,0.00,1,0.00
2.084816,173.3203,-1348.505859,1919,1349.2969,0.00,1,0.00
2.085817,173.2324,-1348.593750,1919,1349.2969,0.00,1,0.00
2.086818,173.2324,-1348.593750,1919,1349.2969,0.00,1,0.00
2.087819,173.1445,-1348.681641,1919,1349.2969,0.00,1,0.00
2.088820,173.1445,-1348.681641,1919,1349.2969,0.00,1,0.00
2.089821,173.2324,-1348.593750,1919,1349.2969,0.00,1,0.00
2.090822,173.2324,-1348.593750,1919,1349.2969,0.00,1,0.00
2.091823,173.2324,-1348.593750,1919,1349.2969,0.00,1,0.00
2.092824,173.3203,-1348.505859,1919,1349.2969,0.00,1,0.00
2.093825,173.2324,-1348.593750,1919,1349.2969,0.00,1,0.00
2.094826,173.2324,-1348.593750,1919,1349.2969,0.00,1,0.00
2.095827,173.2324,-1348.593750,1919,1349.2969,0.00,1,0.00
2.103712,173.1445,-1348.681641,1919,1349.2969,0.00,1,0.00
2.104713,173.1445,-1348.681641,1919,1349.2969,0.00,1,0.00
2.105714,173.2324,-1348.593750,1919,1349.2969,0.00,1,0.00
2.106715,173.1445,-1348.681641,1919,1349.2969,0.00,1,0.00
2.107716,173.1445,-1348.681641,1919,1349.2969,0.00,1,0.00
2.108717,173.1445,-1348.681641,1919,1349.2969,0.00,1,0.00
2.109718,173.2324,-1348.593750,1919,1349.2969,0.00,1,0.00
2.110719,173.2324,-1348.593750,1919,1349.2969,0.00,1,0.00
2.111720,173.2324,-1348.593750,1919,1349.2969,0.00,1,0.00
2.112721,173.3203,-1348.505859,1919,1349.2969,0.00,1,0.00
2.113722,173.3203,-1348.505859,1919,1349.2969,0.00,1,0.00
2.114723,173.2324,-1348.593750,1919,1349.2969,0.00,1,0.00
2.115724,173.2324,-1348.593750,1919,1349.2969,0.00,1,0.00
2.116725,173.2324,-1348.593750,1919,1349.2969,0.00,1,0.00
2.117726,173.2324,-1348.593750,1919,1349.2969,0.00,1,0.00
2.118727,173.2324,-1348.593750,1919,1349.2969,0.00,1,0.00
2.119728,173.3203,-1348.505859,1919,1349.2969,0.00,1,0.00
2.120729,173.2324,-1348.593750,1919,1349.2969,0.00,1,0.00
2.121730,173.1445,-1348.681641,1919,1349.2969,0.00,1,0.00
2.122731,173.1445,-1348.681641,1919,1349.2969,0.00,1,0.00
2.123732,173.2324,-1348.593750,1919,1349.2969,0.00,1,0.00
2.124733,173.2324,-1348.593750,1919,1349.2969,0.00,1,0.00
2.125734,173.2324,-1348.593750,1919,1349.2969,0.00,1,0.00
2.126735,173.3203,-1348.505859,1919,1349.2969,0.00,1,0.00
2.127736,173.3203,-1348.505859,1919,1349.2969,0.00,1,0.00
2.128737,173.3203,-1348.505859,1919,1349.2969,0.00,1,0.00
2.129738,173.2324,-1348.593750,1919,1349.2969,0.00,1,0.00
2.130739,173.1445,-1348.681641,1919,1349.2969,0.00,1,0.00
2.131740,173.2324,-1348.593750,1919,1349.2969,0.00,1,0.00
2.132741,173.3203,-1348.505859,1919,1349.2969,0.00,1,0.00
2.133742,173.2324,-1348.593750,1919,1349.2969,0.00,1,0.00
2.134743,173.2324,-1348.593750,1919,1349.2969,0.00,1,0.00
2.135744,173.2324,-1348.593750,1919,1349.2969,0.00,1,0.00
2.136745,173.2324,-1348.593750,1919,1349.2969,0.00,1,0.00
2.137746,173.2324,-1348.593750,1919,1349.2969,0.00,1,0.00
2.138747,173.2324,-1348.593750,1919,1349.2969,0.00,1,0.00
2.139748,173.2324,-1348.593750,1919,1349.2969,0.00,1,0.00
2.140749,173.1445,-1348.681641,1919,1349.2969,0.00,1,0.00
2.141750,173.2324,-1348.593750,1919,1349.2969,0.00,1,0.00
2.142751,173.2324,-1348.593750,1919,1349.2969,0.00,1,0.00
2.143752,173.2324,-1348.593750,1919,1349.2969,0.00,1,0.00
2.144753,173.2324,-1348.593750,1919,1349.2969,0.00,1,0.00
2.145754,173.2324,-1348.593750,1919,1349.2969,0.00,1,0.00
2.146755,173.3203,-1348.505859,1919,1349.2969,0.00,1,0.00
2.147756,173.2324,-1348.593750,1919,1349.2969,0.00,1,0.00
2.148757,173.2324,-1348.593750,1919,1349.2969,0.00,1,0.00
2.149758,173.2324,-1348.593750,1919,1349.2969,0.00,1,0.00
2.150759,173.1445,-1348.681641,1919,1349.2969,0.00,1,0.00
2.151760,173.2324,-1348.593750,1919,1349.2969,0.00,1,0.00
2.152761,173.2324,-1348.593750,1919,1349.2969,0.00,1,0.00
2.160015,173.2324,-1348.593750,1919,1349.2969,0.00,1,0.00
2.161016,173.3203,-1348.505859,1919,1349.2969,0.00,1,0.00
2.162017,173.3203,-1348.505859,1919,1349.2969,0.00,1,0.00
2.163018,173.2324,-1348.593750,1919,1349.2969,0.00,1,0.00
2.164019,173.1445,-1348.681641,1919,1349.2969,0.00,1,0.00
2.165020,173.1445,-1348.681641,1919,1349.2969,0.00,1,0.00
2.166021,173.2324,-1348.593750,1919,1349.2969,0.00,1,0.00
2.167022,173.3203,-1348.505859,1919,1349.2969,0.00,1,0.00
2.168023,173.3203,-1348.505859,1919,1349.2969,0.00,1,0.00
2.169024,173.3203,-1348.505859,1919,1349.2969,0.00,1,0.00
2.170025,173.3203,-1348.505859,1919,1349.2969,0.00,1,0.00
2.171026,173.2324,-1348.593750,1919,1349.2969,0.00,1,0.00
2.172027,173.2324,-1348.593750,1919,1349.2969,0.00,1,0.00
2.173028,173.2324,-1348.593750,1919,1349.2969,0.00,1,0.00
2.174029,173.2324,-1348.593750,1919,1349.2969,0.00,1,0.00
2.175030,173.2324,-1348.593750,1919,1349.2969,0.00,1,0.00
2.176031,173.2324,-1348.593750,1919,1349.2969,0.00,1,0.00
2.177032,173.2324,-1348.593750,1919,1349.2969,0.00,1,0.00
2.178033,173.2324,-1348.593750,1919,1349.2969,0.00,1,0.00
2.179034,173.2324,-1348.593750,1919,1349.2969,0.00,1,0.00
2.180035,173.2324,-1348.593750,1919,1349.2969,0.00,1,0.00
2.181035,173.2324,-1348.593750,1919,1349.2969,0.00,1,0.00
2.182036,173.3203,-1348.505859,1919,1349.2969,0.00,1,0.00
2.183036,173.2324,-1348.593750,1919,1349.2969,0.00,1,0.00
2.184037,173.3203,-1348.505859,1919,1349.2969,0.00,1,0.00
2.185038,173.3203,-1348.505859,1919,1349.2969,0.00,1,0.00
2.186039,173.2324,-1348.593750,1919,1349.2969,0.00,1,0.00
2.187040,173.3203,-1348.505859,1919,1349.2969,0.00,1,0.00
2.188041,173.3203,-1348.505859,1919,1349.2969,0.00,1,0.00
2.189042,173.3203,-1348.505859,1919,1349.2969,0.00,1,0.00
2.190043,173.2324,-1348.593750,1919,1349.2969,0.00,1,0.00
2.191044,173.2324,-1348.593750,1919,1349.2969,0.00,1,0.00
2.192045,173.2324,-1348.593750,1919,1349.2969,0.00,1,0.00
2.193046,173.3203,-1348.505859,1919,1349.2969,0.00,1,0.00
2.194047,173.3203,-1348.505859,1919,1349.2969,0.00,1,0.00
2.195048,173.2324,-1348.593750,1919,1349.2969,0.00,1,0.00
2.196049,173.3203,-1348.505859,1919,1349.2969,0.00,1,0.00
2.197050,173.2324,-1348.593750,1919,1349.2969,0.00,1,0.00
2.198051,173.2324,-1348.593750,1919,1349.2969,0.00,1,0.00
2.199052,173.2324,-1348.593750,1919,1349.2969,0.00,1,0.00
2.200053,173.2324,-1348.593750,1919,1349.2969,0.00,1,0.00
2.201054,173.2324,-1348.593750,1919,1349.2969,0.00,1,0.00
2.202055,173.2324,-1348.593750,1919,1349.2969,0.00,1,0.00
2.203056,173.2324,-1348.593750,1919,1349.2969,0.00,1,0.00
2.204057,173.3203,-1348.505859,1919,1349.2969,0.00,1,0.00
2.205058,173.3203,-1348.505859,1919,1349.2969,0.00,1,0.00
2.206059,173.2324,-1348.593750,1919,1349.2969,0.00,1,0.00
2.207060,173.2324,-1348.593750,1919,1349.2969,0.00,1,0.00
2.208061,173.2324,-1348.593750,1919,1349.2969,0.00,1,0.00
2.209062,173.2324,-1348.593750,1919,1349.2969,0.00,1,0.00
2.216341,173.2324,-1348.593750,1919,1349.2969,0.00,1,0.00
2.217342,173.2324,-1348.593750,1919,1349.2969,0.00,1,0.00
2.218342,173.2324,-1348.593750,1919,1349.2969,0.00,1,0.00
2.219343,173.2324,-1348.593750,1919,1349.2969,0.00,1,0.00
2.220343,173.2324,-1348.593750,1919,1349.2969,0.00,1,0.00
2.221344,173.2324,-1348.593750,1919,1349.2969,0.00,1,0.00
2.222345,173.3203,-1348.505859,1919,1349.2969,0.00,1,0.00
2.223345,173.2324,-1348.593750,1919,1349.2969,0.00,1,0.00
2.224346,173.1445,-1348.681641,1919,1349.2969,0.00,1,0.00
2.225346,173.2324,-1348.593750,1919,1349.2969,0.00,1,0.00
2.226347,173.3203,-1348.505859,1919,1349.2969,0.00,1,0.00
2.227348,173.2324,-1348.593750,1919,1349.2969,0.00,1,0.00
2.228349,173.2324,-1348.593750,1919,1349.2969,0.00,1,0.00
2.229350,173.2324,-1348.593750,1919,1349.2969,0.00,1,0.00
2.230351,173.2324,-1348.593750,1919,1349.2969,0.00,1,0.00
2.231352,173.2324,-1348.593750,1919,1349.2969,0.00,1,0.00
2.232353,173.2324,-1348.593750,1919,1349.2969,0.00,1,0.00
2.233354,173.2324,-1348.593750,1919,1349.2969,0.00,1,0.00
2.234355,173.2324,-1348.593750,1919,1349.2969,0.00,1,0.00
2.235356,173.2324,-1348.593750,1919,1349.2969,0.00,1,0.00
2.236357,173.2324,-1348.593750,1919,1349.2969,0.00,1,0.00
2.237358,173.3203,-1348.505859,1919,1349.2969,0.00,1,0.00
2.238359,173.3203,-1348.505859,1919,1349.2969,0.00,1,0.00
2.239360,173.2324,-1348.593750,1919,1349.2969,0.00,1,0.00
2.240361,173.2324,-1348.593750,1919,1349.2969,0.00,1,0.00
2.241362,173.2324,-1348.593750,1919,1349.2969,0.00,1,0.00
2.242363,173.2324,-1348.593750,1919,1349.2969,0.00,1,0.00
2.243364,173.2324,-1348.593750,1919,1349.2969,0.00,1,0.00
2.244365,173.2324,-1348.593750,1919,1349.2969,0.00,1,0.00
2.245366,173.2324,-1348.593750,1919,1349.2969,0.00,1,0.00
2.246367,173.2324,-1348.593750,1919,1349.2969,0.00,1,0.00
2.247368,173.2324,-1348.593750,1919,1349.2969,0.00,1,0.00
2.248369,173.3203,-1348.505859,1919,1349.2969,0.00,1,0.00
2.249370,173.3203,-1348.505859,1919,1349.2969,0.00,1,0.00
2.250371,173.3203,-1348.505859,1919,1349.2969,0.00,1,0.00
2.251372,173.3203,-1348.505859,1919,1349.2969,0.00,1,0.00
2.252373,173.3203,-1348.505859,1919,1349.2969,0.00,1,0.00
2.253374,173.2324,-1348.593750,1919,1349.2969,0.00,1,0.00
2.254375,173.2324,-1348.593750,1919,1349.2969,0.00,1,0.00
2.255376,173.2324,-1348.593750,1919,1349.2969,0.00,1,0.00
2.256377,173.2324,-1348.593750,1919,1349.2969,0.00,1,0.00
2.257378,173.2324,-1348.593750,1919,1349.2969,0.00,1,0.00
2.258379,173.2324,-1348.593750,1919,1349.2969,0.00,1,0.00
2.259380,173.2324,-1348.593750,1919,1349.2969,0.00,1,0.00
2.260381,173.2324,-1348.593750,1919,1349.2969,0.00,1,0.00
2.261382,173.2324,-1348.593750,1919,1349.2969,0.00,1,0.00
2.262383,173.1445,-1348.681641,1919,1349.2969,0.00,1,0.00
2.263384,173.1445,-1348.681641,1919,1349.2969,0.00,1,0.00
2.264385,173.1445,-1348.681641,1919,1349.2969,0.00,1,0.00
2.265386,173.2324,-1348.593750,1919,1349.2969,0.00,1,0.00
2.272664,173.2324,-1348.593750,1919,1349.2969,0.00,1,0.00
2.273665,173.3203,-1348.505859,1919,1349.2969,0.00,1,0.00
2.274666,173.2324,-1348.593750,1919,1349.2969,0.00,1,0.00
2.275667,173.2324,-1348.593750,1919,1349.2969,0.00,1,0.00
2.276668,173.2324,-1348.593750,1919,1349.2969,0.00,1,0.00
2.277669,173.3203,-1348.505859,1919,1349.2969,0.00,1,0.00
2.278670,173.2324,-1348.593750,1919,1349.2969,0.00,1,0.00
2.279671,173.2324,-1348.593750,1919,1349.2969,0.00,1,0.00
2.280672,173.2324,-1348.593750,1919,1349.2969,0.00,1,0.00
2.281673,173.2324,-1348.593750,1919,1349.2969,0.00,1,0.00
2.282674,173.2324,-1348.593750,1919,1349.2969,0.00,1,0.00
2.283675,173.3203,-1348.505859,1919,1349.2969,0.00,1,0.00
2.284676,173.2324,-1348.593750,1919,1349.2969,0.00,1,0.00
2.285677,173.3203,-1348.505859,1919,1349.2969,0.00,1,0.00
2.286678,173.3203,-1348.505859,1919,1349.2969,0.00,1,0.00
2.287679,173.2324,-1348.593750,1919,1349.2969,0.00,1,0.00
2.288680,173.1445,-1348.681641,1919,1349.2969,0.00,1,0.00
2.289681,173.1445,-1348.681641,1919,1349.2969,0.00,1,0.00
2.290682,173.2324,-1348.593750,1919,1349.2969,0.00,1,0.00
2.291683,173.2324,-1348.593750,1919,1349.2969,0.00,1,0.00
2.292684,173.2324,-1348.593750,1919,1349.2969,0.00,1,0.00
2.293685,173.2324,-1348.593750,1919,1349.2969,0.00,1,0.00
2.294686,173.2324,-1348.593750,1919,1349.2969,0.00,1,0.00
2.295687,173.2324,-1348.593750,1919,1349.2969,0.00,1,0.00
2.296688,173.2324,-1348.593750,1919,1349.2969,0.00,1,0.00
2.298355,173.2324,-1348.593750,1919,1349.2969,0.00,1,0.00
2.299356,173.2324,-1348.593750,1919,1349.2969,0.00,1,0.00
2.300357,173.2324,-1348.593750,1919,1349.2969,0.00,1,0.00
2.301358,173.2324,-1348.593750,1919,1349.2969,0.00,1,0.00
2.302359,173.2324,-1348.593750,1919,1349.2969,0.00,1,0.00
2.303360,173.2324,-1348.593750,1919,1349.2969,0.00,1,0.00
2.304361,173.2324,-1348.593750,1919,1349.2969,0.00,1,0.00
2.305362,173.3203,-1348.505859,1919,1349.2969,0.00,1,0.00
2.306363,173.2324,-1348.593750,1919,1349.2969,0.00,1,0.00
2.307364,173.2324,-1348.593750,1919,1349.2969,0.00,1,0.00
2.308365,173.2324,-1348.593750,1919,1349.2969,0.00,1,0.00
2.309366,173.2324,-1348.593750,1919,1349.2969,0.00,1,0.00
2.310367,173.2324,-1348.593750,1919,1349.2969,0.00,1,0.00
2.311368,173.2324,-1348.593750,1919,1349.2969,0.00,1,0.00
2.312369,173.2324,-1348.593750,1919,1349.2969,0.00,1,0.00
2.313370,173.2324,-1348.593750,1919,1349.2969,0.00,1,0.00
2.314371,173.2324,-1348.593750,1919,1349.2969,0.00,1,0.00
2.315372,173.2324,-1348.593750,1919,1349.2969,0.00,1,0.00
2.316373,173.2324,-1348.593750,1919,1349.2969,0.00,1,0.00
2.317374,173.3203,-1348.505859,1919,1349.2969,0.00,1,0.00
2.318375,173.2324,-1348.593750,1919,1349.2969,0.00,1,0.00
2.319376,173.2324,-1348.593750,1919,1349.2969,0.00,1,0.00
2.320377,173.3203,-1348.505859,1919,1349.2969,0.00,1,0.00
2.321378,173.2324,-1348.593750,1919,1349.2969,0.00,1,0.00
2.322379,173.2324,-1348.593750,1919,1349.2969,0.00,1,0.00
2.329683,173.2324,-1348.593750,1919,1349.2969,0.00,1,0.00
2.330684,173.3203,-1348.505859,1919,1349.2969,0.00,1,0.00
2.331684,173.3203,-1348.505859,1919,1349.2969,0.00,1,0.00
2.332685,173.3203,-1348.505859,1919,1349.2969,0.00,1,0.00
2.333686,173.2324,-1348.593750,1919,1349.2969,0.00,1,0.00
2.334686,173.1445,-1348.681641,1919,1349.2969,0.00,1,0.00
2.335687,173.2324,-1348.593750,1919,1349.2969,0.00,1,0.00
2.336687,173.2324,-1348.593750,1919,1349.2969,0.00,1,0.00
2.337688,173.2324,-1348.593750,1919,1349.2969,0.00,1,0.00
2.338689,173.2324,-1348.593750,1919,1349.2969,0.00,1,0.00
2.339690,173.2324,-1348.593750,1919,1349.2969,0.00,1,0.00
2.340691,173.2324,-1348.593750,1919,1349.2969,0.00,1,0.00
2.341692,173.2324,-1348.593750,1919,1349.2969,0.00,1,0.00
2.342693,173.2324,-1348.593750,1919,1349.2969,0.00,1,0.00
2.343694,173.2324,-1348.593750,1919,1349.2969,0.00,1,0.00
2.344695,173.2324,-1348.593750,1919,1349.2969,0.00,1,0.00
2.345696,173.1445,-1348.681641,1919,1349.2969,0.00,1,0.00
2.346697,173.2324,-1348.593750,1919,1349.2969,0.00,1,0.00
2.347698,173.2324,-1348.593750,1919,1349.2969,0.00,1,0.00
2.348699,173.3203,-1348.505859,1919,1349.2969,0.00,1,0.00
2.349700,173.2324,-1348.593750,1919,1349.2969,0.00,1,0.00
2.350701,173.2324,-1348.593750,1919,1349.2969,0.00,1,0.00
2.351702,173.2324,-1348.593750,1919,1349.2969,0.00,1,0.00
2.352703,173.2324,-1348.593750,1919,1349.2969,0.00,1,0.00
2.353704,173.2324,-1348.593750,1919,1349.2969,0.00,1,0.00
2.354705,173.2324,-1348.593750,1919,1349.2969,0.00,1,0.00
2.355706,173.2324,-1348.593750,1919,1349.2969,0.00,1,0.00
2.356707,173.1445,-1348.681641,1919,1349.2969,0.00,1,0.00
2.357708,173.2324,-1348.593750,1919,1349.2969,0.00,1,0.00
2.358709,173.2324,-1348.593750,1919,1349.2969,0.00,1,0.00
2.359710,173.2324,-1348.593750,1919,1349.2969,0.00,1,0.00
2.360711,173.2324,-1348.593750,1919,1349.2969,0.00,1,0.00
2.361712,173.2324,-1348.593750,1919,1349.2969,0.00,1,0.00
2.362713,173.2324,-1348.593750,1919,1349.2969,0.00,1,0.00
2.363714,173.3203,-1348.505859,1919,1349.2969,0.00,1,0.00
2.364715,173.2324,-1348.593750,1919,1349.2969,0.00,1,0.00
2.365716,173.2324,-1348.593750,1919,1349.2969,0.00,1,0.00
2.366717,173.2324,-1348.593750,1919,1349.2969,0.00,1,0.00
2.367718,173.3203,-1348.505859,1919,1349.2969,0.00,1,0.00
2.368719,173.2324,-1348.593750,1919,1349.2969,0.00,1,0.00
2.369720,173.2324,-1348.593750,1919,1349.2969,0.00,1,0.00
2.370721,173.2324,-1348.593750,1919,1349.2969,0.00,1,0.00
2.371722,173.2324,-1348.593750,1919,1349.2969,0.00,1,0.00
2.372723,173.3203,-1348.505859,1919,1349.2969,0.00,1,0.00
2.373724,173.3203,-1348.505859,1919,1349.2969,0.00,1,0.00
2.374725,173.2324,-1348.593750,1919,1349.2969,0.00,1,0.00
2.375726,173.3203,-1348.505859,1919,1349.2969,0.00,1,0.00
2.376727,173.3203,-1348.505859,1919,1349.2969,0.00,1,0.00
2.377728,173.2324,-1348.593750,1919,1349.2969,0.00,1,0.00
2.378729,173.2324,-1348.593750,1919,1349.2969,0.00,1,0.00
2.386489,173.3203,-1348.505859,1919,1349.2969,0.00,1,0.00
2.387489,173.2324,-1348.593750,1919,1349.2969,0.00,1,0.00
2.388490,173.2324,-1348.593750,1919,1349.2969,0.00,1,0.00
2.389491,173.2324,-1348.593750,1919,1349.2969,0.00,1,0.00
2.390492,173.2324,-1348.593750,1919,1349.2969,0.00,1,0.00
2.391493,173.2324,-1348.593750,1919,1349.2969,0.00,1,0.00
2.392494,173.2324,-1348.593750,1919,1349.2969,0.00,1,0.00
2.393495,173.2324,-1348.593750,1919,1349.2969,0.00,1,0.00
2.394496,173.2324,-1348.593750,1919,1349.2969,0.00,1,0.00
2.395497,173.1445,-1348.681641,1919,1349.2969,0.00,1,0.00
2.396498,173.1445,-1348.681641,1919,1349.2969,0.00,1,0.00
2.397499,173.2324,-1348.593750,1919,1349.2969,0.00,1,0.00
2.398500,173.2324,-1348.593750,1919,1349.2969,0.00,1,0.00
2.399501,173.2324,-1348.593750,1919,1349.2969,0.00,1,0.00
2.400502,173.2324,-1348.593750,1919,1349.2969,0.00,1,0.00
2.401503,173.3203,-1348.505859,1919,1349.2969,0.00,1,0.00
2.402504,173.2324,-1348.593750,1919,1349.2969,0.00,1,0.00
2.403505,173.2324,-1348.593750,1919,1349.2969,0.00,1,0.00
2.404506,173.2324,-1348.593750,1919,1349.2969,0.00,1,0.00
2.405507,173.2324,-1348.593750,1919,1349.2969,0.00,1,0.00
2.406508,173.3203,-1348.505859,1919,1349.2969,0.00,1,0.00
2.407509,173.3203,-1348.505859,1919,1349.2969,0.00,1,0.00
2.408510,173.3203,-1348.505859,1919,1349.2969,0.00,1,0.00
2.409511,173.3203,-1348.505859,1919,1349.2969,0.00,1,0.00
2.410512,173.3203,-1348.505859,1919,1349.2969,0.00,1,0.00
2.411513,173.2324,-1348.593750,1919,1349.2969,0.00,1,0.00
2.412514,173.2324,-1348.593750,1919,1349.2969,0.00,1,0.00
2.413515,173.2324,-1348.593750,1919,1349.2969,0.00,1,0.00
2.414516,173.2324,-1348.593750,1919,1349.2969,0.00,1,0.00
2.415517,173.2324,-1348.593750,1919,1349.2969,0.00,1,0.00
2.416518,173.3203,-1348.505859,1919,1349.2969,0.00,1,0.00
2.417519,173.2324,-1348.593750,1919,1349.2969,0.00,1,0.00
2.418520,173.2324,-1348.593750,1919,1349.2969,0.00,1,0.00
2.419521,173.1445,-1348.681641,1919,1349.2969,0.00,1,0.00
2.420522,173.2324,-1348.593750,1919,1349.2969,0.00,1,0.00
2.421523,173.3203,-1348.505859,1919,1349.2969,0.00,1,0.00
2.422524,173.2324,-1348.593750,1919,1349.2969,0.00,1,0.00
2.423525,173.2324,-1348.593750,1919,1349.2969,0.00,1,0.00
2.424526,173.2324,-1348.593750,1919,1349.2969,0.00,1,0.00
2.425527,173.2324,-1348.593750,1919,1349.2969,0.00,1,0.00
2.426528,173.2324,-1348.593750,1919,1349.2969,0.00,1,0.00
2.427529,173.2324,-1348.593750,1919,1349.2969,0.00,1,0.00
2.428530,173.2324,-1348.593750,1919,1349.2969,0.00,1,0.00
2.429531,173.3203,-1348.505859,1919,1349.2969,0.00,1,0.00
2.430532,173.2324,-1348.593750,1919,1349.2969,0.00,1,0.00
2.431533,173.2324,-1348.593750,1919,1349.2969,0.00,1,0.00
2.432534,173.2324,-1348.593750,1919,1349.2969,0.00,1,0.00
2.433535,173.2324,-1348.593750,1919,1349.2969,0.00,1,0.00
2.434536,173.2324,-1348.593750,1919,1349.2969,0.00,1,0.00
2.435537,173.2324,-1348.593750,1919,1349.2969,0.00,1,0.00
2.442794,173.2324,-1348.593750,1919,1349.2969,0.00,1,0.00
2.443795,173.1445,-1348.681641,1919,1349.2969,0.00,1,0.00
2.444796,173.2324,-1348.593750,1919,1349.2969,0.00,1,0.00
2.445797,173.2324,-1348.593750,1919,1349.2969,0.00,1,0.00
2.446798,173.2324,-1348.593750,1919,1349.2969,0.00,1,0.00
2.447799,173.1445,-1348.681641,1919,1349.2969,0.00,1,0.00
2.448800,173.2324,-1348.593750,1919,1349.2969,0.00,1,0.00
2.449801,173.2324,-1348.593750,1919,1349.2969,0.00,1,0.00
2.450802,173.2324,-1348.593750,1919,1349.2969,0.00,1,0.00
2.451803,173.2324,-1348.593750,1919,1349.2969,0.00,1,0.00
2.452804,173.3203,-1348.505859,1919,1349.2969,0.00,1,0.00
2.453805,173.2324,-1348.593750,1919,1349.2969,0.00,1,0.00
2.454806,173.3203,-1348.505859,1919,1349.2969,0.00,1,0.00
2.455807,173.3203,-1348.505859,1919,1349.2969,0.00,1,0.00
2.456808,173.3203,-1348.505859,1919,1349.2969,0.00,1,0.00
2.457809,173.2324,-1348.593750,1919,1349.2969,0.00,1,0.00
2.458810,173.2324,-1348.593750,1919,1349.2969,0.00,1,0.00
2.459811,173.2324,-1348.593750,1919,1349.2969,0.00,1,0.00
2.460812,173.2324,-1348.593750,1919,1349.2969,0.00,1,0.00
2.461813,173.1445,-1348.681641,1919,1349.2969,0.00,1,0.00
2.462814,173.2324,-1348.593750,1919,1349.2969,0.00,1,0.00
2.463815,173.3203,-1348.505859,1919,1349.2969,0.00,1,0.00
2.464816,173.2324,-1348.593750,1919,1349.2969,0.00,1,0.00
2.465817,173.2324,-1348.593750,1919,1349.2969,0.00,1,0.00
2.466818,173.3203,-1348.505859,1919,1349.2969,0.00,1,0.00
2.467819,173.3203,-1348.505859,1919,1349.2969,0.00,1,0.00
2.468820,173.2324,-1348.593750,1919,1349.2969,0.00,1,0.00
2.469821,173.2324,-1348.593750,1919,1349.2969,0.00,1,0.00
2.470822,173.2324,-1348.593750,1919,1349.2969,0.00,1,0.00
2.471823,173.2324,-1348.593750,1919,1349.2969,0.00,1,0.00
2.472824,173.3203,-1348.505859,1919,1349.2969,0.00,1,0.00
2.473825,173.2324,-1348.593750,1919,1349.2969,0.00,1,0.00
2.474826,173.2324,-1348.593750,1919,1349.2969,0.00,1,0.00
2.475827,173.2324,-1348.593750,1919,1349.2969,0.00,1,0.00
2.476828,173.2324,-1348.593750,1919,1349.2969,0.00,1,0.00
2.477829,173.3203,-1348.505859,1919,1349.2969,0.00,1,0.00
2.478830,173.2324,-1348.593750,1919,1349.2969,0.00,1,0.00
2.479831,173.2324,-1348.593750,1919,1349.2969,0.00,1,0.00
2.480832,173.2324,-1348.593750,1919,1349.2969,0.00,1,0.00
2.481833,173.2324,-1348.593750,1919,1349.2969,0.00,1,0.00
2.482834,173.2324,-1348.593750,1919,1349.2969,0.00,1,0.00
2.483835,173.2324,-1348.593750,1919,1349.2969,0.00,1,0.00
2.484836,173.2324,-1348.593750,1919,1349.2969,0.00,1,0.00
2.485837,173.2324,-1348.593750,1919,1349.2969,0.00,1,0.00
2.486838,173.2324,-1348.593750,1919,1349.2969,0.00,1,0.00
2.487839,173.2324,-1348.593750,1919,1349.2969,0.00,1,0.00
2.488840,173.2324,-1348.593750,1919,1349.2969,0.00,1,0.00
2.489841,173.3203,-1348.505859,1919,1349.2969,0.00,1,0.00
2.490842,173.3203,-1348.505859,1919,1349.2969,0.00,1,0.00
2.491843,173.2324,-1348.593750,1919,1349.2969,0.00,1,0.00
2.499100,173.2324,-1348.593750,1919,1349.2969,0.00,1,0.00
2.500101,173.2324,-1348.593750,1919,1349.2969,0.00,1,0.00
2.501102,173.2324,-1348.593750,1919,1349.2969,0.00,1,0.00
2.502103,173.2324,-1348.593750,1919,1349.2969,0.00,1,0.00
2.503104,173.2324,-1348.593750,1919,1349.2969,0.00,1,0.00
2.504105,173.2324,-1348.593750,1919,1349.2969,0.00,1,0.00
2.505106,173.2324,-1348.593750,1919,1349.2969,0.00,1,0.00
2.506107,173.2324,-1348.593750,1919,1349.2969,0.00,1,0.00
2.507108,173.2324,-1348.593750,1919,1349.2969,0.00,1,0.00
2.508109,173.2324,-1348.593750,1919,1349.2969,0.00,1,0.00
2.509110,173.2324,-1348.593750,1919,1349.2969,0.00,1,0.00
2.510111,173.2324,-1348.593750,1919,1349.2969,0.00,1,0.00
2.511112,173.2324,-1348.593750,1919,1349.2969,0.00,1,0.00
2.512113,173.1445,-1348.681641,1919,1349.2969,0.00,1,0.00
2.513114,173.2324,-1348.593750,1919,1349.2969,0.00,1,0.00
2.514115,173.3203,-1348.505859,1919,1349.2969,0.00,1,0.00
2.515116,173.3203,-1348.505859,1919,1349.2969,0.00,1,0.00
2.516117,173.2324,-1348.593750,1919,1349.2969,0.00,1,0.00
2.517118,173.2324,-1348.593750,1919,1349.2969,0.00,1,0.00
2.518119,173.2324,-1348.593750,1919,1349.2969,0.00,1,0.00
2.519120,173.1445,-1348.681641,1919,1349.2969,0.00,1,0.00
2.520121,173.2324,-1348.593750,1919,1349.2969,0.00,1,0.00
2.521122,173.2324,-1348.593750,1919,1349.2969,0.00,1,0.00
2.522123,173.1445,-1348.681641,1919,1349.2969,0.00,1,0.00
2.523124,173.2324,-1348.593750,1919,1349.2969,0.00,1,0.00
2.524125,173.3203,-1348.505859,1919,1349.2969,0.00,1,0.00
2.525126,173.2324,-1348.593750,1919,1349.2969,0.00,1,0.00
2.526127,173.2324,-1348.593750,1919,1349.2969,0.00,1,0.00
2.527128,173.2324,-1348.593750,1919,1349.2969,0.00,1,0.00
2.528129,173.3203,-1348.505859,1919,1349.2969,0.00,1,0.00
2.529130,173.3203,-1348.505859,1919,1349.2969,0.00,1,0.00
2.530131,173.3203,-1348.505859,1919,1349.2969,0.00,1,0.00
2.531132,173.2324,-1348.593750,1919,1349.2969,0.00,1,0.00
2.532133,173.2324,-1348.593750,1919,1349.2969,0.00,1,0.00
2.533134,173.3203,-1348.505859,1919,1349.2969,0.00,1,0.00
2.534135,173.2324,-1348.593750,1919,1349.2969,0.00,1,0.00
2.535136,173.2324,-1348.593750,1919,1349.2969,0.00,1,0.00
2.536137,173.2324,-1348.593750,1919,1349.2969,0.00,1,0.00
2.537138,173.2324,-1348.593750,1919,1349.2969,0.00,1,0.00
2.538139,173.2324,-1348.593750,1919,1349.2969,0.00,1,0.00
2.539140,173.2324,-1348.593750,1919,1349.2969,0.00,1,0.00
2.540141,173.2324,-1348.593750,1919,1349.2969,0.00,1,0.00
2.541142,173.3203,-1348.505859,1919,1349.2969,0.00,1,0.00
2.542143,173.3203,-1348.505859,1919,1349.2969,0.00,1,0.00
2.543144,173.2324,-1348.593750,1919,1349.2969,0.00,1,0.00
2.544145,173.2324,-1348.593750,1919,1349.2969,0.00,1,0.00
2.545146,173.2324,-1348.593750,1919,1349.2969,0.00,1,0.00
2.546147,173.2324,-1348.593750,1919,1349.2969,0.00,1,0.00
2.547148,173.2324,-1348.593750,1919,1349.2969,0.00,1,0.00
2.548149,173.2324,-1348.593750,1919,1349.2969,0.00,1,0.00
2.555457,173.3203,-1348.505859,1919,1349.2969,0.00,1,0.00
2.556457,173.2324,-1348.593750,1919,1349.2969,0.00,1,0.00
2.557458,173.1445,-1348.681641,1919,1349.2969,0.00,1,0.00
2.558458,173.1445,-1348.681641,1919,1349.2969,0.00,1,0.00
2.559459,173.2324,-1348.593750,1919,1349.2969,0.00,1,0.00
2.560460,173.2324,-1348.593750,1919,1349.2969,0.00,1,0.00
2.561461,173.2324,-1348.593750,1919,1349.2969,0.00,1,0.00
2.562462,173.2324,-1348.593750,1919,1349.2969,0.00,1,0.00
2.563463,173.2324,-1348.593750,1919,1349.2969,0.00,1,0.00
2.564464,173.2324,-1348.593750,1919,1349.2969,0.00,1,0.00
2.565465,173.2324,-1348.593750,1919,1349.2969,0.00,1,0.00
2.566466,173.2324,-1348.593750,1919,1349.2969,0.00,1,0.00
2.567467,173.2324,-1348.593750,1919,1349.2969,0.00,1,0.00
2.568468,173.3203,-1348.505859,1919,1349.2969,0.00,1,0.00
2.569469,173.3203,-1348.505859,1919,1349.2969,0.00,1,0.00
2.570470,173.3203,-1348.505859,1919,1349.2969,0.00,1,0.00
2.571471,173.2324,-1348.593750,1919,1349.2969,0.00,1,0.00
2.572472,173.2324,-1348.593750,1919,1349.2969,0.00,1,0.00
2.573473,173.2324,-1348.593750,1919,1349.2969,0.00,1,0.00
2.574474,173.2324,-1348.593750,1919,1349.2969,0.00,1,0.00
2.575475,173.2324,-1348.593750,1919,1349.2969,0.00,1,0.00
2.576476,173.2324,-1348.593750,1919,1349.2969,0.00,1,0.00
2.577477,173.2324,-1348.593750,1919,1349.2969,0.00,1,0.00
2.578478,173.2324,-1348.593750,1919,1349.2969,0.00,1,0.00
2.579479,173.3203,-1348.505859,1919,1349.2969,0.00,1,0.00
2.580480,173.3203,-1348.505859,1919,1349.2969,0.00,1,0.00
2.581481,173.3203,-1348.505859,1919,1349.2969,0.00,1,0.00
2.582482,173.3203,-1348.505859,1919,1349.2969,0.00,1,0.00
2.583483,173.2324,-1348.593750,1919,1349.2969,0.00,1,0.00
2.584484,173.2324,-1348.593750,1919,1349.2969,0.00,1,0.00
2.585485,173.2324,-1348.593750,1919,1349.2969,0.00,1,0.00
2.586486,173.3203,-1348.505859,1919,1349.2969,0.00,1,0.00
2.587487,173.3203,-1348.505859,1919,1349.2969,0.00,1,0.00
2.588488,173.2324,-1348.593750,1919,1349.2969,0.00,1,0.00
2.589489,173.2324,-1348.593750,1919,1349.2969,0.00,1,0.00
2.590490,173.1445,-1348.681641,1919,1349.2969,0.00,1,0.00
2.591491,173.2324,-1348.593750,1919,1349.2969,0.00,1,0.00
2.592492,173.2324,-1348.593750,1919,1349.2969,0.00,1,0.00
2.593493,173.2324,-1348.593750,1919,1349.2969,0.00,1,0.00
2.594494,173.2324,-1348.593750,1919,1349.2969,0.00,1,0.00
2.595495,173.2324,-1348.593750,1919,1349.2969,0.00,1,0.00
2.596496,173.3203,-1348.505859,1919,1349.2969,0.00,1,0.00
2.597497,173.2324,-1348.593750,1919,1349.2969,0.00,1,0.00
2.598498,173.3203,-1348.505859,1919,1349.2969,0.00,1,0.00
2.599499,173.3203,-1348.505859,1919,1349.2969,0.00,1,0.00
2.600500,173.2324,-1348.593750,1919,1349.2969,0.00,1,0.00
2.601501,173.2324,-1348.593750,1919,1349.2969,0.00,1,0.00
2.602502,173.2324,-1348.593750,1919,1349.2969,0.00,1,0.00
2.603503,173.2324,-1348.593750,1919,1349.2969,0.00,1,0.00
2.604504,173.2324,-1348.593750,1919,1349.2969,0.00,1,0.00
2.611812,173.2324,-1348.593750,1919,1349.2969,0.00,1,0.00
2.612812,173.2324,-1348.593750,1919,1349.2969,0.00,1,0.00
2.613813,173.2324,-1348.593750,1919,1349.2969,0.00,1,0.00
2.614813,173.2324,-1348.593750,1919,1349.2969,0.00,1,0.00
2.615814,173.2324,-1348.593750,1919,1349.2969,0.00,1,0.00
2.616815,173.2324,-1348.593750,1919,1349.2969,0.00,1,0.00
2.617816,173.2324,-1348.593750,1919,1349.2969,0.00,1,0.00
2.618817,173.2324,-1348.593750,1919,1349.2969,0.00,1,0.00
2.619818,173.3203,-1348.505859,1919,1349.2969,0.00,1,0.00
2.620819,173.3203,-1348.505859,1919,1349.2969,0.00,1,0.00
2.621820,173.2324,-1348.593750,1919,1349.2969,0.00,1,0.00
2.622821,173.2324,-1348.593750,1919,1349.2969,0.00,1,0.00
2.623822,173.3203,-1348.505859,1919,1349.2969,0.00,1,0.00
2.624823,173.2324,-1348.593750,1919,1349.2969,0.00,1,0.00
2.625824,173.2324,-1348.593750,1919,1349.2969,0.00,1,0.00
2.626825,173.2324,-1348.593750,1919,1349.2969,0.00,1,0.00
2.627826,173.2324,-1348.593750,1919,1349.2969,0.00,1,0.00
2.628827,173.2324,-1348.593750,1919,1349.2969,0.00,1,0.00
2.629828,173.2324,-1348.593750,1919,1349.2969,0.00,1,0.00
2.630829,173.2324,-1348.593750,1919,1349.2969,0.00,1,0.00
2.631830,173.2324,-1348.593750,1919,1349.2969,0.00,1,0.00
2.632831,173.1445,-1348.681641,1919,1349.2969,0.00,1,0.00
2.633832,173.2324,-1348.593750,1919,1349.2969,0.00,1,0.00
2.634833,173.2324,-1348.593750,1919,1349.2969,0.00,1,0.00
2.635834,173.2324,-1348.593750,1919,1349.2969,0.00,1,0.00
2.636835,173.2324,-1348.593750,1919,1349.2969,0.00,1,0.00
2.637836,173.2324,-1348.593750,1919,1349.2969,0.00,1,0.00
2.638837,173.1445,-1348.681641,1919,1349.2969,0.00,1,0.00
2.639838,173.2324,-1348.593750,1919,1349.2969,0.00,1,0.00
2.640839,173.3203,-1348.505859,1919,1349.2969,0.00,1,0.00
2.641840,173.2324,-1348.593750,1919,1349.2969,0.00,1,0.00
2.642841,173.2324,-1348.593750,1919,1349.2969,0.00,1,0.00
2.643842,173.2324,-1348.593750,1919,1349.2969,0.00,1,0.00
2.644843,173.2324,-1348.593750,1919,1349.2969,0.00,1,0.00
2.645844,173.3203,-1348.505859,1919,1349.2969,0.00,1,0.00
2.646845,173.3203,-1348.505859,1919,1349.2969,0.00,1,0.00
2.647846,173.2324,-1348.593750,1919,1349.2969,0.00,1,0.00
2.649514,173.2324,-1348.593750,1919,1349.2969,0.00,1,0.00
2.650515,173.2324,-1348.593750,1919,1349.2969,0.00,1,0.00
2.651516,173.2324,-1348.593750,1919,1349.2969,0.00,1,0.00
2.652517,173.1445,-1348.681641,1919,1349.2969,0.00,1,0.00
2.653518,173.2324,-1348.593750,1919,1349.2969,0.00,1,0.00
2.654519,173.2324,-1348.593750,1919,1349.2969,0.00,1,0.00
2.655520,173.2324,-1348.593750,1919,1349.2969,0.00,1,0.00
2.656521,173.2324,-1348.593750,1919,1349.2969,0.00,1,0.00
2.657522,173.2324,-1348.593750,1919,1349.2969,0.00,1,0.00
2.658523,173.2324,-1348.593750,1919,1349.2969,0.00,1,0.00
2.659524,173.2324,-1348.593750,1919,1349.2969,0.00,1,0.00
2.660525,173.2324,-1348.593750,1919,1349.2969,0.00,1,0.00
2.661526,173.2324,-1348.593750,1919,1349.2969,0.00,1,0.00
2.668858,173.3203,-1348.505859,1919,1349.2969,0.00,1,0.00
2.669859,173.2324,-1348.593750,1919,1349.2969,0.00,1,0.00
2.670859,173.1445,-1348.681641,1919,1349.2969,0.00,1,0.00
2.671860,173.1445,-1348.681641,1919,1349.2969,0.00,1,0.00
2.672861,173.2324,-1348.593750,1919,1349.2969,0.00,1,0.00
2.673862,173.2324,-1348.593750,1919,1349.2969,0.00,1,0.00
2.674863,173.2324,-1348.593750,1919,1349.2969,0.00,1,0.00
2.675864,173.2324,-1348.593750,1919,1349.2969,0.00,1,0.00
2.676865,173.3203,-1348.505859,1919,1349.2969,0.00,1,0.00
2.677866,173.2324,-1348.593750,1919,1349.2969,0.00,1,0.00
2.678867,173.2324,-1348.593750,1919,1349.2969,0.00,1,0.00
2.679868,173.2324,-1348.593750,1919,1349.2969,0.00,1,0.00
2.680869,173.2324,-1348.593750,1919,1349.2969,0.00,1,0.00
2.681870,173.2324,-1348.593750,1919,1349.2969,0.00,1,0.00
2.682871,173.2324,-1348.593750,1919,1349.2969,0.00,1,0.00
2.683872,173.2324,-1348.593750,1919,1349.2969,0.00,1,0.00
2.684873,173.2324,-1348.593750,1919,1349.2969,0.00,1,0.00
2.685874,173.1445,-1348.681641,1919,1349.2969,0.00,1,0.00
2.686875,173.2324,-1348.593750,1919,1349.2969,0.00,1,0.00
2.687876,173.2324,-1348.593750,1919,1349.2969,0.00,1,0.00
2.688877,173.3203,-1348.505859,1919,1349.2969,0.00,1,0.00
2.689878,173.2324,-1348.593750,1919,1349.2969,0.00,1,0.00
2.690879,173.2324,-1348.593750,1919,1349.2969,0.00,1,0.00
2.691880,173.3203,-1348.505859,1919,1349.2969,0.00,1,0.00
2.692881,173.2324,-1348.593750,1919,1349.2969,0.00,1,0.00
2.693882,173.2324,-1348.593750,1919,1349.2969,0.00,1,0.00
2.694883,173.2324,-1348.593750,1919,1349.2969,0.00,1,0.00
2.695884,173.2324,-1348.593750,1919,1349.2969,0.00,1,0.00
2.696885,173.2324,-1348.593750,1919,1349.2969,0.00,1,0.00
2.697886,173.1445,-1348.681641,1919,1349.2969,0.00,1,0.00
2.698887,173.2324,-1348.593750,1919,1349.2969,0.00,1,0.00
2.699888,173.2324,-1348.593750,1919,1349.2969,0.00,1,0.00
2.700889,173.2324,-1348.593750,1919,1349.2969,0.00,1,0.00
2.701890,173.2324,-1348.593750,1919,1349.2969,0.00,1,0.00
2.702891,173.2324,-1348.593750,1919,1349.2969,0.00,1,0.00
2.703892,173.2324,-1348.593750,1919,1349.2969,0.00,1,0.00
2.704893,173.2324,-1348.593750,1919,1349.2969,0.00,1,0.00
2.705894,173.3203,-1348.505859,1919,1349.2969,0.00,1,0.00
2.706895,173.2324,-1348.593750,1919,1349.2969,0.00,1,0.00
2.707895,173.2324,-1348.593750,1919,1349.2969,0.00,1,0.00
2.708896,173.3203,-1348.505859,1919,1349.2969,0.00,1,0.00
2.709896,173.2324,-1348.593750,1919,1349.2969,0.00,1,0.00
2.710897,173.2324,-1348.593750,1919,1349.2969,0.00,1,0.00
2.711898,173.2324,-1348.593750,1919,1349.2969,0.00,1,0.00
2.712899,173.2324,-1348.593750,1919,1349.2969,0.00,1,0.00
2.713900,173.2324,-1348.593750,1919,1349.2969,0.00,1,0.00
2.714901,173.3203,-1348.505859,1919,1349.2969,0.00,1,0.00
2.715902,173.3203,-1348.505859,1919,1349.2969,0.00,1,0.00
2.716903,173.3203,-1348.505859,1919,1349.2969,0.00,1,0.00
2.717904,173.2324,-1348.593750,1919,1349.2969,0.00,1,0.00
2.725667,173.3203,-1348.505859,1919,1349.2969,0.00,1,0.00
2.726668,173.3203,-1348.505859,1919,1349.2969,0.00,1,0.00
2.727668,173.2324,-1348.593750,1919,1349.2969,0.00,1,0.00
2.728669,173.2324,-1348.593750,1919,1349.2969,0.00,1,0.00
2.729669,173.2324,-1348.593750,1919,1349.2969,0.00,1,0.00
2.730670,173.2324,-1348.593750,1919,1349.2969,0.00,1,0.00
2.731671,173.2324,-1348.593750,1919,1349.2969,0.00,1,0.00
2.732672,173.2324,-1348.593750,1919,1349.2969,0.00,1,0.00
2.733673,173.3203,-1348.505859,1919,1349.2969,0.00,1,0.00
2.734674,173.2324,-1348.593750,1919,1349.2969,0.00,1,0.00
2.735675,173.2324,-1348.593750,1919,1349.2969,0.00,1,0.00
2.736676,173.3203,-1348.505859,1919,1349.2969,0.00,1,0.00
2.737677,173.2324,-1348.593750,1919,1349.2969,0.00,1,0.00
2.738678,173.3203,-1348.505859,1919,1349.2969,0.00,1,0.00
2.739679,173.3203,-1348.505859,1919,1349.2969,0.00,1,0.00
2.740680,173.3203,-1348.505859,1919,1349.2969,0.00,1,0.00
2.741681,173.3203,-1348.505859,1919,1349.2969,0.00,1,0.00
2.742682,173.2324,-1348.593750,1919,1349.2969,0.00,1,0.00
2.743683,173.2324,-1348.593750,1919,1349.2969,0.00,1,0.00
2.744684,173.2324,-1348.593750,1919,1349.2969,0.00,1,0.00
2.745685,173.2324,-1348.593750,1919,1349.2969,0.00,1,0.00
2.746686,173.2324,-1348.593750,1919,1349.2969,0.00,1,0.00
2.747687,173.2324,-1348.593750,1919,1349.2969,0.00,1,0.00
2.748688,173.2324,-1348.593750,1919,1349.2969,0.00,1,0.00
2.749689,173.3203,-1348.505859,1919,1349.2969,0.00,1,0.00
2.750690,173.2324,-1348.593750,1919,1349.2969,0.00,1,0.00
2.751691,173.2324,-1348.593750,1919,1349.2969,0.00,1,0.00
2.752692,173.2324,-1348.593750,1919,1349.2969,0.00,1,0.00
2.753693,173.2324,-1348.593750,1919,1349.2969,0.00,1,0.00
2.754694,173.2324,-1348.593750,1919,1349.2969,0.00,1,0.00
2.755695,173.2324,-1348.593750,1919,1349.2969,0.00,1,0.00
2.756696,173.2324,-1348.593750,1919,1349.2969,0.00,1,0.00
2.757697,173.2324,-1348.593750,1919,1349.2969,0.00,1,0.00
2.758698,173.2324,-1348.593750,1919,1349.2969,0.00,1,0.00
2.759699,173.2324,-1348.593750,1919,1349.2969,0.00,1,0.00
2.760700,173.2324,-1348.593750,1919,1349.2969,0.00,1,0.00
2.761701,173.2324,-1348.593750,1919,1349.2969,0.00,1,0.00
2.762702,173.2324,-1348.593750,1919,1349.2969,0.00,1,0.00
2.763703,173.2324,-1348.593750,1919,1349.2969,0.00,1,0.00
2.764704,173.2324,-1348.593750,1919,1349.2969,0.00,1,0.00
2.765705,173.3203,-1348.505859,1919,1349.2969,0.00,1,0.00
2.766706,173.2324,-1348.593750,1919,1349.2969,0.00,1,0.00
2.767707,173.2324,-1348.593750,1919,1349.2969,0.00,1,0.00
2.768708,173.2324,-1348.593750,1919,1349.2969,0.00,1,0.00
2.769709,173.2324,-1348.593750,1919,1349.2969,0.00,1,0.00
2.770710,173.2324,-1348.593750,1919,1349.2969,0.00,1,0.00
2.771711,173.2324,-1348.593750,1919,1349.2969,0.00,1,0.00
2.772712,173.2324,-1348.593750,1919,1349.2969,0.00,1,0.00
2.773713,173.2324,-1348.593750,1919,1349.2969,0.00,1,0.00
2.774714,173.3203,-1348.505859,1919,1349.2969,0.00,1,0.00
2.781996,173.3203,-1348.505859,1919,1349.2969,0.00,1,0.00
2.782997,173.2324,-1348.593750,1919,1349.2969,0.00,1,0.00
2.783997,173.2324,-1348.593750,1919,1349.2969,0.00,1,0.00
2.784998,173.2324,-1348.593750,1919,1349.2969,0.00,1,0.00
2.785998,173.2324,-1348.593750,1919,1349.2969,0.00,1,0.00
2.786999,173.2324,-1348.593750,1919,1349.2969,0.00,1,0.00
2.788000,173.1445,-1348.681641,1919,1349.2969,0.00,1,0.00
2.789001,173.2324,-1348.593750,1919,1349.2969,0.00,1,0.00
2.790002,173.2324,-1348.593750,1919,1349.2969,0.00,1,0.00
2.791003,173.3203,-1348.505859,1919,1349.2969,0.00,1,0.00
2.792004,173.3203,-1348.505859,1919,1349.2969,0.00,1,0.00
2.793005,173.2324,-1348.593750,1919,1349.2969,0.00,1,0.00
2.794006,173.2324,-1348.593750,1919,1349.2969,0.00,1,0.00
2.795007,173.2324,-1348.593750,1919,1349.2969,0.00,1,0.00
2.796008,173.2324,-1348.593750,1919,1349.2969,0.00,1,0.00
2.797009,173.2324,-1348.593750,1919,1349.2969,0.00,1,0.00
2.798010,173.2324,-1348.593750,1919,1349.2969,0.00,1,0.00
2.799011,173.2324,-1348.593750,1919,1349.2969,0.00,1,0.00
2.800012,173.2324,-1348.593750,1919,1349.2969,0.00,1,0.00
2.801013,173.2324,-1348.593750,1919,1349.2969,0.00,1,0.00
2.802014,173.2324,-1348.593750,1919,1349.2969,0.00,1,0.00
2.803014,173.2324,-1348.593750,1919,1349.2969,0.00,1,0.00
2.804015,173.2324,-1348.593750,1919,1349.2969,0.00,1,0.00
2.805015,173.2324,-1348.593750,1919,1349.2969,0.00,1,0.00
2.806016,173.3203,-1348.505859,1919,1349.2969,0.00,1,0.00
2.807017,173.2324,-1348.593750,1919,1349.2969,0.00,1,0.00
2.808018,173.1445,-1348.681641,1919,1349.2969,0.00,1,0.00
2.809019,173.2324,-1348.593750,1919,1349.2969,0.00,1,0.00
2.810020,173.1445,-1348.681641,1919,1349.2969,0.00,1,0.00
2.811021,173.2324,-1348.593750,1919,1349.2969,0.00,1,0.00
2.812022,173.2324,-1348.593750,1919,1349.2969,0.00,1,0.00
2.813023,173.2324,-1348.593750,1919,1349.2969,0.00,1,0.00
2.814024,173.2324,-1348.593750,1919,1349.2969,0.00,1,0.00
2.815025,173.2324,-1348.593750,1919,1349.2969,0.00,1,0.00
2.816026,173.3203,-1348.505859,1919,1349.2969,0.00,1,0.00
2.817027,173.2324,-1348.593750,1919,1349.2969,0.00,1,0.00
2.818028,173.3203,-1348.505859,1919,1349.2969,0.00,1,0.00
2.819029,173.2324,-1348.593750,1919,1349.2969,0.00,1,0.00
2.820030,173.2324,-1348.593750,1919,1349.2969,0.00,1,0.00
2.821031,173.2324,-1348.593750,1919,1349.2969,0.00,1,0.00
2.822032,173.2324,-1348.593750,1919,1349.2969,0.00,1,0.00
2.823033,173.2324,-1348.593750,1919,1349.2969,0.00,1,0.00
2.824034,173.2324,-1348.593750,1919,1349.2969,0.00,1,0.00
2.825035,173.2324,-1348.593750,1919,1349.2969,0.00,1,0.00
2.826036,173.2324,-1348.593750,1919,1349.2969,0.00,1,0.00
2.827037,173.3203,-1348.505859,1919,1349.2969,0.00,1,0.00
2.828038,173.3203,-1348.505859,1919,1349.2969,0.00,1,0.00
2.829039,173.3203,-1348.505859,1919,1349.2969,0.00,1,0.00
2.830040,173.2324,-1348.593750,1919,1349.2969,0.00,1,0.00
2.831041,173.2324,-1348.593750,1919,1349.2969,0.00,1,0.00
2.838334,173.2324,-1348.593750,1919,1349.2969,0.00,1,0.00
2.839335,173.2324,-1348.593750,1919,1349.2969,0.00,1,0.00
2.840336,173.2324,-1348.593750,1919,1349.2969,0.00,1,0.00
2.841337,173.2324,-1348.593750,1919,1349.2969,0.00,1,0.00
2.842338,173.2324,-1348.593750,1919,1349.2969,0.00,1,0.00
2.843339,173.2324,-1348.593750,1919,1349.2969,0.00,1,0.00
2.844340,173.2324,-1348.593750,1919,1349.2969,0.00,1,0.00
2.845341,173.2324,-1348.593750,1919,1349.2969,0.00,1,0.00
2.846342,173.2324,-1348.593750,1919,1349.2969,0.00,1,0.00
2.847343,173.2324,-1348.593750,1919,1349.2969,0.00,1,0.00
2.848344,173.3203,-1348.505859,1919,1349.2969,0.00,1,0.00
2.849345,173.2324,-1348.593750,1919,1349.2969,0.00,1,0.00
2.850346,173.2324,-1348.593750,1919,1349.2969,0.00,1,0.00
2.851347,173.2324,-1348.593750,1919,1349.2969,0.00,1,0.00
2.852348,173.2324,-1348.593750,1919,1349.2969,0.00,1,0.00
2.853349,173.2324,-1348.593750,1919,1349.2969,0.00,1,0.00
2.854350,173.3203,-1348.505859,1919,1349.2969,0.00,1,0.00
2.855351,173.3203,-1348.505859,1919,1349.2969,0.00,1,0.00
2.856352,173.2324,-1348.593750,1919,1349.2969,0.00,1,0.00
2.857353,173.2324,-1348.593750,1919,1349.2969,0.00,1,0.00
2.858354,173.2324,-1348.593750,1919,1349.2969,0.00,1,0.00
2.859355,173.2324,-1348.593750,1919,1349.2969,0.00,1,0.00
2.860356,173.2324,-1348.593750,1919,1349.2969,0.00,1,0.00
2.861357,173.2324,-1348.593750,1919,1349.2969,0.00,1,0.00
2.862358,173.2324,-1348.593750,1919,1349.2969,0.00,1,0.00
2.863359,173.2324,-1348.593750,1919,1349.2969,0.00,1,0.00
2.864360,173.2324,-1348.593750,1919,1349.2969,0.00,1,0.00
2.865361,173.2324,-1348.593750,1919,1349.2969,0.00,1,0.00
2.866362,173.2324,-1348.593750,1919,1349.2969,0.00,1,0.00
2.867363,173.2324,-1348.593750,1919,1349.2969,0.00,1,0.00
2.868364,173.3203,-1348.505859,1919,1349.2969,0.00,1,0.00
2.869365,173.3203,-1348.505859,1919,1349.2969,0.00,1,0.00
2.870366,173.2324,-1348.593750,1919,1349.2969,0.00,1,0.00
2.871367,173.2324,-1348.593750,1919,1349.2969,0.00,1,0.00
2.872368,173.1445,-1348.681641,1919,1349.2969,0.00,1,0.00
2.873369,173.1445,-1348.681641,1919,1349.2969,0.00,1,0.00
2.874370,173.2324,-1348.593750,1919,1349.2969,0.00,1,0.00
2.875371,173.1445,-1348.681641,1919,1349.2969,0.00,1,0.00
2.876372,173.1445,-1348.681641,1919,1349.2969,0.00,1,0.00
2.877373,173.2324,-1348.593750,1919,1349.2969,0.00,1,0.00
2.878374,173.2324,-1348.593750,1919,1349.2969,0.00,1,0.00
2.879375,173.2324,-1348.593750,1919,1349.2969,0.00,1,0.00
2.880376,173.2324,-1348.593750,1919,1349.2969,0.00,1,0.00
2.881377,173.2324,-1348.593750,1919,1349.2969,0.00,1,0.00
2.882378,173.2324,-1348.593750,1919,1349.2969,0.00,1,0.00
2.883379,173.2324,-1348.593750,1919,1349.2969,0.00,1,0.00
2.884380,173.3203,-1348.505859,1919,1349.2969,0.00,1,0.00
2.885381,173.3203,-1348.505859,1919,1349.2969,0.00,1,0.00
2.886382,173.3203,-1348.505859,1919,1349.2969,0.00,1,0.00
2.887383,173.2324,-1348.593750,1919,1349.2969,0.00,1,0.00
2.894679,173.2324,-1348.593750,1919,1349.2969,0.00,1,0.00
2.895680,173.2324,-1348.593750,1919,1349.2969,0.00,1,0.00
2.896681,173.3203,-1348.505859,1919,1349.2969,0.00,1,0.00
2.897682,173.3203,-1348.505859,1919,1349.2969,0.00,1,0.00
2.898683,173.2324,-1348.593750,1919,1349.2969,0.00,1,0.00
2.899684,173.2324,-1348.593750,1919,1349.2969,0.00,1,0.00
2.900685,173.2324,-1348.593750,1919,1349.2969,0.00,1,0.00
2.901686,173.2324,-1348.593750,1919,1349.2969,0.00,1,0.00
2.902687,173.2324,-1348.593750,1919,1349.2969,0.00,1,0.00
2.903688,173.2324,-1348.593750,1919,1349.2969,0.00,1,0.00
2.904689,173.2324,-1348.593750,1919,1349.2969,0.00,1,0.00
2.905690,173.2324,-1348.593750,1919,1349.2969,0.00,1,0.00
2.906691,173.2324,-1348.593750,1919,1349.2969,0.00,1,0.00
2.907692,173.2324,-1348.593750,1919,1349.2969,0.00,1,0.00
2.908693,173.2324,-1348.593750,1919,1349.2969,0.00,1,0.00
2.909694,173.2324,-1348.593750,1919,1349.2969,0.00,1,0.00
2.910695,173.2324,-1348.593750,1919,1349.2969,0.00,1,0.00
2.911696,173.2324,-1348.593750,1919,1349.2969,0.00,1,0.00
2.912697,173.2324,-1348.593750,1919,1349.2969,0.00,1,0.00
2.913698,173.2324,-1348.593750,1919,1349.2969,0.00,1,0.00
2.914699,173.2324,-1348.593750,1919,1349.2969,0.00,1,0.00
2.915700,173.3203,-1348.505859,1919,1349.2969,0.00,1,0.00
2.916701,173.3203,-1348.505859,1919,1349.2969,0.00,1,0.00
2.917702,173.2324,-1348.593750,1919,1349.2969,0.00,1,0.00
2.918703,173.2324,-1348.593750,1919,1349.2969,0.00,1,0.00
2.919704,173.2324,-1348.593750,1919,1349.2969,0.00,1,0.00
2.920705,173.2324,-1348.593750,1919,1349.2969,0.00,1,0.00
2.921706,173.2324,-1348.593750,1919,1349.2969,0.00,1,0.00
2.922707,173.2324,-1348.593750,1919,1349.2969,0.00,1,0.00
2.923708,173.2324,-1348.593750,1919,1349.2969,0.00,1,0.00
2.924709,173.2324,-1348.593750,1919,1349.2969,0.00,1,0.00
2.925710,173.2324,-1348.593750,1919,1349.2969,0.00,1,0.00
2.926711,173.2324,-1348.593750,1919,1349.2969,0.00,1,0.00
2.927712,173.2324,-1348.593750,1919,1349.2969,0.00,1,0.00
2.928713,173.2324,-1348.593750,1919,1349.2969,0.00,1,0.00
2.929714,173.2324,-1348.593750,1919,1349.2969,0.00,1,0.00
2.930715,173.2324,-1348.593750,1919,1349.2969,0.00,1,0.00
2.931716,173.2324,-1348.593750,1919,1349.2969,0.00,1,0.00
2.932717,173.2324,-1348.593750,1919,1349.2969,0.00,1,0.00
2.933718,173.2324,-1348.593750,1919,1349.2969,0.00,1,0.00
2.934719,173.2324,-1348.593750,1919,1349.2969,0.00,1,0.00
2.935720,173.3203,-1348.505859,1919,1349.2969,0.00,1,0.00
2.936721,173.3203,-1348.505859,1919,1349.2969,0.00,1,0.00
2.937722,173.3203,-1348.505859,1919,1349.2969,0.00,1,0.00
2.938723,173.3203,-1348.505859,1919,1349.2969,0.00,1,0.00
2.939724,173.2324,-1348.593750,1919,1349.2969,0.00,1,0.00
2.940725,173.2324,-1348.593750,1919,1349.2969,0.00,1,0.00
2.941726,173.2324,-1348.593750,1919,1349.2969,0.00,1,0.00
2.942727,173.3203,-1348.505859,1919,1349.2969,0.00,1,0.00
2.943728,173.3203,-1348.505859,1919,1349.2969,0.00,1,0.00
2.951046,173.2324,-1348.593750,1919,1349.2969,0.00,1,0.00
2.952047,173.2324,-1348.593750,1919,1349.2969,0.00,1,0.00
2.953048,173.2324,-1348.593750,1919,1349.2969,0.00,1,0.00
2.954049,173.2324,-1348.593750,1919,1349.2969,0.00,1,0.00
2.955050,173.2324,-1348.593750,1919,1349.2969,0.00,1,0.00
2.956051,173.2324,-1348.593750,1919,1349.2969,0.00,1,0.00
2.957052,173.2324,-1348.593750,1919,1349.2969,0.00,1,0.00
2.958053,173.2324,-1348.593750,1919,1349.2969,0.00,1,0.00
2.959053,173.2324,-1348.593750,1919,1349.2969,0.00,1,0.00
2.960054,173.2324,-1348.593750,1919,1349.2969,0.00,1,0.00
2.961054,173.2324,-1348.593750,1919,1349.2969,0.00,1,0.00
2.962055,173.2324,-1348.593750,1919,1349.2969,0.00,1,0.00
2.963056,173.2324,-1348.593750,1919,1349.2969,0.00,1,0.00
2.964057,173.2324,-1348.593750,1919,1349.2969,0.00,1,0.00
2.965058,173.2324,-1348.593750,1919,1349.2969,0.00,1,0.00
2.966059,173.2324,-1348.593750,1919,1349.2969,0.00,1,0.00
2.967060,173.2324,-1348.593750,1919,1349.2969,0.00,1,0.00
2.968061,173.2324,-1348.593750,1919,1349.2969,0.00,1,0.00
2.969062,173.2324,-1348.593750,1919,1349.2969,0.00,1,0.00
2.970063,173.2324,-1348.593750,1919,1349.2969,0.00,1,0.00
2.971064,173.2324,-1348.593750,1919,1349.2969,0.00,1,0.00
2.972065,173.1445,-1348.681641,1919,1349.2969,0.00,1,0.00
2.973066,173.2324,-1348.593750,1919,1349.2969,0.00,1,0.00
2.974067,173.2324,-1348.593750,1919,1349.2969,0.00,1,0.00
2.975068,173.2324,-1348.593750,1919,1349.2969,0.00,1,0.00
2.976069,173.3203,-1348.505859,1919,1349.2969,0.00,1,0.00
2.977070,173.3203,-1348.505859,1919,1349.2969,0.00,1,0.00
2.978071,173.2324,-1348.593750,1919,1349.2969,0.00,1,0.00
2.979072,173.2324,-1348.593750,1919,1349.2969,0.00,1,0.00
2.980073,173.2324,-1348.593750,1919,1349.2969,0.00,1,0.00
2.981074,173.2324,-1348.593750,1919,1349.2969,0.00,1,0.00
2.982075,173.2324,-1348.593750,1919,1349.2969,0.00,1,0.00
2.983076,173.2324,-1348.593750,1919,1349.2969,0.00,1,0.00
2.984077,173.2324,-1348.593750,1919,1349.2969,0.00,1,0.00
2.985078,173.2324,-1348.593750,1919,1349.2969,0.00,1,0.00
2.986079,173.3203,-1348.505859,1919,1349.2969,0.00,1,0.00
2.987080,173.3203,-1348.505859,1919,1349.2969,0.00,1,0.00
2.988081,173.2324,-1348.593750,1919,1349.2969,0.00,1,0.00
2.989082,173.3203,-1348.505859,1919,1349.2969,0.00,1,0.00
2.990083,173.2324,-1348.593750,1919,1349.2969,0.00,1,0.00
2.991084,173.2324,-1348.593750,1919,1349.2969,0.00,1,0.00
2.999802,173.2324,-1348.593750,1919,1349.2969,0.00,1,0.00
3.000802,173.2324,-1348.593750,1919,1349.2969,0.00,1,0.00
3.001803,173.2324,-1348.593750,1919,1349.2969,0.00,1,0.00
3.002803,173.2324,-1348.593750,1919,1349.2969,0.00,1,0.00
3.003804,173.2324,-1348.593750,1919,1349.2969,0.00,1,0.00
3.004805,173.2324,-1348.593750,1919,1349.2969,0.00,1,0.00
3.005806,173.3203,-1348.505859,1919,1349.2969,0.00,1,0.00
3.006807,173.4082,-1348.417969,1919,1349.2969,0.00,1,0.00
3.007808,173.3203,-1348.505859,1919,1349.2969,0.00,1,0.00
3.014971,173.2324,-1348.593750,1919,1349.2969,0.00,1,0.00
3.015972,173.2324,-1348.593750,1919,1349.2969,0.00,1,0.00
3.016972,173.2324,-1348.593750,1919,1349.2969,0.00,1,0.00
3.017973,173.2324,-1348.593750,1919,1349.2969,0.00,1,0.00
3.018974,173.2324,-1348.593750,1919,1349.2969,0.00,1,0.00
3.019975,173.2324,-1348.593750,1919,1349.2969,0.00,1,0.00
3.020976,173.2324,-1348.593750,1919,1349.2969,0.00,1,0.00
3.021977,173.2324,-1348.593750,1919,1349.2969,0.00,1,0.00
3.022978,173.3203,-1348.505859,1919,1349.2969,0.00,1,0.00
3.023979,173.3203,-1348.505859,1919,1349.2969,0.00,1,0.00
3.024980,173.3203,-1348.505859,1919,1349.2969,0.00,1,0.00
3.025981,173.3203,-1348.505859,1919,1349.2969,0.00,1,0.00
3.026982,173.3203,-1348.505859,1919,1349.2969,0.00,1,0.00
3.027983,173.3203,-1348.505859,1919,1349.2969,0.00,1,0.00
3.028984,173.2324,-1348.593750,1919,1349.2969,0.00,1,0.00
3.029985,173.2324,-1348.593750,1919,1349.2969,0.00,1,0.00
3.030986,173.2324,-1348.593750,1919,1349.2969,0.00,1,0.00
3.031987,173.2324,-1348.593750,1919,1349.2969,0.00,1,0.00
3.032988,173.2324,-1348.593750,1919,1349.2969,0.00,1,0.00
3.033989,173.3203,-1348.505859,1919,1349.2969,0.00,1,0.00
3.034990,173.3203,-1348.505859,1919,1349.2969,0.00,1,0.00
3.035991,173.2324,-1348.593750,1919,1349.2969,0.00,1,0.00
3.036992,173.2324,-1348.593750,1919,1349.2969,0.00,1,0.00
3.037993,173.3203,-1348.505859,1919,1349.2969,0.00,1,0.00
3.038994,173.2324,-1348.593750,1919,1349.2969,0.00,1,0.00
3.039995,173.2324,-1348.593750,1919,1349.2969,0.00,1,0.00
3.041969,173.2324,-1348.593750,1919,1349.2969,0.00,1,0.00
3.042970,173.3203,-1348.505859,1919,1349.2969,0.00,1,0.00
3.043970,173.3203,-1348.505859,1919,1349.2969,0.00,1,0.00
3.044971,173.3203,-1348.505859,1919,1349.2969,0.00,1,0.00
3.045972,173.3203,-1348.505859,1919,1349.2969,0.00,1,0.00
3.046973,173.2324,-1348.593750,1919,1349.2969,0.00,1,0.00
3.047974,173.2324,-1348.593750,1919,1349.2969,0.00,1,0.00
3.048975,173.2324,-1348.593750,1919,1349.2969,0.00,1,0.00
3.049976,173.2324,-1348.593750,1919,1349.2969,0.00,1,0.00
3.050977,173.2324,-1348.593750,1919,1349.2969,0.00,1,0.00
3.051978,173.3203,-1348.505859,1919,1349.2969,0.00,1,0.00
3.052979,173.3203,-1348.505859,1919,1349.2969,0.00,1,0.00
3.053980,173.2324,-1348.593750,1919,1349.2969,0.00,1,0.00
3.054980,173.3203,-1348.505859,1919,1349.2969,0.00,1,0.00
3.055981,173.3203,-1348.505859,1919,1349.2969,0.00,1,0.00
3.056981,173.2324,-1348.593750,1919,1349.2969,0.00,1,0.00
3.057982,173.2324,-1348.593750,1919,1349.2969,0.00,1,0.00
3.058983,173.2324,-1348.593750,1919,1349.2969,0.00,1,0.00
3.059984,173.2324,-1348.593750,1919,1349.2969,0.00,1,0.00
3.060985,173.1445,-1348.681641,1919,1349.2969,0.00,1,0.00
3.061986,173.2324,-1348.593750,1919,1349.2969,0.00,1,0.00
3.062987,173.2324,-1348.593750,1919,1349.2969,0.00,1,0.00
3.063988,173.3203,-1348.505859,1919,1349.2969,0.00,1,0.00
3.064989,173.2324,-1348.593750,1919,1349.2969,0.00,1,0.00
3.072260,173.2324,-1348.593750,1919,1349.2969,0.00,1,0.00
3.073260,173.1445,-1348.681641,1919,1349.2969,0.00,1,0.00
3.074261,173.3203,-1348.505859,1919,1349.2969,0.00,1,0.00
3.075262,173.3203,-1348.505859,1919,1349.2969,0.00,1,0.00
3.076263,173.2324,-1348.593750,1919,1349.2969,0.00,1,0.00
3.077264,173.2324,-1348.593750,1919,1349.2969,0.00,1,0.00
3.078265,173.2324,-1348.593750,1919,1349.2969,0.00,1,0.00
3.079266,173.2324,-1348.593750,1919,1349.2969,0.00,1,0.00
3.080267,173.2324,-1348.593750,1919,1349.2969,0.00,1,0.00
3.081268,173.2324,-1348.593750,1919,1349.2969,0.00,1,0.00
3.082269,173.2324,-1348.593750,1919,1349.2969,0.00,1,0.00
3.083270,173.3203,-1348.505859,1919,1349.2969,0.00,1,0.00
3.084271,173.2324,-1348.593750,1919,1349.2969,0.00,1,0.00
3.085272,173.2324,-1348.593750,1919,1349.2969,0.00,1,0.00
3.086273,173.2324,-1348.593750,1919,1349.2969,0.00,1,0.00
3.087274,173.3203,-1348.505859,1919,1349.2969,0.00,1,0.00
3.088275,173.3203,-1348.505859,1919,1349.2969,0.00,1,0.00
3.089276,173.2324,-1348.593750,1919,1349.2969,0.00,1,0.00
3.090277,173.2324,-1348.593750,1919,1349.2969,0.00,1,0.00
3.091278,173.3203,-1348.505859,1919,1349.2969,0.00,1,0.00
3.092279,173.3203,-1348.505859,1919,1349.2969,0.00,1,0.00
3.093280,173.2324,-1348.593750,1919,1349.2969,0.00,1,0.00
3.094281,173.1445,-1348.681641,1919,1349.2969,0.00,1,0.00
3.095282,173.2324,-1348.593750,1919,1349.2969,0.00,1,0.00
3.096283,173.2324,-1348.593750,1919,1349.2969,0.00,1,0.00
3.097284,173.2324,-1348.593750,1919,1349.2969,0.00,1,0.00
3.098285,173.2324,-1348.593750,1919,1349.2969,0.00,1,0.00
3.099286,173.2324,-1348.593750,1919,1349.2969,0.00,1,0.00
3.100287,173.2324,-1348.593750,1919,1349.2969,0.00,1,0.00
3.101288,173.2324,-1348.593750,1919,1349.2969,0.00,1,0.00
3.102289,173.2324,-1348.593750,1919,1349.2969,0.00,1,0.00
3.103290,173.2324,-1348.593750,1919,1349.2969,0.00,1,0.00
3.104291,173.2324,-1348.593750,1919,1349.2969,0.00,1,0.00
3.105292,173.2324,-1348.593750,1919,1349.2969,0.00,1,0.00
3.106293,173.2324,-1348.593750,1919,1349.2969,0.00,1,0.00
3.107294,173.3203,-1348.505859,1919,1349.2969,0.00,1,0.00
3.108295,173.2324,-1348.593750,1919,1349.2969,0.00,1,0.00
3.109296,173.2324,-1348.593750,1919,1349.2969,0.00,1,0.00
3.110297,173.2324,-1348.593750,1919,1349.2969,0.00,1,0.00
3.111298,173.2324,-1348.593750,1919,1349.2969,0.00,1,0.00
3.112299,173.2324,-1348.593750,1919,1349.2969,0.00,1,0.00
3.113300,173.3203,-1348.505859,1919,1349.2969,0.00,1,0.00
3.114301,173.3203,-1348.505859,1919,1349.2969,0.00,1,0.00
3.115302,173.3203,-1348.505859,1919,1349.2969,0.00,1,0.00
3.116303,173.3203,-1348.505859,1919,1349.2969,0.00,1,0.00
3.117304,173.2324,-1348.593750,1919,1349.2969,0.00,1,0.00
3.118305,173.2324,-1348.593750,1919,1349.2969,0.00,1,0.00
3.119306,173.2324,-1348.593750,1919,1349.2969,0.00,1,0.00
3.120307,173.2324,-1348.593750,1919,1349.2969,0.00,1,0.00
3.121308,173.2324,-1348.593750,1919,1349.2969,0.00,1,0.00
3.128578,173.3203,-1348.505859,1919,1349.2969,0.00,1,0.00
3.129579,173.3203,-1348.505859,1919,1349.2969,0.00,1,0.00
3.130580,173.3203,-1348.505859,1919,1349.2969,0.00,1,0.00
3.131581,173.2324,-1348.593750,1919,1349.2969,0.00,1,0.00
3.132582,173.2324,-1348.593750,1919,1349.2969,0.00,1,0.00
3.133583,173.2324,-1348.593750,1919,1349.2969,0.00,1,0.00
3.134584,173.2324,-1348.593750,1919,1349.2969,0.00,1,0.00
3.135585,173.2324,-1348.593750,1919,1349.2969,0.00,1,0.00
3.136586,173.3203,-1348.505859,1919,1349.2969,0.00,1,0.00
3.137587,173.3203,-1348.505859,1919,1349.2969,0.00,1,0.00
3.138588,173.2324,-1348.593750,1919,1349.2969,0.00,1,0.00
3.139589,173.2324,-1348.593750,1919,1349.2969,0.00,1,0.00
3.140590,173.2324,-1348.593750,1919,1349.2969,0.00,1,0.00
3.141591,173.2324,-1348.593750,1919,1349.2969,0.00,1,0.00
3.142592,173.1445,-1348.681641,1919,1349.2969,0.00,1,0.00
3.143593,173.2324,-1348.593750,1919,1349.2969,0.00,1,0.00
3.144594,173.2324,-1348.593750,1919,1349.2969,0.00,1,0.00
3.145595,173.1445,-1348.681641,1919,1349.2969,0.00,1,0.00
3.146596,173.2324,-1348.593750,1919,1349.2969,0.00,1,0.00
3.147597,173.2324,-1348.593750,1919,1349.2969,0.00,1,0.00
3.148598,173.2324,-1348.593750,1919,1349.2969,0.00,1,0.00
3.149599,173.2324,-1348.593750,1919,1349.2969,0.00,1,0.00
3.150600,173.2324,-1348.593750,1919,1349.2969,0.00,1,0.00
3.151601,173.2324,-1348.593750,1919,1349.2969,0.00,1,0.00
3.152602,173.3203,-1348.505859,1919,1349.2969,0.00,1,0.00
3.153603,173.2324,-1348.593750,1919,1349.2969,0.00,1,0.00
3.154604,173.2324,-1348.593750,1919,1349.2969,0.00,1,0.00
3.155605,173.3203,-1348.505859,1919,1349.2969,0.00,1,0.00
3.156606,173.2324,-1348.593750,1919,1349.2969,0.00,1,0.00
3.157607,173.2324,-1348.593750,1919,1349.2969,0.00,1,0.00
3.158608,173.2324,-1348.593750,1919,1349.2969,0.00,1,0.00
3.159609,173.2324,-1348.593750,1919,1349.2969,0.00,1,0.00
3.160610,173.2324,-1348.593750,1919,1349.2969,0.00,1,0.00
3.161611,173.2324,-1348.593750,1919,1349.2969,0.00,1,0.00
3.162612,173.1445,-1348.681641,1919,1349.2969,0.00,1,0.00
3.163613,173.2324,-1348.593750,1919,1349.2969,0.00,1,0.00
3.164614,173.2324,-1348.593750,1919,1349.2969,0.00,1,0.00
3.165615,173.2324,-1348.593750,1919,1349.2969,0.00,1,0.00
3.166616,173.2324,-1348.593750,1919,1349.2969,0.00,1,0.00
3.167617,173.2324,-1348.593750,1919,1349.2969,0.00,1,0.00
3.168618,173.2324,-1348.593750,1919,1349.2969,0.00,1,0.00
3.169619,173.2324,-1348.593750,1919,1349.2969,0.00,1,0.00
3.170620,173.2324,-1348.593750,1919,1349.2969,0.00,1,0.00
3.171621,173.2324,-1348.593750,1919,1349.2969,0.00,1,0.00
3.172622,173.1445,-1348.681641,1919,1349.2969,0.00,1,0.00
3.173623,173.2324,-1348.593750,1919,1349.2969,0.00,1,0.00
3.174624,173.2324,-1348.593750,1919,1349.2969,0.00,1,0.00
3.175625,173.2324,-1348.593750,1919,1349.2969,0.00,1,0.00
3.176626,173.2324,-1348.593750,1919,1349.2969,0.00,1,0.00
3.177627,173.2324,-1348.593750,1919,1349.2969,0.00,1,0.00
3.184922,173.2324,-1348.593750,1919,1349.2969,0.00,1,0.00
3.185923,173.2324,-1348.593750,1919,1349.2969,0.00,1,0.00
3.186924,173.2324,-1348.593750,1919,1349.2969,0.00,1,0.00
3.187925,173.2324,-1348.593750,1919,1349.2969,0.00,1,0.00
3.188926,173.2324,-1348.593750,1919,1349.2969,0.00,1,0.00
3.189927,173.3203,-1348.505859,1919,1349.2969,0.00,1,0.00
3.190928,173.2324,-1348.593750,1919,1349.2969,0.00,1,0.00
3.191929,173.2324,-1348.593750,1919,1349.2969,0.00,1,0.00
3.192930,173.2324,-1348.593750,1919,1349.2969,0.00,1,0.00
3.193931,173.2324,-1348.593750,1919,1349.2969,0.00,1,0.00
3.194932,173.2324,-1348.593750,1919,1349.2969,0.00,1,0.00
3.195933,173.1445,-1348.681641,1919,1349.2969,0.00,1,0.00
3.196934,173.2324,-1348.593750,1919,1349.2969,0.00,1,0.00
3.197935,173.2324,-1348.593750,1919,1349.2969,0.00,1,0.00
3.198936,173.2324,-1348.593750,1919,1349.2969,0.00,1,0.00
3.199937,173.2324,-1348.593750,1919,1349.2969,0.00,1,0.00
3.200938,173.2324,-1348.593750,1919,1349.2969,0.00,1,0.00
3.201939,173.2324,-1348.593750,1919,1349.2969,0.00,1,0.00
3.202940,173.3203,-1348.505859,1919,1349.2969,0.00,1,0.00
3.203941,173.3203,-1348.505859,1919,1349.2969,0.00,1,0.00
3.204942,173.2324,-1348.593750,1919,1349.2969,0.00,1,0.00
3.205943,173.2324,-1348.593750,1919,1349.2969,0.00,1,0.00
3.206944,173.3203,-1348.505859,1919,1349.2969,0.00,1,0.00
3.207945,173.2324,-1348.593750,1919,1349.2969,0.00,1,0.00
3.208946,173.2324,-1348.593750,1919,1349.2969,0.00,1,0.00
3.209947,173.2324,-1348.593750,1919,1349.2969,0.00,1,0.00
3.210948,173.2324,-1348.593750,1919,1349.2969,0.00,1,0.00
3.211949,173.2324,-1348.593750,1919,1349.2969,0.00,1,0.00
3.212950,173.2324,-1348.593750,1919,1349.2969,0.00,1,0.00
3.213951,173.2324,-1348.593750,1919,1349.2969,0.00,1,0.00
3.214952,173.2324,-1348.593750,1919,1349.2969,0.00,1,0.00
3.215953,173.2324,-1348.593750,1919,1349.2969,0.00,1,0.00
3.216953,173.2324,-1348.593750,1919,1349.2969,0.00,1,0.00
3.217954,173.2324,-1348.593750,1919,1349.2969,0.00,1,0.00
3.218954,173.2324,-1348.593750,1919,1349.2969,0.00,1,0.00
3.219955,173.2324,-1348.593750,1919,1349.2969,0.00,1,0.00
3.220956,173.2324,-1348.593750,1919,1349.2969,0.00,1,0.00
3.221957,173.2324,-1348.593750,1919,1349.2969,0.00,1,0.00
3.222958,173.2324,-1348.593750,1919,1349.2969,0.00,1,0.00
3.223959,173.2324,-1348.593750,1919,1349.2969,0.00,1,0.00
3.224960,173.2324,-1348.593750,1919,1349.2969,0.00,1,0.00
3.225961,173.2324,-1348.593750,1919,1349.2969,0.00,1,0.00
3.226962,173.2324,-1348.593750,1919,1349.2969,0.00,1,0.00
3.227963,173.3203,-1348.505859,1919,1349.2969,0.00,1,0.00
3.228964,173.3203,-1348.505859,1919,1349.2969,0.00,1,0.00
3.229965,173.2324,-1348.593750,1919,1349.2969,0.00,1,0.00
3.230966,173.2324,-1348.593750,1919,1349.2969,0.00,1,0.00
3.231967,173.2324,-1348.593750,1919,1349.2969,0.00,1,0.00
3.232968,173.2324,-1348.593750,1919,1349.2969,0.00,1,0.00
3.233969,173.2324,-1348.593750,1919,1349.2969,0.00,1,0.00
3.241287,173.2324,-1348.593750,1919,1349.2969,0.00,1,0.00
3.242288,173.2324,-1348.593750,1919,1349.2969,0.00,1,0.00
3.243288,173.2324,-1348.593750,1919,1349.2969,0.00,1,0.00
3.244289,173.2324,-1348.593750,1919,1349.2969,0.00,1,0.00
3.245289,173.2324,-1348.593750,1919,1349.2969,0.00,1,0.00
3.246290,173.3203,-1348.505859,1919,1349.2969,0.00,1,0.00
3.247291,173.3203,-1348.505859,1919,1349.2969,0.00,1,0.00
3.248292,173.2324,-1348.593750,1919,1349.2969,0.00,1,0.00
3.249293,173.2324,-1348.593750,1919,1349.2969,0.00,1,0.00
3.250294,173.2324,-1348.593750,1919,1349.2969,0.00,1,0.00
3.251295,173.2324,-1348.593750,1919,1349.2969,0.00,1,0.00
3.252296,173.2324,-1348.593750,1919,1349.2969,0.00,1,0.00
3.253297,173.2324,-1348.593750,1919,1349.2969,0.00,1,0.00
3.254298,173.2324,-1348.593750,1919,1349.2969,0.00,1,0.00
3.255299,173.2324,-1348.593750,1919,1349.2969,0.00,1,0.00
3.256300,173.3203,-1348.505859,1919,1349.2969,0.00,1,0.00
3.257301,173.2324,-1348.593750,1919,1349.2969,0.00,1,0.00
3.258302,173.2324,-1348.593750,1919,1349.2969,0.00,1,0.00
3.259303,173.2324,-1348.593750,1919,1349.2969,0.00,1,0.00
3.260304,173.3203,-1348.505859,1919,1349.2969,0.00,1,0.00
3.261305,173.3203,-1348.505859,1919,1349.2969,0.00,1,0.00
3.262306,173.3203,-1348.505859,1919,1349.2969,0.00,1,0.00
3.263307,173.3203,-1348.505859,1919,1349.2969,0.00,1,0.00
3.264308,173.2324,-1348.593750,1919,1349.2969,0.00,1,0.00
3.265309,173.2324,-1348.593750,1919,1349.2969,0.00,1,0.00
3.266310,173.2324,-1348.593750,1919,1349.2969,0.00,1,0.00
3.267311,173.2324,-1348.593750,1919,1349.2969,0.00,1,0.00
3.268312,173.3203,-1348.505859,1919,1349.2969,0.00,1,0.00
3.269313,173.2324,-1348.593750,1919,1349.2969,0.00,1,0.00
3.270314,173.1445,-1348.681641,1919,1349.2969,0.00,1,0.00
3.271315,173.1445,-1348.681641,1919,1349.2969,0.00,1,0.00
3.272316,173.2324,-1348.593750,1919,1349.2969,0.00,1,0.00
3.273317,173.2324,-1348.593750,1919,1349.2969,0.00,1,0.00
3.274318,173.3203,-1348.505859,1919,1349.2969,0.00,1,0.00
3.275319,173.3203,-1348.505859,1919,1349.2969,0.00,1,0.00
3.276320,173.3203,-1348.505859,1919,1349.2969,0.00,1,0.00
3.277321,173.2324,-1348.593750,1919,1349.2969,0.00,1,0.00
3.278322,173.1445,-1348.681641,1919,1349.2969,0.00,1,0.00
3.279323,173.2324,-1348.593750,1919,1349.2969,0.00,1,0.00
3.280324,173.3203,-1348.505859,1919,1349.2969,0.00,1,0.00
3.281325,173.3203,-1348.505859,1919,1349.2969,0.00,1,0.00
3.282326,173.2324,-1348.593750,1919,1349.2969,0.00,1,0.00
3.283327,173.2324,-1348.593750,1919,1349.2969,0.00,1,0.00
3.284328,173.2324,-1348.593750,1919,1349.2969,0.00,1,0.00
3.285329,173.2324,-1348.593750,1919,1349.2969,0.00,1,0.00
3.286330,173.2324,-1348.593750,1919,1349.2969,0.00,1,0.00
3.287331,173.3203,-1348.505859,1919,1349.2969,0.00,1,0.00
3.288332,173.2324,-1348.593750,1919,1349.2969,0.00,1,0.00
3.289333,173.2324,-1348.593750,1919,1349.2969,0.00,1,0.00
3.290334,173.2324,-1348.593750,1919,1349.2969,0.00,1,0.00
3.297655,173.2324,-1348.593750,1919,1349.2969,0.00,1,0.00
3.298656,173.2324,-1348.593750,1919,1349.2969,0.00,1,0.00
3.299657,173.3203,-1348.505859,1919,1349.2969,0.00,1,0.00
3.300658,173.3203,-1348.505859,1919,1349.2969,0.00,1,0.00
3.301659,173.2324,-1348.593750,1919,1349.2969,0.00,1,0.00
3.302660,173.2324,-1348.593750,1919,1349.2969,0.00,1,0.00
3.303661,173.2324,-1348.593750,1919,1349.2969,0.00,1,0.00
3.304662,173.2324,-1348.593750,1919,1349.2969,0.00,1,0.00
3.305663,173.2324,-1348.593750,1919,1349.2969,0.00,1,0.00
3.306664,173.2324,-1348.593750,1919,1349.2969,0.00,1,0.00
3.307665,173.2324,-1348.593750,1919,1349.2969,0.00,1,0.00
3.308666,173.2324,-1348.593750,1919,1349.2969,0.00,1,0.00
3.309667,173.2324,-1348.593750,1919,1349.2969,0.00,1,0.00
3.310668,173.2324,-1348.593750,1919,1349.2969,0.00,1,0.00
3.311669,173.1445,-1348.681641,1919,1349.2969,0.00,1,0.00
3.312669,173.1445,-1348.681641,1919,1349.2969,0.00,1,0.00
3.313670,173.1445,-1348.681641,1919,1349.2969,0.00,1,0.00
3.314670,173.2324,-1348.593750,1919,1349.2969,0.00,1,0.00
3.315671,173.2324,-1348.593750,1919,1349.2969,0.00,1,0.00
3.316672,173.2324,-1348.593750,1919,1349.2969,0.00,1,0.00
3.317673,173.2324,-1348.593750,1919,1349.2969,0.00,1,0.00
3.318674,173.2324,-1348.593750,1919,1349.2969,0.00,1,0.00
3.319675,173.3203,-1348.505859,1919,1349.2969,0.00,1,0.00
3.320676,173.3203,-1348.505859,1919,1349.2969,0.00,1,0.00
3.321677,173.2324,-1348.593750,1919,1349.2969,0.00,1,0.00
3.322678,173.1445,-1348.681641,1919,1349.2969,0.00,1,0.00
3.323679,173.2324,-1348.593750,1919,1349.2969,0.00,1,0.00
3.325193,173.2324,-1348.593750,1919,1349.2969,0.00,1,0.00
3.326193,173.2324,-1348.593750,1919,1349.2969,0.00,1,0.00
3.327194,173.2324,-1348.593750,1919,1349.2969,0.00,1,0.00
3.328195,173.2324,-1348.593750,1919,1349.2969,0.00,1,0.00
3.329196,173.3203,-1348.505859,1919,1349.2969,0.00,1,0.00
3.330197,173.3203,-1348.505859,1919,1349.2969,0.00,1,0.00
3.331198,173.3203,-1348.505859,1919,1349.2969,0.00,1,0.00
3.332199,173.3203,-1348.505859,1919,1349.2969,0.00,1,0.00
3.333200,173.2324,-1348.593750,1919,1349.2969,0.00,1,0.00
3.334201,173.2324,-1348.593750,1919,1349.2969,0.00,1,0.00
3.335202,173.2324,-1348.593750,1919,1349.2969,0.00,1,0.00
3.336203,173.2324,-1348.593750,1919,1349.2969,0.00,1,0.00
3.337204,173.2324,-1348.593750,1919,1349.2969,0.00,1,0.00
3.338205,173.2324,-1348.593750,1919,1349.2969,0.00,1,0.00
3.339206,173.2324,-1348.593750,1919,1349.2969,0.00,1,0.00
3.340207,173.2324,-1348.593750,1919,1349.2969,0.00,1,0.00
3.341208,173.2324,-1348.593750,1919,1349.2969,0.00,1,0.00
3.342209,173.2324,-1348.593750,1919,1349.2969,0.00,1,0.00
3.343210,173.2324,-1348.593750,1919,1349.2969,0.00,1,0.00
3.344211,173.2324,-1348.593750,1919,1349.2969,0.00,1,0.00
3.345212,173.2324,-1348.593750,1919,1349.2969,0.00,1,0.00
3.346213,173.3203,-1348.505859,1919,1349.2969,0.00,1,0.00
3.347214,173.3203,-1348.505859,1919,1349.2969,0.00,1,0.00
3.354498,173.2324,-1348.593750,1919,1349.2969,0.00,1,0.00
3.355498,173.2324,-1348.593750,1919,1349.2969,0.00,1,0.00
3.356499,173.2324,-1348.593750,1919,1349.2969,0.00,1,0.00
3.357500,173.3203,-1348.505859,1919,1349.2969,0.00,1,0.00
3.358501,173.2324,-1348.593750,1919,1349.2969,0.00,1,0.00
3.359502,173.2324,-1348.593750,1919,1349.2969,0.00,1,0.00
3.360503,173.2324,-1348.593750,1919,1349.2969,0.00,1,0.00
3.361504,173.2324,-1348.593750,1919,1349.2969,0.00,1,0.00
3.362505,173.2324,-1348.593750,1919,1349.2969,0.00,1,0.00
3.363506,173.2324,-1348.593750,1919,1349.2969,0.00,1,0.00
3.364507,173.2324,-1348.593750,1919,1349.2969,0.00,1,0.00
3.365508,173.2324,-1348.593750,1919,1349.2969,0.00,1,0.00
3.366509,173.2324,-1348.593750,1919,1349.2969,0.00,1,0.00
3.367510,173.3203,-1348.505859,1919,1349.2969,0.00,1,0.00
3.368511,173.3203,-1348.505859,1919,1349.2969,0.00,1,0.00
3.369512,173.2324,-1348.593750,1919,1349.2969,0.00,1,0.00
3.370513,173.2324,-1348.593750,1919,1349.2969,0.00,1,0.00
3.371514,173.2324,-1348.593750,1919,1349.2969,0.00,1,0.00
3.372515,173.2324,-1348.593750,1919,1349.2969,0.00,1,0.00
3.373516,173.3203,-1348.505859,1919,1349.2969,0.00,1,0.00
3.374517,173.2324,-1348.593750,1919,1349.2969,0.00,1,0.00
3.375518,173.2324,-1348.593750,1919,1349.2969,0.00,1,0.00
3.376519,173.2324,-1348.593750,1919,1349.2969,0.00,1,0.00
3.377520,173.3203,-1348.505859,1919,1349.2969,0.00,1,0.00
3.378521,173.2324,-1348.593750,1919,1349.2969,0.00,1,0.00
3.379522,173.2324,-1348.593750,1919,1349.2969,0.00,1,0.00
3.380523,173.2324,-1348.593750,1919,1349.2969,0.00,1,0.00
3.381524,173.2324,-1348.593750,1919,1349.2969,0.00,1,0.00
3.382525,173.2324,-1348.593750,1919,1349.2969,0.00,1,0.00
3.383526,173.3203,-1348.505859,1919,1349.2969,0.00,1,0.00
3.384527,173.2324,-1348.593750,1919,1349.2969,0.00,1,0.00
3.385528,173.2324,-1348.593750,1919,1349.2969,0.00,1,0.00
3.386529,173.3203,-1348.505859,1919,1349.2969,0.00,1,0.00
3.387530,173.2324,-1348.593750,1919,1349.2969,0.00,1,0.00
3.388531,173.2324,-1348.593750,1919,1349.2969,0.00,1,0.00
3.389532,173.2324,-1348.593750,1919,1349.2969,0.00,1,0.00
3.390533,173.3203,-1348.505859,1919,1349.2969,0.00,1,0.00
3.391534,173.3203,-1348.505859,1919,1349.2969,0.00,1,0.00
3.392535,173.2324,-1348.593750,1919,1349.2969,0.00,1,0.00
3.393536,173.2324,-1348.593750,1919,1349.2969,0.00,1,0.00
3.394537,173.3203,-1348.505859,1919,1349.2969,0.00,1,0.00
3.395538,173.3203,-1348.505859,1919,1349.2969,0.00,1,0.00
3.396539,173.3203,-1348.505859,1919,1349.2969,0.00,1,0.00
3.397540,173.2324,-1348.593750,1919,1349.2969,0.00,1,0.00
3.398541,173.2324,-1348.593750,1919,1349.2969,0.00,1,0.00
3.399542,173.2324,-1348.593750,1919,1349.2969,0.00,1,0.00
3.400543,173.2324,-1348.593750,1919,1349.2969,0.00,1,0.00
3.402673,173.2324,-1348.593750,1919,1349.2969,0.00,1,0.00
3.403674,173.2324,-1348.593750,1919,1349.2969,0.00,1,0.00
3.404674,173.2324,-1348.593750,1919,1349.2969,0.00,1,0.00
3.411994,173.3203,-1348.505859,1919,1349.2969,0.00,1,0.00
3.412995,173.2324,-1348.593750,1919,1349.2969,0.00,1,0.00
3.413996,173.1445,-1348.681641,1919,1349.2969,0.00,1,0.00
3.414997,173.2324,-1348.593750,1919,1349.2969,0.00,1,0.00
3.415998,173.2324,-1348.593750,1919,1349.2969,0.00,1,0.00
3.416999,173.3203,-1348.505859,1919,1349.2969,0.00,1,0.00
3.418000,173.2324,-1348.593750,1919,1349.2969,0.00,1,0.00
3.419001,173.2324,-1348.593750,1919,1349.2969,0.00,1,0.00
3.420002,173.2324,-1348.593750,1919,1349.2969,0.00,1,0.00
3.421003,173.2324,-1348.593750,1919,1349.2969,0.00,1,0.00
3.422004,173.2324,-1348.593750,1919,1349.2969,0.00,1,0.00
3.423005,173.2324,-1348.593750,1919,1349.2969,0.00,1,0.00
3.424006,173.2324,-1348.593750,1919,1349.2969,0.00,1,0.00
3.425007,173.2324,-1348.593750,1919,1349.2969,0.00,1,0.00
3.426008,173.2324,-1348.593750,1919,1349.2969,0.00,1,0.00
3.427009,173.2324,-1348.593750,1919,1349.2969,0.00,1,0.00
3.428010,173.2324,-1348.593750,1919,1349.2969,0.00,1,0.00
3.429011,173.2324,-1348.593750,1919,1349.2969,0.00,1,0.00
3.430012,173.2324,-1348.593750,1919,1349.2969,0.00,1,0.00
3.431013,173.2324,-1348.593750,1919,1349.2969,0.00,1,0.00
3.432014,173.2324,-1348.593750,1919,1349.2969,0.00,1,0.00
3.433015,173.2324,-1348.593750,1919,1349.2969,0.00,1,0.00
3.434016,173.3203,-1348.505859,1919,1349.2969,0.00,1,0.00
3.435017,173.3203,-1348.505859,1919,1349.2969,0.00,1,0.00
3.436018,173.3203,-1348.505859,1919,1349.2969,0.00,1,0.00
3.437019,173.3203,-1348.505859,1919,1349.2969,0.00,1,0.00
3.438020,173.3203,-1348.505859,1919,1349.2969,0.00,1,0.00
3.439021,173.2324,-1348.593750,1919,1349.2969,0.00,1,0.00
3.440021,173.2324,-1348.593750,1919,1349.2969,0.00,1,0.00
3.441022,173.2324,-1348.593750,1919,1349.2969,0.00,1,0.00
3.442022,173.3203,-1348.505859,1919,1349.2969,0.00,1,0.00
3.443023,173.3203,-1348.505859,1919,1349.2969,0.00,1,0.00
3.444024,173.2324,-1348.593750,1919,1349.2969,0.00,1,0.00
3.445025,173.1445,-1348.681641,1919,1349.2969,0.00,1,0.00
3.446026,173.1445,-1348.681641,1919,1349.2969,0.00,1,0.00
3.447027,173.2324,-1348.593750,1919,1349.2969,0.00,1,0.00
3.448028,173.2324,-1348.593750,1919,1349.2969,0.00,1,0.00
3.449029,173.2324,-1348.593750,1919,1349.2969,0.00,1,0.00
3.450030,173.2324,-1348.593750,1919,1349.2969,0.00,1,0.00
3.451031,173.2324,-1348.593750,1919,1349.2969,0.00,1,0.00
3.452032,173.2324,-1348.593750,1919,1349.2969,0.00,1,0.00
3.453033,173.2324,-1348.593750,1919,1349.2969,0.00,1,0.00
3.454034,173.2324,-1348.593750,1919,1349.2969,0.00,1,0.00
3.455035,173.2324,-1348.593750,1919,1349.2969,0.00,1,0.00
3.456036,173.2324,-1348.593750,1919,1349.2969,0.00,1,0.00
3.457037,173.2324,-1348.593750,1919,1349.2969,0.00,1,0.00
3.458038,173.3203,-1348.505859,1919,1349.2969,0.00,1,0.00
3.459039,173.3203,-1348.505859,1919,1349.2969,0.00,1,0.00
3.460040,173.2324,-1348.593750,1919,1349.2969,0.00,1,0.00
3.461041,173.2324,-1348.593750,1919,1349.2969,0.00,1,0.00
3.468360,173.2324,-1348.593750,1919,1349.2969,0.00,1,0.00
3.469361,173.2324,-1348.593750,1919,1349.2969,0.00,1,0.00
3.470362,173.2324,-1348.593750,1919,1349.2969,0.00,1,0.00
3.471363,173.3203,-1348.505859,1919,1349.2969,0.00,1,0.00
3.472364,173.3203,-1348.505859,1919,1349.2969,0.00,1,0.00
3.473365,173.2324,-1348.593750,1919,1349.2969,0.00,1,0.00
3.474366,173.2324,-1348.593750,1919,1349.2969,0.00,1,0.00
3.475367,173.2324,-1348.593750,1919,1349.2969,0.00,1,0.00
3.476368,173.1445,-1348.681641,1919,1349.2969,0.00,1,0.00
3.477369,173.2324,-1348.593750,1919,1349.2969,0.00,1,0.00
3.478370,173.2324,-1348.593750,1919,1349.2969,0.00,1,0.00
3.479371,173.1445,-1348.681641,1919,1349.2969,0.00,1,0.00
3.480372,173.1445,-1348.681641,1919,1349.2969,0.00,1,0.00
3.481373,173.2324,-1348.593750,1919,1349.2969,0.00,1,0.00
3.482374,173.2324,-1348.593750,1919,1349.2969,0.00,1,0.00
3.483375,173.2324,-1348.593750,1919,1349.2969,0.00,1,0.00
3.484376,173.2324,-1348.593750,1919,1349.2969,0.00,1,0.00
3.485377,173.2324,-1348.593750,1919,1349.2969,0.00,1,0.00
3.486378,173.2324,-1348.593750,1919,1349.2969,0.00,1,0.00
3.487379,173.2324,-1348.593750,1919,1349.2969,0.00,1,0.00
3.488380,173.3203,-1348.505859,1919,1349.2969,0.00,1,0.00
3.489381,173.2324,-1348.593750,1919,1349.2969,0.00,1,0.00
3.490382,173.2324,-1348.593750,1919,1349.2969,0.00,1,0.00
3.491383,173.3203,-1348.505859,1919,1349.2969,0.00,1,0.00
3.492384,173.2324,-1348.593750,1919,1349.2969,0.00,1,0.00
3.493385,173.2324,-1348.593750,1919,1349.2969,0.00,1,0.00
3.494386,173.2324,-1348.593750,1919,1349.2969,0.00,1,0.00
3.495387,173.2324,-1348.593750,1919,1349.2969,0.00,1,0.00
3.496388,173.2324,-1348.593750,1919,1349.2969,0.00,1,0.00
3.497389,173.2324,-1348.593750,1919,1349.2969,0.00,1,0.00
3.498390,173.2324,-1348.593750,1919,1349.2969,0.00,1,0.00
3.499391,173.2324,-1348.593750,1919,1349.2969,0.00,1,0.00
3.500392,173.2324,-1348.593750,1919,1349.2969,0.00,1,0.00
3.501393,173.2324,-1348.593750,1919,1349.2969,0.00,1,0.00
3.502394,173.2324,-1348.593750,1919,1349.2969,0.00,1,0.00
3.503395,173.2324,-1348.593750,1919,1349.2969,0.00,1,0.00
3.504396,173.3203,-1348.505859,1919,1349.2969,0.00,1,0.00
3.505397,173.2324,-1348.593750,1919,1349.2969,0.00,1,0.00
3.506398,173.2324,-1348.593750,1919,1349.2969,0.00,1,0.00
3.507399,173.2324,-1348.593750,1919,1349.2969,0.00,1,0.00
3.508400,173.2324,-1348.593750,1919,1349.2969,0.00,1,0.00
3.509401,173.2324,-1348.593750,1919,1349.2969,0.00,1,0.00
3.510402,173.2324,-1348.593750,1919,1349.2969,0.00,1,0.00
3.511403,173.3203,-1348.505859,1919,1349.2969,0.00,1,0.00
3.512404,173.3203,-1348.505859,1919,1349.2969,0.00,1,0.00
3.513405,173.3203,-1348.505859,1919,1349.2969,0.00,1,0.00
3.514406,173.3203,-1348.505859,1919,1349.2969,0.00,1,0.00
3.515407,173.2324,-1348.593750,1919,1349.2969,0.00,1,0.00
3.516408,173.2324,-1348.593750,1919,1349.2969,0.00,1,0.00
3.517409,173.2324,-1348.593750,1919,1349.2969,0.00,1,0.00
3.525185,173.2324,-1348.593750,1919,1349.2969,0.00,1,0.00
3.526186,173.2324,-1348.593750,1919,1349.2969,0.00,1,0.00
3.527187,173.2324,-1348.593750,1919,1349.2969,0.00,1,0.00
3.528188,173.2324,-1348.593750,1919,1349.2969,0.00,1,0.00
3.529189,173.2324,-1348.593750,1919,1349.2969,0.00,1,0.00
3.530190,173.2324,-1348.593750,1919,1349.2969,0.00,1,0.00
3.531191,173.2324,-1348.593750,1919,1349.2969,0.00,1,0.00
3.532191,173.2324,-1348.593750,1919,1349.2969,0.00,1,0.00
3.533192,173.2324,-1348.593750,1919,1349.2969,0.00,1,0.00
3.534192,173.2324,-1348.593750,1919,1349.2969,0.00,1,0.00
3.535193,173.2324,-1348.593750,1919,1349.2969,0.00,1,0.00
3.536194,173.3203,-1348.505859,1919,1349.2969,0.00,1,0.00
3.537195,173.2324,-1348.593750,1919,1349.2969,0.00,1,0.00
3.538196,173.2324,-1348.593750,1919,1349.2969,0.00,1,0.00
3.539197,173.2324,-1348.593750,1919,1349.2969,0.00,1,0.00
3.540198,173.2324,-1348.593750,1919,1349.2969,0.00,1,0.00
3.541199,173.2324,-1348.593750,1919,1349.2969,0.00,1,0.00
3.542200,173.2324,-1348.593750,1919,1349.2969,0.00,1,0.00
3.543201,173.2324,-1348.593750,1919,1349.2969,0.00,1,0.00
3.544202,173.2324,-1348.593750,1919,1349.2969,0.00,1,0.00
3.545203,173.1445,-1348.681641,1919,1349.2969,0.00,1,0.00
3.546204,173.2324,-1348.593750,1919,1349.2969,0.00,1,0.00
3.547205,173.3203,-1348.505859,1919,1349.2969,0.00,1,0.00
3.548206,173.3203,-1348.505859,1919,1349.2969,0.00,1,0.00
3.549207,173.2324,-1348.593750,1919,1349.2969,0.00,1,0.00
3.550208,173.3203,-1348.505859,1919,1349.2969,0.00,1,0.00
3.551209,173.2324,-1348.593750,1919,1349.2969,0.00,1,0.00
3.552210,173.2324,-1348.593750,1919,1349.2969,0.00,1,0.00
3.553211,173.2324,-1348.593750,1919,1349.2969,0.00,1,0.00
3.554212,173.2324,-1348.593750,1919,1349.2969,0.00,1,0.00
3.555213,173.3203,-1348.505859,1919,1349.2969,0.00,1,0.00
3.556214,173.3203,-1348.505859,1919,1349.2969,0.00,1,0.00
3.557215,173.3203,-1348.505859,1919,1349.2969,0.00,1,0.00
3.558216,173.2324,-1348.593750,1919,1349.2969,0.00,1,0.00
3.559217,173.2324,-1348.593750,1919,1349.2969,0.00,1,0.00
3.560218,173.2324,-1348.593750,1919,1349.2969,0.00,1,0.00
3.561219,173.1445,-1348.681641,1919,1349.2969,0.00,1,0.00
3.562220,173.2324,-1348.593750,1919,1349.2969,0.00,1,0.00
3.563221,173.2324,-1348.593750,1919,1349.2969,0.00,1,0.00
3.564222,173.2324,-1348.593750,1919,1349.2969,0.00,1,0.00
3.565223,173.2324,-1348.593750,1919,1349.2969,0.00,1,0.00
3.566224,173.2324,-1348.593750,1919,1349.2969,0.00,1,0.00
3.567225,173.3203,-1348.505859,1919,1349.2969,0.00,1,0.00
3.568226,173.3203,-1348.505859,1919,1349.2969,0.00,1,0.00
3.569227,173.2324,-1348.593750,1919,1349.2969,0.00,1,0.00
3.570228,173.2324,-1348.593750,1919,1349.2969,0.00,1,0.00
3.571229,173.2324,-1348.593750,1919,1349.2969,0.00,1,0.00
3.572230,173.2324,-1348.593750,1919,1349.2969,0.00,1,0.00
3.573231,173.2324,-1348.593750,1919,1349.2969,0.00,1,0.00
3.574232,173.1445,-1348.681641,1919,1349.2969,0.00,1,0.00
3.581394,173.2324,-1348.593750,1919,1349.2969,0.00,1,0.00
3.582395,173.2324,-1348.593750,1919,1349.2969,0.00,1,0.00
3.583396,173.2324,-1348.593750,1919,1349.2969,0.00,1,0.00
3.584397,173.3203,-1348.505859,1919,1349.2969,0.00,1,0.00
3.585398,173.2324,-1348.593750,1919,1349.2969,0.00,1,0.00
3.586399,173.1445,-1348.681641,1919,1349.2969,0.00,1,0.00
3.587400,173.2324,-1348.593750,1919,1349.2969,0.00,1,0.00
3.588401,173.2324,-1348.593750,1919,1349.2969,0.00,1,0.00
3.589402,173.3203,-1348.505859,1919,1349.2969,0.00,1,0.00
3.590403,173.2324,-1348.593750,1919,1349.2969,0.00,1,0.00
3.591404,173.1445,-1348.681641,1919,1349.2969,0.00,1,0.00
3.596884,173.2324,-1348.593750,1919,1349.2969,0.00,1,0.00
3.597885,173.2324,-1348.593750,1919,1349.2969,0.00,1,0.00
3.598885,173.2324,-1348.593750,1919,1349.2969,0.00,1,0.00
3.599886,173.2324,-1348.593750,1919,1349.2969,0.00,1,0.00
3.600886,173.2324,-1348.593750,1919,1349.2969,0.00,1,0.00
3.601887,173.2324,-1348.593750,1919,1349.2969,0.00,1,0.00
3.602888,173.2324,-1348.593750,1919,1349.2969,0.00,1,0.00
3.603889,173.2324,-1348.593750,1919,1349.2969,0.00,1,0.00
3.604890,173.3203,-1348.505859,1919,1349.2969,0.00,1,0.00
3.605891,173.2324,-1348.593750,1919,1349.2969,0.00,1,0.00
3.606892,173.2324,-1348.593750,1919,1349.2969,0.00,1,0.00
3.607893,173.3203,-1348.505859,1919,1349.2969,0.00,1,0.00
3.608894,173.2324,-1348.593750,1919,1349.2969,0.00,1,0.00
3.609895,173.2324,-1348.593750,1919,1349.2969,0.00,1,0.00
3.610896,173.3203,-1348.505859,1919,1349.2969,0.00,1,0.00
3.611896,173.2324,-1348.593750,1919,1349.2969,0.00,1,0.00
3.612897,173.2324,-1348.593750,1919,1349.2969,0.00,1,0.00
3.613897,173.3203,-1348.505859,1919,1349.2969,0.00,1,0.00
3.614898,173.2324,-1348.593750,1919,1349.2969,0.00,1,0.00
3.615899,173.2324,-1348.593750,1919,1349.2969,0.00,1,0.00
3.616900,173.3203,-1348.505859,1919,1349.2969,0.00,1,0.00
3.617901,173.3203,-1348.505859,1919,1349.2969,0.00,1,0.00
3.618902,173.2324,-1348.593750,1919,1349.2969,0.00,1,0.00
3.619903,173.2324,-1348.593750,1919,1349.2969,0.00,1,0.00
3.620904,173.2324,-1348.593750,1919,1349.2969,0.00,1,0.00
3.621905,173.2324,-1348.593750,1919,1349.2969,0.00,1,0.00
3.622906,173.2324,-1348.593750,1919,1349.2969,0.00,1,0.00
3.623907,173.2324,-1348.593750,1919,1349.2969,0.00,1,0.00
3.624908,173.3203,-1348.505859,1919,1349.2969,0.00,1,0.00
3.625909,173.3203,-1348.505859,1919,1349.2969,0.00,1,0.00
3.626910,173.2324,-1348.593750,1919,1349.2969,0.00,1,0.00
3.627911,173.3203,-1348.505859,1919,1349.2969,0.00,1,0.00
3.628912,173.3203,-1348.505859,1919,1349.2969,0.00,1,0.00
3.629913,173.3203,-1348.505859,1919,1349.2969,0.00,1,0.00
3.630914,173.3203,-1348.505859,1919,1349.2969,0.00,1,0.00
3.640721,173.2324,-1348.593750,1919,1349.2969,0.00,1,0.00
3.641722,173.1445,-1348.681641,1919,1349.2969,0.00,1,0.00
3.642723,173.1445,-1348.681641,1919,1349.2969,0.00,1,0.00
3.643724,173.2324,-1348.593750,1919,1349.2969,0.00,1,0.00
3.680860,173.2324,-1348.593750,1919,1349.2969,0.00,1,0.00
3.681861,173.3203,-1348.505859,1919,1349.2969,0.00,1,0.00
3.682861,173.2324,-1348.593750,1919,1349.2969,0.00,1,0.00
3.683862,173.2324,-1348.593750,1919,1349.2969,0.00,1,0.00
3.684863,173.2324,-1348.593750,1919,1349.2969,0.00,1,0.00
3.685864,173.2324,-1348.593750,1919,1349.2969,0.00,1,0.00
3.686865,173.2324,-1348.593750,1919,1349.2969,0.00,1,0.00
3.687866,173.2324,-1348.593750,1919,1349.2969,0.00,1,0.00
3.688867,173.2324,-1348.593750,1919,1349.2969,0.00,1,0.00
3.689868,173.3203,-1348.505859,1919,1349.2969,0.00,1,0.00
3.690869,173.3203,-1348.505859,1919,1349.2969,0.00,1,0.00
3.691870,173.2324,-1348.593750,1919,1349.2969,0.00,1,0.00
3.692871,173.2324,-1348.593750,1919,1349.2969,0.00,1,0.00
3.693872,173.2324,-1348.593750,1919,1349.2969,0.00,1,0.00
3.694873,173.2324,-1348.593750,1919,1349.2969,0.00,1,0.00
3.695874,173.3203,-1348.505859,1919,1349.2969,0.00,1,0.00
3.696875,173.3203,-1348.505859,1919,1349.2969,0.00,1,0.00
3.697876,173.2324,-1348.593750,1919,1349.2969,0.00,1,0.00
3.698877,173.2324,-1348.593750,1919,1349.2969,0.00,1,0.00
3.699878,173.2324,-1348.593750,1919,1349.2969,0.00,1,0.00
3.700879,173.2324,-1348.593750,1919,1349.2969,0.00,1,0.00
3.701880,173.2324,-1348.593750,1919,1349.2969,0.00,1,0.00
3.702881,173.2324,-1348.593750,1919,1349.2969,0.00,1,0.00
3.703882,173.2324,-1348.593750,1919,1349.2969,0.00,1,0.00
3.704883,173.2324,-1348.593750,1919,1349.2969,0.00,1,0.00
3.705884,173.1445,-1348.681641,1919,1349.2969,0.00,1,0.00
3.706885,173.2324,-1348.593750,1919,1349.2969,0.00,1,0.00
3.707886,173.2324,-1348.593750,1919,1349.2969,0.00,1,0.00
3.708887,173.2324,-1348.593750,1919,1349.2969,0.00,1,0.00
3.709888,173.2324,-1348.593750,1919,1349.2969,0.00,1,0.00
3.710889,173.3203,-1348.505859,1919,1349.2969,0.00,1,0.00
3.712893,173.3203,-1348.505859,1919,1349.2969,0.00,1,0.00
3.713894,173.3203,-1348.505859,1919,1349.2969,0.00,1,0.00
3.714894,173.2324,-1348.593750,1919,1349.2969,0.00,1,0.00
3.715895,173.2324,-1348.593750,1919,1349.2969,0.00,1,0.00
3.716895,173.2324,-1348.593750,1919,1349.2969,0.00,1,0.00
3.717896,173.2324,-1348.593750,1919,1349.2969,0.00,1,0.00
3.718897,173.3203,-1348.505859,1919,1349.2969,0.00,1,0.00
3.719898,173.3203,-1348.505859,1919,1349.2969,0.00,1,0.00
3.720899,173.2324,-1348.593750,1919,1349.2969,0.00,1,0.00
3.721900,173.2324,-1348.593750,1919,1349.2969,0.00,1,0.00
3.722901,173.2324,-1348.593750,1919,1349.2969,0.00,1,0.00
3.723902,173.2324,-1348.593750,1919,1349.2969,0.00,1,0.00
3.724903,173.3203,-1348.505859,1919,1349.2969,0.00,1,0.00
3.725904,173.3203,-1348.505859,1919,1349.2969,0.00,1,0.00
3.726905,173.3203,-1348.505859,1919,1349.2969,0.00,1,0.00
3.727906,173.3203,-1348.505859,1919,1349.2969,0.00,1,0.00
3.728907,173.2324,-1348.593750,1919,1349.2969,0.00,1,0.00
3.729908,173.2324,-1348.593750,1919,1349.2969,0.00,1,0.00
3.730909,173.2324,-1348.593750,1919,1349.2969,0.00,1,0.00
3.738208,173.2324,-1348.593750,1919,1349.2969,0.00,1,0.00
3.739209,173.2324,-1348.593750,1919,1349.2969,0.00,1,0.00
3.740209,173.3203,-1348.505859,1919,1349.2969,0.00,1,0.00
3.741210,173.2324,-1348.593750,1919,1349.2969,0.00,1,0.00
3.742211,173.2324,-1348.593750,1919,1349.2969,0.00,1,0.00
3.743212,173.2324,-1348.593750,1919,1349.2969,0.00,1,0.00
3.744213,173.2324,-1348.593750,1919,1349.2969,0.00,1,0.00
3.745214,173.2324,-1348.593750,1919,1349.2969,0.00,1,0.00
3.746215,173.3203,-1348.505859,1919,1349.2969,0.00,1,0.00
3.747216,173.3203,-1348.505859,1919,1349.2969,0.00,1,0.00
3.748217,173.2324,-1348.593750,1919,1349.2969,0.00,1,0.00
3.749218,173.2324,-1348.593750,1919,1349.2969,0.00,1,0.00
3.750219,173.2324,-1348.593750,1919,1349.2969,0.00,1,0.00
3.751220,173.1445,-1348.681641,1919,1349.2969,0.00,1,0.00
3.752221,173.1445,-1348.681641,1919,1349.2969,0.00,1,0.00
3.753222,173.2324,-1348.593750,1919,1349.2969,0.00,1,0.00
3.754223,173.2324,-1348.593750,1919,1349.2969,0.00,1,0.00
3.755224,173.2324,-1348.593750,1919,1349.2969,0.00,1,0.00
3.756225,173.2324,-1348.593750,1919,1349.2969,0.00,1,0.00
3.757226,173.3203,-1348.505859,1919,1349.2969,0.00,1,0.00
3.758227,173.3203,-1348.505859,1919,1349.2969,0.00,1,0.00
3.759227,173.2324,-1348.593750,1919,1349.2969,0.00,1,0.00
3.760228,173.2324,-1348.593750,1919,1349.2969,0.00,1,0.00
3.761228,173.2324,-1348.593750,1919,1349.2969,0.00,1,0.00
3.762229,173.3203,-1348.505859,1919,1349.2969,0.00,1,0.00
3.763230,173.3203,-1348.505859,1919,1349.2969,0.00,1,0.00
3.764231,173.2324,-1348.593750,1919,1349.2969,0.00,1,0.00
3.765232,173.2324,-1348.593750,1919,1349.2969,0.00,1,0.00
3.766233,173.1445,-1348.681641,1919,1349.2969,0.00,1,0.00
3.767234,173.1445,-1348.681641,1919,1349.2969,0.00,1,0.00
3.768235,173.2324,-1348.593750,1919,1349.2969,0.00,1,0.00
3.769236,173.3203,-1348.505859,1919,1349.2969,0.00,1,0.00
3.770237,173.2324,-1348.593750,1919,1349.2969,0.00,1,0.00
3.771238,173.2324,-1348.593750,1919,1349.2969,0.00,1,0.00
3.772239,173.3203,-1348.505859,1919,1349.2969,0.00,1,0.00
3.773240,173.3203,-1348.505859,1919,1349.2969,0.00,1,0.00
3.774241,173.2324,-1348.593750,1919,1349.2969,0.00,1,0.00
3.775242,173.2324,-1348.593750,1919,1349.2969,0.00,1,0.00
3.776243,173.2324,-1348.593750,1919,1349.2969,0.00,1,0.00
3.777244,173.2324,-1348.593750,1919,1349.2969,0.00,1,0.00
3.778245,173.2324,-1348.593750,1919,1349.2969,0.00,1,0.00
3.779246,173.2324,-1348.593750,1919,1349.2969,0.00,1,0.00
3.780247,173.3203,-1348.505859,1919,1349.2969,0.00,1,0.00
3.781248,173.2324,-1348.593750,1919,1349.2969,0.00,1,0.00
3.782249,173.2324,-1348.593750,1919,1349.2969,0.00,1,0.00
3.783250,173.2324,-1348.593750,1919,1349.2969,0.00,1,0.00
3.784251,173.2324,-1348.593750,1919,1349.2969,0.00,1,0.00
3.785252,173.2324,-1348.593750,1919,1349.2969,0.00,1,0.00
3.786253,173.2324,-1348.593750,1919,1349.2969,0.00,1,0.00
3.787254,173.2324,-1348.593750,1919,1349.2969,0.00,1,0.00
3.794577,173.2324,-1348.593750,1919,1349.2969,0.00,1,0.00
3.795577,173.2324,-1348.593750,1919,1349.2969,0.00,1,0.00
3.796578,173.2324,-1348.593750,1919,1349.2969,0.00,1,0.00
3.797578,173.2324,-1348.593750,1919,1349.2969,0.00,1,0.00
3.798579,173.2324,-1348.593750,1919,1349.2969,0.00,1,0.00
3.799580,173.3203,-1348.505859,1919,1349.2969,0.00,1,0.00
3.800581,173.3203,-1348.505859,1919,1349.2969,0.00,1,0.00
3.801582,173.2324,-1348.593750,1919,1349.2969,0.00,1,0.00
3.802583,173.2324,-1348.593750,1919,1349.2969,0.00,1,0.00
3.803584,173.2324,-1348.593750,1919,1349.2969,0.00,1,0.00
3.804585,173.2324,-1348.593750,1919,1349.2969,0.00,1,0.00
3.805586,173.2324,-1348.593750,1919,1349.2969,0.00,1,0.00
3.806587,173.2324,-1348.593750,1919,1349.2969,0.00,1,0.00
3.807588,173.2324,-1348.593750,1919,1349.2969,0.00,1,0.00
3.808589,173.2324,-1348.593750,1919,1349.2969,0.00,1,0.00
3.809590,173.2324,-1348.593750,1919,1349.2969,0.00,1,0.00
3.810591,173.2324,-1348.593750,1919,1349.2969,0.00,1,0.00
3.811592,173.2324,-1348.593750,1919,1349.2969,0.00,1,0.00
3.812593,173.2324,-1348.593750,1919,1349.2969,0.00,1,0.00
3.813594,173.3203,-1348.505859,1919,1349.2969,0.00,1,0.00
3.814595,173.3203,-1348.505859,1919,1349.2969,0.00,1,0.00
3.815596,173.2324,-1348.593750,1919,1349.2969,0.00,1,0.00
3.816597,173.2324,-1348.593750,1919,1349.2969,0.00,1,0.00
3.817598,173.3203,-1348.505859,1919,1349.2969,0.00,1,0.00
3.818599,173.2324,-1348.593750,1919,1349.2969,0.00,1,0.00
3.819600,173.2324,-1348.593750,1919,1349.2969,0.00,1,0.00
3.820601,173.2324,-1348.593750,1919,1349.2969,0.00,1,0.00
3.821602,173.2324,-1348.593750,1919,1349.2969,0.00,1,0.00
3.822603,173.2324,-1348.593750,1919,1349.2969,0.00,1,0.00
3.823604,173.2324,-1348.593750,1919,1349.2969,0.00,1,0.00
3.824605,173.3203,-1348.505859,1919,1349.2969,0.00,1,0.00
3.825606,173.2324,-1348.593750,1919,1349.2969,0.00,1,0.00
3.826607,173.2324,-1348.593750,1919,1349.2969,0.00,1,0.00
3.827608,173.3203,-1348.505859,1919,1349.2969,0.00,1,0.00
3.828609,173.3203,-1348.505859,1919,1349.2969,0.00,1,0.00
3.829610,173.2324,-1348.593750,1919,1349.2969,0.00,1,0.00
3.830611,173.2324,-1348.593750,1919,1349.2969,0.00,1,0.00
3.831612,173.2324,-1348.593750,1919,1349.2969,0.00,1,0.00
3.832612,173.2324,-1348.593750,1919,1349.2969,0.00,1,0.00
3.833613,173.2324,-1348.593750,1919,1349.2969,0.00,1,0.00
3.834613,173.3203,-1348.505859,1919,1349.2969,0.00,1,0.00
3.835614,173.3203,-1348.505859,1919,1349.2969,0.00,1,0.00
3.836615,173.3203,-1348.505859,1919,1349.2969,0.00,1,0.00
3.837616,173.2324,-1348.593750,1919,1349.2969,0.00,1,0.00
3.838617,173.3203,-1348.505859,1919,1349.2969,0.00,1,0.00
3.839618,173.2324,-1348.593750,1919,1349.2969,0.00,1,0.00
3.840619,173.2324,-1348.593750,1919,1349.2969,0.00,1,0.00
3.841620,173.2324,-1348.593750,1919,1349.2969,0.00,1,0.00
3.842621,173.2324,-1348.593750,1919,1349.2969,0.00,1,0.00
3.843622,173.3203,-1348.505859,1919,1349.2969,0.00,1,0.00
3.850942,173.3203,-1348.505859,1919,1349.2969,0.00,1,0.00
3.851942,173.3203,-1348.505859,1919,1349.2969,0.00,1,0.00
3.852943,173.3203,-1348.505859,1919,1349.2969,0.00,1,0.00
3.853944,173.3203,-1348.505859,1919,1349.2969,0.00,1,0.00
3.854945,173.3203,-1348.505859,1919,1349.2969,0.00,1,0.00
3.855946,173.3203,-1348.505859,1919,1349.2969,0.00,1,0.00
3.856947,173.2324,-1348.593750,1919,1349.2969,0.00,1,0.00
3.857948,173.2324,-1348.593750,1919,1349.2969,0.00,1,0.00
3.858949,173.2324,-1348.593750,1919,1349.2969,0.00,1,0.00
3.859950,173.2324,-1348.593750,1919,1349.2969,0.00,1,0.00
3.860951,173.2324,-1348.593750,1919,1349.2969,0.00,1,0.00
3.861952,173.2324,-1348.593750,1919,1349.2969,0.00,1,0.00
3.862953,173.2324,-1348.593750,1919,1349.2969,0.00,1,0.00
3.863954,173.2324,-1348.593750,1919,1349.2969,0.00,1,0.00
3.864955,173.2324,-1348.593750,1919,1349.2969,0.00,1,0.00
3.865956,173.2324,-1348.593750,1919,1349.2969,0.00,1,0.00
3.866957,173.2324,-1348.593750,1919,1349.2969,0.00,1,0.00
3.867958,173.2324,-1348.593750,1919,1349.2969,0.00,1,0.00
3.868959,173.2324,-1348.593750,1919,1349.2969,0.00,1,0.00
3.869960,173.2324,-1348.593750,1919,1349.2969,0.00,1,0.00
3.870961,173.2324,-1348.593750,1919,1349.2969,0.00,1,0.00
3.871962,173.2324,-1348.593750,1919,1349.2969,0.00,1,0.00
3.872963,173.2324,-1348.593750,1919,1349.2969,0.00,1,0.00
3.873964,173.2324,-1348.593750,1919,1349.2969,0.00,1,0.00
3.874965,173.1445,-1348.681641,1919,1349.2969,0.00,1,0.00
3.875966,173.2324,-1348.593750,1919,1349.2969,0.00,1,0.00
3.876967,173.2324,-1348.593750,1919,1349.2969,0.00,1,0.00
3.877968,173.2324,-1348.593750,1919,1349.2969,0.00,1,0.00
3.878969,173.3203,-1348.505859,1919,1349.2969,0.00,1,0.00
3.879970,173.2324,-1348.593750,1919,1349.2969,0.00,1,0.00
3.880971,173.3203,-1348.505859,1919,1349.2969,0.00,1,0.00
3.881972,173.3203,-1348.505859,1919,1349.2969,0.00,1,0.00
3.882973,173.2324,-1348.593750,1919,1349.2969,0.00,1,0.00
3.883974,173.2324,-1348.593750,1919,1349.2969,0.00,1,0.00
3.884975,173.3203,-1348.505859,1919,1349.2969,0.00,1,0.00
3.885976,173.2324,-1348.593750,1919,1349.2969,0.00,1,0.00
3.886977,173.2324,-1348.593750,1919,1349.2969,0.00,1,0.00
3.887978,173.3203,-1348.505859,1919,1349.2969,0.00,1,0.00
3.888979,173.1445,-1348.681641,1919,1349.2969,0.00,1,0.00
3.889980,173.1445,-1348.681641,1919,1349.2969,0.00,1,0.00
3.890981,173.1445,-1348.681641,1919,1349.2969,0.00,1,0.00
3.891982,173.2324,-1348.593750,1919,1349.2969,0.00,1,0.00
3.892983,173.3203,-1348.505859,1919,1349.2969,0.00,1,0.00
3.893984,173.2324,-1348.593750,1919,1349.2969,0.00,1,0.00
3.894985,173.3203,-1348.505859,1919,1349.2969,0.00,1,0.00
3.895986,173.2324,-1348.593750,1919,1349.2969,0.00,1,0.00
3.896987,173.2324,-1348.593750,1919,1349.2969,0.00,1,0.00
3.897988,173.2324,-1348.593750,1919,1349.2969,0.00,1,0.00
3.898989,173.2324,-1348.593750,1919,1349.2969,0.00,1,0.00
3.899990,173.2324,-1348.593750,1919,1349.2969,0.00,1,0.00
3.907154,173.2324,-1348.593750,1919,1349.2969,0.00,1,0.00
3.908155,173.2324,-1348.593750,1919,1349.2969,0.00,1,0.00
3.909156,173.3203,-1348.505859,1919,1349.2969,0.00,1,0.00
3.910157,173.3203,-1348.505859,1919,1349.2969,0.00,1,0.00
3.911158,173.3203,-1348.505859,1919,1349.2969,0.00,1,0.00
3.912159,173.2324,-1348.593750,1919,1349.2969,0.00,1,0.00
3.913160,173.2324,-1348.593750,1919,1349.2969,0.00,1,0.00
3.914161,173.2324,-1348.593750,1919,1349.2969,0.00,1,0.00
3.915162,173.1445,-1348.681641,1919,1349.2969,0.00,1,0.00
3.916163,173.2324,-1348.593750,1919,1349.2969,0.00,1,0.00
3.917164,173.2324,-1348.593750,1919,1349.2969,0.00,1,0.00
3.918165,173.2324,-1348.593750,1919,1349.2969,0.00,1,0.00
3.919166,173.2324,-1348.593750,1919,1349.2969,0.00,1,0.00
3.920167,173.2324,-1348.593750,1919,1349.2969,0.00,1,0.00
3.921168,173.3203,-1348.505859,1919,1349.2969,0.00,1,0.00
3.922169,173.2324,-1348.593750,1919,1349.2969,0.00,1,0.00
3.923170,173.2324,-1348.593750,1919,1349.2969,0.00,1,0.00
3.924171,173.3203,-1348.505859,1919,1349.2969,0.00,1,0.00
3.925172,173.3203,-1348.505859,1919,1349.2969,0.00,1,0.00
3.926173,173.3203,-1348.505859,1919,1349.2969,0.00,1,0.00
3.927174,173.3203,-1348.505859,1919,1349.2969,0.00,1,0.00
3.928175,173.2324,-1348.593750,1919,1349.2969,0.00,1,0.00
3.929176,173.2324,-1348.593750,1919,1349.2969,0.00,1,0.00
3.930177,173.2324,-1348.593750,1919,1349.2969,0.00,1,0.00
3.931178,173.2324,-1348.593750,1919,1349.2969,0.00,1,0.00
3.932179,173.3203,-1348.505859,1919,1349.2969,0.00,1,0.00
3.933180,173.3203,-1348.505859,1919,1349.2969,0.00,1,0.00
3.934181,173.2324,-1348.593750,1919,1349.2969,0.00,1,0.00
3.935182,173.2324,-1348.593750,1919,1349.2969,0.00,1,0.00
3.936183,173.2324,-1348.593750,1919,1349.2969,0.00,1,0.00
3.937184,173.2324,-1348.593750,1919,1349.2969,0.00,1,0.00
3.938185,173.2324,-1348.593750,1919,1349.2969,0.00,1,0.00
3.939186,173.2324,-1348.593750,1919,1349.2969,0.00,1,0.00
3.940187,173.2324,-1348.593750,1919,1349.2969,0.00,1,0.00
3.941188,173.2324,-1348.593750,1919,1349.2969,0.00,1,0.00
3.942189,173.2324,-1348.593750,1919,1349.2969,0.00,1,0.00
3.943190,173.2324,-1348.593750,1919,1349.2969,0.00,1,0.00
3.944191,173.2324,-1348.593750,1919,1349.2969,0.00,1,0.00
3.945192,173.3203,-1348.505859,1919,1349.2969,0.00,1,0.00
3.946193,173.2324,-1348.593750,1919,1349.2969,0.00,1,0.00
3.947194,173.2324,-1348.593750,1919,1349.2969,0.00,1,0.00
3.948195,173.1445,-1348.681641,1919,1349.2969,0.00,1,0.00
3.949196,173.1445,-1348.681641,1919,1349.2969,0.00,1,0.00
3.950197,173.2324,-1348.593750,1919,1349.2969,0.00,1,0.00
3.951198,173.2324,-1348.593750,1919,1349.2969,0.00,1,0.00
3.952199,173.2324,-1348.593750,1919,1349.2969,0.00,1,0.00
3.953200,173.2324,-1348.593750,1919,1349.2969,0.00,1,0.00
3.954201,173.2324,-1348.593750,1919,1349.2969,0.00,1,0.00
3.955202,173.2324,-1348.593750,1919,1349.2969,0.00,1,0.00
3.956203,173.2324,-1348.593750,1919,1349.2969,0.00,1,0.00
3.964104,173.2324,-1348.593750,1919,1349.2969,0.00,1,0.00
3.965104,173.2324,-1348.593750,1919,1349.2969,0.00,1,0.00
3.966105,173.3203,-1348.505859,1919,1349.2969,0.00,1,0.00
3.967106,173.2324,-1348.593750,1919,1349.2969,0.00,1,0.00
3.968107,173.3203,-1348.505859,1919,1349.2969,0.00,1,0.00
3.969108,173.3203,-1348.505859,1919,1349.2969,0.00,1,0.00
3.970109,173.3203,-1348.505859,1919,1349.2969,0.00,1,0.00
3.971110,173.3203,-1348.505859,1919,1349.2969,0.00,1,0.00
3.972111,173.2324,-1348.593750,1919,1349.2969,0.00,1,0.00
3.973112,173.2324,-1348.593750,1919,1349.2969,0.00,1,0.00
3.974113,173.2324,-1348.593750,1919,1349.2969,0.00,1,0.00
3.975114,173.3203,-1348.505859,1919,1349.2969,0.00,1,0.00
3.976115,173.3203,-1348.505859,1919,1349.2969,0.00,1,0.00
3.977116,173.2324,-1348.593750,1919,1349.2969,0.00,1,0.00
3.978117,173.2324,-1348.593750,1919,1349.2969,0.00,1,0.00
3.979118,173.2324,-1348.593750,1919,1349.2969,0.00,1,0.00
3.980119,173.2324,-1348.593750,1919,1349.2969,0.00,1,0.00
3.981120,173.2324,-1348.593750,1919,1349.2969,0.00,1,0.00
3.982120,173.2324,-1348.593750,1919,1349.2969,0.00,1,0.00
3.983121,173.2324,-1348.593750,1919,1349.2969,0.00,1,0.00
3.984121,173.3203,-1348.505859,1919,1349.2969,0.00,1,0.00
3.985122,173.2324,-1348.593750,1919,1349.2969,0.00,1,0.00
3.986123,173.1445,-1348.681641,1919,1349.2969,0.00,1,0.00
3.987124,173.2324,-1348.593750,1919,1349.2969,0.00,1,0.00
3.988125,173.2324,-1348.593750,1919,1349.2969,0.00,1,0.00
3.989126,173.2324,-1348.593750,1919,1349.2969,0.00,1,0.00
3.990127,173.2324,-1348.593750,1919,1349.2969,0.00,1,0.00
3.991128,173.2324,-1348.593750,1919,1349.2969,0.00,1,0.00
3.992129,173.2324,-1348.593750,1919,1349.2969,0.00,1,0.00
3.993130,173.2324,-1348.593750,1919,1349.2969,0.00,1,0.00
3.994131,173.2324,-1348.593750,1919,1349.2969,0.00,1,0.00
3.995132,173.2324,-1348.593750,1919,1349.2969,0.00,1,0.00
3.996133,173.3203,-1348.505859,1919,1349.2969,0.00,1,0.00
3.997134,173.3203,-1348.505859,1919,1349.2969,0.00,1,0.00
3.998135,173.2324,-1348.593750,1919,1349.2969,0.00,1,0.00
3.999136,173.2324,-1348.593750,1919,1349.2969,0.00,1,0.00
4.000137,173.2324,-1348.593750,1919,1349.2969,0.00,1,0.00
4.001138,173.2324,-1348.593750,1919,1349.2969,0.00,1,0.00
4.002139,173.2324,-1348.593750,1919,1349.2969,0.00,1,0.00
4.003140,173.2324,-1348.593750,1919,1349.2969,0.00,1,0.00
4.004141,173.2324,-1348.593750,1919,1349.2969,0.00,1,0.00
4.005142,173.2324,-1348.593750,1919,1349.2969,0.00,1,0.00
4.006143,173.2324,-1348.593750,1919,1349.2969,0.00,1,0.00
4.007144,173.2324,-1348.593750,1919,1349.2969,0.00,1,0.00
4.008145,173.2324,-1348.593750,1919,1349.2969,0.00,1,0.00
4.009146,173.2324,-1348.593750,1919,1349.2969,0.00,1,0.00
4.010147,173.2324,-1348.593750,1919,1349.2969,0.00,1,0.00
4.011148,173.2324,-1348.593750,1919,1349.2969,0.00,1,0.00
4.012149,173.2324,-1348.593750,1919,1349.2969,0.00,1,0.00
4.013150,173.2324,-1348.593750,1919,1349.2969,0.00,1,0.00
4.020446,173.2324,-1348.593750,1919,1349.2969,0.00,1,0.00
4.021446,173.3203,-1348.505859,1919,1349.2969,0.00,1,0.00
4.022447,173.2324,-1348.593750,1919,1349.2969,0.00,1,0.00
4.023448,173.2324,-1348.593750,1919,1349.2969,0.00,1,0.00
4.024449,173.2324,-1348.593750,1919,1349.2969,0.00,1,0.00
4.025450,173.2324,-1348.593750,1919,1349.2969,0.00,1,0.00
4.026450,173.2324,-1348.593750,1919,1349.2969,0.00,1,0.00
4.027451,173.2324,-1348.593750,1919,1349.2969,0.00,1,0.00
4.028452,173.2324,-1348.593750,1919,1349.2969,0.00,1,0.00
4.029453,173.2324,-1348.593750,1919,1349.2969,0.00,1,0.00
4.030453,173.3203,-1348.505859,1919,1349.2969,0.00,1,0.00
4.031454,173.3203,-1348.505859,1919,1349.2969,0.00,1,0.00
4.032455,173.3203,-1348.505859,1919,1349.2969,0.00,1,0.00
4.033456,173.2324,-1348.593750,1919,1349.2969,0.00,1,0.00
4.034457,173.3203,-1348.505859,1919,1349.2969,0.00,1,0.00
4.035458,173.3203,-1348.505859,1919,1349.2969,0.00,1,0.00
4.036459,173.2324,-1348.593750,1919,1349.2969,0.00,1,0.00
4.037460,173.2324,-1348.593750,1919,1349.2969,0.00,1,0.00
4.038461,173.2324,-1348.593750,1919,1349.2969,0.00,1,0.00
4.039462,173.2324,-1348.593750,1919,1349.2969,0.00,1,0.00
4.040463,173.2324,-1348.593750,1919,1349.2969,0.00,1,0.00
4.041464,173.2324,-1348.593750,1919,1349.2969,0.00,1,0.00
4.042465,173.2324,-1348.593750,1919,1349.2969,0.00,1,0.00
4.043466,173.2324,-1348.593750,1919,1349.2969,0.00,1,0.00
4.044467,173.2324,-1348.593750,1919,1349.2969,0.00,1,0.00
4.045468,173.2324,-1348.593750,1919,1349.2969,0.00,1,0.00
4.046469,173.2324,-1348.593750,1919,1349.2969,0.00,1,0.00
4.047470,173.2324,-1348.593750,1919,1349.2969,0.00,1,0.00
4.048471,173.2324,-1348.593750,1919,1349.2969,0.00,1,0.00
4.049472,173.2324,-1348.593750,1919,1349.2969,0.00,1,0.00
4.050473,173.2324,-1348.593750,1919,1349.2969,0.00,1,0.00
4.051474,173.2324,-1348.593750,1919,1349.2969,0.00,1,0.00
4.052475,173.2324,-1348.593750,1919,1349.2969,0.00,1,0.00
4.053476,173.2324,-1348.593750,1919,1349.2969,0.00,1,0.00
4.054477,173.2324,-1348.593750,1919,1349.2969,0.00,1,0.00
4.055478,173.3203,-1348.505859,1919,1349.2969,0.00,1,0.00
4.056479,173.3203,-1348.505859,1919,1349.2969,0.00,1,0.00
4.057480,173.3203,-1348.505859,1919,1349.2969,0.00,1,0.00
4.058481,173.3203,-1348.505859,1919,1349.2969,0.00,1,0.00
4.059482,173.3203,-1348.505859,1919,1349.2969,0.00,1,0.00
4.060483,173.3203,-1348.505859,1919,1349.2969,0.00,1,0.00
4.061484,173.3203,-1348.505859,1919,1349.2969,0.00,1,0.00
4.062485,173.2324,-1348.593750,1919,1349.2969,0.00,1,0.00
4.063486,173.2324,-1348.593750,1919,1349.2969,0.00,1,0.00
4.064487,173.3203,-1348.505859,1919,1349.2969,0.00,1,0.00
4.065488,173.3203,-1348.505859,1919,1349.2969,0.00,1,0.00
4.066489,173.2324,-1348.593750,1919,1349.2969,0.00,1,0.00
4.067490,173.2324,-1348.593750,1919,1349.2969,0.00,1,0.00
4.068491,173.2324,-1348.593750,1919,1349.2969,0.00,1,0.00
4.069492,173.2324,-1348.593750,1919,1349.2969,0.00,1,0.00
4.076788,173.2324,-1348.593750,1919,1349.2969,0.00,1,0.00
4.077789,173.3203,-1348.505859,1919,1349.2969,0.00,1,0.00
4.078790,173.2324,-1348.593750,1919,1349.2969,0.00,1,0.00
4.079791,173.2324,-1348.593750,1919,1349.2969,0.00,1,0.00
4.080792,173.2324,-1348.593750,1919,1349.2969,0.00,1,0.00
4.081793,173.2324,-1348.593750,1919,1349.2969,0.00,1,0.00
4.082794,173.2324,-1348.593750,1919,1349.2969,0.00,1,0.00
4.083795,173.3203,-1348.505859,1919,1349.2969,0.00,1,0.00
4.084796,173.2324,-1348.593750,1919,1349.2969,0.00,1,0.00
4.085797,173.1445,-1348.681641,1919,1349.2969,0.00,1,0.00
4.086798,173.2324,-1348.593750,1919,1349.2969,0.00,1,0.00
4.087799,173.3203,-1348.505859,1919,1349.2969,0.00,1,0.00
4.088800,173.3203,-1348.505859,1919,1349.2969,0.00,1,0.00
4.089801,173.3203,-1348.505859,1919,1349.2969,0.00,1,0.00
4.090802,173.2324,-1348.593750,1919,1349.2969,0.00,1,0.00
4.091803,173.2324,-1348.593750,1919,1349.2969,0.00,1,0.00
4.092804,173.2324,-1348.593750,1919,1349.2969,0.00,1,0.00
4.093805,173.3203,-1348.505859,1919,1349.2969,0.00,1,0.00
4.094806,173.2324,-1348.593750,1919,1349.2969,0.00,1,0.00
4.095807,173.2324,-1348.593750,1919,1349.2969,0.00,1,0.00
4.096808,173.2324,-1348.593750,1919,1349.2969,0.00,1,0.00
4.097809,173.2324,-1348.593750,1919,1349.2969,0.00,1,0.00
4.098810,173.1445,-1348.681641,1919,1349.2969,0.00,1,0.00
4.099811,173.1445,-1348.681641,1919,1349.2969,0.00,1,0.00
4.100812,173.2324,-1348.593750,1919,1349.2969,0.00,1,0.00
4.101813,173.2324,-1348.593750,1919,1349.2969,0.00,1,0.00
4.102814,173.3203,-1348.505859,1919,1349.2969,0.00,1,0.00
4.103815,173.3203,-1348.505859,1919,1349.2969,0.00,1,0.00
4.104816,173.3203,-1348.505859,1919,1349.2969,0.00,1,0.00
4.105817,173.2324,-1348.593750,1919,1349.2969,0.00,1,0.00
4.106818,173.2324,-1348.593750,1919,1349.2969,0.00,1,0.00
4.107819,173.3203,-1348.505859,1919,1349.2969,0.00,1,0.00
4.108820,173.2324,-1348.593750,1919,1349.2969,0.00,1,0.00
4.109821,173.2324,-1348.593750,1919,1349.2969,0.00,1,0.00
4.110822,173.2324,-1348.593750,1919,1349.2969,0.00,1,0.00
4.111823,173.2324,-1348.593750,1919,1349.2969,0.00,1,0.00
4.112824,173.2324,-1348.593750,1919,1349.2969,0.00,1,0.00
4.113825,173.2324,-1348.593750,1919,1349.2969,0.00,1,0.00
4.114826,173.2324,-1348.593750,1919,1349.2969,0.00,1,0.00
4.115827,173.2324,-1348.593750,1919,1349.2969,0.00,1,0.00
4.116828,173.2324,-1348.593750,1919,1349.2969,0.00,1,0.00
4.117829,173.3203,-1348.505859,1919,1349.2969,0.00,1,0.00
4.118830,173.3203,-1348.505859,1919,1349.2969,0.00,1,0.00
4.119831,173.2324,-1348.593750,1919,1349.2969,0.00,1,0.00
4.120832,173.2324,-1348.593750,1919,1349.2969,0.00,1,0.00
4.121833,173.2324,-1348.593750,1919,1349.2969,0.00,1,0.00
4.122834,173.2324,-1348.593750,1919,1349.2969,0.00,1,0.00
4.123835,173.3203,-1348.505859,1919,1349.2969,0.00,1,0.00
4.124836,173.3203,-1348.505859,1919,1349.2969,0.00,1,0.00
4.125837,173.3203,-1348.505859,1919,1349.2969,0.00,1,0.00
4.133131,173.2324,-1348.593750,1919,1349.2969,0.00,1,0.00
4.134132,173.3203,-1348.505859,1919,1349.2969,0.00,1,0.00
4.135133,173.2324,-1348.593750,1919,1349.2969,0.00,1,0.00
4.136133,173.2324,-1348.593750,1919,1349.2969,0.00,1,0.00
4.137134,173.2324,-1348.593750,1919,1349.2969,0.00,1,0.00
4.138135,173.2324,-1348.593750,1919,1349.2969,0.00,1,0.00
4.139136,173.2324,-1348.593750,1919,1349.2969,0.00,1,0.00
4.140137,173.1445,-1348.681641,1919,1349.2969,0.00,1,0.00
4.141138,173.2324,-1348.593750,1919,1349.2969,0.00,1,0.00
4.142139,173.2324,-1348.593750,1919,1349.2969,0.00,1,0.00
4.143140,173.2324,-1348.593750,1919,1349.2969,0.00,1,0.00
4.144141,173.2324,-1348.593750,1919,1349.2969,0.00,1,0.00
4.145142,173.2324,-1348.593750,1919,1349.2969,0.00,1,0.00
4.146143,173.2324,-1348.593750,1919,1349.2969,0.00,1,0.00
4.147144,173.2324,-1348.593750,1919,1349.2969,0.00,1,0.00
4.148145,173.3203,-1348.505859,1919,1349.2969,0.00,1,0.00
4.149146,173.3203,-1348.505859,1919,1349.2969,0.00,1,0.00
4.150147,173.3203,-1348.505859,1919,1349.2969,0.00,1,0.00
4.151148,173.2324,-1348.593750,1919,1349.2969,0.00,1,0.00
4.152149,173.1445,-1348.681641,1919,1349.2969,0.00,1,0.00
4.153150,173.1445,-1348.681641,1919,1349.2969,0.00,1,0.00
4.154151,173.2324,-1348.593750,1919,1349.2969,0.00,1,0.00
4.155152,173.2324,-1348.593750,1919,1349.2969,0.00,1,0.00
4.156153,173.2324,-1348.593750,1919,1349.2969,0.00,1,0.00
4.157154,173.2324,-1348.593750,1919,1349.2969,0.00,1,0.00
4.158155,173.2324,-1348.593750,1919,1349.2969,0.00,1,0.00
4.159156,173.3203,-1348.505859,1919,1349.2969,0.00,1,0.00
4.160157,173.3203,-1348.505859,1919,1349.2969,0.00,1,0.00
4.161158,173.2324,-1348.593750,1919,1349.2969,0.00,1,0.00
4.162159,173.2324,-1348.593750,1919,1349.2969,0.00,1,0.00
4.163160,173.2324,-1348.593750,1919,1349.2969,0.00,1,0.00
4.164161,173.1445,-1348.681641,1919,1349.2969,0.00,1,0.00
4.165162,173.2324,-1348.593750,1919,1349.2969,0.00,1,0.00
4.166163,173.3203,-1348.505859,1919,1349.2969,0.00,1,0.00
4.167164,173.3203,-1348.505859,1919,1349.2969,0.00,1,0.00
4.168165,173.2324,-1348.593750,1919,1349.2969,0.00,1,0.00
4.169166,173.2324,-1348.593750,1919,1349.2969,0.00,1,0.00
4.170167,173.2324,-1348.593750,1919,1349.2969,0.00,1,0.00
4.171168,173.2324,-1348.593750,1919,1349.2969,0.00,1,0.00
4.172169,173.2324,-1348.593750,1919,1349.2969,0.00,1,0.00
4.173170,173.2324,-1348.593750,1919,1349.2969,0.00,1,0.00
4.174171,173.2324,-1348.593750,1919,1349.2969,0.00,1,0.00
4.175172,173.2324,-1348.593750,1919,1349.2969,0.00,1,0.00
4.176173,173.2324,-1348.593750,1919,1349.2969,0.00,1,0.00
4.177174,173.2324,-1348.593750,1919,1349.2969,0.00,1,0.00
4.178175,173.1445,-1348.681641,1919,1349.2969,0.00,1,0.00
4.179176,173.2324,-1348.593750,1919,1349.2969,0.00,1,0.00
4.188057,173.2324,-1348.593750,1919,1349.2969,0.00,1,0.00
4.189058,173.2324,-1348.593750,1919,1349.2969,0.00,1,0.00
4.190059,173.2324,-1348.593750,1919,1349.2969,0.00,1,0.00
4.197240,173.2324,-1348.593750,1919,1349.2969,0.00,1,0.00
4.198241,173.2324,-1348.593750,1919,1349.2969,0.00,1,0.00
4.199241,173.3203,-1348.505859,1919,1349.2969,0.00,1,0.00
4.200242,173.3203,-1348.505859,1919,1349.2969,0.00,1,0.00
4.201243,173.2324,-1348.593750,1919,1349.2969,0.00,1,0.00
4.202244,173.2324,-1348.593750,1919,1349.2969,0.00,1,0.00
4.203244,173.2324,-1348.593750,1919,1349.2969,0.00,1,0.00
4.204245,173.3203,-1348.505859,1919,1349.2969,0.00,1,0.00
4.205246,173.2324,-1348.593750,1919,1349.2969,0.00,1,0.00
4.206247,173.2324,-1348.593750,1919,1349.2969,0.00,1,0.00
4.207248,173.3203,-1348.505859,1919,1349.2969,0.00,1,0.00
4.208249,173.3203,-1348.505859,1919,1349.2969,0.00,1,0.00
4.209250,173.3203,-1348.505859,1919,1349.2969,0.00,1,0.00
4.210251,173.2324,-1348.593750,1919,1349.2969,0.00,1,0.00
4.211252,173.2324,-1348.593750,1919,1349.2969,0.00,1,0.00
4.212253,173.2324,-1348.593750,1919,1349.2969,0.00,1,0.00
4.213254,173.3203,-1348.505859,1919,1349.2969,0.00,1,0.00
4.214255,173.2324,-1348.593750,1919,1349.2969,0.00,1,0.00
4.215256,173.2324,-1348.593750,1919,1349.2969,0.00,1,0.00
4.216257,173.3203,-1348.505859,1919,1349.2969,0.00,1,0.00
4.217258,173.2324,-1348.593750,1919,1349.2969,0.00,1,0.00
4.218259,173.2324,-1348.593750,1919,1349.2969,0.00,1,0.00
4.219260,173.2324,-1348.593750,1919,1349.2969,0.00,1,0.00
4.220261,173.3203,-1348.505859,1919,1349.2969,0.00,1,0.00
4.221262,173.2324,-1348.593750,1919,1349.2969,0.00,1,0.00
4.222263,173.2324,-1348.593750,1919,1349.2969,0.00,1,0.00
4.223264,173.2324,-1348.593750,1919,1349.2969,0.00,1,0.00
4.224265,173.2324,-1348.593750,1919,1349.2969,0.00,1,0.00
4.225266,173.2324,-1348.593750,1919,1349.2969,0.00,1,0.00
4.226267,173.2324,-1348.593750,1919,1349.2969,0.00,1,0.00
4.227268,173.2324,-1348.593750,1919,1349.2969,0.00,1,0.00
4.228269,173.2324,-1348.593750,1919,1349.2969,0.00,1,0.00
4.230164,173.2324,-1348.593750,1919,1349.2969,0.00,1,0.00
4.231165,173.2324,-1348.593750,1919,1349.2969,0.00,1,0.00
4.232166,173.2324,-1348.593750,1919,1349.2969,0.00,1,0.00
4.233166,173.2324,-1348.593750,1919,1349.2969,0.00,1,0.00
4.234167,173.2324,-1348.593750,1919,1349.2969,0.00,1,0.00
4.235168,173.2324,-1348.593750,1919,1349.2969,0.00,1,0.00
4.236169,173.2324,-1348.593750,1919,1349.2969,0.00,1,0.00
4.237170,173.2324,-1348.593750,1919,1349.2969,0.00,1,0.00
4.238171,173.2324,-1348.593750,1919,1349.2969,0.00,1,0.00
4.239172,173.1445,-1348.681641,1919,1349.2969,0.00,1,0.00
4.240173,173.2324,-1348.593750,1919,1349.2969,0.00,1,0.00
4.241174,173.2324,-1348.593750,1919,1349.2969,0.00,1,0.00
4.242175,173.2324,-1348.593750,1919,1349.2969,0.00,1,0.00
4.243176,173.2324,-1348.593750,1919,1349.2969,0.00,1,0.00
4.244177,173.2324,-1348.593750,1919,1349.2969,0.00,1,0.00
4.245178,173.2324,-1348.593750,1919,1349.2969,0.00,1,0.00
4.246179,173.3203,-1348.505859,1919,1349.2969,0.00,1,0.00
4.247180,173.3203,-1348.505859,1919,1349.2969,0.00,1,0.00
4.254448,173.2324,-1348.593750,1919,1349.2969,0.00,1,0.00
4.255449,173.2324,-1348.593750,1919,1349.2969,0.00,1,0.00
4.256449,173.2324,-1348.593750,1919,1349.2969,0.00,1,0.00
4.257450,173.2324,-1348.593750,1919,1349.2969,0.00,1,0.00
4.258451,173.2324,-1348.593750,1919,1349.2969,0.00,1,0.00
4.259452,173.2324,-1348.593750,1919,1349.2969,0.00,1,0.00
4.260453,173.2324,-1348.593750,1919,1349.2969,0.00,1,0.00
4.261454,173.2324,-1348.593750,1919,1349.2969,0.00,1,0.00
4.262455,173.2324,-1348.593750,1919,1349.2969,0.00,1,0.00
4.263456,173.2324,-1348.593750,1919,1349.2969,0.00,1,0.00
4.264457,173.2324,-1348.593750,1919,1349.2969,0.00,1,0.00
4.265458,173.1445,-1348.681641,1919,1349.2969,0.00,1,0.00
4.266459,173.1445,-1348.681641,1919,1349.2969,0.00,1,0.00
4.267460,173.2324,-1348.593750,1919,1349.2969,0.00,1,0.00
4.268461,173.2324,-1348.593750,1919,1349.2969,0.00,1,0.00
4.269462,173.3203,-1348.505859,1919,1349.2969,0.00,1,0.00
4.270463,173.2324,-1348.593750,1919,1349.2969,0.00,1,0.00
4.271464,173.2324,-1348.593750,1919,1349.2969,0.00,1,0.00
4.272465,173.2324,-1348.593750,1919,1349.2969,0.00,1,0.00
4.273465,173.2324,-1348.593750,1919,1349.2969,0.00,1,0.00
4.274466,173.2324,-1348.593750,1919,1349.2969,0.00,1,0.00
4.275467,173.2324,-1348.593750,1919,1349.2969,0.00,1,0.00
4.276468,173.2324,-1348.593750,1919,1349.2969,0.00,1,0.00
4.277468,173.2324,-1348.593750,1919,1349.2969,0.00,1,0.00
4.278469,173.2324,-1348.593750,1919,1349.2969,0.00,1,0.00
4.279470,173.2324,-1348.593750,1919,1349.2969,0.00,1,0.00
4.280471,173.3203,-1348.505859,1919,1349.2969,0.00,1,0.00
4.281472,173.2324,-1348.593750,1919,1349.2969,0.00,1,0.00
4.282473,173.2324,-1348.593750,1919,1349.2969,0.00,1,0.00
4.283474,173.2324,-1348.593750,1919,1349.2969,0.00,1,0.00
4.284475,173.2324,-1348.593750,1919,1349.2969,0.00,1,0.00
4.285476,173.2324,-1348.593750,1919,1349.2969,0.00,1,0.00
4.286477,173.2324,-1348.593750,1919,1349.2969,0.00,1,0.00
4.287478,173.2324,-1348.593750,1919,1349.2969,0.00,1,0.00
4.288479,173.2324,-1348.593750,1919,1349.2969,0.00,1,0.00
4.289480,173.1445,-1348.681641,1919,1349.2969,0.00,1,0.00
4.290481,173.2324,-1348.593750,1919,1349.2969,0.00,1,0.00
4.291482,173.2324,-1348.593750,1919,1349.2969,0.00,1,0.00
4.292483,173.2324,-1348.593750,1919,1349.2969,0.00,1,0.00
4.293484,173.2324,-1348.593750,1919,1349.2969,0.00,1,0.00
4.294485,173.2324,-1348.593750,1919,1349.2969,0.00,1,0.00
4.295486,173.1445,-1348.681641,1919,1349.2969,0.00,1,0.00
4.296487,173.1445,-1348.681641,1919,1349.2969,0.00,1,0.00
4.297488,173.1445,-1348.681641,1919,1349.2969,0.00,1,0.00
4.298489,173.2324,-1348.593750,1919,1349.2969,0.00,1,0.00
4.299490,173.2324,-1348.593750,1919,1349.2969,0.00,1,0.00
4.300491,173.2324,-1348.593750,1919,1349.2969,0.00,1,0.00
4.301492,173.2324,-1348.593750,1919,1349.2969,0.00,1,0.00
4.302493,173.2324,-1348.593750,1919,1349.2969,0.00,1,0.00
4.303494,173.2324,-1348.593750,1919,1349.2969,0.00,1,0.00
4.345162,173.2324,-1348.593750,1919,1349.2969,0.00,1,0.00
4.346163,173.2324,-1348.593750,1919,1349.2969,0.00,1,0.00
4.347163,173.2324,-1348.593750,1919,1349.2969,0.00,1,0.00
4.348164,173.2324,-1348.593750,1919,1349.2969,0.00,1,0.00
4.349165,173.2324,-1348.593750,1919,1349.2969,0.00,1,0.00
4.350166,173.2324,-1348.593750,1919,1349.2969,0.00,1,0.00
4.351167,173.2324,-1348.593750,1919,1349.2969,0.00,1,0.00
4.352168,173.2324,-1348.593750,1919,1349.2969,0.00,1,0.00
4.353169,173.2324,-1348.593750,1919,1349.2969,0.00,1,0.00
4.354170,173.2324,-1348.593750,1919,1349.2969,0.00,1,0.00
4.355171,173.2324,-1348.593750,1919,1349.2969,0.00,1,0.00
4.356172,173.2324,-1348.593750,1919,1349.2969,0.00,1,0.00
4.357173,173.2324,-1348.593750,1919,1349.2969,0.00,1,0.00
4.358174,173.3203,-1348.505859,1919,1349.2969,0.00,1,0.00
4.359175,173.2324,-1348.593750,1919,1349.2969,0.00,1,0.00
4.360176,173.2324,-1348.593750,1919,1349.2969,0.00,1,0.00
4.361177,173.2324,-1348.593750,1919,1349.2969,0.00,1,0.00
4.362178,173.1445,-1348.681641,1919,1349.2969,0.00,1,0.00
4.363179,173.2324,-1348.593750,1919,1349.2969,0.00,1,0.00
4.364180,173.1445,-1348.681641,1919,1349.2969,0.00,1,0.00
4.365181,173.2324,-1348.593750,1919,1349.2969,0.00,1,0.00
4.366182,173.3203,-1348.505859,1919,1349.2969,0.00,1,0.00
4.367183,173.3203,-1348.505859,1919,1349.2969,0.00,1,0.00
4.368184,173.3203,-1348.505859,1919,1349.2969,0.00,1,0.00
4.369185,173.2324,-1348.593750,1919,1349.2969,0.00,1,0.00
4.370186,173.2324,-1348.593750,1919,1349.2969,0.00,1,0.00
4.371187,173.3203,-1348.505859,1919,1349.2969,0.00,1,0.00
4.372188,173.3203,-1348.505859,1919,1349.2969,0.00,1,0.00
4.373189,173.2324,-1348.593750,1919,1349.2969,0.00,1,0.00
4.374190,173.2324,-1348.593750,1919,1349.2969,0.00,1,0.00
4.375191,173.2324,-1348.593750,1919,1349.2969,0.00,1,0.00
4.376192,173.2324,-1348.593750,1919,1349.2969,0.00,1,0.00
4.377193,173.2324,-1348.593750,1919,1349.2969,0.00,1,0.00
4.378194,173.2324,-1348.593750,1919,1349.2969,0.00,1,0.00
4.379195,173.2324,-1348.593750,1919,1349.2969,0.00,1,0.00
4.380196,173.3203,-1348.505859,1919,1349.2969,0.00,1,0.00
4.381197,173.3203,-1348.505859,1919,1349.2969,0.00,1,0.00
4.382198,173.3203,-1348.505859,1919,1349.2969,0.00,1,0.00
4.383199,173.3203,-1348.505859,1919,1349.2969,0.00,1,0.00
4.384200,173.2324,-1348.593750,1919,1349.2969,0.00,1,0.00
4.385201,173.3203,-1348.505859,1919,1349.2969,0.00,1,0.00
4.386202,173.3203,-1348.505859,1919,1349.2969,0.00,1,0.00
4.387203,173.2324,-1348.593750,1919,1349.2969,0.00,1,0.00
4.388204,173.2324,-1348.593750,1919,1349.2969,0.00,1,0.00
4.389205,173.2324,-1348.593750,1919,1349.2969,0.00,1,0.00
4.390206,173.3203,-1348.505859,1919,1349.2969,0.00,1,0.00
4.391207,173.2324,-1348.593750,1919,1349.2969,0.00,1,0.00
4.392208,173.2324,-1348.593750,1919,1349.2969,0.00,1,0.00
4.393209,173.3203,-1348.505859,1919,1349.2969,0.00,1,0.00
4.394210,173.3203,-1348.505859,1919,1349.2969,0.00,1,0.00
4.401495,173.2324,-1348.593750,1919,1349.2969,0.00,1,0.00
4.402496,173.2324,-1348.593750,1919,1349.2969,0.00,1,0.00
4.403497,173.2324,-1348.593750,1919,1349.2969,0.00,1,0.00
4.404498,173.2324,-1348.593750,1919,1349.2969,0.00,1,0.00
4.405499,173.2324,-1348.593750,1919,1349.2969,0.00,1,0.00
4.406500,173.2324,-1348.593750,1919,1349.2969,0.00,1,0.00
4.407501,173.2324,-1348.593750,1919,1349.2969,0.00,1,0.00
4.408502,173.2324,-1348.593750,1919,1349.2969,0.00,1,0.00
4.409503,173.2324,-1348.593750,1919,1349.2969,0.00,1,0.00
4.410504,173.2324,-1348.593750,1919,1349.2969,0.00,1,0.00
4.411505,173.2324,-1348.593750,1919,1349.2969,0.00,1,0.00
4.412506,173.1445,-1348.681641,1919,1349.2969,0.00,1,0.00
4.413507,173.1445,-1348.681641,1919,1349.2969,0.00,1,0.00
4.414508,173.2324,-1348.593750,1919,1349.2969,0.00,1,0.00
4.415509,173.2324,-1348.593750,1919,1349.2969,0.00,1,0.00
4.416510,173.2324,-1348.593750,1919,1349.2969,0.00,1,0.00
4.417511,173.3203,-1348.505859,1919,1349.2969,0.00,1,0.00
4.418512,173.2324,-1348.593750,1919,1349.2969,0.00,1,0.00
4.419513,173.1445,-1348.681641,1919,1349.2969,0.00,1,0.00
4.420514,173.1445,-1348.681641,1919,1349.2969,0.00,1,0.00
4.421515,173.2324,-1348.593750,1919,1349.2969,0.00,1,0.00
4.422516,173.2324,-1348.593750,1919,1349.2969,0.00,1,0.00
4.423517,173.2324,-1348.593750,1919,1349.2969,0.00,1,0.00
4.424518,173.3203,-1348.505859,1919,1349.2969,0.00,1,0.00
4.425519,173.2324,-1348.593750,1919,1349.2969,0.00,1,0.00
4.426520,173.2324,-1348.593750,1919,1349.2969,0.00,1,0.00
4.427521,173.2324,-1348.593750,1919,1349.2969,0.00,1,0.00
4.428521,173.2324,-1348.593750,1919,1349.2969,0.00,1,0.00
4.429522,173.2324,-1348.593750,1919,1349.2969,0.00,1,0.00
4.430523,173.2324,-1348.593750,1919,1349.2969,0.00,1,0.00
4.431524,173.2324,-1348.593750,1919,1349.2969,0.00,1,0.00
4.432524,173.2324,-1348.593750,1919,1349.2969,0.00,1,0.00
4.433525,173.2324,-1348.593750,1919,1349.2969,0.00,1,0.00
4.434526,173.3203,-1348.505859,1919,1349.2969,0.00,1,0.00
4.435527,173.3203,-1348.505859,1919,1349.2969,0.00,1,0.00
4.436528,173.3203,-1348.505859,1919,1349.2969,0.00,1,0.00
4.437529,173.3203,-1348.505859,1919,1349.2969,0.00,1,0.00
4.438530,173.3203,-1348.505859,1919,1349.2969,0.00,1,0.00
4.439531,173.3203,-1348.505859,1919,1349.2969,0.00,1,0.00
4.440532,173.3203,-1348.505859,1919,1349.2969,0.00,1,0.00
4.441533,173.2324,-1348.593750,1919,1349.2969,0.00,1,0.00
4.442534,173.2324,-1348.593750,1919,1349.2969,0.00,1,0.00
4.443535,173.1445,-1348.681641,1919,1349.2969,0.00,1,0.00
4.444536,173.1445,-1348.681641,1919,1349.2969,0.00,1,0.00
4.445537,173.2324,-1348.593750,1919,1349.2969,0.00,1,0.00
4.446538,173.2324,-1348.593750,1919,1349.2969,0.00,1,0.00
4.447539,173.1445,-1348.681641,1919,1349.2969,0.00,1,0.00
4.448540,173.2324,-1348.593750,1919,1349.2969,0.00,1,0.00
4.449541,173.2324,-1348.593750,1919,1349.2969,0.00,1,0.00
4.450542,173.3203,-1348.505859,1919,1349.2969,0.00,1,0.00
4.457851,173.2324,-1348.593750,1919,1349.2969,0.00,1,0.00
4.458852,173.2324,-1348.593750,1919,1349.2969,0.00,1,0.00
4.459852,173.2324,-1348.593750,1919,1349.2969,0.00,1,0.00
4.460853,173.2324,-1348.593750,1919,1349.2969,0.00,1,0.00
4.461854,173.2324,-1348.593750,1919,1349.2969,0.00,1,0.00
4.462855,173.2324,-1348.593750,1919,1349.2969,0.00,1,0.00
4.463856,173.2324,-1348.593750,1919,1349.2969,0.00,1,0.00
4.464857,173.2324,-1348.593750,1919,1349.2969,0.00,1,0.00
4.465858,173.3203,-1348.505859,1919,1349.2969,0.00,1,0.00
4.466859,173.3203,-1348.505859,1919,1349.2969,0.00,1,0.00
4.467860,173.2324,-1348.593750,1919,1349.2969,0.00,1,0.00
4.468861,173.2324,-1348.593750,1919,1349.2969,0.00,1,0.00
4.469862,173.2324,-1348.593750,1919,1349.2969,0.00,1,0.00
4.470863,173.2324,-1348.593750,1919,1349.2969,0.00,1,0.00
4.471864,173.2324,-1348.593750,1919,1349.2969,0.00,1,0.00
4.472865,173.2324,-1348.593750,1919,1349.2969,0.00,1,0.00
4.473866,173.2324,-1348.593750,1919,1349.2969,0.00,1,0.00
4.474867,173.2324,-1348.593750,1919,1349.2969,0.00,1,0.00
4.475868,173.2324,-1348.593750,1919,1349.2969,0.00,1,0.00
4.476869,173.2324,-1348.593750,1919,1349.2969,0.00,1,0.00
4.477870,173.2324,-1348.593750,1919,1349.2969,0.00,1,0.00
4.478871,173.2324,-1348.593750,1919,1349.2969,0.00,1,0.00
4.479872,173.2324,-1348.593750,1919,1349.2969,0.00,1,0.00
4.480873,173.1445,-1348.681641,1919,1349.2969,0.00,1,0.00
4.481874,173.2324,-1348.593750,1919,1349.2969,0.00,1,0.00
4.482875,173.2324,-1348.593750,1919,1349.2969,0.00,1,0.00
4.483876,173.2324,-1348.593750,1919,1349.2969,0.00,1,0.00
4.484876,173.2324,-1348.593750,1919,1349.2969,0.00,1,0.00
4.485877,173.1445,-1348.681641,1919,1349.2969,0.00,1,0.00
4.486878,173.1445,-1348.681641,1919,1349.2969,0.00,1,0.00
4.487879,173.3203,-1348.505859,1919,1349.2969,0.00,1,0.00
4.488879,173.4082,-1348.417969,1919,1349.2969,0.00,1,0.00
4.489880,173.3203,-1348.505859,1919,1349.2969,0.00,1,0.00
4.490881,173.2324,-1348.593750,1919,1349.2969,0.00,1,0.00
4.491882,173.2324,-1348.593750,1919,1349.2969,0.00,1,0.00
4.492883,173.3203,-1348.505859,1919,1349.2969,0.00,1,0.00
4.493884,173.3203,-1348.505859,1919,1349.2969,0.00,1,0.00
4.494885,173.2324,-1348.593750,1919,1349.2969,0.00,1,0.00
4.495886,173.2324,-1348.593750,1919,1349.2969,0.00,1,0.00
4.496887,173.2324,-1348.593750,1919,1349.2969,0.00,1,0.00
4.497888,173.2324,-1348.593750,1919,1349.2969,0.00,1,0.00
4.498889,173.2324,-1348.593750,1919,1349.2969,0.00,1,0.00
4.499890,173.2324,-1348.593750,1919,1349.2969,0.00,1,0.00
4.500891,173.2324,-1348.593750,1919,1349.2969,0.00,1,0.00
4.501892,173.2324,-1348.593750,1919,1349.2969,0.00,1,0.00
4.502893,173.2324,-1348.593750,1919,1349.2969,0.00,1,0.00
4.503894,173.2324,-1348.593750,1919,1349.2969,0.00,1,0.00
4.504895,173.2324,-1348.593750,1919,1349.2969,0.00,1,0.00
4.505896,173.2324,-1348.593750,1919,1349.2969,0.00,1,0.00
4.506897,173.3203,-1348.505859,1919,1349.2969,0.00,1,0.00
4.514208,173.2324,-1348.593750,1919,1349.2969,0.00,1,0.00
4.515209,173.3203,-1348.505859,1919,1349.2969,0.00,1,0.00
4.516210,173.3203,-1348.505859,1919,1349.2969,0.00,1,0.00
4.517211,173.3203,-1348.505859,1919,1349.2969,0.00,1,0.00
4.518212,173.2324,-1348.593750,1919,1349.2969,0.00,1,0.00
4.519213,173.2324,-1348.593750,1919,1349.2969,0.00,1,0.00
4.520214,173.2324,-1348.593750,1919,1349.2969,0.00,1,0.00
4.521215,173.2324,-1348.593750,1919,1349.2969,0.00,1,0.00
4.522216,173.2324,-1348.593750,1919,1349.2969,0.00,1,0.00
4.523217,173.2324,-1348.593750,1919,1349.2969,0.00,1,0.00
4.524218,173.2324,-1348.593750,1919,1349.2969,0.00,1,0.00
4.525219,173.3203,-1348.505859,1919,1349.2969,0.00,1,0.00
4.526220,173.3203,-1348.505859,1919,1349.2969,0.00,1,0.00
4.527221,173.2324,-1348.593750,1919,1349.2969,0.00,1,0.00
4.528222,173.2324,-1348.593750,1919,1349.2969,0.00,1,0.00
4.529223,173.3203,-1348.505859,1919,1349.2969,0.00,1,0.00
4.530224,173.2324,-1348.593750,1919,1349.2969,0.00,1,0.00
4.531225,173.2324,-1348.593750,1919,1349.2969,0.00,1,0.00
4.532226,173.2324,-1348.593750,1919,1349.2969,0.00,1,0.00
4.533227,173.2324,-1348.593750,1919,1349.2969,0.00,1,0.00
4.534228,173.2324,-1348.593750,1919,1349.2969,0.00,1,0.00
4.535229,173.2324,-1348.593750,1919,1349.2969,0.00,1,0.00
4.536230,173.2324,-1348.593750,1919,1349.2969,0.00,1,0.00
4.537231,173.1445,-1348.681641,1919,1349.2969,0.00,1,0.00
4.538232,173.1445,-1348.681641,1919,1349.2969,0.00,1,0.00
4.539233,173.2324,-1348.593750,1919,1349.2969,0.00,1,0.00
4.540234,173.3203,-1348.505859,1919,1349.2969,0.00,1,0.00
4.541235,173.3203,-1348.505859,1919,1349.2969,0.00,1,0.00
4.542236,173.2324,-1348.593750,1919,1349.2969,0.00,1,0.00
4.543237,173.2324,-1348.593750,1919,1349.2969,0.00,1,0.00
4.544238,173.2324,-1348.593750,1919,1349.2969,0.00,1,0.00
4.545239,173.2324,-1348.593750,1919,1349.2969,0.00,1,0.00
4.546240,173.3203,-1348.505859,1919,1349.2969,0.00,1,0.00
4.547241,173.2324,-1348.593750,1919,1349.2969,0.00,1,0.00
4.548242,173.2324,-1348.593750,1919,1349.2969,0.00,1,0.00
4.549243,173.3203,-1348.505859,1919,1349.2969,0.00,1,0.00
4.550244,173.3203,-1348.505859,1919,1349.2969,0.00,1,0.00
4.551245,173.2324,-1348.593750,1919,1349.2969,0.00,1,0.00
4.552246,173.2324,-1348.593750,1919,1349.2969,0.00,1,0.00
4.553247,173.2324,-1348.593750,1919,1349.2969,0.00,1,0.00
4.554248,173.3203,-1348.505859,1919,1349.2969,0.00,1,0.00
4.555249,173.3203,-1348.505859,1919,1349.2969,0.00,1,0.00
4.556250,173.2324,-1348.593750,1919,1349.2969,0.00,1,0.00
4.557251,173.2324,-1348.593750,1919,1349.2969,0.00,1,0.00
4.558252,173.2324,-1348.593750,1919,1349.2969,0.00,1,0.00
4.559253,173.2324,-1348.593750,1919,1349.2969,0.00,1,0.00
4.560254,173.2324,-1348.593750,1919,1349.2969,0.00,1,0.00
4.561255,173.2324,-1348.593750,1919,1349.2969,0.00,1,0.00
4.562256,173.2324,-1348.593750,1919,1349.2969,0.00,1,0.00
4.563257,173.3203,-1348.505859,1919,1349.2969,0.00,1,0.00
4.571024,173.2324,-1348.593750,1919,1349.2969,0.00,1,0.00
4.572025,173.2324,-1348.593750,1919,1349.2969,0.00,1,0.00
4.573025,173.2324,-1348.593750,1919,1349.2969,0.00,1,0.00
4.574026,173.2324,-1348.593750,1919,1349.2969,0.00,1,0.00
4.575027,173.2324,-1348.593750,1919,1349.2969,0.00,1,0.00
4.576028,173.2324,-1348.593750,1919,1349.2969,0.00,1,0.00
4.577029,173.2324,-1348.593750,1919,1349.2969,0.00,1,0.00
4.578029,173.2324,-1348.593750,1919,1349.2969,0.00,1,0.00
4.579030,173.2324,-1348.593750,1919,1349.2969,0.00,1,0.00
4.580031,173.1445,-1348.681641,1919,1349.2969,0.00,1,0.00
4.581032,173.2324,-1348.593750,1919,1349.2969,0.00,1,0.00
4.582032,173.2324,-1348.593750,1919,1349.2969,0.00,1,0.00
4.583033,173.2324,-1348.593750,1919,1349.2969,0.00,1,0.00
4.584034,173.2324,-1348.593750,1919,1349.2969,0.00,1,0.00
4.585035,173.2324,-1348.593750,1919,1349.2969,0.00,1,0.00
4.586036,173.2324,-1348.593750,1919,1349.2969,0.00,1,0.00
4.587037,173.1445,-1348.681641,1919,1349.2969,0.00,1,0.00
4.588038,173.1445,-1348.681641,1919,1349.2969,0.00,1,0.00
4.589039,173.1445,-1348.681641,1919,1349.2969,0.00,1,0.00
4.590040,173.1445,-1348.681641,1919,1349.2969,0.00,1,0.00
4.591041,173.2324,-1348.593750,1919,1349.2969,0.00,1,0.00
4.592042,173.2324,-1348.593750,1919,1349.2969,0.00,1,0.00
4.593043,173.2324,-1348.593750,1919,1349.2969,0.00,1,0.00
4.594044,173.2324,-1348.593750,1919,1349.2969,0.00,1,0.00
4.595045,173.2324,-1348.593750,1919,1349.2969,0.00,1,0.00
4.596046,173.3203,-1348.505859,1919,1349.2969,0.00,1,0.00
4.597047,173.3203,-1348.505859,1919,1349.2969,0.00,1,0.00
4.598048,173.3203,-1348.505859,1919,1349.2969,0.00,1,0.00
4.599049,173.3203,-1348.505859,1919,1349.2969,0.00,1,0.00
4.600050,173.3203,-1348.505859,1919,1349.2969,0.00,1,0.00
4.601051,173.3203,-1348.505859,1919,1349.2969,0.00,1,0.00
4.602052,173.2324,-1348.593750,1919,1349.2969,0.00,1,0.00
4.603053,173.2324,-1348.593750,1919,1349.2969,0.00,1,0.00
4.604054,173.2324,-1348.593750,1919,1349.2969,0.00,1,0.00
4.605055,173.2324,-1348.593750,1919,1349.2969,0.00,1,0.00
4.606056,173.3203,-1348.505859,1919,1349.2969,0.00,1,0.00
4.607057,173.2324,-1348.593750,1919,1349.2969,0.00,1,0.00
4.608058,173.2324,-1348.593750,1919,1349.2969,0.00,1,0.00
4.609059,173.3203,-1348.505859,1919,1349.2969,0.00,1,0.00
4.610060,173.2324,-1348.593750,1919,1349.2969,0.00,1,0.00
4.611061,173.3203,-1348.505859,1919,1349.2969,0.00,1,0.00
4.612062,173.3203,-1348.505859,1919,1349.2969,0.00,1,0.00
4.613063,173.2324,-1348.593750,1919,1349.2969,0.00,1,0.00
4.614064,173.2324,-1348.593750,1919,1349.2969,0.00,1,0.00
4.615065,173.2324,-1348.593750,1919,1349.2969,0.00,1,0.00
4.616066,173.2324,-1348.593750,1919,1349.2969,0.00,1,0.00
4.617067,173.3203,-1348.505859,1919,1349.2969,0.00,1,0.00
4.618068,173.2324,-1348.593750,1919,1349.2969,0.00,1,0.00
4.619069,173.2324,-1348.593750,1919,1349.2969,0.00,1,0.00
4.620070,173.2324,-1348.593750,1919,1349.2969,0.00,1,0.00
4.627331,173.2324,-1348.593750,1919,1349.2969,0.00,1,0.00
4.628331,173.2324,-1348.593750,1919,1349.2969,0.00,1,0.00
4.629332,173.1445,-1348.681641,1919,1349.2969,0.00,1,0.00
4.630333,173.2324,-1348.593750,1919,1349.2969,0.00,1,0.00
4.631334,173.2324,-1348.593750,1919,1349.2969,0.00,1,0.00
4.632335,173.3203,-1348.505859,1919,1349.2969,0.00,1,0.00
4.633336,173.2324,-1348.593750,1919,1349.2969,0.00,1,0.00
4.634337,173.2324,-1348.593750,1919,1349.2969,0.00,1,0.00
4.635338,173.2324,-1348.593750,1919,1349.2969,0.00,1,0.00
4.636339,173.2324,-1348.593750,1919,1349.2969,0.00,1,0.00
4.637340,173.2324,-1348.593750,1919,1349.2969,0.00,1,0.00
4.638341,173.2324,-1348.593750,1919,1349.2969,0.00,1,0.00
4.639342,173.2324,-1348.593750,1919,1349.2969,0.00,1,0.00
4.640343,173.2324,-1348.593750,1919,1349.2969,0.00,1,0.00
4.641344,173.2324,-1348.593750,1919,1349.2969,0.00,1,0.00
4.642345,173.2324,-1348.593750,1919,1349.2969,0.00,1,0.00
4.643346,173.1445,-1348.681641,1919,1349.2969,0.00,1,0.00
4.644347,173.2324,-1348.593750,1919,1349.2969,0.00,1,0.00
4.645348,173.2324,-1348.593750,1919,1349.2969,0.00,1,0.00
4.646349,173.2324,-1348.593750,1919,1349.2969,0.00,1,0.00
4.647350,173.2324,-1348.593750,1919,1349.2969,0.00,1,0.00
4.648351,173.2324,-1348.593750,1919,1349.2969,0.00,1,0.00
4.649352,173.2324,-1348.593750,1919,1349.2969,0.00,1,0.00
4.650353,173.2324,-1348.593750,1919,1349.2969,0.00,1,0.00
4.651354,173.2324,-1348.593750,1919,1349.2969,0.00,1,0.00
4.652355,173.2324,-1348.593750,1919,1349.2969,0.00,1,0.00
4.653356,173.2324,-1348.593750,1919,1349.2969,0.00,1,0.00
4.654357,173.2324,-1348.593750,1919,1349.2969,0.00,1,0.00
4.655358,173.2324,-1348.593750,1919,1349.2969,0.00,1,0.00
4.656359,173.3203,-1348.505859,1919,1349.2969,0.00,1,0.00
4.657360,173.2324,-1348.593750,1919,1349.2969,0.00,1,0.00
4.658361,173.2324,-1348.593750,1919,1349.2969,0.00,1,0.00
4.659362,173.3203,-1348.505859,1919,1349.2969,0.00,1,0.00
4.660363,173.2324,-1348.593750,1919,1349.2969,0.00,1,0.00
4.661364,173.2324,-1348.593750,1919,1349.2969,0.00,1,0.00
4.662365,173.2324,-1348.593750,1919,1349.2969,0.00,1,0.00
4.663366,173.2324,-1348.593750,1919,1349.2969,0.00,1,0.00
4.664367,173.2324,-1348.593750,1919,1349.2969,0.00,1,0.00
4.665368,173.2324,-1348.593750,1919,1349.2969,0.00,1,0.00
4.666369,173.2324,-1348.593750,1919,1349.2969,0.00,1,0.00
4.667370,173.2324,-1348.593750,1919,1349.2969,0.00,1,0.00
4.668371,173.2324,-1348.593750,1919,1349.2969,0.00,1,0.00
4.669372,173.2324,-1348.593750,1919,1349.2969,0.00,1,0.00
4.670373,173.1445,-1348.681641,1919,1349.2969,0.00,1,0.00
4.671374,173.2324,-1348.593750,1919,1349.2969,0.00,1,0.00
4.672375,173.2324,-1348.593750,1919,1349.2969,0.00,1,0.00
4.673376,173.2324,-1348.593750,1919,1349.2969,0.00,1,0.00
4.674377,173.2324,-1348.593750,1919,1349.2969,0.00,1,0.00
4.675378,173.2324,-1348.593750,1919,1349.2969,0.00,1,0.00
4.676379,173.2324,-1348.593750,1919,1349.2969,0.00,1,0.00
4.683639,173.2324,-1348.593750,1919,1349.2969,0.00,1,0.00
4.684640,173.2324,-1348.593750,1919,1349.2969,0.00,1,0.00
4.685641,173.3203,-1348.505859,1919,1349.2969,0.00,1,0.00
4.686641,173.2324,-1348.593750,1919,1349.2969,0.00,1,0.00
4.687642,173.2324,-1348.593750,1919,1349.2969,0.00,1,0.00
4.688643,173.2324,-1348.593750,1919,1349.2969,0.00,1,0.00
4.689644,173.2324,-1348.593750,1919,1349.2969,0.00,1,0.00
4.690645,173.3203,-1348.505859,1919,1349.2969,0.00,1,0.00
4.691646,173.2324,-1348.593750,1919,1349.2969,0.00,1,0.00
4.692647,173.2324,-1348.593750,1919,1349.2969,0.00,1,0.00
4.693648,173.3203,-1348.505859,1919,1349.2969,0.00,1,0.00
4.694649,173.2324,-1348.593750,1919,1349.2969,0.00,1,0.00
4.695650,173.2324,-1348.593750,1919,1349.2969,0.00,1,0.00
4.696651,173.2324,-1348.593750,1919,1349.2969,0.00,1,0.00
4.697652,173.2324,-1348.593750,1919,1349.2969,0.00,1,0.00
4.698653,173.2324,-1348.593750,1919,1349.2969,0.00,1,0.00
4.699654,173.3203,-1348.505859,1919,1349.2969,0.00,1,0.00
4.700655,173.2324,-1348.593750,1919,1349.2969,0.00,1,0.00
4.701656,173.2324,-1348.593750,1919,1349.2969,0.00,1,0.00
4.702657,173.2324,-1348.593750,1919,1349.2969,0.00,1,0.00
4.703658,173.2324,-1348.593750,1919,1349.2969,0.00,1,0.00
4.704659,173.2324,-1348.593750,1919,1349.2969,0.00,1,0.00
4.705660,173.2324,-1348.593750,1919,1349.2969,0.00,1,0.00
4.706661,173.2324,-1348.593750,1919,1349.2969,0.00,1,0.00
4.707662,173.2324,-1348.593750,1919,1349.2969,0.00,1,0.00
4.708663,173.3203,-1348.505859,1919,1349.2969,0.00,1,0.00
4.709664,173.3203,-1348.505859,1919,1349.2969,0.00,1,0.00
4.710665,173.2324,-1348.593750,1919,1349.2969,0.00,1,0.00
4.711666,173.2324,-1348.593750,1919,1349.2969,0.00,1,0.00
4.712667,173.2324,-1348.593750,1919,1349.2969,0.00,1,0.00
4.713668,173.2324,-1348.593750,1919,1349.2969,0.00,1,0.00
4.714669,173.2324,-1348.593750,1919,1349.2969,0.00,1,0.00
4.715669,173.2324,-1348.593750,1919,1349.2969,0.00,1,0.00
4.716670,173.2324,-1348.593750,1919,1349.2969,0.00,1,0.00
4.717671,173.2324,-1348.593750,1919,1349.2969,0.00,1,0.00
4.718672,173.2324,-1348.593750,1919,1349.2969,0.00,1,0.00
4.719672,173.2324,-1348.593750,1919,1349.2969,0.00,1,0.00
4.720673,173.2324,-1348.593750,1919,1349.2969,0.00,1,0.00
4.721674,173.2324,-1348.593750,1919,1349.2969,0.00,1,0.00
4.722675,173.3203,-1348.505859,1919,1349.2969,0.00,1,0.00
4.723676,173.2324,-1348.593750,1919,1349.2969,0.00,1,0.00
4.724677,173.2324,-1348.593750,1919,1349.2969,0.00,1,0.00
4.725678,173.2324,-1348.593750,1919,1349.2969,0.00,1,0.00
4.726679,173.2324,-1348.593750,1919,1349.2969,0.00,1,0.00
4.727680,173.1445,-1348.681641,1919,1349.2969,0.00,1,0.00
4.728681,173.2324,-1348.593750,1919,1349.2969,0.00,1,0.00
4.729682,173.2324,-1348.593750,1919,1349.2969,0.00,1,0.00
4.730683,173.2324,-1348.593750,1919,1349.2969,0.00,1,0.00
4.731684,173.2324,-1348.593750,1919,1349.2969,0.00,1,0.00
4.732685,173.2324,-1348.593750,1919,1349.2969,0.00,1,0.00
4.739972,173.2324,-1348.593750,1919,1349.2969,0.00,1,0.00
4.740973,173.2324,-1348.593750,1919,1349.2969,0.00,1,0.00
4.741974,173.2324,-1348.593750,1919,1349.2969,0.00,1,0.00
4.742975,173.1445,-1348.681641,1919,1349.2969,0.00,1,0.00
4.743975,173.1445,-1348.681641,1919,1349.2969,0.00,1,0.00
4.744976,173.2324,-1348.593750,1919,1349.2969,0.00,1,0.00
4.745977,173.2324,-1348.593750,1919,1349.2969,0.00,1,0.00
4.746978,173.2324,-1348.593750,1919,1349.2969,0.00,1,0.00
4.747978,173.2324,-1348.593750,1919,1349.2969,0.00,1,0.00
4.748979,173.2324,-1348.593750,1919,1349.2969,0.00,1,0.00
4.749980,173.2324,-1348.593750,1919,1349.2969,0.00,1,0.00
4.750981,173.2324,-1348.593750,1919,1349.2969,0.00,1,0.00
4.751982,173.2324,-1348.593750,1919,1349.2969,0.00,1,0.00
4.752983,173.2324,-1348.593750,1919,1349.2969,0.00,1,0.00
4.753984,173.2324,-1348.593750,1919,1349.2969,0.00,1,0.00
4.754985,173.2324,-1348.593750,1919,1349.2969,0.00,1,0.00
4.755986,173.2324,-1348.593750,1919,1349.2969,0.00,1,0.00
4.756987,173.2324,-1348.593750,1919,1349.2969,0.00,1,0.00
4.757988,173.3203,-1348.505859,1919,1349.2969,0.00,1,0.00
4.758989,173.2324,-1348.593750,1919,1349.2969,0.00,1,0.00
4.759990,173.2324,-1348.593750,1919,1349.2969,0.00,1,0.00
4.760991,173.2324,-1348.593750,1919,1349.2969,0.00,1,0.00
4.761992,173.3203,-1348.505859,1919,1349.2969,0.00,1,0.00
4.762993,173.3203,-1348.505859,1919,1349.2969,0.00,1,0.00
4.763994,173.2324,-1348.593750,1919,1349.2969,0.00,1,0.00
4.764995,173.2324,-1348.593750,1919,1349.2969,0.00,1,0.00
4.765996,173.2324,-1348.593750,1919,1349.2969,0.00,1,0.00
4.766997,173.3203,-1348.505859,1919,1349.2969,0.00,1,0.00
4.767998,173.2324,-1348.593750,1919,1349.2969,0.00,1,0.00
4.768999,173.1445,-1348.681641,1919,1349.2969,0.00,1,0.00
4.770000,173.2324,-1348.593750,1919,1349.2969,0.00,1,0.00
4.771001,173.3203,-1348.505859,1919,1349.2969,0.00,1,0.00
4.772002,173.3203,-1348.505859,1919,1349.2969,0.00,1,0.00
4.773003,173.3203,-1348.505859,1919,1349.2969,0.00,1,0.00
4.774004,173.3203,-1348.505859,1919,1349.2969,0.00,1,0.00
4.775005,173.2324,-1348.593750,1919,1349.2969,0.00,1,0.00
4.776006,173.2324,-1348.593750,1919,1349.2969,0.00,1,0.00
4.777007,173.3203,-1348.505859,1919,1349.2969,0.00,1,0.00
4.778008,173.2324,-1348.593750,1919,1349.2969,0.00,1,0.00
4.779009,173.2324,-1348.593750,1919,1349.2969,0.00,1,0.00
4.780010,173.2324,-1348.593750,1919,1349.2969,0.00,1,0.00
4.781011,173.2324,-1348.593750,1919,1349.2969,0.00,1,0.00
4.782012,173.2324,-1348.593750,1919,1349.2969,0.00,1,0.00
4.783013,173.2324,-1348.593750,1919,1349.2969,0.00,1,0.00
4.784014,173.2324,-1348.593750,1919,1349.2969,0.00,1,0.00
4.785015,173.2324,-1348.593750,1919,1349.2969,0.00,1,0.00
4.786016,173.2324,-1348.593750,1919,1349.2969,0.00,1,0.00
4.787017,173.2324,-1348.593750,1919,1349.2969,0.00,1,0.00
4.788018,173.2324,-1348.593750,1919,1349.2969,0.00,1,0.00
4.789018,173.2324,-1348.593750,1919,1349.2969,0.00,1,0.00
4.796329,173.2324,-1348.593750,1919,1349.2969,0.00,1,0.00
4.797330,173.1445,-1348.681641,1919,1349.2969,0.00,1,0.00
4.798331,173.2324,-1348.593750,1919,1349.2969,0.00,1,0.00
4.799331,173.2324,-1348.593750,1919,1349.2969,0.00,1,0.00
4.800332,173.2324,-1348.593750,1919,1349.2969,0.00,1,0.00
4.801333,173.2324,-1348.593750,1919,1349.2969,0.00,1,0.00
4.802334,173.2324,-1348.593750,1919,1349.2969,0.00,1,0.00
4.803335,173.2324,-1348.593750,1919,1349.2969,0.00,1,0.00
4.804336,173.2324,-1348.593750,1919,1349.2969,0.00,1,0.00
4.805337,173.2324,-1348.593750,1919,1349.2969,0.00,1,0.00
4.806338,173.2324,-1348.593750,1919,1349.2969,0.00,1,0.00
4.807339,173.3203,-1348.505859,1919,1349.2969,0.00,1,0.00
4.808340,173.2324,-1348.593750,1919,1349.2969,0.00,1,0.00
4.809341,173.2324,-1348.593750,1919,1349.2969,0.00,1,0.00
4.810342,173.3203,-1348.505859,1919,1349.2969,0.00,1,0.00
4.811343,173.3203,-1348.505859,1919,1349.2969,0.00,1,0.00
4.812344,173.3203,-1348.505859,1919,1349.2969,0.00,1,0.00
4.813345,173.2324,-1348.593750,1919,1349.2969,0.00,1,0.00
4.814346,173.3203,-1348.505859,1919,1349.2969,0.00,1,0.00
4.815347,173.3203,-1348.505859,1919,1349.2969,0.00,1,0.00
4.816348,173.2324,-1348.593750,1919,1349.2969,0.00,1,0.00
4.817349,173.2324,-1348.593750,1919,1349.2969,0.00,1,0.00
4.818350,173.2324,-1348.593750,1919,1349.2969,0.00,1,0.00
4.819351,173.2324,-1348.593750,1919,1349.2969,0.00,1,0.00
4.820352,173.2324,-1348.593750,1919,1349.2969,0.00,1,0.00
4.821353,173.2324,-1348.593750,1919,1349.2969,0.00,1,0.00
4.822354,173.2324,-1348.593750,1919,1349.2969,0.00,1,0.00
4.823355,173.2324,-1348.593750,1919,1349.2969,0.00,1,0.00
4.824356,173.2324,-1348.593750,1919,1349.2969,0.00,1,0.00
4.825357,173.3203,-1348.505859,1919,1349.2969,0.00,1,0.00
4.826358,173.3203,-1348.505859,1919,1349.2969,0.00,1,0.00
4.827359,173.2324,-1348.593750,1919,1349.2969,0.00,1,0.00
4.828360,173.2324,-1348.593750,1919,1349.2969,0.00,1,0.00
4.829361,173.2324,-1348.593750,1919,1349.2969,0.00,1,0.00
4.830362,173.2324,-1348.593750,1919,1349.2969,0.00,1,0.00
4.831363,173.2324,-1348.593750,1919,1349.2969,0.00,1,0.00
4.832364,173.2324,-1348.593750,1919,1349.2969,0.00,1,0.00
4.833365,173.3203,-1348.505859,1919,1349.2969,0.00,1,0.00
4.834366,173.2324,-1348.593750,1919,1349.2969,0.00,1,0.00
4.835367,173.2324,-1348.593750,1919,1349.2969,0.00,1,0.00
4.836368,173.3203,-1348.505859,1919,1349.2969,0.00,1,0.00
4.837369,173.3203,-1348.505859,1919,1349.2969,0.00,1,0.00
4.838370,173.2324,-1348.593750,1919,1349.2969,0.00,1,0.00
4.839371,173.2324,-1348.593750,1919,1349.2969,0.00,1,0.00
4.840372,173.2324,-1348.593750,1919,1349.2969,0.00,1,0.00
4.841373,173.2324,-1348.593750,1919,1349.2969,0.00,1,0.00
4.842374,173.2324,-1348.593750,1919,1349.2969,0.00,1,0.00
4.843375,173.3203,-1348.505859,1919,1349.2969,0.00,1,0.00
4.844376,173.3203,-1348.505859,1919,1349.2969,0.00,1,0.00
4.845377,173.3203,-1348.505859,1919,1349.2969,0.00,1,0.00
4.852530,173.3203,-1348.505859,1919,1349.2969,0.00,1,0.00
4.853531,173.2324,-1348.593750,1919,1349.2969,0.00,1,0.00
4.854532,173.2324,-1348.593750,1919,1349.2969,0.00,1,0.00
4.855532,173.2324,-1348.593750,1919,1349.2969,0.00,1,0.00
4.856533,173.2324,-1348.593750,1919,1349.2969,0.00,1,0.00
4.857534,173.2324,-1348.593750,1919,1349.2969,0.00,1,0.00
4.858535,173.2324,-1348.593750,1919,1349.2969,0.00,1,0.00
4.859535,173.2324,-1348.593750,1919,1349.2969,0.00,1,0.00
4.860536,173.2324,-1348.593750,1919,1349.2969,0.00,1,0.00
4.861537,173.1445,-1348.681641,1919,1349.2969,0.00,1,0.00
4.862538,173.2324,-1348.593750,1919,1349.2969,0.00,1,0.00
4.863539,173.3203,-1348.505859,1919,1349.2969,0.00,1,0.00
4.864540,173.3203,-1348.505859,1919,1349.2969,0.00,1,0.00
4.865541,173.3203,-1348.505859,1919,1349.2969,0.00,1,0.00
4.866542,173.3203,-1348.505859,1919,1349.2969,0.00,1,0.00
4.867543,173.2324,-1348.593750,1919,1349.2969,0.00,1,0.00
4.868544,173.2324,-1348.593750,1919,1349.2969,0.00,1,0.00
4.869545,173.2324,-1348.593750,1919,1349.2969,0.00,1,0.00
4.870546,173.2324,-1348.593750,1919,1349.2969,0.00,1,0.00
4.871547,173.2324,-1348.593750,1919,1349.2969,0.00,1,0.00
4.872548,173.1445,-1348.681641,1919,1349.2969,0.00,1,0.00
4.873549,173.1445,-1348.681641,1919,1349.2969,0.00,1,0.00
4.874550,173.2324,-1348.593750,1919,1349.2969,0.00,1,0.00
4.875551,173.2324,-1348.593750,1919,1349.2969,0.00,1,0.00
4.876552,173.2324,-1348.593750,1919,1349.2969,0.00,1,0.00
4.877553,173.3203,-1348.505859,1919,1349.2969,0.00,1,0.00
4.878554,173.2324,-1348.593750,1919,1349.2969,0.00,1,0.00
4.879555,173.1445,-1348.681641,1919,1349.2969,0.00,1,0.00
4.880556,173.2324,-1348.593750,1919,1349.2969,0.00,1,0.00
4.881557,173.3203,-1348.505859,1919,1349.2969,0.00,1,0.00
4.882558,173.3203,-1348.505859,1919,1349.2969,0.00,1,0.00
4.883559,173.2324,-1348.593750,1919,1349.2969,0.00,1,0.00
4.884559,173.2324,-1348.593750,1919,1349.2969,0.00,1,0.00
4.885560,173.2324,-1348.593750,1919,1349.2969,0.00,1,0.00
4.886561,173.2324,-1348.593750,1919,1349.2969,0.00,1,0.00
4.887562,173.3203,-1348.505859,1919,1349.2969,0.00,1,0.00
4.888562,173.3203,-1348.505859,1919,1349.2969,0.00,1,0.00
4.889563,173.3203,-1348.505859,1919,1349.2969,0.00,1,0.00
4.890564,173.2324,-1348.593750,1919,1349.2969,0.00,1,0.00
4.891565,173.3203,-1348.505859,1919,1349.2969,0.00,1,0.00
4.892566,173.3203,-1348.505859,1919,1349.2969,0.00,1,0.00
4.893567,173.2324,-1348.593750,1919,1349.2969,0.00,1,0.00
4.894568,173.3203,-1348.505859,1919,1349.2969,0.00,1,0.00
4.895569,173.3203,-1348.505859,1919,1349.2969,0.00,1,0.00
4.896570,173.2324,-1348.593750,1919,1349.2969,0.00,1,0.00
4.897571,173.2324,-1348.593750,1919,1349.2969,0.00,1,0.00
4.898572,173.2324,-1348.593750,1919,1349.2969,0.00,1,0.00
4.899573,173.1445,-1348.681641,1919,1349.2969,0.00,1,0.00
4.900574,173.2324,-1348.593750,1919,1349.2969,0.00,1,0.00
4.901575,173.2324,-1348.593750,1919,1349.2969,0.00,1,0.00
4.909464,173.2324,-1348.593750,1919,1349.2969,0.00,1,0.00
4.910465,173.2324,-1348.593750,1919,1349.2969,0.00,1,0.00
4.911465,173.2324,-1348.593750,1919,1349.2969,0.00,1,0.00
4.912466,173.1445,-1348.681641,1919,1349.2969,0.00,1,0.00
4.913467,173.2324,-1348.593750,1919,1349.2969,0.00,1,0.00
4.914468,173.2324,-1348.593750,1919,1349.2969,0.00,1,0.00
4.915468,173.2324,-1348.593750,1919,1349.2969,0.00,1,0.00
4.916469,173.2324,-1348.593750,1919,1349.2969,0.00,1,0.00
4.917470,173.2324,-1348.593750,1919,1349.2969,0.00,1,0.00
4.918471,173.2324,-1348.593750,1919,1349.2969,0.00,1,0.00
4.919472,173.3203,-1348.505859,1919,1349.2969,0.00,1,0.00
4.920473,173.2324,-1348.593750,1919,1349.2969,0.00,1,0.00
4.921474,173.3203,-1348.505859,1919,1349.2969,0.00,1,0.00
4.922475,173.2324,-1348.593750,1919,1349.2969,0.00,1,0.00
4.923476,173.2324,-1348.593750,1919,1349.2969,0.00,1,0.00
4.924477,173.2324,-1348.593750,1919,1349.2969,0.00,1,0.00
4.925478,173.2324,-1348.593750,1919,1349.2969,0.00,1,0.00
4.926479,173.2324,-1348.593750,1919,1349.2969,0.00,1,0.00
4.927480,173.3203,-1348.505859,1919,1349.2969,0.00,1,0.00
4.928481,173.3203,-1348.505859,1919,1349.2969,0.00,1,0.00
4.929482,173.2324,-1348.593750,1919,1349.2969,0.00,1,0.00
4.930483,173.2324,-1348.593750,1919,1349.2969,0.00,1,0.00
4.931484,173.2324,-1348.593750,1919,1349.2969,0.00,1,0.00
4.932485,173.2324,-1348.593750,1919,1349.2969,0.00,1,0.00
4.933486,173.2324,-1348.593750,1919,1349.2969,0.00,1,0.00
4.934487,173.2324,-1348.593750,1919,1349.2969,0.00,1,0.00
4.935488,173.2324,-1348.593750,1919,1349.2969,0.00,1,0.00
4.936489,173.2324,-1348.593750,1919,1349.2969,0.00,1,0.00
4.937490,173.2324,-1348.593750,1919,1349.2969,0.00,1,0.00
4.938491,173.2324,-1348.593750,1919,1349.2969,0.00,1,0.00
4.939492,173.2324,-1348.593750,1919,1349.2969,0.00,1,0.00
4.940493,173.2324,-1348.593750,1919,1349.2969,0.00,1,0.00
4.941494,173.2324,-1348.593750,1919,1349.2969,0.00,1,0.00
4.942495,173.2324,-1348.593750,1919,1349.2969,0.00,1,0.00
4.943496,173.2324,-1348.593750,1919,1349.2969,0.00,1,0.00
4.944496,173.2324,-1348.593750,1919,1349.2969,0.00,1,0.00
4.945497,173.3203,-1348.505859,1919,1349.2969,0.00,1,0.00
4.946498,173.2324,-1348.593750,1919,1349.2969,0.00,1,0.00
4.947499,173.2324,-1348.593750,1919,1349.2969,0.00,1,0.00
4.948499,173.2324,-1348.593750,1919,1349.2969,0.00,1,0.00
4.949500,173.2324,-1348.593750,1919,1349.2969,0.00,1,0.00
4.950501,173.1445,-1348.681641,1919,1349.2969,0.00,1,0.00
4.951502,173.1445,-1348.681641,1919,1349.2969,0.00,1,0.00
4.952503,173.2324,-1348.593750,1919,1349.2969,0.00,1,0.00
4.953504,173.2324,-1348.593750,1919,1349.2969,0.00,1,0.00
4.954505,173.3203,-1348.505859,1919,1349.2969,0.00,1,0.00
4.955506,173.2324,-1348.593750,1919,1349.2969,0.00,1,0.00
4.956507,173.2324,-1348.593750,1919,1349.2969,0.00,1,0.00
4.957508,173.2324,-1348.593750,1919,1349.2969,0.00,1,0.00
4.958509,173.2324,-1348.593750,1919,1349.2969,0.00,1,0.00
4.965771,173.2324,-1348.593750,1919,1349.2969,0.00,1,0.00
4.966772,173.2324,-1348.593750,1919,1349.2969,0.00,1,0.00
4.967773,173.2324,-1348.593750,1919,1349.2969,0.00,1,0.00
4.968774,173.3203,-1348.505859,1919,1349.2969,0.00,1,0.00
4.969775,173.3203,-1348.505859,1919,1349.2969,0.00,1,0.00
4.970776,173.2324,-1348.593750,1919,1349.2969,0.00,1,0.00
4.971777,173.2324,-1348.593750,1919,1349.2969,0.00,1,0.00
4.972778,173.3203,-1348.505859,1919,1349.2969,0.00,1,0.00
4.973779,173.2324,-1348.593750,1919,1349.2969,0.00,1,0.00
4.974780,173.2324,-1348.593750,1919,1349.2969,0.00,1,0.00
4.975781,173.2324,-1348.593750,1919,1349.2969,0.00,1,0.00
4.976782,173.3203,-1348.505859,1919,1349.2969,0.00,1,0.00
4.977783,173.3203,-1348.505859,1919,1349.2969,0.00,1,0.00
4.978784,173.3203,-1348.505859,1919,1349.2969,0.00,1,0.00
4.979785,173.3203,-1348.505859,1919,1349.2969,0.00,1,0.00
4.980786,173.3203,-1348.505859,1919,1349.2969,0.00,1,0.00
4.981787,173.2324,-1348.593750,1919,1349.2969,0.00,1,0.00
4.982788,173.2324,-1348.593750,1919,1349.2969,0.00,1,0.00
4.983789,173.1445,-1348.681641,1919,1349.2969,0.00,1,0.00
4.984790,173.1445,-1348.681641,1919,1349.2969,0.00,1,0.00
4.985791,173.2324,-1348.593750,1919,1349.2969,0.00,1,0.00
4.986792,173.2324,-1348.593750,1919,1349.2969,0.00,1,0.00
4.987793,173.2324,-1348.593750,1919,1349.2969,0.00,1,0.00
4.988794,173.3203,-1348.505859,1919,1349.2969,0.00,1,0.00
4.989795,173.3203,-1348.505859,1919,1349.2969,0.00,1,0.00
4.990796,173.2324,-1348.593750,1919,1349.2969,0.00,1,0.00
4.991797,173.2324,-1348.593750,1919,1349.2969,0.00,1,0.00
4.992798,173.3203,-1348.505859,1919,1349.2969,0.00,1,0.00
4.993799,173.3203,-1348.505859,1919,1349.2969,0.00,1,0.00
4.994800,173.2324,-1348.593750,1919,1349.2969,0.00,1,0.00
4.995801,173.2324,-1348.593750,1919,1349.2969,0.00,1,0.00
4.996802,173.3203,-1348.505859,1919,1349.2969,0.00,1,0.00
4.997803,173.2324,-1348.593750,1919,1349.2969,0.00,1,0.00
4.998804,173.1445,-1348.681641,1919,1349.2969,0.00,1,0.00
4.999805,173.2324,-1348.593750,1919,1349.2969,0.00,1,0.00
5.000806,173.3203,-1348.505859,1919,1349.2969,0.00,1,0.00
5.001807,173.2324,-1348.593750,1919,1349.2969,0.00,1,0.00
5.002808,173.2324,-1348.593750,1919,1349.2969,0.00,1,0.00
5.003809,173.2324,-1348.593750,1919,1349.2969,0.00,1,0.00
5.004810,173.2324,-1348.593750,1919,1349.2969,0.00,1,0.00
5.005811,173.2324,-1348.593750,1919,1349.2969,0.00,1,0.00
5.006812,173.2324,-1348.593750,1919,1349.2969,0.00,1,0.00
5.007813,173.3203,-1348.505859,1919,1349.2969,0.00,1,0.00
5.008814,173.2324,-1348.593750,1919,1349.2969,0.00,1,0.00
5.009815,173.2324,-1348.593750,1919,1349.2969,0.00,1,0.00
5.010816,173.2324,-1348.593750,1919,1349.2969,0.00,1,0.00
5.011817,173.2324,-1348.593750,1919,1349.2969,0.00,1,0.00
5.012818,173.2324,-1348.593750,1919,1349.2969,0.00,1,0.00
5.013819,173.2324,-1348.593750,1919,1349.2969,0.00,1,0.00
5.014820,173.2324,-1348.593750,1919,1349.2969,0.00,1,0.00
5.022134,173.2324,-1348.593750,1919,1349.2969,0.00,1,0.00
5.023135,173.2324,-1348.593750,1919,1349.2969,0.00,1,0.00
5.024136,173.1445,-1348.681641,1919,1349.2969,0.00,1,0.00
5.025137,173.1445,-1348.681641,1919,1349.2969,0.00,1,0.00
5.026138,173.2324,-1348.593750,1919,1349.2969,0.00,1,0.00
5.027139,173.2324,-1348.593750,1919,1349.2969,0.00,1,0.00
5.028140,173.2324,-1348.593750,1919,1349.2969,0.00,1,0.00
5.029141,173.2324,-1348.593750,1919,1349.2969,0.00,1,0.00
5.030142,173.3203,-1348.505859,1919,1349.2969,0.00,1,0.00
5.031143,173.2324,-1348.593750,1919,1349.2969,0.00,1,0.00
5.032144,173.2324,-1348.593750,1919,1349.2969,0.00,1,0.00
5.033145,173.2324,-1348.593750,1919,1349.2969,0.00,1,0.00
5.034146,173.2324,-1348.593750,1919,1349.2969,0.00,1,0.00
5.035147,173.2324,-1348.593750,1919,1349.2969,0.00,1,0.00
5.036148,173.2324,-1348.593750,1919,1349.2969,0.00,1,0.00
5.037149,173.2324,-1348.593750,1919,1349.2969,0.00,1,0.00
5.038150,173.2324,-1348.593750,1919,1349.2969,0.00,1,0.00
5.039151,173.1445,-1348.681641,1919,1349.2969,0.00,1,0.00
5.040152,173.2324,-1348.593750,1919,1349.2969,0.00,1,0.00
5.041153,173.2324,-1348.593750,1919,1349.2969,0.00,1,0.00
5.042154,173.2324,-1348.593750,1919,1349.2969,0.00,1,0.00
5.043155,173.3203,-1348.505859,1919,1349.2969,0.00,1,0.00
5.044156,173.3203,-1348.505859,1919,1349.2969,0.00,1,0.00
5.045157,173.2324,-1348.593750,1919,1349.2969,0.00,1,0.00
5.046158,173.2324,-1348.593750,1919,1349.2969,0.00,1,0.00
5.047159,173.2324,-1348.593750,1919,1349.2969,0.00,1,0.00
5.048160,173.2324,-1348.593750,1919,1349.2969,0.00,1,0.00
5.049161,173.2324,-1348.593750,1919,1349.2969,0.00,1,0.00
5.050162,173.1445,-1348.681641,1919,1349.2969,0.00,1,0.00
5.051163,173.2324,-1348.593750,1919,1349.2969,0.00,1,0.00
5.052164,173.3203,-1348.505859,1919,1349.2969,0.00,1,0.00
5.053165,173.2324,-1348.593750,1919,1349.2969,0.00,1,0.00
5.054166,173.2324,-1348.593750,1919,1349.2969,0.00,1,0.00
5.055167,173.0566,-1348.769531,1919,1349.2969,0.00,1,0.00
5.056168,173.1445,-1348.681641,1919,1349.2969,0.00,1,0.00
5.057169,173.2324,-1348.593750,1919,1349.2969,0.00,1,0.00
5.058170,173.3203,-1348.505859,1919,1349.2969,0.00,1,0.00
5.059171,173.2324,-1348.593750,1919,1349.2969,0.00,1,0.00
5.060172,173.2324,-1348.593750,1919,1349.2969,0.00,1,0.00
5.061173,173.2324,-1348.593750,1919,1349.2969,0.00,1,0.00
5.062174,173.2324,-1348.593750,1919,1349.2969,0.00,1,0.00
5.063175,173.2324,-1348.593750,1919,1349.2969,0.00,1,0.00
5.064176,173.3203,-1348.505859,1919,1349.2969,0.00,1,0.00
5.065177,173.2324,-1348.593750,1919,1349.2969,0.00,1,0.00
5.066178,173.3203,-1348.505859,1919,1349.2969,0.00,1,0.00
5.067179,173.3203,-1348.505859,1919,1349.2969,0.00,1,0.00
5.068180,173.3203,-1348.505859,1919,1349.2969,0.00,1,0.00
5.069181,173.2324,-1348.593750,1919,1349.2969,0.00,1,0.00
5.070182,173.2324,-1348.593750,1919,1349.2969,0.00,1,0.00
5.071183,173.2324,-1348.593750,1919,1349.2969,0.00,1,0.00
5.078493,173.3203,-1348.505859,1919,1349.2969,0.00,1,0.00
5.079494,173.2324,-1348.593750,1919,1349.2969,0.00,1,0.00
5.080495,173.2324,-1348.593750,1919,1349.2969,0.00,1,0.00
5.081496,173.2324,-1348.593750,1919,1349.2969,0.00,1,0.00
5.082496,173.2324,-1348.593750,1919,1349.2969,0.00,1,0.00
5.083497,173.2324,-1348.593750,1919,1349.2969,0.00,1,0.00
5.084498,173.2324,-1348.593750,1919,1349.2969,0.00,1,0.00
5.085499,173.2324,-1348.593750,1919,1349.2969,0.00,1,0.00
5.086499,173.2324,-1348.593750,1919,1349.2969,0.00,1,0.00
5.087500,173.2324,-1348.593750,1919,1349.2969,0.00,1,0.00
5.088501,173.2324,-1348.593750,1919,1349.2969,0.00,1,0.00
5.089502,173.3203,-1348.505859,1919,1349.2969,0.00,1,0.00
5.090503,173.3203,-1348.505859,1919,1349.2969,0.00,1,0.00
5.091504,173.2324,-1348.593750,1919,1349.2969,0.00,1,0.00
5.092505,173.2324,-1348.593750,1919,1349.2969,0.00,1,0.00
5.093506,173.3203,-1348.505859,1919,1349.2969,0.00,1,0.00
5.094507,173.2324,-1348.593750,1919,1349.2969,0.00,1,0.00
5.095508,173.2324,-1348.593750,1919,1349.2969,0.00,1,0.00
5.096509,173.2324,-1348.593750,1919,1349.2969,0.00,1,0.00
5.097510,173.2324,-1348.593750,1919,1349.2969,0.00,1,0.00
5.098511,173.2324,-1348.593750,1919,1349.2969,0.00,1,0.00
5.099512,173.2324,-1348.593750,1919,1349.2969,0.00,1,0.00
5.100513,173.2324,-1348.593750,1919,1349.2969,0.00,1,0.00
5.101514,173.2324,-1348.593750,1919,1349.2969,0.00,1,0.00
5.102515,173.3203,-1348.505859,1919,1349.2969,0.00,1,0.00
5.103516,173.3203,-1348.505859,1919,1349.2969,0.00,1,0.00
5.104517,173.3203,-1348.505859,1919,1349.2969,0.00,1,0.00
5.105518,173.2324,-1348.593750,1919,1349.2969,0.00,1,0.00
5.106519,173.2324,-1348.593750,1919,1349.2969,0.00,1,0.00
5.107520,173.2324,-1348.593750,1919,1349.2969,0.00,1,0.00
5.108521,173.2324,-1348.593750,1919,1349.2969,0.00,1,0.00
5.109522,173.2324,-1348.593750,1919,1349.2969,0.00,1,0.00
5.110523,173.2324,-1348.593750,1919,1349.2969,0.00,1,0.00
5.111524,173.2324,-1348.593750,1919,1349.2969,0.00,1,0.00
5.112525,173.2324,-1348.593750,1919,1349.2969,0.00,1,0.00
5.113526,173.2324,-1348.593750,1919,1349.2969,0.00,1,0.00
5.114527,173.2324,-1348.593750,1919,1349.2969,0.00,1,0.00
5.115528,173.2324,-1348.593750,1919,1349.2969,0.00,1,0.00
5.116529,173.2324,-1348.593750,1919,1349.2969,0.00,1,0.00
5.117530,173.2324,-1348.593750,1919,1349.2969,0.00,1,0.00
5.118531,173.2324,-1348.593750,1919,1349.2969,0.00,1,0.00
5.119531,173.2324,-1348.593750,1919,1349.2969,0.00,1,0.00
5.120532,173.2324,-1348.593750,1919,1349.2969,0.00,1,0.00
5.121533,173.2324,-1348.593750,1919,1349.2969,0.00,1,0.00
5.122534,173.2324,-1348.593750,1919,1349.2969,0.00,1,0.00
5.123534,173.2324,-1348.593750,1919,1349.2969,0.00,1,0.00
5.124535,173.3203,-1348.505859,1919,1349.2969,0.00,1,0.00
5.125536,173.2324,-1348.593750,1919,1349.2969,0.00,1,0.00
5.126537,173.2324,-1348.593750,1919,1349.2969,0.00,1,0.00
5.127538,173.2324,-1348.593750,1919,1349.2969,0.00,1,0.00
5.134850,173.2324,-1348.593750,1919,1349.2969,0.00,1,0.00
5.135851,173.2324,-1348.593750,1919,1349.2969,0.00,1,0.00
5.136852,173.2324,-1348.593750,1919,1349.2969,0.00,1,0.00
5.137852,173.2324,-1348.593750,1919,1349.2969,0.00,1,0.00
5.138853,173.2324,-1348.593750,1919,1349.2969,0.00,1,0.00
5.139854,173.2324,-1348.593750,1919,1349.2969,0.00,1,0.00
5.140855,173.2324,-1348.593750,1919,1349.2969,0.00,1,0.00
5.141856,173.2324,-1348.593750,1919,1349.2969,0.00,1,0.00
5.142857,173.2324,-1348.593750,1919,1349.2969,0.00,1,0.00
5.143858,173.2324,-1348.593750,1919,1349.2969,0.00,1,0.00
5.144859,173.2324,-1348.593750,1919,1349.2969,0.00,1,0.00
5.145860,173.2324,-1348.593750,1919,1349.2969,0.00,1,0.00
5.146861,173.2324,-1348.593750,1919,1349.2969,0.00,1,0.00
5.147862,173.2324,-1348.593750,1919,1349.2969,0.00,1,0.00
5.148863,173.2324,-1348.593750,1919,1349.2969,0.00,1,0.00
5.149864,173.2324,-1348.593750,1919,1349.2969,0.00,1,0.00
5.150865,173.2324,-1348.593750,1919,1349.2969,0.00,1,0.00
5.151866,173.2324,-1348.593750,1919,1349.2969,0.00,1,0.00
5.152867,173.2324,-1348.593750,1919,1349.2969,0.00,1,0.00
5.153868,173.2324,-1348.593750,1919,1349.2969,0.00,1,0.00
5.154869,173.2324,-1348.593750,1919,1349.2969,0.00,1,0.00
5.155870,173.2324,-1348.593750,1919,1349.2969,0.00,1,0.00
5.156871,173.2324,-1348.593750,1919,1349.2969,0.00,1,0.00
5.157872,173.2324,-1348.593750,1919,1349.2969,0.00,1,0.00
5.158873,173.2324,-1348.593750,1919,1349.2969,0.00,1,0.00
5.159874,173.3203,-1348.505859,1919,1349.2969,0.00,1,0.00
5.160875,173.2324,-1348.593750,1919,1349.2969,0.00,1,0.00
5.161876,173.2324,-1348.593750,1919,1349.2969,0.00,1,0.00
5.162877,173.1445,-1348.681641,1919,1349.2969,0.00,1,0.00
5.163878,173.1445,-1348.681641,1919,1349.2969,0.00,1,0.00
5.164879,173.1445,-1348.681641,1919,1349.2969,0.00,1,0.00
5.165880,173.2324,-1348.593750,1919,1349.2969,0.00,1,0.00
5.166881,173.3203,-1348.505859,1919,1349.2969,0.00,1,0.00
5.167882,173.3203,-1348.505859,1919,1349.2969,0.00,1,0.00
5.168883,173.3203,-1348.505859,1919,1349.2969,0.00,1,0.00
5.169884,173.3203,-1348.505859,1919,1349.2969,0.00,1,0.00
5.170885,173.2324,-1348.593750,1919,1349.2969,0.00,1,0.00
5.171886,173.1445,-1348.681641,1919,1349.2969,0.00,1,0.00
5.172887,173.2324,-1348.593750,1919,1349.2969,0.00,1,0.00
5.173888,173.2324,-1348.593750,1919,1349.2969,0.00,1,0.00
5.174889,173.2324,-1348.593750,1919,1349.2969,0.00,1,0.00
5.175890,173.2324,-1348.593750,1919,1349.2969,0.00,1,0.00
5.176891,173.2324,-1348.593750,1919,1349.2969,0.00,1,0.00
5.177892,173.2324,-1348.593750,1919,1349.2969,0.00,1,0.00
5.178893,173.2324,-1348.593750,1919,1349.2969,0.00,1,0.00
5.179894,173.2324,-1348.593750,1919,1349.2969,0.00,1,0.00
5.180895,173.2324,-1348.593750,1919,1349.2969,0.00,1,0.00
5.181896,173.3203,-1348.505859,1919,1349.2969,0.00,1,0.00
5.182897,173.3203,-1348.505859,1919,1349.2969,0.00,1,0.00
5.183898,173.2324,-1348.593750,1919,1349.2969,0.00,1,0.00
5.191789,173.2324,-1348.593750,1919,1349.2969,0.00,1,0.00
5.192790,173.2324,-1348.593750,1919,1349.2969,0.00,1,0.00
5.193791,173.2324,-1348.593750,1919,1349.2969,0.00,1,0.00
5.194792,173.3203,-1348.505859,1919,1349.2969,0.00,1,0.00
5.195792,173.2324,-1348.593750,1919,1349.2969,0.00,1,0.00
5.196793,173.2324,-1348.593750,1919,1349.2969,0.00,1,0.00
5.197794,173.2324,-1348.593750,1919,1349.2969,0.00,1,0.00
5.198795,173.2324,-1348.593750,1919,1349.2969,0.00,1,0.00
5.199796,173.2324,-1348.593750,1919,1349.2969,0.00,1,0.00
5.200797,173.3203,-1348.505859,1919,1349.2969,0.00,1,0.00
5.201798,173.3203,-1348.505859,1919,1349.2969,0.00,1,0.00
5.202799,173.3203,-1348.505859,1919,1349.2969,0.00,1,0.00
5.203800,173.3203,-1348.505859,1919,1349.2969,0.00,1,0.00
5.204801,173.2324,-1348.593750,1919,1349.2969,0.00,1,0.00
5.205802,173.2324,-1348.593750,1919,1349.2969,0.00,1,0.00
5.206803,173.2324,-1348.593750,1919,1349.2969,0.00,1,0.00
5.207804,173.2324,-1348.593750,1919,1349.2969,0.00,1,0.00
5.208805,173.2324,-1348.593750,1919,1349.2969,0.00,1,0.00
5.209806,173.2324,-1348.593750,1919,1349.2969,0.00,1,0.00
5.210807,173.2324,-1348.593750,1919,1349.2969,0.00,1,0.00
5.211808,173.2324,-1348.593750,1919,1349.2969,0.00,1,0.00
5.212809,173.2324,-1348.593750,1919,1349.2969,0.00,1,0.00
5.213810,173.2324,-1348.593750,1919,1349.2969,0.00,1,0.00
5.214811,173.2324,-1348.593750,1919,1349.2969,0.00,1,0.00
5.215812,173.2324,-1348.593750,1919,1349.2969,0.00,1,0.00
5.216813,173.3203,-1348.505859,1919,1349.2969,0.00,1,0.00
5.217814,173.2324,-1348.593750,1919,1349.2969,0.00,1,0.00
5.218815,173.1445,-1348.681641,1919,1349.2969,0.00,1,0.00
5.219816,173.1445,-1348.681641,1919,1349.2969,0.00,1,0.00
5.220817,173.2324,-1348.593750,1919,1349.2969,0.00,1,0.00
5.221818,173.2324,-1348.593750,1919,1349.2969,0.00,1,0.00
5.222819,173.2324,-1348.593750,1919,1349.2969,0.00,1,0.00
5.223820,173.2324,-1348.593750,1919,1349.2969,0.00,1,0.00
5.224821,173.3203,-1348.505859,1919,1349.2969,0.00,1,0.00
5.225822,173.2324,-1348.593750,1919,1349.2969,0.00,1,0.00
5.226823,173.1445,-1348.681641,1919,1349.2969,0.00,1,0.00
5.227824,173.2324,-1348.593750,1919,1349.2969,0.00,1,0.00
5.228825,173.3203,-1348.505859,1919,1349.2969,0.00,1,0.00
5.229826,173.3203,-1348.505859,1919,1349.2969,0.00,1,0.00
5.230827,173.2324,-1348.593750,1919,1349.2969,0.00,1,0.00
5.231828,173.2324,-1348.593750,1919,1349.2969,0.00,1,0.00
5.232829,173.2324,-1348.593750,1919,1349.2969,0.00,1,0.00
5.233830,173.2324,-1348.593750,1919,1349.2969,0.00,1,0.00
5.234831,173.2324,-1348.593750,1919,1349.2969,0.00,1,0.00
5.235832,173.2324,-1348.593750,1919,1349.2969,0.00,1,0.00
5.236833,173.2324,-1348.593750,1919,1349.2969,0.00,1,0.00
5.237834,173.1445,-1348.681641,1919,1349.2969,0.00,1,0.00
5.238835,173.2324,-1348.593750,1919,1349.2969,0.00,1,0.00
5.239836,173.2324,-1348.593750,1919,1349.2969,0.00,1,0.00
5.240837,173.2324,-1348.593750,1919,1349.2969,0.00,1,0.00
5.248123,173.1445,-1348.681641,1919,1349.2969,0.00,1,0.00
5.249124,173.2324,-1348.593750,1919,1349.2969,0.00,1,0.00
5.250125,173.2324,-1348.593750,1919,1349.2969,0.00,1,0.00
5.251126,173.2324,-1348.593750,1919,1349.2969,0.00,1,0.00
5.252126,173.3203,-1348.505859,1919,1349.2969,0.00,1,0.00
5.253127,173.2324,-1348.593750,1919,1349.2969,0.00,1,0.00
5.254128,173.2324,-1348.593750,1919,1349.2969,0.00,1,0.00
5.255129,173.3203,-1348.505859,1919,1349.2969,0.00,1,0.00
5.256130,173.3203,-1348.505859,1919,1349.2969,0.00,1,0.00
5.257131,173.2324,-1348.593750,1919,1349.2969,0.00,1,0.00
5.258132,173.3203,-1348.505859,1919,1349.2969,0.00,1,0.00
5.259133,173.3203,-1348.505859,1919,1349.2969,0.00,1,0.00
5.260134,173.3203,-1348.505859,1919,1349.2969,0.00,1,0.00
5.261135,173.3203,-1348.505859,1919,1349.2969,0.00,1,0.00
5.262136,173.3203,-1348.505859,1919,1349.2969,0.00,1,0.00
5.263137,173.3203,-1348.505859,1919,1349.2969,0.00,1,0.00
5.264138,173.2324,-1348.593750,1919,1349.2969,0.00,1,0.00
5.265139,173.2324,-1348.593750,1919,1349.2969,0.00,1,0.00
5.266140,173.2324,-1348.593750,1919,1349.2969,0.00,1,0.00
5.267141,173.2324,-1348.593750,1919,1349.2969,0.00,1,0.00
5.268142,173.2324,-1348.593750,1919,1349.2969,0.00,1,0.00
5.269143,173.2324,-1348.593750,1919,1349.2969,0.00,1,0.00
5.270144,173.2324,-1348.593750,1919,1349.2969,0.00,1,0.00
5.271145,173.2324,-1348.593750,1919,1349.2969,0.00,1,0.00
5.272146,173.2324,-1348.593750,1919,1349.2969,0.00,1,0.00
5.273147,173.2324,-1348.593750,1919,1349.2969,0.00,1,0.00
5.274148,173.2324,-1348.593750,1919,1349.2969,0.00,1,0.00
5.275149,173.2324,-1348.593750,1919,1349.2969,0.00,1,0.00
5.276150,173.2324,-1348.593750,1919,1349.2969,0.00,1,0.00
5.277150,173.3203,-1348.505859,1919,1349.2969,0.00,1,0.00
5.278151,173.2324,-1348.593750,1919,1349.2969,0.00,1,0.00
5.279152,173.2324,-1348.593750,1919,1349.2969,0.00,1,0.00
5.280153,173.2324,-1348.593750,1919,1349.2969,0.00,1,0.00
5.281153,173.2324,-1348.593750,1919,1349.2969,0.00,1,0.00
5.282154,173.3203,-1348.505859,1919,1349.2969,0.00,1,0.00
5.283155,173.2324,-1348.593750,1919,1349.2969,0.00,1,0.00
5.284156,173.2324,-1348.593750,1919,1349.2969,0.00,1,0.00
5.285157,173.2324,-1348.593750,1919,1349.2969,0.00,1,0.00
5.286158,173.3203,-1348.505859,1919,1349.2969,0.00,1,0.00
5.287159,173.2324,-1348.593750,1919,1349.2969,0.00,1,0.00
5.288160,173.2324,-1348.593750,1919,1349.2969,0.00,1,0.00
5.289161,173.2324,-1348.593750,1919,1349.2969,0.00,1,0.00
5.290162,173.2324,-1348.593750,1919,1349.2969,0.00,1,0.00
5.291163,173.2324,-1348.593750,1919,1349.2969,0.00,1,0.00
5.292164,173.2324,-1348.593750,1919,1349.2969,0.00,1,0.00
5.293165,173.3203,-1348.505859,1919,1349.2969,0.00,1,0.00
5.294166,173.3203,-1348.505859,1919,1349.2969,0.00,1,0.00
5.295167,173.2324,-1348.593750,1919,1349.2969,0.00,1,0.00
5.296168,173.2324,-1348.593750,1919,1349.2969,0.00,1,0.00
5.297169,173.2324,-1348.593750,1919,1349.2969,0.00,1,0.00
5.304432,173.2324,-1348.593750,1919,1349.2969,0.00,1,0.00
5.305433,173.3203,-1348.505859,1919,1349.2969,0.00,1,0.00
5.306433,173.3203,-1348.505859,1919,1349.2969,0.00,1,0.00
5.307434,173.2324,-1348.593750,1919,1349.2969,0.00,1,0.00
5.308435,173.2324,-1348.593750,1919,1349.2969,0.00,1,0.00
5.309436,173.3203,-1348.505859,1919,1349.2969,0.00,1,0.00
5.310437,173.3203,-1348.505859,1919,1349.2969,0.00,1,0.00
5.311438,173.2324,-1348.593750,1919,1349.2969,0.00,1,0.00
5.312439,173.2324,-1348.593750,1919,1349.2969,0.00,1,0.00
5.313440,173.2324,-1348.593750,1919,1349.2969,0.00,1,0.00
5.314441,173.3203,-1348.505859,1919,1349.2969,0.00,1,0.00
5.315442,173.2324,-1348.593750,1919,1349.2969,0.00,1,0.00
5.316443,173.2324,-1348.593750,1919,1349.2969,0.00,1,0.00
5.317444,173.2324,-1348.593750,1919,1349.2969,0.00,1,0.00
5.318445,173.2324,-1348.593750,1919,1349.2969,0.00,1,0.00
5.319446,173.3203,-1348.505859,1919,1349.2969,0.00,1,0.00
5.320447,173.3203,-1348.505859,1919,1349.2969,0.00,1,0.00
5.321448,173.2324,-1348.593750,1919,1349.2969,0.00,1,0.00
5.322449,173.2324,-1348.593750,1919,1349.2969,0.00,1,0.00
5.323450,173.2324,-1348.593750,1919,1349.2969,0.00,1,0.00
5.324451,173.2324,-1348.593750,1919,1349.2969,0.00,1,0.00
5.325452,173.1445,-1348.681641,1919,1349.2969,0.00,1,0.00
5.326453,173.2324,-1348.593750,1919,1349.2969,0.00,1,0.00
5.327454,173.2324,-1348.593750,1919,1349.2969,0.00,1,0.00
5.328455,173.3203,-1348.505859,1919,1349.2969,0.00,1,0.00
5.329456,173.3203,-1348.505859,1919,1349.2969,0.00,1,0.00
5.330457,173.2324,-1348.593750,1919,1349.2969,0.00,1,0.00
5.331458,173.2324,-1348.593750,1919,1349.2969,0.00,1,0.00
5.332459,173.2324,-1348.593750,1919,1349.2969,0.00,1,0.00
5.333460,173.3203,-1348.505859,1919,1349.2969,0.00,1,0.00
5.334461,173.3203,-1348.505859,1919,1349.2969,0.00,1,0.00
5.335462,173.3203,-1348.505859,1919,1349.2969,0.00,1,0.00
5.336463,173.2324,-1348.593750,1919,1349.2969,0.00,1,0.00
5.337464,173.2324,-1348.593750,1919,1349.2969,0.00,1,0.00
5.338465,173.1445,-1348.681641,1919,1349.2969,0.00,1,0.00
5.339466,173.2324,-1348.593750,1919,1349.2969,0.00,1,0.00
5.340467,173.2324,-1348.593750,1919,1349.2969,0.00,1,0.00
5.341468,173.2324,-1348.593750,1919,1349.2969,0.00,1,0.00
5.342469,173.2324,-1348.593750,1919,1349.2969,0.00,1,0.00
5.343470,173.2324,-1348.593750,1919,1349.2969,0.00,1,0.00
5.344471,173.3203,-1348.505859,1919,1349.2969,0.00,1,0.00
5.345472,173.2324,-1348.593750,1919,1349.2969,0.00,1,0.00
5.346473,173.2324,-1348.593750,1919,1349.2969,0.00,1,0.00
5.347474,173.2324,-1348.593750,1919,1349.2969,0.00,1,0.00
5.348475,173.2324,-1348.593750,1919,1349.2969,0.00,1,0.00
5.349476,173.2324,-1348.593750,1919,1349.2969,0.00,1,0.00
5.350477,173.2324,-1348.593750,1919,1349.2969,0.00,1,0.00
5.351478,173.2324,-1348.593750,1919,1349.2969,0.00,1,0.00
5.352479,173.3203,-1348.505859,1919,1349.2969,0.00,1,0.00
5.353480,173.3203,-1348.505859,1919,1349.2969,0.00,1,0.00
5.360767,173.1445,-1348.681641,1919,1349.2969,0.00,1,0.00
5.361768,173.2324,-1348.593750,1919,1349.2969,0.00,1,0.00
5.362768,173.2324,-1348.593750,1919,1349.2969,0.00,1,0.00
5.363769,173.2324,-1348.593750,1919,1349.2969,0.00,1,0.00
5.364770,173.1445,-1348.681641,1919,1349.2969,0.00,1,0.00
5.365771,173.2324,-1348.593750,1919,1349.2969,0.00,1,0.00
5.366771,173.2324,-1348.593750,1919,1349.2969,0.00,1,0.00
5.367772,173.2324,-1348.593750,1919,1349.2969,0.00,1,0.00
5.368773,173.2324,-1348.593750,1919,1349.2969,0.00,1,0.00
5.369774,173.2324,-1348.593750,1919,1349.2969,0.00,1,0.00
5.370775,173.2324,-1348.593750,1919,1349.2969,0.00,1,0.00
5.371776,173.2324,-1348.593750,1919,1349.2969,0.00,1,0.00
5.372777,173.2324,-1348.593750,1919,1349.2969,0.00,1,0.00
5.373778,173.1445,-1348.681641,1919,1349.2969,0.00,1,0.00
5.374779,173.1445,-1348.681641,1919,1349.2969,0.00,1,0.00
5.375780,173.1445,-1348.681641,1919,1349.2969,0.00,1,0.00
5.376781,173.2324,-1348.593750,1919,1349.2969,0.00,1,0.00
5.377782,173.2324,-1348.593750,1919,1349.2969,0.00,1,0.00
5.378783,173.2324,-1348.593750,1919,1349.2969,0.00,1,0.00
5.379783,173.3203,-1348.505859,1919,1349.2969,0.00,1,0.00
5.380784,173.3203,-1348.505859,1919,1349.2969,0.00,1,0.00
5.381785,173.2324,-1348.593750,1919,1349.2969,0.00,1,0.00
5.382786,173.2324,-1348.593750,1919,1349.2969,0.00,1,0.00
5.383786,173.2324,-1348.593750,1919,1349.2969,0.00,1,0.00
5.384787,173.2324,-1348.593750,1919,1349.2969,0.00,1,0.00
5.385788,173.2324,-1348.593750,1919,1349.2969,0.00,1,0.00
5.386789,173.1445,-1348.681641,1919,1349.2969,0.00,1,0.00
5.387790,173.1445,-1348.681641,1919,1349.2969,0.00,1,0.00
5.388791,173.2324,-1348.593750,1919,1349.2969,0.00,1,0.00
5.389792,173.2324,-1348.593750,1919,1349.2969,0.00,1,0.00
5.390793,173.2324,-1348.593750,1919,1349.2969,0.00,1,0.00
5.391794,173.2324,-1348.593750,1919,1349.2969,0.00,1,0.00
5.392795,173.3203,-1348.505859,1919,1349.2969,0.00,1,0.00
5.393796,173.3203,-1348.505859,1919,1349.2969,0.00,1,0.00
5.394797,173.2324,-1348.593750,1919,1349.2969,0.00,1,0.00
5.395798,173.2324,-1348.593750,1919,1349.2969,0.00,1,0.00
5.396799,173.3203,-1348.505859,1919,1349.2969,0.00,1,0.00
5.397800,173.2324,-1348.593750,1919,1349.2969,0.00,1,0.00
5.398801,173.1445,-1348.681641,1919,1349.2969,0.00,1,0.00
5.399802,173.2324,-1348.593750,1919,1349.2969,0.00,1,0.00
5.400803,173.2324,-1348.593750,1919,1349.2969,0.00,1,0.00
5.401804,173.1445,-1348.681641,1919,1349.2969,0.00,1,0.00
5.402805,173.2324,-1348.593750,1919,1349.2969,0.00,1,0.00
5.403806,173.2324,-1348.593750,1919,1349.2969,0.00,1,0.00
5.404807,173.2324,-1348.593750,1919,1349.2969,0.00,1,0.00
5.405808,173.2324,-1348.593750,1919,1349.2969,0.00,1,0.00
5.406809,173.3203,-1348.505859,1919,1349.2969,0.00,1,0.00
5.407810,173.2324,-1348.593750,1919,1349.2969,0.00,1,0.00
5.408811,173.2324,-1348.593750,1919,1349.2969,0.00,1,0.00
5.409812,173.3203,-1348.505859,1919,1349.2969,0.00,1,0.00
5.417123,173.2324,-1348.593750,1919,1349.2969,0.00,1,0.00
5.418124,173.2324,-1348.593750,1919,1349.2969,0.00,1,0.00
5.419125,173.2324,-1348.593750,1919,1349.2969,0.00,1,0.00
5.420126,173.2324,-1348.593750,1919,1349.2969,0.00,1,0.00
5.421127,173.3203,-1348.505859,1919,1349.2969,0.00,1,0.00
5.422128,173.2324,-1348.593750,1919,1349.2969,0.00,1,0.00
5.423129,173.2324,-1348.593750,1919,1349.2969,0.00,1,0.00
5.424130,173.2324,-1348.593750,1919,1349.2969,0.00,1,0.00
5.425131,173.2324,-1348.593750,1919,1349.2969,0.00,1,0.00
5.426132,173.2324,-1348.593750,1919,1349.2969,0.00,1,0.00
5.427133,173.3203,-1348.505859,1919,1349.2969,0.00,1,0.00
5.428134,173.2324,-1348.593750,1919,1349.2969,0.00,1,0.00
5.429135,173.2324,-1348.593750,1919,1349.2969,0.00,1,0.00
5.430136,173.3203,-1348.505859,1919,1349.2969,0.00,1,0.00
5.431137,173.2324,-1348.593750,1919,1349.2969,0.00,1,0.00
5.432138,173.2324,-1348.593750,1919,1349.2969,0.00,1,0.00
5.433139,173.2324,-1348.593750,1919,1349.2969,0.00,1,0.00
5.434140,173.2324,-1348.593750,1919,1349.2969,0.00,1,0.00
5.435141,173.2324,-1348.593750,1919,1349.2969,0.00,1,0.00
5.436142,173.2324,-1348.593750,1919,1349.2969,0.00,1,0.00
5.437143,173.2324,-1348.593750,1919,1349.2969,0.00,1,0.00
5.438144,173.2324,-1348.593750,1919,1349.2969,0.00,1,0.00
5.439145,173.2324,-1348.593750,1919,1349.2969,0.00,1,0.00
5.440146,173.2324,-1348.593750,1919,1349.2969,0.00,1,0.00
5.441147,173.3203,-1348.505859,1919,1349.2969,0.00,1,0.00
5.442148,173.3203,-1348.505859,1919,1349.2969,0.00,1,0.00
5.443149,173.2324,-1348.593750,1919,1349.2969,0.00,1,0.00
5.444150,173.1445,-1348.681641,1919,1349.2969,0.00,1,0.00
5.445151,173.2324,-1348.593750,1919,1349.2969,0.00,1,0.00
5.446152,173.3203,-1348.505859,1919,1349.2969,0.00,1,0.00
5.447153,173.2324,-1348.593750,1919,1349.2969,0.00,1,0.00
5.448154,173.2324,-1348.593750,1919,1349.2969,0.00,1,0.00
5.449155,173.2324,-1348.593750,1919,1349.2969,0.00,1,0.00
5.450156,173.2324,-1348.593750,1919,1349.2969,0.00,1,0.00
5.451157,173.2324,-1348.593750,1919,1349.2969,0.00,1,0.00
5.452158,173.2324,-1348.593750,1919,1349.2969,0.00,1,0.00
5.453159,173.2324,-1348.593750,1919,1349.2969,0.00,1,0.00
5.454160,173.3203,-1348.505859,1919,1349.2969,0.00,1,0.00
5.455161,173.3203,-1348.505859,1919,1349.2969,0.00,1,0.00
5.456162,173.3203,-1348.505859,1919,1349.2969,0.00,1,0.00
5.457163,173.2324,-1348.593750,1919,1349.2969,0.00,1,0.00
5.458164,173.2324,-1348.593750,1919,1349.2969,0.00,1,0.00
5.459165,173.2324,-1348.593750,1919,1349.2969,0.00,1,0.00
5.460166,173.2324,-1348.593750,1919,1349.2969,0.00,1,0.00
5.461167,173.2324,-1348.593750,1919,1349.2969,0.00,1,0.00
5.462168,173.2324,-1348.593750,1919,1349.2969,0.00,1,0.00
5.463169,173.2324,-1348.593750,1919,1349.2969,0.00,1,0.00
5.464170,173.2324,-1348.593750,1919,1349.2969,0.00,1,0.00
5.465171,173.2324,-1348.593750,1919,1349.2969,0.00,1,0.00
5.466172,173.2324,-1348.593750,1919,1349.2969,0.00,1,0.00
5.473473,173.2324,-1348.593750,1919,1349.2969,0.00,1,0.00
5.474474,173.2324,-1348.593750,1919,1349.2969,0.00,1,0.00
5.475475,173.2324,-1348.593750,1919,1349.2969,0.00,1,0.00
5.476476,173.2324,-1348.593750,1919,1349.2969,0.00,1,0.00
5.477477,173.2324,-1348.593750,1919,1349.2969,0.00,1,0.00
5.478478,173.3203,-1348.505859,1919,1349.2969,0.00,1,0.00
5.479479,173.3203,-1348.505859,1919,1349.2969,0.00,1,0.00
5.480480,173.3203,-1348.505859,1919,1349.2969,0.00,1,0.00
5.481481,173.2324,-1348.593750,1919,1349.2969,0.00,1,0.00
5.482482,173.2324,-1348.593750,1919,1349.2969,0.00,1,0.00
5.483483,173.2324,-1348.593750,1919,1349.2969,0.00,1,0.00
5.484484,173.2324,-1348.593750,1919,1349.2969,0.00,1,0.00
5.485485,173.2324,-1348.593750,1919,1349.2969,0.00,1,0.00
5.486486,173.1445,-1348.681641,1919,1349.2969,0.00,1,0.00
5.487487,173.2324,-1348.593750,1919,1349.2969,0.00,1,0.00
5.488488,173.2324,-1348.593750,1919,1349.2969,0.00,1,0.00
5.489489,173.2324,-1348.593750,1919,1349.2969,0.00,1,0.00
5.490490,173.2324,-1348.593750,1919,1349.2969,0.00,1,0.00
5.491491,173.2324,-1348.593750,1919,1349.2969,0.00,1,0.00
5.492492,173.2324,-1348.593750,1919,1349.2969,0.00,1,0.00
5.493493,173.3203,-1348.505859,1919,1349.2969,0.00,1,0.00
5.494494,173.2324,-1348.593750,1919,1349.2969,0.00,1,0.00
5.495495,173.2324,-1348.593750,1919,1349.2969,0.00,1,0.00
5.496496,173.2324,-1348.593750,1919,1349.2969,0.00,1,0.00
5.497497,173.2324,-1348.593750,1919,1349.2969,0.00,1,0.00
5.498498,173.2324,-1348.593750,1919,1349.2969,0.00,1,0.00
5.499499,173.3203,-1348.505859,1919,1349.2969,0.00,1,0.00
5.500500,173.3203,-1348.505859,1919,1349.2969,0.00,1,0.00
5.501501,173.2324,-1348.593750,1919,1349.2969,0.00,1,0.00
5.502502,173.2324,-1348.593750,1919,1349.2969,0.00,1,0.00
5.503503,173.2324,-1348.593750,1919,1349.2969,0.00,1,0.00
5.504504,173.2324,-1348.593750,1919,1349.2969,0.00,1,0.00
5.505505,173.1445,-1348.681641,1919,1349.2969,0.00,1,0.00
5.506506,173.2324,-1348.593750,1919,1349.2969,0.00,1,0.00
5.507507,173.3203,-1348.505859,1919,1349.2969,0.00,1,0.00
5.508508,173.3203,-1348.505859,1919,1349.2969,0.00,1,0.00
5.509509,173.2324,-1348.593750,1919,1349.2969,0.00,1,0.00
5.510510,173.3203,-1348.505859,1919,1349.2969,0.00,1,0.00
5.511511,173.3203,-1348.505859,1919,1349.2969,0.00,1,0.00
5.512512,173.2324,-1348.593750,1919,1349.2969,0.00,1,0.00
5.513513,173.2324,-1348.593750,1919,1349.2969,0.00,1,0.00
5.514514,173.2324,-1348.593750,1919,1349.2969,0.00,1,0.00
5.515515,173.2324,-1348.593750,1919,1349.2969,0.00,1,0.00
5.516516,173.3203,-1348.505859,1919,1349.2969,0.00,1,0.00
5.517517,173.3203,-1348.505859,1919,1349.2969,0.00,1,0.00
5.518518,173.3203,-1348.505859,1919,1349.2969,0.00,1,0.00
5.519519,173.2324,-1348.593750,1919,1349.2969,0.00,1,0.00
5.520520,173.2324,-1348.593750,1919,1349.2969,0.00,1,0.00
5.521521,173.2324,-1348.593750,1919,1349.2969,0.00,1,0.00
5.522522,173.2324,-1348.593750,1919,1349.2969,0.00,1,0.00
5.530291,173.3203,-1348.505859,1919,1349.2969,0.00,1,0.00
5.531292,173.3203,-1348.505859,1919,1349.2969,0.00,1,0.00
5.532293,173.3203,-1348.505859,1919,1349.2969,0.00,1,0.00
5.533294,173.2324,-1348.593750,1919,1349.2969,0.00,1,0.00
5.534295,173.2324,-1348.593750,1919,1349.2969,0.00,1,0.00
5.535296,173.2324,-1348.593750,1919,1349.2969,0.00,1,0.00
5.536297,173.2324,-1348.593750,1919,1349.2969,0.00,1,0.00
5.537298,173.2324,-1348.593750,1919,1349.2969,0.00,1,0.00
5.538299,173.3203,-1348.505859,1919,1349.2969,0.00,1,0.00
5.539300,173.2324,-1348.593750,1919,1349.2969,0.00,1,0.00
5.540301,173.2324,-1348.593750,1919,1349.2969,0.00,1,0.00
5.541302,173.2324,-1348.593750,1919,1349.2969,0.00,1,0.00
5.542303,173.2324,-1348.593750,1919,1349.2969,0.00,1,0.00
5.543304,173.2324,-1348.593750,1919,1349.2969,0.00,1,0.00
5.544305,173.2324,-1348.593750,1919,1349.2969,0.00,1,0.00
5.545306,173.2324,-1348.593750,1919,1349.2969,0.00,1,0.00
5.546307,173.2324,-1348.593750,1919,1349.2969,0.00,1,0.00
5.547308,173.3203,-1348.505859,1919,1349.2969,0.00,1,0.00
5.548309,173.2324,-1348.593750,1919,1349.2969,0.00,1,0.00
5.549310,173.2324,-1348.593750,1919,1349.2969,0.00,1,0.00
5.550311,173.2324,-1348.593750,1919,1349.2969,0.00,1,0.00
5.551312,173.2324,-1348.593750,1919,1349.2969,0.00,1,0.00
5.552313,173.2324,-1348.593750,1919,1349.2969,0.00,1,0.00
5.553314,173.2324,-1348.593750,1919,1349.2969,0.00,1,0.00
5.554315,173.1445,-1348.681641,1919,1349.2969,0.00,1,0.00
5.555316,173.1445,-1348.681641,1919,1349.2969,0.00,1,0.00
5.556317,173.2324,-1348.593750,1919,1349.2969,0.00,1,0.00
5.557318,173.2324,-1348.593750,1919,1349.2969,0.00,1,0.00
5.558319,173.2324,-1348.593750,1919,1349.2969,0.00,1,0.00
5.559320,173.2324,-1348.593750,1919,1349.2969,0.00,1,0.00
5.560321,173.2324,-1348.593750,1919,1349.2969,0.00,1,0.00
5.561322,173.2324,-1348.593750,1919,1349.2969,0.00,1,0.00
5.562323,173.2324,-1348.593750,1919,1349.2969,0.00,1,0.00
5.563324,173.3203,-1348.505859,1919,1349.2969,0.00,1,0.00
5.564325,173.3203,-1348.505859,1919,1349.2969,0.00,1,0.00
5.565326,173.2324,-1348.593750,1919,1349.2969,0.00,1,0.00
5.566327,173.2324,-1348.593750,1919,1349.2969,0.00,1,0.00
5.567328,173.2324,-1348.593750,1919,1349.2969,0.00,1,0.00
5.568329,173.2324,-1348.593750,1919,1349.2969,0.00,1,0.00
5.569330,173.2324,-1348.593750,1919,1349.2969,0.00,1,0.00
5.570331,173.2324,-1348.593750,1919,1349.2969,0.00,1,0.00
5.571332,173.1445,-1348.681641,1919,1349.2969,0.00,1,0.00
5.572333,173.2324,-1348.593750,1919,1349.2969,0.00,1,0.00
5.573334,173.2324,-1348.593750,1919,1349.2969,0.00,1,0.00
5.574335,173.2324,-1348.593750,1919,1349.2969,0.00,1,0.00
5.575336,173.2324,-1348.593750,1919,1349.2969,0.00,1,0.00
5.576337,173.3203,-1348.505859,1919,1349.2969,0.00,1,0.00
5.577338,173.3203,-1348.505859,1919,1349.2969,0.00,1,0.00
5.578339,173.2324,-1348.593750,1919,1349.2969,0.00,1,0.00
5.579340,173.2324,-1348.593750,1919,1349.2969,0.00,1,0.00
5.586605,173.2324,-1348.593750,1919,1349.2969,0.00,1,0.00
5.587606,173.2324,-1348.593750,1919,1349.2969,0.00,1,0.00
5.588607,173.2324,-1348.593750,1919,1349.2969,0.00,1,0.00
5.589608,173.3203,-1348.505859,1919,1349.2969,0.00,1,0.00
5.590609,173.2324,-1348.593750,1919,1349.2969,0.00,1,0.00
5.591610,173.2324,-1348.593750,1919,1349.2969,0.00,1,0.00
5.592611,173.2324,-1348.593750,1919,1349.2969,0.00,1,0.00
5.593612,173.2324,-1348.593750,1919,1349.2969,0.00,1,0.00
5.594613,173.2324,-1348.593750,1919,1349.2969,0.00,1,0.00
5.595614,173.2324,-1348.593750,1919,1349.2969,0.00,1,0.00
5.596615,173.2324,-1348.593750,1919,1349.2969,0.00,1,0.00
5.597616,173.2324,-1348.593750,1919,1349.2969,0.00,1,0.00
5.598617,173.2324,-1348.593750,1919,1349.2969,0.00,1,0.00
5.599618,173.3203,-1348.505859,1919,1349.2969,0.00,1,0.00
5.600619,173.2324,-1348.593750,1919,1349.2969,0.00,1,0.00
5.601620,173.2324,-1348.593750,1919,1349.2969,0.00,1,0.00
5.602621,173.2324,-1348.593750,1919,1349.2969,0.00,1,0.00
5.603622,173.2324,-1348.593750,1919,1349.2969,0.00,1,0.00
5.604623,173.2324,-1348.593750,1919,1349.2969,0.00,1,0.00
5.605624,173.2324,-1348.593750,1919,1349.2969,0.00,1,0.00
5.606625,173.2324,-1348.593750,1919,1349.2969,0.00,1,0.00
5.607626,173.2324,-1348.593750,1919,1349.2969,0.00,1,0.00
5.608627,173.2324,-1348.593750,1919,1349.2969,0.00,1,0.00
5.609628,173.2324,-1348.593750,1919,1349.2969,0.00,1,0.00
5.610629,173.2324,-1348.593750,1919,1349.2969,0.00,1,0.00
5.611630,173.3203,-1348.505859,1919,1349.2969,0.00,1,0.00
5.612631,173.3203,-1348.505859,1919,1349.2969,0.00,1,0.00
5.613632,173.2324,-1348.593750,1919,1349.2969,0.00,1,0.00
5.614633,173.2324,-1348.593750,1919,1349.2969,0.00,1,0.00
5.615634,173.2324,-1348.593750,1919,1349.2969,0.00,1,0.00
5.616635,173.2324,-1348.593750,1919,1349.2969,0.00,1,0.00
5.617636,173.2324,-1348.593750,1919,1349.2969,0.00,1,0.00
5.618637,173.3203,-1348.505859,1919,1349.2969,0.00,1,0.00
5.619638,173.3203,-1348.505859,1919,1349.2969,0.00,1,0.00
5.620639,173.2324,-1348.593750,1919,1349.2969,0.00,1,0.00
5.621640,173.2324,-1348.593750,1919,1349.2969,0.00,1,0.00
5.622641,173.2324,-1348.593750,1919,1349.2969,0.00,1,0.00
5.623642,173.2324,-1348.593750,1919,1349.2969,0.00,1,0.00
5.624643,173.2324,-1348.593750,1919,1349.2969,0.00,1,0.00
5.625644,173.2324,-1348.593750,1919,1349.2969,0.00,1,0.00
5.626645,173.3203,-1348.505859,1919,1349.2969,0.00,1,0.00
5.627646,173.3203,-1348.505859,1919,1349.2969,0.00,1,0.00
5.628647,173.2324,-1348.593750,1919,1349.2969,0.00,1,0.00
5.629648,173.1445,-1348.681641,1919,1349.2969,0.00,1,0.00
5.630649,173.2324,-1348.593750,1919,1349.2969,0.00,1,0.00
5.631650,173.1445,-1348.681641,1919,1349.2969,0.00,1,0.00
5.632651,173.2324,-1348.593750,1919,1349.2969,0.00,1,0.00
5.633652,173.2324,-1348.593750,1919,1349.2969,0.00,1,0.00
5.634653,173.2324,-1348.593750,1919,1349.2969,0.00,1,0.00
5.635654,173.2324,-1348.593750,1919,1349.2969,0.00,1,0.00
5.642943,173.2324,-1348.593750,1919,1349.2969,0.00,1,0.00
5.643944,173.2324,-1348.593750,1919,1349.2969,0.00,1,0.00
5.644944,173.2324,-1348.593750,1919,1349.2969,0.00,1,0.00
5.645945,173.2324,-1348.593750,1919,1349.2969,0.00,1,0.00
5.646946,173.2324,-1348.593750,1919,1349.2969,0.00,1,0.00
5.647947,173.2324,-1348.593750,1919,1349.2969,0.00,1,0.00
5.648948,173.2324,-1348.593750,1919,1349.2969,0.00,1,0.00
5.649949,173.2324,-1348.593750,1919,1349.2969,0.00,1,0.00
5.650950,173.2324,-1348.593750,1919,1349.2969,0.00,1,0.00
5.651951,173.2324,-1348.593750,1919,1349.2969,0.00,1,0.00
5.652952,173.2324,-1348.593750,1919,1349.2969,0.00,1,0.00
5.653953,173.2324,-1348.593750,1919,1349.2969,0.00,1,0.00
5.654954,173.2324,-1348.593750,1919,1349.2969,0.00,1,0.00
5.655955,173.3203,-1348.505859,1919,1349.2969,0.00,1,0.00
5.656956,173.2324,-1348.593750,1919,1349.2969,0.00,1,0.00
5.657957,173.2324,-1348.593750,1919,1349.2969,0.00,1,0.00
5.658958,173.2324,-1348.593750,1919,1349.2969,0.00,1,0.00
5.659959,173.2324,-1348.593750,1919,1349.2969,0.00,1,0.00
5.660960,173.2324,-1348.593750,1919,1349.2969,0.00,1,0.00
5.661961,173.1445,-1348.681641,1919,1349.2969,0.00,1,0.00
5.662962,173.2324,-1348.593750,1919,1349.2969,0.00,1,0.00
5.663963,173.3203,-1348.505859,1919,1349.2969,0.00,1,0.00
5.664964,173.2324,-1348.593750,1919,1349.2969,0.00,1,0.00
5.665965,173.2324,-1348.593750,1919,1349.2969,0.00,1,0.00
5.666966,173.2324,-1348.593750,1919,1349.2969,0.00,1,0.00
5.667967,173.3203,-1348.505859,1919,1349.2969,0.00,1,0.00
5.668968,173.2324,-1348.593750,1919,1349.2969,0.00,1,0.00
5.669969,173.2324,-1348.593750,1919,1349.2969,0.00,1,0.00
5.670970,173.2324,-1348.593750,1919,1349.2969,0.00,1,0.00
5.671971,173.2324,-1348.593750,1919,1349.2969,0.00,1,0.00
5.672972,173.2324,-1348.593750,1919,1349.2969,0.00,1,0.00
5.673973,173.2324,-1348.593750,1919,1349.2969,0.00,1,0.00
5.674974,173.2324,-1348.593750,1919,1349.2969,0.00,1,0.00
5.675975,173.3203,-1348.505859,1919,1349.2969,0.00,1,0.00
5.676976,173.3203,-1348.505859,1919,1349.2969,0.00,1,0.00
5.677977,173.2324,-1348.593750,1919,1349.2969,0.00,1,0.00
5.678978,173.2324,-1348.593750,1919,1349.2969,0.00,1,0.00
5.679979,173.2324,-1348.593750,1919,1349.2969,0.00,1,0.00
5.680980,173.2324,-1348.593750,1919,1349.2969,0.00,1,0.00
5.681981,173.3203,-1348.505859,1919,1349.2969,0.00,1,0.00
5.682982,173.3203,-1348.505859,1919,1349.2969,0.00,1,0.00
5.683983,173.2324,-1348.593750,1919,1349.2969,0.00,1,0.00
5.684984,173.2324,-1348.593750,1919,1349.2969,0.00,1,0.00
5.685985,173.2324,-1348.593750,1919,1349.2969,0.00,1,0.00
5.686986,173.2324,-1348.593750,1919,1349.2969,0.00,1,0.00
5.687987,173.2324,-1348.593750,1919,1349.2969,0.00,1,0.00
5.688988,173.2324,-1348.593750,1919,1349.2969,0.00,1,0.00
5.689989,173.2324,-1348.593750,1919,1349.2969,0.00,1,0.00
5.690990,173.2324,-1348.593750,1919,1349.2969,0.00,1,0.00
5.691991,173.2324,-1348.593750,1919,1349.2969,0.00,1,0.00
5.699278,173.2324,-1348.593750,1919,1349.2969,0.00,1,0.00
5.700279,173.2324,-1348.593750,1919,1349.2969,0.00,1,0.00
5.701279,173.3203,-1348.505859,1919,1349.2969,0.00,1,0.00
5.702280,173.2324,-1348.593750,1919,1349.2969,0.00,1,0.00
5.703281,173.2324,-1348.593750,1919,1349.2969,0.00,1,0.00
5.704282,173.2324,-1348.593750,1919,1349.2969,0.00,1,0.00
5.705282,173.2324,-1348.593750,1919,1349.2969,0.00,1,0.00
5.706283,173.3203,-1348.505859,1919,1349.2969,0.00,1,0.00
5.707284,173.3203,-1348.505859,1919,1349.2969,0.00,1,0.00
5.708285,173.2324,-1348.593750,1919,1349.2969,0.00,1,0.00
5.709286,173.2324,-1348.593750,1919,1349.2969,0.00,1,0.00
5.710287,173.2324,-1348.593750,1919,1349.2969,0.00,1,0.00
5.711288,173.2324,-1348.593750,1919,1349.2969,0.00,1,0.00
5.712289,173.2324,-1348.593750,1919,1349.2969,0.00,1,0.00
5.713290,173.2324,-1348.593750,1919,1349.2969,0.00,1,0.00
5.714291,173.2324,-1348.593750,1919,1349.2969,0.00,1,0.00
5.715292,173.2324,-1348.593750,1919,1349.2969,0.00,1,0.00
5.716293,173.2324,-1348.593750,1919,1349.2969,0.00,1,0.00
5.717294,173.2324,-1348.593750,1919,1349.2969,0.00,1,0.00
5.718295,173.3203,-1348.505859,1919,1349.2969,0.00,1,0.00
5.719296,173.3203,-1348.505859,1919,1349.2969,0.00,1,0.00
5.720297,173.2324,-1348.593750,1919,1349.2969,0.00,1,0.00
5.721298,173.2324,-1348.593750,1919,1349.2969,0.00,1,0.00
5.722299,173.2324,-1348.593750,1919,1349.2969,0.00,1,0.00
5.723300,173.2324,-1348.593750,1919,1349.2969,0.00,1,0.00
5.724301,173.3203,-1348.505859,1919,1349.2969,0.00,1,0.00
5.725302,173.3203,-1348.505859,1919,1349.2969,0.00,1,0.00
5.726303,173.2324,-1348.593750,1919,1349.2969,0.00,1,0.00
5.727304,173.2324,-1348.593750,1919,1349.2969,0.00,1,0.00
5.728305,173.2324,-1348.593750,1919,1349.2969,0.00,1,0.00
5.729306,173.3203,-1348.505859,1919,1349.2969,0.00,1,0.00
5.730307,173.2324,-1348.593750,1919,1349.2969,0.00,1,0.00
5.731308,173.2324,-1348.593750,1919,1349.2969,0.00,1,0.00
5.732309,173.2324,-1348.593750,1919,1349.2969,0.00,1,0.00
5.733310,173.2324,-1348.593750,1919,1349.2969,0.00,1,0.00
5.734311,173.3203,-1348.505859,1919,1349.2969,0.00,1,0.00
5.735312,173.3203,-1348.505859,1919,1349.2969,0.00,1,0.00
5.736313,173.2324,-1348.593750,1919,1349.2969,0.00,1,0.00
5.737314,173.2324,-1348.593750,1919,1349.2969,0.00,1,0.00
5.738314,173.2324,-1348.593750,1919,1349.2969,0.00,1,0.00
5.739315,173.2324,-1348.593750,1919,1349.2969,0.00,1,0.00
5.740316,173.2324,-1348.593750,1919,1349.2969,0.00,1,0.00
5.741317,173.2324,-1348.593750,1919,1349.2969,0.00,1,0.00
5.742317,173.2324,-1348.593750,1919,1349.2969,0.00,1,0.00
5.743318,173.2324,-1348.593750,1919,1349.2969,0.00,1,0.00
5.744319,173.3203,-1348.505859,1919,1349.2969,0.00,1,0.00
5.745320,173.2324,-1348.593750,1919,1349.2969,0.00,1,0.00
5.746321,173.2324,-1348.593750,1919,1349.2969,0.00,1,0.00
5.747322,173.2324,-1348.593750,1919,1349.2969,0.00,1,0.00
5.748323,173.2324,-1348.593750,1919,1349.2969,0.00,1,0.00
5.755636,173.3203,-1348.505859,1919,1349.2969,0.00,1,0.00
5.756637,173.3203,-1348.505859,1919,1349.2969,0.00,1,0.00
5.757638,173.3203,-1348.505859,1919,1349.2969,0.00,1,0.00
5.758639,173.2324,-1348.593750,1919,1349.2969,0.00,1,0.00
5.759640,173.2324,-1348.593750,1919,1349.2969,0.00,1,0.00
5.760641,173.2324,-1348.593750,1919,1349.2969,0.00,1,0.00
5.761642,173.2324,-1348.593750,1919,1349.2969,0.00,1,0.00
5.762643,173.2324,-1348.593750,1919,1349.2969,0.00,1,0.00
5.763644,173.2324,-1348.593750,1919,1349.2969,0.00,1,0.00
5.764645,173.2324,-1348.593750,1919,1349.2969,0.00,1,0.00
5.765646,173.2324,-1348.593750,1919,1349.2969,0.00,1,0.00
5.766647,173.2324,-1348.593750,1919,1349.2969,0.00,1,0.00
5.767648,173.1445,-1348.681641,1919,1349.2969,0.00,1,0.00
5.768649,173.1445,-1348.681641,1919,1349.2969,0.00,1,0.00
5.769650,173.2324,-1348.593750,1919,1349.2969,0.00,1,0.00
5.770651,173.2324,-1348.593750,1919,1349.2969,0.00,1,0.00
5.771652,173.2324,-1348.593750,1919,1349.2969,0.00,1,0.00
5.772653,173.2324,-1348.593750,1919,1349.2969,0.00,1,0.00
5.773654,173.2324,-1348.593750,1919,1349.2969,0.00,1,0.00
5.774655,173.3203,-1348.505859,1919,1349.2969,0.00,1,0.00
5.775656,173.3203,-1348.505859,1919,1349.2969,0.00,1,0.00
5.776657,173.2324,-1348.593750,1919,1349.2969,0.00,1,0.00
5.777658,173.3203,-1348.505859,1919,1349.2969,0.00,1,0.00
5.778659,173.3203,-1348.505859,1919,1349.2969,0.00,1,0.00
5.779660,173.2324,-1348.593750,1919,1349.2969,0.00,1,0.00
5.780660,173.2324,-1348.593750,1919,1349.2969,0.00,1,0.00
5.781661,173.2324,-1348.593750,1919,1349.2969,0.00,1,0.00
5.782662,173.2324,-1348.593750,1919,1349.2969,0.00,1,0.00
5.783663,173.3203,-1348.505859,1919,1349.2969,0.00,1,0.00
5.784663,173.2324,-1348.593750,1919,1349.2969,0.00,1,0.00
5.785664,173.1445,-1348.681641,1919,1349.2969,0.00,1,0.00
5.786665,173.2324,-1348.593750,1919,1349.2969,0.00,1,0.00
5.787666,173.3203,-1348.505859,1919,1349.2969,0.00,1,0.00
5.788667,173.2324,-1348.593750,1919,1349.2969,0.00,1,0.00
5.789668,173.3203,-1348.505859,1919,1349.2969,0.00,1,0.00
5.790669,173.2324,-1348.593750,1919,1349.2969,0.00,1,0.00
5.791670,173.2324,-1348.593750,1919,1349.2969,0.00,1,0.00
5.792671,173.2324,-1348.593750,1919,1349.2969,0.00,1,0.00
5.793672,173.2324,-1348.593750,1919,1349.2969,0.00,1,0.00
5.794673,173.1445,-1348.681641,1919,1349.2969,0.00,1,0.00
5.795674,173.2324,-1348.593750,1919,1349.2969,0.00,1,0.00
5.796675,173.2324,-1348.593750,1919,1349.2969,0.00,1,0.00
5.797676,173.2324,-1348.593750,1919,1349.2969,0.00,1,0.00
5.798677,173.2324,-1348.593750,1919,1349.2969,0.00,1,0.00
5.799678,173.2324,-1348.593750,1919,1349.2969,0.00,1,0.00
5.800679,173.2324,-1348.593750,1919,1349.2969,0.00,1,0.00
5.801680,173.2324,-1348.593750,1919,1349.2969,0.00,1,0.00
5.802681,173.2324,-1348.593750,1919,1349.2969,0.00,1,0.00
5.803682,173.2324,-1348.593750,1919,1349.2969,0.00,1,0.00
5.804683,173.3203,-1348.505859,1919,1349.2969,0.00,1,0.00
5.812451,173.3203,-1348.505859,1919,1349.2969,0.00,1,0.00
5.813452,173.3203,-1348.505859,1919,1349.2969,0.00,1,0.00
5.814452,173.2324,-1348.593750,1919,1349.2969,0.00,1,0.00
5.815453,173.2324,-1348.593750,1919,1349.2969,0.00,1,0.00
5.816454,173.2324,-1348.593750,1919,1349.2969,0.00,1,0.00
5.817455,173.2324,-1348.593750,1919,1349.2969,0.00,1,0.00
5.818455,173.2324,-1348.593750,1919,1349.2969,0.00,1,0.00
5.819456,173.3203,-1348.505859,1919,1349.2969,0.00,1,0.00
5.820457,173.2324,-1348.593750,1919,1349.2969,0.00,1,0.00
5.821458,173.2324,-1348.593750,1919,1349.2969,0.00,1,0.00
5.822459,173.2324,-1348.593750,1919,1349.2969,0.00,1,0.00
5.823460,173.2324,-1348.593750,1919,1349.2969,0.00,1,0.00
5.824461,173.2324,-1348.593750,1919,1349.2969,0.00,1,0.00
5.825462,173.2324,-1348.593750,1919,1349.2969,0.00,1,0.00
5.826463,173.2324,-1348.593750,1919,1349.2969,0.00,1,0.00
5.827464,173.2324,-1348.593750,1919,1349.2969,0.00,1,0.00
5.828465,173.3203,-1348.505859,1919,1349.2969,0.00,1,0.00
5.829466,173.2324,-1348.593750,1919,1349.2969,0.00,1,0.00
5.830467,173.1445,-1348.681641,1919,1349.2969,0.00,1,0.00
5.831467,173.2324,-1348.593750,1919,1349.2969,0.00,1,0.00
5.832468,173.2324,-1348.593750,1919,1349.2969,0.00,1,0.00
5.833469,173.2324,-1348.593750,1919,1349.2969,0.00,1,0.00
5.834470,173.2324,-1348.593750,1919,1349.2969,0.00,1,0.00
5.835470,173.2324,-1348.593750,1919,1349.2969,0.00,1,0.00
5.836471,173.2324,-1348.593750,1919,1349.2969,0.00,1,0.00
5.837472,173.3203,-1348.505859,1919,1349.2969,0.00,1,0.00
5.838473,173.2324,-1348.593750,1919,1349.2969,0.00,1,0.00
5.839474,173.2324,-1348.593750,1919,1349.2969,0.00,1,0.00
5.840475,173.3203,-1348.505859,1919,1349.2969,0.00,1,0.00
5.841476,173.2324,-1348.593750,1919,1349.2969,0.00,1,0.00
5.842477,173.2324,-1348.593750,1919,1349.2969,0.00,1,0.00
5.843478,173.2324,-1348.593750,1919,1349.2969,0.00,1,0.00
5.844479,173.3203,-1348.505859,1919,1349.2969,0.00,1,0.00
5.845480,173.2324,-1348.593750,1919,1349.2969,0.00,1,0.00
5.846481,173.2324,-1348.593750,1919,1349.2969,0.00,1,0.00
5.847482,173.2324,-1348.593750,1919,1349.2969,0.00,1,0.00
5.848483,173.2324,-1348.593750,1919,1349.2969,0.00,1,0.00
5.849484,173.2324,-1348.593750,1919,1349.2969,0.00,1,0.00
5.850485,173.2324,-1348.593750,1919,1349.2969,0.00,1,0.00
5.851486,173.2324,-1348.593750,1919,1349.2969,0.00,1,0.00
5.852487,173.2324,-1348.593750,1919,1349.2969,0.00,1,0.00
5.853488,173.2324,-1348.593750,1919,1349.2969,0.00,1,0.00
5.854489,173.2324,-1348.593750,1919,1349.2969,0.00,1,0.00
5.855490,173.2324,-1348.593750,1919,1349.2969,0.00,1,0.00
5.856491,173.2324,-1348.593750,1919,1349.2969,0.00,1,0.00
5.857492,173.2324,-1348.593750,1919,1349.2969,0.00,1,0.00
5.858493,173.2324,-1348.593750,1919,1349.2969,0.00,1,0.00
5.859494,173.2324,-1348.593750,1919,1349.2969,0.00,1,0.00
5.860495,173.1445,-1348.681641,1919,1349.2969,0.00,1,0.00
5.861496,173.2324,-1348.593750,1919,1349.2969,0.00,1,0.00
5.868758,173.2324,-1348.593750,1919,1349.2969,0.00,1,0.00
5.869759,173.2324,-1348.593750,1919,1349.2969,0.00,1,0.00
5.870760,173.2324,-1348.593750,1919,1349.2969,0.00,1,0.00
5.871761,173.2324,-1348.593750,1919,1349.2969,0.00,1,0.00
5.872762,173.2324,-1348.593750,1919,1349.2969,0.00,1,0.00
5.873763,173.2324,-1348.593750,1919,1349.2969,0.00,1,0.00
5.874764,173.2324,-1348.593750,1919,1349.2969,0.00,1,0.00
5.875765,173.1445,-1348.681641,1919,1349.2969,0.00,1,0.00
5.876766,173.1445,-1348.681641,1919,1349.2969,0.00,1,0.00
5.877767,173.1445,-1348.681641,1919,1349.2969,0.00,1,0.00
5.878768,173.1445,-1348.681641,1919,1349.2969,0.00,1,0.00
5.879769,173.2324,-1348.593750,1919,1349.2969,0.00,1,0.00
5.880770,173.2324,-1348.593750,1919,1349.2969,0.00,1,0.00
5.881771,173.2324,-1348.593750,1919,1349.2969,0.00,1,0.00
5.882772,173.2324,-1348.593750,1919,1349.2969,0.00,1,0.00
5.883773,173.2324,-1348.593750,1919,1349.2969,0.00,1,0.00
5.884774,173.2324,-1348.593750,1919,1349.2969,0.00,1,0.00
5.885775,173.2324,-1348.593750,1919,1349.2969,0.00,1,0.00
5.886776,173.2324,-1348.593750,1919,1349.2969,0.00,1,0.00
5.887777,173.3203,-1348.505859,1919,1349.2969,0.00,1,0.00
5.888778,173.3203,-1348.505859,1919,1349.2969,0.00,1,0.00
5.889779,173.2324,-1348.593750,1919,1349.2969,0.00,1,0.00
5.890780,173.3203,-1348.505859,1919,1349.2969,0.00,1,0.00
5.891781,173.3203,-1348.505859,1919,1349.2969,0.00,1,0.00
5.892782,173.3203,-1348.505859,1919,1349.2969,0.00,1,0.00
5.893783,173.3203,-1348.505859,1919,1349.2969,0.00,1,0.00
5.894784,173.2324,-1348.593750,1919,1349.2969,0.00,1,0.00
5.895785,173.2324,-1348.593750,1919,1349.2969,0.00,1,0.00
5.896786,173.3203,-1348.505859,1919,1349.2969,0.00,1,0.00
5.897787,173.2324,-1348.593750,1919,1349.2969,0.00,1,0.00
5.898788,173.2324,-1348.593750,1919,1349.2969,0.00,1,0.00
5.899789,173.1445,-1348.681641,1919,1349.2969,0.00,1,0.00
5.900790,173.2324,-1348.593750,1919,1349.2969,0.00,1,0.00
5.901791,173.3203,-1348.505859,1919,1349.2969,0.00,1,0.00
5.902792,173.2324,-1348.593750,1919,1349.2969,0.00,1,0.00
5.903793,173.2324,-1348.593750,1919,1349.2969,0.00,1,0.00
5.904794,173.2324,-1348.593750,1919,1349.2969,0.00,1,0.00
5.905795,173.2324,-1348.593750,1919,1349.2969,0.00,1,0.00
5.906796,173.2324,-1348.593750,1919,1349.2969,0.00,1,0.00
5.907797,173.2324,-1348.593750,1919,1349.2969,0.00,1,0.00
5.908798,173.2324,-1348.593750,1919,1349.2969,0.00,1,0.00
5.909799,173.2324,-1348.593750,1919,1349.2969,0.00,1,0.00
5.910800,173.2324,-1348.593750,1919,1349.2969,0.00,1,0.00
5.911801,173.2324,-1348.593750,1919,1349.2969,0.00,1,0.00
5.912802,173.2324,-1348.593750,1919,1349.2969,0.00,1,0.00
5.913803,173.2324,-1348.593750,1919,1349.2969,0.00,1,0.00
5.914804,173.2324,-1348.593750,1919,1349.2969,0.00,1,0.00
5.915805,173.2324,-1348.593750,1919,1349.2969,0.00,1,0.00
5.916806,173.3203,-1348.505859,1919,1349.2969,0.00,1,0.00
5.917807,173.2324,-1348.593750,1919,1349.2969,0.00,1,0.00
5.925072,173.2324,-1348.593750,1919,1349.2969,0.00,1,0.00
5.926073,173.3203,-1348.505859,1919,1349.2969,0.00,1,0.00
5.927074,173.2324,-1348.593750,1919,1349.2969,0.00,1,0.00
5.928075,173.2324,-1348.593750,1919,1349.2969,0.00,1,0.00
5.929076,173.3203,-1348.505859,1919,1349.2969,0.00,1,0.00
5.930077,173.2324,-1348.593750,1919,1349.2969,0.00,1,0.00
5.931078,173.1445,-1348.681641,1919,1349.2969,0.00,1,0.00
5.932079,173.1445,-1348.681641,1919,1349.2969,0.00,1,0.00
5.933080,173.2324,-1348.593750,1919,1349.2969,0.00,1,0.00
5.934081,173.2324,-1348.593750,1919,1349.2969,0.00,1,0.00
5.935082,173.3203,-1348.505859,1919,1349.2969,0.00,1,0.00
5.936083,173.3203,-1348.505859,1919,1349.2969,0.00,1,0.00
5.937084,173.3203,-1348.505859,1919,1349.2969,0.00,1,0.00
5.938085,173.3203,-1348.505859,1919,1349.2969,0.00,1,0.00
5.939086,173.2324,-1348.593750,1919,1349.2969,0.00,1,0.00
5.940087,173.1445,-1348.681641,1919,1349.2969,0.00,1,0.00
5.941088,173.1445,-1348.681641,1919,1349.2969,0.00,1,0.00
5.942089,173.2324,-1348.593750,1919,1349.2969,0.00,1,0.00
5.943090,173.2324,-1348.593750,1919,1349.2969,0.00,1,0.00
5.944091,173.3203,-1348.505859,1919,1349.2969,0.00,1,0.00
5.945092,173.3203,-1348.505859,1919,1349.2969,0.00,1,0.00
5.946093,173.2324,-1348.593750,1919,1349.2969,0.00,1,0.00
5.947094,173.2324,-1348.593750,1919,1349.2969,0.00,1,0.00
5.948095,173.2324,-1348.593750,1919,1349.2969,0.00,1,0.00
5.949096,173.2324,-1348.593750,1919,1349.2969,0.00,1,0.00
5.950097,173.2324,-1348.593750,1919,1349.2969,0.00,1,0.00
5.951098,173.2324,-1348.593750,1919,1349.2969,0.00,1,0.00
5.952099,173.2324,-1348.593750,1919,1349.2969,0.00,1,0.00
5.953100,173.2324,-1348.593750,1919,1349.2969,0.00,1,0.00
5.954101,173.2324,-1348.593750,1919,1349.2969,0.00,1,0.00
5.955102,173.2324,-1348.593750,1919,1349.2969,0.00,1,0.00
5.956103,173.2324,-1348.593750,1919,1349.2969,0.00,1,0.00
5.957104,173.2324,-1348.593750,1919,1349.2969,0.00,1,0.00
5.958105,173.2324,-1348.593750,1919,1349.2969,0.00,1,0.00
5.959106,173.2324,-1348.593750,1919,1349.2969,0.00,1,0.00
5.960107,173.2324,-1348.593750,1919,1349.2969,0.00,1,0.00
5.961108,173.2324,-1348.593750,1919,1349.2969,0.00,1,0.00
5.962109,173.2324,-1348.593750,1919,1349.2969,0.00,1,0.00
5.963110,173.2324,-1348.593750,1919,1349.2969,0.00,1,0.00
5.964111,173.2324,-1348.593750,1919,1349.2969,0.00,1,0.00
5.965112,173.2324,-1348.593750,1919,1349.2969,0.00,1,0.00
5.966113,173.2324,-1348.593750,1919,1349.2969,0.00,1,0.00
5.967114,173.2324,-1348.593750,1919,1349.2969,0.00,1,0.00
5.968115,173.2324,-1348.593750,1919,1349.2969,0.00,1,0.00
5.969116,173.2324,-1348.593750,1919,1349.2969,0.00,1,0.00
5.970117,173.2324,-1348.593750,1919,1349.2969,0.00,1,0.00
5.971118,173.2324,-1348.593750,1919,1349.2969,0.00,1,0.00
5.972119,173.2324,-1348.593750,1919,1349.2969,0.00,1,0.00
5.973120,173.3203,-1348.505859,1919,1349.2969,0.00,1,0.00
5.974121,173.2324,-1348.593750,1919,1349.2969,0.00,1,0.00
5.981411,173.2324,-1348.593750,1919,1349.2969,0.00,1,0.00
5.982412,173.2324,-1348.593750,1919,1349.2969,0.00,1,0.00
5.983413,173.2324,-1348.593750,1919,1349.2969,0.00,1,0.00
5.984414,173.2324,-1348.593750,1919,1349.2969,0.00,1,0.00
5.985415,173.3203,-1348.505859,1919,1349.2969,0.00,1,0.00
5.986416,173.3203,-1348.505859,1919,1349.2969,0.00,1,0.00
5.987417,173.3203,-1348.505859,1919,1349.2969,0.00,1,0.00
5.988418,173.2324,-1348.593750,1919,1349.2969,0.00,1,0.00
5.989419,173.2324,-1348.593750,1919,1349.2969,0.00,1,0.00
5.990420,173.2324,-1348.593750,1919,1349.2969,0.00,1,0.00
5.991421,173.3203,-1348.505859,1919,1349.2969,0.00,1,0.00
5.992422,173.3203,-1348.505859,1919,1349.2969,0.00,1,0.00
5.993423,173.2324,-1348.593750,1919,1349.2969,0.00,1,0.00
5.994424,173.2324,-1348.593750,1919,1349.2969,0.00,1,0.00
5.995425,173.2324,-1348.593750,1919,1349.2969,0.00,1,0.00
5.996425,173.2324,-1348.593750,1919,1349.2969,0.00,1,0.00
5.997426,173.3203,-1348.505859,1919,1349.2969,0.00,1,0.00
5.998427,173.3203,-1348.505859,1919,1349.2969,0.00,1,0.00
5.999428,173.3203,-1348.505859,1919,1349.2969,0.00,1,0.00
6.000428,173.2324,-1348.593750,1919,1349.2969,0.00,1,0.00
6.001429,173.2324,-1348.593750,1919,1349.2969,0.00,1,0.00
6.002430,173.2324,-1348.593750,1919,1349.2969,0.00,1,0.00
6.003431,173.3203,-1348.505859,1919,1349.2969,0.00,1,0.00
6.004432,173.2324,-1348.593750,1919,1349.2969,0.00,1,0.00
6.005433,173.1445,-1348.681641,1919,1349.2969,0.00,1,0.00
6.006434,173.1445,-1348.681641,1919,1349.2969,0.00,1,0.00
6.007435,173.2324,-1348.593750,1919,1349.2969,0.00,1,0.00
6.008436,173.3203,-1348.505859,1919,1349.2969,0.00,1,0.00
6.009437,173.2324,-1348.593750,1919,1349.2969,0.00,1,0.00
6.010438,173.1445,-1348.681641,1919,1349.2969,0.00,1,0.00
6.011439,173.2324,-1348.593750,1919,1349.2969,0.00,1,0.00
6.012440,173.3203,-1348.505859,1919,1349.2969,0.00,1,0.00
6.013441,173.3203,-1348.505859,1919,1349.2969,0.00,1,0.00
6.014442,173.3203,-1348.505859,1919,1349.2969,0.00,1,0.00
6.015443,173.2324,-1348.593750,1919,1349.2969,0.00,1,0.00
6.016444,173.2324,-1348.593750,1919,1349.2969,0.00,1,0.00
6.017445,173.2324,-1348.593750,1919,1349.2969,0.00,1,0.00
6.018446,173.3203,-1348.505859,1919,1349.2969,0.00,1,0.00
6.019447,173.3203,-1348.505859,1919,1349.2969,0.00,1,0.00
6.020448,173.3203,-1348.505859,1919,1349.2969,0.00,1,0.00
6.021449,173.2324,-1348.593750,1919,1349.2969,0.00,1,0.00
6.022450,173.3203,-1348.505859,1919,1349.2969,0.00,1,0.00
6.023451,173.3203,-1348.505859,1919,1349.2969,0.00,1,0.00
6.024452,173.2324,-1348.593750,1919,1349.2969,0.00,1,0.00
6.025453,173.3203,-1348.505859,1919,1349.2969,0.00,1,0.00
6.026454,173.2324,-1348.593750,1919,1349.2969,0.00,1,0.00
6.027455,173.2324,-1348.593750,1919,1349.2969,0.00,1,0.00
6.028456,173.2324,-1348.593750,1919,1349.2969,0.00,1,0.00
6.029457,173.2324,-1348.593750,1919,1349.2969,0.00,1,0.00
6.030458,173.2324,-1348.593750,1919,1349.2969,0.00,1,0.00
6.037770,173.2324,-1348.593750,1919,1349.2969,0.00,1,0.00
6.038770,173.2324,-1348.593750,1919,1349.2969,0.00,1,0.00
6.039771,173.2324,-1348.593750,1919,1349.2969,0.00,1,0.00
6.040772,173.2324,-1348.593750,1919,1349.2969,0.00,1,0.00
6.041773,173.3203,-1348.505859,1919,1349.2969,0.00,1,0.00
6.042774,173.3203,-1348.505859,1919,1349.2969,0.00,1,0.00
6.043775,173.2324,-1348.593750,1919,1349.2969,0.00,1,0.00
6.044776,173.1445,-1348.681641,1919,1349.2969,0.00,1,0.00
6.045777,173.2324,-1348.593750,1919,1349.2969,0.00,1,0.00
6.046778,173.2324,-1348.593750,1919,1349.2969,0.00,1,0.00
6.047779,173.2324,-1348.593750,1919,1349.2969,0.00,1,0.00
6.048780,173.2324,-1348.593750,1919,1349.2969,0.00,1,0.00
6.049781,173.2324,-1348.593750,1919,1349.2969,0.00,1,0.00
6.050782,173.2324,-1348.593750,1919,1349.2969,0.00,1,0.00
6.051783,173.2324,-1348.593750,1919,1349.2969,0.00,1,0.00
6.052784,173.3203,-1348.505859,1919,1349.2969,0.00,1,0.00
6.053785,173.2324,-1348.593750,1919,1349.2969,0.00,1,0.00
6.054786,173.2324,-1348.593750,1919,1349.2969,0.00,1,0.00
6.055787,173.1445,-1348.681641,1919,1349.2969,0.00,1,0.00
6.056788,173.2324,-1348.593750,1919,1349.2969,0.00,1,0.00
6.057789,173.2324,-1348.593750,1919,1349.2969,0.00,1,0.00
6.058790,173.2324,-1348.593750,1919,1349.2969,0.00,1,0.00
6.059791,173.2324,-1348.593750,1919,1349.2969,0.00,1,0.00
6.060792,173.2324,-1348.593750,1919,1349.2969,0.00,1,0.00
6.061793,173.2324,-1348.593750,1919,1349.2969,0.00,1,0.00
6.062794,173.2324,-1348.593750,1919,1349.2969,0.00,1,0.00
6.063795,173.2324,-1348.593750,1919,1349.2969,0.00,1,0.00
6.064796,173.2324,-1348.593750,1919,1349.2969,0.00,1,0.00
6.065797,173.2324,-1348.593750,1919,1349.2969,0.00,1,0.00
6.066798,173.2324,-1348.593750,1919,1349.2969,0.00,1,0.00
6.067799,173.3203,-1348.505859,1919,1349.2969,0.00,1,0.00
6.068800,173.2324,-1348.593750,1919,1349.2969,0.00,1,0.00
6.069801,173.1445,-1348.681641,1919,1349.2969,0.00,1,0.00
6.070802,173.2324,-1348.593750,1919,1349.2969,0.00,1,0.00
6.071803,173.2324,-1348.593750,1919,1349.2969,0.00,1,0.00
6.072804,173.2324,-1348.593750,1919,1349.2969,0.00,1,0.00
6.073805,173.2324,-1348.593750,1919,1349.2969,0.00,1,0.00
6.074806,173.2324,-1348.593750,1919,1349.2969,0.00,1,0.00
6.075807,173.2324,-1348.593750,1919,1349.2969,0.00,1,0.00
6.076808,173.3203,-1348.505859,1919,1349.2969,0.00,1,0.00
6.077809,173.3203,-1348.505859,1919,1349.2969,0.00,1,0.00
6.078810,173.3203,-1348.505859,1919,1349.2969,0.00,1,0.00
6.079811,173.3203,-1348.505859,1919,1349.2969,0.00,1,0.00
6.080812,173.3203,-1348.505859,1919,1349.2969,0.00,1,0.00
6.081813,173.2324,-1348.593750,1919,1349.2969,0.00,1,0.00
6.082814,173.2324,-1348.593750,1919,1349.2969,0.00,1,0.00
6.083815,173.2324,-1348.593750,1919,1349.2969,0.00,1,0.00
6.084816,173.2324,-1348.593750,1919,1349.2969,0.00,1,0.00
6.085817,173.3203,-1348.505859,1919,1349.2969,0.00,1,0.00
6.086818,173.3203,-1348.505859,1919,1349.2969,0.00,1,0.00
6.094130,173.2324,-1348.593750,1919,1349.2969,0.00,1,0.00
6.095131,173.2324,-1348.593750,1919,1349.2969,0.00,1,0.00
6.096132,173.2324,-1348.593750,1919,1349.2969,0.00,1,0.00
6.097132,173.3203,-1348.505859,1919,1349.2969,0.00,1,0.00
6.098133,173.3203,-1348.505859,1919,1349.2969,0.00,1,0.00
6.099134,173.3203,-1348.505859,1919,1349.2969,0.00,1,0.00
6.100135,173.2324,-1348.593750,1919,1349.2969,0.00,1,0.00
6.101136,173.3203,-1348.505859,1919,1349.2969,0.00,1,0.00
6.102137,173.3203,-1348.505859,1919,1349.2969,0.00,1,0.00
6.103138,173.3203,-1348.505859,1919,1349.2969,0.00,1,0.00
6.104139,173.3203,-1348.505859,1919,1349.2969,0.00,1,0.00
6.105140,173.2324,-1348.593750,1919,1349.2969,0.00,1,0.00
6.106141,173.2324,-1348.593750,1919,1349.2969,0.00,1,0.00
6.107142,173.2324,-1348.593750,1919,1349.2969,0.00,1,0.00
6.108143,173.2324,-1348.593750,1919,1349.2969,0.00,1,0.00
6.109144,173.2324,-1348.593750,1919,1349.2969,0.00,1,0.00
6.110145,173.2324,-1348.593750,1919,1349.2969,0.00,1,0.00
6.111146,173.3203,-1348.505859,1919,1349.2969,0.00,1,0.00
6.112147,173.3203,-1348.505859,1919,1349.2969,0.00,1,0.00
6.113148,173.2324,-1348.593750,1919,1349.2969,0.00,1,0.00
6.114149,173.2324,-1348.593750,1919,1349.2969,0.00,1,0.00
6.115150,173.2324,-1348.593750,1919,1349.2969,0.00,1,0.00
6.116151,173.1445,-1348.681641,1919,1349.2969,0.00,1,0.00
6.117152,173.2324,-1348.593750,1919,1349.2969,0.00,1,0.00
6.118153,173.2324,-1348.593750,1919,1349.2969,0.00,1,0.00
6.119154,173.3203,-1348.505859,1919,1349.2969,0.00,1,0.00
6.120155,173.2324,-1348.593750,1919,1349.2969,0.00,1,0.00
6.121156,173.2324,-1348.593750,1919,1349.2969,0.00,1,0.00
6.122157,173.2324,-1348.593750,1919,1349.2969,0.00,1,0.00
6.123158,173.2324,-1348.593750,1919,1349.2969,0.00,1,0.00
6.124159,173.2324,-1348.593750,1919,1349.2969,0.00,1,0.00
6.125160,173.2324,-1348.593750,1919,1349.2969,0.00,1,0.00
6.126161,173.2324,-1348.593750,1919,1349.2969,0.00,1,0.00
6.127162,173.2324,-1348.593750,1919,1349.2969,0.00,1,0.00
6.128163,173.2324,-1348.593750,1919,1349.2969,0.00,1,0.00
6.129164,173.2324,-1348.593750,1919,1349.2969,0.00,1,0.00
6.130165,173.2324,-1348.593750,1919,1349.2969,0.00,1,0.00
6.131166,173.2324,-1348.593750,1919,1349.2969,0.00,1,0.00
6.132167,173.2324,-1348.593750,1919,1349.2969,0.00,1,0.00
6.133168,173.2324,-1348.593750,1919,1349.2969,0.00,1,0.00
6.134169,173.2324,-1348.593750,1919,1349.2969,0.00,1,0.00
6.135170,173.2324,-1348.593750,1919,1349.2969,0.00,1,0.00
6.136171,173.2324,-1348.593750,1919,1349.2969,0.00,1,0.00
6.137172,173.2324,-1348.593750,1919,1349.2969,0.00,1,0.00
6.138173,173.2324,-1348.593750,1919,1349.2969,0.00,1,0.00
6.139174,173.2324,-1348.593750,1919,1349.2969,0.00,1,0.00
6.140175,173.2324,-1348.593750,1919,1349.2969,0.00,1,0.00
6.141176,173.2324,-1348.593750,1919,1349.2969,0.00,1,0.00
6.142176,173.2324,-1348.593750,1919,1349.2969,0.00,1,0.00
6.143177,173.2324,-1348.593750,1919,1349.2969,0.00,1,0.00
6.151071,173.2324,-1348.593750,1919,1349.2969,0.00,1,0.00
6.152072,173.2324,-1348.593750,1919,1349.2969,0.00,1,0.00
6.153073,173.2324,-1348.593750,1919,1349.2969,0.00,1,0.00
6.154074,173.2324,-1348.593750,1919,1349.2969,0.00,1,0.00
6.155075,173.3203,-1348.505859,1919,1349.2969,0.00,1,0.00
6.156076,173.2324,-1348.593750,1919,1349.2969,0.00,1,0.00
6.157077,173.2324,-1348.593750,1919,1349.2969,0.00,1,0.00
6.158078,173.2324,-1348.593750,1919,1349.2969,0.00,1,0.00
6.159079,173.3203,-1348.505859,1919,1349.2969,0.00,1,0.00
6.160080,173.3203,-1348.505859,1919,1349.2969,0.00,1,0.00
6.161081,173.3203,-1348.505859,1919,1349.2969,0.00,1,0.00
6.162082,173.3203,-1348.505859,1919,1349.2969,0.00,1,0.00
6.163083,173.2324,-1348.593750,1919,1349.2969,0.00,1,0.00
6.164084,173.1445,-1348.681641,1919,1349.2969,0.00,1,0.00
6.165085,173.2324,-1348.593750,1919,1349.2969,0.00,1,0.00
6.166086,173.2324,-1348.593750,1919,1349.2969,0.00,1,0.00
6.167087,173.2324,-1348.593750,1919,1349.2969,0.00,1,0.00
6.168088,173.2324,-1348.593750,1919,1349.2969,0.00,1,0.00
6.169089,173.3203,-1348.505859,1919,1349.2969,0.00,1,0.00
6.170090,173.2324,-1348.593750,1919,1349.2969,0.00,1,0.00
6.171091,173.2324,-1348.593750,1919,1349.2969,0.00,1,0.00
6.172092,173.3203,-1348.505859,1919,1349.2969,0.00,1,0.00
6.173093,173.3203,-1348.505859,1919,1349.2969,0.00,1,0.00
6.174094,173.2324,-1348.593750,1919,1349.2969,0.00,1,0.00
6.175095,173.2324,-1348.593750,1919,1349.2969,0.00,1,0.00
6.176096,173.3203,-1348.505859,1919,1349.2969,0.00,1,0.00
6.177097,173.2324,-1348.593750,1919,1349.2969,0.00,1,0.00
6.178098,173.2324,-1348.593750,1919,1349.2969,0.00,1,0.00
6.179099,173.3203,-1348.505859,1919,1349.2969,0.00,1,0.00
6.180100,173.3203,-1348.505859,1919,1349.2969,0.00,1,0.00
6.181101,173.2324,-1348.593750,1919,1349.2969,0.00,1,0.00
6.182102,173.1445,-1348.681641,1919,1349.2969,0.00,1,0.00
6.183103,173.1445,-1348.681641,1919,1349.2969,0.00,1,0.00
6.184104,173.2324,-1348.593750,1919,1349.2969,0.00,1,0.00
6.185105,173.2324,-1348.593750,1919,1349.2969,0.00,1,0.00
6.186106,173.2324,-1348.593750,1919,1349.2969,0.00,1,0.00
6.187107,173.2324,-1348.593750,1919,1349.2969,0.00,1,0.00
6.188108,173.1445,-1348.681641,1919,1349.2969,0.00,1,0.00
6.189109,173.2324,-1348.593750,1919,1349.2969,0.00,1,0.00
6.190110,173.3203,-1348.505859,1919,1349.2969,0.00,1,0.00
6.191111,173.2324,-1348.593750,1919,1349.2969,0.00,1,0.00
6.192112,173.2324,-1348.593750,1919,1349.2969,0.00,1,0.00
6.193113,173.3203,-1348.505859,1919,1349.2969,0.00,1,0.00
6.194114,173.2324,-1348.593750,1919,1349.2969,0.00,1,0.00
6.195115,173.2324,-1348.593750,1919,1349.2969,0.00,1,0.00
6.196116,173.2324,-1348.593750,1919,1349.2969,0.00,1,0.00
6.197117,173.2324,-1348.593750,1919,1349.2969,0.00,1,0.00
6.198118,173.3203,-1348.505859,1919,1349.2969,0.00,1,0.00
6.199119,173.2324,-1348.593750,1919,1349.2969,0.00,1,0.00
6.200120,173.2324,-1348.593750,1919,1349.2969,0.00,1,0.00
6.207412,173.2324,-1348.593750,1919,1349.2969,0.00,1,0.00
6.208412,173.2324,-1348.593750,1919,1349.2969,0.00,1,0.00
6.209413,173.3203,-1348.505859,1919,1349.2969,0.00,1,0.00
6.210414,173.2324,-1348.593750,1919,1349.2969,0.00,1,0.00
6.211415,173.2324,-1348.593750,1919,1349.2969,0.00,1,0.00
6.212415,173.2324,-1348.593750,1919,1349.2969,0.00,1,0.00
6.213416,173.2324,-1348.593750,1919,1349.2969,0.00,1,0.00
6.214417,173.2324,-1348.593750,1919,1349.2969,0.00,1,0.00
6.215418,173.2324,-1348.593750,1919,1349.2969,0.00,1,0.00
6.216419,173.1445,-1348.681641,1919,1349.2969,0.00,1,0.00
6.217420,173.1445,-1348.681641,1919,1349.2969,0.00,1,0.00
6.218421,173.1445,-1348.681641,1919,1349.2969,0.00,1,0.00
6.219422,173.2324,-1348.593750,1919,1349.2969,0.00,1,0.00
6.220423,173.2324,-1348.593750,1919,1349.2969,0.00,1,0.00
6.221424,173.2324,-1348.593750,1919,1349.2969,0.00,1,0.00
6.222425,173.2324,-1348.593750,1919,1349.2969,0.00,1,0.00
6.223426,173.2324,-1348.593750,1919,1349.2969,0.00,1,0.00
6.224427,173.2324,-1348.593750,1919,1349.2969,0.00,1,0.00
6.225427,173.2324,-1348.593750,1919,1349.2969,0.00,1,0.00
6.226428,173.2324,-1348.593750,1919,1349.2969,0.00,1,0.00
6.227429,173.2324,-1348.593750,1919,1349.2969,0.00,1,0.00
6.228430,173.2324,-1348.593750,1919,1349.2969,0.00,1,0.00
6.229430,173.2324,-1348.593750,1919,1349.2969,0.00,1,0.00
6.230431,173.2324,-1348.593750,1919,1349.2969,0.00,1,0.00
6.231432,173.2324,-1348.593750,1919,1349.2969,0.00,1,0.00
6.232433,173.2324,-1348.593750,1919,1349.2969,0.00,1,0.00
6.233434,173.2324,-1348.593750,1919,1349.2969,0.00,1,0.00
6.234435,173.2324,-1348.593750,1919,1349.2969,0.00,1,0.00
6.235436,173.2324,-1348.593750,1919,1349.2969,0.00,1,0.00
6.236437,173.2324,-1348.593750,1919,1349.2969,0.00,1,0.00
6.237438,173.2324,-1348.593750,1919,1349.2969,0.00,1,0.00
6.238439,173.2324,-1348.593750,1919,1349.2969,0.00,1,0.00
6.239440,173.2324,-1348.593750,1919,1349.2969,0.00,1,0.00
6.240441,173.2324,-1348.593750,1919,1349.2969,0.00,1,0.00
6.241442,173.2324,-1348.593750,1919,1349.2969,0.00,1,0.00
6.242443,173.3203,-1348.505859,1919,1349.2969,0.00,1,0.00
6.243444,173.3203,-1348.505859,1919,1349.2969,0.00,1,0.00
6.244445,173.2324,-1348.593750,1919,1349.2969,0.00,1,0.00
6.245446,173.3203,-1348.505859,1919,1349.2969,0.00,1,0.00
6.246447,173.3203,-1348.505859,1919,1349.2969,0.00,1,0.00
6.247448,173.2324,-1348.593750,1919,1349.2969,0.00,1,0.00
6.248449,173.2324,-1348.593750,1919,1349.2969,0.00,1,0.00
6.249450,173.3203,-1348.505859,1919,1349.2969,0.00,1,0.00
6.250451,173.2324,-1348.593750,1919,1349.2969,0.00,1,0.00
6.251452,173.2324,-1348.593750,1919,1349.2969,0.00,1,0.00
6.252453,173.2324,-1348.593750,1919,1349.2969,0.00,1,0.00
6.253454,173.2324,-1348.593750,1919,1349.2969,0.00,1,0.00
6.254455,173.2324,-1348.593750,1919,1349.2969,0.00,1,0.00
6.255456,173.2324,-1348.593750,1919,1349.2969,0.00,1,0.00
6.256457,173.2324,-1348.593750,1919,1349.2969,0.00,1,0.00
6.263749,173.2324,-1348.593750,1919,1349.2969,0.00,1,0.00
6.264750,173.2324,-1348.593750,1919,1349.2969,0.00,1,0.00
6.265751,173.1445,-1348.681641,1919,1349.2969,0.00,1,0.00
6.266752,173.2324,-1348.593750,1919,1349.2969,0.00,1,0.00
6.267752,173.2324,-1348.593750,1919,1349.2969,0.00,1,0.00
6.268753,173.2324,-1348.593750,1919,1349.2969,0.00,1,0.00
6.269754,173.2324,-1348.593750,1919,1349.2969,0.00,1,0.00
6.270755,173.2324,-1348.593750,1919,1349.2969,0.00,1,0.00
6.271755,173.2324,-1348.593750,1919,1349.2969,0.00,1,0.00
6.272756,173.2324,-1348.593750,1919,1349.2969,0.00,1,0.00
6.273757,173.2324,-1348.593750,1919,1349.2969,0.00,1,0.00
6.274758,173.3203,-1348.505859,1919,1349.2969,0.00,1,0.00
6.275759,173.3203,-1348.505859,1919,1349.2969,0.00,1,0.00
6.276760,173.2324,-1348.593750,1919,1349.2969,0.00,1,0.00
6.277761,173.2324,-1348.593750,1919,1349.2969,0.00,1,0.00
6.278762,173.3203,-1348.505859,1919,1349.2969,0.00,1,0.00
6.279763,173.2324,-1348.593750,1919,1349.2969,0.00,1,0.00
6.280764,173.3203,-1348.505859,1919,1349.2969,0.00,1,0.00
6.281765,173.3203,-1348.505859,1919,1349.2969,0.00,1,0.00
6.282766,173.2324,-1348.593750,1919,1349.2969,0.00,1,0.00
6.283767,173.2324,-1348.593750,1919,1349.2969,0.00,1,0.00
6.284767,173.2324,-1348.593750,1919,1349.2969,0.00,1,0.00
6.285768,173.2324,-1348.593750,1919,1349.2969,0.00,1,0.00
6.286769,173.2324,-1348.593750,1919,1349.2969,0.00,1,0.00
6.287770,173.2324,-1348.593750,1919,1349.2969,0.00,1,0.00
6.288770,173.1445,-1348.681641,1919,1349.2969,0.00,1,0.00
6.289771,173.2324,-1348.593750,1919,1349.2969,0.00,1,0.00
6.290772,173.2324,-1348.593750,1919,1349.2969,0.00,1,0.00
6.291773,173.2324,-1348.593750,1919,1349.2969,0.00,1,0.00
6.292774,173.2324,-1348.593750,1919,1349.2969,0.00,1,0.00
6.293775,173.2324,-1348.593750,1919,1349.2969,0.00,1,0.00
6.294776,173.3203,-1348.505859,1919,1349.2969,0.00,1,0.00
6.295777,173.2324,-1348.593750,1919,1349.2969,0.00,1,0.00
6.296778,173.2324,-1348.593750,1919,1349.2969,0.00,1,0.00
6.297779,173.2324,-1348.593750,1919,1349.2969,0.00,1,0.00
6.298780,173.2324,-1348.593750,1919,1349.2969,0.00,1,0.00
6.299781,173.1445,-1348.681641,1919,1349.2969,0.00,1,0.00
6.300782,173.2324,-1348.593750,1919,1349.2969,0.00,1,0.00
6.301783,173.3203,-1348.505859,1919,1349.2969,0.00,1,0.00
6.302784,173.3203,-1348.505859,1919,1349.2969,0.00,1,0.00
6.303785,173.3203,-1348.505859,1919,1349.2969,0.00,1,0.00
6.304786,173.2324,-1348.593750,1919,1349.2969,0.00,1,0.00
6.305787,173.2324,-1348.593750,1919,1349.2969,0.00,1,0.00
6.306788,173.2324,-1348.593750,1919,1349.2969,0.00,1,0.00
6.307789,173.2324,-1348.593750,1919,1349.2969,0.00,1,0.00
6.308790,173.2324,-1348.593750,1919,1349.2969,0.00,1,0.00
6.309791,173.3203,-1348.505859,1919,1349.2969,0.00,1,0.00
6.310792,173.2324,-1348.593750,1919,1349.2969,0.00,1,0.00
6.311793,173.2324,-1348.593750,1919,1349.2969,0.00,1,0.00
6.312794,173.2324,-1348.593750,1919,1349.2969,0.00,1,0.00
6.320083,173.2324,-1348.593750,1919,1349.2969,0.00,1,0.00
6.321084,173.3203,-1348.505859,1919,1349.2969,0.00,1,0.00
6.322085,173.3203,-1348.505859,1919,1349.2969,0.00,1,0.00
6.323086,173.3203,-1348.505859,1919,1349.2969,0.00,1,0.00
6.324086,173.2324,-1348.593750,1919,1349.2969,0.00,1,0.00
6.325087,173.2324,-1348.593750,1919,1349.2969,0.00,1,0.00
6.326088,173.2324,-1348.593750,1919,1349.2969,0.00,1,0.00
6.327089,173.2324,-1348.593750,1919,1349.2969,0.00,1,0.00
6.328090,173.3203,-1348.505859,1919,1349.2969,0.00,1,0.00
6.329091,173.2324,-1348.593750,1919,1349.2969,0.00,1,0.00
6.330092,173.2324,-1348.593750,1919,1349.2969,0.00,1,0.00
6.331093,173.2324,-1348.593750,1919,1349.2969,0.00,1,0.00
6.332094,173.2324,-1348.593750,1919,1349.2969,0.00,1,0.00
6.333095,173.2324,-1348.593750,1919,1349.2969,0.00,1,0.00
6.334096,173.2324,-1348.593750,1919,1349.2969,0.00,1,0.00
6.335097,173.3203,-1348.505859,1919,1349.2969,0.00,1,0.00
6.336098,173.3203,-1348.505859,1919,1349.2969,0.00,1,0.00
6.337099,173.2324,-1348.593750,1919,1349.2969,0.00,1,0.00
6.338100,173.2324,-1348.593750,1919,1349.2969,0.00,1,0.00
6.339101,173.2324,-1348.593750,1919,1349.2969,0.00,1,0.00
6.340102,173.2324,-1348.593750,1919,1349.2969,0.00,1,0.00
6.341103,173.2324,-1348.593750,1919,1349.2969,0.00,1,0.00
6.342104,173.1445,-1348.681641,1919,1349.2969,0.00,1,0.00
6.343105,173.2324,-1348.593750,1919,1349.2969,0.00,1,0.00
6.344106,173.2324,-1348.593750,1919,1349.2969,0.00,1,0.00
6.345107,173.2324,-1348.593750,1919,1349.2969,0.00,1,0.00
6.346108,173.2324,-1348.593750,1919,1349.2969,0.00,1,0.00
6.347109,173.2324,-1348.593750,1919,1349.2969,0.00,1,0.00
6.348110,173.3203,-1348.505859,1919,1349.2969,0.00,1,0.00
6.349111,173.2324,-1348.593750,1919,1349.2969,0.00,1,0.00
6.350112,173.2324,-1348.593750,1919,1349.2969,0.00,1,0.00
6.351113,173.2324,-1348.593750,1919,1349.2969,0.00,1,0.00
6.352114,173.2324,-1348.593750,1919,1349.2969,0.00,1,0.00
6.353115,173.3203,-1348.505859,1919,1349.2969,0.00,1,0.00
6.354116,173.3203,-1348.505859,1919,1349.2969,0.00,1,0.00
6.355117,173.2324,-1348.593750,1919,1349.2969,0.00,1,0.00
6.356118,173.2324,-1348.593750,1919,1349.2969,0.00,1,0.00
6.357119,173.3203,-1348.505859,1919,1349.2969,0.00,1,0.00
6.358120,173.3203,-1348.505859,1919,1349.2969,0.00,1,0.00
6.359121,173.2324,-1348.593750,1919,1349.2969,0.00,1,0.00
6.360122,173.2324,-1348.593750,1919,1349.2969,0.00,1,0.00
6.361123,173.2324,-1348.593750,1919,1349.2969,0.00,1,0.00
6.362124,173.2324,-1348.593750,1919,1349.2969,0.00,1,0.00
6.363125,173.2324,-1348.593750,1919,1349.2969,0.00,1,0.00
6.364126,173.3203,-1348.505859,1919,1349.2969,0.00,1,0.00
6.365127,173.2324,-1348.593750,1919,1349.2969,0.00,1,0.00
6.366128,173.2324,-1348.593750,1919,1349.2969,0.00,1,0.00
6.367129,173.2324,-1348.593750,1919,1349.2969,0.00,1,0.00
6.368130,173.3203,-1348.505859,1919,1349.2969,0.00,1,0.00
6.369131,173.2324,-1348.593750,1919,1349.2969,0.00,1,0.00
6.376448,173.2324,-1348.593750,1919,1349.2969,0.00,1,0.00
6.377449,173.2324,-1348.593750,1919,1349.2969,0.00,1,0.00
6.378450,173.2324,-1348.593750,1919,1349.2969,0.00,1,0.00
6.379451,173.2324,-1348.593750,1919,1349.2969,0.00,1,0.00
6.380451,173.2324,-1348.593750,1919,1349.2969,0.00,1,0.00
6.381452,173.2324,-1348.593750,1919,1349.2969,0.00,1,0.00
6.382453,173.2324,-1348.593750,1919,1349.2969,0.00,1,0.00
6.383454,173.2324,-1348.593750,1919,1349.2969,0.00,1,0.00
6.384455,173.2324,-1348.593750,1919,1349.2969,0.00,1,0.00
6.385456,173.2324,-1348.593750,1919,1349.2969,0.00,1,0.00
6.386457,173.2324,-1348.593750,1919,1349.2969,0.00,1,0.00
6.387458,173.2324,-1348.593750,1919,1349.2969,0.00,1,0.00
6.388459,173.2324,-1348.593750,1919,1349.2969,0.00,1,0.00
6.389460,173.2324,-1348.593750,1919,1349.2969,0.00,1,0.00
6.390461,173.2324,-1348.593750,1919,1349.2969,0.00,1,0.00
6.391462,173.2324,-1348.593750,1919,1349.2969,0.00,1,0.00
6.392463,173.2324,-1348.593750,1919,1349.2969,0.00,1,0.00
6.393464,173.2324,-1348.593750,1919,1349.2969,0.00,1,0.00
6.394465,173.2324,-1348.593750,1919,1349.2969,0.00,1,0.00
6.395466,173.2324,-1348.593750,1919,1349.2969,0.00,1,0.00
6.396467,173.2324,-1348.593750,1919,1349.2969,0.00,1,0.00
6.397468,173.2324,-1348.593750,1919,1349.2969,0.00,1,0.00
6.398469,173.2324,-1348.593750,1919,1349.2969,0.00,1,0.00
6.399470,173.2324,-1348.593750,1919,1349.2969,0.00,1,0.00
6.400471,173.3203,-1348.505859,1919,1349.2969,0.00,1,0.00
6.401472,173.2324,-1348.593750,1919,1349.2969,0.00,1,0.00
6.402473,173.2324,-1348.593750,1919,1349.2969,0.00,1,0.00
6.403474,173.2324,-1348.593750,1919,1349.2969,0.00,1,0.00
6.404475,173.2324,-1348.593750,1919,1349.2969,0.00,1,0.00
6.405476,173.3203,-1348.505859,1919,1349.2969,0.00,1,0.00
6.406477,173.3203,-1348.505859,1919,1349.2969,0.00,1,0.00
6.407478,173.3203,-1348.505859,1919,1349.2969,0.00,1,0.00
6.408479,173.2324,-1348.593750,1919,1349.2969,0.00,1,0.00
6.409480,173.2324,-1348.593750,1919,1349.2969,0.00,1,0.00
6.410481,173.2324,-1348.593750,1919,1349.2969,0.00,1,0.00
6.411482,173.2324,-1348.593750,1919,1349.2969,0.00,1,0.00
6.412483,173.1445,-1348.681641,1919,1349.2969,0.00,1,0.00
6.413484,173.2324,-1348.593750,1919,1349.2969,0.00,1,0.00
6.414485,173.2324,-1348.593750,1919,1349.2969,0.00,1,0.00
6.415486,173.2324,-1348.593750,1919,1349.2969,0.00,1,0.00
6.416487,173.2324,-1348.593750,1919,1349.2969,0.00,1,0.00
6.417488,173.2324,-1348.593750,1919,1349.2969,0.00,1,0.00
6.418489,173.2324,-1348.593750,1919,1349.2969,0.00,1,0.00
6.419490,173.2324,-1348.593750,1919,1349.2969,0.00,1,0.00
6.420491,173.2324,-1348.593750,1919,1349.2969,0.00,1,0.00
6.421492,173.1445,-1348.681641,1919,1349.2969,0.00,1,0.00
6.422493,173.2324,-1348.593750,1919,1349.2969,0.00,1,0.00
6.423494,173.2324,-1348.593750,1919,1349.2969,0.00,1,0.00
6.424495,173.2324,-1348.593750,1919,1349.2969,0.00,1,0.00
6.425496,173.2324,-1348.593750,1919,1349.2969,0.00,1,0.00
6.433414,173.3203,-1348.505859,1919,1349.2969,0.00,1,0.00
6.434415,173.2324,-1348.593750,1919,1349.2969,0.00,1,0.00
6.435416,173.2324,-1348.593750,1919,1349.2969,0.00,1,0.00
6.436417,173.2324,-1348.593750,1919,1349.2969,0.00,1,0.00
6.437418,173.2324,-1348.593750,1919,1349.2969,0.00,1,0.00
6.438419,173.2324,-1348.593750,1919,1349.2969,0.00,1,0.00
6.439420,173.2324,-1348.593750,1919,1349.2969,0.00,1,0.00
6.440420,173.2324,-1348.593750,1919,1349.2969,0.00,1,0.00
6.441421,173.2324,-1348.593750,1919,1349.2969,0.00,1,0.00
6.442422,173.1445,-1348.681641,1919,1349.2969,0.00,1,0.00
6.443423,173.2324,-1348.593750,1919,1349.2969,0.00,1,0.00
6.444423,173.2324,-1348.593750,1919,1349.2969,0.00,1,0.00
6.445424,173.3203,-1348.505859,1919,1349.2969,0.00,1,0.00
6.446425,173.3203,-1348.505859,1919,1349.2969,0.00,1,0.00
6.447426,173.3203,-1348.505859,1919,1349.2969,0.00,1,0.00
6.448427,173.3203,-1348.505859,1919,1349.2969,0.00,1,0.00
6.449428,173.3203,-1348.505859,1919,1349.2969,0.00,1,0.00
6.450429,173.2324,-1348.593750,1919,1349.2969,0.00,1,0.00
6.451430,173.2324,-1348.593750,1919,1349.2969,0.00,1,0.00
6.452431,173.3203,-1348.505859,1919,1349.2969,0.00,1,0.00
6.453432,173.2324,-1348.593750,1919,1349.2969,0.00,1,0.00
6.454433,173.2324,-1348.593750,1919,1349.2969,0.00,1,0.00
6.455434,173.2324,-1348.593750,1919,1349.2969,0.00,1,0.00
6.456435,173.2324,-1348.593750,1919,1349.2969,0.00,1,0.00
6.457436,173.2324,-1348.593750,1919,1349.2969,0.00,1,0.00
6.458437,173.2324,-1348.593750,1919,1349.2969,0.00,1,0.00
6.459438,173.2324,-1348.593750,1919,1349.2969,0.00,1,0.00
6.460439,173.1445,-1348.681641,1919,1349.2969,0.00,1,0.00
6.461440,173.1445,-1348.681641,1919,1349.2969,0.00,1,0.00
6.462441,173.2324,-1348.593750,1919,1349.2969,0.00,1,0.00
6.463442,173.2324,-1348.593750,1919,1349.2969,0.00,1,0.00
6.464443,173.2324,-1348.593750,1919,1349.2969,0.00,1,0.00
6.465444,173.3203,-1348.505859,1919,1349.2969,0.00,1,0.00
6.466445,173.3203,-1348.505859,1919,1349.2969,0.00,1,0.00
6.467446,173.2324,-1348.593750,1919,1349.2969,0.00,1,0.00
6.468447,173.2324,-1348.593750,1919,1349.2969,0.00,1,0.00
6.469448,173.2324,-1348.593750,1919,1349.2969,0.00,1,0.00
6.470449,173.2324,-1348.593750,1919,1349.2969,0.00,1,0.00
6.471450,173.2324,-1348.593750,1919,1349.2969,0.00,1,0.00
6.472451,173.2324,-1348.593750,1919,1349.2969,0.00,1,0.00
6.473452,173.2324,-1348.593750,1919,1349.2969,0.00,1,0.00
6.474453,173.2324,-1348.593750,1919,1349.2969,0.00,1,0.00
6.475454,173.2324,-1348.593750,1919,1349.2969,0.00,1,0.00
6.476455,173.2324,-1348.593750,1919,1349.2969,0.00,1,0.00
6.477456,173.3203,-1348.505859,1919,1349.2969,0.00,1,0.00
6.478457,173.2324,-1348.593750,1919,1349.2969,0.00,1,0.00
6.479458,173.2324,-1348.593750,1919,1349.2969,0.00,1,0.00
6.480459,173.2324,-1348.593750,1919,1349.2969,0.00,1,0.00
6.481460,173.2324,-1348.593750,1919,1349.2969,0.00,1,0.00
6.482461,173.2324,-1348.593750,1919,1349.2969,0.00,1,0.00
6.489724,173.2324,-1348.593750,1919,1349.2969,0.00,1,0.00
6.490725,173.2324,-1348.593750,1919,1349.2969,0.00,1,0.00
6.491726,173.2324,-1348.593750,1919,1349.2969,0.00,1,0.00
6.492727,173.2324,-1348.593750,1919,1349.2969,0.00,1,0.00
6.493727,173.3203,-1348.505859,1919,1349.2969,0.00,1,0.00
6.494728,173.3203,-1348.505859,1919,1349.2969,0.00,1,0.00
6.495729,173.3203,-1348.505859,1919,1349.2969,0.00,1,0.00
6.496730,173.3203,-1348.505859,1919,1349.2969,0.00,1,0.00
6.497731,173.2324,-1348.593750,1919,1349.2969,0.00,1,0.00
6.498732,173.2324,-1348.593750,1919,1349.2969,0.00,1,0.00
6.499733,173.1445,-1348.681641,1919,1349.2969,0.00,1,0.00
6.500734,173.1445,-1348.681641,1919,1349.2969,0.00,1,0.00
6.501735,173.2324,-1348.593750,1919,1349.2969,0.00,1,0.00
6.502736,173.2324,-1348.593750,1919,1349.2969,0.00,1,0.00
6.503737,173.3203,-1348.505859,1919,1349.2969,0.00,1,0.00
6.504738,173.2324,-1348.593750,1919,1349.2969,0.00,1,0.00
6.505739,173.2324,-1348.593750,1919,1349.2969,0.00,1,0.00
6.506740,173.2324,-1348.593750,1919,1349.2969,0.00,1,0.00
6.507741,173.2324,-1348.593750,1919,1349.2969,0.00,1,0.00
6.508742,173.2324,-1348.593750,1919,1349.2969,0.00,1,0.00
6.509743,173.2324,-1348.593750,1919,1349.2969,0.00,1,0.00
6.510744,173.3203,-1348.505859,1919,1349.2969,0.00,1,0.00
6.511745,173.2324,-1348.593750,1919,1349.2969,0.00,1,0.00
6.512746,173.2324,-1348.593750,1919,1349.2969,0.00,1,0.00
6.513747,173.2324,-1348.593750,1919,1349.2969,0.00,1,0.00
6.514748,173.2324,-1348.593750,1919,1349.2969,0.00,1,0.00
6.515749,173.2324,-1348.593750,1919,1349.2969,0.00,1,0.00
6.516750,173.2324,-1348.593750,1919,1349.2969,0.00,1,0.00
6.517751,173.2324,-1348.593750,1919,1349.2969,0.00,1,0.00
6.518752,173.2324,-1348.593750,1919,1349.2969,0.00,1,0.00
6.519753,173.3203,-1348.505859,1919,1349.2969,0.00,1,0.00
6.520754,173.3203,-1348.505859,1919,1349.2969,0.00,1,0.00
6.521755,173.3203,-1348.505859,1919,1349.2969,0.00,1,0.00
6.522756,173.3203,-1348.505859,1919,1349.2969,0.00,1,0.00
6.523757,173.2324,-1348.593750,1919,1349.2969,0.00,1,0.00
6.524758,173.2324,-1348.593750,1919,1349.2969,0.00,1,0.00
6.525759,173.2324,-1348.593750,1919,1349.2969,0.00,1,0.00
6.526760,173.2324,-1348.593750,1919,1349.2969,0.00,1,0.00
6.527761,173.2324,-1348.593750,1919,1349.2969,0.00,1,0.00
6.528762,173.2324,-1348.593750,1919,1349.2969,0.00,1,0.00
6.529763,173.2324,-1348.593750,1919,1349.2969,0.00,1,0.00
6.530764,173.2324,-1348.593750,1919,1349.2969,0.00,1,0.00
6.531765,173.3203,-1348.505859,1919,1349.2969,0.00,1,0.00
6.532766,173.3203,-1348.505859,1919,1349.2969,0.00,1,0.00
6.533767,173.2324,-1348.593750,1919,1349.2969,0.00,1,0.00
6.534767,173.2324,-1348.593750,1919,1349.2969,0.00,1,0.00
6.535768,173.1445,-1348.681641,1919,1349.2969,0.00,1,0.00
6.536769,173.2324,-1348.593750,1919,1349.2969,0.00,1,0.00
6.537770,173.2324,-1348.593750,1919,1349.2969,0.00,1,0.00
6.538770,173.2324,-1348.593750,1919,1349.2969,0.00,1,0.00
6.546035,173.2324,-1348.593750,1919,1349.2969,0.00,1,0.00
6.547035,173.2324,-1348.593750,1919,1349.2969,0.00,1,0.00
6.548036,173.2324,-1348.593750,1919,1349.2969,0.00,1,0.00
6.549037,173.2324,-1348.593750,1919,1349.2969,0.00,1,0.00
6.550038,173.3203,-1348.505859,1919,1349.2969,0.00,1,0.00
6.551039,173.3203,-1348.505859,1919,1349.2969,0.00,1,0.00
6.552040,173.3203,-1348.505859,1919,1349.2969,0.00,1,0.00
6.553041,173.2324,-1348.593750,1919,1349.2969,0.00,1,0.00
6.554042,173.2324,-1348.593750,1919,1349.2969,0.00,1,0.00
6.555043,173.2324,-1348.593750,1919,1349.2969,0.00,1,0.00
6.556044,173.2324,-1348.593750,1919,1349.2969,0.00,1,0.00
6.557045,173.2324,-1348.593750,1919,1349.2969,0.00,1,0.00
6.558046,173.2324,-1348.593750,1919,1349.2969,0.00,1,0.00
6.559047,173.2324,-1348.593750,1919,1349.2969,0.00,1,0.00
6.560047,173.2324,-1348.593750,1919,1349.2969,0.00,1,0.00
6.561048,173.2324,-1348.593750,1919,1349.2969,0.00,1,0.00
6.562049,173.2324,-1348.593750,1919,1349.2969,0.00,1,0.00
6.563050,173.3203,-1348.505859,1919,1349.2969,0.00,1,0.00
6.564050,173.3203,-1348.505859,1919,1349.2969,0.00,1,0.00
6.565051,173.3203,-1348.505859,1919,1349.2969,0.00,1,0.00
6.566052,173.3203,-1348.505859,1919,1349.2969,0.00,1,0.00
6.567053,173.3203,-1348.505859,1919,1349.2969,0.00,1,0.00
6.568054,173.2324,-1348.593750,1919,1349.2969,0.00,1,0.00
6.569055,173.3203,-1348.505859,1919,1349.2969,0.00,1,0.00
6.570056,173.3203,-1348.505859,1919,1349.2969,0.00,1,0.00
6.571057,173.2324,-1348.593750,1919,1349.2969,0.00,1,0.00
6.572058,173.2324,-1348.593750,1919,1349.2969,0.00,1,0.00
6.573059,173.2324,-1348.593750,1919,1349.2969,0.00,1,0.00
6.574060,173.2324,-1348.593750,1919,1349.2969,0.00,1,0.00
6.575061,173.2324,-1348.593750,1919,1349.2969,0.00,1,0.00
6.576062,173.2324,-1348.593750,1919,1349.2969,0.00,1,0.00
6.577063,173.2324,-1348.593750,1919,1349.2969,0.00,1,0.00
6.578064,173.1445,-1348.681641,1919,1349.2969,0.00,1,0.00
6.579065,173.2324,-1348.593750,1919,1349.2969,0.00,1,0.00
6.580066,173.3203,-1348.505859,1919,1349.2969,0.00,1,0.00
6.581067,173.3203,-1348.505859,1919,1349.2969,0.00,1,0.00
6.582068,173.3203,-1348.505859,1919,1349.2969,0.00,1,0.00
6.583069,173.3203,-1348.505859,1919,1349.2969,0.00,1,0.00
6.584070,173.2324,-1348.593750,1919,1349.2969,0.00,1,0.00
6.585071,173.2324,-1348.593750,1919,1349.2969,0.00,1,0.00
6.586072,173.3203,-1348.505859,1919,1349.2969,0.00,1,0.00
6.587073,173.2324,-1348.593750,1919,1349.2969,0.00,1,0.00
6.588074,173.2324,-1348.593750,1919,1349.2969,0.00,1,0.00
6.589075,173.2324,-1348.593750,1919,1349.2969,0.00,1,0.00
6.590076,173.2324,-1348.593750,1919,1349.2969,0.00,1,0.00
6.591077,173.2324,-1348.593750,1919,1349.2969,0.00,1,0.00
6.592078,173.3203,-1348.505859,1919,1349.2969,0.00,1,0.00
6.593079,173.3203,-1348.505859,1919,1349.2969,0.00,1,0.00
6.594080,173.2324,-1348.593750,1919,1349.2969,0.00,1,0.00
6.595081,173.2324,-1348.593750,1919,1349.2969,0.00,1,0.00
6.602369,173.2324,-1348.593750,1919,1349.2969,0.00,1,0.00
6.603370,173.2324,-1348.593750,1919,1349.2969,0.00,1,0.00
6.604371,173.2324,-1348.593750,1919,1349.2969,0.00,1,0.00
6.605372,173.2324,-1348.593750,1919,1349.2969,0.00,1,0.00
6.606373,173.2324,-1348.593750,1919,1349.2969,0.00,1,0.00
6.607374,173.2324,-1348.593750,1919,1349.2969,0.00,1,0.00
6.608375,173.2324,-1348.593750,1919,1349.2969,0.00,1,0.00
6.609376,173.2324,-1348.593750,1919,1349.2969,0.00,1,0.00
6.610377,173.2324,-1348.593750,1919,1349.2969,0.00,1,0.00
6.611378,173.2324,-1348.593750,1919,1349.2969,0.00,1,0.00
6.612379,173.2324,-1348.593750,1919,1349.2969,0.00,1,0.00
6.613380,173.2324,-1348.593750,1919,1349.2969,0.00,1,0.00
6.614381,173.2324,-1348.593750,1919,1349.2969,0.00,1,0.00
6.615382,173.1445,-1348.681641,1919,1349.2969,0.00,1,0.00
6.616383,173.2324,-1348.593750,1919,1349.2969,0.00,1,0.00
6.617384,173.2324,-1348.593750,1919,1349.2969,0.00,1,0.00
6.618385,173.2324,-1348.593750,1919,1349.2969,0.00,1,0.00
6.619386,173.2324,-1348.593750,1919,1349.2969,0.00,1,0.00
6.620387,173.2324,-1348.593750,1919,1349.2969,0.00,1,0.00
6.621388,173.2324,-1348.593750,1919,1349.2969,0.00,1,0.00
6.622389,173.2324,-1348.593750,1919,1349.2969,0.00,1,0.00
6.623390,173.2324,-1348.593750,1919,1349.2969,0.00,1,0.00
6.624391,173.2324,-1348.593750,1919,1349.2969,0.00,1,0.00
6.625392,173.2324,-1348.593750,1919,1349.2969,0.00,1,0.00
6.626393,173.2324,-1348.593750,1919,1349.2969,0.00,1,0.00
6.627394,173.2324,-1348.593750,1919,1349.2969,0.00,1,0.00
6.628395,173.2324,-1348.593750,1919,1349.2969,0.00,1,0.00
6.629396,173.2324,-1348.593750,1919,1349.2969,0.00,1,0.00
6.630397,173.2324,-1348.593750,1919,1349.2969,0.00,1,0.00
6.631398,173.3203,-1348.505859,1919,1349.2969,0.00,1,0.00
6.632399,173.2324,-1348.593750,1919,1349.2969,0.00,1,0.00
6.633400,173.2324,-1348.593750,1919,1349.2969,0.00,1,0.00
6.634401,173.3203,-1348.505859,1919,1349.2969,0.00,1,0.00
6.635402,173.3203,-1348.505859,1919,1349.2969,0.00,1,0.00
6.636403,173.2324,-1348.593750,1919,1349.2969,0.00,1,0.00
6.637404,173.2324,-1348.593750,1919,1349.2969,0.00,1,0.00
6.638405,173.2324,-1348.593750,1919,1349.2969,0.00,1,0.00
6.639406,173.2324,-1348.593750,1919,1349.2969,0.00,1,0.00
6.640407,173.3203,-1348.505859,1919,1349.2969,0.00,1,0.00
6.641408,173.3203,-1348.505859,1919,1349.2969,0.00,1,0.00
6.642409,173.2324,-1348.593750,1919,1349.2969,0.00,1,0.00
6.643410,173.1445,-1348.681641,1919,1349.2969,0.00,1,0.00
6.644411,173.2324,-1348.593750,1919,1349.2969,0.00,1,0.00
6.645412,173.2324,-1348.593750,1919,1349.2969,0.00,1,0.00
6.646413,173.2324,-1348.593750,1919,1349.2969,0.00,1,0.00
6.647414,173.2324,-1348.593750,1919,1349.2969,0.00,1,0.00
6.648415,173.2324,-1348.593750,1919,1349.2969,0.00,1,0.00
6.649416,173.2324,-1348.593750,1919,1349.2969,0.00,1,0.00
6.650417,173.2324,-1348.593750,1919,1349.2969,0.00,1,0.00
6.651418,173.2324,-1348.593750,1919,1349.2969,0.00,1,0.00
6.658750,173.3203,-1348.505859,1919,1349.2969,0.00,1,0.00
6.659751,173.2324,-1348.593750,1919,1349.2969,0.00,1,0.00
6.660752,173.2324,-1348.593750,1919,1349.2969,0.00,1,0.00
6.661753,173.2324,-1348.593750,1919,1349.2969,0.00,1,0.00
6.662754,173.2324,-1348.593750,1919,1349.2969,0.00,1,0.00
6.663755,173.2324,-1348.593750,1919,1349.2969,0.00,1,0.00
6.664756,173.3203,-1348.505859,1919,1349.2969,0.00,1,0.00
6.665757,173.2324,-1348.593750,1919,1349.2969,0.00,1,0.00
6.666758,173.2324,-1348.593750,1919,1349.2969,0.00,1,0.00
6.667759,173.2324,-1348.593750,1919,1349.2969,0.00,1,0.00
6.668760,173.2324,-1348.593750,1919,1349.2969,0.00,1,0.00
6.669761,173.3203,-1348.505859,1919,1349.2969,0.00,1,0.00
6.670762,173.2324,-1348.593750,1919,1349.2969,0.00,1,0.00
6.671763,173.2324,-1348.593750,1919,1349.2969,0.00,1,0.00
6.672764,173.2324,-1348.593750,1919,1349.2969,0.00,1,0.00
6.673765,173.2324,-1348.593750,1919,1349.2969,0.00,1,0.00
6.674766,173.2324,-1348.593750,1919,1349.2969,0.00,1,0.00
6.675767,173.2324,-1348.593750,1919,1349.2969,0.00,1,0.00
6.676768,173.2324,-1348.593750,1919,1349.2969,0.00,1,0.00
6.677769,173.2324,-1348.593750,1919,1349.2969,0.00,1,0.00
6.678770,173.2324,-1348.593750,1919,1349.2969,0.00,1,0.00
6.679771,173.2324,-1348.593750,1919,1349.2969,0.00,1,0.00
6.680772,173.2324,-1348.593750,1919,1349.2969,0.00,1,0.00
6.681773,173.2324,-1348.593750,1919,1349.2969,0.00,1,0.00
6.682774,173.3203,-1348.505859,1919,1349.2969,0.00,1,0.00
6.683775,173.2324,-1348.593750,1919,1349.2969,0.00,1,0.00
6.684776,173.2324,-1348.593750,1919,1349.2969,0.00,1,0.00
6.685777,173.2324,-1348.593750,1919,1349.2969,0.00,1,0.00
6.686778,173.3203,-1348.505859,1919,1349.2969,0.00,1,0.00
6.687779,173.2324,-1348.593750,1919,1349.2969,0.00,1,0.00
6.688780,173.2324,-1348.593750,1919,1349.2969,0.00,1,0.00
6.689781,173.1445,-1348.681641,1919,1349.2969,0.00,1,0.00
6.690782,173.2324,-1348.593750,1919,1349.2969,0.00,1,0.00
6.691783,173.3203,-1348.505859,1919,1349.2969,0.00,1,0.00
6.692784,173.3203,-1348.505859,1919,1349.2969,0.00,1,0.00
6.693785,173.2324,-1348.593750,1919,1349.2969,0.00,1,0.00
6.694786,173.2324,-1348.593750,1919,1349.2969,0.00,1,0.00
6.695787,173.2324,-1348.593750,1919,1349.2969,0.00,1,0.00
6.696788,173.2324,-1348.593750,1919,1349.2969,0.00,1,0.00
6.697789,173.2324,-1348.593750,1919,1349.2969,0.00,1,0.00
6.698790,173.2324,-1348.593750,1919,1349.2969,0.00,1,0.00
6.699791,173.3203,-1348.505859,1919,1349.2969,0.00,1,0.00
6.700792,173.2324,-1348.593750,1919,1349.2969,0.00,1,0.00
6.701793,173.1445,-1348.681641,1919,1349.2969,0.00,1,0.00
6.702794,173.2324,-1348.593750,1919,1349.2969,0.00,1,0.00
6.703795,173.2324,-1348.593750,1919,1349.2969,0.00,1,0.00
6.704796,173.2324,-1348.593750,1919,1349.2969,0.00,1,0.00
6.705797,173.2324,-1348.593750,1919,1349.2969,0.00,1,0.00
6.706798,173.2324,-1348.593750,1919,1349.2969,0.00,1,0.00
6.707799,173.2324,-1348.593750,1919,1349.2969,0.00,1,0.00
6.715114,173.2324,-1348.593750,1919,1349.2969,0.00,1,0.00
6.716115,173.2324,-1348.593750,1919,1349.2969,0.00,1,0.00
6.717116,173.2324,-1348.593750,1919,1349.2969,0.00,1,0.00
6.718117,173.2324,-1348.593750,1919,1349.2969,0.00,1,0.00
6.719117,173.2324,-1348.593750,1919,1349.2969,0.00,1,0.00
6.720118,173.2324,-1348.593750,1919,1349.2969,0.00,1,0.00
6.721119,173.2324,-1348.593750,1919,1349.2969,0.00,1,0.00
6.722120,173.2324,-1348.593750,1919,1349.2969,0.00,1,0.00
6.723120,173.2324,-1348.593750,1919,1349.2969,0.00,1,0.00
6.724121,173.3203,-1348.505859,1919,1349.2969,0.00,1,0.00
6.725122,173.2324,-1348.593750,1919,1349.2969,0.00,1,0.00
6.726123,173.2324,-1348.593750,1919,1349.2969,0.00,1,0.00
6.727124,173.2324,-1348.593750,1919,1349.2969,0.00,1,0.00
6.728125,173.2324,-1348.593750,1919,1349.2969,0.00,1,0.00
6.729126,173.3203,-1348.505859,1919,1349.2969,0.00,1,0.00
6.730127,173.2324,-1348.593750,1919,1349.2969,0.00,1,0.00
6.731128,173.2324,-1348.593750,1919,1349.2969,0.00,1,0.00
6.732129,173.3203,-1348.505859,1919,1349.2969,0.00,1,0.00
6.733130,173.2324,-1348.593750,1919,1349.2969,0.00,1,0.00
6.734131,173.2324,-1348.593750,1919,1349.2969,0.00,1,0.00
6.735132,173.2324,-1348.593750,1919,1349.2969,0.00,1,0.00
6.736133,173.2324,-1348.593750,1919,1349.2969,0.00,1,0.00
6.737134,173.2324,-1348.593750,1919,1349.2969,0.00,1,0.00
6.738135,173.2324,-1348.593750,1919,1349.2969,0.00,1,0.00
6.739136,173.2324,-1348.593750,1919,1349.2969,0.00,1,0.00
6.740137,173.2324,-1348.593750,1919,1349.2969,0.00,1,0.00
6.741138,173.3203,-1348.505859,1919,1349.2969,0.00,1,0.00
6.742139,173.2324,-1348.593750,1919,1349.2969,0.00,1,0.00
6.743140,173.2324,-1348.593750,1919,1349.2969,0.00,1,0.00
6.744141,173.2324,-1348.593750,1919,1349.2969,0.00,1,0.00
6.745142,173.3203,-1348.505859,1919,1349.2969,0.00,1,0.00
6.746143,173.2324,-1348.593750,1919,1349.2969,0.00,1,0.00
6.747144,173.2324,-1348.593750,1919,1349.2969,0.00,1,0.00
6.748144,173.2324,-1348.593750,1919,1349.2969,0.00,1,0.00
6.749145,173.2324,-1348.593750,1919,1349.2969,0.00,1,0.00
6.750146,173.2324,-1348.593750,1919,1349.2969,0.00,1,0.00
6.751147,173.2324,-1348.593750,1919,1349.2969,0.00,1,0.00
6.752147,173.2324,-1348.593750,1919,1349.2969,0.00,1,0.00
6.753148,173.3203,-1348.505859,1919,1349.2969,0.00,1,0.00
6.754149,173.2324,-1348.593750,1919,1349.2969,0.00,1,0.00
6.755150,173.1445,-1348.681641,1919,1349.2969,0.00,1,0.00
6.756151,173.1445,-1348.681641,1919,1349.2969,0.00,1,0.00
6.757152,173.2324,-1348.593750,1919,1349.2969,0.00,1,0.00
6.758153,173.3203,-1348.505859,1919,1349.2969,0.00,1,0.00
6.759154,173.3203,-1348.505859,1919,1349.2969,0.00,1,0.00
6.760155,173.2324,-1348.593750,1919,1349.2969,0.00,1,0.00
6.761156,173.2324,-1348.593750,1919,1349.2969,0.00,1,0.00
6.762157,173.2324,-1348.593750,1919,1349.2969,0.00,1,0.00
6.763158,173.2324,-1348.593750,1919,1349.2969,0.00,1,0.00
6.764159,173.2324,-1348.593750,1919,1349.2969,0.00,1,0.00
6.771926,173.2324,-1348.593750,1919,1349.2969,0.00,1,0.00
6.772927,173.2324,-1348.593750,1919,1349.2969,0.00,1,0.00
6.773927,173.2324,-1348.593750,1919,1349.2969,0.00,1,0.00
6.774928,173.2324,-1348.593750,1919,1349.2969,0.00,1,0.00
6.775929,173.2324,-1348.593750,1919,1349.2969,0.00,1,0.00
6.776930,173.2324,-1348.593750,1919,1349.2969,0.00,1,0.00
6.777931,173.2324,-1348.593750,1919,1349.2969,0.00,1,0.00
6.778932,173.2324,-1348.593750,1919,1349.2969,0.00,1,0.00
6.779933,173.3203,-1348.505859,1919,1349.2969,0.00,1,0.00
6.780934,173.3203,-1348.505859,1919,1349.2969,0.00,1,0.00
6.781935,173.2324,-1348.593750,1919,1349.2969,0.00,1,0.00
6.782936,173.2324,-1348.593750,1919,1349.2969,0.00,1,0.00
6.783937,173.3203,-1348.505859,1919,1349.2969,0.00,1,0.00
6.784938,173.2324,-1348.593750,1919,1349.2969,0.00,1,0.00
6.785939,173.2324,-1348.593750,1919,1349.2969,0.00,1,0.00
6.786940,173.2324,-1348.593750,1919,1349.2969,0.00,1,0.00
6.787941,173.2324,-1348.593750,1919,1349.2969,0.00,1,0.00
6.788942,173.3203,-1348.505859,1919,1349.2969,0.00,1,0.00
6.789943,173.2324,-1348.593750,1919,1349.2969,0.00,1,0.00
6.790944,173.2324,-1348.593750,1919,1349.2969,0.00,1,0.00
6.791945,173.2324,-1348.593750,1919,1349.2969,0.00,1,0.00
6.792946,173.2324,-1348.593750,1919,1349.2969,0.00,1,0.00
6.793947,173.2324,-1348.593750,1919,1349.2969,0.00,1,0.00
6.794948,173.3203,-1348.505859,1919,1349.2969,0.00,1,0.00
6.795949,173.2324,-1348.593750,1919,1349.2969,0.00,1,0.00
6.796950,173.2324,-1348.593750,1919,1349.2969,0.00,1,0.00
6.797951,173.2324,-1348.593750,1919,1349.2969,0.00,1,0.00
6.798951,173.3203,-1348.505859,1919,1349.2969,0.00,1,0.00
6.799952,173.2324,-1348.593750,1919,1349.2969,0.00,1,0.00
6.800953,173.2324,-1348.593750,1919,1349.2969,0.00,1,0.00
6.801954,173.2324,-1348.593750,1919,1349.2969,0.00,1,0.00
6.802954,173.3203,-1348.505859,1919,1349.2969,0.00,1,0.00
6.803955,173.2324,-1348.593750,1919,1349.2969,0.00,1,0.00
6.804956,173.1445,-1348.681641,1919,1349.2969,0.00,1,0.00
6.805957,173.2324,-1348.593750,1919,1349.2969,0.00,1,0.00
6.806958,173.2324,-1348.593750,1919,1349.2969,0.00,1,0.00
6.807959,173.2324,-1348.593750,1919,1349.2969,0.00,1,0.00
6.808960,173.2324,-1348.593750,1919,1349.2969,0.00,1,0.00
6.809961,173.2324,-1348.593750,1919,1349.2969,0.00,1,0.00
6.810962,173.2324,-1348.593750,1919,1349.2969,0.00,1,0.00
6.811963,173.2324,-1348.593750,1919,1349.2969,0.00,1,0.00
6.812964,173.2324,-1348.593750,1919,1349.2969,0.00,1,0.00
6.813965,173.1445,-1348.681641,1919,1349.2969,0.00,1,0.00
6.814966,173.2324,-1348.593750,1919,1349.2969,0.00,1,0.00
6.815967,173.2324,-1348.593750,1919,1349.2969,0.00,1,0.00
6.816968,173.2324,-1348.593750,1919,1349.2969,0.00,1,0.00
6.817969,173.1445,-1348.681641,1919,1349.2969,0.00,1,0.00
6.819595,173.3203,-1348.505859,1919,1349.2969,0.00,1,0.00
6.820596,173.3203,-1348.505859,1919,1349.2969,0.00,1,0.00
6.821597,173.2324,-1348.593750,1919,1349.2969,0.00,1,0.00
6.828890,173.2324,-1348.593750,1919,1349.2969,0.00,1,0.00
6.829891,173.2324,-1348.593750,1919,1349.2969,0.00,1,0.00
6.830892,173.2324,-1348.593750,1919,1349.2969,0.00,1,0.00
6.831893,173.2324,-1348.593750,1919,1349.2969,0.00,1,0.00
6.832894,173.2324,-1348.593750,1919,1349.2969,0.00,1,0.00
6.833895,173.3203,-1348.505859,1919,1349.2969,0.00,1,0.00
6.834896,173.2324,-1348.593750,1919,1349.2969,0.00,1,0.00
6.835897,173.1445,-1348.681641,1919,1349.2969,0.00,1,0.00
6.836898,173.1445,-1348.681641,1919,1349.2969,0.00,1,0.00
6.837899,173.2324,-1348.593750,1919,1349.2969,0.00,1,0.00
6.838900,173.2324,-1348.593750,1919,1349.2969,0.00,1,0.00
6.839901,173.2324,-1348.593750,1919,1349.2969,0.00,1,0.00
6.840902,173.3203,-1348.505859,1919,1349.2969,0.00,1,0.00
6.841903,173.3203,-1348.505859,1919,1349.2969,0.00,1,0.00
6.842904,173.2324,-1348.593750,1919,1349.2969,0.00,1,0.00
6.843905,173.2324,-1348.593750,1919,1349.2969,0.00,1,0.00
6.844906,173.2324,-1348.593750,1919,1349.2969,0.00,1,0.00
6.845907,173.2324,-1348.593750,1919,1349.2969,0.00,1,0.00
6.846908,173.3203,-1348.505859,1919,1349.2969,0.00,1,0.00
6.847909,173.3203,-1348.505859,1919,1349.2969,0.00,1,0.00
6.848910,173.3203,-1348.505859,1919,1349.2969,0.00,1,0.00
6.849911,173.2324,-1348.593750,1919,1349.2969,0.00,1,0.00
6.850912,173.2324,-1348.593750,1919,1349.2969,0.00,1,0.00
6.851913,173.2324,-1348.593750,1919,1349.2969,0.00,1,0.00
6.852914,173.2324,-1348.593750,1919,1349.2969,0.00,1,0.00
6.853915,173.2324,-1348.593750,1919,1349.2969,0.00,1,0.00
6.854916,173.3203,-1348.505859,1919,1349.2969,0.00,1,0.00
6.855917,173.3203,-1348.505859,1919,1349.2969,0.00,1,0.00
6.856918,173.3203,-1348.505859,1919,1349.2969,0.00,1,0.00
6.857919,173.2324,-1348.593750,1919,1349.2969,0.00,1,0.00
6.858920,173.2324,-1348.593750,1919,1349.2969,0.00,1,0.00
6.859921,173.2324,-1348.593750,1919,1349.2969,0.00,1,0.00
6.860922,173.2324,-1348.593750,1919,1349.2969,0.00,1,0.00
6.861923,173.2324,-1348.593750,1919,1349.2969,0.00,1,0.00
6.862924,173.2324,-1348.593750,1919,1349.2969,0.00,1,0.00
6.863925,173.2324,-1348.593750,1919,1349.2969,0.00,1,0.00
6.864926,173.2324,-1348.593750,1919,1349.2969,0.00,1,0.00
6.865927,173.3203,-1348.505859,1919,1349.2969,0.00,1,0.00
6.866928,173.2324,-1348.593750,1919,1349.2969,0.00,1,0.00
6.867929,173.2324,-1348.593750,1919,1349.2969,0.00,1,0.00
6.868930,173.2324,-1348.593750,1919,1349.2969,0.00,1,0.00
6.869931,173.2324,-1348.593750,1919,1349.2969,0.00,1,0.00
6.870932,173.2324,-1348.593750,1919,1349.2969,0.00,1,0.00
6.871933,173.2324,-1348.593750,1919,1349.2969,0.00,1,0.00
6.872934,173.2324,-1348.593750,1919,1349.2969,0.00,1,0.00
6.873935,173.2324,-1348.593750,1919,1349.2969,0.00,1,0.00
6.874935,173.3203,-1348.505859,1919,1349.2969,0.00,1,0.00
6.875936,173.3203,-1348.505859,1919,1349.2969,0.00,1,0.00
6.876937,173.2324,-1348.593750,1919,1349.2969,0.00,1,0.00
6.877938,173.2324,-1348.593750,1919,1349.2969,0.00,1,0.00
6.885254,173.2324,-1348.593750,1919,1349.2969,0.00,1,0.00
6.886255,173.2324,-1348.593750,1919,1349.2969,0.00,1,0.00
6.887255,173.2324,-1348.593750,1919,1349.2969,0.00,1,0.00
6.888256,173.2324,-1348.593750,1919,1349.2969,0.00,1,0.00
6.889257,173.2324,-1348.593750,1919,1349.2969,0.00,1,0.00
6.890258,173.2324,-1348.593750,1919,1349.2969,0.00,1,0.00
6.891259,173.2324,-1348.593750,1919,1349.2969,0.00,1,0.00
6.892260,173.2324,-1348.593750,1919,1349.2969,0.00,1,0.00
6.897988,173.2324,-1348.593750,1919,1349.2969,0.00,1,0.00
6.898989,173.2324,-1348.593750,1919,1349.2969,0.00,1,0.00
6.899990,173.2324,-1348.593750,1919,1349.2969,0.00,1,0.00
6.900991,173.3203,-1348.505859,1919,1349.2969,0.00,1,0.00
6.901992,173.2324,-1348.593750,1919,1349.2969,0.00,1,0.00
6.902993,173.1445,-1348.681641,1919,1349.2969,0.00,1,0.00
6.903994,173.2324,-1348.593750,1919,1349.2969,0.00,1,0.00
6.904995,173.2324,-1348.593750,1919,1349.2969,0.00,1,0.00
6.905996,173.3203,-1348.505859,1919,1349.2969,0.00,1,0.00
6.906997,173.2324,-1348.593750,1919,1349.2969,0.00,1,0.00
6.907998,173.2324,-1348.593750,1919,1349.2969,0.00,1,0.00
6.908999,173.2324,-1348.593750,1919,1349.2969,0.00,1,0.00
6.910000,173.3203,-1348.505859,1919,1349.2969,0.00,1,0.00
6.911001,173.2324,-1348.593750,1919,1349.2969,0.00,1,0.00
6.912002,173.2324,-1348.593750,1919,1349.2969,0.00,1,0.00
6.913003,173.2324,-1348.593750,1919,1349.2969,0.00,1,0.00
6.914004,173.2324,-1348.593750,1919,1349.2969,0.00,1,0.00
6.915005,173.2324,-1348.593750,1919,1349.2969,0.00,1,0.00
6.916006,173.2324,-1348.593750,1919,1349.2969,0.00,1,0.00
6.917007,173.2324,-1348.593750,1919,1349.2969,0.00,1,0.00
6.918008,173.2324,-1348.593750,1919,1349.2969,0.00,1,0.00
6.919009,173.2324,-1348.593750,1919,1349.2969,0.00,1,0.00
6.920010,173.3203,-1348.505859,1919,1349.2969,0.00,1,0.00
6.921011,173.3203,-1348.505859,1919,1349.2969,0.00,1,0.00
6.922012,173.2324,-1348.593750,1919,1349.2969,0.00,1,0.00
6.923013,173.2324,-1348.593750,1919,1349.2969,0.00,1,0.00
6.924014,173.2324,-1348.593750,1919,1349.2969,0.00,1,0.00
6.925015,173.2324,-1348.593750,1919,1349.2969,0.00,1,0.00
6.926016,173.2324,-1348.593750,1919,1349.2969,0.00,1,0.00
6.927017,173.2324,-1348.593750,1919,1349.2969,0.00,1,0.00
6.928018,173.2324,-1348.593750,1919,1349.2969,0.00,1,0.00
6.929019,173.2324,-1348.593750,1919,1349.2969,0.00,1,0.00
6.930020,173.2324,-1348.593750,1919,1349.2969,0.00,1,0.00
6.931021,173.2324,-1348.593750,1919,1349.2969,0.00,1,0.00
6.932022,173.2324,-1348.593750,1919,1349.2969,0.00,1,0.00
6.941006,173.2324,-1348.593750,1919,1349.2969,0.00,1,0.00
6.942007,173.2324,-1348.593750,1919,1349.2969,0.00,1,0.00
6.943008,173.2324,-1348.593750,1919,1349.2969,0.00,1,0.00
6.944009,173.2324,-1348.593750,1919,1349.2969,0.00,1,0.00
6.945010,173.2324,-1348.593750,1919,1349.2969,0.00,1,0.00
6.946011,173.3203,-1348.505859,1919,1349.2969,0.00,1,0.00
6.947012,173.2324,-1348.593750,1919,1349.2969,0.00,1,0.00
6.954379,173.1445,-1348.681641,1919,1349.2969,0.00,1,0.00
6.955380,173.2324,-1348.593750,1919,1349.2969,0.00,1,0.00
6.956381,173.2324,-1348.593750,1919,1349.2969,0.00,1,0.00
6.957382,173.3203,-1348.505859,1919,1349.2969,0.00,1,0.00
6.958383,173.3203,-1348.505859,1919,1349.2969,0.00,1,0.00
6.959384,173.2324,-1348.593750,1919,1349.2969,0.00,1,0.00
6.960385,173.2324,-1348.593750,1919,1349.2969,0.00,1,0.00
6.961386,173.2324,-1348.593750,1919,1349.2969,0.00,1,0.00
6.962387,173.2324,-1348.593750,1919,1349.2969,0.00,1,0.00
6.963388,173.2324,-1348.593750,1919,1349.2969,0.00,1,0.00
6.964389,173.2324,-1348.593750,1919,1349.2969,0.00,1,0.00
6.965390,173.2324,-1348.593750,1919,1349.2969,0.00,1,0.00
6.966391,173.1445,-1348.681641,1919,1349.2969,0.00,1,0.00
6.967392,173.2324,-1348.593750,1919,1349.2969,0.00,1,0.00
6.968393,173.2324,-1348.593750,1919,1349.2969,0.00,1,0.00
6.969394,173.2324,-1348.593750,1919,1349.2969,0.00,1,0.00
6.970395,173.2324,-1348.593750,1919,1349.2969,0.00,1,0.00
6.971396,173.2324,-1348.593750,1919,1349.2969,0.00,1,0.00
6.972397,173.2324,-1348.593750,1919,1349.2969,0.00,1,0.00
6.973398,173.2324,-1348.593750,1919,1349.2969,0.00,1,0.00
6.974399,173.2324,-1348.593750,1919,1349.2969,0.00,1,0.00
6.975400,173.2324,-1348.593750,1919,1349.2969,0.00,1,0.00
6.976401,173.1445,-1348.681641,1919,1349.2969,0.00,1,0.00
6.977402,173.1445,-1348.681641,1919,1349.2969,0.00,1,0.00
6.978403,173.2324,-1348.593750,1919,1349.2969,0.00,1,0.00
6.979404,173.3203,-1348.505859,1919,1349.2969,0.00,1,0.00
6.980405,173.2324,-1348.593750,1919,1349.2969,0.00,1,0.00
6.982298,173.2324,-1348.593750,1919,1349.2969,0.00,1,0.00
6.983299,173.2324,-1348.593750,1919,1349.2969,0.00,1,0.00
6.984299,173.3203,-1348.505859,1919,1349.2969,0.00,1,0.00
6.985300,173.2324,-1348.593750,1919,1349.2969,0.00,1,0.00
6.986301,173.2324,-1348.593750,1919,1349.2969,0.00,1,0.00
6.987302,173.2324,-1348.593750,1919,1349.2969,0.00,1,0.00
6.988303,173.3203,-1348.505859,1919,1349.2969,0.00,1,0.00
6.989304,173.3203,-1348.505859,1919,1349.2969,0.00,1,0.00
6.990305,173.2324,-1348.593750,1919,1349.2969,0.00,1,0.00
6.991306,173.2324,-1348.593750,1919,1349.2969,0.00,1,0.00
6.992307,173.2324,-1348.593750,1919,1349.2969,0.00,1,0.00
6.993308,173.2324,-1348.593750,1919,1349.2969,0.00,1,0.00
6.994309,173.2324,-1348.593750,1919,1349.2969,0.00,1,0.00
6.995310,173.2324,-1348.593750,1919,1349.2969,0.00,1,0.00
6.996311,173.2324,-1348.593750,1919,1349.2969,0.00,1,0.00
6.997312,173.2324,-1348.593750,1919,1349.2969,0.00,1,0.00
6.998313,173.2324,-1348.593750,1919,1349.2969,0.00,1,0.00
6.999314,173.3203,-1348.505859,1919,1349.2969,0.00,1,0.00
7.000315,173.3203,-1348.505859,1919,1349.2969,0.00,1,0.00
7.001316,173.1445,-1348.681641,1919,1349.2969,0.00,1,0.00
7.002317,173.2324,-1348.593750,1919,1349.2969,0.00,1,0.00
7.003318,173.2324,-1348.593750,1919,1349.2969,0.00,1,0.00
7.004319,173.3203,-1348.505859,1919,1349.2969,0.00,1,0.00
7.011432,173.3203,-1348.505859,1919,1349.2969,0.00,1,0.00
7.012433,173.2324,-1348.593750,1919,1349.2969,0.00,1,0.00
7.013434,173.1445,-1348.681641,1919,1349.2969,0.00,1,0.00
7.014435,173.2324,-1348.593750,1919,1349.2969,0.00,1,0.00
7.015435,173.1445,-1348.681641,1919,1349.2969,0.00,1,0.00
7.016436,173.2324,-1348.593750,1919,1349.2969,0.00,1,0.00
7.017437,173.2324,-1348.593750,1919,1349.2969,0.00,1,0.00
7.018438,173.1445,-1348.681641,1919,1349.2969,0.00,1,0.00
7.019439,173.2324,-1348.593750,1919,1349.2969,0.00,1,0.00
7.020440,173.3203,-1348.505859,1919,1349.2969,0.00,1,0.00
7.021441,173.2324,-1348.593750,1919,1349.2969,0.00,1,0.00
7.022442,173.1445,-1348.681641,1919,1349.2969,0.00,1,0.00
7.023443,173.2324,-1348.593750,1919,1349.2969,0.00,1,0.00
7.024443,173.2324,-1348.593750,1919,1349.2969,0.00,1,0.00
7.025444,173.2324,-1348.593750,1919,1349.2969,0.00,1,0.00
7.026445,173.2324,-1348.593750,1919,1349.2969,0.00,1,0.00
7.027446,173.2324,-1348.593750,1919,1349.2969,0.00,1,0.00
7.028446,173.2324,-1348.593750,1919,1349.2969,0.00,1,0.00
7.029447,173.2324,-1348.593750,1919,1349.2969,0.00,1,0.00
7.030448,173.2324,-1348.593750,1919,1349.2969,0.00,1,0.00
7.031449,173.2324,-1348.593750,1919,1349.2969,0.00,1,0.00
7.032450,173.2324,-1348.593750,1919,1349.2969,0.00,1,0.00
7.033451,173.2324,-1348.593750,1919,1349.2969,0.00,1,0.00
7.034452,173.2324,-1348.593750,1919,1349.2969,0.00,1,0.00
7.035453,173.2324,-1348.593750,1919,1349.2969,0.00,1,0.00
7.036454,173.2324,-1348.593750,1919,1349.2969,0.00,1,0.00
7.037455,173.3203,-1348.505859,1919,1349.2969,0.00,1,0.00
7.038456,173.3203,-1348.505859,1919,1349.2969,0.00,1,0.00
7.039457,173.2324,-1348.593750,1919,1349.2969,0.00,1,0.00
7.040458,173.2324,-1348.593750,1919,1349.2969,0.00,1,0.00
7.041459,173.2324,-1348.593750,1919,1349.2969,0.00,1,0.00
7.042460,173.2324,-1348.593750,1919,1349.2969,0.00,1,0.00
7.043461,173.1445,-1348.681641,1919,1349.2969,0.00,1,0.00
7.044462,173.2324,-1348.593750,1919,1349.2969,0.00,1,0.00
7.045463,173.3203,-1348.505859,1919,1349.2969,0.00,1,0.00
7.046464,173.2324,-1348.593750,1919,1349.2969,0.00,1,0.00
7.047465,173.3203,-1348.505859,1919,1349.2969,0.00,1,0.00
7.048466,173.3203,-1348.505859,1919,1349.2969,0.00,1,0.00
7.049467,173.2324,-1348.593750,1919,1349.2969,0.00,1,0.00
7.050468,173.2324,-1348.593750,1919,1349.2969,0.00,1,0.00
7.051469,173.2324,-1348.593750,1919,1349.2969,0.00,1,0.00
7.052470,173.2324,-1348.593750,1919,1349.2969,0.00,1,0.00
7.053471,173.2324,-1348.593750,1919,1349.2969,0.00,1,0.00
7.054472,173.2324,-1348.593750,1919,1349.2969,0.00,1,0.00
7.055473,173.2324,-1348.593750,1919,1349.2969,0.00,1,0.00
7.056474,173.2324,-1348.593750,1919,1349.2969,0.00,1,0.00
7.057475,173.2324,-1348.593750,1919,1349.2969,0.00,1,0.00
7.058476,173.2324,-1348.593750,1919,1349.2969,0.00,1,0.00
7.059477,173.3203,-1348.505859,1919,1349.2969,0.00,1,0.00
7.060478,173.3203,-1348.505859,1919,1349.2969,0.00,1,0.00
7.067704,173.3203,-1348.505859,1919,1349.2969,0.00,1,0.00
7.068705,173.2324,-1348.593750,1919,1349.2969,0.00,1,0.00
7.069706,173.2324,-1348.593750,1919,1349.2969,0.00,1,0.00
7.070707,173.2324,-1348.593750,1919,1349.2969,0.00,1,0.00
7.071708,173.2324,-1348.593750,1919,1349.2969,0.00,1,0.00
7.072709,173.2324,-1348.593750,1919,1349.2969,0.00,1,0.00
7.073710,173.2324,-1348.593750,1919,1349.2969,0.00,1,0.00
7.074711,173.2324,-1348.593750,1919,1349.2969,0.00,1,0.00
7.075712,173.2324,-1348.593750,1919,1349.2969,0.00,1,0.00
7.076713,173.2324,-1348.593750,1919,1349.2969,0.00,1,0.00
7.077714,173.2324,-1348.593750,1919,1349.2969,0.00,1,0.00
7.078715,173.3203,-1348.505859,1919,1349.2969,0.00,1,0.00
7.079716,173.3203,-1348.505859,1919,1349.2969,0.00,1,0.00
7.080717,173.2324,-1348.593750,1919,1349.2969,0.00,1,0.00
7.081718,173.2324,-1348.593750,1919,1349.2969,0.00,1,0.00
7.082719,173.2324,-1348.593750,1919,1349.2969,0.00,1,0.00
7.083720,173.2324,-1348.593750,1919,1349.2969,0.00,1,0.00
7.084721,173.2324,-1348.593750,1919,1349.2969,0.00,1,0.00
7.085722,173.2324,-1348.593750,1919,1349.2969,0.00,1,0.00
7.086723,173.2324,-1348.593750,1919,1349.2969,0.00,1,0.00
7.087724,173.2324,-1348.593750,1919,1349.2969,0.00,1,0.00
7.088725,173.2324,-1348.593750,1919,1349.2969,0.00,1,0.00
7.089726,173.2324,-1348.593750,1919,1349.2969,0.00,1,0.00
7.090727,173.2324,-1348.593750,1919,1349.2969,0.00,1,0.00
7.091728,173.2324,-1348.593750,1919,1349.2969,0.00,1,0.00
7.092729,173.1445,-1348.681641,1919,1349.2969,0.00,1,0.00
7.093730,173.2324,-1348.593750,1919,1349.2969,0.00,1,0.00
7.094731,173.3203,-1348.505859,1919,1349.2969,0.00,1,0.00
7.095732,173.2324,-1348.593750,1919,1349.2969,0.00,1,0.00
7.096733,173.2324,-1348.593750,1919,1349.2969,0.00,1,0.00
7.097734,173.2324,-1348.593750,1919,1349.2969,0.00,1,0.00
7.098735,173.3203,-1348.505859,1919,1349.2969,0.00,1,0.00
7.099736,173.2324,-1348.593750,1919,1349.2969,0.00,1,0.00
7.100737,173.2324,-1348.593750,1919,1349.2969,0.00,1,0.00
7.101738,173.2324,-1348.593750,1919,1349.2969,0.00,1,0.00
7.102739,173.3203,-1348.505859,1919,1349.2969,0.00,1,0.00
7.103740,173.2324,-1348.593750,1919,1349.2969,0.00,1,0.00
7.104741,173.2324,-1348.593750,1919,1349.2969,0.00,1,0.00
7.105742,173.2324,-1348.593750,1919,1349.2969,0.00,1,0.00
7.106743,173.2324,-1348.593750,1919,1349.2969,0.00,1,0.00
7.108370,173.2324,-1348.593750,1919,1349.2969,0.00,1,0.00
7.109371,173.3203,-1348.505859,1919,1349.2969,0.00,1,0.00
7.110372,173.3203,-1348.505859,1919,1349.2969,0.00,1,0.00
7.111373,173.3203,-1348.505859,1919,1349.2969,0.00,1,0.00
7.112374,173.3203,-1348.505859,1919,1349.2969,0.00,1,0.00
7.113375,173.3203,-1348.505859,1919,1349.2969,0.00,1,0.00
7.114376,173.2324,-1348.593750,1919,1349.2969,0.00,1,0.00
7.115377,173.2324,-1348.593750,1919,1349.2969,0.00,1,0.00
7.116378,173.2324,-1348.593750,1919,1349.2969,0.00,1,0.00
7.117379,173.2324,-1348.593750,1919,1349.2969,0.00,1,0.00
7.124650,173.3203,-1348.505859,1919,1349.2969,0.00,1,0.00
7.125651,173.2324,-1348.593750,1919,1349.2969,0.00,1,0.00
7.126652,173.3203,-1348.505859,1919,1349.2969,0.00,1,0.00
7.127652,173.2324,-1348.593750,1919,1349.2969,0.00,1,0.00
7.128653,173.2324,-1348.593750,1919,1349.2969,0.00,1,0.00
7.129654,173.3203,-1348.505859,1919,1349.2969,0.00,1,0.00
7.130655,173.3203,-1348.505859,1919,1349.2969,0.00,1,0.00
7.131655,173.3203,-1348.505859,1919,1349.2969,0.00,1,0.00
7.132656,173.3203,-1348.505859,1919,1349.2969,0.00,1,0.00
7.133657,173.3203,-1348.505859,1919,1349.2969,0.00,1,0.00
7.134658,173.3203,-1348.505859,1919,1349.2969,0.00,1,0.00
7.135659,173.2324,-1348.593750,1919,1349.2969,0.00,1,0.00
7.136660,173.2324,-1348.593750,1919,1349.2969,0.00,1,0.00
7.137661,173.1445,-1348.681641,1919,1349.2969,0.00,1,0.00
7.138662,173.1445,-1348.681641,1919,1349.2969,0.00,1,0.00
7.139663,173.2324,-1348.593750,1919,1349.2969,0.00,1,0.00
7.140664,173.2324,-1348.593750,1919,1349.2969,0.00,1,0.00
7.141665,173.2324,-1348.593750,1919,1349.2969,0.00,1,0.00
7.142666,173.2324,-1348.593750,1919,1349.2969,0.00,1,0.00
7.143667,173.3203,-1348.505859,1919,1349.2969,0.00,1,0.00
7.144667,173.2324,-1348.593750,1919,1349.2969,0.00,1,0.00
7.145668,173.2324,-1348.593750,1919,1349.2969,0.00,1,0.00
7.146669,173.3203,-1348.505859,1919,1349.2969,0.00,1,0.00
7.147670,173.3203,-1348.505859,1919,1349.2969,0.00,1,0.00
7.148670,173.2324,-1348.593750,1919,1349.2969,0.00,1,0.00
7.149671,173.2324,-1348.593750,1919,1349.2969,0.00,1,0.00
7.150672,173.2324,-1348.593750,1919,1349.2969,0.00,1,0.00
7.151673,173.2324,-1348.593750,1919,1349.2969,0.00,1,0.00
7.152674,173.2324,-1348.593750,1919,1349.2969,0.00,1,0.00
7.153675,173.3203,-1348.505859,1919,1349.2969,0.00,1,0.00
7.154676,173.2324,-1348.593750,1919,1349.2969,0.00,1,0.00
7.155677,173.2324,-1348.593750,1919,1349.2969,0.00,1,0.00
7.156678,173.2324,-1348.593750,1919,1349.2969,0.00,1,0.00
7.157679,173.2324,-1348.593750,1919,1349.2969,0.00,1,0.00
7.158680,173.2324,-1348.593750,1919,1349.2969,0.00,1,0.00
7.159681,173.2324,-1348.593750,1919,1349.2969,0.00,1,0.00
7.160682,173.2324,-1348.593750,1919,1349.2969,0.00,1,0.00
7.161683,173.2324,-1348.593750,1919,1349.2969,0.00,1,0.00
7.162684,173.2324,-1348.593750,1919,1349.2969,0.00,1,0.00
7.163685,173.2324,-1348.593750,1919,1349.2969,0.00,1,0.00
7.164686,173.2324,-1348.593750,1919,1349.2969,0.00,1,0.00
7.165687,173.2324,-1348.593750,1919,1349.2969,0.00,1,0.00
7.166688,173.2324,-1348.593750,1919,1349.2969,0.00,1,0.00
7.167689,173.2324,-1348.593750,1919,1349.2969,0.00,1,0.00
7.168690,173.2324,-1348.593750,1919,1349.2969,0.00,1,0.00
7.169691,173.2324,-1348.593750,1919,1349.2969,0.00,1,0.00
7.170692,173.2324,-1348.593750,1919,1349.2969,0.00,1,0.00
7.171693,173.2324,-1348.593750,1919,1349.2969,0.00,1,0.00
7.172694,173.3203,-1348.505859,1919,1349.2969,0.00,1,0.00
7.173695,173.3203,-1348.505859,1919,1349.2969,0.00,1,0.00
7.180965,173.2324,-1348.593750,1919,1349.2969,0.00,1,0.00
7.181966,173.2324,-1348.593750,1919,1349.2969,0.00,1,0.00
7.182967,173.3203,-1348.505859,1919,1349.2969,0.00,1,0.00
7.183968,173.2324,-1348.593750,1919,1349.2969,0.00,1,0.00
7.184969,173.3203,-1348.505859,1919,1349.2969,0.00,1,0.00
7.185970,173.3203,-1348.505859,1919,1349.2969,0.00,1,0.00
7.186971,173.3203,-1348.505859,1919,1349.2969,0.00,1,0.00
7.187972,173.2324,-1348.593750,1919,1349.2969,0.00,1,0.00
7.188973,173.2324,-1348.593750,1919,1349.2969,0.00,1,0.00
7.189974,173.2324,-1348.593750,1919,1349.2969,0.00,1,0.00
7.190975,173.3203,-1348.505859,1919,1349.2969,0.00,1,0.00
7.191976,173.3203,-1348.505859,1919,1349.2969,0.00,1,0.00
7.192977,173.3203,-1348.505859,1919,1349.2969,0.00,1,0.00
7.193978,173.2324,-1348.593750,1919,1349.2969,0.00,1,0.00
7.194979,173.3203,-1348.505859,1919,1349.2969,0.00,1,0.00
7.195980,173.3203,-1348.505859,1919,1349.2969,0.00,1,0.00
7.196981,173.2324,-1348.593750,1919,1349.2969,0.00,1,0.00
7.197982,173.2324,-1348.593750,1919,1349.2969,0.00,1,0.00
7.198983,173.2324,-1348.593750,1919,1349.2969,0.00,1,0.00
7.199984,173.2324,-1348.593750,1919,1349.2969,0.00,1,0.00
7.200985,173.2324,-1348.593750,1919,1349.2969,0.00,1,0.00
7.201986,173.3203,-1348.505859,1919,1349.2969,0.00,1,0.00
7.202987,173.3203,-1348.505859,1919,1349.2969,0.00,1,0.00
7.203988,173.3203,-1348.505859,1919,1349.2969,0.00,1,0.00
7.204989,173.3203,-1348.505859,1919,1349.2969,0.00,1,0.00
7.205990,173.2324,-1348.593750,1919,1349.2969,0.00,1,0.00
7.206991,173.2324,-1348.593750,1919,1349.2969,0.00,1,0.00
7.207992,173.2324,-1348.593750,1919,1349.2969,0.00,1,0.00
7.208993,173.2324,-1348.593750,1919,1349.2969,0.00,1,0.00
7.209994,173.2324,-1348.593750,1919,1349.2969,0.00,1,0.00
7.210995,173.2324,-1348.593750,1919,1349.2969,0.00,1,0.00
7.211996,173.2324,-1348.593750,1919,1349.2969,0.00,1,0.00
7.212997,173.2324,-1348.593750,1919,1349.2969,0.00,1,0.00
7.213998,173.3203,-1348.505859,1919,1349.2969,0.00,1,0.00
7.214999,173.2324,-1348.593750,1919,1349.2969,0.00,1,0.00
7.216000,173.2324,-1348.593750,1919,1349.2969,0.00,1,0.00
7.217001,173.2324,-1348.593750,1919,1349.2969,0.00,1,0.00
7.218002,173.2324,-1348.593750,1919,1349.2969,0.00,1,0.00
7.219003,173.2324,-1348.593750,1919,1349.2969,0.00,1,0.00
7.220004,173.2324,-1348.593750,1919,1349.2969,0.00,1,0.00
7.221005,173.2324,-1348.593750,1919,1349.2969,0.00,1,0.00
7.222006,173.2324,-1348.593750,1919,1349.2969,0.00,1,0.00
7.223007,173.2324,-1348.593750,1919,1349.2969,0.00,1,0.00
7.224008,173.2324,-1348.593750,1919,1349.2969,0.00,1,0.00
7.225009,173.2324,-1348.593750,1919,1349.2969,0.00,1,0.00
7.226010,173.2324,-1348.593750,1919,1349.2969,0.00,1,0.00
7.227011,173.1445,-1348.681641,1919,1349.2969,0.00,1,0.00
7.228012,173.2324,-1348.593750,1919,1349.2969,0.00,1,0.00
7.229013,173.2324,-1348.593750,1919,1349.2969,0.00,1,0.00
7.230014,173.2324,-1348.593750,1919,1349.2969,0.00,1,0.00
7.237742,173.2324,-1348.593750,1919,1349.2969,0.00,1,0.00
7.238743,173.3203,-1348.505859,1919,1349.2969,0.00,1,0.00
7.239744,173.3203,-1348.505859,1919,1349.2969,0.00,1,0.00
7.240745,173.3203,-1348.505859,1919,1349.2969,0.00,1,0.00
7.241746,173.2324,-1348.593750,1919,1349.2969,0.00,1,0.00
7.242747,173.1445,-1348.681641,1919,1349.2969,0.00,1,0.00
7.243748,173.2324,-1348.593750,1919,1349.2969,0.00,1,0.00
7.244749,173.2324,-1348.593750,1919,1349.2969,0.00,1,0.00
7.245750,173.2324,-1348.593750,1919,1349.2969,0.00,1,0.00
7.246751,173.2324,-1348.593750,1919,1349.2969,0.00,1,0.00
7.247752,173.3203,-1348.505859,1919,1349.2969,0.00,1,0.00
7.248753,173.2324,-1348.593750,1919,1349.2969,0.00,1,0.00
7.249754,173.1445,-1348.681641,1919,1349.2969,0.00,1,0.00
7.250755,173.2324,-1348.593750,1919,1349.2969,0.00,1,0.00
7.251756,173.2324,-1348.593750,1919,1349.2969,0.00,1,0.00
7.252757,173.2324,-1348.593750,1919,1349.2969,0.00,1,0.00
7.253758,173.2324,-1348.593750,1919,1349.2969,0.00,1,0.00
7.254759,173.2324,-1348.593750,1919,1349.2969,0.00,1,0.00
7.255760,173.2324,-1348.593750,1919,1349.2969,0.00,1,0.00
7.256761,173.3203,-1348.505859,1919,1349.2969,0.00,1,0.00
7.257762,173.3203,-1348.505859,1919,1349.2969,0.00,1,0.00
7.258763,173.2324,-1348.593750,1919,1349.2969,0.00,1,0.00
7.259764,173.2324,-1348.593750,1919,1349.2969,0.00,1,0.00
7.260765,173.3203,-1348.505859,1919,1349.2969,0.00,1,0.00
7.261766,173.3203,-1348.505859,1919,1349.2969,0.00,1,0.00
7.262767,173.3203,-1348.505859,1919,1349.2969,0.00,1,0.00
7.263768,173.2324,-1348.593750,1919,1349.2969,0.00,1,0.00
7.264769,173.2324,-1348.593750,1919,1349.2969,0.00,1,0.00
7.265770,173.2324,-1348.593750,1919,1349.2969,0.00,1,0.00
7.267398,173.3203,-1348.505859,1919,1349.2969,0.00,1,0.00
7.268399,173.2324,-1348.593750,1919,1349.2969,0.00,1,0.00
7.269399,173.2324,-1348.593750,1919,1349.2969,0.00,1,0.00
7.270400,173.2324,-1348.593750,1919,1349.2969,0.00,1,0.00
7.271401,173.3203,-1348.505859,1919,1349.2969,0.00,1,0.00
7.272402,173.2324,-1348.593750,1919,1349.2969,0.00,1,0.00
7.273402,173.2324,-1348.593750,1919,1349.2969,0.00,1,0.00
7.274403,173.2324,-1348.593750,1919,1349.2969,0.00,1,0.00
7.275404,173.3203,-1348.505859,1919,1349.2969,0.00,1,0.00
7.276405,173.3203,-1348.505859,1919,1349.2969,0.00,1,0.00
7.277406,173.2324,-1348.593750,1919,1349.2969,0.00,1,0.00
7.278407,173.2324,-1348.593750,1919,1349.2969,0.00,1,0.00
7.279408,173.2324,-1348.593750,1919,1349.2969,0.00,1,0.00
7.280409,173.2324,-1348.593750,1919,1349.2969,0.00,1,0.00
7.281410,173.2324,-1348.593750,1919,1349.2969,0.00,1,0.00
7.282411,173.2324,-1348.593750,1919,1349.2969,0.00,1,0.00
7.283412,173.2324,-1348.593750,1919,1349.2969,0.00,1,0.00
7.284413,173.2324,-1348.593750,1919,1349.2969,0.00,1,0.00
7.285414,173.2324,-1348.593750,1919,1349.2969,0.00,1,0.00
7.286415,173.2324,-1348.593750,1919,1349.2969,0.00,1,0.00
7.287416,173.3203,-1348.505859,1919,1349.2969,0.00,1,0.00
7.294531,173.2324,-1348.593750,1919,1349.2969,0.00,1,0.00
7.295532,173.2324,-1348.593750,1919,1349.2969,0.00,1,0.00
7.296532,173.2324,-1348.593750,1919,1349.2969,0.00,1,0.00
7.297533,173.2324,-1348.593750,1919,1349.2969,0.00,1,0.00
7.298534,173.3203,-1348.505859,1919,1349.2969,0.00,1,0.00
7.299535,173.2324,-1348.593750,1919,1349.2969,0.00,1,0.00
7.300535,173.2324,-1348.593750,1919,1349.2969,0.00,1,0.00
7.301536,173.2324,-1348.593750,1919,1349.2969,0.00,1,0.00
7.302537,173.1445,-1348.681641,1919,1349.2969,0.00,1,0.00
7.303538,173.1445,-1348.681641,1919,1349.2969,0.00,1,0.00
7.304539,173.2324,-1348.593750,1919,1349.2969,0.00,1,0.00
7.305540,173.2324,-1348.593750,1919,1349.2969,0.00,1,0.00
7.306541,173.2324,-1348.593750,1919,1349.2969,0.00,1,0.00
7.307542,173.2324,-1348.593750,1919,1349.2969,0.00,1,0.00
7.309169,173.2324,-1348.593750,1919,1349.2969,0.00,1,0.00
7.310170,173.2324,-1348.593750,1919,1349.2969,0.00,1,0.00
7.311171,173.2324,-1348.593750,1919,1349.2969,0.00,1,0.00
7.312172,173.2324,-1348.593750,1919,1349.2969,0.00,1,0.00
7.313173,173.2324,-1348.593750,1919,1349.2969,0.00,1,0.00
7.314174,173.2324,-1348.593750,1919,1349.2969,0.00,1,0.00
7.315175,173.2324,-1348.593750,1919,1349.2969,0.00,1,0.00
7.316176,173.2324,-1348.593750,1919,1349.2969,0.00,1,0.00
7.317177,173.2324,-1348.593750,1919,1349.2969,0.00,1,0.00
7.318178,173.3203,-1348.505859,1919,1349.2969,0.00,1,0.00
7.319179,173.3203,-1348.505859,1919,1349.2969,0.00,1,0.00
7.320180,173.3203,-1348.505859,1919,1349.2969,0.00,1,0.00
7.321181,173.3203,-1348.505859,1919,1349.2969,0.00,1,0.00
7.322182,173.3203,-1348.505859,1919,1349.2969,0.00,1,0.00
7.323183,173.3203,-1348.505859,1919,1349.2969,0.00,1,0.00
7.324184,173.3203,-1348.505859,1919,1349.2969,0.00,1,0.00
7.325185,173.3203,-1348.505859,1919,1349.2969,0.00,1,0.00
7.326186,173.3203,-1348.505859,1919,1349.2969,0.00,1,0.00
7.327187,173.3203,-1348.505859,1919,1349.2969,0.00,1,0.00
7.328188,173.2324,-1348.593750,1919,1349.2969,0.00,1,0.00
7.329189,173.1445,-1348.681641,1919,1349.2969,0.00,1,0.00
7.330190,173.2324,-1348.593750,1919,1349.2969,0.00,1,0.00
7.331191,173.2324,-1348.593750,1919,1349.2969,0.00,1,0.00
7.332192,173.2324,-1348.593750,1919,1349.2969,0.00,1,0.00
7.333193,173.2324,-1348.593750,1919,1349.2969,0.00,1,0.00
7.334194,173.2324,-1348.593750,1919,1349.2969,0.00,1,0.00
7.335195,173.2324,-1348.593750,1919,1349.2969,0.00,1,0.00
7.336196,173.2324,-1348.593750,1919,1349.2969,0.00,1,0.00
7.337197,173.1445,-1348.681641,1919,1349.2969,0.00,1,0.00
7.338198,173.2324,-1348.593750,1919,1349.2969,0.00,1,0.00
7.339199,173.2324,-1348.593750,1919,1349.2969,0.00,1,0.00
7.340200,173.2324,-1348.593750,1919,1349.2969,0.00,1,0.00
7.341201,173.3203,-1348.505859,1919,1349.2969,0.00,1,0.00
7.342202,173.3203,-1348.505859,1919,1349.2969,0.00,1,0.00
7.343203,173.3203,-1348.505859,1919,1349.2969,0.00,1,0.00
7.344204,173.3203,-1348.505859,1919,1349.2969,0.00,1,0.00
7.351450,173.2324,-1348.593750,1919,1349.2969,0.00,1,0.00
7.352451,173.2324,-1348.593750,1919,1349.2969,0.00,1,0.00
7.353452,173.2324,-1348.593750,1919,1349.2969,0.00,1,0.00
7.354453,173.2324,-1348.593750,1919,1349.2969,0.00,1,0.00
7.355454,173.2324,-1348.593750,1919,1349.2969,0.00,1,0.00
7.356455,173.2324,-1348.593750,1919,1349.2969,0.00,1,0.00
7.357456,173.2324,-1348.593750,1919,1349.2969,0.00,1,0.00
7.358457,173.2324,-1348.593750,1919,1349.2969,0.00,1,0.00
7.359458,173.2324,-1348.593750,1919,1349.2969,0.00,1,0.00
7.360459,173.2324,-1348.593750,1919,1349.2969,0.00,1,0.00
7.361460,173.2324,-1348.593750,1919,1349.2969,0.00,1,0.00
7.362461,173.2324,-1348.593750,1919,1349.2969,0.00,1,0.00
7.363462,173.3203,-1348.505859,1919,1349.2969,0.00,1,0.00
7.364463,173.2324,-1348.593750,1919,1349.2969,0.00,1,0.00
7.365464,173.2324,-1348.593750,1919,1349.2969,0.00,1,0.00
7.366465,173.2324,-1348.593750,1919,1349.2969,0.00,1,0.00
7.367466,173.2324,-1348.593750,1919,1349.2969,0.00,1,0.00
7.368467,173.2324,-1348.593750,1919,1349.2969,0.00,1,0.00
7.369468,173.3203,-1348.505859,1919,1349.2969,0.00,1,0.00
7.370469,173.3203,-1348.505859,1919,1349.2969,0.00,1,0.00
7.371470,173.2324,-1348.593750,1919,1349.2969,0.00,1,0.00
7.372471,173.2324,-1348.593750,1919,1349.2969,0.00,1,0.00
7.373472,173.2324,-1348.593750,1919,1349.2969,0.00,1,0.00
7.374473,173.2324,-1348.593750,1919,1349.2969,0.00,1,0.00
7.375474,173.2324,-1348.593750,1919,1349.2969,0.00,1,0.00
7.376475,173.2324,-1348.593750,1919,1349.2969,0.00,1,0.00
7.377476,173.2324,-1348.593750,1919,1349.2969,0.00,1,0.00
7.378477,173.3203,-1348.505859,1919,1349.2969,0.00,1,0.00
7.379478,173.3203,-1348.505859,1919,1349.2969,0.00,1,0.00
7.380479,173.3203,-1348.505859,1919,1349.2969,0.00,1,0.00
7.381480,173.2324,-1348.593750,1919,1349.2969,0.00,1,0.00
7.382481,173.2324,-1348.593750,1919,1349.2969,0.00,1,0.00
7.383482,173.2324,-1348.593750,1919,1349.2969,0.00,1,0.00
7.384483,173.2324,-1348.593750,1919,1349.2969,0.00,1,0.00
7.385484,173.2324,-1348.593750,1919,1349.2969,0.00,1,0.00
7.386485,173.3203,-1348.505859,1919,1349.2969,0.00,1,0.00
7.387486,173.2324,-1348.593750,1919,1349.2969,0.00,1,0.00
7.388487,173.2324,-1348.593750,1919,1349.2969,0.00,1,0.00
7.389488,173.2324,-1348.593750,1919,1349.2969,0.00,1,0.00
7.390488,173.2324,-1348.593750,1919,1349.2969,0.00,1,0.00
7.391489,173.2324,-1348.593750,1919,1349.2969,0.00,1,0.00
7.392490,173.2324,-1348.593750,1919,1349.2969,0.00,1,0.00
7.393491,173.2324,-1348.593750,1919,1349.2969,0.00,1,0.00
7.394491,173.2324,-1348.593750,1919,1349.2969,0.00,1,0.00
7.395492,173.2324,-1348.593750,1919,1349.2969,0.00,1,0.00
7.396493,173.3203,-1348.505859,1919,1349.2969,0.00,1,0.00
7.397494,173.3203,-1348.505859,1919,1349.2969,0.00,1,0.00
7.398495,173.3203,-1348.505859,1919,1349.2969,0.00,1,0.00
7.399496,173.2324,-1348.593750,1919,1349.2969,0.00,1,0.00
7.400497,173.2324,-1348.593750,1919,1349.2969,0.00,1,0.00
7.407797,173.2324,-1348.593750,1919,1349.2969,0.00,1,0.00
7.408798,173.2324,-1348.593750,1919,1349.2969,0.00,1,0.00
7.409799,173.2324,-1348.593750,1919,1349.2969,0.00,1,0.00
7.410800,173.3203,-1348.505859,1919,1349.2969,0.00,1,0.00
7.411801,173.3203,-1348.505859,1919,1349.2969,0.00,1,0.00
7.412802,173.2324,-1348.593750,1919,1349.2969,0.00,1,0.00
7.413803,173.2324,-1348.593750,1919,1349.2969,0.00,1,0.00
7.414804,173.2324,-1348.593750,1919,1349.2969,0.00,1,0.00
7.415805,173.3203,-1348.505859,1919,1349.2969,0.00,1,0.00
7.416806,173.3203,-1348.505859,1919,1349.2969,0.00,1,0.00
7.417806,173.2324,-1348.593750,1919,1349.2969,0.00,1,0.00
7.418807,173.2324,-1348.593750,1919,1349.2969,0.00,1,0.00
7.419808,173.2324,-1348.593750,1919,1349.2969,0.00,1,0.00
7.420809,173.2324,-1348.593750,1919,1349.2969,0.00,1,0.00
7.421809,173.2324,-1348.593750,1919,1349.2969,0.00,1,0.00
7.422810,173.2324,-1348.593750,1919,1349.2969,0.00,1,0.00
7.423811,173.2324,-1348.593750,1919,1349.2969,0.00,1,0.00
7.424812,173.2324,-1348.593750,1919,1349.2969,0.00,1,0.00
7.425813,173.2324,-1348.593750,1919,1349.2969,0.00,1,0.00
7.426814,173.3203,-1348.505859,1919,1349.2969,0.00,1,0.00
7.427815,173.2324,-1348.593750,1919,1349.2969,0.00,1,0.00
7.428816,173.2324,-1348.593750,1919,1349.2969,0.00,1,0.00
7.429817,173.2324,-1348.593750,1919,1349.2969,0.00,1,0.00
7.430818,173.2324,-1348.593750,1919,1349.2969,0.00,1,0.00
7.431819,173.2324,-1348.593750,1919,1349.2969,0.00,1,0.00
7.432820,173.2324,-1348.593750,1919,1349.2969,0.00,1,0.00
7.433821,173.2324,-1348.593750,1919,1349.2969,0.00,1,0.00
7.434822,173.2324,-1348.593750,1919,1349.2969,0.00,1,0.00
7.435823,173.2324,-1348.593750,1919,1349.2969,0.00,1,0.00
7.436824,173.2324,-1348.593750,1919,1349.2969,0.00,1,0.00
7.437825,173.2324,-1348.593750,1919,1349.2969,0.00,1,0.00
7.438826,173.2324,-1348.593750,1919,1349.2969,0.00,1,0.00
7.439827,173.2324,-1348.593750,1919,1349.2969,0.00,1,0.00
7.440828,173.2324,-1348.593750,1919,1349.2969,0.00,1,0.00
7.441829,173.2324,-1348.593750,1919,1349.2969,0.00,1,0.00
7.442830,173.2324,-1348.593750,1919,1349.2969,0.00,1,0.00
7.443831,173.2324,-1348.593750,1919,1349.2969,0.00,1,0.00
7.444832,173.2324,-1348.593750,1919,1349.2969,0.00,1,0.00
7.445833,173.2324,-1348.593750,1919,1349.2969,0.00,1,0.00
7.446834,173.2324,-1348.593750,1919,1349.2969,0.00,1,0.00
7.447835,173.2324,-1348.593750,1919,1349.2969,0.00,1,0.00
7.448836,173.2324,-1348.593750,1919,1349.2969,0.00,1,0.00
7.449837,173.3203,-1348.505859,1919,1349.2969,0.00,1,0.00
7.450838,173.3203,-1348.505859,1919,1349.2969,0.00,1,0.00
7.451839,173.3203,-1348.505859,1919,1349.2969,0.00,1,0.00
7.452840,173.3203,-1348.505859,1919,1349.2969,0.00,1,0.00
7.453841,173.2324,-1348.593750,1919,1349.2969,0.00,1,0.00
7.454842,173.2324,-1348.593750,1919,1349.2969,0.00,1,0.00
7.455843,173.2324,-1348.593750,1919,1349.2969,0.00,1,0.00
7.456844,173.2324,-1348.593750,1919,1349.2969,0.00,1,0.00
7.464116,173.2324,-1348.593750,1919,1349.2969,0.00,1,0.00
7.465117,173.2324,-1348.593750,1919,1349.2969,0.00,1,0.00
7.466118,173.2324,-1348.593750,1919,1349.2969,0.00,1,0.00
7.467119,173.2324,-1348.593750,1919,1349.2969,0.00,1,0.00
7.468120,173.2324,-1348.593750,1919,1349.2969,0.00,1,0.00
7.469121,173.2324,-1348.593750,1919,1349.2969,0.00,1,0.00
7.470122,173.2324,-1348.593750,1919,1349.2969,0.00,1,0.00
7.471123,173.2324,-1348.593750,1919,1349.2969,0.00,1,0.00
7.472124,173.3203,-1348.505859,1919,1349.2969,0.00,1,0.00
7.473125,173.2324,-1348.593750,1919,1349.2969,0.00,1,0.00
7.474126,173.2324,-1348.593750,1919,1349.2969,0.00,1,0.00
7.475127,173.2324,-1348.593750,1919,1349.2969,0.00,1,0.00
7.476127,173.2324,-1348.593750,1919,1349.2969,0.00,1,0.00
7.477128,173.2324,-1348.593750,1919,1349.2969,0.00,1,0.00
7.478129,173.3203,-1348.505859,1919,1349.2969,0.00,1,0.00
7.479130,173.2324,-1348.593750,1919,1349.2969,0.00,1,0.00
7.480130,173.2324,-1348.593750,1919,1349.2969,0.00,1,0.00
7.481131,173.3203,-1348.505859,1919,1349.2969,0.00,1,0.00
7.482132,173.2324,-1348.593750,1919,1349.2969,0.00,1,0.00
7.483133,173.1445,-1348.681641,1919,1349.2969,0.00,1,0.00
7.484134,173.2324,-1348.593750,1919,1349.2969,0.00,1,0.00
7.485135,173.2324,-1348.593750,1919,1349.2969,0.00,1,0.00
7.486136,173.2324,-1348.593750,1919,1349.2969,0.00,1,0.00
7.487137,173.2324,-1348.593750,1919,1349.2969,0.00,1,0.00
7.488138,173.2324,-1348.593750,1919,1349.2969,0.00,1,0.00
7.489139,173.2324,-1348.593750,1919,1349.2969,0.00,1,0.00
7.490140,173.2324,-1348.593750,1919,1349.2969,0.00,1,0.00
7.491141,173.2324,-1348.593750,1919,1349.2969,0.00,1,0.00
7.492142,173.2324,-1348.593750,1919,1349.2969,0.00,1,0.00
7.493143,173.2324,-1348.593750,1919,1349.2969,0.00,1,0.00
7.494144,173.2324,-1348.593750,1919,1349.2969,0.00,1,0.00
7.495145,173.2324,-1348.593750,1919,1349.2969,0.00,1,0.00
7.496146,173.2324,-1348.593750,1919,1349.2969,0.00,1,0.00
7.497147,173.2324,-1348.593750,1919,1349.2969,0.00,1,0.00
7.498148,173.2324,-1348.593750,1919,1349.2969,0.00,1,0.00
7.499149,173.3203,-1348.505859,1919,1349.2969,0.00,1,0.00
7.500150,173.2324,-1348.593750,1919,1349.2969,0.00,1,0.00
7.501668,173.1445,-1348.681641,1919,1349.2969,0.00,1,0.00
7.502669,173.1445,-1348.681641,1919,1349.2969,0.00,1,0.00
7.503670,173.2324,-1348.593750,1919,1349.2969,0.00,1,0.00
7.504671,173.2324,-1348.593750,1919,1349.2969,0.00,1,0.00
7.505672,173.2324,-1348.593750,1919,1349.2969,0.00,1,0.00
7.506673,173.1445,-1348.681641,1919,1349.2969,0.00,1,0.00
7.507674,173.2324,-1348.593750,1919,1349.2969,0.00,1,0.00
7.508675,173.2324,-1348.593750,1919,1349.2969,0.00,1,0.00
7.509676,173.2324,-1348.593750,1919,1349.2969,0.00,1,0.00
7.510677,173.2324,-1348.593750,1919,1349.2969,0.00,1,0.00
7.511678,173.2324,-1348.593750,1919,1349.2969,0.00,1,0.00
7.512679,173.2324,-1348.593750,1919,1349.2969,0.00,1,0.00
7.513680,173.2324,-1348.593750,1919,1349.2969,0.00,1,0.00
7.520795,173.3203,-1348.505859,1919,1349.2969,0.00,1,0.00
7.521796,173.3203,-1348.505859,1919,1349.2969,0.00,1,0.00
7.522796,173.2324,-1348.593750,1919,1349.2969,0.00,1,0.00
7.523797,173.2324,-1348.593750,1919,1349.2969,0.00,1,0.00
7.524798,173.2324,-1348.593750,1919,1349.2969,0.00,1,0.00
7.525799,173.3203,-1348.505859,1919,1349.2969,0.00,1,0.00
7.526799,173.3203,-1348.505859,1919,1349.2969,0.00,1,0.00
7.527800,173.2324,-1348.593750,1919,1349.2969,0.00,1,0.00
7.528801,173.2324,-1348.593750,1919,1349.2969,0.00,1,0.00
7.529802,173.2324,-1348.593750,1919,1349.2969,0.00,1,0.00
7.530803,173.2324,-1348.593750,1919,1349.2969,0.00,1,0.00
7.531804,173.2324,-1348.593750,1919,1349.2969,0.00,1,0.00
7.532805,173.2324,-1348.593750,1919,1349.2969,0.00,1,0.00
7.533806,173.2324,-1348.593750,1919,1349.2969,0.00,1,0.00
7.534807,173.2324,-1348.593750,1919,1349.2969,0.00,1,0.00
7.535808,173.2324,-1348.593750,1919,1349.2969,0.00,1,0.00
7.536809,173.2324,-1348.593750,1919,1349.2969,0.00,1,0.00
7.537810,173.2324,-1348.593750,1919,1349.2969,0.00,1,0.00
7.538811,173.3203,-1348.505859,1919,1349.2969,0.00,1,0.00
7.539812,173.3203,-1348.505859,1919,1349.2969,0.00,1,0.00
7.540813,173.2324,-1348.593750,1919,1349.2969,0.00,1,0.00
7.541814,173.2324,-1348.593750,1919,1349.2969,0.00,1,0.00
7.542815,173.3203,-1348.505859,1919,1349.2969,0.00,1,0.00
7.543816,173.3203,-1348.505859,1919,1349.2969,0.00,1,0.00
7.544817,173.3203,-1348.505859,1919,1349.2969,0.00,1,0.00
7.545818,173.2324,-1348.593750,1919,1349.2969,0.00,1,0.00
7.546819,173.2324,-1348.593750,1919,1349.2969,0.00,1,0.00
7.547820,173.3203,-1348.505859,1919,1349.2969,0.00,1,0.00
7.548821,173.3203,-1348.505859,1919,1349.2969,0.00,1,0.00
7.549822,173.3203,-1348.505859,1919,1349.2969,0.00,1,0.00
7.550823,173.3203,-1348.505859,1919,1349.2969,0.00,1,0.00
7.551824,173.2324,-1348.593750,1919,1349.2969,0.00,1,0.00
7.552825,173.2324,-1348.593750,1919,1349.2969,0.00,1,0.00
7.553826,173.2324,-1348.593750,1919,1349.2969,0.00,1,0.00
7.554827,173.2324,-1348.593750,1919,1349.2969,0.00,1,0.00
7.555828,173.2324,-1348.593750,1919,1349.2969,0.00,1,0.00
7.556829,173.2324,-1348.593750,1919,1349.2969,0.00,1,0.00
7.557830,173.2324,-1348.593750,1919,1349.2969,0.00,1,0.00
7.558831,173.2324,-1348.593750,1919,1349.2969,0.00,1,0.00
7.559832,173.2324,-1348.593750,1919,1349.2969,0.00,1,0.00
7.560833,173.2324,-1348.593750,1919,1349.2969,0.00,1,0.00
7.561834,173.2324,-1348.593750,1919,1349.2969,0.00,1,0.00
7.562835,173.2324,-1348.593750,1919,1349.2969,0.00,1,0.00
7.563836,173.2324,-1348.593750,1919,1349.2969,0.00,1,0.00
7.564837,173.2324,-1348.593750,1919,1349.2969,0.00,1,0.00
7.565838,173.2324,-1348.593750,1919,1349.2969,0.00,1,0.00
7.566839,173.3203,-1348.505859,1919,1349.2969,0.00,1,0.00
7.567840,173.2324,-1348.593750,1919,1349.2969,0.00,1,0.00
7.576572,173.3203,-1348.505859,1919,1349.2969,0.00,1,0.00
7.577573,173.2324,-1348.593750,1919,1349.2969,0.00,1,0.00
7.584864,173.2324,-1348.593750,1919,1349.2969,0.00,1,0.00
7.585865,173.2324,-1348.593750,1919,1349.2969,0.00,1,0.00
7.586866,173.2324,-1348.593750,1919,1349.2969,0.00,1,0.00
7.587867,173.2324,-1348.593750,1919,1349.2969,0.00,1,0.00
7.588867,173.2324,-1348.593750,1919,1349.2969,0.00,1,0.00
7.589868,173.2324,-1348.593750,1919,1349.2969,0.00,1,0.00
7.590869,173.2324,-1348.593750,1919,1349.2969,0.00,1,0.00
7.591870,173.2324,-1348.593750,1919,1349.2969,0.00,1,0.00
7.592871,173.3203,-1348.505859,1919,1349.2969,0.00,1,0.00
7.593872,173.2324,-1348.593750,1919,1349.2969,0.00,1,0.00
7.594873,173.2324,-1348.593750,1919,1349.2969,0.00,1,0.00
7.595874,173.2324,-1348.593750,1919,1349.2969,0.00,1,0.00
7.596875,173.2324,-1348.593750,1919,1349.2969,0.00,1,0.00
7.597876,173.1445,-1348.681641,1919,1349.2969,0.00,1,0.00
7.598877,173.1445,-1348.681641,1919,1349.2969,0.00,1,0.00
7.599878,173.2324,-1348.593750,1919,1349.2969,0.00,1,0.00
7.600879,173.3203,-1348.505859,1919,1349.2969,0.00,1,0.00
7.601880,173.3203,-1348.505859,1919,1349.2969,0.00,1,0.00
7.602881,173.2324,-1348.593750,1919,1349.2969,0.00,1,0.00
7.603882,173.3203,-1348.505859,1919,1349.2969,0.00,1,0.00
7.604883,173.3203,-1348.505859,1919,1349.2969,0.00,1,0.00
7.605884,173.3203,-1348.505859,1919,1349.2969,0.00,1,0.00
7.606885,173.2324,-1348.593750,1919,1349.2969,0.00,1,0.00
7.607886,173.2324,-1348.593750,1919,1349.2969,0.00,1,0.00
7.608887,173.3203,-1348.505859,1919,1349.2969,0.00,1,0.00
7.609888,173.3203,-1348.505859,1919,1349.2969,0.00,1,0.00
7.610889,173.2324,-1348.593750,1919,1349.2969,0.00,1,0.00
7.611890,173.2324,-1348.593750,1919,1349.2969,0.00,1,0.00
7.612891,173.3203,-1348.505859,1919,1349.2969,0.00,1,0.00
7.613892,173.3203,-1348.505859,1919,1349.2969,0.00,1,0.00
7.614893,173.3203,-1348.505859,1919,1349.2969,0.00,1,0.00
7.615894,173.2324,-1348.593750,1919,1349.2969,0.00,1,0.00
7.616895,173.2324,-1348.593750,1919,1349.2969,0.00,1,0.00
7.618948,173.2324,-1348.593750,1919,1349.2969,0.00,1,0.00
7.619949,173.2324,-1348.593750,1919,1349.2969,0.00,1,0.00
7.620950,173.2324,-1348.593750,1919,1349.2969,0.00,1,0.00
7.621950,173.2324,-1348.593750,1919,1349.2969,0.00,1,0.00
7.622951,173.2324,-1348.593750,1919,1349.2969,0.00,1,0.00
7.623952,173.2324,-1348.593750,1919,1349.2969,0.00,1,0.00
7.624953,173.1445,-1348.681641,1919,1349.2969,0.00,1,0.00
7.625953,173.2324,-1348.593750,1919,1349.2969,0.00,1,0.00
7.626954,173.2324,-1348.593750,1919,1349.2969,0.00,1,0.00
7.627955,173.3203,-1348.505859,1919,1349.2969,0.00,1,0.00
7.628956,173.3203,-1348.505859,1919,1349.2969,0.00,1,0.00
7.629957,173.2324,-1348.593750,1919,1349.2969,0.00,1,0.00
7.630958,173.2324,-1348.593750,1919,1349.2969,0.00,1,0.00
7.631959,173.2324,-1348.593750,1919,1349.2969,0.00,1,0.00
7.632960,173.2324,-1348.593750,1919,1349.2969,0.00,1,0.00
7.633961,173.3203,-1348.505859,1919,1349.2969,0.00,1,0.00
7.634962,173.2324,-1348.593750,1919,1349.2969,0.00,1,0.00
7.642259,173.2324,-1348.593750,1919,1349.2969,0.00,1,0.00
7.643260,173.2324,-1348.593750,1919,1349.2969,0.00,1,0.00
7.644261,173.2324,-1348.593750,1919,1349.2969,0.00,1,0.00
7.645262,173.2324,-1348.593750,1919,1349.2969,0.00,1,0.00
7.646262,173.2324,-1348.593750,1919,1349.2969,0.00,1,0.00
7.647263,173.2324,-1348.593750,1919,1349.2969,0.00,1,0.00
7.648264,173.2324,-1348.593750,1919,1349.2969,0.00,1,0.00
7.649265,173.2324,-1348.593750,1919,1349.2969,0.00,1,0.00
7.650265,173.2324,-1348.593750,1919,1349.2969,0.00,1,0.00
7.651266,173.2324,-1348.593750,1919,1349.2969,0.00,1,0.00
7.652267,173.2324,-1348.593750,1919,1349.2969,0.00,1,0.00
7.653268,173.2324,-1348.593750,1919,1349.2969,0.00,1,0.00
7.654269,173.2324,-1348.593750,1919,1349.2969,0.00,1,0.00
7.655270,173.2324,-1348.593750,1919,1349.2969,0.00,1,0.00
7.656271,173.3203,-1348.505859,1919,1349.2969,0.00,1,0.00
7.657272,173.3203,-1348.505859,1919,1349.2969,0.00,1,0.00
7.658273,173.2324,-1348.593750,1919,1349.2969,0.00,1,0.00
7.659273,173.2324,-1348.593750,1919,1349.2969,0.00,1,0.00
7.660274,173.2324,-1348.593750,1919,1349.2969,0.00,1,0.00
7.661275,173.2324,-1348.593750,1919,1349.2969,0.00,1,0.00
7.662276,173.2324,-1348.593750,1919,1349.2969,0.00,1,0.00
7.663276,173.2324,-1348.593750,1919,1349.2969,0.00,1,0.00
7.664277,173.2324,-1348.593750,1919,1349.2969,0.00,1,0.00
7.665278,173.2324,-1348.593750,1919,1349.2969,0.00,1,0.00
7.666279,173.2324,-1348.593750,1919,1349.2969,0.00,1,0.00
7.667280,173.3203,-1348.505859,1919,1349.2969,0.00,1,0.00
7.668281,173.2324,-1348.593750,1919,1349.2969,0.00,1,0.00
7.669282,173.2324,-1348.593750,1919,1349.2969,0.00,1,0.00
7.670283,173.2324,-1348.593750,1919,1349.2969,0.00,1,0.00
7.671284,173.2324,-1348.593750,1919,1349.2969,0.00,1,0.00
7.672285,173.2324,-1348.593750,1919,1349.2969,0.00,1,0.00
7.673286,173.2324,-1348.593750,1919,1349.2969,0.00,1,0.00
7.674287,173.2324,-1348.593750,1919,1349.2969,0.00,1,0.00
7.675288,173.2324,-1348.593750,1919,1349.2969,0.00,1,0.00
7.676289,173.2324,-1348.593750,1919,1349.2969,0.00,1,0.00
7.677290,173.2324,-1348.593750,1919,1349.2969,0.00,1,0.00
7.678291,173.2324,-1348.593750,1919,1349.2969,0.00,1,0.00
7.679292,173.2324,-1348.593750,1919,1349.2969,0.00,1,0.00
7.680293,173.2324,-1348.593750,1919,1349.2969,0.00,1,0.00
7.681294,173.2324,-1348.593750,1919,1349.2969,0.00,1,0.00
7.682295,173.2324,-1348.593750,1919,1349.2969,0.00,1,0.00
7.683296,173.3203,-1348.505859,1919,1349.2969,0.00,1,0.00
7.684297,173.2324,-1348.593750,1919,1349.2969,0.00,1,0.00
7.685298,173.2324,-1348.593750,1919,1349.2969,0.00,1,0.00
7.686299,173.2324,-1348.593750,1919,1349.2969,0.00,1,0.00
7.687300,173.2324,-1348.593750,1919,1349.2969,0.00,1,0.00
7.688301,173.2324,-1348.593750,1919,1349.2969,0.00,1,0.00
7.689302,173.2324,-1348.593750,1919,1349.2969,0.00,1,0.00
7.690303,173.2324,-1348.593750,1919,1349.2969,0.00,1,0.00
7.691304,173.2324,-1348.593750,1919,1349.2969,0.00,1,0.00
7.698417,173.3203,-1348.505859,1919,1349.2969,0.00,1,0.00
7.699418,173.3203,-1348.505859,1919,1349.2969,0.00,1,0.00
7.700419,173.3203,-1348.505859,1919,1349.2969,0.00,1,0.00
7.701420,173.3203,-1348.505859,1919,1349.2969,0.00,1,0.00
7.702421,173.3203,-1348.505859,1919,1349.2969,0.00,1,0.00
7.703422,173.3203,-1348.505859,1919,1349.2969,0.00,1,0.00
7.704423,173.2324,-1348.593750,1919,1349.2969,0.00,1,0.00
7.705424,173.2324,-1348.593750,1919,1349.2969,0.00,1,0.00
7.706425,173.2324,-1348.593750,1919,1349.2969,0.00,1,0.00
7.707426,173.2324,-1348.593750,1919,1349.2969,0.00,1,0.00
7.708427,173.2324,-1348.593750,1919,1349.2969,0.00,1,0.00
7.709428,173.2324,-1348.593750,1919,1349.2969,0.00,1,0.00
7.710429,173.3203,-1348.505859,1919,1349.2969,0.00,1,0.00
7.711430,173.3203,-1348.505859,1919,1349.2969,0.00,1,0.00
7.712431,173.2324,-1348.593750,1919,1349.2969,0.00,1,0.00
7.713432,173.2324,-1348.593750,1919,1349.2969,0.00,1,0.00
7.714433,173.2324,-1348.593750,1919,1349.2969,0.00,1,0.00
7.715434,173.3203,-1348.505859,1919,1349.2969,0.00,1,0.00
7.716435,173.3203,-1348.505859,1919,1349.2969,0.00,1,0.00
7.717436,173.3203,-1348.505859,1919,1349.2969,0.00,1,0.00
7.718437,173.3203,-1348.505859,1919,1349.2969,0.00,1,0.00
7.719438,173.3203,-1348.505859,1919,1349.2969,0.00,1,0.00
7.720439,173.2324,-1348.593750,1919,1349.2969,0.00,1,0.00
7.721440,173.2324,-1348.593750,1919,1349.2969,0.00,1,0.00
7.722441,173.2324,-1348.593750,1919,1349.2969,0.00,1,0.00
7.723442,173.2324,-1348.593750,1919,1349.2969,0.00,1,0.00
7.724443,173.3203,-1348.505859,1919,1349.2969,0.00,1,0.00
7.725444,173.3203,-1348.505859,1919,1349.2969,0.00,1,0.00
7.726445,173.3203,-1348.505859,1919,1349.2969,0.00,1,0.00
7.727446,173.3203,-1348.505859,1919,1349.2969,0.00,1,0.00
7.728447,173.2324,-1348.593750,1919,1349.2969,0.00,1,0.00
7.729448,173.3203,-1348.505859,1919,1349.2969,0.00,1,0.00
7.730449,173.3203,-1348.505859,1919,1349.2969,0.00,1,0.00
7.731450,173.2324,-1348.593750,1919,1349.2969,0.00,1,0.00
7.732451,173.2324,-1348.593750,1919,1349.2969,0.00,1,0.00
7.733452,173.2324,-1348.593750,1919,1349.2969,0.00,1,0.00
7.734453,173.2324,-1348.593750,1919,1349.2969,0.00,1,0.00
7.735454,173.2324,-1348.593750,1919,1349.2969,0.00,1,0.00
7.736455,173.2324,-1348.593750,1919,1349.2969,0.00,1,0.00
7.737456,173.2324,-1348.593750,1919,1349.2969,0.00,1,0.00
7.738457,173.2324,-1348.593750,1919,1349.2969,0.00,1,0.00
7.739458,173.2324,-1348.593750,1919,1349.2969,0.00,1,0.00
7.740459,173.2324,-1348.593750,1919,1349.2969,0.00,1,0.00
7.741460,173.2324,-1348.593750,1919,1349.2969,0.00,1,0.00
7.742461,173.2324,-1348.593750,1919,1349.2969,0.00,1,0.00
7.743462,173.1445,-1348.681641,1919,1349.2969,0.00,1,0.00
7.744463,173.2324,-1348.593750,1919,1349.2969,0.00,1,0.00
7.745464,173.2324,-1348.593750,1919,1349.2969,0.00,1,0.00
7.746465,173.2324,-1348.593750,1919,1349.2969,0.00,1,0.00
7.747466,173.2324,-1348.593750,1919,1349.2969,0.00,1,0.00
7.755322,173.2324,-1348.593750,1919,1349.2969,0.00,1,0.00
7.756323,173.2324,-1348.593750,1919,1349.2969,0.00,1,0.00
7.757324,173.2324,-1348.593750,1919,1349.2969,0.00,1,0.00
7.758325,173.2324,-1348.593750,1919,1349.2969,0.00,1,0.00
7.759326,173.3203,-1348.505859,1919,1349.2969,0.00,1,0.00
7.760327,173.3203,-1348.505859,1919,1349.2969,0.00,1,0.00
7.761328,173.3203,-1348.505859,1919,1349.2969,0.00,1,0.00
7.762328,173.2324,-1348.593750,1919,1349.2969,0.00,1,0.00
7.763329,173.2324,-1348.593750,1919,1349.2969,0.00,1,0.00
7.764330,173.2324,-1348.593750,1919,1349.2969,0.00,1,0.00
7.765331,173.2324,-1348.593750,1919,1349.2969,0.00,1,0.00
7.766331,173.2324,-1348.593750,1919,1349.2969,0.00,1,0.00
7.767332,173.2324,-1348.593750,1919,1349.2969,0.00,1,0.00
7.768333,173.2324,-1348.593750,1919,1349.2969,0.00,1,0.00
7.769334,173.3203,-1348.505859,1919,1349.2969,0.00,1,0.00
7.770335,173.2324,-1348.593750,1919,1349.2969,0.00,1,0.00
7.771336,173.2324,-1348.593750,1919,1349.2969,0.00,1,0.00
7.772337,173.2324,-1348.593750,1919,1349.2969,0.00,1,0.00
7.773338,173.4082,-1348.417969,1919,1349.2969,0.00,1,0.00
7.774339,173.2324,-1348.593750,1919,1349.2969,0.00,1,0.00
7.775340,173.2324,-1348.593750,1919,1349.2969,0.00,1,0.00
7.776341,173.2324,-1348.593750,1919,1349.2969,0.00,1,0.00
7.777342,173.2324,-1348.593750,1919,1349.2969,0.00,1,0.00
7.778343,173.2324,-1348.593750,1919,1349.2969,0.00,1,0.00
7.779344,173.2324,-1348.593750,1919,1349.2969,0.00,1,0.00
7.780345,173.2324,-1348.593750,1919,1349.2969,0.00,1,0.00
7.781346,173.3203,-1348.505859,1919,1349.2969,0.00,1,0.00
7.782347,173.3203,-1348.505859,1919,1349.2969,0.00,1,0.00
7.783348,173.2324,-1348.593750,1919,1349.2969,0.00,1,0.00
7.784349,173.2324,-1348.593750,1919,1349.2969,0.00,1,0.00
7.785975,173.2324,-1348.593750,1919,1349.2969,0.00,1,0.00
7.786976,173.3203,-1348.505859,1919,1349.2969,0.00,1,0.00
7.787977,173.3203,-1348.505859,1919,1349.2969,0.00,1,0.00
7.788978,173.2324,-1348.593750,1919,1349.2969,0.00,1,0.00
7.789979,173.2324,-1348.593750,1919,1349.2969,0.00,1,0.00
7.790980,173.2324,-1348.593750,1919,1349.2969,0.00,1,0.00
7.791981,173.3203,-1348.505859,1919,1349.2969,0.00,1,0.00
7.792981,173.2324,-1348.593750,1919,1349.2969,0.00,1,0.00
7.793982,173.1445,-1348.681641,1919,1349.2969,0.00,1,0.00
7.794983,173.1445,-1348.681641,1919,1349.2969,0.00,1,0.00
7.795984,173.2324,-1348.593750,1919,1349.2969,0.00,1,0.00
7.796984,173.2324,-1348.593750,1919,1349.2969,0.00,1,0.00
7.797985,173.2324,-1348.593750,1919,1349.2969,0.00,1,0.00
7.798986,173.2324,-1348.593750,1919,1349.2969,0.00,1,0.00
7.799987,173.2324,-1348.593750,1919,1349.2969,0.00,1,0.00
7.800988,173.2324,-1348.593750,1919,1349.2969,0.00,1,0.00
7.801989,173.1445,-1348.681641,1919,1349.2969,0.00,1,0.00
7.802990,173.2324,-1348.593750,1919,1349.2969,0.00,1,0.00
7.803991,173.2324,-1348.593750,1919,1349.2969,0.00,1,0.00
7.804992,173.2324,-1348.593750,1919,1349.2969,0.00,1,0.00
7.812240,173.2324,-1348.593750,1919,1349.2969,0.00,1,0.00
7.813241,173.3203,-1348.505859,1919,1349.2969,0.00,1,0.00
7.814242,173.3203,-1348.505859,1919,1349.2969,0.00,1,0.00
7.815243,173.2324,-1348.593750,1919,1349.2969,0.00,1,0.00
7.816243,173.2324,-1348.593750,1919,1349.2969,0.00,1,0.00
7.817244,173.2324,-1348.593750,1919,1349.2969,0.00,1,0.00
7.818245,173.2324,-1348.593750,1919,1349.2969,0.00,1,0.00
7.819246,173.2324,-1348.593750,1919,1349.2969,0.00,1,0.00
7.820247,173.2324,-1348.593750,1919,1349.2969,0.00,1,0.00
7.821248,173.2324,-1348.593750,1919,1349.2969,0.00,1,0.00
7.822249,173.2324,-1348.593750,1919,1349.2969,0.00,1,0.00
7.823250,173.2324,-1348.593750,1919,1349.2969,0.00,1,0.00
7.824251,173.1445,-1348.681641,1919,1349.2969,0.00,1,0.00
7.825252,173.2324,-1348.593750,1919,1349.2969,0.00,1,0.00
7.826253,173.2324,-1348.593750,1919,1349.2969,0.00,1,0.00
7.827254,173.2324,-1348.593750,1919,1349.2969,0.00,1,0.00
7.828255,173.3203,-1348.505859,1919,1349.2969,0.00,1,0.00
7.829256,173.2324,-1348.593750,1919,1349.2969,0.00,1,0.00
7.830257,173.2324,-1348.593750,1919,1349.2969,0.00,1,0.00
7.831258,173.2324,-1348.593750,1919,1349.2969,0.00,1,0.00
7.832259,173.2324,-1348.593750,1919,1349.2969,0.00,1,0.00
7.833260,173.1445,-1348.681641,1919,1349.2969,0.00,1,0.00
7.834261,173.2324,-1348.593750,1919,1349.2969,0.00,1,0.00
7.835262,173.2324,-1348.593750,1919,1349.2969,0.00,1,0.00
7.836263,173.2324,-1348.593750,1919,1349.2969,0.00,1,0.00
7.837264,173.2324,-1348.593750,1919,1349.2969,0.00,1,0.00
7.838265,173.2324,-1348.593750,1919,1349.2969,0.00,1,0.00
7.839266,173.3203,-1348.505859,1919,1349.2969,0.00,1,0.00
7.840267,173.3203,-1348.505859,1919,1349.2969,0.00,1,0.00
7.841268,173.3203,-1348.505859,1919,1349.2969,0.00,1,0.00
7.842269,173.3203,-1348.505859,1919,1349.2969,0.00,1,0.00
7.843270,173.3203,-1348.505859,1919,1349.2969,0.00,1,0.00
7.844271,173.2324,-1348.593750,1919,1349.2969,0.00,1,0.00
7.845272,173.2324,-1348.593750,1919,1349.2969,0.00,1,0.00
7.846273,173.2324,-1348.593750,1919,1349.2969,0.00,1,0.00
7.847274,173.2324,-1348.593750,1919,1349.2969,0.00,1,0.00
7.848275,173.2324,-1348.593750,1919,1349.2969,0.00,1,0.00
7.849276,173.2324,-1348.593750,1919,1349.2969,0.00,1,0.00
7.850277,173.2324,-1348.593750,1919,1349.2969,0.00,1,0.00
7.851278,173.2324,-1348.593750,1919,1349.2969,0.00,1,0.00
7.852279,173.3203,-1348.505859,1919,1349.2969,0.00,1,0.00
7.853280,173.3203,-1348.505859,1919,1349.2969,0.00,1,0.00
7.854281,173.2324,-1348.593750,1919,1349.2969,0.00,1,0.00
7.855282,173.2324,-1348.593750,1919,1349.2969,0.00,1,0.00
7.856283,173.2324,-1348.593750,1919,1349.2969,0.00,1,0.00
7.857284,173.2324,-1348.593750,1919,1349.2969,0.00,1,0.00
7.858285,173.3203,-1348.505859,1919,1349.2969,0.00,1,0.00
7.859286,173.2324,-1348.593750,1919,1349.2969,0.00,1,0.00
7.860287,173.3203,-1348.505859,1919,1349.2969,0.00,1,0.00
7.861288,173.3203,-1348.505859,1919,1349.2969,0.00,1,0.00
7.868558,173.2324,-1348.593750,1919,1349.2969,0.00,1,0.00
7.869559,173.2324,-1348.593750,1919,1349.2969,0.00,1,0.00
7.870559,173.2324,-1348.593750,1919,1349.2969,0.00,1,0.00
7.871560,173.2324,-1348.593750,1919,1349.2969,0.00,1,0.00
7.872561,173.2324,-1348.593750,1919,1349.2969,0.00,1,0.00
7.873562,173.2324,-1348.593750,1919,1349.2969,0.00,1,0.00
7.874563,173.3203,-1348.505859,1919,1349.2969,0.00,1,0.00
7.875564,173.3203,-1348.505859,1919,1349.2969,0.00,1,0.00
7.876565,173.3203,-1348.505859,1919,1349.2969,0.00,1,0.00
7.877566,173.3203,-1348.505859,1919,1349.2969,0.00,1,0.00
7.878567,173.3203,-1348.505859,1919,1349.2969,0.00,1,0.00
7.879567,173.2324,-1348.593750,1919,1349.2969,0.00,1,0.00
7.880568,173.2324,-1348.593750,1919,1349.2969,0.00,1,0.00
7.881569,173.1445,-1348.681641,1919,1349.2969,0.00,1,0.00
7.882570,173.2324,-1348.593750,1919,1349.2969,0.00,1,0.00
7.883570,173.2324,-1348.593750,1919,1349.2969,0.00,1,0.00
7.884571,173.2324,-1348.593750,1919,1349.2969,0.00,1,0.00
7.885572,173.2324,-1348.593750,1919,1349.2969,0.00,1,0.00
7.886573,173.2324,-1348.593750,1919,1349.2969,0.00,1,0.00
7.887574,173.2324,-1348.593750,1919,1349.2969,0.00,1,0.00
7.888575,173.2324,-1348.593750,1919,1349.2969,0.00,1,0.00
7.889576,173.2324,-1348.593750,1919,1349.2969,0.00,1,0.00
7.890577,173.3203,-1348.505859,1919,1349.2969,0.00,1,0.00
7.891578,173.2324,-1348.593750,1919,1349.2969,0.00,1,0.00
7.892579,173.2324,-1348.593750,1919,1349.2969,0.00,1,0.00
7.893580,173.2324,-1348.593750,1919,1349.2969,0.00,1,0.00
7.894581,173.2324,-1348.593750,1919,1349.2969,0.00,1,0.00
7.895582,173.2324,-1348.593750,1919,1349.2969,0.00,1,0.00
7.896583,173.2324,-1348.593750,1919,1349.2969,0.00,1,0.00
7.897584,173.3203,-1348.505859,1919,1349.2969,0.00,1,0.00
7.898585,173.3203,-1348.505859,1919,1349.2969,0.00,1,0.00
7.899586,173.2324,-1348.593750,1919,1349.2969,0.00,1,0.00
7.900587,173.3203,-1348.505859,1919,1349.2969,0.00,1,0.00
7.901588,173.3203,-1348.505859,1919,1349.2969,0.00,1,0.00
7.902589,173.2324,-1348.593750,1919,1349.2969,0.00,1,0.00
7.903590,173.1445,-1348.681641,1919,1349.2969,0.00,1,0.00
7.904591,173.2324,-1348.593750,1919,1349.2969,0.00,1,0.00
7.905592,173.2324,-1348.593750,1919,1349.2969,0.00,1,0.00
7.906593,173.2324,-1348.593750,1919,1349.2969,0.00,1,0.00
7.907594,173.2324,-1348.593750,1919,1349.2969,0.00,1,0.00
7.908595,173.3203,-1348.505859,1919,1349.2969,0.00,1,0.00
7.909596,173.3203,-1348.505859,1919,1349.2969,0.00,1,0.00
7.910597,173.3203,-1348.505859,1919,1349.2969,0.00,1,0.00
7.911598,173.2324,-1348.593750,1919,1349.2969,0.00,1,0.00
7.912599,173.2324,-1348.593750,1919,1349.2969,0.00,1,0.00
7.913600,173.2324,-1348.593750,1919,1349.2969,0.00,1,0.00
7.914601,173.2324,-1348.593750,1919,1349.2969,0.00,1,0.00
7.915602,173.2324,-1348.593750,1919,1349.2969,0.00,1,0.00
7.916603,173.3203,-1348.505859,1919,1349.2969,0.00,1,0.00
7.917604,173.3203,-1348.505859,1919,1349.2969,0.00,1,0.00
7.924877,173.2324,-1348.593750,1919,1349.2969,0.00,1,0.00
7.925878,173.2324,-1348.593750,1919,1349.2969,0.00,1,0.00
7.926879,173.2324,-1348.593750,1919,1349.2969,0.00,1,0.00
7.927880,173.2324,-1348.593750,1919,1349.2969,0.00,1,0.00
7.928880,173.2324,-1348.593750,1919,1349.2969,0.00,1,0.00
7.929881,173.2324,-1348.593750,1919,1349.2969,0.00,1,0.00
7.930882,173.2324,-1348.593750,1919,1349.2969,0.00,1,0.00
7.931883,173.3203,-1348.505859,1919,1349.2969,0.00,1,0.00
7.932884,173.3203,-1348.505859,1919,1349.2969,0.00,1,0.00
7.933885,173.2324,-1348.593750,1919,1349.2969,0.00,1,0.00
7.934886,173.2324,-1348.593750,1919,1349.2969,0.00,1,0.00
7.935887,173.3203,-1348.505859,1919,1349.2969,0.00,1,0.00
7.936888,173.2324,-1348.593750,1919,1349.2969,0.00,1,0.00
7.937889,173.2324,-1348.593750,1919,1349.2969,0.00,1,0.00
7.938890,173.2324,-1348.593750,1919,1349.2969,0.00,1,0.00
7.939891,173.2324,-1348.593750,1919,1349.2969,0.00,1,0.00
7.940892,173.3203,-1348.505859,1919,1349.2969,0.00,1,0.00
7.941892,173.2324,-1348.593750,1919,1349.2969,0.00,1,0.00
7.942893,173.2324,-1348.593750,1919,1349.2969,0.00,1,0.00
7.943894,173.2324,-1348.593750,1919,1349.2969,0.00,1,0.00
7.944895,173.1445,-1348.681641,1919,1349.2969,0.00,1,0.00
7.945895,173.1445,-1348.681641,1919,1349.2969,0.00,1,0.00
7.946896,173.2324,-1348.593750,1919,1349.2969,0.00,1,0.00
7.947897,173.2324,-1348.593750,1919,1349.2969,0.00,1,0.00
7.948898,173.2324,-1348.593750,1919,1349.2969,0.00,1,0.00
7.949899,173.2324,-1348.593750,1919,1349.2969,0.00,1,0.00
7.950900,173.2324,-1348.593750,1919,1349.2969,0.00,1,0.00
7.951901,173.3203,-1348.505859,1919,1349.2969,0.00,1,0.00
7.952902,173.2324,-1348.593750,1919,1349.2969,0.00,1,0.00
7.953903,173.2324,-1348.593750,1919,1349.2969,0.00,1,0.00
7.954904,173.3203,-1348.505859,1919,1349.2969,0.00,1,0.00
7.955905,173.2324,-1348.593750,1919,1349.2969,0.00,1,0.00
7.956906,173.3203,-1348.505859,1919,1349.2969,0.00,1,0.00
7.957907,173.3203,-1348.505859,1919,1349.2969,0.00,1,0.00
7.958908,173.3203,-1348.505859,1919,1349.2969,0.00,1,0.00
7.959909,173.2324,-1348.593750,1919,1349.2969,0.00,1,0.00
7.960910,173.2324,-1348.593750,1919,1349.2969,0.00,1,0.00
7.961911,173.2324,-1348.593750,1919,1349.2969,0.00,1,0.00
7.962912,173.2324,-1348.593750,1919,1349.2969,0.00,1,0.00
7.963913,173.2324,-1348.593750,1919,1349.2969,0.00,1,0.00
7.964914,173.2324,-1348.593750,1919,1349.2969,0.00,1,0.00
7.965915,173.3203,-1348.505859,1919,1349.2969,0.00,1,0.00
7.966916,173.3203,-1348.505859,1919,1349.2969,0.00,1,0.00
7.967917,173.2324,-1348.593750,1919,1349.2969,0.00,1,0.00
7.968918,173.2324,-1348.593750,1919,1349.2969,0.00,1,0.00
7.969919,173.2324,-1348.593750,1919,1349.2969,0.00,1,0.00
7.970920,173.3203,-1348.505859,1919,1349.2969,0.00,1,0.00
7.971921,173.2324,-1348.593750,1919,1349.2969,0.00,1,0.00
7.972922,173.2324,-1348.593750,1919,1349.2969,0.00,1,0.00
7.973923,173.2324,-1348.593750,1919,1349.2969,0.00,1,0.00
7.981779,173.1445,-1348.681641,1919,1349.2969,0.00,1,0.00
7.982780,173.2324,-1348.593750,1919,1349.2969,0.00,1,0.00
7.983781,173.2324,-1348.593750,1919,1349.2969,0.00,1,0.00
7.984782,173.2324,-1348.593750,1919,1349.2969,0.00,1,0.00
7.985782,173.2324,-1348.593750,1919,1349.2969,0.00,1,0.00
7.986783,173.2324,-1348.593750,1919,1349.2969,0.00,1,0.00
7.987784,173.2324,-1348.593750,1919,1349.2969,0.00,1,0.00
7.988785,173.3203,-1348.505859,1919,1349.2969,0.00,1,0.00
7.989785,173.3203,-1348.505859,1919,1349.2969,0.00,1,0.00
7.990786,173.2324,-1348.593750,1919,1349.2969,0.00,1,0.00
7.991787,173.3203,-1348.505859,1919,1349.2969,0.00,1,0.00
7.992788,173.2324,-1348.593750,1919,1349.2969,0.00,1,0.00
7.993789,173.3203,-1348.505859,1919,1349.2969,0.00,1,0.00
7.994790,173.3203,-1348.505859,1919,1349.2969,0.00,1,0.00
7.995791,173.2324,-1348.593750,1919,1349.2969,0.00,1,0.00
7.996792,173.3203,-1348.505859,1919,1349.2969,0.00,1,0.00
7.997793,173.2324,-1348.593750,1919,1349.2969,0.00,1,0.00
7.998794,173.2324,-1348.593750,1919,1349.2969,0.00,1,0.00
7.999795,173.3203,-1348.505859,1919,1349.2969,0.00,1,0.00
8.000795,173.3203,-1348.505859,1919,1349.2969,0.00,1,0.00
8.001796,173.2324,-1348.593750,1919,1349.2969,0.00,1,0.00
8.002796,173.2324,-1348.593750,1919,1349.2969,0.00,1,0.00
8.003797,173.2324,-1348.593750,1919,1349.2969,0.00,1,0.00
8.004797,173.2324,-1348.593750,1919,1349.2969,0.00,1,0.00
8.005797,173.2324,-1348.593750,1919,1349.2969,0.00,1,0.00
8.006798,173.1445,-1348.681641,1919,1349.2969,0.00,1,0.00
8.007798,173.1445,-1348.681641,1919,1349.2969,0.00,1,0.00
8.008799,173.2324,-1348.593750,1919,1349.2969,0.00,1,0.00
8.009799,173.2324,-1348.593750,1919,1349.2969,0.00,1,0.00
8.010799,173.1445,-1348.681641,1919,1349.2969,0.00,1,0.00
8.011800,173.2324,-1348.593750,1919,1349.2969,0.00,1,0.00
8.012800,173.2324,-1348.593750,1919,1349.2969,0.00,1,0.00
8.013801,173.2324,-1348.593750,1919,1349.2969,0.00,1,0.00
8.014801,173.2324,-1348.593750,1919,1349.2969,0.00,1,0.00
8.015801,173.3203,-1348.505859,1919,1349.2969,0.00,1,0.00
8.016802,173.2324,-1348.593750,1919,1349.2969,0.00,1,0.00
8.017802,173.2324,-1348.593750,1919,1349.2969,0.00,1,0.00
8.018803,173.2324,-1348.593750,1919,1349.2969,0.00,1,0.00
8.019803,173.2324,-1348.593750,1919,1349.2969,0.00,1,0.00
8.020803,173.3203,-1348.505859,1919,1349.2969,0.00,1,0.00
8.021804,173.2324,-1348.593750,1919,1349.2969,0.00,1,0.00
8.022804,173.2324,-1348.593750,1919,1349.2969,0.00,1,0.00
8.023805,173.2324,-1348.593750,1919,1349.2969,0.00,1,0.00
8.024805,173.2324,-1348.593750,1919,1349.2969,0.00,1,0.00
8.025806,173.2324,-1348.593750,1919,1349.2969,0.00,1,0.00
8.026807,173.2324,-1348.593750,1919,1349.2969,0.00,1,0.00
8.027807,173.2324,-1348.593750,1919,1349.2969,0.00,1,0.00
8.028808,173.2324,-1348.593750,1919,1349.2969,0.00,1,0.00
8.029808,173.2324,-1348.593750,1919,1349.2969,0.00,1,0.00
8.030808,173.2324,-1348.593750,1919,1349.2969,0.00,1,0.00
8.037925,173.2324,-1348.593750,1919,1349.2969,0.00,1,0.00
8.038925,173.2324,-1348.593750,1919,1349.2969,0.00,1,0.00
8.039926,173.2324,-1348.593750,1919,1349.2969,0.00,1,0.00
8.040926,173.2324,-1348.593750,1919,1349.2969,0.00,1,0.00
8.041926,173.2324,-1348.593750,1919,1349.2969,0.00,1,0.00
8.042927,173.2324,-1348.593750,1919,1349.2969,0.00,1,0.00
8.043927,173.2324,-1348.593750,1919,1349.2969,0.00,1,0.00
8.044928,173.2324,-1348.593750,1919,1349.2969,0.00,1,0.00
8.045928,173.1445,-1348.681641,1919,1349.2969,0.00,1,0.00
8.046928,173.2324,-1348.593750,1919,1349.2969,0.00,1,0.00
8.047929,173.2324,-1348.593750,1919,1349.2969,0.00,1,0.00
8.048929,173.2324,-1348.593750,1919,1349.2969,0.00,1,0.00
8.049930,173.2324,-1348.593750,1919,1349.2969,0.00,1,0.00
8.050930,173.2324,-1348.593750,1919,1349.2969,0.00,1,0.00
8.051930,173.2324,-1348.593750,1919,1349.2969,0.00,1,0.00
8.052931,173.2324,-1348.593750,1919,1349.2969,0.00,1,0.00
8.053931,173.2324,-1348.593750,1919,1349.2969,0.00,1,0.00
8.054932,173.2324,-1348.593750,1919,1349.2969,0.00,1,0.00
8.055932,173.1445,-1348.681641,1919,1349.2969,0.00,1,0.00
8.056932,173.1445,-1348.681641,1919,1349.2969,0.00,1,0.00
8.057933,173.2324,-1348.593750,1919,1349.2969,0.00,1,0.00
8.058933,173.3203,-1348.505859,1919,1349.2969,0.00,1,0.00
8.059934,173.3203,-1348.505859,1919,1349.2969,0.00,1,0.00
8.060934,173.3203,-1348.505859,1919,1349.2969,0.00,1,0.00
8.061935,173.3203,-1348.505859,1919,1349.2969,0.00,1,0.00
8.062936,173.3203,-1348.505859,1919,1349.2969,0.00,1,0.00
8.063936,173.2324,-1348.593750,1919,1349.2969,0.00,1,0.00
8.064937,173.3203,-1348.505859,1919,1349.2969,0.00,1,0.00
8.065937,173.2324,-1348.593750,1919,1349.2969,0.00,1,0.00
8.066937,173.2324,-1348.593750,1919,1349.2969,0.00,1,0.00
8.067938,173.2324,-1348.593750,1919,1349.2969,0.00,1,0.00
8.068938,173.2324,-1348.593750,1919,1349.2969,0.00,1,0.00
8.069939,173.2324,-1348.593750,1919,1349.2969,0.00,1,0.00
8.070939,173.3203,-1348.505859,1919,1349.2969,0.00,1,0.00
8.071940,173.3203,-1348.505859,1919,1349.2969,0.00,1,0.00
8.072941,173.3203,-1348.505859,1919,1349.2969,0.00,1,0.00
8.073941,173.2324,-1348.593750,1919,1349.2969,0.00,1,0.00
8.074942,173.2324,-1348.593750,1919,1349.2969,0.00,1,0.00
8.075942,173.2324,-1348.593750,1919,1349.2969,0.00,1,0.00
8.076942,173.3203,-1348.505859,1919,1349.2969,0.00,1,0.00
8.077943,173.2324,-1348.593750,1919,1349.2969,0.00,1,0.00
8.078943,173.2324,-1348.593750,1919,1349.2969,0.00,1,0.00
8.079944,173.2324,-1348.593750,1919,1349.2969,0.00,1,0.00
8.080944,173.2324,-1348.593750,1919,1349.2969,0.00,1,0.00
8.081945,173.3203,-1348.505859,1919,1349.2969,0.00,1,0.00
8.082946,173.3203,-1348.505859,1919,1349.2969,0.00,1,0.00
8.083946,173.3203,-1348.505859,1919,1349.2969,0.00,1,0.00
8.084947,173.2324,-1348.593750,1919,1349.2969,0.00,1,0.00
8.085947,173.2324,-1348.593750,1919,1349.2969,0.00,1,0.00
8.086947,173.2324,-1348.593750,1919,1349.2969,0.00,1,0.00
8.094172,173.2324,-1348.593750,1919,1349.2969,0.00,1,0.00
8.095172,173.2324,-1348.593750,1919,1349.2969,0.00,1,0.00
8.096172,173.3203,-1348.505859,1919,1349.2969,0.00,1,0.00
8.097173,173.2324,-1348.593750,1919,1349.2969,0.00,1,0.00
8.098173,173.2324,-1348.593750,1919,1349.2969,0.00,1,0.00
8.099174,173.2324,-1348.593750,1919,1349.2969,0.00,1,0.00
8.100174,173.2324,-1348.593750,1919,1349.2969,0.00,1,0.00
8.101174,173.2324,-1348.593750,1919,1349.2969,0.00,1,0.00
8.102175,173.2324,-1348.593750,1919,1349.2969,0.00,1,0.00
8.103175,173.2324,-1348.593750,1919,1349.2969,0.00,1,0.00
8.104176,173.1445,-1348.681641,1919,1349.2969,0.00,1,0.00
8.105176,173.1445,-1348.681641,1919,1349.2969,0.00,1,0.00
8.106176,173.1445,-1348.681641,1919,1349.2969,0.00,1,0.00
8.107177,173.2324,-1348.593750,1919,1349.2969,0.00,1,0.00
8.108177,173.2324,-1348.593750,1919,1349.2969,0.00,1,0.00
8.109178,173.2324,-1348.593750,1919,1349.2969,0.00,1,0.00
8.110178,173.2324,-1348.593750,1919,1349.2969,0.00,1,0.00
8.111178,173.2324,-1348.593750,1919,1349.2969,0.00,1,0.00
8.112179,173.2324,-1348.593750,1919,1349.2969,0.00,1,0.00
8.113179,173.2324,-1348.593750,1919,1349.2969,0.00,1,0.00
8.114180,173.2324,-1348.593750,1919,1349.2969,0.00,1,0.00
8.115180,173.2324,-1348.593750,1919,1349.2969,0.00,1,0.00
8.116180,173.2324,-1348.593750,1919,1349.2969,0.00,1,0.00
8.117181,173.2324,-1348.593750,1919,1349.2969,0.00,1,0.00
8.118181,173.2324,-1348.593750,1919,1349.2969,0.00,1,0.00
8.119182,173.2324,-1348.593750,1919,1349.2969,0.00,1,0.00
8.120182,173.2324,-1348.593750,1919,1349.2969,0.00,1,0.00
8.121182,173.3203,-1348.505859,1919,1349.2969,0.00,1,0.00
8.122183,173.3203,-1348.505859,1919,1349.2969,0.00,1,0.00
8.123183,173.2324,-1348.593750,1919,1349.2969,0.00,1,0.00
8.124184,173.2324,-1348.593750,1919,1349.2969,0.00,1,0.00
8.125184,173.3203,-1348.505859,1919,1349.2969,0.00,1,0.00
8.126185,173.2324,-1348.593750,1919,1349.2969,0.00,1,0.00
8.127186,173.2324,-1348.593750,1919,1349.2969,0.00,1,0.00
8.128186,173.2324,-1348.593750,1919,1349.2969,0.00,1,0.00
8.129187,173.2324,-1348.593750,1919,1349.2969,0.00,1,0.00
8.130187,173.2324,-1348.593750,1919,1349.2969,0.00,1,0.00
8.131187,173.3203,-1348.505859,1919,1349.2969,0.00,1,0.00
8.132188,173.2324,-1348.593750,1919,1349.2969,0.00,1,0.00
8.133188,173.2324,-1348.593750,1919,1349.2969,0.00,1,0.00
8.134189,173.3203,-1348.505859,1919,1349.2969,0.00,1,0.00
8.135189,173.3203,-1348.505859,1919,1349.2969,0.00,1,0.00
8.136190,173.3203,-1348.505859,1919,1349.2969,0.00,1,0.00
8.137191,173.3203,-1348.505859,1919,1349.2969,0.00,1,0.00
8.138191,173.3203,-1348.505859,1919,1349.2969,0.00,1,0.00
8.139192,173.2324,-1348.593750,1919,1349.2969,0.00,1,0.00
8.140192,173.2324,-1348.593750,1919,1349.2969,0.00,1,0.00
8.141192,173.2324,-1348.593750,1919,1349.2969,0.00,1,0.00
8.142193,173.2324,-1348.593750,1919,1349.2969,0.00,1,0.00
8.143193,173.2324,-1348.593750,1919,1349.2969,0.00,1,0.00
8.150441,173.2324,-1348.593750,1919,1349.2969,0.00,1,0.00
8.151442,173.2324,-1348.593750,1919,1349.2969,0.00,1,0.00
8.152442,173.2324,-1348.593750,1919,1349.2969,0.00,1,0.00
8.153442,173.1445,-1348.681641,1919,1349.2969,0.00,1,0.00
8.154443,173.2324,-1348.593750,1919,1349.2969,0.00,1,0.00
8.155443,173.2324,-1348.593750,1919,1349.2969,0.00,1,0.00
8.156444,173.3203,-1348.505859,1919,1349.2969,0.00,1,0.00
8.157444,173.3203,-1348.505859,1919,1349.2969,0.00,1,0.00
8.158444,173.3203,-1348.505859,1919,1349.2969,0.00,1,0.00
8.159445,173.2324,-1348.593750,1919,1349.2969,0.00,1,0.00
8.160445,173.2324,-1348.593750,1919,1349.2969,0.00,1,0.00
8.161446,173.2324,-1348.593750,1919,1349.2969,0.00,1,0.00
8.162446,173.2324,-1348.593750,1919,1349.2969,0.00,1,0.00
8.163446,173.2324,-1348.593750,1919,1349.2969,0.00,1,0.00
8.164447,173.2324,-1348.593750,1919,1349.2969,0.00,1,0.00
8.165447,173.2324,-1348.593750,1919,1349.2969,0.00,1,0.00
8.166448,173.2324,-1348.593750,1919,1349.2969,0.00,1,0.00
8.167448,173.2324,-1348.593750,1919,1349.2969,0.00,1,0.00
8.168448,173.3203,-1348.505859,1919,1349.2969,0.00,1,0.00
8.169449,173.2324,-1348.593750,1919,1349.2969,0.00,1,0.00
8.170449,173.3203,-1348.505859,1919,1349.2969,0.00,1,0.00
8.171450,173.3203,-1348.505859,1919,1349.2969,0.00,1,0.00
8.172450,173.2324,-1348.593750,1919,1349.2969,0.00,1,0.00
8.173451,173.3203,-1348.505859,1919,1349.2969,0.00,1,0.00
8.174452,173.2324,-1348.593750,1919,1349.2969,0.00,1,0.00
8.175452,173.2324,-1348.593750,1919,1349.2969,0.00,1,0.00
8.176453,173.2324,-1348.593750,1919,1349.2969,0.00,1,0.00
8.177453,173.2324,-1348.593750,1919,1349.2969,0.00,1,0.00
8.178453,173.2324,-1348.593750,1919,1349.2969,0.00,1,0.00
8.179454,173.2324,-1348.593750,1919,1349.2969,0.00,1,0.00
8.180454,173.2324,-1348.593750,1919,1349.2969,0.00,1,0.00
8.181455,173.2324,-1348.593750,1919,1349.2969,0.00,1,0.00
8.182455,173.2324,-1348.593750,1919,1349.2969,0.00,1,0.00
8.183456,173.1445,-1348.681641,1919,1349.2969,0.00,1,0.00
8.184457,173.1445,-1348.681641,1919,1349.2969,0.00,1,0.00
8.185457,173.2324,-1348.593750,1919,1349.2969,0.00,1,0.00
8.186458,173.2324,-1348.593750,1919,1349.2969,0.00,1,0.00
8.187458,173.2324,-1348.593750,1919,1349.2969,0.00,1,0.00
8.188458,173.2324,-1348.593750,1919,1349.2969,0.00,1,0.00
8.189459,173.2324,-1348.593750,1919,1349.2969,0.00,1,0.00
8.190459,173.2324,-1348.593750,1919,1349.2969,0.00,1,0.00
8.191460,173.1445,-1348.681641,1919,1349.2969,0.00,1,0.00
8.192460,173.1445,-1348.681641,1919,1349.2969,0.00,1,0.00
8.193461,173.2324,-1348.593750,1919,1349.2969,0.00,1,0.00
8.194462,173.3203,-1348.505859,1919,1349.2969,0.00,1,0.00
8.195462,173.2324,-1348.593750,1919,1349.2969,0.00,1,0.00
8.196463,173.3203,-1348.505859,1919,1349.2969,0.00,1,0.00
8.197463,173.3203,-1348.505859,1919,1349.2969,0.00,1,0.00
8.198463,173.2324,-1348.593750,1919,1349.2969,0.00,1,0.00
8.199464,173.2324,-1348.593750,1919,1349.2969,0.00,1,0.00
8.206738,173.2324,-1348.593750,1919,1349.2969,0.00,1,0.00
8.207738,173.2324,-1348.593750,1919,1349.2969,0.00,1,0.00
8.208738,173.1445,-1348.681641,1919,1349.2969,0.00,1,0.00
8.209739,173.2324,-1348.593750,1919,1349.2969,0.00,1,0.00
8.210739,173.2324,-1348.593750,1919,1349.2969,0.00,1,0.00
8.211740,173.2324,-1348.593750,1919,1349.2969,0.00,1,0.00
8.212740,173.2324,-1348.593750,1919,1349.2969,0.00,1,0.00
8.213740,173.2324,-1348.593750,1919,1349.2969,0.00,1,0.00
8.214741,173.2324,-1348.593750,1919,1349.2969,0.00,1,0.00
8.215741,173.2324,-1348.593750,1919,1349.2969,0.00,1,0.00
8.216742,173.2324,-1348.593750,1919,1349.2969,0.00,1,0.00
8.217742,173.2324,-1348.593750,1919,1349.2969,0.00,1,0.00
8.218742,173.1445,-1348.681641,1919,1349.2969,0.00,1,0.00
8.219743,173.2324,-1348.593750,1919,1349.2969,0.00,1,0.00
8.220743,173.3203,-1348.505859,1919,1349.2969,0.00,1,0.00
8.221744,173.2324,-1348.593750,1919,1349.2969,0.00,1,0.00
8.222744,173.2324,-1348.593750,1919,1349.2969,0.00,1,0.00
8.223744,173.2324,-1348.593750,1919,1349.2969,0.00,1,0.00
8.224745,173.2324,-1348.593750,1919,1349.2969,0.00,1,0.00
8.225745,173.3203,-1348.505859,1919,1349.2969,0.00,1,0.00
8.226746,173.3203,-1348.505859,1919,1349.2969,0.00,1,0.00
8.227746,173.2324,-1348.593750,1919,1349.2969,0.00,1,0.00
8.228746,173.2324,-1348.593750,1919,1349.2969,0.00,1,0.00
8.229747,173.3203,-1348.505859,1919,1349.2969,0.00,1,0.00
8.230747,173.2324,-1348.593750,1919,1349.2969,0.00,1,0.00
8.231748,173.2324,-1348.593750,1919,1349.2969,0.00,1,0.00
8.232748,173.3203,-1348.505859,1919,1349.2969,0.00,1,0.00
8.233748,173.3203,-1348.505859,1919,1349.2969,0.00,1,0.00
8.234749,173.3203,-1348.505859,1919,1349.2969,0.00,1,0.00
8.235749,173.2324,-1348.593750,1919,1349.2969,0.00,1,0.00
8.236750,173.2324,-1348.593750,1919,1349.2969,0.00,1,0.00
8.237750,173.2324,-1348.593750,1919,1349.2969,0.00,1,0.00
8.238751,173.3203,-1348.505859,1919,1349.2969,0.00,1,0.00
8.239752,173.2324,-1348.593750,1919,1349.2969,0.00,1,0.00
8.240752,173.2324,-1348.593750,1919,1349.2969,0.00,1,0.00
8.241753,173.2324,-1348.593750,1919,1349.2969,0.00,1,0.00
8.242753,173.2324,-1348.593750,1919,1349.2969,0.00,1,0.00
8.243753,173.2324,-1348.593750,1919,1349.2969,0.00,1,0.00
8.244754,173.3203,-1348.505859,1919,1349.2969,0.00,1,0.00
8.245754,173.2324,-1348.593750,1919,1349.2969,0.00,1,0.00
8.246755,173.2324,-1348.593750,1919,1349.2969,0.00,1,0.00
8.247755,173.2324,-1348.593750,1919,1349.2969,0.00,1,0.00
8.248755,173.2324,-1348.593750,1919,1349.2969,0.00,1,0.00
8.249756,173.2324,-1348.593750,1919,1349.2969,0.00,1,0.00
8.250756,173.3203,-1348.505859,1919,1349.2969,0.00,1,0.00
8.251757,173.3203,-1348.505859,1919,1349.2969,0.00,1,0.00
8.252757,173.3203,-1348.505859,1919,1349.2969,0.00,1,0.00
8.253758,173.2324,-1348.593750,1919,1349.2969,0.00,1,0.00
8.254759,173.2324,-1348.593750,1919,1349.2969,0.00,1,0.00
8.255759,173.2324,-1348.593750,1919,1349.2969,0.00,1,0.00
8.263034,173.2324,-1348.593750,1919,1349.2969,0.00,1,0.00
8.264034,173.2324,-1348.593750,1919,1349.2969,0.00,1,0.00
8.265035,173.2324,-1348.593750,1919,1349.2969,0.00,1,0.00
8.266035,173.2324,-1348.593750,1919,1349.2969,0.00,1,0.00
8.267036,173.2324,-1348.593750,1919,1349.2969,0.00,1,0.00
8.268037,173.2324,-1348.593750,1919,1349.2969,0.00,1,0.00
8.269037,173.2324,-1348.593750,1919,1349.2969,0.00,1,0.00
8.270038,173.3203,-1348.505859,1919,1349.2969,0.00,1,0.00
8.271038,173.2324,-1348.593750,1919,1349.2969,0.00,1,0.00
8.272039,173.2324,-1348.593750,1919,1349.2969,0.00,1,0.00
8.273040,173.2324,-1348.593750,1919,1349.2969,0.00,1,0.00
8.274040,173.2324,-1348.593750,1919,1349.2969,0.00,1,0.00
8.275041,173.2324,-1348.593750,1919,1349.2969,0.00,1,0.00
8.276041,173.2324,-1348.593750,1919,1349.2969,0.00,1,0.00
8.277041,173.3203,-1348.505859,1919,1349.2969,0.00,1,0.00
8.278042,173.3203,-1348.505859,1919,1349.2969,0.00,1,0.00
8.279042,173.3203,-1348.505859,1919,1349.2969,0.00,1,0.00
8.280043,173.3203,-1348.505859,1919,1349.2969,0.00,1,0.00
8.281043,173.3203,-1348.505859,1919,1349.2969,0.00,1,0.00
8.282044,173.2324,-1348.593750,1919,1349.2969,0.00,1,0.00
8.283045,173.2324,-1348.593750,1919,1349.2969,0.00,1,0.00
8.284045,173.2324,-1348.593750,1919,1349.2969,0.00,1,0.00
8.285046,173.3203,-1348.505859,1919,1349.2969,0.00,1,0.00
8.286046,173.2324,-1348.593750,1919,1349.2969,0.00,1,0.00
8.287046,173.2324,-1348.593750,1919,1349.2969,0.00,1,0.00
8.288047,173.1445,-1348.681641,1919,1349.2969,0.00,1,0.00
8.289047,173.2324,-1348.593750,1919,1349.2969,0.00,1,0.00
8.290048,173.2324,-1348.593750,1919,1349.2969,0.00,1,0.00
8.291048,173.2324,-1348.593750,1919,1349.2969,0.00,1,0.00
8.292048,173.2324,-1348.593750,1919,1349.2969,0.00,1,0.00
8.293049,173.3203,-1348.505859,1919,1349.2969,0.00,1,0.00
8.294049,173.2324,-1348.593750,1919,1349.2969,0.00,1,0.00
8.295050,173.2324,-1348.593750,1919,1349.2969,0.00,1,0.00
8.296050,173.2324,-1348.593750,1919,1349.2969,0.00,1,0.00
8.297051,173.2324,-1348.593750,1919,1349.2969,0.00,1,0.00
8.298052,173.2324,-1348.593750,1919,1349.2969,0.00,1,0.00
8.299052,173.2324,-1348.593750,1919,1349.2969,0.00,1,0.00
8.300053,173.1445,-1348.681641,1919,1349.2969,0.00,1,0.00
8.301053,173.2324,-1348.593750,1919,1349.2969,0.00,1,0.00
8.302053,173.2324,-1348.593750,1919,1349.2969,0.00,1,0.00
8.303054,173.2324,-1348.593750,1919,1349.2969,0.00,1,0.00
8.304054,173.3203,-1348.505859,1919,1349.2969,0.00,1,0.00
8.305055,173.2324,-1348.593750,1919,1349.2969,0.00,1,0.00
8.306055,173.2324,-1348.593750,1919,1349.2969,0.00,1,0.00
8.307056,173.1445,-1348.681641,1919,1349.2969,0.00,1,0.00
8.308057,173.1445,-1348.681641,1919,1349.2969,0.00,1,0.00
8.309057,173.2324,-1348.593750,1919,1349.2969,0.00,1,0.00
8.310058,173.1445,-1348.681641,1919,1349.2969,0.00,1,0.00
8.311058,173.2324,-1348.593750,1919,1349.2969,0.00,1,0.00
8.312058,173.3203,-1348.505859,1919,1349.2969,0.00,1,0.00
8.319792,173.2324,-1348.593750,1919,1349.2969,0.00,1,0.00
8.320792,173.2324,-1348.593750,1919,1349.2969,0.00,1,0.00
8.321793,173.2324,-1348.593750,1919,1349.2969,0.00,1,0.00
8.322793,173.2324,-1348.593750,1919,1349.2969,0.00,1,0.00
8.323793,173.3203,-1348.505859,1919,1349.2969,0.00,1,0.00
8.324794,173.3203,-1348.505859,1919,1349.2969,0.00,1,0.00
8.325794,173.2324,-1348.593750,1919,1349.2969,0.00,1,0.00
8.326795,173.2324,-1348.593750,1919,1349.2969,0.00,1,0.00
8.327795,173.3203,-1348.505859,1919,1349.2969,0.00,1,0.00
8.328795,173.3203,-1348.505859,1919,1349.2969,0.00,1,0.00
8.329796,173.3203,-1348.505859,1919,1349.2969,0.00,1,0.00
8.330796,173.2324,-1348.593750,1919,1349.2969,0.00,1,0.00
8.331797,173.2324,-1348.593750,1919,1349.2969,0.00,1,0.00
8.332797,173.3203,-1348.505859,1919,1349.2969,0.00,1,0.00
8.333797,173.2324,-1348.593750,1919,1349.2969,0.00,1,0.00
8.334798,173.2324,-1348.593750,1919,1349.2969,0.00,1,0.00
8.335798,173.2324,-1348.593750,1919,1349.2969,0.00,1,0.00
8.336799,173.2324,-1348.593750,1919,1349.2969,0.00,1,0.00
8.337799,173.2324,-1348.593750,1919,1349.2969,0.00,1,0.00
8.338800,173.3203,-1348.505859,1919,1349.2969,0.00,1,0.00
8.339801,173.3203,-1348.505859,1919,1349.2969,0.00,1,0.00
8.340801,173.2324,-1348.593750,1919,1349.2969,0.00,1,0.00
8.341802,173.2324,-1348.593750,1919,1349.2969,0.00,1,0.00
8.342802,173.2324,-1348.593750,1919,1349.2969,0.00,1,0.00
8.343802,173.2324,-1348.593750,1919,1349.2969,0.00,1,0.00
8.344803,173.3203,-1348.505859,1919,1349.2969,0.00,1,0.00
8.345803,173.3203,-1348.505859,1919,1349.2969,0.00,1,0.00
8.346804,173.2324,-1348.593750,1919,1349.2969,0.00,1,0.00
8.347804,173.2324,-1348.593750,1919,1349.2969,0.00,1,0.00
8.348805,173.3203,-1348.505859,1919,1349.2969,0.00,1,0.00
8.349806,173.3203,-1348.505859,1919,1349.2969,0.00,1,0.00
8.350806,173.2324,-1348.593750,1919,1349.2969,0.00,1,0.00
8.351807,173.1445,-1348.681641,1919,1349.2969,0.00,1,0.00
8.352807,173.2324,-1348.593750,1919,1349.2969,0.00,1,0.00
8.353807,173.2324,-1348.593750,1919,1349.2969,0.00,1,0.00
8.354808,173.2324,-1348.593750,1919,1349.2969,0.00,1,0.00
8.355808,173.2324,-1348.593750,1919,1349.2969,0.00,1,0.00
8.356809,173.2324,-1348.593750,1919,1349.2969,0.00,1,0.00
8.357809,173.2324,-1348.593750,1919,1349.2969,0.00,1,0.00
8.358810,173.2324,-1348.593750,1919,1349.2969,0.00,1,0.00
8.359811,173.2324,-1348.593750,1919,1349.2969,0.00,1,0.00
8.360811,173.2324,-1348.593750,1919,1349.2969,0.00,1,0.00
8.361812,173.2324,-1348.593750,1919,1349.2969,0.00,1,0.00
8.362812,173.2324,-1348.593750,1919,1349.2969,0.00,1,0.00
8.363812,173.2324,-1348.593750,1919,1349.2969,0.00,1,0.00
8.364813,173.2324,-1348.593750,1919,1349.2969,0.00,1,0.00
8.365813,173.2324,-1348.593750,1919,1349.2969,0.00,1,0.00
8.366814,173.2324,-1348.593750,1919,1349.2969,0.00,1,0.00
8.367814,173.2324,-1348.593750,1919,1349.2969,0.00,1,0.00
8.368815,173.2324,-1348.593750,1919,1349.2969,0.00,1,0.00
8.376063,173.1445,-1348.681641,1919,1349.2969,0.00,1,0.00
8.377064,173.2324,-1348.593750,1919,1349.2969,0.00,1,0.00
8.378064,173.2324,-1348.593750,1919,1349.2969,0.00,1,0.00
8.379065,173.2324,-1348.593750,1919,1349.2969,0.00,1,0.00
8.380065,173.2324,-1348.593750,1919,1349.2969,0.00,1,0.00
8.381065,173.2324,-1348.593750,1919,1349.2969,0.00,1,0.00
8.382066,173.3203,-1348.505859,1919,1349.2969,0.00,1,0.00
8.383066,173.2324,-1348.593750,1919,1349.2969,0.00,1,0.00
8.384067,173.2324,-1348.593750,1919,1349.2969,0.00,1,0.00
8.385067,173.2324,-1348.593750,1919,1349.2969,0.00,1,0.00
8.386067,173.2324,-1348.593750,1919,1349.2969,0.00,1,0.00
8.387068,173.2324,-1348.593750,1919,1349.2969,0.00,1,0.00
8.388068,173.2324,-1348.593750,1919,1349.2969,0.00,1,0.00
8.389069,173.2324,-1348.593750,1919,1349.2969,0.00,1,0.00
8.390069,173.2324,-1348.593750,1919,1349.2969,0.00,1,0.00
8.391069,173.2324,-1348.593750,1919,1349.2969,0.00,1,0.00
8.392070,173.2324,-1348.593750,1919,1349.2969,0.00,1,0.00
8.393070,173.2324,-1348.593750,1919,1349.2969,0.00,1,0.00
8.394071,173.2324,-1348.593750,1919,1349.2969,0.00,1,0.00
8.395071,173.2324,-1348.593750,1919,1349.2969,0.00,1,0.00
8.396071,173.3203,-1348.505859,1919,1349.2969,0.00,1,0.00
8.397072,173.2324,-1348.593750,1919,1349.2969,0.00,1,0.00
8.398072,173.2324,-1348.593750,1919,1349.2969,0.00,1,0.00
8.399073,173.1445,-1348.681641,1919,1349.2969,0.00,1,0.00
8.400073,173.1445,-1348.681641,1919,1349.2969,0.00,1,0.00
8.401074,173.2324,-1348.593750,1919,1349.2969,0.00,1,0.00
8.402075,173.2324,-1348.593750,1919,1349.2969,0.00,1,0.00
8.403075,173.2324,-1348.593750,1919,1349.2969,0.00,1,0.00
8.404076,173.2324,-1348.593750,1919,1349.2969,0.00,1,0.00
8.405076,173.2324,-1348.593750,1919,1349.2969,0.00,1,0.00
8.406076,173.2324,-1348.593750,1919,1349.2969,0.00,1,0.00
8.407077,173.2324,-1348.593750,1919,1349.2969,0.00,1,0.00
8.408077,173.2324,-1348.593750,1919,1349.2969,0.00,1,0.00
8.409078,173.1445,-1348.681641,1919,1349.2969,0.00,1,0.00
8.410078,173.2324,-1348.593750,1919,1349.2969,0.00,1,0.00
8.411078,173.2324,-1348.593750,1919,1349.2969,0.00,1,0.00
8.412079,173.3203,-1348.505859,1919,1349.2969,0.00,1,0.00
8.413079,173.3203,-1348.505859,1919,1349.2969,0.00,1,0.00
8.414080,173.3203,-1348.505859,1919,1349.2969,0.00,1,0.00
8.415080,173.3203,-1348.505859,1919,1349.2969,0.00,1,0.00
8.416081,173.3203,-1348.505859,1919,1349.2969,0.00,1,0.00
8.417082,173.3203,-1348.505859,1919,1349.2969,0.00,1,0.00
8.418082,173.3203,-1348.505859,1919,1349.2969,0.00,1,0.00
8.419083,173.2324,-1348.593750,1919,1349.2969,0.00,1,0.00
8.420083,173.2324,-1348.593750,1919,1349.2969,0.00,1,0.00
8.421083,173.2324,-1348.593750,1919,1349.2969,0.00,1,0.00
8.422084,173.3203,-1348.505859,1919,1349.2969,0.00,1,0.00
8.423084,173.3203,-1348.505859,1919,1349.2969,0.00,1,0.00
8.424085,173.3203,-1348.505859,1919,1349.2969,0.00,1,0.00
8.425085,173.2324,-1348.593750,1919,1349.2969,0.00,1,0.00
8.432373,173.2324,-1348.593750,1919,1349.2969,0.00,1,0.00
8.433373,173.2324,-1348.593750,1919,1349.2969,0.00,1,0.00
8.434374,173.2324,-1348.593750,1919,1349.2969,0.00,1,0.00
8.435374,173.3203,-1348.505859,1919,1349.2969,0.00,1,0.00
8.436375,173.2324,-1348.593750,1919,1349.2969,0.00,1,0.00
8.437375,173.2324,-1348.593750,1919,1349.2969,0.00,1,0.00
8.438376,173.2324,-1348.593750,1919,1349.2969,0.00,1,0.00
8.439377,173.2324,-1348.593750,1919,1349.2969,0.00,1,0.00
8.440377,173.1445,-1348.681641,1919,1349.2969,0.00,1,0.00
8.441378,173.2324,-1348.593750,1919,1349.2969,0.00,1,0.00
8.442378,173.2324,-1348.593750,1919,1349.2969,0.00,1,0.00
8.443378,173.2324,-1348.593750,1919,1349.2969,0.00,1,0.00
8.444379,173.3203,-1348.505859,1919,1349.2969,0.00,1,0.00
8.445379,173.2324,-1348.593750,1919,1349.2969,0.00,1,0.00
8.446380,173.2324,-1348.593750,1919,1349.2969,0.00,1,0.00
8.447380,173.2324,-1348.593750,1919,1349.2969,0.00,1,0.00
8.448381,173.1445,-1348.681641,1919,1349.2969,0.00,1,0.00
8.449382,173.2324,-1348.593750,1919,1349.2969,0.00,1,0.00
8.450382,173.3203,-1348.505859,1919,1349.2969,0.00,1,0.00
8.451383,173.2324,-1348.593750,1919,1349.2969,0.00,1,0.00
8.452383,173.2324,-1348.593750,1919,1349.2969,0.00,1,0.00
8.453383,173.2324,-1348.593750,1919,1349.2969,0.00,1,0.00
8.454384,173.2324,-1348.593750,1919,1349.2969,0.00,1,0.00
8.455384,173.2324,-1348.593750,1919,1349.2969,0.00,1,0.00
8.456385,173.2324,-1348.593750,1919,1349.2969,0.00,1,0.00
8.457385,173.3203,-1348.505859,1919,1349.2969,0.00,1,0.00
8.458386,173.2324,-1348.593750,1919,1349.2969,0.00,1,0.00
8.459387,173.1445,-1348.681641,1919,1349.2969,0.00,1,0.00
8.460387,173.2324,-1348.593750,1919,1349.2969,0.00,1,0.00
8.461388,173.2324,-1348.593750,1919,1349.2969,0.00,1,0.00
8.462388,173.2324,-1348.593750,1919,1349.2969,0.00,1,0.00
8.463388,173.3203,-1348.505859,1919,1349.2969,0.00,1,0.00
8.464389,173.2324,-1348.593750,1919,1349.2969,0.00,1,0.00
8.465389,173.2324,-1348.593750,1919,1349.2969,0.00,1,0.00
8.466390,173.2324,-1348.593750,1919,1349.2969,0.00,1,0.00
8.467390,173.2324,-1348.593750,1919,1349.2969,0.00,1,0.00
8.468391,173.2324,-1348.593750,1919,1349.2969,0.00,1,0.00
8.469392,173.2324,-1348.593750,1919,1349.2969,0.00,1,0.00
8.470392,173.3203,-1348.505859,1919,1349.2969,0.00,1,0.00
8.471393,173.3203,-1348.505859,1919,1349.2969,0.00,1,0.00
8.472393,173.3203,-1348.505859,1919,1349.2969,0.00,1,0.00
8.473393,173.3203,-1348.505859,1919,1349.2969,0.00,1,0.00
8.474394,173.3203,-1348.505859,1919,1349.2969,0.00,1,0.00
8.475394,173.2324,-1348.593750,1919,1349.2969,0.00,1,0.00
8.476395,173.3203,-1348.505859,1919,1349.2969,0.00,1,0.00
8.477395,173.3203,-1348.505859,1919,1349.2969,0.00,1,0.00
8.478396,173.3203,-1348.505859,1919,1349.2969,0.00,1,0.00
8.479397,173.3203,-1348.505859,1919,1349.2969,0.00,1,0.00
8.480397,173.2324,-1348.593750,1919,1349.2969,0.00,1,0.00
8.481398,173.2324,-1348.593750,1919,1349.2969,0.00,1,0.00
8.490394,173.2324,-1348.593750,1919,1349.2969,0.00,1,0.00
8.491394,173.2324,-1348.593750,1919,1349.2969,0.00,1,0.00
8.492394,173.2324,-1348.593750,1919,1349.2969,0.00,1,0.00
8.493395,173.2324,-1348.593750,1919,1349.2969,0.00,1,0.00
8.494395,173.2324,-1348.593750,1919,1349.2969,0.00,1,0.00
8.495396,173.2324,-1348.593750,1919,1349.2969,0.00,1,0.00
8.496396,173.2324,-1348.593750,1919,1349.2969,0.00,1,0.00
8.497397,173.3203,-1348.505859,1919,1349.2969,0.00,1,0.00
8.498398,173.3203,-1348.505859,1919,1349.2969,0.00,1,0.00
8.499398,173.3203,-1348.505859,1919,1349.2969,0.00,1,0.00
8.500399,173.2324,-1348.593750,1919,1349.2969,0.00,1,0.00
8.501399,173.2324,-1348.593750,1919,1349.2969,0.00,1,0.00
8.502399,173.2324,-1348.593750,1919,1349.2969,0.00,1,0.00
8.503400,173.3203,-1348.505859,1919,1349.2969,0.00,1,0.00
8.504400,173.2324,-1348.593750,1919,1349.2969,0.00,1,0.00
8.505401,173.2324,-1348.593750,1919,1349.2969,0.00,1,0.00
8.506401,173.2324,-1348.593750,1919,1349.2969,0.00,1,0.00
8.507402,173.2324,-1348.593750,1919,1349.2969,0.00,1,0.00
8.508403,173.2324,-1348.593750,1919,1349.2969,0.00,1,0.00
8.509403,173.2324,-1348.593750,1919,1349.2969,0.00,1,0.00
8.510404,173.2324,-1348.593750,1919,1349.2969,0.00,1,0.00
8.511404,173.1445,-1348.681641,1919,1349.2969,0.00,1,0.00
8.512404,173.1445,-1348.681641,1919,1349.2969,0.00,1,0.00
8.513405,173.2324,-1348.593750,1919,1349.2969,0.00,1,0.00
8.514405,173.2324,-1348.593750,1919,1349.2969,0.00,1,0.00
8.515406,173.2324,-1348.593750,1919,1349.2969,0.00,1,0.00
8.516406,173.2324,-1348.593750,1919,1349.2969,0.00,1,0.00
8.517407,173.2324,-1348.593750,1919,1349.2969,0.00,1,0.00
8.518408,173.2324,-1348.593750,1919,1349.2969,0.00,1,0.00
8.519408,173.2324,-1348.593750,1919,1349.2969,0.00,1,0.00
8.520409,173.3203,-1348.505859,1919,1349.2969,0.00,1,0.00
8.521409,173.3203,-1348.505859,1919,1349.2969,0.00,1,0.00
8.522409,173.3203,-1348.505859,1919,1349.2969,0.00,1,0.00
8.523410,173.2324,-1348.593750,1919,1349.2969,0.00,1,0.00
8.524410,173.2324,-1348.593750,1919,1349.2969,0.00,1,0.00
8.525411,173.3203,-1348.505859,1919,1349.2969,0.00,1,0.00
8.526411,173.2324,-1348.593750,1919,1349.2969,0.00,1,0.00
8.527412,173.2324,-1348.593750,1919,1349.2969,0.00,1,0.00
8.528413,173.2324,-1348.593750,1919,1349.2969,0.00,1,0.00
8.529413,173.2324,-1348.593750,1919,1349.2969,0.00,1,0.00
8.530414,173.2324,-1348.593750,1919,1349.2969,0.00,1,0.00
8.531414,173.2324,-1348.593750,1919,1349.2969,0.00,1,0.00
8.532414,173.2324,-1348.593750,1919,1349.2969,0.00,1,0.00
8.533415,173.2324,-1348.593750,1919,1349.2969,0.00,1,0.00
8.534415,173.2324,-1348.593750,1919,1349.2969,0.00,1,0.00
8.535416,173.1445,-1348.681641,1919,1349.2969,0.00,1,0.00
8.536416,173.2324,-1348.593750,1919,1349.2969,0.00,1,0.00
8.537417,173.2324,-1348.593750,1919,1349.2969,0.00,1,0.00
8.538418,173.2324,-1348.593750,1919,1349.2969,0.00,1,0.00
8.539418,173.2324,-1348.593750,1919,1349.2969,0.00,1,0.00
8.547210,173.2324,-1348.593750,1919,1349.2969,0.00,1,0.00
8.548210,173.2324,-1348.593750,1919,1349.2969,0.00,1,0.00
8.549211,173.2324,-1348.593750,1919,1349.2969,0.00,1,0.00
8.550211,173.2324,-1348.593750,1919,1349.2969,0.00,1,0.00
8.551211,173.2324,-1348.593750,1919,1349.2969,0.00,1,0.00
8.552212,173.3203,-1348.505859,1919,1349.2969,0.00,1,0.00
8.553212,173.3203,-1348.505859,1919,1349.2969,0.00,1,0.00
8.554213,173.3203,-1348.505859,1919,1349.2969,0.00,1,0.00
8.555213,173.3203,-1348.505859,1919,1349.2969,0.00,1,0.00
8.556213,173.3203,-1348.505859,1919,1349.2969,0.00,1,0.00
8.557214,173.2324,-1348.593750,1919,1349.2969,0.00,1,0.00
8.558214,173.2324,-1348.593750,1919,1349.2969,0.00,1,0.00
8.559215,173.2324,-1348.593750,1919,1349.2969,0.00,1,0.00
8.560215,173.2324,-1348.593750,1919,1349.2969,0.00,1,0.00
8.561215,173.2324,-1348.593750,1919,1349.2969,0.00,1,0.00
8.562216,173.2324,-1348.593750,1919,1349.2969,0.00,1,0.00
8.563216,173.2324,-1348.593750,1919,1349.2969,0.00,1,0.00
8.564217,173.3203,-1348.505859,1919,1349.2969,0.00,1,0.00
8.565217,173.2324,-1348.593750,1919,1349.2969,0.00,1,0.00
8.566217,173.1445,-1348.681641,1919,1349.2969,0.00,1,0.00
8.567218,173.2324,-1348.593750,1919,1349.2969,0.00,1,0.00
8.568218,173.3203,-1348.505859,1919,1349.2969,0.00,1,0.00
8.569219,173.2324,-1348.593750,1919,1349.2969,0.00,1,0.00
8.570219,173.2324,-1348.593750,1919,1349.2969,0.00,1,0.00
8.571219,173.2324,-1348.593750,1919,1349.2969,0.00,1,0.00
8.572220,173.2324,-1348.593750,1919,1349.2969,0.00,1,0.00
8.573220,173.2324,-1348.593750,1919,1349.2969,0.00,1,0.00
8.574221,173.1445,-1348.681641,1919,1349.2969,0.00,1,0.00
8.575221,173.2324,-1348.593750,1919,1349.2969,0.00,1,0.00
8.576222,173.2324,-1348.593750,1919,1349.2969,0.00,1,0.00
8.577223,173.2324,-1348.593750,1919,1349.2969,0.00,1,0.00
8.578223,173.2324,-1348.593750,1919,1349.2969,0.00,1,0.00
8.579224,173.1445,-1348.681641,1919,1349.2969,0.00,1,0.00
8.580224,173.2324,-1348.593750,1919,1349.2969,0.00,1,0.00
8.581224,173.2324,-1348.593750,1919,1349.2969,0.00,1,0.00
8.582225,173.1445,-1348.681641,1919,1349.2969,0.00,1,0.00
8.583225,173.1445,-1348.681641,1919,1349.2969,0.00,1,0.00
8.584226,173.2324,-1348.593750,1919,1349.2969,0.00,1,0.00
8.585226,173.2324,-1348.593750,1919,1349.2969,0.00,1,0.00
8.586227,173.2324,-1348.593750,1919,1349.2969,0.00,1,0.00
8.587228,173.3203,-1348.505859,1919,1349.2969,0.00,1,0.00
8.588228,173.3203,-1348.505859,1919,1349.2969,0.00,1,0.00
8.589229,173.3203,-1348.505859,1919,1349.2969,0.00,1,0.00
8.590229,173.3203,-1348.505859,1919,1349.2969,0.00,1,0.00
8.591229,173.3203,-1348.505859,1919,1349.2969,0.00,1,0.00
8.592230,173.3203,-1348.505859,1919,1349.2969,0.00,1,0.00
8.593230,173.3203,-1348.505859,1919,1349.2969,0.00,1,0.00
8.594231,173.3203,-1348.505859,1919,1349.2969,0.00,1,0.00
8.595231,173.3203,-1348.505859,1919,1349.2969,0.00,1,0.00
8.596232,173.2324,-1348.593750,1919,1349.2969,0.00,1,0.00
8.616164,173.3203,-1348.505859,1919,1349.2969,0.00,1,0.00
8.617165,173.2324,-1348.593750,1919,1349.2969,0.00,1,0.00
8.618165,173.2324,-1348.593750,1919,1349.2969,0.00,1,0.00
8.619165,173.2324,-1348.593750,1919,1349.2969,0.00,1,0.00
8.620166,173.2324,-1348.593750,1919,1349.2969,0.00,1,0.00
8.621166,173.2324,-1348.593750,1919,1349.2969,0.00,1,0.00
8.622167,173.3203,-1348.505859,1919,1349.2969,0.00,1,0.00
8.623167,173.3203,-1348.505859,1919,1349.2969,0.00,1,0.00
8.624167,173.2324,-1348.593750,1919,1349.2969,0.00,1,0.00
8.625168,173.2324,-1348.593750,1919,1349.2969,0.00,1,0.00
8.626168,173.3203,-1348.505859,1919,1349.2969,0.00,1,0.00
8.627169,173.3203,-1348.505859,1919,1349.2969,0.00,1,0.00
8.628169,173.3203,-1348.505859,1919,1349.2969,0.00,1,0.00
8.629170,173.2324,-1348.593750,1919,1349.2969,0.00,1,0.00
8.630171,173.2324,-1348.593750,1919,1349.2969,0.00,1,0.00
8.631171,173.2324,-1348.593750,1919,1349.2969,0.00,1,0.00
8.632172,173.2324,-1348.593750,1919,1349.2969,0.00,1,0.00
8.633172,173.2324,-1348.593750,1919,1349.2969,0.00,1,0.00
8.634172,173.3203,-1348.505859,1919,1349.2969,0.00,1,0.00
8.635173,173.2324,-1348.593750,1919,1349.2969,0.00,1,0.00
8.636173,173.2324,-1348.593750,1919,1349.2969,0.00,1,0.00
8.637174,173.2324,-1348.593750,1919,1349.2969,0.00,1,0.00
8.638174,173.2324,-1348.593750,1919,1349.2969,0.00,1,0.00
8.639175,173.2324,-1348.593750,1919,1349.2969,0.00,1,0.00
8.640176,173.2324,-1348.593750,1919,1349.2969,0.00,1,0.00
8.641176,173.2324,-1348.593750,1919,1349.2969,0.00,1,0.00
8.642177,173.2324,-1348.593750,1919,1349.2969,0.00,1,0.00
8.643177,173.2324,-1348.593750,1919,1349.2969,0.00,1,0.00
8.644177,173.1445,-1348.681641,1919,1349.2969,0.00,1,0.00
8.645178,173.2324,-1348.593750,1919,1349.2969,0.00,1,0.00
8.646178,173.2324,-1348.593750,1919,1349.2969,0.00,1,0.00
8.647179,173.2324,-1348.593750,1919,1349.2969,0.00,1,0.00
8.648179,173.1445,-1348.681641,1919,1349.2969,0.00,1,0.00
8.649180,173.1445,-1348.681641,1919,1349.2969,0.00,1,0.00
8.650181,173.2324,-1348.593750,1919,1349.2969,0.00,1,0.00
8.651181,173.3203,-1348.505859,1919,1349.2969,0.00,1,0.00
8.652182,173.2324,-1348.593750,1919,1349.2969,0.00,1,0.00
8.653182,173.2324,-1348.593750,1919,1349.2969,0.00,1,0.00
8.654182,173.2324,-1348.593750,1919,1349.2969,0.00,1,0.00
8.655183,173.2324,-1348.593750,1919,1349.2969,0.00,1,0.00
8.656183,173.1445,-1348.681641,1919,1349.2969,0.00,1,0.00
8.657184,173.2324,-1348.593750,1919,1349.2969,0.00,1,0.00
8.658184,173.2324,-1348.593750,1919,1349.2969,0.00,1,0.00
8.659185,173.2324,-1348.593750,1919,1349.2969,0.00,1,0.00
8.660186,173.2324,-1348.593750,1919,1349.2969,0.00,1,0.00
8.661186,173.1445,-1348.681641,1919,1349.2969,0.00,1,0.00
8.662187,173.1445,-1348.681641,1919,1349.2969,0.00,1,0.00
8.663187,173.2324,-1348.593750,1919,1349.2969,0.00,1,0.00
8.664187,173.2324,-1348.593750,1919,1349.2969,0.00,1,0.00
8.665188,173.3203,-1348.505859,1919,1349.2969,0.00,1,0.00
8.672450,173.2324,-1348.593750,1919,1349.2969,0.00,1,0.00
8.673451,173.2324,-1348.593750,1919,1349.2969,0.00,1,0.00
8.674452,173.2324,-1348.593750,1919,1349.2969,0.00,1,0.00
8.675452,173.2324,-1348.593750,1919,1349.2969,0.00,1,0.00
8.676453,173.2324,-1348.593750,1919,1349.2969,0.00,1,0.00
8.677453,173.1445,-1348.681641,1919,1349.2969,0.00,1,0.00
8.678453,173.1445,-1348.681641,1919,1349.2969,0.00,1,0.00
8.679454,173.2324,-1348.593750,1919,1349.2969,0.00,1,0.00
8.680454,173.2324,-1348.593750,1919,1349.2969,0.00,1,0.00
8.681455,173.2324,-1348.593750,1919,1349.2969,0.00,1,0.00
8.682455,173.3203,-1348.505859,1919,1349.2969,0.00,1,0.00
8.683456,173.2324,-1348.593750,1919,1349.2969,0.00,1,0.00
8.684457,173.2324,-1348.593750,1919,1349.2969,0.00,1,0.00
8.685457,173.2324,-1348.593750,1919,1349.2969,0.00,1,0.00
8.686458,173.2324,-1348.593750,1919,1349.2969,0.00,1,0.00
8.687458,173.2324,-1348.593750,1919,1349.2969,0.00,1,0.00
8.688458,173.2324,-1348.593750,1919,1349.2969,0.00,1,0.00
8.689459,173.2324,-1348.593750,1919,1349.2969,0.00,1,0.00
8.690459,173.2324,-1348.593750,1919,1349.2969,0.00,1,0.00
8.691460,173.2324,-1348.593750,1919,1349.2969,0.00,1,0.00
8.692460,173.3203,-1348.505859,1919,1349.2969,0.00,1,0.00
8.693461,173.3203,-1348.505859,1919,1349.2969,0.00,1,0.00
8.694462,173.2324,-1348.593750,1919,1349.2969,0.00,1,0.00
8.695462,173.2324,-1348.593750,1919,1349.2969,0.00,1,0.00
8.696463,173.2324,-1348.593750,1919,1349.2969,0.00,1,0.00
8.697463,173.2324,-1348.593750,1919,1349.2969,0.00,1,0.00
8.698463,173.1445,-1348.681641,1919,1349.2969,0.00,1,0.00
8.699464,173.2324,-1348.593750,1919,1349.2969,0.00,1,0.00
8.700464,173.2324,-1348.593750,1919,1349.2969,0.00,1,0.00
8.701465,173.2324,-1348.593750,1919,1349.2969,0.00,1,0.00
8.702465,173.2324,-1348.593750,1919,1349.2969,0.00,1,0.00
8.703466,173.2324,-1348.593750,1919,1349.2969,0.00,1,0.00
8.704467,173.2324,-1348.593750,1919,1349.2969,0.00,1,0.00
8.705467,173.2324,-1348.593750,1919,1349.2969,0.00,1,0.00
8.706468,173.2324,-1348.593750,1919,1349.2969,0.00,1,0.00
8.707468,173.3203,-1348.505859,1919,1349.2969,0.00,1,0.00
8.708468,173.2324,-1348.593750,1919,1349.2969,0.00,1,0.00
8.709469,173.2324,-1348.593750,1919,1349.2969,0.00,1,0.00
8.710469,173.2324,-1348.593750,1919,1349.2969,0.00,1,0.00
8.711470,173.2324,-1348.593750,1919,1349.2969,0.00,1,0.00
8.712470,173.2324,-1348.593750,1919,1349.2969,0.00,1,0.00
8.713471,173.2324,-1348.593750,1919,1349.2969,0.00,1,0.00
8.714472,173.3203,-1348.505859,1919,1349.2969,0.00,1,0.00
8.715472,173.3203,-1348.505859,1919,1349.2969,0.00,1,0.00
8.716473,173.3203,-1348.505859,1919,1349.2969,0.00,1,0.00
8.717473,173.2324,-1348.593750,1919,1349.2969,0.00,1,0.00
8.718473,173.2324,-1348.593750,1919,1349.2969,0.00,1,0.00
8.719474,173.3203,-1348.505859,1919,1349.2969,0.00,1,0.00
8.720474,173.3203,-1348.505859,1919,1349.2969,0.00,1,0.00
8.721475,173.2324,-1348.593750,1919,1349.2969,0.00,1,0.00
8.728792,173.2324,-1348.593750,1919,1349.2969,0.00,1,0.00
8.729793,173.2324,-1348.593750,1919,1349.2969,0.00,1,0.00
8.730793,173.3203,-1348.505859,1919,1349.2969,0.00,1,0.00
8.731793,173.2324,-1348.593750,1919,1349.2969,0.00,1,0.00
8.732794,173.3203,-1348.505859,1919,1349.2969,0.00,1,0.00
8.733794,173.3203,-1348.505859,1919,1349.2969,0.00,1,0.00
8.734795,173.2324,-1348.593750,1919,1349.2969,0.00,1,0.00
8.735795,173.2324,-1348.593750,1919,1349.2969,0.00,1,0.00
8.736795,173.2324,-1348.593750,1919,1349.2969,0.00,1,0.00
8.737796,173.1445,-1348.681641,1919,1349.2969,0.00,1,0.00
8.738796,173.2324,-1348.593750,1919,1349.2969,0.00,1,0.00
8.739797,173.2324,-1348.593750,1919,1349.2969,0.00,1,0.00
8.740797,173.2324,-1348.593750,1919,1349.2969,0.00,1,0.00
8.741797,173.3203,-1348.505859,1919,1349.2969,0.00,1,0.00
8.742798,173.3203,-1348.505859,1919,1349.2969,0.00,1,0.00
8.743798,173.2324,-1348.593750,1919,1349.2969,0.00,1,0.00
8.744799,173.2324,-1348.593750,1919,1349.2969,0.00,1,0.00
8.745799,173.2324,-1348.593750,1919,1349.2969,0.00,1,0.00
8.746800,173.2324,-1348.593750,1919,1349.2969,0.00,1,0.00
8.747801,173.2324,-1348.593750,1919,1349.2969,0.00,1,0.00
8.748801,173.3203,-1348.505859,1919,1349.2969,0.00,1,0.00
8.749802,173.2324,-1348.593750,1919,1349.2969,0.00,1,0.00
8.750802,173.2324,-1348.593750,1919,1349.2969,0.00,1,0.00
8.751802,173.2324,-1348.593750,1919,1349.2969,0.00,1,0.00
8.752803,173.2324,-1348.593750,1919,1349.2969,0.00,1,0.00
8.753803,173.2324,-1348.593750,1919,1349.2969,0.00,1,0.00
8.754804,173.2324,-1348.593750,1919,1349.2969,0.00,1,0.00
8.755804,173.3203,-1348.505859,1919,1349.2969,0.00,1,0.00
8.756805,173.3203,-1348.505859,1919,1349.2969,0.00,1,0.00
8.757806,173.3203,-1348.505859,1919,1349.2969,0.00,1,0.00
8.758806,173.2324,-1348.593750,1919,1349.2969,0.00,1,0.00
8.759807,173.2324,-1348.593750,1919,1349.2969,0.00,1,0.00
8.760807,173.2324,-1348.593750,1919,1349.2969,0.00,1,0.00
8.761807,173.2324,-1348.593750,1919,1349.2969,0.00,1,0.00
8.762808,173.2324,-1348.593750,1919,1349.2969,0.00,1,0.00
8.763808,173.2324,-1348.593750,1919,1349.2969,0.00,1,0.00
8.764809,173.2324,-1348.593750,1919,1349.2969,0.00,1,0.00
8.765809,173.2324,-1348.593750,1919,1349.2969,0.00,1,0.00
8.766810,173.2324,-1348.593750,1919,1349.2969,0.00,1,0.00
8.767811,173.2324,-1348.593750,1919,1349.2969,0.00,1,0.00
8.768811,173.2324,-1348.593750,1919,1349.2969,0.00,1,0.00
8.769812,173.1445,-1348.681641,1919,1349.2969,0.00,1,0.00
8.770812,173.2324,-1348.593750,1919,1349.2969,0.00,1,0.00
8.771812,173.2324,-1348.593750,1919,1349.2969,0.00,1,0.00
8.772813,173.2324,-1348.593750,1919,1349.2969,0.00,1,0.00
8.773813,173.3203,-1348.505859,1919,1349.2969,0.00,1,0.00
8.774814,173.2324,-1348.593750,1919,1349.2969,0.00,1,0.00
8.775814,173.2324,-1348.593750,1919,1349.2969,0.00,1,0.00
8.776815,173.2324,-1348.593750,1919,1349.2969,0.00,1,0.00
8.777816,173.2324,-1348.593750,1919,1349.2969,0.00,1,0.00
8.785536,173.2324,-1348.593750,1919,1349.2969,0.00,1,0.00
8.786536,173.2324,-1348.593750,1919,1349.2969,0.00,1,0.00
8.787537,173.3203,-1348.505859,1919,1349.2969,0.00,1,0.00
8.788537,173.3203,-1348.505859,1919,1349.2969,0.00,1,0.00
8.789537,173.2324,-1348.593750,1919,1349.2969,0.00,1,0.00
8.790538,173.2324,-1348.593750,1919,1349.2969,0.00,1,0.00
8.791538,173.2324,-1348.593750,1919,1349.2969,0.00,1,0.00
8.792539,173.2324,-1348.593750,1919,1349.2969,0.00,1,0.00
8.793539,173.2324,-1348.593750,1919,1349.2969,0.00,1,0.00
8.794539,173.2324,-1348.593750,1919,1349.2969,0.00,1,0.00
8.795540,173.3203,-1348.505859,1919,1349.2969,0.00,1,0.00
8.796540,173.3203,-1348.505859,1919,1349.2969,0.00,1,0.00
8.797541,173.3203,-1348.505859,1919,1349.2969,0.00,1,0.00
8.798541,173.3203,-1348.505859,1919,1349.2969,0.00,1,0.00
8.799542,173.2324,-1348.593750,1919,1349.2969,0.00,1,0.00
8.800543,173.2324,-1348.593750,1919,1349.2969,0.00,1,0.00
8.801543,173.3203,-1348.505859,1919,1349.2969,0.00,1,0.00
8.802544,173.3203,-1348.505859,1919,1349.2969,0.00,1,0.00
8.803544,173.3203,-1348.505859,1919,1349.2969,0.00,1,0.00
8.804544,173.2324,-1348.593750,1919,1349.2969,0.00,1,0.00
8.805545,173.2324,-1348.593750,1919,1349.2969,0.00,1,0.00
8.806545,173.2324,-1348.593750,1919,1349.2969,0.00,1,0.00
8.807546,173.3203,-1348.505859,1919,1349.2969,0.00,1,0.00
8.808546,173.2324,-1348.593750,1919,1349.2969,0.00,1,0.00
8.809547,173.2324,-1348.593750,1919,1349.2969,0.00,1,0.00
8.810548,173.1445,-1348.681641,1919,1349.2969,0.00,1,0.00
8.811548,173.2324,-1348.593750,1919,1349.2969,0.00,1,0.00
8.812549,173.3203,-1348.505859,1919,1349.2969,0.00,1,0.00
8.813549,173.2324,-1348.593750,1919,1349.2969,0.00,1,0.00
8.814549,173.3203,-1348.505859,1919,1349.2969,0.00,1,0.00
8.815550,173.3203,-1348.505859,1919,1349.2969,0.00,1,0.00
8.816550,173.2324,-1348.593750,1919,1349.2969,0.00,1,0.00
8.817551,173.2324,-1348.593750,1919,1349.2969,0.00,1,0.00
8.818551,173.2324,-1348.593750,1919,1349.2969,0.00,1,0.00
8.819552,173.3203,-1348.505859,1919,1349.2969,0.00,1,0.00
8.820553,173.3203,-1348.505859,1919,1349.2969,0.00,1,0.00
8.821553,173.3203,-1348.505859,1919,1349.2969,0.00,1,0.00
8.822554,173.3203,-1348.505859,1919,1349.2969,0.00,1,0.00
8.823554,173.2324,-1348.593750,1919,1349.2969,0.00,1,0.00
8.824554,173.2324,-1348.593750,1919,1349.2969,0.00,1,0.00
8.825555,173.2324,-1348.593750,1919,1349.2969,0.00,1,0.00
8.826555,173.2324,-1348.593750,1919,1349.2969,0.00,1,0.00
8.827556,173.2324,-1348.593750,1919,1349.2969,0.00,1,0.00
8.828556,173.2324,-1348.593750,1919,1349.2969,0.00,1,0.00
8.829557,173.2324,-1348.593750,1919,1349.2969,0.00,1,0.00
8.830558,173.2324,-1348.593750,1919,1349.2969,0.00,1,0.00
8.831558,173.2324,-1348.593750,1919,1349.2969,0.00,1,0.00
8.832559,173.2324,-1348.593750,1919,1349.2969,0.00,1,0.00
8.833559,173.2324,-1348.593750,1919,1349.2969,0.00,1,0.00
8.834559,173.2324,-1348.593750,1919,1349.2969,0.00,1,0.00
8.841884,173.2324,-1348.593750,1919,1349.2969,0.00,1,0.00
8.842884,173.2324,-1348.593750,1919,1349.2969,0.00,1,0.00
8.843885,173.2324,-1348.593750,1919,1349.2969,0.00,1,0.00
8.844886,173.2324,-1348.593750,1919,1349.2969,0.00,1,0.00
8.845886,173.3203,-1348.505859,1919,1349.2969,0.00,1,0.00
8.846887,173.2324,-1348.593750,1919,1349.2969,0.00,1,0.00
8.847887,173.2324,-1348.593750,1919,1349.2969,0.00,1,0.00
8.848887,173.2324,-1348.593750,1919,1349.2969,0.00,1,0.00
8.849888,173.2324,-1348.593750,1919,1349.2969,0.00,1,0.00
8.850888,173.1445,-1348.681641,1919,1349.2969,0.00,1,0.00
8.851889,173.2324,-1348.593750,1919,1349.2969,0.00,1,0.00
8.852889,173.3203,-1348.505859,1919,1349.2969,0.00,1,0.00
8.853890,173.3203,-1348.505859,1919,1349.2969,0.00,1,0.00
8.854891,173.2324,-1348.593750,1919,1349.2969,0.00,1,0.00
8.855891,173.2324,-1348.593750,1919,1349.2969,0.00,1,0.00
8.856892,173.2324,-1348.593750,1919,1349.2969,0.00,1,0.00
8.857892,173.2324,-1348.593750,1919,1349.2969,0.00,1,0.00
8.858892,173.2324,-1348.593750,1919,1349.2969,0.00,1,0.00
8.859893,173.2324,-1348.593750,1919,1349.2969,0.00,1,0.00
8.860893,173.2324,-1348.593750,1919,1349.2969,0.00,1,0.00
8.861894,173.2324,-1348.593750,1919,1349.2969,0.00,1,0.00
8.862894,173.2324,-1348.593750,1919,1349.2969,0.00,1,0.00
8.863895,173.2324,-1348.593750,1919,1349.2969,0.00,1,0.00
8.864896,173.2324,-1348.593750,1919,1349.2969,0.00,1,0.00
8.865896,173.2324,-1348.593750,1919,1349.2969,0.00,1,0.00
8.866897,173.1445,-1348.681641,1919,1349.2969,0.00,1,0.00
8.867897,173.1445,-1348.681641,1919,1349.2969,0.00,1,0.00
8.868897,173.2324,-1348.593750,1919,1349.2969,0.00,1,0.00
8.869898,173.2324,-1348.593750,1919,1349.2969,0.00,1,0.00
8.870898,173.2324,-1348.593750,1919,1349.2969,0.00,1,0.00
8.871899,173.3203,-1348.505859,1919,1349.2969,0.00,1,0.00
8.872899,173.2324,-1348.593750,1919,1349.2969,0.00,1,0.00
8.873900,173.2324,-1348.593750,1919,1349.2969,0.00,1,0.00
8.874901,173.2324,-1348.593750,1919,1349.2969,0.00,1,0.00
8.875901,173.2324,-1348.593750,1919,1349.2969,0.00,1,0.00
8.876902,173.2324,-1348.593750,1919,1349.2969,0.00,1,0.00
8.877902,173.2324,-1348.593750,1919,1349.2969,0.00,1,0.00
8.878902,173.2324,-1348.593750,1919,1349.2969,0.00,1,0.00
8.879903,173.2324,-1348.593750,1919,1349.2969,0.00,1,0.00
8.880903,173.2324,-1348.593750,1919,1349.2969,0.00,1,0.00
8.881904,173.2324,-1348.593750,1919,1349.2969,0.00,1,0.00
8.882904,173.2324,-1348.593750,1919,1349.2969,0.00,1,0.00
8.883905,173.2324,-1348.593750,1919,1349.2969,0.00,1,0.00
8.884906,173.2324,-1348.593750,1919,1349.2969,0.00,1,0.00
8.885906,173.1445,-1348.681641,1919,1349.2969,0.00,1,0.00
8.886907,173.2324,-1348.593750,1919,1349.2969,0.00,1,0.00
8.887907,173.2324,-1348.593750,1919,1349.2969,0.00,1,0.00
8.888907,173.2324,-1348.593750,1919,1349.2969,0.00,1,0.00
8.889908,173.2324,-1348.593750,1919,1349.2969,0.00,1,0.00
8.890908,173.3203,-1348.505859,1919,1349.2969,0.00,1,0.00
8.910221,173.3203,-1348.505859,1919,1349.2969,0.00,1,0.00
8.911222,173.2324,-1348.593750,1919,1349.2969,0.00,1,0.00
8.912222,173.2324,-1348.593750,1919,1349.2969,0.00,1,0.00
8.913222,173.2324,-1348.593750,1919,1349.2969,0.00,1,0.00
8.914223,173.2324,-1348.593750,1919,1349.2969,0.00,1,0.00
8.915223,173.2324,-1348.593750,1919,1349.2969,0.00,1,0.00
8.916224,173.2324,-1348.593750,1919,1349.2969,0.00,1,0.00
8.917224,173.2324,-1348.593750,1919,1349.2969,0.00,1,0.00
8.918224,173.2324,-1348.593750,1919,1349.2969,0.00,1,0.00
8.919225,173.3203,-1348.505859,1919,1349.2969,0.00,1,0.00
8.920225,173.2324,-1348.593750,1919,1349.2969,0.00,1,0.00
8.921226,173.2324,-1348.593750,1919,1349.2969,0.00,1,0.00
8.922226,173.2324,-1348.593750,1919,1349.2969,0.00,1,0.00
8.923226,173.2324,-1348.593750,1919,1349.2969,0.00,1,0.00
8.924227,173.2324,-1348.593750,1919,1349.2969,0.00,1,0.00
8.925227,173.2324,-1348.593750,1919,1349.2969,0.00,1,0.00
8.926228,173.2324,-1348.593750,1919,1349.2969,0.00,1,0.00
8.927228,173.2324,-1348.593750,1919,1349.2969,0.00,1,0.00
8.928228,173.2324,-1348.593750,1919,1349.2969,0.00,1,0.00
8.929229,173.1445,-1348.681641,1919,1349.2969,0.00,1,0.00
8.930229,173.2324,-1348.593750,1919,1349.2969,0.00,1,0.00
8.931230,173.2324,-1348.593750,1919,1349.2969,0.00,1,0.00
8.932230,173.3203,-1348.505859,1919,1349.2969,0.00,1,0.00
8.933230,173.2324,-1348.593750,1919,1349.2969,0.00,1,0.00
8.934231,173.2324,-1348.593750,1919,1349.2969,0.00,1,0.00
8.935231,173.2324,-1348.593750,1919,1349.2969,0.00,1,0.00
8.936232,173.2324,-1348.593750,1919,1349.2969,0.00,1,0.00
8.937232,173.2324,-1348.593750,1919,1349.2969,0.00,1,0.00
8.938232,173.1445,-1348.681641,1919,1349.2969,0.00,1,0.00
8.939233,173.1445,-1348.681641,1919,1349.2969,0.00,1,0.00
8.940233,173.2324,-1348.593750,1919,1349.2969,0.00,1,0.00
8.941234,173.2324,-1348.593750,1919,1349.2969,0.00,1,0.00
8.942234,173.2324,-1348.593750,1919,1349.2969,0.00,1,0.00
8.943234,173.3203,-1348.505859,1919,1349.2969,0.00,1,0.00
8.944235,173.2324,-1348.593750,1919,1349.2969,0.00,1,0.00
8.945235,173.2324,-1348.593750,1919,1349.2969,0.00,1,0.00
8.946236,173.3203,-1348.505859,1919,1349.2969,0.00,1,0.00
8.947236,173.3203,-1348.505859,1919,1349.2969,0.00,1,0.00
8.948237,173.2324,-1348.593750,1919,1349.2969,0.00,1,0.00
8.949238,173.2324,-1348.593750,1919,1349.2969,0.00,1,0.00
8.950238,173.2324,-1348.593750,1919,1349.2969,0.00,1,0.00
8.951239,173.2324,-1348.593750,1919,1349.2969,0.00,1,0.00
8.952239,173.2324,-1348.593750,1919,1349.2969,0.00,1,0.00
8.953239,173.3203,-1348.505859,1919,1349.2969,0.00,1,0.00
8.954240,173.2324,-1348.593750,1919,1349.2969,0.00,1,0.00
8.955240,173.1445,-1348.681641,1919,1349.2969,0.00,1,0.00
8.956241,173.2324,-1348.593750,1919,1349.2969,0.00,1,0.00
8.957241,173.2324,-1348.593750,1919,1349.2969,0.00,1,0.00
8.958242,173.2324,-1348.593750,1919,1349.2969,0.00,1,0.00
8.959243,173.2324,-1348.593750,1919,1349.2969,0.00,1,0.00
8.966478,173.2324,-1348.593750,1919,1349.2969,0.00,1,0.00
8.967479,173.1445,-1348.681641,1919,1349.2969,0.00,1,0.00
8.968479,173.2324,-1348.593750,1919,1349.2969,0.00,1,0.00
8.969480,173.2324,-1348.593750,1919,1349.2969,0.00,1,0.00
8.970480,173.2324,-1348.593750,1919,1349.2969,0.00,1,0.00
8.971480,173.1445,-1348.681641,1919,1349.2969,0.00,1,0.00
8.972481,173.1445,-1348.681641,1919,1349.2969,0.00,1,0.00
8.973481,173.1445,-1348.681641,1919,1349.2969,0.00,1,0.00
8.974482,173.2324,-1348.593750,1919,1349.2969,0.00,1,0.00
8.975482,173.2324,-1348.593750,1919,1349.2969,0.00,1,0.00
8.976482,173.2324,-1348.593750,1919,1349.2969,0.00,1,0.00
8.977483,173.2324,-1348.593750,1919,1349.2969,0.00,1,0.00
8.978483,173.2324,-1348.593750,1919,1349.2969,0.00,1,0.00
8.979484,173.3203,-1348.505859,1919,1349.2969,0.00,1,0.00
8.980484,173.3203,-1348.505859,1919,1349.2969,0.00,1,0.00
8.981484,173.3203,-1348.505859,1919,1349.2969,0.00,1,0.00
8.982485,173.3203,-1348.505859,1919,1349.2969,0.00,1,0.00
8.983485,173.2324,-1348.593750,1919,1349.2969,0.00,1,0.00
8.984486,173.2324,-1348.593750,1919,1349.2969,0.00,1,0.00
8.985486,173.2324,-1348.593750,1919,1349.2969,0.00,1,0.00
8.986486,173.2324,-1348.593750,1919,1349.2969,0.00,1,0.00
8.987487,173.2324,-1348.593750,1919,1349.2969,0.00,1,0.00
8.988487,173.2324,-1348.593750,1919,1349.2969,0.00,1,0.00
8.989488,173.1445,-1348.681641,1919,1349.2969,0.00,1,0.00
8.990488,173.2324,-1348.593750,1919,1349.2969,0.00,1,0.00
8.991489,173.2324,-1348.593750,1919,1349.2969,0.00,1,0.00
8.992490,173.2324,-1348.593750,1919,1349.2969,0.00,1,0.00
8.993490,173.2324,-1348.593750,1919,1349.2969,0.00,1,0.00
8.994491,173.2324,-1348.593750,1919,1349.2969,0.00,1,0.00
8.995491,173.2324,-1348.593750,1919,1349.2969,0.00,1,0.00
8.996491,173.2324,-1348.593750,1919,1349.2969,0.00,1,0.00
8.997492,173.2324,-1348.593750,1919,1349.2969,0.00,1,0.00
8.998492,173.2324,-1348.593750,1919,1349.2969,0.00,1,0.00
8.999493,173.2324,-1348.593750,1919,1349.2969,0.00,1,0.00
9.000493,173.2324,-1348.593750,1919,1349.2969,0.00,1,0.00
9.001493,173.2324,-1348.593750,1919,1349.2969,0.00,1,0.00
9.002494,173.2324,-1348.593750,1919,1349.2969,0.00,1,0.00
9.003494,173.2324,-1348.593750,1919,1349.2969,0.00,1,0.00
9.004495,173.2324,-1348.593750,1919,1349.2969,0.00,1,0.00
9.005495,173.2324,-1348.593750,1919,1349.2969,0.00,1,0.00
9.006496,173.2324,-1348.593750,1919,1349.2969,0.00,1,0.00
9.007497,173.2324,-1348.593750,1919,1349.2969,0.00,1,0.00
9.008497,173.3203,-1348.505859,1919,1349.2969,0.00,1,0.00
9.009498,173.2324,-1348.593750,1919,1349.2969,0.00,1,0.00
9.010498,173.2324,-1348.593750,1919,1349.2969,0.00,1,0.00
9.011498,173.2324,-1348.593750,1919,1349.2969,0.00,1,0.00
9.012499,173.2324,-1348.593750,1919,1349.2969,0.00,1,0.00
9.013499,173.2324,-1348.593750,1919,1349.2969,0.00,1,0.00
9.014500,173.3203,-1348.505859,1919,1349.2969,0.00,1,0.00
9.015500,173.3203,-1348.505859,1919,1349.2969,0.00,1,0.00
9.022759,173.1445,-1348.681641,1919,1349.2969,0.00,1,0.00
9.023760,173.2324,-1348.593750,1919,1349.2969,0.00,1,0.00
9.024760,173.3203,-1348.505859,1919,1349.2969,0.00,1,0.00
9.025761,173.2324,-1348.593750,1919,1349.2969,0.00,1,0.00
9.026761,173.2324,-1348.593750,1919,1349.2969,0.00,1,0.00
9.027762,173.2324,-1348.593750,1919,1349.2969,0.00,1,0.00
9.028763,173.2324,-1348.593750,1919,1349.2969,0.00,1,0.00
9.029763,173.2324,-1348.593750,1919,1349.2969,0.00,1,0.00
9.030764,173.2324,-1348.593750,1919,1349.2969,0.00,1,0.00
9.031764,173.3203,-1348.505859,1919,1349.2969,0.00,1,0.00
9.032764,173.3203,-1348.505859,1919,1349.2969,0.00,1,0.00
9.033765,173.2324,-1348.593750,1919,1349.2969,0.00,1,0.00
9.034765,173.2324,-1348.593750,1919,1349.2969,0.00,1,0.00
9.035766,173.3203,-1348.505859,1919,1349.2969,0.00,1,0.00
9.036766,173.3203,-1348.505859,1919,1349.2969,0.00,1,0.00
9.037767,173.2324,-1348.593750,1919,1349.2969,0.00,1,0.00
9.038768,173.2324,-1348.593750,1919,1349.2969,0.00,1,0.00
9.039768,173.2324,-1348.593750,1919,1349.2969,0.00,1,0.00
9.040769,173.1445,-1348.681641,1919,1349.2969,0.00,1,0.00
9.041769,173.1445,-1348.681641,1919,1349.2969,0.00,1,0.00
9.042769,173.2324,-1348.593750,1919,1349.2969,0.00,1,0.00
9.043770,173.2324,-1348.593750,1919,1349.2969,0.00,1,0.00
9.044770,173.2324,-1348.593750,1919,1349.2969,0.00,1,0.00
9.045771,173.2324,-1348.593750,1919,1349.2969,0.00,1,0.00
9.046771,173.2324,-1348.593750,1919,1349.2969,0.00,1,0.00
9.047771,173.2324,-1348.593750,1919,1349.2969,0.00,1,0.00
9.048772,173.2324,-1348.593750,1919,1349.2969,0.00,1,0.00
9.049772,173.2324,-1348.593750,1919,1349.2969,0.00,1,0.00
9.050773,173.2324,-1348.593750,1919,1349.2969,0.00,1,0.00
9.051773,173.2324,-1348.593750,1919,1349.2969,0.00,1,0.00
9.052774,173.2324,-1348.593750,1919,1349.2969,0.00,1,0.00
9.053775,173.2324,-1348.593750,1919,1349.2969,0.00,1,0.00
9.054775,173.3203,-1348.505859,1919,1349.2969,0.00,1,0.00
9.055776,173.3203,-1348.505859,1919,1349.2969,0.00,1,0.00
9.056776,173.2324,-1348.593750,1919,1349.2969,0.00,1,0.00
9.057776,173.2324,-1348.593750,1919,1349.2969,0.00,1,0.00
9.058777,173.1445,-1348.681641,1919,1349.2969,0.00,1,0.00
9.059777,173.2324,-1348.593750,1919,1349.2969,0.00,1,0.00
9.060778,173.3203,-1348.505859,1919,1349.2969,0.00,1,0.00
9.061778,173.2324,-1348.593750,1919,1349.2969,0.00,1,0.00
9.062779,173.2324,-1348.593750,1919,1349.2969,0.00,1,0.00
9.063780,173.2324,-1348.593750,1919,1349.2969,0.00,1,0.00
9.064780,173.2324,-1348.593750,1919,1349.2969,0.00,1,0.00
9.065781,173.2324,-1348.593750,1919,1349.2969,0.00,1,0.00
9.066781,173.2324,-1348.593750,1919,1349.2969,0.00,1,0.00
9.067781,173.2324,-1348.593750,1919,1349.2969,0.00,1,0.00
9.068782,173.2324,-1348.593750,1919,1349.2969,0.00,1,0.00
9.069782,173.2324,-1348.593750,1919,1349.2969,0.00,1,0.00
9.070783,173.2324,-1348.593750,1919,1349.2969,0.00,1,0.00
9.071783,173.2324,-1348.593750,1919,1349.2969,0.00,1,0.00
9.079522,173.3203,-1348.505859,1919,1349.2969,0.00,1,0.00
9.080523,173.3203,-1348.505859,1919,1349.2969,0.00,1,0.00
9.081523,173.2324,-1348.593750,1919,1349.2969,0.00,1,0.00
9.082523,173.2324,-1348.593750,1919,1349.2969,0.00,1,0.00
9.083524,173.2324,-1348.593750,1919,1349.2969,0.00,1,0.00
9.084524,173.3203,-1348.505859,1919,1349.2969,0.00,1,0.00
9.085525,173.3203,-1348.505859,1919,1349.2969,0.00,1,0.00
9.086525,173.2324,-1348.593750,1919,1349.2969,0.00,1,0.00
9.087525,173.2324,-1348.593750,1919,1349.2969,0.00,1,0.00
9.088526,173.2324,-1348.593750,1919,1349.2969,0.00,1,0.00
9.089526,173.3203,-1348.505859,1919,1349.2969,0.00,1,0.00
9.090527,173.2324,-1348.593750,1919,1349.2969,0.00,1,0.00
9.091527,173.2324,-1348.593750,1919,1349.2969,0.00,1,0.00
9.092527,173.2324,-1348.593750,1919,1349.2969,0.00,1,0.00
9.093528,173.2324,-1348.593750,1919,1349.2969,0.00,1,0.00
9.094528,173.3203,-1348.505859,1919,1349.2969,0.00,1,0.00
9.095529,173.2324,-1348.593750,1919,1349.2969,0.00,1,0.00
9.096529,173.2324,-1348.593750,1919,1349.2969,0.00,1,0.00
9.097529,173.2324,-1348.593750,1919,1349.2969,0.00,1,0.00
9.098530,173.2324,-1348.593750,1919,1349.2969,0.00,1,0.00
9.099530,173.2324,-1348.593750,1919,1349.2969,0.00,1,0.00
9.100531,173.2324,-1348.593750,1919,1349.2969,0.00,1,0.00
9.101531,173.2324,-1348.593750,1919,1349.2969,0.00,1,0.00
9.102531,173.2324,-1348.593750,1919,1349.2969,0.00,1,0.00
9.103532,173.2324,-1348.593750,1919,1349.2969,0.00,1,0.00
9.104532,173.2324,-1348.593750,1919,1349.2969,0.00,1,0.00
9.105533,173.2324,-1348.593750,1919,1349.2969,0.00,1,0.00
9.106533,173.1445,-1348.681641,1919,1349.2969,0.00,1,0.00
9.107534,173.2324,-1348.593750,1919,1349.2969,0.00,1,0.00
9.108535,173.2324,-1348.593750,1919,1349.2969,0.00,1,0.00
9.109535,173.2324,-1348.593750,1919,1349.2969,0.00,1,0.00
9.110536,173.2324,-1348.593750,1919,1349.2969,0.00,1,0.00
9.111536,173.3203,-1348.505859,1919,1349.2969,0.00,1,0.00
9.112536,173.3203,-1348.505859,1919,1349.2969,0.00,1,0.00
9.113537,173.2324,-1348.593750,1919,1349.2969,0.00,1,0.00
9.114537,173.2324,-1348.593750,1919,1349.2969,0.00,1,0.00
9.115538,173.1445,-1348.681641,1919,1349.2969,0.00,1,0.00
9.116538,173.2324,-1348.593750,1919,1349.2969,0.00,1,0.00
9.117538,173.2324,-1348.593750,1919,1349.2969,0.00,1,0.00
9.118539,173.2324,-1348.593750,1919,1349.2969,0.00,1,0.00
9.119539,173.2324,-1348.593750,1919,1349.2969,0.00,1,0.00
9.120540,173.2324,-1348.593750,1919,1349.2969,0.00,1,0.00
9.121540,173.2324,-1348.593750,1919,1349.2969,0.00,1,0.00
9.122541,173.2324,-1348.593750,1919,1349.2969,0.00,1,0.00
9.123542,173.2324,-1348.593750,1919,1349.2969,0.00,1,0.00
9.124542,173.3203,-1348.505859,1919,1349.2969,0.00,1,0.00
9.125543,173.2324,-1348.593750,1919,1349.2969,0.00,1,0.00
9.126543,173.2324,-1348.593750,1919,1349.2969,0.00,1,0.00
9.127543,173.2324,-1348.593750,1919,1349.2969,0.00,1,0.00
9.128544,173.2324,-1348.593750,1919,1349.2969,0.00,1,0.00
9.135753,173.2324,-1348.593750,1919,1349.2969,0.00,1,0.00
9.136753,173.2324,-1348.593750,1919,1349.2969,0.00,1,0.00
9.142439,173.2324,-1348.593750,1919,1349.2969,0.00,1,0.00
9.143439,173.1445,-1348.681641,1919,1349.2969,0.00,1,0.00
9.144440,173.1445,-1348.681641,1919,1349.2969,0.00,1,0.00
9.145440,173.2324,-1348.593750,1919,1349.2969,0.00,1,0.00
9.146441,173.2324,-1348.593750,1919,1349.2969,0.00,1,0.00
9.147441,173.2324,-1348.593750,1919,1349.2969,0.00,1,0.00
9.148441,173.2324,-1348.593750,1919,1349.2969,0.00,1,0.00
9.149442,173.2324,-1348.593750,1919,1349.2969,0.00,1,0.00
9.150442,173.2324,-1348.593750,1919,1349.2969,0.00,1,0.00
9.151443,173.2324,-1348.593750,1919,1349.2969,0.00,1,0.00
9.152443,173.2324,-1348.593750,1919,1349.2969,0.00,1,0.00
9.153443,173.3203,-1348.505859,1919,1349.2969,0.00,1,0.00
9.154444,173.2324,-1348.593750,1919,1349.2969,0.00,1,0.00
9.155444,173.2324,-1348.593750,1919,1349.2969,0.00,1,0.00
9.156445,173.2324,-1348.593750,1919,1349.2969,0.00,1,0.00
9.157445,173.3203,-1348.505859,1919,1349.2969,0.00,1,0.00
9.158445,173.2324,-1348.593750,1919,1349.2969,0.00,1,0.00
9.159446,173.2324,-1348.593750,1919,1349.2969,0.00,1,0.00
9.160446,173.2324,-1348.593750,1919,1349.2969,0.00,1,0.00
9.161447,173.2324,-1348.593750,1919,1349.2969,0.00,1,0.00
9.162447,173.2324,-1348.593750,1919,1349.2969,0.00,1,0.00
9.163447,173.2324,-1348.593750,1919,1349.2969,0.00,1,0.00
9.164448,173.2324,-1348.593750,1919,1349.2969,0.00,1,0.00
9.165448,173.2324,-1348.593750,1919,1349.2969,0.00,1,0.00
9.166449,173.2324,-1348.593750,1919,1349.2969,0.00,1,0.00
9.167449,173.2324,-1348.593750,1919,1349.2969,0.00,1,0.00
9.168449,173.2324,-1348.593750,1919,1349.2969,0.00,1,0.00
9.169450,173.2324,-1348.593750,1919,1349.2969,0.00,1,0.00
9.170450,173.2324,-1348.593750,1919,1349.2969,0.00,1,0.00
9.171451,173.3203,-1348.505859,1919,1349.2969,0.00,1,0.00
9.172451,173.2324,-1348.593750,1919,1349.2969,0.00,1,0.00
9.173451,173.2324,-1348.593750,1919,1349.2969,0.00,1,0.00
9.174452,173.2324,-1348.593750,1919,1349.2969,0.00,1,0.00
9.175452,173.2324,-1348.593750,1919,1349.2969,0.00,1,0.00
9.180590,173.2324,-1348.593750,1919,1349.2969,0.00,1,0.00
9.181590,173.2324,-1348.593750,1919,1349.2969,0.00,1,0.00
9.182591,173.2324,-1348.593750,1919,1349.2969,0.00,1,0.00
9.183592,173.2324,-1348.593750,1919,1349.2969,0.00,1,0.00
9.184592,173.2324,-1348.593750,1919,1349.2969,0.00,1,0.00
9.185593,173.2324,-1348.593750,1919,1349.2969,0.00,1,0.00
9.186593,173.2324,-1348.593750,1919,1349.2969,0.00,1,0.00
9.187594,173.2324,-1348.593750,1919,1349.2969,0.00,1,0.00
9.188595,173.2324,-1348.593750,1919,1349.2969,0.00,1,0.00
9.189595,173.2324,-1348.593750,1919,1349.2969,0.00,1,0.00
9.190596,173.2324,-1348.593750,1919,1349.2969,0.00,1,0.00
9.191596,173.2324,-1348.593750,1919,1349.2969,0.00,1,0.00
9.192596,173.2324,-1348.593750,1919,1349.2969,0.00,1,0.00
9.193597,173.2324,-1348.593750,1919,1349.2969,0.00,1,0.00
9.200858,173.2324,-1348.593750,1919,1349.2969,0.00,1,0.00
9.201859,173.2324,-1348.593750,1919,1349.2969,0.00,1,0.00
9.202859,173.1445,-1348.681641,1919,1349.2969,0.00,1,0.00
9.203859,173.2324,-1348.593750,1919,1349.2969,0.00,1,0.00
9.204860,173.2324,-1348.593750,1919,1349.2969,0.00,1,0.00
9.205860,173.3203,-1348.505859,1919,1349.2969,0.00,1,0.00
9.206861,173.3203,-1348.505859,1919,1349.2969,0.00,1,0.00
9.207861,173.3203,-1348.505859,1919,1349.2969,0.00,1,0.00
9.208861,173.3203,-1348.505859,1919,1349.2969,0.00,1,0.00
9.209862,173.2324,-1348.593750,1919,1349.2969,0.00,1,0.00
9.210862,173.2324,-1348.593750,1919,1349.2969,0.00,1,0.00
9.211863,173.2324,-1348.593750,1919,1349.2969,0.00,1,0.00
9.212863,173.3203,-1348.505859,1919,1349.2969,0.00,1,0.00
9.213863,173.2324,-1348.593750,1919,1349.2969,0.00,1,0.00
9.214864,173.2324,-1348.593750,1919,1349.2969,0.00,1,0.00
9.215864,173.2324,-1348.593750,1919,1349.2969,0.00,1,0.00
9.216865,173.2324,-1348.593750,1919,1349.2969,0.00,1,0.00
9.217865,173.2324,-1348.593750,1919,1349.2969,0.00,1,0.00
9.218865,173.2324,-1348.593750,1919,1349.2969,0.00,1,0.00
9.219866,173.2324,-1348.593750,1919,1349.2969,0.00,1,0.00
9.220866,173.2324,-1348.593750,1919,1349.2969,0.00,1,0.00
9.221867,173.2324,-1348.593750,1919,1349.2969,0.00,1,0.00
9.222867,173.1445,-1348.681641,1919,1349.2969,0.00,1,0.00
9.223867,173.2324,-1348.593750,1919,1349.2969,0.00,1,0.00
9.224868,173.3203,-1348.505859,1919,1349.2969,0.00,1,0.00
9.225868,173.3203,-1348.505859,1919,1349.2969,0.00,1,0.00
9.226869,173.2324,-1348.593750,1919,1349.2969,0.00,1,0.00
9.227869,173.2324,-1348.593750,1919,1349.2969,0.00,1,0.00
9.228869,173.1445,-1348.681641,1919,1349.2969,0.00,1,0.00
9.229870,173.1445,-1348.681641,1919,1349.2969,0.00,1,0.00
9.230870,173.2324,-1348.593750,1919,1349.2969,0.00,1,0.00
9.231871,173.2324,-1348.593750,1919,1349.2969,0.00,1,0.00
9.232871,173.2324,-1348.593750,1919,1349.2969,0.00,1,0.00
9.233872,173.2324,-1348.593750,1919,1349.2969,0.00,1,0.00
9.234873,173.2324,-1348.593750,1919,1349.2969,0.00,1,0.00
9.235873,173.2324,-1348.593750,1919,1349.2969,0.00,1,0.00
9.236874,173.2324,-1348.593750,1919,1349.2969,0.00,1,0.00
9.237874,173.2324,-1348.593750,1919,1349.2969,0.00,1,0.00
9.238874,173.2324,-1348.593750,1919,1349.2969,0.00,1,0.00
9.239875,173.2324,-1348.593750,1919,1349.2969,0.00,1,0.00
9.240875,173.3203,-1348.505859,1919,1349.2969,0.00,1,0.00
9.241876,173.3203,-1348.505859,1919,1349.2969,0.00,1,0.00
9.242876,173.2324,-1348.593750,1919,1349.2969,0.00,1,0.00
9.243877,173.2324,-1348.593750,1919,1349.2969,0.00,1,0.00
9.244878,173.2324,-1348.593750,1919,1349.2969,0.00,1,0.00
9.245878,173.2324,-1348.593750,1919,1349.2969,0.00,1,0.00
9.246879,173.2324,-1348.593750,1919,1349.2969,0.00,1,0.00
9.247879,173.3203,-1348.505859,1919,1349.2969,0.00,1,0.00
9.248879,173.3203,-1348.505859,1919,1349.2969,0.00,1,0.00
9.249880,173.2324,-1348.593750,1919,1349.2969,0.00,1,0.00
9.257143,173.3203,-1348.505859,1919,1349.2969,0.00,1,0.00
9.258143,173.2324,-1348.593750,1919,1349.2969,0.00,1,0.00
9.259144,173.2324,-1348.593750,1919,1349.2969,0.00,1,0.00
9.260144,173.2324,-1348.593750,1919,1349.2969,0.00,1,0.00
9.261145,173.3203,-1348.505859,1919,1349.2969,0.00,1,0.00
9.262145,173.2324,-1348.593750,1919,1349.2969,0.00,1,0.00
9.263145,173.2324,-1348.593750,1919,1349.2969,0.00,1,0.00
9.264146,173.3203,-1348.505859,1919,1349.2969,0.00,1,0.00
9.265146,173.3203,-1348.505859,1919,1349.2969,0.00,1,0.00
9.266147,173.2324,-1348.593750,1919,1349.2969,0.00,1,0.00
9.267147,173.2324,-1348.593750,1919,1349.2969,0.00,1,0.00
9.268148,173.2324,-1348.593750,1919,1349.2969,0.00,1,0.00
9.269149,173.2324,-1348.593750,1919,1349.2969,0.00,1,0.00
9.270149,173.2324,-1348.593750,1919,1349.2969,0.00,1,0.00
9.271150,173.2324,-1348.593750,1919,1349.2969,0.00,1,0.00
9.272150,173.2324,-1348.593750,1919,1349.2969,0.00,1,0.00
9.273150,173.2324,-1348.593750,1919,1349.2969,0.00,1,0.00
9.274151,173.3203,-1348.505859,1919,1349.2969,0.00,1,0.00
9.275151,173.3203,-1348.505859,1919,1349.2969,0.00,1,0.00
9.276152,173.2324,-1348.593750,1919,1349.2969,0.00,1,0.00
9.277152,173.3203,-1348.505859,1919,1349.2969,0.00,1,0.00
9.278153,173.3203,-1348.505859,1919,1349.2969,0.00,1,0.00
9.279154,173.2324,-1348.593750,1919,1349.2969,0.00,1,0.00
9.280154,173.3203,-1348.505859,1919,1349.2969,0.00,1,0.00
9.281155,173.2324,-1348.593750,1919,1349.2969,0.00,1,0.00
9.282155,173.2324,-1348.593750,1919,1349.2969,0.00,1,0.00
9.283155,173.2324,-1348.593750,1919,1349.2969,0.00,1,0.00
9.284156,173.2324,-1348.593750,1919,1349.2969,0.00,1,0.00
9.285156,173.2324,-1348.593750,1919,1349.2969,0.00,1,0.00
9.286157,173.1445,-1348.681641,1919,1349.2969,0.00,1,0.00
9.287157,173.2324,-1348.593750,1919,1349.2969,0.00,1,0.00
9.288158,173.2324,-1348.593750,1919,1349.2969,0.00,1,0.00
9.289159,173.2324,-1348.593750,1919,1349.2969,0.00,1,0.00
9.290159,173.3203,-1348.505859,1919,1349.2969,0.00,1,0.00
9.291160,173.2324,-1348.593750,1919,1349.2969,0.00,1,0.00
9.292160,173.2324,-1348.593750,1919,1349.2969,0.00,1,0.00
9.293160,173.2324,-1348.593750,1919,1349.2969,0.00,1,0.00
9.294161,173.2324,-1348.593750,1919,1349.2969,0.00,1,0.00
9.295161,173.2324,-1348.593750,1919,1349.2969,0.00,1,0.00
9.296162,173.2324,-1348.593750,1919,1349.2969,0.00,1,0.00
9.297162,173.2324,-1348.593750,1919,1349.2969,0.00,1,0.00
9.298163,173.1445,-1348.681641,1919,1349.2969,0.00,1,0.00
9.299164,173.1445,-1348.681641,1919,1349.2969,0.00,1,0.00
9.300164,173.2324,-1348.593750,1919,1349.2969,0.00,1,0.00
9.301165,173.2324,-1348.593750,1919,1349.2969,0.00,1,0.00
9.302165,173.2324,-1348.593750,1919,1349.2969,0.00,1,0.00
9.303165,173.2324,-1348.593750,1919,1349.2969,0.00,1,0.00
9.304166,173.2324,-1348.593750,1919,1349.2969,0.00,1,0.00
9.305166,173.3203,-1348.505859,1919,1349.2969,0.00,1,0.00
9.306167,173.2324,-1348.593750,1919,1349.2969,0.00,1,0.00
9.348434,173.2324,-1348.593750,1919,1349.2969,0.00,1,0.00
9.349435,173.2324,-1348.593750,1919,1349.2969,0.00,1,0.00
9.350435,173.2324,-1348.593750,1919,1349.2969,0.00,1,0.00
9.351436,173.2324,-1348.593750,1919,1349.2969,0.00,1,0.00
9.352436,173.1445,-1348.681641,1919,1349.2969,0.00,1,0.00
9.353437,173.2324,-1348.593750,1919,1349.2969,0.00,1,0.00
9.354438,173.3203,-1348.505859,1919,1349.2969,0.00,1,0.00
9.355438,173.3203,-1348.505859,1919,1349.2969,0.00,1,0.00
9.356439,173.2324,-1348.593750,1919,1349.2969,0.00,1,0.00
9.357439,173.3203,-1348.505859,1919,1349.2969,0.00,1,0.00
9.358439,173.2324,-1348.593750,1919,1349.2969,0.00,1,0.00
9.359440,173.2324,-1348.593750,1919,1349.2969,0.00,1,0.00
9.360440,173.3203,-1348.505859,1919,1349.2969,0.00,1,0.00
9.361441,173.3203,-1348.505859,1919,1349.2969,0.00,1,0.00
9.362441,173.2324,-1348.593750,1919,1349.2969,0.00,1,0.00
9.363442,173.2324,-1348.593750,1919,1349.2969,0.00,1,0.00
9.364443,173.2324,-1348.593750,1919,1349.2969,0.00,1,0.00
9.365443,173.3203,-1348.505859,1919,1349.2969,0.00,1,0.00
9.366444,173.2324,-1348.593750,1919,1349.2969,0.00,1,0.00
9.367444,173.2324,-1348.593750,1919,1349.2969,0.00,1,0.00
9.368444,173.2324,-1348.593750,1919,1349.2969,0.00,1,0.00
9.369445,173.2324,-1348.593750,1919,1349.2969,0.00,1,0.00
9.370445,173.2324,-1348.593750,1919,1349.2969,0.00,1,0.00
9.371446,173.2324,-1348.593750,1919,1349.2969,0.00,1,0.00
9.372446,173.2324,-1348.593750,1919,1349.2969,0.00,1,0.00
9.373447,173.2324,-1348.593750,1919,1349.2969,0.00,1,0.00
9.374448,173.2324,-1348.593750,1919,1349.2969,0.00,1,0.00
9.375448,173.2324,-1348.593750,1919,1349.2969,0.00,1,0.00
9.376449,173.2324,-1348.593750,1919,1349.2969,0.00,1,0.00
9.377449,173.2324,-1348.593750,1919,1349.2969,0.00,1,0.00
9.378449,173.2324,-1348.593750,1919,1349.2969,0.00,1,0.00
9.379450,173.2324,-1348.593750,1919,1349.2969,0.00,1,0.00
9.380450,173.2324,-1348.593750,1919,1349.2969,0.00,1,0.00
9.381451,173.2324,-1348.593750,1919,1349.2969,0.00,1,0.00
9.382451,173.2324,-1348.593750,1919,1349.2969,0.00,1,0.00
9.383452,173.2324,-1348.593750,1919,1349.2969,0.00,1,0.00
9.384453,173.2324,-1348.593750,1919,1349.2969,0.00,1,0.00
9.385453,173.2324,-1348.593750,1919,1349.2969,0.00,1,0.00
9.386454,173.2324,-1348.593750,1919,1349.2969,0.00,1,0.00
9.387454,173.2324,-1348.593750,1919,1349.2969,0.00,1,0.00
9.388454,173.2324,-1348.593750,1919,1349.2969,0.00,1,0.00
9.389455,173.2324,-1348.593750,1919,1349.2969,0.00,1,0.00
9.390455,173.2324,-1348.593750,1919,1349.2969,0.00,1,0.00
9.391456,173.2324,-1348.593750,1919,1349.2969,0.00,1,0.00
9.392456,173.3203,-1348.505859,1919,1349.2969,0.00,1,0.00
9.393457,173.2324,-1348.593750,1919,1349.2969,0.00,1,0.00
9.394458,173.2324,-1348.593750,1919,1349.2969,0.00,1,0.00
9.395458,173.2324,-1348.593750,1919,1349.2969,0.00,1,0.00
9.396459,173.3203,-1348.505859,1919,1349.2969,0.00,1,0.00
9.397459,173.2324,-1348.593750,1919,1349.2969,0.00,1,0.00
9.404664,173.2324,-1348.593750,1919,1349.2969,0.00,1,0.00
9.405664,173.2324,-1348.593750,1919,1349.2969,0.00,1,0.00
9.406665,173.2324,-1348.593750,1919,1349.2969,0.00,1,0.00
9.407665,173.2324,-1348.593750,1919,1349.2969,0.00,1,0.00
9.408666,173.2324,-1348.593750,1919,1349.2969,0.00,1,0.00
9.409666,173.2324,-1348.593750,1919,1349.2969,0.00,1,0.00
9.410667,173.2324,-1348.593750,1919,1349.2969,0.00,1,0.00
9.411668,173.2324,-1348.593750,1919,1349.2969,0.00,1,0.00
9.412668,173.2324,-1348.593750,1919,1349.2969,0.00,1,0.00
9.413669,173.2324,-1348.593750,1919,1349.2969,0.00,1,0.00
9.414669,173.3203,-1348.505859,1919,1349.2969,0.00,1,0.00
9.415669,173.2324,-1348.593750,1919,1349.2969,0.00,1,0.00
9.416670,173.2324,-1348.593750,1919,1349.2969,0.00,1,0.00
9.417670,173.2324,-1348.593750,1919,1349.2969,0.00,1,0.00
9.418671,173.3203,-1348.505859,1919,1349.2969,0.00,1,0.00
9.419671,173.3203,-1348.505859,1919,1349.2969,0.00,1,0.00
9.420672,173.2324,-1348.593750,1919,1349.2969,0.00,1,0.00
9.421673,173.2324,-1348.593750,1919,1349.2969,0.00,1,0.00
9.422673,173.2324,-1348.593750,1919,1349.2969,0.00,1,0.00
9.423674,173.2324,-1348.593750,1919,1349.2969,0.00,1,0.00
9.424674,173.2324,-1348.593750,1919,1349.2969,0.00,1,0.00
9.425674,173.2324,-1348.593750,1919,1349.2969,0.00,1,0.00
9.426675,173.2324,-1348.593750,1919,1349.2969,0.00,1,0.00
9.427675,173.2324,-1348.593750,1919,1349.2969,0.00,1,0.00
9.428676,173.3203,-1348.505859,1919,1349.2969,0.00,1,0.00
9.429676,173.2324,-1348.593750,1919,1349.2969,0.00,1,0.00
9.430677,173.2324,-1348.593750,1919,1349.2969,0.00,1,0.00
9.431678,173.2324,-1348.593750,1919,1349.2969,0.00,1,0.00
9.432678,173.2324,-1348.593750,1919,1349.2969,0.00,1,0.00
9.433679,173.2324,-1348.593750,1919,1349.2969,0.00,1,0.00
9.434679,173.2324,-1348.593750,1919,1349.2969,0.00,1,0.00
9.435679,173.2324,-1348.593750,1919,1349.2969,0.00,1,0.00
9.436680,173.2324,-1348.593750,1919,1349.2969,0.00,1,0.00
9.437680,173.2324,-1348.593750,1919,1349.2969,0.00,1,0.00
9.438681,173.2324,-1348.593750,1919,1349.2969,0.00,1,0.00
9.439681,173.2324,-1348.593750,1919,1349.2969,0.00,1,0.00
9.440682,173.2324,-1348.593750,1919,1349.2969,0.00,1,0.00
9.441683,173.3203,-1348.505859,1919,1349.2969,0.00,1,0.00
9.442683,173.3203,-1348.505859,1919,1349.2969,0.00,1,0.00
9.443684,173.2324,-1348.593750,1919,1349.2969,0.00,1,0.00
9.444684,173.2324,-1348.593750,1919,1349.2969,0.00,1,0.00
9.445684,173.2324,-1348.593750,1919,1349.2969,0.00,1,0.00
9.446685,173.2324,-1348.593750,1919,1349.2969,0.00,1,0.00
9.447685,173.2324,-1348.593750,1919,1349.2969,0.00,1,0.00
9.448686,173.2324,-1348.593750,1919,1349.2969,0.00,1,0.00
9.449686,173.2324,-1348.593750,1919,1349.2969,0.00,1,0.00
9.450687,173.2324,-1348.593750,1919,1349.2969,0.00,1,0.00
9.451688,173.1445,-1348.681641,1919,1349.2969,0.00,1,0.00
9.452688,173.1445,-1348.681641,1919,1349.2969,0.00,1,0.00
9.453689,173.2324,-1348.593750,1919,1349.2969,0.00,1,0.00
9.460899,173.2324,-1348.593750,1919,1349.2969,0.00,1,0.00
9.461900,173.2324,-1348.593750,1919,1349.2969,0.00,1,0.00
9.462900,173.1445,-1348.681641,1919,1349.2969,0.00,1,0.00
9.463901,173.2324,-1348.593750,1919,1349.2969,0.00,1,0.00
9.464901,173.2324,-1348.593750,1919,1349.2969,0.00,1,0.00
9.465901,173.2324,-1348.593750,1919,1349.2969,0.00,1,0.00
9.466902,173.2324,-1348.593750,1919,1349.2969,0.00,1,0.00
9.467902,173.2324,-1348.593750,1919,1349.2969,0.00,1,0.00
9.468903,173.2324,-1348.593750,1919,1349.2969,0.00,1,0.00
9.469903,173.2324,-1348.593750,1919,1349.2969,0.00,1,0.00
9.470903,173.1445,-1348.681641,1919,1349.2969,0.00,1,0.00
9.471904,173.2324,-1348.593750,1919,1349.2969,0.00,1,0.00
9.472904,173.2324,-1348.593750,1919,1349.2969,0.00,1,0.00
9.473905,173.2324,-1348.593750,1919,1349.2969,0.00,1,0.00
9.474905,173.2324,-1348.593750,1919,1349.2969,0.00,1,0.00
9.475905,173.2324,-1348.593750,1919,1349.2969,0.00,1,0.00
9.476906,173.2324,-1348.593750,1919,1349.2969,0.00,1,0.00
9.477906,173.1445,-1348.681641,1919,1349.2969,0.00,1,0.00
9.478907,173.2324,-1348.593750,1919,1349.2969,0.00,1,0.00
9.479907,173.3203,-1348.505859,1919,1349.2969,0.00,1,0.00
9.480907,173.3203,-1348.505859,1919,1349.2969,0.00,1,0.00
9.481908,173.3203,-1348.505859,1919,1349.2969,0.00,1,0.00
9.482908,173.2324,-1348.593750,1919,1349.2969,0.00,1,0.00
9.483909,173.2324,-1348.593750,1919,1349.2969,0.00,1,0.00
9.484909,173.2324,-1348.593750,1919,1349.2969,0.00,1,0.00
9.485910,173.2324,-1348.593750,1919,1349.2969,0.00,1,0.00
9.486911,173.2324,-1348.593750,1919,1349.2969,0.00,1,0.00
9.487911,173.2324,-1348.593750,1919,1349.2969,0.00,1,0.00
9.488912,173.2324,-1348.593750,1919,1349.2969,0.00,1,0.00
9.489912,173.2324,-1348.593750,1919,1349.2969,0.00,1,0.00
9.490912,173.2324,-1348.593750,1919,1349.2969,0.00,1,0.00
9.491913,173.2324,-1348.593750,1919,1349.2969,0.00,1,0.00
9.492913,173.3203,-1348.505859,1919,1349.2969,0.00,1,0.00
9.493914,173.1445,-1348.681641,1919,1349.2969,0.00,1,0.00
9.494914,173.2324,-1348.593750,1919,1349.2969,0.00,1,0.00
9.495915,173.2324,-1348.593750,1919,1349.2969,0.00,1,0.00
9.496916,173.2324,-1348.593750,1919,1349.2969,0.00,1,0.00
9.497916,173.2324,-1348.593750,1919,1349.2969,0.00,1,0.00
9.498917,173.3203,-1348.505859,1919,1349.2969,0.00,1,0.00
9.499917,173.3203,-1348.505859,1919,1349.2969,0.00,1,0.00
9.500917,173.3203,-1348.505859,1919,1349.2969,0.00,1,0.00
9.501918,173.2324,-1348.593750,1919,1349.2969,0.00,1,0.00
9.502918,173.2324,-1348.593750,1919,1349.2969,0.00,1,0.00
9.503919,173.2324,-1348.593750,1919,1349.2969,0.00,1,0.00
9.504919,173.2324,-1348.593750,1919,1349.2969,0.00,1,0.00
9.505920,173.2324,-1348.593750,1919,1349.2969,0.00,1,0.00
9.506921,173.3203,-1348.505859,1919,1349.2969,0.00,1,0.00
9.507921,173.2324,-1348.593750,1919,1349.2969,0.00,1,0.00
9.508922,173.2324,-1348.593750,1919,1349.2969,0.00,1,0.00
9.509922,173.2324,-1348.593750,1919,1349.2969,0.00,1,0.00
9.517153,173.2324,-1348.593750,1919,1349.2969,0.00,1,0.00
9.518153,173.2324,-1348.593750,1919,1349.2969,0.00,1,0.00
9.519154,173.2324,-1348.593750,1919,1349.2969,0.00,1,0.00
9.520154,173.2324,-1348.593750,1919,1349.2969,0.00,1,0.00
9.521154,173.2324,-1348.593750,1919,1349.2969,0.00,1,0.00
9.522155,173.2324,-1348.593750,1919,1349.2969,0.00,1,0.00
9.523155,173.2324,-1348.593750,1919,1349.2969,0.00,1,0.00
9.524156,173.2324,-1348.593750,1919,1349.2969,0.00,1,0.00
9.525156,173.1445,-1348.681641,1919,1349.2969,0.00,1,0.00
9.526156,173.1445,-1348.681641,1919,1349.2969,0.00,1,0.00
9.527157,173.2324,-1348.593750,1919,1349.2969,0.00,1,0.00
9.528157,173.3203,-1348.505859,1919,1349.2969,0.00,1,0.00
9.529158,173.3203,-1348.505859,1919,1349.2969,0.00,1,0.00
9.530158,173.2324,-1348.593750,1919,1349.2969,0.00,1,0.00
9.531158,173.2324,-1348.593750,1919,1349.2969,0.00,1,0.00
9.532159,173.1445,-1348.681641,1919,1349.2969,0.00,1,0.00
9.533159,173.1445,-1348.681641,1919,1349.2969,0.00,1,0.00
9.534160,173.3203,-1348.505859,1919,1349.2969,0.00,1,0.00
9.535160,173.3203,-1348.505859,1919,1349.2969,0.00,1,0.00
9.536161,173.2324,-1348.593750,1919,1349.2969,0.00,1,0.00
9.537162,173.2324,-1348.593750,1919,1349.2969,0.00,1,0.00
9.538162,173.2324,-1348.593750,1919,1349.2969,0.00,1,0.00
9.539163,173.2324,-1348.593750,1919,1349.2969,0.00,1,0.00
9.540163,173.3203,-1348.505859,1919,1349.2969,0.00,1,0.00
9.541163,173.2324,-1348.593750,1919,1349.2969,0.00,1,0.00
9.542164,173.2324,-1348.593750,1919,1349.2969,0.00,1,0.00
9.543164,173.3203,-1348.505859,1919,1349.2969,0.00,1,0.00
9.544165,173.3203,-1348.505859,1919,1349.2969,0.00,1,0.00
9.545165,173.3203,-1348.505859,1919,1349.2969,0.00,1,0.00
9.546166,173.2324,-1348.593750,1919,1349.2969,0.00,1,0.00
9.547167,173.2324,-1348.593750,1919,1349.2969,0.00,1,0.00
9.548167,173.2324,-1348.593750,1919,1349.2969,0.00,1,0.00
9.549168,173.1445,-1348.681641,1919,1349.2969,0.00,1,0.00
9.550168,173.1445,-1348.681641,1919,1349.2969,0.00,1,0.00
9.551168,173.2324,-1348.593750,1919,1349.2969,0.00,1,0.00
9.552169,173.2324,-1348.593750,1919,1349.2969,0.00,1,0.00
9.553169,173.2324,-1348.593750,1919,1349.2969,0.00,1,0.00
9.554170,173.2324,-1348.593750,1919,1349.2969,0.00,1,0.00
9.555170,173.2324,-1348.593750,1919,1349.2969,0.00,1,0.00
9.556171,173.3203,-1348.505859,1919,1349.2969,0.00,1,0.00
9.557172,173.2324,-1348.593750,1919,1349.2969,0.00,1,0.00
9.558172,173.2324,-1348.593750,1919,1349.2969,0.00,1,0.00
9.559173,173.2324,-1348.593750,1919,1349.2969,0.00,1,0.00
9.560173,173.2324,-1348.593750,1919,1349.2969,0.00,1,0.00
9.561173,173.2324,-1348.593750,1919,1349.2969,0.00,1,0.00
9.562174,173.1445,-1348.681641,1919,1349.2969,0.00,1,0.00
9.563174,173.2324,-1348.593750,1919,1349.2969,0.00,1,0.00
9.564175,173.1445,-1348.681641,1919,1349.2969,0.00,1,0.00
9.565175,173.2324,-1348.593750,1919,1349.2969,0.00,1,0.00
9.566176,173.2324,-1348.593750,1919,1349.2969,0.00,1,0.00
9.573430,173.2324,-1348.593750,1919,1349.2969,0.00,1,0.00
9.574431,173.2324,-1348.593750,1919,1349.2969,0.00,1,0.00
9.575432,173.2324,-1348.593750,1919,1349.2969,0.00,1,0.00
9.576432,173.2324,-1348.593750,1919,1349.2969,0.00,1,0.00
9.577433,173.3203,-1348.505859,1919,1349.2969,0.00,1,0.00
9.578433,173.3203,-1348.505859,1919,1349.2969,0.00,1,0.00
9.579433,173.2324,-1348.593750,1919,1349.2969,0.00,1,0.00
9.580434,173.2324,-1348.593750,1919,1349.2969,0.00,1,0.00
9.581434,173.2324,-1348.593750,1919,1349.2969,0.00,1,0.00
9.582435,173.2324,-1348.593750,1919,1349.2969,0.00,1,0.00
9.583435,173.2324,-1348.593750,1919,1349.2969,0.00,1,0.00
9.584436,173.2324,-1348.593750,1919,1349.2969,0.00,1,0.00
9.585437,173.2324,-1348.593750,1919,1349.2969,0.00,1,0.00
9.586437,173.2324,-1348.593750,1919,1349.2969,0.00,1,0.00
9.587438,173.2324,-1348.593750,1919,1349.2969,0.00,1,0.00
9.588438,173.2324,-1348.593750,1919,1349.2969,0.00,1,0.00
9.589438,173.2324,-1348.593750,1919,1349.2969,0.00,1,0.00
9.590439,173.2324,-1348.593750,1919,1349.2969,0.00,1,0.00
9.591439,173.3203,-1348.505859,1919,1349.2969,0.00,1,0.00
9.592440,173.3203,-1348.505859,1919,1349.2969,0.00,1,0.00
9.593440,173.3203,-1348.505859,1919,1349.2969,0.00,1,0.00
9.594441,173.2324,-1348.593750,1919,1349.2969,0.00,1,0.00
9.595442,173.3203,-1348.505859,1919,1349.2969,0.00,1,0.00
9.596442,173.3203,-1348.505859,1919,1349.2969,0.00,1,0.00
9.597443,173.2324,-1348.593750,1919,1349.2969,0.00,1,0.00
9.598443,173.2324,-1348.593750,1919,1349.2969,0.00,1,0.00
9.599443,173.2324,-1348.593750,1919,1349.2969,0.00,1,0.00
9.600444,173.2324,-1348.593750,1919,1349.2969,0.00,1,0.00
9.601444,173.2324,-1348.593750,1919,1349.2969,0.00,1,0.00
9.602445,173.2324,-1348.593750,1919,1349.2969,0.00,1,0.00
9.603445,173.3203,-1348.505859,1919,1349.2969,0.00,1,0.00
9.604446,173.2324,-1348.593750,1919,1349.2969,0.00,1,0.00
9.605447,173.2324,-1348.593750,1919,1349.2969,0.00,1,0.00
9.606447,173.1445,-1348.681641,1919,1349.2969,0.00,1,0.00
9.612092,173.2324,-1348.593750,1919,1349.2969,0.00,1,0.00
9.613092,173.2324,-1348.593750,1919,1349.2969,0.00,1,0.00
9.614093,173.2324,-1348.593750,1919,1349.2969,0.00,1,0.00
9.615093,173.2324,-1348.593750,1919,1349.2969,0.00,1,0.00
9.616094,173.2324,-1348.593750,1919,1349.2969,0.00,1,0.00
9.617094,173.2324,-1348.593750,1919,1349.2969,0.00,1,0.00
9.618094,173.2324,-1348.593750,1919,1349.2969,0.00,1,0.00
9.619095,173.2324,-1348.593750,1919,1349.2969,0.00,1,0.00
9.620095,173.2324,-1348.593750,1919,1349.2969,0.00,1,0.00
9.621096,173.2324,-1348.593750,1919,1349.2969,0.00,1,0.00
9.622096,173.2324,-1348.593750,1919,1349.2969,0.00,1,0.00
9.623097,173.2324,-1348.593750,1919,1349.2969,0.00,1,0.00
9.624098,173.2324,-1348.593750,1919,1349.2969,0.00,1,0.00
9.625098,173.2324,-1348.593750,1919,1349.2969,0.00,1,0.00
9.626099,173.2324,-1348.593750,1919,1349.2969,0.00,1,0.00
9.627099,173.1445,-1348.681641,1919,1349.2969,0.00,1,0.00
9.634305,173.2324,-1348.593750,1919,1349.2969,0.00,1,0.00
9.635305,173.2324,-1348.593750,1919,1349.2969,0.00,1,0.00
9.636306,173.2324,-1348.593750,1919,1349.2969,0.00,1,0.00
9.637306,173.2324,-1348.593750,1919,1349.2969,0.00,1,0.00
9.638307,173.2324,-1348.593750,1919,1349.2969,0.00,1,0.00
9.639307,173.2324,-1348.593750,1919,1349.2969,0.00,1,0.00
9.640307,173.2324,-1348.593750,1919,1349.2969,0.00,1,0.00
9.641308,173.3203,-1348.505859,1919,1349.2969,0.00,1,0.00
9.642308,173.2324,-1348.593750,1919,1349.2969,0.00,1,0.00
9.643309,173.2324,-1348.593750,1919,1349.2969,0.00,1,0.00
9.644309,173.2324,-1348.593750,1919,1349.2969,0.00,1,0.00
9.645309,173.2324,-1348.593750,1919,1349.2969,0.00,1,0.00
9.646310,173.3203,-1348.505859,1919,1349.2969,0.00,1,0.00
9.647310,173.3203,-1348.505859,1919,1349.2969,0.00,1,0.00
9.648311,173.2324,-1348.593750,1919,1349.2969,0.00,1,0.00
9.649311,173.2324,-1348.593750,1919,1349.2969,0.00,1,0.00
9.650312,173.2324,-1348.593750,1919,1349.2969,0.00,1,0.00
9.651313,173.2324,-1348.593750,1919,1349.2969,0.00,1,0.00
9.653340,173.2324,-1348.593750,1919,1349.2969,0.00,1,0.00
9.654341,173.3203,-1348.505859,1919,1349.2969,0.00,1,0.00
9.655341,173.2324,-1348.593750,1919,1349.2969,0.00,1,0.00
9.656342,173.2324,-1348.593750,1919,1349.2969,0.00,1,0.00
9.657342,173.3203,-1348.505859,1919,1349.2969,0.00,1,0.00
9.658342,173.2324,-1348.593750,1919,1349.2969,0.00,1,0.00
9.659343,173.2324,-1348.593750,1919,1349.2969,0.00,1,0.00
9.660343,173.2324,-1348.593750,1919,1349.2969,0.00,1,0.00
9.661344,173.2324,-1348.593750,1919,1349.2969,0.00,1,0.00
9.662344,173.2324,-1348.593750,1919,1349.2969,0.00,1,0.00
9.663344,173.2324,-1348.593750,1919,1349.2969,0.00,1,0.00
9.664345,173.2324,-1348.593750,1919,1349.2969,0.00,1,0.00
9.665345,173.2324,-1348.593750,1919,1349.2969,0.00,1,0.00
9.666346,173.2324,-1348.593750,1919,1349.2969,0.00,1,0.00
9.667346,173.2324,-1348.593750,1919,1349.2969,0.00,1,0.00
9.668346,173.2324,-1348.593750,1919,1349.2969,0.00,1,0.00
9.669347,173.2324,-1348.593750,1919,1349.2969,0.00,1,0.00
9.670347,173.3203,-1348.505859,1919,1349.2969,0.00,1,0.00
9.671348,173.3203,-1348.505859,1919,1349.2969,0.00,1,0.00
9.672348,173.3203,-1348.505859,1919,1349.2969,0.00,1,0.00
9.673348,173.2324,-1348.593750,1919,1349.2969,0.00,1,0.00
9.674349,173.2324,-1348.593750,1919,1349.2969,0.00,1,0.00
9.675349,173.2324,-1348.593750,1919,1349.2969,0.00,1,0.00
9.676350,173.2324,-1348.593750,1919,1349.2969,0.00,1,0.00
9.677350,173.3203,-1348.505859,1919,1349.2969,0.00,1,0.00
9.678350,173.2324,-1348.593750,1919,1349.2969,0.00,1,0.00
9.679351,173.2324,-1348.593750,1919,1349.2969,0.00,1,0.00
9.680351,173.2324,-1348.593750,1919,1349.2969,0.00,1,0.00
9.681352,173.2324,-1348.593750,1919,1349.2969,0.00,1,0.00
9.682352,173.2324,-1348.593750,1919,1349.2969,0.00,1,0.00
9.683353,173.2324,-1348.593750,1919,1349.2969,0.00,1,0.00
9.684354,173.3203,-1348.505859,1919,1349.2969,0.00,1,0.00
9.691581,173.2324,-1348.593750,1919,1349.2969,0.00,1,0.00
9.692581,173.2324,-1348.593750,1919,1349.2969,0.00,1,0.00
9.693582,173.3203,-1348.505859,1919,1349.2969,0.00,1,0.00
9.694582,173.2324,-1348.593750,1919,1349.2969,0.00,1,0.00
9.695582,173.2324,-1348.593750,1919,1349.2969,0.00,1,0.00
9.696583,173.2324,-1348.593750,1919,1349.2969,0.00,1,0.00
9.697583,173.2324,-1348.593750,1919,1349.2969,0.00,1,0.00
9.698584,173.2324,-1348.593750,1919,1349.2969,0.00,1,0.00
9.699584,173.2324,-1348.593750,1919,1349.2969,0.00,1,0.00
9.700584,173.2324,-1348.593750,1919,1349.2969,0.00,1,0.00
9.701585,173.2324,-1348.593750,1919,1349.2969,0.00,1,0.00
9.702585,173.2324,-1348.593750,1919,1349.2969,0.00,1,0.00
9.703586,173.2324,-1348.593750,1919,1349.2969,0.00,1,0.00
9.704586,173.2324,-1348.593750,1919,1349.2969,0.00,1,0.00
9.705586,173.2324,-1348.593750,1919,1349.2969,0.00,1,0.00
9.706587,173.2324,-1348.593750,1919,1349.2969,0.00,1,0.00
9.707587,173.2324,-1348.593750,1919,1349.2969,0.00,1,0.00
9.708588,173.2324,-1348.593750,1919,1349.2969,0.00,1,0.00
9.709588,173.2324,-1348.593750,1919,1349.2969,0.00,1,0.00
9.710589,173.2324,-1348.593750,1919,1349.2969,0.00,1,0.00
9.711590,173.2324,-1348.593750,1919,1349.2969,0.00,1,0.00
9.712590,173.2324,-1348.593750,1919,1349.2969,0.00,1,0.00
9.713591,173.2324,-1348.593750,1919,1349.2969,0.00,1,0.00
9.714591,173.2324,-1348.593750,1919,1349.2969,0.00,1,0.00
9.715591,173.2324,-1348.593750,1919,1349.2969,0.00,1,0.00
9.716592,173.3203,-1348.505859,1919,1349.2969,0.00,1,0.00
9.717592,173.2324,-1348.593750,1919,1349.2969,0.00,1,0.00
9.718593,173.2324,-1348.593750,1919,1349.2969,0.00,1,0.00
9.719593,173.1445,-1348.681641,1919,1349.2969,0.00,1,0.00
9.720594,173.2324,-1348.593750,1919,1349.2969,0.00,1,0.00
9.721595,173.2324,-1348.593750,1919,1349.2969,0.00,1,0.00
9.722595,173.2324,-1348.593750,1919,1349.2969,0.00,1,0.00
9.723596,173.2324,-1348.593750,1919,1349.2969,0.00,1,0.00
9.724596,173.2324,-1348.593750,1919,1349.2969,0.00,1,0.00
9.725596,173.2324,-1348.593750,1919,1349.2969,0.00,1,0.00
9.726597,173.2324,-1348.593750,1919,1349.2969,0.00,1,0.00
9.727597,173.2324,-1348.593750,1919,1349.2969,0.00,1,0.00
9.728598,173.2324,-1348.593750,1919,1349.2969,0.00,1,0.00
9.729598,173.3203,-1348.505859,1919,1349.2969,0.00,1,0.00
9.730598,173.3203,-1348.505859,1919,1349.2969,0.00,1,0.00
9.731599,173.2324,-1348.593750,1919,1349.2969,0.00,1,0.00
9.732599,173.2324,-1348.593750,1919,1349.2969,0.00,1,0.00
9.733600,173.2324,-1348.593750,1919,1349.2969,0.00,1,0.00
9.734600,173.2324,-1348.593750,1919,1349.2969,0.00,1,0.00
9.735601,173.2324,-1348.593750,1919,1349.2969,0.00,1,0.00
9.736602,173.3203,-1348.505859,1919,1349.2969,0.00,1,0.00
9.737602,173.2324,-1348.593750,1919,1349.2969,0.00,1,0.00
9.738603,173.2324,-1348.593750,1919,1349.2969,0.00,1,0.00
9.739603,173.2324,-1348.593750,1919,1349.2969,0.00,1,0.00
9.740603,173.2324,-1348.593750,1919,1349.2969,0.00,1,0.00
9.747830,173.3203,-1348.505859,1919,1349.2969,0.00,1,0.00
9.748831,173.3203,-1348.505859,1919,1349.2969,0.00,1,0.00
9.749831,173.2324,-1348.593750,1919,1349.2969,0.00,1,0.00
9.750832,173.2324,-1348.593750,1919,1349.2969,0.00,1,0.00
9.751832,173.3203,-1348.505859,1919,1349.2969,0.00,1,0.00
9.752832,173.3203,-1348.505859,1919,1349.2969,0.00,1,0.00
9.753833,173.3203,-1348.505859,1919,1349.2969,0.00,1,0.00
9.754833,173.2324,-1348.593750,1919,1349.2969,0.00,1,0.00
9.755834,173.2324,-1348.593750,1919,1349.2969,0.00,1,0.00
9.756834,173.2324,-1348.593750,1919,1349.2969,0.00,1,0.00
9.757834,173.2324,-1348.593750,1919,1349.2969,0.00,1,0.00
9.758835,173.2324,-1348.593750,1919,1349.2969,0.00,1,0.00
9.759835,173.2324,-1348.593750,1919,1349.2969,0.00,1,0.00
9.760836,173.3203,-1348.505859,1919,1349.2969,0.00,1,0.00
9.761836,173.2324,-1348.593750,1919,1349.2969,0.00,1,0.00
9.762837,173.2324,-1348.593750,1919,1349.2969,0.00,1,0.00
9.763838,173.2324,-1348.593750,1919,1349.2969,0.00,1,0.00
9.764838,173.2324,-1348.593750,1919,1349.2969,0.00,1,0.00
9.765839,173.2324,-1348.593750,1919,1349.2969,0.00,1,0.00
9.766839,173.2324,-1348.593750,1919,1349.2969,0.00,1,0.00
9.767839,173.3203,-1348.505859,1919,1349.2969,0.00,1,0.00
9.768840,173.3203,-1348.505859,1919,1349.2969,0.00,1,0.00
9.769840,173.2324,-1348.593750,1919,1349.2969,0.00,1,0.00
9.770841,173.2324,-1348.593750,1919,1349.2969,0.00,1,0.00
9.771841,173.2324,-1348.593750,1919,1349.2969,0.00,1,0.00
9.772842,173.2324,-1348.593750,1919,1349.2969,0.00,1,0.00
9.773843,173.2324,-1348.593750,1919,1349.2969,0.00,1,0.00
9.774843,173.3203,-1348.505859,1919,1349.2969,0.00,1,0.00
9.775844,173.3203,-1348.505859,1919,1349.2969,0.00,1,0.00
9.776844,173.3203,-1348.505859,1919,1349.2969,0.00,1,0.00
9.777844,173.3203,-1348.505859,1919,1349.2969,0.00,1,0.00
9.778845,173.2324,-1348.593750,1919,1349.2969,0.00,1,0.00
9.779845,173.2324,-1348.593750,1919,1349.2969,0.00,1,0.00
9.780846,173.2324,-1348.593750,1919,1349.2969,0.00,1,0.00
9.781846,173.2324,-1348.593750,1919,1349.2969,0.00,1,0.00
9.782846,173.2324,-1348.593750,1919,1349.2969,0.00,1,0.00
9.783847,173.1445,-1348.681641,1919,1349.2969,0.00,1,0.00
9.784847,173.1445,-1348.681641,1919,1349.2969,0.00,1,0.00
9.785848,173.2324,-1348.593750,1919,1349.2969,0.00,1,0.00
9.786848,173.2324,-1348.593750,1919,1349.2969,0.00,1,0.00
9.787849,173.2324,-1348.593750,1919,1349.2969,0.00,1,0.00
9.788850,173.2324,-1348.593750,1919,1349.2969,0.00,1,0.00
9.789850,173.2324,-1348.593750,1919,1349.2969,0.00,1,0.00
9.790851,173.2324,-1348.593750,1919,1349.2969,0.00,1,0.00
9.791851,173.2324,-1348.593750,1919,1349.2969,0.00,1,0.00
9.792851,173.2324,-1348.593750,1919,1349.2969,0.00,1,0.00
9.793852,173.3203,-1348.505859,1919,1349.2969,0.00,1,0.00
9.794852,173.3203,-1348.505859,1919,1349.2969,0.00,1,0.00
9.795853,173.2324,-1348.593750,1919,1349.2969,0.00,1,0.00
9.796853,173.2324,-1348.593750,1919,1349.2969,0.00,1,0.00
9.804106,173.2324,-1348.593750,1919,1349.2969,0.00,1,0.00
9.805106,173.2324,-1348.593750,1919,1349.2969,0.00,1,0.00
9.806107,173.2324,-1348.593750,1919,1349.2969,0.00,1,0.00
9.807107,173.2324,-1348.593750,1919,1349.2969,0.00,1,0.00
9.808107,173.3203,-1348.505859,1919,1349.2969,0.00,1,0.00
9.809108,173.2324,-1348.593750,1919,1349.2969,0.00,1,0.00
9.810108,173.2324,-1348.593750,1919,1349.2969,0.00,1,0.00
9.811109,173.2324,-1348.593750,1919,1349.2969,0.00,1,0.00
9.812109,173.1445,-1348.681641,1919,1349.2969,0.00,1,0.00
9.813109,173.2324,-1348.593750,1919,1349.2969,0.00,1,0.00
9.814110,173.3203,-1348.505859,1919,1349.2969,0.00,1,0.00
9.815110,173.2324,-1348.593750,1919,1349.2969,0.00,1,0.00
9.816111,173.2324,-1348.593750,1919,1349.2969,0.00,1,0.00
9.817111,173.2324,-1348.593750,1919,1349.2969,0.00,1,0.00
9.818111,173.2324,-1348.593750,1919,1349.2969,0.00,1,0.00
9.819112,173.2324,-1348.593750,1919,1349.2969,0.00,1,0.00
9.820112,173.2324,-1348.593750,1919,1349.2969,0.00,1,0.00
9.821113,173.2324,-1348.593750,1919,1349.2969,0.00,1,0.00
9.822113,173.3203,-1348.505859,1919,1349.2969,0.00,1,0.00
9.823113,173.2324,-1348.593750,1919,1349.2969,0.00,1,0.00
9.824114,173.2324,-1348.593750,1919,1349.2969,0.00,1,0.00
9.825114,173.2324,-1348.593750,1919,1349.2969,0.00,1,0.00
9.826115,173.2324,-1348.593750,1919,1349.2969,0.00,1,0.00
9.827115,173.2324,-1348.593750,1919,1349.2969,0.00,1,0.00
9.828116,173.2324,-1348.593750,1919,1349.2969,0.00,1,0.00
9.829117,173.2324,-1348.593750,1919,1349.2969,0.00,1,0.00
9.830117,173.3203,-1348.505859,1919,1349.2969,0.00,1,0.00
9.831118,173.2324,-1348.593750,1919,1349.2969,0.00,1,0.00
9.832118,173.2324,-1348.593750,1919,1349.2969,0.00,1,0.00
9.833118,173.3203,-1348.505859,1919,1349.2969,0.00,1,0.00
9.834119,173.3203,-1348.505859,1919,1349.2969,0.00,1,0.00
9.835119,173.2324,-1348.593750,1919,1349.2969,0.00,1,0.00
9.836120,173.3203,-1348.505859,1919,1349.2969,0.00,1,0.00
9.837120,173.2324,-1348.593750,1919,1349.2969,0.00,1,0.00
9.838121,173.2324,-1348.593750,1919,1349.2969,0.00,1,0.00
9.839122,173.3203,-1348.505859,1919,1349.2969,0.00,1,0.00
9.840122,173.2324,-1348.593750,1919,1349.2969,0.00,1,0.00
9.841123,173.2324,-1348.593750,1919,1349.2969,0.00,1,0.00
9.842123,173.3203,-1348.505859,1919,1349.2969,0.00,1,0.00
9.843123,173.3203,-1348.505859,1919,1349.2969,0.00,1,0.00
9.844124,173.3203,-1348.505859,1919,1349.2969,0.00,1,0.00
9.845124,173.3203,-1348.505859,1919,1349.2969,0.00,1,0.00
9.846125,173.2324,-1348.593750,1919,1349.2969,0.00,1,0.00
9.847125,173.3203,-1348.505859,1919,1349.2969,0.00,1,0.00
9.848126,173.2324,-1348.593750,1919,1349.2969,0.00,1,0.00
9.849127,173.2324,-1348.593750,1919,1349.2969,0.00,1,0.00
9.850127,173.3203,-1348.505859,1919,1349.2969,0.00,1,0.00
9.851128,173.2324,-1348.593750,1919,1349.2969,0.00,1,0.00
9.852128,173.2324,-1348.593750,1919,1349.2969,0.00,1,0.00
9.853128,173.1445,-1348.681641,1919,1349.2969,0.00,1,0.00
9.860996,173.2324,-1348.593750,1919,1349.2969,0.00,1,0.00
9.861997,173.2324,-1348.593750,1919,1349.2969,0.00,1,0.00
9.862997,173.2324,-1348.593750,1919,1349.2969,0.00,1,0.00
9.863998,173.2324,-1348.593750,1919,1349.2969,0.00,1,0.00
9.864999,173.2324,-1348.593750,1919,1349.2969,0.00,1,0.00
9.865999,173.3203,-1348.505859,1919,1349.2969,0.00,1,0.00
9.867000,173.3203,-1348.505859,1919,1349.2969,0.00,1,0.00
9.868000,173.3203,-1348.505859,1919,1349.2969,0.00,1,0.00
9.869000,173.3203,-1348.505859,1919,1349.2969,0.00,1,0.00
9.870001,173.2324,-1348.593750,1919,1349.2969,0.00,1,0.00
9.871001,173.2324,-1348.593750,1919,1349.2969,0.00,1,0.00
9.872002,173.2324,-1348.593750,1919,1349.2969,0.00,1,0.00
9.873002,173.2324,-1348.593750,1919,1349.2969,0.00,1,0.00
9.874003,173.2324,-1348.593750,1919,1349.2969,0.00,1,0.00
9.875004,173.1445,-1348.681641,1919,1349.2969,0.00,1,0.00
9.876004,173.1445,-1348.681641,1919,1349.2969,0.00,1,0.00
9.877005,173.2324,-1348.593750,1919,1349.2969,0.00,1,0.00
9.878005,173.2324,-1348.593750,1919,1349.2969,0.00,1,0.00
9.879005,173.3203,-1348.505859,1919,1349.2969,0.00,1,0.00
9.880006,173.3203,-1348.505859,1919,1349.2969,0.00,1,0.00
9.881006,173.2324,-1348.593750,1919,1349.2969,0.00,1,0.00
9.882007,173.2324,-1348.593750,1919,1349.2969,0.00,1,0.00
9.883007,173.2324,-1348.593750,1919,1349.2969,0.00,1,0.00
9.884008,173.2324,-1348.593750,1919,1349.2969,0.00,1,0.00
9.885009,173.2324,-1348.593750,1919,1349.2969,0.00,1,0.00
9.886009,173.2324,-1348.593750,1919,1349.2969,0.00,1,0.00
9.887010,173.2324,-1348.593750,1919,1349.2969,0.00,1,0.00
9.888010,173.2324,-1348.593750,1919,1349.2969,0.00,1,0.00
9.889010,173.3203,-1348.505859,1919,1349.2969,0.00,1,0.00
9.890011,173.2324,-1348.593750,1919,1349.2969,0.00,1,0.00
9.891011,173.2324,-1348.593750,1919,1349.2969,0.00,1,0.00
9.892012,173.2324,-1348.593750,1919,1349.2969,0.00,1,0.00
9.893012,173.2324,-1348.593750,1919,1349.2969,0.00,1,0.00
9.894012,173.3203,-1348.505859,1919,1349.2969,0.00,1,0.00
9.895013,173.2324,-1348.593750,1919,1349.2969,0.00,1,0.00
9.896013,173.2324,-1348.593750,1919,1349.2969,0.00,1,0.00
9.897014,173.2324,-1348.593750,1919,1349.2969,0.00,1,0.00
9.898014,173.2324,-1348.593750,1919,1349.2969,0.00,1,0.00
9.899015,173.2324,-1348.593750,1919,1349.2969,0.00,1,0.00
9.900016,173.2324,-1348.593750,1919,1349.2969,0.00,1,0.00
9.901016,173.2324,-1348.593750,1919,1349.2969,0.00,1,0.00
9.902017,173.2324,-1348.593750,1919,1349.2969,0.00,1,0.00
9.903017,173.2324,-1348.593750,1919,1349.2969,0.00,1,0.00
9.904017,173.2324,-1348.593750,1919,1349.2969,0.00,1,0.00
9.905018,173.2324,-1348.593750,1919,1349.2969,0.00,1,0.00
9.906018,173.2324,-1348.593750,1919,1349.2969,0.00,1,0.00
9.907019,173.2324,-1348.593750,1919,1349.2969,0.00,1,0.00
9.908019,173.2324,-1348.593750,1919,1349.2969,0.00,1,0.00
9.909020,173.2324,-1348.593750,1919,1349.2969,0.00,1,0.00
9.910021,173.3203,-1348.505859,1919,1349.2969,0.00,1,0.00
9.917225,173.2324,-1348.593750,1919,1349.2969,0.00,1,0.00
9.918225,173.3203,-1348.505859,1919,1349.2969,0.00,1,0.00
9.919226,173.2324,-1348.593750,1919,1349.2969,0.00,1,0.00
9.920226,173.3203,-1348.505859,1919,1349.2969,0.00,1,0.00
9.921227,173.2324,-1348.593750,1919,1349.2969,0.00,1,0.00
9.922227,173.2324,-1348.593750,1919,1349.2969,0.00,1,0.00
9.923227,173.2324,-1348.593750,1919,1349.2969,0.00,1,0.00
9.924228,173.2324,-1348.593750,1919,1349.2969,0.00,1,0.00
9.925228,173.3203,-1348.505859,1919,1349.2969,0.00,1,0.00
9.926229,173.2324,-1348.593750,1919,1349.2969,0.00,1,0.00
9.927229,173.1445,-1348.681641,1919,1349.2969,0.00,1,0.00
9.928229,173.1445,-1348.681641,1919,1349.2969,0.00,1,0.00
9.929230,173.2324,-1348.593750,1919,1349.2969,0.00,1,0.00
9.930230,173.2324,-1348.593750,1919,1349.2969,0.00,1,0.00
9.931231,173.3203,-1348.505859,1919,1349.2969,0.00,1,0.00
9.932231,173.2324,-1348.593750,1919,1349.2969,0.00,1,0.00
9.933231,173.2324,-1348.593750,1919,1349.2969,0.00,1,0.00
9.934232,173.3203,-1348.505859,1919,1349.2969,0.00,1,0.00
9.935232,173.2324,-1348.593750,1919,1349.2969,0.00,1,0.00
9.936233,173.1445,-1348.681641,1919,1349.2969,0.00,1,0.00
9.937233,173.2324,-1348.593750,1919,1349.2969,0.00,1,0.00
9.938233,173.2324,-1348.593750,1919,1349.2969,0.00,1,0.00
9.939234,173.2324,-1348.593750,1919,1349.2969,0.00,1,0.00
9.940234,173.2324,-1348.593750,1919,1349.2969,0.00,1,0.00
9.941235,173.2324,-1348.593750,1919,1349.2969,0.00,1,0.00
9.942235,173.2324,-1348.593750,1919,1349.2969,0.00,1,0.00
9.943235,173.3203,-1348.505859,1919,1349.2969,0.00,1,0.00
9.944236,173.3203,-1348.505859,1919,1349.2969,0.00,1,0.00
9.945236,173.2324,-1348.593750,1919,1349.2969,0.00,1,0.00
9.946237,173.2324,-1348.593750,1919,1349.2969,0.00,1,0.00
9.947237,173.2324,-1348.593750,1919,1349.2969,0.00,1,0.00
9.948237,173.3203,-1348.505859,1919,1349.2969,0.00,1,0.00
9.949238,173.2324,-1348.593750,1919,1349.2969,0.00,1,0.00
9.950238,173.2324,-1348.593750,1919,1349.2969,0.00,1,0.00
9.951239,173.3203,-1348.505859,1919,1349.2969,0.00,1,0.00
9.952239,173.3203,-1348.505859,1919,1349.2969,0.00,1,0.00
9.953239,173.2324,-1348.593750,1919,1349.2969,0.00,1,0.00
9.954240,173.2324,-1348.593750,1919,1349.2969,0.00,1,0.00
9.955240,173.2324,-1348.593750,1919,1349.2969,0.00,1,0.00
9.956241,173.2324,-1348.593750,1919,1349.2969,0.00,1,0.00
9.957241,173.2324,-1348.593750,1919,1349.2969,0.00,1,0.00
9.958242,173.2324,-1348.593750,1919,1349.2969,0.00,1,0.00
9.959243,173.2324,-1348.593750,1919,1349.2969,0.00,1,0.00
9.960243,173.3203,-1348.505859,1919,1349.2969,0.00,1,0.00
9.961244,173.3203,-1348.505859,1919,1349.2969,0.00,1,0.00
9.962244,173.2324,-1348.593750,1919,1349.2969,0.00,1,0.00
9.963244,173.2324,-1348.593750,1919,1349.2969,0.00,1,0.00
9.964245,173.2324,-1348.593750,1919,1349.2969,0.00,1,0.00
9.965245,173.3203,-1348.505859,1919,1349.2969,0.00,1,0.00
9.966246,173.3203,-1348.505859,1919,1349.2969,0.00,1,0.00
9.973450,173.2324,-1348.593750,1919,1349.2969,0.00,1,0.00
9.974450,173.2324,-1348.593750,1919,1349.2969,0.00,1,0.00
9.975451,173.2324,-1348.593750,1919,1349.2969,0.00,1,0.00
9.976451,173.3203,-1348.505859,1919,1349.2969,0.00,1,0.00
9.977451,173.2324,-1348.593750,1919,1349.2969,0.00,1,0.00
9.978452,173.2324,-1348.593750,1919,1349.2969,0.00,1,0.00
9.979452,173.1445,-1348.681641,1919,1349.2969,0.00,1,0.00
9.980453,173.2324,-1348.593750,1919,1349.2969,0.00,1,0.00
9.981453,173.3203,-1348.505859,1919,1349.2969,0.00,1,0.00
9.982453,173.1445,-1348.681641,1919,1349.2969,0.00,1,0.00
9.983454,173.2324,-1348.593750,1919,1349.2969,0.00,1,0.00
9.984454,173.3203,-1348.505859,1919,1349.2969,0.00,1,0.00
9.985455,173.2324,-1348.593750,1919,1349.2969,0.00,1,0.00
9.986455,173.3203,-1348.505859,1919,1349.2969,0.00,1,0.00
9.987455,173.2324,-1348.593750,1919,1349.2969,0.00,1,0.00
9.988456,173.2324,-1348.593750,1919,1349.2969,0.00,1,0.00
9.989456,173.3203,-1348.505859,1919,1349.2969,0.00,1,0.00
9.990457,173.3203,-1348.505859,1919,1349.2969,0.00,1,0.00
9.991457,173.2324,-1348.593750,1919,1349.2969,0.00,1,0.00
9.992457,173.2324,-1348.593750,1919,1349.2969,0.00,1,0.00
9.993458,173.2324,-1348.593750,1919,1349.2969,0.00,1,0.00
9.994458,173.2324,-1348.593750,1919,1349.2969,0.00,1,0.00
9.995459,173.2324,-1348.593750,1919,1349.2969,0.00,1,0.00
9.996459,173.2324,-1348.593750,1919,1349.2969,0.00,1,0.00
9.997459,173.2324,-1348.593750,1919,1349.2969,0.00,1,0.00
9.998460,173.2324,-1348.593750,1919,1349.2969,0.00,1,0.00
9.999460,173.2324,-1348.593750,1919,1349.2969,0.00,1,0.00
