t_s,enc_as5600_deg,acc_deg,clar_counts,clar_deg,a_belt,v_belt,axW,ayW,azW,cmd_sps,cmd_dir,cmd_vel,cam_t_s,cam_x_mm,cam_y_mm,cam_dx_mm,cam_dy_mm,cam_vx_mm,cam_vy_mm
0.011376,270.5273,0.0000,0,0.0000,0.616507,1.856453,-0.055067,0.616507,0.088585,2000.00,1,2000.00,7.501117,0.123,0.053,0.000,0.000,0.000,0.000
0.021401,257.4316,-13.0957,0,0.0000,0.661997,1.863091,-0.009577,0.661997,-0.096367,2000.00,1,2000.00,7.501117,0.123,0.053,0.000,0.000,0.000,0.000
0.031264,244.8633,-25.6641,0,0.0000,0.474650,1.867772,-0.076016,0.474650,-0.062249,2000.00,1,2000.00,7.501117,0.000,0.000,0.000,0.000,0.000,0.000
0.041377,232.0312,-38.4961,0,0.0000,0.457293,1.872396,-0.070030,0.457293,-0.057461,2000.00,1,2000.00,7.501117,0.000,0.000,0.000,0.000,0.000,0.000
0.051244,218.9355,-51.5918,0,0.0000,0.390255,1.876247,-0.044293,0.390255,-0.037110,2000.00,1,2000.00,0.021401,0.000,0.000,0.000,0.000,0.000,0.000
0.061239,205.4004,-65.1270,0,0.0000,0.160412,1.877850,-0.012570,0.160412,-0.057461,2000.00,1,2000.00,0.031264,0.000,0.000,0.000,0.000,0.000,0.000
0.071211,191.2500,-79.2773,0,0.0000,-0.046088,1.877391,-0.053271,-0.046088,0.018555,2000.00,1,2000.00,0.031264,0.000,0.000,0.000,0.000,0.000,0.000
0.142203,92.0215,-178.5059,0,0.0000,0.053870,1.881215,0.056862,0.053870,-0.005986,2000.00,1,2000.00,0.051244,0.000,0.000,0.000,0.000,0.000,0.000
0.143631,90.1758,-180.3516,0,0.0000,-0.143054,1.881011,0.033519,-0.143054,-0.006584,2000.00,1,2000.00,0.061239,0.000,0.000,0.000,2.597,0.163,2.726
0.151061,80.8594,-189.6680,0,0.0000,-0.247800,1.879170,-0.008380,-0.247800,-0.000599,2000.00,1,2000.00,0.061239,0.000,0.000,0.000,2.597,0.163,2.726
0.161052,68.6426,-201.8848,0,0.0000,-0.378284,1.875390,-0.032920,-0.378284,-0.010774,2000.00,1,2000.00,0.071211,2.653,-0.095,0.056,-0.258,2.315,-10.712
0.236196,327.6562,-302.8711,0,0.0000,0.071227,1.880742,-0.043096,0.071227,0.026336,2000.00,1,2000.00,0.143631,6.817,0.180,4.164,0.275,255.153,16.831
0.237609,325.6348,-304.8926,0,0.0000,-0.099359,1.880602,-0.082600,-0.099359,0.017358,2000.00,1,2000.00,0.143631,6.817,0.180,4.164,0.275,255.153,16.831
0.241024,320.7129,-309.8145,0,0.0000,-0.126294,1.880171,-0.070030,-0.126294,0.009577,2000.00,1,2000.00,0.143631,6.817,0.180,4.164,0.275,255.153,16.831
0.332444,199.1602,-431.3672,0,0.0000,0.177171,1.896368,0.064045,0.177171,0.005986,2000.00,1,2000.00,0.161052,11.085,0.311,0.000,0.000,0.000,0.000
0.333859,197.0508,-433.4766,0,0.0000,-0.147842,1.896159,0.048483,-0.147842,0.001197,2000.00,1,2000.00,0.161052,11.085,0.311,0.000,0.000,0.000,0.000
0.340763,187.2070,-443.3203,0,0.0000,0.432153,1.899142,0.068833,0.432153,0.029329,2000.00,1,2000.00,0.161052,11.085,0.311,0.000,0.000,0.000,0.000
0.350878,172.5293,-457.9980,0,0.0000,0.260968,1.901782,0.021548,0.260968,0.011372,2000.00,1,2000.00,0.241024,18.284,0.318,1.880,-0.090,77.801,-3.726
0.424341,72.7734,-557.7539,0,0.0000,-0.038307,1.898968,0.025139,-0.038307,0.020351,2000.00,1,2000.00,0.333859,18.284,0.318,0.000,0.000,0.000,0.000
0.425758,71.0156,-559.5117,0,0.0000,0.098162,1.899107,0.008380,0.098162,0.003591,2000.00,1,2000.00,0.333859,18.284,0.318,0.000,0.000,0.000,0.000
0.430643,65.0391,-565.4883,0,0.0000,-0.037709,1.898923,0.032322,-0.037709,0.022146,2000.00,1,2000.00,0.333859,18.284,0.318,0.000,0.000,0.000,0.000
0.522689,299.5312,-690.9961,0,0.0000,0.217274,1.918922,0.004190,0.217274,0.000000,2000.00,1,2000.00,0.430643,25.727,0.551,3.266,-0.076,135.055,-3.163
0.524106,297.7734,-692.7539,0,0.0000,0.135871,1.919115,0.011372,0.135871,-0.005387,2000.00,1,2000.00,0.430643,25.727,0.551,3.266,-0.076,135.055,-3.163
0.530466,289.1602,-701.3672,0,0.0000,-0.017957,1.919000,0.021548,-0.017957,0.002394,2000.00,1,2000.00,0.430643,25.727,0.551,3.266,-0.076,135.055,-3.163
0.540465,276.0645,-714.4629,0,0.0000,-0.029329,1.918707,0.025139,-0.029329,0.008380,2000.00,1,2000.00,0.430643,27.983,0.606,0.000,0.000,0.000,0.000
0.550444,263.1445,-727.3828,0,0.0000,-0.086790,1.917841,0.008978,-0.086790,-0.002394,2000.00,1,2000.00,0.430643,27.983,0.606,0.000,0.000,0.000,0.000
0.560425,250.1367,-740.3906,0,0.0000,-0.195726,1.915888,-0.027533,-0.195726,0.026336,2000.00,1,2000.00,0.530466,30.207,0.606,2.224,0.000,217.926,0.000
0.570418,237.3926,-753.1348,0,0.0000,-0.241814,1.913471,0.028730,-0.241814,0.012570,2000.00,1,2000.00,0.540465,34.356,0.797,4.149,0.192,299.619,13.837
0.580392,224.4727,-766.0547,0,0.0000,-0.154426,1.911931,-0.014964,-0.154426,0.034117,2000.00,1,2000.00,0.540465,34.356,0.797,4.149,0.192,299.619,13.837
0.590385,211.1133,-779.4141,0,0.0000,-0.077812,1.911153,0.011971,-0.077812,0.034716,2000.00,1,2000.00,0.570418,35.294,0.797,0.938,0.000,38.981,0.000
0.600364,197.4023,-793.1250,0,0.0000,0.122104,1.912372,-0.049081,0.122104,0.027533,2000.00,1,2000.00,0.570418,35.294,0.797,0.938,0.000,38.981,0.000
0.610352,183.0762,-807.4512,0,0.0000,0.007183,1.912444,-0.022745,0.007183,0.025139,2000.00,1,2000.00,0.580392,38.251,0.797,2.958,0.000,247.247,0.000
0.620342,168.3105,-822.2168,0,0.0000,-0.087987,1.911564,0.011971,-0.087987,0.002394,2000.00,1,2000.00,0.600364,41.517,0.937,3.266,0.140,130.787,5.590
0.630319,153.7207,-836.8066,0,0.0000,-0.152032,1.910048,0.012570,-0.152032,0.023343,2000.00,1,2000.00,0.600364,41.517,0.937,3.266,0.140,130.787,5.590
0.640301,139.3066,-851.2207,0,0.0000,-0.015562,1.909892,0.014365,-0.015562,0.017957,2000.00,1,2000.00,0.610352,42.644,0.995,1.126,0.058,87.747,4.506
0.650298,125.3320,-865.1953,0,0.0000,0.009577,1.909988,0.011372,0.009577,0.005986,2000.00,1,2000.00,0.620342,44.539,1.224,1.896,0.230,138.994,16.839
0.660271,111.7090,-878.8184,0,0.0000,0.139462,1.911379,0.011971,0.139462,0.005986,2000.00,1,2000.00,0.620342,44.539,1.224,1.896,0.230,138.994,16.839
0.670260,98.7891,-891.7383,0,0.0000,-0.044293,1.910936,0.013767,-0.044293,0.021548,2000.00,1,2000.00,0.640301,45.229,1.224,0.689,0.000,55.455,0.000
0.680257,86.0449,-904.4824,0,0.0000,0.040103,1.911337,0.003591,0.040103,-0.001796,2000.00,1,2000.00,0.650298,46.657,1.324,1.428,0.100,60.443,4.236
0.690232,73.6523,-916.8750,0,0.0000,-0.014365,1.911194,-0.008380,-0.014365,0.001796,2000.00,1,2000.00,0.650298,46.657,1.324,1.428,0.100,60.443,4.236
0.700221,61.5234,-929.0039,0,0.0000,0.016759,1.911361,-0.001197,0.016759,-0.016161,2000.00,1,2000.00,0.670260,49.650,1.324,2.993,0.000,239.271,0.000
0.710213,49.1309,-941.3965,0,0.0000,-0.014964,1.911212,0.001197,-0.014964,-0.029928,2000.00,1,2000.00,0.680257,49.650,1.324,0.000,0.000,0.000,0.000
0.720186,36.5625,-953.9648,0,0.0000,-0.013168,1.911080,0.004788,-0.013168,-0.036512,2000.00,1,2000.00,0.680257,49.650,1.324,0.000,0.000,0.000,0.000
0.730177,23.1152,-967.4121,0,0.0000,0.110133,1.912181,0.013168,0.110133,-0.013767,2000.00,1,2000.00,0.700221,51.613,1.444,1.963,0.119,162.479,9.887
0.740147,9.4922,-981.0352,0,0.0000,0.155623,1.913733,-0.003591,0.155623,-0.013767,2000.00,1,2000.00,0.700221,51.613,1.444,1.963,0.119,162.479,9.887
0.750140,355.4297,-995.0977,0,0.0000,0.104148,1.914773,-0.037709,0.104148,-0.017358,2000.00,1,2000.00,0.720186,52.618,1.349,1.005,-0.095,41.155,-3.873
0.760120,341.1035,-1009.4238,0,0.0000,0.165798,1.916428,-0.004190,0.165798,-0.001796,2000.00,1,2000.00,0.720186,52.618,1.349,1.005,-0.095,41.155,-3.873
0.770100,326.7773,-1023.7500,0,0.0000,-0.026336,1.916165,-0.040701,-0.026336,-0.022745,2000.00,1,2000.00,0.730177,53.561,1.569,0.943,0.220,69.912,16.319
0.780099,312.6270,-1037.9004,0,0.0000,-0.291494,1.913250,-0.043096,-0.291494,0.014964,2000.00,1,2000.00,0.750140,54.867,1.569,1.307,0.000,109.590,0.000
0.790074,298.8281,-1051.6992,0,0.0000,-0.110133,1.912152,-0.032322,-0.110133,0.011372,2000.00,1,2000.00,0.750140,54.867,1.569,1.307,0.000,109.590,0.000
0.840530,233.0859,-1117.4414,0,0.0000,0.052672,1.914809,0.011372,0.052672,0.035314,2000.00,1,2000.00,0.770100,55.725,1.569,0.858,0.000,33.789,0.000
0.842474,230.4492,-1120.0781,0,0.0000,0.197522,1.915193,-0.000599,0.197522,-0.001796,2000.00,1,2000.00,0.770100,55.725,1.569,0.858,0.000,33.789,0.000
0.849920,220.6934,-1129.8340,0,0.0000,0.030526,1.915420,-0.011372,0.030526,0.005986,2000.00,1,2000.00,0.770100,55.725,1.569,0.858,0.000,33.789,0.000
0.859902,207.2461,-1143.2813,0,0.0000,-0.104148,1.914381,0.034716,-0.104148,0.011971,2000.00,1,2000.00,0.770100,55.725,1.569,0.858,0.000,33.789,0.000
0.869896,193.2715,-1157.2559,0,0.0000,-0.215478,1.912227,0.020351,-0.215478,0.000000,2000.00,1,2000.00,0.842474,59.947,1.682,0.000,0.000,0.000,0.000
0.879871,178.9453,-1171.5820,0,0.0000,-0.232238,1.909911,0.043096,-0.232238,0.043096,2000.00,1,2000.00,0.842474,59.947,1.682,0.000,0.000,0.000,0.000
0.889860,164.0918,-1186.4355,0,0.0000,0.181959,1.911729,0.071227,0.181959,0.008978,2000.00,1,2000.00,0.859902,61.215,1.740,1.268,0.059,91.846,4.260
0.899853,149.5898,-1200.9375,0,0.0000,0.320224,1.914929,0.017358,0.320224,-0.019154,2000.00,1,2000.00,0.879871,62.267,1.799,1.052,0.059,83.109,4.673
0.909827,135.2637,-1215.2637,0,0.0000,0.124498,1.916171,0.019154,0.124498,0.000000,2000.00,1,2000.00,0.879871,62.267,1.799,1.052,0.059,83.109,4.673
0.919804,121.3770,-1229.1504,0,0.0000,-0.234632,1.913830,-0.013767,-0.234632,0.008380,2000.00,1,2000.00,0.879871,62.267,1.799,1.052,0.059,83.109,4.673
0.929920,107.8418,-1242.6855,0,0.0000,-0.289100,1.910905,-0.017957,-0.289100,0.019154,2000.00,1,2000.00,0.889860,64.467,1.959,2.200,0.160,164.005,11.894
0.939777,95.0098,-1255.5176,0,0.0000,-0.165798,1.909271,-0.002394,-0.165798,0.019154,2000.00,1,2000.00,0.919804,65.224,1.637,0.757,-0.322,26.896,-11.451
0.949756,82.4414,-1268.0859,0,0.0000,-0.088585,1.908387,0.026935,-0.088585,0.025738,2000.00,1,2000.00,0.919804,65.224,1.637,0.757,-0.322,26.896,-11.451
0.959877,69.9609,-1280.5664,0,0.0000,-0.071227,1.907666,0.029329,-0.071227,0.024541,2000.00,1,2000.00,0.929920,66.386,1.964,1.162,0.327,59.247,16.683
0.969735,57.8320,-1292.6953,0,0.0000,0.013168,1.907796,0.010175,0.013168,0.005387,2000.00,1,2000.00,0.939777,68.649,2.116,2.263,0.152,179.655,12.033
0.979708,45.5273,-1305.0000,0,0.0000,-0.022745,1.907569,0.023942,-0.022745,0.014964,2000.00,1,2000.00,0.939777,68.649,2.116,2.263,0.152,179.655,12.033
0.989700,32.7832,-1317.7441,0,0.0000,-0.034716,1.907222,0.007781,-0.034716,0.013767,2000.00,1,2000.00,0.959877,68.649,2.116,0.000,0.000,0.000,0.000
0.999680,19.5117,-1331.0156,0,0.0000,0.122104,1.908441,0.034117,0.122104,0.028132,2000.00,1,2000.00,0.959877,68.649,2.116,0.000,0.000,0.000,0.000
1.009658,16.6992,-1333.8281,0,0.0000,-1.369483,1.894776,-0.141258,-1.369483,-0.068235,0.00,1,0.00,0.979708,71.720,2.283,3.072,0.167,212.963,11.586
1.019652,16.8750,-1333.6523,0,0.0000,-1.331775,1.881466,0.128090,-1.331775,-0.022146,0.00,1,0.00,0.989700,73.969,2.283,2.249,0.000,96.813,0.000
1.029628,16.7871,-1333.7402,0,0.0000,-0.772729,1.873758,-0.131681,-0.772729,-0.052074,0.00,1,0.00,0.989700,73.969,2.283,2.249,0.000,96.813,0.000
1.039608,16.6992,-1333.8281,0,0.0000,-0.566229,1.868107,-0.206500,-0.566229,0.004788,0.00,1,0.00,1.009658,75.233,2.283,1.264,0.000,93.169,0.000
1.049601,16.8750,-1333.6523,0,0.0000,-0.451906,1.863591,-0.072425,-0.451906,0.016161,0.00,1,0.00,1.029628,79.415,2.376,4.181,0.093,369.021,8.246
1.059576,16.7871,-1333.7402,0,0.0000,-0.305859,1.860541,-0.052074,-0.305859,-0.018555,0.00,1,0.00,1.029628,79.415,2.376,4.181,0.093,369.021,8.246
1.069555,16.8750,-1333.6523,0,0.0000,-0.294487,1.857602,-0.038307,-0.294487,0.016161,0.00,1,0.00,1.039608,80.584,2.480,1.169,0.104,73.986,6.593
1.079543,16.7871,-1333.7402,0,0.0000,-0.170587,1.855898,-0.038906,-0.170587,0.022146,0.00,1,0.00,1.049601,81.446,2.480,0.862,0.000,79.728,0.000
1.089522,16.7871,-1333.7402,0,0.0000,-0.164601,1.854255,-0.020351,-0.164601,0.017358,0.00,1,0.00,1.049601,81.446,2.480,0.862,0.000,79.728,0.000
1.099504,16.7871,-1333.7402,0,0.0000,-0.101754,1.853240,-0.035314,-0.101754,-0.000599,0.00,1,0.00,1.069555,82.713,2.480,1.268,0.000,54.241,0.000
1.109495,16.7871,-1333.7402,0,0.0000,-0.079607,1.852445,-0.018555,-0.079607,0.006584,0.00,1,0.00,1.079543,82.713,2.480,0.000,0.000,0.000,0.000
1.119479,16.7871,-1333.7402,0,0.0000,-0.041300,1.852032,-0.012570,-0.041300,0.010774,0.00,1,0.00,1.079543,82.713,2.480,0.000,0.000,0.000,0.000
1.129456,16.6992,-1333.8281,0,0.0000,-0.020351,1.851829,-0.004190,-0.020351,-0.004190,0.00,1,0.00,1.099504,83.470,2.547,0.756,0.067,59.246,5.237
1.139447,16.7871,-1333.7402,0,0.0000,0.013767,1.851967,-0.002993,0.013767,0.000000,0.00,1,0.00,1.119479,84.806,2.547,1.337,0.000,109.814,0.000
1.149413,16.7871,-1333.7402,0,0.0000,0.020949,1.852175,0.010175,0.020949,0.000599,0.00,1,0.00,1.119479,84.806,2.547,1.337,0.000,109.814,0.000
1.159383,16.7871,-1333.7402,0,0.0000,0.035913,1.852534,0.014964,0.035913,-0.007781,0.00,1,0.00,1.119479,84.806,2.547,1.337,0.000,109.814,0.000
1.169508,16.8750,-1333.6523,0,0.0000,0.055665,1.853097,0.026935,0.055665,-0.003591,0.00,1,0.00,1.149413,84.806,2.547,0.000,0.000,0.000,0.000
1.179476,16.7871,-1333.7402,0,0.0000,0.065841,1.853754,0.027533,0.065841,0.000000,0.00,1,0.00,1.149413,84.806,2.547,0.000,0.000,0.000,0.000
1.189448,16.7871,-1333.7402,0,0.0000,0.062249,1.854374,0.028132,0.062249,-0.002993,0.00,1,0.00,1.149413,84.806,2.547,0.000,0.000,0.000,0.000
1.199418,16.7871,-1333.7402,0,0.0000,0.063446,1.855007,0.026336,0.063446,0.001197,0.00,1,0.00,1.149413,84.806,2.547,0.000,0.000,0.000,0.000
1.209402,16.7871,-1333.7402,0,0.0000,0.061651,1.855622,0.022745,0.061651,0.008978,0.00,1,0.00,1.179476,85.390,2.653,0.583,0.106,15.897,2.885
1.219370,16.7871,-1333.7402,0,0.0000,0.053870,1.856159,0.016759,0.053870,0.002394,0.00,1,0.00,1.179476,85.390,2.653,0.583,0.106,15.897,2.885
1.229343,16.7871,-1333.7402,0,0.0000,0.046687,1.856625,0.011971,0.046687,0.000000,0.00,1,0.00,1.179476,85.390,2.653,0.583,0.106,15.897,2.885
1.239332,16.7871,-1333.7402,0,0.0000,0.037709,1.857002,0.006584,0.037709,0.005387,0.00,1,0.00,1.209402,85.017,2.653,-0.373,0.000,-9.935,0.000
1.249301,16.7871,-1333.7402,0,0.0000,0.026336,1.857264,0.000000,0.026336,0.006584,0.00,1,0.00,1.209402,85.017,2.653,-0.373,0.000,-9.935,0.000
1.259287,16.7871,-1333.7402,0,0.0000,0.017358,1.857437,-0.006584,0.017358,0.002394,0.00,1,0.00,1.229343,85.083,2.653,0.066,0.000,2.635,0.000
1.269284,16.7871,-1333.7402,0,0.0000,0.010774,1.857545,-0.010175,0.010774,0.008978,0.00,1,0.00,1.249301,85.083,2.579,0.000,-0.074,0.000,-2.817
1.279250,16.7871,-1333.7402,0,0.0000,0.005387,1.857599,-0.007183,0.005387,0.013767,0.00,1,0.00,1.249301,85.083,2.579,0.000,-0.074,0.000,-2.817
1.289237,16.7871,-1333.7402,0,0.0000,0.005986,1.857659,-0.006584,0.005986,0.010175,0.00,1,0.00,1.259287,84.952,2.579,-0.131,0.000,-8.871,0.000
1.299210,16.7871,-1333.7402,0,0.0000,0.006584,1.857724,-0.005387,0.006584,0.008978,0.00,1,0.00,1.259287,84.952,2.579,-0.131,0.000,-8.871,0.000
1.309201,16.7871,-1333.7402,0,0.0000,0.011971,1.857844,-0.002394,0.011971,0.007183,0.00,1,0.00,1.279250,84.952,2.579,0.000,0.000,0.000,0.000
1.319192,16.6992,-1333.8281,0,0.0000,0.016161,1.858005,0.007183,0.016161,0.004190,0.00,1,0.00,1.299210,84.879,2.579,-0.073,0.000,-5.121,0.000
1.355296,16.7871,-1333.7402,0,0.0000,0.039504,1.859431,0.024541,0.039504,0.000000,0.00,1,0.00,1.309201,84.879,2.579,0.000,0.000,0.000,0.000
1.359137,16.8750,-1333.6523,0,0.0000,0.049081,1.859620,0.024541,0.049081,-0.001796,0.00,1,0.00,1.309201,84.879,2.579,0.000,0.000,0.000,0.000
1.369125,16.6992,-1333.8281,0,0.0000,0.052672,1.860146,0.025139,0.052672,-0.001796,0.00,1,0.00,1.319192,84.879,21.319,84.976,2.512,0.097,-0.068
1.379100,16.7871,-1333.7402,0,0.0000,0.058658,1.860731,0.021548,0.058658,-0.001197,0.00,1,0.00,1.319192,84.879,21.319,84.976,2.512,0.097,-0.068
1.389086,16.7871,-1333.7402,0,0.0000,0.064045,1.861371,0.020351,0.064045,-0.002394,0.00,1,0.00,1.359137,84.976,2.512,0.000,0.000,0.000,0.000
1.399077,16.7871,-1333.7402,0,0.0000,0.067038,1.862040,0.016759,0.067038,0.001796,0.00,1,0.00,1.369125,84.976,2.512,0.000,0.000,0.000,0.000
1.409052,16.7871,-1333.7402,0,0.0000,0.060454,1.862643,0.011971,0.060454,0.000599,0.00,1,0.00,1.369125,84.976,2.512,0.000,0.000,0.000,0.000
1.419034,16.7871,-1333.7402,0,0.0000,0.052074,1.863163,0.005986,0.052074,0.002394,0.00,1,0.00,1.389086,84.976,2.512,0.000,0.000,0.000,0.000
1.429029,16.6992,-1333.8281,0,0.0000,0.041899,1.863582,0.004788,0.041899,0.003591,0.00,1,0.00,1.399077,84.928,2.512,-0.048,0.000,-3.644,0.000
1.439002,16.6992,-1333.8281,0,0.0000,0.036512,1.863946,0.004190,0.036512,0.005387,0.00,1,0.00,1.399077,84.928,2.512,-0.048,0.000,-3.644,0.000
1.448986,16.7871,-1333.7402,0,0.0000,0.025139,1.864197,0.003591,0.025139,0.001796,0.00,1,0.00,1.419034,84.928,2.512,0.000,0.000,0.000,0.000
1.458982,16.7871,-1333.7402,0,0.0000,0.014964,1.864347,0.003591,0.014964,0.003591,0.00,1,0.00,1.439002,84.928,2.512,0.000,0.000,0.000,0.000
1.468974,16.7871,-1333.7402,0,0.0000,0.011971,1.864466,0.001197,0.011971,0.005387,0.00,1,0.00,1.448986,84.928,2.512,0.000,0.000,0.000,0.000
1.478939,16.8750,-1333.6523,0,0.0000,0.009577,1.864562,0.000000,0.009577,0.005986,0.00,1,0.00,1.448986,84.928,2.512,0.000,0.000,0.000,0.000
1.488927,16.7871,-1333.7402,0,0.0000,0.010175,1.864663,0.001796,0.010175,0.001197,0.00,1,0.00,1.458982,84.928,2.512,0.000,0.000,0.000,0.000
1.498906,16.7871,-1333.7402,0,0.0000,0.011372,1.864777,0.003591,0.011372,-0.000599,0.00,1,0.00,1.458982,84.928,2.512,0.000,0.000,0.000,0.000
1.508886,16.7871,-1333.7402,0,0.0000,0.013767,1.864914,0.005387,0.013767,0.000000,0.00,1,0.00,1.468974,84.928,2.512,0.000,0.000,0.000,0.000
1.518874,16.7871,-1333.7402,0,0.0000,0.019154,1.865106,0.005387,0.019154,-0.000599,0.00,1,0.00,1.488927,84.928,2.512,0.000,0.000,0.000,0.000
1.528865,16.6992,-1333.8281,0,0.0000,0.025738,1.865363,0.005986,0.025738,-0.000599,0.00,1,0.00,1.508886,84.928,2.512,0.000,0.000,0.000,0.000
1.538836,16.7871,-1333.7402,0,0.0000,0.035314,1.865715,0.010774,0.035314,-0.000599,0.00,1,0.00,1.508886,84.928,2.512,0.000,0.000,0.000,0.000
1.548827,16.7871,-1333.7402,0,0.0000,0.043694,1.866152,0.011971,0.043694,-0.004190,0.00,1,0.00,1.518874,84.928,2.512,0.000,0.000,0.000,0.000
1.558817,16.7871,-1333.7402,0,0.0000,0.050278,1.866654,0.015562,0.050278,-0.001197,0.00,1,0.00,1.538836,84.928,2.512,0.000,0.000,0.000,0.000
1.568790,16.7871,-1333.7402,0,0.0000,0.053271,1.867185,0.016759,0.053271,0.001796,0.00,1,0.00,1.538836,84.928,2.512,0.000,0.000,0.000,0.000
1.578775,16.7871,-1333.7402,0,0.0000,0.055665,1.867741,0.016161,0.055665,0.001796,0.00,1,0.00,1.548827,84.977,2.512,0.048,0.000,4.281,0.000
1.588767,16.7871,-1333.7402,0,0.0000,0.054468,1.868285,0.015562,0.054468,0.002394,0.00,1,0.00,1.568790,84.977,2.512,0.000,0.000,0.000,0.000
1.598734,16.7871,-1333.7402,0,0.0000,0.048483,1.868769,0.013168,0.048483,0.002394,0.00,1,0.00,1.568790,84.977,2.512,0.000,0.000,0.000,0.000
1.608729,16.7871,-1333.7402,0,0.0000,0.043694,1.869205,0.011971,0.043694,0.001796,0.00,1,0.00,1.578775,84.977,2.512,0.000,0.000,0.000,0.000
1.618722,16.6992,-1333.8281,0,0.0000,0.037709,1.869582,0.011971,0.037709,0.002993,0.00,1,0.00,1.588767,84.977,2.512,0.000,0.000,0.000,0.000
1.628694,16.7871,-1333.7402,0,0.0000,0.032920,1.869910,0.011971,0.032920,0.004190,0.00,1,0.00,1.588767,84.977,2.512,0.000,0.000,0.000,0.000
1.638677,16.7871,-1333.7402,0,0.0000,0.026336,1.870173,0.010774,0.026336,0.002993,0.00,1,0.00,1.608729,84.977,2.512,0.000,0.000,0.000,0.000
1.648670,16.7871,-1333.7402,0,0.0000,0.020949,1.870383,0.005387,0.020949,0.006584,0.00,1,0.00,1.618722,84.977,2.512,0.000,0.000,0.000,0.000
1.658636,16.7871,-1333.7402,0,0.0000,0.017957,1.870561,0.002993,0.017957,0.009577,0.00,1,0.00,1.618722,84.977,2.512,0.000,0.000,0.000,0.000
1.668624,16.7871,-1333.7402,0,0.0000,0.017957,1.870741,0.000000,0.017957,0.008380,0.00,1,0.00,1.638677,84.977,2.512,0.000,0.000,0.000,0.000
1.678620,16.8750,-1333.6523,0,0.0000,0.017957,1.870920,-0.001197,0.017957,0.007781,0.00,1,0.00,1.648670,84.977,2.512,0.000,0.000,0.000,0.000
1.688590,16.8750,-1333.6523,0,0.0000,0.018555,1.871105,-0.002993,0.018555,0.011372,0.00,1,0.00,1.648670,84.977,2.512,0.000,0.000,0.000,0.000
1.698575,16.6992,-1333.8281,0,0.0000,0.019752,1.871302,-0.002993,0.019752,0.011372,0.00,1,0.00,1.668624,84.977,2.512,0.000,0.000,0.000,0.000
1.708567,16.7871,-1333.7402,0,0.0000,0.023343,1.871536,0.001197,0.023343,0.009577,0.00,1,0.00,1.678620,84.977,2.512,0.000,0.000,0.000,0.000
1.718544,16.7871,-1333.7402,0,0.0000,0.029928,1.871834,0.002993,0.029928,0.010774,0.00,1,0.00,1.678620,84.977,2.512,0.000,0.000,0.000,0.000
1.728525,16.7871,-1333.7402,0,0.0000,0.034716,1.872181,0.007781,0.034716,0.008380,0.00,1,0.00,1.698575,84.977,2.512,0.000,0.000,0.000,0.000
1.738515,16.6992,-1333.8281,0,0.0000,0.040701,1.872587,0.010774,0.040701,0.007183,0.00,1,0.00,1.708567,84.977,2.512,0.000,0.000,0.000,0.000
1.748489,16.7871,-1333.7402,0,0.0000,0.041899,1.873005,0.014365,0.041899,0.002993,0.00,1,0.00,1.708567,84.977,2.512,0.000,0.000,0.000,0.000
1.758476,16.7871,-1333.7402,0,0.0000,0.042497,1.873430,0.016161,0.042497,0.001197,0.00,1,0.00,1.728525,84.977,2.512,0.000,0.000,0.000,0.000
1.768468,16.8750,-1333.6523,0,0.0000,0.044891,1.873878,0.016759,0.044891,0.000599,0.00,1,0.00,1.748489,84.977,2.512,0.000,0.000,0.000,0.000
1.778438,16.7871,-1333.7402,0,0.0000,0.042497,1.874302,0.017957,0.042497,0.001197,0.00,1,0.00,1.748489,84.977,2.512,0.000,0.000,0.000,0.000
1.788426,16.7871,-1333.7402,0,0.0000,0.040103,1.874703,0.018555,0.040103,-0.001796,0.00,1,0.00,1.758476,84.977,2.512,0.000,0.000,0.000,0.000
1.798418,16.7871,-1333.7402,0,0.0000,0.036512,1.875067,0.011971,0.036512,0.000000,0.00,1,0.00,1.768468,84.977,2.512,0.000,0.000,0.000,0.000
1.808392,16.8750,-1333.6523,0,0.0000,0.033519,1.875402,0.008380,0.033519,-0.000599,0.00,1,0.00,1.768468,84.977,2.512,0.000,0.000,0.000,0.000
1.818372,16.7871,-1333.7402,0,0.0000,0.031125,1.875712,0.004190,0.031125,0.000000,0.00,1,0.00,1.788426,84.977,2.512,0.000,0.000,0.000,0.000
1.828369,16.7871,-1333.7402,0,0.0000,0.031125,1.876024,0.001796,0.031125,0.000599,0.00,1,0.00,1.798418,84.977,2.512,0.000,0.000,0.000,0.000
1.838337,16.7871,-1333.7402,0,0.0000,0.028730,1.876310,0.000000,0.028730,0.002394,0.00,1,0.00,1.798418,84.977,2.512,0.000,0.000,0.000,0.000
1.848266,16.7871,-1333.7402,0,0.0000,0.025738,1.876565,-0.000599,0.025738,0.004190,0.00,1,0.00,1.818372,84.977,2.512,0.000,0.000,0.000,0.000
1.858262,16.8750,-1333.6523,0,0.0000,0.023343,1.876799,-0.000599,0.023343,0.005387,0.00,1,0.00,1.828369,84.977,2.512,0.000,0.000,0.000,0.000
1.868234,16.7871,-1333.7402,0,0.0000,0.025139,1.877049,0.001197,0.025139,0.005387,0.00,1,0.00,1.828369,84.977,2.512,0.000,0.000,0.000,0.000
1.878218,16.7871,-1333.7402,0,0.0000,0.026336,1.877312,0.002394,0.026336,0.006584,0.00,1,0.00,1.848266,84.977,2.512,0.000,0.000,0.000,0.000
1.888209,16.7871,-1333.7402,0,0.0000,0.026336,1.877575,0.005387,0.026336,0.002993,0.00,1,0.00,1.868234,84.977,2.512,0.000,0.000,0.000,0.000
1.898185,16.7871,-1333.7402,0,0.0000,0.026935,1.877844,0.007781,0.026935,0.000599,0.00,1,0.00,1.868234,84.977,2.512,0.000,0.000,0.000,0.000
1.908168,16.6992,-1333.8281,0,0.0000,0.029928,1.878143,0.010774,0.029928,0.002993,0.00,1,0.00,1.878218,84.977,2.512,0.000,0.000,0.000,0.000
1.918157,16.7871,-1333.7402,0,0.0000,0.030526,1.878448,0.012570,0.030526,0.003591,0.00,1,0.00,1.888209,84.977,2.512,0.000,0.000,0.000,0.000
1.928130,16.7871,-1333.7402,0,0.0000,0.031723,1.878764,0.014964,0.031723,0.000599,0.00,1,0.00,1.888209,84.977,2.512,0.000,0.000,0.000,0.000
1.938117,16.7871,-1333.7402,0,0.0000,0.034117,1.879105,0.016759,0.034117,0.001197,0.00,1,0.00,1.908168,84.977,2.512,0.000,0.000,0.000,0.000
1.948107,16.7871,-1333.7402,0,0.0000,0.032322,1.879428,0.018555,0.032322,0.001796,0.00,1,0.00,1.918157,84.977,2.512,0.000,0.000,0.000,0.000
1.958100,16.7871,-1333.7402,0,0.0000,0.032322,1.879751,0.015562,0.032322,0.003591,0.00,1,0.00,1.938117,84.977,2.512,0.000,0.000,0.000,0.000
1.968071,16.7871,-1333.7402,0,0.0000,0.029928,1.880049,0.011971,0.029928,0.005387,0.00,1,0.00,1.938117,84.977,2.512,0.000,0.000,0.000,0.000
1.978063,16.8750,-1333.6523,0,0.0000,0.031125,1.880360,0.007781,0.031125,0.004788,0.00,1,0.00,1.948107,84.977,2.512,0.000,0.000,0.000,0.000
1.988041,16.7871,-1333.7402,0,0.0000,0.030526,1.880665,0.006584,0.030526,0.008380,0.00,1,0.00,1.948107,84.977,2.512,0.000,0.000,0.000,0.000
1.998021,16.7871,-1333.7402,0,0.0000,0.027533,1.880940,0.004190,0.027533,0.008380,0.00,1,0.00,1.968071,84.977,2.512,0.000,0.000,0.000,0.000
2.008015,16.7871,-1333.7402,0,0.0000,0.026336,1.881203,0.004190,0.026336,0.009577,0.00,1,0.00,1.978063,84.977,2.512,0.000,0.000,0.000,0.000
2.018005,16.6992,-1333.8281,0,0.0000,0.023942,1.881442,0.002394,0.023942,0.011372,0.00,1,0.00,1.988041,84.977,2.512,0.000,0.000,0.000,0.000
2.027970,16.7871,-1333.7402,0,0.0000,0.020949,1.881651,0.005986,0.020949,0.010774,0.00,1,0.00,1.988041,84.977,2.512,0.000,0.000,0.000,0.000
2.037960,16.7871,-1333.7402,0,0.0000,0.021548,1.881866,0.007183,0.021548,0.006584,0.00,1,0.00,2.008015,84.977,2.512,0.000,0.000,0.000,0.000
2.047940,16.7871,-1333.7402,0,0.0000,0.022146,1.882087,0.008380,0.022146,0.008978,0.00,1,0.00,2.008015,84.977,2.512,0.000,0.000,0.000,0.000
2.057919,16.6992,-1333.8281,0,0.0000,0.024541,1.882332,0.013168,0.024541,0.011971,0.00,1,0.00,2.027970,84.977,2.512,0.000,0.000,0.000,0.000
2.067909,16.7871,-1333.7402,0,0.0000,0.022745,1.882559,0.013168,0.022745,0.010175,0.00,1,0.00,2.037960,84.977,2.512,0.000,0.000,0.000,0.000
2.077883,16.7871,-1333.7402,0,0.0000,0.025738,1.882816,0.012570,0.025738,0.010175,0.00,1,0.00,2.037960,84.977,2.512,0.000,0.000,0.000,0.000
2.087867,16.6992,-1333.8281,0,0.0000,0.028730,1.883103,0.011971,0.028730,0.007183,0.00,1,0.00,2.057919,84.977,2.512,0.000,0.000,0.000,0.000
2.097858,16.7871,-1333.7402,0,0.0000,0.029928,1.883402,0.015562,0.029928,0.008978,0.00,1,0.00,2.067909,84.977,2.512,0.000,0.000,0.000,0.000
2.107824,16.7871,-1333.7402,0,0.0000,0.029928,1.883700,0.015562,0.029928,0.007781,0.00,1,0.00,2.067909,84.977,2.512,0.000,0.000,0.000,0.000
2.117821,16.7871,-1333.7402,0,0.0000,0.030526,1.884005,0.014964,0.030526,0.009577,0.00,1,0.00,2.087867,84.977,2.512,0.000,0.000,0.000,0.000
2.127796,16.7871,-1333.7402,0,0.0000,0.029329,1.884297,0.013767,0.029329,0.015562,0.00,1,0.00,2.087867,84.977,2.512,0.000,0.000,0.000,0.000
2.137776,16.7871,-1333.7402,0,0.0000,0.028730,1.884584,0.012570,0.028730,0.014365,0.00,1,0.00,2.107824,84.977,2.512,0.000,0.000,0.000,0.000
2.147772,16.7871,-1333.7402,0,0.0000,0.026935,1.884853,0.010175,0.026935,0.010774,0.00,1,0.00,2.117821,84.977,2.512,0.000,0.000,0.000,0.000
2.157747,16.6992,-1333.8281,0,0.0000,0.026935,1.885122,0.008978,0.026935,0.008978,0.00,1,0.00,2.117821,84.977,2.512,0.000,0.000,0.000,0.000
2.167727,16.6992,-1333.8281,0,0.0000,0.023343,1.885355,0.011372,0.023343,0.008380,0.00,1,0.00,2.137776,84.977,2.512,0.000,0.000,0.000,0.000
2.177717,16.8750,-1333.6523,0,0.0000,0.024541,1.885600,0.008380,0.024541,0.008380,0.00,1,0.00,2.147772,84.977,2.512,0.000,0.000,0.000,0.000
2.187690,16.7871,-1333.7402,0,0.0000,0.023942,1.885839,0.005986,0.023942,0.010175,0.00,1,0.00,2.147772,84.977,2.512,0.000,0.000,0.000,0.000
2.197677,16.7871,-1333.7402,0,0.0000,0.019752,1.886036,0.006584,0.019752,0.011971,0.00,1,0.00,2.167727,84.977,2.512,0.000,0.000,0.000,0.000
2.207669,16.7871,-1333.7402,0,0.0000,0.019154,1.886227,0.007183,0.019154,0.013767,0.00,1,0.00,2.177717,84.977,2.512,0.000,0.000,0.000,0.000
2.217635,16.8750,-1333.6523,0,0.0000,0.020949,1.886436,0.006584,0.020949,0.009577,0.00,1,0.00,2.177717,84.977,2.512,0.000,0.000,0.000,0.000
2.227627,16.8750,-1333.6523,0,0.0000,0.022146,1.886657,0.005387,0.022146,0.009577,0.00,1,0.00,2.197677,84.977,2.512,0.000,0.000,0.000,0.000
2.237602,16.7871,-1333.7402,0,0.0000,0.023343,1.886890,0.002993,0.023343,0.009577,0.00,1,0.00,2.197677,84.977,2.512,0.000,0.000,0.000,0.000
2.247584,16.7871,-1333.7402,0,0.0000,0.025139,1.887141,0.004788,0.025139,0.008380,0.00,1,0.00,2.217635,84.977,2.512,0.000,0.000,0.000,0.000
2.257577,16.7871,-1333.7402,0,0.0000,0.024541,1.887386,0.003591,0.024541,0.006584,0.00,1,0.00,2.227627,84.977,2.512,0.000,0.000,0.000,0.000
2.267542,16.7871,-1333.7402,0,0.0000,0.023343,1.887619,0.003591,0.023343,0.007183,0.00,1,0.00,2.227627,84.977,2.512,0.000,0.000,0.000,0.000
2.277666,16.7871,-1333.7402,0,0.0000,0.025139,1.887874,0.005387,0.025139,0.002993,0.00,1,0.00,2.247584,84.977,2.512,0.000,0.000,0.000,0.000
2.287639,16.7871,-1333.7402,0,0.0000,0.025139,1.888124,0.005387,0.025139,0.001197,0.00,1,0.00,2.247584,84.977,2.512,0.000,0.000,0.000,0.000
2.297490,16.7871,-1333.7402,0,0.0000,0.023343,1.888354,0.007183,0.023343,0.004190,0.00,1,0.00,2.267542,84.977,2.512,0.000,0.000,0.000,0.000
2.307478,16.7871,-1333.7402,0,0.0000,0.023343,1.888587,0.007781,0.023343,0.003591,0.00,1,0.00,2.277666,84.977,2.512,0.000,0.000,0.000,0.000
2.317449,16.8750,-1333.6523,0,0.0000,0.022745,1.888814,0.009577,0.022745,0.000000,0.00,1,0.00,2.277666,84.977,2.512,0.000,0.000,0.000,0.000
2.327567,16.7871,-1333.7402,0,0.0000,0.025738,1.889075,0.011971,0.025738,0.000000,0.00,1,0.00,2.297490,84.977,2.512,0.000,0.000,0.000,0.000
2.337429,16.7871,-1333.7402,0,0.0000,0.026935,1.889340,0.013767,0.026935,0.003591,0.00,1,0.00,2.307478,84.977,2.512,0.000,0.000,0.000,0.000
2.347450,16.7871,-1333.7402,0,0.0000,0.026935,1.889610,0.013168,0.026935,0.004190,0.00,1,0.00,2.307478,84.977,2.512,0.000,0.000,0.000,0.000
2.357454,16.6992,-1333.8281,0,0.0000,0.028730,1.889897,0.011971,0.028730,0.005986,0.00,1,0.00,2.337429,84.977,2.512,0.000,0.000,0.000,0.000
2.367439,16.7871,-1333.7402,0,0.0000,0.025738,1.890154,0.007183,0.025738,0.002993,0.00,1,0.00,2.337429,84.977,2.512,0.000,0.000,0.000,0.000
2.377421,16.7871,-1333.7402,0,0.0000,0.023942,1.890393,0.007183,0.023942,0.004190,0.00,1,0.00,2.347450,84.977,2.512,0.000,0.000,0.000,0.000
2.387411,16.7871,-1333.7402,0,0.0000,0.020949,1.890603,0.008978,0.020949,0.000599,0.00,1,0.00,2.357454,84.977,2.512,0.000,0.000,0.000,0.000
2.397375,16.6992,-1333.8281,0,0.0000,0.017957,1.890782,0.006584,0.017957,0.003591,0.00,1,0.00,2.357454,84.977,2.512,0.000,0.000,0.000,0.000
2.407367,16.7871,-1333.7402,0,0.0000,0.019154,1.890973,0.003591,0.019154,0.004190,0.00,1,0.00,2.377421,84.977,2.512,0.000,0.000,0.000,0.000
2.417340,16.7871,-1333.7402,0,0.0000,0.019752,1.891170,0.004190,0.019752,0.001197,0.00,1,0.00,2.377421,84.977,2.512,0.000,0.000,0.000,0.000
2.427320,16.7871,-1333.7402,0,0.0000,0.023343,1.891403,0.002394,0.023343,0.002993,0.00,1,0.00,2.387411,84.977,2.512,0.000,0.000,0.000,0.000
2.437315,16.7871,-1333.7402,0,0.0000,0.022745,1.891630,0.002993,0.022745,0.005387,0.00,1,0.00,2.407367,84.977,2.512,0.000,0.000,0.000,0.000
2.447283,16.7871,-1333.7402,0,0.0000,0.026336,1.891893,0.001197,0.026336,0.004190,0.00,1,0.00,2.407367,84.977,2.512,0.000,0.000,0.000,0.000
2.457269,16.7871,-1333.7402,0,0.0000,0.025738,1.892150,0.002993,0.025738,0.004788,0.00,1,0.00,2.427320,84.977,2.512,0.000,0.000,0.000,0.000
2.467244,16.7871,-1333.7402,0,0.0000,0.028132,1.892431,0.006584,0.028132,0.005387,0.00,1,0.00,2.427320,84.977,2.512,0.000,0.000,0.000,0.000
2.477230,16.8750,-1333.6523,0,0.0000,0.026935,1.892699,0.009577,0.026935,0.002394,0.00,1,0.00,2.437315,84.977,2.512,0.000,0.000,0.000,0.000
2.487222,16.7871,-1333.7402,0,0.0000,0.026935,1.892969,0.010774,0.026935,0.000000,0.00,1,0.00,2.467244,84.977,2.512,0.000,0.000,0.000,0.000
2.497191,16.7871,-1333.7402,0,0.0000,0.024541,1.893213,0.009577,0.024541,0.003591,0.00,1,0.00,2.467244,84.977,2.512,0.000,0.000,0.000,0.000
2.507176,16.7871,-1333.7402,0,0.0000,0.023942,1.893452,0.007781,0.023942,0.007781,0.00,1,0.00,2.477230,84.977,2.512,0.000,0.000,0.000,0.000
2.517153,16.7871,-1333.7402,0,0.0000,0.026336,1.893715,0.007781,0.026336,0.006584,0.00,1,0.00,2.477230,84.977,2.512,0.000,0.000,0.000,0.000
2.527139,16.7871,-1333.7402,0,0.0000,0.024541,1.893960,0.006584,0.024541,0.004788,0.00,1,0.00,2.487222,84.977,2.512,0.000,0.000,0.000,0.000
2.537111,16.6992,-1333.8281,0,0.0000,0.023942,1.894199,0.005986,0.023942,0.005986,0.00,1,0.00,2.487222,84.977,2.512,0.000,0.000,0.000,0.000
2.547100,16.7871,-1333.7402,0,0.0000,0.022745,1.894426,0.002993,0.022745,0.004788,0.00,1,0.00,2.517153,84.977,2.512,0.000,0.000,0.000,0.000
2.557089,16.7871,-1333.7402,0,0.0000,0.018555,1.894612,0.001197,0.018555,0.002394,0.00,1,0.00,2.527139,84.977,2.512,0.000,0.000,0.000,0.000
2.567186,16.7871,-1333.7402,0,0.0000,0.015562,1.894769,0.002394,0.015562,0.004788,0.00,1,0.00,2.527139,84.977,2.512,0.000,0.000,0.000,0.000
2.577043,16.7871,-1333.7402,0,0.0000,0.015562,1.894922,0.002394,0.015562,0.003591,0.00,1,0.00,2.557089,84.977,2.512,0.000,0.000,0.000,0.000
2.587022,16.7871,-1333.7402,0,0.0000,0.019154,1.895113,0.002993,0.019154,0.005387,0.00,1,0.00,2.557089,84.977,2.512,0.000,0.000,0.000,0.000
2.597003,16.7871,-1333.7402,0,0.0000,0.020351,1.895316,0.004788,0.020351,0.002394,0.00,1,0.00,2.567186,84.977,2.512,0.000,0.000,0.000,0.000
2.607128,16.7871,-1333.7402,0,0.0000,0.020949,1.895528,0.007781,0.020949,0.000599,0.00,1,0.00,2.577043,84.977,2.512,0.000,0.000,0.000,0.000
2.616964,16.8750,-1333.6523,0,0.0000,0.022146,1.895746,0.008380,0.022146,-0.002394,0.00,1,0.00,2.577043,84.977,2.512,0.000,0.000,0.000,0.000
2.626954,16.7871,-1333.7402,0,0.0000,0.023942,1.895985,0.008380,0.023942,-0.002394,0.00,1,0.00,2.597003,84.977,2.512,0.000,0.000,0.000,0.000
2.636944,16.6992,-1333.8281,0,0.0000,0.023942,1.896224,0.008978,0.023942,-0.001796,0.00,1,0.00,2.607128,84.977,2.512,0.000,0.000,0.000,0.000
2.647044,16.7871,-1333.7402,0,0.0000,0.023343,1.896460,0.008380,0.023343,0.000000,0.00,1,0.00,2.607128,84.977,2.512,0.000,0.000,0.000,0.000
2.656907,16.7871,-1333.7402,0,0.0000,0.022745,1.896685,0.007183,0.022745,0.002394,0.00,1,0.00,2.626954,84.977,2.512,0.000,0.000,0.000,0.000
2.666881,16.8750,-1333.6523,0,0.0000,0.021548,1.896900,0.007781,0.021548,0.003591,0.00,1,0.00,2.626954,84.977,2.512,0.000,0.000,0.000,0.000
2.676996,16.7871,-1333.7402,0,0.0000,0.020351,1.897105,0.007183,0.020351,0.003591,0.00,1,0.00,2.656907,84.977,2.512,0.000,0.000,0.000,0.000
2.686989,16.7871,-1333.7402,0,0.0000,0.020949,1.897315,0.008380,0.020949,0.002394,0.00,1,0.00,2.666881,84.977,2.512,0.000,0.000,0.000,0.000
2.696827,16.6992,-1333.8281,0,0.0000,0.021548,1.897527,0.009577,0.021548,0.005387,0.00,1,0.00,2.666881,84.977,2.512,0.000,0.000,0.000,0.000
2.706817,16.7871,-1333.7402,0,0.0000,0.020351,1.897730,0.007183,0.020351,0.005986,0.00,1,0.00,2.676996,84.977,2.512,0.000,0.000,0.000,0.000
2.716922,16.7871,-1333.7402,0,0.0000,0.020949,1.897942,0.006584,0.020949,0.004788,0.00,1,0.00,2.676996,84.977,2.512,0.000,0.000,0.000,0.000
2.726912,16.7871,-1333.7402,0,0.0000,0.018555,1.898127,0.005387,0.018555,0.006584,0.00,1,0.00,2.696827,84.977,2.512,0.000,0.000,0.000,0.000
2.736886,16.8750,-1333.6523,0,0.0000,0.020351,1.898330,0.006584,0.020351,0.004788,0.00,1,0.00,2.696827,84.977,2.512,0.000,0.000,0.000,0.000
2.746867,16.8750,-1333.6523,0,0.0000,0.022745,1.898557,0.007183,0.022745,0.004190,0.00,1,0.00,2.706817,84.977,2.512,0.000,0.000,0.000,0.000
2.756857,16.7871,-1333.7402,0,0.0000,0.022146,1.898778,0.008380,0.022146,0.007183,0.00,1,0.00,2.726912,84.977,2.512,0.000,0.000,0.000,0.000
2.766825,16.7871,-1333.7402,0,0.0000,0.022745,1.899005,0.007781,0.022745,0.006584,0.00,1,0.00,2.726912,84.977,2.512,0.000,0.000,0.000,0.000
2.776813,16.7871,-1333.7402,0,0.0000,0.022146,1.899226,0.008978,0.022146,0.004788,0.00,1,0.00,2.746867,84.977,2.512,0.000,0.000,0.000,0.000
2.786782,16.7871,-1333.7402,0,0.0000,0.023942,1.899465,0.010774,0.023942,0.002394,0.00,1,0.00,2.746867,84.977,2.512,0.000,0.000,0.000,0.000
2.796767,16.7871,-1333.7402,0,0.0000,0.022745,1.899692,0.008978,0.022745,0.001197,0.00,1,0.00,2.766825,84.977,2.512,0.000,0.000,0.000,0.000
2.806736,16.7871,-1333.7402,0,0.0000,0.024541,1.899937,0.010774,0.024541,0.001197,0.00,1,0.00,2.766825,84.977,2.512,0.000,0.000,0.000,0.000
2.816702,16.6992,-1333.8281,0,0.0000,0.026336,1.900199,0.010774,0.026336,0.005387,0.00,1,0.00,2.766825,84.977,2.512,0.000,0.000,0.000,0.000
2.826695,16.7871,-1333.7402,0,0.0000,0.026336,1.900462,0.010774,0.026336,0.005387,0.00,1,0.00,2.796767,84.977,2.512,0.000,0.000,0.000,0.000
2.836667,16.7871,-1333.7402,0,0.0000,0.025738,1.900719,0.007781,0.025738,0.004788,0.00,1,0.00,2.796767,84.977,2.512,0.000,0.000,0.000,0.000
2.846720,16.8750,-1333.6523,0,0.0000,0.024541,1.900966,0.007183,0.024541,0.003591,0.00,1,0.00,2.796767,84.977,2.512,0.000,0.000,0.000,0.000
2.856592,16.6992,-1333.8281,0,0.0000,0.026336,1.901226,0.008380,0.026336,0.002993,0.00,1,0.00,2.836667,84.977,2.512,0.000,0.000,0.000,0.000
2.866557,16.7871,-1333.7402,0,0.0000,0.023942,1.901464,0.007781,0.023942,0.002993,0.00,1,0.00,2.836667,84.977,2.512,0.000,0.000,0.000,0.000
2.876561,16.7871,-1333.7402,0,0.0000,0.019154,1.901656,0.006584,0.019154,0.005387,0.00,1,0.00,2.846720,84.977,2.512,0.000,0.000,0.000,0.000
2.886530,16.8750,-1333.6523,0,0.0000,0.019154,1.901847,0.007183,0.019154,0.005387,0.00,1,0.00,2.846720,84.977,2.512,0.000,0.000,0.000,0.000
2.896516,16.7871,-1333.7402,0,0.0000,0.019154,1.902038,0.005986,0.019154,0.005387,0.00,1,0.00,2.866557,84.977,2.512,0.000,0.000,0.000,0.000
2.906508,16.6992,-1333.8281,0,0.0000,0.019154,1.902229,0.004788,0.019154,0.002394,0.00,1,0.00,2.876561,84.977,2.512,0.000,0.000,0.000,0.000
2.916477,16.7871,-1333.7402,0,0.0000,0.017957,1.902408,0.004788,0.017957,0.000000,0.00,1,0.00,2.876561,84.977,2.512,0.000,0.000,0.000,0.000
2.926466,16.7871,-1333.7402,0,0.0000,0.017358,1.902582,0.005387,0.017358,0.006584,0.00,1,0.00,2.896516,84.977,2.512,0.000,0.000,0.000,0.000
2.936568,16.6992,-1333.8281,0,0.0000,0.019154,1.902775,0.006584,0.019154,0.008380,0.00,1,0.00,2.896516,84.977,2.512,0.000,0.000,0.000,0.000
2.946558,16.6992,-1333.8281,0,0.0000,0.021548,1.902991,0.005986,0.021548,0.007781,0.00,1,0.00,2.916477,84.977,2.512,0.000,0.000,0.000,0.000
2.956417,16.7871,-1333.7402,0,0.0000,0.022146,1.903209,0.004788,0.022146,0.005986,0.00,1,0.00,2.926466,84.977,2.512,0.000,0.000,0.000,0.000
2.966383,16.6992,-1333.8281,0,0.0000,0.019154,1.903400,0.004190,0.019154,0.006584,0.00,1,0.00,2.926466,84.977,2.512,0.000,0.000,0.000,0.000
2.976506,16.7871,-1333.7402,0,0.0000,0.018555,1.903588,0.001796,0.018555,0.002993,0.00,1,0.00,2.946558,84.977,2.512,0.000,0.000,0.000,0.000
2.986486,16.7871,-1333.7402,0,0.0000,0.019752,1.903785,0.001796,0.019752,0.007781,0.00,1,0.00,2.946558,84.977,2.512,0.000,0.000,0.000,0.000
2.996467,16.6992,-1333.8281,0,0.0000,0.022146,1.904006,0.003591,0.022146,0.007781,0.00,1,0.00,2.966383,84.977,2.512,0.000,0.000,0.000,0.000
3.006326,16.7871,-1333.7402,0,0.0000,0.022146,1.904224,0.000599,0.022146,0.007781,0.00,1,0.00,2.976506,84.977,2.512,0.000,0.000,0.000,0.000
3.016433,16.7871,-1333.7402,0,0.0000,0.022146,1.904448,0.001197,0.022146,0.010774,0.00,1,0.00,2.976506,84.977,2.512,0.000,0.000,0.000,0.000
3.026422,16.7871,-1333.7402,0,0.0000,0.023942,1.904687,0.004788,0.023942,0.008978,0.00,1,0.00,2.996467,84.977,2.512,0.000,0.000,0.000,0.000
3.036277,16.7871,-1333.7402,0,0.0000,0.021548,1.904900,0.005387,0.021548,0.007183,0.00,1,0.00,3.006326,84.977,2.512,0.000,0.000,0.000,0.000
3.046376,16.7871,-1333.7402,0,0.0000,0.020351,1.905105,0.004788,0.020351,0.006584,0.00,1,0.00,3.006326,84.977,2.512,0.000,0.000,0.000,0.000
3.056370,16.8750,-1333.6523,0,0.0000,0.020351,1.905308,0.005387,0.020351,0.006584,0.00,1,0.00,3.026422,84.977,2.512,0.000,0.000,0.000,0.000
3.066224,16.7871,-1333.7402,0,0.0000,0.019154,1.905497,0.004190,0.019154,0.005387,0.00,1,0.00,3.046376,84.977,2.512,0.000,0.000,0.000,0.000
3.076323,16.7871,-1333.7402,0,0.0000,0.018555,1.905685,0.004788,0.018555,0.003591,0.00,1,0.00,3.046376,84.977,2.512,0.000,0.000,0.000,0.000
3.086312,16.7871,-1333.7402,0,0.0000,0.017957,1.905864,0.004788,0.017957,0.001796,0.00,1,0.00,3.056370,84.977,2.512,0.000,0.000,0.000,0.000
3.096306,16.7871,-1333.7402,0,0.0000,0.017957,1.906043,0.001796,0.017957,0.007183,0.00,1,0.00,3.076323,84.977,2.512,0.000,0.000,0.000,0.000
3.106270,16.7871,-1333.7402,0,0.0000,0.017957,1.906222,0.000599,0.017957,0.006584,0.00,1,0.00,3.076323,84.977,2.512,0.000,0.000,0.000,0.000
3.116258,16.7871,-1333.7402,0,0.0000,0.016759,1.906390,0.000000,0.016759,0.007183,0.00,1,0.00,3.086312,84.977,2.512,0.000,0.000,0.000,0.000
3.126239,16.6992,-1333.8281,0,0.0000,0.016759,1.906557,0.000599,0.016759,0.008978,0.00,1,0.00,3.086312,84.977,2.512,0.000,0.000,0.000,0.000
3.136219,16.6992,-1333.8281,0,0.0000,0.018555,1.906742,0.002394,0.018555,0.008380,0.00,1,0.00,3.106270,84.977,2.512,0.000,0.000,0.000,0.000
3.146209,16.7871,-1333.7402,0,0.0000,0.021548,1.906957,0.003591,0.021548,0.007183,0.00,1,0.00,3.126239,84.977,2.512,0.000,0.000,0.000,0.000
3.156185,16.7871,-1333.7402,0,0.0000,0.023942,1.907196,0.001796,0.023942,0.005387,0.00,1,0.00,3.126239,84.977,2.512,0.000,0.000,0.000,0.000
3.166170,16.7871,-1333.7402,0,0.0000,0.022146,1.907417,0.002993,0.022146,0.001796,0.00,1,0.00,3.136219,84.977,2.512,0.000,0.000,0.000,0.000
3.176161,16.7871,-1333.7402,0,0.0000,0.019154,1.907609,0.003591,0.019154,0.000599,0.00,1,0.00,3.146209,84.977,2.512,0.000,0.000,0.000,0.000
3.186151,16.6992,-1333.8281,0,0.0000,0.017957,1.907788,0.004190,0.017957,0.001796,0.00,1,0.00,3.166170,84.977,2.512,0.000,0.000,0.000,0.000
3.196118,16.7871,-1333.7402,0,0.0000,0.016759,1.907955,0.002394,0.016759,0.000599,0.00,1,0.00,3.166170,84.977,2.512,0.000,0.000,0.000,0.000
3.206112,16.7871,-1333.7402,0,0.0000,0.017957,1.908134,0.004190,0.017957,0.000000,0.00,1,0.00,3.176161,84.977,2.512,0.000,0.000,0.000,0.000
3.216080,16.6992,-1333.8281,0,0.0000,0.016759,1.908301,0.002993,0.016759,0.000599,0.00,1,0.00,3.176161,84.977,2.512,0.000,0.000,0.000,0.000
3.226045,16.8750,-1333.6523,0,0.0000,0.020949,1.908510,0.003591,0.020949,0.001796,0.00,1,0.00,3.176161,84.977,2.512,0.000,0.000,0.000,0.000
3.236040,16.7871,-1333.7402,0,0.0000,0.020351,1.908714,0.003591,0.020351,0.001197,0.00,1,0.00,3.216080,84.977,2.512,0.000,0.000,0.000,0.000
3.246007,16.7871,-1333.7402,0,0.0000,0.017358,1.908887,0.004788,0.017358,-0.001197,0.00,1,0.00,3.216080,84.977,2.512,0.000,0.000,0.000,0.000
3.255974,16.7871,-1333.7402,0,0.0000,0.018555,1.909071,0.004788,0.018555,0.001197,0.00,1,0.00,3.216080,84.977,2.512,0.000,0.000,0.000,0.000
3.265965,16.7871,-1333.7402,0,0.0000,0.016759,1.909239,0.004788,0.016759,0.001796,0.00,1,0.00,3.236040,84.977,2.512,0.000,0.000,0.000,0.000
3.275937,16.7871,-1333.7402,0,0.0000,0.017957,1.909418,0.004788,0.017957,0.003591,0.00,1,0.00,3.236040,84.977,2.512,0.000,0.000,0.000,0.000
3.285902,16.7871,-1333.7402,0,0.0000,0.020351,1.909621,0.004190,0.020351,0.003591,0.00,1,0.00,3.236040,84.977,2.512,0.000,0.000,0.000,0.000
3.295876,16.8750,-1333.6523,0,0.0000,0.020949,1.909830,0.005986,0.020949,0.005387,0.00,1,0.00,3.236040,84.977,2.512,0.000,0.000,0.000,0.000
3.305857,16.7871,-1333.7402,0,0.0000,0.019752,1.910027,0.008978,0.019752,0.004190,0.00,1,0.00,3.275937,84.977,2.512,0.000,0.000,0.000,0.000
3.315852,16.7871,-1333.7402,0,0.0000,0.018555,1.910212,0.010175,0.018555,0.004788,0.00,1,0.00,3.285902,84.977,2.512,0.000,0.000,0.000,0.000
3.325818,16.7871,-1333.7402,0,0.0000,0.018555,1.910397,0.011372,0.018555,0.005387,0.00,1,0.00,3.285902,84.977,2.512,0.000,0.000,0.000,0.000
3.335807,16.7871,-1333.7402,0,0.0000,0.018555,1.910583,0.009577,0.018555,0.005387,0.00,1,0.00,3.305857,84.977,2.512,0.000,0.000,0.000,0.000
3.345872,16.7871,-1333.7402,0,0.0000,0.022745,1.910812,0.007781,0.022745,0.005387,0.00,1,0.00,3.315852,84.977,2.512,0.000,0.000,0.000,0.000
3.355856,16.6992,-1333.8281,0,0.0000,0.021548,1.911027,0.006584,0.021548,0.005986,0.00,1,0.00,3.315852,84.977,2.512,0.000,0.000,0.000,0.000
3.365841,16.7871,-1333.7402,0,0.0000,0.021548,1.911242,0.005387,0.021548,0.005387,0.00,1,0.00,3.335807,84.977,2.512,0.000,0.000,0.000,0.000
3.375830,16.7871,-1333.7402,0,0.0000,0.021548,1.911457,0.003591,0.021548,0.005387,0.00,1,0.00,3.345872,84.977,2.512,0.000,0.000,0.000,0.000
3.385809,16.6992,-1333.8281,0,0.0000,0.020949,1.911666,0.001197,0.020949,0.003591,0.00,1,0.00,3.345872,84.977,2.512,0.000,0.000,0.000,0.000
3.395800,16.6992,-1333.8281,0,0.0000,0.020351,1.911870,0.001796,0.020351,0.007781,0.00,1,0.00,3.365841,84.977,2.512,0.000,0.000,0.000,0.000
3.405793,16.7871,-1333.7402,0,0.0000,0.019752,1.912067,0.006584,0.019752,0.008380,0.00,1,0.00,3.375830,84.977,2.512,0.000,0.000,0.000,0.000
3.415765,16.6992,-1333.8281,0,0.0000,0.021548,1.912282,0.007781,0.021548,0.007183,0.00,1,0.00,3.375830,84.977,2.512,0.000,0.000,0.000,0.000
3.425731,16.8750,-1333.6523,0,0.0000,0.022745,1.912509,0.006584,0.022745,0.007183,0.00,1,0.00,3.375830,84.977,2.512,0.000,0.000,0.000,0.000
3.435723,16.7871,-1333.7402,0,0.0000,0.023942,1.912748,0.004190,0.023942,0.005986,0.00,1,0.00,3.415765,84.977,2.512,0.000,0.000,0.000,0.000
3.445688,16.7871,-1333.7402,0,0.0000,0.025738,1.913004,0.002993,0.025738,0.006584,0.00,1,0.00,3.415765,84.977,2.512,0.000,0.000,0.000,0.000
3.455660,16.7871,-1333.7402,0,0.0000,0.026336,1.913267,0.002993,0.026336,0.005387,0.00,1,0.00,3.415765,84.977,2.512,0.000,0.000,0.000,0.000
3.465651,16.7871,-1333.7402,0,0.0000,0.025139,1.913518,0.002394,0.025139,0.002993,0.00,1,0.00,3.435723,84.977,2.512,0.000,0.000,0.000,0.000
3.475618,16.7871,-1333.7402,0,0.0000,0.025139,1.913769,0.007781,0.025139,0.004788,0.00,1,0.00,3.435723,84.977,2.512,0.000,0.000,0.000,0.000
3.485585,16.7871,-1333.7402,0,0.0000,0.023343,1.914001,0.009577,0.023343,0.003591,0.00,1,0.00,3.435723,84.977,2.512,0.000,0.000,0.000,0.000
3.495580,16.6992,-1333.8281,0,0.0000,0.020949,1.914211,0.011971,0.020949,0.004190,0.00,1,0.00,3.475618,84.977,2.512,0.000,0.000,0.000,0.000
3.505546,16.7871,-1333.7402,0,0.0000,0.020351,1.914413,0.013767,0.020351,0.002394,0.00,1,0.00,3.475618,84.977,2.512,0.000,0.000,0.000,0.000
3.515518,16.7871,-1333.7402,0,0.0000,0.020949,1.914622,0.010175,0.020949,0.004190,0.00,1,0.00,3.475618,84.977,2.512,0.000,0.000,0.000,0.000
3.525507,16.8750,-1333.6523,0,0.0000,0.018555,1.914808,0.008380,0.018555,0.005387,0.00,1,0.00,3.485585,84.977,2.512,0.000,0.000,0.000,0.000
3.535498,16.8750,-1333.6523,0,0.0000,0.019752,1.915005,0.007781,0.019752,0.005387,0.00,1,0.00,3.515518,84.977,2.512,0.000,0.000,0.000,0.000
3.545473,16.7871,-1333.7402,0,0.0000,0.020351,1.915208,0.011971,0.020351,0.007183,0.00,1,0.00,3.515518,84.977,2.512,0.000,0.000,0.000,0.000
3.555455,16.7871,-1333.7402,0,0.0000,0.022146,1.915429,0.012570,0.022146,0.004788,0.00,1,0.00,3.525507,84.977,2.512,0.000,0.000,0.000,0.000
3.565451,16.7871,-1333.7402,0,0.0000,0.022146,1.915650,0.010175,0.022146,0.008978,0.00,1,0.00,3.535498,84.977,2.512,0.000,0.000,0.000,0.000
3.575418,16.7871,-1333.7402,0,0.0000,0.017957,1.915829,0.009577,0.017957,0.007781,0.00,1,0.00,3.535498,84.977,2.512,0.000,0.000,0.000,0.000
3.585405,16.7871,-1333.7402,0,0.0000,0.017957,1.916009,0.010774,0.017957,0.006584,0.00,1,0.00,3.555455,84.977,2.512,0.000,0.000,0.000,0.000
3.595394,16.7871,-1333.7402,0,0.0000,0.018555,1.916194,0.010175,0.018555,0.003591,0.00,1,0.00,3.565451,84.977,2.512,0.000,0.000,0.000,0.000
3.605364,16.7871,-1333.7402,0,0.0000,0.018555,1.916379,0.009577,0.018555,0.002993,0.00,1,0.00,3.565451,84.977,2.512,0.000,0.000,0.000,0.000
3.615355,16.6992,-1333.8281,0,0.0000,0.017957,1.916559,0.010175,0.017957,0.003591,0.00,1,0.00,3.585405,84.977,2.512,0.000,0.000,0.000,0.000
3.625326,16.7871,-1333.7402,0,0.0000,0.017358,1.916732,0.009577,0.017358,0.002993,0.00,1,0.00,3.585405,84.977,2.512,0.000,0.000,0.000,0.000
3.635318,16.7871,-1333.7402,0,0.0000,0.016759,1.916899,0.010774,0.016759,0.001796,0.00,1,0.00,3.615355,84.977,2.512,0.000,0.000,0.000,0.000
3.645306,16.7871,-1333.7402,0,0.0000,0.016759,1.917066,0.011372,0.016759,0.003591,0.00,1,0.00,3.625326,84.977,2.512,0.000,0.000,0.000,0.000
3.655280,16.7871,-1333.7402,0,0.0000,0.017957,1.917246,0.010175,0.017957,0.005387,0.00,1,0.00,3.625326,84.977,2.512,0.000,0.000,0.000,0.000
3.665265,16.7871,-1333.7402,0,0.0000,0.020949,1.917455,0.008978,0.020949,0.004190,0.00,1,0.00,3.635318,84.977,2.512,0.000,0.000,0.000,0.000
3.675262,16.8750,-1333.6523,0,0.0000,0.019752,1.917652,0.007781,0.019752,0.003591,0.00,1,0.00,3.655280,84.977,2.512,0.000,0.000,0.000,0.000
3.685233,16.7871,-1333.7402,0,0.0000,0.017358,1.917825,0.007183,0.017358,0.005986,0.00,1,0.00,3.655280,84.977,2.512,0.000,0.000,0.000,0.000
3.695218,16.7871,-1333.7402,0,0.0000,0.017358,1.917999,0.005986,0.017358,0.009577,0.00,1,0.00,3.665265,84.977,2.512,0.000,0.000,0.000,0.000
3.705206,16.7871,-1333.7402,0,0.0000,0.017358,1.918172,0.009577,0.017358,0.008978,0.00,1,0.00,3.675262,84.977,2.512,0.000,0.000,0.000,0.000
3.715181,16.7871,-1333.7402,0,0.0000,0.017957,1.918351,0.009577,0.017957,0.004788,0.00,1,0.00,3.675262,84.977,2.512,0.000,0.000,0.000,0.000
3.725164,16.7871,-1333.7402,0,0.0000,0.017957,1.918530,0.008978,0.017957,0.004190,0.00,1,0.00,3.695218,84.977,2.512,0.000,0.000,0.000,0.000
3.735155,16.7871,-1333.7402,0,0.0000,0.015562,1.918686,0.008380,0.015562,0.005986,0.00,1,0.00,3.705206,84.977,2.512,0.000,0.000,0.000,0.000
3.745135,16.8750,-1333.6523,0,0.0000,0.016759,1.918853,0.010774,0.016759,0.002993,0.00,1,0.00,3.705206,84.977,2.512,0.000,0.000,0.000,0.000
3.755116,16.7871,-1333.7402,0,0.0000,0.017358,1.919026,0.009577,0.017358,0.004190,0.00,1,0.00,3.725164,84.977,2.512,0.000,0.000,0.000,0.000
3.765107,16.7871,-1333.7402,0,0.0000,0.019154,1.919217,0.010175,0.019154,0.003591,0.00,1,0.00,3.735155,84.977,2.512,0.000,0.000,0.000,0.000
3.775078,16.6992,-1333.8281,0,0.0000,0.018555,1.919402,0.010774,0.018555,0.004788,0.00,1,0.00,3.735155,84.977,2.512,0.000,0.000,0.000,0.000
3.785068,16.6992,-1333.8281,0,0.0000,0.018555,1.919588,0.010175,0.018555,0.002394,0.00,1,0.00,3.755116,84.977,2.512,0.000,0.000,0.000,0.000
3.795058,16.7871,-1333.7402,0,0.0000,0.020351,1.919791,0.009577,0.020351,0.001796,0.00,1,0.00,3.765107,84.977,2.512,0.000,0.000,0.000,0.000
3.805034,16.6992,-1333.8281,0,0.0000,0.018555,1.919976,0.004190,0.018555,0.001796,0.00,1,0.00,3.765107,84.977,2.512,0.000,0.000,0.000,0.000
3.815020,16.7871,-1333.7402,0,0.0000,0.016161,1.920138,0.002993,0.016161,0.005387,0.00,1,0.00,3.785068,84.977,2.512,0.000,0.000,0.000,0.000
3.825010,16.7871,-1333.7402,0,0.0000,0.017358,1.920311,0.005986,0.017358,0.004190,0.00,1,0.00,3.795058,84.977,2.512,0.000,0.000,0.000,0.000
3.834981,16.7871,-1333.7402,0,0.0000,0.020351,1.920514,0.003591,0.020351,-0.001197,0.00,1,0.00,3.795058,84.977,2.512,0.000,0.000,0.000,0.000
3.845052,16.7871,-1333.7402,0,0.0000,0.019752,1.920713,0.002993,0.019752,-0.004190,0.00,1,0.00,3.815020,84.977,2.512,0.000,0.000,0.000,0.000
3.854936,16.6992,-1333.8281,0,0.0000,0.018555,1.920896,0.001197,0.018555,-0.000599,0.00,1,0.00,3.825010,84.977,2.512,0.000,0.000,0.000,0.000
3.864902,16.7871,-1333.7402,0,0.0000,0.019752,1.921093,0.001796,0.019752,0.000599,0.00,1,0.00,3.825010,84.977,2.512,0.000,0.000,0.000,0.000
3.875027,16.7871,-1333.7402,0,0.0000,0.022146,1.921317,0.001197,0.022146,0.001197,0.00,1,0.00,3.854936,84.977,2.512,0.000,0.000,0.000,0.000
3.885002,16.7871,-1333.7402,0,0.0000,0.023343,1.921550,0.001796,0.023343,0.002993,0.00,1,0.00,3.854936,84.977,2.512,0.000,0.000,0.000,0.000
3.894988,16.6992,-1333.8281,0,0.0000,0.025738,1.921807,0.001197,0.025738,0.005986,0.00,1,0.00,3.864902,84.977,2.512,0.000,0.000,0.000,0.000
3.904980,16.7871,-1333.7402,0,0.0000,0.023942,1.922046,0.001796,0.023942,0.007781,0.00,1,0.00,3.875027,84.977,2.512,0.000,0.000,0.000,0.000
3.914956,16.7871,-1333.7402,0,0.0000,0.023942,1.922285,0.003591,0.023942,0.004190,0.00,1,0.00,3.875027,84.977,2.512,0.000,0.000,0.000,0.000
3.924809,16.6992,-1333.8281,0,0.0000,0.022146,1.922503,0.004788,0.022146,-0.001197,0.00,1,0.00,3.894988,84.977,2.512,0.000,0.000,0.000,0.000
3.934798,16.6992,-1333.8281,0,0.0000,0.020351,1.922707,0.004190,0.020351,-0.000599,0.00,1,0.00,3.914956,84.977,2.512,0.000,0.000,0.000,0.000
3.944907,16.6992,-1333.8281,0,0.0000,0.021548,1.922924,0.005387,0.021548,0.000599,0.00,1,0.00,3.914956,84.977,2.512,0.000,0.000,0.000,0.000
3.954889,16.7871,-1333.7402,0,0.0000,0.021548,1.923139,0.004190,0.021548,-0.001796,0.00,1,0.00,3.924809,84.977,2.512,0.000,0.000,0.000,0.000
3.964751,16.8750,-1333.6523,0,0.0000,0.020351,1.923340,0.005387,0.020351,-0.002993,0.00,1,0.00,3.934798,84.977,2.512,0.000,0.000,0.000,0.000
3.974858,16.7871,-1333.7402,0,0.0000,0.021548,1.923558,0.005986,0.021548,0.000000,0.00,1,0.00,3.934798,84.977,2.512,0.000,0.000,0.000,0.000
3.984840,16.7871,-1333.7402,0,0.0000,0.019154,1.923749,0.005986,0.019154,0.000000,0.00,1,0.00,3.954889,84.977,2.512,0.000,0.000,0.000,0.000
3.994695,16.6992,-1333.8281,0,0.0000,0.019752,1.923944,0.007183,0.019752,-0.000599,0.00,1,0.00,3.964751,84.977,2.512,0.000,0.000,0.000,0.000
4.004824,16.7871,-1333.7402,0,0.0000,0.019154,1.924138,0.005986,0.019154,0.000000,0.00,1,0.00,3.984840,84.977,2.512,0.000,0.000,0.000,0.000
4.014792,16.7871,-1333.7402,0,0.0000,0.022146,1.924359,0.003591,0.022146,0.001796,0.00,1,0.00,3.984840,84.977,2.512,0.000,0.000,0.000,0.000
4.024648,16.7871,-1333.7402,0,0.0000,0.020949,1.924565,0.002394,0.020949,0.004190,0.00,1,0.00,3.994695,84.977,2.512,0.000,0.000,0.000,0.000
4.034626,16.8750,-1333.6523,0,0.0000,0.022146,1.924786,0.004190,0.022146,0.002394,0.00,1,0.00,3.994695,84.977,2.512,0.000,0.000,0.000,0.000
4.044743,16.8750,-1333.6523,0,0.0000,0.022745,1.925016,0.005986,0.022745,0.000000,0.00,1,0.00,4.014792,84.977,2.512,0.000,0.000,0.000,0.000
4.054719,16.7871,-1333.7402,0,0.0000,0.020949,1.925225,0.007781,0.020949,0.000000,0.00,1,0.00,4.014792,84.977,2.512,0.000,0.000,0.000,0.000
4.064701,16.7871,-1333.7402,0,0.0000,0.016161,1.925386,0.007183,0.016161,0.001197,0.00,1,0.00,4.024648,84.977,2.512,0.000,0.000,0.000,0.000
4.074562,16.7871,-1333.7402,0,0.0000,0.014964,1.925534,0.006584,0.014964,0.002394,0.00,1,0.00,4.054719,84.977,2.512,0.000,0.000,0.000,0.000
4.084660,16.7871,-1333.7402,0,0.0000,0.014964,1.925685,0.006584,0.014964,0.004190,0.00,1,0.00,4.054719,84.977,2.512,0.000,0.000,0.000,0.000
4.094650,16.7871,-1333.7402,0,0.0000,0.014964,1.925835,0.006584,0.014964,0.001796,0.00,1,0.00,4.064701,84.977,2.512,0.000,0.000,0.000,0.000
4.104628,16.7871,-1333.7402,0,0.0000,0.014964,1.925984,0.002993,0.014964,0.000000,0.00,1,0.00,4.064701,84.977,2.512,0.000,0.000,0.000,0.000
4.114611,16.7871,-1333.7402,0,0.0000,0.014964,1.926133,0.001796,0.014964,-0.000599,0.00,1,0.00,4.084660,84.977,2.512,0.000,0.000,0.000,0.000
4.124577,16.7871,-1333.7402,0,0.0000,0.016161,1.926294,0.002394,0.016161,0.002993,0.00,1,0.00,4.084660,84.977,2.512,0.000,0.000,0.000,0.000
4.134562,16.7871,-1333.7402,0,0.0000,0.017358,1.926468,0.000599,0.017358,0.003591,0.00,1,0.00,4.094650,84.977,2.512,0.000,0.000,0.000,0.000
4.144542,16.8750,-1333.6523,0,0.0000,0.019154,1.926659,0.002993,0.019154,0.004190,0.00,1,0.00,4.094650,84.977,2.512,0.000,0.000,0.000,0.000
4.154523,16.8750,-1333.6523,0,0.0000,0.017957,1.926838,0.001796,0.017957,0.002993,0.00,1,0.00,4.114611,84.977,2.512,0.000,0.000,0.000,0.000
4.164511,16.7871,-1333.7402,0,0.0000,0.018555,1.927023,0.001197,0.018555,0.005986,0.00,1,0.00,4.134562,84.977,2.512,0.000,0.000,0.000,0.000
4.174479,16.6992,-1333.8281,0,0.0000,0.018555,1.927208,0.000000,0.018555,0.004788,0.00,1,0.00,4.134562,84.977,2.512,0.000,0.000,0.000,0.000
4.184471,16.7871,-1333.7402,0,0.0000,0.019154,1.927400,0.001197,0.019154,0.005986,0.00,1,0.00,4.154523,84.977,2.512,0.000,0.000,0.000,0.000
4.194461,16.6992,-1333.8281,0,0.0000,0.019154,1.927591,-0.000599,0.019154,0.007781,0.00,1,0.00,4.164511,84.977,2.512,0.000,0.000,0.000,0.000
4.204430,16.7871,-1333.7402,0,0.0000,0.018555,1.927776,0.000000,0.018555,0.004190,0.00,1,0.00,4.164511,84.977,2.512,0.000,0.000,0.000,0.000
4.214418,16.7871,-1333.7402,0,0.0000,0.017358,1.927949,0.000000,0.017358,0.002993,0.00,1,0.00,4.184471,84.977,2.512,0.000,0.000,0.000,0.000
4.224409,16.7871,-1333.7402,0,0.0000,0.016759,1.928117,0.001197,0.016759,0.002993,0.00,1,0.00,4.194461,84.977,2.512,0.000,0.000,0.000,0.000
4.234376,16.7871,-1333.7402,0,0.0000,0.016161,1.928278,0.001197,0.016161,0.001796,0.00,1,0.00,4.194461,84.977,2.512,0.000,0.000,0.000,0.000
4.244365,16.7871,-1333.7402,0,0.0000,0.014964,1.928427,0.003591,0.014964,0.006584,0.00,1,0.00,4.214418,84.977,2.512,0.000,0.000,0.000,0.000
4.254363,16.8750,-1333.6523,0,0.0000,0.015562,1.928583,0.003591,0.015562,0.007781,0.00,1,0.00,4.224409,84.977,2.512,0.000,0.000,0.000,0.000
4.264332,16.7871,-1333.7402,0,0.0000,0.017358,1.928756,0.001796,0.017358,0.008380,0.00,1,0.00,4.224409,84.977,2.512,0.000,0.000,0.000,0.000
4.274317,16.7871,-1333.7402,0,0.0000,0.017358,1.928929,0.001197,0.017358,0.007183,0.00,1,0.00,4.244365,84.977,2.512,0.000,0.000,0.000,0.000
4.284308,16.7871,-1333.7402,0,0.0000,0.014964,1.929079,0.001796,0.014964,0.000599,0.00,1,0.00,4.264332,84.977,2.512,0.000,0.000,0.000,0.000
4.294286,16.7871,-1333.7402,0,0.0000,0.013767,1.929216,0.002993,0.013767,0.001197,0.00,1,0.00,4.264332,84.977,2.512,0.000,0.000,0.000,0.000
4.304268,16.7871,-1333.7402,0,0.0000,0.014365,1.929360,0.004190,0.014365,0.000000,0.00,1,0.00,4.274317,84.977,2.512,0.000,0.000,0.000,0.000
4.314259,16.8750,-1333.6523,0,0.0000,0.013767,1.929497,0.004788,0.013767,0.000000,0.00,1,0.00,4.284308,84.977,2.512,0.000,0.000,0.000,0.000
4.324234,16.7871,-1333.7402,0,0.0000,0.014365,1.929640,0.007183,0.014365,-0.001796,0.00,1,0.00,4.284308,84.977,2.512,0.000,0.000,0.000,0.000
4.334216,16.7871,-1333.7402,0,0.0000,0.014964,1.929790,0.005387,0.014964,-0.000599,0.00,1,0.00,4.304268,84.977,2.512,0.000,0.000,0.000,0.000
4.344238,16.8750,-1333.6523,0,0.0000,0.015562,1.929946,0.007183,0.015562,0.000000,0.00,1,0.00,4.314259,84.977,2.512,0.000,0.000,0.000,0.000
4.354223,16.6992,-1333.8281,0,0.0000,0.016759,1.930113,0.005387,0.016759,-0.002394,0.00,1,0.00,4.314259,84.977,2.512,0.000,0.000,0.000,0.000
4.364087,16.7871,-1333.7402,0,0.0000,0.016759,1.930278,0.003591,0.016759,-0.003591,0.00,1,0.00,4.334216,84.977,2.512,0.000,0.000,0.000,0.000
4.374077,16.6992,-1333.8281,0,0.0000,0.017957,1.930458,0.001796,0.017957,-0.004190,0.00,1,0.00,4.354223,84.977,2.512,0.000,0.000,0.000,0.000
4.384174,16.6992,-1333.8281,0,0.0000,0.016161,1.930621,0.000000,0.016161,-0.002993,0.00,1,0.00,4.354223,84.977,2.512,0.000,0.000,0.000,0.000
4.394168,16.7871,-1333.7402,0,0.0000,0.016161,1.930783,0.001197,0.016161,-0.001197,0.00,1,0.00,4.374077,84.977,2.512,0.000,0.000,0.000,0.000
4.404137,16.7871,-1333.7402,0,0.0000,0.017957,1.930962,0.001796,0.017957,0.001197,0.00,1,0.00,4.374077,84.977,2.512,0.000,0.000,0.000,0.000
4.414122,16.7871,-1333.7402,0,0.0000,0.018555,1.931147,0.001197,0.018555,-0.000599,0.00,1,0.00,4.384174,84.977,2.512,0.000,0.000,0.000,0.000
4.424111,16.7871,-1333.7402,0,0.0000,0.021548,1.931362,0.004190,0.021548,0.000000,0.00,1,0.00,4.394168,84.977,2.512,0.000,0.000,0.000,0.000
4.434089,16.7871,-1333.7402,0,0.0000,0.020351,1.931565,0.007781,0.020351,0.000000,0.00,1,0.00,4.394168,84.977,2.512,0.000,0.000,0.000,0.000
4.444073,16.7871,-1333.7402,0,0.0000,0.020949,1.931774,0.008978,0.020949,-0.002993,0.00,1,0.00,4.414122,84.977,2.512,0.000,0.000,0.000,0.000
4.454063,16.7871,-1333.7402,0,0.0000,0.018555,1.931960,0.008380,0.018555,-0.002993,0.00,1,0.00,4.424111,84.977,2.512,0.000,0.000,0.000,0.000
4.464034,16.8750,-1333.6523,0,0.0000,0.014365,1.932103,0.008978,0.014365,-0.004190,0.00,1,0.00,4.424111,84.977,2.512,0.000,0.000,0.000,0.000
4.474023,16.8750,-1333.6523,0,0.0000,0.013767,1.932240,0.008380,0.013767,-0.001796,0.00,1,0.00,4.444073,84.977,2.512,0.000,0.000,0.000,0.000
4.484011,16.7871,-1333.7402,0,0.0000,0.014964,1.932390,0.004190,0.014964,0.000599,0.00,1,0.00,4.454063,84.977,2.512,0.000,0.000,0.000,0.000
4.493979,16.7871,-1333.7402,0,0.0000,0.014964,1.932539,0.002394,0.014964,0.000000,0.00,1,0.00,4.454063,84.977,2.512,0.000,0.000,0.000,0.000
4.503972,16.7871,-1333.7402,0,0.0000,0.014365,1.932683,0.002394,0.014365,0.001796,0.00,1,0.00,4.474023,84.977,2.512,0.000,0.000,0.000,0.000
4.513964,16.8750,-1333.6523,0,0.0000,0.016161,1.932844,0.001796,0.016161,0.001197,0.00,1,0.00,4.484011,84.977,2.512,0.000,0.000,0.000,0.000
4.523931,16.7871,-1333.7402,0,0.0000,0.017957,1.933023,0.003591,0.017957,0.002993,0.00,1,0.00,4.484011,84.977,2.512,0.000,0.000,0.000,0.000
4.533918,16.7871,-1333.7402,0,0.0000,0.017358,1.933196,0.002394,0.017358,0.004788,0.00,1,0.00,4.503972,84.977,2.512,0.000,0.000,0.000,0.000
4.543912,16.8750,-1333.6523,0,0.0000,0.016759,1.933364,0.004788,0.016759,0.004788,0.00,1,0.00,4.513964,84.977,2.512,0.000,0.000,0.000,0.000
4.553876,16.7871,-1333.7402,0,0.0000,0.016759,1.933531,0.008978,0.016759,0.001796,0.00,1,0.00,4.513964,84.977,2.512,0.000,0.000,0.000,0.000
4.563864,16.6992,-1333.8281,0,0.0000,0.016759,1.933698,0.008380,0.016759,0.002394,0.00,1,0.00,4.533918,84.977,2.512,0.000,0.000,0.000,0.000
4.573854,16.7871,-1333.7402,0,0.0000,0.016161,1.933860,0.008380,0.016161,0.004190,0.00,1,0.00,4.553876,84.977,2.512,0.000,0.000,0.000,0.000
4.583825,16.7871,-1333.7402,0,0.0000,0.016161,1.934021,0.008978,0.016161,0.003591,0.00,1,0.00,4.553876,84.977,2.512,0.000,0.000,0.000,0.000
4.593813,16.7871,-1333.7402,0,0.0000,0.014964,1.934170,0.009577,0.014964,0.007183,0.00,1,0.00,4.563864,84.977,2.512,0.000,0.000,0.000,0.000
4.603803,16.6992,-1333.8281,0,0.0000,0.014365,1.934314,0.008380,0.014365,0.004788,0.00,1,0.00,4.573854,84.977,2.512,0.000,0.000,0.000,0.000
4.613773,16.6992,-1333.8281,0,0.0000,0.016759,1.934481,0.010175,0.016759,0.001796,0.00,1,0.00,4.573854,84.977,2.512,0.000,0.000,0.000,0.000
4.623761,16.7871,-1333.7402,0,0.0000,0.016759,1.934648,0.008380,0.016759,0.000000,0.00,1,0.00,4.593813,84.977,2.512,0.000,0.000,0.000,0.000
4.633750,16.7871,-1333.7402,0,0.0000,0.015562,1.934804,0.008978,0.015562,-0.001197,0.00,1,0.00,4.603803,84.977,2.512,0.000,0.000,0.000,0.000
4.643717,16.7871,-1333.7402,0,0.0000,0.016759,1.934971,0.007781,0.016759,0.001197,0.00,1,0.00,4.603803,84.977,2.512,0.000,0.000,0.000,0.000
4.653710,16.8750,-1333.6523,0,0.0000,0.019752,1.935168,0.008978,0.019752,0.003591,0.00,1,0.00,4.623761,84.977,2.512,0.000,0.000,0.000,0.000
4.663700,16.7871,-1333.7402,0,0.0000,0.017358,1.935341,0.007781,0.017358,0.002394,0.00,1,0.00,4.643717,84.977,2.512,0.000,0.000,0.000,0.000
4.673665,16.6992,-1333.8281,0,0.0000,0.019154,1.935532,0.005387,0.019154,0.004190,0.00,1,0.00,4.643717,84.977,2.512,0.000,0.000,0.000,0.000
4.683659,16.7871,-1333.7402,0,0.0000,0.016759,1.935700,0.003591,0.016759,0.005986,0.00,1,0.00,4.653710,84.977,2.512,0.000,0.000,0.000,0.000
4.693648,16.7871,-1333.7402,0,0.0000,0.013767,1.935837,0.005986,0.013767,0.004190,0.00,1,0.00,4.673665,84.977,2.512,0.000,0.000,0.000,0.000
4.703616,16.7871,-1333.7402,0,0.0000,0.017358,1.936010,0.008380,0.017358,0.005387,0.00,1,0.00,4.673665,84.977,2.512,0.000,0.000,0.000,0.000
4.713601,16.6992,-1333.8281,0,0.0000,0.017358,1.936184,0.005986,0.017358,0.003591,0.00,1,0.00,4.683659,84.977,2.512,0.000,0.000,0.000,0.000
4.723597,16.7871,-1333.7402,0,0.0000,0.016759,1.936351,0.002394,0.016759,-0.002993,0.00,1,0.00,4.703616,84.977,2.512,0.000,0.000,0.000,0.000
4.733563,16.8750,-1333.6523,0,0.0000,0.016759,1.936518,0.003591,0.016759,-0.004190,0.00,1,0.00,4.703616,84.977,2.512,0.000,0.000,0.000,0.000
4.743553,16.7871,-1333.7402,0,0.0000,0.019154,1.936710,0.003591,0.019154,-0.002993,0.00,1,0.00,4.713601,84.977,2.512,0.000,0.000,0.000,0.000
4.753543,16.7871,-1333.7402,0,0.0000,0.018555,1.936895,0.003591,0.018555,0.001197,0.00,1,0.00,4.733563,84.977,2.512,0.000,0.000,0.000,0.000
4.763516,16.7871,-1333.7402,0,0.0000,0.017957,1.937074,0.005387,0.017957,0.004190,0.00,1,0.00,4.733563,84.977,2.512,0.000,0.000,0.000,0.000
4.773506,16.7871,-1333.7402,0,0.0000,0.017358,1.937247,0.005387,0.017358,0.001796,0.00,1,0.00,4.743553,84.977,2.512,0.000,0.000,0.000,0.000
4.783495,16.7871,-1333.7402,0,0.0000,0.017358,1.937421,0.005986,0.017358,0.002993,0.00,1,0.00,4.763516,84.977,2.512,0.000,0.000,0.000,0.000
4.793466,16.7871,-1333.7402,0,0.0000,0.016161,1.937582,0.004788,0.016161,0.001197,0.00,1,0.00,4.763516,84.977,2.512,0.000,0.000,0.000,0.000
4.803457,16.6992,-1333.8281,0,0.0000,0.017358,1.937755,0.001796,0.017358,0.001796,0.00,1,0.00,4.773506,84.977,2.512,0.000,0.000,0.000,0.000
4.813428,16.7871,-1333.7402,0,0.0000,0.018555,1.937940,0.002993,0.018555,0.002993,0.00,1,0.00,4.773506,84.977,2.512,0.000,0.000,0.000,0.000
4.823411,16.6992,-1333.8281,0,0.0000,0.023343,1.938173,0.002993,0.023343,0.002394,0.00,1,0.00,4.793466,84.977,2.512,0.000,0.000,0.000,0.000
4.833408,16.7871,-1333.7402,0,0.0000,0.020351,1.938377,0.004190,0.020351,0.001796,0.00,1,0.00,4.803457,84.977,2.512,0.000,0.000,0.000,0.000
4.843325,16.7871,-1333.7402,0,0.0000,0.020949,1.938585,0.004190,0.020949,0.000599,0.00,1,0.00,4.823411,84.977,2.512,0.000,0.000,0.000,0.000
4.853305,16.7871,-1333.7402,0,0.0000,0.017957,1.938764,0.002993,0.017957,0.004190,0.00,1,0.00,4.823411,84.977,2.512,0.000,0.000,0.000,0.000
4.863294,16.7871,-1333.7402,0,0.0000,0.014964,1.938913,0.004788,0.014964,0.004190,0.00,1,0.00,4.833408,84.977,2.512,0.000,0.000,0.000,0.000
4.873298,16.7871,-1333.7402,0,0.0000,0.013767,1.939051,0.004788,0.013767,0.001197,0.00,1,0.00,4.853305,84.977,2.512,0.000,0.000,0.000,0.000
4.883266,16.7871,-1333.7402,0,0.0000,0.013168,1.939182,0.004788,0.013168,0.000599,0.00,1,0.00,4.853305,84.977,2.512,0.000,0.000,0.000,0.000
4.893257,16.6992,-1333.8281,0,0.0000,0.013767,1.939320,0.004190,0.013767,0.002394,0.00,1,0.00,4.863294,84.977,2.512,0.000,0.000,0.000,0.000
4.903236,16.7871,-1333.7402,0,0.0000,0.013767,1.939457,0.002993,0.013767,0.000599,0.00,1,0.00,4.863294,84.977,2.512,0.000,0.000,0.000,0.000
4.913216,16.6992,-1333.8281,0,0.0000,0.014964,1.939607,0.000599,0.014964,-0.000599,0.00,1,0.00,4.883266,84.977,2.512,0.000,0.000,0.000,0.000
4.923206,16.7871,-1333.7402,0,0.0000,0.015562,1.939762,-0.001796,0.015562,-0.001796,0.00,1,0.00,4.893257,84.977,2.512,0.000,0.000,0.000,0.000
4.933196,16.7871,-1333.7402,0,0.0000,0.016161,1.939923,0.000000,0.016161,-0.001197,0.00,1,0.00,4.913216,84.977,2.512,0.000,0.000,0.000,0.000
4.943167,16.7871,-1333.7402,0,0.0000,0.016161,1.940085,-0.001197,0.016161,0.000000,0.00,1,0.00,4.913216,84.977,2.512,0.000,0.000,0.000,0.000
4.953156,16.6992,-1333.8281,0,0.0000,0.018555,1.940270,-0.004190,0.018555,0.001796,0.00,1,0.00,4.923206,84.977,2.512,0.000,0.000,0.000,0.000
4.963130,16.7871,-1333.7402,0,0.0000,0.017957,1.940449,-0.004190,0.017957,0.002394,0.00,1,0.00,4.923206,84.977,2.512,0.000,0.000,0.000,0.000
4.973115,16.7871,-1333.7402,0,0.0000,0.019154,1.940640,-0.001197,0.019154,0.006584,0.00,1,0.00,4.943167,84.977,2.512,0.000,0.000,0.000,0.000
4.983104,16.7871,-1333.7402,0,0.0000,0.019154,1.940832,-0.001197,0.019154,0.000599,0.00,1,0.00,4.953156,84.977,2.512,0.000,0.000,0.000,0.000
4.993078,16.7871,-1333.7402,0,0.0000,0.017957,1.941011,0.000000,0.017957,-0.004190,0.00,1,0.00,4.953156,84.977,2.512,0.000,0.000,0.000,0.000
5.003057,16.7871,-1333.7402,0,0.0000,0.017358,1.941184,0.002993,0.017358,-0.000599,0.00,1,0.00,4.973115,84.977,2.512,0.000,0.000,0.000,0.000
5.013052,16.8750,-1333.6523,0,0.0000,0.016161,1.941345,0.005986,0.016161,0.000000,0.00,1,0.00,4.983104,84.977,2.512,0.000,0.000,0.000,0.000
5.023022,16.7871,-1333.7402,0,0.0000,0.014964,1.941494,0.007183,0.014964,0.001197,0.00,1,0.00,4.983104,84.977,2.512,0.000,0.000,0.000,0.000
5.033006,16.7871,-1333.7402,0,0.0000,0.013767,1.941632,0.004788,0.013767,0.000599,0.00,1,0.00,5.003057,84.977,2.512,0.000,0.000,0.000,0.000
5.042998,16.7871,-1333.7402,0,0.0000,0.014365,1.941775,0.007781,0.014365,0.000000,0.00,1,0.00,5.023022,84.977,2.512,0.000,0.000,0.000,0.000
5.052976,16.7871,-1333.7402,0,0.0000,0.013168,1.941907,0.007183,0.013168,0.002993,0.00,1,0.00,5.023022,84.977,2.512,0.000,0.000,0.000,0.000
5.062960,16.7871,-1333.7402,0,0.0000,0.014365,1.942050,0.008380,0.014365,0.001796,0.00,1,0.00,5.033006,84.977,2.512,0.000,0.000,0.000,0.000
5.072952,16.7871,-1333.7402,0,0.0000,0.014964,1.942200,0.006584,0.014964,0.000000,0.00,1,0.00,5.052976,84.977,2.512,0.000,0.000,0.000,0.000
5.082929,16.7871,-1333.7402,0,0.0000,0.014964,1.942349,0.007183,0.014964,-0.001197,0.00,1,0.00,5.052976,84.977,2.512,0.000,0.000,0.000,0.000
5.092908,16.7871,-1333.7402,0,0.0000,0.016161,1.942510,0.005986,0.016161,-0.002993,0.00,1,0.00,5.062960,84.977,2.512,0.000,0.000,0.000,0.000
5.102899,16.7871,-1333.7402,0,0.0000,0.018555,1.942696,0.002993,0.018555,-0.000599,0.00,1,0.00,5.072952,84.977,2.512,0.000,0.000,0.000,0.000
5.112869,16.7871,-1333.7402,0,0.0000,0.016759,1.942863,0.002993,0.016759,0.003591,0.00,1,0.00,5.072952,84.977,2.512,0.000,0.000,0.000,0.000
5.122857,16.7871,-1333.7402,0,0.0000,0.019154,1.943054,0.001197,0.019154,0.009577,0.00,1,0.00,5.092908,84.977,2.512,0.000,0.000,0.000,0.000
5.132846,16.7871,-1333.7402,0,0.0000,0.020351,1.943257,0.001796,0.020351,0.009577,0.00,1,0.00,5.112869,84.977,2.512,0.000,0.000,0.000,0.000
5.142812,16.7871,-1333.7402,0,0.0000,0.018555,1.943442,0.004190,0.018555,0.009577,0.00,1,0.00,5.112869,84.977,2.512,0.000,0.000,0.000,0.000
5.152808,16.7871,-1333.7402,0,0.0000,0.019154,1.943634,0.003591,0.019154,0.007781,0.00,1,0.00,5.122857,84.977,2.512,0.000,0.000,0.000,0.000
5.162779,16.7871,-1333.7402,0,0.0000,0.016161,1.943795,0.001796,0.016161,0.000000,0.00,1,0.00,5.122857,84.977,2.512,0.000,0.000,0.000,0.000
5.172761,16.7871,-1333.7402,0,0.0000,0.014365,1.943938,0.004190,0.014365,-0.000599,0.00,1,0.00,5.132846,84.977,2.512,0.000,0.000,0.000,0.000
5.182753,16.7871,-1333.7402,0,0.0000,0.012570,1.944064,0.005986,0.012570,0.004190,0.00,1,0.00,5.152808,84.977,2.512,0.000,0.000,0.000,0.000
5.192732,16.6992,-1333.8281,0,0.0000,0.014964,1.944213,0.007183,0.014964,0.002993,0.00,1,0.00,5.152808,84.977,2.512,0.000,0.000,0.000,0.000
5.202715,16.7871,-1333.7402,0,0.0000,0.014365,1.944357,0.004788,0.014365,0.001796,0.00,1,0.00,5.172761,84.977,2.512,0.000,0.000,0.000,0.000
5.212706,16.7871,-1333.7402,0,0.0000,0.018555,1.944542,0.005387,0.018555,0.001197,0.00,1,0.00,5.182753,84.977,2.512,0.000,0.000,0.000,0.000
5.222671,16.7871,-1333.7402,0,0.0000,0.017358,1.944715,0.003591,0.017358,0.000000,0.00,1,0.00,5.182753,84.977,2.512,0.000,0.000,0.000,0.000
5.232667,16.7871,-1333.7402,0,0.0000,0.019752,1.944912,0.002993,0.019752,0.000000,0.00,1,0.00,5.212706,84.977,2.512,0.000,0.000,0.000,0.000
5.242657,16.7871,-1333.7402,0,0.0000,0.018555,1.945098,0.001796,0.018555,0.000000,0.00,1,0.00,5.222671,84.977,2.512,0.000,0.000,0.000,0.000
5.252627,16.7871,-1333.7402,0,0.0000,0.019154,1.945289,0.000000,0.019154,-0.000599,0.00,1,0.00,5.222671,84.977,2.512,0.000,0.000,0.000,0.000
5.262618,16.8750,-1333.6523,0,0.0000,0.022146,1.945510,-0.001197,0.022146,0.000599,0.00,1,0.00,5.232667,84.977,2.512,0.000,0.000,0.000,0.000
5.272607,16.7871,-1333.7402,0,0.0000,0.020949,1.945719,-0.000599,0.020949,0.003591,0.00,1,0.00,5.242657,84.977,2.512,0.000,0.000,0.000,0.000
5.282580,16.7871,-1333.7402,0,0.0000,0.021548,1.945934,0.000000,0.021548,0.003591,0.00,1,0.00,5.242657,84.977,2.512,0.000,0.000,0.000,0.000
5.292562,16.8750,-1333.6523,0,0.0000,0.019752,1.946131,0.002394,0.019752,0.002394,0.00,1,0.00,5.262618,84.977,2.512,0.000,0.000,0.000,0.000
5.302557,16.7871,-1333.7402,0,0.0000,0.018555,1.946317,0.005986,0.018555,0.003591,0.00,1,0.00,5.272607,84.977,2.512,0.000,0.000,0.000,0.000
5.312528,16.7871,-1333.7402,0,0.0000,0.016161,1.946478,0.006584,0.016161,0.001197,0.00,1,0.00,5.272607,84.977,2.512,0.000,0.000,0.000,0.000
5.322512,16.6992,-1333.8281,0,0.0000,0.016161,1.946639,0.007781,0.016161,0.000599,0.00,1,0.00,5.292562,84.977,2.512,0.000,0.000,0.000,0.000
5.332503,16.7871,-1333.7402,0,0.0000,0.013767,1.946777,0.007183,0.013767,0.005387,0.00,1,0.00,5.302557,84.977,2.512,0.000,0.000,0.000,0.000
5.342517,16.7871,-1333.7402,0,0.0000,0.014365,1.946921,0.006584,0.014365,0.008380,0.00,1,0.00,5.302557,84.977,2.512,0.000,0.000,0.000,0.000
5.352514,16.6992,-1333.8281,0,0.0000,0.015562,1.947076,0.004788,0.015562,0.003591,0.00,1,0.00,5.322512,84.977,2.512,0.000,0.000,0.000,0.000
5.362503,16.7871,-1333.7402,0,0.0000,0.015562,1.947232,0.005387,0.015562,0.003591,0.00,1,0.00,5.332503,84.977,2.512,0.000,0.000,0.000,0.000
5.372484,16.7871,-1333.7402,0,0.0000,0.013168,1.947363,0.003591,0.013168,0.004788,0.00,1,0.00,5.332503,84.977,2.512,0.000,0.000,0.000,0.000
5.382470,16.7871,-1333.7402,0,0.0000,0.014365,1.947507,0.001796,0.014365,0.001796,0.00,1,0.00,5.352514,84.977,2.512,0.000,0.000,0.000,0.000
5.392461,16.7871,-1333.7402,0,0.0000,0.016161,1.947668,0.001197,0.016161,0.001796,0.00,1,0.00,5.362503,84.977,2.512,0.000,0.000,0.000,0.000
5.402430,16.7871,-1333.7402,0,0.0000,0.019154,1.947859,0.000000,0.019154,0.001796,0.00,1,0.00,5.362503,84.977,2.512,0.000,0.000,0.000,0.000
5.412420,16.7871,-1333.7402,0,0.0000,0.019752,1.948056,0.000000,0.019752,0.000000,0.00,1,0.00,5.382470,84.977,2.512,0.000,0.000,0.000,0.000
5.422410,16.6992,-1333.8281,0,0.0000,0.017957,1.948236,0.002394,0.017957,0.000000,0.00,1,0.00,5.392461,84.977,2.512,0.000,0.000,0.000,0.000
5.432382,16.7871,-1333.7402,0,0.0000,0.016161,1.948397,0.003591,0.016161,0.000599,0.00,1,0.00,5.392461,84.977,2.512,0.000,0.000,0.000,0.000
5.442370,16.6992,-1333.8281,0,0.0000,0.016161,1.948558,0.002993,0.016161,0.005986,0.00,1,0.00,5.412420,84.977,2.512,0.000,0.000,0.000,0.000
5.452360,16.7871,-1333.7402,0,0.0000,0.016759,1.948726,0.004190,0.016759,0.005986,0.00,1,0.00,5.422410,84.977,2.512,0.000,0.000,0.000,0.000
5.462331,16.7871,-1333.7402,0,0.0000,0.016759,1.948893,0.004190,0.016759,0.003591,0.00,1,0.00,5.422410,84.977,2.512,0.000,0.000,0.000,0.000
5.472316,16.7871,-1333.7402,0,0.0000,0.015562,1.949048,0.007183,0.015562,0.003591,0.00,1,0.00,5.442370,84.977,2.512,0.000,0.000,0.000,0.000
5.482287,16.7871,-1333.7402,0,0.0000,0.015562,1.949203,0.006584,0.015562,0.001197,0.00,1,0.00,5.442370,84.977,2.512,0.000,0.000,0.000,0.000
5.492277,16.7871,-1333.7402,0,0.0000,0.013767,1.949341,0.006584,0.013767,0.002394,0.00,1,0.00,5.452360,84.977,2.512,0.000,0.000,0.000,0.000
5.502245,16.7871,-1333.7402,0,0.0000,0.015562,1.949496,0.005387,0.015562,0.002993,0.00,1,0.00,5.452360,84.977,2.512,0.000,0.000,0.000,0.000
5.512235,16.7871,-1333.7402,0,0.0000,0.016161,1.949657,0.005387,0.016161,0.005387,0.00,1,0.00,5.492277,84.977,2.512,0.000,0.000,0.000,0.000
5.522208,16.6992,-1333.8281,0,0.0000,0.016161,1.949819,0.003591,0.016161,0.004788,0.00,1,0.00,5.492277,84.977,2.512,0.000,0.000,0.000,0.000
5.532195,16.7871,-1333.7402,0,0.0000,0.018555,1.950004,0.000599,0.018555,0.005387,0.00,1,0.00,5.502245,84.977,2.512,0.000,0.000,0.000,0.000
5.542166,16.7871,-1333.7402,0,0.0000,0.016161,1.950165,0.000000,0.016161,0.003591,0.00,1,0.00,5.502245,84.977,2.512,0.000,0.000,0.000,0.000
5.552154,16.7871,-1333.7402,0,0.0000,0.016161,1.950326,0.000000,0.016161,0.000599,0.00,1,0.00,5.512235,84.977,2.512,0.000,0.000,0.000,0.000
5.562142,16.6992,-1333.8281,0,0.0000,0.014964,1.950476,0.002394,0.014964,-0.000599,0.00,1,0.00,5.532195,84.977,2.512,0.000,0.000,0.000,0.000
5.572108,16.7871,-1333.7402,0,0.0000,0.015562,1.950631,0.005387,0.015562,0.002394,0.00,1,0.00,5.532195,84.977,2.512,0.000,0.000,0.000,0.000
5.582098,16.6992,-1333.8281,0,0.0000,0.013168,1.950763,0.005387,0.013168,0.002993,0.00,1,0.00,5.552154,84.977,2.512,0.000,0.000,0.000,0.000
5.592078,16.7871,-1333.7402,0,0.0000,0.012570,1.950888,0.005387,0.012570,0.000599,0.00,1,0.00,5.552154,84.977,2.512,0.000,0.000,0.000,0.000
5.602059,16.6992,-1333.8281,0,0.0000,0.015562,1.951043,0.006584,0.015562,0.004190,0.00,1,0.00,5.572108,84.977,2.512,0.000,0.000,0.000,0.000
5.612050,16.7871,-1333.7402,0,0.0000,0.015562,1.951199,0.007183,0.015562,0.004190,0.00,1,0.00,5.582098,84.977,2.512,0.000,0.000,0.000,0.000
5.622017,16.7871,-1333.7402,0,0.0000,0.016759,1.951366,0.004190,0.016759,0.004788,0.00,1,0.00,5.582098,84.977,2.512,0.000,0.000,0.000,0.000
5.632013,16.7871,-1333.7402,0,0.0000,0.019154,1.951557,0.000599,0.019154,0.005387,0.00,1,0.00,5.602059,84.977,2.512,0.000,0.000,0.000,0.000
5.641980,16.7871,-1333.7402,0,0.0000,0.017957,1.951736,0.002993,0.017957,0.005387,0.00,1,0.00,5.602059,84.977,2.512,0.000,0.000,0.000,0.000
5.651971,16.7871,-1333.7402,0,0.0000,0.019154,1.951928,0.000000,0.019154,0.005387,0.00,1,0.00,5.622017,84.977,2.512,0.000,0.000,0.000,0.000
5.662085,16.7871,-1333.7402,0,0.0000,0.019752,1.952127,0.000000,0.019752,0.005387,0.00,1,0.00,5.622017,84.977,2.512,0.000,0.000,0.000,0.000
5.671934,16.7871,-1333.7402,0,0.0000,0.020949,1.952334,0.000000,0.020949,0.005986,0.00,1,0.00,5.651971,84.977,2.512,0.000,0.000,0.000,0.000
5.681925,16.7871,-1333.7402,0,0.0000,0.022146,1.952555,-0.001197,0.022146,0.004788,0.00,1,0.00,5.662085,84.977,2.512,0.000,0.000,0.000,0.000
5.692025,16.7871,-1333.7402,0,0.0000,0.022146,1.952779,0.000000,0.022146,0.007781,0.00,1,0.00,5.662085,84.977,2.512,0.000,0.000,0.000,0.000
5.701886,16.7871,-1333.7402,0,0.0000,0.017957,1.952956,0.001197,0.017957,0.008380,0.00,1,0.00,5.671934,84.977,2.512,0.000,0.000,0.000,0.000
5.711984,16.7871,-1333.7402,0,0.0000,0.015562,1.953113,0.002394,0.015562,0.005986,0.00,1,0.00,5.671934,84.977,2.512,0.000,0.000,0.000,0.000
5.721975,16.7871,-1333.7402,0,0.0000,0.014964,1.953262,0.003591,0.014964,0.001197,0.00,1,0.00,5.701886,84.977,2.512,0.000,0.000,0.000,0.000
5.731944,16.7871,-1333.7402,0,0.0000,0.016161,1.953423,0.004788,0.016161,0.000000,0.00,1,0.00,5.701886,84.977,2.512,0.000,0.000,0.000,0.000
5.741934,16.7871,-1333.7402,0,0.0000,0.015562,1.953579,0.003591,0.015562,-0.000599,0.00,1,0.00,5.711984,84.977,2.512,0.000,0.000,0.000,0.000
5.751908,16.7871,-1333.7402,0,0.0000,0.013168,1.953710,0.003591,0.013168,-0.002394,0.00,1,0.00,5.711984,84.977,2.512,0.000,0.000,0.000,0.000
5.761888,16.7871,-1333.7402,0,0.0000,0.012570,1.953835,0.005387,0.012570,-0.001197,0.00,1,0.00,5.721975,84.977,2.512,0.000,0.000,0.000,0.000
5.771886,16.7871,-1333.7402,0,0.0000,0.014365,1.953979,0.004190,0.014365,0.002394,0.00,1,0.00,5.751908,84.977,2.512,0.000,0.000,0.000,0.000
5.781853,16.7871,-1333.7402,0,0.0000,0.016161,1.954140,0.002993,0.016161,0.001796,0.00,1,0.00,5.751908,84.977,2.512,0.000,0.000,0.000,0.000
5.791841,16.7871,-1333.7402,0,0.0000,0.014964,1.954290,0.002394,0.014964,0.002394,0.00,1,0.00,5.761888,84.977,2.512,0.000,0.000,0.000,0.000
5.801812,16.7871,-1333.7402,0,0.0000,0.016161,1.954451,0.000000,0.016161,0.003591,0.00,1,0.00,5.761888,84.977,2.512,0.000,0.000,0.000,0.000
5.811799,16.6992,-1333.8281,0,0.0000,0.014365,1.954594,-0.001197,0.014365,0.000000,0.00,1,0.00,5.781853,84.977,2.512,0.000,0.000,0.000,0.000
5.821790,16.7871,-1333.7402,0,0.0000,0.016161,1.954756,-0.001197,0.016161,0.001796,0.00,1,0.00,5.791841,84.977,2.512,0.000,0.000,0.000,0.000
5.831760,16.8750,-1333.6523,0,0.0000,0.016161,1.954917,0.000000,0.016161,0.001197,0.00,1,0.00,5.791841,84.977,2.512,0.000,0.000,0.000,0.000
5.841779,16.7871,-1333.7402,0,0.0000,0.017358,1.955091,0.000000,0.017358,0.003591,0.00,1,0.00,5.811799,84.977,2.512,0.000,0.000,0.000,0.000
5.851652,16.7871,-1333.7402,0,0.0000,0.016161,1.955250,0.002394,0.016161,0.004788,0.00,1,0.00,5.821790,84.977,2.512,0.000,0.000,0.000,0.000
5.861620,16.7871,-1333.7402,0,0.0000,0.014964,1.955399,0.004190,0.014964,0.006584,0.00,1,0.00,5.821790,84.977,2.512,0.000,0.000,0.000,0.000
5.871608,16.7871,-1333.7402,0,0.0000,0.011971,1.955519,0.005387,0.011971,0.001197,0.00,1,0.00,5.841779,84.977,2.512,0.000,0.000,0.000,0.000
5.881612,16.7871,-1333.7402,0,0.0000,0.011971,1.955639,0.003591,0.011971,0.000000,0.00,1,0.00,5.851652,84.977,2.512,0.000,0.000,0.000,0.000
5.891583,16.7871,-1333.7402,0,0.0000,0.011372,1.955752,0.002394,0.011372,-0.002394,0.00,1,0.00,5.851652,84.977,2.512,0.000,0.000,0.000,0.000
5.901569,16.7871,-1333.7402,0,0.0000,0.011971,1.955872,0.001796,0.011971,-0.001197,0.00,1,0.00,5.871608,84.977,2.512,0.000,0.000,0.000,0.000
5.911557,16.7871,-1333.7402,0,0.0000,0.011372,1.955985,0.004190,0.011372,-0.002993,0.00,1,0.00,5.881612,84.977,2.512,0.000,0.000,0.000,0.000
5.921529,16.7871,-1333.7402,0,0.0000,0.012570,1.956111,0.004190,0.012570,0.000000,0.00,1,0.00,5.881612,84.977,2.512,0.000,0.000,0.000,0.000
5.931518,16.7871,-1333.7402,0,0.0000,0.014365,1.956254,0.004190,0.014365,0.000000,0.00,1,0.00,5.901569,84.977,2.512,0.000,0.000,0.000,0.000
5.941509,16.7871,-1333.7402,0,0.0000,0.014964,1.956404,0.000000,0.014964,0.000000,0.00,1,0.00,5.911557,84.977,2.512,0.000,0.000,0.000,0.000
5.951483,16.6992,-1333.8281,0,0.0000,0.014964,1.956553,0.000000,0.014964,0.001796,0.00,1,0.00,5.911557,84.977,2.512,0.000,0.000,0.000,0.000
5.961471,16.7871,-1333.7402,0,0.0000,0.016759,1.956720,0.000000,0.016759,0.000599,0.00,1,0.00,5.941509,84.977,2.512,0.000,0.000,0.000,0.000
5.971462,16.7871,-1333.7402,0,0.0000,0.019154,1.956912,0.000599,0.019154,0.002394,0.00,1,0.00,5.951483,84.977,2.512,0.000,0.000,0.000,0.000
5.981430,16.6992,-1333.8281,0,0.0000,0.017358,1.957085,0.000000,0.017358,0.003591,0.00,1,0.00,5.951483,84.977,2.512,0.000,0.000,0.000,0.000
5.991554,16.7871,-1333.7402,0,0.0000,0.017957,1.957266,0.001197,0.017957,0.002394,0.00,1,0.00,5.961471,84.977,2.512,0.000,0.000,0.000,0.000
6.001411,16.7871,-1333.7402,0,0.0000,0.019154,1.957455,0.001796,0.019154,0.001197,0.00,1,0.00,5.971462,84.977,2.512,0.000,0.000,0.000,0.000
6.011374,16.6992,-1333.8281,0,0.0000,0.016759,1.957622,0.004788,0.016759,0.001197,0.00,1,0.00,5.971462,84.977,2.512,0.000,0.000,0.000,0.000
6.021362,16.7871,-1333.7402,0,0.0000,0.019154,1.957814,0.005387,0.019154,0.001796,0.00,1,0.00,5.991554,84.977,2.512,0.000,0.000,0.000,0.000
6.031358,16.7871,-1333.7402,0,0.0000,0.017957,1.957993,0.005986,0.017957,0.002394,0.00,1,0.00,6.011374,84.977,2.512,0.000,0.000,0.000,0.000
6.041325,16.7871,-1333.7402,0,0.0000,0.014365,1.958136,0.006584,0.014365,0.004788,0.00,1,0.00,6.011374,84.977,2.512,0.000,0.000,0.000,0.000
6.051316,16.7871,-1333.7402,0,0.0000,0.016759,1.958304,0.007183,0.016759,0.004190,0.00,1,0.00,6.021362,84.977,2.512,0.000,0.000,0.000,0.000
6.061294,16.6992,-1333.8281,0,0.0000,0.015562,1.958459,0.007183,0.015562,0.004190,0.00,1,0.00,6.021362,84.977,2.512,0.000,0.000,0.000,0.000
6.071276,16.7871,-1333.7402,0,0.0000,0.015562,1.958614,0.006584,0.015562,0.005387,0.00,1,0.00,6.041325,84.977,2.512,0.000,0.000,0.000,0.000
6.081267,16.7871,-1333.7402,0,0.0000,0.013168,1.958746,0.004190,0.013168,0.006584,0.00,1,0.00,6.051316,84.977,2.512,0.000,0.000,0.000,0.000
6.091234,16.7871,-1333.7402,0,0.0000,0.011971,1.958865,0.005986,0.011971,0.004190,0.00,1,0.00,6.051316,84.977,2.512,0.000,0.000,0.000,0.000
6.101227,16.6992,-1333.8281,0,0.0000,0.013767,1.959003,0.007781,0.013767,0.005387,0.00,1,0.00,6.071276,84.977,2.512,0.000,0.000,0.000,0.000
6.111217,16.7871,-1333.7402,0,0.0000,0.013767,1.959140,0.006584,0.013767,0.001796,0.00,1,0.00,6.091234,84.977,2.512,0.000,0.000,0.000,0.000
6.121184,16.6992,-1333.8281,0,0.0000,0.012570,1.959266,0.002993,0.012570,0.000599,0.00,1,0.00,6.091234,84.977,2.512,0.000,0.000,0.000,0.000
6.131177,16.7871,-1333.7402,0,0.0000,0.013767,1.959403,0.003591,0.013767,0.000000,0.00,1,0.00,6.101227,84.977,2.512,0.000,0.000,0.000,0.000
6.141165,16.7871,-1333.7402,0,0.0000,0.016161,1.959565,0.004788,0.016161,0.000000,0.00,1,0.00,6.121184,84.977,2.512,0.000,0.000,0.000,0.000
6.151134,16.8750,-1333.6523,0,0.0000,0.015562,1.959720,0.003591,0.015562,-0.001796,0.00,1,0.00,6.121184,84.977,2.512,0.000,0.000,0.000,0.000
6.161122,16.7871,-1333.7402,0,0.0000,0.017358,1.959893,0.004788,0.017358,0.000599,0.00,1,0.00,6.131177,84.977,2.512,0.000,0.000,0.000,0.000
6.171116,16.6992,-1333.8281,0,0.0000,0.017358,1.960066,0.002993,0.017358,0.000599,0.00,1,0.00,6.141165,84.977,2.512,0.000,0.000,0.000,0.000
6.181085,16.7871,-1333.7402,0,0.0000,0.017957,1.960245,0.001796,0.017957,-0.000599,0.00,1,0.00,6.141165,84.977,2.512,0.000,0.000,0.000,0.000
6.191206,16.7871,-1333.7402,0,0.0000,0.020949,1.960457,0.001796,0.020949,0.002993,0.00,1,0.00,6.161122,84.977,2.512,0.000,0.000,0.000,0.000
6.201061,16.7871,-1333.7402,0,0.0000,0.021548,1.960670,0.000000,0.021548,0.002993,0.00,1,0.00,6.181085,84.977,2.512,0.000,0.000,0.000,0.000
6.211166,16.7871,-1333.7402,0,0.0000,0.022146,1.960893,0.000000,0.022146,0.002394,0.00,1,0.00,6.181085,84.977,2.512,0.000,0.000,0.000,0.000
6.221157,16.6992,-1333.8281,0,0.0000,0.020351,1.961097,0.000000,0.020351,0.001197,0.00,1,0.00,6.191206,84.977,2.512,0.000,0.000,0.000,0.000
6.231012,16.7871,-1333.7402,0,0.0000,0.017358,1.961268,-0.001796,0.017358,0.002394,0.00,1,0.00,6.211166,84.977,2.512,0.000,0.000,0.000,0.000
6.241117,16.7871,-1333.7402,0,0.0000,0.017358,1.961443,-0.000599,0.017358,0.004190,0.00,1,0.00,6.211166,84.977,2.512,0.000,0.000,0.000,0.000
6.250972,16.7871,-1333.7402,0,0.0000,0.016759,1.961608,0.000599,0.016759,0.003591,0.00,1,0.00,6.221157,84.977,2.512,0.000,0.000,0.000,0.000
6.261075,16.6992,-1333.8281,0,0.0000,0.016161,1.961771,0.002394,0.016161,0.005387,0.00,1,0.00,6.221157,84.977,2.512,0.000,0.000,0.000,0.000
6.271057,16.7871,-1333.7402,0,0.0000,0.016161,1.961933,0.000000,0.016161,0.004788,0.00,1,0.00,6.241117,84.977,2.512,0.000,0.000,0.000,0.000
6.280917,16.6992,-1333.8281,0,0.0000,0.015562,1.962086,0.000000,0.015562,0.001197,0.00,1,0.00,6.250972,84.977,2.512,0.000,0.000,0.000,0.000
6.291024,16.7871,-1333.7402,0,0.0000,0.015562,1.962243,0.000000,0.015562,0.000000,0.00,1,0.00,6.250972,84.977,2.512,0.000,0.000,0.000,0.000
6.301007,16.8750,-1333.6523,0,0.0000,0.017358,1.962417,0.000000,0.017358,0.001197,0.00,1,0.00,6.271057,84.977,2.512,0.000,0.000,0.000,0.000
6.310998,16.7871,-1333.7402,0,0.0000,0.017358,1.962590,0.001197,0.017358,0.000000,0.00,1,0.00,6.280917,84.977,2.512,0.000,0.000,0.000,0.000
6.320979,16.6992,-1333.8281,0,0.0000,0.016161,1.962752,0.002394,0.016161,0.000599,0.00,1,0.00,6.280917,84.977,2.512,0.000,0.000,0.000,0.000
6.330959,16.6992,-1333.8281,0,0.0000,0.017957,1.962931,0.005387,0.017957,0.003591,0.00,1,0.00,6.301007,84.977,2.512,0.000,0.000,0.000,0.000
6.341830,16.8750,-1333.6523,0,0.0000,0.019154,1.963139,0.005986,0.019154,0.002394,0.00,1,0.00,6.310998,84.977,2.512,0.000,0.000,0.000,0.000
6.350922,16.7871,-1333.7402,0,0.0000,0.016759,1.963291,0.007781,0.016759,0.000000,0.00,1,0.00,6.310998,84.977,2.512,0.000,0.000,0.000,0.000
6.360911,16.6992,-1333.8281,0,0.0000,0.018555,1.963477,0.008380,0.018555,-0.000599,0.00,1,0.00,6.330959,84.977,2.512,0.000,0.000,0.000,0.000
6.370900,16.7871,-1333.7402,0,0.0000,0.018555,1.963662,0.006584,0.018555,-0.001197,0.00,1,0.00,6.350922,84.977,2.512,0.000,0.000,0.000,0.000
6.380867,16.7871,-1333.7402,0,0.0000,0.019752,1.963859,0.009577,0.019752,0.000599,0.00,1,0.00,6.350922,84.977,2.512,0.000,0.000,0.000,0.000
6.390865,16.7871,-1333.7402,0,0.0000,0.019752,1.964056,0.008380,0.019752,0.000000,0.00,1,0.00,6.360911,84.977,2.512,0.000,0.000,0.000,0.000
6.400840,16.7871,-1333.7402,0,0.0000,0.016161,1.964217,0.007183,0.016161,0.003591,0.00,1,0.00,6.360911,84.977,2.512,0.000,0.000,0.000,0.000
6.410821,16.6992,-1333.8281,0,0.0000,0.014964,1.964367,0.005387,0.014964,0.004190,0.00,1,0.00,6.380867,84.977,2.512,0.000,0.000,0.000,0.000
6.420817,16.7871,-1333.7402,0,0.0000,0.016759,1.964534,0.004788,0.016759,0.007183,0.00,1,0.00,6.390865,84.977,2.512,0.000,0.000,0.000,0.000
6.430806,16.6992,-1333.8281,0,0.0000,0.016161,1.964696,0.005387,0.016161,0.007781,0.00,1,0.00,6.410821,84.977,2.512,0.000,0.000,0.000,0.000
6.440782,16.8750,-1333.6523,0,0.0000,0.016759,1.964863,0.005986,0.016759,0.002394,0.00,1,0.00,6.410821,84.977,2.512,0.000,0.000,0.000,0.000
6.450761,16.7871,-1333.7402,0,0.0000,0.014365,1.965006,0.005387,0.014365,0.001197,0.00,1,0.00,6.420817,84.977,2.512,0.000,0.000,0.000,0.000
6.460624,16.7871,-1333.7402,0,0.0000,0.014365,1.965148,0.002394,0.014365,0.002993,0.00,1,0.00,6.430806,84.977,2.512,0.000,0.000,0.000,0.000
6.470613,16.7871,-1333.7402,0,0.0000,0.014964,1.965298,0.001796,0.014964,0.003591,0.00,1,0.00,6.450761,84.977,2.512,0.000,0.000,0.000,0.000
6.480717,16.6992,-1333.8281,0,0.0000,0.016161,1.965461,0.003591,0.016161,0.005387,0.00,1,0.00,6.450761,84.977,2.512,0.000,0.000,0.000,0.000
6.490702,16.6992,-1333.8281,0,0.0000,0.011372,1.965575,0.004190,0.011372,0.001796,0.00,1,0.00,6.460624,84.977,2.512,0.000,0.000,0.000,0.000
6.500563,16.6992,-1333.8281,0,0.0000,0.013767,1.965710,0.005986,0.013767,-0.000599,0.00,1,0.00,6.470613,84.977,2.512,0.000,0.000,0.000,0.000
6.510669,16.7871,-1333.7402,0,0.0000,0.014964,1.965862,0.006584,0.014964,0.002993,0.00,1,0.00,6.470613,84.977,2.512,0.000,0.000,0.000,0.000
6.520648,16.8750,-1333.6523,0,0.0000,0.014964,1.966011,0.005986,0.014964,0.005387,0.00,1,0.00,6.490702,84.977,2.512,0.000,0.000,0.000,0.000
6.530508,16.7871,-1333.7402,0,0.0000,0.016161,1.966170,0.006584,0.016161,0.001197,0.00,1,0.00,6.500563,84.977,2.512,0.000,0.000,0.000,0.000
6.540612,16.7871,-1333.7402,0,0.0000,0.019154,1.966364,0.005387,0.019154,0.000599,0.00,1,0.00,6.500563,84.977,2.512,0.000,0.000,0.000,0.000
6.550600,16.7871,-1333.7402,0,0.0000,0.019154,1.966555,0.004190,0.019154,0.001796,0.00,1,0.00,6.520648,84.977,2.512,0.000,0.000,0.000,0.000
6.560457,16.7871,-1333.7402,0,0.0000,0.019154,1.966744,0.004190,0.019154,0.005387,0.00,1,0.00,6.530508,84.977,2.512,0.000,0.000,0.000,0.000
6.570561,16.7871,-1333.7402,0,0.0000,0.022146,1.966968,0.004190,0.022146,0.004788,0.00,1,0.00,6.530508,84.977,2.512,0.000,0.000,0.000,0.000
6.580550,16.7871,-1333.7402,0,0.0000,0.022146,1.967189,0.003591,0.022146,0.005387,0.00,1,0.00,6.550600,84.977,2.512,0.000,0.000,0.000,0.000
6.590406,16.6992,-1333.8281,0,0.0000,0.020351,1.967389,0.001796,0.020351,0.002394,0.00,1,0.00,6.560457,84.977,2.512,0.000,0.000,0.000,0.000
6.600505,16.8750,-1333.6523,0,0.0000,0.019154,1.967583,0.001197,0.019154,0.004788,0.00,1,0.00,6.560457,84.977,2.512,0.000,0.000,0.000,0.000
6.610500,16.7871,-1333.7402,0,0.0000,0.016759,1.967750,0.000599,0.016759,0.006584,0.00,1,0.00,6.590406,84.977,2.512,0.000,0.000,0.000,0.000
6.620475,16.7871,-1333.7402,0,0.0000,0.016759,1.967918,0.000000,0.016759,0.009577,0.00,1,0.00,6.590406,84.977,2.512,0.000,0.000,0.000,0.000
6.630457,16.7871,-1333.7402,0,0.0000,0.017358,1.968091,0.001197,0.017358,0.005387,0.00,1,0.00,6.600505,84.977,2.512,0.000,0.000,0.000,0.000
6.640453,16.7871,-1333.7402,0,0.0000,0.017358,1.968264,0.000000,0.017358,0.004190,0.00,1,0.00,6.610500,84.977,2.512,0.000,0.000,0.000,0.000
6.650424,16.7871,-1333.7402,0,0.0000,0.018555,1.968449,0.000000,0.018555,0.004788,0.00,1,0.00,6.610500,84.977,2.512,0.000,0.000,0.000,0.000
6.660408,16.8750,-1333.6523,0,0.0000,0.016759,1.968617,0.001197,0.016759,0.007183,0.00,1,0.00,6.630457,84.977,2.512,0.000,0.000,0.000,0.000
6.670398,16.6992,-1333.8281,0,0.0000,0.016161,1.968778,0.000599,0.016161,0.008380,0.00,1,0.00,6.640453,84.977,2.512,0.000,0.000,0.000,0.000
6.680373,16.7871,-1333.7402,0,0.0000,0.017358,1.968951,0.002993,0.017358,0.007183,0.00,1,0.00,6.640453,84.977,2.512,0.000,0.000,0.000,0.000
6.690356,16.7871,-1333.7402,0,0.0000,0.019154,1.969142,0.006584,0.019154,-0.000599,0.00,1,0.00,6.660408,84.977,2.512,0.000,0.000,0.000,0.000
6.700346,16.6992,-1333.8281,0,0.0000,0.019752,1.969340,0.005387,0.019752,0.000000,0.00,1,0.00,6.670398,84.977,2.512,0.000,0.000,0.000,0.000
6.710318,16.8750,-1333.6523,0,0.0000,0.020949,1.969548,0.002993,0.020949,0.002993,0.00,1,0.00,6.670398,84.977,2.512,0.000,0.000,0.000,0.000
6.720309,16.6992,-1333.8281,0,0.0000,0.023343,1.969782,0.002394,0.023343,0.005986,0.00,1,0.00,6.690356,84.977,2.512,0.000,0.000,0.000,0.000
6.730301,16.7871,-1333.7402,0,0.0000,0.020351,1.969985,0.002993,0.020351,0.007781,0.00,1,0.00,6.700346,84.977,2.512,0.000,0.000,0.000,0.000
6.740271,16.6992,-1333.8281,0,0.0000,0.019154,1.970176,0.002394,0.019154,0.005387,0.00,1,0.00,6.700346,84.977,2.512,0.000,0.000,0.000,0.000
6.750263,16.6992,-1333.8281,0,0.0000,0.017358,1.970349,0.001796,0.017358,0.004788,0.00,1,0.00,6.720309,84.977,2.512,0.000,0.000,0.000,0.000
6.760255,16.7871,-1333.7402,0,0.0000,0.016161,1.970511,0.001197,0.016161,0.007183,0.00,1,0.00,6.730301,84.977,2.512,0.000,0.000,0.000,0.000
6.770227,16.7871,-1333.7402,0,0.0000,0.015562,1.970666,-0.001197,0.015562,0.005986,0.00,1,0.00,6.730301,84.977,2.512,0.000,0.000,0.000,0.000
6.780209,16.6992,-1333.8281,0,0.0000,0.014964,1.970816,-0.001796,0.014964,0.004788,0.00,1,0.00,6.750263,84.977,2.512,0.000,0.000,0.000,0.000
6.790204,16.7871,-1333.7402,0,0.0000,0.013767,1.970953,-0.000599,0.013767,0.004190,0.00,1,0.00,6.770227,84.977,2.512,0.000,0.000,0.000,0.000
6.800176,16.7871,-1333.7402,0,0.0000,0.011971,1.971072,0.000000,0.011971,0.003591,0.00,1,0.00,6.770227,84.977,2.512,0.000,0.000,0.000,0.000
6.810160,16.6992,-1333.8281,0,0.0000,0.012570,1.971198,0.001197,0.012570,0.002993,0.00,1,0.00,6.780209,84.977,2.512,0.000,0.000,0.000,0.000
6.820156,16.7871,-1333.7402,0,0.0000,0.013767,1.971336,0.001197,0.013767,0.004190,0.00,1,0.00,6.790204,84.977,2.512,0.000,0.000,0.000,0.000
6.830124,16.7871,-1333.7402,0,0.0000,0.013767,1.971473,0.005986,0.013767,0.004788,0.00,1,0.00,6.790204,84.977,2.512,0.000,0.000,0.000,0.000
6.846045,16.7871,-1333.7402,0,0.0000,0.013168,1.971682,0.008380,0.013168,0.001197,0.00,1,0.00,6.810160,84.977,2.512,0.000,0.000,0.000,0.000
6.850023,16.7871,-1333.7402,0,0.0000,0.013168,1.971735,0.008380,0.013168,0.000599,0.00,1,0.00,6.820156,84.977,2.512,0.000,0.000,0.000,0.000
6.860002,16.7871,-1333.7402,0,0.0000,0.011372,1.971848,0.008380,0.011372,0.000000,0.00,1,0.00,6.820156,84.977,2.512,0.000,0.000,0.000,0.000
6.869993,16.7871,-1333.7402,0,0.0000,0.014365,1.971992,0.008380,0.014365,-0.004190,0.00,1,0.00,6.830124,84.977,2.512,0.000,0.000,0.000,0.000
6.879985,16.7871,-1333.7402,0,0.0000,0.016759,1.972159,0.008978,0.016759,-0.003591,0.00,1,0.00,6.850023,84.977,2.512,0.000,0.000,0.000,0.000
6.889955,16.7871,-1333.7402,0,0.0000,0.016161,1.972320,0.009577,0.016161,-0.000599,0.00,1,0.00,6.850023,84.977,2.512,0.000,0.000,0.000,0.000
6.899948,16.7871,-1333.7402,0,0.0000,0.015562,1.972476,0.007781,0.015562,-0.001796,0.00,1,0.00,6.869993,84.977,2.512,0.000,0.000,0.000,0.000
6.909936,16.7871,-1333.7402,0,0.0000,0.014365,1.972619,0.007183,0.014365,0.000000,0.00,1,0.00,6.889955,84.977,2.512,0.000,0.000,0.000,0.000
6.919903,16.7871,-1333.7402,0,0.0000,0.017957,1.972798,0.004788,0.017957,-0.000599,0.00,1,0.00,6.889955,84.977,2.512,0.000,0.000,0.000,0.000
6.929892,16.7871,-1333.7402,0,0.0000,0.017358,1.972972,0.006584,0.017358,-0.000599,0.00,1,0.00,6.899948,84.977,2.512,0.000,0.000,0.000,0.000
6.939882,16.7871,-1333.7402,0,0.0000,0.015562,1.973127,0.007183,0.015562,0.001197,0.00,1,0.00,6.919903,84.977,2.512,0.000,0.000,0.000,0.000
6.949850,16.7871,-1333.7402,0,0.0000,0.017957,1.973306,0.006584,0.017957,0.000599,0.00,1,0.00,6.919903,84.977,2.512,0.000,0.000,0.000,0.000
6.959838,16.7871,-1333.7402,0,0.0000,0.019154,1.973497,0.005387,0.019154,0.001197,0.00,1,0.00,6.929892,84.977,2.512,0.000,0.000,0.000,0.000
6.969834,16.7871,-1333.7402,0,0.0000,0.018555,1.973683,0.003591,0.018555,0.004788,0.00,1,0.00,6.939882,84.977,2.512,0.000,0.000,0.000,0.000
6.979800,16.7871,-1333.7402,0,0.0000,0.017957,1.973862,0.005986,0.017957,0.005986,0.00,1,0.00,6.939882,84.977,2.512,0.000,0.000,0.000,0.000
6.989790,16.7871,-1333.7402,0,0.0000,0.015562,1.974017,0.008380,0.015562,0.006584,0.00,1,0.00,6.959838,84.977,2.512,0.000,0.000,0.000,0.000
6.999784,16.7871,-1333.7402,0,0.0000,0.014365,1.974161,0.007781,0.014365,0.005986,0.00,1,0.00,6.969834,84.977,2.512,0.000,0.000,0.000,0.000
7.009751,16.6992,-1333.8281,0,0.0000,0.015562,1.974316,0.007781,0.015562,0.005986,0.00,1,0.00,6.969834,84.977,2.512,0.000,0.000,0.000,0.000
7.019740,16.7871,-1333.7402,0,0.0000,0.016161,1.974477,0.009577,0.016161,0.005986,0.00,1,0.00,6.989790,84.977,2.512,0.000,0.000,0.000,0.000
7.029705,16.7871,-1333.7402,0,0.0000,0.017957,1.974656,0.009577,0.017957,0.005387,0.00,1,0.00,6.989790,84.977,2.512,0.000,0.000,0.000,0.000
7.039675,16.7871,-1333.7402,0,0.0000,0.020351,1.974859,0.010774,0.020351,0.002993,0.00,1,0.00,6.989790,84.977,2.512,0.000,0.000,0.000,0.000
7.049667,16.6992,-1333.8281,0,0.0000,0.016161,1.975021,0.009577,0.016161,0.000000,0.00,1,0.00,7.029705,84.977,2.512,0.000,0.000,0.000,0.000
7.059767,16.6992,-1333.8281,0,0.0000,0.016759,1.975190,0.002993,0.016759,0.000000,0.00,1,0.00,7.029705,84.977,2.512,0.000,0.000,0.000,0.000
7.069758,16.7871,-1333.7402,0,0.0000,0.017957,1.975369,0.000000,0.017957,0.000599,0.00,1,0.00,7.039675,84.977,2.512,0.000,0.000,0.000,0.000
7.079604,16.7871,-1333.7402,0,0.0000,0.017358,1.975540,0.000000,0.017358,0.004190,0.00,1,0.00,7.039675,84.977,2.512,0.000,0.000,0.000,0.000
7.089584,16.7871,-1333.7402,0,0.0000,0.016161,1.975702,0.000000,0.016161,0.004190,0.00,1,0.00,7.059767,84.977,2.512,0.000,0.000,0.000,0.000
7.099575,16.7871,-1333.7402,0,0.0000,0.014964,1.975851,0.000599,0.014964,0.000000,0.00,1,0.00,7.069758,84.977,2.512,0.000,0.000,0.000,0.000
7.109686,16.7871,-1333.7402,0,0.0000,0.016161,1.976014,0.000599,0.016161,0.001197,0.00,1,0.00,7.069758,84.977,2.512,0.000,0.000,0.000,0.000
7.119535,16.7871,-1333.7402,0,0.0000,0.019154,1.976203,0.002394,0.019154,0.000599,0.00,1,0.00,7.089584,84.977,2.512,0.000,0.000,0.000,0.000
7.129658,16.6992,-1333.8281,0,0.0000,0.017358,1.976379,0.003591,0.017358,0.000000,0.00,1,0.00,7.099575,84.977,2.512,0.000,0.000,0.000,0.000
7.139628,16.6992,-1333.8281,0,0.0000,0.013767,1.976516,0.006584,0.013767,0.000000,0.00,1,0.00,7.099575,84.977,2.512,0.000,0.000,0.000,0.000
7.149617,16.7871,-1333.7402,0,0.0000,0.017358,1.976689,0.008978,0.017358,0.000599,0.00,1,0.00,7.119535,84.977,2.512,0.000,0.000,0.000,0.000
7.159475,16.6992,-1333.8281,0,0.0000,0.017358,1.976860,0.005986,0.017358,0.000599,0.00,1,0.00,7.129658,84.977,2.512,0.000,0.000,0.000,0.000
7.169583,16.7871,-1333.7402,0,0.0000,0.016759,1.977030,0.004190,0.016759,0.001796,0.00,1,0.00,7.129658,84.977,2.512,0.000,0.000,0.000,0.000
7.179565,16.7871,-1333.7402,0,0.0000,0.019154,1.977221,0.003591,0.019154,0.000000,0.00,1,0.00,7.149617,84.977,2.512,0.000,0.000,0.000,0.000
7.189429,16.7871,-1333.7402,0,0.0000,0.020949,1.977428,0.001796,0.020949,0.000000,0.00,1,0.00,7.159475,84.977,2.512,0.000,0.000,0.000,0.000
7.199535,16.7871,-1333.7402,0,0.0000,0.020949,1.977639,0.002993,0.020949,0.000599,0.00,1,0.00,7.159475,84.977,2.512,0.000,0.000,0.000,0.000
7.209516,16.7871,-1333.7402,0,0.0000,0.020949,1.977849,0.004190,0.020949,0.002993,0.00,1,0.00,7.179565,84.977,2.512,0.000,0.000,0.000,0.000
7.219378,16.6992,-1333.8281,0,0.0000,0.019752,1.978043,0.003591,0.019752,0.006584,0.00,1,0.00,7.189429,84.977,2.512,0.000,0.000,0.000,0.000
7.229484,16.7871,-1333.7402,0,0.0000,0.022745,1.978273,0.002993,0.022745,0.004190,0.00,1,0.00,7.189429,84.977,2.512,0.000,0.000,0.000,0.000
7.239467,16.6992,-1333.8281,0,0.0000,0.021548,1.978488,0.002993,0.021548,0.004190,0.00,1,0.00,7.209516,84.977,2.512,0.000,0.000,0.000,0.000
7.249457,16.7871,-1333.7402,0,0.0000,0.021548,1.978703,0.002394,0.021548,0.005986,0.00,1,0.00,7.219378,84.977,2.512,0.000,0.000,0.000,0.000
7.259428,16.6992,-1333.8281,0,0.0000,0.020351,1.978906,0.000000,0.020351,0.001197,0.00,1,0.00,7.219378,84.977,2.512,0.000,0.000,0.000,0.000
7.269417,16.7871,-1333.7402,0,0.0000,0.017957,1.979086,0.000000,0.017957,0.000000,0.00,1,0.00,7.239467,84.977,2.512,0.000,0.000,0.000,0.000
7.279389,16.6992,-1333.8281,0,0.0000,0.016161,1.979247,0.001796,0.016161,-0.001197,0.00,1,0.00,7.239467,84.977,2.512,0.000,0.000,0.000,0.000
7.289374,16.7871,-1333.7402,0,0.0000,0.013767,1.979384,0.003591,0.013767,0.002394,0.00,1,0.00,7.249457,84.977,2.512,0.000,0.000,0.000,0.000
7.299365,16.7871,-1333.7402,0,0.0000,0.013168,1.979516,0.001796,0.013168,0.005387,0.00,1,0.00,7.269417,84.977,2.512,0.000,0.000,0.000,0.000
7.309332,16.7871,-1333.7402,0,0.0000,0.014365,1.979659,0.002394,0.014365,0.004190,0.00,1,0.00,7.269417,84.977,2.512,0.000,0.000,0.000,0.000
7.319323,16.7871,-1333.7402,0,0.0000,0.011372,1.979773,0.001796,0.011372,0.003591,0.00,1,0.00,7.289374,84.977,2.512,0.000,0.000,0.000,0.000
7.329294,16.7871,-1333.7402,0,0.0000,0.011971,1.979892,0.002394,0.011971,0.003591,0.00,1,0.00,7.289374,84.977,2.512,0.000,0.000,0.000,0.000
7.362738,16.7871,-1333.7402,0,0.0000,0.017358,1.980473,0.002993,0.017358,0.001796,0.00,1,0.00,7.329294,84.977,2.512,0.000,0.000,0.000,0.000
7.369191,16.8750,-1333.6523,0,0.0000,0.017358,1.980585,0.002993,0.017358,0.001796,0.00,1,0.00,7.329294,84.977,2.512,0.000,0.000,0.000,0.000
7.379164,16.7871,-1333.7402,0,0.0000,0.017957,1.980764,0.002394,0.017957,0.004190,0.00,1,0.00,7.329294,84.977,2.512,0.000,0.000,0.000,0.000
7.389159,16.6992,-1333.8281,0,0.0000,0.018555,1.980949,0.002394,0.018555,0.001197,0.00,1,0.00,7.362738,84.977,2.512,0.000,0.000,0.000,0.000
7.399127,16.7871,-1333.7402,0,0.0000,0.019154,1.981140,0.004190,0.019154,0.000599,0.00,1,0.00,7.362738,84.977,2.512,0.000,0.000,0.000,0.000
7.409092,16.7871,-1333.7402,0,0.0000,0.018555,1.981325,0.002394,0.018555,0.002993,0.00,1,0.00,7.362738,84.977,2.512,0.000,0.000,0.000,0.000
7.419089,16.7871,-1333.7402,0,0.0000,0.016759,1.981493,0.004788,0.016759,0.002993,0.00,1,0.00,7.399127,84.977,2.512,0.000,0.000,0.000,0.000
7.429055,16.7871,-1333.7402,0,0.0000,0.014365,1.981636,0.005387,0.014365,0.000000,0.00,1,0.00,7.399127,84.977,2.512,0.000,0.000,0.000,0.000
7.439028,16.7871,-1333.7402,0,0.0000,0.012570,1.981761,0.005986,0.012570,-0.000599,0.00,1,0.00,7.399127,84.977,2.512,0.000,0.000,0.000,0.000
7.449009,16.7871,-1333.7402,0,0.0000,0.013767,1.981899,0.007781,0.013767,-0.001197,0.00,1,0.00,7.419089,84.977,2.512,0.000,0.000,0.000,0.000
7.459004,16.7871,-1333.7402,0,0.0000,0.014964,1.982048,0.006584,0.014964,-0.002394,0.00,1,0.00,7.429055,84.977,2.512,0.000,0.000,0.000,0.000
7.468970,16.7871,-1333.7402,0,0.0000,0.014964,1.982197,0.005986,0.014964,0.001197,0.00,1,0.00,7.429055,84.977,2.512,0.000,0.000,0.000,0.000
7.478960,16.6992,-1333.8281,0,0.0000,0.016759,1.982365,0.005387,0.016759,0.004788,0.00,1,0.00,7.449009,84.977,2.512,0.000,0.000,0.000,0.000
7.488932,16.7871,-1333.7402,0,0.0000,0.018555,1.982550,0.002394,0.018555,0.007781,0.00,1,0.00,7.449009,84.977,2.512,0.000,0.000,0.000,0.000
7.499054,16.7871,-1333.7402,0,0.0000,0.019752,1.982750,0.001197,0.019752,0.004190,0.00,1,0.00,7.468970,84.977,2.512,0.000,0.000,0.000,0.000
7.508910,16.7871,-1333.7402,0,0.0000,0.019154,1.982938,0.002993,0.019154,0.004788,0.00,1,0.00,7.488932,84.977,2.512,0.000,0.000,0.000,0.000
7.518875,16.7871,-1333.7402,0,0.0000,0.019154,1.983129,0.001197,0.019154,0.004190,0.00,1,0.00,7.488932,84.977,2.512,0.000,0.000,0.000,0.000
7.528868,16.7871,-1333.7402,0,0.0000,0.019154,1.983321,0.003591,0.019154,0.004190,0.00,1,0.00,7.499054,84.977,2.512,0.000,0.000,0.000,0.000
7.538968,16.6992,-1333.8281,0,0.0000,0.017358,1.983496,0.004190,0.017358,0.002993,0.00,1,0.00,7.499054,84.977,2.512,0.000,0.000,0.000,0.000
7.548943,16.7871,-1333.7402,0,0.0000,0.019752,1.983693,0.004190,0.019752,0.002394,0.00,1,0.00,7.499054,84.977,2.512,0.000,0.000,0.000,0.000
7.558923,16.7871,-1333.7402,0,0.0000,0.020351,1.983896,0.002394,0.020351,0.000000,0.00,1,0.00,7.528868,84.977,2.512,0.000,0.000,0.000,0.000
7.568894,16.7871,-1333.7402,0,0.0000,0.018555,1.984081,0.001197,0.018555,0.000000,0.00,1,0.00,7.528868,84.977,2.512,0.000,0.000,0.000,0.000
7.578861,16.7871,-1333.7402,0,0.0000,0.014964,1.984230,0.002394,0.014964,0.001197,0.00,1,0.00,7.528868,84.977,2.512,0.000,0.000,0.000,0.000
7.588851,16.7871,-1333.7402,0,0.0000,0.014365,1.984374,0.003591,0.014365,0.004190,0.00,1,0.00,7.558923,84.977,2.512,0.000,0.000,0.000,0.000
7.598817,16.6992,-1333.8281,0,0.0000,0.011971,1.984493,0.003591,0.011971,0.001796,0.00,1,0.00,7.558923,84.977,2.512,0.000,0.000,0.000,0.000
7.608788,16.7871,-1333.7402,0,0.0000,0.010175,1.984595,0.005986,0.010175,0.000000,0.00,1,0.00,7.558923,84.977,2.512,0.000,0.000,0.000,0.000
7.618776,16.7871,-1333.7402,0,0.0000,0.009577,1.984690,0.005986,0.009577,0.002993,0.00,1,0.00,7.588851,84.977,2.512,0.000,0.000,0.000,0.000
7.628742,16.7871,-1333.7402,0,0.0000,0.011372,1.984804,0.002394,0.011372,0.004788,0.00,1,0.00,7.588851,84.977,2.512,0.000,0.000,0.000,0.000
7.638711,16.7871,-1333.7402,0,0.0000,0.014365,1.984947,0.000000,0.014365,0.004190,0.00,1,0.00,7.588851,84.977,2.512,0.000,0.000,0.000,0.000
7.648700,16.7871,-1333.7402,0,0.0000,0.014964,1.985096,0.002993,0.014964,0.004190,0.00,1,0.00,7.618776,84.977,2.512,0.000,0.000,0.000,0.000
7.658671,16.6992,-1333.8281,0,0.0000,0.019154,1.985287,0.002993,0.019154,0.006584,0.00,1,0.00,7.618776,84.977,2.512,0.000,0.000,0.000,0.000
7.668654,16.7871,-1333.7402,0,0.0000,0.019752,1.985484,0.000599,0.019752,0.009577,0.00,1,0.00,7.628742,84.977,2.512,0.000,0.000,0.000,0.000
7.678634,16.8750,-1333.6523,0,0.0000,0.016759,1.985652,0.001197,0.016759,0.007781,0.00,1,0.00,7.628742,84.977,2.512,0.000,0.000,0.000,0.000
7.688613,16.7871,-1333.7402,0,0.0000,0.017358,1.985825,0.004788,0.017358,0.004190,0.00,1,0.00,7.648700,84.977,2.512,0.000,0.000,0.000,0.000
7.698605,16.7871,-1333.7402,0,0.0000,0.017358,1.985998,0.005986,0.017358,0.006584,0.00,1,0.00,7.678634,84.977,2.512,0.000,0.000,0.000,0.000
7.708710,16.7871,-1333.7402,0,0.0000,0.016161,1.986162,0.005986,0.016161,0.005986,0.00,1,0.00,7.678634,84.977,2.512,0.000,0.000,0.000,0.000
7.718566,16.8750,-1333.6523,0,0.0000,0.016161,1.986321,0.003591,0.016161,0.002394,0.00,1,0.00,7.688613,84.977,2.512,0.000,0.000,0.000,0.000
7.728539,16.6992,-1333.8281,0,0.0000,0.014365,1.986464,0.002394,0.014365,0.002394,0.00,1,0.00,7.688613,84.977,2.512,0.000,0.000,0.000,0.000
7.738520,16.7871,-1333.7402,0,0.0000,0.014365,1.986608,0.003591,0.014365,0.001796,0.00,1,0.00,7.708710,84.977,2.512,0.000,0.000,0.000,0.000
7.748516,16.7871,-1333.7402,0,0.0000,0.015562,1.986763,0.001197,0.015562,0.005387,0.00,1,0.00,7.718566,84.977,2.512,0.000,0.000,0.000,0.000
7.758486,16.7871,-1333.7402,0,0.0000,0.017358,1.986936,0.001197,0.017358,0.004788,0.00,1,0.00,7.718566,84.977,2.512,0.000,0.000,0.000,0.000
7.768469,16.8750,-1333.6523,0,0.0000,0.017957,1.987116,0.000000,0.017957,0.002993,0.00,1,0.00,7.738520,84.977,2.512,0.000,0.000,0.000,0.000
7.778459,16.6992,-1333.8281,0,0.0000,0.020949,1.987325,0.000000,0.020949,0.001197,0.00,1,0.00,7.748516,84.977,2.512,0.000,0.000,0.000,0.000
7.788564,16.7871,-1333.7402,0,0.0000,0.022146,1.987548,0.000000,0.022146,0.000000,0.00,1,0.00,7.748516,84.977,2.512,0.000,0.000,0.000,0.000
7.798556,16.6992,-1333.8281,0,0.0000,0.023343,1.987782,0.000000,0.023343,0.000000,0.00,1,0.00,7.768469,84.977,2.512,0.000,0.000,0.000,0.000
7.808529,16.7871,-1333.7402,0,0.0000,0.022745,1.988009,-0.001197,0.022745,0.001796,0.00,1,0.00,7.768469,84.977,2.512,0.000,0.000,0.000,0.000
7.818384,16.7871,-1333.7402,0,0.0000,0.022146,1.988227,-0.000599,0.022146,0.005986,0.00,1,0.00,7.778459,84.977,2.512,0.000,0.000,0.000,0.000
7.828374,16.7871,-1333.7402,0,0.0000,0.019752,1.988424,-0.001197,0.019752,0.006584,0.00,1,0.00,7.798556,84.977,2.512,0.000,0.000,0.000,0.000
7.838474,16.7871,-1333.7402,0,0.0000,0.017957,1.988605,0.001197,0.017957,0.005986,0.00,1,0.00,7.798556,84.977,2.512,0.000,0.000,0.000,0.000
7.848462,16.7871,-1333.7402,0,0.0000,0.019154,1.988797,0.002394,0.019154,0.002993,0.00,1,0.00,7.818384,84.977,2.512,0.000,0.000,0.000,0.000
7.858416,16.7871,-1333.7402,0,0.0000,0.016759,1.988964,0.003591,0.016759,0.000000,0.00,1,0.00,7.828374,84.977,2.512,0.000,0.000,0.000,0.000
7.868398,16.7871,-1333.7402,0,0.0000,0.016161,1.989125,0.002993,0.016161,0.000599,0.00,1,0.00,7.828374,84.977,2.512,0.000,0.000,0.000,0.000
7.878389,16.7871,-1333.7402,0,0.0000,0.017957,1.989304,0.005387,0.017957,-0.001796,0.00,1,0.00,7.858416,84.977,2.512,0.000,0.000,0.000,0.000
7.888378,16.8750,-1333.6523,0,0.0000,0.016161,1.989466,0.006584,0.016161,-0.003591,0.00,1,0.00,7.868398,84.977,2.512,0.000,0.000,0.000,0.000
7.898357,16.7871,-1333.7402,0,0.0000,0.017358,1.989639,0.004190,0.017358,-0.000599,0.00,1,0.00,7.868398,84.977,2.512,0.000,0.000,0.000,0.000
7.908349,16.7871,-1333.7402,0,0.0000,0.015562,1.989794,0.004788,0.015562,0.004788,0.00,1,0.00,7.888378,84.977,2.512,0.000,0.000,0.000,0.000
7.918319,16.7871,-1333.7402,0,0.0000,0.017358,1.989967,0.004788,0.017358,0.004788,0.00,1,0.00,7.888378,84.977,2.512,0.000,0.000,0.000,0.000
7.928310,16.7871,-1333.7402,0,0.0000,0.016759,1.990135,0.005387,0.016759,0.002993,0.00,1,0.00,7.898357,84.977,2.512,0.000,0.000,0.000,0.000
7.938298,16.7871,-1333.7402,0,0.0000,0.014964,1.990284,0.002993,0.014964,-0.001197,0.00,1,0.00,7.918319,84.977,2.512,0.000,0.000,0.000,0.000
7.948265,16.7871,-1333.7402,0,0.0000,0.016161,1.990445,0.004788,0.016161,-0.003591,0.00,1,0.00,7.918319,84.977,2.512,0.000,0.000,0.000,0.000
7.958255,16.7871,-1333.7402,0,0.0000,0.017957,1.990625,0.005387,0.017957,-0.002394,0.00,1,0.00,7.928310,84.977,2.512,0.000,0.000,0.000,0.000
7.968249,16.7871,-1333.7402,0,0.0000,0.016161,1.990786,0.005387,0.016161,0.001796,0.00,1,0.00,7.948265,84.977,2.512,0.000,0.000,0.000,0.000
7.978214,16.7871,-1333.7402,0,0.0000,0.016759,1.990953,0.003591,0.016759,0.002394,0.00,1,0.00,7.948265,84.977,2.512,0.000,0.000,0.000,0.000
7.988202,16.7871,-1333.7402,0,0.0000,0.016161,1.991115,0.004788,0.016161,0.006584,0.00,1,0.00,7.958255,84.977,2.512,0.000,0.000,0.000,0.000
7.998196,16.7871,-1333.7402,0,0.0000,0.015562,1.991270,0.004190,0.015562,0.004788,0.00,1,0.00,7.978214,84.977,2.512,0.000,0.000,0.000,0.000
8.008162,16.7871,-1333.7402,0,0.0000,0.013767,1.991408,0.002394,0.013767,0.004190,0.00,1,0.00,7.978214,84.977,2.512,0.000,0.000,0.000,0.000
8.018154,16.7871,-1333.7402,0,0.0000,0.016161,1.991569,0.002394,0.016161,0.002394,0.00,1,0.00,7.988202,84.977,2.512,0.000,0.000,0.000,0.000
8.028128,16.7871,-1333.7402,0,0.0000,0.015562,1.991724,0.004190,0.015562,0.001197,0.00,1,0.00,7.988202,84.977,2.512,0.000,0.000,0.000,0.000
8.038115,16.7871,-1333.7402,0,0.0000,0.013168,1.991856,0.003591,0.013168,0.005387,0.00,1,0.00,8.018154,84.977,2.512,0.000,0.000,0.000,0.000
8.048104,16.7871,-1333.7402,0,0.0000,0.013767,1.991993,0.004788,0.013767,0.001796,0.00,1,0.00,8.028128,84.977,2.512,0.000,0.000,0.000,0.000
8.058073,16.7871,-1333.7402,0,0.0000,0.013767,1.992131,0.004190,0.013767,0.004190,0.00,1,0.00,8.028128,84.977,2.512,0.000,0.000,0.000,0.000
8.068058,16.6992,-1333.8281,0,0.0000,0.015562,1.992286,0.004788,0.015562,0.001796,0.00,1,0.00,8.038115,84.977,2.512,0.000,0.000,0.000,0.000
8.078040,16.7871,-1333.7402,0,0.0000,0.016161,1.992447,0.003591,0.016161,0.003591,0.00,1,0.00,8.038115,84.977,2.512,0.000,0.000,0.000,0.000
8.088020,16.7871,-1333.7402,0,0.0000,0.016161,1.992609,0.002993,0.016161,0.005387,0.00,1,0.00,8.048104,84.977,2.512,0.000,0.000,0.000,0.000
8.098009,16.7871,-1333.7402,0,0.0000,0.014964,1.992758,0.004788,0.014964,0.000599,0.00,1,0.00,8.068058,84.977,2.512,0.000,0.000,0.000,0.000
8.108002,16.7871,-1333.7402,0,0.0000,0.013767,1.992896,0.004190,0.013767,0.000599,0.00,1,0.00,8.088020,84.977,2.512,0.000,0.000,0.000,0.000
8.117969,16.7871,-1333.7402,0,0.0000,0.013168,1.993027,0.002394,0.013168,0.000599,0.00,1,0.00,8.088020,84.977,2.512,0.000,0.000,0.000,0.000
8.127960,16.7871,-1333.7402,0,0.0000,0.013767,1.993164,0.002993,0.013767,0.000000,0.00,1,0.00,8.108002,84.977,2.512,0.000,0.000,0.000,0.000
8.137930,16.7871,-1333.7402,0,0.0000,0.014365,1.993308,0.002394,0.014365,-0.003591,0.00,1,0.00,8.108002,84.977,2.512,0.000,0.000,0.000,0.000
8.147920,16.7871,-1333.7402,0,0.0000,0.016161,1.993469,0.001197,0.016161,-0.004190,0.00,1,0.00,8.117969,84.977,2.512,0.000,0.000,0.000,0.000
8.157908,16.7871,-1333.7402,0,0.0000,0.015562,1.993624,0.002394,0.015562,0.000599,0.00,1,0.00,8.127960,84.977,2.512,0.000,0.000,0.000,0.000
8.167880,16.7871,-1333.7402,0,0.0000,0.016161,1.993786,0.002993,0.016161,0.001796,0.00,1,0.00,8.127960,84.977,2.512,0.000,0.000,0.000,0.000
8.177864,16.8750,-1333.6523,0,0.0000,0.016759,1.993953,0.000599,0.016759,0.003591,0.00,1,0.00,8.147920,84.977,2.512,0.000,0.000,0.000,0.000
8.187860,16.6992,-1333.8281,0,0.0000,0.016161,1.994114,0.000599,0.016161,0.000000,0.00,1,0.00,8.157908,84.977,2.512,0.000,0.000,0.000,0.000
8.197833,16.7871,-1333.7402,0,0.0000,0.013168,1.994246,0.002394,0.013168,0.000599,0.00,1,0.00,8.157908,84.977,2.512,0.000,0.000,0.000,0.000
8.207815,16.8750,-1333.6523,0,0.0000,0.015562,1.994401,0.002394,0.015562,0.000000,0.00,1,0.00,8.177864,84.977,2.512,0.000,0.000,0.000,0.000
8.217810,16.6992,-1333.8281,0,0.0000,0.014365,1.994545,0.002394,0.014365,-0.003591,0.00,1,0.00,8.187860,84.977,2.512,0.000,0.000,0.000,0.000
8.227782,16.6992,-1333.8281,0,0.0000,0.015562,1.994700,0.002394,0.015562,-0.002993,0.00,1,0.00,8.187860,84.977,2.512,0.000,0.000,0.000,0.000
8.237762,16.7871,-1333.7402,0,0.0000,0.012570,1.994825,0.001796,0.012570,0.000000,0.00,1,0.00,8.207815,84.977,2.512,0.000,0.000,0.000,0.000
8.247753,16.7871,-1333.7402,0,0.0000,0.011372,1.994939,0.002394,0.011372,0.001197,0.00,1,0.00,8.217810,84.977,2.512,0.000,0.000,0.000,0.000
8.257746,16.7871,-1333.7402,0,0.0000,0.011372,1.995052,0.002394,0.011372,0.000000,0.00,1,0.00,8.237762,84.977,2.512,0.000,0.000,0.000,0.000
8.267712,16.7871,-1333.7402,0,0.0000,0.010175,1.995154,0.001796,0.010175,0.006584,0.00,1,0.00,8.237762,84.977,2.512,0.000,0.000,0.000,0.000
8.277701,16.7871,-1333.7402,0,0.0000,0.013168,1.995286,0.002993,0.013168,0.005387,0.00,1,0.00,8.247753,84.977,2.512,0.000,0.000,0.000,0.000
8.287699,16.7871,-1333.7402,0,0.0000,0.014365,1.995429,0.001796,0.014365,0.002394,0.00,1,0.00,8.267712,84.977,2.512,0.000,0.000,0.000,0.000
8.297667,16.7871,-1333.7402,0,0.0000,0.018555,1.995614,0.003591,0.018555,0.001197,0.00,1,0.00,8.267712,84.977,2.512,0.000,0.000,0.000,0.000
8.307655,16.8750,-1333.6523,0,0.0000,0.015562,1.995770,0.001796,0.015562,0.002993,0.00,1,0.00,8.277701,84.977,2.512,0.000,0.000,0.000,0.000
8.317644,16.7871,-1333.7402,0,0.0000,0.017358,1.995943,0.003591,0.017358,0.010774,0.00,1,0.00,8.287699,84.977,2.512,0.000,0.000,0.000,0.000
8.327616,16.7871,-1333.7402,0,0.0000,0.018555,1.996128,0.003591,0.018555,0.010774,0.00,1,0.00,8.287699,84.977,2.512,0.000,0.000,0.000,0.000
8.337604,16.8750,-1333.6523,0,0.0000,0.017957,1.996307,0.004788,0.017957,0.010774,0.00,1,0.00,8.307655,84.977,2.512,0.000,0.000,0.000,0.000
8.347595,16.7871,-1333.7402,0,0.0000,0.020949,1.996516,0.003591,0.020949,0.004788,0.00,1,0.00,8.317644,84.977,2.512,0.000,0.000,0.000,0.000
8.357574,16.8750,-1333.6523,0,0.0000,0.020949,1.996725,0.002394,0.020949,0.004788,0.00,1,0.00,8.317644,84.977,2.512,0.000,0.000,0.000,0.000
8.367592,16.7871,-1333.7402,0,0.0000,0.020351,1.996929,0.006584,0.020351,0.005986,0.00,1,0.00,8.337604,84.977,2.512,0.000,0.000,0.000,0.000
8.377567,16.7871,-1333.7402,0,0.0000,0.019752,1.997126,0.007781,0.019752,0.004788,0.00,1,0.00,8.337604,84.977,2.512,0.000,0.000,0.000,0.000
8.387545,16.7871,-1333.7402,0,0.0000,0.020351,1.997329,0.006584,0.020351,0.002993,0.00,1,0.00,8.357574,84.977,2.512,0.000,0.000,0.000,0.000
8.397539,16.7871,-1333.7402,0,0.0000,0.020351,1.997533,0.005986,0.020351,0.000000,0.00,1,0.00,8.367592,84.977,2.512,0.000,0.000,0.000,0.000
8.407530,16.7871,-1333.7402,0,0.0000,0.020949,1.997742,0.008978,0.020949,-0.001796,0.00,1,0.00,8.387545,84.977,2.512,0.000,0.000,0.000,0.000
8.417500,16.6992,-1333.8281,0,0.0000,0.022745,1.997969,0.008380,0.022745,-0.001197,0.00,1,0.00,8.387545,84.977,2.512,0.000,0.000,0.000,0.000
8.427486,16.7871,-1333.7402,0,0.0000,0.022745,1.998196,0.006584,0.022745,-0.002993,0.00,1,0.00,8.397539,84.977,2.512,0.000,0.000,0.000,0.000
8.437484,16.7871,-1333.7402,0,0.0000,0.019752,1.998394,0.005986,0.019752,-0.000599,0.00,1,0.00,8.417500,84.977,2.512,0.000,0.000,0.000,0.000
8.447452,16.6992,-1333.8281,0,0.0000,0.017957,1.998573,0.005387,0.017957,0.002993,0.00,1,0.00,8.417500,84.977,2.512,0.000,0.000,0.000,0.000
8.457443,16.6992,-1333.8281,0,0.0000,0.018555,1.998758,0.004190,0.018555,0.004788,0.00,1,0.00,8.427486,84.977,2.512,0.000,0.000,0.000,0.000
8.467420,16.7871,-1333.7402,0,0.0000,0.017957,1.998937,0.002394,0.017957,0.005387,0.00,1,0.00,8.427486,84.977,2.512,0.000,0.000,0.000,0.000
8.477406,16.7871,-1333.7402,0,0.0000,0.018555,1.999122,0.000599,0.018555,0.006584,0.00,1,0.00,8.447452,84.977,2.512,0.000,0.000,0.000,0.000
8.487399,16.7871,-1333.7402,0,0.0000,0.020351,1.999326,0.000000,0.020351,0.007781,0.00,1,0.00,8.457443,84.977,2.512,0.000,0.000,0.000,0.000
8.497373,16.7871,-1333.7402,0,0.0000,0.018555,1.999511,0.000000,0.018555,0.006584,0.00,1,0.00,8.457443,84.977,2.512,0.000,0.000,0.000,0.000
8.507359,16.7871,-1333.7402,0,0.0000,0.014964,1.999660,0.002394,0.014964,0.004788,0.00,1,0.00,8.477406,84.977,2.512,0.000,0.000,0.000,0.000
8.517349,16.7871,-1333.7402,0,0.0000,0.013168,1.999792,0.004788,0.013168,0.002394,0.00,1,0.00,8.487399,84.977,2.512,0.000,0.000,0.000,0.000
8.527322,16.8750,-1333.6523,0,0.0000,0.013767,1.999929,0.007781,0.013767,0.002394,0.00,1,0.00,8.487399,84.977,2.512,0.000,0.000,0.000,0.000
8.537306,16.8750,-1333.6523,0,0.0000,0.016161,2.000090,0.009577,0.016161,0.002394,0.00,1,0.00,8.507359,84.977,2.512,0.000,0.000,0.000,0.000
8.547301,16.6992,-1333.8281,0,0.0000,0.014365,2.000234,0.007183,0.014365,0.003591,0.00,1,0.00,8.517349,84.977,2.512,0.000,0.000,0.000,0.000
8.557279,16.6992,-1333.8281,0,0.0000,0.014964,2.000383,0.005387,0.014964,0.000599,0.00,1,0.00,8.517349,84.977,2.512,0.000,0.000,0.000,0.000
8.567259,16.7871,-1333.7402,0,0.0000,0.014964,2.000532,0.001197,0.014964,0.002394,0.00,1,0.00,8.537306,84.977,2.512,0.000,0.000,0.000,0.000
8.577255,16.8750,-1333.6523,0,0.0000,0.014365,2.000676,0.001197,0.014365,-0.001197,0.00,1,0.00,8.547301,84.977,2.512,0.000,0.000,0.000,0.000
8.587246,16.7871,-1333.7402,0,0.0000,0.015562,2.000831,0.001197,0.015562,-0.001197,0.00,1,0.00,8.567259,84.977,2.512,0.000,0.000,0.000,0.000
8.597210,16.7871,-1333.7402,0,0.0000,0.017358,2.001004,0.000599,0.017358,0.002394,0.00,1,0.00,8.567259,84.977,2.512,0.000,0.000,0.000,0.000
8.607201,16.6992,-1333.8281,0,0.0000,0.016161,2.001166,-0.000599,0.016161,0.004190,0.00,1,0.00,8.577255,84.977,2.512,0.000,0.000,0.000,0.000
8.617177,16.8750,-1333.6523,0,0.0000,0.013767,2.001303,-0.002394,0.013767,0.000599,0.00,1,0.00,8.577255,84.977,2.512,0.000,0.000,0.000,0.000
8.627157,16.7871,-1333.7402,0,0.0000,0.015562,2.001458,-0.000599,0.015562,0.000000,0.00,1,0.00,8.597210,84.977,2.512,0.000,0.000,0.000,0.000
8.637145,16.7871,-1333.7402,0,0.0000,0.014964,2.001608,0.000000,0.014964,-0.001796,0.00,1,0.00,8.607201,84.977,2.512,0.000,0.000,0.000,0.000
8.647118,16.7871,-1333.7402,0,0.0000,0.011372,2.001721,0.000000,0.011372,-0.002394,0.00,1,0.00,8.607201,84.977,2.512,0.000,0.000,0.000,0.000
8.657104,16.8750,-1333.6523,0,0.0000,0.013168,2.001853,0.001197,0.013168,-0.001796,0.00,1,0.00,8.627157,84.977,2.512,0.000,0.000,0.000,0.000
8.667095,16.7871,-1333.7402,0,0.0000,0.011971,2.001972,0.003591,0.011971,-0.001197,0.00,1,0.00,8.637145,84.977,2.512,0.000,0.000,0.000,0.000
8.677063,16.6992,-1333.8281,0,0.0000,0.012570,2.002098,0.005986,0.012570,-0.005387,0.00,1,0.00,8.637145,84.977,2.512,0.000,0.000,0.000,0.000
8.687054,16.8750,-1333.6523,0,0.0000,0.011971,2.002217,0.005986,0.011971,-0.006584,0.00,1,0.00,8.657104,84.977,2.512,0.000,0.000,0.000,0.000
8.697043,16.7871,-1333.7402,0,0.0000,0.014365,2.002361,0.005387,0.014365,-0.002394,0.00,1,0.00,8.667095,84.977,2.512,0.000,0.000,0.000,0.000
8.707011,16.7871,-1333.7402,0,0.0000,0.014365,2.002504,0.005387,0.014365,-0.000599,0.00,1,0.00,8.667095,84.977,2.512,0.000,0.000,0.000,0.000
8.716994,16.7871,-1333.7402,0,0.0000,0.014964,2.002654,0.004190,0.014964,0.000000,0.00,1,0.00,8.687054,84.977,2.512,0.000,0.000,0.000,0.000
8.726992,16.6992,-1333.8281,0,0.0000,0.014365,2.002797,0.007183,0.014365,-0.001796,0.00,1,0.00,8.697043,84.977,2.512,0.000,0.000,0.000,0.000
8.736959,16.7871,-1333.7402,0,0.0000,0.015562,2.002952,0.008380,0.015562,-0.001796,0.00,1,0.00,8.697043,84.977,2.512,0.000,0.000,0.000,0.000
8.746949,16.7871,-1333.7402,0,0.0000,0.019154,2.003144,0.007781,0.019154,-0.002993,0.00,1,0.00,8.716994,84.977,2.512,0.000,0.000,0.000,0.000
8.756945,16.7871,-1333.7402,0,0.0000,0.019752,2.003341,0.005986,0.019752,-0.000599,0.00,1,0.00,8.726992,84.977,2.512,0.000,0.000,0.000,0.000
8.766909,16.7871,-1333.7402,0,0.0000,0.018555,2.003526,0.005387,0.018555,-0.005387,0.00,1,0.00,8.726992,84.977,2.512,0.000,0.000,0.000,0.000
8.776899,16.8750,-1333.6523,0,0.0000,0.017957,2.003705,0.004788,0.017957,-0.004190,0.00,1,0.00,8.746949,84.977,2.512,0.000,0.000,0.000,0.000
8.786873,16.7871,-1333.7402,0,0.0000,0.018555,2.003890,0.004788,0.018555,-0.003591,0.00,1,0.00,8.746949,84.977,2.512,0.000,0.000,0.000,0.000
8.796862,16.7871,-1333.7402,0,0.0000,0.019154,2.004081,0.000599,0.019154,-0.002993,0.00,1,0.00,8.766909,84.977,2.512,0.000,0.000,0.000,0.000
8.806854,16.7871,-1333.7402,0,0.0000,0.015562,2.004237,0.000000,0.015562,0.000000,0.00,1,0.00,8.776899,84.977,2.512,0.000,0.000,0.000,0.000
8.816844,16.7871,-1333.7402,0,0.0000,0.014964,2.004386,-0.001796,0.014964,0.002993,0.00,1,0.00,8.796862,84.977,2.512,0.000,0.000,0.000,0.000
8.826811,16.6992,-1333.8281,0,0.0000,0.014964,2.004535,-0.001197,0.014964,0.000000,0.00,1,0.00,8.796862,84.977,2.512,0.000,0.000,0.000,0.000
8.836803,16.7871,-1333.7402,0,0.0000,0.013168,2.004667,-0.001796,0.013168,-0.002394,0.00,1,0.00,8.806854,84.977,2.512,0.000,0.000,0.000,0.000
8.846793,16.8750,-1333.6523,0,0.0000,0.015562,2.004822,-0.003591,0.015562,-0.001796,0.00,1,0.00,8.826811,84.977,2.512,0.000,0.000,0.000,0.000
8.856711,16.7871,-1333.7402,0,0.0000,0.015562,2.004977,-0.007183,0.015562,-0.007781,0.00,1,0.00,8.826811,84.977,2.512,0.000,0.000,0.000,0.000
8.866722,16.6992,-1333.8281,0,0.0000,0.014365,2.005121,-0.007781,0.014365,-0.004190,0.00,1,0.00,8.836803,84.977,2.512,0.000,0.000,0.000,0.000
8.876712,16.6992,-1333.8281,0,0.0000,0.014964,2.005270,-0.003591,0.014964,-0.005387,0.00,1,0.00,8.846793,84.977,2.512,0.000,0.000,0.000,0.000
8.886683,16.7871,-1333.7402,0,0.0000,0.016759,2.005437,-0.002993,0.016759,-0.005986,0.00,1,0.00,8.846793,84.977,2.512,0.000,0.000,0.000,0.000
8.896669,16.6992,-1333.8281,0,0.0000,0.015562,2.005593,0.000000,0.015562,-0.004788,0.00,1,0.00,8.866722,84.977,2.512,0.000,0.000,0.000,0.000
8.906663,16.6992,-1333.8281,0,0.0000,0.017957,2.005772,0.004190,0.017957,-0.002394,0.00,1,0.00,8.886683,84.977,2.512,0.000,0.000,0.000,0.000
8.916633,16.7871,-1333.7402,0,0.0000,0.016759,2.005939,0.007183,0.016759,-0.003591,0.00,1,0.00,8.886683,84.977,2.512,0.000,0.000,0.000,0.000
8.926620,16.6992,-1333.8281,0,0.0000,0.014964,2.006089,0.001796,0.014964,-0.005387,0.00,1,0.00,8.896669,84.977,2.512,0.000,0.000,0.000,0.000
8.936596,16.7871,-1333.7402,0,0.0000,0.014365,2.006232,0.002394,0.014365,-0.005986,0.00,1,0.00,8.896669,84.977,2.512,0.000,0.000,0.000,0.000
8.946583,16.6992,-1333.8281,0,0.0000,0.015562,2.006387,0.004190,0.015562,-0.002993,0.00,1,0.00,8.906663,84.977,2.512,0.000,0.000,0.000,0.000
8.956577,16.7871,-1333.7402,0,0.0000,0.017957,2.006567,0.002394,0.017957,0.000000,0.00,1,0.00,8.926620,84.977,2.512,0.000,0.000,0.000,0.000
8.966545,16.6992,-1333.8281,0,0.0000,0.016161,2.006728,0.001796,0.016161,0.000000,0.00,1,0.00,8.926620,84.977,2.512,0.000,0.000,0.000,0.000
8.976537,16.7871,-1333.7402,0,0.0000,0.014365,2.006872,0.002394,0.014365,0.000000,0.00,1,0.00,8.946583,84.977,2.512,0.000,0.000,0.000,0.000
8.986513,16.7871,-1333.7402,0,0.0000,0.015562,2.007027,0.000000,0.015562,-0.001197,0.00,1,0.00,8.946583,84.977,2.512,0.000,0.000,0.000,0.000
8.996495,16.7871,-1333.7402,0,0.0000,0.014964,2.007176,0.000000,0.014964,-0.001796,0.00,1,0.00,8.956577,84.977,2.512,0.000,0.000,0.000,0.000
9.006484,16.7871,-1333.7402,0,0.0000,0.014365,2.007320,0.001197,0.014365,-0.000599,0.00,1,0.00,8.976537,84.977,2.512,0.000,0.000,0.000,0.000
9.016454,16.7871,-1333.7402,0,0.0000,0.013767,2.007457,0.001796,0.013767,0.000599,0.00,1,0.00,8.976537,84.977,2.512,0.000,0.000,0.000,0.000
9.026442,16.7871,-1333.7402,0,0.0000,0.014365,2.007601,0.001796,0.014365,0.001197,0.00,1,0.00,9.006484,84.977,2.512,0.000,0.000,0.000,0.000
9.036408,16.6992,-1333.8281,0,0.0000,0.014365,2.007744,0.003591,0.014365,0.000000,0.00,1,0.00,9.006484,84.977,2.512,0.000,0.000,0.000,0.000
9.046402,16.6992,-1333.8281,0,0.0000,0.016161,2.007905,0.003591,0.016161,0.000000,0.00,1,0.00,9.016454,84.977,2.512,0.000,0.000,0.000,0.000
9.056373,16.7871,-1333.7402,0,0.0000,0.016161,2.008066,0.002993,0.016161,-0.000599,0.00,1,0.00,9.016454,84.977,2.512,0.000,0.000,0.000,0.000
9.066353,16.7871,-1333.7402,0,0.0000,0.015562,2.008221,0.002993,0.015562,-0.001796,0.00,1,0.00,9.036408,84.977,2.512,0.000,0.000,0.000,0.000
9.076343,16.7871,-1333.7402,0,0.0000,0.016161,2.008383,0.007183,0.016161,-0.003591,0.00,1,0.00,9.046402,84.977,2.512,0.000,0.000,0.000,0.000
9.086317,16.7871,-1333.7402,0,0.0000,0.014964,2.008532,0.008380,0.014964,-0.005986,0.00,1,0.00,9.046402,84.977,2.512,0.000,0.000,0.000,0.000
9.096305,16.6992,-1333.8281,0,0.0000,0.015562,2.008687,0.008380,0.015562,-0.005387,0.00,1,0.00,9.066353,84.977,2.512,0.000,0.000,0.000,0.000
9.106279,16.7871,-1333.7402,0,0.0000,0.016759,2.008855,0.008978,0.016759,-0.006584,0.00,1,0.00,9.066353,84.977,2.512,0.000,0.000,0.000,0.000
9.116261,16.7871,-1333.7402,0,0.0000,0.019752,2.009052,0.005986,0.019752,-0.006584,0.00,1,0.00,9.076343,84.977,2.512,0.000,0.000,0.000,0.000
9.126256,16.7871,-1333.7402,0,0.0000,0.020351,2.009255,0.004190,0.020351,-0.004190,0.00,1,0.00,9.096305,84.977,2.512,0.000,0.000,0.000,0.000
9.136357,16.7871,-1333.7402,0,0.0000,0.019752,2.009455,0.001796,0.019752,-0.001197,0.00,1,0.00,9.096305,84.977,2.512,0.000,0.000,0.000,0.000
9.146212,16.7871,-1333.7402,0,0.0000,0.015562,2.009608,0.000599,0.015562,0.001796,0.00,1,0.00,9.116261,84.977,2.512,0.000,0.000,0.000,0.000
9.156207,16.7871,-1333.7402,0,0.0000,0.013767,2.009746,0.000599,0.013767,0.000000,0.00,1,0.00,9.136357,84.977,2.512,0.000,0.000,0.000,0.000
9.166171,16.6992,-1333.8281,0,0.0000,0.011971,2.009865,0.000000,0.011971,0.000000,0.00,1,0.00,9.136357,84.977,2.512,0.000,0.000,0.000,0.000
9.176162,16.6992,-1333.8281,0,0.0000,0.012570,2.009990,0.000000,0.012570,-0.000599,0.00,1,0.00,9.156207,84.977,2.512,0.000,0.000,0.000,0.000
9.186133,16.7871,-1333.7402,0,0.0000,0.008978,2.010080,0.002993,0.008978,0.000000,0.00,1,0.00,9.156207,84.977,2.512,0.000,0.000,0.000,0.000
9.196123,16.8750,-1333.6523,0,0.0000,0.008380,2.010164,0.007781,0.008380,0.000000,0.00,1,0.00,9.166171,84.977,2.512,0.000,0.000,0.000,0.000
9.206115,16.6992,-1333.8281,0,0.0000,0.007183,2.010235,0.012570,0.007183,-0.002394,0.00,1,0.00,9.176162,84.977,2.512,0.000,0.000,0.000,0.000
9.216084,16.7871,-1333.7402,0,0.0000,0.005387,2.010289,0.011372,0.005387,-0.004190,0.00,1,0.00,9.176162,84.977,2.512,0.000,0.000,0.000,0.000
9.226076,16.8750,-1333.6523,0,0.0000,0.005387,2.010343,0.010774,0.005387,-0.004788,0.00,1,0.00,9.196123,84.977,2.512,0.000,0.000,0.000,0.000
9.236067,16.8750,-1333.6523,0,0.0000,0.009577,2.010438,0.009577,0.009577,-0.005387,0.00,1,0.00,9.206115,84.977,2.512,0.000,0.000,0.000,0.000
9.246035,16.7871,-1333.7402,0,0.0000,0.017358,2.010612,0.008978,0.017358,-0.004190,0.00,1,0.00,9.206115,84.977,2.512,0.000,0.000,0.000,0.000
9.256025,16.6992,-1333.8281,0,0.0000,0.019752,2.010809,0.005986,0.019752,-0.002394,0.00,1,0.00,9.226076,84.977,2.512,0.000,0.000,0.000,0.000
9.266006,16.7871,-1333.7402,0,0.0000,0.022146,2.011030,0.000000,0.022146,0.000000,0.00,1,0.00,9.226076,84.977,2.512,0.000,0.000,0.000,0.000
9.275987,16.6992,-1333.8281,0,0.0000,0.023343,2.011263,-0.002993,0.023343,-0.002993,0.00,1,0.00,9.246035,84.977,2.512,0.000,0.000,0.000,0.000
9.285978,16.7871,-1333.7402,0,0.0000,0.025139,2.011514,-0.004190,0.025139,-0.008380,0.00,1,0.00,9.256025,84.977,2.512,0.000,0.000,0.000,0.000
9.295969,16.7871,-1333.7402,0,0.0000,0.022146,2.011735,-0.007183,0.022146,-0.005387,0.00,1,0.00,9.275987,84.977,2.512,0.000,0.000,0.000,0.000
9.305944,16.7871,-1333.7402,0,0.0000,0.020351,2.011938,-0.008380,0.020351,-0.004190,0.00,1,0.00,9.275987,84.977,2.512,0.000,0.000,0.000,0.000
9.315928,16.7871,-1333.7402,0,0.0000,0.019752,2.012135,-0.006584,0.019752,-0.002394,0.00,1,0.00,9.285978,84.977,2.512,0.000,0.000,0.000,0.000
9.325918,16.7871,-1333.7402,0,0.0000,0.015562,2.012291,-0.001796,0.015562,-0.000599,0.00,1,0.00,9.305944,84.977,2.512,0.000,0.000,0.000,0.000
9.335893,16.7871,-1333.7402,0,0.0000,0.011971,2.012410,0.002394,0.011971,0.000599,0.00,1,0.00,9.305944,84.977,2.512,0.000,0.000,0.000,0.000
9.345879,16.7871,-1333.7402,0,0.0000,0.011372,2.012524,0.005387,0.011372,0.001796,0.00,1,0.00,9.315928,84.977,2.512,0.000,0.000,0.000,0.000
9.355968,16.7871,-1333.7402,0,0.0000,0.010774,2.012632,0.009577,0.010774,0.001197,0.00,1,0.00,9.325918,84.977,2.512,0.000,0.000,0.000,0.000
9.365952,16.7871,-1333.7402,0,0.0000,0.008978,2.012722,0.008380,0.008978,0.000000,0.00,1,0.00,9.325918,84.977,2.512,0.000,0.000,0.000,0.000
9.375952,16.6992,-1333.8281,0,0.0000,0.008380,2.012806,0.008380,0.008380,-0.000599,0.00,1,0.00,9.345879,84.977,2.512,0.000,0.000,0.000,0.000
9.385941,16.7871,-1333.7402,0,0.0000,0.011971,2.012925,0.010175,0.011971,-0.001197,0.00,1,0.00,9.355968,84.977,2.512,0.000,0.000,0.000,0.000
9.395907,16.7871,-1333.7402,0,0.0000,0.015562,2.013081,0.008380,0.015562,0.000000,0.00,1,0.00,9.355968,84.977,2.512,0.000,0.000,0.000,0.000
9.405902,16.7871,-1333.7402,0,0.0000,0.019154,2.013272,0.007183,0.019154,0.002394,0.00,1,0.00,9.375952,84.977,2.512,0.000,0.000,0.000,0.000
9.415879,16.6992,-1333.8281,0,0.0000,0.018555,2.013457,0.004190,0.018555,0.001796,0.00,1,0.00,9.375952,84.977,2.512,0.000,0.000,0.000,0.000
9.425858,16.7871,-1333.7402,0,0.0000,0.020351,2.013660,0.000000,0.020351,0.005986,0.00,1,0.00,9.385941,84.977,2.512,0.000,0.000,0.000,0.000
9.435846,16.7871,-1333.7402,0,0.0000,0.022146,2.013881,-0.000599,0.022146,0.007183,0.00,1,0.00,9.405902,84.977,2.512,0.000,0.000,0.000,0.000
9.445822,16.7871,-1333.7402,0,0.0000,0.021548,2.014096,-0.000599,0.021548,0.008978,0.00,1,0.00,9.405902,84.977,2.512,0.000,0.000,0.000,0.000
9.455806,16.6992,-1333.8281,0,0.0000,0.019154,2.014288,0.000000,0.019154,0.007781,0.00,1,0.00,9.425858,84.977,2.512,0.000,0.000,0.000,0.000
9.465795,16.6992,-1333.8281,0,0.0000,0.017957,2.014467,0.002394,0.017957,0.005986,0.00,1,0.00,9.435846,84.977,2.512,0.000,0.000,0.000,0.000
9.475761,16.8750,-1333.6523,0,0.0000,0.015562,2.014622,0.005387,0.015562,0.002394,0.00,1,0.00,9.435846,84.977,2.512,0.000,0.000,0.000,0.000
9.485754,16.7871,-1333.7402,0,0.0000,0.017957,2.014802,0.007781,0.017957,0.000000,0.00,1,0.00,9.455806,84.977,2.512,0.000,0.000,0.000,0.000
9.495732,16.7871,-1333.7402,0,0.0000,0.015562,2.014957,0.008978,0.015562,0.000000,0.00,1,0.00,9.455806,84.977,2.512,0.000,0.000,0.000,0.000
9.505713,16.7871,-1333.7402,0,0.0000,0.014365,2.015100,0.011971,0.014365,0.000000,0.00,1,0.00,9.475761,84.977,2.512,0.000,0.000,0.000,0.000
9.515709,16.7871,-1333.7402,0,0.0000,0.018555,2.015285,0.010175,0.018555,-0.001197,0.00,1,0.00,9.485754,84.977,2.512,0.000,0.000,0.000,0.000
9.525676,16.7871,-1333.7402,0,0.0000,0.017957,2.015465,0.008380,0.017957,-0.001796,0.00,1,0.00,9.485754,84.977,2.512,0.000,0.000,0.000,0.000
9.535667,16.6992,-1333.8281,0,0.0000,0.018555,2.015650,0.004788,0.018555,-0.000599,0.00,1,0.00,9.505713,84.977,2.512,0.000,0.000,0.000,0.000
9.545644,16.6992,-1333.8281,0,0.0000,0.020351,2.015853,0.002394,0.020351,0.001197,0.00,1,0.00,9.505713,84.977,2.512,0.000,0.000,0.000,0.000
9.555630,16.7871,-1333.7402,0,0.0000,0.022146,2.016074,-0.001796,0.022146,0.002394,0.00,1,0.00,9.525676,84.977,2.512,0.000,0.000,0.000,0.000
9.565621,16.7871,-1333.7402,0,0.0000,0.023942,2.016314,-0.004788,0.023942,0.000000,0.00,1,0.00,9.535667,84.977,2.512,0.000,0.000,0.000,0.000
9.575590,16.8750,-1333.6523,0,0.0000,0.021548,2.016528,-0.003591,0.021548,-0.004788,0.00,1,0.00,9.535667,84.977,2.512,0.000,0.000,0.000,0.000
9.585574,16.7871,-1333.7402,0,0.0000,0.019752,2.016726,-0.002993,0.019752,-0.006584,0.00,1,0.00,9.555630,84.977,2.512,0.000,0.000,0.000,0.000
9.595568,16.7871,-1333.7402,0,0.0000,0.022146,2.016947,-0.003591,0.022146,-0.002394,0.00,1,0.00,9.565621,84.977,2.512,0.000,0.000,0.000,0.000
9.605539,16.8750,-1333.6523,0,0.0000,0.020949,2.017156,-0.004190,0.020949,-0.000599,0.00,1,0.00,9.565621,84.977,2.512,0.000,0.000,0.000,0.000
9.615523,16.7871,-1333.7402,0,0.0000,0.016759,2.017323,-0.000599,0.016759,-0.004190,0.00,1,0.00,9.585574,84.977,2.512,0.000,0.000,0.000,0.000
9.625516,16.7871,-1333.7402,0,0.0000,0.016161,2.017484,-0.001197,0.016161,-0.003591,0.00,1,0.00,9.595568,84.977,2.512,0.000,0.000,0.000,0.000
9.635486,16.8750,-1333.6523,0,0.0000,0.014964,2.017634,0.000599,0.014964,-0.001796,0.00,1,0.00,9.595568,84.977,2.512,0.000,0.000,0.000,0.000
9.645472,16.7871,-1333.7402,0,0.0000,0.018555,2.017819,0.003591,0.018555,-0.005387,0.00,1,0.00,9.615523,84.977,2.512,0.000,0.000,0.000,0.000
9.655464,16.6992,-1333.8281,0,0.0000,0.019154,2.018010,0.005986,0.019154,-0.004788,0.00,1,0.00,9.625516,84.977,2.512,0.000,0.000,0.000,0.000
9.665437,16.7871,-1333.7402,0,0.0000,0.018555,2.018195,0.005986,0.018555,-0.004190,0.00,1,0.00,9.625516,84.977,2.512,0.000,0.000,0.000,0.000
9.675426,16.6992,-1333.8281,0,0.0000,0.017358,2.018369,0.003591,0.017358,-0.003591,0.00,1,0.00,9.655464,84.977,2.512,0.000,0.000,0.000,0.000
9.685416,16.7871,-1333.7402,0,0.0000,0.017358,2.018542,0.001796,0.017358,-0.004190,0.00,1,0.00,9.665437,84.977,2.512,0.000,0.000,0.000,0.000
9.695386,16.7871,-1333.7402,0,0.0000,0.017358,2.018715,0.001197,0.017358,-0.004190,0.00,1,0.00,9.665437,84.977,2.512,0.000,0.000,0.000,0.000
9.705375,16.7871,-1333.7402,0,0.0000,0.016161,2.018877,0.000000,0.016161,-0.002394,0.00,1,0.00,9.675426,84.977,2.512,0.000,0.000,0.000,0.000
9.715350,16.7871,-1333.7402,0,0.0000,0.019154,2.019068,-0.001796,0.019154,-0.001197,0.00,1,0.00,9.675426,84.977,2.512,0.000,0.000,0.000,0.000
9.725332,16.7871,-1333.7402,0,0.0000,0.018555,2.019253,-0.000599,0.018555,-0.001796,0.00,1,0.00,9.695386,84.977,2.512,0.000,0.000,0.000,0.000
9.735327,16.7871,-1333.7402,0,0.0000,0.014964,2.019402,0.002394,0.014964,-0.000599,0.00,1,0.00,9.705375,84.977,2.512,0.000,0.000,0.000,0.000
9.745318,16.6992,-1333.8281,0,0.0000,0.008380,2.019486,0.005986,0.008380,-0.001197,0.00,1,0.00,9.725332,84.977,2.512,0.000,0.000,0.000,0.000
9.755285,16.6992,-1333.8281,0,0.0000,0.008380,2.019569,0.008978,0.008380,-0.001197,0.00,1,0.00,9.725332,84.977,2.512,0.000,0.000,0.000,0.000
9.765271,16.7871,-1333.7402,0,0.0000,0.008380,2.019653,0.008380,0.008380,-0.004190,0.00,1,0.00,9.735327,84.977,2.512,0.000,0.000,0.000,0.000
9.775266,16.7871,-1333.7402,0,0.0000,0.005986,2.019713,0.004788,0.005986,-0.005387,0.00,1,0.00,9.755285,84.977,2.512,0.000,0.000,0.000,0.000
9.785232,16.7871,-1333.7402,0,0.0000,0.008978,2.019802,0.004788,0.008978,-0.002993,0.00,1,0.00,9.755285,84.977,2.512,0.000,0.000,0.000,0.000
9.795221,16.7871,-1333.7402,0,0.0000,0.011971,2.019922,0.003591,0.011971,-0.004190,0.00,1,0.00,9.765271,84.977,2.512,0.000,0.000,0.000,0.000
9.805217,16.7871,-1333.7402,0,0.0000,0.016759,2.020090,0.001796,0.016759,-0.005387,0.00,1,0.00,9.785232,84.977,2.512,0.000,0.000,0.000,0.000
9.815184,16.6992,-1333.8281,0,0.0000,0.017358,2.020263,0.000599,0.017358,-0.004788,0.00,1,0.00,9.785232,84.977,2.512,0.000,0.000,0.000,0.000
9.825173,16.7871,-1333.7402,0,0.0000,0.020949,2.020472,0.000000,0.020949,-0.002394,0.00,1,0.00,9.795221,84.977,2.512,0.000,0.000,0.000,0.000
9.835143,16.7871,-1333.7402,0,0.0000,0.022146,2.020693,-0.001197,0.022146,-0.001796,0.00,1,0.00,9.795221,84.977,2.512,0.000,0.000,0.000,0.000
9.845135,16.6992,-1333.8281,0,0.0000,0.022146,2.020914,-0.003591,0.022146,-0.003591,0.00,1,0.00,9.815184,84.977,2.512,0.000,0.000,0.000,0.000
9.857824,16.6992,-1333.8281,0,0.0000,0.021548,2.021188,-0.004788,0.021548,-0.001796,0.00,1,0.00,9.825173,84.977,2.512,0.000,0.000,0.000,0.000
9.865119,16.6992,-1333.8281,0,0.0000,0.018555,2.021323,-0.004190,0.018555,-0.001796,0.00,1,0.00,9.825173,84.977,2.512,0.000,0.000,0.000,0.000
9.875116,16.7871,-1333.7402,0,0.0000,0.016161,2.021485,-0.001796,0.016161,-0.001796,0.00,1,0.00,9.845135,84.977,2.512,0.000,0.000,0.000,0.000
9.884973,16.7871,-1333.7402,0,0.0000,0.014964,2.021632,0.000000,0.014964,0.001197,0.00,1,0.00,9.857824,84.977,2.512,0.000,0.000,0.000,0.000
9.895080,16.7871,-1333.7402,0,0.0000,0.012570,2.021759,0.000599,0.012570,0.000000,0.00,1,0.00,9.857824,84.977,2.512,0.000,0.000,0.000,0.000
9.905065,16.7871,-1333.7402,0,0.0000,0.011971,2.021879,0.004788,0.011971,0.000000,0.00,1,0.00,9.875116,84.977,2.512,0.000,0.000,0.000,0.000
9.915059,16.7871,-1333.7402,0,0.0000,0.013168,2.022010,0.007183,0.013168,0.000000,0.00,1,0.00,9.895080,84.977,2.512,0.000,0.000,0.000,0.000
9.925024,16.6992,-1333.8281,0,0.0000,0.010774,2.022118,0.008978,0.010774,-0.000599,0.00,1,0.00,9.895080,84.977,2.512,0.000,0.000,0.000,0.000
9.935014,16.7871,-1333.7402,0,0.0000,0.013767,2.022255,0.007183,0.013767,-0.004788,0.00,1,0.00,9.905065,84.977,2.512,0.000,0.000,0.000,0.000
9.945006,16.7871,-1333.7402,0,0.0000,0.011971,2.022375,0.007183,0.011971,-0.005387,0.00,1,0.00,9.915059,84.977,2.512,0.000,0.000,0.000,0.000
9.954976,16.7871,-1333.7402,0,0.0000,0.013168,2.022506,0.005986,0.013168,-0.002394,0.00,1,0.00,9.915059,84.977,2.512,0.000,0.000,0.000,0.000
9.964967,16.7871,-1333.7402,0,0.0000,0.016161,2.022668,0.002993,0.016161,-0.000599,0.00,1,0.00,9.935014,84.977,2.512,0.000,0.000,0.000,0.000
9.974934,16.7871,-1333.7402,0,0.0000,0.014964,2.022817,0.001197,0.014964,-0.000599,0.00,1,0.00,9.935014,84.977,2.512,0.000,0.000,0.000,0.000
9.984926,16.7871,-1333.7402,0,0.0000,0.018555,2.023002,-0.000599,0.018555,0.000000,0.00,1,0.00,9.954976,84.977,2.512,0.000,0.000,0.000,0.000
9.994917,16.7871,-1333.7402,0,0.0000,0.017358,2.023175,0.000000,0.017358,0.000000,0.00,1,0.00,9.964967,84.977,2.512,0.000,0.000,0.000,0.000
10.004883,16.7871,-1333.7402,0,0.0000,0.018555,2.023360,0.001796,0.018555,-0.001796,0.00,1,0.00,9.964967,84.977,2.512,0.000,0.000,0.000,0.000
10.014870,16.7871,-1333.7402,0,0.0000,0.018555,2.023546,0.002394,0.018555,-0.001197,0.00,1,0.00,9.984926,84.977,2.512,0.000,0.000,0.000,0.000
10.024866,16.7871,-1333.7402,0,0.0000,0.017957,2.023725,0.006584,0.017957,0.000599,0.00,1,0.00,10.004883,84.977,2.512,0.000,0.000,0.000,0.000
10.034832,16.7871,-1333.7402,0,0.0000,0.013767,2.023863,0.011372,0.013767,0.000000,0.00,1,0.00,10.004883,84.977,2.512,0.000,0.000,0.000,0.000
10.044822,16.7871,-1333.7402,0,0.0000,0.013767,2.024000,0.012570,0.013767,0.002993,0.00,1,0.00,10.014870,84.977,2.512,0.000,0.000,0.000,0.000
10.054818,16.8750,-1333.6523,0,0.0000,0.014365,2.024144,0.013168,0.014365,0.002993,0.00,1,0.00,10.024866,84.977,2.512,0.000,0.000,0.000,0.000
10.064787,16.7871,-1333.7402,0,0.0000,0.014365,2.024287,0.014365,0.014365,0.002394,0.00,1,0.00,10.024866,84.977,2.512,0.000,0.000,0.000,0.000
10.074773,16.8750,-1333.6523,0,0.0000,0.012570,2.024413,0.011971,0.012570,0.000000,0.00,1,0.00,10.044822,84.977,2.512,0.000,0.000,0.000,0.000
10.084767,16.8750,-1333.6523,0,0.0000,0.013767,2.024550,0.007781,0.013767,0.001796,0.00,1,0.00,10.054818,84.977,2.512,0.000,0.000,0.000,0.000
10.094740,16.6992,-1333.8281,0,0.0000,0.016759,2.024717,0.006584,0.016759,0.001796,0.00,1,0.00,10.054818,84.977,2.512,0.000,0.000,0.000,0.000
10.104730,16.8750,-1333.6523,0,0.0000,0.019752,2.024915,0.004190,0.019752,0.000000,0.00,1,0.00,10.074773,84.977,2.512,0.000,0.000,0.000,0.000
10.114701,16.6992,-1333.8281,0,0.0000,0.017957,2.025094,-0.002993,0.017957,0.000000,0.00,1,0.00,10.074773,84.977,2.512,0.000,0.000,0.000,0.000
10.124690,16.7871,-1333.7402,0,0.0000,0.020351,2.025297,-0.004190,0.020351,0.001796,0.00,1,0.00,10.084767,84.977,2.512,0.000,0.000,0.000,0.000
10.134657,16.8750,-1333.6523,0,0.0000,0.018555,2.025482,-0.002394,0.018555,0.004788,0.00,1,0.00,10.084767,84.977,2.512,0.000,0.000,0.000,0.000
10.144623,16.6992,-1333.8281,0,0.0000,0.016759,2.025649,0.000000,0.016759,0.004788,0.00,1,0.00,10.084767,84.977,2.512,0.000,0.000,0.000,0.000
10.154613,16.7871,-1333.7402,0,0.0000,0.016759,2.025817,0.002993,0.016759,0.004190,0.00,1,0.00,10.104730,84.977,2.512,0.000,0.000,0.000,0.000
10.164584,16.7871,-1333.7402,0,0.0000,0.017358,2.025990,0.003591,0.017358,0.000599,0.00,1,0.00,10.104730,84.977,2.512,0.000,0.000,0.000,0.000
10.174551,16.7871,-1333.7402,0,0.0000,0.015562,2.026145,0.004190,0.015562,-0.000599,0.00,1,0.00,10.104730,84.977,2.512,0.000,0.000,0.000,0.000
10.184543,16.8750,-1333.6523,0,0.0000,0.013767,2.026283,0.004788,0.013767,0.000000,0.00,1,0.00,10.164584,84.977,2.512,0.000,0.000,0.000,0.000
10.194509,16.6992,-1333.8281,0,0.0000,0.015562,2.026438,0.005986,0.015562,0.000599,0.00,1,0.00,10.164584,84.977,2.512,0.000,0.000,0.000,0.000
10.204481,16.7871,-1333.7402,0,0.0000,0.016759,2.026605,0.007183,0.016759,0.000000,0.00,1,0.00,10.164584,84.977,2.512,0.000,0.000,0.000,0.000
10.214470,16.7871,-1333.7402,0,0.0000,0.016759,2.026772,0.004190,0.016759,-0.001197,0.00,1,0.00,10.184543,84.977,2.512,0.000,0.000,0.000,0.000
10.224436,16.6992,-1333.8281,0,0.0000,0.017957,2.026951,0.001197,0.017957,-0.004190,0.00,1,0.00,10.184543,84.977,2.512,0.000,0.000,0.000,0.000
10.234430,16.7871,-1333.7402,0,0.0000,0.017957,2.027131,-0.003591,0.017957,0.001796,0.00,1,0.00,10.214470,84.977,2.512,0.000,0.000,0.000,0.000
10.244422,16.7871,-1333.7402,0,0.0000,0.018555,2.027316,-0.004788,0.018555,0.005387,0.00,1,0.00,10.224436,84.977,2.512,0.000,0.000,0.000,0.000
10.254390,16.7871,-1333.7402,0,0.0000,0.019154,2.027507,-0.004190,0.019154,0.005387,0.00,1,0.00,10.224436,84.977,2.512,0.000,0.000,0.000,0.000
10.264380,16.7871,-1333.7402,0,0.0000,0.019752,2.027705,-0.001197,0.019752,0.004190,0.00,1,0.00,10.234430,84.977,2.512,0.000,0.000,0.000,0.000
10.274354,16.7871,-1333.7402,0,0.0000,0.015562,2.027860,-0.001197,0.015562,0.001796,0.00,1,0.00,10.234430,84.977,2.512,0.000,0.000,0.000,0.000
10.284340,16.7871,-1333.7402,0,0.0000,0.014365,2.028003,0.000000,0.014365,0.000599,0.00,1,0.00,10.254390,84.977,2.512,0.000,0.000,0.000,0.000
10.294331,16.7871,-1333.7402,0,0.0000,0.015562,2.028159,0.000000,0.015562,0.001197,0.00,1,0.00,10.264380,84.977,2.512,0.000,0.000,0.000,0.000
10.304306,16.7871,-1333.7402,0,0.0000,0.013168,2.028290,0.000000,0.013168,-0.000599,0.00,1,0.00,10.264380,84.977,2.512,0.000,0.000,0.000,0.000
10.314289,16.7871,-1333.7402,0,0.0000,0.011372,2.028404,0.001197,0.011372,0.001197,0.00,1,0.00,10.284340,84.977,2.512,0.000,0.000,0.000,0.000
10.324280,16.7871,-1333.7402,0,0.0000,0.012570,2.028529,0.001197,0.012570,0.002394,0.00,1,0.00,10.304306,84.977,2.512,0.000,0.000,0.000,0.000
10.334249,16.7871,-1333.7402,0,0.0000,0.013168,2.028661,0.004190,0.013168,-0.001197,0.00,1,0.00,10.304306,84.977,2.512,0.000,0.000,0.000,0.000
10.344240,16.7871,-1333.7402,0,0.0000,0.011971,2.028780,0.004788,0.011971,-0.002993,0.00,1,0.00,10.314289,84.977,2.512,0.000,0.000,0.000,0.000
10.360318,16.7871,-1333.7402,0,0.0000,0.010774,2.028954,0.006584,0.010774,0.000000,0.00,1,0.00,10.334249,84.977,2.512,0.000,0.000,0.000,0.000
10.364279,16.7871,-1333.7402,0,0.0000,0.009577,2.028992,0.005986,0.009577,-0.000599,0.00,1,0.00,10.334249,84.977,2.512,0.000,0.000,0.000,0.000
10.374279,16.6992,-1333.8281,0,0.0000,0.011372,2.029105,0.004190,0.011372,-0.000599,0.00,1,0.00,10.344240,84.977,2.512,0.000,0.000,0.000,0.000
10.384269,16.7871,-1333.7402,0,0.0000,0.014365,2.029249,0.002394,0.014365,-0.001796,0.00,1,0.00,10.364279,84.977,2.512,0.000,0.000,0.000,0.000
10.394235,16.7871,-1333.7402,0,0.0000,0.016161,2.029410,0.000000,0.016161,-0.001197,0.00,1,0.00,10.364279,84.977,2.512,0.000,0.000,0.000,0.000
10.404228,16.7871,-1333.7402,0,0.0000,0.015562,2.029566,0.000599,0.015562,0.000599,0.00,1,0.00,10.374279,84.977,2.512,0.000,0.000,0.000,0.000
10.414199,16.7871,-1333.7402,0,0.0000,0.016161,2.029727,-0.001796,0.016161,0.001796,0.00,1,0.00,10.374279,84.977,2.512,0.000,0.000,0.000,0.000
10.424188,16.7871,-1333.7402,0,0.0000,0.020351,2.029930,-0.002993,0.020351,0.005986,0.00,1,0.00,10.404228,84.977,2.512,0.000,0.000,0.000,0.000
10.434166,16.7871,-1333.7402,0,0.0000,0.022146,2.030151,-0.004788,0.022146,0.005387,0.00,1,0.00,10.404228,84.977,2.512,0.000,0.000,0.000,0.000
10.444147,16.6992,-1333.8281,0,0.0000,0.025139,2.030402,-0.000599,0.025139,0.004190,0.00,1,0.00,10.414199,84.977,2.512,0.000,0.000,0.000,0.000
10.454128,16.7871,-1333.7402,0,0.0000,0.022146,2.030623,0.001796,0.022146,0.001796,0.00,1,0.00,10.414199,84.977,2.512,0.000,0.000,0.000,0.000
10.464108,16.7871,-1333.7402,0,0.0000,0.017358,2.030797,0.004190,0.017358,0.000599,0.00,1,0.00,10.424188,84.977,2.512,0.000,0.000,0.000,0.000
10.474085,16.6992,-1333.8281,0,0.0000,0.015562,2.030952,0.005387,0.015562,-0.001796,0.00,1,0.00,10.424188,84.977,2.512,0.000,0.000,0.000,0.000
10.484068,16.7871,-1333.7402,0,0.0000,0.017358,2.031125,0.007183,0.017358,-0.000599,0.00,1,0.00,10.444147,84.977,2.512,0.000,0.000,0.000,0.000
10.494059,16.7871,-1333.7402,0,0.0000,0.016759,2.031292,0.007781,0.016759,0.000599,0.00,1,0.00,10.474085,84.977,2.512,0.000,0.000,0.000,0.000
10.504024,16.7871,-1333.7402,0,0.0000,0.014365,2.031435,0.007781,0.014365,0.002394,0.00,1,0.00,10.474085,84.977,2.512,0.000,0.000,0.000,0.000
10.514016,16.6992,-1333.8281,0,0.0000,0.012570,2.031561,0.010175,0.012570,0.004190,0.00,1,0.00,10.484068,84.977,2.512,0.000,0.000,0.000,0.000
10.523989,16.7871,-1333.7402,0,0.0000,0.012570,2.031687,0.006584,0.012570,0.001197,0.00,1,0.00,10.484068,84.977,2.512,0.000,0.000,0.000,0.000
10.533981,16.7871,-1333.7402,0,0.0000,0.015562,2.031842,0.004190,0.015562,0.000000,0.00,1,0.00,10.514016,84.977,2.512,0.000,0.000,0.000,0.000
10.543951,16.6992,-1333.8281,0,0.0000,0.015562,2.031997,0.000599,0.015562,-0.004190,0.00,1,0.00,10.514016,84.977,2.512,0.000,0.000,0.000,0.000
10.553939,16.7871,-1333.7402,0,0.0000,0.014365,2.032141,0.000000,0.014365,-0.004788,0.00,1,0.00,10.523989,84.977,2.512,0.000,0.000,0.000,0.000
10.563915,16.7871,-1333.7402,0,0.0000,0.014964,2.032290,-0.003591,0.014964,-0.004788,0.00,1,0.00,10.523989,84.977,2.512,0.000,0.000,0.000,0.000
10.573896,16.6992,-1333.8281,0,0.0000,0.016161,2.032451,-0.004190,0.016161,-0.003591,0.00,1,0.00,10.543951,84.977,2.512,0.000,0.000,0.000,0.000
10.583887,16.7871,-1333.7402,0,0.0000,0.019154,2.032643,-0.001197,0.019154,-0.004190,0.00,1,0.00,10.563915,84.977,2.512,0.000,0.000,0.000,0.000
10.593865,16.6992,-1333.8281,0,0.0000,0.018555,2.032828,0.000000,0.018555,-0.002993,0.00,1,0.00,10.563915,84.977,2.512,0.000,0.000,0.000,0.000
10.603848,16.7871,-1333.7402,0,0.0000,0.017957,2.033007,0.001796,0.017957,-0.002394,0.00,1,0.00,10.573896,84.977,2.512,0.000,0.000,0.000,0.000
10.613840,16.7871,-1333.7402,0,0.0000,0.020351,2.033211,0.004190,0.020351,0.001796,0.00,1,0.00,10.593865,84.977,2.512,0.000,0.000,0.000,0.000
10.623812,16.6992,-1333.8281,0,0.0000,0.017957,2.033390,0.004788,0.017957,0.002394,0.00,1,0.00,10.593865,84.977,2.512,0.000,0.000,0.000,0.000
10.633800,16.7871,-1333.7402,0,0.0000,0.016161,2.033551,0.006584,0.016161,0.001197,0.00,1,0.00,10.603848,84.977,2.512,0.000,0.000,0.000,0.000
10.643789,16.7871,-1333.7402,0,0.0000,0.016161,2.033712,0.006584,0.016161,-0.002394,0.00,1,0.00,10.613840,84.977,2.512,0.000,0.000,0.000,0.000
10.653761,16.7871,-1333.7402,0,0.0000,0.014365,2.033856,0.006584,0.014365,-0.006584,0.00,1,0.00,10.613840,84.977,2.512,0.000,0.000,0.000,0.000
10.663752,16.7871,-1333.7402,0,0.0000,0.014964,2.034005,0.007781,0.014964,-0.005986,0.00,1,0.00,10.633800,84.977,2.512,0.000,0.000,0.000,0.000
10.673743,16.7871,-1333.7402,0,0.0000,0.014964,2.034155,0.007781,0.014964,-0.003591,0.00,1,0.00,10.643789,84.977,2.512,0.000,0.000,0.000,0.000
10.683713,16.6992,-1333.8281,0,0.0000,0.015562,2.034310,0.005387,0.015562,-0.002394,0.00,1,0.00,10.643789,84.977,2.512,0.000,0.000,0.000,0.000
10.693704,16.7871,-1333.7402,0,0.0000,0.013168,2.034441,0.003591,0.013168,-0.000599,0.00,1,0.00,10.663752,84.977,2.512,0.000,0.000,0.000,0.000
10.703694,16.6992,-1333.8281,0,0.0000,0.013767,2.034579,0.004788,0.013767,0.000000,0.00,1,0.00,10.673743,84.977,2.512,0.000,0.000,0.000,0.000
10.713667,16.6992,-1333.8281,0,0.0000,0.014964,2.034728,0.003591,0.014964,0.000599,0.00,1,0.00,10.673743,84.977,2.512,0.000,0.000,0.000,0.000
10.723652,16.7871,-1333.7402,0,0.0000,0.014365,2.034872,0.001197,0.014365,0.000000,0.00,1,0.00,10.693704,84.977,2.512,0.000,0.000,0.000,0.000
10.733649,16.7871,-1333.7402,0,0.0000,0.013767,2.035009,-0.000599,0.013767,0.000000,0.00,1,0.00,10.703694,84.977,2.512,0.000,0.000,0.000,0.000
10.743620,16.7871,-1333.7402,0,0.0000,0.013767,2.035147,-0.002394,0.013767,0.002394,0.00,1,0.00,10.703694,84.977,2.512,0.000,0.000,0.000,0.000
10.753604,16.7871,-1333.7402,0,0.0000,0.008978,2.035236,-0.001796,0.008978,0.001796,0.00,1,0.00,10.723652,84.977,2.512,0.000,0.000,0.000,0.000
10.763596,16.7871,-1333.7402,0,0.0000,0.010774,2.035344,0.000599,0.010774,0.000599,0.00,1,0.00,10.733649,84.977,2.512,0.000,0.000,0.000,0.000
10.773568,16.7871,-1333.7402,0,0.0000,0.011971,2.035463,0.004190,0.011971,-0.001796,0.00,1,0.00,10.733649,84.977,2.512,0.000,0.000,0.000,0.000
10.783554,16.7871,-1333.7402,0,0.0000,0.013767,2.035601,0.005387,0.013767,-0.001197,0.00,1,0.00,10.753604,84.977,2.512,0.000,0.000,0.000,0.000
10.793544,16.7871,-1333.7402,0,0.0000,0.016759,2.035768,0.002394,0.016759,0.000000,0.00,1,0.00,10.763596,84.977,2.512,0.000,0.000,0.000,0.000
10.803519,16.6992,-1333.8281,0,0.0000,0.014964,2.035918,0.000599,0.014964,0.002394,0.00,1,0.00,10.763596,84.977,2.512,0.000,0.000,0.000,0.000
10.813505,16.7871,-1333.7402,0,0.0000,0.014964,2.036067,0.000000,0.014964,0.001796,0.00,1,0.00,10.783554,84.977,2.512,0.000,0.000,0.000,0.000
10.823499,16.7871,-1333.7402,0,0.0000,0.016161,2.036228,0.002394,0.016161,0.001796,0.00,1,0.00,10.803519,84.977,2.512,0.000,0.000,0.000,0.000
10.833471,16.7871,-1333.7402,0,0.0000,0.017358,2.036402,0.002394,0.017358,0.000000,0.00,1,0.00,10.803519,84.977,2.512,0.000,0.000,0.000,0.000
10.843461,16.6992,-1333.8281,0,0.0000,0.018555,2.036587,0.001796,0.018555,-0.000599,0.00,1,0.00,10.813505,84.977,2.512,0.000,0.000,0.000,0.000
10.878161,16.7871,-1333.7402,0,0.0000,0.017957,2.037210,-0.001197,0.017957,0.001197,0.00,1,0.00,10.823499,84.977,2.512,0.000,0.000,0.000,0.000
10.883336,16.7871,-1333.7402,0,0.0000,0.015562,2.037291,-0.002394,0.015562,0.001197,0.00,1,0.00,10.823499,84.977,2.512,0.000,0.000,0.000,0.000
10.893321,16.7871,-1333.7402,0,0.0000,0.012570,2.037416,-0.000599,0.012570,-0.001197,0.00,1,0.00,10.823499,84.977,2.512,0.000,0.000,0.000,0.000
10.903438,16.7871,-1333.7402,0,0.0000,0.012570,2.037543,-0.000599,0.012570,-0.003591,0.00,1,0.00,10.843461,84.977,2.512,0.000,0.000,0.000,0.000
10.913294,16.7871,-1333.7402,0,0.0000,0.012570,2.037667,0.000000,0.012570,0.000000,0.00,1,0.00,10.883336,84.977,2.512,0.000,0.000,0.000,0.000
10.923399,16.6992,-1333.8281,0,0.0000,0.011372,2.037782,0.000599,0.011372,-0.001197,0.00,1,0.00,10.883336,84.977,2.512,0.000,0.000,0.000,0.000
10.933254,16.7871,-1333.7402,0,0.0000,0.011372,2.037894,0.000599,0.011372,-0.002394,0.00,1,0.00,10.903438,84.977,2.512,0.000,0.000,0.000,0.000
10.943243,16.6992,-1333.8281,0,0.0000,0.010774,2.038002,0.002993,0.010774,-0.001197,0.00,1,0.00,10.913294,84.977,2.512,0.000,0.000,0.000,0.000
10.953342,16.6992,-1333.8281,0,0.0000,0.010175,2.038104,0.003591,0.010175,-0.002993,0.00,1,0.00,10.913294,84.977,2.512,0.000,0.000,0.000,0.000
10.963335,16.7871,-1333.7402,0,0.0000,0.010175,2.038206,0.003591,0.010175,-0.002394,0.00,1,0.00,10.933254,84.977,2.512,0.000,0.000,0.000,0.000
10.973193,16.7871,-1333.7402,0,0.0000,0.011372,2.038318,0.002993,0.011372,-0.002993,0.00,1,0.00,10.953342,84.977,2.512,0.000,0.000,0.000,0.000
10.983292,16.7871,-1333.7402,0,0.0000,0.012570,2.038445,0.002993,0.012570,-0.000599,0.00,1,0.00,10.953342,84.977,2.512,0.000,0.000,0.000,0.000
10.993285,16.7871,-1333.7402,0,0.0000,0.012570,2.038570,0.000599,0.012570,0.000000,0.00,1,0.00,10.963335,84.977,2.512,0.000,0.000,0.000,0.000
11.003267,16.7871,-1333.7402,0,0.0000,0.014365,2.038714,-0.001796,0.014365,-0.000599,0.00,1,0.00,10.963335,84.977,2.512,0.000,0.000,0.000,0.000
11.013248,16.7871,-1333.7402,0,0.0000,0.016161,2.038875,-0.002394,0.016161,-0.002394,0.00,1,0.00,10.983292,84.977,2.512,0.000,0.000,0.000,0.000
11.023105,16.7871,-1333.7402,0,0.0000,0.016161,2.039034,-0.005387,0.016161,-0.002394,0.00,1,0.00,10.993285,84.977,2.512,0.000,0.000,0.000,0.000
11.033092,16.6992,-1333.8281,0,0.0000,0.013168,2.039166,-0.004190,0.013168,-0.003591,0.00,1,0.00,11.013248,84.977,2.512,0.000,0.000,0.000,0.000
11.043199,16.7871,-1333.7402,0,0.0000,0.012570,2.039293,-0.001796,0.012570,-0.002993,0.00,1,0.00,11.013248,84.977,2.512,0.000,0.000,0.000,0.000
11.053191,16.6992,-1333.8281,0,0.0000,0.011372,2.039407,0.000000,0.011372,-0.002394,0.00,1,0.00,11.023105,84.977,2.512,0.000,0.000,0.000,0.000
11.063183,16.7871,-1333.7402,0,0.0000,0.010175,2.039508,0.002394,0.010175,0.000000,0.00,1,0.00,11.043199,84.977,2.512,0.000,0.000,0.000,0.000
11.073153,16.7871,-1333.7402,0,0.0000,0.009577,2.039604,0.003591,0.009577,0.001197,0.00,1,0.00,11.043199,84.977,2.512,0.000,0.000,0.000,0.000
11.083143,16.7871,-1333.7402,0,0.0000,0.012570,2.039729,0.001796,0.012570,0.004788,0.00,1,0.00,11.053191,84.977,2.512,0.000,0.000,0.000,0.000
11.093134,16.7871,-1333.7402,0,0.0000,0.012570,2.039855,0.001796,0.012570,0.002394,0.00,1,0.00,11.063183,84.977,2.512,0.000,0.000,0.000,0.000
11.103105,16.7871,-1333.7402,0,0.0000,0.013767,2.039992,0.003591,0.013767,0.002993,0.00,1,0.00,11.063183,84.977,2.512,0.000,0.000,0.000,0.000
11.113096,16.7871,-1333.7402,0,0.0000,0.015562,2.040148,0.003591,0.015562,0.005986,0.00,1,0.00,11.083143,84.977,2.512,0.000,0.000,0.000,0.000
11.123088,16.7871,-1333.7402,0,0.0000,0.019752,2.040345,0.004788,0.019752,0.006584,0.00,1,0.00,11.093134,84.977,2.512,0.000,0.000,0.000,0.000
11.133064,16.7871,-1333.7402,0,0.0000,0.019154,2.040536,0.002394,0.019154,0.001796,0.00,1,0.00,11.093134,84.977,2.512,0.000,0.000,0.000,0.000
11.142920,16.7871,-1333.7402,0,0.0000,0.019752,2.040731,0.000000,0.019752,0.001197,0.00,1,0.00,11.113096,84.977,2.512,0.000,0.000,0.000,0.000
11.153047,16.8750,-1333.6523,0,0.0000,0.019752,2.040931,-0.000599,0.019752,0.001197,0.00,1,0.00,11.123088,84.977,2.512,0.000,0.000,0.000,0.000
11.163018,16.7871,-1333.7402,0,0.0000,0.019154,2.041122,0.002394,0.019154,0.002394,0.00,1,0.00,11.123088,84.977,2.512,0.000,0.000,0.000,0.000
11.172870,16.7871,-1333.7402,0,0.0000,0.016759,2.041287,0.004190,0.016759,0.004190,0.00,1,0.00,11.142920,84.977,2.512,0.000,0.000,0.000,0.000
11.182867,16.7871,-1333.7402,0,0.0000,0.016759,2.041455,0.005986,0.016759,0.002993,0.00,1,0.00,11.163018,84.977,2.512,0.000,0.000,0.000,0.000
11.192838,16.7871,-1333.7402,0,0.0000,0.013767,2.041592,0.008380,0.013767,0.002394,0.00,1,0.00,11.163018,84.977,2.512,0.000,0.000,0.000,0.000
11.202822,16.6992,-1333.8281,0,0.0000,0.008978,2.041682,0.008978,0.008978,0.000000,0.00,1,0.00,11.172870,84.977,2.512,0.000,0.000,0.000,0.000
11.212818,16.8750,-1333.6523,0,0.0000,0.009577,2.041777,0.008978,0.009577,-0.001796,0.00,1,0.00,11.192838,84.977,2.512,0.000,0.000,0.000,0.000
11.222921,16.7871,-1333.7402,0,0.0000,0.010774,2.041886,0.008978,0.010774,-0.000599,0.00,1,0.00,11.192838,84.977,2.512,0.000,0.000,0.000,0.000
11.232775,16.7871,-1333.7402,0,0.0000,0.011372,2.041998,0.008978,0.011372,0.000000,0.00,1,0.00,11.202822,84.977,2.512,0.000,0.000,0.000,0.000
11.242900,16.7871,-1333.7402,0,0.0000,0.012570,2.042126,0.007781,0.012570,0.000000,0.00,1,0.00,11.212818,84.977,2.512,0.000,0.000,0.000,0.000
11.252743,16.7871,-1333.7402,0,0.0000,0.011372,2.042238,0.006584,0.011372,0.001197,0.00,1,0.00,11.212818,84.977,2.512,0.000,0.000,0.000,0.000
11.262865,16.7871,-1333.7402,0,0.0000,0.011372,2.042353,0.005986,0.011372,0.000599,0.00,1,0.00,11.232775,84.977,2.512,0.000,0.000,0.000,0.000
11.272725,16.7871,-1333.7402,0,0.0000,0.014365,2.042494,0.005387,0.014365,0.000000,0.00,1,0.00,11.242900,84.977,2.512,0.000,0.000,0.000,0.000
11.282696,16.6992,-1333.8281,0,0.0000,0.015562,2.042650,0.005387,0.015562,-0.001796,0.00,1,0.00,11.242900,84.977,2.512,0.000,0.000,0.000,0.000
11.292821,16.6992,-1333.8281,0,0.0000,0.016161,2.042813,0.002993,0.016161,-0.003591,0.00,1,0.00,11.262865,84.977,2.512,0.000,0.000,0.000,0.000
11.302677,16.7871,-1333.7402,0,0.0000,0.016759,2.042978,0.001796,0.016759,-0.002394,0.00,1,0.00,11.272725,84.977,2.512,0.000,0.000,0.000,0.000
11.312645,16.7871,-1333.7402,0,0.0000,0.016759,2.043145,0.000000,0.016759,-0.002394,0.00,1,0.00,11.272725,84.977,2.512,0.000,0.000,0.000,0.000
11.322634,16.6992,-1333.8281,0,0.0000,0.019154,2.043337,0.000000,0.019154,0.000000,0.00,1,0.00,11.292821,84.977,2.512,0.000,0.000,0.000,0.000
11.332628,16.7871,-1333.7402,0,0.0000,0.020351,2.043540,0.002394,0.020351,0.000599,0.00,1,0.00,11.302677,84.977,2.512,0.000,0.000,0.000,0.000
11.342602,16.7871,-1333.7402,0,0.0000,0.020351,2.043743,0.004190,0.020351,-0.001796,0.00,1,0.00,11.302677,84.977,2.512,0.000,0.000,0.000,0.000
11.352589,16.7871,-1333.7402,0,0.0000,0.016759,2.043911,0.004788,0.016759,-0.004190,0.00,1,0.00,11.322634,84.977,2.512,0.000,0.000,0.000,0.000
11.362584,16.6992,-1333.8281,0,0.0000,0.017957,2.044090,0.004190,0.017957,-0.002993,0.00,1,0.00,11.332628,84.977,2.512,0.000,0.000,0.000,0.000
11.372614,16.7871,-1333.7402,0,0.0000,0.016759,2.044258,0.000000,0.016759,-0.001796,0.00,1,0.00,11.332628,84.977,2.512,0.000,0.000,0.000,0.000
11.382608,16.7871,-1333.7402,0,0.0000,0.015562,2.044414,0.000000,0.015562,0.000000,0.00,1,0.00,11.352589,84.977,2.512,0.000,0.000,0.000,0.000
11.392611,16.7871,-1333.7402,0,0.0000,0.016161,2.044575,-0.001197,0.016161,0.000000,0.00,1,0.00,11.362584,84.977,2.512,0.000,0.000,0.000,0.000
11.402580,16.7871,-1333.7402,0,0.0000,0.014964,2.044724,0.000000,0.014964,0.000599,0.00,1,0.00,11.362584,84.977,2.512,0.000,0.000,0.000,0.000
11.412567,16.7871,-1333.7402,0,0.0000,0.013767,2.044862,0.000599,0.013767,-0.000599,0.00,1,0.00,11.382608,84.977,2.512,0.000,0.000,0.000,0.000
11.422557,16.7871,-1333.7402,0,0.0000,0.013767,2.045000,0.000000,0.013767,-0.002993,0.00,1,0.00,11.392611,84.977,2.512,0.000,0.000,0.000,0.000
11.432530,16.6992,-1333.8281,0,0.0000,0.010774,2.045107,-0.000599,0.010774,-0.001796,0.00,1,0.00,11.392611,84.977,2.512,0.000,0.000,0.000,0.000
11.442519,16.6992,-1333.8281,0,0.0000,0.010774,2.045215,0.000599,0.010774,-0.004190,0.00,1,0.00,11.412567,84.977,2.512,0.000,0.000,0.000,0.000
11.452497,16.8750,-1333.6523,0,0.0000,0.013168,2.045346,0.000000,0.013168,-0.003591,0.00,1,0.00,11.412567,84.977,2.512,0.000,0.000,0.000,0.000
11.462481,16.7871,-1333.7402,0,0.0000,0.012570,2.045471,0.001197,0.012570,0.000000,0.00,1,0.00,11.432530,84.977,2.512,0.000,0.000,0.000,0.000
11.472474,16.6992,-1333.8281,0,0.0000,0.013767,2.045609,0.000599,0.013767,0.000599,0.00,1,0.00,11.442519,84.977,2.512,0.000,0.000,0.000,0.000
11.482444,16.8750,-1333.6523,0,0.0000,0.011372,2.045722,0.004788,0.011372,0.000000,0.00,1,0.00,11.442519,84.977,2.512,0.000,0.000,0.000,0.000
11.492427,16.7871,-1333.7402,0,0.0000,0.012570,2.045848,0.006584,0.012570,0.000000,0.00,1,0.00,11.462481,84.977,2.512,0.000,0.000,0.000,0.000
11.502402,16.6992,-1333.8281,0,0.0000,0.010774,2.045955,0.006584,0.010774,0.001796,0.00,1,0.00,11.462481,84.977,2.512,0.000,0.000,0.000,0.000
11.512389,16.6992,-1333.8281,0,0.0000,0.011372,2.046069,0.006584,0.011372,0.000000,0.00,1,0.00,11.472474,84.977,2.512,0.000,0.000,0.000,0.000
11.522378,16.7871,-1333.7402,0,0.0000,0.013767,2.046206,0.005387,0.013767,0.001197,0.00,1,0.00,11.492427,84.977,2.512,0.000,0.000,0.000,0.000
11.532349,16.7871,-1333.7402,0,0.0000,0.017358,2.046380,0.004190,0.017358,-0.002394,0.00,1,0.00,11.492427,84.977,2.512,0.000,0.000,0.000,0.000
11.542317,16.6992,-1333.8281,0,0.0000,0.018555,2.046565,0.001197,0.018555,-0.002993,0.00,1,0.00,11.492427,84.977,2.512,0.000,0.000,0.000,0.000
11.552308,16.7871,-1333.7402,0,0.0000,0.017957,2.046744,0.000000,0.017957,-0.001796,0.00,1,0.00,11.532349,84.977,2.512,0.000,0.000,0.000,0.000
11.562275,16.7871,-1333.7402,0,0.0000,0.017957,2.046923,0.000000,0.017957,-0.003591,0.00,1,0.00,11.532349,84.977,2.512,0.000,0.000,0.000,0.000
11.572255,16.7871,-1333.7402,0,0.0000,0.016161,2.047084,0.001197,0.016161,-0.007781,0.00,1,0.00,11.532349,84.977,2.512,0.000,0.000,0.000,0.000
11.582237,16.8750,-1333.6523,0,0.0000,0.014365,2.047228,0.001197,0.014365,-0.004788,0.00,1,0.00,11.552308,84.977,2.512,0.000,0.000,0.000,0.000
11.592230,16.6992,-1333.8281,0,0.0000,0.016161,2.047389,0.000000,0.016161,0.000000,0.00,1,0.00,11.572255,84.977,2.512,0.000,0.000,0.000,0.000
11.602200,16.7871,-1333.7402,0,0.0000,0.015562,2.047544,0.000000,0.015562,0.000599,0.00,1,0.00,11.572255,84.977,2.512,0.000,0.000,0.000,0.000
11.612192,16.7871,-1333.7402,0,0.0000,0.014964,2.047694,0.000000,0.014964,0.001796,0.00,1,0.00,11.582237,84.977,2.512,0.000,0.000,0.000,0.000
11.622166,16.7871,-1333.7402,0,0.0000,0.015562,2.047849,0.000000,0.015562,0.000000,0.00,1,0.00,11.582237,84.977,2.512,0.000,0.000,0.000,0.000
11.632149,16.7871,-1333.7402,0,0.0000,0.014365,2.047992,0.000000,0.014365,0.001796,0.00,1,0.00,11.592230,84.977,2.512,0.000,0.000,0.000,0.000
11.642129,16.7871,-1333.7402,0,0.0000,0.013767,2.048130,0.001197,0.013767,0.001197,0.00,1,0.00,11.592230,84.977,2.512,0.000,0.000,0.000,0.000
11.652113,16.7871,-1333.7402,0,0.0000,0.013767,2.048267,0.002394,0.013767,0.000599,0.00,1,0.00,11.612192,84.977,2.512,0.000,0.000,0.000,0.000
11.662105,16.7871,-1333.7402,0,0.0000,0.013767,2.048405,0.001796,0.013767,0.004788,0.00,1,0.00,11.632149,84.977,2.512,0.000,0.000,0.000,0.000
11.672070,16.7871,-1333.7402,0,0.0000,0.012570,2.048530,0.002993,0.012570,0.000599,0.00,1,0.00,11.632149,84.977,2.512,0.000,0.000,0.000,0.000
11.682065,16.6992,-1333.8281,0,0.0000,0.013767,2.048667,0.001197,0.013767,0.001197,0.00,1,0.00,11.652113,84.977,2.512,0.000,0.000,0.000,0.000
11.692057,16.7871,-1333.7402,0,0.0000,0.013168,2.048799,0.001796,0.013168,0.003591,0.00,1,0.00,11.662105,84.977,2.512,0.000,0.000,0.000,0.000
11.702026,16.8750,-1333.6523,0,0.0000,0.013168,2.048930,0.002993,0.013168,0.005387,0.00,1,0.00,11.662105,84.977,2.512,0.000,0.000,0.000,0.000
11.712019,16.7871,-1333.7402,0,0.0000,0.013168,2.049062,0.002394,0.013168,0.003591,0.00,1,0.00,11.682065,84.977,2.512,0.000,0.000,0.000,0.000
11.722010,16.7871,-1333.7402,0,0.0000,0.014365,2.049206,0.000000,0.014365,0.001796,0.00,1,0.00,11.692057,84.977,2.512,0.000,0.000,0.000,0.000
11.731978,16.7871,-1333.7402,0,0.0000,0.009577,2.049301,-0.001796,0.009577,0.000000,0.00,1,0.00,11.692057,84.977,2.512,0.000,0.000,0.000,0.000
11.741967,16.7871,-1333.7402,0,0.0000,0.010175,2.049402,-0.001197,0.010175,-0.002993,0.00,1,0.00,11.712019,84.977,2.512,0.000,0.000,0.000,0.000
11.751945,16.7871,-1333.7402,0,0.0000,0.007781,2.049480,0.000000,0.007781,0.000000,0.00,1,0.00,11.712019,84.977,2.512,0.000,0.000,0.000,0.000
11.761926,16.7871,-1333.7402,0,0.0000,0.008380,2.049564,0.000000,0.008380,0.000599,0.00,1,0.00,11.731978,84.977,2.512,0.000,0.000,0.000,0.000
11.771916,16.7871,-1333.7402,0,0.0000,0.008380,2.049648,0.000000,0.008380,-0.000599,0.00,1,0.00,11.751945,84.977,2.512,0.000,0.000,0.000,0.000
11.781911,16.7871,-1333.7402,0,0.0000,0.010774,2.049755,0.001197,0.010774,0.000000,0.00,1,0.00,11.761926,84.977,2.512,0.000,0.000,0.000,0.000
11.791875,16.7871,-1333.7402,0,0.0000,0.009577,2.049851,0.002993,0.009577,0.000000,0.00,1,0.00,11.761926,84.977,2.512,0.000,0.000,0.000,0.000
11.801867,16.7871,-1333.7402,0,0.0000,0.008978,2.049940,0.001796,0.008978,0.001197,0.00,1,0.00,11.771916,84.977,2.512,0.000,0.000,0.000,0.000
11.811843,16.7871,-1333.7402,0,0.0000,0.008978,2.050030,0.001796,0.008978,-0.000599,0.00,1,0.00,11.771916,84.977,2.512,0.000,0.000,0.000,0.000
11.821830,16.7871,-1333.7402,0,0.0000,0.010774,2.050138,0.003591,0.010774,-0.001796,0.00,1,0.00,11.791875,84.977,2.512,0.000,0.000,0.000,0.000
11.831823,16.7871,-1333.7402,0,0.0000,0.010774,2.050245,0.002394,0.010774,-0.002394,0.00,1,0.00,11.801867,84.977,2.512,0.000,0.000,0.000,0.000
11.841816,16.7871,-1333.7402,0,0.0000,0.010175,2.050347,0.002394,0.010175,-0.008978,0.00,1,0.00,11.821830,84.977,2.512,0.000,0.000,0.000,0.000
11.851788,16.7871,-1333.7402,0,0.0000,0.013168,2.050478,0.004788,0.013168,-0.008978,0.00,1,0.00,11.821830,84.977,2.512,0.000,0.000,0.000,0.000
11.861781,16.6992,-1333.8281,0,0.0000,0.014365,2.050622,0.004190,0.014365,-0.005986,0.00,1,0.00,11.831823,84.977,2.512,0.000,0.000,0.000,0.000
11.871833,16.7871,-1333.7402,0,0.0000,0.012570,2.050748,0.002394,0.012570,-0.005387,0.00,1,0.00,11.841816,84.977,2.512,0.000,0.000,0.000,0.000
11.881817,16.7871,-1333.7402,0,0.0000,0.012570,2.050874,0.001197,0.012570,-0.005387,0.00,1,0.00,11.841816,84.977,2.512,0.000,0.000,0.000,0.000
11.891816,16.7871,-1333.7402,0,0.0000,0.013168,2.051005,0.001197,0.013168,-0.008380,0.00,1,0.00,11.861781,84.977,2.512,0.000,0.000,0.000,0.000
11.901672,16.7871,-1333.7402,0,0.0000,0.010774,2.051111,0.000000,0.010774,-0.003591,0.00,1,0.00,11.871833,84.977,2.512,0.000,0.000,0.000,0.000
11.911774,16.6992,-1333.8281,0,0.0000,0.010175,2.051214,0.000000,0.010175,-0.006584,0.00,1,0.00,11.871833,84.977,2.512,0.000,0.000,0.000,0.000
11.921762,16.7871,-1333.7402,0,0.0000,0.007781,2.051292,0.000000,0.007781,-0.005986,0.00,1,0.00,11.891816,84.977,2.512,0.000,0.000,0.000,0.000
11.931760,16.7871,-1333.7402,0,0.0000,0.008380,2.051375,0.001197,0.008380,-0.004190,0.00,1,0.00,11.901672,84.977,2.512,0.000,0.000,0.000,0.000
11.941728,16.6992,-1333.8281,0,0.0000,0.008380,2.051459,0.000000,0.008380,-0.004190,0.00,1,0.00,11.901672,84.977,2.512,0.000,0.000,0.000,0.000
11.951717,16.8750,-1333.6523,0,0.0000,0.010774,2.051566,0.000000,0.010774,-0.001796,0.00,1,0.00,11.921762,84.977,2.512,0.000,0.000,0.000,0.000
11.961645,16.7871,-1333.7402,0,0.0000,0.009577,2.051661,-0.001796,0.009577,-0.003591,0.00,1,0.00,11.931760,84.977,2.512,0.000,0.000,0.000,0.000
11.971623,16.7871,-1333.7402,0,0.0000,0.008380,2.051745,-0.001197,0.008380,-0.002394,0.00,1,0.00,11.931760,84.977,2.512,0.000,0.000,0.000,0.000
11.981601,16.7871,-1333.7402,0,0.0000,0.008380,2.051829,0.000000,0.008380,-0.004788,0.00,1,0.00,11.951717,84.977,2.512,0.000,0.000,0.000,0.000
11.991590,16.7871,-1333.7402,0,0.0000,0.011372,2.051942,0.001197,0.011372,-0.005986,0.00,1,0.00,11.961645,84.977,2.512,0.000,0.000,0.000,0.000
12.001595,16.7871,-1333.7402,0,0.0000,0.010774,2.052050,0.003591,0.010774,-0.001796,0.00,1,0.00,11.981601,84.977,2.512,0.000,0.000,0.000,0.000
12.011561,16.7871,-1333.7402,0,0.0000,0.008978,2.052140,0.004190,0.008978,-0.000599,0.00,1,0.00,11.981601,84.977,2.512,0.000,0.000,0.000,0.000
12.021551,16.8750,-1333.6523,0,0.0000,0.011971,2.052259,0.004190,0.011971,-0.002394,0.00,1,0.00,11.991590,84.977,2.512,0.000,0.000,0.000,0.000
12.031534,16.6992,-1333.8281,0,0.0000,0.010774,2.052367,0.005387,0.010774,-0.004788,0.00,1,0.00,11.991590,84.977,2.512,0.000,0.000,0.000,0.000
12.041515,16.7871,-1333.7402,0,0.0000,0.010175,2.052468,0.002993,0.010175,-0.004788,0.00,1,0.00,12.011561,84.977,2.512,0.000,0.000,0.000,0.000
12.051505,16.7871,-1333.7402,0,0.0000,0.011971,2.052588,0.002394,0.011971,0.000000,0.00,1,0.00,12.021551,84.977,2.512,0.000,0.000,0.000,0.000
12.061499,16.7871,-1333.7402,0,0.0000,0.011971,2.052708,0.004190,0.011971,0.001197,0.00,1,0.00,12.041515,84.977,2.512,0.000,0.000,0.000,0.000
12.071470,16.7871,-1333.7402,0,0.0000,0.011372,2.052821,0.003591,0.011372,-0.001796,0.00,1,0.00,12.041515,84.977,2.512,0.000,0.000,0.000,0.000
12.081465,16.7871,-1333.7402,0,0.0000,0.009577,2.052917,0.004190,0.009577,-0.006584,0.00,1,0.00,12.051505,84.977,2.512,0.000,0.000,0.000,0.000
12.091440,16.7871,-1333.7402,0,0.0000,0.008978,2.053006,0.005387,0.008978,-0.005986,0.00,1,0.00,12.051505,84.977,2.512,0.000,0.000,0.000,0.000
12.101422,16.7871,-1333.7402,0,0.0000,0.010774,2.053114,0.006584,0.010774,-0.004788,0.00,1,0.00,12.071470,84.977,2.512,0.000,0.000,0.000,0.000
12.111325,16.7871,-1333.7402,0,0.0000,0.007781,2.053191,0.005387,0.007781,-0.004788,0.00,1,0.00,12.091440,84.977,2.512,0.000,0.000,0.000,0.000
12.121425,16.6992,-1333.8281,0,0.0000,0.007183,2.053263,0.005387,0.007183,-0.002394,0.00,1,0.00,12.091440,84.977,2.512,0.000,0.000,0.000,0.000
12.131415,16.7871,-1333.7402,0,0.0000,0.010175,2.053365,0.004190,0.010175,-0.002394,0.00,1,0.00,12.101422,84.977,2.512,0.000,0.000,0.000,0.000
12.141266,16.7871,-1333.7402,0,0.0000,0.007781,2.053442,0.002993,0.007781,-0.002394,0.00,1,0.00,12.101422,84.977,2.512,0.000,0.000,0.000,0.000
12.151253,16.8750,-1333.6523,0,0.0000,0.008978,2.053531,0.000000,0.008978,-0.002993,0.00,1,0.00,12.121425,84.977,2.512,0.000,0.000,0.000,0.000
12.161245,16.7871,-1333.7402,0,0.0000,0.010774,2.053639,0.000000,0.010774,-0.002993,0.00,1,0.00,12.131415,84.977,2.512,0.000,0.000,0.000,0.000
12.171344,16.7871,-1333.7402,0,0.0000,0.008380,2.053724,0.001796,0.008380,-0.003591,0.00,1,0.00,12.131415,84.977,2.512,0.000,0.000,0.000,0.000
12.181337,16.7871,-1333.7402,0,0.0000,0.006584,2.053790,0.003591,0.006584,-0.005387,0.00,1,0.00,12.161245,84.977,2.512,0.000,0.000,0.000,0.000
12.191306,16.7871,-1333.7402,0,0.0000,0.008978,2.053879,0.001197,0.008978,-0.001796,0.00,1,0.00,12.161245,84.977,2.512,0.000,0.000,0.000,0.000
12.201292,16.7871,-1333.7402,0,0.0000,0.010774,2.053987,0.000000,0.010774,-0.001197,0.00,1,0.00,12.171344,84.977,2.512,0.000,0.000,0.000,0.000
12.211270,16.6992,-1333.8281,0,0.0000,0.012570,2.054112,0.002394,0.012570,-0.002394,0.00,1,0.00,12.171344,84.977,2.512,0.000,0.000,0.000,0.000
12.221253,16.7871,-1333.7402,0,0.0000,0.012570,2.054237,0.000000,0.012570,-0.002394,0.00,1,0.00,12.181337,84.977,2.512,0.000,0.000,0.000,0.000
12.231246,16.7871,-1333.7402,0,0.0000,0.010175,2.054339,0.000000,0.010175,-0.001197,0.00,1,0.00,12.211270,84.977,2.512,0.000,0.000,0.000,0.000
12.241213,16.7871,-1333.7402,0,0.0000,0.011372,2.054452,-0.001197,0.011372,-0.005387,0.00,1,0.00,12.211270,84.977,2.512,0.000,0.000,0.000,0.000
12.251211,16.7871,-1333.7402,0,0.0000,0.007781,2.054530,-0.000599,0.007781,-0.008380,0.00,1,0.00,12.221253,84.977,2.512,0.000,0.000,0.000,0.000
12.261187,16.7871,-1333.7402,0,0.0000,0.007183,2.054602,-0.000599,0.007183,-0.008380,0.00,1,0.00,12.221253,84.977,2.512,0.000,0.000,0.000,0.000
12.271167,16.7871,-1333.7402,0,0.0000,0.007781,2.054679,-0.000599,0.007781,-0.002993,0.00,1,0.00,12.241213,84.977,2.512,0.000,0.000,0.000,0.000
12.281163,16.7871,-1333.7402,0,0.0000,0.007781,2.054757,-0.000599,0.007781,-0.005986,0.00,1,0.00,12.251211,84.977,2.512,0.000,0.000,0.000,0.000
12.291134,16.7871,-1333.7402,0,0.0000,0.005387,2.054811,-0.001197,0.005387,-0.001197,0.00,1,0.00,12.251211,84.977,2.512,0.000,0.000,0.000,0.000
12.301119,16.6992,-1333.8281,0,0.0000,0.005986,2.054871,-0.000599,0.005986,0.000599,0.00,1,0.00,12.271167,84.977,2.512,0.000,0.000,0.000,0.000
12.311108,16.7871,-1333.7402,0,0.0000,0.007183,2.054942,0.001197,0.007183,0.000000,0.00,1,0.00,12.281163,84.977,2.512,0.000,0.000,0.000,0.000
12.321079,16.6992,-1333.8281,0,0.0000,0.007183,2.055014,0.002993,0.007183,-0.002394,0.00,1,0.00,12.281163,84.977,2.512,0.000,0.000,0.000,0.000
12.331071,16.8750,-1333.6523,0,0.0000,0.010175,2.055115,0.002394,0.010175,-0.002993,0.00,1,0.00,12.311108,84.977,2.512,0.000,0.000,0.000,0.000
12.341037,16.7871,-1333.7402,0,0.0000,0.011372,2.055229,0.002993,0.011372,0.000000,0.00,1,0.00,12.311108,84.977,2.512,0.000,0.000,0.000,0.000
12.351034,16.7871,-1333.7402,0,0.0000,0.010175,2.055331,0.001197,0.010175,0.002394,0.00,1,0.00,12.321079,84.977,2.512,0.000,0.000,0.000,0.000
12.361005,16.7871,-1333.7402,0,0.0000,0.011971,2.055450,0.000000,0.011971,0.004788,0.00,1,0.00,12.321079,84.977,2.512,0.000,0.000,0.000,0.000
12.370911,16.7871,-1333.7402,0,0.0000,0.013168,2.055580,-0.000599,0.013168,0.003591,0.00,1,0.00,12.331071,84.977,2.512,0.000,0.000,0.000,0.000
12.380919,16.7871,-1333.7402,0,0.0000,0.012570,2.055706,0.000000,0.012570,0.005387,0.00,1,0.00,12.361005,84.977,2.512,0.000,0.000,0.000,0.000
12.390898,16.7871,-1333.7402,0,0.0000,0.010175,2.055808,-0.001197,0.010175,0.001796,0.00,1,0.00,12.361005,84.977,2.512,0.000,0.000,0.000,0.000
12.400888,16.7871,-1333.7402,0,0.0000,0.006584,2.055874,-0.002394,0.006584,0.002394,0.00,1,0.00,12.370911,84.977,2.512,0.000,0.000,0.000,0.000
12.410863,16.7871,-1333.7402,0,0.0000,0.005986,2.055933,0.000000,0.005986,0.005986,0.00,1,0.00,12.370911,84.977,2.512,0.000,0.000,0.000,0.000
12.420842,16.7871,-1333.7402,0,0.0000,0.005387,2.055987,0.000000,0.005387,0.007781,0.00,1,0.00,12.380919,84.977,2.512,0.000,0.000,0.000,0.000
12.430837,16.7871,-1333.7402,0,0.0000,0.007183,2.056059,-0.001197,0.007183,0.008380,0.00,1,0.00,12.400888,84.977,2.512,0.000,0.000,0.000,0.000
12.440809,16.7871,-1333.7402,0,0.0000,0.004788,2.056106,0.001197,0.004788,0.006584,0.00,1,0.00,12.400888,84.977,2.512,0.000,0.000,0.000,0.000
12.450794,16.7871,-1333.7402,0,0.0000,0.005986,2.056166,0.001197,0.005986,0.005387,0.00,1,0.00,12.420842,84.977,2.512,0.000,0.000,0.000,0.000
12.460791,16.6992,-1333.8281,0,0.0000,0.004788,2.056214,0.004788,0.004788,0.005387,0.00,1,0.00,12.430837,84.977,2.512,0.000,0.000,0.000,0.000
12.470758,16.6992,-1333.8281,0,0.0000,0.006584,2.056280,0.007183,0.006584,0.002993,0.00,1,0.00,12.430837,84.977,2.512,0.000,0.000,0.000,0.000
12.480747,16.7871,-1333.7402,0,0.0000,0.008380,2.056363,0.007183,0.008380,0.001197,0.00,1,0.00,12.450794,84.977,2.512,0.000,0.000,0.000,0.000
12.490718,16.6992,-1333.8281,0,0.0000,0.011372,2.056477,0.005986,0.011372,0.000000,0.00,1,0.00,12.450794,84.977,2.512,0.000,0.000,0.000,0.000
12.500707,16.8750,-1333.6523,0,0.0000,0.011971,2.056597,0.007781,0.011971,-0.002993,0.00,1,0.00,12.460791,84.977,2.512,0.000,0.000,0.000,0.000
12.510700,16.6992,-1333.8281,0,0.0000,0.013168,2.056728,0.009577,0.013168,-0.002394,0.00,1,0.00,12.480747,84.977,2.512,0.000,0.000,0.000,0.000
12.520667,16.6992,-1333.8281,0,0.0000,0.014365,2.056871,0.005387,0.014365,-0.002394,0.00,1,0.00,12.480747,84.977,2.512,0.000,0.000,0.000,0.000
12.530662,16.7871,-1333.7402,0,0.0000,0.016161,2.057033,0.000000,0.016161,0.000000,0.00,1,0.00,12.500707,84.977,2.512,0.000,0.000,0.000,0.000
12.540654,16.7871,-1333.7402,0,0.0000,0.012570,2.057158,0.001796,0.012570,0.001197,0.00,1,0.00,12.520667,84.977,2.512,0.000,0.000,0.000,0.000
12.550624,16.8750,-1333.6523,0,0.0000,0.011971,2.057278,0.001796,0.011971,0.002394,0.00,1,0.00,12.520667,84.977,2.512,0.000,0.000,0.000,0.000
12.560614,16.6992,-1333.8281,0,0.0000,0.012570,2.057404,-0.000599,0.012570,0.002993,0.00,1,0.00,12.540654,84.977,2.512,0.000,0.000,0.000,0.000
12.570611,16.7871,-1333.7402,0,0.0000,0.008978,2.057493,0.000000,0.008978,0.000000,0.00,1,0.00,12.550624,84.977,2.512,0.000,0.000,0.000,0.000
12.580578,16.7871,-1333.7402,0,0.0000,0.008978,2.057583,0.000000,0.008978,-0.001796,0.00,1,0.00,12.550624,84.977,2.512,0.000,0.000,0.000,0.000
12.590567,16.7871,-1333.7402,0,0.0000,0.009577,2.057678,-0.000599,0.009577,-0.004190,0.00,1,0.00,12.560614,84.977,2.512,0.000,0.000,0.000,0.000
12.600548,16.8750,-1333.6523,0,0.0000,0.008978,2.057768,0.000000,0.008978,0.000599,0.00,1,0.00,12.560614,84.977,2.512,0.000,0.000,0.000,0.000
12.610529,16.6992,-1333.8281,0,0.0000,0.005387,2.057822,-0.001796,0.005387,0.001197,0.00,1,0.00,12.570611,84.977,2.512,0.000,0.000,0.000,0.000
12.620517,16.7871,-1333.7402,0,0.0000,0.003591,2.057858,-0.001796,0.003591,0.001197,0.00,1,0.00,12.600548,84.977,2.512,0.000,0.000,0.000,0.000
12.630620,16.7871,-1333.7402,0,0.0000,0.002993,2.057888,-0.002993,0.002993,-0.001796,0.00,1,0.00,12.600548,84.977,2.512,0.000,0.000,0.000,0.000
12.640475,16.7871,-1333.7402,0,0.0000,0.006584,2.057953,-0.001197,0.006584,-0.000599,0.00,1,0.00,12.610529,84.977,2.512,0.000,0.000,0.000,0.000
12.650467,16.7871,-1333.7402,0,0.0000,0.008978,2.058042,0.001197,0.008978,-0.001796,0.00,1,0.00,12.630620,84.977,2.512,0.000,0.000,0.000,0.000
12.660433,16.8750,-1333.6523,0,0.0000,0.008978,2.058132,0.002993,0.008978,-0.002993,0.00,1,0.00,12.630620,84.977,2.512,0.000,0.000,0.000,0.000
12.670428,16.7871,-1333.7402,0,0.0000,0.008978,2.058221,0.002394,0.008978,-0.004788,0.00,1,0.00,12.640475,84.977,2.512,0.000,0.000,0.000,0.000
12.680406,16.7871,-1333.7402,0,0.0000,0.008978,2.058311,0.003591,0.008978,-0.005986,0.00,1,0.00,12.640475,84.977,2.512,0.000,0.000,0.000,0.000
12.690520,16.7871,-1333.7402,0,0.0000,0.008978,2.058402,0.002993,0.008978,-0.005387,0.00,1,0.00,12.660433,84.977,2.512,0.000,0.000,0.000,0.000
12.700377,16.7871,-1333.7402,0,0.0000,0.008380,2.058484,0.002394,0.008380,-0.002394,0.00,1,0.00,12.670428,84.977,2.512,0.000,0.000,0.000,0.000
12.710351,16.6992,-1333.8281,0,0.0000,0.007781,2.058562,0.002993,0.007781,0.000000,0.00,1,0.00,12.670428,84.977,2.512,0.000,0.000,0.000,0.000
12.720337,16.6992,-1333.8281,0,0.0000,0.005387,2.058616,0.001197,0.005387,-0.001197,0.00,1,0.00,12.690520,84.977,2.512,0.000,0.000,0.000,0.000
12.730331,16.7871,-1333.7402,0,0.0000,0.004190,2.058658,0.001197,0.004190,-0.001197,0.00,1,0.00,12.710351,84.977,2.512,0.000,0.000,0.000,0.000
12.740437,16.7871,-1333.7402,0,0.0000,0.004788,2.058706,0.000599,0.004788,0.000000,0.00,1,0.00,12.710351,84.977,2.512,0.000,0.000,0.000,0.000
12.750292,16.8750,-1333.6523,0,0.0000,0.009577,2.058801,0.003591,0.009577,0.000000,0.00,1,0.00,12.730331,84.977,2.512,0.000,0.000,0.000,0.000
12.760262,16.7871,-1333.7402,0,0.0000,0.007183,2.058872,0.001197,0.007183,-0.000599,0.00,1,0.00,12.730331,84.977,2.512,0.000,0.000,0.000,0.000
12.770383,16.7871,-1333.7402,0,0.0000,0.010175,2.058975,0.000000,0.010175,0.000000,0.00,1,0.00,12.740437,84.977,2.512,0.000,0.000,0.000,0.000
12.780220,16.6992,-1333.8281,0,0.0000,0.009577,2.059069,0.000000,0.009577,-0.000599,0.00,1,0.00,12.740437,84.977,2.512,0.000,0.000,0.000,0.000
12.790320,16.6992,-1333.8281,0,0.0000,0.010774,2.059178,0.000000,0.010774,-0.000599,0.00,1,0.00,12.740437,84.977,2.512,0.000,0.000,0.000,0.000
12.800310,16.7871,-1333.7402,0,0.0000,0.006584,2.059244,0.000000,0.006584,-0.002394,0.00,1,0.00,12.780220,84.977,2.512,0.000,0.000,0.000,0.000
12.810277,16.6992,-1333.8281,0,0.0000,0.005986,2.059304,0.000000,0.005986,-0.001197,0.00,1,0.00,12.780220,84.977,2.512,0.000,0.000,0.000,0.000
12.820271,16.7871,-1333.7402,0,0.0000,0.007183,2.059375,0.000000,0.007183,-0.001197,0.00,1,0.00,12.790320,84.977,2.512,0.000,0.000,0.000,0.000
12.830250,16.7871,-1333.7402,0,0.0000,0.006584,2.059441,-0.001197,0.006584,-0.001796,0.00,1,0.00,12.790320,84.977,2.512,0.000,0.000,0.000,0.000
12.840230,16.6992,-1333.8281,0,0.0000,0.008978,2.059531,-0.002993,0.008978,-0.000599,0.00,1,0.00,12.800310,84.977,2.512,0.000,0.000,0.000,0.000
12.850227,16.7871,-1333.7402,0,0.0000,0.010175,2.059633,-0.002993,0.010175,0.000599,0.00,1,0.00,12.820271,84.977,2.512,0.000,0.000,0.000,0.000
12.860196,16.7871,-1333.7402,0,0.0000,0.010175,2.059734,-0.001796,0.010175,0.001197,0.00,1,0.00,12.820271,84.977,2.512,0.000,0.000,0.000,0.000
12.870107,16.6992,-1333.8281,0,0.0000,0.007781,2.059811,0.000000,0.007781,0.000000,0.00,1,0.00,12.850227,84.977,2.512,0.000,0.000,0.000,0.000
12.880113,16.7871,-1333.7402,0,0.0000,0.004788,2.059859,0.000599,0.004788,-0.001796,0.00,1,0.00,12.860196,84.977,2.512,0.000,0.000,0.000,0.000
12.890094,16.7871,-1333.7402,0,0.0000,0.004788,2.059906,0.002394,0.004788,-0.003591,0.00,1,0.00,12.860196,84.977,2.512,0.000,0.000,0.000,0.000
12.900084,16.6992,-1333.8281,0,0.0000,0.004788,2.059954,0.004788,0.004788,-0.008978,0.00,1,0.00,12.870107,84.977,2.512,0.000,0.000,0.000,0.000
12.910061,16.7871,-1333.7402,0,0.0000,0.004190,2.059996,0.001197,0.004190,-0.008380,0.00,1,0.00,12.870107,84.977,2.512,0.000,0.000,0.000,0.000
12.920047,16.7871,-1333.7402,0,0.0000,0.005986,2.060056,0.000000,0.005986,-0.001796,0.00,1,0.00,12.890094,84.977,2.512,0.000,0.000,0.000,0.000
12.930039,16.7871,-1333.7402,0,0.0000,0.007183,2.060128,0.001197,0.007183,0.000000,0.00,1,0.00,12.900084,84.977,2.512,0.000,0.000,0.000,0.000
12.940009,16.7871,-1333.7402,0,0.0000,0.006584,2.060193,0.001197,0.006584,0.000000,0.00,1,0.00,12.900084,84.977,2.512,0.000,0.000,0.000,0.000
12.949996,16.6992,-1333.8281,0,0.0000,0.005986,2.060253,0.000000,0.005986,0.001197,0.00,1,0.00,12.920047,84.977,2.512,0.000,0.000,0.000,0.000
12.959994,16.6992,-1333.8281,0,0.0000,0.004190,2.060295,-0.001197,0.004190,0.000599,0.00,1,0.00,12.930039,84.977,2.512,0.000,0.000,0.000,0.000
12.969963,16.7871,-1333.7402,0,0.0000,0.007183,2.060367,-0.002394,0.007183,0.000000,0.00,1,0.00,12.930039,84.977,2.512,0.000,0.000,0.000,0.000
12.979956,16.7871,-1333.7402,0,0.0000,0.009577,2.060462,0.000000,0.009577,0.000000,0.00,1,0.00,12.949996,84.977,2.512,0.000,0.000,0.000,0.000
12.989925,16.7871,-1333.7402,0,0.0000,0.011971,2.060582,0.000000,0.011971,0.000000,0.00,1,0.00,12.949996,84.977,2.512,0.000,0.000,0.000,0.000
12.999917,16.7871,-1333.7402,0,0.0000,0.013767,2.060719,0.002993,0.013767,0.000000,0.00,1,0.00,12.969963,84.977,2.512,0.000,0.000,0.000,0.000
13.009907,16.7871,-1333.7402,0,0.0000,0.014964,2.060869,0.004788,0.014964,0.000000,0.00,1,0.00,12.979956,84.977,2.512,0.000,0.000,0.000,0.000
13.019873,16.6992,-1333.8281,0,0.0000,0.011971,2.060988,0.002993,0.011971,-0.002394,0.00,1,0.00,12.979956,84.977,2.512,0.000,0.000,0.000,0.000
13.029870,16.7871,-1333.7402,0,0.0000,0.010774,2.061096,0.006584,0.010774,-0.002394,0.00,1,0.00,12.999917,84.977,2.512,0.000,0.000,0.000,0.000
13.039846,16.7871,-1333.7402,0,0.0000,0.010774,2.061203,0.007781,0.010774,-0.001796,0.00,1,0.00,12.999917,84.977,2.512,0.000,0.000,0.000,0.000
13.049828,16.7871,-1333.7402,0,0.0000,0.010175,2.061305,0.008380,0.010175,0.000000,0.00,1,0.00,13.019873,84.977,2.512,0.000,0.000,0.000,0.000
13.059819,16.7871,-1333.7402,0,0.0000,0.009577,2.061400,0.004788,0.009577,-0.001197,0.00,1,0.00,13.029870,84.977,2.512,0.000,0.000,0.000,0.000
13.069802,16.7871,-1333.7402,0,0.0000,0.007183,2.061472,0.006584,0.007183,0.000000,0.00,1,0.00,13.029870,84.977,2.512,0.000,0.000,0.000,0.000
13.079782,16.7871,-1333.7402,0,0.0000,0.008380,2.061556,0.001796,0.008380,0.000000,0.00,1,0.00,13.049828,84.977,2.512,0.000,0.000,0.000,0.000
13.089773,16.7871,-1333.7402,0,0.0000,0.005387,2.061610,0.001197,0.005387,0.000000,0.00,1,0.00,13.059819,84.977,2.512,0.000,0.000,0.000,0.000
13.099752,16.8750,-1333.6523,0,0.0000,0.003591,2.061646,0.000599,0.003591,0.000000,0.00,1,0.00,13.059819,84.977,2.512,0.000,0.000,0.000,0.000
13.109737,16.7871,-1333.7402,0,0.0000,0.002993,2.061675,0.000000,0.002993,0.000000,0.00,1,0.00,13.079782,84.977,2.512,0.000,0.000,0.000,0.000
13.119728,16.7871,-1333.7402,0,0.0000,0.004788,2.061723,-0.002394,0.004788,0.001197,0.00,1,0.00,13.099752,84.977,2.512,0.000,0.000,0.000,0.000
13.129697,16.7871,-1333.7402,0,0.0000,0.004190,2.061765,-0.004190,0.004190,0.001796,0.00,1,0.00,13.099752,84.977,2.512,0.000,0.000,0.000,0.000
13.139688,16.7871,-1333.7402,0,0.0000,0.005986,2.061825,-0.002993,0.005986,0.000599,0.00,1,0.00,13.109737,84.977,2.512,0.000,0.000,0.000,0.000
13.149678,16.7871,-1333.7402,0,0.0000,0.009577,2.061920,0.000000,0.009577,-0.001796,0.00,1,0.00,13.129697,84.977,2.512,0.000,0.000,0.000,0.000
13.159643,16.7871,-1333.7402,0,0.0000,0.010774,2.062028,0.000000,0.010774,-0.002993,0.00,1,0.00,13.129697,84.977,2.512,0.000,0.000,0.000,0.000
13.169638,16.7871,-1333.7402,0,0.0000,0.009577,2.062123,0.001197,0.009577,-0.006584,0.00,1,0.00,13.139688,84.977,2.512,0.000,0.000,0.000,0.000
13.179614,16.7871,-1333.7402,0,0.0000,0.010175,2.062225,0.000599,0.010175,-0.004190,0.00,1,0.00,13.139688,84.977,2.512,0.000,0.000,0.000,0.000
13.189598,16.7871,-1333.7402,0,0.0000,0.010774,2.062332,0.002993,0.010774,-0.003591,0.00,1,0.00,13.149678,84.977,2.512,0.000,0.000,0.000,0.000
13.199589,16.6992,-1333.8281,0,0.0000,0.011372,2.062446,0.007183,0.011372,-0.001796,0.00,1,0.00,13.159643,84.977,2.512,0.000,0.000,0.000,0.000
13.209564,16.8750,-1333.6523,0,0.0000,0.008380,2.062530,0.005387,0.008380,-0.002394,0.00,1,0.00,13.159643,84.977,2.512,0.000,0.000,0.000,0.000
13.219552,16.7871,-1333.7402,0,0.0000,0.007781,2.062608,0.003591,0.007781,-0.000599,0.00,1,0.00,13.189598,84.977,2.512,0.000,0.000,0.000,0.000
13.229541,16.7871,-1333.7402,0,0.0000,0.005986,2.062667,0.001197,0.005986,0.000000,0.00,1,0.00,13.199589,84.977,2.512,0.000,0.000,0.000,0.000
13.239518,16.7871,-1333.7402,0,0.0000,0.010175,2.062769,0.000000,0.010175,-0.000599,0.00,1,0.00,13.199589,84.977,2.512,0.000,0.000,0.000,0.000
13.249503,16.6992,-1333.8281,0,0.0000,0.008978,2.062859,0.000599,0.008978,0.002394,0.00,1,0.00,13.219552,84.977,2.512,0.000,0.000,0.000,0.000
13.259496,16.7871,-1333.7402,0,0.0000,0.005986,2.062918,0.002993,0.005986,0.002993,0.00,1,0.00,13.239518,84.977,2.512,0.000,0.000,0.000,0.000
13.269488,16.6992,-1333.8281,0,0.0000,0.007781,2.062996,0.001796,0.007781,0.003591,0.00,1,0.00,13.249503,84.977,2.512,0.000,0.000,0.000,0.000
13.279466,16.7871,-1333.7402,0,0.0000,0.008380,2.063080,-0.000599,0.008380,0.002993,0.00,1,0.00,13.249503,84.977,2.512,0.000,0.000,0.000,0.000
13.289451,16.7871,-1333.7402,0,0.0000,0.009577,2.063175,-0.000599,0.009577,0.004190,0.00,1,0.00,13.259496,84.977,2.512,0.000,0.000,0.000,0.000
13.299441,16.8750,-1333.6523,0,0.0000,0.007781,2.063253,0.000000,0.007781,0.004190,0.00,1,0.00,13.269488,84.977,2.512,0.000,0.000,0.000,0.000
13.309417,16.7871,-1333.7402,0,0.0000,0.006584,2.063319,-0.002993,0.006584,0.004190,0.00,1,0.00,13.269488,84.977,2.512,0.000,0.000,0.000,0.000
13.319405,16.8750,-1333.6523,0,0.0000,0.005986,2.063379,-0.000599,0.005986,0.004190,0.00,1,0.00,13.289451,84.977,2.512,0.000,0.000,0.000,0.000
13.329398,16.7871,-1333.7402,0,0.0000,0.005387,2.063432,0.000599,0.005387,0.004190,0.00,1,0.00,13.299441,84.977,2.512,0.000,0.000,0.000,0.000
13.339370,16.7871,-1333.7402,0,0.0000,0.008978,2.063522,0.000000,0.008978,0.005387,0.00,1,0.00,13.299441,84.977,2.512,0.000,0.000,0.000,0.000
13.349360,16.8750,-1333.6523,0,0.0000,0.008380,2.063606,0.000599,0.008380,0.004190,0.00,1,0.00,13.319405,84.977,2.512,0.000,0.000,0.000,0.000
13.359351,16.7871,-1333.7402,0,0.0000,0.007781,2.063684,0.001197,0.007781,0.004190,0.00,1,0.00,13.329398,84.977,2.512,0.000,0.000,0.000,0.000
13.369352,16.6992,-1333.8281,0,0.0000,0.006584,2.063749,0.001796,0.006584,0.002993,0.00,1,0.00,13.329398,84.977,2.512,0.000,0.000,0.000,0.000
13.379356,16.7871,-1333.7402,0,0.0000,0.007781,2.063827,0.001197,0.007781,0.000000,0.00,1,0.00,13.349360,84.977,2.512,0.000,0.000,0.000,0.000
13.389228,16.7871,-1333.7402,0,0.0000,0.008978,2.063916,-0.000599,0.008978,0.001197,0.00,1,0.00,13.359351,84.977,2.512,0.000,0.000,0.000,0.000
13.399329,16.6992,-1333.8281,0,0.0000,0.007781,2.063995,-0.000599,0.007781,0.001796,0.00,1,0.00,13.359351,84.977,2.512,0.000,0.000,0.000,0.000
13.409186,16.7871,-1333.7402,0,0.0000,0.007183,2.064065,0.000000,0.007183,0.001197,0.00,1,0.00,13.369352,84.977,2.512,0.000,0.000,0.000,0.000
13.419299,16.7871,-1333.7402,0,0.0000,0.005986,2.064126,0.000000,0.005986,0.000599,0.00,1,0.00,13.369352,84.977,2.512,0.000,0.000,0.000,0.000
13.429279,16.7871,-1333.7402,0,0.0000,0.001796,2.064144,-0.001197,0.001796,0.001197,0.00,1,0.00,13.399329,84.977,2.512,0.000,0.000,0.000,0.000
13.439137,16.6992,-1333.8281,0,0.0000,0.001796,2.064162,-0.001796,0.001796,0.001197,0.00,1,0.00,13.409186,84.977,2.512,0.000,0.000,0.000,0.000
13.449244,16.6992,-1333.8281,0,0.0000,0.000599,2.064167,-0.002394,0.000599,0.000000,0.00,1,0.00,13.409186,84.977,2.512,0.000,0.000,0.000,0.000
13.459229,16.7871,-1333.7402,0,0.0000,0.001796,2.064185,-0.002394,0.001796,0.000000,0.00,1,0.00,13.429279,84.977,2.512,0.000,0.000,0.000,0.000
13.469220,16.7871,-1333.7402,0,0.0000,0.002993,2.064215,-0.001197,0.002993,-0.000599,0.00,1,0.00,13.449244,84.977,2.512,0.000,0.000,0.000,0.000
13.479192,16.7871,-1333.7402,0,0.0000,0.003591,2.064251,0.001197,0.003591,-0.001197,0.00,1,0.00,13.449244,84.977,2.512,0.000,0.000,0.000,0.000
13.489181,16.7871,-1333.7402,0,0.0000,0.005986,2.064311,0.001796,0.005986,0.001197,0.00,1,0.00,13.459229,84.977,2.512,0.000,0.000,0.000,0.000
13.499038,16.6992,-1333.8281,0,0.0000,0.007183,2.064382,0.000599,0.007183,0.004190,0.00,1,0.00,13.479192,84.977,2.512,0.000,0.000,0.000,0.000
13.509138,16.7871,-1333.7402,0,0.0000,0.008380,2.064466,0.001796,0.008380,0.001197,0.00,1,0.00,13.479192,84.977,2.512,0.000,0.000,0.000,0.000
13.519125,16.6992,-1333.8281,0,0.0000,0.012570,2.064592,0.001796,0.012570,0.001796,0.00,1,0.00,13.499038,84.977,2.512,0.000,0.000,0.000,0.000
13.529106,16.7871,-1333.7402,0,0.0000,0.013767,2.064729,0.002394,0.013767,0.003591,0.00,1,0.00,13.499038,84.977,2.512,0.000,0.000,0.000,0.000
13.539087,16.8750,-1333.6523,0,0.0000,0.012570,2.064855,0.005387,0.012570,0.002993,0.00,1,0.00,13.509138,84.977,2.512,0.000,0.000,0.000,0.000
13.549079,16.7871,-1333.7402,0,0.0000,0.011971,2.064974,0.003591,0.011971,0.000599,0.00,1,0.00,13.529106,84.977,2.512,0.000,0.000,0.000,0.000
13.559056,16.7871,-1333.7402,0,0.0000,0.008978,2.065064,0.001796,0.008978,0.001796,0.00,1,0.00,13.529106,84.977,2.512,0.000,0.000,0.000,0.000
13.569041,16.8750,-1333.6523,0,0.0000,0.008380,2.065148,-0.001197,0.008380,0.003591,0.00,1,0.00,13.539087,84.977,2.512,0.000,0.000,0.000,0.000
13.579032,16.6992,-1333.8281,0,0.0000,0.005387,2.065202,-0.001197,0.005387,0.000599,0.00,1,0.00,13.549079,84.977,2.512,0.000,0.000,0.000,0.000
13.589004,16.6992,-1333.8281,0,0.0000,0.005986,2.065261,0.000000,0.005986,-0.001197,0.00,1,0.00,13.549079,84.977,2.512,0.000,0.000,0.000,0.000
13.598995,16.6992,-1333.8281,0,0.0000,0.005986,2.065321,0.000000,0.005986,-0.005387,0.00,1,0.00,13.569041,84.977,2.512,0.000,0.000,0.000,0.000
13.608988,16.7871,-1333.7402,0,0.0000,0.010175,2.065423,-0.002394,0.010175,0.000000,0.00,1,0.00,13.579032,84.977,2.512,0.000,0.000,0.000,0.000
13.618964,16.7871,-1333.7402,0,0.0000,0.011372,2.065536,-0.004788,0.011372,0.000000,0.00,1,0.00,13.579032,84.977,2.512,0.000,0.000,0.000,0.000
13.628947,16.6992,-1333.8281,0,0.0000,0.009577,2.065632,-0.005387,0.009577,0.000000,0.00,1,0.00,13.598995,84.977,2.512,0.000,0.000,0.000,0.000
13.638808,16.6992,-1333.8281,0,0.0000,0.010175,2.065732,-0.005986,0.010175,0.000000,0.00,1,0.00,13.608988,84.977,2.512,0.000,0.000,0.000,0.000
13.648907,16.6992,-1333.8281,0,0.0000,0.011372,2.065847,-0.002993,0.011372,0.000000,0.00,1,0.00,13.608988,84.977,2.512,0.000,0.000,0.000,0.000
13.658900,16.7871,-1333.7402,0,0.0000,0.010175,2.065948,0.001197,0.010175,0.000599,0.00,1,0.00,13.628947,84.977,2.512,0.000,0.000,0.000,0.000
13.668879,16.7871,-1333.7402,0,0.0000,0.009577,2.066044,0.002394,0.009577,-0.003591,0.00,1,0.00,13.628947,84.977,2.512,0.000,0.000,0.000,0.000
13.678865,16.7871,-1333.7402,0,0.0000,0.011372,2.066158,0.003591,0.011372,-0.002394,0.00,1,0.00,13.648907,84.977,2.512,0.000,0.000,0.000,0.000
13.688838,16.7871,-1333.7402,0,0.0000,0.011971,2.066277,0.004788,0.011971,-0.000599,0.00,1,0.00,13.648907,84.977,2.512,0.000,0.000,0.000,0.000
13.698822,16.7871,-1333.7402,0,0.0000,0.012570,2.066402,0.008380,0.012570,-0.000599,0.00,1,0.00,13.658900,84.977,2.512,0.000,0.000,0.000,0.000
13.708820,16.7871,-1333.7402,0,0.0000,0.010175,2.066504,0.007183,0.010175,0.000000,0.00,1,0.00,13.688838,84.977,2.512,0.000,0.000,0.000,0.000
13.718783,16.7871,-1333.7402,0,0.0000,0.008978,2.066594,0.004190,0.008978,-0.002394,0.00,1,0.00,13.688838,84.977,2.512,0.000,0.000,0.000,0.000
13.728774,16.7871,-1333.7402,0,0.0000,0.008978,2.066683,0.000000,0.008978,-0.000599,0.00,1,0.00,13.708820,84.977,2.512,0.000,0.000,0.000,0.000
13.738750,16.7871,-1333.7402,0,0.0000,0.008380,2.066767,0.000000,0.008380,-0.001197,0.00,1,0.00,13.708820,84.977,2.512,0.000,0.000,0.000,0.000
13.748737,16.6992,-1333.8281,0,0.0000,0.008978,2.066857,-0.002993,0.008978,-0.002394,0.00,1,0.00,13.718783,84.977,2.512,0.000,0.000,0.000,0.000
13.758726,16.6992,-1333.8281,0,0.0000,0.010175,2.066958,-0.004788,0.010175,0.000000,0.00,1,0.00,13.738750,84.977,2.512,0.000,0.000,0.000,0.000
13.768695,16.8750,-1333.6523,0,0.0000,0.012570,2.067084,-0.005387,0.012570,0.000000,0.00,1,0.00,13.738750,84.977,2.512,0.000,0.000,0.000,0.000
13.778686,16.7871,-1333.7402,0,0.0000,0.011971,2.067203,-0.001197,0.011971,0.002993,0.00,1,0.00,13.748737,84.977,2.512,0.000,0.000,0.000,0.000
13.788678,16.7871,-1333.7402,0,0.0000,0.008978,2.067293,0.000599,0.008978,0.002993,0.00,1,0.00,13.768695,84.977,2.512,0.000,0.000,0.000,0.000
13.798650,16.7871,-1333.7402,0,0.0000,0.010774,2.067400,0.004190,0.010774,0.002394,0.00,1,0.00,13.768695,84.977,2.512,0.000,0.000,0.000,0.000
13.808637,16.7871,-1333.7402,0,0.0000,0.010774,2.067508,0.005986,0.010774,0.000599,0.00,1,0.00,13.778686,84.977,2.512,0.000,0.000,0.000,0.000
13.818634,16.8750,-1333.6523,0,0.0000,0.010175,2.067610,0.006584,0.010175,-0.001197,0.00,1,0.00,13.788678,84.977,2.512,0.000,0.000,0.000,0.000
13.828603,16.7871,-1333.7402,0,0.0000,0.010175,2.067711,0.005387,0.010175,-0.005986,0.00,1,0.00,13.788678,84.977,2.512,0.000,0.000,0.000,0.000
13.838588,16.7871,-1333.7402,0,0.0000,0.007781,2.067789,0.004190,0.007781,-0.008380,0.00,1,0.00,13.808637,84.977,2.512,0.000,0.000,0.000,0.000
13.848583,16.7871,-1333.7402,0,0.0000,0.009577,2.067885,0.004190,0.009577,-0.005387,0.00,1,0.00,13.818634,84.977,2.512,0.000,0.000,0.000,0.000
13.858554,16.7871,-1333.7402,0,0.0000,0.009577,2.067980,0.004190,0.009577,-0.001796,0.00,1,0.00,13.818634,84.977,2.512,0.000,0.000,0.000,0.000
13.868509,16.7871,-1333.7402,0,0.0000,0.010175,2.068081,0.000000,0.010175,0.000000,0.00,1,0.00,13.838588,84.977,2.512,0.000,0.000,0.000,0.000
13.878515,16.7871,-1333.7402,0,0.0000,0.007781,2.068159,0.000000,0.007781,-0.000599,0.00,1,0.00,13.848583,84.977,2.512,0.000,0.000,0.000,0.000
13.888499,16.7871,-1333.7402,0,0.0000,0.008380,2.068243,-0.002394,0.008380,0.001796,0.00,1,0.00,13.848583,84.977,2.512,0.000,0.000,0.000,0.000
13.898484,16.7871,-1333.7402,0,0.0000,0.009577,2.068339,-0.002394,0.009577,0.000599,0.00,1,0.00,13.868509,84.977,2.512,0.000,0.000,0.000,0.000
13.908475,16.7871,-1333.7402,0,0.0000,0.008380,2.068422,-0.001796,0.008380,0.002993,0.00,1,0.00,13.888499,84.977,2.512,0.000,0.000,0.000,0.000
13.918455,16.7871,-1333.7402,0,0.0000,0.008978,2.068512,-0.003591,0.008978,0.000599,0.00,1,0.00,13.888499,84.977,2.512,0.000,0.000,0.000,0.000
13.928438,16.7871,-1333.7402,0,0.0000,0.008978,2.068602,-0.007183,0.008978,0.000599,0.00,1,0.00,13.898484,84.977,2.512,0.000,0.000,0.000,0.000
13.938429,16.6992,-1333.8281,0,0.0000,0.010175,2.068703,-0.006584,0.010175,-0.000599,0.00,1,0.00,13.908475,84.977,2.512,0.000,0.000,0.000,0.000
13.948398,16.7871,-1333.7402,0,0.0000,0.009577,2.068799,-0.005387,0.009577,0.000000,0.00,1,0.00,13.908475,84.977,2.512,0.000,0.000,0.000,0.000
13.958389,16.7871,-1333.7402,0,0.0000,0.009577,2.068894,-0.001796,0.009577,-0.001796,0.00,1,0.00,13.928438,84.977,2.512,0.000,0.000,0.000,0.000
13.968378,16.6992,-1333.8281,0,0.0000,0.011372,2.069008,0.000000,0.011372,-0.002993,0.00,1,0.00,13.938429,84.977,2.512,0.000,0.000,0.000,0.000
13.978352,16.7871,-1333.7402,0,0.0000,0.015562,2.069163,0.000000,0.015562,-0.000599,0.00,1,0.00,13.938429,84.977,2.512,0.000,0.000,0.000,0.000
13.988339,16.7871,-1333.7402,0,0.0000,0.013767,2.069301,0.000599,0.013767,-0.001796,0.00,1,0.00,13.958389,84.977,2.512,0.000,0.000,0.000,0.000
13.998331,16.7871,-1333.7402,0,0.0000,0.013767,2.069438,0.000000,0.013767,-0.004190,0.00,1,0.00,13.978352,84.977,2.512,0.000,0.000,0.000,0.000
14.008300,16.7871,-1333.7402,0,0.0000,0.014365,2.069582,0.000000,0.014365,0.001796,0.00,1,0.00,13.978352,84.977,2.512,0.000,0.000,0.000,0.000
14.018292,16.7871,-1333.7402,0,0.0000,0.012570,2.069707,0.000000,0.012570,-0.002394,0.00,1,0.00,13.988339,84.977,2.512,0.000,0.000,0.000,0.000
14.028265,16.6992,-1333.8281,0,0.0000,0.010774,2.069815,-0.004788,0.010774,-0.004788,0.00,1,0.00,13.988339,84.977,2.512,0.000,0.000,0.000,0.000
14.038257,16.7871,-1333.7402,0,0.0000,0.012570,2.069940,-0.007183,0.012570,-0.004788,0.00,1,0.00,13.998331,84.977,2.512,0.000,0.000,0.000,0.000
14.048247,16.8750,-1333.6523,0,0.0000,0.010774,2.070048,-0.005986,0.010774,-0.000599,0.00,1,0.00,14.018292,84.977,2.512,0.000,0.000,0.000,0.000
14.058219,16.6992,-1333.8281,0,0.0000,0.010774,2.070155,-0.005387,0.010774,0.000000,0.00,1,0.00,14.018292,84.977,2.512,0.000,0.000,0.000,0.000
14.068209,16.7871,-1333.7402,0,0.0000,0.008978,2.070245,-0.003591,0.008978,0.000599,0.00,1,0.00,14.038257,84.977,2.512,0.000,0.000,0.000,0.000
14.078200,16.7871,-1333.7402,0,0.0000,0.008380,2.070329,-0.006584,0.008380,0.002394,0.00,1,0.00,14.058219,84.977,2.512,0.000,0.000,0.000,0.000
14.088167,16.7871,-1333.7402,0,0.0000,0.006584,2.070394,-0.004788,0.006584,0.000000,0.00,1,0.00,14.058219,84.977,2.512,0.000,0.000,0.000,0.000
14.098166,16.7871,-1333.7402,0,0.0000,0.002394,2.070418,-0.005387,0.002394,-0.001197,0.00,1,0.00,14.068209,84.977,2.512,0.000,0.000,0.000,0.000
14.108157,16.7871,-1333.7402,0,0.0000,0.002993,2.070448,-0.003591,0.002993,-0.003591,0.00,1,0.00,14.088167,84.977,2.512,0.000,0.000,0.000,0.000
14.118124,16.6992,-1333.8281,0,0.0000,0.004190,2.070490,-0.004190,0.004190,-0.005387,0.00,1,0.00,14.088167,84.977,2.512,0.000,0.000,0.000,0.000
14.128119,16.7871,-1333.7402,0,0.0000,0.005986,2.070549,-0.001796,0.005986,-0.006584,0.00,1,0.00,14.108157,84.977,2.512,0.000,0.000,0.000,0.000
14.138091,16.6992,-1333.8281,0,0.0000,0.002993,2.070579,-0.001197,0.002993,-0.004190,0.00,1,0.00,14.108157,84.977,2.512,0.000,0.000,0.000,0.000
14.148075,16.7871,-1333.7402,0,0.0000,0.002394,2.070603,-0.001197,0.002394,-0.000599,0.00,1,0.00,14.118124,84.977,2.512,0.000,0.000,0.000,0.000
14.158040,16.7871,-1333.7402,0,0.0000,0.003591,2.070639,0.000000,0.003591,-0.004788,0.00,1,0.00,14.118124,84.977,2.512,0.000,0.000,0.000,0.000
14.168011,16.6992,-1333.8281,0,0.0000,0.005387,2.070693,0.000000,0.005387,-0.002993,0.00,1,0.00,14.118124,84.977,2.512,0.000,0.000,0.000,0.000
14.178002,16.7871,-1333.7402,0,0.0000,0.006584,2.070758,0.000000,0.006584,-0.002993,0.00,1,0.00,14.148075,84.977,2.512,0.000,0.000,0.000,0.000
14.187970,16.6992,-1333.8281,0,0.0000,0.006584,2.070824,0.001197,0.006584,-0.004190,0.00,1,0.00,14.148075,84.977,2.512,0.000,0.000,0.000,0.000
14.197938,16.7871,-1333.7402,0,0.0000,0.007183,2.070895,0.000000,0.007183,-0.008380,0.00,1,0.00,14.148075,84.977,2.512,0.000,0.000,0.000,0.000
14.207934,16.7871,-1333.7402,0,0.0000,0.007781,2.070973,-0.002394,0.007781,-0.009577,0.00,1,0.00,14.187970,84.977,2.512,0.000,0.000,0.000,0.000
14.217900,16.7871,-1333.7402,0,0.0000,0.008978,2.071063,-0.002394,0.008978,-0.007781,0.00,1,0.00,14.187970,84.977,2.512,0.000,0.000,0.000,0.000
14.227867,16.7871,-1333.7402,0,0.0000,0.010175,2.071164,-0.000599,0.010175,-0.005986,0.00,1,0.00,14.187970,84.977,2.512,0.000,0.000,0.000,0.000
14.237864,16.7871,-1333.7402,0,0.0000,0.010175,2.071266,0.000000,0.010175,-0.003591,0.00,1,0.00,14.207934,84.977,2.512,0.000,0.000,0.000,0.000
14.247832,16.7871,-1333.7402,0,0.0000,0.010175,2.071367,-0.000599,0.010175,-0.003591,0.00,1,0.00,14.207934,84.977,2.512,0.000,0.000,0.000,0.000
14.257806,16.7871,-1333.7402,0,0.0000,0.007183,2.071439,-0.000599,0.007183,-0.003591,0.00,1,0.00,14.207934,84.977,2.512,0.000,0.000,0.000,0.000
14.267786,16.7871,-1333.7402,0,0.0000,0.005986,2.071498,-0.006584,0.005986,0.000599,0.00,1,0.00,14.237864,84.977,2.512,0.000,0.000,0.000,0.000
14.277782,16.7871,-1333.7402,0,0.0000,0.005986,2.071558,-0.005986,0.005986,0.000000,0.00,1,0.00,14.247832,84.977,2.512,0.000,0.000,0.000,0.000
14.287747,16.7871,-1333.7402,0,0.0000,0.004190,2.071600,-0.004190,0.004190,-0.001796,0.00,1,0.00,14.247832,84.977,2.512,0.000,0.000,0.000,0.000
14.297736,16.6992,-1333.8281,0,0.0000,0.004190,2.071642,-0.004190,0.004190,0.000000,0.00,1,0.00,14.267786,84.977,2.512,0.000,0.000,0.000,0.000
14.307718,16.6992,-1333.8281,0,0.0000,0.005986,2.071702,-0.004788,0.005986,-0.002394,0.00,1,0.00,14.267786,84.977,2.512,0.000,0.000,0.000,0.000
14.317834,16.6992,-1333.8281,0,0.0000,0.005986,2.071762,-0.004190,0.005986,-0.002394,0.00,1,0.00,14.287747,84.977,2.512,0.000,0.000,0.000,0.000
14.327825,16.7871,-1333.7402,0,0.0000,0.006584,2.071828,-0.004190,0.006584,-0.002993,0.00,1,0.00,14.297736,84.977,2.512,0.000,0.000,0.000,0.000
14.337793,16.6992,-1333.8281,0,0.0000,0.010175,2.071929,-0.000599,0.010175,-0.005387,0.00,1,0.00,14.297736,84.977,2.512,0.000,0.000,0.000,0.000
14.347787,16.7871,-1333.7402,0,0.0000,0.013767,2.072067,-0.000599,0.013767,-0.003591,0.00,1,0.00,14.327825,84.977,2.512,0.000,0.000,0.000,0.000
14.357646,16.6992,-1333.8281,0,0.0000,0.013168,2.072197,0.000000,0.013168,0.000000,0.00,1,0.00,14.337793,84.977,2.512,0.000,0.000,0.000,0.000
14.367656,16.7871,-1333.7402,0,0.0000,0.011372,2.072310,0.000000,0.011372,0.000000,0.00,1,0.00,14.337793,84.977,2.512,0.000,0.000,0.000,0.000
14.377673,16.7871,-1333.7402,0,0.0000,0.010175,2.072412,0.001197,0.010175,-0.002993,0.00,1,0.00,14.347787,84.977,2.512,0.000,0.000,0.000,0.000
14.387667,16.6992,-1333.8281,0,0.0000,0.010774,2.072520,0.000000,0.010774,-0.002394,0.00,1,0.00,14.357646,84.977,2.512,0.000,0.000,0.000,0.000
14.397633,16.7871,-1333.7402,0,0.0000,0.011372,2.072634,0.003591,0.011372,-0.000599,0.00,1,0.00,14.357646,84.977,2.512,0.000,0.000,0.000,0.000
14.407626,16.6992,-1333.8281,0,0.0000,0.012570,2.072759,0.004190,0.012570,-0.002394,0.00,1,0.00,14.377673,84.977,2.512,0.000,0.000,0.000,0.000
14.417606,16.7871,-1333.7402,0,0.0000,0.011971,2.072879,0.002993,0.011971,-0.001796,0.00,1,0.00,14.377673,84.977,2.512,0.000,0.000,0.000,0.000
14.427591,16.7871,-1333.7402,0,0.0000,0.009577,2.072974,0.004788,0.009577,-0.003591,0.00,1,0.00,14.397633,84.977,2.512,0.000,0.000,0.000,0.000
14.437584,16.7871,-1333.7402,0,0.0000,0.007781,2.073052,0.004190,0.007781,-0.001796,0.00,1,0.00,14.407626,84.977,2.512,0.000,0.000,0.000,0.000
14.447552,16.7871,-1333.7402,0,0.0000,0.007183,2.073123,0.002394,0.007183,-0.001197,0.00,1,0.00,14.407626,84.977,2.512,0.000,0.000,0.000,0.000
14.457543,16.7871,-1333.7402,0,0.0000,0.008380,2.073207,0.002993,0.008380,-0.001197,0.00,1,0.00,14.427591,84.977,2.512,0.000,0.000,0.000,0.000
14.467534,16.7871,-1333.7402,0,0.0000,0.006584,2.073273,0.002993,0.006584,-0.000599,0.00,1,0.00,14.437584,84.977,2.512,0.000,0.000,0.000,0.000
14.477502,16.7871,-1333.7402,0,0.0000,0.005387,2.073327,0.002394,0.005387,0.000000,0.00,1,0.00,14.437584,84.977,2.512,0.000,0.000,0.000,0.000
14.487495,16.7871,-1333.7402,0,0.0000,0.006584,2.073392,0.001197,0.006584,0.000599,0.00,1,0.00,14.457543,84.977,2.512,0.000,0.000,0.000,0.000
14.497489,16.7871,-1333.7402,0,0.0000,0.008380,2.073476,0.001796,0.008380,0.000000,0.00,1,0.00,14.467534,84.977,2.512,0.000,0.000,0.000,0.000
14.507459,16.7871,-1333.7402,0,0.0000,0.010175,2.073578,0.003591,0.010175,0.000599,0.00,1,0.00,14.467534,84.977,2.512,0.000,0.000,0.000,0.000
14.517441,16.7871,-1333.7402,0,0.0000,0.008380,2.073661,0.002394,0.008380,-0.000599,0.00,1,0.00,14.487495,84.977,2.512,0.000,0.000,0.000,0.000
14.527438,16.7871,-1333.7402,0,0.0000,0.008380,2.073745,0.000599,0.008380,-0.001796,0.00,1,0.00,14.507459,84.977,2.512,0.000,0.000,0.000,0.000
14.537405,16.7871,-1333.7402,0,0.0000,0.009577,2.073840,0.000000,0.009577,-0.005387,0.00,1,0.00,14.507459,84.977,2.512,0.000,0.000,0.000,0.000
14.547394,16.8750,-1333.6523,0,0.0000,0.010774,2.073948,0.001197,0.010774,-0.004788,0.00,1,0.00,14.517441,84.977,2.512,0.000,0.000,0.000,0.000
14.557391,16.7871,-1333.7402,0,0.0000,0.010774,2.074056,0.000000,0.010774,-0.003591,0.00,1,0.00,14.527438,84.977,2.512,0.000,0.000,0.000,0.000
14.567357,16.7871,-1333.7402,0,0.0000,0.011971,2.074175,-0.000599,0.011971,-0.004190,0.00,1,0.00,14.527438,84.977,2.512,0.000,0.000,0.000,0.000
14.577347,16.6992,-1333.8281,0,0.0000,0.010774,2.074282,-0.001796,0.010774,-0.003591,0.00,1,0.00,14.547394,84.977,2.512,0.000,0.000,0.000,0.000
14.587316,16.6992,-1333.8281,0,0.0000,0.009577,2.074378,-0.002394,0.009577,-0.000599,0.00,1,0.00,14.547394,84.977,2.512,0.000,0.000,0.000,0.000
14.597308,16.8750,-1333.6523,0,0.0000,0.009577,2.074473,-0.002394,0.009577,0.000000,0.00,1,0.00,14.567357,84.977,2.512,0.000,0.000,0.000,0.000
14.607300,16.6992,-1333.8281,0,0.0000,0.010774,2.074581,-0.004190,0.010774,-0.001197,0.00,1,0.00,14.577347,84.977,2.512,0.000,0.000,0.000,0.000
14.617268,16.7871,-1333.7402,0,0.0000,0.011372,2.074694,-0.005387,0.011372,-0.001796,0.00,1,0.00,14.577347,84.977,2.512,0.000,0.000,0.000,0.000
14.627262,16.7871,-1333.7402,0,0.0000,0.007183,2.074766,-0.005387,0.007183,-0.002394,0.00,1,0.00,14.597308,84.977,2.512,0.000,0.000,0.000,0.000
14.637252,16.6992,-1333.8281,0,0.0000,0.005986,2.074826,-0.003591,0.005986,-0.000599,0.00,1,0.00,14.607300,84.977,2.512,0.000,0.000,0.000,0.000
14.647219,16.7871,-1333.7402,0,0.0000,0.004190,2.074868,-0.001197,0.004190,0.004190,0.00,1,0.00,14.607300,84.977,2.512,0.000,0.000,0.000,0.000
14.657209,16.7871,-1333.7402,0,0.0000,0.003591,2.074903,-0.001197,0.003591,0.004190,0.00,1,0.00,14.627262,84.977,2.512,0.000,0.000,0.000,0.000
14.667188,16.7871,-1333.7402,0,0.0000,0.001197,2.074915,-0.001197,0.001197,0.000000,0.00,1,0.00,14.627262,84.977,2.512,0.000,0.000,0.000,0.000
14.677171,16.7871,-1333.7402,0,0.0000,0.001197,2.074927,0.000599,0.001197,-0.001197,0.00,1,0.00,14.647219,84.977,2.512,0.000,0.000,0.000,0.000
14.687160,16.6992,-1333.8281,0,0.0000,0.002993,2.074957,0.003591,0.002993,0.000000,0.00,1,0.00,14.657209,84.977,2.512,0.000,0.000,0.000,0.000
14.697137,16.7871,-1333.7402,0,0.0000,0.002993,2.074987,0.005387,0.002993,0.000000,0.00,1,0.00,14.657209,84.977,2.512,0.000,0.000,0.000,0.000
14.707118,16.7871,-1333.7402,0,0.0000,0.002993,2.075017,0.001796,0.002993,-0.000599,0.00,1,0.00,14.677171,84.977,2.512,0.000,0.000,0.000,0.000
14.717111,16.7871,-1333.7402,0,0.0000,0.005387,2.075071,0.001796,0.005387,0.000000,0.00,1,0.00,14.687160,84.977,2.512,0.000,0.000,0.000,0.000
14.727084,16.6992,-1333.8281,0,0.0000,0.009577,2.075166,0.000000,0.009577,0.000000,0.00,1,0.00,14.687160,84.977,2.512,0.000,0.000,0.000,0.000
14.737074,16.6992,-1333.8281,0,0.0000,0.011971,2.075286,0.000000,0.011971,0.000000,0.00,1,0.00,14.707118,84.977,2.512,0.000,0.000,0.000,0.000
14.747065,16.7871,-1333.7402,0,0.0000,0.012570,2.075412,0.000000,0.012570,0.002993,0.00,1,0.00,14.717111,84.977,2.512,0.000,0.000,0.000,0.000
14.757030,16.7871,-1333.7402,0,0.0000,0.008978,2.075501,-0.002394,0.008978,0.002993,0.00,1,0.00,14.717111,84.977,2.512,0.000,0.000,0.000,0.000
14.767023,16.7871,-1333.7402,0,0.0000,0.008380,2.075585,-0.003591,0.008380,0.001197,0.00,1,0.00,14.737074,84.977,2.512,0.000,0.000,0.000,0.000
14.776996,16.7871,-1333.7402,0,0.0000,0.006584,2.075650,-0.000599,0.006584,0.000000,0.00,1,0.00,14.737074,84.977,2.512,0.000,0.000,0.000,0.000
14.786979,16.7871,-1333.7402,0,0.0000,0.005387,2.075704,0.000599,0.005387,-0.000599,0.00,1,0.00,14.747065,84.977,2.512,0.000,0.000,0.000,0.000
14.796971,16.7871,-1333.7402,0,0.0000,0.004788,2.075752,0.002993,0.004788,-0.003591,0.00,1,0.00,14.767023,84.977,2.512,0.000,0.000,0.000,0.000
14.806946,16.7871,-1333.7402,0,0.0000,0.002993,2.075782,0.002394,0.002993,-0.005387,0.00,1,0.00,14.767023,84.977,2.512,0.000,0.000,0.000,0.000
14.816936,16.7871,-1333.7402,0,0.0000,0.000000,2.075782,0.002394,0.000000,-0.005387,0.00,1,0.00,14.796971,84.977,2.512,0.000,0.000,0.000,0.000
14.826908,16.6992,-1333.8281,0,0.0000,0.000000,2.075782,0.002993,0.000000,-0.002993,0.00,1,0.00,14.796971,84.977,2.512,0.000,0.000,0.000,0.000
14.836890,16.7871,-1333.7402,0,0.0000,0.001796,2.075800,0.000000,0.001796,-0.000599,0.00,1,0.00,14.806946,84.977,2.512,0.000,0.000,0.000,0.000
14.846887,16.7871,-1333.7402,0,0.0000,0.003591,2.075836,-0.001796,0.003591,0.000000,0.00,1,0.00,14.816936,84.977,2.512,0.000,0.000,0.000,0.000
14.856860,16.7871,-1333.7402,0,0.0000,0.001796,2.075854,-0.003591,0.001796,-0.000599,0.00,1,0.00,14.816936,84.977,2.512,0.000,0.000,0.000,0.000
14.866816,16.7871,-1333.7402,0,0.0000,0.001796,2.075871,-0.004190,0.001796,0.000599,0.00,1,0.00,14.836890,84.977,2.512,0.000,0.000,0.000,0.000
14.876809,16.6992,-1333.8281,0,0.0000,0.004788,2.075919,-0.005387,0.004788,0.000599,0.00,1,0.00,14.836890,84.977,2.512,0.000,0.000,0.000,0.000
14.886800,16.7871,-1333.7402,0,0.0000,0.005986,2.075979,-0.008978,0.005986,0.000000,0.00,1,0.00,14.866816,84.977,2.512,0.000,0.000,0.000,0.000
14.896772,16.6992,-1333.8281,0,0.0000,0.008978,2.076069,-0.005387,0.008978,-0.001796,0.00,1,0.00,14.866816,84.977,2.512,0.000,0.000,0.000,0.000
14.906753,16.7871,-1333.7402,0,0.0000,0.009577,2.076164,-0.002993,0.009577,-0.000599,0.00,1,0.00,14.876809,84.977,2.512,0.000,0.000,0.000,0.000
14.916748,16.7871,-1333.7402,0,0.0000,0.008380,2.076248,-0.002394,0.008380,0.000599,0.00,1,0.00,14.886800,84.977,2.512,0.000,0.000,0.000,0.000
14.926719,16.6992,-1333.8281,0,0.0000,0.007781,2.076325,-0.002394,0.007781,0.001796,0.00,1,0.00,14.886800,84.977,2.512,0.000,0.000,0.000,0.000
14.936706,16.7871,-1333.7402,0,0.0000,0.005986,2.076385,0.000000,0.005986,0.002394,0.00,1,0.00,14.906753,84.977,2.512,0.000,0.000,0.000,0.000
14.946701,16.6992,-1333.8281,0,0.0000,0.005387,2.076439,0.000000,0.005387,0.001796,0.00,1,0.00,14.916748,84.977,2.512,0.000,0.000,0.000,0.000
14.956667,16.7871,-1333.7402,0,0.0000,0.005387,2.076493,-0.001197,0.005387,-0.000599,0.00,1,0.00,14.916748,84.977,2.512,0.000,0.000,0.000,0.000
14.966658,16.8750,-1333.6523,0,0.0000,0.006584,2.076559,-0.001197,0.006584,0.002394,0.00,1,0.00,14.936706,84.977,2.512,0.000,0.000,0.000,0.000
14.976627,16.6992,-1333.8281,0,0.0000,0.004788,2.076606,-0.001197,0.004788,0.000000,0.00,1,0.00,14.936706,84.977,2.512,0.000,0.000,0.000,0.000
14.986616,16.7871,-1333.7402,0,0.0000,0.002394,2.076630,-0.002394,0.002394,0.000000,0.00,1,0.00,14.956667,84.977,2.512,0.000,0.000,0.000,0.000
14.996727,16.7871,-1333.7402,0,0.0000,0.001197,2.076642,-0.002993,0.001197,-0.001796,0.00,1,0.00,14.956667,84.977,2.512,0.000,0.000,0.000,0.000
15.006571,16.7871,-1333.7402,0,0.0000,0.000000,2.076642,-0.002993,0.000000,-0.003591,0.00,1,0.00,14.966658,84.977,2.512,0.000,0.000,0.000,0.000
15.016700,16.7871,-1333.7402,0,0.0000,0.000599,2.076648,-0.004788,0.000599,-0.000599,0.00,1,0.00,14.986616,84.977,2.512,0.000,0.000,0.000,0.000
15.026669,16.7871,-1333.7402,0,0.0000,0.003591,2.076684,-0.005986,0.003591,-0.003591,0.00,1,0.00,14.986616,84.977,2.512,0.000,0.000,0.000,0.000
15.036521,16.7871,-1333.7402,0,0.0000,0.004788,2.076731,-0.005986,0.004788,-0.002394,0.00,1,0.00,15.006571,84.977,2.512,0.000,0.000,0.000,0.000
15.046497,16.7871,-1333.7402,0,0.0000,0.006584,2.076797,-0.003591,0.006584,-0.001796,0.00,1,0.00,15.006571,84.977,2.512,0.000,0.000,0.000,0.000
15.056483,16.6992,-1333.8281,0,0.0000,0.010774,2.076904,-0.002394,0.010774,-0.004788,0.00,1,0.00,15.016700,84.977,2.512,0.000,0.000,0.000,0.000
15.066475,16.7871,-1333.7402,0,0.0000,0.008978,2.076994,-0.001197,0.008978,-0.004788,0.00,1,0.00,15.036521,84.977,2.512,0.000,0.000,0.000,0.000
15.076578,16.7871,-1333.7402,0,0.0000,0.005387,2.077048,0.000000,0.005387,-0.003591,0.00,1,0.00,15.036521,84.977,2.512,0.000,0.000,0.000,0.000
15.086569,16.7871,-1333.7402,0,0.0000,0.004190,2.077090,0.000000,0.004190,-0.000599,0.00,1,0.00,15.056483,84.977,2.512,0.000,0.000,0.000,0.000
15.096428,16.6992,-1333.8281,0,0.0000,0.004788,2.077137,0.002993,0.004788,-0.003591,0.00,1,0.00,15.076578,84.977,2.512,0.000,0.000,0.000,0.000
15.106529,16.6992,-1333.8281,0,0.0000,0.004788,2.077186,0.000000,0.004788,-0.001197,0.00,1,0.00,15.076578,84.977,2.512,0.000,0.000,0.000,0.000
15.116385,16.6992,-1333.8281,0,0.0000,0.005387,2.077239,0.000000,0.005387,0.000000,0.00,1,0.00,15.086569,84.977,2.512,0.000,0.000,0.000,0.000
15.126500,16.7871,-1333.7402,0,0.0000,0.005986,2.077300,0.000000,0.005986,-0.001197,0.00,1,0.00,15.086569,84.977,2.512,0.000,0.000,0.000,0.000
15.136482,16.7871,-1333.7402,0,0.0000,0.009577,2.077395,-0.000599,0.009577,-0.001197,0.00,1,0.00,15.106529,84.977,2.512,0.000,0.000,0.000,0.000
15.146339,16.6992,-1333.8281,0,0.0000,0.011372,2.077507,-0.000599,0.011372,0.000000,0.00,1,0.00,15.116385,84.977,2.512,0.000,0.000,0.000,0.000
15.156320,16.7871,-1333.7402,0,0.0000,0.009577,2.077603,-0.001796,0.009577,0.000000,0.00,1,0.00,15.116385,84.977,2.512,0.000,0.000,0.000,0.000
15.166300,16.7871,-1333.7402,0,0.0000,0.011372,2.077716,-0.004788,0.011372,-0.001197,0.00,1,0.00,15.136482,84.977,2.512,0.000,0.000,0.000,0.000
15.176292,16.7871,-1333.7402,0,0.0000,0.013168,2.077848,-0.004788,0.013168,0.000000,0.00,1,0.00,15.146339,84.977,2.512,0.000,0.000,0.000,0.000
15.186394,16.6992,-1333.8281,0,0.0000,0.014365,2.077993,-0.005387,0.014365,-0.000599,0.00,1,0.00,15.146339,84.977,2.512,0.000,0.000,0.000,0.000
15.196252,16.6992,-1333.8281,0,0.0000,0.010175,2.078094,-0.002993,0.010175,-0.001197,0.00,1,0.00,15.166300,84.977,2.512,0.000,0.000,0.000,0.000
15.206244,16.7871,-1333.7402,0,0.0000,0.007781,2.078171,-0.000599,0.007781,0.000000,0.00,1,0.00,15.176292,84.977,2.512,0.000,0.000,0.000,0.000
15.216343,16.7871,-1333.7402,0,0.0000,0.004190,2.078213,0.002394,0.004190,0.000000,0.00,1,0.00,15.176292,84.977,2.512,0.000,0.000,0.000,0.000
15.226332,16.7871,-1333.7402,0,0.0000,0.005986,2.078273,0.002993,0.005986,0.000000,0.00,1,0.00,15.196252,84.977,2.512,0.000,0.000,0.000,0.000
15.236196,16.7871,-1333.7402,0,0.0000,0.007781,2.078350,0.002993,0.007781,-0.002394,0.00,1,0.00,15.206244,84.977,2.512,0.000,0.000,0.000,0.000
15.246300,16.7871,-1333.7402,0,0.0000,0.008380,2.078435,0.001796,0.008380,-0.001796,0.00,1,0.00,15.206244,84.977,2.512,0.000,0.000,0.000,0.000
15.256150,16.7871,-1333.7402,0,0.0000,0.009577,2.078529,0.000000,0.009577,-0.001796,0.00,1,0.00,15.226332,84.977,2.512,0.000,0.000,0.000,0.000
15.266281,16.7871,-1333.7402,0,0.0000,0.010175,2.078632,0.000000,0.010175,-0.003591,0.00,1,0.00,15.246300,84.977,2.512,0.000,0.000,0.000,0.000
15.276251,16.7871,-1333.7402,0,0.0000,0.011372,2.078746,0.001796,0.011372,-0.005986,0.00,1,0.00,15.246300,84.977,2.512,0.000,0.000,0.000,0.000
15.286238,16.7871,-1333.7402,0,0.0000,0.010175,2.078847,0.000000,0.010175,-0.005387,0.00,1,0.00,15.256150,84.977,2.512,0.000,0.000,0.000,0.000
15.296096,16.7871,-1333.7402,0,0.0000,0.009577,2.078942,0.000000,0.009577,-0.007781,0.00,1,0.00,15.266281,84.977,2.512,0.000,0.000,0.000,0.000
15.306200,16.8750,-1333.6523,0,0.0000,0.009577,2.079038,-0.002993,0.009577,-0.006584,0.00,1,0.00,15.266281,84.977,2.512,0.000,0.000,0.000,0.000
15.316189,16.7871,-1333.7402,0,0.0000,0.007781,2.079116,-0.004788,0.007781,-0.002993,0.00,1,0.00,15.286238,84.977,2.512,0.000,0.000,0.000,0.000
15.326165,16.8750,-1333.6523,0,0.0000,0.008380,2.079200,-0.008380,0.008380,0.000000,0.00,1,0.00,15.286238,84.977,2.512,0.000,0.000,0.000,0.000
15.336151,16.7871,-1333.7402,0,0.0000,0.007781,2.079278,-0.005986,0.007781,0.001197,0.00,1,0.00,15.296096,84.977,2.512,0.000,0.000,0.000,0.000
15.346006,16.7871,-1333.7402,0,0.0000,0.005986,2.079336,-0.004788,0.005986,0.001197,0.00,1,0.00,15.316189,84.977,2.512,0.000,0.000,0.000,0.000
15.356110,16.6992,-1333.8281,0,0.0000,0.005387,2.079391,-0.003591,0.005387,-0.001796,0.00,1,0.00,15.316189,84.977,2.512,0.000,0.000,0.000,0.000
15.366001,16.7871,-1333.7402,0,0.0000,0.005387,2.079444,-0.004190,0.005387,0.000000,0.00,1,0.00,15.326165,84.977,2.512,0.000,0.000,0.000,0.000
15.376003,16.8750,-1333.6523,0,0.0000,0.007183,2.079516,-0.001197,0.007183,0.000000,0.00,1,0.00,15.326165,84.977,2.512,0.000,0.000,0.000,0.000
15.385982,16.6992,-1333.8281,0,0.0000,0.005986,2.079576,0.001796,0.005986,-0.001197,0.00,1,0.00,15.346006,84.977,2.512,0.000,0.000,0.000,0.000
15.395973,16.7871,-1333.7402,0,0.0000,0.005387,2.079629,0.000000,0.005387,-0.001197,0.00,1,0.00,15.376003,84.977,2.512,0.000,0.000,0.000,0.000
15.405951,16.7871,-1333.7402,0,0.0000,0.004788,2.079677,0.000000,0.004788,-0.001796,0.00,1,0.00,15.376003,84.977,2.512,0.000,0.000,0.000,0.000
15.415936,16.7871,-1333.7402,0,0.0000,0.007781,2.079755,0.000000,0.007781,-0.002993,0.00,1,0.00,15.385982,84.977,2.512,0.000,0.000,0.000,0.000
15.425928,16.8750,-1333.6523,0,0.0000,0.010774,2.079863,0.000000,0.010774,-0.002394,0.00,1,0.00,15.395973,84.977,2.512,0.000,0.000,0.000,0.000
15.435896,16.7871,-1333.7402,0,0.0000,0.010774,2.079970,0.002394,0.010774,0.000000,0.00,1,0.00,15.395973,84.977,2.512,0.000,0.000,0.000,0.000
15.445895,16.6992,-1333.8281,0,0.0000,0.010175,2.080072,0.000000,0.010175,-0.002394,0.00,1,0.00,15.415936,84.977,2.512,0.000,0.000,0.000,0.000
15.455867,16.6992,-1333.8281,0,0.0000,0.010175,2.080173,0.000000,0.010175,-0.002394,0.00,1,0.00,15.415936,84.977,2.512,0.000,0.000,0.000,0.000
15.465852,16.8750,-1333.6523,0,0.0000,0.008978,2.080263,0.000000,0.008978,-0.002394,0.00,1,0.00,15.435896,84.977,2.512,0.000,0.000,0.000,0.000
15.475848,16.6992,-1333.8281,0,0.0000,0.008380,2.080347,0.000000,0.008380,-0.002993,0.00,1,0.00,15.445895,84.977,2.512,0.000,0.000,0.000,0.000
15.485815,16.7871,-1333.7402,0,0.0000,0.008978,2.080436,0.004190,0.008978,-0.001197,0.00,1,0.00,15.445895,84.977,2.512,0.000,0.000,0.000,0.000
15.495805,16.7871,-1333.7402,0,0.0000,0.005387,2.080490,0.006584,0.005387,0.000000,0.00,1,0.00,15.465852,84.977,2.512,0.000,0.000,0.000,0.000
15.505798,16.7871,-1333.7402,0,0.0000,0.005387,2.080544,0.005387,0.005387,0.000000,0.00,1,0.00,15.475848,84.977,2.512,0.000,0.000,0.000,0.000
15.515771,16.7871,-1333.7402,0,0.0000,0.004788,2.080591,0.002993,0.004788,0.000000,0.00,1,0.00,15.475848,84.977,2.512,0.000,0.000,0.000,0.000
15.525764,16.7871,-1333.7402,0,0.0000,0.003591,2.080627,0.002394,0.003591,0.001197,0.00,1,0.00,15.495805,84.977,2.512,0.000,0.000,0.000,0.000
15.535738,16.7871,-1333.7402,0,0.0000,0.001796,2.080645,0.002993,0.001796,0.001796,0.00,1,0.00,15.495805,84.977,2.512,0.000,0.000,0.000,0.000
15.545720,16.7871,-1333.7402,0,0.0000,0.001796,2.080663,0.002993,0.001796,0.001197,0.00,1,0.00,15.515771,84.977,2.512,0.000,0.000,0.000,0.000
15.555716,16.7871,-1333.7402,0,0.0000,0.001197,2.080675,0.001197,0.001197,0.000599,0.00,1,0.00,15.525764,84.977,2.512,0.000,0.000,0.000,0.000
15.565688,16.7871,-1333.7402,0,0.0000,0.002394,2.080699,-0.001796,0.002394,0.001197,0.00,1,0.00,15.525764,84.977,2.512,0.000,0.000,0.000,0.000
15.575674,16.6992,-1333.8281,0,0.0000,0.006584,2.080765,-0.001197,0.006584,0.002993,0.00,1,0.00,15.545720,84.977,2.512,0.000,0.000,0.000,0.000
15.585668,16.7871,-1333.7402,0,0.0000,0.005986,2.080825,-0.002993,0.005986,0.000599,0.00,1,0.00,15.555716,84.977,2.512,0.000,0.000,0.000,0.000
15.595635,16.7871,-1333.7402,0,0.0000,0.006584,2.080890,-0.002394,0.006584,0.002993,0.00,1,0.00,15.555716,84.977,2.512,0.000,0.000,0.000,0.000
15.605601,16.7871,-1333.7402,0,0.0000,0.005986,2.080950,-0.001796,0.005986,0.000000,0.00,1,0.00,15.555716,84.977,2.512,0.000,0.000,0.000,0.000
15.615591,16.7871,-1333.7402,0,0.0000,0.005986,2.081010,-0.000599,0.005986,-0.004190,0.00,1,0.00,15.595635,84.977,2.512,0.000,0.000,0.000,0.000
15.625561,16.7871,-1333.7402,0,0.0000,0.005387,2.081063,0.001197,0.005387,-0.004788,0.00,1,0.00,15.595635,84.977,2.512,0.000,0.000,0.000,0.000
15.635662,16.7871,-1333.7402,0,0.0000,0.005387,2.081118,0.001197,0.005387,-0.000599,0.00,1,0.00,15.595635,84.977,2.512,0.000,0.000,0.000,0.000
15.645520,16.7871,-1333.7402,0,0.0000,0.005387,2.081171,0.000000,0.005387,0.001197,0.00,1,0.00,15.615591,84.977,2.512,0.000,0.000,0.000,0.000
15.655626,16.7871,-1333.7402,0,0.0000,0.007781,2.081249,0.000000,0.007781,-0.000599,0.00,1,0.00,15.615591,84.977,2.512,0.000,0.000,0.000,0.000
15.665595,16.7871,-1333.7402,0,0.0000,0.007183,2.081321,0.000000,0.007183,-0.000599,0.00,1,0.00,15.615591,84.977,2.512,0.000,0.000,0.000,0.000
15.675582,16.6992,-1333.8281,0,0.0000,0.006584,2.081387,0.000599,0.006584,-0.001796,0.00,1,0.00,15.625561,84.977,2.512,0.000,0.000,0.000,0.000
15.685443,16.7871,-1333.7402,0,0.0000,0.008978,2.081475,0.001197,0.008978,-0.004788,0.00,1,0.00,15.665595,84.977,2.512,0.000,0.000,0.000,0.000
15.695549,16.7871,-1333.7402,0,0.0000,0.011971,2.081596,-0.001197,0.011971,-0.002993,0.00,1,0.00,15.665595,84.977,2.512,0.000,0.000,0.000,0.000
15.705539,16.7871,-1333.7402,0,0.0000,0.011971,2.081716,-0.001197,0.011971,-0.001197,0.00,1,0.00,15.675582,84.977,2.512,0.000,0.000,0.000,0.000
15.715509,16.7871,-1333.7402,0,0.0000,0.010774,2.081823,-0.001197,0.010774,-0.001796,0.00,1,0.00,15.675582,84.977,2.512,0.000,0.000,0.000,0.000
15.725500,16.7871,-1333.7402,0,0.0000,0.007781,2.081901,-0.004190,0.007781,-0.002394,0.00,1,0.00,15.695549,84.977,2.512,0.000,0.000,0.000,0.000
15.735358,16.6992,-1333.8281,0,0.0000,0.007781,2.081978,-0.004190,0.007781,0.000000,0.00,1,0.00,15.705539,84.977,2.512,0.000,0.000,0.000,0.000
15.745457,16.6992,-1333.8281,0,0.0000,0.005986,2.082038,-0.001197,0.005986,0.000599,0.00,1,0.00,15.705539,84.977,2.512,0.000,0.000,0.000,0.000
15.755448,16.7871,-1333.7402,0,0.0000,0.006584,2.082104,0.000000,0.006584,0.001197,0.00,1,0.00,15.735358,84.977,2.512,0.000,0.000,0.000,0.000
15.765421,16.7871,-1333.7402,0,0.0000,0.006584,2.082170,0.002394,0.006584,0.005986,0.00,1,0.00,15.735358,84.977,2.512,0.000,0.000,0.000,0.000
15.775409,16.7871,-1333.7402,0,0.0000,0.006584,2.082236,0.006584,0.006584,0.005986,0.00,1,0.00,15.745457,84.977,2.512,0.000,0.000,0.000,0.000
15.785374,16.7871,-1333.7402,0,0.0000,0.005986,2.082295,0.005986,0.005986,0.001796,0.00,1,0.00,15.745457,84.977,2.512,0.000,0.000,0.000,0.000
15.795346,16.7871,-1333.7402,0,0.0000,0.005387,2.082349,0.003591,0.005387,0.000599,0.00,1,0.00,15.745457,84.977,2.512,0.000,0.000,0.000,0.000
15.805337,16.7871,-1333.7402,0,0.0000,0.005387,2.082403,0.001796,0.005387,0.000599,0.00,1,0.00,15.785374,84.977,2.512,0.000,0.000,0.000,0.000
15.815327,16.6992,-1333.8281,0,0.0000,0.004190,2.082445,0.001197,0.004190,0.002394,0.00,1,0.00,15.795346,84.977,2.512,0.000,0.000,0.000,0.000
15.825297,16.7871,-1333.7402,0,0.0000,0.005387,2.082498,0.000000,0.005387,0.003591,0.00,1,0.00,15.795346,84.977,2.512,0.000,0.000,0.000,0.000
15.835292,16.7871,-1333.7402,0,0.0000,0.009577,2.082594,0.000000,0.009577,0.000000,0.00,1,0.00,15.805337,84.977,2.512,0.000,0.000,0.000,0.000
15.845283,16.7871,-1333.7402,0,0.0000,0.010175,2.082695,-0.002993,0.010175,-0.001197,0.00,1,0.00,15.825297,84.977,2.512,0.000,0.000,0.000,0.000
15.855258,16.7871,-1333.7402,0,0.0000,0.010175,2.082797,-0.004788,0.010175,0.001197,0.00,1,0.00,15.825297,84.977,2.512,0.000,0.000,0.000,0.000
15.865191,16.7871,-1333.7402,0,0.0000,0.008380,2.082880,-0.006584,0.008380,0.000000,0.00,1,0.00,15.835292,84.977,2.512,0.000,0.000,0.000,0.000
15.875209,16.7871,-1333.7402,0,0.0000,0.007781,2.082958,-0.006584,0.007781,0.000599,0.00,1,0.00,15.845283,84.977,2.512,0.000,0.000,0.000,0.000
15.885185,16.7871,-1333.7402,0,0.0000,0.008978,2.083048,-0.004788,0.008978,-0.000599,0.00,1,0.00,15.845283,84.977,2.512,0.000,0.000,0.000,0.000
15.895166,16.7871,-1333.7402,0,0.0000,0.007183,2.083120,-0.001197,0.007183,0.000000,0.00,1,0.00,15.865191,84.977,2.512,0.000,0.000,0.000,0.000
15.905163,16.6992,-1333.8281,0,0.0000,0.008978,2.083209,0.001796,0.008978,-0.000599,0.00,1,0.00,15.875209,84.977,2.512,0.000,0.000,0.000,0.000
15.915136,16.7871,-1333.7402,0,0.0000,0.008380,2.083293,0.001796,0.008380,-0.001197,0.00,1,0.00,15.875209,84.977,2.512,0.000,0.000,0.000,0.000
15.925120,16.6992,-1333.8281,0,0.0000,0.004190,2.083335,0.003591,0.004190,0.000000,0.00,1,0.00,15.895166,84.977,2.512,0.000,0.000,0.000,0.000
15.935111,16.7871,-1333.7402,0,0.0000,0.002394,2.083359,0.004788,0.002394,0.001796,0.00,1,0.00,15.905163,84.977,2.512,0.000,0.000,0.000,0.000
15.945092,16.7871,-1333.7402,0,0.0000,0.004190,2.083400,0.005387,0.004190,0.000599,0.00,1,0.00,15.905163,84.977,2.512,0.000,0.000,0.000,0.000
15.955076,16.7871,-1333.7402,0,0.0000,0.006584,2.083466,0.005986,0.006584,0.001197,0.00,1,0.00,15.925120,84.977,2.512,0.000,0.000,0.000,0.000
15.965067,16.7871,-1333.7402,0,0.0000,0.008380,2.083550,0.001796,0.008380,0.001197,0.00,1,0.00,15.935111,84.977,2.512,0.000,0.000,0.000,0.000
15.975037,16.7871,-1333.7402,0,0.0000,0.009577,2.083645,-0.001796,0.009577,0.003591,0.00,1,0.00,15.935111,84.977,2.512,0.000,0.000,0.000,0.000
15.985028,16.7871,-1333.7402,0,0.0000,0.009577,2.083741,-0.000599,0.009577,0.001197,0.00,1,0.00,15.965067,84.977,2.512,0.000,0.000,0.000,0.000
15.994995,16.7871,-1333.7402,0,0.0000,0.011971,2.083860,-0.004788,0.011971,-0.002993,0.00,1,0.00,15.965067,84.977,2.512,0.000,0.000,0.000,0.000
16.004988,16.7871,-1333.7402,0,0.0000,0.011372,2.083974,-0.005986,0.011372,-0.003591,0.00,1,0.00,15.975037,84.977,2.512,0.000,0.000,0.000,0.000
16.014957,16.6992,-1333.8281,0,0.0000,0.008978,2.084063,-0.005387,0.008978,-0.004788,0.00,1,0.00,15.975037,84.977,2.512,0.000,0.000,0.000,0.000
16.024946,16.7871,-1333.7402,0,0.0000,0.008380,2.084147,-0.001796,0.008380,-0.005387,0.00,1,0.00,16.004988,84.977,2.512,0.000,0.000,0.000,0.000
16.034922,16.6992,-1333.8281,0,0.0000,0.007781,2.084225,0.000599,0.007781,-0.005387,0.00,1,0.00,16.004988,84.977,2.512,0.000,0.000,0.000,0.000
16.044909,16.7871,-1333.7402,0,0.0000,0.006584,2.084291,0.003591,0.006584,-0.007781,0.00,1,0.00,16.014957,84.977,2.512,0.000,0.000,0.000,0.000
16.054897,16.7871,-1333.7402,0,0.0000,0.004190,2.084332,0.004190,0.004190,-0.004788,0.00,1,0.00,16.024946,84.977,2.512,0.000,0.000,0.000,0.000
16.064869,16.7871,-1333.7402,0,0.0000,0.003591,2.084368,0.001796,0.003591,-0.002993,0.00,1,0.00,16.024946,84.977,2.512,0.000,0.000,0.000,0.000
16.074856,16.7871,-1333.7402,0,0.0000,0.005986,2.084428,0.003591,0.005986,-0.002394,0.00,1,0.00,16.044909,84.977,2.512,0.000,0.000,0.000,0.000
16.084854,16.7871,-1333.7402,0,0.0000,0.006584,2.084494,0.005387,0.006584,-0.001796,0.00,1,0.00,16.054897,84.977,2.512,0.000,0.000,0.000,0.000
16.094826,16.7871,-1333.7402,0,0.0000,0.007781,2.084571,0.005387,0.007781,-0.004190,0.00,1,0.00,16.054897,84.977,2.512,0.000,0.000,0.000,0.000
16.104809,16.7871,-1333.7402,0,0.0000,0.008380,2.084655,0.004190,0.008380,-0.000599,0.00,1,0.00,16.074856,84.977,2.512,0.000,0.000,0.000,0.000
16.114799,16.8750,-1333.6523,0,0.0000,0.007183,2.084727,0.001796,0.007183,-0.001197,0.00,1,0.00,16.084854,84.977,2.512,0.000,0.000,0.000,0.000
16.124771,16.6992,-1333.8281,0,0.0000,0.006584,2.084792,0.000000,0.006584,-0.000599,0.00,1,0.00,16.084854,84.977,2.512,0.000,0.000,0.000,0.000
16.134764,16.7871,-1333.7402,0,0.0000,0.006584,2.084858,-0.004190,0.006584,0.000000,0.00,1,0.00,16.104809,84.977,2.512,0.000,0.000,0.000,0.000
16.144733,16.7871,-1333.7402,0,0.0000,0.004190,2.084900,-0.005986,0.004190,-0.002993,0.00,1,0.00,16.104809,84.977,2.512,0.000,0.000,0.000,0.000
16.154722,16.8750,-1333.6523,0,0.0000,0.003591,2.084936,-0.006584,0.003591,-0.004190,0.00,1,0.00,16.114799,84.977,2.512,0.000,0.000,0.000,0.000
16.164698,16.6992,-1333.8281,0,0.0000,0.006584,2.085001,-0.007183,0.006584,-0.005387,0.00,1,0.00,16.114799,84.977,2.512,0.000,0.000,0.000,0.000
16.174679,16.7871,-1333.7402,0,0.0000,0.004788,2.085049,-0.004190,0.004788,-0.006584,0.00,1,0.00,16.134764,84.977,2.512,0.000,0.000,0.000,0.000
16.184669,16.7871,-1333.7402,0,0.0000,0.002993,2.085079,0.000000,0.002993,-0.006584,0.00,1,0.00,16.154722,84.977,2.512,0.000,0.000,0.000,0.000
16.194639,16.7871,-1333.7402,0,0.0000,0.004788,2.085126,0.001796,0.004788,-0.007183,0.00,1,0.00,16.154722,84.977,2.512,0.000,0.000,0.000,0.000
16.204628,16.7871,-1333.7402,0,0.0000,0.004788,2.085174,0.005986,0.004788,-0.004190,0.00,1,0.00,16.174679,84.977,2.512,0.000,0.000,0.000,0.000
16.214596,16.7871,-1333.7402,0,0.0000,0.002993,2.085204,0.008380,0.002993,-0.004788,0.00,1,0.00,16.174679,84.977,2.512,0.000,0.000,0.000,0.000
16.224588,16.6992,-1333.8281,0,0.0000,0.005387,2.085258,0.008380,0.005387,-0.005986,0.00,1,0.00,16.204628,84.977,2.512,0.000,0.000,0.000,0.000
16.234564,16.7871,-1333.7402,0,0.0000,0.005986,2.085318,0.007781,0.005986,-0.004788,0.00,1,0.00,16.204628,84.977,2.512,0.000,0.000,0.000,0.000
16.244543,16.7871,-1333.7402,0,0.0000,0.005986,2.085377,0.004788,0.005986,-0.002394,0.00,1,0.00,16.214596,84.977,2.512,0.000,0.000,0.000,0.000
16.254536,16.7871,-1333.7402,0,0.0000,0.005986,2.085437,0.001796,0.005986,-0.003591,0.00,1,0.00,16.224588,84.977,2.512,0.000,0.000,0.000,0.000
16.264507,16.7871,-1333.7402,0,0.0000,0.009577,2.085533,0.000000,0.009577,0.000000,0.00,1,0.00,16.224588,84.977,2.512,0.000,0.000,0.000,0.000
16.274494,16.6992,-1333.8281,0,0.0000,0.012570,2.085659,0.000000,0.012570,-0.001796,0.00,1,0.00,16.244543,84.977,2.512,0.000,0.000,0.000,0.000
16.284487,16.8750,-1333.6523,0,0.0000,0.009577,2.085754,-0.001197,0.009577,-0.004190,0.00,1,0.00,16.264507,84.977,2.512,0.000,0.000,0.000,0.000
16.294456,16.7871,-1333.7402,0,0.0000,0.008978,2.085844,0.000000,0.008978,-0.005986,0.00,1,0.00,16.264507,84.977,2.512,0.000,0.000,0.000,0.000
16.304447,16.6992,-1333.8281,0,0.0000,0.005986,2.085903,0.000000,0.005986,-0.003591,0.00,1,0.00,16.274494,84.977,2.512,0.000,0.000,0.000,0.000
16.314421,16.7871,-1333.7402,0,0.0000,0.004190,2.085945,0.000000,0.004190,-0.000599,0.00,1,0.00,16.274494,84.977,2.512,0.000,0.000,0.000,0.000
16.324406,16.6992,-1333.8281,0,0.0000,0.003591,2.085981,0.000000,0.003591,-0.000599,0.00,1,0.00,16.294456,84.977,2.512,0.000,0.000,0.000,0.000
16.334389,16.8750,-1333.6523,0,0.0000,0.004190,2.086023,0.001197,0.004190,-0.004190,0.00,1,0.00,16.294456,84.977,2.512,0.000,0.000,0.000,0.000
16.344366,16.7871,-1333.7402,0,0.0000,0.002394,2.086046,0.004788,0.002394,-0.003591,0.00,1,0.00,16.304447,84.977,2.512,0.000,0.000,0.000,0.000
16.354359,16.7871,-1333.7402,0,0.0000,0.003591,2.086082,0.005986,0.003591,-0.002394,0.00,1,0.00,16.324406,84.977,2.512,0.000,0.000,0.000,0.000
16.364374,16.7871,-1333.7402,0,0.0000,0.001796,2.086100,0.007183,0.001796,-0.002394,0.00,1,0.00,16.324406,84.977,2.512,0.000,0.000,0.000,0.000
16.374380,16.7871,-1333.7402,0,0.0000,0.004788,2.086148,0.008978,0.004788,0.000599,0.00,1,0.00,16.344366,84.977,2.512,0.000,0.000,0.000,0.000
16.384352,16.8750,-1333.6523,0,0.0000,0.007183,2.086220,0.006584,0.007183,0.001197,0.00,1,0.00,16.344366,84.977,2.512,0.000,0.000,0.000,0.000
16.394337,16.6992,-1333.8281,0,0.0000,0.008978,2.086309,0.004788,0.008978,0.001796,0.00,1,0.00,16.374380,84.977,2.512,0.000,0.000,0.000,0.000
16.404341,16.7871,-1333.7402,0,0.0000,0.010175,2.086411,0.004788,0.010175,0.002993,0.00,1,0.00,16.384352,84.977,2.512,0.000,0.000,0.000,0.000
16.414307,16.6992,-1333.8281,0,0.0000,0.011372,2.086524,0.000000,0.011372,0.005387,0.00,1,0.00,16.384352,84.977,2.512,0.000,0.000,0.000,0.000
16.424299,16.7871,-1333.7402,0,0.0000,0.013168,2.086656,-0.001197,0.013168,0.006584,0.00,1,0.00,16.394337,84.977,2.512,0.000,0.000,0.000,0.000
16.434290,16.7871,-1333.7402,0,0.0000,0.012570,2.086782,-0.001197,0.012570,0.007781,0.00,1,0.00,16.414307,84.977,2.512,0.000,0.000,0.000,0.000
16.444263,16.7871,-1333.7402,0,0.0000,0.011971,2.086901,0.000000,0.011971,0.005986,0.00,1,0.00,16.414307,84.977,2.512,0.000,0.000,0.000,0.000
16.454252,16.6992,-1333.8281,0,0.0000,0.012570,2.087027,0.000000,0.012570,0.002394,0.00,1,0.00,16.424299,84.977,2.512,0.000,0.000,0.000,0.000
16.464224,16.7871,-1333.7402,0,0.0000,0.011372,2.087140,0.000000,0.011372,0.001796,0.00,1,0.00,16.424299,84.977,2.512,0.000,0.000,0.000,0.000
16.474213,16.6992,-1333.8281,0,0.0000,0.009577,2.087236,0.004190,0.009577,0.002993,0.00,1,0.00,16.444263,84.977,2.512,0.000,0.000,0.000,0.000
16.484205,16.7871,-1333.7402,0,0.0000,0.006584,2.087301,0.002993,0.006584,0.001197,0.00,1,0.00,16.454252,84.977,2.512,0.000,0.000,0.000,0.000
16.494175,16.7871,-1333.7402,0,0.0000,0.006584,2.087367,0.002993,0.006584,0.001197,0.00,1,0.00,16.454252,84.977,2.512,0.000,0.000,0.000,0.000
16.504162,16.7871,-1333.7402,0,0.0000,0.005387,2.087421,0.004190,0.005387,0.002993,0.00,1,0.00,16.474213,84.977,2.512,0.000,0.000,0.000,0.000
16.514160,16.7871,-1333.7402,0,0.0000,0.007183,2.087493,0.001796,0.007183,0.000599,0.00,1,0.00,16.494175,84.977,2.512,0.000,0.000,0.000,0.000
16.524134,16.7871,-1333.7402,0,0.0000,0.008978,2.087582,0.000000,0.008978,0.000000,0.00,1,0.00,16.494175,84.977,2.512,0.000,0.000,0.000,0.000
16.534122,16.8750,-1333.6523,0,0.0000,0.006584,2.087648,-0.004190,0.006584,-0.004190,0.00,1,0.00,16.504162,84.977,2.512,0.000,0.000,0.000,0.000
16.544106,16.7871,-1333.7402,0,0.0000,0.010774,2.087756,-0.005387,0.010774,-0.005387,0.00,1,0.00,16.504162,84.977,2.512,0.000,0.000,0.000,0.000
16.554089,16.6992,-1333.8281,0,0.0000,0.010774,2.087863,-0.004788,0.010774,-0.006584,0.00,1,0.00,16.514160,84.977,2.512,0.000,0.000,0.000,0.000
16.564077,16.7871,-1333.7402,0,0.0000,0.011372,2.087977,-0.003591,0.011372,-0.006584,0.00,1,0.00,16.534122,84.977,2.512,0.000,0.000,0.000,0.000
16.574047,16.6992,-1333.8281,0,0.0000,0.011971,2.088096,-0.003591,0.011971,-0.007183,0.00,1,0.00,16.534122,84.977,2.512,0.000,0.000,0.000,0.000
16.584042,16.8750,-1333.6523,0,0.0000,0.010175,2.088198,-0.001197,0.010175,-0.006584,0.00,1,0.00,16.554089,84.977,2.512,0.000,0.000,0.000,0.000
16.594034,16.7871,-1333.7402,0,0.0000,0.008380,2.088281,0.000000,0.008380,-0.005387,0.00,1,0.00,16.564077,84.977,2.512,0.000,0.000,0.000,0.000
16.604002,16.7871,-1333.7402,0,0.0000,0.006584,2.088347,0.000000,0.006584,-0.002394,0.00,1,0.00,16.564077,84.977,2.512,0.000,0.000,0.000,0.000
16.613993,16.6992,-1333.8281,0,0.0000,0.005387,2.088401,0.002993,0.005387,-0.002394,0.00,1,0.00,16.584042,84.977,2.512,0.000,0.000,0.000,0.000
16.623985,16.6992,-1333.8281,0,0.0000,0.008380,2.088485,0.006584,0.008380,-0.002993,0.00,1,0.00,16.604002,84.977,2.512,0.000,0.000,0.000,0.000
16.633953,16.7871,-1333.7402,0,0.0000,0.009577,2.088580,0.011372,0.009577,-0.002993,0.00,1,0.00,16.604002,84.977,2.512,0.000,0.000,0.000,0.000
16.643946,16.7871,-1333.7402,0,0.0000,0.006584,2.088646,0.011971,0.006584,0.000000,0.00,1,0.00,16.613993,84.977,2.512,0.000,0.000,0.000,0.000
16.653927,16.7871,-1333.7402,0,0.0000,0.007781,2.088723,0.010774,0.007781,-0.001796,0.00,1,0.00,16.613993,84.977,2.512,0.000,0.000,0.000,0.000
16.663908,16.7871,-1333.7402,0,0.0000,0.007781,2.088801,0.007183,0.007781,-0.005387,0.00,1,0.00,16.643946,84.977,2.512,0.000,0.000,0.000,0.000
16.673901,16.6992,-1333.8281,0,0.0000,0.007183,2.088873,0.002993,0.007183,-0.005387,0.00,1,0.00,16.653927,84.977,2.512,0.000,0.000,0.000,0.000
16.683876,16.8750,-1333.6523,0,0.0000,0.006584,2.088938,0.001197,0.006584,-0.006584,0.00,1,0.00,16.653927,84.977,2.512,0.000,0.000,0.000,0.000
16.693861,16.6992,-1333.8281,0,0.0000,0.008978,2.089028,0.000000,0.008978,-0.002993,0.00,1,0.00,16.663908,84.977,2.512,0.000,0.000,0.000,0.000
16.703852,16.7871,-1333.7402,0,0.0000,0.008978,2.089118,-0.002394,0.008978,-0.002394,0.00,1,0.00,16.673901,84.977,2.512,0.000,0.000,0.000,0.000
16.713818,16.7871,-1333.7402,0,0.0000,0.009577,2.089213,-0.002993,0.009577,0.000000,0.00,1,0.00,16.673901,84.977,2.512,0.000,0.000,0.000,0.000
16.723810,16.7871,-1333.7402,0,0.0000,0.007183,2.089285,-0.005387,0.007183,-0.002394,0.00,1,0.00,16.693861,84.977,2.512,0.000,0.000,0.000,0.000
16.733801,16.7871,-1333.7402,0,0.0000,0.005387,2.089339,-0.004788,0.005387,-0.003591,0.00,1,0.00,16.713818,84.977,2.512,0.000,0.000,0.000,0.000
16.743771,16.6992,-1333.8281,0,0.0000,0.007781,2.089416,-0.002993,0.007781,-0.007183,0.00,1,0.00,16.713818,84.977,2.512,0.000,0.000,0.000,0.000
16.753754,16.6992,-1333.8281,0,0.0000,0.008978,2.089506,-0.001796,0.008978,-0.007183,0.00,1,0.00,16.723810,84.977,2.512,0.000,0.000,0.000,0.000
16.763748,16.6992,-1333.8281,0,0.0000,0.007183,2.089578,0.000000,0.007183,-0.005986,0.00,1,0.00,16.733801,84.977,2.512,0.000,0.000,0.000,0.000
16.773718,16.7871,-1333.7402,0,0.0000,0.006584,2.089643,0.002394,0.006584,-0.003591,0.00,1,0.00,16.733801,84.977,2.512,0.000,0.000,0.000,0.000
16.783705,16.7871,-1333.7402,0,0.0000,0.004788,2.089691,0.005986,0.004788,-0.004788,0.00,1,0.00,16.753754,84.977,2.512,0.000,0.000,0.000,0.000
16.793703,16.7871,-1333.7402,0,0.0000,0.004190,2.089733,0.008380,0.004190,-0.007183,0.00,1,0.00,16.763748,84.977,2.512,0.000,0.000,0.000,0.000
16.803677,16.7871,-1333.7402,0,0.0000,0.007781,2.089811,0.007183,0.007781,-0.006584,0.00,1,0.00,16.763748,84.977,2.512,0.000,0.000,0.000,0.000
16.813660,16.7871,-1333.7402,0,0.0000,0.008978,2.089900,0.001796,0.008978,-0.006584,0.00,1,0.00,16.783705,84.977,2.512,0.000,0.000,0.000,0.000
16.823652,16.6992,-1333.8281,0,0.0000,0.010774,2.090008,0.000599,0.010774,-0.007183,0.00,1,0.00,16.793703,84.977,2.512,0.000,0.000,0.000,0.000
16.833652,16.7871,-1333.7402,0,0.0000,0.015562,2.090164,-0.000599,0.015562,-0.003591,0.00,1,0.00,16.813660,84.977,2.512,0.000,0.000,0.000,0.000
16.843620,16.6992,-1333.8281,0,0.0000,0.016759,2.090331,-0.007183,0.016759,-0.002394,0.00,1,0.00,16.813660,84.977,2.512,0.000,0.000,0.000,0.000
16.853607,16.7871,-1333.7402,0,0.0000,0.016759,2.090498,-0.010774,0.016759,-0.002394,0.00,1,0.00,16.833652,84.977,2.512,0.000,0.000,0.000,0.000
16.863567,16.6992,-1333.8281,0,0.0000,0.012570,2.090624,-0.010774,0.012570,-0.001197,0.00,1,0.00,16.843620,84.977,2.512,0.000,0.000,0.000,0.000
16.873554,16.8750,-1333.6523,0,0.0000,0.013168,2.090755,-0.013168,0.013168,-0.002993,0.00,1,0.00,16.843620,84.977,2.512,0.000,0.000,0.000,0.000
16.883539,16.7871,-1333.7402,0,0.0000,0.012570,2.090881,-0.011971,0.012570,-0.002394,0.00,1,0.00,16.853607,84.977,2.512,0.000,0.000,0.000,0.000
16.893530,16.7871,-1333.7402,0,0.0000,0.012570,2.091006,-0.005986,0.012570,-0.002993,0.00,1,0.00,16.873554,84.977,2.512,0.000,0.000,0.000,0.000
16.903509,16.7871,-1333.7402,0,0.0000,0.013767,2.091144,-0.000599,0.013767,-0.002394,0.00,1,0.00,16.873554,84.977,2.512,0.000,0.000,0.000,0.000
16.913500,16.7871,-1333.7402,0,0.0000,0.012570,2.091269,0.000599,0.012570,-0.000599,0.00,1,0.00,16.893530,84.977,2.512,0.000,0.000,0.000,0.000
16.923473,16.8750,-1333.6523,0,0.0000,0.008380,2.091353,0.002394,0.008380,0.001796,0.00,1,0.00,16.893530,84.977,2.512,0.000,0.000,0.000,0.000
16.933462,16.7871,-1333.7402,0,0.0000,0.007183,2.091425,0.001197,0.007183,0.001796,0.00,1,0.00,16.903509,84.977,2.512,0.000,0.000,0.000,0.000
16.943453,16.7871,-1333.7402,0,0.0000,0.005387,2.091479,0.003591,0.005387,-0.000599,0.00,1,0.00,16.923473,84.977,2.512,0.000,0.000,0.000,0.000
16.953423,16.6992,-1333.8281,0,0.0000,0.004788,2.091526,0.004190,0.004788,-0.005387,0.00,1,0.00,16.923473,84.977,2.512,0.000,0.000,0.000,0.000
16.963411,16.6992,-1333.8281,0,0.0000,0.002394,2.091550,0.001197,0.002394,-0.008380,0.00,1,0.00,16.933462,84.977,2.512,0.000,0.000,0.000,0.000
16.973387,16.7871,-1333.7402,0,0.0000,0.001197,2.091562,0.000599,0.001197,-0.005387,0.00,1,0.00,16.933462,84.977,2.512,0.000,0.000,0.000,0.000
16.983372,16.7871,-1333.7402,0,0.0000,0.000000,2.091562,-0.002394,0.000000,-0.002394,0.00,1,0.00,16.963411,84.977,2.512,0.000,0.000,0.000,0.000
16.993362,16.7871,-1333.7402,0,0.0000,0.000000,2.091562,-0.004788,0.000000,0.000000,0.00,1,0.00,16.973387,84.977,2.512,0.000,0.000,0.000,0.000
17.003336,16.6992,-1333.8281,0,0.0000,0.000000,2.091562,-0.007781,0.000000,0.000000,0.00,1,0.00,16.973387,84.977,2.512,0.000,0.000,0.000,0.000
17.013325,16.7871,-1333.7402,0,0.0000,0.004190,2.091604,-0.007781,0.004190,0.000000,0.00,1,0.00,16.983372,84.977,2.512,0.000,0.000,0.000,0.000
17.023315,16.7871,-1333.7402,0,0.0000,0.006584,2.091670,-0.009577,0.006584,0.000000,0.00,1,0.00,16.993362,84.977,2.512,0.000,0.000,0.000,0.000
17.033279,16.7871,-1333.7402,0,0.0000,0.007781,2.091747,-0.010175,0.007781,0.000000,0.00,1,0.00,16.993362,84.977,2.512,0.000,0.000,0.000,0.000
17.043255,16.6992,-1333.8281,0,0.0000,0.009577,2.091843,-0.008380,0.009577,-0.002993,0.00,1,0.00,16.993362,84.977,2.512,0.000,0.000,0.000,0.000
17.053244,16.7871,-1333.7402,0,0.0000,0.012570,2.091969,-0.002394,0.012570,-0.002394,0.00,1,0.00,17.033279,84.977,2.512,0.000,0.000,0.000,0.000
17.063208,16.7871,-1333.7402,0,0.0000,0.014365,2.092112,0.000000,0.014365,-0.005986,0.00,1,0.00,17.033279,84.977,2.512,0.000,0.000,0.000,0.000
17.073179,16.7871,-1333.7402,0,0.0000,0.013767,2.092249,0.001197,0.013767,-0.007781,0.00,1,0.00,17.033279,84.977,2.512,0.000,0.000,0.000,0.000
17.083172,16.7871,-1333.7402,0,0.0000,0.015562,2.092404,0.005387,0.015562,-0.010175,0.00,1,0.00,17.063208,84.977,2.512,0.000,0.000,0.000,0.000
17.093271,16.7871,-1333.7402,0,0.0000,0.015562,2.092561,0.007183,0.015562,-0.008380,0.00,1,0.00,17.063208,84.977,2.512,0.000,0.000,0.000,0.000
17.103239,16.7871,-1333.7402,0,0.0000,0.011372,2.092675,0.009577,0.011372,-0.007183,0.00,1,0.00,17.063208,84.977,2.512,0.000,0.000,0.000,0.000
17.113234,16.7871,-1333.7402,0,0.0000,0.008978,2.092764,0.009577,0.008978,-0.006584,0.00,1,0.00,17.093271,84.977,2.512,0.000,0.000,0.000,0.000
17.123199,16.7871,-1333.7402,0,0.0000,0.005387,2.092818,0.006584,0.005387,-0.007183,0.00,1,0.00,17.093271,84.977,2.512,0.000,0.000,0.000,0.000
17.133192,16.7871,-1333.7402,0,0.0000,0.003591,2.092854,0.001796,0.003591,-0.005387,0.00,1,0.00,17.103239,84.977,2.512,0.000,0.000,0.000,0.000
17.143166,16.7871,-1333.7402,0,0.0000,0.005986,2.092913,-0.002993,0.005986,-0.002394,0.00,1,0.00,17.103239,84.977,2.512,0.000,0.000,0.000,0.000
17.153156,16.6992,-1333.8281,0,0.0000,0.001197,2.092925,-0.006584,0.001197,-0.001197,0.00,1,0.00,17.133192,84.977,2.512,0.000,0.000,0.000,0.000
17.163013,16.7871,-1333.7402,0,0.0000,0.001197,2.092937,-0.007781,0.001197,0.002993,0.00,1,0.00,17.143166,84.977,2.512,0.000,0.000,0.000,0.000
17.173113,16.6992,-1333.8281,0,0.0000,0.002993,2.092967,-0.010175,0.002993,0.003591,0.00,1,0.00,17.143166,84.977,2.512,0.000,0.000,0.000,0.000
17.183107,16.6992,-1333.8281,0,0.0000,0.000000,2.092967,-0.010175,0.000000,0.000599,0.00,1,0.00,17.153156,84.977,2.512,0.000,0.000,0.000,0.000
17.193100,16.7871,-1333.7402,0,0.0000,0.000000,2.092967,-0.007781,0.000000,0.000599,0.00,1,0.00,17.173113,84.977,2.512,0.000,0.000,0.000,0.000
17.203068,16.7871,-1333.7402,0,0.0000,0.001796,2.092985,-0.001197,0.001796,0.000000,0.00,1,0.00,17.173113,84.977,2.512,0.000,0.000,0.000,0.000
17.213057,16.7871,-1333.7402,0,0.0000,0.001796,2.093003,0.001197,0.001796,0.000000,0.00,1,0.00,17.183107,84.977,2.512,0.000,0.000,0.000,0.000
17.222918,16.6992,-1333.8281,0,0.0000,0.003591,2.093039,0.004190,0.003591,0.002993,0.00,1,0.00,17.203068,84.977,2.512,0.000,0.000,0.000,0.000
17.233019,16.7871,-1333.7402,0,0.0000,0.006584,2.093105,0.007183,0.006584,0.000599,0.00,1,0.00,17.203068,84.977,2.512,0.000,0.000,0.000,0.000
17.243010,16.8750,-1333.6523,0,0.0000,0.007781,2.093183,0.011372,0.007781,0.003591,0.00,1,0.00,17.213057,84.977,2.512,0.000,0.000,0.000,0.000
17.252993,16.7871,-1333.7402,0,0.0000,0.007781,2.093261,0.011971,0.007781,0.002993,0.00,1,0.00,17.213057,84.977,2.512,0.000,0.000,0.000,0.000
17.262976,16.7871,-1333.7402,0,0.0000,0.011971,2.093380,0.010774,0.011971,0.001197,0.00,1,0.00,17.233019,84.977,2.512,0.000,0.000,0.000,0.000
17.272968,16.7871,-1333.7402,0,0.0000,0.011372,2.093494,0.004190,0.011372,0.000000,0.00,1,0.00,17.243010,84.977,2.512,0.000,0.000,0.000,0.000
17.282944,16.7871,-1333.7402,0,0.0000,0.010175,2.093595,0.000000,0.010175,0.001197,0.00,1,0.00,17.243010,84.977,2.512,0.000,0.000,0.000,0.000
17.292933,16.7871,-1333.7402,0,0.0000,0.011372,2.093709,-0.002394,0.011372,0.002394,0.00,1,0.00,17.262976,84.977,2.512,0.000,0.000,0.000,0.000
17.302792,16.6992,-1333.8281,0,0.0000,0.010175,2.093809,-0.004190,0.010175,0.001796,0.00,1,0.00,17.272968,84.977,2.512,0.000,0.000,0.000,0.000
17.312901,16.7871,-1333.7402,0,0.0000,0.010175,2.093912,-0.008380,0.010175,0.005387,0.00,1,0.00,17.272968,84.977,2.512,0.000,0.000,0.000,0.000
17.322756,16.6992,-1333.8281,0,0.0000,0.009577,2.094006,-0.010175,0.009577,0.003591,0.00,1,0.00,17.292933,84.977,2.512,0.000,0.000,0.000,0.000
17.332880,16.6992,-1333.8281,0,0.0000,0.006584,2.094073,-0.011372,0.006584,0.000000,0.00,1,0.00,17.302792,84.977,2.512,0.000,0.000,0.000,0.000
17.342852,16.6992,-1333.8281,0,0.0000,0.003591,2.094109,-0.011372,0.003591,-0.002993,0.00,1,0.00,17.302792,84.977,2.512,0.000,0.000,0.000,0.000
17.352837,16.6992,-1333.8281,0,0.0000,0.002394,2.094133,-0.008978,0.002394,-0.003591,0.00,1,0.00,17.322756,84.977,2.512,0.000,0.000,0.000,0.000
17.362722,16.7871,-1333.7402,0,0.0000,0.001796,2.094150,-0.005986,0.001796,-0.002993,0.00,1,0.00,17.332880,84.977,2.512,0.000,0.000,0.000,0.000
17.372765,16.7871,-1333.7402,0,0.0000,0.001197,2.094162,0.000000,0.001197,-0.000599,0.00,1,0.00,17.332880,84.977,2.512,0.000,0.000,0.000,0.000
17.382751,16.6992,-1333.8281,0,0.0000,0.000000,2.094162,0.000000,0.000000,-0.000599,0.00,1,0.00,17.352837,84.977,2.512,0.000,0.000,0.000,0.000
17.392742,16.6992,-1333.8281,0,0.0000,0.002993,2.094192,0.000000,0.002993,0.000000,0.00,1,0.00,17.352837,84.977,2.512,0.000,0.000,0.000,0.000
17.402719,16.7871,-1333.7402,0,0.0000,0.006584,2.094258,0.000000,0.006584,-0.001796,0.00,1,0.00,17.372765,84.977,2.512,0.000,0.000,0.000,0.000
17.412712,16.7871,-1333.7402,0,0.0000,0.008380,2.094342,0.002993,0.008380,-0.000599,0.00,1,0.00,17.392742,84.977,2.512,0.000,0.000,0.000,0.000
17.422676,16.7871,-1333.7402,0,0.0000,0.008978,2.094431,0.005387,0.008978,-0.001796,0.00,1,0.00,17.392742,84.977,2.512,0.000,0.000,0.000,0.000
17.432669,16.7871,-1333.7402,0,0.0000,0.008978,2.094521,0.007781,0.008978,-0.005986,0.00,1,0.00,17.402719,84.977,2.512,0.000,0.000,0.000,0.000
17.442659,16.8750,-1333.6523,0,0.0000,0.010175,2.094622,0.007183,0.010175,-0.009577,0.00,1,0.00,17.422676,84.977,2.512,0.000,0.000,0.000,0.000
17.452627,16.7871,-1333.7402,0,0.0000,0.010774,2.094729,0.004190,0.010774,-0.003591,0.00,1,0.00,17.422676,84.977,2.512,0.000,0.000,0.000,0.000
17.462620,16.7871,-1333.7402,0,0.0000,0.010774,2.094837,0.002993,0.010774,-0.001796,0.00,1,0.00,17.442659,84.977,2.512,0.000,0.000,0.000,0.000
17.472616,16.6992,-1333.8281,0,0.0000,0.010175,2.094939,0.004190,0.010175,-0.003591,0.00,1,0.00,17.452627,84.977,2.512,0.000,0.000,0.000,0.000
17.482584,16.8750,-1333.6523,0,0.0000,0.011372,2.095052,0.002993,0.011372,0.000000,0.00,1,0.00,17.452627,84.977,2.512,0.000,0.000,0.000,0.000
17.492575,16.6992,-1333.8281,0,0.0000,0.012570,2.095178,0.001197,0.012570,0.000000,0.00,1,0.00,17.462620,84.977,2.512,0.000,0.000,0.000,0.000
17.502567,16.6992,-1333.8281,0,0.0000,0.010774,2.095285,0.000000,0.010774,-0.002394,0.00,1,0.00,17.472616,84.977,2.512,0.000,0.000,0.000,0.000
17.512535,16.7871,-1333.7402,0,0.0000,0.011372,2.095399,-0.001796,0.011372,-0.003591,0.00,1,0.00,17.472616,84.977,2.512,0.000,0.000,0.000,0.000
17.522528,16.7871,-1333.7402,0,0.0000,0.014365,2.095542,-0.004788,0.014365,-0.005387,0.00,1,0.00,17.492575,84.977,2.512,0.000,0.000,0.000,0.000
17.532503,16.6992,-1333.8281,0,0.0000,0.014964,2.095691,-0.006584,0.014964,-0.003591,0.00,1,0.00,17.492575,84.977,2.512,0.000,0.000,0.000,0.000
17.542488,16.6992,-1333.8281,0,0.0000,0.013767,2.095829,-0.007183,0.013767,-0.001197,0.00,1,0.00,17.512535,84.977,2.512,0.000,0.000,0.000,0.000
17.552477,16.7871,-1333.7402,0,0.0000,0.010774,2.095936,-0.004190,0.010774,-0.006584,0.00,1,0.00,17.522528,84.977,2.512,0.000,0.000,0.000,0.000
17.562452,16.8750,-1333.6523,0,0.0000,0.010175,2.096038,-0.002394,0.010175,-0.007781,0.00,1,0.00,17.522528,84.977,2.512,0.000,0.000,0.000,0.000
17.572435,16.7871,-1333.7402,0,0.0000,0.008978,2.096128,0.000000,0.008978,-0.001197,0.00,1,0.00,17.542488,84.977,2.512,0.000,0.000,0.000,0.000
17.582428,16.7871,-1333.7402,0,0.0000,0.002993,2.096157,0.000000,0.002993,-0.004190,0.00,1,0.00,17.552477,84.977,2.512,0.000,0.000,0.000,0.000
17.592421,16.7871,-1333.7402,0,0.0000,0.001197,2.096169,0.001197,0.001197,-0.000599,0.00,1,0.00,17.572435,84.977,2.512,0.000,0.000,0.000,0.000
17.602392,16.7871,-1333.7402,0,0.0000,0.002394,2.096193,0.000599,0.002394,-0.001796,0.00,1,0.00,17.572435,84.977,2.512,0.000,0.000,0.000,0.000
17.612385,16.7871,-1333.7402,0,0.0000,0.004190,2.096235,-0.002993,0.004190,-0.001796,0.00,1,0.00,17.582428,84.977,2.512,0.000,0.000,0.000,0.000
17.622372,16.6992,-1333.8281,0,0.0000,0.004788,2.096283,0.000000,0.004788,-0.000599,0.00,1,0.00,17.592421,84.977,2.512,0.000,0.000,0.000,0.000
17.632345,16.7871,-1333.7402,0,0.0000,0.004190,2.096325,0.000000,0.004190,-0.002394,0.00,1,0.00,17.592421,84.977,2.512,0.000,0.000,0.000,0.000
17.642334,16.7871,-1333.7402,0,0.0000,0.007183,2.096396,-0.002993,0.007183,-0.001197,0.00,1,0.00,17.612385,84.977,2.512,0.000,0.000,0.000,0.000
17.652325,16.7871,-1333.7402,0,0.0000,0.006584,2.096462,-0.005986,0.006584,-0.005986,0.00,1,0.00,17.622372,84.977,2.512,0.000,0.000,0.000,0.000
17.662296,16.7871,-1333.7402,0,0.0000,0.007781,2.096540,-0.005387,0.007781,-0.005387,0.00,1,0.00,17.622372,84.977,2.512,0.000,0.000,0.000,0.000
17.672277,16.6992,-1333.8281,0,0.0000,0.008380,2.096623,-0.006584,0.008380,-0.005986,0.00,1,0.00,17.642334,84.977,2.512,0.000,0.000,0.000,0.000
17.682272,16.6992,-1333.8281,0,0.0000,0.009577,2.096719,-0.004190,0.009577,-0.002993,0.00,1,0.00,17.652325,84.977,2.512,0.000,0.000,0.000,0.000
17.692240,16.7871,-1333.7402,0,0.0000,0.010774,2.096826,-0.001796,0.010774,-0.001197,0.00,1,0.00,17.652325,84.977,2.512,0.000,0.000,0.000,0.000
17.702229,16.7871,-1333.7402,0,0.0000,0.008380,2.096910,0.000000,0.008380,-0.001197,0.00,1,0.00,17.672277,84.977,2.512,0.000,0.000,0.000,0.000
17.712223,16.6992,-1333.8281,0,0.0000,0.004788,2.096958,0.002993,0.004788,-0.002394,0.00,1,0.00,17.692240,84.977,2.512,0.000,0.000,0.000,0.000
17.722193,16.7871,-1333.7402,0,0.0000,0.002993,2.096988,0.005387,0.002993,-0.001197,0.00,1,0.00,17.692240,84.977,2.512,0.000,0.000,0.000,0.000
17.732180,16.7871,-1333.7402,0,0.0000,0.002394,2.097012,0.004190,0.002394,-0.002993,0.00,1,0.00,17.702229,84.977,2.512,0.000,0.000,0.000,0.000
17.742168,16.7871,-1333.7402,0,0.0000,0.002394,2.097035,0.001796,0.002394,-0.004190,0.00,1,0.00,17.712223,84.977,2.512,0.000,0.000,0.000,0.000
17.752140,16.7871,-1333.7402,0,0.0000,0.003591,2.097071,0.004190,0.003591,-0.004190,0.00,1,0.00,17.712223,84.977,2.512,0.000,0.000,0.000,0.000
17.762129,16.6992,-1333.8281,0,0.0000,0.003591,2.097107,0.003591,0.003591,-0.004190,0.00,1,0.00,17.732180,84.977,2.512,0.000,0.000,0.000,0.000
17.772120,16.7871,-1333.7402,0,0.0000,0.005986,2.097167,0.001796,0.005986,-0.004788,0.00,1,0.00,17.752140,84.977,2.512,0.000,0.000,0.000,0.000
17.782087,16.7871,-1333.7402,0,0.0000,0.003591,2.097203,0.000000,0.003591,-0.007781,0.00,1,0.00,17.752140,84.977,2.512,0.000,0.000,0.000,0.000
17.792080,16.6992,-1333.8281,0,0.0000,0.004788,2.097250,0.000000,0.004788,-0.007781,0.00,1,0.00,17.762129,84.977,2.512,0.000,0.000,0.000,0.000
17.802073,16.7871,-1333.7402,0,0.0000,0.004788,2.097298,-0.000599,0.004788,-0.002394,0.00,1,0.00,17.782087,84.977,2.512,0.000,0.000,0.000,0.000
17.812037,16.7871,-1333.7402,0,0.0000,0.002993,2.097328,-0.002394,0.002993,-0.002993,0.00,1,0.00,17.782087,84.977,2.512,0.000,0.000,0.000,0.000
17.822027,16.6992,-1333.8281,0,0.0000,0.003591,2.097364,-0.003591,0.003591,-0.001197,0.00,1,0.00,17.792080,84.977,2.512,0.000,0.000,0.000,0.000
17.832003,16.6992,-1333.8281,0,0.0000,0.006584,2.097430,-0.004788,0.006584,0.000000,0.00,1,0.00,17.792080,84.977,2.512,0.000,0.000,0.000,0.000
17.841984,16.7871,-1333.7402,0,0.0000,0.007781,2.097507,-0.004788,0.007781,0.000599,0.00,1,0.00,17.812037,84.977,2.512,0.000,0.000,0.000,0.000
17.851976,16.6992,-1333.8281,0,0.0000,0.010774,2.097615,-0.002394,0.010774,-0.000599,0.00,1,0.00,17.832003,84.977,2.512,0.000,0.000,0.000,0.000
17.861927,16.7871,-1333.7402,0,0.0000,0.010774,2.097723,0.000000,0.010774,-0.001796,0.00,1,0.00,17.832003,84.977,2.512,0.000,0.000,0.000,0.000
17.871923,16.8750,-1333.6523,0,0.0000,0.008978,2.097812,0.000599,0.008978,0.000000,0.00,1,0.00,17.841984,84.977,2.512,0.000,0.000,0.000,0.000
17.881916,16.7871,-1333.7402,0,0.0000,0.007781,2.097890,0.001796,0.007781,0.000599,0.00,1,0.00,17.851976,84.977,2.512,0.000,0.000,0.000,0.000
17.891901,16.7871,-1333.7402,0,0.0000,0.006584,2.097956,0.000599,0.006584,-0.001197,0.00,1,0.00,17.851976,84.977,2.512,0.000,0.000,0.000,0.000
17.901884,16.7871,-1333.7402,0,0.0000,0.002394,2.097980,0.000599,0.002394,0.000000,0.00,1,0.00,17.871923,84.977,2.512,0.000,0.000,0.000,0.000
17.911877,16.7871,-1333.7402,0,0.0000,0.001796,2.097998,0.001197,0.001796,0.000000,0.00,1,0.00,17.881916,84.977,2.512,0.000,0.000,0.000,0.000
17.921844,16.7871,-1333.7402,0,0.0000,0.003591,2.098033,0.000000,0.003591,-0.001197,0.00,1,0.00,17.881916,84.977,2.512,0.000,0.000,0.000,0.000
17.931835,16.7871,-1333.7402,0,0.0000,0.002993,2.098063,0.000599,0.002993,-0.001197,0.00,1,0.00,17.901884,84.977,2.512,0.000,0.000,0.000,0.000
17.941824,16.7871,-1333.7402,0,0.0000,0.002394,2.098087,0.000000,0.002394,-0.002394,0.00,1,0.00,17.911877,84.977,2.512,0.000,0.000,0.000,0.000
17.951794,16.7871,-1333.7402,0,0.0000,0.000599,2.098093,0.000000,0.000599,-0.003591,0.00,1,0.00,17.911877,84.977,2.512,0.000,0.000,0.000,0.000
17.961784,16.7871,-1333.7402,0,0.0000,0.003591,2.098129,-0.000599,0.003591,0.000599,0.00,1,0.00,17.931835,84.977,2.512,0.000,0.000,0.000,0.000
17.971775,16.7871,-1333.7402,0,0.0000,0.005387,2.098183,-0.002993,0.005387,0.000599,0.00,1,0.00,17.951794,84.977,2.512,0.000,0.000,0.000,0.000
17.981749,16.7871,-1333.7402,0,0.0000,0.007183,2.098254,-0.005387,0.007183,0.000599,0.00,1,0.00,17.951794,84.977,2.512,0.000,0.000,0.000,0.000
17.991734,16.7871,-1333.7402,0,0.0000,0.006584,2.098320,-0.005986,0.006584,0.000599,0.00,1,0.00,17.961784,84.977,2.512,0.000,0.000,0.000,0.000
18.001730,16.8750,-1333.6523,0,0.0000,0.007781,2.098398,-0.005387,0.007781,0.002394,0.00,1,0.00,17.971775,84.977,2.512,0.000,0.000,0.000,0.000
18.011698,16.7871,-1333.7402,0,0.0000,0.006584,2.098463,-0.002394,0.006584,-0.002993,0.00,1,0.00,17.971775,84.977,2.512,0.000,0.000,0.000,0.000
18.021687,16.7871,-1333.7402,0,0.0000,0.008380,2.098547,0.002993,0.008380,-0.002993,0.00,1,0.00,17.991734,84.977,2.512,0.000,0.000,0.000,0.000
18.031685,16.7871,-1333.7402,0,0.0000,0.008380,2.098631,0.006584,0.008380,-0.002993,0.00,1,0.00,18.011698,84.977,2.512,0.000,0.000,0.000,0.000
18.041653,16.6992,-1333.8281,0,0.0000,0.007183,2.098702,0.005387,0.007183,-0.000599,0.00,1,0.00,18.011698,84.977,2.512,0.000,0.000,0.000,0.000
18.051638,16.6992,-1333.8281,0,0.0000,0.005387,2.098756,0.005986,0.005387,-0.002993,0.00,1,0.00,18.021687,84.977,2.512,0.000,0.000,0.000,0.000
18.061630,16.7871,-1333.7402,0,0.0000,0.002394,2.098780,0.005387,0.002394,-0.001796,0.00,1,0.00,18.031685,84.977,2.512,0.000,0.000,0.000,0.000
18.071604,16.8750,-1333.6523,0,0.0000,0.001197,2.098792,0.004190,0.001197,0.003591,0.00,1,0.00,18.031685,84.977,2.512,0.000,0.000,0.000,0.000
18.081596,16.7871,-1333.7402,0,0.0000,0.003591,2.098828,0.003591,0.003591,0.000000,0.00,1,0.00,18.051638,84.977,2.512,0.000,0.000,0.000,0.000
18.091585,16.7871,-1333.7402,0,0.0000,0.004190,2.098870,0.001796,0.004190,-0.003591,0.00,1,0.00,18.061630,84.977,2.512,0.000,0.000,0.000,0.000
18.101559,16.6992,-1333.8281,0,0.0000,0.002993,2.098900,0.000000,0.002993,-0.004190,0.00,1,0.00,18.061630,84.977,2.512,0.000,0.000,0.000,0.000
18.111547,16.7871,-1333.7402,0,0.0000,0.000599,2.098906,-0.000599,0.000599,-0.002394,0.00,1,0.00,18.081596,84.977,2.512,0.000,0.000,0.000,0.000
18.121536,16.7871,-1333.7402,0,0.0000,0.002394,2.098929,-0.004788,0.002394,0.000000,0.00,1,0.00,18.091585,84.977,2.512,0.000,0.000,0.000,0.000
18.131508,16.7871,-1333.7402,0,0.0000,0.004788,2.098977,-0.007183,0.004788,-0.002993,0.00,1,0.00,18.091585,84.977,2.512,0.000,0.000,0.000,0.000
18.141493,16.7871,-1333.7402,0,0.0000,0.005986,2.099037,-0.009577,0.005986,-0.004190,0.00,1,0.00,18.111547,84.977,2.512,0.000,0.000,0.000,0.000
18.151484,16.7871,-1333.7402,0,0.0000,0.007183,2.099109,-0.006584,0.007183,-0.003591,0.00,1,0.00,18.121536,84.977,2.512,0.000,0.000,0.000,0.000
18.161455,16.6992,-1333.8281,0,0.0000,0.007183,2.099180,-0.004788,0.007183,-0.005986,0.00,1,0.00,18.121536,84.977,2.512,0.000,0.000,0.000,0.000
18.171440,16.7871,-1333.7402,0,0.0000,0.010774,2.099288,-0.003591,0.010774,-0.011971,0.00,1,0.00,18.141493,84.977,2.512,0.000,0.000,0.000,0.000
18.181437,16.6992,-1333.8281,0,0.0000,0.011372,2.099401,-0.002993,0.011372,-0.007183,0.00,1,0.00,18.151484,84.977,2.512,0.000,0.000,0.000,0.000
18.191404,16.7871,-1333.7402,0,0.0000,0.011971,2.099521,-0.001197,0.011971,-0.005986,0.00,1,0.00,18.151484,84.977,2.512,0.000,0.000,0.000,0.000
18.201391,16.7871,-1333.7402,0,0.0000,0.010774,2.099628,0.000599,0.010774,-0.008380,0.00,1,0.00,18.171440,84.977,2.512,0.000,0.000,0.000,0.000
18.211386,16.8750,-1333.6523,0,0.0000,0.008978,2.099718,0.000599,0.008978,-0.008978,0.00,1,0.00,18.181437,84.977,2.512,0.000,0.000,0.000,0.000
18.221355,16.7871,-1333.7402,0,0.0000,0.007781,2.099795,0.000000,0.007781,-0.009577,0.00,1,0.00,18.181437,84.977,2.512,0.000,0.000,0.000,0.000
18.231340,16.6992,-1333.8281,0,0.0000,0.007183,2.099867,0.000599,0.007183,-0.009577,0.00,1,0.00,18.201391,84.977,2.512,0.000,0.000,0.000,0.000
18.241333,16.7871,-1333.7402,0,0.0000,0.007183,2.099939,-0.001197,0.007183,-0.008380,0.00,1,0.00,18.211386,84.977,2.512,0.000,0.000,0.000,0.000
18.251308,16.7871,-1333.7402,0,0.0000,0.007781,2.100016,-0.000599,0.007781,-0.005387,0.00,1,0.00,18.211386,84.977,2.512,0.000,0.000,0.000,0.000
18.261295,16.7871,-1333.7402,0,0.0000,0.007781,2.100094,0.000000,0.007781,-0.003591,0.00,1,0.00,18.231340,84.977,2.512,0.000,0.000,0.000,0.000
18.271286,16.7871,-1333.7402,0,0.0000,0.004190,2.100136,0.000000,0.004190,-0.004788,0.00,1,0.00,18.241333,84.977,2.512,0.000,0.000,0.000,0.000
18.281260,16.8750,-1333.6523,0,0.0000,0.002993,2.100166,0.000000,0.002993,-0.004190,0.00,1,0.00,18.241333,84.977,2.512,0.000,0.000,0.000,0.000
18.291248,16.7871,-1333.7402,0,0.0000,0.002993,2.100196,-0.000599,0.002993,-0.004190,0.00,1,0.00,18.261295,84.977,2.512,0.000,0.000,0.000,0.000
18.301237,16.7871,-1333.7402,0,0.0000,0.001197,2.100208,-0.001796,0.001197,-0.002993,0.00,1,0.00,18.271286,84.977,2.512,0.000,0.000,0.000,0.000
18.311201,16.7871,-1333.7402,0,0.0000,0.001197,2.100219,-0.001197,0.001197,-0.005387,0.00,1,0.00,18.271286,84.977,2.512,0.000,0.000,0.000,0.000
18.321199,16.7871,-1333.7402,0,0.0000,0.002993,2.100249,-0.000599,0.002993,-0.004190,0.00,1,0.00,18.301237,84.977,2.512,0.000,0.000,0.000,0.000
18.331177,16.7871,-1333.7402,0,0.0000,0.002993,2.100279,0.000599,0.002993,-0.005387,0.00,1,0.00,18.301237,84.977,2.512,0.000,0.000,0.000,0.000
18.341156,16.7871,-1333.7402,0,0.0000,0.005387,2.100333,0.000599,0.005387,-0.007781,0.00,1,0.00,18.311201,84.977,2.512,0.000,0.000,0.000,0.000
18.351152,16.6992,-1333.8281,0,0.0000,0.004190,2.100375,0.000000,0.004190,-0.003591,0.00,1,0.00,18.321199,84.977,2.512,0.000,0.000,0.000,0.000
18.361185,16.7871,-1333.7402,0,0.0000,0.006584,2.100441,0.000599,0.006584,-0.004788,0.00,1,0.00,18.321199,84.977,2.512,0.000,0.000,0.000,0.000
18.371048,16.7871,-1333.7402,0,0.0000,0.008380,2.100523,0.000599,0.008380,-0.002993,0.00,1,0.00,18.341156,84.977,2.512,0.000,0.000,0.000,0.000
18.381039,16.7871,-1333.7402,0,0.0000,0.010175,2.100625,0.000000,0.010175,-0.002394,0.00,1,0.00,18.351152,84.977,2.512,0.000,0.000,0.000,0.000
18.391024,16.8750,-1333.6523,0,0.0000,0.011372,2.100739,0.000000,0.011372,-0.003591,0.00,1,0.00,18.351152,84.977,2.512,0.000,0.000,0.000,0.000
18.401009,16.7871,-1333.7402,0,0.0000,0.011372,2.100852,-0.001197,0.011372,-0.005986,0.00,1,0.00,18.371048,84.977,2.512,0.000,0.000,0.000,0.000
18.410999,16.7871,-1333.7402,0,0.0000,0.010175,2.100954,-0.001796,0.010175,-0.007781,0.00,1,0.00,18.381039,84.977,2.512,0.000,0.000,0.000,0.000
18.420973,16.7871,-1333.7402,0,0.0000,0.012570,2.101079,-0.002394,0.012570,-0.005387,0.00,1,0.00,18.381039,84.977,2.512,0.000,0.000,0.000,0.000
18.430964,16.7871,-1333.7402,0,0.0000,0.010175,2.101181,0.000000,0.010175,-0.001197,0.00,1,0.00,18.401009,84.977,2.512,0.000,0.000,0.000,0.000
18.440931,16.7871,-1333.7402,0,0.0000,0.009577,2.101276,0.000000,0.009577,0.000599,0.00,1,0.00,18.401009,84.977,2.512,0.000,0.000,0.000,0.000
18.450924,16.6992,-1333.8281,0,0.0000,0.007183,2.101348,0.000000,0.007183,0.000000,0.00,1,0.00,18.420973,84.977,2.512,0.000,0.000,0.000,0.000
18.460896,16.7871,-1333.7402,0,0.0000,0.007781,2.101425,-0.002993,0.007781,0.002394,0.00,1,0.00,18.420973,84.977,2.512,0.000,0.000,0.000,0.000
18.470888,16.7871,-1333.7402,0,0.0000,0.008380,2.101509,-0.002394,0.008380,0.001197,0.00,1,0.00,18.430964,84.977,2.512,0.000,0.000,0.000,0.000
18.480988,16.7871,-1333.7402,0,0.0000,0.006584,2.101575,-0.000599,0.006584,-0.001197,0.00,1,0.00,18.430964,84.977,2.512,0.000,0.000,0.000,0.000
18.490845,16.7871,-1333.7402,0,0.0000,0.005387,2.101629,0.000000,0.005387,-0.003591,0.00,1,0.00,18.450924,84.977,2.512,0.000,0.000,0.000,0.000
18.500948,16.7871,-1333.7402,0,0.0000,0.006584,2.101695,0.000599,0.006584,-0.002993,0.00,1,0.00,18.450924,84.977,2.512,0.000,0.000,0.000,0.000
18.510941,16.7871,-1333.7402,0,0.0000,0.008978,2.101785,-0.001197,0.008978,-0.001197,0.00,1,0.00,18.490845,84.977,2.512,0.000,0.000,0.000,0.000
18.520914,16.7871,-1333.7402,0,0.0000,0.013168,2.101916,0.000000,0.013168,-0.001197,0.00,1,0.00,18.490845,84.977,2.512,0.000,0.000,0.000,0.000
18.530899,16.7871,-1333.7402,0,0.0000,0.014964,2.102066,0.000000,0.014964,-0.004190,0.00,1,0.00,18.500948,84.977,2.512,0.000,0.000,0.000,0.000
18.540760,16.7871,-1333.7402,0,0.0000,0.013767,2.102201,-0.001197,0.013767,-0.001796,0.00,1,0.00,18.510941,84.977,2.512,0.000,0.000,0.000,0.000
18.550867,16.7871,-1333.7402,0,0.0000,0.016161,2.102365,-0.000599,0.016161,0.000000,0.00,1,0.00,18.510941,84.977,2.512,0.000,0.000,0.000,0.000
18.560717,16.7871,-1333.7402,0,0.0000,0.014964,2.102512,0.000000,0.014964,-0.002993,0.00,1,0.00,18.530899,84.977,2.512,0.000,0.000,0.000,0.000
18.570711,16.6992,-1333.8281,0,0.0000,0.011372,2.102626,0.001197,0.011372,-0.002394,0.00,1,0.00,18.540760,84.977,2.512,0.000,0.000,0.000,0.000
18.580704,16.7871,-1333.7402,0,0.0000,0.012570,2.102751,0.003591,0.012570,-0.002394,0.00,1,0.00,18.560717,84.977,2.512,0.000,0.000,0.000,0.000
18.590805,16.6992,-1333.8281,0,0.0000,0.011372,2.102866,0.002993,0.011372,-0.001796,0.00,1,0.00,18.560717,84.977,2.512,0.000,0.000,0.000,0.000
18.600664,16.6992,-1333.8281,0,0.0000,0.009577,2.102961,0.002993,0.009577,0.000000,0.00,1,0.00,18.570711,84.977,2.512,0.000,0.000,0.000,0.000
18.610661,16.7871,-1333.7402,0,0.0000,0.009577,2.103056,0.002394,0.009577,0.002993,0.00,1,0.00,18.590805,84.977,2.512,0.000,0.000,0.000,0.000
18.620758,16.8750,-1333.6523,0,0.0000,0.009577,2.103153,0.000000,0.009577,0.004190,0.00,1,0.00,18.590805,84.977,2.512,0.000,0.000,0.000,0.000
18.630613,16.8750,-1333.6523,0,0.0000,0.008978,2.103241,0.000000,0.008978,0.002394,0.00,1,0.00,18.600664,84.977,2.512,0.000,0.000,0.000,0.000
18.640743,16.6992,-1333.8281,0,0.0000,0.007183,2.103314,0.001197,0.007183,0.006584,0.00,1,0.00,18.610661,84.977,2.512,0.000,0.000,0.000,0.000
18.650576,16.7871,-1333.7402,0,0.0000,0.008380,2.103397,0.001796,0.008380,0.000000,0.00,1,0.00,18.610661,84.977,2.512,0.000,0.000,0.000,0.000
18.660702,16.7871,-1333.7402,0,0.0000,0.008978,2.103487,0.000000,0.008978,0.000599,0.00,1,0.00,18.630613,84.977,2.512,0.000,0.000,0.000,0.000
18.670565,16.7871,-1333.7402,0,0.0000,0.008978,2.103576,0.000000,0.008978,0.000599,0.00,1,0.00,18.650576,84.977,2.512,0.000,0.000,0.000,0.000
18.680534,16.7871,-1333.7402,0,0.0000,0.008978,2.103665,0.000000,0.008978,0.000000,0.00,1,0.00,18.650576,84.977,2.512,0.000,0.000,0.000,0.000
18.690523,16.7871,-1333.7402,0,0.0000,0.007781,2.103743,0.001197,0.007781,0.001796,0.00,1,0.00,18.670565,84.977,2.512,0.000,0.000,0.000,0.000
18.700636,16.6992,-1333.8281,0,0.0000,0.007781,2.103822,0.003591,0.007781,0.001197,0.00,1,0.00,18.670565,84.977,2.512,0.000,0.000,0.000,0.000
18.710621,16.8750,-1333.6523,0,0.0000,0.010175,2.103923,0.002993,0.010175,0.000000,0.00,1,0.00,18.680534,84.977,2.512,0.000,0.000,0.000,0.000
18.720480,16.6992,-1333.8281,0,0.0000,0.011971,2.104041,0.000599,0.011971,-0.003591,0.00,1,0.00,18.690523,84.977,2.512,0.000,0.000,0.000,0.000
18.730473,16.7871,-1333.7402,0,0.0000,0.011372,2.104155,0.000000,0.011372,-0.002394,0.00,1,0.00,18.710621,84.977,2.512,0.000,0.000,0.000,0.000
18.740446,16.7871,-1333.7402,0,0.0000,0.010175,2.104257,-0.001197,0.010175,-0.001197,0.00,1,0.00,18.710621,84.977,2.512,0.000,0.000,0.000,0.000
18.750435,16.7871,-1333.7402,0,0.0000,0.005387,2.104311,-0.001796,0.005387,0.000000,0.00,1,0.00,18.720480,84.977,2.512,0.000,0.000,0.000,0.000
18.760426,16.7871,-1333.7402,0,0.0000,0.004788,2.104358,-0.002993,0.004788,-0.002993,0.00,1,0.00,18.740446,84.977,2.512,0.000,0.000,0.000,0.000
18.770399,16.7871,-1333.7402,0,0.0000,0.004788,2.104406,-0.002993,0.004788,-0.001796,0.00,1,0.00,18.740446,84.977,2.512,0.000,0.000,0.000,0.000
18.780390,16.7871,-1333.7402,0,0.0000,0.002394,2.104430,-0.002394,0.002394,0.001796,0.00,1,0.00,18.750435,84.977,2.512,0.000,0.000,0.000,0.000
18.790382,16.6992,-1333.8281,0,0.0000,0.000599,2.104436,-0.002993,0.000599,0.005387,0.00,1,0.00,18.760426,84.977,2.512,0.000,0.000,0.000,0.000
18.800352,16.7871,-1333.7402,0,0.0000,0.000000,2.104436,-0.002394,0.000000,0.004788,0.00,1,0.00,18.760426,84.977,2.512,0.000,0.000,0.000,0.000
18.810472,16.7871,-1333.7402,0,0.0000,-0.000599,2.104430,-0.002993,-0.000599,0.001197,0.00,1,0.00,18.780390,84.977,2.512,0.000,0.000,0.000,0.000
18.820335,16.7871,-1333.7402,0,0.0000,0.000000,2.104430,-0.002993,0.000000,0.001796,0.00,1,0.00,18.790382,84.977,2.512,0.000,0.000,0.000,0.000
18.830303,16.7871,-1333.7402,0,0.0000,0.002993,2.104460,-0.001197,0.002993,0.000000,0.00,1,0.00,18.790382,84.977,2.512,0.000,0.000,0.000,0.000
18.840292,16.7871,-1333.7402,0,0.0000,0.002394,2.104484,-0.001197,0.002394,0.000000,0.00,1,0.00,18.810472,84.977,2.512,0.000,0.000,0.000,0.000
18.850288,16.7871,-1333.7402,0,0.0000,0.002993,2.104513,-0.001197,0.002993,0.000000,0.00,1,0.00,18.820335,84.977,2.512,0.000,0.000,0.000,0.000
18.860350,16.7871,-1333.7402,0,0.0000,0.002394,2.104537,0.000000,0.002394,-0.000599,0.00,1,0.00,18.820335,84.977,2.512,0.000,0.000,0.000,0.000
18.870352,16.7871,-1333.7402,0,0.0000,0.006584,2.104603,0.001197,0.006584,-0.002993,0.00,1,0.00,18.840292,84.977,2.512,0.000,0.000,0.000,0.000
18.880323,16.7871,-1333.7402,0,0.0000,0.005387,2.104657,0.000599,0.005387,-0.003591,0.00,1,0.00,18.840292,84.977,2.512,0.000,0.000,0.000,0.000
18.890320,16.7871,-1333.7402,0,0.0000,0.007781,2.104735,0.000000,0.007781,-0.003591,0.00,1,0.00,18.850288,84.977,2.512,0.000,0.000,0.000,0.000
18.900288,16.7871,-1333.7402,0,0.0000,0.009577,2.104830,-0.001796,0.009577,-0.004788,0.00,1,0.00,18.850288,84.977,2.512,0.000,0.000,0.000,0.000
18.910263,16.7871,-1333.7402,0,0.0000,0.012570,2.104955,-0.001796,0.012570,-0.004190,0.00,1,0.00,18.850288,84.977,2.512,0.000,0.000,0.000,0.000
18.920256,16.7871,-1333.7402,0,0.0000,0.011971,2.105075,-0.001197,0.011971,0.000000,0.00,1,0.00,18.870352,84.977,2.512,0.000,0.000,0.000,0.000
18.930225,16.8750,-1333.6523,0,0.0000,0.010175,2.105176,0.000000,0.010175,0.001197,0.00,1,0.00,18.870352,84.977,2.512,0.000,0.000,0.000,0.000
18.940191,16.7871,-1333.7402,0,0.0000,0.004190,2.105218,0.001197,0.004190,0.001197,0.00,1,0.00,18.870352,84.977,2.512,0.000,0.000,0.000,0.000
18.950184,16.7871,-1333.7402,0,0.0000,0.005387,2.105272,-0.002394,0.005387,0.000000,0.00,1,0.00,18.930225,84.977,2.512,0.000,0.000,0.000,0.000
18.960155,16.7871,-1333.7402,0,0.0000,0.004788,2.105320,-0.003591,0.004788,0.000000,0.00,1,0.00,18.930225,84.977,2.512,0.000,0.000,0.000,0.000
18.970119,16.6992,-1333.8281,0,0.0000,0.002394,2.105344,0.000000,0.002394,-0.000599,0.00,1,0.00,18.930225,84.977,2.512,0.000,0.000,0.000,0.000
18.980112,16.7871,-1333.7402,0,0.0000,0.000599,2.105350,0.000000,0.000599,-0.001197,0.00,1,0.00,18.950184,84.977,2.512,0.000,0.000,0.000,0.000
18.990084,16.7871,-1333.7402,0,0.0000,-0.000599,2.105344,-0.001197,-0.000599,-0.000599,0.00,1,0.00,18.950184,84.977,2.512,0.000,0.000,0.000,0.000
19.000061,16.8750,-1333.6523,0,0.0000,0.000000,2.105344,-0.002394,0.000000,-0.000599,0.00,1,0.00,18.950184,84.977,2.512,0.000,0.000,0.000,0.000
19.010044,16.7871,-1333.7402,0,0.0000,0.000000,2.105344,-0.004788,0.000000,-0.002993,0.00,1,0.00,18.960155,84.977,2.512,0.000,0.000,0.000,0.000
19.020037,16.7871,-1333.7402,0,0.0000,0.000000,2.105344,-0.004190,0.000000,-0.002394,0.00,1,0.00,19.000061,84.977,2.512,0.000,0.000,0.000,0.000
19.030006,16.6992,-1333.8281,0,0.0000,0.004190,2.105385,-0.005387,0.004190,-0.001796,0.00,1,0.00,19.000061,84.977,2.512,0.000,0.000,0.000,0.000
19.039995,16.7871,-1333.7402,0,0.0000,0.009577,2.105481,-0.005387,0.009577,-0.003591,0.00,1,0.00,19.010044,84.977,2.512,0.000,0.000,0.000,0.000
19.049976,16.8750,-1333.6523,0,0.0000,0.010774,2.105588,-0.002993,0.010774,-0.002993,0.00,1,0.00,19.010044,84.977,2.512,0.000,0.000,0.000,0.000
19.059961,16.7871,-1333.7402,0,0.0000,0.011971,2.105708,-0.002394,0.011971,-0.003591,0.00,1,0.00,19.030006,84.977,2.512,0.000,0.000,0.000,0.000
19.069952,16.7871,-1333.7402,0,0.0000,0.013168,2.105839,-0.000599,0.013168,-0.001796,0.00,1,0.00,19.039995,84.977,2.512,0.000,0.000,0.000,0.000
19.079924,16.7871,-1333.7402,0,0.0000,0.013767,2.105977,0.000000,0.013767,-0.000599,0.00,1,0.00,19.039995,84.977,2.512,0.000,0.000,0.000,0.000
19.089909,16.7871,-1333.7402,0,0.0000,0.009577,2.106072,0.000599,0.009577,-0.003591,0.00,1,0.00,19.059961,84.977,2.512,0.000,0.000,0.000,0.000
19.099903,16.7871,-1333.7402,0,0.0000,0.007183,2.106144,0.002993,0.007183,-0.008380,0.00,1,0.00,19.069952,84.977,2.512,0.000,0.000,0.000,0.000
19.109877,16.6992,-1333.8281,0,0.0000,0.003591,2.106180,0.005387,0.003591,-0.007781,0.00,1,0.00,19.069952,84.977,2.512,0.000,0.000,0.000,0.000
19.119860,16.6992,-1333.8281,0,0.0000,0.004788,2.106228,0.005986,0.004788,-0.010175,0.00,1,0.00,19.089909,84.977,2.512,0.000,0.000,0.000,0.000
19.129856,16.7871,-1333.7402,0,0.0000,0.003591,2.106264,0.004788,0.003591,-0.010175,0.00,1,0.00,19.099903,84.977,2.512,0.000,0.000,0.000,0.000
19.139832,16.7871,-1333.7402,0,0.0000,0.001796,2.106282,0.002394,0.001796,-0.008380,0.00,1,0.00,19.099903,84.977,2.512,0.000,0.000,0.000,0.000
19.149817,16.7871,-1333.7402,0,0.0000,0.000599,2.106288,0.000000,0.000599,-0.007183,0.00,1,0.00,19.119860,84.977,2.512,0.000,0.000,0.000,0.000
19.159803,16.7871,-1333.7402,0,0.0000,0.000000,2.106288,-0.001197,0.000000,-0.000599,0.00,1,0.00,19.129856,84.977,2.512,0.000,0.000,0.000,0.000
19.169786,16.7871,-1333.7402,0,0.0000,-0.001197,2.106276,-0.004788,-0.001197,0.002993,0.00,1,0.00,19.129856,84.977,2.512,0.000,0.000,0.000,0.000
19.179768,16.6992,-1333.8281,0,0.0000,0.000000,2.106276,-0.005986,0.000000,0.001796,0.00,1,0.00,19.149817,84.977,2.512,0.000,0.000,0.000,0.000
19.189758,16.7871,-1333.7402,0,0.0000,0.001197,2.106288,-0.006584,0.001197,0.000000,0.00,1,0.00,19.169786,84.977,2.512,0.000,0.000,0.000,0.000
19.199728,16.7871,-1333.7402,0,0.0000,0.002993,2.106318,-0.005986,0.002993,0.001796,0.00,1,0.00,19.169786,84.977,2.512,0.000,0.000,0.000,0.000
19.209723,16.6992,-1333.8281,0,0.0000,0.003591,2.106354,-0.001796,0.003591,0.000000,0.00,1,0.00,19.179768,84.977,2.512,0.000,0.000,0.000,0.000
19.219711,16.7871,-1333.7402,0,0.0000,0.005387,2.106407,0.000000,0.005387,-0.000599,0.00,1,0.00,19.189758,84.977,2.512,0.000,0.000,0.000,0.000
19.229687,16.7871,-1333.7402,0,0.0000,0.007781,2.106485,0.005986,0.007781,-0.002993,0.00,1,0.00,19.189758,84.977,2.512,0.000,0.000,0.000,0.000
19.239676,16.7871,-1333.7402,0,0.0000,0.008380,2.106569,0.006584,0.008380,-0.004788,0.00,1,0.00,19.209723,84.977,2.512,0.000,0.000,0.000,0.000
19.249668,16.8750,-1333.6523,0,0.0000,0.007781,2.106646,0.009577,0.007781,-0.001197,0.00,1,0.00,19.219711,84.977,2.512,0.000,0.000,0.000,0.000
19.259645,16.7871,-1333.7402,0,0.0000,0.006584,2.106712,0.010774,0.006584,-0.001796,0.00,1,0.00,19.219711,84.977,2.512,0.000,0.000,0.000,0.000
19.269630,16.6992,-1333.8281,0,0.0000,0.004788,2.106760,0.010175,0.004788,-0.004788,0.00,1,0.00,19.239676,84.977,2.512,0.000,0.000,0.000,0.000
19.279629,16.7871,-1333.7402,0,0.0000,0.002993,2.106790,0.008380,0.002993,-0.007183,0.00,1,0.00,19.249668,84.977,2.512,0.000,0.000,0.000,0.000
19.289619,16.7871,-1333.7402,0,0.0000,0.002993,2.106820,0.002394,0.002993,-0.009577,0.00,1,0.00,19.269630,84.977,2.512,0.000,0.000,0.000,0.000
19.299585,16.7871,-1333.7402,0,0.0000,0.004190,2.106861,-0.001796,0.004190,-0.010774,0.00,1,0.00,19.269630,84.977,2.512,0.000,0.000,0.000,0.000
19.309584,16.7871,-1333.7402,0,0.0000,0.002394,2.106885,-0.005986,0.002394,-0.007183,0.00,1,0.00,19.289619,84.977,2.512,0.000,0.000,0.000,0.000
19.319555,16.7871,-1333.7402,0,0.0000,0.004190,2.106927,-0.006584,0.004190,-0.006584,0.00,1,0.00,19.289619,84.977,2.512,0.000,0.000,0.000,0.000
19.329540,16.7871,-1333.7402,0,0.0000,0.002394,2.106951,-0.004788,0.002394,-0.002993,0.00,1,0.00,19.299585,84.977,2.512,0.000,0.000,0.000,0.000
19.339535,16.7871,-1333.7402,0,0.0000,0.002993,2.106981,-0.004190,0.002993,-0.003591,0.00,1,0.00,19.309584,84.977,2.512,0.000,0.000,0.000,0.000
19.349506,16.6992,-1333.8281,0,0.0000,0.004788,2.107028,0.000000,0.004788,-0.004788,0.00,1,0.00,19.309584,84.977,2.512,0.000,0.000,0.000,0.000
19.359552,16.6992,-1333.8281,0,0.0000,0.004190,2.107070,-0.001796,0.004190,-0.004788,0.00,1,0.00,19.329540,84.977,2.512,0.000,0.000,0.000,0.000
19.369421,16.7871,-1333.7402,0,0.0000,0.002394,2.107094,0.000000,0.002394,-0.002394,0.00,1,0.00,19.339535,84.977,2.512,0.000,0.000,0.000,0.000
19.379404,16.7871,-1333.7402,0,0.0000,0.000000,2.107094,0.002993,0.000000,-0.000599,0.00,1,0.00,19.339535,84.977,2.512,0.000,0.000,0.000,0.000
19.389393,16.8750,-1333.6523,0,0.0000,0.001197,2.107106,0.004788,0.001197,-0.007183,0.00,1,0.00,19.359552,84.977,2.512,0.000,0.000,0.000,0.000
19.399384,16.6992,-1333.8281,0,0.0000,0.000000,2.107106,0.003591,0.000000,-0.005387,0.00,1,0.00,19.379404,84.977,2.512,0.000,0.000,0.000,0.000
19.409353,16.7871,-1333.7402,0,0.0000,0.001796,2.107124,0.002993,0.001796,-0.004788,0.00,1,0.00,19.379404,84.977,2.512,0.000,0.000,0.000,0.000
19.419348,16.7871,-1333.7402,0,0.0000,0.001796,2.107142,0.000599,0.001796,-0.007781,0.00,1,0.00,19.389393,84.977,2.512,0.000,0.000,0.000,0.000
19.429340,16.6992,-1333.8281,0,0.0000,0.002993,2.107172,-0.002394,0.002993,-0.008380,0.00,1,0.00,19.399384,84.977,2.512,0.000,0.000,0.000,0.000
19.439308,16.7871,-1333.7402,0,0.0000,0.005387,2.107225,-0.007183,0.005387,-0.006584,0.00,1,0.00,19.399384,84.977,2.512,0.000,0.000,0.000,0.000
19.449305,16.7871,-1333.7402,0,0.0000,0.005986,2.107285,-0.013168,0.005986,-0.007781,0.00,1,0.00,19.419348,84.977,2.512,0.000,0.000,0.000,0.000
19.459295,16.6992,-1333.8281,0,0.0000,0.007183,2.107357,-0.013168,0.007183,-0.010175,0.00,1,0.00,19.439308,84.977,2.512,0.000,0.000,0.000,0.000
19.469261,16.7871,-1333.7402,0,0.0000,0.005986,2.107416,-0.015562,0.005986,-0.007183,0.00,1,0.00,19.439308,84.977,2.512,0.000,0.000,0.000,0.000
19.479254,16.8750,-1333.6523,0,0.0000,0.004190,2.107458,-0.013168,0.004190,-0.012570,0.00,1,0.00,19.449305,84.977,2.512,0.000,0.000,0.000,0.000
19.489237,16.6992,-1333.8281,0,0.0000,0.002993,2.107488,-0.006584,0.002993,-0.005387,0.00,1,0.00,19.449305,84.977,2.512,0.000,0.000,0.000,0.000
19.499220,16.7871,-1333.7402,0,0.0000,0.001197,2.107500,-0.003591,0.001197,-0.005986,0.00,1,0.00,19.469261,84.977,2.512,0.000,0.000,0.000,0.000
19.509211,16.7871,-1333.7402,0,0.0000,0.000599,2.107506,0.000000,0.000599,-0.005986,0.00,1,0.00,19.479254,84.977,2.512,0.000,0.000,0.000,0.000
19.519182,16.7871,-1333.7402,0,0.0000,0.001197,2.107518,0.004190,0.001197,-0.006584,0.00,1,0.00,19.479254,84.977,2.512,0.000,0.000,0.000,0.000
19.529173,16.7871,-1333.7402,0,0.0000,0.000000,2.107518,0.007183,0.000000,-0.007183,0.00,1,0.00,19.499220,84.977,2.512,0.000,0.000,0.000,0.000
19.539152,16.7871,-1333.7402,0,0.0000,0.000000,2.107518,0.009577,0.000000,-0.006584,0.00,1,0.00,19.499220,84.977,2.512,0.000,0.000,0.000,0.000
19.549135,16.7871,-1333.7402,0,0.0000,0.000599,2.107524,0.008380,0.000599,-0.007183,0.00,1,0.00,19.509211,84.977,2.512,0.000,0.000,0.000,0.000
19.559134,16.7871,-1333.7402,0,0.0000,0.001796,2.107542,0.006584,0.001796,-0.004190,0.00,1,0.00,19.529173,84.977,2.512,0.000,0.000,0.000,0.000
19.569124,16.6992,-1333.8281,0,0.0000,0.001197,2.107554,0.003591,0.001197,-0.002993,0.00,1,0.00,19.549135,84.977,2.512,0.000,0.000,0.000,0.000
19.579094,16.6992,-1333.8281,0,0.0000,0.001197,2.107566,-0.001197,0.001197,-0.003591,0.00,1,0.00,19.549135,84.977,2.512,0.000,0.000,0.000,0.000
19.589081,16.7871,-1333.7402,0,0.0000,0.000599,2.107572,-0.004190,0.000599,-0.004788,0.00,1,0.00,19.559134,84.977,2.512,0.000,0.000,0.000,0.000
19.599075,16.7871,-1333.7402,0,0.0000,0.000000,2.107572,-0.006584,0.000000,-0.002394,0.00,1,0.00,19.579094,84.977,2.512,0.000,0.000,0.000,0.000
19.609043,16.7871,-1333.7402,0,0.0000,0.000599,2.107578,-0.007183,0.000599,-0.001197,0.00,1,0.00,19.579094,84.977,2.512,0.000,0.000,0.000,0.000
19.619030,16.7871,-1333.7402,0,0.0000,0.000000,2.107578,-0.008380,0.000000,0.000000,0.00,1,0.00,19.589081,84.977,2.512,0.000,0.000,0.000,0.000
19.629028,16.6992,-1333.8281,0,0.0000,0.000000,2.107578,-0.005986,0.000000,0.000000,0.00,1,0.00,19.599075,84.977,2.512,0.000,0.000,0.000,0.000
19.639000,16.7871,-1333.7402,0,0.0000,0.000599,2.107584,-0.001796,0.000599,-0.001197,0.00,1,0.00,19.599075,84.977,2.512,0.000,0.000,0.000,0.000
19.648993,16.7871,-1333.7402,0,0.0000,0.000000,2.107584,0.000000,0.000000,0.000000,0.00,1,0.00,19.619030,84.977,2.512,0.000,0.000,0.000,0.000
19.658983,16.7871,-1333.7402,0,0.0000,0.000000,2.107584,0.002993,0.000000,-0.000599,0.00,1,0.00,19.639000,84.977,2.512,0.000,0.000,0.000,0.000
19.668957,16.7871,-1333.7402,0,0.0000,-0.000599,2.107578,0.008380,-0.000599,-0.002993,0.00,1,0.00,19.639000,84.977,2.512,0.000,0.000,0.000,0.000
19.678944,16.7871,-1333.7402,0,0.0000,0.000000,2.107578,0.009577,0.000000,-0.004788,0.00,1,0.00,19.648993,84.977,2.512,0.000,0.000,0.000,0.000
19.688919,16.8750,-1333.6523,0,0.0000,0.001796,2.107595,0.006584,0.001796,-0.005986,0.00,1,0.00,19.648993,84.977,2.512,0.000,0.000,0.000,0.000
19.698908,16.7871,-1333.7402,0,0.0000,0.002394,2.107619,0.005387,0.002394,-0.004788,0.00,1,0.00,19.668957,84.977,2.512,0.000,0.000,0.000,0.000
19.708900,16.8750,-1333.6523,0,0.0000,0.001197,2.107631,0.004190,0.001197,-0.002993,0.00,1,0.00,19.678944,84.977,2.512,0.000,0.000,0.000,0.000
19.718874,16.7871,-1333.7402,0,0.0000,0.002394,2.107655,0.000000,0.002394,-0.004788,0.00,1,0.00,19.678944,84.977,2.512,0.000,0.000,0.000,0.000
19.728855,16.7871,-1333.7402,0,0.0000,0.002993,2.107685,0.000000,0.002993,-0.007183,0.00,1,0.00,19.698908,84.977,2.512,0.000,0.000,0.000,0.000
19.738852,16.8750,-1333.6523,0,0.0000,0.003591,2.107721,-0.003591,0.003591,-0.008380,0.00,1,0.00,19.708900,84.977,2.512,0.000,0.000,0.000,0.000
19.748823,16.6992,-1333.8281,0,0.0000,0.005387,2.107774,-0.004788,0.005387,-0.007183,0.00,1,0.00,19.708900,84.977,2.512,0.000,0.000,0.000,0.000
19.758808,16.7871,-1333.7402,0,0.0000,0.005986,2.107834,-0.005986,0.005986,-0.007183,0.00,1,0.00,19.728855,84.977,2.512,0.000,0.000,0.000,0.000
19.768805,16.7871,-1333.7402,0,0.0000,0.005387,2.107888,-0.004788,0.005387,-0.002993,0.00,1,0.00,19.738852,84.977,2.512,0.000,0.000,0.000,0.000
19.778776,16.7871,-1333.7402,0,0.0000,0.004788,2.107936,-0.001796,0.004788,-0.005387,0.00,1,0.00,19.738852,84.977,2.512,0.000,0.000,0.000,0.000
19.788759,16.7871,-1333.7402,0,0.0000,0.004190,2.107978,0.000000,0.004190,-0.001796,0.00,1,0.00,19.758808,84.977,2.512,0.000,0.000,0.000,0.000
19.798750,16.7871,-1333.7402,0,0.0000,0.005387,2.108032,0.000000,0.005387,-0.004190,0.00,1,0.00,19.768805,84.977,2.512,0.000,0.000,0.000,0.000
19.808731,16.7871,-1333.7402,0,0.0000,0.004788,2.108079,0.001796,0.004788,-0.002993,0.00,1,0.00,19.768805,84.977,2.512,0.000,0.000,0.000,0.000
19.818714,16.6992,-1333.8281,0,0.0000,0.003591,2.108115,0.002394,0.003591,-0.003591,0.00,1,0.00,19.788759,84.977,2.512,0.000,0.000,0.000,0.000
19.828707,16.7871,-1333.7402,0,0.0000,0.004788,2.108163,0.004788,0.004788,-0.004788,0.00,1,0.00,19.798750,84.977,2.512,0.000,0.000,0.000,0.000
19.838688,16.8750,-1333.6523,0,0.0000,0.003591,2.108199,0.003591,0.003591,-0.001796,0.00,1,0.00,19.798750,84.977,2.512,0.000,0.000,0.000,0.000
19.848667,16.7871,-1333.7402,0,0.0000,0.002394,2.108222,0.002394,0.002394,0.000599,0.00,1,0.00,19.818714,84.977,2.512,0.000,0.000,0.000,0.000