t_s,enc_as5600_deg,acc_as5600_deg,clar_counts,clar_deg,cmd_sps,cmd_dir,cmd_vel
0.001000,264.6387,0.000000,111,78.0469,0.00,1,0.00
0.002000,263.5840,-1.054688,111,78.0469,0.00,1,0.00
0.003001,263.3203,-1.318359,110,77.3438,0.00,1,0.00
0.004002,263.9355,-0.703125,109,76.6406,0.00,1,0.00
0.005003,264.1992,-0.439453,111,78.0469,0.00,1,0.00
0.006004,263.6719,-0.966797,111,78.0469,0.00,1,0.00
0.007005,263.4082,-1.230469,110,77.3438,0.00,1,0.00
0.008006,263.8477,-0.791016,110,77.3438,0.00,1,0.00
0.009006,264.0234,-0.615234,111,78.0469,0.00,1,0.00
0.010006,263.6719,-0.966797,111,78.0469,0.00,1,0.00
0.011007,263.4961,-1.142578,110,77.3438,0.00,1,0.00
0.012007,263.6719,-0.966797,110,77.3438,0.00,1,0.00
0.013007,263.9355,-0.703125,110,77.3438,0.00,1,0.00
0.014007,263.8477,-0.791016,111,78.0469,0.00,1,0.00
0.015007,263.5840,-1.054688,111,78.0469,0.00,1,0.00
0.016007,263.5840,-1.054688,110,77.3438,0.00,1,0.00
0.017007,263.7598,-0.878906,110,77.3438,0.00,1,0.00
0.018008,263.8477,-0.791016,110,77.3438,0.00,1,0.00
0.019008,263.6719,-0.966797,111,78.0469,0.00,1,0.00
0.020008,263.5840,-1.054688,111,78.0469,0.00,1,0.00
0.021008,263.6719,-0.966797,110,77.3438,0.00,1,0.00
0.022008,263.7598,-0.878906,110,77.3438,0.00,1,0.00
0.023008,263.6719,-0.966797,110,77.3438,0.00,1,0.00
0.024008,263.6719,-0.966797,110,77.3438,0.00,1,0.00
0.025008,263.6719,-0.966797,110,77.3438,0.00,1,0.00
0.026008,263.6719,-0.966797,110,77.3438,0.00,1,0.00
0.027008,263.7598,-0.878906,110,77.3438,0.00,1,0.00
0.028009,263.7598,-0.878906,110,77.3438,0.00,1,0.00
0.029009,263.7598,-0.878906,110,77.3438,0.00,1,0.00
0.030009,263.7598,-0.878906,110,77.3438,0.00,1,0.00
0.031009,263.8477,-0.791016,110,77.3438,0.00,1,0.00
0.032010,263.7598,-0.878906,110,77.3438,0.00,1,0.00
0.033011,263.6719,-0.966797,110,77.3438,0.00,1,0.00
0.034012,263.7598,-0.878906,110,77.3438,0.00,1,0.00
0.035013,263.7598,-0.878906,110,77.3438,0.00,1,0.00
0.036014,263.7598,-0.878906,110,77.3438,0.00,1,0.00
0.037014,263.7598,-0.878906,110,77.3438,0.00,1,0.00
0.038015,263.7598,-0.878906,110,77.3438,0.00,1,0.00
0.043561,263.6719,-0.966797,110,77.3438,0.00,1,0.00
0.044562,263.7598,-0.878906,110,77.3438,0.00,1,0.00
0.045563,263.7598,-0.878906,110,77.3438,0.00,1,0.00
0.046564,263.7598,-0.878906,110,77.3438,0.00,1,0.00
0.047565,263.7598,-0.878906,110,77.3438,0.00,1,0.00
0.048565,263.6719,-0.966797,110,77.3438,0.00,1,0.00
0.049566,263.7598,-0.878906,110,77.3438,0.00,1,0.00
0.050567,263.8477,-0.791016,110,77.3438,0.00,1,0.00
0.051568,263.7598,-0.878906,110,77.3438,0.00,1,0.00
0.052569,263.7598,-0.878906,110,77.3438,0.00,1,0.00
0.053569,263.7598,-0.878906,110,77.3438,0.00,1,0.00
0.054570,263.7598,-0.878906,110,77.3438,0.00,1,0.00
0.061771,263.7598,-0.878906,110,77.3438,0.00,1,0.00
0.062772,263.6719,-0.966797,110,77.3438,0.00,1,0.00
0.063772,263.7598,-0.878906,110,77.3438,0.00,1,0.00
0.064772,263.7598,-0.878906,110,77.3438,0.00,1,0.00
0.065773,263.6719,-0.966797,110,77.3438,0.00,1,0.00
0.066774,263.6719,-0.966797,110,77.3438,0.00,1,0.00
0.067775,263.7598,-0.878906,110,77.3438,0.00,1,0.00
0.068775,263.7598,-0.878906,110,77.3438,0.00,1,0.00
0.069775,263.7598,-0.878906,110,77.3438,0.00,1,0.00
0.070775,263.7598,-0.878906,110,77.3438,0.00,1,0.00
0.071776,263.7598,-0.878906,110,77.3438,0.00,1,0.00
0.072777,263.7598,-0.878906,110,77.3438,0.00,1,0.00
0.073778,263.7598,-0.878906,110,77.3438,0.00,1,0.00
0.074779,263.7598,-0.878906,110,77.3438,0.00,1,0.00
0.075779,263.6719,-0.966797,110,77.3438,0.00,1,0.00
0.076779,263.6719,-0.966797,110,77.3438,0.00,1,0.00
0.077779,263.7598,-0.878906,110,77.3438,0.00,1,0.00
0.078780,263.7598,-0.878906,110,77.3438,0.00,1,0.00
0.079781,263.7598,-0.878906,110,77.3438,0.00,1,0.00
0.080782,263.7598,-0.878906,110,77.3438,0.00,1,0.00
0.081782,263.7598,-0.878906,110,77.3438,0.00,1,0.00
0.082782,263.6719,-0.966797,110,77.3438,0.00,1,0.00
0.083782,263.7598,-0.878906,110,77.3438,0.00,1,0.00
0.084783,263.7598,-0.878906,110,77.3438,0.00,1,0.00
0.085784,263.7598,-0.878906,110,77.3438,0.00,1,0.00
0.086785,263.7598,-0.878906,110,77.3438,0.00,1,0.00
0.088811,263.8477,-0.791016,110,77.3438,0.00,1,0.00
0.089812,263.7598,-0.878906,110,77.3438,0.00,1,0.00
0.090813,263.7598,-0.878906,110,77.3438,0.00,1,0.00
0.091814,263.6719,-0.966797,110,77.3438,0.00,1,0.00
0.092814,263.6719,-0.966797,110,77.3438,0.00,1,0.00
0.093814,263.6719,-0.966797,110,77.3438,0.00,1,0.00
0.094814,263.6719,-0.966797,110,77.3438,0.00,1,0.00
0.095815,263.7598,-0.878906,110,77.3438,0.00,1,0.00
0.096816,263.7598,-0.878906,110,77.3438,0.00,1,0.00
0.097817,263.6719,-0.966797,110,77.3438,0.00,1,0.00
0.098817,263.7598,-0.878906,110,77.3438,0.00,1,0.00
0.099817,263.7598,-0.878906,110,77.3438,0.00,1,0.00
0.100817,263.6719,-0.966797,110,77.3438,0.00,1,0.00
0.101818,263.6719,-0.966797,110,77.3438,0.00,1,0.00
0.102819,263.6719,-0.966797,110,77.3438,0.00,1,0.00
0.103820,263.7598,-0.878906,110,77.3438,0.00,1,0.00
0.104820,263.7598,-0.878906,110,77.3438,0.00,1,0.00
0.105820,263.7598,-0.878906,110,77.3438,0.00,1,0.00
0.106820,263.7598,-0.878906,110,77.3438,0.00,1,0.00
0.107821,263.7598,-0.878906,110,77.3438,0.00,1,0.00
0.108822,263.6719,-0.966797,110,77.3438,0.00,1,0.00
0.109823,263.6719,-0.966797,110,77.3438,0.00,1,0.00
0.110824,263.7598,-0.878906,110,77.3438,0.00,1,0.00
0.111824,263.7598,-0.878906,110,77.3438,0.00,1,0.00
0.119078,263.6719,-0.966797,110,77.3438,0.00,1,0.00
0.120079,263.7598,-0.878906,110,77.3438,0.00,1,0.00
0.121080,263.7598,-0.878906,110,77.3438,0.00,1,0.00
0.122080,263.7598,-0.878906,110,77.3438,0.00,1,0.00
0.123080,263.7598,-0.878906,110,77.3438,0.00,1,0.00
0.124080,263.7598,-0.878906,110,77.3438,0.00,1,0.00
0.125080,263.8477,-0.791016,110,77.3438,0.00,1,0.00
0.126080,263.8477,-0.791016,110,77.3438,0.00,1,0.00
0.127081,263.8477,-0.791016,110,77.3438,0.00,1,0.00
0.128082,263.8477,-0.791016,110,77.3438,0.00,1,0.00
0.129082,263.7598,-0.878906,110,77.3438,0.00,1,0.00
0.130082,263.7598,-0.878906,110,77.3438,0.00,1,0.00
0.131082,263.6719,-0.966797,110,77.3438,0.00,1,0.00
0.132082,263.6719,-0.966797,110,77.3438,0.00,1,0.00
0.133082,263.6719,-0.966797,110,77.3438,0.00,1,0.00
0.134082,263.6719,-0.966797,110,77.3438,0.00,1,0.00
0.135082,263.7598,-0.878906,110,77.3438,0.00,1,0.00
0.136083,263.7598,-0.878906,110,77.3438,0.00,1,0.00
0.137084,263.7598,-0.878906,110,77.3438,0.00,1,0.00
0.138084,263.7598,-0.878906,110,77.3438,0.00,1,0.00
0.139084,263.7598,-0.878906,110,77.3438,0.00,1,0.00
0.140084,263.6719,-0.966797,110,77.3438,0.00,1,0.00
0.141084,263.6719,-0.966797,110,77.3438,0.00,1,0.00
0.142084,263.6719,-0.966797,110,77.3438,0.00,1,0.00
0.143084,263.6719,-0.966797,110,77.3438,0.00,1,0.00
0.144084,263.7598,-0.878906,110,77.3438,0.00,1,0.00
0.145085,263.7598,-0.878906,110,77.3438,0.00,1,0.00
0.146086,263.6719,-0.966797,110,77.3438,0.00,1,0.00
0.147086,263.6719,-0.966797,110,77.3438,0.00,1,0.00
0.148086,263.7598,-0.878906,110,77.3438,0.00,1,0.00
0.149086,263.7598,-0.878906,110,77.3438,0.00,1,0.00
0.150086,263.7598,-0.878906,110,77.3438,0.00,1,0.00
0.151086,263.6719,-0.966797,110,77.3438,0.00,1,0.00
0.152086,263.7598,-0.878906,110,77.3438,0.00,1,0.00
0.153086,263.7598,-0.878906,110,77.3438,0.00,1,0.00
0.154087,263.7598,-0.878906,110,77.3438,0.00,1,0.00
0.155088,263.6719,-0.966797,110,77.3438,0.00,1,0.00
0.156088,263.7598,-0.878906,110,77.3438,0.00,1,0.00
0.157088,263.7598,-0.878906,110,77.3438,0.00,1,0.00
0.158088,263.7598,-0.878906,110,77.3438,0.00,1,0.00
0.159088,263.7598,-0.878906,110,77.3438,0.00,1,0.00
0.160088,263.7598,-0.878906,110,77.3438,0.00,1,0.00
0.161088,263.7598,-0.878906,110,77.3438,0.00,1,0.00
0.162088,263.7598,-0.878906,110,77.3438,0.00,1,0.00
0.163089,263.7598,-0.878906,110,77.3438,0.00,1,0.00
0.164089,263.7598,-0.878906,110,77.3438,0.00,1,0.00
0.165089,263.8477,-0.791016,110,77.3438,0.00,1,0.00
0.166089,263.7598,-0.878906,110,77.3438,0.00,1,0.00
0.167089,263.7598,-0.878906,110,77.3438,0.00,1,0.00
0.168089,263.8477,-0.791016,110,77.3438,0.00,1,0.00
0.175184,263.7598,-0.878906,110,77.3438,0.00,1,0.00
0.176184,263.7598,-0.878906,110,77.3438,0.00,1,0.00
0.177184,263.7598,-0.878906,110,77.3438,0.00,1,0.00
0.178184,263.7598,-0.878906,110,77.3438,0.00,1,0.00
0.179184,263.7598,-0.878906,110,77.3438,0.00,1,0.00
0.180184,263.7598,-0.878906,110,77.3438,0.00,1,0.00
0.181185,263.7598,-0.878906,110,77.3438,0.00,1,0.00
0.182185,263.7598,-0.878906,110,77.3438,0.00,1,0.00
0.183185,263.7598,-0.878906,110,77.3438,0.00,1,0.00
0.184185,263.7598,-0.878906,110,77.3438,0.00,1,0.00
0.185185,263.8477,-0.791016,110,77.3438,0.00,1,0.00
0.186185,263.7598,-0.878906,110,77.3438,0.00,1,0.00
0.187185,263.7598,-0.878906,110,77.3438,0.00,1,0.00
0.188185,263.7598,-0.878906,110,77.3438,0.00,1,0.00
0.189186,263.7598,-0.878906,110,77.3438,0.00,1,0.00
0.190187,263.7598,-0.878906,110,77.3438,0.00,1,0.00
0.191187,263.7598,-0.878906,110,77.3438,0.00,1,0.00
0.192187,263.7598,-0.878906,110,77.3438,0.00,1,0.00
0.193187,263.7598,-0.878906,110,77.3438,0.00,1,0.00
0.194187,263.7598,-0.878906,110,77.3438,0.00,1,0.00
0.195187,263.7598,-0.878906,110,77.3438,0.00,1,0.00
0.196187,263.7598,-0.878906,110,77.3438,0.00,1,0.00
0.197187,263.6719,-0.966797,110,77.3438,0.00,1,0.00
0.198188,263.6719,-0.966797,110,77.3438,0.00,1,0.00
0.199189,263.7598,-0.878906,110,77.3438,0.00,1,0.00
0.200189,263.6719,-0.966797,110,77.3438,0.00,1,0.00
0.201189,263.6719,-0.966797,110,77.3438,0.00,1,0.00
0.202189,263.7598,-0.878906,110,77.3438,0.00,1,0.00
0.203189,263.7598,-0.878906,110,77.3438,0.00,1,0.00
0.204189,263.8477,-0.791016,110,77.3438,0.00,1,0.00
0.205189,263.8477,-0.791016,110,77.3438,0.00,1,0.00
0.206189,263.6719,-0.966797,110,77.3438,0.00,1,0.00
0.207190,263.6719,-0.966797,110,77.3438,0.00,1,0.00
0.208190,263.7598,-0.878906,110,77.3438,0.00,1,0.00
0.209190,263.7598,-0.878906,110,77.3438,0.00,1,0.00
0.210190,263.7598,-0.878906,110,77.3438,0.00,1,0.00
0.211190,263.7598,-0.878906,110,77.3438,0.00,1,0.00
0.212190,263.6719,-0.966797,110,77.3438,0.00,1,0.00
0.213190,263.6719,-0.966797,110,77.3438,0.00,1,0.00
0.214190,263.7598,-0.878906,110,77.3438,0.00,1,0.00
0.215191,263.7598,-0.878906,110,77.3438,0.00,1,0.00
0.216192,263.7598,-0.878906,110,77.3438,0.00,1,0.00
0.217192,263.7598,-0.878906,110,77.3438,0.00,1,0.00
0.218192,263.7598,-0.878906,110,77.3438,0.00,1,0.00
0.219192,263.7598,-0.878906,110,77.3438,0.00,1,0.00
0.220192,263.7598,-0.878906,110,77.3438,0.00,1,0.00
0.221192,263.7598,-0.878906,110,77.3438,0.00,1,0.00
0.222192,263.7598,-0.878906,110,77.3438,0.00,1,0.00
0.223192,263.6719,-0.966797,110,77.3438,0.00,1,0.00
0.224193,263.7598,-0.878906,110,77.3438,0.00,1,0.00
0.232027,263.7598,-0.878906,110,77.3438,0.00,1,0.00
0.233027,263.7598,-0.878906,110,77.3438,0.00,1,0.00
0.234027,263.6719,-0.966797,110,77.3438,0.00,1,0.00
0.235027,263.6719,-0.966797,110,77.3438,0.00,1,0.00
0.236027,263.6719,-0.966797,110,77.3438,0.00,1,0.00
0.237027,263.6719,-0.966797,110,77.3438,0.00,1,0.00
0.238027,263.6719,-0.966797,110,77.3438,0.00,1,0.00
0.239028,263.6719,-0.966797,110,77.3438,0.00,1,0.00
0.240029,263.6719,-0.966797,110,77.3438,0.00,1,0.00
0.241029,263.7598,-0.878906,110,77.3438,0.00,1,0.00
0.242029,263.7598,-0.878906,110,77.3438,0.00,1,0.00
0.243029,263.7598,-0.878906,110,77.3438,0.00,1,0.00
0.244029,263.7598,-0.878906,110,77.3438,0.00,1,0.00
0.245029,263.7598,-0.878906,110,77.3438,0.00,1,0.00
0.246029,263.7598,-0.878906,110,77.3438,0.00,1,0.00
0.247029,263.7598,-0.878906,110,77.3438,0.00,1,0.00
0.248030,263.7598,-0.878906,110,77.3438,0.00,1,0.00
0.249030,263.7598,-0.878906,110,77.3438,0.00,1,0.00
0.250030,263.7598,-0.878906,110,77.3438,0.00,1,0.00
0.251031,263.7598,-0.878906,110,77.3438,0.00,1,0.00
0.252032,263.7598,-0.878906,110,77.3438,0.00,1,0.00
0.253033,263.8477,-0.791016,110,77.3438,0.00,1,0.00
0.254034,263.7598,-0.878906,110,77.3438,0.00,1,0.00
0.255035,263.7598,-0.878906,110,77.3438,0.00,1,0.00
0.256036,263.6719,-0.966797,110,77.3438,0.00,1,0.00
0.257037,263.6719,-0.966797,110,77.3438,0.00,1,0.00
0.258038,263.7598,-0.878906,110,77.3438,0.00,1,0.00
0.259039,263.7598,-0.878906,110,77.3438,0.00,1,0.00
0.260039,263.8477,-0.791016,110,77.3438,0.00,1,0.00
0.261040,263.7598,-0.878906,110,77.3438,0.00,1,0.00
0.262041,263.7598,-0.878906,110,77.3438,0.00,1,0.00
0.263042,263.7598,-0.878906,110,77.3438,0.00,1,0.00
0.264043,263.7598,-0.878906,110,77.3438,0.00,1,0.00
0.265044,263.7598,-0.878906,110,77.3438,0.00,1,0.00
0.266045,263.7598,-0.878906,110,77.3438,0.00,1,0.00
0.267046,263.7598,-0.878906,110,77.3438,0.00,1,0.00
0.268047,263.7598,-0.878906,110,77.3438,0.00,1,0.00
0.269048,263.7598,-0.878906,110,77.3438,0.00,1,0.00
0.270049,263.7598,-0.878906,110,77.3438,0.00,1,0.00
0.271050,263.7598,-0.878906,110,77.3438,0.00,1,0.00
0.272051,263.7598,-0.878906,110,77.3438,0.00,1,0.00
0.273052,263.7598,-0.878906,110,77.3438,0.00,1,0.00
0.274053,263.7598,-0.878906,110,77.3438,0.00,1,0.00
0.275054,263.8477,-0.791016,110,77.3438,0.00,1,0.00
0.276055,263.7598,-0.878906,110,77.3438,0.00,1,0.00
0.277056,263.7598,-0.878906,110,77.3438,0.00,1,0.00
0.278057,263.8477,-0.791016,110,77.3438,0.00,1,0.00
0.279058,263.7598,-0.878906,110,77.3438,0.00,1,0.00
0.280059,263.7598,-0.878906,110,77.3438,0.00,1,0.00
0.281060,263.7598,-0.878906,110,77.3438,0.00,1,0.00
0.288290,263.7598,-0.878906,110,77.3438,0.00,1,0.00
0.289290,263.8477,-0.791016,110,77.3438,0.00,1,0.00
0.290291,263.7598,-0.878906,110,77.3438,0.00,1,0.00
0.291292,263.6719,-0.966797,110,77.3438,0.00,1,0.00
0.292293,263.6719,-0.966797,110,77.3438,0.00,1,0.00
0.293294,263.7598,-0.878906,110,77.3438,0.00,1,0.00
0.294295,263.7598,-0.878906,110,77.3438,0.00,1,0.00
0.295296,263.8477,-0.791016,110,77.3438,0.00,1,0.00
0.296297,263.7598,-0.878906,110,77.3438,0.00,1,0.00
0.297298,263.7598,-0.878906,110,77.3438,0.00,1,0.00
0.298298,263.6719,-0.966797,110,77.3438,0.00,1,0.00
0.299299,263.6719,-0.966797,110,77.3438,0.00,1,0.00
0.300300,263.7598,-0.878906,110,77.3438,0.00,1,0.00
0.301301,263.7598,-0.878906,110,77.3438,0.00,1,0.00
0.302302,263.6719,-0.966797,110,77.3438,0.00,1,0.00
0.303303,263.6719,-0.966797,110,77.3438,0.00,1,0.00
0.304304,263.7598,-0.878906,110,77.3438,0.00,1,0.00
0.305305,263.7598,-0.878906,110,77.3438,0.00,1,0.00
0.306306,263.7598,-0.878906,110,77.3438,0.00,1,0.00
0.307307,263.7598,-0.878906,110,77.3438,0.00,1,0.00
0.308308,263.7598,-0.878906,110,77.3438,0.00,1,0.00
0.309309,263.7598,-0.878906,110,77.3438,0.00,1,0.00
0.310310,263.7598,-0.878906,110,77.3438,0.00,1,0.00
0.311311,263.7598,-0.878906,110,77.3438,0.00,1,0.00
0.312312,263.7598,-0.878906,110,77.3438,0.00,1,0.00
0.313313,263.6719,-0.966797,110,77.3438,0.00,1,0.00
0.314314,263.5840,-1.054688,110,77.3438,0.00,1,0.00
0.315315,263.6719,-0.966797,110,77.3438,0.00,1,0.00
0.316316,263.7598,-0.878906,110,77.3438,0.00,1,0.00
0.317317,263.7598,-0.878906,110,77.3438,0.00,1,0.00
0.318318,263.7598,-0.878906,110,77.3438,0.00,1,0.00
0.319319,263.7598,-0.878906,110,77.3438,0.00,1,0.00
0.320320,263.6719,-0.966797,110,77.3438,0.00,1,0.00
0.321321,263.7598,-0.878906,110,77.3438,0.00,1,0.00
0.322322,263.7598,-0.878906,110,77.3438,0.00,1,0.00
0.323323,263.7598,-0.878906,110,77.3438,0.00,1,0.00
0.324324,263.7598,-0.878906,110,77.3438,0.00,1,0.00
0.325325,263.7598,-0.878906,110,77.3438,0.00,1,0.00
0.326326,263.7598,-0.878906,110,77.3438,0.00,1,0.00
0.327327,263.7598,-0.878906,110,77.3438,0.00,1,0.00
0.328328,263.6719,-0.966797,110,77.3438,0.00,1,0.00
0.329329,263.7598,-0.878906,110,77.3438,0.00,1,0.00
0.330330,263.7598,-0.878906,110,77.3438,0.00,1,0.00
0.331330,263.7598,-0.878906,110,77.3438,0.00,1,0.00
0.332331,263.6719,-0.966797,110,77.3438,0.00,1,0.00
0.333332,263.6719,-0.966797,110,77.3438,0.00,1,0.00
0.334333,263.7598,-0.878906,110,77.3438,0.00,1,0.00
0.335334,263.6719,-0.966797,110,77.3438,0.00,1,0.00
0.336335,263.6719,-0.966797,110,77.3438,0.00,1,0.00
0.337336,263.7598,-0.878906,110,77.3438,0.00,1,0.00
0.344564,263.7598,-0.878906,110,77.3438,0.00,1,0.00
0.345564,263.6719,-0.966797,111,78.0469,0.00,1,0.00
0.346565,263.7598,-0.878906,111,78.0469,0.00,1,0.00
0.347566,263.7598,-0.878906,111,78.0469,0.00,1,0.00
0.348567,263.7598,-0.878906,111,78.0469,0.00,1,0.00
0.349568,263.7598,-0.878906,111,78.0469,0.00,1,0.00
0.350569,263.7598,-0.878906,111,78.0469,0.00,1,0.00
0.351570,263.7598,-0.878906,111,78.0469,0.00,1,0.00
0.352571,263.7598,-0.878906,111,78.0469,0.00,1,0.00
0.353572,263.7598,-0.878906,111,78.0469,0.00,1,0.00
0.354573,263.6719,-0.966797,111,78.0469,0.00,1,0.00
0.355574,263.7598,-0.878906,111,78.0469,0.00,1,0.00
0.356575,263.8477,-0.791016,111,78.0469,0.00,1,0.00
0.357576,263.7598,-0.878906,111,78.0469,0.00,1,0.00
0.358577,263.7598,-0.878906,111,78.0469,0.00,1,0.00
0.359578,263.7598,-0.878906,111,78.0469,0.00,1,0.00
0.360579,263.7598,-0.878906,111,78.0469,0.00,1,0.00
0.361580,263.6719,-0.966797,111,78.0469,0.00,1,0.00
0.362580,263.6719,-0.966797,111,78.0469,0.00,1,0.00
0.363581,263.6719,-0.966797,111,78.0469,0.00,1,0.00
0.364582,263.6719,-0.966797,111,78.0469,0.00,1,0.00
0.365583,263.7598,-0.878906,111,78.0469,0.00,1,0.00
0.366584,263.7598,-0.878906,111,78.0469,0.00,1,0.00
0.367585,263.7598,-0.878906,111,78.0469,0.00,1,0.00
0.368586,263.7598,-0.878906,111,78.0469,0.00,1,0.00
0.369587,263.7598,-0.878906,111,78.0469,0.00,1,0.00
0.370588,263.7598,-0.878906,111,78.0469,0.00,1,0.00
0.371589,263.7598,-0.878906,111,78.0469,0.00,1,0.00
0.372590,263.6719,-0.966797,111,78.0469,0.00,1,0.00
0.373591,263.6719,-0.966797,111,78.0469,0.00,1,0.00
0.374592,263.7598,-0.878906,111,78.0469,0.00,1,0.00
0.375593,263.6719,-0.966797,111,78.0469,0.00,1,0.00
0.376594,263.7598,-0.878906,111,78.0469,0.00,1,0.00
0.377595,263.7598,-0.878906,111,78.0469,0.00,1,0.00
0.378596,263.8477,-0.791016,111,78.0469,0.00,1,0.00
0.379597,263.7598,-0.878906,111,78.0469,0.00,1,0.00
0.380598,263.7598,-0.878906,111,78.0469,0.00,1,0.00
0.381599,263.7598,-0.878906,111,78.0469,0.00,1,0.00
0.382600,263.7598,-0.878906,111,78.0469,0.00,1,0.00
0.383601,263.7598,-0.878906,111,78.0469,0.00,1,0.00
0.384602,263.7598,-0.878906,111,78.0469,0.00,1,0.00
0.385603,263.7598,-0.878906,111,78.0469,0.00,1,0.00
0.386604,263.6719,-0.966797,111,78.0469,0.00,1,0.00
0.387605,263.6719,-0.966797,111,78.0469,0.00,1,0.00
0.388606,263.7598,-0.878906,111,78.0469,0.00,1,0.00
0.389607,263.7598,-0.878906,111,78.0469,0.00,1,0.00
0.390608,263.7598,-0.878906,111,78.0469,0.00,1,0.00
0.391609,263.6719,-0.966797,111,78.0469,0.00,1,0.00
0.392610,263.6719,-0.966797,111,78.0469,0.00,1,0.00
0.393611,263.7598,-0.878906,111,78.0469,0.00,1,0.00
0.400838,263.7598,-0.878906,111,78.0469,0.00,1,0.00
0.401838,263.7598,-0.878906,111,78.0469,0.00,1,0.00
0.402839,263.6719,-0.966797,111,78.0469,0.00,1,0.00
0.403840,263.7598,-0.878906,111,78.0469,0.00,1,0.00
0.404841,263.7598,-0.878906,111,78.0469,0.00,1,0.00
0.405842,263.6719,-0.966797,111,78.0469,0.00,1,0.00
0.406843,263.7598,-0.878906,111,78.0469,0.00,1,0.00
0.407844,263.7598,-0.878906,111,78.0469,0.00,1,0.00
0.408845,263.6719,-0.966797,111,78.0469,0.00,1,0.00
0.409846,263.6719,-0.966797,111,78.0469,0.00,1,0.00
0.410847,263.7598,-0.878906,111,78.0469,0.00,1,0.00
0.411848,263.8477,-0.791016,111,78.0469,0.00,1,0.00
0.412849,263.7598,-0.878906,111,78.0469,0.00,1,0.00
0.413850,263.7598,-0.878906,111,78.0469,0.00,1,0.00
0.414851,263.7598,-0.878906,111,78.0469,0.00,1,0.00
0.415852,263.7598,-0.878906,111,78.0469,0.00,1,0.00
0.416853,263.7598,-0.878906,111,78.0469,0.00,1,0.00
0.417854,263.7598,-0.878906,111,78.0469,0.00,1,0.00
0.418855,263.6719,-0.966797,111,78.0469,0.00,1,0.00
0.419856,263.6719,-0.966797,111,78.0469,0.00,1,0.00
0.420857,263.7598,-0.878906,111,78.0469,0.00,1,0.00
0.421858,263.7598,-0.878906,111,78.0469,0.00,1,0.00
0.422859,263.6719,-0.966797,111,78.0469,0.00,1,0.00
0.423860,263.6719,-0.966797,111,78.0469,0.00,1,0.00
0.424861,263.7598,-0.878906,111,78.0469,0.00,1,0.00
0.425861,263.7598,-0.878906,111,78.0469,0.00,1,0.00
0.426862,263.7598,-0.878906,111,78.0469,0.00,1,0.00
0.427863,263.7598,-0.878906,111,78.0469,0.00,1,0.00
0.428864,263.7598,-0.878906,111,78.0469,0.00,1,0.00
0.429865,263.7598,-0.878906,111,78.0469,0.00,1,0.00
0.430866,263.7598,-0.878906,111,78.0469,0.00,1,0.00
0.431867,263.7598,-0.878906,111,78.0469,0.00,1,0.00
0.432868,263.7598,-0.878906,111,78.0469,0.00,1,0.00
0.433869,263.7598,-0.878906,111,78.0469,0.00,1,0.00
0.434870,263.7598,-0.878906,111,78.0469,0.00,1,0.00
0.435871,263.7598,-0.878906,111,78.0469,0.00,1,0.00
0.436872,263.7598,-0.878906,111,78.0469,0.00,1,0.00
0.437873,263.7598,-0.878906,111,78.0469,0.00,1,0.00
0.438874,263.7598,-0.878906,111,78.0469,0.00,1,0.00
0.439875,263.8477,-0.791016,111,78.0469,0.00,1,0.00
0.440876,263.8477,-0.791016,111,78.0469,0.00,1,0.00
0.441877,263.7598,-0.878906,111,78.0469,0.00,1,0.00
0.442878,263.7598,-0.878906,111,78.0469,0.00,1,0.00
0.443879,263.6719,-0.966797,111,78.0469,0.00,1,0.00
0.444880,263.7598,-0.878906,111,78.0469,0.00,1,0.00
0.445881,263.7598,-0.878906,111,78.0469,0.00,1,0.00
0.446882,263.6719,-0.966797,111,78.0469,0.00,1,0.00
0.447883,263.6719,-0.966797,111,78.0469,0.00,1,0.00
0.448884,263.7598,-0.878906,111,78.0469,0.00,1,0.00
0.449885,263.7598,-0.878906,111,78.0469,0.00,1,0.00
0.457136,263.7598,-0.878906,111,78.0469,0.00,1,0.00
0.458137,263.7598,-0.878906,111,78.0469,0.00,1,0.00
0.459138,263.7598,-0.878906,111,78.0469,0.00,1,0.00
0.460139,263.7598,-0.878906,111,78.0469,0.00,1,0.00
0.461140,263.7598,-0.878906,111,78.0469,0.00,1,0.00
0.462141,263.8477,-0.791016,111,78.0469,0.00,1,0.00
0.463142,263.8477,-0.791016,111,78.0469,0.00,1,0.00
0.464143,263.7598,-0.878906,111,78.0469,0.00,1,0.00
0.465144,263.6719,-0.966797,111,78.0469,0.00,1,0.00
0.466145,263.6719,-0.966797,111,78.0469,0.00,1,0.00
0.467146,263.6719,-0.966797,111,78.0469,0.00,1,0.00
0.468147,263.7598,-0.878906,111,78.0469,0.00,1,0.00
0.469148,263.7598,-0.878906,111,78.0469,0.00,1,0.00
0.470149,263.8477,-0.791016,111,78.0469,0.00,1,0.00
0.471150,263.7598,-0.878906,111,78.0469,0.00,1,0.00
0.472151,263.6719,-0.966797,111,78.0469,0.00,1,0.00
0.473152,263.7598,-0.878906,111,78.0469,0.00,1,0.00
0.474153,263.7598,-0.878906,111,78.0469,0.00,1,0.00
0.475154,263.7598,-0.878906,111,78.0469,0.00,1,0.00
0.476155,263.7598,-0.878906,111,78.0469,0.00,1,0.00
0.477156,263.7598,-0.878906,111,78.0469,0.00,1,0.00
0.478157,263.7598,-0.878906,111,78.0469,0.00,1,0.00
0.479158,263.7598,-0.878906,111,78.0469,0.00,1,0.00
0.480158,263.7598,-0.878906,111,78.0469,0.00,1,0.00
0.481159,263.7598,-0.878906,111,78.0469,0.00,1,0.00
0.482160,263.6719,-0.966797,111,78.0469,0.00,1,0.00
0.483161,263.7598,-0.878906,111,78.0469,0.00,1,0.00
0.484162,263.7598,-0.878906,111,78.0469,0.00,1,0.00
0.485163,263.7598,-0.878906,111,78.0469,0.00,1,0.00
0.486164,263.7598,-0.878906,111,78.0469,0.00,1,0.00
0.487165,263.7598,-0.878906,111,78.0469,0.00,1,0.00
0.488166,263.7598,-0.878906,111,78.0469,0.00,1,0.00
0.489167,263.7598,-0.878906,111,78.0469,0.00,1,0.00
0.490168,263.6719,-0.966797,111,78.0469,0.00,1,0.00
0.491169,263.6719,-0.966797,111,78.0469,0.00,1,0.00
0.492170,263.6719,-0.966797,111,78.0469,0.00,1,0.00
0.493171,263.6719,-0.966797,111,78.0469,0.00,1,0.00
0.494172,263.6719,-0.966797,111,78.0469,0.00,1,0.00
0.495173,263.6719,-0.966797,111,78.0469,0.00,1,0.00
0.496174,263.6719,-0.966797,111,78.0469,0.00,1,0.00
0.497175,263.6719,-0.966797,111,78.0469,0.00,1,0.00
0.498176,263.7598,-0.878906,111,78.0469,0.00,1,0.00
0.499177,263.7598,-0.878906,111,78.0469,0.00,1,0.00
0.500177,263.7598,-0.878906,111,78.0469,0.00,1,0.00
0.501178,263.7598,-0.878906,111,78.0469,0.00,1,0.00
0.502179,263.7598,-0.878906,111,78.0469,0.00,1,0.00
0.503180,263.6719,-0.966797,111,78.0469,0.00,1,0.00
0.504181,263.6719,-0.966797,111,78.0469,0.00,1,0.00
0.505182,263.7598,-0.878906,111,78.0469,0.00,1,0.00
0.506183,263.6719,-0.966797,111,78.0469,0.00,1,0.00
0.513460,263.6719,-0.966797,111,78.0469,0.00,1,0.00
0.514460,263.6719,-0.966797,111,78.0469,0.00,1,0.00
0.515461,263.7598,-0.878906,111,78.0469,0.00,1,0.00
0.516462,263.7598,-0.878906,111,78.0469,0.00,1,0.00
0.517463,263.7598,-0.878906,111,78.0469,0.00,1,0.00
0.518464,263.7598,-0.878906,111,78.0469,0.00,1,0.00
0.519464,263.6719,-0.966797,111,78.0469,0.00,1,0.00
0.520465,263.6719,-0.966797,111,78.0469,0.00,1,0.00
0.521466,263.6719,-0.966797,111,78.0469,0.00,1,0.00
0.522467,263.6719,-0.966797,111,78.0469,0.00,1,0.00
0.523468,263.6719,-0.966797,111,78.0469,0.00,1,0.00
0.524469,263.6719,-0.966797,111,78.0469,0.00,1,0.00
0.525470,263.6719,-0.966797,111,78.0469,0.00,1,0.00
0.526471,263.7598,-0.878906,111,78.0469,0.00,1,0.00
0.527472,263.7598,-0.878906,111,78.0469,0.00,1,0.00
0.528473,263.7598,-0.878906,111,78.0469,0.00,1,0.00
0.529474,263.7598,-0.878906,111,78.0469,0.00,1,0.00
0.530475,263.7598,-0.878906,111,78.0469,0.00,1,0.00
0.531476,263.7598,-0.878906,111,78.0469,0.00,1,0.00
0.532477,263.7598,-0.878906,111,78.0469,0.00,1,0.00
0.533478,263.7598,-0.878906,111,78.0469,0.00,1,0.00
0.534479,263.7598,-0.878906,111,78.0469,0.00,1,0.00
0.535480,263.7598,-0.878906,111,78.0469,0.00,1,0.00
0.536481,263.7598,-0.878906,111,78.0469,0.00,1,0.00
0.537482,263.7598,-0.878906,111,78.0469,0.00,1,0.00
0.538483,263.7598,-0.878906,111,78.0469,0.00,1,0.00
0.539484,263.7598,-0.878906,111,78.0469,0.00,1,0.00
0.540485,263.7598,-0.878906,111,78.0469,0.00,1,0.00
0.541486,263.7598,-0.878906,111,78.0469,0.00,1,0.00
0.542487,263.7598,-0.878906,111,78.0469,0.00,1,0.00
0.543488,263.7598,-0.878906,111,78.0469,0.00,1,0.00
0.544489,263.7598,-0.878906,111,78.0469,0.00,1,0.00
0.545490,263.7598,-0.878906,111,78.0469,0.00,1,0.00
0.546491,263.7598,-0.878906,111,78.0469,0.00,1,0.00
0.547492,263.7598,-0.878906,111,78.0469,0.00,1,0.00
0.548493,263.8477,-0.791016,111,78.0469,0.00,1,0.00
0.549494,263.8477,-0.791016,111,78.0469,0.00,1,0.00
0.550495,263.7598,-0.878906,111,78.0469,0.00,1,0.00
0.551495,263.7598,-0.878906,111,78.0469,0.00,1,0.00
0.552496,263.7598,-0.878906,111,78.0469,0.00,1,0.00
0.553497,263.7598,-0.878906,111,78.0469,0.00,1,0.00
0.554498,263.7598,-0.878906,111,78.0469,0.00,1,0.00
0.555499,263.6719,-0.966797,111,78.0469,0.00,1,0.00
0.556500,263.7598,-0.878906,111,78.0469,0.00,1,0.00
0.557501,263.7598,-0.878906,111,78.0469,0.00,1,0.00
0.558502,263.7598,-0.878906,111,78.0469,0.00,1,0.00
0.559503,263.7598,-0.878906,111,78.0469,0.00,1,0.00
0.560504,263.7598,-0.878906,111,78.0469,0.00,1,0.00
0.561505,263.8477,-0.791016,111,78.0469,0.00,1,0.00
0.562506,263.7598,-0.878906,111,78.0469,0.00,1,0.00
0.570213,263.7598,-0.878906,111,78.0469,0.00,1,0.00
0.571214,263.6719,-0.966797,111,78.0469,0.00,1,0.00
0.572215,263.6719,-0.966797,111,78.0469,0.00,1,0.00
0.573216,263.6719,-0.966797,111,78.0469,0.00,1,0.00
0.574217,263.6719,-0.966797,111,78.0469,0.00,1,0.00
0.575218,263.7598,-0.878906,111,78.0469,0.00,1,0.00
0.576219,263.7598,-0.878906,111,78.0469,0.00,1,0.00
0.577220,263.7598,-0.878906,111,78.0469,0.00,1,0.00
0.578221,263.7598,-0.878906,111,78.0469,0.00,1,0.00
0.579222,263.7598,-0.878906,111,78.0469,0.00,1,0.00
0.580223,263.6719,-0.966797,111,78.0469,0.00,1,0.00
0.581224,263.6719,-0.966797,111,78.0469,0.00,1,0.00
0.582225,263.6719,-0.966797,111,78.0469,0.00,1,0.00
0.583226,263.6719,-0.966797,111,78.0469,0.00,1,0.00
0.584227,263.7598,-0.878906,111,78.0469,0.00,1,0.00
0.585228,263.7598,-0.878906,111,78.0469,0.00,1,0.00
0.586229,263.7598,-0.878906,111,78.0469,0.00,1,0.00
0.587230,263.7598,-0.878906,111,78.0469,0.00,1,0.00
0.588231,263.7598,-0.878906,111,78.0469,0.00,1,0.00
0.589232,263.8477,-0.791016,111,78.0469,0.00,1,0.00
0.590233,263.7598,-0.878906,111,78.0469,0.00,1,0.00
0.591234,263.7598,-0.878906,111,78.0469,0.00,1,0.00
0.592234,263.7598,-0.878906,111,78.0469,0.00,1,0.00
0.593235,263.7598,-0.878906,111,78.0469,0.00,1,0.00
0.594236,263.7598,-0.878906,111,78.0469,0.00,1,0.00
0.595237,263.7598,-0.878906,111,78.0469,0.00,1,0.00
0.596238,263.7598,-0.878906,111,78.0469,0.00,1,0.00
0.597239,263.6719,-0.966797,111,78.0469,0.00,1,0.00
0.598240,263.6719,-0.966797,111,78.0469,0.00,1,0.00
0.599241,263.6719,-0.966797,111,78.0469,0.00,1,0.00
0.600242,263.6719,-0.966797,111,78.0469,0.00,1,0.00
0.601243,263.7598,-0.878906,111,78.0469,0.00,1,0.00
0.602244,263.7598,-0.878906,111,78.0469,0.00,1,0.00
0.603245,263.7598,-0.878906,111,78.0469,0.00,1,0.00
0.604246,263.7598,-0.878906,111,78.0469,0.00,1,0.00
0.605247,263.7598,-0.878906,111,78.0469,0.00,1,0.00
0.606248,263.7598,-0.878906,111,78.0469,0.00,1,0.00
0.607249,263.7598,-0.878906,111,78.0469,0.00,1,0.00
0.608250,263.7598,-0.878906,111,78.0469,0.00,1,0.00
0.609251,263.6719,-0.966797,111,78.0469,0.00,1,0.00
0.610252,263.7598,-0.878906,111,78.0469,0.00,1,0.00
0.611253,263.7598,-0.878906,111,78.0469,0.00,1,0.00
0.612254,263.7598,-0.878906,111,78.0469,0.00,1,0.00
0.613255,263.6719,-0.966797,111,78.0469,0.00,1,0.00
0.614256,263.6719,-0.966797,111,78.0469,0.00,1,0.00
0.615257,263.6719,-0.966797,111,78.0469,0.00,1,0.00
0.616258,263.7598,-0.878906,111,78.0469,0.00,1,0.00
0.617259,263.7598,-0.878906,111,78.0469,0.00,1,0.00
0.618260,263.7598,-0.878906,111,78.0469,0.00,1,0.00
0.619261,263.6719,-0.966797,111,78.0469,0.00,1,0.00
0.626489,263.7598,-0.878906,111,78.0469,0.00,1,0.00
0.627490,263.7598,-0.878906,111,78.0469,0.00,1,0.00
0.628491,263.6719,-0.966797,111,78.0469,0.00,1,0.00
0.629492,263.7598,-0.878906,111,78.0469,0.00,1,0.00
0.630493,263.7598,-0.878906,111,78.0469,0.00,1,0.00
0.631494,263.7598,-0.878906,111,78.0469,0.00,1,0.00
0.632495,263.7598,-0.878906,111,78.0469,0.00,1,0.00
0.633496,263.7598,-0.878906,111,78.0469,0.00,1,0.00
0.634497,263.7598,-0.878906,111,78.0469,0.00,1,0.00
0.635498,263.7598,-0.878906,111,78.0469,0.00,1,0.00
0.636499,263.8477,-0.791016,111,78.0469,0.00,1,0.00
0.637500,263.8477,-0.791016,111,78.0469,0.00,1,0.00
0.638501,263.7598,-0.878906,111,78.0469,0.00,1,0.00
0.639502,263.6719,-0.966797,111,78.0469,0.00,1,0.00
0.640503,263.7598,-0.878906,111,78.0469,0.00,1,0.00
0.641504,263.7598,-0.878906,111,78.0469,0.00,1,0.00
0.642505,263.7598,-0.878906,111,78.0469,0.00,1,0.00
0.643506,263.7598,-0.878906,111,78.0469,0.00,1,0.00
0.644507,263.6719,-0.966797,111,78.0469,0.00,1,0.00
0.645508,263.7598,-0.878906,111,78.0469,0.00,1,0.00
0.646509,263.7598,-0.878906,111,78.0469,0.00,1,0.00
0.647510,263.7598,-0.878906,111,78.0469,0.00,1,0.00
0.648511,263.7598,-0.878906,111,78.0469,0.00,1,0.00
0.649512,263.7598,-0.878906,111,78.0469,0.00,1,0.00
0.650513,263.7598,-0.878906,111,78.0469,0.00,1,0.00
0.651514,263.7598,-0.878906,111,78.0469,0.00,1,0.00
0.652515,263.6719,-0.966797,111,78.0469,0.00,1,0.00
0.653516,263.7598,-0.878906,111,78.0469,0.00,1,0.00
0.654517,263.8477,-0.791016,111,78.0469,0.00,1,0.00
0.655518,263.7598,-0.878906,111,78.0469,0.00,1,0.00
0.656519,263.7598,-0.878906,111,78.0469,0.00,1,0.00
0.657520,263.7598,-0.878906,111,78.0469,0.00,1,0.00
0.658521,263.7598,-0.878906,111,78.0469,0.00,1,0.00
0.659522,263.6719,-0.966797,111,78.0469,0.00,1,0.00
0.660523,263.7598,-0.878906,111,78.0469,0.00,1,0.00
0.661524,263.7598,-0.878906,111,78.0469,0.00,1,0.00
0.662525,263.7598,-0.878906,111,78.0469,0.00,1,0.00
0.663526,263.7598,-0.878906,111,78.0469,0.00,1,0.00
0.664527,263.7598,-0.878906,111,78.0469,0.00,1,0.00
0.665528,263.7598,-0.878906,111,78.0469,0.00,1,0.00
0.666529,263.7598,-0.878906,111,78.0469,0.00,1,0.00
0.667530,263.6719,-0.966797,111,78.0469,0.00,1,0.00
0.668531,263.7598,-0.878906,111,78.0469,0.00,1,0.00
0.669532,263.6719,-0.966797,111,78.0469,0.00,1,0.00
0.670533,263.7598,-0.878906,111,78.0469,0.00,1,0.00
0.671534,263.7598,-0.878906,111,78.0469,0.00,1,0.00
0.672535,263.7598,-0.878906,111,78.0469,0.00,1,0.00
0.673536,263.7598,-0.878906,111,78.0469,0.00,1,0.00
0.674537,263.7598,-0.878906,111,78.0469,0.00,1,0.00
0.675538,263.7598,-0.878906,111,78.0469,0.00,1,0.00
0.682767,263.6719,-0.966797,111,78.0469,0.00,1,0.00
0.683767,263.7598,-0.878906,111,78.0469,0.00,1,0.00
0.684768,263.7598,-0.878906,111,78.0469,0.00,1,0.00
0.685769,263.7598,-0.878906,111,78.0469,0.00,1,0.00
0.686770,263.7598,-0.878906,111,78.0469,0.00,1,0.00
0.687771,263.7598,-0.878906,111,78.0469,0.00,1,0.00
0.688772,263.7598,-0.878906,111,78.0469,0.00,1,0.00
0.689773,263.6719,-0.966797,111,78.0469,0.00,1,0.00
0.690774,263.7598,-0.878906,111,78.0469,0.00,1,0.00
0.691775,263.7598,-0.878906,111,78.0469,0.00,1,0.00
0.692776,263.7598,-0.878906,111,78.0469,0.00,1,0.00
0.693777,263.7598,-0.878906,111,78.0469,0.00,1,0.00
0.694778,263.7598,-0.878906,111,78.0469,0.00,1,0.00
0.695779,263.6719,-0.966797,111,78.0469,0.00,1,0.00
0.696780,263.7598,-0.878906,111,78.0469,0.00,1,0.00
0.697781,263.7598,-0.878906,111,78.0469,0.00,1,0.00
0.698782,263.7598,-0.878906,111,78.0469,0.00,1,0.00
0.699783,263.7598,-0.878906,111,78.0469,0.00,1,0.00
0.700784,263.8477,-0.791016,111,78.0469,500.00,1,500.00
0.701785,263.7598,-0.878906,111,78.0469,500.00,1,500.00
0.702786,263.7598,-0.878906,111,78.0469,500.00,1,500.00
0.703786,263.4082,-1.230469,112,78.7500,500.00,1,500.00
0.704787,262.7051,-1.933594,113,79.4531,500.00,1,500.00
0.705788,262.2656,-2.373047,113,79.4531,500.00,1,500.00
0.706789,262.0020,-2.636719,113,79.4531,500.00,1,500.00
0.707790,261.7383,-2.900391,115,80.8594,500.00,1,500.00
0.708791,261.1230,-3.515625,116,81.5625,500.00,1,500.00
0.709792,260.5078,-4.130859,116,81.5625,500.00,1,500.00
0.710793,260.2441,-4.394531,116,81.5625,500.00,1,500.00
0.711794,260.0684,-4.570312,117,82.2656,500.00,1,500.00
0.712795,259.4531,-5.185547,118,82.9688,500.00,1,500.00
0.713796,258.8379,-5.800781,119,83.6719,500.00,1,500.00
0.714797,258.4863,-6.152344,119,83.6719,500.00,1,500.00
0.715798,258.3105,-6.328125,120,84.3750,500.00,1,500.00
0.716799,257.9590,-6.679687,120,84.3750,500.00,1,500.00
0.717800,257.2559,-7.382812,121,85.0781,500.00,1,500.00
0.718801,256.8164,-7.822266,121,85.0781,500.00,1,500.00
0.719802,256.6406,-7.998047,122,85.7813,500.00,1,500.00
0.720803,256.2891,-8.349609,123,86.4844,500.00,1,500.00
0.721804,255.6738,-8.964844,124,87.1875,500.00,1,500.00
0.722805,255.2344,-9.404297,124,87.1875,500.00,1,500.00
0.723806,254.8828,-9.755859,124,87.1875,500.00,1,500.00
0.724807,254.6191,-10.019531,125,87.8906,500.00,1,500.00
0.725808,254.1797,-10.458984,126,88.5938,500.00,1,500.00
0.726809,253.6523,-10.986328,127,89.2969,500.00,1,500.00
0.727810,253.3008,-11.337891,127,89.2969,500.00,1,500.00
0.728811,252.8613,-11.777344,128,90.0000,500.00,1,500.00
0.729812,252.3340,-12.304688,129,90.7031,500.00,1,500.00
0.730813,251.9824,-12.656250,129,90.7031,500.00,1,500.00
0.731814,251.6309,-13.007813,130,91.4063,500.00,1,500.00
0.739044,248.7305,-15.908203,134,94.2188,500.00,1,500.00
0.740045,248.2910,-16.347656,135,94.9219,500.00,1,500.00
0.741046,247.9395,-16.699219,136,95.6250,500.00,1,500.00
0.742047,247.3242,-17.314453,136,95.6250,500.00,1,500.00
0.743048,246.9727,-17.666016,137,96.3281,500.00,1,500.00
0.744049,246.7969,-17.841797,138,97.0313,500.00,1,500.00
0.745050,246.3574,-18.281250,139,97.7344,500.00,1,500.00
0.746051,245.7422,-18.896484,139,97.7344,500.00,1,500.00
0.747052,245.3906,-19.248047,140,98.4375,500.00,1,500.00
0.748053,245.0391,-19.599609,140,98.4375,500.00,1,500.00
0.749054,244.6875,-19.951172,141,99.1406,500.00,1,500.00
0.750055,244.0723,-20.566406,142,99.8438,500.00,1,500.00
0.751056,243.7207,-20.917969,142,99.8438,500.00,1,500.00
0.752057,243.4570,-21.181641,143,100.5469,500.00,1,500.00
0.753058,243.0176,-21.621094,144,101.2500,500.00,1,500.00
0.754059,242.4023,-22.236328,144,101.2500,500.00,1,500.00
0.755060,242.0508,-22.587891,144,101.2500,500.00,1,500.00
0.756061,241.6992,-22.939453,145,101.9531,500.00,1,500.00
0.757062,241.2598,-23.378906,146,102.6563,500.00,1,500.00
0.758063,240.7324,-23.906250,147,103.3594,500.00,1,500.00
0.759064,240.2930,-24.345703,147,103.3594,500.00,1,500.00
0.760065,240.0293,-24.609375,148,104.0625,500.00,1,500.00
0.761066,239.6777,-24.960937,149,104.7656,500.00,1,500.00
0.762067,239.1504,-25.488281,149,104.7656,500.00,1,500.00
0.763068,238.7109,-25.927734,150,105.4688,500.00,1,500.00
0.764069,238.4473,-26.191406,150,105.4688,500.00,1,500.00
0.765070,238.0078,-26.630859,151,106.1719,500.00,1,500.00
0.766071,237.4805,-27.158203,152,106.8750,500.00,1,500.00
0.767072,237.1289,-27.509766,152,106.8750,500.00,1,500.00
0.768073,236.8652,-27.773437,153,107.5781,500.00,1,500.00
0.769074,236.4258,-28.212891,154,108.2813,500.00,1,500.00
0.770075,235.8105,-28.828125,155,108.9844,500.00,1,500.00
0.771076,235.4590,-29.179687,155,108.9844,500.00,1,500.00
0.772077,235.1074,-29.531250,156,109.6875,500.00,1,500.00
0.773078,234.6680,-29.970703,156,109.6875,500.00,1,500.00
0.774079,234.2285,-30.410156,157,110.3906,500.00,1,500.00
0.775080,233.7012,-30.937500,158,111.0938,500.00,1,500.00
0.776081,233.3496,-31.289062,158,111.0938,500.00,1,500.00
0.777082,232.9102,-31.728516,159,111.7969,500.00,1,500.00
0.778083,232.3828,-32.255859,160,112.5000,500.00,1,500.00
0.779084,231.9434,-32.695312,160,112.5000,500.00,1,500.00
0.780085,231.6797,-32.958984,161,113.2031,500.00,1,500.00
0.781086,231.3281,-33.310547,162,113.9063,500.00,1,500.00
0.782087,230.8008,-33.837891,162,113.9063,500.00,1,500.00
0.783087,230.2734,-34.365234,162,113.9063,500.00,1,500.00
0.784088,230.0098,-34.628906,163,114.6094,500.00,1,500.00
0.785089,229.6582,-34.980469,164,115.3125,500.00,1,500.00
0.786090,229.1309,-35.507812,165,116.0156,500.00,1,500.00
0.787091,228.6035,-36.035156,165,116.0156,500.00,1,500.00
0.788092,228.3398,-36.298828,166,116.7188,500.00,1,500.00
0.795345,225.0879,-39.550781,170,119.5313,500.00,1,500.00
0.796346,224.8242,-39.814453,171,120.2344,500.00,1,500.00
0.797347,224.2969,-40.341797,172,120.9375,500.00,1,500.00
0.798348,223.7695,-40.869141,172,120.9375,500.00,1,500.00
0.799349,223.2422,-41.396484,173,121.6406,500.00,1,500.00
0.800350,222.9785,-41.660156,174,122.3438,500.00,1,500.00
0.801351,222.4512,-42.187500,175,123.0469,500.00,1,500.00
0.802352,222.0117,-42.626953,175,123.0469,500.00,1,500.00
0.803353,221.5723,-43.066406,176,123.7500,500.00,1,500.00
0.804354,221.3086,-43.330078,176,123.7500,500.00,1,500.00
0.805355,220.8691,-43.769531,177,124.4531,500.00,1,500.00
0.806356,220.1660,-44.472656,178,125.1563,500.00,1,500.00
0.807357,219.8145,-44.824219,178,125.1563,500.00,1,500.00
0.808358,219.4629,-45.175781,179,125.8594,500.00,1,500.00
0.809359,219.0234,-45.615234,180,126.5625,500.00,1,500.00
0.810360,218.4082,-46.230469,180,126.5625,500.00,1,500.00
0.811361,217.9687,-46.669922,181,127.2656,500.00,1,500.00
0.812362,217.7051,-46.933594,181,127.2656,500.00,1,500.00
0.813363,217.1777,-47.460937,182,127.9688,500.00,1,500.00
0.814364,216.6504,-47.988281,183,128.6719,500.00,1,500.00
0.815365,216.2988,-48.339844,183,128.6719,500.00,1,500.00
0.816366,215.9473,-48.691406,184,129.3750,500.00,1,500.00
0.817367,215.3320,-49.306641,185,130.0781,500.00,1,500.00
0.818368,214.8047,-49.833984,185,130.0781,500.00,1,500.00
0.819369,214.3652,-50.273437,186,130.7812,500.00,1,500.00
0.820370,214.1016,-50.537109,186,130.7812,500.00,1,500.00
0.821371,213.6621,-50.976562,188,132.1875,500.00,1,500.00
0.822372,213.1348,-51.503906,188,132.1875,500.00,1,500.00
0.823373,212.6953,-51.943359,188,132.1875,500.00,1,500.00
0.824374,212.1680,-52.470703,189,132.8906,500.00,1,500.00
0.825375,211.7285,-52.910156,190,133.5937,500.00,1,500.00
0.826376,211.2891,-53.349609,190,133.5937,500.00,1,500.00
0.827377,210.7617,-53.876953,191,134.2969,500.00,1,500.00
0.828378,210.4102,-54.228516,192,135.0000,500.00,1,500.00
0.829379,209.9707,-54.667969,193,135.7031,500.00,1,500.00
0.830380,209.3555,-55.283203,193,135.7031,500.00,1,500.00
0.831381,208.9160,-55.722656,194,136.4062,500.00,1,500.00
0.832382,208.5645,-56.074219,194,136.4062,500.00,1,500.00
0.833383,208.0371,-56.601562,195,137.1094,500.00,1,500.00
0.834384,207.5977,-57.041016,196,137.8125,500.00,1,500.00
0.835385,207.1582,-57.480469,196,137.8125,500.00,1,500.00
0.836386,206.7187,-57.919922,197,138.5156,500.00,1,500.00
0.837387,206.2793,-58.359375,198,139.2187,500.00,1,500.00
0.838388,205.5762,-59.062500,198,139.2187,500.00,1,500.00
0.839389,205.1367,-59.501953,199,139.9219,500.00,1,500.00
0.840390,204.7852,-59.853516,200,140.6250,500.00,1,500.00
0.841391,204.1699,-60.468750,200,140.6250,500.00,1,500.00
0.842392,203.6426,-60.996094,201,141.3281,500.00,1,500.00
0.843393,203.2910,-61.347656,201,141.3281,500.00,1,500.00
0.844393,202.9395,-61.699219,202,142.0312,500.00,1,500.00
0.851485,199.5117,-65.126953,206,144.8437,500.00,1,500.00
0.852486,199.1602,-65.478516,207,145.5469,500.00,1,500.00
0.853487,198.6328,-66.005859,208,146.2500,500.00,1,500.00
0.854488,197.9297,-66.708984,208,146.2500,500.00,1,500.00
0.855489,197.5781,-67.060547,209,146.9531,500.00,1,500.00
0.856490,197.2266,-67.412109,210,147.6562,500.00,1,500.00
0.857491,196.6113,-68.027344,211,148.3594,500.00,1,500.00
0.858492,196.0840,-68.554687,211,148.3594,500.00,1,500.00
0.859493,195.6445,-68.994141,212,149.0625,500.00,1,500.00
0.860494,195.2051,-69.433594,212,149.0625,500.00,1,500.00
0.861495,194.6777,-69.960937,213,149.7656,500.00,1,500.00
0.862496,193.9746,-70.664062,214,150.4687,500.00,1,500.00
0.863497,193.6230,-71.015625,214,150.4687,500.00,1,500.00
0.864498,193.2715,-71.367187,215,151.1719,500.00,1,500.00
0.865499,192.6562,-71.982422,216,151.8750,500.00,1,500.00
0.866500,192.1289,-72.509766,216,151.8750,500.00,1,500.00
0.867501,191.6895,-72.949219,217,152.5781,500.00,1,500.00
0.868502,191.3379,-73.300781,218,153.2812,500.00,1,500.00
0.869503,190.8105,-73.828125,218,153.2812,500.00,1,500.00
0.870504,190.2832,-74.355469,219,153.9844,500.00,1,500.00
0.871505,189.7559,-74.882812,220,154.6875,500.00,1,500.00
0.872506,189.3164,-75.322266,220,154.6875,500.00,1,500.00
0.873507,188.7891,-75.849609,221,155.3906,500.00,1,500.00
0.874508,188.1738,-76.464844,221,155.3906,500.00,1,500.00
0.875509,187.7344,-76.904297,222,156.0937,500.00,1,500.00
0.876510,187.2949,-77.343750,223,156.7969,500.00,1,500.00
0.877511,186.7676,-77.871094,224,157.5000,500.00,1,500.00
0.878512,186.0645,-78.574219,224,157.5000,500.00,1,500.00
0.879513,185.7129,-78.925781,224,157.5000,500.00,1,500.00
0.880514,185.4492,-79.189453,225,158.2031,500.00,1,500.00
0.881515,184.8340,-79.804687,226,158.9062,500.00,1,500.00
0.882516,184.2187,-80.419922,226,158.9062,500.00,1,500.00
0.883517,183.7793,-80.859375,227,159.6094,500.00,1,500.00
0.884518,183.3398,-81.298828,228,160.3125,500.00,1,500.00
0.885519,182.7246,-81.914062,229,161.0156,500.00,1,500.00
0.886519,182.1973,-82.441406,229,161.0156,500.00,1,500.00
0.887520,181.7578,-82.880859,230,161.7187,500.00,1,500.00
0.888521,181.4062,-83.232422,230,161.7187,500.00,1,500.00
0.889522,180.7031,-83.935547,232,163.1250,500.00,1,500.00
0.890523,180.0879,-84.550781,232,163.1250,500.00,1,500.00
0.891524,179.6484,-84.990234,232,163.1250,500.00,1,500.00
0.892525,179.2969,-85.341797,233,163.8281,500.00,1,500.00
0.893526,178.6816,-85.957031,234,164.5312,500.00,1,500.00
0.894527,178.1543,-86.484375,234,164.5312,500.00,1,500.00
0.895528,177.6270,-87.011719,235,165.2344,500.00,1,500.00
0.896529,177.1875,-87.451172,236,165.9375,500.00,1,500.00
0.897530,176.7480,-87.890625,236,165.9375,500.00,1,500.00
0.898531,176.1328,-88.505859,236,165.9375,500.00,1,500.00
0.899532,175.6934,-88.945312,237,166.6406,500.00,1,500.00
0.900533,175.3418,-89.296875,238,167.3437,500.00,1,500.00
0.908366,171.2988,-93.339844,243,170.8594,500.00,1,500.00
0.909367,170.7715,-93.867187,244,171.5625,500.00,1,500.00
0.910368,170.1562,-94.482422,244,171.5625,500.00,1,500.00
0.911369,169.6289,-95.009766,245,172.2656,500.00,1,500.00
0.912370,169.2773,-95.361328,246,172.9687,500.00,1,500.00
0.913371,168.6621,-95.976562,247,173.6719,500.00,1,500.00
0.914372,167.9590,-96.679687,247,173.6719,500.00,1,500.00
0.915373,167.6074,-97.031250,248,174.3750,500.00,1,500.00
0.916374,167.2559,-97.382812,248,174.3750,500.00,1,500.00
0.917374,166.6406,-97.998047,249,175.0781,500.00,1,500.00
0.918375,166.1133,-98.525391,250,175.7812,500.00,1,500.00
0.919376,165.6738,-98.964844,250,175.7812,500.00,1,500.00
0.920377,165.2344,-99.404297,251,176.4844,500.00,1,500.00
0.921378,164.6191,-100.019531,252,177.1875,500.00,1,500.00
0.922379,164.0039,-100.634766,252,177.1875,500.00,1,500.00
0.923380,163.6523,-100.986328,253,177.8906,500.00,1,500.00
0.924381,163.3008,-101.337891,253,177.8906,500.00,1,500.00
0.925382,162.5977,-102.041016,254,178.5937,500.00,1,500.00
0.926383,161.9824,-102.656250,255,179.2969,500.00,1,500.00
0.927384,161.5430,-103.095703,255,179.2969,500.00,1,500.00
0.928385,161.1035,-103.535156,256,180.0000,500.00,1,500.00
0.929386,160.6641,-103.974609,257,180.7031,500.00,1,500.00
0.930387,160.0488,-104.589844,257,180.7031,500.00,1,500.00
0.931388,159.6094,-105.029297,258,181.4062,500.00,1,500.00
0.932389,159.1699,-105.468750,258,181.4062,500.00,1,500.00
0.933390,158.5547,-106.083984,260,182.8125,500.00,1,500.00
0.934391,158.0273,-106.611328,260,182.8125,500.00,1,500.00
0.935392,157.5879,-107.050781,260,182.8125,500.00,1,500.00
0.936393,157.1484,-107.490234,261,183.5156,500.00,1,500.00
0.937394,156.5332,-108.105469,262,184.2187,500.00,1,500.00
0.938395,155.8301,-108.808594,262,184.2187,500.00,1,500.00
0.939396,155.3906,-109.248047,263,184.9219,500.00,1,500.00
0.940397,155.0391,-109.599609,264,185.6250,500.00,1,500.00
0.941398,154.4238,-110.214844,264,185.6250,500.00,1,500.00
0.942399,153.8086,-110.830078,265,186.3281,500.00,1,500.00
0.943400,153.4570,-111.181641,266,187.0312,500.00,1,500.00
0.944401,153.0176,-111.621094,266,187.0312,500.00,1,500.00
0.945402,152.4902,-112.148437,267,187.7344,500.00,1,500.00
0.946403,151.8750,-112.763672,268,188.4375,500.00,1,500.00
0.947404,151.5234,-113.115234,268,188.4375,500.00,1,500.00
0.948405,151.0840,-113.554687,269,189.1406,500.00,1,500.00
0.949406,150.4687,-114.169922,270,189.8437,500.00,1,500.00
0.950406,149.7656,-114.873047,270,189.8437,500.00,1,500.00
0.951407,149.4141,-115.224609,271,190.5469,500.00,1,500.00
0.952408,149.0625,-115.576172,271,190.5469,500.00,1,500.00
0.953409,148.5352,-116.103516,272,191.2500,500.00,1,500.00
0.954410,147.8320,-116.806641,273,191.9531,500.00,1,500.00
0.955411,147.3047,-117.333984,273,191.9531,500.00,1,500.00
0.956412,146.9531,-117.685547,274,192.6562,500.00,1,500.00
0.957413,146.3379,-118.300781,275,193.3594,500.00,1,500.00
0.964618,143.0859,-121.552734,279,196.1719,500.00,1,500.00
0.965619,142.5586,-122.080078,280,196.8750,500.00,1,500.00
0.966619,141.9434,-122.695312,280,196.8750,500.00,1,500.00
0.967620,141.4160,-123.222656,281,197.5781,500.00,1,500.00
0.968621,140.9766,-123.662109,282,198.2812,500.00,1,500.00
0.969622,140.4492,-124.189453,283,198.9844,500.00,1,500.00
0.970623,139.8340,-124.804687,283,198.9844,500.00,1,500.00
0.971624,139.4824,-125.156250,284,199.6875,500.00,1,500.00
0.972625,139.0430,-125.595703,284,199.6875,500.00,1,500.00
0.973626,138.3398,-126.298828,286,201.0937,500.00,1,500.00
0.974627,137.8125,-126.826172,286,201.0937,500.00,1,500.00
0.975628,137.3730,-127.265625,286,201.0937,500.00,1,500.00
0.976629,137.1094,-127.529297,287,201.7969,500.00,1,500.00
0.977630,136.6699,-127.968750,288,202.5000,500.00,1,500.00
0.978631,136.1426,-128.496094,288,202.5000,500.00,1,500.00
0.979632,135.6152,-129.023437,289,203.2031,500.00,1,500.00
0.980633,135.2637,-129.375000,290,203.9062,500.00,1,500.00
0.981634,134.6484,-129.990234,290,203.9062,500.00,1,500.00
0.982635,134.1211,-130.517578,291,204.6094,500.00,1,500.00
0.983636,133.6816,-130.957031,292,205.3125,500.00,1,500.00
0.984637,133.2422,-131.396484,292,205.3125,500.00,1,500.00
0.985638,132.7148,-131.923828,293,206.0156,500.00,1,500.00
0.986639,132.0996,-132.539062,293,206.0156,500.00,1,500.00
0.987640,131.7480,-132.890625,294,206.7187,500.00,1,500.00
0.988641,131.4844,-133.154297,295,207.4219,500.00,1,500.00
0.989642,130.8691,-133.769531,296,208.1250,500.00,1,500.00
0.990643,130.2539,-134.384766,296,208.1250,500.00,1,500.00
0.991644,129.9023,-134.736328,296,208.1250,500.00,1,500.00
0.992645,129.3750,-135.263672,297,208.8281,500.00,1,500.00
0.993646,128.9355,-135.703125,298,209.5312,500.00,1,500.00
0.994647,128.3203,-136.318359,298,209.5312,500.00,1,500.00
0.995648,127.9688,-136.669922,299,210.2344,500.00,1,500.00
0.996649,127.6172,-137.021484,300,210.9375,500.00,1,500.00
0.997650,127.0898,-137.548828,301,211.6406,500.00,1,500.00
0.998651,126.5625,-138.076172,301,211.6406,500.00,1,500.00
0.999651,126.2109,-138.427734,302,212.3437,500.00,1,500.00
1.000652,125.8594,-138.779297,302,212.3437,500.00,1,500.00
1.001652,125.3320,-139.306641,303,213.0469,500.00,1,500.00
1.002652,124.8047,-139.833984,304,213.7500,500.00,1,500.00
1.003653,124.2773,-140.361328,304,213.7500,500.00,1,500.00
1.004654,123.9258,-140.712891,305,214.4531,500.00,1,500.00
1.005655,123.3984,-141.240234,306,215.1562,500.00,1,500.00
1.006656,122.8711,-141.767578,306,215.1562,500.00,1,500.00
1.007657,122.5195,-142.119141,307,215.8594,500.00,1,500.00
1.008658,122.0801,-142.558594,308,216.5625,500.00,1,500.00
1.009659,121.5527,-143.085937,308,216.5625,500.00,1,500.00
1.010660,121.0254,-143.613281,308,216.5625,500.00,1,500.00
1.011661,120.6738,-143.964844,309,217.2656,500.00,1,500.00
1.012662,120.2344,-144.404297,310,217.9687,500.00,1,500.00
1.013663,119.7070,-144.931641,311,218.6719,500.00,1,500.00
1.020891,116.5430,-148.095703,316,222.1875,500.00,1,500.00
1.021891,116.0156,-148.623047,316,222.1875,500.00,1,500.00
1.022891,115.4883,-149.150391,316,222.1875,500.00,1,500.00
1.023892,115.2246,-149.414062,317,222.8906,500.00,1,500.00
1.024893,114.7852,-149.853516,318,223.5937,500.00,1,500.00
1.025894,114.3457,-150.292969,319,224.2969,500.00,1,500.00
1.026895,113.9063,-150.732422,319,224.2969,500.00,1,500.00
1.027896,113.3789,-151.259766,320,225.0000,500.00,1,500.00
1.028897,113.0273,-151.611328,320,225.0000,500.00,1,500.00
1.029898,112.5000,-152.138672,321,225.7031,500.00,1,500.00
1.030899,111.9727,-152.666016,322,226.4062,500.00,1,500.00
1.031900,111.6211,-153.017578,322,226.4062,500.00,1,500.00
1.032901,111.2695,-153.369141,323,227.1094,500.00,1,500.00
1.033902,110.5664,-154.072266,324,227.8125,500.00,1,500.00
1.034903,110.1270,-154.511719,324,227.8125,500.00,1,500.00
1.035904,109.9512,-154.687500,325,228.5156,500.00,1,500.00
1.036905,109.6875,-154.951172,326,229.2187,500.00,1,500.00
1.037906,109.0723,-155.566406,326,229.2187,500.00,1,500.00
1.038907,108.5449,-156.093750,327,229.9219,500.00,1,500.00
1.039908,108.1934,-156.445312,328,230.6250,500.00,1,500.00
1.040909,107.8418,-156.796875,328,230.6250,500.00,1,500.00
1.041910,107.3145,-157.324219,329,231.3281,500.00,1,500.00
1.042911,106.8750,-157.763672,329,231.3281,500.00,1,500.00
1.043912,106.6113,-158.027344,330,232.0312,500.00,1,500.00
1.044913,106.1719,-158.466797,331,232.7344,500.00,1,500.00
1.045914,105.6445,-158.994141,332,233.4375,500.00,1,500.00
1.046915,105.2051,-159.433594,332,233.4375,500.00,1,500.00
1.047916,104.9414,-159.697266,332,233.4375,500.00,1,500.00
1.048917,104.5020,-160.136719,333,234.1406,500.00,1,500.00
1.049918,103.9746,-160.664062,334,234.8437,500.00,1,500.00
1.050919,103.5352,-161.103516,334,234.8437,500.00,1,500.00
1.051920,103.0957,-161.542969,335,235.5469,500.00,1,500.00
1.052921,102.6563,-161.982422,336,236.2500,500.00,1,500.00
1.053922,102.2168,-162.421875,337,236.9531,500.00,1,500.00
1.054922,101.7773,-162.861328,337,236.9531,500.00,1,500.00
1.055922,101.4258,-163.212891,338,237.6562,500.00,1,500.00
1.056923,101.0742,-163.564453,339,238.3594,500.00,1,500.00
1.057924,100.4590,-164.179687,339,238.3594,500.00,1,500.00
1.058925,100.1074,-164.531250,340,239.0625,500.00,1,500.00
1.059926,99.7559,-164.882812,340,239.0625,500.00,1,500.00
1.060927,99.4043,-165.234375,341,239.7656,500.00,1,500.00
1.061928,98.9648,-165.673828,342,240.4687,500.00,1,500.00
1.062929,98.5254,-166.113281,342,240.4687,500.00,1,500.00
1.063930,98.1738,-166.464844,343,241.1719,500.00,1,500.00
1.064931,97.8223,-166.816406,344,241.8750,500.00,1,500.00
1.065932,97.2949,-167.343750,344,241.8750,500.00,1,500.00
1.066933,96.8555,-167.783203,345,242.5781,500.00,1,500.00
1.067934,96.5918,-168.046875,345,242.5781,500.00,1,500.00
1.068935,96.1523,-168.486328,346,243.2812,500.00,1,500.00
1.069936,95.6250,-169.013672,347,243.9844,500.00,1,500.00
1.077163,92.7246,-171.914062,352,247.5000,500.00,1,500.00
1.078163,92.2852,-172.353516,352,247.5000,500.00,1,500.00
1.079164,91.8457,-172.792969,352,247.5000,500.00,1,500.00
1.080165,91.5820,-173.056641,353,248.2031,500.00,1,500.00
1.081166,91.1426,-173.496094,354,248.9062,500.00,1,500.00
1.082167,90.7031,-173.935547,355,249.6094,500.00,1,500.00
1.083168,90.2637,-174.375000,355,249.6094,500.00,1,500.00
1.084169,90.0000,-174.638672,356,250.3125,500.00,1,500.00
1.085170,89.5605,-175.078125,356,250.3125,500.00,1,500.00
1.086171,89.0332,-175.605469,357,251.0156,500.00,1,500.00
1.087172,88.5938,-176.044922,358,251.7187,500.00,1,500.00
1.088173,88.2422,-176.396484,358,251.7187,500.00,1,500.00
1.089174,87.8906,-176.748047,359,252.4219,500.00,1,500.00
1.090175,87.4512,-177.187500,360,253.1250,500.00,1,500.00
1.091176,87.0996,-177.539062,360,253.1250,500.00,1,500.00
1.092177,86.8359,-177.802734,361,253.8281,500.00,1,500.00
1.093178,86.3086,-178.330078,362,254.5312,500.00,1,500.00
1.094179,85.8691,-178.769531,362,254.5312,500.00,1,500.00
1.095180,85.4297,-179.208984,363,255.2344,500.00,1,500.00
1.096181,85.1660,-179.472656,363,255.2344,500.00,1,500.00
1.097182,84.8145,-179.824219,364,255.9375,500.00,1,500.00
1.098183,84.3750,-180.263672,365,256.6406,500.00,1,500.00
1.099184,83.9355,-180.703125,365,256.6406,500.00,1,500.00
1.100185,83.4961,-181.142578,366,257.3437,500.00,1,500.00
1.101186,83.0566,-181.582031,367,258.0469,500.00,1,500.00
1.102187,82.6172,-182.021484,367,258.0469,500.00,1,500.00
1.103188,82.3535,-182.285156,368,258.7500,500.00,1,500.00
1.104189,82.0020,-182.636719,368,258.7500,500.00,1,500.00
1.105190,81.5625,-183.076172,370,260.1562,500.00,1,500.00
1.106191,81.0352,-183.603516,370,260.1562,500.00,1,500.00
1.107192,80.6836,-183.955078,370,260.1562,500.00,1,500.00
1.108193,80.4199,-184.218750,371,260.8594,500.00,1,500.00
1.109194,79.9805,-184.658203,372,261.5625,500.00,1,500.00
1.110195,79.5410,-185.097656,372,261.5625,500.00,1,500.00
1.111196,79.1016,-185.537109,373,262.2656,500.00,1,500.00
1.112197,78.7500,-185.888672,374,262.9687,500.00,1,500.00
1.113198,78.3105,-186.328125,375,263.6719,500.00,1,500.00
1.114199,77.8711,-186.767578,375,263.6719,500.00,1,500.00
1.115200,77.5195,-187.119141,376,264.3750,500.00,1,500.00
1.116201,77.2559,-187.382812,376,264.3750,500.00,1,500.00
1.117202,76.7285,-187.910156,377,265.0781,500.00,1,500.00
1.118203,76.2012,-188.437500,378,265.7812,500.00,1,500.00
1.119204,75.9375,-188.701172,378,265.7812,500.00,1,500.00
1.120205,75.6738,-188.964844,379,266.4844,500.00,1,500.00
1.121206,75.1465,-189.492187,380,267.1875,500.00,1,500.00
1.122207,74.7070,-189.931641,380,267.1875,500.00,1,500.00
1.123208,74.3555,-190.283203,381,267.8906,500.00,1,500.00
1.124209,74.0039,-190.634766,381,267.8906,500.00,1,500.00
1.125210,73.6523,-190.986328,382,268.5937,500.00,1,500.00
1.126211,73.1250,-191.513672,383,269.2969,500.00,1,500.00
1.133465,70.4004,-194.238281,388,272.8125,500.00,1,500.00
1.134466,69.9609,-194.677734,388,272.8125,500.00,1,500.00
1.135467,69.6094,-195.029297,388,272.8125,500.00,1,500.00
1.136468,69.2578,-195.380859,389,273.5156,500.00,1,500.00
1.137469,68.8184,-195.820312,390,274.2187,500.00,1,500.00
1.138470,68.3789,-196.259766,390,274.2187,500.00,1,500.00
1.139471,68.0273,-196.611328,391,274.9219,500.00,1,500.00
1.140472,67.6758,-196.962891,392,275.6250,500.00,1,500.00
1.141473,67.1484,-197.490234,393,276.3281,500.00,1,500.00
1.142474,66.7090,-197.929687,393,276.3281,500.00,1,500.00
1.143475,66.4453,-198.193359,394,277.0312,500.00,1,500.00
1.144476,66.0938,-198.544922,394,277.0312,500.00,1,500.00
1.145477,65.6543,-198.984375,395,277.7344,500.00,1,500.00
1.146478,65.3027,-199.335937,396,278.4375,500.00,1,500.00
1.147478,64.9512,-199.687500,396,278.4375,500.00,1,500.00
1.148478,64.5117,-200.126953,397,279.1406,500.00,1,500.00
1.149479,64.0723,-200.566406,398,279.8437,500.00,1,500.00
1.150480,63.6328,-201.005859,398,279.8437,500.00,1,500.00
1.151481,63.1934,-201.445312,399,280.5469,500.00,1,500.00
1.152482,62.9297,-201.708984,399,280.5469,500.00,1,500.00
1.153483,62.4023,-202.236328,400,281.2500,500.00,1,500.00
1.154484,61.9629,-202.675781,400,281.2500,500.00,1,500.00
1.155485,61.6992,-202.939453,401,281.9531,500.00,1,500.00
1.156486,61.3477,-203.291016,402,282.6562,500.00,1,500.00
1.157487,60.9082,-203.730469,403,283.3594,500.00,1,500.00
1.158488,60.4688,-204.169922,403,283.3594,500.00,1,500.00
1.159489,60.0293,-204.609375,404,284.0625,500.00,1,500.00
1.160490,59.6777,-204.960937,404,284.0625,500.00,1,500.00
1.161491,59.2383,-205.400391,406,285.4687,500.00,1,500.00
1.162492,58.7988,-205.839844,406,285.4687,500.00,1,500.00
1.163493,58.4473,-206.191406,406,285.4687,500.00,1,500.00
1.164494,58.1836,-206.455078,407,286.1719,500.00,1,500.00
1.165495,57.7441,-206.894531,408,286.8750,500.00,1,500.00
1.166496,57.2168,-207.421875,408,286.8750,500.00,1,500.00
1.167497,56.8652,-207.773437,409,287.5781,500.00,1,500.00
1.168498,56.6016,-208.037109,410,288.2812,500.00,1,500.00
1.169499,56.1621,-208.476562,410,288.2812,500.00,1,500.00
1.170500,55.6348,-209.003906,411,288.9844,500.00,1,500.00
1.171501,55.2832,-209.355469,412,289.6875,500.00,1,500.00
1.172502,54.8438,-209.794922,412,289.6875,500.00,1,500.00
1.173503,54.4043,-210.234375,413,290.3906,500.00,1,500.00
1.174504,53.9648,-210.673828,413,290.3906,500.00,1,500.00
1.175505,53.6133,-211.025391,414,291.0937,500.00,1,500.00
1.176506,53.3496,-211.289062,415,291.7969,500.00,1,500.00
1.177507,52.8223,-211.816406,416,292.5000,500.00,1,500.00
1.178508,52.2949,-212.343750,416,292.5000,500.00,1,500.00
1.179509,52.0313,-212.607422,416,292.5000,500.00,1,500.00
1.180510,51.7676,-212.871094,417,293.2031,500.00,1,500.00
1.181511,51.2402,-213.398437,418,293.9062,500.00,1,500.00
1.182512,50.8008,-213.837891,418,293.9062,500.00,1,500.00
1.190369,47.4609,-217.177734,424,298.1250,500.00,1,500.00
1.191370,47.1094,-217.529297,424,298.1250,500.00,1,500.00
1.192371,46.8457,-217.792969,425,298.8281,500.00,1,500.00
1.193372,46.3184,-218.320312,426,299.5312,500.00,1,500.00
1.194373,45.8789,-218.759766,426,299.5312,500.00,1,500.00
1.195374,45.5273,-219.111328,427,300.2344,500.00,1,500.00
1.196375,45.1758,-219.462891,427,300.2344,500.00,1,500.00
1.197376,44.6484,-219.990234,428,300.9375,500.00,1,500.00
1.198377,44.2090,-220.429687,429,301.6406,500.00,1,500.00
1.199378,43.7695,-220.869141,429,301.6406,500.00,1,500.00
1.200379,43.4180,-221.220703,430,302.3437,500.00,1,500.00
1.201380,42.9785,-221.660156,431,303.0469,500.00,1,500.00
1.202381,42.4512,-222.187500,431,303.0469,500.00,1,500.00
1.203382,42.0117,-222.626953,432,303.7500,500.00,1,500.00
1.204383,41.7480,-222.890625,432,303.7500,500.00,1,500.00
1.205384,41.3086,-223.330078,433,304.4531,500.00,1,500.00
1.206385,40.8691,-223.769531,434,305.1562,500.00,1,500.00
1.207386,40.4297,-224.208984,434,305.1562,500.00,1,500.00
1.208387,39.9902,-224.648437,435,305.8594,500.00,1,500.00
1.209388,39.5508,-225.087891,436,306.5625,500.00,1,500.00
1.210389,39.0234,-225.615234,436,306.5625,500.00,1,500.00
1.211390,38.6719,-225.966797,437,307.2656,500.00,1,500.00
1.212391,38.4082,-226.230469,438,307.9687,500.00,1,500.00
1.213392,37.8809,-226.757812,439,308.6719,500.00,1,500.00
1.214393,37.3535,-227.285156,439,308.6719,500.00,1,500.00
1.215394,37.0020,-227.636719,439,308.6719,500.00,1,500.00
1.216395,36.6504,-227.988281,440,309.3750,500.00,1,500.00
1.217396,36.2988,-228.339844,441,310.0781,500.00,1,500.00
1.218397,35.6836,-228.955078,441,310.0781,500.00,1,500.00
1.219398,35.2441,-229.394531,442,310.7812,500.00,1,500.00
1.220399,34.8926,-229.746094,443,311.4844,500.00,1,500.00
1.221400,34.3652,-230.273437,444,312.1875,500.00,1,500.00
1.222401,33.8379,-230.800781,444,312.1875,500.00,1,500.00
1.223402,33.4863,-231.152344,445,312.8906,500.00,1,500.00
1.224403,33.1348,-231.503906,445,312.8906,500.00,1,500.00
1.225404,32.6074,-232.031250,446,313.5937,500.00,1,500.00
1.226405,32.0801,-232.558594,447,314.2969,500.00,1,500.00
1.227406,31.7285,-232.910156,447,314.2969,500.00,1,500.00
1.228407,31.4648,-233.173828,448,315.0000,500.00,1,500.00
1.229408,31.0254,-233.613281,449,315.7031,500.00,1,500.00
1.230409,30.4980,-234.140625,449,315.7031,500.00,1,500.00
1.231410,29.9707,-234.667969,450,316.4062,500.00,1,500.00
1.232411,29.5313,-235.107422,450,316.4062,500.00,1,500.00
1.233412,29.0039,-235.634766,451,317.1094,500.00,1,500.00
1.234413,28.5645,-236.074219,452,317.8125,500.00,1,500.00
1.235414,28.1250,-236.513672,452,317.8125,500.00,1,500.00
1.236415,27.7734,-236.865234,453,318.5156,500.00,1,500.00
1.237416,27.2461,-237.392578,454,319.2187,500.00,1,500.00
1.238417,26.7188,-237.919922,454,319.2187,500.00,1,500.00
1.239418,26.3672,-238.271484,455,319.9219,500.00,1,500.00
1.246621,23.1152,-241.523437,459,322.7344,500.00,1,500.00
1.247622,22.6758,-241.962891,460,323.4375,500.00,1,500.00
1.248623,22.3242,-242.314453,461,324.1406,500.00,1,500.00
1.249624,21.7969,-242.841797,462,324.8437,500.00,1,500.00
1.250625,21.1816,-243.457031,462,324.8437,500.00,1,500.00
1.251626,20.7422,-243.896484,463,325.5469,500.00,1,500.00
1.252627,20.4785,-244.160156,463,325.5469,500.00,1,500.00
1.253628,19.8633,-244.775391,464,326.2500,500.00,1,500.00
1.254629,19.2480,-245.390625,464,326.2500,500.00,1,500.00
1.255630,18.8965,-245.742187,465,326.9531,500.00,1,500.00
1.256631,18.3691,-246.269531,466,327.6562,500.00,1,500.00
1.257632,17.9297,-246.708984,467,328.3594,500.00,1,500.00
1.258633,17.4023,-247.236328,467,328.3594,500.00,1,500.00
1.259634,16.9629,-247.675781,468,329.0625,500.00,1,500.00
1.260635,16.6113,-248.027344,468,329.0625,500.00,1,500.00
1.261636,15.9961,-248.642578,469,329.7656,500.00,1,500.00
1.262637,15.4687,-249.169922,470,330.4687,500.00,1,500.00
1.263638,15.1172,-249.521484,470,330.4687,500.00,1,500.00
1.264639,14.7656,-249.873047,471,331.1719,500.00,1,500.00
1.265640,14.1504,-250.488281,472,331.8750,500.00,1,500.00
1.266641,13.7109,-250.927734,472,331.8750,500.00,1,500.00
1.267642,13.1836,-251.455078,473,332.5781,500.00,1,500.00
1.268643,12.7441,-251.894531,474,333.2812,500.00,1,500.00
1.269644,12.2168,-252.421875,475,333.9844,500.00,1,500.00
1.270645,11.6895,-252.949219,475,333.9844,500.00,1,500.00
1.271646,11.2500,-253.388672,475,333.9844,500.00,1,500.00
1.272647,10.8984,-253.740234,476,334.6875,500.00,1,500.00
1.273648,10.1953,-254.443359,477,335.3906,500.00,1,500.00
1.274649,9.6680,-254.970703,477,335.3906,500.00,1,500.00
1.275650,9.4043,-255.234375,478,336.0937,500.00,1,500.00
1.276651,8.9648,-255.673828,479,336.7969,500.00,1,500.00
1.277652,8.4375,-256.201172,480,337.5000,500.00,1,500.00
1.278653,7.9102,-256.728516,480,337.5000,500.00,1,500.00
1.279654,7.4707,-257.167969,481,338.2031,500.00,1,500.00
1.280655,7.0312,-257.607422,481,338.2031,500.00,1,500.00
1.281656,6.4160,-258.222656,482,338.9062,500.00,1,500.00
1.282657,5.8887,-258.750000,482,338.9062,500.00,1,500.00
1.283658,5.4492,-259.189453,483,339.6094,500.00,1,500.00
1.284659,4.9219,-259.716797,484,340.3125,500.00,1,500.00
1.285660,4.3945,-260.244141,485,341.0156,500.00,1,500.00
1.286661,3.7793,-260.859375,485,341.0156,500.00,1,500.00
1.287662,3.4277,-261.210937,486,341.7187,500.00,1,500.00
1.288663,3.1641,-261.474609,486,341.7187,500.00,1,500.00
1.289664,2.5488,-262.089844,487,342.4219,500.00,1,500.00
1.290665,1.9336,-262.705078,488,343.1250,500.00,1,500.00
1.291666,1.4063,-263.232422,488,343.1250,500.00,1,500.00
1.292667,1.0547,-263.583984,489,343.8281,500.00,1,500.00
1.293668,0.4395,-264.199219,490,344.5312,500.00,1,500.00
1.294669,0.0000,-264.638672,490,344.5312,500.00,1,500.00
1.295670,359.5605,-265.078125,491,345.2344,500.00,1,500.00
1.302872,355.7812,-268.857422,495,348.0469,500.00,1,500.00
1.303872,355.4297,-269.208984,496,348.7500,500.00,1,500.00
1.304872,354.9902,-269.648437,497,349.4531,500.00,1,500.00
1.305873,354.4629,-270.175781,498,350.1562,500.00,1,500.00
1.306874,353.8477,-270.791016,498,350.1562,500.00,1,500.00
1.307875,353.4961,-271.142578,499,350.8594,500.00,1,500.00
1.308876,353.0566,-271.582031,499,350.8594,500.00,1,500.00
1.309877,352.3535,-272.285156,500,351.5625,500.00,1,500.00
1.310878,351.9141,-272.724609,500,351.5625,500.00,1,500.00
1.311879,351.5625,-273.076172,501,352.2656,500.00,1,500.00
1.312880,351.0352,-273.603516,502,352.9687,500.00,1,500.00
1.313881,350.3320,-274.306641,503,353.6719,500.00,1,500.00
1.314882,349.8047,-274.833984,503,353.6719,500.00,1,500.00
1.315883,349.2773,-275.361328,504,354.3750,500.00,1,500.00
1.316884,348.8379,-275.800781,504,354.3750,500.00,1,500.00
1.317885,348.3105,-276.328125,505,355.0781,500.00,1,500.00
1.318886,347.7832,-276.855469,505,355.0781,500.00,1,500.00
1.319887,347.3437,-277.294922,506,355.7812,500.00,1,500.00
1.320888,346.9043,-277.734375,507,356.4844,500.00,1,500.00
1.321889,346.2012,-278.437500,508,357.1875,500.00,1,500.00
1.322890,345.6738,-278.964844,508,357.1875,500.00,1,500.00
1.323891,345.4102,-279.228516,509,357.8906,500.00,1,500.00
1.324892,344.9707,-279.667969,510,358.5937,500.00,1,500.00
1.325893,344.3555,-280.283203,510,358.5937,500.00,1,500.00
1.326894,343.8281,-280.810547,511,359.2969,500.00,1,500.00
1.327895,343.3887,-281.250000,511,359.2969,500.00,1,500.00
1.328896,342.8613,-281.777344,512,360.0000,500.00,1,500.00
1.329897,342.3340,-282.304687,513,360.7031,500.00,1,500.00
1.330898,341.8945,-282.744141,513,360.7031,500.00,1,500.00
1.331899,341.3672,-283.271484,514,361.4062,500.00,1,500.00
1.332900,340.9277,-283.710937,515,362.1094,500.00,1,500.00
1.333901,340.3125,-284.326172,515,362.1094,500.00,1,500.00
1.334902,339.6973,-284.941406,516,362.8125,500.00,1,500.00
1.335903,339.4336,-285.205078,516,362.8125,500.00,1,500.00
1.336904,338.9941,-285.644531,517,363.5156,500.00,1,500.00
1.337905,338.3789,-286.259766,518,364.2187,500.00,1,500.00
1.338906,337.8516,-286.787109,518,364.2187,500.00,1,500.00
1.339907,337.3242,-287.314453,519,364.9219,500.00,1,500.00
1.340908,336.7090,-287.929687,520,365.6250,500.00,1,500.00
1.341909,336.1816,-288.457031,520,365.6250,500.00,1,500.00
1.342910,335.7422,-288.896484,521,366.3281,500.00,1,500.00
1.343911,335.3906,-289.248047,522,367.0312,500.00,1,500.00
1.344912,334.9512,-289.687500,522,367.0312,500.00,1,500.00
1.345913,334.3359,-290.302734,523,367.7344,500.00,1,500.00
1.346914,333.8086,-290.830078,523,367.7344,500.00,1,500.00
1.347915,333.4570,-291.181641,524,368.4375,500.00,1,500.00
1.348916,332.9297,-291.708984,525,369.1406,500.00,1,500.00
1.349917,332.4023,-292.236328,526,369.8437,500.00,1,500.00
1.350918,331.7871,-292.851562,526,369.8437,500.00,1,500.00
1.351919,331.2598,-293.378906,527,370.5469,500.00,1,500.00
1.359149,327.5684,-297.070312,531,373.3594,500.00,1,500.00
1.360149,327.3047,-297.333984,532,374.0625,500.00,1,500.00
1.361150,326.8652,-297.773437,533,374.7656,500.00,1,500.00
1.362151,326.1621,-298.476562,533,374.7656,500.00,1,500.00
1.363152,325.7227,-298.916016,534,375.4687,500.00,1,500.00
1.364153,325.3711,-299.267578,534,375.4687,500.00,1,500.00
1.365154,324.7559,-299.882812,535,376.1719,500.00,1,500.00
1.366155,324.2285,-300.410156,536,376.8750,500.00,1,500.00
1.367156,323.7012,-300.937500,536,376.8750,500.00,1,500.00
1.368157,323.3496,-301.289062,537,377.5781,500.00,1,500.00
1.369158,322.8223,-301.816406,538,378.2812,500.00,1,500.00
1.370159,322.2070,-302.431641,538,378.2812,500.00,1,500.00
1.371160,321.6797,-302.958984,539,378.9844,500.00,1,500.00
1.372161,321.4160,-303.222656,539,378.9844,500.00,1,500.00
1.373162,320.9766,-303.662109,540,379.6875,500.00,1,500.00
1.374163,320.4492,-304.189453,541,380.3906,500.00,1,500.00
1.375164,319.8340,-304.804687,541,380.3906,500.00,1,500.00
1.376165,319.4824,-305.156250,542,381.0937,500.00,1,500.00
1.377166,319.0430,-305.595703,543,381.7969,500.00,1,500.00
1.378167,318.4277,-306.210937,543,381.7969,500.00,1,500.00
1.379168,317.9004,-306.738281,544,382.5000,500.00,1,500.00
1.380169,317.5488,-307.089844,544,382.5000,500.00,1,500.00
1.381170,317.0215,-307.617187,546,383.9062,500.00,1,500.00
1.382171,316.4062,-308.232422,546,383.9062,500.00,1,500.00
1.383172,315.8789,-308.759766,546,383.9062,500.00,1,500.00
1.384173,315.5273,-309.111328,547,384.6094,500.00,1,500.00
1.385174,315.0879,-309.550781,548,385.3125,500.00,1,500.00
1.386175,314.4727,-310.166016,548,385.3125,500.00,1,500.00
1.387176,313.9453,-310.693359,549,386.0156,500.00,1,500.00
1.388177,313.5937,-311.044922,550,386.7187,500.00,1,500.00
1.389178,313.1543,-311.484375,551,387.4219,500.00,1,500.00
1.390179,312.5391,-312.099609,551,387.4219,500.00,1,500.00
1.391180,312.1875,-312.451172,552,388.1250,500.00,1,500.00
1.392181,311.7480,-312.890625,552,388.1250,500.00,1,500.00
1.393182,311.3086,-313.330078,553,388.8281,500.00,1,500.00
1.394183,310.6934,-313.945312,554,389.5312,500.00,1,500.00
1.395184,310.1660,-314.472656,554,389.5312,500.00,1,500.00
1.396185,309.9023,-314.736328,555,390.2344,500.00,1,500.00
1.397186,309.4629,-315.175781,556,390.9375,500.00,1,500.00
1.398187,308.8477,-315.791016,556,390.9375,500.00,1,500.00
1.399188,308.3203,-316.318359,557,391.6406,500.00,1,500.00
1.400189,307.9687,-316.669922,557,391.6406,0.00,1,0.00
1.401190,307.4414,-317.197266,558,392.3437,0.00,1,0.00
1.402191,306.9141,-317.724609,559,393.0469,0.00,1,0.00
1.403192,306.6504,-317.988281,558,392.3437,0.00,1,0.00
1.404193,306.9141,-317.724609,558,392.3437,0.00,1,0.00
1.405194,307.0898,-317.548828,558,392.3437,0.00,1,0.00
1.406195,306.7383,-317.900391,559,393.0469,0.00,1,0.00
1.407196,306.6504,-317.988281,558,392.3437,0.00,1,0.00
1.408197,306.9141,-317.724609,558,392.3437,0.00,1,0.00
1.415451,306.7383,-317.900391,559,393.0469,0.00,1,0.00
1.416452,306.8262,-317.812500,558,392.3437,0.00,1,0.00
1.417453,306.9141,-317.724609,558,392.3437,0.00,1,0.00
1.418454,306.9141,-317.724609,558,392.3437,0.00,1,0.00
1.419455,306.7383,-317.900391,558,392.3437,0.00,1,0.00
1.420456,306.8262,-317.812500,558,392.3437,0.00,1,0.00
1.421457,306.9141,-317.724609,558,392.3437,0.00,1,0.00
1.422458,306.8262,-317.812500,558,392.3437,0.00,1,0.00
1.423459,306.8262,-317.812500,558,392.3437,0.00,1,0.00
1.424460,306.9141,-317.724609,558,392.3437,0.00,1,0.00
1.425461,306.8262,-317.812500,558,392.3437,0.00,1,0.00
1.426462,306.9141,-317.724609,558,392.3437,0.00,1,0.00
1.427463,306.9141,-317.724609,558,392.3437,0.00,1,0.00
1.428464,306.8262,-317.812500,558,392.3437,0.00,1,0.00
1.429465,306.8262,-317.812500,558,392.3437,0.00,1,0.00
1.430466,306.9141,-317.724609,558,392.3437,0.00,1,0.00
1.431467,306.8262,-317.812500,558,392.3437,0.00,1,0.00
1.432467,306.8262,-317.812500,558,392.3437,0.00,1,0.00
1.433467,306.8262,-317.812500,558,392.3437,0.00,1,0.00
1.434468,306.9141,-317.724609,558,392.3437,0.00,1,0.00
1.435469,306.8262,-317.812500,558,392.3437,0.00,1,0.00
1.436470,306.8262,-317.812500,558,392.3437,0.00,1,0.00
1.437471,306.8262,-317.812500,558,392.3437,0.00,1,0.00
1.438472,306.8262,-317.812500,558,392.3437,0.00,1,0.00
1.439473,306.7383,-317.900391,558,392.3437,0.00,1,0.00
1.440474,306.7383,-317.900391,558,392.3437,0.00,1,0.00
1.441475,306.7383,-317.900391,558,392.3437,0.00,1,0.00
1.442476,306.8262,-317.812500,558,392.3437,0.00,1,0.00
1.443477,306.8262,-317.812500,558,392.3437,0.00,1,0.00
1.444478,306.8262,-317.812500,558,392.3437,0.00,1,0.00
1.445479,306.8262,-317.812500,558,392.3437,0.00,1,0.00
1.446480,306.8262,-317.812500,558,392.3437,0.00,1,0.00
1.447481,306.9141,-317.724609,558,392.3437,0.00,1,0.00
1.448482,306.8262,-317.812500,558,392.3437,0.00,1,0.00
1.449483,306.7383,-317.900391,558,392.3437,0.00,1,0.00
1.450484,306.7383,-317.900391,558,392.3437,0.00,1,0.00
1.451485,306.7383,-317.900391,558,392.3437,0.00,1,0.00
1.452486,306.8262,-317.812500,558,392.3437,0.00,1,0.00
1.453487,306.8262,-317.812500,558,392.3437,0.00,1,0.00
1.454488,306.9141,-317.724609,558,392.3437,0.00,1,0.00
1.455489,306.8262,-317.812500,558,392.3437,0.00,1,0.00
1.456490,306.7383,-317.900391,558,392.3437,0.00,1,0.00
1.457491,306.8262,-317.812500,558,392.3437,0.00,1,0.00
1.458492,306.8262,-317.812500,558,392.3437,0.00,1,0.00
1.459493,306.8262,-317.812500,558,392.3437,0.00,1,0.00
1.460494,306.8262,-317.812500,558,392.3437,0.00,1,0.00
1.461495,306.8262,-317.812500,558,392.3437,0.00,1,0.00
1.462496,306.9141,-317.724609,558,392.3437,0.00,1,0.00
1.463497,306.9141,-317.724609,558,392.3437,0.00,1,0.00
1.464498,306.9141,-317.724609,558,392.3437,0.00,1,0.00
1.471775,306.8262,-317.812500,558,392.3437,0.00,1,0.00
1.472776,306.8262,-317.812500,558,392.3437,0.00,1,0.00
1.473777,306.8262,-317.812500,558,392.3437,0.00,1,0.00
1.474778,306.8262,-317.812500,558,392.3437,0.00,1,0.00
1.475778,306.8262,-317.812500,558,392.3437,0.00,1,0.00
1.476778,306.8262,-317.812500,558,392.3437,0.00,1,0.00
1.477779,306.8262,-317.812500,558,392.3437,0.00,1,0.00
1.478780,306.8262,-317.812500,558,392.3437,0.00,1,0.00
1.479781,306.8262,-317.812500,558,392.3437,0.00,1,0.00
1.480782,306.8262,-317.812500,558,392.3437,0.00,1,0.00
1.481783,306.7383,-317.900391,558,392.3437,0.00,1,0.00
1.482784,306.8262,-317.812500,558,392.3437,0.00,1,0.00
1.483785,306.8262,-317.812500,558,392.3437,0.00,1,0.00
1.484786,306.7383,-317.900391,558,392.3437,0.00,1,0.00
1.485787,306.8262,-317.812500,558,392.3437,0.00,1,0.00
1.486788,306.8262,-317.812500,558,392.3437,0.00,1,0.00
1.487789,306.8262,-317.812500,558,392.3437,0.00,1,0.00
1.488790,306.8262,-317.812500,558,392.3437,0.00,1,0.00
1.489791,306.8262,-317.812500,558,392.3437,0.00,1,0.00
1.490792,306.8262,-317.812500,558,392.3437,0.00,1,0.00
1.491793,306.8262,-317.812500,558,392.3437,0.00,1,0.00
1.492794,306.8262,-317.812500,558,392.3437,0.00,1,0.00
1.493795,306.8262,-317.812500,558,392.3437,0.00,1,0.00
1.494796,306.8262,-317.812500,558,392.3437,0.00,1,0.00
1.495797,306.8262,-317.812500,558,392.3437,0.00,1,0.00
1.496798,306.8262,-317.812500,558,392.3437,0.00,1,0.00
1.497799,306.8262,-317.812500,558,392.3437,0.00,1,0.00
1.498800,306.8262,-317.812500,558,392.3437,0.00,1,0.00
1.499801,306.8262,-317.812500,558,392.3437,0.00,1,0.00
1.500802,306.9141,-317.724609,558,392.3437,0.00,1,0.00
1.501803,306.9141,-317.724609,558,392.3437,0.00,1,0.00
1.502804,306.9141,-317.724609,558,392.3437,0.00,1,0.00
1.503805,306.8262,-317.812500,558,392.3437,0.00,1,0.00
1.504806,306.8262,-317.812500,558,392.3437,0.00,1,0.00
1.505807,306.7383,-317.900391,558,392.3437,0.00,1,0.00
1.506808,306.7383,-317.900391,558,392.3437,0.00,1,0.00
1.507809,306.7383,-317.900391,558,392.3437,0.00,1,0.00
1.508810,306.8262,-317.812500,558,392.3437,0.00,1,0.00
1.509811,306.7383,-317.900391,558,392.3437,0.00,1,0.00
1.510812,306.7383,-317.900391,558,392.3437,0.00,1,0.00
1.511813,306.8262,-317.812500,558,392.3437,0.00,1,0.00
1.512814,306.8262,-317.812500,558,392.3437,0.00,1,0.00
1.513815,306.8262,-317.812500,558,392.3437,0.00,1,0.00
1.514816,306.8262,-317.812500,558,392.3437,0.00,1,0.00
1.515817,306.9141,-317.724609,558,392.3437,0.00,1,0.00
1.516818,306.8262,-317.812500,558,392.3437,0.00,1,0.00
1.517819,306.8262,-317.812500,558,392.3437,0.00,1,0.00
1.518820,306.8262,-317.812500,558,392.3437,0.00,1,0.00
1.519821,306.8262,-317.812500,558,392.3437,0.00,1,0.00
1.520822,306.8262,-317.812500,558,392.3437,0.00,1,0.00
1.528552,306.8262,-317.812500,558,392.3437,0.00,1,0.00
1.529553,306.7383,-317.900391,558,392.3437,0.00,1,0.00
1.530553,306.7383,-317.900391,558,392.3437,0.00,1,0.00
1.531553,306.8262,-317.812500,558,392.3437,0.00,1,0.00
1.532554,306.9141,-317.724609,558,392.3437,0.00,1,0.00
1.533555,306.8262,-317.812500,558,392.3437,0.00,1,0.00
1.534556,306.8262,-317.812500,558,392.3437,0.00,1,0.00
1.535557,306.8262,-317.812500,558,392.3437,0.00,1,0.00
1.536558,306.8262,-317.812500,558,392.3437,0.00,1,0.00
1.537559,306.7383,-317.900391,558,392.3437,0.00,1,0.00
1.538560,306.8262,-317.812500,558,392.3437,0.00,1,0.00
1.539561,306.9141,-317.724609,558,392.3437,0.00,1,0.00
1.540562,306.9141,-317.724609,558,392.3437,0.00,1,0.00
1.541563,306.8262,-317.812500,558,392.3437,0.00,1,0.00
1.542564,306.8262,-317.812500,558,392.3437,0.00,1,0.00
1.543565,306.8262,-317.812500,558,392.3437,0.00,1,0.00
1.544566,306.8262,-317.812500,558,392.3437,0.00,1,0.00
1.545567,306.8262,-317.812500,558,392.3437,0.00,1,0.00
1.546568,306.8262,-317.812500,558,392.3437,0.00,1,0.00
1.547569,306.8262,-317.812500,558,392.3437,0.00,1,0.00
1.548570,306.8262,-317.812500,558,392.3437,0.00,1,0.00
1.549571,306.8262,-317.812500,558,392.3437,0.00,1,0.00
1.550572,306.7383,-317.900391,558,392.3437,0.00,1,0.00
1.551573,306.8262,-317.812500,558,392.3437,0.00,1,0.00
1.552574,306.8262,-317.812500,558,392.3437,0.00,1,0.00
1.553575,306.8262,-317.812500,558,392.3437,0.00,1,0.00
1.554576,306.7383,-317.900391,558,392.3437,0.00,1,0.00
1.555577,306.8262,-317.812500,558,392.3437,0.00,1,0.00
1.556578,306.8262,-317.812500,558,392.3437,0.00,1,0.00
1.557579,306.8262,-317.812500,558,392.3437,0.00,1,0.00
1.558580,306.8262,-317.812500,558,392.3437,0.00,1,0.00
1.559581,306.8262,-317.812500,558,392.3437,0.00,1,0.00
1.560582,306.8262,-317.812500,558,392.3437,0.00,1,0.00
1.561583,306.8262,-317.812500,558,392.3437,0.00,1,0.00
1.562584,306.7383,-317.900391,558,392.3437,0.00,1,0.00
1.563585,306.8262,-317.812500,558,392.3437,0.00,1,0.00
1.564586,306.8262,-317.812500,558,392.3437,0.00,1,0.00
1.565587,306.8262,-317.812500,558,392.3437,0.00,1,0.00
1.566588,306.9141,-317.724609,558,392.3437,0.00,1,0.00
1.567589,306.8262,-317.812500,558,392.3437,0.00,1,0.00
1.568590,306.8262,-317.812500,558,392.3437,0.00,1,0.00
1.569591,306.8262,-317.812500,558,392.3437,0.00,1,0.00
1.570592,306.8262,-317.812500,558,392.3437,0.00,1,0.00
1.571593,306.8262,-317.812500,558,392.3437,0.00,1,0.00
1.572594,306.8262,-317.812500,558,392.3437,0.00,1,0.00
1.573595,306.8262,-317.812500,558,392.3437,0.00,1,0.00
1.574596,306.8262,-317.812500,558,392.3437,0.00,1,0.00
1.575597,306.8262,-317.812500,558,392.3437,0.00,1,0.00
1.576598,306.9141,-317.724609,558,392.3437,0.00,1,0.00
1.577599,306.8262,-317.812500,558,392.3437,0.00,1,0.00
1.584805,306.8262,-317.812500,558,392.3437,0.00,1,0.00
1.585806,306.8262,-317.812500,558,392.3437,0.00,1,0.00
1.586807,306.8262,-317.812500,558,392.3437,0.00,1,0.00
1.587808,306.9141,-317.724609,558,392.3437,0.00,1,0.00
1.588809,306.9141,-317.724609,558,392.3437,0.00,1,0.00
1.589810,306.8262,-317.812500,558,392.3437,0.00,1,0.00
1.590811,306.8262,-317.812500,558,392.3437,0.00,1,0.00
1.591812,306.9141,-317.724609,558,392.3437,0.00,1,0.00
1.592813,306.9141,-317.724609,558,392.3437,0.00,1,0.00
1.593814,306.8262,-317.812500,558,392.3437,0.00,1,0.00
1.594815,306.8262,-317.812500,558,392.3437,0.00,1,0.00
1.595816,306.8262,-317.812500,558,392.3437,0.00,1,0.00
1.596817,306.8262,-317.812500,558,392.3437,0.00,1,0.00
1.597818,306.8262,-317.812500,558,392.3437,0.00,1,0.00
1.598819,306.8262,-317.812500,558,392.3437,0.00,1,0.00
1.599820,306.8262,-317.812500,558,392.3437,0.00,1,0.00
1.600821,306.8262,-317.812500,558,392.3437,0.00,1,0.00
1.601822,306.8262,-317.812500,558,392.3437,0.00,1,0.00
1.602823,306.8262,-317.812500,558,392.3437,0.00,1,0.00
1.603824,306.7383,-317.900391,558,392.3437,0.00,1,0.00
1.604825,306.8262,-317.812500,558,392.3437,0.00,1,0.00
1.605826,306.8262,-317.812500,558,392.3437,0.00,1,0.00
1.606827,306.7383,-317.900391,558,392.3437,0.00,1,0.00
1.607828,306.8262,-317.812500,558,392.3437,0.00,1,0.00
1.608829,306.8262,-317.812500,558,392.3437,0.00,1,0.00
1.609830,306.8262,-317.812500,558,392.3437,0.00,1,0.00
1.610831,306.8262,-317.812500,558,392.3437,0.00,1,0.00
1.611832,306.7383,-317.900391,558,392.3437,0.00,1,0.00
1.612833,306.8262,-317.812500,558,392.3437,0.00,1,0.00
1.613834,306.8262,-317.812500,558,392.3437,0.00,1,0.00
1.614835,306.8262,-317.812500,558,392.3437,0.00,1,0.00
1.615836,306.9141,-317.724609,558,392.3437,0.00,1,0.00
1.616837,306.8262,-317.812500,558,392.3437,0.00,1,0.00
1.617838,306.8262,-317.812500,558,392.3437,0.00,1,0.00
1.618839,306.8262,-317.812500,558,392.3437,0.00,1,0.00
1.619840,306.9141,-317.724609,558,392.3437,0.00,1,0.00
1.620841,306.8262,-317.812500,558,392.3437,0.00,1,0.00
1.621842,306.8262,-317.812500,558,392.3437,0.00,1,0.00
1.622843,306.8262,-317.812500,558,392.3437,0.00,1,0.00
1.623844,306.8262,-317.812500,558,392.3437,0.00,1,0.00
1.624845,306.8262,-317.812500,558,392.3437,0.00,1,0.00
1.625846,306.8262,-317.812500,558,392.3437,0.00,1,0.00
1.626847,306.8262,-317.812500,558,392.3437,0.00,1,0.00
1.627848,306.8262,-317.812500,558,392.3437,0.00,1,0.00
1.628849,306.8262,-317.812500,558,392.3437,0.00,1,0.00
1.629850,306.8262,-317.812500,558,392.3437,0.00,1,0.00
1.630851,306.8262,-317.812500,558,392.3437,0.00,1,0.00
1.631852,306.8262,-317.812500,558,392.3437,0.00,1,0.00
1.632853,306.8262,-317.812500,558,392.3437,0.00,1,0.00
1.633854,306.8262,-317.812500,558,392.3437,0.00,1,0.00
1.641108,306.9141,-317.724609,558,392.3437,0.00,1,0.00
1.642109,306.9141,-317.724609,558,392.3437,0.00,1,0.00
1.643110,306.8262,-317.812500,558,392.3437,0.00,1,0.00
1.644111,306.9141,-317.724609,558,392.3437,0.00,1,0.00
1.645112,306.8262,-317.812500,558,392.3437,0.00,1,0.00
1.646113,306.7383,-317.900391,558,392.3437,0.00,1,0.00
1.647114,306.8262,-317.812500,558,392.3437,0.00,1,0.00
1.648115,306.8262,-317.812500,558,392.3437,0.00,1,0.00
1.649116,306.8262,-317.812500,558,392.3437,0.00,1,0.00
1.650117,306.8262,-317.812500,558,392.3437,0.00,1,0.00
1.651118,306.8262,-317.812500,558,392.3437,0.00,1,0.00
1.652119,306.8262,-317.812500,558,392.3437,0.00,1,0.00
1.653120,306.9141,-317.724609,558,392.3437,0.00,1,0.00
1.654121,306.8262,-317.812500,558,392.3437,0.00,1,0.00
1.655122,306.8262,-317.812500,558,392.3437,0.00,1,0.00
1.656123,306.8262,-317.812500,558,392.3437,0.00,1,0.00
1.657124,306.8262,-317.812500,558,392.3437,0.00,1,0.00
1.658125,306.9141,-317.724609,558,392.3437,0.00,1,0.00
1.659126,306.8262,-317.812500,558,392.3437,0.00,1,0.00
1.660127,306.8262,-317.812500,558,392.3437,0.00,1,0.00
1.661128,306.8262,-317.812500,558,392.3437,0.00,1,0.00
1.662129,306.9141,-317.724609,558,392.3437,0.00,1,0.00
1.663130,306.9141,-317.724609,558,392.3437,0.00,1,0.00
1.664131,306.8262,-317.812500,558,392.3437,0.00,1,0.00
1.665132,306.7383,-317.900391,558,392.3437,0.00,1,0.00
1.666133,306.8262,-317.812500,558,392.3437,0.00,1,0.00
1.667134,306.9141,-317.724609,558,392.3437,0.00,1,0.00
1.668135,306.9141,-317.724609,558,392.3437,0.00,1,0.00
1.669136,306.8262,-317.812500,558,392.3437,0.00,1,0.00
1.670137,306.8262,-317.812500,558,392.3437,0.00,1,0.00
1.671138,306.7383,-317.900391,558,392.3437,0.00,1,0.00
1.672139,306.8262,-317.812500,558,392.3437,0.00,1,0.00
1.673140,306.9141,-317.724609,558,392.3437,0.00,1,0.00
1.674141,306.8262,-317.812500,558,392.3437,0.00,1,0.00
1.675142,306.8262,-317.812500,558,392.3437,0.00,1,0.00
1.676143,306.9141,-317.724609,558,392.3437,0.00,1,0.00
1.677144,306.9141,-317.724609,558,392.3437,0.00,1,0.00
1.678145,306.8262,-317.812500,558,392.3437,0.00,1,0.00
1.679146,306.7383,-317.900391,558,392.3437,0.00,1,0.00
1.680147,306.8262,-317.812500,558,392.3437,0.00,1,0.00
1.681148,306.9141,-317.724609,558,392.3437,0.00,1,0.00
1.682149,306.8262,-317.812500,558,392.3437,0.00,1,0.00
1.683150,306.8262,-317.812500,558,392.3437,0.00,1,0.00
1.684151,306.7383,-317.900391,558,392.3437,0.00,1,0.00
1.685152,306.8262,-317.812500,558,392.3437,0.00,1,0.00
1.686153,306.8262,-317.812500,558,392.3437,0.00,1,0.00
1.687154,306.9141,-317.724609,558,392.3437,0.00,1,0.00
1.688155,306.9141,-317.724609,558,392.3437,0.00,1,0.00
1.689156,306.9141,-317.724609,558,392.3437,0.00,1,0.00
1.690156,306.8262,-317.812500,558,392.3437,0.00,1,0.00
1.697388,306.9141,-317.724609,558,392.3437,0.00,1,0.00
1.698389,306.8262,-317.812500,558,392.3437,0.00,1,0.00
1.699390,306.8262,-317.812500,558,392.3437,0.00,1,0.00
1.700391,306.8262,-317.812500,558,392.3437,0.00,1,0.00
1.701392,306.8262,-317.812500,558,392.3437,0.00,1,0.00
1.702393,306.8262,-317.812500,558,392.3437,0.00,1,0.00
1.703394,306.9141,-317.724609,558,392.3437,0.00,1,0.00
1.704394,306.9141,-317.724609,558,392.3437,0.00,1,0.00
1.705394,306.8262,-317.812500,558,392.3437,0.00,1,0.00
1.706395,306.9141,-317.724609,558,392.3437,0.00,1,0.00
1.707396,306.8262,-317.812500,558,392.3437,0.00,1,0.00
1.708397,306.8262,-317.812500,558,392.3437,0.00,1,0.00
1.709398,306.8262,-317.812500,558,392.3437,0.00,1,0.00
1.710399,306.8262,-317.812500,558,392.3437,0.00,1,0.00
1.711400,306.8262,-317.812500,558,392.3437,0.00,1,0.00
1.712401,306.8262,-317.812500,558,392.3437,0.00,1,0.00
1.713402,306.8262,-317.812500,558,392.3437,0.00,1,0.00
1.714403,306.7383,-317.900391,558,392.3437,0.00,1,0.00
1.715404,306.7383,-317.900391,558,392.3437,0.00,1,0.00
1.716405,306.8262,-317.812500,558,392.3437,0.00,1,0.00
1.717406,306.8262,-317.812500,558,392.3437,0.00,1,0.00
1.718407,306.8262,-317.812500,558,392.3437,0.00,1,0.00
1.719408,306.8262,-317.812500,558,392.3437,0.00,1,0.00
1.720409,306.8262,-317.812500,558,392.3437,0.00,1,0.00
1.721410,306.8262,-317.812500,558,392.3437,0.00,1,0.00
1.722411,306.7383,-317.900391,558,392.3437,0.00,1,0.00
1.723412,306.8262,-317.812500,558,392.3437,0.00,1,0.00
1.724413,306.8262,-317.812500,558,392.3437,0.00,1,0.00
1.725414,306.8262,-317.812500,558,392.3437,0.00,1,0.00
1.726415,306.7383,-317.900391,558,392.3437,0.00,1,0.00
1.727416,306.7383,-317.900391,558,392.3437,0.00,1,0.00
1.728417,306.8262,-317.812500,558,392.3437,0.00,1,0.00
1.729418,306.8262,-317.812500,558,392.3437,0.00,1,0.00
1.730419,306.8262,-317.812500,558,392.3437,0.00,1,0.00
1.731420,306.9141,-317.724609,558,392.3437,0.00,1,0.00
1.732421,306.8262,-317.812500,558,392.3437,0.00,1,0.00
1.733422,306.8262,-317.812500,558,392.3437,0.00,1,0.00
1.734423,306.8262,-317.812500,558,392.3437,0.00,1,0.00
1.735424,306.8262,-317.812500,558,392.3437,0.00,1,0.00
1.736425,306.9141,-317.724609,558,392.3437,0.00,1,0.00
1.737426,306.9141,-317.724609,558,392.3437,0.00,1,0.00
1.738427,306.8262,-317.812500,558,392.3437,0.00,1,0.00
1.739428,306.8262,-317.812500,558,392.3437,0.00,1,0.00
1.740429,306.8262,-317.812500,558,392.3437,0.00,1,0.00
1.741430,306.7383,-317.900391,558,392.3437,0.00,1,0.00
1.742431,306.7383,-317.900391,558,392.3437,0.00,1,0.00
1.743432,306.7383,-317.900391,558,392.3437,0.00,1,0.00
1.744433,306.8262,-317.812500,558,392.3437,0.00,1,0.00
1.745434,306.9141,-317.724609,558,392.3437,0.00,1,0.00
1.746435,306.8262,-317.812500,558,392.3437,0.00,1,0.00
1.753687,306.8262,-317.812500,558,392.3437,0.00,1,0.00
1.754688,306.8262,-317.812500,558,392.3437,0.00,1,0.00
1.755689,306.8262,-317.812500,558,392.3437,0.00,1,0.00
1.756690,306.8262,-317.812500,558,392.3437,0.00,1,0.00
1.757691,306.8262,-317.812500,558,392.3437,0.00,1,0.00
1.758692,306.8262,-317.812500,558,392.3437,0.00,1,0.00
1.759693,306.8262,-317.812500,558,392.3437,0.00,1,0.00
1.760694,306.8262,-317.812500,558,392.3437,0.00,1,0.00
1.761695,306.8262,-317.812500,558,392.3437,0.00,1,0.00
1.762696,306.8262,-317.812500,558,392.3437,0.00,1,0.00
1.763697,306.8262,-317.812500,558,392.3437,0.00,1,0.00
1.764698,306.8262,-317.812500,558,392.3437,0.00,1,0.00
1.765699,306.8262,-317.812500,558,392.3437,0.00,1,0.00
1.766700,306.8262,-317.812500,558,392.3437,0.00,1,0.00
1.767701,306.8262,-317.812500,558,392.3437,0.00,1,0.00
1.768702,306.8262,-317.812500,558,392.3437,0.00,1,0.00
1.769703,306.8262,-317.812500,558,392.3437,0.00,1,0.00
1.770704,306.8262,-317.812500,558,392.3437,0.00,1,0.00
1.771705,306.8262,-317.812500,558,392.3437,0.00,1,0.00
1.772706,306.9141,-317.724609,558,392.3437,0.00,1,0.00
1.773707,306.9141,-317.724609,558,392.3437,0.00,1,0.00
1.774708,306.8262,-317.812500,558,392.3437,0.00,1,0.00
1.775709,306.7383,-317.900391,558,392.3437,0.00,1,0.00
1.776710,306.8262,-317.812500,558,392.3437,0.00,1,0.00
1.777711,306.9141,-317.724609,558,392.3437,0.00,1,0.00
1.778712,306.8262,-317.812500,558,392.3437,0.00,1,0.00
1.779713,306.7383,-317.900391,558,392.3437,0.00,1,0.00
1.780714,306.8262,-317.812500,558,392.3437,0.00,1,0.00
1.781715,306.9141,-317.724609,558,392.3437,0.00,1,0.00
1.782716,306.8262,-317.812500,559,393.0469,0.00,1,0.00
1.783717,306.8262,-317.812500,559,393.0469,0.00,1,0.00
1.784718,306.8262,-317.812500,559,393.0469,0.00,1,0.00
1.785719,306.8262,-317.812500,559,393.0469,0.00,1,0.00
1.786720,306.8262,-317.812500,559,393.0469,0.00,1,0.00
1.787721,306.8262,-317.812500,559,393.0469,0.00,1,0.00
1.788722,306.8262,-317.812500,559,393.0469,0.00,1,0.00
1.789723,306.9141,-317.724609,559,393.0469,0.00,1,0.00
1.790724,306.8262,-317.812500,559,393.0469,0.00,1,0.00
1.791725,306.8262,-317.812500,559,393.0469,0.00,1,0.00
1.792726,306.9141,-317.724609,559,393.0469,0.00,1,0.00
1.793727,306.8262,-317.812500,559,393.0469,0.00,1,0.00
1.794728,306.8262,-317.812500,559,393.0469,0.00,1,0.00
1.795729,306.7383,-317.900391,559,393.0469,0.00,1,0.00
1.796730,306.8262,-317.812500,559,393.0469,0.00,1,0.00
1.797731,306.8262,-317.812500,559,393.0469,0.00,1,0.00
1.798732,306.9141,-317.724609,559,393.0469,0.00,1,0.00
1.799733,306.8262,-317.812500,559,393.0469,0.00,1,0.00
1.800734,306.8262,-317.812500,559,393.0469,0.00,1,0.00
1.801735,306.8262,-317.812500,559,393.0469,0.00,1,0.00
1.802736,306.8262,-317.812500,559,393.0469,0.00,1,0.00
1.809831,306.8262,-317.812500,559,393.0469,0.00,1,0.00
1.810832,306.8262,-317.812500,559,393.0469,0.00,1,0.00
1.811833,306.8262,-317.812500,559,393.0469,0.00,1,0.00
1.812834,306.9141,-317.724609,559,393.0469,0.00,1,0.00
1.813835,306.9141,-317.724609,559,393.0469,0.00,1,0.00
1.814836,306.8262,-317.812500,559,393.0469,0.00,1,0.00
1.815837,306.8262,-317.812500,559,393.0469,0.00,1,0.00
1.816838,306.8262,-317.812500,559,393.0469,0.00,1,0.00
1.817839,306.9141,-317.724609,559,393.0469,0.00,1,0.00
1.818840,306.8262,-317.812500,559,393.0469,0.00,1,0.00
1.819841,306.8262,-317.812500,559,393.0469,0.00,1,0.00
1.820842,306.8262,-317.812500,559,393.0469,0.00,1,0.00
1.821843,306.9141,-317.724609,559,393.0469,0.00,1,0.00
1.822844,306.9141,-317.724609,559,393.0469,0.00,1,0.00
1.823845,306.8262,-317.812500,559,393.0469,0.00,1,0.00
1.824846,306.8262,-317.812500,559,393.0469,0.00,1,0.00
1.825847,306.8262,-317.812500,559,393.0469,0.00,1,0.00
1.826848,306.8262,-317.812500,559,393.0469,0.00,1,0.00
1.827849,306.8262,-317.812500,559,393.0469,0.00,1,0.00
1.828850,306.9141,-317.724609,559,393.0469,0.00,1,0.00
1.829851,306.8262,-317.812500,559,393.0469,0.00,1,0.00
1.830852,306.8262,-317.812500,559,393.0469,0.00,1,0.00
1.831853,306.9141,-317.724609,559,393.0469,0.00,1,0.00
1.832854,306.9141,-317.724609,559,393.0469,0.00,1,0.00
1.833855,306.8262,-317.812500,559,393.0469,0.00,1,0.00
1.834856,306.8262,-317.812500,559,393.0469,0.00,1,0.00
1.835857,306.8262,-317.812500,559,393.0469,0.00,1,0.00
1.836858,306.8262,-317.812500,559,393.0469,0.00,1,0.00
1.837859,306.9141,-317.724609,559,393.0469,0.00,1,0.00
1.838860,306.9141,-317.724609,559,393.0469,0.00,1,0.00
1.839861,306.8262,-317.812500,559,393.0469,0.00,1,0.00
1.840862,306.8262,-317.812500,559,393.0469,0.00,1,0.00
1.841863,306.9141,-317.724609,559,393.0469,0.00,1,0.00
1.842864,306.8262,-317.812500,559,393.0469,0.00,1,0.00
1.843865,306.9141,-317.724609,559,393.0469,0.00,1,0.00
1.844866,306.9141,-317.724609,559,393.0469,0.00,1,0.00
1.845867,306.8262,-317.812500,559,393.0469,0.00,1,0.00
1.846868,306.8262,-317.812500,559,393.0469,0.00,1,0.00
1.847869,306.8262,-317.812500,559,393.0469,0.00,1,0.00
1.848870,306.8262,-317.812500,559,393.0469,0.00,1,0.00
1.849871,306.8262,-317.812500,559,393.0469,0.00,1,0.00
1.850872,306.8262,-317.812500,559,393.0469,0.00,1,0.00
1.851873,306.9141,-317.724609,559,393.0469,0.00,1,0.00
1.852874,306.8262,-317.812500,559,393.0469,0.00,1,0.00
1.853875,306.8262,-317.812500,559,393.0469,0.00,1,0.00
1.854876,306.9141,-317.724609,559,393.0469,0.00,1,0.00
1.855877,306.8262,-317.812500,559,393.0469,0.00,1,0.00
1.856878,306.7383,-317.900391,559,393.0469,0.00,1,0.00
1.857879,306.7383,-317.900391,559,393.0469,0.00,1,0.00
1.858880,306.8262,-317.812500,559,393.0469,0.00,1,0.00
1.866714,306.8262,-317.812500,559,393.0469,0.00,1,0.00
1.867714,306.8262,-317.812500,559,393.0469,0.00,1,0.00
1.868715,306.8262,-317.812500,559,393.0469,0.00,1,0.00
1.869716,306.9141,-317.724609,559,393.0469,0.00,1,0.00
1.870717,306.8262,-317.812500,559,393.0469,0.00,1,0.00
1.871718,306.8262,-317.812500,559,393.0469,0.00,1,0.00
1.872719,306.8262,-317.812500,559,393.0469,0.00,1,0.00
1.873720,306.8262,-317.812500,559,393.0469,0.00,1,0.00
1.874721,306.8262,-317.812500,559,393.0469,0.00,1,0.00
1.875722,306.8262,-317.812500,559,393.0469,0.00,1,0.00
1.876723,306.8262,-317.812500,559,393.0469,0.00,1,0.00
1.877724,306.8262,-317.812500,559,393.0469,0.00,1,0.00
1.878725,306.8262,-317.812500,559,393.0469,0.00,1,0.00
1.879726,306.8262,-317.812500,559,393.0469,0.00,1,0.00
1.880727,306.8262,-317.812500,559,393.0469,0.00,1,0.00
1.881728,306.7383,-317.900391,559,393.0469,0.00,1,0.00
1.882729,306.8262,-317.812500,559,393.0469,0.00,1,0.00
1.883730,306.8262,-317.812500,559,393.0469,0.00,1,0.00
1.884731,306.8262,-317.812500,559,393.0469,0.00,1,0.00
1.885732,306.8262,-317.812500,559,393.0469,0.00,1,0.00
1.886733,306.8262,-317.812500,559,393.0469,0.00,1,0.00
1.887733,306.8262,-317.812500,559,393.0469,0.00,1,0.00
1.888733,306.8262,-317.812500,559,393.0469,0.00,1,0.00
1.889734,306.8262,-317.812500,559,393.0469,0.00,1,0.00
1.890735,306.8262,-317.812500,559,393.0469,0.00,1,0.00
1.891736,306.8262,-317.812500,559,393.0469,0.00,1,0.00
1.892737,306.8262,-317.812500,559,393.0469,0.00,1,0.00
1.893738,306.8262,-317.812500,559,393.0469,0.00,1,0.00
1.894739,306.8262,-317.812500,559,393.0469,0.00,1,0.00
1.895740,306.9141,-317.724609,559,393.0469,0.00,1,0.00
1.896741,306.8262,-317.812500,559,393.0469,0.00,1,0.00
1.897742,306.8262,-317.812500,559,393.0469,0.00,1,0.00
1.898743,306.8262,-317.812500,559,393.0469,0.00,1,0.00
1.899744,306.8262,-317.812500,559,393.0469,0.00,1,0.00
1.900745,306.8262,-317.812500,559,393.0469,0.00,1,0.00
1.901746,306.8262,-317.812500,559,393.0469,0.00,1,0.00
1.902747,306.8262,-317.812500,559,393.0469,0.00,1,0.00
1.903748,306.8262,-317.812500,559,393.0469,0.00,1,0.00
1.904749,306.8262,-317.812500,559,393.0469,0.00,1,0.00
1.905750,306.8262,-317.812500,559,393.0469,0.00,1,0.00
1.906751,306.8262,-317.812500,559,393.0469,0.00,1,0.00
1.907752,306.8262,-317.812500,559,393.0469,0.00,1,0.00
1.908753,306.8262,-317.812500,559,393.0469,0.00,1,0.00
1.909754,306.9141,-317.724609,559,393.0469,0.00,1,0.00
1.910755,306.8262,-317.812500,559,393.0469,0.00,1,0.00
1.911756,306.8262,-317.812500,559,393.0469,0.00,1,0.00
1.912757,306.8262,-317.812500,559,393.0469,0.00,1,0.00
1.913758,306.8262,-317.812500,559,393.0469,0.00,1,0.00
1.914759,306.7383,-317.900391,559,393.0469,0.00,1,0.00
1.915760,306.7383,-317.900391,559,393.0469,0.00,1,0.00
1.922967,306.8262,-317.812500,559,393.0469,0.00,1,0.00
1.923967,306.8262,-317.812500,559,393.0469,0.00,1,0.00
1.924967,306.9141,-317.724609,559,393.0469,0.00,1,0.00
1.925968,306.8262,-317.812500,559,393.0469,0.00,1,0.00
1.926969,306.8262,-317.812500,559,393.0469,0.00,1,0.00
1.927970,306.8262,-317.812500,559,393.0469,0.00,1,0.00
1.928971,306.8262,-317.812500,559,393.0469,0.00,1,0.00
1.929972,306.8262,-317.812500,559,393.0469,0.00,1,0.00
1.930973,306.8262,-317.812500,559,393.0469,0.00,1,0.00
1.931974,306.8262,-317.812500,559,393.0469,0.00,1,0.00
1.932975,306.9141,-317.724609,559,393.0469,0.00,1,0.00
1.933976,306.9141,-317.724609,559,393.0469,0.00,1,0.00
1.934977,306.8262,-317.812500,559,393.0469,0.00,1,0.00
1.935978,306.8262,-317.812500,559,393.0469,0.00,1,0.00
1.936978,306.8262,-317.812500,559,393.0469,0.00,1,0.00
1.937978,306.7383,-317.900391,559,393.0469,0.00,1,0.00
1.938979,306.7383,-317.900391,559,393.0469,0.00,1,0.00
1.939980,306.8262,-317.812500,559,393.0469,0.00,1,0.00
1.940981,306.8262,-317.812500,559,393.0469,0.00,1,0.00
1.941982,306.7383,-317.900391,559,393.0469,0.00,1,0.00
1.942983,306.8262,-317.812500,559,393.0469,0.00,1,0.00
1.943984,306.8262,-317.812500,559,393.0469,0.00,1,0.00
1.944985,306.8262,-317.812500,559,393.0469,0.00,1,0.00
1.945986,306.8262,-317.812500,559,393.0469,0.00,1,0.00
1.946987,306.8262,-317.812500,559,393.0469,0.00,1,0.00
1.947988,306.7383,-317.900391,559,393.0469,0.00,1,0.00
1.948989,306.8262,-317.812500,559,393.0469,0.00,1,0.00
1.949990,306.8262,-317.812500,559,393.0469,0.00,1,0.00
1.950991,306.8262,-317.812500,559,393.0469,0.00,1,0.00
1.951992,306.8262,-317.812500,559,393.0469,0.00,1,0.00
1.952993,306.8262,-317.812500,559,393.0469,0.00,1,0.00
1.953994,306.8262,-317.812500,559,393.0469,0.00,1,0.00
1.954995,306.8262,-317.812500,559,393.0469,0.00,1,0.00
1.955996,306.9141,-317.724609,559,393.0469,0.00,1,0.00
1.956997,306.8262,-317.812500,559,393.0469,0.00,1,0.00
1.957998,306.7383,-317.900391,559,393.0469,0.00,1,0.00
1.958999,306.8262,-317.812500,559,393.0469,0.00,1,0.00
1.960000,306.8262,-317.812500,559,393.0469,0.00,1,0.00
1.961001,306.8262,-317.812500,559,393.0469,0.00,1,0.00
1.962002,306.8262,-317.812500,559,393.0469,0.00,1,0.00
1.963003,306.8262,-317.812500,559,393.0469,0.00,1,0.00
1.964004,306.9141,-317.724609,559,393.0469,0.00,1,0.00
1.965005,306.8262,-317.812500,559,393.0469,0.00,1,0.00
1.966006,306.7383,-317.900391,559,393.0469,0.00,1,0.00
1.967007,306.7383,-317.900391,559,393.0469,0.00,1,0.00
1.968008,306.9141,-317.724609,559,393.0469,0.00,1,0.00
1.969009,306.9141,-317.724609,559,393.0469,0.00,1,0.00
1.970010,306.9141,-317.724609,559,393.0469,0.00,1,0.00
1.971011,306.8262,-317.812500,559,393.0469,0.00,1,0.00
1.972012,306.8262,-317.812500,559,393.0469,0.00,1,0.00
1.979245,306.9141,-317.724609,559,393.0469,0.00,1,0.00
1.980245,306.8262,-317.812500,559,393.0469,0.00,1,0.00
1.981245,306.8262,-317.812500,559,393.0469,0.00,1,0.00
1.982246,306.9141,-317.724609,559,393.0469,0.00,1,0.00
1.983247,306.8262,-317.812500,559,393.0469,0.00,1,0.00
1.984248,306.8262,-317.812500,559,393.0469,0.00,1,0.00
1.985249,306.8262,-317.812500,559,393.0469,0.00,1,0.00
1.986250,306.7383,-317.900391,559,393.0469,0.00,1,0.00
1.987251,306.8262,-317.812500,559,393.0469,0.00,1,0.00
1.988252,306.8262,-317.812500,559,393.0469,0.00,1,0.00
1.989253,306.8262,-317.812500,559,393.0469,0.00,1,0.00
1.990254,306.8262,-317.812500,559,393.0469,0.00,1,0.00
1.991255,306.8262,-317.812500,559,393.0469,0.00,1,0.00
1.992256,306.8262,-317.812500,559,393.0469,0.00,1,0.00
1.993257,306.8262,-317.812500,559,393.0469,0.00,1,0.00
1.994258,306.8262,-317.812500,559,393.0469,0.00,1,0.00
1.995259,306.8262,-317.812500,559,393.0469,0.00,1,0.00
1.996260,306.9141,-317.724609,559,393.0469,0.00,1,0.00
1.997261,306.8262,-317.812500,559,393.0469,0.00,1,0.00
1.998262,306.8262,-317.812500,559,393.0469,0.00,1,0.00
1.999263,306.8262,-317.812500,559,393.0469,0.00,1,0.00
2.000264,306.8262,-317.812500,559,393.0469,0.00,1,0.00
2.001264,306.8262,-317.812500,559,393.0469,0.00,1,0.00
2.002265,306.8262,-317.812500,559,393.0469,0.00,1,0.00
2.003266,306.8262,-317.812500,559,393.0469,0.00,1,0.00
2.004267,306.8262,-317.812500,559,393.0469,0.00,1,0.00
2.005268,306.8262,-317.812500,559,393.0469,0.00,1,0.00
2.006269,306.8262,-317.812500,559,393.0469,0.00,1,0.00
2.007270,306.8262,-317.812500,559,393.0469,0.00,1,0.00
2.008271,306.8262,-317.812500,559,393.0469,0.00,1,0.00
2.009272,306.7383,-317.900391,559,393.0469,0.00,1,0.00
2.010273,306.8262,-317.812500,559,393.0469,0.00,1,0.00
2.011274,306.9141,-317.724609,559,393.0469,0.00,1,0.00
2.012275,306.9141,-317.724609,559,393.0469,0.00,1,0.00
2.013276,306.9141,-317.724609,559,393.0469,0.00,1,0.00
2.014277,306.8262,-317.812500,559,393.0469,0.00,1,0.00
2.015278,306.8262,-317.812500,559,393.0469,0.00,1,0.00
2.016279,306.9141,-317.724609,559,393.0469,0.00,1,0.00
2.017280,306.8262,-317.812500,559,393.0469,0.00,1,0.00
2.018281,306.8262,-317.812500,559,393.0469,0.00,1,0.00
2.019282,306.8262,-317.812500,559,393.0469,0.00,1,0.00
2.020283,306.8262,-317.812500,559,393.0469,0.00,1,0.00
2.021284,306.8262,-317.812500,559,393.0469,0.00,1,0.00
2.022285,306.8262,-317.812500,559,393.0469,0.00,1,0.00
2.023286,306.8262,-317.812500,559,393.0469,0.00,1,0.00
2.024287,306.8262,-317.812500,559,393.0469,0.00,1,0.00
2.025288,306.8262,-317.812500,559,393.0469,0.00,1,0.00
2.026289,306.8262,-317.812500,559,393.0469,0.00,1,0.00
2.027290,306.8262,-317.812500,559,393.0469,0.00,1,0.00
2.028291,306.8262,-317.812500,559,393.0469,0.00,1,0.00
2.035519,306.8262,-317.812500,559,393.0469,0.00,1,0.00
2.036519,306.8262,-317.812500,559,393.0469,0.00,1,0.00
2.037520,306.8262,-317.812500,559,393.0469,0.00,1,0.00
2.038520,306.8262,-317.812500,559,393.0469,0.00,1,0.00
2.039521,306.8262,-317.812500,559,393.0469,0.00,1,0.00
2.040522,306.8262,-317.812500,559,393.0469,0.00,1,0.00
2.041523,306.8262,-317.812500,559,393.0469,0.00,1,0.00
2.042524,306.8262,-317.812500,559,393.0469,0.00,1,0.00
2.043525,306.8262,-317.812500,559,393.0469,0.00,1,0.00
2.044526,306.8262,-317.812500,559,393.0469,0.00,1,0.00
2.045527,306.8262,-317.812500,559,393.0469,0.00,1,0.00
2.046528,306.9141,-317.724609,559,393.0469,0.00,1,0.00
2.047529,306.9141,-317.724609,559,393.0469,0.00,1,0.00
2.048530,306.8262,-317.812500,559,393.0469,0.00,1,0.00
2.049531,306.8262,-317.812500,559,393.0469,0.00,1,0.00
2.050532,306.8262,-317.812500,559,393.0469,0.00,1,0.00
2.051533,306.8262,-317.812500,559,393.0469,0.00,1,0.00
2.052534,306.8262,-317.812500,559,393.0469,0.00,1,0.00
2.053535,306.8262,-317.812500,559,393.0469,0.00,1,0.00
2.054536,306.8262,-317.812500,559,393.0469,0.00,1,0.00
2.055537,306.8262,-317.812500,559,393.0469,0.00,1,0.00
2.056538,306.7383,-317.900391,559,393.0469,0.00,1,0.00
2.057539,306.8262,-317.812500,559,393.0469,0.00,1,0.00
2.058540,306.8262,-317.812500,559,393.0469,0.00,1,0.00
2.059541,306.8262,-317.812500,559,393.0469,0.00,1,0.00
2.060542,306.8262,-317.812500,559,393.0469,0.00,1,0.00
2.061543,306.8262,-317.812500,559,393.0469,0.00,1,0.00
2.062544,306.8262,-317.812500,559,393.0469,0.00,1,0.00
2.063545,306.8262,-317.812500,559,393.0469,0.00,1,0.00
2.064546,306.8262,-317.812500,559,393.0469,0.00,1,0.00
2.065547,306.8262,-317.812500,559,393.0469,0.00,1,0.00
2.066548,306.8262,-317.812500,559,393.0469,0.00,1,0.00
2.067549,306.8262,-317.812500,559,393.0469,0.00,1,0.00
2.068550,306.8262,-317.812500,559,393.0469,0.00,1,0.00
2.069551,306.8262,-317.812500,559,393.0469,0.00,1,0.00
2.070552,306.7383,-317.900391,559,393.0469,0.00,1,0.00
2.071553,306.8262,-317.812500,559,393.0469,0.00,1,0.00
2.072554,306.9141,-317.724609,559,393.0469,0.00,1,0.00
2.073555,306.8262,-317.812500,559,393.0469,0.00,1,0.00
2.074556,306.7383,-317.900391,559,393.0469,0.00,1,0.00
2.075557,306.8262,-317.812500,559,393.0469,0.00,1,0.00
2.076558,306.9141,-317.724609,559,393.0469,0.00,1,0.00
2.077559,306.9141,-317.724609,559,393.0469,0.00,1,0.00
2.078560,306.9141,-317.724609,559,393.0469,0.00,1,0.00
2.079561,306.8262,-317.812500,559,393.0469,0.00,1,0.00
2.080562,306.9141,-317.724609,559,393.0469,0.00,1,0.00
2.081562,306.8262,-317.812500,559,393.0469,0.00,1,0.00
2.082563,306.8262,-317.812500,559,393.0469,0.00,1,0.00
2.083563,306.8262,-317.812500,559,393.0469,0.00,1,0.00
2.084564,306.9141,-317.724609,559,393.0469,0.00,1,0.00
2.091821,306.8262,-317.812500,559,393.0469,0.00,1,0.00
2.092822,306.9141,-317.724609,559,393.0469,0.00,1,0.00
2.093823,306.9141,-317.724609,559,393.0469,0.00,1,0.00
2.094824,306.8262,-317.812500,559,393.0469,0.00,1,0.00
2.095825,306.8262,-317.812500,559,393.0469,0.00,1,0.00
2.096826,306.8262,-317.812500,559,393.0469,0.00,1,0.00
2.097827,306.7383,-317.900391,559,393.0469,0.00,1,0.00
2.098828,306.8262,-317.812500,559,393.0469,0.00,1,0.00
2.099829,306.8262,-317.812500,559,393.0469,0.00,1,0.00
2.100830,306.8262,-317.812500,559,393.0469,500.00,-1,-500.00
2.101831,306.8262,-317.812500,559,393.0469,500.00,-1,-500.00
2.102832,306.9141,-317.724609,558,392.3437,500.00,-1,-500.00
2.103833,307.2656,-317.373047,557,391.6406,500.00,-1,-500.00
2.104834,307.9687,-316.669922,556,390.9375,500.00,-1,-500.00
2.105835,308.6719,-315.966797,556,390.9375,500.00,-1,-500.00
2.106836,308.9355,-315.703125,556,390.9375,500.00,-1,-500.00
2.107837,309.2871,-315.351562,555,390.2344,500.00,-1,-500.00
2.108838,309.9023,-314.736328,555,390.2344,500.00,-1,-500.00
2.109839,310.6934,-313.945312,554,389.5312,500.00,-1,-500.00
2.110840,311.0449,-313.593750,555,390.2344,500.00,-1,-500.00
2.111841,311.2207,-313.417969,554,389.5312,500.00,-1,-500.00
2.112842,311.7480,-312.890625,553,388.8281,500.00,-1,-500.00
2.113843,312.4512,-312.187500,552,388.1250,500.00,-1,-500.00
2.114844,312.8906,-311.748047,552,388.1250,500.00,-1,-500.00
2.115845,313.1543,-311.484375,552,388.1250,500.00,-1,-500.00
2.116846,313.5937,-311.044922,551,387.4219,500.00,-1,-500.00
2.117847,314.2969,-310.341797,550,386.7187,500.00,-1,-500.00
2.118848,314.7363,-309.902344,550,386.7187,500.00,-1,-500.00
2.119849,315.0879,-309.550781,550,386.7187,500.00,-1,-500.00
2.120850,315.5273,-309.111328,549,386.0156,500.00,-1,-500.00
2.121851,316.2305,-308.408203,548,385.3125,500.00,-1,-500.00
2.122852,316.8457,-307.792969,548,385.3125,500.00,-1,-500.00
2.123853,317.1094,-307.529297,547,384.6094,500.00,-1,-500.00
2.124854,317.5488,-307.089844,547,384.6094,500.00,-1,-500.00
2.125855,318.0762,-306.562500,546,383.9062,500.00,-1,-500.00
2.126856,318.6914,-305.947266,545,383.2031,500.00,-1,-500.00
2.127857,319.2187,-305.419922,545,383.2031,500.00,-1,-500.00
2.128858,319.5703,-305.068359,544,382.5000,500.00,-1,-500.00
2.129859,320.1855,-304.453125,543,381.7969,500.00,-1,-500.00
2.130860,320.6250,-304.013672,543,381.7969,500.00,-1,-500.00
2.131861,321.0645,-303.574219,542,381.0937,500.00,-1,-500.00
2.132862,321.5039,-303.134766,541,380.3906,500.00,-1,-500.00
2.133863,322.2070,-302.431641,541,380.3906,500.00,-1,-500.00
2.134864,322.6465,-301.992187,540,379.6875,500.00,-1,-500.00
2.135865,322.9102,-301.728516,540,379.6875,500.00,-1,-500.00
2.136866,323.3496,-301.289062,539,378.9844,500.00,-1,-500.00
2.137867,323.9648,-300.673828,538,378.2812,500.00,-1,-500.00
2.138868,324.5801,-300.058594,538,378.2812,500.00,-1,-500.00
2.139869,325.0195,-299.619141,537,377.5781,500.00,-1,-500.00
2.140870,325.4590,-299.179687,536,376.8750,500.00,-1,-500.00
2.148708,329.2383,-295.400391,531,373.3594,500.00,-1,-500.00
2.149709,329.9414,-294.697266,531,373.3594,500.00,-1,-500.00
2.150710,330.3809,-294.257812,530,372.6562,500.00,-1,-500.00
2.151711,330.8203,-293.818359,530,372.6562,500.00,-1,-500.00
2.152712,331.4355,-293.203125,529,371.9531,500.00,-1,-500.00
2.153713,331.8750,-292.763672,528,371.2500,500.00,-1,-500.00
2.154714,332.4902,-292.148437,528,371.2500,500.00,-1,-500.00
2.155715,332.8418,-291.796875,527,370.5469,500.00,-1,-500.00
2.156716,333.2812,-291.357422,526,369.8437,500.00,-1,-500.00
2.157717,333.9844,-290.654297,525,369.1406,500.00,-1,-500.00
2.158718,334.5996,-290.039062,525,369.1406,500.00,-1,-500.00
2.159719,334.9512,-289.687500,525,369.1406,500.00,-1,-500.00
2.160720,335.3906,-289.248047,524,368.4375,500.00,-1,-500.00
2.161721,335.9180,-288.720703,523,367.7344,500.00,-1,-500.00
2.162722,336.4453,-288.193359,523,367.7344,500.00,-1,-500.00
2.163723,336.9727,-287.666016,522,367.0312,500.00,-1,-500.00
2.164724,337.3242,-287.314453,521,366.3281,500.00,-1,-500.00
2.165725,337.9395,-286.699219,520,365.6250,500.00,-1,-500.00
2.166726,338.6426,-285.996094,520,365.6250,500.00,-1,-500.00
2.167727,338.9062,-285.732422,519,364.9219,500.00,-1,-500.00
2.168728,339.3457,-285.292969,519,364.9219,500.00,-1,-500.00
2.169729,340.0488,-284.589844,518,364.2187,500.00,-1,-500.00
2.170730,340.6641,-283.974609,518,364.2187,500.00,-1,-500.00
2.171730,341.0156,-283.623047,517,363.5156,500.00,-1,-500.00
2.172731,341.3672,-283.271484,516,362.8125,500.00,-1,-500.00
2.173731,342.0703,-282.568359,515,362.1094,500.00,-1,-500.00
2.174732,342.6855,-281.953125,515,362.1094,500.00,-1,-500.00
2.175733,342.9492,-281.689453,514,361.4062,500.00,-1,-500.00
2.176734,343.5645,-281.074219,514,361.4062,500.00,-1,-500.00
2.177735,344.1797,-280.458984,513,360.7031,500.00,-1,-500.00
2.178736,344.6191,-280.019531,512,360.0000,500.00,-1,-500.00
2.179737,345.0586,-279.580078,512,360.0000,500.00,-1,-500.00
2.180738,345.4980,-279.140625,511,359.2969,500.00,-1,-500.00
2.181739,346.1133,-278.525391,510,358.5937,500.00,-1,-500.00
2.182740,346.6406,-277.998047,510,358.5937,500.00,-1,-500.00
2.183741,346.9043,-277.734375,509,357.8906,500.00,-1,-500.00
2.184742,347.3437,-277.294922,509,357.8906,500.00,-1,-500.00
2.185743,348.0469,-276.591797,508,357.1875,500.00,-1,-500.00
2.186744,348.4863,-276.152344,507,356.4844,500.00,-1,-500.00
2.187745,349.0137,-275.625000,507,356.4844,500.00,-1,-500.00
2.188746,349.5410,-275.097656,506,355.7812,500.00,-1,-500.00
2.189747,350.1562,-274.482422,505,355.0781,500.00,-1,-500.00
2.190748,350.6836,-273.955078,505,355.0781,500.00,-1,-500.00
2.191749,351.1230,-273.515625,504,354.3750,500.00,-1,-500.00
2.192750,351.4746,-273.164062,503,353.6719,500.00,-1,-500.00
2.193751,352.1777,-272.460937,503,353.6719,500.00,-1,-500.00
2.194752,352.7051,-271.933594,502,352.9687,500.00,-1,-500.00
2.195753,353.1445,-271.494141,502,352.9687,500.00,-1,-500.00
2.196754,353.4961,-271.142578,501,352.2656,500.00,-1,-500.00
2.197755,354.0234,-270.615234,500,351.5625,500.00,-1,-500.00
2.204855,357.5391,-267.099609,495,348.0469,500.00,-1,-500.00
2.205856,358.2422,-266.396484,495,348.0469,500.00,-1,-500.00
2.206857,358.7695,-265.869141,495,348.0469,500.00,-1,-500.00
2.207858,359.1211,-265.517578,494,347.3437,500.00,-1,-500.00
2.208859,359.5605,-265.078125,493,346.6406,500.00,-1,-500.00
2.209860,0.2637,-264.375000,492,345.9375,500.00,-1,-500.00
2.210861,0.7910,-263.847656,492,345.9375,500.00,-1,-500.00
2.211862,1.1426,-263.496094,491,345.2344,500.00,-1,-500.00
2.212863,1.6699,-262.968750,491,345.2344,500.00,-1,-500.00
2.213864,2.1973,-262.441406,490,344.5312,500.00,-1,-500.00
2.214865,2.7246,-261.914062,490,344.5312,500.00,-1,-500.00
2.215866,3.1641,-261.474609,489,343.8281,500.00,-1,-500.00
2.216867,3.6035,-261.035156,488,343.1250,500.00,-1,-500.00
2.217868,4.2187,-260.419922,487,342.4219,500.00,-1,-500.00
2.218869,4.7461,-259.892578,487,342.4219,500.00,-1,-500.00
2.219870,5.1855,-259.453125,486,341.7187,500.00,-1,-500.00
2.220871,5.6250,-259.013672,485,341.0156,500.00,-1,-500.00
2.221872,6.1523,-258.486328,485,341.0156,500.00,-1,-500.00
2.222873,6.7676,-257.871094,484,340.3125,500.00,-1,-500.00
2.223874,7.2070,-257.431641,484,340.3125,500.00,-1,-500.00
2.224875,7.5586,-257.080078,483,339.6094,500.00,-1,-500.00
2.225876,8.1738,-256.464844,482,338.9062,500.00,-1,-500.00
2.226877,8.6133,-256.025391,482,338.9062,500.00,-1,-500.00
2.227878,8.9648,-255.673828,481,338.2031,500.00,-1,-500.00
2.228879,9.4922,-255.146484,480,337.5000,500.00,-1,-500.00
2.229880,10.0195,-254.619141,479,336.7969,500.00,-1,-500.00
2.230881,10.5469,-254.091797,479,336.7969,500.00,-1,-500.00
2.231882,10.8984,-253.740234,479,336.7969,500.00,-1,-500.00
2.232883,11.2500,-253.388672,478,336.0937,500.00,-1,-500.00
2.233884,11.9531,-252.685547,477,335.3906,500.00,-1,-500.00
2.234885,12.5684,-252.070312,477,335.3906,500.00,-1,-500.00
2.235886,12.9199,-251.718750,476,334.6875,500.00,-1,-500.00
2.236887,13.3594,-251.279297,475,333.9844,500.00,-1,-500.00
2.237888,13.9746,-250.664062,475,333.9844,500.00,-1,-500.00
2.238889,14.3262,-250.312500,474,333.2812,500.00,-1,-500.00
2.239890,14.7656,-249.873047,473,332.5781,500.00,-1,-500.00
2.240891,15.2051,-249.433594,473,332.5781,500.00,-1,-500.00
2.241892,15.8203,-248.818359,472,331.8750,500.00,-1,-500.00
2.242893,16.3477,-248.291016,472,331.8750,500.00,-1,-500.00
2.243894,16.6992,-247.939453,471,331.1719,500.00,-1,-500.00
2.244895,17.1387,-247.500000,470,330.4687,500.00,-1,-500.00
2.245896,17.6660,-246.972656,469,329.7656,500.00,-1,-500.00
2.246897,18.1055,-246.533203,469,329.7656,500.00,-1,-500.00
2.247898,18.6328,-246.005859,468,329.0625,500.00,-1,-500.00
2.248899,19.0723,-245.566406,468,329.0625,500.00,-1,-500.00
2.249900,19.6875,-244.951172,467,328.3594,500.00,-1,-500.00
2.250901,20.1270,-244.511719,467,328.3594,500.00,-1,-500.00
2.251902,20.3906,-244.248047,466,327.6562,500.00,-1,-500.00
2.252903,20.9180,-243.720703,465,326.9531,500.00,-1,-500.00
2.253904,21.5332,-243.105469,464,326.2500,500.00,-1,-500.00
2.261109,24.7852,-239.853516,460,323.4375,500.00,-1,-500.00
2.262109,25.2246,-239.414062,459,322.7344,500.00,-1,-500.00
2.263110,25.6641,-238.974609,459,322.7344,500.00,-1,-500.00
2.264110,26.0156,-238.623047,458,322.0312,500.00,-1,-500.00
2.265111,26.4551,-238.183594,457,321.3281,500.00,-1,-500.00
2.266112,27.0703,-237.568359,457,321.3281,500.00,-1,-500.00
2.267113,27.5977,-237.041016,456,320.6250,500.00,-1,-500.00
2.268114,27.8613,-236.777344,456,320.6250,500.00,-1,-500.00
2.269115,28.3008,-236.337891,455,319.9219,500.00,-1,-500.00
2.270116,28.9160,-235.722656,454,319.2187,500.00,-1,-500.00
2.271117,29.4434,-235.195312,454,319.2187,500.00,-1,-500.00
2.272118,29.7949,-234.843750,453,318.5156,500.00,-1,-500.00
2.273119,30.2344,-234.404297,452,317.8125,500.00,-1,-500.00
2.274120,30.7617,-233.876953,452,317.8125,500.00,-1,-500.00
2.275121,31.2012,-233.437500,451,317.1094,500.00,-1,-500.00
2.276122,31.4648,-233.173828,451,317.1094,500.00,-1,-500.00
2.277123,31.9043,-232.734375,450,316.4062,500.00,-1,-500.00
2.278124,32.5195,-232.119141,449,315.7031,500.00,-1,-500.00
2.279125,32.9590,-231.679687,449,315.7031,500.00,-1,-500.00
2.280126,33.2227,-231.416016,448,315.0000,500.00,-1,-500.00
2.281127,33.6621,-230.976562,447,314.2969,500.00,-1,-500.00
2.282128,34.2773,-230.361328,447,314.2969,500.00,-1,-500.00
2.283129,34.7168,-229.921875,446,313.5937,500.00,-1,-500.00
2.284130,34.9805,-229.658203,445,312.8906,500.00,-1,-500.00
2.285131,35.4199,-229.218750,444,312.1875,500.00,-1,-500.00
2.286132,36.0352,-228.603516,444,312.1875,500.00,-1,-500.00
2.287133,36.3867,-228.251953,444,312.1875,500.00,-1,-500.00
2.288134,36.7383,-227.900391,443,311.4844,500.00,-1,-500.00
2.289135,37.1777,-227.460937,442,310.7812,500.00,-1,-500.00
2.290136,37.7051,-226.933594,441,310.0781,500.00,-1,-500.00
2.291137,38.1445,-226.494141,441,310.0781,500.00,-1,-500.00
2.292138,38.4082,-226.230469,440,309.3750,500.00,-1,-500.00
2.293139,38.8477,-225.791016,439,308.6719,500.00,-1,-500.00
2.294140,39.4629,-225.175781,439,308.6719,500.00,-1,-500.00
2.295141,39.8145,-224.824219,438,307.9687,500.00,-1,-500.00
2.296142,40.1660,-224.472656,438,307.9687,500.00,-1,-500.00
2.297143,40.6055,-224.033203,437,307.2656,500.00,-1,-500.00
2.298144,41.0449,-223.593750,436,306.5625,500.00,-1,-500.00
2.299145,41.4844,-223.154297,436,306.5625,500.00,-1,-500.00
2.300146,41.8359,-222.802734,435,305.8594,500.00,-1,-500.00
2.301147,42.2754,-222.363281,434,305.1562,500.00,-1,-500.00
2.302148,42.8906,-221.748047,434,305.1562,500.00,-1,-500.00
2.303149,43.3301,-221.308594,433,304.4531,500.00,-1,-500.00
2.304150,43.5938,-221.044922,433,304.4531,500.00,-1,-500.00
2.305151,44.1211,-220.517578,432,303.7500,500.00,-1,-500.00
2.306152,44.5605,-220.078125,431,303.0469,500.00,-1,-500.00
2.307153,45.0000,-219.638672,431,303.0469,500.00,-1,-500.00
2.308154,45.3516,-219.287109,430,302.3437,500.00,-1,-500.00
2.309155,45.7031,-218.935547,429,301.6406,500.00,-1,-500.00
2.310156,46.2305,-218.408203,429,301.6406,500.00,-1,-500.00
2.317389,49.0430,-215.595703,424,298.1250,500.00,-1,-500.00
2.318390,49.5703,-215.068359,424,298.1250,500.00,-1,-500.00
2.319390,49.9219,-214.716797,423,297.4219,500.00,-1,-500.00
2.320391,50.2734,-214.365234,422,296.7187,500.00,-1,-500.00
2.321391,50.8008,-213.837891,421,296.0156,500.00,-1,-500.00
2.322392,51.2402,-213.398437,421,296.0156,500.00,-1,-500.00
2.323393,51.5918,-213.046875,420,295.3125,500.00,-1,-500.00
2.324394,52.0313,-212.607422,420,295.3125,500.00,-1,-500.00
2.325395,52.3828,-212.255859,419,294.6094,500.00,-1,-500.00
2.326396,52.9102,-211.728516,418,293.9062,500.00,-1,-500.00
2.327397,53.2617,-211.376953,418,293.9062,500.00,-1,-500.00
2.328398,53.5254,-211.113281,417,293.2031,500.00,-1,-500.00
2.329399,53.9648,-210.673828,416,292.5000,500.00,-1,-500.00
2.330400,54.4922,-210.146484,416,292.5000,500.00,-1,-500.00
2.331401,54.8438,-209.794922,415,291.7969,500.00,-1,-500.00
2.332402,55.1074,-209.531250,415,291.7969,500.00,-1,-500.00
2.333403,55.6348,-209.003906,414,291.0937,500.00,-1,-500.00
2.334404,56.1621,-208.476562,413,290.3906,500.00,-1,-500.00
2.335405,56.4258,-208.212891,413,290.3906,500.00,-1,-500.00
2.336406,56.7773,-207.861328,412,289.6875,500.00,-1,-500.00
2.337407,57.3047,-207.333984,411,288.9844,500.00,-1,-500.00
2.338408,57.7441,-206.894531,411,288.9844,500.00,-1,-500.00
2.339409,58.1836,-206.455078,410,288.2812,500.00,-1,-500.00
2.340410,58.4473,-206.191406,410,288.2812,500.00,-1,-500.00
2.341411,58.7988,-205.839844,409,287.5781,500.00,-1,-500.00
2.342411,59.3262,-205.312500,408,286.8750,500.00,-1,-500.00
2.343412,59.6777,-204.960937,408,286.8750,500.00,-1,-500.00
2.344412,60.0293,-204.609375,407,286.1719,500.00,-1,-500.00
2.345413,60.4688,-204.169922,406,285.4687,500.00,-1,-500.00
2.346414,60.8203,-203.818359,406,285.4687,500.00,-1,-500.00
2.347415,61.1719,-203.466797,405,284.7656,500.00,-1,-500.00
2.348416,61.5234,-203.115234,404,284.0625,500.00,-1,-500.00
2.349417,61.9629,-202.675781,403,283.3594,500.00,-1,-500.00
2.350418,62.5781,-202.060547,403,283.3594,500.00,-1,-500.00
2.351419,62.9297,-201.708984,403,283.3594,500.00,-1,-500.00
2.352420,63.1055,-201.533203,402,282.6562,500.00,-1,-500.00
2.353421,63.6328,-201.005859,401,281.9531,500.00,-1,-500.00
2.354422,64.1602,-200.478516,401,281.9531,500.00,-1,-500.00
2.355423,64.5117,-200.126953,400,281.2500,500.00,-1,-500.00
2.356424,64.7754,-199.863281,399,280.5469,500.00,-1,-500.00
2.357425,65.2148,-199.423828,398,279.8437,500.00,-1,-500.00
2.358426,65.7422,-198.896484,398,279.8437,500.00,-1,-500.00
2.359427,66.0938,-198.544922,398,279.8437,500.00,-1,-500.00
2.360428,66.3574,-198.281250,397,279.1406,500.00,-1,-500.00
2.361429,66.8848,-197.753906,396,278.4375,500.00,-1,-500.00
2.362430,67.3242,-197.314453,396,278.4375,500.00,-1,-500.00
2.363431,67.5879,-197.050781,395,277.7344,500.00,-1,-500.00
2.364432,67.9395,-196.699219,394,277.0312,500.00,-1,-500.00
2.365433,68.4668,-196.171875,393,276.3281,500.00,-1,-500.00
2.366434,68.9063,-195.732422,393,276.3281,500.00,-1,-500.00
2.373693,71.7188,-192.919922,388,272.8125,500.00,-1,-500.00
2.374694,72.1582,-192.480469,388,272.8125,500.00,-1,-500.00
2.375695,72.3340,-192.304687,387,272.1094,500.00,-1,-500.00
2.376696,72.6855,-191.953125,386,271.4062,500.00,-1,-500.00
2.377697,73.2129,-191.425781,386,271.4062,500.00,-1,-500.00
2.378698,73.6523,-190.986328,385,270.7031,500.00,-1,-500.00
2.379699,74.0039,-190.634766,384,270.0000,500.00,-1,-500.00
2.380700,74.3555,-190.283203,384,270.0000,500.00,-1,-500.00
2.381701,74.8828,-189.755859,383,269.2969,500.00,-1,-500.00
2.382702,75.1465,-189.492187,383,269.2969,500.00,-1,-500.00
2.383703,75.4980,-189.140625,382,268.5937,500.00,-1,-500.00
2.384704,75.8496,-188.789062,381,267.8906,500.00,-1,-500.00
2.385705,76.3770,-188.261719,380,267.1875,500.00,-1,-500.00
2.386706,76.9043,-187.734375,380,267.1875,500.00,-1,-500.00
2.387706,77.0801,-187.558594,379,266.4844,500.00,-1,-500.00
2.388707,77.4316,-187.207031,379,266.4844,500.00,-1,-500.00
2.389707,77.9590,-186.679687,378,265.7812,500.00,-1,-500.00
2.390708,78.3984,-186.240234,378,265.7812,500.00,-1,-500.00
2.391709,78.7500,-185.888672,377,265.0781,500.00,-1,-500.00
2.392710,79.1016,-185.537109,376,264.3750,500.00,-1,-500.00
2.393711,79.5410,-185.097656,375,263.6719,500.00,-1,-500.00
2.394712,79.9805,-184.658203,375,263.6719,500.00,-1,-500.00
2.395713,80.2441,-184.394531,374,262.9687,500.00,-1,-500.00
2.396714,80.5957,-184.042969,374,262.9687,500.00,-1,-500.00
2.397715,81.1230,-183.515625,372,261.5625,500.00,-1,-500.00
2.398716,81.5625,-183.076172,372,261.5625,500.00,-1,-500.00
2.399717,81.8262,-182.812500,372,261.5625,500.00,-1,-500.00
2.400718,82.1777,-182.460937,371,260.8594,500.00,-1,-500.00
2.401719,82.7051,-181.933594,370,260.1562,500.00,-1,-500.00
2.402720,83.2324,-181.406250,370,260.1562,500.00,-1,-500.00
2.403721,83.5840,-181.054687,369,259.4531,500.00,-1,-500.00
2.404722,83.7598,-180.878906,368,258.7500,500.00,-1,-500.00
2.405723,84.2871,-180.351562,368,258.7500,500.00,-1,-500.00
2.406724,84.8145,-179.824219,367,258.0469,500.00,-1,-500.00
2.407725,85.1660,-179.472656,367,258.0469,500.00,-1,-500.00
2.408726,85.4297,-179.208984,366,257.3437,500.00,-1,-500.00
2.409727,85.8691,-178.769531,365,256.6406,500.00,-1,-500.00
2.410728,86.3086,-178.330078,365,256.6406,500.00,-1,-500.00
2.411729,86.6602,-177.978516,364,255.9375,500.00,-1,-500.00
2.412730,87.0117,-177.626953,363,255.2344,500.00,-1,-500.00
2.413731,87.4512,-177.187500,362,254.5312,500.00,-1,-500.00
2.414732,87.8906,-176.748047,362,254.5312,500.00,-1,-500.00
2.415733,88.1543,-176.484375,362,254.5312,500.00,-1,-500.00
2.416734,88.5938,-176.044922,361,253.8281,500.00,-1,-500.00
2.417735,89.1211,-175.517578,360,253.1250,500.00,-1,-500.00
2.418736,89.5605,-175.078125,360,253.1250,500.00,-1,-500.00
2.419737,89.8242,-174.814453,359,252.4219,500.00,-1,-500.00
2.420738,90.0879,-174.550781,358,251.7187,500.00,-1,-500.00
2.421739,90.7031,-173.935547,357,251.0156,500.00,-1,-500.00
2.422740,91.1426,-173.496094,357,251.0156,500.00,-1,-500.00
2.429995,93.9551,-170.683594,352,247.5000,500.00,-1,-500.00
2.430996,94.3945,-170.244141,352,247.5000,500.00,-1,-500.00
2.431996,94.6582,-169.980469,351,246.7969,500.00,-1,-500.00
2.432997,95.0977,-169.541016,350,246.0937,500.00,-1,-500.00
2.433998,95.7129,-168.925781,350,246.0937,500.00,-1,-500.00
2.434999,96.1523,-168.486328,349,245.3906,500.00,-1,-500.00
2.436000,96.4160,-168.222656,348,244.6875,500.00,-1,-500.00
2.437001,96.7676,-167.871094,348,244.6875,500.00,-1,-500.00
2.438002,97.2949,-167.343750,347,243.9844,500.00,-1,-500.00
2.439003,97.7344,-166.904297,347,243.9844,500.00,-1,-500.00
2.440004,98.1738,-166.464844,346,243.2812,500.00,-1,-500.00
2.441005,98.5254,-166.113281,345,242.5781,500.00,-1,-500.00
2.442006,98.9648,-165.673828,344,241.8750,500.00,-1,-500.00
2.443007,99.4043,-165.234375,344,241.8750,500.00,-1,-500.00
2.444008,99.6680,-164.970703,343,241.1719,500.00,-1,-500.00
2.445009,100.0195,-164.619141,342,240.4687,500.00,-1,-500.00
2.446010,100.5469,-164.091797,342,240.4687,500.00,-1,-500.00
2.447011,100.9863,-163.652344,342,240.4687,500.00,-1,-500.00
2.448012,101.3379,-163.300781,341,239.7656,500.00,-1,-500.00
2.449012,101.6895,-162.949219,340,239.0625,500.00,-1,-500.00
2.450013,102.2168,-162.421875,339,238.3594,500.00,-1,-500.00
2.451013,102.6563,-161.982422,339,238.3594,500.00,-1,-500.00
2.452014,103.0957,-161.542969,338,237.6562,500.00,-1,-500.00
2.453015,103.4473,-161.191406,338,237.6562,500.00,-1,-500.00
2.454016,103.9746,-160.664062,337,236.9531,500.00,-1,-500.00
2.455017,104.4141,-160.224609,336,236.2500,500.00,-1,-500.00
2.456018,104.7656,-159.873047,336,236.2500,500.00,-1,-500.00
2.457019,105.1172,-159.521484,335,235.5469,500.00,-1,-500.00
2.458020,105.7324,-158.906250,334,234.8437,500.00,-1,-500.00
2.459021,106.1719,-158.466797,334,234.8437,500.00,-1,-500.00
2.460022,106.4355,-158.203125,333,234.1406,500.00,-1,-500.00
2.461023,106.8750,-157.763672,332,233.4375,500.00,-1,-500.00
2.462024,107.3145,-157.324219,332,233.4375,500.00,-1,-500.00
2.463025,107.7539,-156.884766,331,232.7344,500.00,-1,-500.00
2.464026,108.0176,-156.621094,331,232.7344,500.00,-1,-500.00
2.465027,108.4570,-156.181641,330,232.0312,500.00,-1,-500.00
2.466028,108.9844,-155.654297,329,231.3281,500.00,-1,-500.00
2.467029,109.5117,-155.126953,329,231.3281,500.00,-1,-500.00
2.468030,109.7754,-154.863281,328,230.6250,500.00,-1,-500.00
2.469031,110.2148,-154.423828,327,229.9219,500.00,-1,-500.00
2.470032,110.7422,-153.896484,326,229.2187,500.00,-1,-500.00
2.471033,111.1816,-153.457031,326,229.2187,500.00,-1,-500.00
2.472034,111.5332,-153.105469,326,229.2187,500.00,-1,-500.00
2.473035,111.7969,-152.841797,325,228.5156,500.00,-1,-500.00
2.474036,112.4121,-152.226562,324,227.8125,500.00,-1,-500.00
2.475037,113.0273,-151.611328,324,227.8125,500.00,-1,-500.00
2.476038,113.2910,-151.347656,323,227.1094,500.00,-1,-500.00
2.477039,113.7305,-150.908203,322,226.4062,500.00,-1,-500.00
2.478040,114.2578,-150.380859,322,226.4062,500.00,-1,-500.00
2.479041,114.6973,-149.941406,321,225.7031,500.00,-1,-500.00
2.486755,118.1250,-146.513672,316,222.1875,500.00,-1,-500.00
2.487755,118.5645,-146.074219,316,222.1875,500.00,-1,-500.00
2.488756,118.9160,-145.722656,315,221.4844,500.00,-1,-500.00
2.489756,119.4434,-145.195312,314,220.7812,500.00,-1,-500.00
2.490757,119.9707,-144.667969,314,220.7812,500.00,-1,-500.00
2.491758,120.3223,-144.316406,313,220.0781,500.00,-1,-500.00
2.492759,120.6738,-143.964844,312,219.3750,500.00,-1,-500.00
2.493760,121.2891,-143.349609,311,218.6719,500.00,-1,-500.00
2.494761,121.7285,-142.910156,311,218.6719,500.00,-1,-500.00
2.495762,122.0801,-142.558594,310,217.9687,500.00,-1,-500.00
2.496763,122.4316,-142.207031,310,217.9687,500.00,-1,-500.00
2.497764,123.0469,-141.591797,309,217.2656,500.00,-1,-500.00
2.498765,123.5742,-141.064453,308,216.5625,500.00,-1,-500.00
2.499766,123.8379,-140.800781,308,216.5625,500.00,-1,-500.00
2.500767,124.3652,-140.273437,307,215.8594,500.00,-1,-500.00
2.501768,124.9805,-139.658203,306,215.1562,500.00,-1,-500.00
2.502769,125.4199,-139.218750,306,215.1562,500.00,-1,-500.00
2.503770,125.7715,-138.867187,305,214.4531,500.00,-1,-500.00
2.504770,126.2109,-138.427734,304,213.7500,500.00,-1,-500.00
2.505771,126.7383,-137.900391,304,213.7500,500.00,-1,-500.00
2.506771,127.2656,-137.373047,303,213.0469,500.00,-1,-500.00
2.507772,127.6172,-137.021484,303,213.0469,500.00,-1,-500.00
2.508773,127.9688,-136.669922,302,212.3437,500.00,-1,-500.00
2.509774,128.5840,-136.054687,301,211.6406,500.00,-1,-500.00
2.510775,129.0234,-135.615234,301,211.6406,500.00,-1,-500.00
2.511776,129.4629,-135.175781,300,210.9375,500.00,-1,-500.00
2.512777,129.9023,-134.736328,299,210.2344,500.00,-1,-500.00
2.513778,130.4297,-134.208984,298,209.5312,500.00,-1,-500.00
2.514779,131.0449,-133.593750,298,209.5312,500.00,-1,-500.00
2.520334,133.5059,-131.132812,295,207.4219,500.00,-1,-500.00
2.521335,134.0332,-130.605469,294,206.7187,500.00,-1,-500.00
2.522335,134.6484,-129.990234,294,206.7187,500.00,-1,-500.00
2.523336,135.0000,-129.638672,292,205.3125,500.00,-1,-500.00
2.524336,135.4395,-129.199219,292,205.3125,500.00,-1,-500.00
2.525337,135.8789,-128.759766,291,204.6094,500.00,-1,-500.00
2.526338,136.4941,-128.144531,291,204.6094,500.00,-1,-500.00
2.527339,136.9336,-127.705078,290,203.9062,500.00,-1,-500.00
2.528340,137.2852,-127.353516,290,203.9062,500.00,-1,-500.00
2.529341,137.9004,-126.738281,288,202.5000,500.00,-1,-500.00
2.530342,138.5156,-126.123047,288,202.5000,500.00,-1,-500.00
2.531343,138.8672,-125.771484,288,202.5000,500.00,-1,-500.00
2.532344,139.3066,-125.332031,287,201.7969,500.00,-1,-500.00
2.533345,139.8340,-124.804687,286,201.0937,500.00,-1,-500.00
2.534346,140.3613,-124.277344,286,201.0937,500.00,-1,-500.00
2.535347,140.8887,-123.750000,285,200.3906,500.00,-1,-500.00
2.536348,141.2402,-123.398437,284,199.6875,500.00,-1,-500.00
2.537349,141.8555,-122.783203,284,199.6875,500.00,-1,-500.00
2.538350,142.3828,-122.255859,283,198.9844,500.00,-1,-500.00
2.539351,142.7344,-121.904297,282,198.2812,500.00,-1,-500.00
2.540352,143.0859,-121.552734,282,198.2812,500.00,-1,-500.00
2.547567,146.8652,-117.773437,277,194.7656,500.00,-1,-500.00
2.548567,147.3047,-117.333984,276,194.0625,500.00,-1,-500.00
2.549568,147.7441,-116.894531,276,194.0625,500.00,-1,-500.00
2.550568,148.3594,-116.279297,276,194.0625,500.00,-1,-500.00
2.551569,148.7988,-115.839844,275,193.3594,500.00,-1,-500.00
2.552570,149.2383,-115.400391,274,192.6562,500.00,-1,-500.00
2.553571,149.8535,-114.785156,273,191.9531,500.00,-1,-500.00
2.554572,150.4687,-114.169922,273,191.9531,500.00,-1,-500.00
2.555573,150.8203,-113.818359,272,191.2500,500.00,-1,-500.00
2.556574,151.1719,-113.466797,272,191.2500,500.00,-1,-500.00
2.557575,151.7871,-112.851562,270,189.8437,500.00,-1,-500.00
2.558576,152.4902,-112.148437,270,189.8437,500.00,-1,-500.00
2.560607,153.1934,-111.445312,269,189.1406,500.00,-1,-500.00
2.561608,153.8965,-110.742187,268,188.4375,500.00,-1,-500.00
2.562609,154.5117,-110.126953,268,188.4375,500.00,-1,-500.00
2.563610,154.8633,-109.775391,267,187.7344,500.00,-1,-500.00
2.564611,155.3027,-109.335937,266,187.0312,500.00,-1,-500.00
2.565612,156.0059,-108.632812,265,186.3281,500.00,-1,-500.00
2.566613,156.5332,-108.105469,265,186.3281,500.00,-1,-500.00
2.567614,156.9727,-107.666016,264,185.6250,500.00,-1,-500.00
2.568615,157.3242,-107.314453,264,185.6250,500.00,-1,-500.00
2.569616,157.9395,-106.699219,263,184.9219,500.00,-1,-500.00
2.570617,158.5547,-106.083984,262,184.2187,500.00,-1,-500.00
2.571618,158.9941,-105.644531,262,184.2187,500.00,-1,-500.00
2.572619,159.5215,-105.117187,261,183.5156,500.00,-1,-500.00
2.573620,160.0488,-104.589844,260,182.8125,500.00,-1,-500.00
2.574621,160.5762,-104.062500,260,182.8125,500.00,-1,-500.00
2.575622,161.0156,-103.623047,259,182.1094,500.00,-1,-500.00
2.576623,161.4551,-103.183594,258,181.4062,500.00,-1,-500.00
2.577624,161.9824,-102.656250,258,181.4062,500.00,-1,-500.00
2.578625,162.5977,-102.041016,258,181.4062,500.00,-1,-500.00
2.579626,163.0371,-101.601562,257,180.7031,500.00,-1,-500.00
2.580627,163.3887,-101.250000,256,180.0000,500.00,-1,-500.00
2.581628,164.0918,-100.546875,255,179.2969,500.00,-1,-500.00
2.582629,164.5312,-100.107422,255,179.2969,500.00,-1,-500.00
2.583630,164.9707,-99.667969,254,178.5937,500.00,-1,-500.00
2.584631,165.4980,-99.140625,254,178.5937,500.00,-1,-500.00
2.585632,166.1133,-98.525391,252,177.1875,500.00,-1,-500.00
2.586633,166.7285,-97.910156,252,177.1875,500.00,-1,-500.00
2.587634,167.0801,-97.558594,252,177.1875,500.00,-1,-500.00
2.588635,167.5195,-97.119141,251,176.4844,500.00,-1,-500.00
2.589636,168.1348,-96.503906,250,175.7812,500.00,-1,-500.00
2.590637,168.7500,-95.888672,250,175.7812,500.00,-1,-500.00
2.591638,169.1016,-95.537109,249,175.0781,500.00,-1,-500.00
2.592639,169.4531,-95.185547,248,174.3750,500.00,-1,-500.00
2.593640,170.0684,-94.570312,248,174.3750,500.00,-1,-500.00
2.594641,170.6836,-93.955078,247,173.6719,500.00,-1,-500.00
2.595642,171.2109,-93.427734,246,172.9687,500.00,-1,-500.00
2.596643,171.6504,-92.988281,246,172.9687,500.00,-1,-500.00
2.597644,172.2656,-92.373047,245,172.2656,500.00,-1,-500.00
2.604893,175.6934,-88.945312,240,168.7500,500.00,-1,-500.00
2.605894,176.3086,-88.330078,240,168.7500,500.00,-1,-500.00
2.606895,176.9238,-87.714844,239,168.0469,500.00,-1,-500.00
2.607896,177.3633,-87.275391,238,167.3437,500.00,-1,-500.00
2.608897,177.8906,-86.748047,238,167.3437,500.00,-1,-500.00
2.609898,178.4180,-86.220703,237,166.6406,500.00,-1,-500.00
2.610899,178.9453,-85.693359,237,166.6406,500.00,-1,-500.00
2.611900,179.2969,-85.341797,236,165.9375,500.00,-1,-500.00
2.612901,179.8242,-84.814453,235,165.2344,500.00,-1,-500.00
2.613902,180.4395,-84.199219,234,164.5312,500.00,-1,-500.00
2.614903,180.9668,-83.671875,234,164.5312,500.00,-1,-500.00
2.615904,181.4062,-83.232422,234,164.5312,500.00,-1,-500.00
2.616905,181.9336,-82.705078,232,163.1250,500.00,-1,-500.00
2.617906,182.5488,-82.089844,232,163.1250,500.00,-1,-500.00
2.618907,182.9883,-81.650391,232,163.1250,500.00,-1,-500.00
2.619908,183.5156,-81.123047,231,162.4219,500.00,-1,-500.00
2.620909,183.9551,-80.683594,230,161.7187,500.00,-1,-500.00
2.621910,184.4824,-80.156250,229,161.0156,500.00,-1,-500.00
2.622911,185.0098,-79.628906,229,161.0156,500.00,-1,-500.00
2.623912,185.3613,-79.277344,228,160.3125,500.00,-1,-500.00
2.624913,185.8887,-78.750000,228,160.3125,500.00,-1,-500.00
2.625914,186.5918,-78.046875,227,159.6094,500.00,-1,-500.00
2.626915,187.0312,-77.607422,226,158.9062,500.00,-1,-500.00
2.627916,187.3828,-77.255859,226,158.9062,500.00,-1,-500.00
2.628917,187.8223,-76.816406,225,158.2031,500.00,-1,-500.00
2.629918,188.4375,-76.201172,224,157.5000,500.00,-1,-500.00
2.630919,188.9648,-75.673828,224,157.5000,500.00,-1,-500.00
2.631920,189.4043,-75.234375,223,156.7969,500.00,-1,-500.00
2.632921,189.9316,-74.707031,222,156.0937,500.00,-1,-500.00
2.633922,190.5469,-74.091797,222,156.0937,500.00,-1,-500.00
2.634923,190.9863,-73.652344,221,155.3906,500.00,-1,-500.00
2.635924,191.4258,-73.212891,220,154.6875,500.00,-1,-500.00
2.636925,191.9531,-72.685547,220,154.6875,500.00,-1,-500.00
2.637926,192.4805,-72.158203,219,153.9844,500.00,-1,-500.00
2.638927,193.0957,-71.542969,219,153.9844,500.00,-1,-500.00
2.639928,193.3594,-71.279297,218,153.2812,500.00,-1,-500.00
2.640929,193.7988,-70.839844,217,152.5781,500.00,-1,-500.00
2.641930,194.5020,-70.136719,216,151.8750,500.00,-1,-500.00
2.642931,194.9414,-69.697266,216,151.8750,500.00,-1,-500.00
2.643932,195.2930,-69.345703,216,151.8750,500.00,-1,-500.00
2.644933,195.7324,-68.906250,215,151.1719,500.00,-1,-500.00
2.645934,196.3477,-68.291016,214,150.4687,500.00,-1,-500.00
2.646935,196.9629,-67.675781,214,150.4687,500.00,-1,-500.00
2.647936,197.3145,-67.324219,213,149.7656,500.00,-1,-500.00
2.648937,197.7539,-66.884766,212,149.0625,500.00,-1,-500.00
2.649938,198.4570,-66.181641,211,148.3594,500.00,-1,-500.00
2.650939,198.8965,-65.742187,211,148.3594,500.00,-1,-500.00
2.651940,199.0723,-65.566406,210,147.6562,500.00,-1,-500.00
2.652941,199.5996,-65.039062,210,147.6562,500.00,-1,-500.00
2.653942,200.3027,-64.335937,209,146.9531,500.00,-1,-500.00
2.661193,203.6426,-60.996094,204,143.4375,500.00,-1,-500.00
2.662193,204.1699,-60.468750,204,143.4375,500.00,-1,-500.00
2.663194,204.6094,-60.029297,203,142.7344,500.00,-1,-500.00
2.664194,204.9609,-59.677734,202,142.0312,500.00,-1,-500.00
2.665195,205.4004,-59.238281,202,142.0312,500.00,-1,-500.00
2.666196,206.0156,-58.623047,201,141.3281,500.00,-1,-500.00
2.667197,206.5430,-58.095703,200,140.6250,500.00,-1,-500.00
2.668198,206.9824,-57.656250,200,140.6250,500.00,-1,-500.00
2.669199,207.5098,-57.128906,199,139.9219,500.00,-1,-500.00
2.670200,208.0371,-56.601562,198,139.2187,500.00,-1,-500.00
2.671201,208.4766,-56.162109,198,139.2187,500.00,-1,-500.00
2.672202,208.7402,-55.898437,197,138.5156,500.00,-1,-500.00
2.673203,209.1797,-55.458984,196,137.8125,500.00,-1,-500.00
2.674204,209.7949,-54.843750,196,137.8125,500.00,-1,-500.00
2.675205,210.3223,-54.316406,196,137.8125,500.00,-1,-500.00
2.676206,210.5859,-54.052734,195,137.1094,500.00,-1,-500.00
2.677207,211.1133,-53.525391,194,136.4062,500.00,-1,-500.00
2.678208,211.6406,-52.998047,194,136.4062,500.00,-1,-500.00
2.679208,211.9922,-52.646484,193,135.7031,500.00,-1,-500.00
2.680209,212.4316,-52.207031,192,135.0000,500.00,-1,-500.00
2.681209,212.9590,-51.679687,191,134.2969,500.00,-1,-500.00
2.682210,213.4863,-51.152344,191,134.2969,500.00,-1,-500.00
2.683211,213.9258,-50.712891,190,133.5937,500.00,-1,-500.00
2.684212,214.2773,-50.361328,190,133.5937,500.00,-1,-500.00
2.685213,214.8047,-49.833984,188,132.1875,500.00,-1,-500.00
2.686214,215.4199,-49.218750,188,132.1875,500.00,-1,-500.00
2.687215,215.7715,-48.867187,188,132.1875,500.00,-1,-500.00
2.688216,216.0352,-48.603516,187,131.4844,500.00,-1,-500.00
2.689217,216.4746,-48.164062,186,130.7812,500.00,-1,-500.00
2.690218,217.0898,-47.548828,186,130.7812,500.00,-1,-500.00
2.691219,217.5293,-47.109375,185,130.0781,500.00,-1,-500.00
2.692220,217.8809,-46.757812,184,129.3750,500.00,-1,-500.00
2.693221,218.2324,-46.406250,184,129.3750,500.00,-1,-500.00
2.694222,218.8477,-45.791016,183,128.6719,500.00,-1,-500.00
2.695223,219.2871,-45.351562,183,128.6719,500.00,-1,-500.00
2.696224,219.6387,-45.000000,182,127.9688,500.00,-1,-500.00
2.697225,220.0781,-44.560547,181,127.2656,500.00,-1,-500.00
2.698226,220.6934,-43.945312,180,126.5625,500.00,-1,-500.00
2.699227,221.1328,-43.505859,180,126.5625,500.00,-1,-500.00
2.700228,221.3965,-43.242187,180,126.5625,500.00,-1,-500.00
2.701229,221.8359,-42.802734,178,125.1563,500.00,-1,-500.00
2.702230,222.3633,-42.275391,178,125.1563,500.00,-1,-500.00
2.703231,222.8906,-41.748047,178,125.1563,500.00,-1,-500.00
2.704232,223.2422,-41.396484,177,124.4531,500.00,-1,-500.00
2.705233,223.6816,-40.957031,176,123.7500,500.00,-1,-500.00
2.706234,224.1211,-40.517578,175,123.0469,500.00,-1,-500.00
2.707235,224.5605,-40.078125,175,123.0469,500.00,-1,-500.00
2.708236,224.9121,-39.726562,174,122.3438,500.00,-1,-500.00
2.709237,225.3516,-39.287109,173,121.6406,500.00,-1,-500.00
2.710238,225.9668,-38.671875,173,121.6406,500.00,-1,-500.00
2.717511,229.0430,-35.595703,168,118.1250,500.00,-1,-500.00
2.718511,229.4824,-35.156250,168,118.1250,500.00,-1,-500.00
2.719512,229.8340,-34.804687,167,117.4219,500.00,-1,-500.00
2.720513,230.1855,-34.453125,166,116.7188,500.00,-1,-500.00
2.721514,230.7129,-33.925781,165,116.0156,500.00,-1,-500.00
2.722515,231.2402,-33.398437,165,116.0156,500.00,-1,-500.00
2.723516,231.5039,-33.134766,164,115.3125,500.00,-1,-500.00
2.724517,231.8555,-32.783203,164,115.3125,500.00,-1,-500.00
2.725518,232.4707,-32.167969,163,114.6094,500.00,-1,-500.00
2.726519,232.9102,-31.728516,162,113.9063,500.00,-1,-500.00
2.727520,233.3496,-31.289062,162,113.9063,500.00,-1,-500.00
2.728521,233.6133,-31.025391,161,113.2031,500.00,-1,-500.00
2.729522,234.0527,-30.585937,160,112.5000,500.00,-1,-500.00
2.730523,234.4922,-30.146484,160,112.5000,500.00,-1,-500.00
2.731524,234.9316,-29.707031,159,111.7969,500.00,-1,-500.00
2.732525,235.1953,-29.443359,159,111.7969,500.00,-1,-500.00
2.733526,235.7227,-28.916016,158,111.0938,500.00,-1,-500.00
2.734527,236.2500,-28.388672,157,110.3906,500.00,-1,-500.00
2.735528,236.6016,-28.037109,157,110.3906,500.00,-1,-500.00
2.736529,236.9531,-27.685547,156,109.6875,500.00,-1,-500.00
2.737530,237.3926,-27.246094,155,108.9844,500.00,-1,-500.00
2.738531,238.0078,-26.630859,155,108.9844,500.00,-1,-500.00
2.739531,238.3594,-26.279297,154,108.2813,500.00,-1,-500.00
2.740532,238.7109,-25.927734,154,108.2813,500.00,-1,-500.00
2.741532,239.1504,-25.488281,152,106.8750,500.00,-1,-500.00
2.742533,239.5898,-25.048828,152,106.8750,500.00,-1,-500.00
2.743534,239.8535,-24.785156,152,106.8750,500.00,-1,-500.00
2.744535,240.2051,-24.433594,151,106.1719,500.00,-1,-500.00
2.745536,240.7324,-23.906250,150,105.4688,500.00,-1,-500.00
2.746537,241.2598,-23.378906,150,105.4688,500.00,-1,-500.00
2.747538,241.6113,-23.027344,149,104.7656,500.00,-1,-500.00
2.748539,241.8750,-22.763672,148,104.0625,500.00,-1,-500.00
2.749540,242.4023,-22.236328,147,103.3594,500.00,-1,-500.00
2.750541,242.8418,-21.796875,147,103.3594,500.00,-1,-500.00
2.751542,243.2812,-21.357422,146,102.6563,500.00,-1,-500.00
2.752543,243.6328,-21.005859,146,102.6563,500.00,-1,-500.00
2.753544,243.9844,-20.654297,145,101.9531,500.00,-1,-500.00
2.754545,244.5996,-20.039062,144,101.2500,500.00,-1,-500.00
2.755546,244.9512,-19.687500,144,101.2500,500.00,-1,-500.00
2.756547,245.2148,-19.423828,143,100.5469,500.00,-1,-500.00
2.757548,245.6543,-18.984375,142,99.8438,500.00,-1,-500.00
2.758549,246.1816,-18.457031,142,99.8438,500.00,-1,-500.00
2.759550,246.4453,-18.193359,141,99.1406,500.00,-1,-500.00
2.760551,246.8848,-17.753906,140,98.4375,500.00,-1,-500.00
2.761552,247.3242,-17.314453,140,98.4375,500.00,-1,-500.00
2.762553,247.7637,-16.875000,139,97.7344,500.00,-1,-500.00
2.763554,248.2910,-16.347656,139,97.7344,500.00,-1,-500.00
2.764555,248.5547,-16.083984,138,97.0313,500.00,-1,-500.00
2.765556,249.0820,-15.556641,137,96.3281,500.00,-1,-500.00
2.766557,249.5215,-15.117188,137,96.3281,500.00,-1,-500.00
2.774287,252.5977,-12.041016,132,92.8125,500.00,-1,-500.00
2.775288,252.9492,-11.689453,131,92.1094,500.00,-1,-500.00
2.776289,253.3887,-11.250000,131,92.1094,500.00,-1,-500.00
2.777290,253.8281,-10.810547,130,91.4063,500.00,-1,-500.00
2.778291,254.2676,-10.371094,129,90.7031,500.00,-1,-500.00
2.779292,254.6191,-10.019531,128,90.0000,500.00,-1,-500.00
2.780293,254.8828,-9.755859,128,90.0000,500.00,-1,-500.00
2.781294,255.4102,-9.228516,127,89.2969,500.00,-1,-500.00
2.782295,255.9375,-8.701172,126,88.5938,500.00,-1,-500.00
2.783296,256.2891,-8.349609,126,88.5938,500.00,-1,-500.00
2.784297,256.6406,-7.998047,125,87.8906,500.00,-1,-500.00
2.785298,257.0801,-7.558594,124,87.1875,500.00,-1,-500.00
2.786299,257.5195,-7.119141,124,87.1875,500.00,-1,-500.00
2.787300,257.8711,-6.767578,123,86.4844,500.00,-1,-500.00
2.788301,258.3105,-6.328125,123,86.4844,500.00,-1,-500.00
2.789302,258.7500,-5.888672,122,85.7813,500.00,-1,-500.00
2.790303,259.1895,-5.449219,121,85.0781,500.00,-1,-500.00
2.791304,259.4531,-5.185547,121,85.0781,500.00,-1,-500.00
2.792305,259.8047,-4.833984,120,84.3750,500.00,-1,-500.00
2.793306,260.3320,-4.306641,119,83.6719,500.00,-1,-500.00
2.794306,260.7715,-3.867188,119,83.6719,500.00,-1,-500.00
2.795307,261.1230,-3.515625,118,82.9688,500.00,-1,-500.00
2.796307,261.4746,-3.164063,118,82.9688,500.00,-1,-500.00
2.797308,261.9141,-2.724609,117,82.2656,500.00,-1,-500.00
2.798309,262.4414,-2.197266,116,81.5625,500.00,-1,-500.00
2.799310,262.8809,-1.757813,116,81.5625,500.00,-1,-500.00
2.800311,263.2324,-1.406250,115,80.8594,0.00,1,0.00
2.801312,263.6719,-0.966797,114,80.1563,0.00,1,0.00
2.802313,264.0234,-0.615234,114,80.1563,0.00,1,0.00
2.803314,264.2871,-0.351563,114,80.1563,0.00,1,0.00
2.804315,264.0234,-0.615234,114,80.1563,0.00,1,0.00
2.805316,263.8477,-0.791016,114,80.1563,0.00,1,0.00
2.806317,264.1113,-0.527344,113,79.4531,0.00,1,0.00
2.807318,264.1992,-0.439453,113,79.4531,0.00,1,0.00
2.808319,264.0234,-0.615234,113,79.4531,0.00,1,0.00
2.809320,263.9355,-0.703125,112,78.7500,0.00,1,0.00
2.810321,264.1113,-0.527344,112,78.7500,0.00,1,0.00
2.811322,264.1992,-0.439453,112,78.7500,0.00,1,0.00
2.812323,263.9355,-0.703125,112,78.7500,0.00,1,0.00
2.813324,263.9355,-0.703125,112,78.7500,0.00,1,0.00
2.814325,264.0234,-0.615234,111,78.0469,0.00,1,0.00
2.815326,264.0234,-0.615234,111,78.0469,0.00,1,0.00
2.816327,264.1113,-0.527344,111,78.0469,0.00,1,0.00
2.817328,264.0234,-0.615234,111,78.0469,0.00,1,0.00
2.818329,264.0234,-0.615234,111,78.0469,0.00,1,0.00
2.819330,264.1113,-0.527344,111,78.0469,0.00,1,0.00
2.820331,264.1113,-0.527344,111,78.0469,0.00,1,0.00
2.821332,264.0234,-0.615234,111,78.0469,0.00,1,0.00
2.822333,264.0234,-0.615234,111,78.0469,0.00,1,0.00
2.823334,264.0234,-0.615234,111,78.0469,0.00,1,0.00
2.830587,264.0234,-0.615234,111,78.0469,0.00,1,0.00
2.831587,263.9355,-0.703125,111,78.0469,0.00,1,0.00
2.832588,264.1113,-0.527344,111,78.0469,0.00,1,0.00
2.833589,264.0234,-0.615234,111,78.0469,0.00,1,0.00
2.834590,263.9355,-0.703125,111,78.0469,0.00,1,0.00
2.835591,264.0234,-0.615234,111,78.0469,0.00,1,0.00
2.836592,264.0234,-0.615234,111,78.0469,0.00,1,0.00
2.837593,264.0234,-0.615234,111,78.0469,0.00,1,0.00
2.838594,264.0234,-0.615234,111,78.0469,0.00,1,0.00
2.839595,264.0234,-0.615234,111,78.0469,0.00,1,0.00
2.840596,264.0234,-0.615234,111,78.0469,0.00,1,0.00
2.841597,263.9355,-0.703125,111,78.0469,0.00,1,0.00
2.842598,264.1113,-0.527344,111,78.0469,0.00,1,0.00
2.843599,264.1113,-0.527344,111,78.0469,0.00,1,0.00
2.844600,264.0234,-0.615234,111,78.0469,0.00,1,0.00
2.845601,264.0234,-0.615234,111,78.0469,0.00,1,0.00
2.846602,264.0234,-0.615234,111,78.0469,0.00,1,0.00
2.847603,264.0234,-0.615234,111,78.0469,0.00,1,0.00
2.848604,264.0234,-0.615234,111,78.0469,0.00,1,0.00
2.849605,264.1113,-0.527344,111,78.0469,0.00,1,0.00
2.850606,264.0234,-0.615234,111,78.0469,0.00,1,0.00
2.851607,264.1113,-0.527344,111,78.0469,0.00,1,0.00
2.852608,264.0234,-0.615234,111,78.0469,0.00,1,0.00
2.853609,264.0234,-0.615234,111,78.0469,0.00,1,0.00
2.854610,264.0234,-0.615234,111,78.0469,0.00,1,0.00
2.855611,264.0234,-0.615234,111,78.0469,0.00,1,0.00
2.856612,264.0234,-0.615234,111,78.0469,0.00,1,0.00
2.857613,264.0234,-0.615234,111,78.0469,0.00,1,0.00
2.858614,264.1113,-0.527344,111,78.0469,0.00,1,0.00
2.859615,264.1113,-0.527344,111,78.0469,0.00,1,0.00
2.860616,264.0234,-0.615234,111,78.0469,0.00,1,0.00
2.861617,264.0234,-0.615234,111,78.0469,0.00,1,0.00
2.862618,264.0234,-0.615234,111,78.0469,0.00,1,0.00
2.863619,264.0234,-0.615234,111,78.0469,0.00,1,0.00
2.864620,264.1113,-0.527344,111,78.0469,0.00,1,0.00
2.865621,264.0234,-0.615234,111,78.0469,0.00,1,0.00
2.866622,264.0234,-0.615234,111,78.0469,0.00,1,0.00
2.867623,264.0234,-0.615234,111,78.0469,0.00,1,0.00
2.868624,264.0234,-0.615234,111,78.0469,0.00,1,0.00
2.869625,264.0234,-0.615234,111,78.0469,0.00,1,0.00
2.870626,264.0234,-0.615234,111,78.0469,0.00,1,0.00
2.871627,263.9355,-0.703125,111,78.0469,0.00,1,0.00
2.872628,263.9355,-0.703125,111,78.0469,0.00,1,0.00
2.873629,263.9355,-0.703125,111,78.0469,0.00,1,0.00
2.874630,264.0234,-0.615234,111,78.0469,0.00,1,0.00
2.875631,264.0234,-0.615234,111,78.0469,0.00,1,0.00
2.876632,264.0234,-0.615234,111,78.0469,0.00,1,0.00
2.877633,264.0234,-0.615234,111,78.0469,0.00,1,0.00
2.878634,264.0234,-0.615234,111,78.0469,0.00,1,0.00
2.879635,263.9355,-0.703125,111,78.0469,0.00,1,0.00
2.886862,264.0234,-0.615234,111,78.0469,0.00,1,0.00
2.887863,264.0234,-0.615234,111,78.0469,0.00,1,0.00
2.888863,263.9355,-0.703125,111,78.0469,0.00,1,0.00
2.889864,263.9355,-0.703125,111,78.0469,0.00,1,0.00
2.890865,264.0234,-0.615234,111,78.0469,0.00,1,0.00
2.891866,264.0234,-0.615234,111,78.0469,0.00,1,0.00
2.892867,264.1113,-0.527344,111,78.0469,0.00,1,0.00
2.893868,264.1113,-0.527344,111,78.0469,0.00,1,0.00
2.894869,264.0234,-0.615234,111,78.0469,0.00,1,0.00
2.895870,264.0234,-0.615234,111,78.0469,0.00,1,0.00
2.896871,264.0234,-0.615234,111,78.0469,0.00,1,0.00
2.897872,264.0234,-0.615234,111,78.0469,0.00,1,0.00
2.898873,264.0234,-0.615234,111,78.0469,0.00,1,0.00
2.899874,264.0234,-0.615234,111,78.0469,0.00,1,0.00
2.900875,264.0234,-0.615234,111,78.0469,0.00,1,0.00
2.901876,264.0234,-0.615234,111,78.0469,0.00,1,0.00
2.902877,264.0234,-0.615234,111,78.0469,0.00,1,0.00
2.903878,264.0234,-0.615234,111,78.0469,0.00,1,0.00
2.904879,264.0234,-0.615234,111,78.0469,0.00,1,0.00
2.905880,264.0234,-0.615234,111,78.0469,0.00,1,0.00
2.906881,264.0234,-0.615234,111,78.0469,0.00,1,0.00
2.907882,264.0234,-0.615234,111,78.0469,0.00,1,0.00
2.908883,264.0234,-0.615234,111,78.0469,0.00,1,0.00
2.909884,264.0234,-0.615234,111,78.0469,0.00,1,0.00
2.910885,264.0234,-0.615234,111,78.0469,0.00,1,0.00
2.911886,264.0234,-0.615234,111,78.0469,0.00,1,0.00
2.912887,264.0234,-0.615234,111,78.0469,0.00,1,0.00
2.913888,264.0234,-0.615234,111,78.0469,0.00,1,0.00
2.914889,264.0234,-0.615234,111,78.0469,0.00,1,0.00
2.915890,264.0234,-0.615234,111,78.0469,0.00,1,0.00
2.916891,264.0234,-0.615234,111,78.0469,0.00,1,0.00
2.917892,264.0234,-0.615234,111,78.0469,0.00,1,0.00
2.918893,264.1113,-0.527344,111,78.0469,0.00,1,0.00
2.919894,264.1113,-0.527344,111,78.0469,0.00,1,0.00
2.920895,264.0234,-0.615234,111,78.0469,0.00,1,0.00
2.921896,264.0234,-0.615234,111,78.0469,0.00,1,0.00
2.922897,264.0234,-0.615234,111,78.0469,0.00,1,0.00
2.923898,264.0234,-0.615234,111,78.0469,0.00,1,0.00
2.924899,264.0234,-0.615234,111,78.0469,0.00,1,0.00
2.925900,264.0234,-0.615234,111,78.0469,0.00,1,0.00
2.926901,264.1113,-0.527344,111,78.0469,0.00,1,0.00
2.927902,264.1113,-0.527344,111,78.0469,0.00,1,0.00
2.928903,264.0234,-0.615234,111,78.0469,0.00,1,0.00
2.929904,264.0234,-0.615234,111,78.0469,0.00,1,0.00
2.930905,264.0234,-0.615234,111,78.0469,0.00,1,0.00
2.931906,264.0234,-0.615234,111,78.0469,0.00,1,0.00
2.932907,264.1113,-0.527344,111,78.0469,0.00,1,0.00
2.933908,264.0234,-0.615234,111,78.0469,0.00,1,0.00
2.934909,264.0234,-0.615234,111,78.0469,0.00,1,0.00
2.935910,264.0234,-0.615234,111,78.0469,0.00,1,0.00
2.943160,264.0234,-0.615234,111,78.0469,0.00,1,0.00
2.944161,264.1113,-0.527344,111,78.0469,0.00,1,0.00
2.945161,264.1113,-0.527344,111,78.0469,0.00,1,0.00
2.946162,264.1113,-0.527344,111,78.0469,0.00,1,0.00
2.947163,264.1113,-0.527344,111,78.0469,0.00,1,0.00
2.948164,264.0234,-0.615234,111,78.0469,0.00,1,0.00
2.949165,264.0234,-0.615234,111,78.0469,0.00,1,0.00
2.950166,264.0234,-0.615234,111,78.0469,0.00,1,0.00
2.951167,264.0234,-0.615234,111,78.0469,0.00,1,0.00
2.952168,263.9355,-0.703125,111,78.0469,0.00,1,0.00
2.953169,264.0234,-0.615234,111,78.0469,0.00,1,0.00
2.954170,264.0234,-0.615234,111,78.0469,0.00,1,0.00
2.955171,264.0234,-0.615234,111,78.0469,0.00,1,0.00
2.956172,264.0234,-0.615234,111,78.0469,0.00,1,0.00
2.957173,264.0234,-0.615234,111,78.0469,0.00,1,0.00
2.958174,264.1113,-0.527344,111,78.0469,0.00,1,0.00
2.959175,264.1113,-0.527344,111,78.0469,0.00,1,0.00
2.960176,264.0234,-0.615234,111,78.0469,0.00,1,0.00
2.961177,264.0234,-0.615234,111,78.0469,0.00,1,0.00
2.962178,263.9355,-0.703125,111,78.0469,0.00,1,0.00
2.963179,264.0234,-0.615234,111,78.0469,0.00,1,0.00
2.964180,264.1113,-0.527344,111,78.0469,0.00,1,0.00
2.965181,264.0234,-0.615234,111,78.0469,0.00,1,0.00
2.966181,264.0234,-0.615234,111,78.0469,0.00,1,0.00
2.967182,264.0234,-0.615234,111,78.0469,0.00,1,0.00
2.968182,264.0234,-0.615234,111,78.0469,0.00,1,0.00
2.969183,263.9355,-0.703125,111,78.0469,0.00,1,0.00
2.970184,264.0234,-0.615234,111,78.0469,0.00,1,0.00
2.971185,264.0234,-0.615234,111,78.0469,0.00,1,0.00
2.972186,264.1113,-0.527344,111,78.0469,0.00,1,0.00
2.973187,264.0234,-0.615234,111,78.0469,0.00,1,0.00
2.974188,264.1113,-0.527344,111,78.0469,0.00,1,0.00
2.975189,264.1113,-0.527344,111,78.0469,0.00,1,0.00
2.976190,264.1113,-0.527344,111,78.0469,0.00,1,0.00
2.977191,264.1113,-0.527344,111,78.0469,0.00,1,0.00
2.978192,264.1113,-0.527344,111,78.0469,0.00,1,0.00
2.979193,264.1113,-0.527344,111,78.0469,0.00,1,0.00
2.980194,264.1113,-0.527344,111,78.0469,0.00,1,0.00
2.981195,264.1113,-0.527344,111,78.0469,0.00,1,0.00
2.982196,264.0234,-0.615234,111,78.0469,0.00,1,0.00
2.983197,264.0234,-0.615234,111,78.0469,0.00,1,0.00
2.984198,264.0234,-0.615234,111,78.0469,0.00,1,0.00
2.985199,264.0234,-0.615234,111,78.0469,0.00,1,0.00
2.986200,264.0234,-0.615234,111,78.0469,0.00,1,0.00
2.987201,264.1113,-0.527344,111,78.0469,0.00,1,0.00
2.988202,264.0234,-0.615234,111,78.0469,0.00,1,0.00
2.989203,264.0234,-0.615234,111,78.0469,0.00,1,0.00
2.990204,264.0234,-0.615234,111,78.0469,0.00,1,0.00
2.991205,264.0234,-0.615234,111,78.0469,0.00,1,0.00
2.992206,264.0234,-0.615234,111,78.0469,0.00,1,0.00
2.999481,264.0234,-0.615234,111,78.0469,0.00,1,0.00
3.000482,264.0234,-0.615234,111,78.0469,0.00,1,0.00
3.001483,263.9355,-0.703125,111,78.0469,0.00,1,0.00
3.002484,264.0234,-0.615234,111,78.0469,0.00,1,0.00
3.003485,264.0234,-0.615234,111,78.0469,0.00,1,0.00
3.004486,264.0234,-0.615234,111,78.0469,0.00,1,0.00
3.005487,264.0234,-0.615234,111,78.0469,0.00,1,0.00
3.006488,264.0234,-0.615234,111,78.0469,0.00,1,0.00
3.007489,264.0234,-0.615234,111,78.0469,0.00,1,0.00
3.008490,264.0234,-0.615234,111,78.0469,0.00,1,0.00
3.009491,264.0234,-0.615234,111,78.0469,0.00,1,0.00
3.010492,264.0234,-0.615234,111,78.0469,0.00,1,0.00
3.011493,264.0234,-0.615234,111,78.0469,0.00,1,0.00
3.012494,264.0234,-0.615234,111,78.0469,0.00,1,0.00
3.013495,264.0234,-0.615234,111,78.0469,0.00,1,0.00
3.014496,264.0234,-0.615234,111,78.0469,0.00,1,0.00
3.015497,264.0234,-0.615234,111,78.0469,0.00,1,0.00
3.016498,264.0234,-0.615234,111,78.0469,0.00,1,0.00
3.017499,264.0234,-0.615234,111,78.0469,0.00,1,0.00
3.018500,264.0234,-0.615234,111,78.0469,0.00,1,0.00
3.019501,264.0234,-0.615234,111,78.0469,0.00,1,0.00
3.020502,264.0234,-0.615234,111,78.0469,0.00,1,0.00
3.021503,264.0234,-0.615234,111,78.0469,0.00,1,0.00
3.022504,264.0234,-0.615234,111,78.0469,0.00,1,0.00
3.023505,264.1113,-0.527344,111,78.0469,0.00,1,0.00
3.024506,264.0234,-0.615234,111,78.0469,0.00,1,0.00
3.025507,264.0234,-0.615234,111,78.0469,0.00,1,0.00
3.026508,264.0234,-0.615234,111,78.0469,0.00,1,0.00
3.027509,264.0234,-0.615234,111,78.0469,0.00,1,0.00
3.028510,264.0234,-0.615234,111,78.0469,0.00,1,0.00
3.029511,264.0234,-0.615234,111,78.0469,0.00,1,0.00
3.030512,264.1113,-0.527344,111,78.0469,0.00,1,0.00
3.031513,264.0234,-0.615234,111,78.0469,0.00,1,0.00
3.032514,264.0234,-0.615234,111,78.0469,0.00,1,0.00
3.033515,264.0234,-0.615234,111,78.0469,0.00,1,0.00
3.034516,264.1113,-0.527344,111,78.0469,0.00,1,0.00
3.035517,264.1113,-0.527344,111,78.0469,0.00,1,0.00
3.036518,264.0234,-0.615234,111,78.0469,0.00,1,0.00
3.037519,264.0234,-0.615234,111,78.0469,0.00,1,0.00
3.038520,264.0234,-0.615234,111,78.0469,0.00,1,0.00
3.039521,264.0234,-0.615234,111,78.0469,0.00,1,0.00
3.040522,264.0234,-0.615234,111,78.0469,0.00,1,0.00
3.041523,264.0234,-0.615234,111,78.0469,0.00,1,0.00
3.042524,264.0234,-0.615234,111,78.0469,0.00,1,0.00
3.043525,264.0234,-0.615234,111,78.0469,0.00,1,0.00
3.044526,264.0234,-0.615234,111,78.0469,0.00,1,0.00
3.045527,264.0234,-0.615234,111,78.0469,0.00,1,0.00
3.046528,264.0234,-0.615234,111,78.0469,0.00,1,0.00
3.047529,264.0234,-0.615234,111,78.0469,0.00,1,0.00
3.048530,264.0234,-0.615234,111,78.0469,0.00,1,0.00
3.055804,264.0234,-0.615234,111,78.0469,0.00,1,0.00
3.056805,264.0234,-0.615234,111,78.0469,0.00,1,0.00
3.057805,264.1113,-0.527344,111,78.0469,0.00,1,0.00
3.058806,264.1113,-0.527344,111,78.0469,0.00,1,0.00
3.059806,264.0234,-0.615234,111,78.0469,0.00,1,0.00
3.060807,264.1113,-0.527344,111,78.0469,0.00,1,0.00
3.061808,264.1113,-0.527344,111,78.0469,0.00,1,0.00
3.062809,264.0234,-0.615234,111,78.0469,0.00,1,0.00
3.063810,264.0234,-0.615234,111,78.0469,0.00,1,0.00
3.064811,264.1113,-0.527344,111,78.0469,0.00,1,0.00
3.065812,264.0234,-0.615234,111,78.0469,0.00,1,0.00
3.066813,264.0234,-0.615234,111,78.0469,0.00,1,0.00
3.067814,264.0234,-0.615234,111,78.0469,0.00,1,0.00
3.068814,264.0234,-0.615234,111,78.0469,0.00,1,0.00
3.069815,264.0234,-0.615234,111,78.0469,0.00,1,0.00
3.070815,264.0234,-0.615234,111,78.0469,0.00,1,0.00
3.071816,264.0234,-0.615234,111,78.0469,0.00,1,0.00
3.072817,264.0234,-0.615234,111,78.0469,0.00,1,0.00
3.073818,264.0234,-0.615234,111,78.0469,0.00,1,0.00
3.074819,264.0234,-0.615234,111,78.0469,0.00,1,0.00
3.075820,264.1113,-0.527344,111,78.0469,0.00,1,0.00
3.076821,264.0234,-0.615234,111,78.0469,0.00,1,0.00
3.077822,264.0234,-0.615234,111,78.0469,0.00,1,0.00
3.078823,264.0234,-0.615234,111,78.0469,0.00,1,0.00
3.079824,264.1113,-0.527344,111,78.0469,0.00,1,0.00
3.080825,264.1113,-0.527344,111,78.0469,0.00,1,0.00
3.081826,264.1113,-0.527344,111,78.0469,0.00,1,0.00
3.082827,264.1113,-0.527344,111,78.0469,0.00,1,0.00
3.083828,264.1113,-0.527344,111,78.0469,0.00,1,0.00
3.084829,264.1113,-0.527344,111,78.0469,0.00,1,0.00
3.085830,264.1113,-0.527344,111,78.0469,0.00,1,0.00
3.086831,264.0234,-0.615234,111,78.0469,0.00,1,0.00
3.087832,264.0234,-0.615234,111,78.0469,0.00,1,0.00
3.088833,264.0234,-0.615234,111,78.0469,0.00,1,0.00
3.089834,264.0234,-0.615234,111,78.0469,0.00,1,0.00
3.090835,264.0234,-0.615234,111,78.0469,0.00,1,0.00
3.091836,264.0234,-0.615234,111,78.0469,0.00,1,0.00
3.092837,263.9355,-0.703125,111,78.0469,0.00,1,0.00
3.093838,263.9355,-0.703125,111,78.0469,0.00,1,0.00
3.094839,264.0234,-0.615234,111,78.0469,0.00,1,0.00
3.095840,264.0234,-0.615234,111,78.0469,0.00,1,0.00
3.096841,264.0234,-0.615234,111,78.0469,0.00,1,0.00
3.097842,264.0234,-0.615234,111,78.0469,0.00,1,0.00
3.098843,264.0234,-0.615234,111,78.0469,0.00,1,0.00
3.099844,264.0234,-0.615234,111,78.0469,0.00,1,0.00
3.100845,264.0234,-0.615234,111,78.0469,0.00,1,0.00
3.101846,264.0234,-0.615234,111,78.0469,0.00,1,0.00
3.102847,264.0234,-0.615234,111,78.0469,0.00,1,0.00
3.103848,263.9355,-0.703125,111,78.0469,0.00,1,0.00
3.104849,264.0234,-0.615234,111,78.0469,0.00,1,0.00
3.112703,264.1113,-0.527344,111,78.0469,0.00,1,0.00
3.113704,264.0234,-0.615234,111,78.0469,0.00,1,0.00
3.114705,264.0234,-0.615234,111,78.0469,0.00,1,0.00
3.115706,264.0234,-0.615234,111,78.0469,0.00,1,0.00
3.116707,264.0234,-0.615234,111,78.0469,0.00,1,0.00
3.117708,264.0234,-0.615234,111,78.0469,0.00,1,0.00
3.118709,264.0234,-0.615234,111,78.0469,0.00,1,0.00
3.119710,264.0234,-0.615234,111,78.0469,0.00,1,0.00
3.120711,264.0234,-0.615234,111,78.0469,0.00,1,0.00
3.121712,264.0234,-0.615234,111,78.0469,0.00,1,0.00
3.122713,264.1113,-0.527344,111,78.0469,0.00,1,0.00
3.123714,264.0234,-0.615234,111,78.0469,0.00,1,0.00
3.124715,264.0234,-0.615234,111,78.0469,0.00,1,0.00
3.125716,264.1113,-0.527344,111,78.0469,0.00,1,0.00
3.126717,264.0234,-0.615234,111,78.0469,0.00,1,0.00
3.127718,264.0234,-0.615234,111,78.0469,0.00,1,0.00
3.128719,264.1113,-0.527344,111,78.0469,0.00,1,0.00
3.129720,264.0234,-0.615234,111,78.0469,0.00,1,0.00
3.130721,264.0234,-0.615234,111,78.0469,0.00,1,0.00
3.131722,264.0234,-0.615234,111,78.0469,0.00,1,0.00
3.132723,264.0234,-0.615234,111,78.0469,0.00,1,0.00
3.133724,264.0234,-0.615234,111,78.0469,0.00,1,0.00
3.134725,264.0234,-0.615234,111,78.0469,0.00,1,0.00
3.135726,264.0234,-0.615234,111,78.0469,0.00,1,0.00
3.136727,264.0234,-0.615234,111,78.0469,0.00,1,0.00
3.137728,264.0234,-0.615234,111,78.0469,0.00,1,0.00
3.138729,264.0234,-0.615234,111,78.0469,0.00,1,0.00
3.139730,264.0234,-0.615234,111,78.0469,0.00,1,0.00
3.140731,264.0234,-0.615234,111,78.0469,0.00,1,0.00
3.141732,264.1113,-0.527344,111,78.0469,0.00,1,0.00
3.142733,264.0234,-0.615234,111,78.0469,0.00,1,0.00
3.143734,264.0234,-0.615234,111,78.0469,0.00,1,0.00
3.144735,264.0234,-0.615234,111,78.0469,0.00,1,0.00
3.145736,264.0234,-0.615234,111,78.0469,0.00,1,0.00
3.146737,264.1113,-0.527344,111,78.0469,0.00,1,0.00
3.147738,264.0234,-0.615234,111,78.0469,0.00,1,0.00
3.148739,264.0234,-0.615234,111,78.0469,0.00,1,0.00
3.149740,264.1113,-0.527344,111,78.0469,0.00,1,0.00
3.150741,264.1113,-0.527344,111,78.0469,0.00,1,0.00
3.151742,264.1113,-0.527344,111,78.0469,0.00,1,0.00
3.152743,264.1113,-0.527344,111,78.0469,0.00,1,0.00
3.153744,264.1113,-0.527344,111,78.0469,0.00,1,0.00
3.154745,264.0234,-0.615234,111,78.0469,0.00,1,0.00
3.155746,264.0234,-0.615234,111,78.0469,0.00,1,0.00
3.156747,263.9355,-0.703125,111,78.0469,0.00,1,0.00
3.157748,263.9355,-0.703125,111,78.0469,0.00,1,0.00
3.158749,264.0234,-0.615234,111,78.0469,0.00,1,0.00
3.159750,264.0234,-0.615234,111,78.0469,0.00,1,0.00
3.160751,264.0234,-0.615234,111,78.0469,0.00,1,0.00
3.161752,264.0234,-0.615234,111,78.0469,0.00,1,0.00
3.169002,264.1113,-0.527344,111,78.0469,0.00,1,0.00
3.170003,264.1113,-0.527344,111,78.0469,0.00,1,0.00
3.171003,264.1113,-0.527344,111,78.0469,0.00,1,0.00
3.172004,264.1113,-0.527344,111,78.0469,0.00,1,0.00
3.173005,264.0234,-0.615234,111,78.0469,0.00,1,0.00
3.174006,263.9355,-0.703125,111,78.0469,0.00,1,0.00
3.175007,264.0234,-0.615234,111,78.0469,0.00,1,0.00
3.176008,264.0234,-0.615234,111,78.0469,0.00,1,0.00
3.177009,264.0234,-0.615234,111,78.0469,0.00,1,0.00
3.178010,264.1113,-0.527344,111,78.0469,0.00,1,0.00
3.179011,264.1113,-0.527344,111,78.0469,0.00,1,0.00
3.180012,264.0234,-0.615234,111,78.0469,0.00,1,0.00
3.181013,264.0234,-0.615234,111,78.0469,0.00,1,0.00
3.182014,264.0234,-0.615234,111,78.0469,0.00,1,0.00
3.183015,264.1113,-0.527344,111,78.0469,0.00,1,0.00
3.184016,264.1113,-0.527344,111,78.0469,0.00,1,0.00
3.185017,264.0234,-0.615234,111,78.0469,0.00,1,0.00
3.186018,264.0234,-0.615234,111,78.0469,0.00,1,0.00
3.187019,263.9355,-0.703125,111,78.0469,0.00,1,0.00
3.188020,264.0234,-0.615234,111,78.0469,0.00,1,0.00
3.189021,264.1113,-0.527344,111,78.0469,0.00,1,0.00
3.190022,264.1113,-0.527344,111,78.0469,0.00,1,0.00
3.191023,264.1113,-0.527344,111,78.0469,0.00,1,0.00
3.192023,264.0234,-0.615234,111,78.0469,0.00,1,0.00
3.193024,264.0234,-0.615234,111,78.0469,0.00,1,0.00
3.194024,264.1113,-0.527344,111,78.0469,0.00,1,0.00
3.195025,264.0234,-0.615234,111,78.0469,0.00,1,0.00
3.196026,264.0234,-0.615234,111,78.0469,0.00,1,0.00
3.197027,264.0234,-0.615234,111,78.0469,0.00,1,0.00
3.198028,263.9355,-0.703125,111,78.0469,0.00,1,0.00
3.199029,263.9355,-0.703125,111,78.0469,0.00,1,0.00
3.200030,263.9355,-0.703125,111,78.0469,0.00,1,0.00
3.201031,263.9355,-0.703125,111,78.0469,0.00,1,0.00
3.202032,264.0234,-0.615234,111,78.0469,0.00,1,0.00
3.203033,264.1113,-0.527344,111,78.0469,0.00,1,0.00
3.204034,264.1113,-0.527344,111,78.0469,0.00,1,0.00
3.205035,264.0234,-0.615234,111,78.0469,0.00,1,0.00
3.206036,264.0234,-0.615234,111,78.0469,0.00,1,0.00
3.207037,264.0234,-0.615234,111,78.0469,0.00,1,0.00
3.208038,264.0234,-0.615234,111,78.0469,0.00,1,0.00
3.209039,264.0234,-0.615234,111,78.0469,0.00,1,0.00
3.210040,264.0234,-0.615234,111,78.0469,0.00,1,0.00
3.211041,264.0234,-0.615234,111,78.0469,0.00,1,0.00
3.212042,264.0234,-0.615234,111,78.0469,0.00,1,0.00
3.213043,264.0234,-0.615234,111,78.0469,0.00,1,0.00
3.214044,264.0234,-0.615234,111,78.0469,0.00,1,0.00
3.215045,263.9355,-0.703125,111,78.0469,0.00,1,0.00
3.216046,264.0234,-0.615234,111,78.0469,0.00,1,0.00
3.217047,264.1113,-0.527344,111,78.0469,0.00,1,0.00
3.218048,264.1113,-0.527344,111,78.0469,0.00,1,0.00
3.225277,264.1113,-0.527344,111,78.0469,0.00,1,0.00
3.226278,264.1113,-0.527344,111,78.0469,0.00,1,0.00
3.227279,264.0234,-0.615234,111,78.0469,0.00,1,0.00
3.228280,264.0234,-0.615234,111,78.0469,0.00,1,0.00
3.229281,264.0234,-0.615234,111,78.0469,0.00,1,0.00
3.230282,264.1113,-0.527344,111,78.0469,0.00,1,0.00
3.231283,264.1113,-0.527344,111,78.0469,0.00,1,0.00
3.232284,264.1113,-0.527344,111,78.0469,0.00,1,0.00
3.233285,264.1113,-0.527344,111,78.0469,0.00,1,0.00
3.234286,264.0234,-0.615234,111,78.0469,0.00,1,0.00
3.235287,264.0234,-0.615234,111,78.0469,0.00,1,0.00
3.236288,264.0234,-0.615234,111,78.0469,0.00,1,0.00
3.237289,264.0234,-0.615234,111,78.0469,0.00,1,0.00
3.238290,264.0234,-0.615234,111,78.0469,0.00,1,0.00
3.239291,264.0234,-0.615234,111,78.0469,0.00,1,0.00
3.240292,264.0234,-0.615234,111,78.0469,0.00,1,0.00
3.241293,264.0234,-0.615234,111,78.0469,0.00,1,0.00
3.242294,264.0234,-0.615234,111,78.0469,0.00,1,0.00
3.243295,264.0234,-0.615234,111,78.0469,0.00,1,0.00
3.244296,264.0234,-0.615234,111,78.0469,0.00,1,0.00
3.245297,264.0234,-0.615234,111,78.0469,0.00,1,0.00
3.246298,264.0234,-0.615234,111,78.0469,0.00,1,0.00
3.247299,263.9355,-0.703125,111,78.0469,0.00,1,0.00
3.248300,264.0234,-0.615234,111,78.0469,0.00,1,0.00
3.249301,264.0234,-0.615234,111,78.0469,0.00,1,0.00
3.250302,264.0234,-0.615234,111,78.0469,0.00,1,0.00
3.251303,264.0234,-0.615234,111,78.0469,0.00,1,0.00
3.252304,264.0234,-0.615234,111,78.0469,0.00,1,0.00
3.253305,264.0234,-0.615234,111,78.0469,0.00,1,0.00
3.254306,264.0234,-0.615234,111,78.0469,0.00,1,0.00
3.255307,263.9355,-0.703125,111,78.0469,0.00,1,0.00
3.256308,264.0234,-0.615234,111,78.0469,0.00,1,0.00
3.257309,264.1113,-0.527344,111,78.0469,0.00,1,0.00
3.258310,264.1113,-0.527344,111,78.0469,0.00,1,0.00
3.259311,264.0234,-0.615234,111,78.0469,0.00,1,0.00
3.260312,264.0234,-0.615234,111,78.0469,0.00,1,0.00
3.261313,264.0234,-0.615234,111,78.0469,0.00,1,0.00
3.262314,264.0234,-0.615234,111,78.0469,0.00,1,0.00
3.263315,264.0234,-0.615234,111,78.0469,0.00,1,0.00
3.264316,264.0234,-0.615234,111,78.0469,0.00,1,0.00
3.265317,264.1113,-0.527344,111,78.0469,0.00,1,0.00
3.266318,264.0234,-0.615234,111,78.0469,0.00,1,0.00
3.267319,264.0234,-0.615234,111,78.0469,0.00,1,0.00
3.268320,264.0234,-0.615234,111,78.0469,0.00,1,0.00
3.269321,264.0234,-0.615234,111,78.0469,0.00,1,0.00
3.270322,264.0234,-0.615234,111,78.0469,0.00,1,0.00
3.271323,264.1113,-0.527344,111,78.0469,0.00,1,0.00
3.272324,264.0234,-0.615234,111,78.0469,0.00,1,0.00
3.273325,264.0234,-0.615234,111,78.0469,0.00,1,0.00
3.274326,264.0234,-0.615234,111,78.0469,0.00,1,0.00
3.281576,263.9355,-0.703125,111,78.0469,0.00,1,0.00
3.282576,264.0234,-0.615234,111,78.0469,0.00,1,0.00
3.283577,264.0234,-0.615234,111,78.0469,0.00,1,0.00
3.284578,264.0234,-0.615234,111,78.0469,0.00,1,0.00
3.285579,264.0234,-0.615234,111,78.0469,0.00,1,0.00
3.286580,264.0234,-0.615234,111,78.0469,0.00,1,0.00
3.287581,264.0234,-0.615234,111,78.0469,0.00,1,0.00
3.288582,264.0234,-0.615234,111,78.0469,0.00,1,0.00
3.289583,264.0234,-0.615234,111,78.0469,0.00,1,0.00
3.290584,264.0234,-0.615234,111,78.0469,0.00,1,0.00
3.291585,264.0234,-0.615234,111,78.0469,0.00,1,0.00
3.292586,264.0234,-0.615234,111,78.0469,0.00,1,0.00
3.293587,264.0234,-0.615234,111,78.0469,0.00,1,0.00
3.294588,264.1113,-0.527344,111,78.0469,0.00,1,0.00
3.295589,264.0234,-0.615234,111,78.0469,0.00,1,0.00
3.296590,264.0234,-0.615234,111,78.0469,0.00,1,0.00
3.297591,264.0234,-0.615234,111,78.0469,0.00,1,0.00
3.298592,263.9355,-0.703125,111,78.0469,0.00,1,0.00
3.299593,264.0234,-0.615234,111,78.0469,0.00,1,0.00
3.300594,264.1113,-0.527344,111,78.0469,0.00,1,0.00
3.301595,264.0234,-0.615234,111,78.0469,0.00,1,0.00
3.302596,264.0234,-0.615234,111,78.0469,0.00,1,0.00
3.303597,264.0234,-0.615234,111,78.0469,0.00,1,0.00
3.304598,264.0234,-0.615234,111,78.0469,0.00,1,0.00
3.305599,264.0234,-0.615234,111,78.0469,0.00,1,0.00
3.306600,264.0234,-0.615234,111,78.0469,0.00,1,0.00
3.307601,264.0234,-0.615234,111,78.0469,0.00,1,0.00
3.308602,264.0234,-0.615234,111,78.0469,0.00,1,0.00
3.309603,264.0234,-0.615234,111,78.0469,0.00,1,0.00
3.310604,264.0234,-0.615234,111,78.0469,0.00,1,0.00
3.311605,264.0234,-0.615234,111,78.0469,0.00,1,0.00
3.312606,264.0234,-0.615234,111,78.0469,0.00,1,0.00
3.313607,264.0234,-0.615234,111,78.0469,0.00,1,0.00
3.314608,264.0234,-0.615234,111,78.0469,0.00,1,0.00
3.315609,264.0234,-0.615234,111,78.0469,0.00,1,0.00
3.316610,264.1113,-0.527344,111,78.0469,0.00,1,0.00
3.317611,264.1992,-0.439453,111,78.0469,0.00,1,0.00
3.318612,264.1113,-0.527344,111,78.0469,0.00,1,0.00
3.319613,264.0234,-0.615234,111,78.0469,0.00,1,0.00
3.320614,264.0234,-0.615234,111,78.0469,0.00,1,0.00
3.321615,264.0234,-0.615234,111,78.0469,0.00,1,0.00
3.322616,264.0234,-0.615234,111,78.0469,0.00,1,0.00
3.323617,264.0234,-0.615234,111,78.0469,0.00,1,0.00
3.324618,263.9355,-0.703125,111,78.0469,0.00,1,0.00
3.325619,264.0234,-0.615234,111,78.0469,0.00,1,0.00
3.326620,264.0234,-0.615234,111,78.0469,0.00,1,0.00
3.327621,264.1113,-0.527344,111,78.0469,0.00,1,0.00
3.328622,264.0234,-0.615234,111,78.0469,0.00,1,0.00
3.329623,264.0234,-0.615234,111,78.0469,0.00,1,0.00
3.330624,264.0234,-0.615234,111,78.0469,0.00,1,0.00
3.337896,264.1113,-0.527344,111,78.0469,0.00,1,0.00
3.338897,264.0234,-0.615234,111,78.0469,0.00,1,0.00
3.339898,264.0234,-0.615234,111,78.0469,0.00,1,0.00
3.340899,264.0234,-0.615234,111,78.0469,0.00,1,0.00
3.341900,264.0234,-0.615234,111,78.0469,0.00,1,0.00
3.342901,264.0234,-0.615234,111,78.0469,0.00,1,0.00
3.343902,264.0234,-0.615234,111,78.0469,0.00,1,0.00
3.344902,264.0234,-0.615234,111,78.0469,0.00,1,0.00
3.345903,264.0234,-0.615234,111,78.0469,0.00,1,0.00
3.346903,264.0234,-0.615234,111,78.0469,0.00,1,0.00
3.347904,264.0234,-0.615234,111,78.0469,0.00,1,0.00
3.348905,264.0234,-0.615234,111,78.0469,0.00,1,0.00
3.349906,264.0234,-0.615234,111,78.0469,0.00,1,0.00
3.350907,264.1113,-0.527344,111,78.0469,0.00,1,0.00
3.351908,264.1113,-0.527344,111,78.0469,0.00,1,0.00
3.352909,264.0234,-0.615234,111,78.0469,0.00,1,0.00
3.353910,264.0234,-0.615234,111,78.0469,0.00,1,0.00
3.354911,264.1113,-0.527344,111,78.0469,0.00,1,0.00
3.355912,264.0234,-0.615234,111,78.0469,0.00,1,0.00
3.356913,264.0234,-0.615234,111,78.0469,0.00,1,0.00
3.357914,264.1113,-0.527344,111,78.0469,0.00,1,0.00
3.358915,264.1113,-0.527344,111,78.0469,0.00,1,0.00
3.359916,264.0234,-0.615234,111,78.0469,0.00,1,0.00
3.360917,264.0234,-0.615234,111,78.0469,0.00,1,0.00
3.361918,263.9355,-0.703125,111,78.0469,0.00,1,0.00
3.362919,263.9355,-0.703125,111,78.0469,0.00,1,0.00
3.363920,264.0234,-0.615234,111,78.0469,0.00,1,0.00
3.364921,264.0234,-0.615234,111,78.0469,0.00,1,0.00
3.365922,264.0234,-0.615234,111,78.0469,0.00,1,0.00
3.366923,263.9355,-0.703125,111,78.0469,0.00,1,0.00
3.367924,264.0234,-0.615234,111,78.0469,0.00,1,0.00
3.368925,264.0234,-0.615234,111,78.0469,0.00,1,0.00
3.369926,264.0234,-0.615234,111,78.0469,0.00,1,0.00
3.370927,264.0234,-0.615234,111,78.0469,0.00,1,0.00
3.371928,264.1113,-0.527344,111,78.0469,0.00,1,0.00
3.372929,264.0234,-0.615234,111,78.0469,0.00,1,0.00
3.373930,264.0234,-0.615234,111,78.0469,0.00,1,0.00
3.374931,264.1113,-0.527344,111,78.0469,0.00,1,0.00
3.375932,264.0234,-0.615234,111,78.0469,0.00,1,0.00
3.376933,264.0234,-0.615234,111,78.0469,0.00,1,0.00
3.377934,264.0234,-0.615234,111,78.0469,0.00,1,0.00
3.378935,264.0234,-0.615234,111,78.0469,0.00,1,0.00
3.379936,264.0234,-0.615234,111,78.0469,0.00,1,0.00
3.380937,264.0234,-0.615234,111,78.0469,0.00,1,0.00
3.381938,264.0234,-0.615234,111,78.0469,0.00,1,0.00
3.382939,264.0234,-0.615234,111,78.0469,0.00,1,0.00
3.383940,264.0234,-0.615234,111,78.0469,0.00,1,0.00
3.384941,264.0234,-0.615234,111,78.0469,0.00,1,0.00
3.385942,264.0234,-0.615234,111,78.0469,0.00,1,0.00
3.386943,264.0234,-0.615234,111,78.0469,0.00,1,0.00
3.394213,264.1113,-0.527344,111,78.0469,0.00,1,0.00
3.395214,264.0234,-0.615234,111,78.0469,0.00,1,0.00
3.396215,264.0234,-0.615234,111,78.0469,0.00,1,0.00
3.397216,264.0234,-0.615234,111,78.0469,0.00,1,0.00
3.398217,264.0234,-0.615234,111,78.0469,0.00,1,0.00
3.399218,264.1113,-0.527344,111,78.0469,0.00,1,0.00
3.400219,264.0234,-0.615234,111,78.0469,0.00,1,0.00
3.401220,264.1113,-0.527344,111,78.0469,0.00,1,0.00
3.402221,264.1113,-0.527344,111,78.0469,0.00,1,0.00
3.403222,264.0234,-0.615234,111,78.0469,0.00,1,0.00
3.404223,264.0234,-0.615234,111,78.0469,0.00,1,0.00
3.405224,264.0234,-0.615234,111,78.0469,0.00,1,0.00
3.406225,264.0234,-0.615234,111,78.0469,0.00,1,0.00
3.407226,264.1113,-0.527344,111,78.0469,0.00,1,0.00
3.408227,264.1113,-0.527344,111,78.0469,0.00,1,0.00
3.409228,264.1113,-0.527344,111,78.0469,0.00,1,0.00
3.410229,264.0234,-0.615234,111,78.0469,0.00,1,0.00
3.411230,264.0234,-0.615234,111,78.0469,0.00,1,0.00
3.412231,264.0234,-0.615234,111,78.0469,0.00,1,0.00
3.413232,264.0234,-0.615234,111,78.0469,0.00,1,0.00
3.414233,264.0234,-0.615234,111,78.0469,0.00,1,0.00
3.415234,264.0234,-0.615234,111,78.0469,0.00,1,0.00
3.416235,264.1113,-0.527344,111,78.0469,0.00,1,0.00
3.417236,264.0234,-0.615234,111,78.0469,0.00,1,0.00
3.418237,264.0234,-0.615234,111,78.0469,0.00,1,0.00
3.419238,264.0234,-0.615234,111,78.0469,0.00,1,0.00
3.420239,264.0234,-0.615234,111,78.0469,0.00,1,0.00
3.421240,264.0234,-0.615234,111,78.0469,0.00,1,0.00
3.422241,264.0234,-0.615234,111,78.0469,0.00,1,0.00
3.423242,264.0234,-0.615234,111,78.0469,0.00,1,0.00
3.424243,264.0234,-0.615234,111,78.0469,0.00,1,0.00
3.425244,264.0234,-0.615234,111,78.0469,0.00,1,0.00
3.426245,264.1113,-0.527344,111,78.0469,0.00,1,0.00
3.427246,264.0234,-0.615234,111,78.0469,0.00,1,0.00
3.428247,264.0234,-0.615234,111,78.0469,0.00,1,0.00
3.429248,264.0234,-0.615234,111,78.0469,0.00,1,0.00
3.430249,264.1113,-0.527344,111,78.0469,0.00,1,0.00
3.431250,264.0234,-0.615234,111,78.0469,0.00,1,0.00
3.432251,264.0234,-0.615234,111,78.0469,0.00,1,0.00
3.433252,264.0234,-0.615234,111,78.0469,0.00,1,0.00
3.434253,264.0234,-0.615234,111,78.0469,0.00,1,0.00
3.435254,264.0234,-0.615234,111,78.0469,0.00,1,0.00
3.436255,264.0234,-0.615234,111,78.0469,0.00,1,0.00
3.437256,264.0234,-0.615234,111,78.0469,0.00,1,0.00
3.438257,263.9355,-0.703125,111,78.0469,0.00,1,0.00
3.439258,264.0234,-0.615234,111,78.0469,0.00,1,0.00
3.440259,264.0234,-0.615234,111,78.0469,0.00,1,0.00
3.441260,263.9355,-0.703125,111,78.0469,0.00,1,0.00
3.442261,263.9355,-0.703125,111,78.0469,0.00,1,0.00
3.443262,264.0234,-0.615234,111,78.0469,0.00,1,0.00
3.450994,264.1113,-0.527344,111,78.0469,0.00,1,0.00
3.451995,264.0234,-0.615234,111,78.0469,0.00,1,0.00
3.452995,263.9355,-0.703125,111,78.0469,0.00,1,0.00
3.453996,264.0234,-0.615234,111,78.0469,0.00,1,0.00
3.454996,264.0234,-0.615234,111,78.0469,0.00,1,0.00
3.455997,264.0234,-0.615234,111,78.0469,0.00,1,0.00
3.456998,264.0234,-0.615234,111,78.0469,0.00,1,0.00
3.457999,264.0234,-0.615234,111,78.0469,0.00,1,0.00
3.459000,264.0234,-0.615234,111,78.0469,0.00,1,0.00
3.460000,264.0234,-0.615234,111,78.0469,0.00,1,0.00
3.461001,264.0234,-0.615234,111,78.0469,0.00,1,0.00
3.462001,264.0234,-0.615234,111,78.0469,0.00,1,0.00
3.463002,264.0234,-0.615234,111,78.0469,0.00,1,0.00
3.464003,264.0234,-0.615234,111,78.0469,0.00,1,0.00
3.465004,263.9355,-0.703125,111,78.0469,0.00,1,0.00
3.466005,264.0234,-0.615234,111,78.0469,0.00,1,0.00
3.467006,264.0234,-0.615234,111,78.0469,0.00,1,0.00
3.468007,264.0234,-0.615234,111,78.0469,0.00,1,0.00
3.469008,264.0234,-0.615234,111,78.0469,0.00,1,0.00
3.470009,264.0234,-0.615234,111,78.0469,0.00,1,0.00
3.471010,264.0234,-0.615234,111,78.0469,0.00,1,0.00
3.472011,264.0234,-0.615234,111,78.0469,0.00,1,0.00
3.473012,264.1113,-0.527344,111,78.0469,0.00,1,0.00
3.474013,264.1113,-0.527344,111,78.0469,0.00,1,0.00
3.475014,264.0234,-0.615234,111,78.0469,0.00,1,0.00
3.476015,264.0234,-0.615234,111,78.0469,0.00,1,0.00
3.477016,264.0234,-0.615234,111,78.0469,0.00,1,0.00
3.478017,264.1113,-0.527344,111,78.0469,0.00,1,0.00
3.479018,264.1113,-0.527344,111,78.0469,0.00,1,0.00
3.480019,264.1113,-0.527344,111,78.0469,0.00,1,0.00
3.481020,264.1113,-0.527344,111,78.0469,0.00,1,0.00
3.482021,264.1113,-0.527344,111,78.0469,0.00,1,0.00
3.483022,264.1113,-0.527344,111,78.0469,0.00,1,0.00
3.484023,264.0234,-0.615234,111,78.0469,0.00,1,0.00
3.485024,264.0234,-0.615234,111,78.0469,0.00,1,0.00
3.486025,264.0234,-0.615234,111,78.0469,0.00,1,0.00
3.487026,264.1113,-0.527344,111,78.0469,0.00,1,0.00
3.488027,264.1113,-0.527344,111,78.0469,0.00,1,0.00
3.489028,264.0234,-0.615234,111,78.0469,0.00,1,0.00
3.490029,264.0234,-0.615234,111,78.0469,0.00,1,0.00
3.491030,264.0234,-0.615234,111,78.0469,0.00,1,0.00
3.492031,264.0234,-0.615234,111,78.0469,0.00,1,0.00
3.493032,264.0234,-0.615234,111,78.0469,0.00,1,0.00
3.494033,264.0234,-0.615234,111,78.0469,0.00,1,0.00
3.495034,264.0234,-0.615234,111,78.0469,0.00,1,0.00
3.496035,264.0234,-0.615234,111,78.0469,0.00,1,0.00
3.497036,264.0234,-0.615234,111,78.0469,0.00,1,0.00
3.498037,264.0234,-0.615234,111,78.0469,0.00,1,0.00
3.499038,264.0234,-0.615234,111,78.0469,0.00,1,0.00
3.500039,264.0234,-0.615234,111,78.0469,0.00,1,0.00
3.507153,264.0234,-0.615234,111,78.0469,0.00,1,0.00
3.508154,264.0234,-0.615234,111,78.0469,0.00,1,0.00
3.509154,264.1113,-0.527344,111,78.0469,0.00,1,0.00
3.510155,264.1113,-0.527344,111,78.0469,0.00,1,0.00
3.511156,264.1113,-0.527344,111,78.0469,0.00,1,0.00
3.512157,264.0234,-0.615234,111,78.0469,0.00,1,0.00
3.513158,264.0234,-0.615234,111,78.0469,0.00,1,0.00
3.514159,264.0234,-0.615234,111,78.0469,0.00,1,0.00
3.515160,264.1113,-0.527344,111,78.0469,0.00,1,0.00
3.516161,264.0234,-0.615234,111,78.0469,0.00,1,0.00
3.517162,264.0234,-0.615234,111,78.0469,0.00,1,0.00
3.518163,264.0234,-0.615234,111,78.0469,0.00,1,0.00
3.519164,264.0234,-0.615234,111,78.0469,0.00,1,0.00
3.520165,263.9355,-0.703125,111,78.0469,0.00,1,0.00
3.521166,263.9355,-0.703125,111,78.0469,0.00,1,0.00
3.522167,264.0234,-0.615234,111,78.0469,0.00,1,0.00
3.523168,264.0234,-0.615234,111,78.0469,0.00,1,0.00
3.524169,264.0234,-0.615234,111,78.0469,0.00,1,0.00
3.525170,264.0234,-0.615234,111,78.0469,0.00,1,0.00
3.526171,264.0234,-0.615234,111,78.0469,0.00,1,0.00
3.527172,264.0234,-0.615234,111,78.0469,0.00,1,0.00
3.528173,264.0234,-0.615234,111,78.0469,0.00,1,0.00
3.529174,264.0234,-0.615234,111,78.0469,0.00,1,0.00
3.530175,264.0234,-0.615234,111,78.0469,0.00,1,0.00
3.531176,264.0234,-0.615234,111,78.0469,0.00,1,0.00
3.532177,264.0234,-0.615234,111,78.0469,0.00,1,0.00
3.533178,264.0234,-0.615234,111,78.0469,0.00,1,0.00
3.534179,264.0234,-0.615234,111,78.0469,0.00,1,0.00
3.535180,264.0234,-0.615234,111,78.0469,0.00,1,0.00
3.536181,264.0234,-0.615234,111,78.0469,0.00,1,0.00
3.537182,264.1113,-0.527344,111,78.0469,0.00,1,0.00
3.538183,264.0234,-0.615234,111,78.0469,0.00,1,0.00
3.539184,263.9355,-0.703125,111,78.0469,0.00,1,0.00
3.540185,264.0234,-0.615234,111,78.0469,0.00,1,0.00
3.541186,264.0234,-0.615234,111,78.0469,0.00,1,0.00
3.542187,264.0234,-0.615234,111,78.0469,0.00,1,0.00
3.543188,264.0234,-0.615234,111,78.0469,0.00,1,0.00
3.544189,264.0234,-0.615234,111,78.0469,0.00,1,0.00
3.545190,264.0234,-0.615234,111,78.0469,0.00,1,0.00
3.546191,264.0234,-0.615234,111,78.0469,0.00,1,0.00
3.547192,264.0234,-0.615234,111,78.0469,0.00,1,0.00
3.548193,264.0234,-0.615234,111,78.0469,0.00,1,0.00
3.549194,264.0234,-0.615234,111,78.0469,0.00,1,0.00
3.550195,264.0234,-0.615234,111,78.0469,0.00,1,0.00
3.551196,264.0234,-0.615234,111,78.0469,0.00,1,0.00
3.552197,264.0234,-0.615234,111,78.0469,0.00,1,0.00
3.553198,264.0234,-0.615234,111,78.0469,0.00,1,0.00
3.554199,264.0234,-0.615234,111,78.0469,0.00,1,0.00
3.555200,264.0234,-0.615234,111,78.0469,0.00,1,0.00
3.556201,264.0234,-0.615234,111,78.0469,0.00,1,0.00
3.563427,264.0234,-0.615234,111,78.0469,0.00,1,0.00
3.564428,264.0234,-0.615234,111,78.0469,0.00,1,0.00
3.565429,264.0234,-0.615234,111,78.0469,0.00,1,0.00
3.566430,264.0234,-0.615234,111,78.0469,0.00,1,0.00
3.567431,263.9355,-0.703125,111,78.0469,0.00,1,0.00
3.568432,264.0234,-0.615234,111,78.0469,0.00,1,0.00
3.569433,264.0234,-0.615234,111,78.0469,0.00,1,0.00
3.570434,264.0234,-0.615234,111,78.0469,0.00,1,0.00
3.571435,264.1113,-0.527344,111,78.0469,0.00,1,0.00
3.572436,264.1113,-0.527344,111,78.0469,0.00,1,0.00
3.573437,264.1113,-0.527344,111,78.0469,0.00,1,0.00
3.574438,264.0234,-0.615234,111,78.0469,0.00,1,0.00
3.575439,264.0234,-0.615234,111,78.0469,0.00,1,0.00
3.576440,264.0234,-0.615234,111,78.0469,0.00,1,0.00
3.577441,264.0234,-0.615234,111,78.0469,0.00,1,0.00
3.578442,264.0234,-0.615234,111,78.0469,0.00,1,0.00
3.579443,264.0234,-0.615234,111,78.0469,0.00,1,0.00
3.580444,264.0234,-0.615234,111,78.0469,0.00,1,0.00
3.581445,264.0234,-0.615234,111,78.0469,0.00,1,0.00
3.582446,264.1113,-0.527344,111,78.0469,0.00,1,0.00
3.583447,264.1113,-0.527344,111,78.0469,0.00,1,0.00
3.584448,264.0234,-0.615234,111,78.0469,0.00,1,0.00
3.585449,264.0234,-0.615234,111,78.0469,0.00,1,0.00
3.586450,264.0234,-0.615234,111,78.0469,0.00,1,0.00
3.587451,264.0234,-0.615234,111,78.0469,0.00,1,0.00
3.588452,264.0234,-0.615234,111,78.0469,0.00,1,0.00
3.589453,264.0234,-0.615234,111,78.0469,0.00,1,0.00
3.590454,264.0234,-0.615234,111,78.0469,0.00,1,0.00
3.591455,264.0234,-0.615234,111,78.0469,0.00,1,0.00
3.592456,264.0234,-0.615234,111,78.0469,0.00,1,0.00
3.593457,263.9355,-0.703125,111,78.0469,0.00,1,0.00
3.594458,263.9355,-0.703125,111,78.0469,0.00,1,0.00
3.595459,263.9355,-0.703125,111,78.0469,0.00,1,0.00
3.596460,264.0234,-0.615234,111,78.0469,0.00,1,0.00
3.597461,264.0234,-0.615234,111,78.0469,0.00,1,0.00
3.598462,264.0234,-0.615234,111,78.0469,0.00,1,0.00
3.599463,264.0234,-0.615234,111,78.0469,0.00,1,0.00
3.600464,264.1113,-0.527344,111,78.0469,0.00,1,0.00
3.601465,264.0234,-0.615234,111,78.0469,0.00,1,0.00
3.602466,264.0234,-0.615234,111,78.0469,0.00,1,0.00
3.603467,264.0234,-0.615234,111,78.0469,0.00,1,0.00
3.604468,264.1113,-0.527344,111,78.0469,0.00,1,0.00
3.605469,264.0234,-0.615234,111,78.0469,0.00,1,0.00
3.606470,264.0234,-0.615234,111,78.0469,0.00,1,0.00
3.607471,264.0234,-0.615234,111,78.0469,0.00,1,0.00
3.608472,264.0234,-0.615234,111,78.0469,0.00,1,0.00
3.609473,264.0234,-0.615234,111,78.0469,0.00,1,0.00
3.610474,264.0234,-0.615234,111,78.0469,0.00,1,0.00
3.611475,264.0234,-0.615234,111,78.0469,0.00,1,0.00
3.612476,264.0234,-0.615234,111,78.0469,0.00,1,0.00
3.619724,264.0234,-0.615234,111,78.0469,0.00,1,0.00
3.620725,264.0234,-0.615234,111,78.0469,0.00,1,0.00
3.621725,264.0234,-0.615234,111,78.0469,0.00,1,0.00
3.622726,264.0234,-0.615234,111,78.0469,0.00,1,0.00
3.623727,264.0234,-0.615234,111,78.0469,0.00,1,0.00
3.624728,264.0234,-0.615234,111,78.0469,0.00,1,0.00
3.625729,264.0234,-0.615234,111,78.0469,0.00,1,0.00
3.626730,264.0234,-0.615234,111,78.0469,0.00,1,0.00
3.627731,264.0234,-0.615234,111,78.0469,0.00,1,0.00
3.628732,264.0234,-0.615234,111,78.0469,0.00,1,0.00
3.629733,264.0234,-0.615234,111,78.0469,0.00,1,0.00
3.630734,264.1113,-0.527344,111,78.0469,0.00,1,0.00
3.631735,264.0234,-0.615234,111,78.0469,0.00,1,0.00
3.632736,264.1113,-0.527344,111,78.0469,0.00,1,0.00
3.633737,264.0234,-0.615234,111,78.0469,0.00,1,0.00
3.634738,264.0234,-0.615234,111,78.0469,0.00,1,0.00
3.635739,264.0234,-0.615234,111,78.0469,0.00,1,0.00
3.636740,264.0234,-0.615234,111,78.0469,0.00,1,0.00
3.637741,264.1113,-0.527344,111,78.0469,0.00,1,0.00
3.638742,264.0234,-0.615234,111,78.0469,0.00,1,0.00
3.639743,264.0234,-0.615234,111,78.0469,0.00,1,0.00
3.640744,264.0234,-0.615234,111,78.0469,0.00,1,0.00
3.641745,264.1113,-0.527344,111,78.0469,0.00,1,0.00
3.642746,264.1113,-0.527344,111,78.0469,0.00,1,0.00
3.643747,264.0234,-0.615234,111,78.0469,0.00,1,0.00
3.644748,264.0234,-0.615234,111,78.0469,0.00,1,0.00
3.645749,264.0234,-0.615234,111,78.0469,0.00,1,0.00
3.646750,264.0234,-0.615234,111,78.0469,0.00,1,0.00
3.647751,264.1113,-0.527344,111,78.0469,0.00,1,0.00
3.648752,264.1113,-0.527344,111,78.0469,0.00,1,0.00
3.649753,264.0234,-0.615234,111,78.0469,0.00,1,0.00
3.650754,264.1113,-0.527344,111,78.0469,0.00,1,0.00
3.651755,264.1113,-0.527344,111,78.0469,0.00,1,0.00
3.652756,264.0234,-0.615234,111,78.0469,0.00,1,0.00
3.653757,263.9355,-0.703125,111,78.0469,0.00,1,0.00
3.654758,264.0234,-0.615234,111,78.0469,0.00,1,0.00
3.655759,264.0234,-0.615234,111,78.0469,0.00,1,0.00
3.656760,264.0234,-0.615234,111,78.0469,0.00,1,0.00
3.657761,264.1113,-0.527344,111,78.0469,0.00,1,0.00
3.658762,264.0234,-0.615234,111,78.0469,0.00,1,0.00
3.659763,264.0234,-0.615234,111,78.0469,0.00,1,0.00
3.660764,264.1113,-0.527344,111,78.0469,0.00,1,0.00
3.661765,264.1113,-0.527344,111,78.0469,0.00,1,0.00
3.662766,264.1113,-0.527344,111,78.0469,0.00,1,0.00
3.663767,264.0234,-0.615234,111,78.0469,0.00,1,0.00
3.664768,264.1113,-0.527344,111,78.0469,0.00,1,0.00
3.665769,264.0234,-0.615234,111,78.0469,0.00,1,0.00
3.666770,264.0234,-0.615234,111,78.0469,0.00,1,0.00
3.667771,264.0234,-0.615234,111,78.0469,0.00,1,0.00
3.668772,264.0234,-0.615234,111,78.0469,0.00,1,0.00
3.676020,264.0234,-0.615234,111,78.0469,0.00,1,0.00
3.677020,264.0234,-0.615234,111,78.0469,0.00,1,0.00
3.678021,264.1113,-0.527344,111,78.0469,0.00,1,0.00
3.679022,264.1113,-0.527344,111,78.0469,0.00,1,0.00
3.680023,264.0234,-0.615234,111,78.0469,0.00,1,0.00
3.681024,264.0234,-0.615234,111,78.0469,0.00,1,0.00
3.682025,264.1113,-0.527344,111,78.0469,0.00,1,0.00
3.683026,264.0234,-0.615234,111,78.0469,0.00,1,0.00
3.684027,264.0234,-0.615234,111,78.0469,0.00,1,0.00
3.685028,264.0234,-0.615234,111,78.0469,0.00,1,0.00
3.686029,264.0234,-0.615234,111,78.0469,0.00,1,0.00
3.687030,264.0234,-0.615234,111,78.0469,0.00,1,0.00
3.688031,264.1113,-0.527344,111,78.0469,0.00,1,0.00
3.689032,264.0234,-0.615234,111,78.0469,0.00,1,0.00
3.690033,264.0234,-0.615234,111,78.0469,0.00,1,0.00
3.691034,264.1113,-0.527344,111,78.0469,0.00,1,0.00
3.692035,264.0234,-0.615234,111,78.0469,0.00,1,0.00
3.693036,264.1113,-0.527344,111,78.0469,0.00,1,0.00
3.694037,264.1113,-0.527344,111,78.0469,0.00,1,0.00
3.695038,264.0234,-0.615234,111,78.0469,0.00,1,0.00
3.696039,264.0234,-0.615234,111,78.0469,0.00,1,0.00
3.697040,264.0234,-0.615234,111,78.0469,0.00,1,0.00
3.698041,264.0234,-0.615234,111,78.0469,0.00,1,0.00
3.699042,264.0234,-0.615234,111,78.0469,0.00,1,0.00
3.700043,264.1113,-0.527344,111,78.0469,0.00,1,0.00
3.701044,264.1113,-0.527344,111,78.0469,0.00,1,0.00
3.702045,264.0234,-0.615234,111,78.0469,0.00,1,0.00
3.703046,264.0234,-0.615234,111,78.0469,0.00,1,0.00
3.704047,263.9355,-0.703125,111,78.0469,0.00,1,0.00
3.705048,263.9355,-0.703125,111,78.0469,0.00,1,0.00
3.706049,263.9355,-0.703125,111,78.0469,0.00,1,0.00
3.707050,264.0234,-0.615234,111,78.0469,0.00,1,0.00
3.708051,264.0234,-0.615234,111,78.0469,0.00,1,0.00
3.709052,264.0234,-0.615234,111,78.0469,0.00,1,0.00
3.710053,264.0234,-0.615234,111,78.0469,0.00,1,0.00
3.711054,264.0234,-0.615234,111,78.0469,0.00,1,0.00
3.712055,264.0234,-0.615234,111,78.0469,0.00,1,0.00
3.713056,264.0234,-0.615234,111,78.0469,0.00,1,0.00
3.714057,264.0234,-0.615234,111,78.0469,0.00,1,0.00
3.715058,263.9355,-0.703125,111,78.0469,0.00,1,0.00
3.716059,264.0234,-0.615234,111,78.0469,0.00,1,0.00
3.717060,264.0234,-0.615234,111,78.0469,0.00,1,0.00
3.718061,264.0234,-0.615234,111,78.0469,0.00,1,0.00
3.719062,264.0234,-0.615234,111,78.0469,0.00,1,0.00
3.720063,263.9355,-0.703125,111,78.0469,0.00,1,0.00
3.721064,264.0234,-0.615234,111,78.0469,0.00,1,0.00
3.722065,264.1113,-0.527344,111,78.0469,0.00,1,0.00
3.723066,264.1113,-0.527344,111,78.0469,0.00,1,0.00
3.724067,264.0234,-0.615234,111,78.0469,0.00,1,0.00
3.725068,264.0234,-0.615234,111,78.0469,0.00,1,0.00
3.732341,264.1113,-0.527344,111,78.0469,0.00,1,0.00
3.733342,264.0234,-0.615234,111,78.0469,0.00,1,0.00
3.734342,264.0234,-0.615234,111,78.0469,0.00,1,0.00
3.735343,264.0234,-0.615234,111,78.0469,0.00,1,0.00
3.736344,264.0234,-0.615234,111,78.0469,0.00,1,0.00
3.737345,264.0234,-0.615234,111,78.0469,0.00,1,0.00
3.738346,264.0234,-0.615234,111,78.0469,0.00,1,0.00
3.739347,264.0234,-0.615234,111,78.0469,0.00,1,0.00
3.740348,264.0234,-0.615234,111,78.0469,0.00,1,0.00
3.741349,264.0234,-0.615234,111,78.0469,0.00,1,0.00
3.742350,264.1113,-0.527344,111,78.0469,0.00,1,0.00
3.743351,264.0234,-0.615234,111,78.0469,0.00,1,0.00
3.744352,264.0234,-0.615234,111,78.0469,0.00,1,0.00
3.745353,264.0234,-0.615234,111,78.0469,0.00,1,0.00
3.746354,264.0234,-0.615234,111,78.0469,0.00,1,0.00
3.747355,264.1113,-0.527344,111,78.0469,0.00,1,0.00
3.748356,264.1113,-0.527344,111,78.0469,0.00,1,0.00
3.749357,264.0234,-0.615234,111,78.0469,0.00,1,0.00
3.750358,263.9355,-0.703125,111,78.0469,0.00,1,0.00
3.751359,263.9355,-0.703125,111,78.0469,0.00,1,0.00
3.752360,264.0234,-0.615234,111,78.0469,0.00,1,0.00
3.753361,264.1113,-0.527344,111,78.0469,0.00,1,0.00
3.754362,264.0234,-0.615234,111,78.0469,0.00,1,0.00
3.755363,264.0234,-0.615234,111,78.0469,0.00,1,0.00
3.756364,264.0234,-0.615234,111,78.0469,0.00,1,0.00
3.757365,264.0234,-0.615234,111,78.0469,0.00,1,0.00
3.758366,264.0234,-0.615234,111,78.0469,0.00,1,0.00
3.759367,263.9355,-0.703125,111,78.0469,0.00,1,0.00
3.760368,264.0234,-0.615234,111,78.0469,0.00,1,0.00
3.761369,264.0234,-0.615234,111,78.0469,0.00,1,0.00
3.762370,264.0234,-0.615234,111,78.0469,0.00,1,0.00
3.763371,264.0234,-0.615234,111,78.0469,0.00,1,0.00
3.764372,264.0234,-0.615234,111,78.0469,0.00,1,0.00
3.765372,264.0234,-0.615234,111,78.0469,0.00,1,0.00
3.766373,264.0234,-0.615234,111,78.0469,0.00,1,0.00
3.767373,264.0234,-0.615234,111,78.0469,0.00,1,0.00
3.768374,264.0234,-0.615234,111,78.0469,0.00,1,0.00
3.769375,264.0234,-0.615234,111,78.0469,0.00,1,0.00
3.770376,264.1113,-0.527344,111,78.0469,0.00,1,0.00
3.771377,264.0234,-0.615234,111,78.0469,0.00,1,0.00
3.772378,264.0234,-0.615234,111,78.0469,0.00,1,0.00
3.773379,264.1113,-0.527344,111,78.0469,0.00,1,0.00
3.774380,264.1113,-0.527344,111,78.0469,0.00,1,0.00
3.775381,264.1113,-0.527344,111,78.0469,0.00,1,0.00
3.776382,264.0234,-0.615234,111,78.0469,0.00,1,0.00
3.777383,263.9355,-0.703125,111,78.0469,0.00,1,0.00
3.778384,263.9355,-0.703125,111,78.0469,0.00,1,0.00
3.779385,264.0234,-0.615234,111,78.0469,0.00,1,0.00
3.780386,264.0234,-0.615234,111,78.0469,0.00,1,0.00
3.781387,263.9355,-0.703125,111,78.0469,0.00,1,0.00
3.789265,264.0234,-0.615234,111,78.0469,0.00,1,0.00
3.790265,264.1113,-0.527344,111,78.0469,0.00,1,0.00
3.791266,264.0234,-0.615234,111,78.0469,0.00,1,0.00
3.792267,264.1113,-0.527344,111,78.0469,0.00,1,0.00
3.793268,264.1113,-0.527344,111,78.0469,0.00,1,0.00
3.794269,264.0234,-0.615234,111,78.0469,0.00,1,0.00
3.795270,264.1113,-0.527344,111,78.0469,0.00,1,0.00
3.796271,264.0234,-0.615234,111,78.0469,0.00,1,0.00
3.797272,264.0234,-0.615234,111,78.0469,0.00,1,0.00
3.798273,264.0234,-0.615234,111,78.0469,0.00,1,0.00
3.799274,264.0234,-0.615234,111,78.0469,0.00,1,0.00
3.800275,264.0234,-0.615234,111,78.0469,0.00,1,0.00
3.801276,264.0234,-0.615234,111,78.0469,0.00,1,0.00
3.802277,264.0234,-0.615234,111,78.0469,0.00,1,0.00
3.803278,264.0234,-0.615234,111,78.0469,0.00,1,0.00
3.804279,264.0234,-0.615234,111,78.0469,0.00,1,0.00
3.805280,264.0234,-0.615234,111,78.0469,0.00,1,0.00
3.806281,264.0234,-0.615234,111,78.0469,0.00,1,0.00
3.807282,263.9355,-0.703125,111,78.0469,0.00,1,0.00
3.808283,264.0234,-0.615234,111,78.0469,0.00,1,0.00
3.809284,264.0234,-0.615234,111,78.0469,0.00,1,0.00
3.810285,264.0234,-0.615234,111,78.0469,0.00,1,0.00
3.811286,264.1113,-0.527344,111,78.0469,0.00,1,0.00
3.812287,264.0234,-0.615234,111,78.0469,0.00,1,0.00
3.813288,264.0234,-0.615234,111,78.0469,0.00,1,0.00
3.814289,263.9355,-0.703125,111,78.0469,0.00,1,0.00
3.815290,264.0234,-0.615234,111,78.0469,0.00,1,0.00
3.816291,264.0234,-0.615234,111,78.0469,0.00,1,0.00
3.817292,264.0234,-0.615234,111,78.0469,0.00,1,0.00
3.818293,264.0234,-0.615234,111,78.0469,0.00,1,0.00
3.819294,264.1113,-0.527344,111,78.0469,0.00,1,0.00
3.820295,264.0234,-0.615234,111,78.0469,0.00,1,0.00
3.821296,264.0234,-0.615234,111,78.0469,0.00,1,0.00
3.822297,263.9355,-0.703125,111,78.0469,0.00,1,0.00
3.823298,263.9355,-0.703125,111,78.0469,0.00,1,0.00
3.824299,264.1113,-0.527344,111,78.0469,0.00,1,0.00
3.825300,264.1113,-0.527344,111,78.0469,0.00,1,0.00
3.826301,264.1113,-0.527344,111,78.0469,0.00,1,0.00
3.827302,264.0234,-0.615234,111,78.0469,0.00,1,0.00
3.828303,264.0234,-0.615234,111,78.0469,0.00,1,0.00
3.829304,264.0234,-0.615234,111,78.0469,0.00,1,0.00
3.830305,264.0234,-0.615234,111,78.0469,0.00,1,0.00
3.831306,264.0234,-0.615234,111,78.0469,0.00,1,0.00
3.832307,264.0234,-0.615234,111,78.0469,0.00,1,0.00
3.833308,264.1113,-0.527344,111,78.0469,0.00,1,0.00
3.834309,264.0234,-0.615234,111,78.0469,0.00,1,0.00
3.835310,264.1113,-0.527344,111,78.0469,0.00,1,0.00
3.836311,264.0234,-0.615234,111,78.0469,0.00,1,0.00
3.837312,264.1113,-0.527344,111,78.0469,0.00,1,0.00
3.838313,264.0234,-0.615234,111,78.0469,0.00,1,0.00
3.845426,264.1113,-0.527344,111,78.0469,0.00,1,0.00
3.846427,264.0234,-0.615234,111,78.0469,0.00,1,0.00
3.847428,264.0234,-0.615234,111,78.0469,0.00,1,0.00
3.848429,264.1113,-0.527344,111,78.0469,0.00,1,0.00
3.849430,264.0234,-0.615234,111,78.0469,0.00,1,0.00
3.850431,264.0234,-0.615234,111,78.0469,0.00,1,0.00
3.851432,264.1113,-0.527344,111,78.0469,0.00,1,0.00
3.852433,264.0234,-0.615234,111,78.0469,0.00,1,0.00
3.853434,264.0234,-0.615234,111,78.0469,0.00,1,0.00
3.854435,264.0234,-0.615234,111,78.0469,0.00,1,0.00
3.855436,264.0234,-0.615234,111,78.0469,0.00,1,0.00
3.856437,264.1113,-0.527344,111,78.0469,0.00,1,0.00
3.857438,264.0234,-0.615234,111,78.0469,0.00,1,0.00
3.858439,264.0234,-0.615234,111,78.0469,0.00,1,0.00
3.859440,264.0234,-0.615234,111,78.0469,0.00,1,0.00
3.860441,263.9355,-0.703125,111,78.0469,0.00,1,0.00
3.861442,264.0234,-0.615234,111,78.0469,0.00,1,0.00
3.862443,264.1113,-0.527344,111,78.0469,0.00,1,0.00
3.863444,264.1113,-0.527344,111,78.0469,0.00,1,0.00
3.864445,264.0234,-0.615234,111,78.0469,0.00,1,0.00
3.865446,264.0234,-0.615234,111,78.0469,0.00,1,0.00
3.866447,263.9355,-0.703125,111,78.0469,0.00,1,0.00
3.867448,264.0234,-0.615234,111,78.0469,0.00,1,0.00
3.868449,264.0234,-0.615234,111,78.0469,0.00,1,0.00
3.869450,264.0234,-0.615234,111,78.0469,0.00,1,0.00
3.870451,264.0234,-0.615234,111,78.0469,0.00,1,0.00
3.871452,264.0234,-0.615234,111,78.0469,0.00,1,0.00
3.872453,264.0234,-0.615234,111,78.0469,0.00,1,0.00
3.873454,264.0234,-0.615234,111,78.0469,0.00,1,0.00
3.874455,264.0234,-0.615234,111,78.0469,0.00,1,0.00
3.875456,264.0234,-0.615234,111,78.0469,0.00,1,0.00
3.876457,264.0234,-0.615234,111,78.0469,0.00,1,0.00
3.877458,264.1113,-0.527344,111,78.0469,0.00,1,0.00
3.878459,264.1113,-0.527344,111,78.0469,0.00,1,0.00
3.879460,264.1113,-0.527344,111,78.0469,0.00,1,0.00
3.880461,264.0234,-0.615234,111,78.0469,0.00,1,0.00
3.881462,264.0234,-0.615234,111,78.0469,0.00,1,0.00
3.882463,264.0234,-0.615234,111,78.0469,0.00,1,0.00
3.883464,264.0234,-0.615234,111,78.0469,0.00,1,0.00
3.884465,264.0234,-0.615234,111,78.0469,0.00,1,0.00
3.885466,264.0234,-0.615234,111,78.0469,0.00,1,0.00
3.886467,264.1113,-0.527344,111,78.0469,0.00,1,0.00
3.887468,264.1113,-0.527344,111,78.0469,0.00,1,0.00
3.888469,264.0234,-0.615234,111,78.0469,0.00,1,0.00
3.889470,264.1113,-0.527344,111,78.0469,0.00,1,0.00
3.890471,264.1113,-0.527344,111,78.0469,0.00,1,0.00
3.891472,264.0234,-0.615234,111,78.0469,0.00,1,0.00
3.892473,264.1113,-0.527344,111,78.0469,0.00,1,0.00
3.893474,264.1113,-0.527344,111,78.0469,0.00,1,0.00
3.894475,264.1113,-0.527344,111,78.0469,0.00,1,0.00
3.901698,264.0234,-0.615234,111,78.0469,0.00,1,0.00
3.902698,264.0234,-0.615234,111,78.0469,0.00,1,0.00
3.903699,264.0234,-0.615234,111,78.0469,0.00,1,0.00
3.904699,264.0234,-0.615234,111,78.0469,0.00,1,0.00
3.905700,264.0234,-0.615234,111,78.0469,0.00,1,0.00
3.906701,264.0234,-0.615234,111,78.0469,0.00,1,0.00
3.907702,264.0234,-0.615234,111,78.0469,0.00,1,0.00
3.908703,264.0234,-0.615234,111,78.0469,0.00,1,0.00
3.909704,264.0234,-0.615234,111,78.0469,0.00,1,0.00
3.910705,264.0234,-0.615234,111,78.0469,0.00,1,0.00
3.911706,264.0234,-0.615234,111,78.0469,0.00,1,0.00
3.912707,264.0234,-0.615234,111,78.0469,0.00,1,0.00
3.913708,264.1113,-0.527344,111,78.0469,0.00,1,0.00
3.914709,264.0234,-0.615234,111,78.0469,0.00,1,0.00
3.915710,264.0234,-0.615234,111,78.0469,0.00,1,0.00
3.916711,264.0234,-0.615234,111,78.0469,0.00,1,0.00
3.917712,264.1113,-0.527344,111,78.0469,0.00,1,0.00
3.918713,264.0234,-0.615234,111,78.0469,0.00,1,0.00
3.919714,264.0234,-0.615234,111,78.0469,0.00,1,0.00
3.920715,264.0234,-0.615234,111,78.0469,0.00,1,0.00
3.921716,264.0234,-0.615234,111,78.0469,0.00,1,0.00
3.922717,264.1113,-0.527344,111,78.0469,0.00,1,0.00
3.923718,264.0234,-0.615234,111,78.0469,0.00,1,0.00
3.924719,264.1113,-0.527344,111,78.0469,0.00,1,0.00
3.925720,264.1113,-0.527344,111,78.0469,0.00,1,0.00
3.926721,264.0234,-0.615234,111,78.0469,0.00,1,0.00
3.927722,263.9355,-0.703125,111,78.0469,0.00,1,0.00
3.928723,264.0234,-0.615234,111,78.0469,0.00,1,0.00
3.929724,264.0234,-0.615234,111,78.0469,0.00,1,0.00
3.930725,264.0234,-0.615234,111,78.0469,0.00,1,0.00
3.931726,264.0234,-0.615234,111,78.0469,0.00,1,0.00
3.932727,264.0234,-0.615234,111,78.0469,0.00,1,0.00
3.933728,264.0234,-0.615234,111,78.0469,0.00,1,0.00
3.934729,264.0234,-0.615234,111,78.0469,0.00,1,0.00
3.935730,264.1113,-0.527344,111,78.0469,0.00,1,0.00
3.936731,264.1113,-0.527344,111,78.0469,0.00,1,0.00
3.937732,264.1113,-0.527344,111,78.0469,0.00,1,0.00
3.938733,264.1113,-0.527344,111,78.0469,0.00,1,0.00
3.939734,264.0234,-0.615234,111,78.0469,0.00,1,0.00
3.940735,264.0234,-0.615234,111,78.0469,0.00,1,0.00
3.941736,264.0234,-0.615234,111,78.0469,0.00,1,0.00
3.942737,264.0234,-0.615234,111,78.0469,0.00,1,0.00
3.943738,264.0234,-0.615234,111,78.0469,0.00,1,0.00
3.944739,264.0234,-0.615234,111,78.0469,0.00,1,0.00
3.945740,264.0234,-0.615234,111,78.0469,0.00,1,0.00
3.946741,264.0234,-0.615234,111,78.0469,0.00,1,0.00
3.947742,264.1113,-0.527344,111,78.0469,0.00,1,0.00
3.948743,264.1113,-0.527344,111,78.0469,0.00,1,0.00
3.949744,264.1113,-0.527344,111,78.0469,0.00,1,0.00
3.950745,264.0234,-0.615234,111,78.0469,0.00,1,0.00
3.957989,264.1113,-0.527344,111,78.0469,0.00,1,0.00
3.958990,264.0234,-0.615234,111,78.0469,0.00,1,0.00
3.959991,264.1113,-0.527344,111,78.0469,0.00,1,0.00
3.960992,264.1113,-0.527344,111,78.0469,0.00,1,0.00
3.961993,264.1113,-0.527344,111,78.0469,0.00,1,0.00
3.962994,264.1113,-0.527344,111,78.0469,0.00,1,0.00
3.963995,264.1113,-0.527344,111,78.0469,0.00,1,0.00
3.964996,264.0234,-0.615234,111,78.0469,0.00,1,0.00
3.965997,263.9355,-0.703125,111,78.0469,0.00,1,0.00
3.966998,264.0234,-0.615234,111,78.0469,0.00,1,0.00
3.967999,264.0234,-0.615234,111,78.0469,0.00,1,0.00
3.969000,264.0234,-0.615234,111,78.0469,0.00,1,0.00
3.970001,263.9355,-0.703125,111,78.0469,0.00,1,0.00
3.971002,264.0234,-0.615234,111,78.0469,0.00,1,0.00
3.972003,264.0234,-0.615234,111,78.0469,0.00,1,0.00
3.973004,264.0234,-0.615234,111,78.0469,0.00,1,0.00
3.974005,263.9355,-0.703125,111,78.0469,0.00,1,0.00
3.975006,264.0234,-0.615234,111,78.0469,0.00,1,0.00
3.976007,264.1113,-0.527344,111,78.0469,0.00,1,0.00
3.977008,264.1113,-0.527344,111,78.0469,0.00,1,0.00
3.978009,264.0234,-0.615234,111,78.0469,0.00,1,0.00
3.979010,264.0234,-0.615234,111,78.0469,0.00,1,0.00
3.980011,264.0234,-0.615234,111,78.0469,0.00,1,0.00
3.981012,263.9355,-0.703125,111,78.0469,0.00,1,0.00
3.982013,264.0234,-0.615234,111,78.0469,0.00,1,0.00
3.983014,264.1113,-0.527344,111,78.0469,0.00,1,0.00
3.984015,264.0234,-0.615234,111,78.0469,0.00,1,0.00
3.985016,264.0234,-0.615234,111,78.0469,0.00,1,0.00
3.986017,264.0234,-0.615234,111,78.0469,0.00,1,0.00
3.987018,264.0234,-0.615234,111,78.0469,0.00,1,0.00
3.988019,264.0234,-0.615234,111,78.0469,0.00,1,0.00
3.989020,264.0234,-0.615234,111,78.0469,0.00,1,0.00
3.990020,264.0234,-0.615234,111,78.0469,0.00,1,0.00
3.991021,264.0234,-0.615234,111,78.0469,0.00,1,0.00
3.992021,264.0234,-0.615234,111,78.0469,0.00,1,0.00
3.993022,264.0234,-0.615234,111,78.0469,0.00,1,0.00
3.994023,264.0234,-0.615234,111,78.0469,0.00,1,0.00
3.995024,264.0234,-0.615234,111,78.0469,0.00,1,0.00
3.996025,264.0234,-0.615234,111,78.0469,0.00,1,0.00
3.997026,264.1113,-0.527344,111,78.0469,0.00,1,0.00
3.998027,264.1113,-0.527344,111,78.0469,0.00,1,0.00
3.999028,264.0234,-0.615234,111,78.0469,0.00,1,0.00
4.000028,264.0234,-0.615234,111,78.0469,0.00,1,0.00
4.001029,264.1113,-0.527344,111,78.0469,0.00,1,0.00
4.002030,264.1113,-0.527344,111,78.0469,0.00,1,0.00
4.003031,264.0234,-0.615234,111,78.0469,0.00,1,0.00
4.004031,264.1113,-0.527344,111,78.0469,0.00,1,0.00
4.005032,264.1113,-0.527344,111,78.0469,0.00,1,0.00
4.006033,264.0234,-0.615234,111,78.0469,0.00,1,0.00
4.007034,263.9355,-0.703125,111,78.0469,0.00,1,0.00
4.014284,264.1113,-0.527344,111,78.0469,0.00,1,0.00
4.015285,264.0234,-0.615234,111,78.0469,0.00,1,0.00
4.016286,264.0234,-0.615234,111,78.0469,0.00,1,0.00
4.017287,264.0234,-0.615234,111,78.0469,0.00,1,0.00
4.018287,264.0234,-0.615234,111,78.0469,0.00,1,0.00
4.019288,264.0234,-0.615234,111,78.0469,0.00,1,0.00
4.020289,264.0234,-0.615234,111,78.0469,0.00,1,0.00
4.021290,264.1113,-0.527344,111,78.0469,0.00,1,0.00
4.022291,264.1113,-0.527344,111,78.0469,0.00,1,0.00
4.023292,263.9355,-0.703125,111,78.0469,0.00,1,0.00
4.024293,264.1113,-0.527344,111,78.0469,0.00,1,0.00
4.025294,264.1113,-0.527344,111,78.0469,0.00,1,0.00
4.026295,264.0234,-0.615234,111,78.0469,0.00,1,0.00
4.027296,263.9355,-0.703125,111,78.0469,0.00,1,0.00
4.028297,263.9355,-0.703125,111,78.0469,0.00,1,0.00
4.029298,264.0234,-0.615234,111,78.0469,0.00,1,0.00
4.030299,264.0234,-0.615234,111,78.0469,0.00,1,0.00
4.031300,264.0234,-0.615234,111,78.0469,0.00,1,0.00
4.032301,264.0234,-0.615234,111,78.0469,0.00,1,0.00
4.033302,264.0234,-0.615234,111,78.0469,0.00,1,0.00
4.034303,264.1113,-0.527344,111,78.0469,0.00,1,0.00
4.035304,264.0234,-0.615234,111,78.0469,0.00,1,0.00
4.036305,264.0234,-0.615234,111,78.0469,0.00,1,0.00
4.037306,264.0234,-0.615234,111,78.0469,0.00,1,0.00
4.038307,264.0234,-0.615234,111,78.0469,0.00,1,0.00
4.039308,264.1113,-0.527344,111,78.0469,0.00,1,0.00
4.040309,264.1113,-0.527344,111,78.0469,0.00,1,0.00
4.041310,264.0234,-0.615234,111,78.0469,0.00,1,0.00
4.042311,264.1113,-0.527344,111,78.0469,0.00,1,0.00
4.043312,264.0234,-0.615234,111,78.0469,0.00,1,0.00
4.044313,264.0234,-0.615234,111,78.0469,0.00,1,0.00
4.045314,264.0234,-0.615234,111,78.0469,0.00,1,0.00
4.046315,264.1113,-0.527344,111,78.0469,0.00,1,0.00
4.047316,264.1113,-0.527344,111,78.0469,0.00,1,0.00
4.048317,264.1113,-0.527344,111,78.0469,0.00,1,0.00
4.049318,264.0234,-0.615234,111,78.0469,0.00,1,0.00
4.050319,264.0234,-0.615234,111,78.0469,0.00,1,0.00
4.051320,264.0234,-0.615234,111,78.0469,0.00,1,0.00
4.052321,264.0234,-0.615234,111,78.0469,0.00,1,0.00
4.053322,264.0234,-0.615234,111,78.0469,0.00,1,0.00
4.054323,264.0234,-0.615234,111,78.0469,0.00,1,0.00
4.055324,264.0234,-0.615234,111,78.0469,0.00,1,0.00
4.056325,264.0234,-0.615234,111,78.0469,0.00,1,0.00
4.057326,264.1113,-0.527344,111,78.0469,0.00,1,0.00
4.058327,264.0234,-0.615234,111,78.0469,0.00,1,0.00
4.059328,264.0234,-0.615234,111,78.0469,0.00,1,0.00
4.060329,264.0234,-0.615234,111,78.0469,0.00,1,0.00
4.061330,264.0234,-0.615234,111,78.0469,0.00,1,0.00
4.062331,264.1113,-0.527344,111,78.0469,0.00,1,0.00
4.063332,264.0234,-0.615234,111,78.0469,0.00,1,0.00
4.070607,263.9355,-0.703125,111,78.0469,0.00,1,0.00
4.071608,264.0234,-0.615234,111,78.0469,0.00,1,0.00
4.072609,264.0234,-0.615234,111,78.0469,0.00,1,0.00
4.073610,264.1113,-0.527344,111,78.0469,0.00,1,0.00
4.074611,264.0234,-0.615234,111,78.0469,0.00,1,0.00
4.075612,264.0234,-0.615234,111,78.0469,0.00,1,0.00
4.076613,264.0234,-0.615234,111,78.0469,0.00,1,0.00
4.077614,264.0234,-0.615234,111,78.0469,0.00,1,0.00
4.078615,264.0234,-0.615234,111,78.0469,0.00,1,0.00
4.079616,264.0234,-0.615234,111,78.0469,0.00,1,0.00
4.080617,264.0234,-0.615234,111,78.0469,0.00,1,0.00
4.081618,264.0234,-0.615234,111,78.0469,0.00,1,0.00
4.082619,264.0234,-0.615234,111,78.0469,0.00,1,0.00
4.083620,264.0234,-0.615234,111,78.0469,0.00,1,0.00
4.084621,264.0234,-0.615234,111,78.0469,0.00,1,0.00
4.085622,264.0234,-0.615234,111,78.0469,0.00,1,0.00
4.086623,264.0234,-0.615234,111,78.0469,0.00,1,0.00
4.087624,264.0234,-0.615234,111,78.0469,0.00,1,0.00
4.088625,264.1113,-0.527344,111,78.0469,0.00,1,0.00
4.089626,264.0234,-0.615234,111,78.0469,0.00,1,0.00
4.090627,264.0234,-0.615234,111,78.0469,0.00,1,0.00
4.091628,264.0234,-0.615234,111,78.0469,0.00,1,0.00
4.092629,264.0234,-0.615234,111,78.0469,0.00,1,0.00
4.093630,264.0234,-0.615234,111,78.0469,0.00,1,0.00
4.094631,264.0234,-0.615234,111,78.0469,0.00,1,0.00
4.095632,264.0234,-0.615234,111,78.0469,0.00,1,0.00
4.096633,264.0234,-0.615234,111,78.0469,0.00,1,0.00
4.097634,264.0234,-0.615234,111,78.0469,0.00,1,0.00
4.098635,264.0234,-0.615234,111,78.0469,0.00,1,0.00
4.099636,264.1113,-0.527344,111,78.0469,0.00,1,0.00
4.100637,264.1113,-0.527344,111,78.0469,0.00,1,0.00
4.101638,264.1113,-0.527344,111,78.0469,0.00,1,0.00
4.102639,264.1113,-0.527344,111,78.0469,0.00,1,0.00
4.103640,264.0234,-0.615234,111,78.0469,0.00,1,0.00
4.104641,264.0234,-0.615234,111,78.0469,0.00,1,0.00
4.105642,264.0234,-0.615234,111,78.0469,0.00,1,0.00
4.106643,264.0234,-0.615234,111,78.0469,0.00,1,0.00
4.107644,264.0234,-0.615234,111,78.0469,0.00,1,0.00
4.108645,264.0234,-0.615234,111,78.0469,0.00,1,0.00
4.109646,264.0234,-0.615234,111,78.0469,0.00,1,0.00
4.110647,264.0234,-0.615234,111,78.0469,0.00,1,0.00
4.111648,264.0234,-0.615234,111,78.0469,0.00,1,0.00
4.112649,264.0234,-0.615234,111,78.0469,0.00,1,0.00
4.113650,264.1113,-0.527344,111,78.0469,0.00,1,0.00
4.114651,264.0234,-0.615234,111,78.0469,0.00,1,0.00
4.115652,264.0234,-0.615234,111,78.0469,0.00,1,0.00
4.116653,264.0234,-0.615234,111,78.0469,0.00,1,0.00
4.117654,264.0234,-0.615234,111,78.0469,0.00,1,0.00
4.118655,264.0234,-0.615234,111,78.0469,0.00,1,0.00
4.119656,263.9355,-0.703125,111,78.0469,0.00,1,0.00
4.126798,264.0234,-0.615234,111,78.0469,0.00,1,0.00
4.127799,264.0234,-0.615234,111,78.0469,0.00,1,0.00
4.128800,264.0234,-0.615234,111,78.0469,0.00,1,0.00
4.129801,264.0234,-0.615234,111,78.0469,0.00,1,0.00
4.130801,264.1113,-0.527344,111,78.0469,0.00,1,0.00
4.131802,264.0234,-0.615234,111,78.0469,0.00,1,0.00
4.132803,264.0234,-0.615234,111,78.0469,0.00,1,0.00
4.133804,264.0234,-0.615234,111,78.0469,0.00,1,0.00
4.134805,264.0234,-0.615234,111,78.0469,0.00,1,0.00
4.135806,264.0234,-0.615234,111,78.0469,0.00,1,0.00
4.136807,264.0234,-0.615234,111,78.0469,0.00,1,0.00
4.137808,264.1113,-0.527344,111,78.0469,0.00,1,0.00
4.138809,264.0234,-0.615234,111,78.0469,0.00,1,0.00
4.139810,264.0234,-0.615234,111,78.0469,0.00,1,0.00
4.140811,263.9355,-0.703125,111,78.0469,0.00,1,0.00
4.141812,263.9355,-0.703125,111,78.0469,0.00,1,0.00
4.142813,263.9355,-0.703125,111,78.0469,0.00,1,0.00
4.143814,264.0234,-0.615234,111,78.0469,0.00,1,0.00
4.144815,264.0234,-0.615234,111,78.0469,0.00,1,0.00
4.145816,264.1113,-0.527344,111,78.0469,0.00,1,0.00
4.146817,264.0234,-0.615234,111,78.0469,0.00,1,0.00
4.147818,264.0234,-0.615234,111,78.0469,0.00,1,0.00
4.148819,264.1113,-0.527344,111,78.0469,0.00,1,0.00
4.149820,264.1113,-0.527344,111,78.0469,0.00,1,0.00
4.150821,264.0234,-0.615234,111,78.0469,0.00,1,0.00
4.151822,264.0234,-0.615234,111,78.0469,0.00,1,0.00
4.152823,264.0234,-0.615234,111,78.0469,0.00,1,0.00
4.153824,264.0234,-0.615234,111,78.0469,0.00,1,0.00
4.154825,263.9355,-0.703125,111,78.0469,0.00,1,0.00
4.155826,264.0234,-0.615234,111,78.0469,0.00,1,0.00
4.156827,264.0234,-0.615234,111,78.0469,0.00,1,0.00
4.157828,264.0234,-0.615234,111,78.0469,0.00,1,0.00
4.158829,264.0234,-0.615234,111,78.0469,0.00,1,0.00
4.159830,264.1113,-0.527344,111,78.0469,0.00,1,0.00
4.160831,264.0234,-0.615234,111,78.0469,0.00,1,0.00
4.161832,263.9355,-0.703125,111,78.0469,0.00,1,0.00
4.162833,264.0234,-0.615234,111,78.0469,0.00,1,0.00
4.163834,264.0234,-0.615234,111,78.0469,0.00,1,0.00
4.164835,264.0234,-0.615234,111,78.0469,0.00,1,0.00
4.165836,264.0234,-0.615234,111,78.0469,0.00,1,0.00
4.166837,264.0234,-0.615234,111,78.0469,0.00,1,0.00
4.167838,264.1113,-0.527344,111,78.0469,0.00,1,0.00
4.168839,264.0234,-0.615234,111,78.0469,0.00,1,0.00
4.169840,264.0234,-0.615234,111,78.0469,0.00,1,0.00
4.170841,264.0234,-0.615234,111,78.0469,0.00,1,0.00
4.171842,264.0234,-0.615234,111,78.0469,0.00,1,0.00
4.172843,264.0234,-0.615234,111,78.0469,0.00,1,0.00
4.173844,264.0234,-0.615234,111,78.0469,0.00,1,0.00
4.174845,264.0234,-0.615234,111,78.0469,0.00,1,0.00
4.175846,264.0234,-0.615234,111,78.0469,0.00,1,0.00
4.183706,264.0234,-0.615234,111,78.0469,0.00,1,0.00
4.184706,264.1113,-0.527344,111,78.0469,0.00,1,0.00
4.185707,264.1113,-0.527344,111,78.0469,0.00,1,0.00
4.186708,264.0234,-0.615234,111,78.0469,0.00,1,0.00
4.187709,264.0234,-0.615234,111,78.0469,0.00,1,0.00
4.188710,264.0234,-0.615234,111,78.0469,0.00,1,0.00
4.189711,264.0234,-0.615234,111,78.0469,0.00,1,0.00
4.190712,264.0234,-0.615234,111,78.0469,0.00,1,0.00
4.191713,264.0234,-0.615234,111,78.0469,0.00,1,0.00
4.192714,264.0234,-0.615234,111,78.0469,0.00,1,0.00
4.193715,264.1113,-0.527344,111,78.0469,0.00,1,0.00
4.194716,264.1113,-0.527344,111,78.0469,0.00,1,0.00
4.195717,264.0234,-0.615234,111,78.0469,0.00,1,0.00
4.196718,264.0234,-0.615234,111,78.0469,0.00,1,0.00
4.197719,264.1113,-0.527344,111,78.0469,0.00,1,0.00
4.198720,264.0234,-0.615234,111,78.0469,0.00,1,0.00
4.199721,264.0234,-0.615234,111,78.0469,0.00,1,0.00
4.200722,264.0234,-0.615234,111,78.0469,1500.00,1,1500.00
4.201723,263.9355,-0.703125,112,78.7500,1500.00,1,1500.00
4.202724,263.3203,-1.318359,115,80.8594,1500.00,1,1500.00
4.203725,261.7383,-2.900391,117,82.2656,1500.00,1,1500.00
4.204726,259.8926,-4.746094,119,83.6719,1500.00,1,1500.00
4.205727,258.7500,-5.888672,120,84.3750,1500.00,1,1500.00
4.206728,257.8711,-6.767578,122,85.7813,1500.00,1,1500.00
4.207729,256.6406,-7.998047,124,87.1875,1500.00,1,1500.00
4.208730,255.4102,-9.228516,127,89.2969,1500.00,1,1500.00
4.209731,253.9160,-10.722656,128,90.0000,1500.00,1,1500.00
4.210732,252.6855,-11.953125,130,91.4063,1500.00,1,1500.00
4.211733,251.7187,-12.919922,132,92.8125,1500.00,1,1500.00
4.212734,250.3125,-14.326172,134,94.2188,1500.00,1,1500.00
4.213735,249.0820,-15.556641,136,95.6250,1500.00,1,1500.00
4.214736,247.7637,-16.875000,138,97.0313,1500.00,1,1500.00
4.215737,246.5332,-18.105469,140,98.4375,1500.00,1,1500.00
4.216738,245.4785,-19.160156,142,99.8438,1500.00,1,1500.00
4.217739,244.1602,-20.478516,144,101.2500,1500.00,1,1500.00
4.218740,242.7539,-21.884766,145,101.9531,1500.00,1,1500.00
4.219741,241.6113,-23.027344,147,103.3594,1500.00,1,1500.00
4.220742,240.3809,-24.257812,149,104.7656,1500.00,1,1500.00
4.221743,238.9746,-25.664062,151,106.1719,1500.00,1,1500.00
4.222744,237.8320,-26.806641,153,107.5781,1500.00,1,1500.00
4.223745,236.6016,-28.037109,155,108.9844,1500.00,1,1500.00
4.224746,235.4590,-29.179687,157,110.3906,1500.00,1,1500.00
4.225747,234.0527,-30.585937,159,111.7969,1500.00,1,1500.00
4.226748,232.6465,-31.992187,161,113.2031,1500.00,1,1500.00
4.227749,231.5039,-33.134766,162,113.9063,1500.00,1,1500.00
4.228750,230.2734,-34.365234,164,115.3125,1500.00,1,1500.00
4.229750,228.9551,-35.683594,166,116.7188,1500.00,1,1500.00
4.230751,227.6367,-37.001953,168,118.1250,1500.00,1,1500.00
4.231752,226.2305,-38.408203,170,119.5313,1500.00,1,1500.00
4.232753,224.9121,-39.726562,172,120.9375,1500.00,1,1500.00
4.239981,215.3320,-49.306641,186,130.7812,1500.00,1,1500.00
4.240982,214.1016,-50.537109,188,132.1875,1500.00,1,1500.00
4.241983,212.6953,-51.943359,190,133.5937,1500.00,1,1500.00
4.242984,211.2012,-53.437500,192,135.0000,1500.00,1,1500.00
4.243984,209.9707,-54.667969,194,136.4062,1500.00,1,1500.00
4.244985,208.5645,-56.074219,196,137.8125,1500.00,1,1500.00
4.245986,207.3340,-57.304687,198,139.2187,1500.00,1,1500.00
4.246987,205.8398,-58.798828,200,140.6250,1500.00,1,1500.00
4.247988,204.3457,-60.292969,202,142.0312,1500.00,1,1500.00
4.248989,202.9395,-61.699219,204,143.4375,1500.00,1,1500.00
4.249990,201.4453,-63.193359,205,144.1406,1500.00,1,1500.00
4.250991,200.0391,-64.599609,207,145.5469,1500.00,1,1500.00
4.251992,198.7207,-65.917969,209,146.9531,1500.00,1,1500.00
4.252993,197.1387,-67.500000,211,148.3594,1500.00,1,1500.00
4.253994,195.6445,-68.994141,213,149.7656,1500.00,1,1500.00
4.254995,194.2383,-70.400391,215,151.1719,1500.00,1,1500.00
4.255996,192.7441,-71.894531,217,152.5781,1500.00,1,1500.00
4.256997,191.4258,-73.212891,219,153.9844,1500.00,1,1500.00
4.257998,189.7559,-74.882812,221,155.3906,1500.00,1,1500.00
4.258999,188.1738,-76.464844,223,156.7969,1500.00,1,1500.00
4.260000,186.7676,-77.871094,224,157.5000,1500.00,1,1500.00
4.261000,185.3613,-79.277344,226,158.9062,1500.00,1,1500.00
4.262002,183.9551,-80.683594,228,160.3125,1500.00,1,1500.00
4.263003,182.4609,-82.177734,230,161.7187,1500.00,1,1500.00
4.264004,180.7910,-83.847656,232,163.1250,1500.00,1,1500.00
4.265004,179.1211,-85.517578,234,164.5312,1500.00,1,1500.00
4.266005,177.8027,-86.835937,236,165.9375,1500.00,1,1500.00
4.267006,176.2207,-88.417969,238,167.3437,1500.00,1,1500.00
4.268007,174.8145,-89.824219,240,168.7500,1500.00,1,1500.00
4.269007,173.1445,-91.494141,242,170.1562,1500.00,1,1500.00
4.270008,171.5625,-93.076172,244,171.5625,1500.00,1,1500.00
4.271009,170.2441,-94.394531,246,172.9687,1500.00,1,1500.00
4.272010,168.6621,-95.976562,248,174.3750,1500.00,1,1500.00
4.273011,167.0801,-97.558594,250,175.7812,1500.00,1,1500.00
4.274012,165.6738,-98.964844,252,177.1875,1500.00,1,1500.00
4.275013,164.0918,-100.546875,254,178.5937,1500.00,1,1500.00
4.276014,162.5098,-102.128906,256,180.0000,1500.00,1,1500.00
4.277015,161.1035,-103.535156,257,180.7031,1500.00,1,1500.00
4.278016,159.6094,-105.029297,259,182.1094,1500.00,1,1500.00
4.279017,158.1152,-106.523437,261,183.5156,1500.00,1,1500.00
4.280018,156.5332,-108.105469,263,184.9219,1500.00,1,1500.00
4.281019,154.8633,-109.775391,265,186.3281,1500.00,1,1500.00
4.282020,153.4570,-111.181641,267,187.7344,1500.00,1,1500.00
4.283021,151.9629,-112.675781,269,189.1406,1500.00,1,1500.00
4.284022,150.3809,-114.257812,271,190.5469,1500.00,1,1500.00
4.285023,148.9746,-115.664062,273,191.9531,1500.00,1,1500.00
4.286024,147.2168,-117.421875,275,193.3594,1500.00,1,1500.00
4.287025,145.7227,-118.916016,276,194.0625,1500.00,1,1500.00
4.288026,144.4922,-120.146484,278,195.4687,1500.00,1,1500.00
4.289027,142.9980,-121.640625,280,196.8750,1500.00,1,1500.00
4.296279,132.5391,-132.099609,294,206.7187,1500.00,1,1500.00
4.297280,130.9570,-133.681641,296,208.1250,1500.00,1,1500.00
4.298281,129.6387,-135.000000,298,209.5312,1500.00,1,1500.00
4.299282,128.2324,-136.406250,300,210.9375,1500.00,1,1500.00
4.300283,126.8262,-137.812500,302,212.3437,1500.00,1,1500.00
4.301284,125.5957,-139.042969,304,213.7500,1500.00,1,1500.00
4.302285,124.1016,-140.537109,306,215.1562,1500.00,1,1500.00
4.303286,122.6074,-142.031250,308,216.5625,1500.00,1,1500.00
4.304287,121.2891,-143.349609,310,217.9687,1500.00,1,1500.00
4.305288,119.8828,-144.755859,312,219.3750,1500.00,1,1500.00
4.306289,118.4766,-146.162109,314,220.7812,1500.00,1,1500.00
4.307290,117.2461,-147.392578,316,222.1875,1500.00,1,1500.00
4.308291,115.8398,-148.798828,318,223.5937,1500.00,1,1500.00
4.309292,114.6094,-150.029297,320,225.0000,1500.00,1,1500.00
4.310293,113.2031,-151.435547,321,225.7031,1500.00,1,1500.00
4.311294,111.8848,-152.753906,324,227.8125,1500.00,1,1500.00
4.312295,110.6543,-153.984375,325,228.5156,1500.00,1,1500.00
4.313296,109.2480,-155.390625,327,229.9219,1500.00,1,1500.00
4.314297,107.9297,-156.708984,329,231.3281,1500.00,1,1500.00
4.315298,106.7871,-157.851562,331,232.7344,1500.00,1,1500.00
4.316299,105.4688,-159.169922,333,234.1406,1500.00,1,1500.00
4.317300,104.1504,-160.488281,335,235.5469,1500.00,1,1500.00
4.318301,102.9199,-161.718750,337,236.9531,1500.00,1,1500.00
4.319302,101.6016,-163.037109,339,238.3594,1500.00,1,1500.00
4.320303,100.5469,-164.091797,340,239.0625,1500.00,1,1500.00
4.321304,99.2285,-165.410156,343,241.1719,1500.00,1,1500.00
4.322305,97.9102,-166.728516,344,241.8750,1500.00,1,1500.00
4.323306,96.8555,-167.783203,346,243.2812,1500.00,1,1500.00
4.324307,95.5371,-169.101562,348,244.6875,1500.00,1,1500.00
4.325308,94.1309,-170.507812,350,246.0937,1500.00,1,1500.00
4.326309,92.9883,-171.650391,352,247.5000,1500.00,1,1500.00
4.327310,91.7578,-172.880859,354,248.9062,1500.00,1,1500.00
4.328311,90.5273,-174.111328,356,250.3125,1500.00,1,1500.00
4.329312,89.3848,-175.253906,358,251.7187,1500.00,1,1500.00
4.330313,88.2422,-176.396484,360,253.1250,1500.00,1,1500.00
4.331314,87.0996,-177.539062,362,254.5312,1500.00,1,1500.00
4.332315,85.8691,-178.769531,364,255.9375,1500.00,1,1500.00
4.333316,84.6387,-180.000000,366,257.3437,1500.00,1,1500.00
4.334317,83.4961,-181.142578,368,258.7500,1500.00,1,1500.00
4.335318,82.1777,-182.460937,370,260.1562,1500.00,1,1500.00
4.336319,80.9473,-183.691406,371,260.8594,1500.00,1,1500.00
4.337320,79.9805,-184.658203,373,262.2656,1500.00,1,1500.00
4.338321,78.6621,-185.976562,375,263.6719,1500.00,1,1500.00
4.339322,77.3438,-187.294922,377,265.0781,1500.00,1,1500.00
4.340323,76.2891,-188.349609,379,266.4844,1500.00,1,1500.00
4.341324,75.1465,-189.492187,381,267.8906,1500.00,1,1500.00
4.342325,74.0039,-190.634766,383,269.2969,1500.00,1,1500.00
4.343326,72.7734,-191.865234,385,270.7031,1500.00,1,1500.00
4.344327,71.4551,-193.183594,387,272.1094,1500.00,1,1500.00
4.345328,70.4004,-194.238281,388,272.8125,1500.00,1,1500.00
4.352581,61.7871,-202.851562,403,283.3594,1500.00,1,1500.00
4.353582,60.6445,-203.994141,404,284.0625,1500.00,1,1500.00
4.354583,59.3262,-205.312500,406,285.4687,1500.00,1,1500.00
4.355583,58.0957,-206.542969,408,286.8750,1500.00,1,1500.00
4.356584,56.9531,-207.685547,410,288.2812,1500.00,1,1500.00
4.357585,55.7227,-208.916016,412,289.6875,1500.00,1,1500.00
4.358586,54.6680,-209.970703,414,291.0937,1500.00,1,1500.00
4.359587,53.3496,-211.289062,416,292.5000,1500.00,1,1500.00
4.360588,52.1191,-212.519531,418,293.9062,1500.00,1,1500.00
4.361589,50.9766,-213.662109,420,295.3125,1500.00,1,1500.00
4.362590,49.6582,-214.980469,422,296.7187,1500.00,1,1500.00
4.363591,48.4277,-216.210937,424,298.1250,1500.00,1,1500.00
4.364592,47.3730,-217.265625,426,299.5312,1500.00,1,1500.00
4.365593,45.9668,-218.671875,428,300.9375,1500.00,1,1500.00
4.366594,44.6484,-219.990234,429,301.6406,1500.00,1,1500.00
4.367595,43.5059,-221.132812,431,303.0469,1500.00,1,1500.00
4.368596,42.1875,-222.451172,433,304.4531,1500.00,1,1500.00
4.369597,40.9570,-223.681641,435,305.8594,1500.00,1,1500.00
4.370598,39.5508,-225.087891,437,307.2656,1500.00,1,1500.00
4.371599,38.2324,-226.406250,439,308.6719,1500.00,1,1500.00
4.372600,37.0898,-227.548828,441,310.0781,1500.00,1,1500.00
4.373601,35.8594,-228.779297,443,311.4844,1500.00,1,1500.00
4.374602,34.4531,-230.185547,445,312.8906,1500.00,1,1500.00
4.375603,33.1348,-231.503906,447,314.2969,1500.00,1,1500.00
4.376604,31.8164,-232.822266,449,315.7031,1500.00,1,1500.00
4.377605,30.4102,-234.228516,450,316.4062,1500.00,1,1500.00
4.378606,29.1797,-235.458984,452,317.8125,1500.00,1,1500.00
4.379607,27.6855,-236.953125,454,319.2187,1500.00,1,1500.00
4.380608,26.5430,-238.095703,456,320.6250,1500.00,1,1500.00
4.381609,25.0488,-239.589844,458,322.0312,1500.00,1,1500.00
4.382610,23.5547,-241.083984,460,323.4375,1500.00,1,1500.00
4.383611,22.4121,-242.226562,462,324.8437,1500.00,1,1500.00
4.384612,20.9180,-243.720703,464,326.2500,1500.00,1,1500.00
4.385613,19.3359,-245.302734,466,327.6562,1500.00,1,1500.00
4.386614,18.0176,-246.621094,468,329.0625,1500.00,1,1500.00
4.387615,16.6113,-248.027344,470,330.4687,1500.00,1,1500.00
4.388616,15.2051,-249.433594,472,331.8750,1500.00,1,1500.00
4.389617,13.8867,-250.751953,473,332.5781,1500.00,1,1500.00
4.390618,12.3926,-252.246094,475,333.9844,1500.00,1,1500.00
4.391619,10.9863,-253.652344,477,335.3906,1500.00,1,1500.00
4.392620,9.5801,-255.058594,479,336.7969,1500.00,1,1500.00
4.393621,7.9980,-256.640625,481,338.2031,1500.00,1,1500.00
4.394622,6.7676,-257.871094,483,339.6094,1500.00,1,1500.00
4.395623,5.0977,-259.541016,485,341.0156,1500.00,1,1500.00
4.396624,3.5156,-261.123047,487,342.4219,1500.00,1,1500.00
4.397625,2.1973,-262.441406,489,343.8281,1500.00,1,1500.00
4.398626,0.6152,-264.023437,491,345.2344,1500.00,1,1500.00
4.399627,359.0332,-265.605469,493,346.6406,1500.00,1,1500.00
4.400628,357.7148,-266.923828,495,348.0469,1500.00,1,1500.00
4.401629,356.1328,-268.505859,496,348.7500,1500.00,1,1500.00
4.408905,345.3223,-279.316406,510,358.5937,1500.00,1,1500.00
4.409906,343.8281,-280.810547,512,360.0000,1500.00,1,1500.00
4.410907,342.3340,-282.304687,514,361.4062,1500.00,1,1500.00
4.411907,340.9277,-283.710937,516,362.8125,1500.00,1,1500.00
4.412908,339.1699,-285.468750,518,364.2187,1500.00,1,1500.00
4.413909,337.5000,-287.138672,520,365.6250,1500.00,1,1500.00
4.414910,336.1816,-288.457031,522,367.0312,1500.00,1,1500.00
4.415911,334.6875,-289.951172,524,368.4375,1500.00,1,1500.00
4.416912,333.2812,-291.357422,526,369.8437,1500.00,1,1500.00
4.417913,331.6992,-292.939453,528,371.2500,1500.00,1,1500.00
4.418914,330.1172,-294.521484,529,371.9531,1500.00,1,1500.00
4.419915,328.7988,-295.839844,531,373.3594,1500.00,1,1500.00
4.420916,327.2168,-297.421875,533,374.7656,1500.00,1,1500.00
4.421917,325.6348,-299.003906,535,376.1719,1500.00,1,1500.00
4.422918,324.3164,-300.322266,537,377.5781,1500.00,1,1500.00
4.423919,322.8223,-301.816406,539,378.9844,1500.00,1,1500.00
4.424920,321.3281,-303.310547,541,380.3906,1500.00,1,1500.00
4.425921,319.9219,-304.716797,543,381.7969,1500.00,1,1500.00
4.426922,318.3398,-306.298828,545,383.2031,1500.00,1,1500.00
4.427923,317.0215,-307.617187,547,384.6094,1500.00,1,1500.00
4.428924,315.5273,-309.111328,549,386.0156,1500.00,1,1500.00
4.429925,313.9453,-310.693359,551,387.4219,1500.00,1,1500.00
4.430926,312.7148,-311.923828,552,388.1250,1500.00,1,1500.00
4.431927,311.2207,-313.417969,554,389.5312,1500.00,1,1500.00
4.432928,309.7266,-314.912109,556,390.9375,1500.00,1,1500.00
4.433929,308.4082,-316.230469,558,392.3437,1500.00,1,1500.00
4.434930,306.9141,-317.724609,560,393.7500,1500.00,1,1500.00
4.435931,305.5957,-319.042969,562,395.1562,1500.00,1,1500.00
4.436932,304.3652,-320.273437,564,396.5625,1500.00,1,1500.00
4.437933,302.8711,-321.767578,566,397.9687,1500.00,1,1500.00
4.438934,301.5527,-323.085937,568,399.3750,1500.00,1,1500.00
4.439935,299.9707,-324.667969,570,400.7812,1500.00,1,1500.00
4.440936,298.5645,-326.074219,571,401.4844,1500.00,1,1500.00
4.441937,297.5098,-327.128906,573,402.8906,1500.00,1,1500.00
4.442938,296.0156,-328.623047,575,404.2969,1500.00,1,1500.00
4.443939,294.6094,-330.029297,577,405.7031,1500.00,1,1500.00
4.444940,293.3789,-331.259766,579,407.1094,1500.00,1,1500.00
4.445941,291.9727,-332.666016,581,408.5156,1500.00,1,1500.00
4.446942,290.6543,-333.984375,583,409.9219,1500.00,1,1500.00
4.447943,289.4238,-335.214844,585,411.3281,1500.00,1,1500.00
4.448944,288.0176,-336.621094,587,412.7344,1500.00,1,1500.00
4.449945,286.8750,-337.763672,589,414.1406,1500.00,1,1500.00
4.450946,285.5566,-339.082031,591,415.5469,1500.00,1,1500.00
4.451947,284.1504,-340.488281,592,416.2500,1500.00,1,1500.00
4.452948,283.0957,-341.542969,595,418.3594,1500.00,1,1500.00
4.453949,281.6895,-342.949219,596,419.0625,1500.00,1,1500.00
4.454950,280.2832,-344.355469,598,420.4687,1500.00,1,1500.00
4.455951,279.0527,-345.585937,600,421.8750,1500.00,1,1500.00
4.456952,277.8223,-346.816406,602,423.2812,1500.00,1,1500.00
4.457953,276.5039,-348.134766,604,424.6875,1500.00,1,1500.00
4.465815,266.7480,-357.890625,619,435.2344,1500.00,1,1500.00
4.466816,265.5176,-359.121094,621,436.6406,1500.00,1,1500.00
4.467817,264.2871,-360.351562,623,438.0469,1500.00,1,1500.00
4.468818,263.2324,-361.406250,625,439.4531,1500.00,1,1500.00
4.469819,262.0020,-362.636719,627,440.8594,1500.00,1,1500.00
4.470820,260.5957,-364.042969,629,442.2656,1500.00,1,1500.00
4.471821,259.3652,-365.273437,631,443.6719,1500.00,1,1500.00
4.472822,258.1348,-366.503906,632,444.3750,1500.00,1,1500.00
4.473823,256.9043,-367.734375,635,446.4844,1500.00,1,1500.00
4.474824,255.7617,-368.876953,636,447.1875,1500.00,1,1500.00
4.475825,254.5312,-370.107422,639,449.2969,1500.00,1,1500.00
4.476826,253.1250,-371.513672,640,450.0000,1500.00,1,1500.00
4.477827,251.9824,-372.656250,642,451.4062,1500.00,1,1500.00
4.478828,250.7520,-373.886719,644,452.8125,1500.00,1,1500.00
4.479829,249.6973,-374.941406,646,454.2187,1500.00,1,1500.00
4.480830,248.4668,-376.171875,648,455.6250,1500.00,1,1500.00
4.481831,247.1484,-377.490234,650,457.0312,1500.00,1,1500.00
4.482832,246.0059,-378.632812,652,458.4375,1500.00,1,1500.00
4.483833,244.5996,-380.039062,654,459.8437,1500.00,1,1500.00
4.484834,243.3691,-381.269531,656,461.2500,1500.00,1,1500.00
4.485835,242.2266,-382.412109,658,462.6562,1500.00,1,1500.00
4.486836,240.9082,-383.730469,660,464.0625,1500.00,1,1500.00
4.487837,239.5898,-385.048828,662,465.4687,1500.00,1,1500.00
4.488838,238.4473,-386.191406,664,466.8750,1500.00,1,1500.00
4.489839,237.0410,-387.597656,666,468.2812,1500.00,1,1500.00
4.490840,235.9863,-388.652344,667,468.9844,1500.00,1,1500.00
4.491841,234.7559,-389.882812,669,470.3906,1500.00,1,1500.00
4.492842,233.4375,-391.201172,671,471.7969,1500.00,1,1500.00
4.493843,232.2070,-392.431641,673,473.2031,1500.00,1,1500.00
4.494844,230.8008,-393.837891,675,474.6094,1500.00,1,1500.00
4.495845,229.5703,-395.068359,677,476.0156,1500.00,1,1500.00
4.496846,228.4277,-396.210937,679,477.4219,1500.00,1,1500.00
4.497847,226.9336,-397.705078,681,478.8281,1500.00,1,1500.00
4.498848,225.5273,-399.111328,683,480.2344,1500.00,1,1500.00
4.499849,224.3848,-400.253906,684,480.9375,1500.00,1,1500.00
4.500850,223.0664,-401.572266,687,483.0469,1500.00,1,1500.00
4.501851,221.8359,-402.802734,688,483.7500,1500.00,1,1500.00
4.502852,220.5176,-404.121094,691,485.8594,1500.00,1,1500.00
4.503853,219.0234,-405.615234,692,486.5625,1500.00,1,1500.00
4.504854,217.7930,-406.845703,694,487.9687,1500.00,1,1500.00
4.505855,216.3867,-408.251953,696,489.3750,1500.00,1,1500.00
4.506856,215.0684,-409.570312,698,490.7812,1500.00,1,1500.00
4.507857,213.7500,-410.888672,700,492.1875,1500.00,1,1500.00
4.508858,212.2559,-412.382812,702,493.5937,1500.00,1,1500.00
4.509859,210.9375,-413.701172,704,495.0000,1500.00,1,1500.00
4.510860,209.7070,-414.931641,706,496.4062,1500.00,1,1500.00
4.511861,208.2129,-416.425781,708,497.8125,1500.00,1,1500.00
4.512862,206.8945,-417.744141,710,499.2187,1500.00,1,1500.00
4.513863,205.4004,-419.238281,712,500.6250,1500.00,1,1500.00
4.514864,203.9941,-420.644531,714,502.0312,1500.00,1,1500.00
4.522092,193.5352,-431.103516,728,511.8750,1500.00,1,1500.00
4.523093,192.3047,-432.333984,730,513.2812,1500.00,1,1500.00
4.524094,190.7227,-433.916016,732,514.6875,1500.00,1,1500.00
4.525095,189.1406,-435.498047,734,516.0937,1500.00,1,1500.00
4.526096,187.7344,-436.904297,736,517.5000,1500.00,1,1500.00
4.527097,186.1523,-438.486328,737,518.2031,1500.00,1,1500.00
4.528098,184.5703,-440.068359,739,519.6094,1500.00,1,1500.00
4.529099,183.3398,-441.298828,741,521.0156,1500.00,1,1500.00
4.530100,181.6699,-442.968750,743,522.4219,1500.00,1,1500.00
4.531101,180.0000,-444.638672,745,523.8281,1500.00,1,1500.00
4.532102,178.5937,-446.044922,747,525.2344,1500.00,1,1500.00
4.533103,177.0996,-447.539062,749,526.6406,1500.00,1,1500.00
4.534104,175.7812,-448.857422,751,528.0469,1500.00,1,1500.00
4.535105,174.1113,-450.527344,753,529.4531,1500.00,1,1500.00
4.536105,172.4414,-452.197266,755,530.8594,1500.00,1,1500.00
4.537106,171.0352,-453.603516,756,531.5625,1500.00,1,1500.00
4.538107,169.5410,-455.097656,758,532.9687,1500.00,1,1500.00
4.539108,167.9590,-456.679687,760,534.3750,1500.00,1,1500.00
4.540108,166.5527,-458.085937,762,535.7812,1500.00,1,1500.00
4.541109,164.8828,-459.755859,764,537.1875,1500.00,1,1500.00
4.542110,163.3008,-461.337891,766,538.5937,1500.00,1,1500.00
4.543111,161.8945,-462.744141,768,540.0000,1500.00,1,1500.00
4.544112,160.2246,-464.414062,770,541.4062,1500.00,1,1500.00
4.545113,158.9062,-465.732422,772,542.8125,1500.00,1,1500.00
4.546114,157.4121,-467.226562,774,544.2187,1500.00,1,1500.00
4.547115,155.7422,-468.896484,776,545.6250,1500.00,1,1500.00
4.548116,154.3359,-470.302734,778,547.0312,1500.00,1,1500.00
4.549117,152.8418,-471.796875,780,548.4375,1500.00,1,1500.00
4.550118,151.2598,-473.378906,782,549.8437,1500.00,1,1500.00
4.551119,149.8535,-474.785156,784,551.2500,1500.00,1,1500.00
4.552120,148.1836,-476.455078,786,552.6562,1500.00,1,1500.00
4.553121,146.6016,-478.037109,788,554.0625,1500.00,1,1500.00
4.554122,145.2832,-479.355469,789,554.7656,1500.00,1,1500.00
4.555123,143.8770,-480.761719,791,556.1719,1500.00,1,1500.00
4.556124,142.5586,-482.080078,793,557.5781,1500.00,1,1500.00
4.557125,140.9766,-483.662109,795,558.9844,1500.00,1,1500.00
4.558126,139.3066,-485.332031,797,560.3906,1500.00,1,1500.00
4.559127,137.9883,-486.650391,799,561.7969,1500.00,1,1500.00
4.560128,136.5820,-488.056641,801,563.2031,1500.00,1,1500.00
4.561129,135.0879,-489.550781,803,564.6094,1500.00,1,1500.00
4.562130,133.6816,-490.957031,805,566.0156,1500.00,1,1500.00
4.563131,132.1875,-492.451172,807,567.4219,1500.00,1,1500.00
4.564132,130.7812,-493.857422,808,568.1250,1500.00,1,1500.00
4.565133,129.3750,-495.263672,810,569.5312,1500.00,1,1500.00
4.566134,127.8809,-496.757812,812,570.9375,1500.00,1,1500.00
4.567135,126.6504,-497.988281,814,572.3437,1500.00,1,1500.00
4.568136,125.2441,-499.394531,816,573.7500,1500.00,1,1500.00
4.569137,123.7500,-500.888672,818,575.1562,1500.00,1,1500.00
4.570138,122.5195,-502.119141,820,576.5625,1500.00,1,1500.00
4.571139,121.1133,-503.525391,822,577.9687,1500.00,1,1500.00
4.578370,111.4453,-513.193359,836,587.8125,1500.00,1,1500.00
4.579371,110.0391,-514.599609,838,589.2187,1500.00,1,1500.00
4.580372,108.8086,-515.830078,840,590.6250,1500.00,1,1500.00
4.581373,107.4902,-517.148438,842,592.0312,1500.00,1,1500.00
4.582374,106.2598,-518.378906,844,593.4375,1500.00,1,1500.00
4.583375,105.1172,-519.521484,846,594.8437,1500.00,1,1500.00
4.584376,103.7109,-520.927734,848,596.2500,1500.00,1,1500.00
4.585377,102.3926,-522.246094,850,597.6562,1500.00,1,1500.00
4.586378,101.1621,-523.476563,851,598.3594,1500.00,1,1500.00
4.587379,99.9316,-524.707031,853,599.7656,1500.00,1,1500.00
4.588380,98.6133,-526.025391,855,601.1719,1500.00,1,1500.00
4.589381,97.4707,-527.167969,857,602.5781,1500.00,1,1500.00
4.590382,96.2402,-528.398438,859,603.9844,1500.00,1,1500.00
4.591383,95.0977,-529.541016,861,605.3906,1500.00,1,1500.00
4.592384,93.8672,-530.771484,863,606.7969,1500.00,1,1500.00
4.593385,92.4609,-532.177734,865,608.2031,1500.00,1,1500.00
4.594386,91.4063,-533.232422,867,609.6094,1500.00,1,1500.00
4.595387,90.0879,-534.550781,869,611.0156,1500.00,1,1500.00
4.596388,88.7695,-535.869141,871,612.4219,1500.00,1,1500.00
4.597389,87.7148,-536.923828,872,613.1250,1500.00,1,1500.00
4.598390,86.4844,-538.154297,875,615.2344,1500.00,1,1500.00
4.599391,85.2539,-539.384766,876,615.9375,1500.00,1,1500.00
4.600392,84.1113,-540.527344,878,617.3437,1500.00,1,1500.00
4.601393,82.8809,-541.757813,880,618.7500,1500.00,1,1500.00
4.602394,81.8262,-542.812500,882,620.1562,1500.00,1,1500.00
4.603395,80.5957,-544.042969,884,621.5625,1500.00,1,1500.00
4.604396,79.3652,-545.273438,886,622.9687,1500.00,1,1500.00
4.605397,78.3105,-546.328125,888,624.3750,1500.00,1,1500.00
4.606398,77.0801,-547.558594,890,625.7812,1500.00,1,1500.00
4.607399,75.7617,-548.876953,892,627.1875,1500.00,1,1500.00
4.608400,74.6191,-550.019531,894,628.5937,1500.00,1,1500.00
4.609401,73.4766,-551.162109,896,630.0000,1500.00,1,1500.00
4.610402,72.2461,-552.392578,898,631.4062,1500.00,1,1500.00
4.611403,71.1914,-553.447266,900,632.8125,1500.00,1,1500.00
4.612404,69.9609,-554.677734,901,633.5156,1500.00,1,1500.00
4.613405,68.8184,-555.820313,903,634.9219,1500.00,1,1500.00
4.614405,67.5879,-557.050781,905,636.3281,1500.00,1,1500.00
4.615406,66.3574,-558.281250,907,637.7344,1500.00,1,1500.00
4.616407,65.2148,-559.423828,909,639.1406,1500.00,1,1500.00
4.617408,63.9844,-560.654297,911,640.5469,1500.00,1,1500.00
4.618408,62.7539,-561.884766,913,641.9531,1500.00,1,1500.00
4.619409,61.6113,-563.027344,915,643.3594,1500.00,1,1500.00
4.620410,60.3809,-564.257813,917,644.7656,1500.00,1,1500.00
4.621411,59.0625,-565.576172,919,646.1719,1500.00,1,1500.00
4.622412,57.9199,-566.718750,920,646.8750,1500.00,1,1500.00
4.623413,56.7773,-567.861328,922,648.2812,1500.00,1,1500.00
4.624414,55.7227,-568.916016,924,649.6875,1500.00,1,1500.00
4.625415,54.4043,-570.234375,926,651.0937,1500.00,1,1500.00
4.626416,53.0859,-571.552734,928,652.5000,1500.00,1,1500.00
4.627417,51.9434,-572.695313,930,653.9062,1500.00,1,1500.00
4.634667,42.8027,-581.835938,944,663.7500,1500.00,1,1500.00
4.635668,41.6602,-582.978516,946,665.1562,1500.00,1,1500.00
4.636668,40.3418,-584.296875,948,666.5625,1500.00,1,1500.00
4.637669,39.0234,-585.615234,950,667.9687,1500.00,1,1500.00
4.638670,37.7930,-586.845703,952,669.3750,1500.00,1,1500.00
4.639671,36.5625,-588.076172,954,670.7812,1500.00,1,1500.00
4.640672,35.4199,-589.218750,956,672.1875,1500.00,1,1500.00
4.641673,33.9258,-590.712891,957,672.8906,1500.00,1,1500.00
4.642674,32.5195,-592.119141,959,674.2969,1500.00,1,1500.00
4.643675,31.2891,-593.349609,961,675.7031,1500.00,1,1500.00
4.644676,29.9707,-594.667969,963,677.1094,1500.00,1,1500.00
4.645677,28.5645,-596.074219,965,678.5156,1500.00,1,1500.00
4.646678,27.3340,-597.304688,967,679.9219,1500.00,1,1500.00
4.647679,25.8398,-598.798828,969,681.3281,1500.00,1,1500.00
4.648680,24.3457,-600.292969,971,682.7344,1500.00,1,1500.00
4.649681,23.1152,-601.523438,973,684.1406,1500.00,1,1500.00
4.650682,21.7969,-602.841797,975,685.5469,1500.00,1,1500.00
4.651683,20.4785,-604.160156,977,686.9531,1500.00,1,1500.00
4.652684,18.9844,-605.654297,979,688.3594,1500.00,1,1500.00
4.653685,17.4023,-607.236328,980,689.0625,1500.00,1,1500.00
4.654686,16.1719,-608.466797,982,690.4687,1500.00,1,1500.00
4.655687,14.6777,-609.960938,984,691.8750,1500.00,1,1500.00
4.656688,13.2715,-611.367188,986,693.2812,1500.00,1,1500.00
4.657689,11.8652,-612.773438,988,694.6875,1500.00,1,1500.00
4.658690,10.2832,-614.355469,990,696.0937,1500.00,1,1500.00
4.659691,8.9648,-615.673828,992,697.5000,1500.00,1,1500.00
4.660692,7.6465,-616.992188,994,698.9062,1500.00,1,1500.00
4.661693,6.1523,-618.486328,996,700.3125,1500.00,1,1500.00
4.662694,4.6582,-619.980469,998,701.7187,1500.00,1,1500.00
4.663695,2.9883,-621.650391,1000,703.1250,1500.00,1,1500.00
4.664696,1.4941,-623.144531,1001,703.8281,1500.00,1,1500.00
4.665697,0.1758,-624.462891,1003,705.2344,1500.00,1,1500.00
4.666698,358.5059,-626.132813,1005,706.6406,1500.00,1,1500.00
4.667699,357.0117,-627.626953,1007,708.0469,1500.00,1,1500.00
4.668700,355.6055,-629.033203,1009,709.4531,1500.00,1,1500.00
4.669701,354.0234,-630.615234,1011,710.8594,1500.00,1,1500.00
4.670702,352.4414,-632.197266,1013,712.2656,1500.00,1,1500.00
4.671703,351.0352,-633.603516,1015,713.6719,1500.00,1,1500.00
4.672704,349.5410,-635.097656,1017,715.0781,1500.00,1,1500.00
4.673705,348.1348,-636.503906,1019,716.4844,1500.00,1,1500.00
4.674706,346.5527,-638.085938,1021,717.8906,1500.00,1,1500.00
4.675707,344.9707,-639.667969,1023,719.2969,1500.00,1,1500.00
4.676708,343.6523,-640.986328,1024,720.0000,1500.00,1,1500.00
4.677709,342.1582,-642.480469,1026,721.4062,1500.00,1,1500.00
4.678710,340.4883,-644.150391,1028,722.8125,1500.00,1,1500.00
4.679711,338.9941,-645.644531,1030,724.2187,1500.00,1,1500.00
4.680712,337.5000,-647.138672,1032,725.6250,1500.00,1,1500.00
4.681713,336.0059,-648.632813,1034,727.0312,1500.00,1,1500.00
4.682714,334.6875,-649.951172,1036,728.4375,1500.00,1,1500.00
4.683715,333.1055,-651.533203,1038,729.8437,1500.00,1,1500.00
4.690995,322.2949,-662.343750,1052,739.6875,1500.00,1,1500.00
4.691996,320.8008,-663.837891,1054,741.0937,1500.00,1,1500.00
4.692997,319.3066,-665.332031,1056,742.5000,1500.00,1,1500.00
4.693998,317.9004,-666.738281,1057,743.2031,1500.00,1,1500.00
4.694999,316.3184,-668.320313,1059,744.6094,1500.00,1,1500.00
4.696000,314.8242,-669.814453,1061,746.0156,1500.00,1,1500.00
4.697001,313.5059,-671.132813,1063,747.4219,1500.00,1,1500.00
4.698002,312.0117,-672.626953,1065,748.8281,1500.00,1,1500.00
4.699003,310.7812,-673.857422,1067,750.2344,1500.00,1,1500.00
4.700004,309.2871,-675.351563,1069,751.6406,1500.00,1,1500.00
4.701005,307.7930,-676.845703,1071,753.0469,1500.00,1,1500.00
4.702006,306.5625,-678.076172,1073,754.4531,1500.00,1,1500.00
4.703007,305.0684,-679.570313,1075,755.8594,1500.00,1,1500.00
4.704008,303.5742,-681.064453,1076,756.5625,1500.00,1,1500.00
4.705009,302.2559,-682.382813,1079,758.6719,1500.00,1,1500.00
4.706010,300.8496,-683.789063,1080,759.3750,1500.00,1,1500.00
4.707011,299.4434,-685.195313,1083,761.4844,1500.00,1,1500.00
4.708012,298.2129,-686.425781,1084,762.1875,1500.00,1,1500.00
4.709013,296.8945,-687.744141,1086,763.5937,1500.00,1,1500.00
4.710014,295.6641,-688.974609,1088,765.0000,1500.00,1,1500.00
4.711015,294.1699,-690.468750,1090,766.4062,1500.00,1,1500.00
4.712016,292.6758,-691.962891,1092,767.8125,1500.00,1,1500.00
4.713017,291.4453,-693.193359,1094,769.2187,1500.00,1,1500.00
4.714018,290.2148,-694.423828,1096,770.6250,1500.00,1,1500.00
4.715019,288.8965,-695.742188,1098,772.0312,1500.00,1,1500.00
4.716020,287.4902,-697.148438,1100,773.4375,1500.00,1,1500.00
4.717021,286.1719,-698.466797,1102,774.8437,1500.00,1,1500.00
4.718022,284.8535,-699.785156,1104,776.2500,1500.00,1,1500.00
4.719023,283.7109,-700.927734,1105,776.9531,1500.00,1,1500.00
4.720023,282.4805,-702.158203,1107,778.3594,1500.00,1,1500.00
4.721024,281.3379,-703.300781,1109,779.7656,1500.00,1,1500.00
4.722025,279.9316,-704.707031,1111,781.1719,1500.00,1,1500.00
4.723026,278.5254,-706.113281,1113,782.5781,1500.00,1,1500.00
4.724026,277.3828,-707.255859,1115,783.9844,1500.00,1,1500.00
4.725027,276.0645,-708.574219,1117,785.3906,1500.00,1,1500.00
4.726028,274.7461,-709.892578,1119,786.7969,1500.00,1,1500.00
4.727029,273.6035,-711.035156,1121,788.2031,1500.00,1,1500.00
4.728030,272.2852,-712.353516,1123,789.6094,1500.00,1,1500.00
4.729031,270.9668,-713.671875,1125,791.0156,1500.00,1,1500.00
4.730032,269.9121,-714.726563,1127,792.4219,1500.00,1,1500.00
4.731033,268.5937,-716.044922,1128,793.1250,1500.00,1,1500.00
4.732034,267.4512,-717.187500,1130,794.5312,1500.00,1,1500.00
4.733035,266.1328,-718.505859,1132,795.9375,1500.00,1,1500.00
4.734036,264.8145,-719.824219,1134,797.3437,1500.00,1,1500.00
4.735037,263.6719,-720.966797,1136,798.7500,1500.00,1,1500.00
4.736038,262.3535,-722.285156,1138,800.1562,1500.00,1,1500.00
4.737039,261.1230,-723.515625,1140,801.5625,1500.00,1,1500.00
4.738040,259.9805,-724.658203,1142,802.9687,1500.00,1,1500.00
4.739041,258.6621,-725.976563,1144,804.3750,1500.00,1,1500.00
4.740042,257.4316,-727.207031,1146,805.7812,1500.00,1,1500.00
4.747905,247.9395,-736.699219,1161,816.3281,1500.00,1,1500.00
4.748905,246.6211,-738.017578,1163,817.7344,1500.00,1,1500.00
4.749906,245.3027,-739.335938,1165,819.1406,1500.00,1,1500.00
4.750907,244.2480,-740.390625,1167,820.5469,1500.00,1,1500.00
4.751908,243.0176,-741.621094,1168,821.2500,1500.00,1,1500.00
4.752909,241.6113,-743.027344,1171,823.3594,1500.00,1,1500.00
4.753910,240.4687,-744.169922,1172,824.0625,1500.00,1,1500.00
4.754911,239.0625,-745.576172,1174,825.4687,1500.00,1,1500.00
4.755912,237.8320,-746.806641,1176,826.8750,1500.00,1,1500.00
4.756913,236.6895,-747.949219,1178,828.2812,1500.00,1,1500.00
4.757914,235.3711,-749.267578,1180,829.6875,1500.00,1,1500.00
4.758915,234.1406,-750.498047,1182,831.0937,1500.00,1,1500.00
4.759916,232.9102,-751.728516,1184,832.5000,1500.00,1,1500.00
4.760917,231.5039,-753.134766,1186,833.9062,1500.00,1,1500.00
4.761918,230.3613,-754.277344,1188,835.3125,1500.00,1,1500.00
4.762919,229.0430,-755.595703,1190,836.7187,1500.00,1,1500.00
4.763920,227.7246,-756.914063,1192,838.1250,1500.00,1,1500.00
4.764921,226.4941,-758.144531,1194,839.5312,1500.00,1,1500.00
4.765922,225.0879,-759.550781,1196,840.9375,1500.00,1,1500.00
4.766923,223.6816,-760.957031,1198,842.3437,1500.00,1,1500.00
4.767924,222.5391,-762.099609,1200,843.7500,1500.00,1,1500.00
4.768925,221.1328,-763.505859,1202,845.1562,1500.00,1,1500.00
4.769926,219.9023,-764.736328,1204,846.5625,1500.00,1,1500.00
4.770927,218.4961,-766.142578,1205,847.2656,1500.00,1,1500.00
4.771928,217.1777,-767.460938,1207,848.6719,1500.00,1,1500.00
4.772929,215.9473,-768.691406,1209,850.0781,1500.00,1,1500.00
4.773930,214.5410,-770.097656,1211,851.4844,1500.00,1,1500.00
4.774931,213.0469,-771.591797,1213,852.8906,1500.00,1,1500.00
4.775932,211.8164,-772.822266,1215,854.2969,1500.00,1,1500.00
4.776933,210.3223,-774.316406,1217,855.7031,1500.00,1,1500.00
4.777934,208.9160,-775.722656,1219,857.1094,1500.00,1,1500.00
4.778935,207.6855,-776.953125,1221,858.5156,1500.00,1,1500.00
4.779936,206.1035,-778.535156,1223,859.9219,1500.00,1,1500.00
4.780937,204.7852,-779.853516,1224,860.6250,1500.00,1,1500.00
4.781938,203.3789,-781.259766,1226,862.0312,1500.00,1,1500.00
4.782939,201.9727,-782.666016,1228,863.4375,1500.00,1,1500.00
4.783940,200.6543,-783.984375,1230,864.8437,1500.00,1,1500.00
4.784941,199.1602,-785.478516,1232,866.2500,1500.00,1,1500.00
4.785942,197.5781,-787.060547,1234,867.6562,1500.00,1,1500.00
4.786943,196.2598,-788.378906,1236,869.0625,1500.00,1,1500.00
4.787944,194.6777,-789.960938,1238,870.4687,1500.00,1,1500.00
4.788945,193.2715,-791.367188,1240,871.8750,1500.00,1,1500.00
4.789946,191.8652,-792.773438,1242,873.2812,1500.00,1,1500.00
4.790947,190.2832,-794.355469,1244,874.6875,1500.00,1,1500.00
4.791948,188.9648,-795.673828,1246,876.0937,1500.00,1,1500.00
4.792949,187.3828,-797.255859,1248,877.5000,1500.00,1,1500.00
4.793950,185.8008,-798.837891,1250,878.9062,1500.00,1,1500.00
4.794951,184.4824,-800.156250,1252,880.3125,1500.00,1,1500.00
4.795952,182.9883,-801.650391,1254,881.7187,1500.00,1,1500.00
4.796953,181.3184,-803.320313,1256,883.1250,1500.00,1,1500.00
4.804068,170.5078,-814.130859,1269,892.2656,1500.00,1,1500.00
4.805069,169.0137,-815.625000,1271,893.6719,1500.00,1,1500.00
4.806070,167.6074,-817.031250,1273,895.0781,1500.00,1,1500.00
4.807071,165.9375,-818.701172,1275,896.4844,1500.00,1,1500.00
4.808072,164.5312,-820.107422,1277,897.8906,1500.00,1,1500.00
4.809073,162.9492,-821.689453,1279,899.2969,1500.00,1,1500.00
4.810074,161.3672,-823.271484,1281,900.7031,1500.00,1,1500.00
4.811075,160.0488,-824.589844,1282,901.4062,1500.00,1,1500.00
4.812076,158.4668,-826.171875,1284,902.8125,1500.00,1,1500.00
4.813077,156.7969,-827.841797,1286,904.2187,1500.00,1,1500.00
4.814078,155.3906,-829.248047,1288,905.6250,1500.00,1,1500.00
4.815079,153.7207,-830.917969,1290,907.0312,1500.00,1,1500.00
4.816080,152.1387,-832.500000,1292,908.4375,1500.00,1,1500.00
4.817081,150.9082,-833.730469,1294,909.8437,1500.00,1,1500.00
4.818082,149.3262,-835.312500,1296,911.2500,1500.00,1,1500.00
4.819083,147.9199,-836.718750,1298,912.6562,1500.00,1,1500.00
4.820084,146.3379,-838.300781,1300,914.0625,1500.00,1,1500.00
4.821085,144.8437,-839.794922,1302,915.4687,1500.00,1,1500.00
4.822086,143.6133,-841.025391,1304,916.8750,1500.00,1,1500.00
4.823087,141.9434,-842.695313,1306,918.2812,1500.00,1,1500.00
4.824088,140.3613,-844.277344,1308,919.6875,1500.00,1,1500.00
4.825089,138.9551,-845.683594,1310,921.0937,1500.00,1,1500.00
4.826090,137.4609,-847.177734,1312,922.5000,1500.00,1,1500.00
4.827091,135.9668,-848.671875,1313,923.2031,1500.00,1,1500.00
4.828092,134.7363,-849.902344,1316,925.3125,1500.00,1,1500.00
4.829093,133.2422,-851.396484,1318,926.7187,1500.00,1,1500.00
4.830094,131.8359,-852.802734,1319,927.4219,1500.00,1,1500.00
4.831095,130.2539,-854.384766,1321,928.8281,1500.00,1,1500.00
4.832096,128.8477,-855.791016,1323,930.2344,1500.00,1,1500.00
4.833097,127.6172,-857.021484,1325,931.6406,1500.00,1,1500.00
4.834098,126.1230,-858.515625,1327,933.0469,1500.00,1,1500.00
4.835099,124.6289,-860.009766,1329,934.4531,1500.00,1,1500.00
4.836100,123.3984,-861.240234,1331,935.8594,1500.00,1,1500.00
4.837101,122.0801,-862.558594,1333,937.2656,1500.00,1,1500.00
4.838102,120.5859,-864.052734,1335,938.6719,1500.00,1,1500.00
4.839103,119.3555,-865.283203,1336,939.3750,1500.00,1,1500.00
4.840104,117.7734,-866.865234,1338,940.7812,1500.00,1,1500.00
4.841105,116.6309,-868.007813,1340,942.1875,1500.00,1,1500.00
4.842106,115.3125,-869.326172,1342,943.5937,1500.00,1,1500.00
4.843107,113.9063,-870.732422,1344,945.0000,1500.00,1,1500.00
4.844108,112.6758,-871.962891,1346,946.4062,1500.00,1,1500.00
4.845109,111.3574,-873.281250,1348,947.8125,1500.00,1,1500.00
4.846110,110.0391,-874.599609,1350,949.2187,1500.00,1,1500.00
4.847111,108.8086,-875.830078,1352,950.6250,1500.00,1,1500.00
4.848112,107.4023,-877.236328,1354,952.0312,1500.00,1,1500.00
4.849113,106.0840,-878.554688,1356,953.4375,1500.00,1,1500.00
4.850114,104.9414,-879.697266,1358,954.8437,1500.00,1,1500.00
4.851115,103.6230,-881.015625,1360,956.2500,1500.00,1,1500.00
4.852115,102.3926,-882.246094,1362,957.6562,1500.00,1,1500.00
4.853116,100.9863,-883.652344,1364,959.0625,1500.00,1,1500.00
4.860344,92.2852,-892.353516,1378,968.9062,1500.00,1,1500.00
4.861345,90.9668,-893.671875,1379,969.6094,1500.00,1,1500.00
4.862345,89.6484,-894.990234,1381,971.0156,1500.00,1,1500.00
4.863346,88.5938,-896.044922,1383,972.4219,1500.00,1,1500.00
4.864347,87.3633,-897.275391,1385,973.8281,1500.00,1,1500.00
4.865348,86.2207,-898.417969,1387,975.2344,1500.00,1,1500.00
4.866349,84.9902,-899.648438,1389,976.6406,1500.00,1,1500.00
4.867350,83.7598,-900.878906,1391,978.0469,1500.00,1,1500.00
4.868351,82.7051,-901.933594,1393,979.4531,1500.00,1,1500.00
4.869352,81.4746,-903.164063,1395,980.8594,1500.00,1,1500.00
4.870353,80.2441,-904.394531,1397,982.2656,1500.00,1,1500.00
4.871354,79.1016,-905.537109,1399,983.6719,1500.00,1,1500.00
4.872355,77.8711,-906.767578,1400,984.3750,1500.00,1,1500.00
4.873356,76.6406,-907.998047,1402,985.7812,1500.00,1,1500.00
4.874357,75.5859,-909.052734,1404,987.1875,1500.00,1,1500.00
4.875358,74.1797,-910.458984,1406,988.5937,1500.00,1,1500.00
4.876359,73.1250,-911.513672,1408,990.0000,1500.00,1,1500.00
4.877360,71.9824,-912.656250,1410,991.4062,1500.00,1,1500.00
4.878361,70.7520,-913.886719,1412,992.8125,1500.00,1,1500.00
4.879362,69.6094,-915.029297,1414,994.2187,1500.00,1,1500.00
4.880363,68.2910,-916.347656,1416,995.6250,1500.00,1,1500.00
4.881364,67.1484,-917.490234,1418,997.0312,1500.00,1,1500.00
4.882365,66.0938,-918.544922,1420,998.4375,1500.00,1,1500.00
4.883365,64.8633,-919.775391,1422,999.8437,1500.00,1,1500.00
4.884366,63.5449,-921.093750,1423,1000.5469,1500.00,1,1500.00
4.885367,62.4902,-922.148438,1425,1001.9531,1500.00,1,1500.00
4.886368,61.1719,-923.466797,1427,1003.3594,1500.00,1,1500.00
4.887368,60.0293,-924.609375,1429,1004.7656,1500.00,1,1500.00
4.888369,58.8867,-925.751953,1431,1006.1719,1500.00,1,1500.00
4.889370,57.6563,-926.982422,1433,1007.5781,1500.00,1,1500.00
4.890371,56.6016,-928.037109,1435,1008.9844,1500.00,1,1500.00
4.891372,55.3711,-929.267578,1437,1010.3906,1500.00,1,1500.00
4.892373,54.0527,-930.585938,1439,1011.7969,1500.00,1,1500.00
4.893374,52.8223,-931.816406,1441,1013.2031,1500.00,1,1500.00
4.894375,51.5918,-933.046875,1443,1014.6094,1500.00,1,1500.00
4.895376,50.5371,-934.101563,1444,1015.3125,1500.00,1,1500.00
4.896377,49.2188,-935.419922,1446,1016.7187,1500.00,1,1500.00
4.897378,47.9004,-936.738281,1448,1018.1250,1500.00,1,1500.00
4.898379,46.7578,-937.880859,1450,1019.5312,1500.00,1,1500.00
4.899380,45.4395,-939.199219,1452,1020.9375,1500.00,1,1500.00
4.900381,44.1211,-940.517578,1454,1022.3437,0.00,1,0.00
4.901382,42.9785,-941.660156,1456,1023.7500,0.00,1,0.00
4.902383,42.0996,-942.539063,1455,1023.0469,0.00,1,0.00
4.903384,42.3633,-942.275391,1454,1022.3437,0.00,1,0.00
4.904385,43.0664,-941.572266,1453,1021.6406,0.00,1,0.00
4.905386,43.1543,-941.484375,1455,1023.0469,0.00,1,0.00
4.906387,42.7148,-941.923828,1456,1023.7500,0.00,1,0.00
4.907388,42.0996,-942.539063,1455,1023.0469,0.00,1,0.00
4.908389,42.2754,-942.363281,1454,1022.3437,0.00,1,0.00
4.909390,42.8027,-941.835938,1454,1022.3437,0.00,1,0.00
4.916642,42.5391,-942.099609,1455,1023.0469,0.00,1,0.00
4.917643,42.3633,-942.275391,1455,1023.0469,0.00,1,0.00
4.918644,42.5391,-942.099609,1454,1022.3437,0.00,1,0.00
4.919645,42.7148,-941.923828,1454,1022.3437,0.00,1,0.00
4.920646,42.6270,-942.011719,1455,1023.0469,0.00,1,0.00
4.921647,42.5391,-942.099609,1455,1023.0469,0.00,1,0.00
4.922648,42.5391,-942.099609,1455,1023.0469,0.00,1,0.00
4.923649,42.7148,-941.923828,1455,1023.0469,0.00,1,0.00
4.924650,42.7148,-941.923828,1455,1023.0469,0.00,1,0.00
4.925651,42.6270,-942.011719,1455,1023.0469,0.00,1,0.00
4.926652,42.5391,-942.099609,1455,1023.0469,0.00,1,0.00
4.927653,42.6270,-942.011719,1455,1023.0469,0.00,1,0.00
4.928654,42.7148,-941.923828,1455,1023.0469,0.00,1,0.00
4.929655,42.6270,-942.011719,1455,1023.0469,0.00,1,0.00
4.930656,42.6270,-942.011719,1455,1023.0469,0.00,1,0.00
4.931657,42.6270,-942.011719,1455,1023.0469,0.00,1,0.00
4.932658,42.6270,-942.011719,1455,1023.0469,0.00,1,0.00
4.933659,42.6270,-942.011719,1455,1023.0469,0.00,1,0.00
4.934660,42.6270,-942.011719,1455,1023.0469,0.00,1,0.00
4.935661,42.6270,-942.011719,1455,1023.0469,0.00,1,0.00
4.936662,42.6270,-942.011719,1455,1023.0469,0.00,1,0.00
4.937663,42.6270,-942.011719,1455,1023.0469,0.00,1,0.00
4.938664,42.5391,-942.099609,1455,1023.0469,0.00,1,0.00
4.939665,42.5391,-942.099609,1455,1023.0469,0.00,1,0.00
4.940666,42.6270,-942.011719,1455,1023.0469,0.00,1,0.00
4.941667,42.6270,-942.011719,1455,1023.0469,0.00,1,0.00
4.942668,42.6270,-942.011719,1455,1023.0469,0.00,1,0.00
4.943669,42.5391,-942.099609,1455,1023.0469,0.00,1,0.00
4.944670,42.6270,-942.011719,1455,1023.0469,0.00,1,0.00
4.945671,42.6270,-942.011719,1455,1023.0469,0.00,1,0.00
4.946672,42.6270,-942.011719,1455,1023.0469,0.00,1,0.00
4.947673,42.5391,-942.099609,1455,1023.0469,0.00,1,0.00
4.948674,42.6270,-942.011719,1455,1023.0469,0.00,1,0.00
4.949675,42.6270,-942.011719,1455,1023.0469,0.00,1,0.00
4.950676,42.6270,-942.011719,1455,1023.0469,0.00,1,0.00
4.951677,42.6270,-942.011719,1455,1023.0469,0.00,1,0.00
4.952678,42.6270,-942.011719,1455,1023.0469,0.00,1,0.00
4.953679,42.6270,-942.011719,1455,1023.0469,0.00,1,0.00
4.954680,42.6270,-942.011719,1455,1023.0469,0.00,1,0.00
4.955681,42.6270,-942.011719,1455,1023.0469,0.00,1,0.00
4.956682,42.5391,-942.099609,1455,1023.0469,0.00,1,0.00
4.957683,42.6270,-942.011719,1455,1023.0469,0.00,1,0.00
4.958684,42.6270,-942.011719,1455,1023.0469,0.00,1,0.00
4.959685,42.5391,-942.099609,1455,1023.0469,0.00,1,0.00
4.960686,42.5391,-942.099609,1455,1023.0469,0.00,1,0.00
4.961687,42.5391,-942.099609,1455,1023.0469,0.00,1,0.00
4.962688,42.6270,-942.011719,1455,1023.0469,0.00,1,0.00
4.963689,42.5391,-942.099609,1455,1023.0469,0.00,1,0.00
4.964690,42.5391,-942.099609,1455,1023.0469,0.00,1,0.00
4.965691,42.5391,-942.099609,1455,1023.0469,0.00,1,0.00
4.972967,42.5391,-942.099609,1455,1023.0469,0.00,1,0.00
4.973968,42.5391,-942.099609,1455,1023.0469,0.00,1,0.00
4.974969,42.5391,-942.099609,1455,1023.0469,0.00,1,0.00
4.975970,42.6270,-942.011719,1455,1023.0469,0.00,1,0.00
4.976970,42.6270,-942.011719,1455,1023.0469,0.00,1,0.00
4.977971,42.6270,-942.011719,1455,1023.0469,0.00,1,0.00
4.978972,42.7148,-941.923828,1455,1023.0469,0.00,1,0.00
4.979973,42.6270,-942.011719,1455,1023.0469,0.00,1,0.00
4.980974,42.6270,-942.011719,1455,1023.0469,0.00,1,0.00
4.981975,42.5391,-942.099609,1455,1023.0469,0.00,1,0.00
4.982976,42.6270,-942.011719,1455,1023.0469,0.00,1,0.00
4.983977,42.6270,-942.011719,1455,1023.0469,0.00,1,0.00
4.984978,42.5391,-942.099609,1455,1023.0469,0.00,1,0.00
4.985979,42.6270,-942.011719,1455,1023.0469,0.00,1,0.00
4.986980,42.6270,-942.011719,1455,1023.0469,0.00,1,0.00
4.987981,42.6270,-942.011719,1455,1023.0469,0.00,1,0.00
4.988982,42.6270,-942.011719,1455,1023.0469,0.00,1,0.00
4.989983,42.6270,-942.011719,1455,1023.0469,0.00,1,0.00
4.990984,42.6270,-942.011719,1455,1023.0469,0.00,1,0.00
4.991985,42.7148,-941.923828,1455,1023.0469,0.00,1,0.00
4.992986,42.7148,-941.923828,1455,1023.0469,0.00,1,0.00
4.993987,42.6270,-942.011719,1455,1023.0469,0.00,1,0.00
4.994988,42.5391,-942.099609,1455,1023.0469,0.00,1,0.00
4.995989,42.6270,-942.011719,1455,1023.0469,0.00,1,0.00
4.996990,42.6270,-942.011719,1455,1023.0469,0.00,1,0.00
4.997991,42.5391,-942.099609,1455,1023.0469,0.00,1,0.00
4.998992,42.5391,-942.099609,1455,1023.0469,0.00,1,0.00
4.999993,42.7148,-941.923828,1455,1023.0469,0.00,1,0.00
5.000994,42.6270,-942.011719,1455,1023.0469,0.00,1,0.00
5.001995,42.6270,-942.011719,1455,1023.0469,0.00,1,0.00
5.002996,42.5391,-942.099609,1455,1023.0469,0.00,1,0.00
5.003997,42.5391,-942.099609,1455,1023.0469,0.00,1,0.00
5.004998,42.6270,-942.011719,1455,1023.0469,0.00,1,0.00
5.005999,42.6270,-942.011719,1455,1023.0469,0.00,1,0.00
5.007000,42.5391,-942.099609,1455,1023.0469,0.00,1,0.00
5.008001,42.6270,-942.011719,1455,1023.0469,0.00,1,0.00
5.009002,42.6270,-942.011719,1455,1023.0469,0.00,1,0.00
5.010003,42.5391,-942.099609,1455,1023.0469,0.00,1,0.00
5.011004,42.5391,-942.099609,1455,1023.0469,0.00,1,0.00
5.012005,42.6270,-942.011719,1455,1023.0469,0.00,1,0.00
5.013006,42.6270,-942.011719,1455,1023.0469,0.00,1,0.00
5.014007,42.6270,-942.011719,1455,1023.0469,0.00,1,0.00
5.015008,42.6270,-942.011719,1455,1023.0469,0.00,1,0.00
5.016009,42.6270,-942.011719,1455,1023.0469,0.00,1,0.00
5.017010,42.6270,-942.011719,1455,1023.0469,0.00,1,0.00
5.018011,42.6270,-942.011719,1455,1023.0469,0.00,1,0.00
5.019012,42.6270,-942.011719,1455,1023.0469,0.00,1,0.00
5.020013,42.6270,-942.011719,1455,1023.0469,0.00,1,0.00
5.021014,42.6270,-942.011719,1455,1023.0469,0.00,1,0.00
5.022015,42.6270,-942.011719,1455,1023.0469,0.00,1,0.00
5.029292,42.6270,-942.011719,1455,1023.0469,0.00,1,0.00
5.030293,42.6270,-942.011719,1455,1023.0469,0.00,1,0.00
5.031294,42.6270,-942.011719,1455,1023.0469,0.00,1,0.00
5.032295,42.6270,-942.011719,1455,1023.0469,0.00,1,0.00
5.033295,42.6270,-942.011719,1455,1023.0469,0.00,1,0.00
5.034296,42.6270,-942.011719,1455,1023.0469,0.00,1,0.00
5.035297,42.6270,-942.011719,1455,1023.0469,0.00,1,0.00
5.036298,42.6270,-942.011719,1455,1023.0469,0.00,1,0.00
5.037298,42.6270,-942.011719,1455,1023.0469,0.00,1,0.00
5.038299,42.6270,-942.011719,1455,1023.0469,0.00,1,0.00
5.039300,42.6270,-942.011719,1455,1023.0469,0.00,1,0.00
5.040301,42.6270,-942.011719,1455,1023.0469,0.00,1,0.00
5.041302,42.6270,-942.011719,1455,1023.0469,0.00,1,0.00
5.042303,42.6270,-942.011719,1455,1023.0469,0.00,1,0.00
5.043304,42.5391,-942.099609,1455,1023.0469,0.00,1,0.00
5.044305,42.6270,-942.011719,1455,1023.0469,0.00,1,0.00
5.045306,42.5391,-942.099609,1455,1023.0469,0.00,1,0.00
5.046307,42.5391,-942.099609,1455,1023.0469,0.00,1,0.00
5.047308,42.6270,-942.011719,1455,1023.0469,0.00,1,0.00
5.048309,42.6270,-942.011719,1455,1023.0469,0.00,1,0.00
5.049310,42.6270,-942.011719,1455,1023.0469,0.00,1,0.00
5.050311,42.5391,-942.099609,1455,1023.0469,0.00,1,0.00
5.051312,42.5391,-942.099609,1455,1023.0469,0.00,1,0.00
5.052313,42.6270,-942.011719,1455,1023.0469,0.00,1,0.00
5.053314,42.5391,-942.099609,1455,1023.0469,0.00,1,0.00
5.054315,42.5391,-942.099609,1455,1023.0469,0.00,1,0.00
5.055316,42.6270,-942.011719,1455,1023.0469,0.00,1,0.00
5.056317,42.6270,-942.011719,1455,1023.0469,0.00,1,0.00
5.057318,42.6270,-942.011719,1455,1023.0469,0.00,1,0.00
5.058319,42.6270,-942.011719,1455,1023.0469,0.00,1,0.00
5.059320,42.6270,-942.011719,1455,1023.0469,0.00,1,0.00
5.060321,42.6270,-942.011719,1455,1023.0469,0.00,1,0.00
5.061322,42.5391,-942.099609,1455,1023.0469,0.00,1,0.00
5.062323,42.5391,-942.099609,1455,1023.0469,0.00,1,0.00
5.063324,42.6270,-942.011719,1455,1023.0469,0.00,1,0.00
5.064325,42.6270,-942.011719,1455,1023.0469,0.00,1,0.00
5.065326,42.6270,-942.011719,1455,1023.0469,0.00,1,0.00
5.066327,42.6270,-942.011719,1455,1023.0469,0.00,1,0.00
5.067328,42.7148,-941.923828,1455,1023.0469,0.00,1,0.00
5.068329,42.7148,-941.923828,1455,1023.0469,0.00,1,0.00
5.069330,42.6270,-942.011719,1455,1023.0469,0.00,1,0.00
5.070331,42.7148,-941.923828,1455,1023.0469,0.00,1,0.00
5.071332,42.6270,-942.011719,1455,1023.0469,0.00,1,0.00
5.072333,42.6270,-942.011719,1455,1023.0469,0.00,1,0.00
5.073334,42.6270,-942.011719,1455,1023.0469,0.00,1,0.00
5.074335,42.6270,-942.011719,1455,1023.0469,0.00,1,0.00
5.075336,42.6270,-942.011719,1455,1023.0469,0.00,1,0.00
5.076337,42.5391,-942.099609,1455,1023.0469,0.00,1,0.00
5.077338,42.6270,-942.011719,1455,1023.0469,0.00,1,0.00
5.078339,42.5391,-942.099609,1455,1023.0469,0.00,1,0.00
5.086074,42.6270,-942.011719,1455,1023.0469,0.00,1,0.00
5.087075,42.7148,-941.923828,1455,1023.0469,0.00,1,0.00
5.088075,42.6270,-942.011719,1455,1023.0469,0.00,1,0.00
5.089076,42.6270,-942.011719,1455,1023.0469,0.00,1,0.00
5.090077,42.6270,-942.011719,1455,1023.0469,0.00,1,0.00
5.091078,42.6270,-942.011719,1455,1023.0469,0.00,1,0.00
5.092078,42.6270,-942.011719,1455,1023.0469,0.00,1,0.00
5.093079,42.6270,-942.011719,1455,1023.0469,0.00,1,0.00
5.094080,42.6270,-942.011719,1455,1023.0469,0.00,1,0.00
5.095081,42.5391,-942.099609,1455,1023.0469,0.00,1,0.00
5.096082,42.6270,-942.011719,1455,1023.0469,0.00,1,0.00
5.097083,42.6270,-942.011719,1455,1023.0469,0.00,1,0.00
5.098084,42.6270,-942.011719,1455,1023.0469,0.00,1,0.00
5.099085,42.6270,-942.011719,1455,1023.0469,0.00,1,0.00
5.100086,42.6270,-942.011719,1455,1023.0469,0.00,1,0.00
5.101087,42.6270,-942.011719,1455,1023.0469,0.00,1,0.00
5.102088,42.5391,-942.099609,1455,1023.0469,0.00,1,0.00
5.103089,42.5391,-942.099609,1455,1023.0469,0.00,1,0.00
5.104090,42.6270,-942.011719,1455,1023.0469,0.00,1,0.00
5.105091,42.5391,-942.099609,1455,1023.0469,0.00,1,0.00
5.106092,42.6270,-942.011719,1455,1023.0469,0.00,1,0.00
5.107093,42.6270,-942.011719,1455,1023.0469,0.00,1,0.00
5.108094,42.6270,-942.011719,1455,1023.0469,0.00,1,0.00
5.109095,42.5391,-942.099609,1455,1023.0469,0.00,1,0.00
5.110096,42.5391,-942.099609,1455,1023.0469,0.00,1,0.00
5.111097,42.6270,-942.011719,1455,1023.0469,0.00,1,0.00
5.112098,42.6270,-942.011719,1455,1023.0469,0.00,1,0.00
5.113099,42.6270,-942.011719,1455,1023.0469,0.00,1,0.00
5.114100,42.6270,-942.011719,1455,1023.0469,0.00,1,0.00
5.115101,42.6270,-942.011719,1455,1023.0469,0.00,1,0.00
5.116102,42.6270,-942.011719,1455,1023.0469,0.00,1,0.00
5.117103,42.6270,-942.011719,1455,1023.0469,0.00,1,0.00
5.118104,42.5391,-942.099609,1455,1023.0469,0.00,1,0.00
5.119105,42.5391,-942.099609,1455,1023.0469,0.00,1,0.00
5.120106,42.5391,-942.099609,1455,1023.0469,0.00,1,0.00
5.121107,42.6270,-942.011719,1455,1023.0469,0.00,1,0.00
5.122108,42.6270,-942.011719,1455,1023.0469,0.00,1,0.00
5.123109,42.6270,-942.011719,1455,1023.0469,0.00,1,0.00
5.124110,42.6270,-942.011719,1455,1023.0469,0.00,1,0.00
5.125111,42.6270,-942.011719,1455,1023.0469,0.00,1,0.00
5.126112,42.7148,-941.923828,1455,1023.0469,0.00,1,0.00
5.127113,42.6270,-942.011719,1455,1023.0469,0.00,1,0.00
5.128114,42.7148,-941.923828,1455,1023.0469,0.00,1,0.00
5.129115,42.7148,-941.923828,1455,1023.0469,0.00,1,0.00
5.130116,42.6270,-942.011719,1455,1023.0469,0.00,1,0.00
5.131117,42.6270,-942.011719,1455,1023.0469,0.00,1,0.00
5.132118,42.6270,-942.011719,1455,1023.0469,0.00,1,0.00
5.133119,42.5391,-942.099609,1455,1023.0469,0.00,1,0.00
5.134120,42.6270,-942.011719,1455,1023.0469,0.00,1,0.00
5.135121,42.6270,-942.011719,1455,1023.0469,0.00,1,0.00
5.142349,42.6270,-942.011719,1455,1023.0469,0.00,1,0.00
5.143349,42.7148,-941.923828,1455,1023.0469,0.00,1,0.00
5.144350,42.6270,-942.011719,1455,1023.0469,0.00,1,0.00
5.145351,42.5391,-942.099609,1455,1023.0469,0.00,1,0.00
5.146352,42.4512,-942.187500,1455,1023.0469,0.00,1,0.00
5.147352,42.5391,-942.099609,1455,1023.0469,0.00,1,0.00
5.148353,42.6270,-942.011719,1455,1023.0469,0.00,1,0.00
5.149354,42.6270,-942.011719,1455,1023.0469,0.00,1,0.00
5.150355,42.6270,-942.011719,1455,1023.0469,0.00,1,0.00
5.151356,42.5391,-942.099609,1455,1023.0469,0.00,1,0.00
5.152357,42.6270,-942.011719,1455,1023.0469,0.00,1,0.00
5.153358,42.6270,-942.011719,1455,1023.0469,0.00,1,0.00
5.154359,42.6270,-942.011719,1455,1023.0469,0.00,1,0.00
5.155360,42.6270,-942.011719,1455,1023.0469,0.00,1,0.00
5.156361,42.6270,-942.011719,1455,1023.0469,0.00,1,0.00
5.157362,42.6270,-942.011719,1455,1023.0469,0.00,1,0.00
5.158363,42.5391,-942.099609,1455,1023.0469,0.00,1,0.00
5.159364,42.6270,-942.011719,1455,1023.0469,0.00,1,0.00
5.160365,42.6270,-942.011719,1455,1023.0469,0.00,1,0.00
5.161366,42.6270,-942.011719,1455,1023.0469,0.00,1,0.00
5.162367,42.6270,-942.011719,1455,1023.0469,0.00,1,0.00
5.163368,42.6270,-942.011719,1455,1023.0469,0.00,1,0.00
5.164369,42.6270,-942.011719,1455,1023.0469,0.00,1,0.00
5.165370,42.5391,-942.099609,1455,1023.0469,0.00,1,0.00
5.166371,42.5391,-942.099609,1455,1023.0469,0.00,1,0.00
5.167372,42.6270,-942.011719,1455,1023.0469,0.00,1,0.00
5.168372,42.6270,-942.011719,1455,1023.0469,0.00,1,0.00
5.169373,42.6270,-942.011719,1455,1023.0469,0.00,1,0.00
5.170374,42.6270,-942.011719,1455,1023.0469,0.00,1,0.00
5.171375,42.6270,-942.011719,1455,1023.0469,0.00,1,0.00
5.172375,42.6270,-942.011719,1455,1023.0469,0.00,1,0.00
5.173376,42.6270,-942.011719,1455,1023.0469,0.00,1,0.00
5.174377,42.6270,-942.011719,1455,1023.0469,0.00,1,0.00
5.175378,42.6270,-942.011719,1455,1023.0469,0.00,1,0.00
5.176379,42.6270,-942.011719,1455,1023.0469,0.00,1,0.00
5.177380,42.5391,-942.099609,1455,1023.0469,0.00,1,0.00
5.178381,42.5391,-942.099609,1455,1023.0469,0.00,1,0.00
5.179382,42.6270,-942.011719,1455,1023.0469,0.00,1,0.00
5.180383,42.6270,-942.011719,1455,1023.0469,0.00,1,0.00
5.181384,42.6270,-942.011719,1455,1023.0469,0.00,1,0.00
5.182385,42.6270,-942.011719,1455,1023.0469,0.00,1,0.00
5.183386,42.6270,-942.011719,1455,1023.0469,0.00,1,0.00
5.184387,42.5391,-942.099609,1455,1023.0469,0.00,1,0.00
5.185388,42.5391,-942.099609,1455,1023.0469,0.00,1,0.00
5.186389,42.6270,-942.011719,1455,1023.0469,0.00,1,0.00
5.187390,42.6270,-942.011719,1455,1023.0469,0.00,1,0.00
5.188391,42.6270,-942.011719,1455,1023.0469,0.00,1,0.00
5.189392,42.5391,-942.099609,1455,1023.0469,0.00,1,0.00
5.190393,42.5391,-942.099609,1455,1023.0469,0.00,1,0.00
5.191394,42.5391,-942.099609,1455,1023.0469,0.00,1,0.00
5.233066,42.6270,-942.011719,1455,1023.0469,0.00,1,0.00
5.234067,42.6270,-942.011719,1455,1023.0469,0.00,1,0.00
5.235068,42.6270,-942.011719,1455,1023.0469,0.00,1,0.00
5.236069,42.6270,-942.011719,1455,1023.0469,0.00,1,0.00
5.237070,42.5391,-942.099609,1455,1023.0469,0.00,1,0.00
5.238071,42.6270,-942.011719,1455,1023.0469,0.00,1,0.00
5.239072,42.6270,-942.011719,1455,1023.0469,0.00,1,0.00
5.240073,42.5391,-942.099609,1455,1023.0469,0.00,1,0.00
5.241074,42.6270,-942.011719,1455,1023.0469,0.00,1,0.00
5.242075,42.5391,-942.099609,1455,1023.0469,0.00,1,0.00
5.243076,42.6270,-942.011719,1455,1023.0469,0.00,1,0.00
5.244077,42.7148,-941.923828,1455,1023.0469,0.00,1,0.00
5.245078,42.6270,-942.011719,1455,1023.0469,0.00,1,0.00
5.246079,42.6270,-942.011719,1455,1023.0469,0.00,1,0.00
5.247080,42.6270,-942.011719,1455,1023.0469,0.00,1,0.00
5.248081,42.6270,-942.011719,1455,1023.0469,0.00,1,0.00
5.249082,42.6270,-942.011719,1455,1023.0469,0.00,1,0.00
5.250083,42.6270,-942.011719,1455,1023.0469,0.00,1,0.00
5.251084,42.6270,-942.011719,1455,1023.0469,0.00,1,0.00
5.252085,42.5391,-942.099609,1455,1023.0469,0.00,1,0.00
5.253086,42.5391,-942.099609,1455,1023.0469,0.00,1,0.00
5.254087,42.4512,-942.187500,1455,1023.0469,0.00,1,0.00
5.255088,42.5391,-942.099609,1455,1023.0469,0.00,1,0.00
5.256089,42.6270,-942.011719,1455,1023.0469,0.00,1,0.00
5.257090,42.6270,-942.011719,1455,1023.0469,0.00,1,0.00
5.258091,42.6270,-942.011719,1455,1023.0469,0.00,1,0.00
5.259092,42.7148,-941.923828,1455,1023.0469,0.00,1,0.00
5.260093,42.6270,-942.011719,1455,1023.0469,0.00,1,0.00
5.261094,42.6270,-942.011719,1455,1023.0469,0.00,1,0.00
5.262095,42.6270,-942.011719,1455,1023.0469,0.00,1,0.00
5.263096,42.5391,-942.099609,1455,1023.0469,0.00,1,0.00
5.264097,42.6270,-942.011719,1455,1023.0469,0.00,1,0.00
5.265098,42.6270,-942.011719,1455,1023.0469,0.00,1,0.00
5.266099,42.6270,-942.011719,1455,1023.0469,0.00,1,0.00
5.267100,42.6270,-942.011719,1455,1023.0469,0.00,1,0.00
5.268101,42.6270,-942.011719,1455,1023.0469,0.00,1,0.00
5.269102,42.6270,-942.011719,1455,1023.0469,0.00,1,0.00
5.270103,42.5391,-942.099609,1455,1023.0469,0.00,1,0.00
5.271104,42.5391,-942.099609,1455,1023.0469,0.00,1,0.00
5.272105,42.5391,-942.099609,1455,1023.0469,0.00,1,0.00
5.273106,42.6270,-942.011719,1455,1023.0469,0.00,1,0.00
5.274107,42.6270,-942.011719,1455,1023.0469,0.00,1,0.00
5.275108,42.6270,-942.011719,1455,1023.0469,0.00,1,0.00
5.276109,42.5391,-942.099609,1455,1023.0469,0.00,1,0.00
5.277110,42.6270,-942.011719,1455,1023.0469,0.00,1,0.00
5.278111,42.6270,-942.011719,1455,1023.0469,0.00,1,0.00
5.279112,42.6270,-942.011719,1455,1023.0469,0.00,1,0.00
5.280113,42.6270,-942.011719,1455,1023.0469,0.00,1,0.00
5.281114,42.6270,-942.011719,1455,1023.0469,0.00,1,0.00
5.282115,42.6270,-942.011719,1455,1023.0469,0.00,1,0.00
5.289359,42.6270,-942.011719,1455,1023.0469,0.00,1,0.00
5.290360,42.6270,-942.011719,1455,1023.0469,0.00,1,0.00
5.291361,42.6270,-942.011719,1455,1023.0469,0.00,1,0.00
5.292362,42.5391,-942.099609,1455,1023.0469,0.00,1,0.00
5.293363,42.5391,-942.099609,1455,1023.0469,0.00,1,0.00
5.294364,42.5391,-942.099609,1455,1023.0469,0.00,1,0.00
5.295365,42.5391,-942.099609,1455,1023.0469,0.00,1,0.00
5.296366,42.5391,-942.099609,1455,1023.0469,0.00,1,0.00
5.297367,42.5391,-942.099609,1455,1023.0469,0.00,1,0.00
5.298368,42.6270,-942.011719,1455,1023.0469,0.00,1,0.00
5.299369,42.6270,-942.011719,1455,1023.0469,0.00,1,0.00
5.300370,42.6270,-942.011719,1455,1023.0469,0.00,1,0.00
5.301371,42.5391,-942.099609,1455,1023.0469,0.00,1,0.00
5.302372,42.6270,-942.011719,1455,1023.0469,0.00,1,0.00
5.303373,42.5391,-942.099609,1455,1023.0469,0.00,1,0.00
5.304374,42.5391,-942.099609,1455,1023.0469,0.00,1,0.00
5.305375,42.6270,-942.011719,1455,1023.0469,0.00,1,0.00
5.306376,42.6270,-942.011719,1455,1023.0469,0.00,1,0.00
5.307377,42.6270,-942.011719,1455,1023.0469,0.00,1,0.00
5.308378,42.6270,-942.011719,1455,1023.0469,0.00,1,0.00
5.309379,42.5391,-942.099609,1455,1023.0469,0.00,1,0.00
5.310380,42.5391,-942.099609,1455,1023.0469,0.00,1,0.00
5.311381,42.6270,-942.011719,1455,1023.0469,0.00,1,0.00
5.312382,42.6270,-942.011719,1455,1023.0469,0.00,1,0.00
5.313383,42.6270,-942.011719,1455,1023.0469,0.00,1,0.00
5.314384,42.6270,-942.011719,1455,1023.0469,0.00,1,0.00
5.315385,42.6270,-942.011719,1455,1023.0469,0.00,1,0.00
5.316386,42.6270,-942.011719,1455,1023.0469,0.00,1,0.00
5.317387,42.6270,-942.011719,1455,1023.0469,0.00,1,0.00
5.318388,42.6270,-942.011719,1455,1023.0469,0.00,1,0.00
5.319389,42.5391,-942.099609,1455,1023.0469,0.00,1,0.00
5.320390,42.6270,-942.011719,1455,1023.0469,0.00,1,0.00
5.321391,42.6270,-942.011719,1455,1023.0469,0.00,1,0.00
5.322392,42.6270,-942.011719,1455,1023.0469,0.00,1,0.00
5.323393,42.6270,-942.011719,1455,1023.0469,0.00,1,0.00
5.324394,42.6270,-942.011719,1455,1023.0469,0.00,1,0.00
5.325394,42.6270,-942.011719,1455,1023.0469,0.00,1,0.00
5.326395,42.5391,-942.099609,1455,1023.0469,0.00,1,0.00
5.327396,42.6270,-942.011719,1455,1023.0469,0.00,1,0.00
5.328397,42.6270,-942.011719,1455,1023.0469,0.00,1,0.00
5.329397,42.6270,-942.011719,1455,1023.0469,0.00,1,0.00
5.330398,42.6270,-942.011719,1455,1023.0469,0.00,1,0.00
5.331399,42.6270,-942.011719,1455,1023.0469,0.00,1,0.00
5.332400,42.6270,-942.011719,1455,1023.0469,0.00,1,0.00
5.333401,42.6270,-942.011719,1455,1023.0469,0.00,1,0.00
5.334402,42.6270,-942.011719,1455,1023.0469,0.00,1,0.00
5.335403,42.6270,-942.011719,1455,1023.0469,0.00,1,0.00
5.336404,42.6270,-942.011719,1455,1023.0469,0.00,1,0.00
5.337405,42.6270,-942.011719,1455,1023.0469,0.00,1,0.00
5.338406,42.5391,-942.099609,1455,1023.0469,0.00,1,0.00
5.345672,42.6270,-942.011719,1455,1023.0469,0.00,1,0.00
5.346673,42.6270,-942.011719,1455,1023.0469,0.00,1,0.00
5.347674,42.7148,-941.923828,1455,1023.0469,0.00,1,0.00
5.348675,42.7148,-941.923828,1455,1023.0469,0.00,1,0.00
5.349675,42.6270,-942.011719,1455,1023.0469,0.00,1,0.00
5.350676,42.7148,-941.923828,1455,1023.0469,0.00,1,0.00
5.351677,42.6270,-942.011719,1455,1023.0469,0.00,1,0.00
5.352678,42.5391,-942.099609,1455,1023.0469,0.00,1,0.00
5.353679,42.6270,-942.011719,1455,1023.0469,0.00,1,0.00
5.354680,42.6270,-942.011719,1455,1023.0469,0.00,1,0.00
5.355681,42.6270,-942.011719,1455,1023.0469,0.00,1,0.00
5.356682,42.6270,-942.011719,1455,1023.0469,0.00,1,0.00
5.357683,42.5391,-942.099609,1455,1023.0469,0.00,1,0.00
5.358684,42.6270,-942.011719,1455,1023.0469,0.00,1,0.00
5.359685,42.6270,-942.011719,1455,1023.0469,0.00,1,0.00
5.360686,42.6270,-942.011719,1455,1023.0469,0.00,1,0.00
5.361687,42.5391,-942.099609,1455,1023.0469,0.00,1,0.00
5.362688,42.6270,-942.011719,1455,1023.0469,0.00,1,0.00
5.363689,42.5391,-942.099609,1455,1023.0469,0.00,1,0.00
5.364690,42.6270,-942.011719,1455,1023.0469,0.00,1,0.00
5.365691,42.6270,-942.011719,1455,1023.0469,0.00,1,0.00
5.366692,42.6270,-942.011719,1455,1023.0469,0.00,1,0.00
5.367693,42.5391,-942.099609,1455,1023.0469,0.00,1,0.00
5.368694,42.6270,-942.011719,1455,1023.0469,0.00,1,0.00
5.369695,42.6270,-942.011719,1455,1023.0469,0.00,1,0.00
5.370696,42.6270,-942.011719,1455,1023.0469,0.00,1,0.00
5.371697,42.6270,-942.011719,1455,1023.0469,0.00,1,0.00
5.372698,42.6270,-942.011719,1455,1023.0469,0.00,1,0.00
5.373699,42.6270,-942.011719,1455,1023.0469,0.00,1,0.00
5.374700,42.5391,-942.099609,1455,1023.0469,0.00,1,0.00
5.375701,42.6270,-942.011719,1455,1023.0469,0.00,1,0.00
5.376702,42.6270,-942.011719,1455,1023.0469,0.00,1,0.00
5.377703,42.6270,-942.011719,1455,1023.0469,0.00,1,0.00
5.378704,42.5391,-942.099609,1455,1023.0469,0.00,1,0.00
5.379705,42.6270,-942.011719,1455,1023.0469,0.00,1,0.00
5.380706,42.6270,-942.011719,1455,1023.0469,0.00,1,0.00
5.381707,42.7148,-941.923828,1455,1023.0469,0.00,1,0.00
5.382708,42.6270,-942.011719,1455,1023.0469,0.00,1,0.00
5.383709,42.5391,-942.099609,1455,1023.0469,0.00,1,0.00
5.384710,42.5391,-942.099609,1455,1023.0469,0.00,1,0.00
5.385711,42.6270,-942.011719,1455,1023.0469,0.00,1,0.00
5.386712,42.6270,-942.011719,1455,1023.0469,0.00,1,0.00
5.387713,42.5391,-942.099609,1455,1023.0469,0.00,1,0.00
5.388714,42.5391,-942.099609,1455,1023.0469,0.00,1,0.00
5.389715,42.5391,-942.099609,1455,1023.0469,0.00,1,0.00
5.390716,42.5391,-942.099609,1455,1023.0469,0.00,1,0.00
5.391717,42.6270,-942.011719,1455,1023.0469,0.00,1,0.00
5.392718,42.6270,-942.011719,1455,1023.0469,0.00,1,0.00
5.393719,42.5391,-942.099609,1455,1023.0469,0.00,1,0.00
5.394720,42.5391,-942.099609,1455,1023.0469,0.00,1,0.00
5.402014,42.6270,-942.011719,1455,1023.0469,0.00,1,0.00
5.403014,42.5391,-942.099609,1455,1023.0469,0.00,1,0.00
5.404015,42.5391,-942.099609,1455,1023.0469,0.00,1,0.00
5.405016,42.5391,-942.099609,1455,1023.0469,0.00,1,0.00
5.406017,42.5391,-942.099609,1455,1023.0469,0.00,1,0.00
5.407018,42.6270,-942.011719,1455,1023.0469,0.00,1,0.00
5.408019,42.6270,-942.011719,1455,1023.0469,0.00,1,0.00
5.409020,42.5391,-942.099609,1455,1023.0469,0.00,1,0.00
5.410021,42.6270,-942.011719,1455,1023.0469,0.00,1,0.00
5.411022,42.6270,-942.011719,1455,1023.0469,0.00,1,0.00
5.412023,42.6270,-942.011719,1455,1023.0469,0.00,1,0.00
5.413024,42.6270,-942.011719,1455,1023.0469,0.00,1,0.00
5.414025,42.5391,-942.099609,1455,1023.0469,0.00,1,0.00
5.415026,42.6270,-942.011719,1455,1023.0469,0.00,1,0.00
5.416027,42.6270,-942.011719,1455,1023.0469,0.00,1,0.00
5.417028,42.6270,-942.011719,1455,1023.0469,0.00,1,0.00
5.418029,42.6270,-942.011719,1455,1023.0469,0.00,1,0.00
5.419030,42.6270,-942.011719,1455,1023.0469,0.00,1,0.00
5.420031,42.5391,-942.099609,1455,1023.0469,0.00,1,0.00
5.421032,42.5391,-942.099609,1455,1023.0469,0.00,1,0.00
5.422033,42.6270,-942.011719,1455,1023.0469,0.00,1,0.00
5.423034,42.6270,-942.011719,1455,1023.0469,0.00,1,0.00
5.424035,42.6270,-942.011719,1455,1023.0469,0.00,1,0.00
5.425036,42.5391,-942.099609,1455,1023.0469,0.00,1,0.00
5.426037,42.6270,-942.011719,1455,1023.0469,0.00,1,0.00
5.427038,42.6270,-942.011719,1455,1023.0469,0.00,1,0.00
5.428039,42.6270,-942.011719,1455,1023.0469,0.00,1,0.00
5.429040,42.6270,-942.011719,1455,1023.0469,0.00,1,0.00
5.430041,42.6270,-942.011719,1455,1023.0469,0.00,1,0.00
5.431042,42.6270,-942.011719,1455,1023.0469,0.00,1,0.00
5.432043,42.5391,-942.099609,1455,1023.0469,0.00,1,0.00
5.433044,42.5391,-942.099609,1455,1023.0469,0.00,1,0.00
5.434045,42.7148,-941.923828,1455,1023.0469,0.00,1,0.00
5.435046,42.6270,-942.011719,1455,1023.0469,0.00,1,0.00
5.436047,42.6270,-942.011719,1455,1023.0469,0.00,1,0.00
5.437048,42.7148,-941.923828,1455,1023.0469,0.00,1,0.00
5.438049,42.6270,-942.011719,1455,1023.0469,0.00,1,0.00
5.439050,42.5391,-942.099609,1455,1023.0469,0.00,1,0.00
5.440051,42.5391,-942.099609,1455,1023.0469,0.00,1,0.00
5.441052,42.6270,-942.011719,1455,1023.0469,0.00,1,0.00
5.442053,42.7148,-941.923828,1455,1023.0469,0.00,1,0.00
5.443054,42.6270,-942.011719,1455,1023.0469,0.00,1,0.00
5.444055,42.6270,-942.011719,1455,1023.0469,0.00,1,0.00
5.445056,42.5391,-942.099609,1455,1023.0469,0.00,1,0.00
5.446057,42.5391,-942.099609,1455,1023.0469,0.00,1,0.00
5.447058,42.5391,-942.099609,1455,1023.0469,0.00,1,0.00
5.448059,42.6270,-942.011719,1455,1023.0469,0.00,1,0.00
5.449060,42.6270,-942.011719,1455,1023.0469,0.00,1,0.00
5.450061,42.6270,-942.011719,1455,1023.0469,0.00,1,0.00
5.451062,42.6270,-942.011719,1455,1023.0469,0.00,1,0.00
5.458915,42.5391,-942.099609,1455,1023.0469,0.00,1,0.00
5.459915,42.5391,-942.099609,1455,1023.0469,0.00,1,0.00
5.460916,42.5391,-942.099609,1455,1023.0469,0.00,1,0.00
5.461917,42.6270,-942.011719,1455,1023.0469,0.00,1,0.00
5.462918,42.6270,-942.011719,1455,1023.0469,0.00,1,0.00
5.463918,42.5391,-942.099609,1455,1023.0469,0.00,1,0.00
5.464919,42.5391,-942.099609,1455,1023.0469,0.00,1,0.00
5.465920,42.6270,-942.011719,1455,1023.0469,0.00,1,0.00
5.466921,42.5391,-942.099609,1455,1023.0469,0.00,1,0.00
5.467922,42.5391,-942.099609,1455,1023.0469,0.00,1,0.00
5.468923,42.5391,-942.099609,1455,1023.0469,0.00,1,0.00
5.469924,42.6270,-942.011719,1455,1023.0469,0.00,1,0.00
5.470925,42.6270,-942.011719,1455,1023.0469,0.00,1,0.00
5.471926,42.6270,-942.011719,1455,1023.0469,0.00,1,0.00
5.472927,42.6270,-942.011719,1455,1023.0469,0.00,1,0.00
5.473928,42.6270,-942.011719,1455,1023.0469,0.00,1,0.00
5.474929,42.6270,-942.011719,1455,1023.0469,0.00,1,0.00
5.475930,42.5391,-942.099609,1455,1023.0469,0.00,1,0.00
5.476931,42.5391,-942.099609,1455,1023.0469,0.00,1,0.00
5.477932,42.6270,-942.011719,1455,1023.0469,0.00,1,0.00
5.478933,42.5391,-942.099609,1455,1023.0469,0.00,1,0.00
5.479934,42.5391,-942.099609,1455,1023.0469,0.00,1,0.00
5.480935,42.6270,-942.011719,1455,1023.0469,0.00,1,0.00
5.481936,42.6270,-942.011719,1455,1023.0469,0.00,1,0.00
5.482937,42.6270,-942.011719,1455,1023.0469,0.00,1,0.00
5.483938,42.7148,-941.923828,1455,1023.0469,0.00,1,0.00
5.484939,42.7148,-941.923828,1455,1023.0469,0.00,1,0.00
5.485940,42.6270,-942.011719,1455,1023.0469,0.00,1,0.00
5.486941,42.6270,-942.011719,1455,1023.0469,0.00,1,0.00
5.487942,42.7148,-941.923828,1455,1023.0469,0.00,1,0.00
5.488943,42.6270,-942.011719,1455,1023.0469,0.00,1,0.00
5.489944,42.6270,-942.011719,1455,1023.0469,0.00,1,0.00
5.490945,42.6270,-942.011719,1455,1023.0469,0.00,1,0.00
5.491946,42.6270,-942.011719,1455,1023.0469,0.00,1,0.00
5.492947,42.5391,-942.099609,1455,1023.0469,0.00,1,0.00
5.493948,42.5391,-942.099609,1455,1023.0469,0.00,1,0.00
5.494949,42.6270,-942.011719,1455,1023.0469,0.00,1,0.00
5.495950,42.5391,-942.099609,1455,1023.0469,0.00,1,0.00
5.496951,42.6270,-942.011719,1455,1023.0469,0.00,1,0.00
5.497952,42.6270,-942.011719,1455,1023.0469,0.00,1,0.00
5.498953,42.6270,-942.011719,1455,1023.0469,0.00,1,0.00
5.499954,42.5391,-942.099609,1455,1023.0469,0.00,1,0.00
5.500955,42.5391,-942.099609,1455,1023.0469,0.00,1,0.00
5.501956,42.6270,-942.011719,1455,1023.0469,0.00,1,0.00
5.502957,42.6270,-942.011719,1455,1023.0469,0.00,1,0.00
5.503958,42.6270,-942.011719,1455,1023.0469,0.00,1,0.00
5.504958,42.6270,-942.011719,1455,1023.0469,0.00,1,0.00
5.505959,42.5391,-942.099609,1455,1023.0469,0.00,1,0.00
5.506960,42.5391,-942.099609,1455,1023.0469,0.00,1,0.00
5.507961,42.6270,-942.011719,1455,1023.0469,0.00,1,0.00
5.515203,42.6270,-942.011719,1455,1023.0469,0.00,1,0.00
5.516204,42.6270,-942.011719,1455,1023.0469,0.00,1,0.00
5.517205,42.5391,-942.099609,1455,1023.0469,0.00,1,0.00
5.518205,42.5391,-942.099609,1455,1023.0469,0.00,1,0.00
5.519206,42.5391,-942.099609,1455,1023.0469,0.00,1,0.00
5.520207,42.6270,-942.011719,1455,1023.0469,0.00,1,0.00
5.521208,42.6270,-942.011719,1455,1023.0469,0.00,1,0.00
5.522208,42.6270,-942.011719,1455,1023.0469,0.00,1,0.00
5.523209,42.6270,-942.011719,1455,1023.0469,0.00,1,0.00
5.524210,42.6270,-942.011719,1455,1023.0469,0.00,1,0.00
5.525211,42.6270,-942.011719,1455,1023.0469,0.00,1,0.00
5.526212,42.6270,-942.011719,1455,1023.0469,0.00,1,0.00
5.527213,42.5391,-942.099609,1455,1023.0469,0.00,1,0.00
5.528214,42.5391,-942.099609,1455,1023.0469,0.00,1,0.00
5.529215,42.5391,-942.099609,1455,1023.0469,0.00,1,0.00
5.530216,42.5391,-942.099609,1455,1023.0469,0.00,1,0.00
5.531217,42.5391,-942.099609,1455,1023.0469,0.00,1,0.00
5.532218,42.6270,-942.011719,1455,1023.0469,0.00,1,0.00
5.533219,42.6270,-942.011719,1455,1023.0469,0.00,1,0.00
5.534220,42.6270,-942.011719,1455,1023.0469,0.00,1,0.00
5.535221,42.6270,-942.011719,1455,1023.0469,0.00,1,0.00
5.536222,42.6270,-942.011719,1455,1023.0469,0.00,1,0.00
5.537223,42.6270,-942.011719,1455,1023.0469,0.00,1,0.00
5.538224,42.6270,-942.011719,1455,1023.0469,0.00,1,0.00
5.539225,42.5391,-942.099609,1455,1023.0469,0.00,1,0.00
5.540226,42.5391,-942.099609,1455,1023.0469,0.00,1,0.00
5.541227,42.5391,-942.099609,1455,1023.0469,0.00,1,0.00
5.542228,42.5391,-942.099609,1455,1023.0469,0.00,1,0.00
5.543229,42.6270,-942.011719,1455,1023.0469,0.00,1,0.00
5.544230,42.6270,-942.011719,1455,1023.0469,0.00,1,0.00
5.545231,42.6270,-942.011719,1455,1023.0469,0.00,1,0.00
5.546232,42.6270,-942.011719,1455,1023.0469,0.00,1,0.00
5.547233,42.6270,-942.011719,1455,1023.0469,0.00,1,0.00
5.548234,42.6270,-942.011719,1455,1023.0469,0.00,1,0.00
5.549235,42.6270,-942.011719,1455,1023.0469,0.00,1,0.00
5.550236,42.6270,-942.011719,1455,1023.0469,0.00,1,0.00
5.551236,42.6270,-942.011719,1455,1023.0469,0.00,1,0.00
5.552237,42.6270,-942.011719,1455,1023.0469,0.00,1,0.00
5.553238,42.6270,-942.011719,1455,1023.0469,0.00,1,0.00
5.554239,42.6270,-942.011719,1455,1023.0469,0.00,1,0.00
5.555239,42.5391,-942.099609,1455,1023.0469,0.00,1,0.00
5.556240,42.5391,-942.099609,1455,1023.0469,0.00,1,0.00
5.557241,42.6270,-942.011719,1455,1023.0469,0.00,1,0.00
5.558242,42.6270,-942.011719,1455,1023.0469,0.00,1,0.00
5.559243,42.6270,-942.011719,1455,1023.0469,0.00,1,0.00
5.560244,42.6270,-942.011719,1455,1023.0469,0.00,1,0.00
5.561245,42.6270,-942.011719,1455,1023.0469,0.00,1,0.00
5.562246,42.6270,-942.011719,1455,1023.0469,0.00,1,0.00
5.563247,42.6270,-942.011719,1455,1023.0469,0.00,1,0.00
5.564248,42.6270,-942.011719,1455,1023.0469,0.00,1,0.00
5.571489,42.6270,-942.011719,1455,1023.0469,0.00,1,0.00
5.572490,42.7148,-941.923828,1455,1023.0469,0.00,1,0.00
5.573491,42.6270,-942.011719,1455,1023.0469,0.00,1,0.00
5.574492,42.6270,-942.011719,1455,1023.0469,0.00,1,0.00
5.575493,42.6270,-942.011719,1455,1023.0469,0.00,1,0.00
5.576494,42.6270,-942.011719,1455,1023.0469,0.00,1,0.00
5.577495,42.6270,-942.011719,1455,1023.0469,0.00,1,0.00
5.578496,42.6270,-942.011719,1455,1023.0469,0.00,1,0.00
5.579497,42.6270,-942.011719,1455,1023.0469,0.00,1,0.00
5.580498,42.6270,-942.011719,1455,1023.0469,0.00,1,0.00
5.581499,42.6270,-942.011719,1455,1023.0469,0.00,1,0.00
5.582500,42.6270,-942.011719,1455,1023.0469,0.00,1,0.00
5.583501,42.7148,-941.923828,1455,1023.0469,0.00,1,0.00
5.584502,42.6270,-942.011719,1455,1023.0469,0.00,1,0.00
5.585503,42.6270,-942.011719,1455,1023.0469,0.00,1,0.00
5.586504,42.6270,-942.011719,1455,1023.0469,0.00,1,0.00
5.587505,42.5391,-942.099609,1455,1023.0469,0.00,1,0.00
5.588506,42.5391,-942.099609,1455,1023.0469,0.00,1,0.00
5.589507,42.6270,-942.011719,1455,1023.0469,0.00,1,0.00
5.590508,42.5391,-942.099609,1455,1023.0469,0.00,1,0.00
5.591509,42.5391,-942.099609,1455,1023.0469,0.00,1,0.00
5.592510,42.6270,-942.011719,1455,1023.0469,0.00,1,0.00
5.593511,42.6270,-942.011719,1455,1023.0469,0.00,1,0.00
5.594512,42.6270,-942.011719,1455,1023.0469,0.00,1,0.00
5.595513,42.6270,-942.011719,1455,1023.0469,0.00,1,0.00
5.596514,42.6270,-942.011719,1455,1023.0469,0.00,1,0.00
5.597514,42.6270,-942.011719,1455,1023.0469,0.00,1,0.00
5.598515,42.6270,-942.011719,1455,1023.0469,0.00,1,0.00
5.599516,42.6270,-942.011719,1455,1023.0469,0.00,1,0.00
5.600517,42.6270,-942.011719,1455,1023.0469,1500.00,-1,-1500.00
5.601517,42.6270,-942.011719,1455,1023.0469,1500.00,-1,-1500.00
5.602518,43.0664,-941.572266,1452,1020.9375,1500.00,-1,-1500.00
5.603519,44.6484,-939.990234,1449,1018.8281,1500.00,-1,-1500.00
5.604520,46.5820,-938.056641,1448,1018.1250,1500.00,-1,-1500.00
5.605521,47.7246,-936.914063,1447,1017.4219,1500.00,-1,-1500.00
5.606522,48.6914,-935.947266,1446,1016.7187,1500.00,-1,-1500.00
5.607523,49.9219,-934.716797,1443,1014.6094,1500.00,-1,-1500.00
5.608524,51.3281,-933.310547,1442,1013.9062,1500.00,-1,-1500.00
5.609525,52.7344,-931.904297,1441,1013.2031,1500.00,-1,-1500.00
5.610526,53.7891,-930.849609,1439,1011.7969,1500.00,-1,-1500.00
5.611527,54.7559,-929.882813,1437,1010.3906,1500.00,-1,-1500.00
5.612528,56.0742,-928.564453,1435,1008.9844,1500.00,-1,-1500.00
5.613529,57.3926,-927.246094,1433,1007.5781,1500.00,-1,-1500.00
5.614530,58.7109,-925.927734,1432,1006.8750,1500.00,-1,-1500.00
5.615531,59.7656,-924.873047,1430,1005.4687,1500.00,-1,-1500.00
5.616532,60.8203,-923.818359,1428,1004.0625,1500.00,-1,-1500.00
5.617533,62.2266,-922.412109,1425,1001.9531,1500.00,-1,-1500.00
5.618534,63.6328,-921.005859,1424,1001.2500,1500.00,-1,-1500.00
5.619535,64.5996,-920.039063,1422,999.8437,1500.00,-1,-1500.00
5.620536,65.7422,-918.896484,1420,998.4375,1500.00,-1,-1500.00
5.627781,74.3555,-910.283203,1406,988.5937,1500.00,-1,-1500.00
5.628782,75.4980,-909.140625,1404,987.1875,1500.00,-1,-1500.00
5.629782,76.6406,-907.998047,1402,985.7812,1500.00,-1,-1500.00
5.630783,77.8711,-906.767578,1400,984.3750,1500.00,-1,-1500.00
5.631784,79.1016,-905.537109,1398,982.9687,1500.00,-1,-1500.00
5.632785,80.2441,-904.394531,1396,981.5625,1500.00,-1,-1500.00
5.633786,81.4746,-903.164063,1394,980.1562,1500.00,-1,-1500.00
5.634787,82.7051,-901.933594,1392,978.7500,1500.00,-1,-1500.00
5.635788,83.9355,-900.703125,1391,978.0469,1500.00,-1,-1500.00
5.636789,85.1660,-899.472656,1389,976.6406,1500.00,-1,-1500.00
5.637790,86.3965,-898.242188,1387,975.2344,1500.00,-1,-1500.00
5.638791,87.4512,-897.187500,1385,973.8281,1500.00,-1,-1500.00
5.639792,88.6816,-895.957031,1383,972.4219,1500.00,-1,-1500.00
5.640793,89.8242,-894.814453,1381,971.0156,1500.00,-1,-1500.00
5.641794,91.0547,-893.583984,1379,969.6094,1500.00,-1,-1500.00
5.642795,92.2852,-892.353516,1377,968.2031,1500.00,-1,-1500.00
5.643796,93.4277,-891.210938,1375,966.7969,1500.00,-1,-1500.00
5.644797,94.7461,-889.892578,1373,965.3906,1500.00,-1,-1500.00
5.645798,95.8887,-888.750000,1372,964.6875,1500.00,-1,-1500.00
5.646799,97.1191,-887.519531,1370,963.2812,1500.00,-1,-1500.00
5.647800,98.4375,-886.201172,1368,961.8750,1500.00,-1,-1500.00
5.648801,99.7559,-884.882813,1366,960.4687,1500.00,-1,-1500.00
5.649802,100.8984,-883.740234,1364,959.0625,1500.00,-1,-1500.00
5.650803,102.1289,-882.509766,1362,957.6562,1500.00,-1,-1500.00
5.651804,103.1836,-881.455078,1360,956.2500,1500.00,-1,-1500.00
5.652805,104.5898,-880.048828,1358,954.8437,1500.00,-1,-1500.00
5.653806,105.9961,-878.642578,1356,953.4375,1500.00,-1,-1500.00
5.654807,107.1387,-877.500000,1354,952.0312,1500.00,-1,-1500.00
5.655808,108.4570,-876.181641,1352,950.6250,1500.00,-1,-1500.00
5.656809,109.7754,-874.863281,1350,949.2187,1500.00,-1,-1500.00
5.657810,110.9180,-873.720703,1348,947.8125,1500.00,-1,-1500.00
5.658811,112.4121,-872.226563,1346,946.4062,1500.00,-1,-1500.00
5.659812,113.8184,-870.820313,1344,945.0000,1500.00,-1,-1500.00
5.660813,114.9609,-869.677734,1343,944.2969,1500.00,-1,-1500.00
5.661814,116.2793,-868.359375,1341,942.8906,1500.00,-1,-1500.00
5.662815,117.5098,-867.128906,1339,941.4844,1500.00,-1,-1500.00
5.663816,119.0039,-865.634766,1337,940.0781,1500.00,-1,-1500.00
5.664817,120.4102,-864.228516,1335,938.6719,1500.00,-1,-1500.00
5.665818,121.6406,-862.998047,1333,937.2656,1500.00,-1,-1500.00
5.666819,123.0469,-861.591797,1331,935.8594,1500.00,-1,-1500.00
5.667820,124.4531,-860.185547,1329,934.4531,1500.00,-1,-1500.00
5.668821,125.6836,-858.955078,1327,933.0469,1500.00,-1,-1500.00
5.669822,127.1777,-857.460938,1326,932.3437,1500.00,-1,-1500.00
5.670823,128.7598,-855.878906,1323,930.2344,1500.00,-1,-1500.00
5.671824,129.9902,-854.648438,1322,929.5312,1500.00,-1,-1500.00
5.672825,131.3965,-853.242188,1320,928.1250,1500.00,-1,-1500.00
5.673826,132.8027,-851.835938,1318,926.7187,1500.00,-1,-1500.00
5.674827,134.2969,-850.341797,1316,925.3125,1500.00,-1,-1500.00
5.675828,135.7910,-848.847656,1314,923.9062,1500.00,-1,-1500.00
5.676829,137.1094,-847.529297,1312,922.5000,1500.00,-1,-1500.00
5.684097,147.7441,-836.894531,1298,912.6562,1500.00,-1,-1500.00
5.685097,149.2383,-835.400391,1296,911.2500,1500.00,-1,-1500.00
5.686098,150.9961,-833.642578,1294,909.8437,1500.00,-1,-1500.00
5.687099,152.4902,-832.148438,1292,908.4375,1500.00,-1,-1500.00
5.688100,153.8086,-830.830078,1290,907.0312,1500.00,-1,-1500.00
5.689101,155.3906,-829.248047,1288,905.6250,1500.00,-1,-1500.00
5.690102,157.0605,-827.578125,1286,904.2187,1500.00,-1,-1500.00
5.691103,158.4668,-826.171875,1284,902.8125,1500.00,-1,-1500.00
5.692104,160.0488,-824.589844,1282,901.4062,1500.00,-1,-1500.00
5.693105,161.6309,-823.007813,1280,900.0000,1500.00,-1,-1500.00
5.694106,163.0371,-821.601563,1279,899.2969,1500.00,-1,-1500.00
5.695107,164.6191,-820.019531,1277,897.8906,1500.00,-1,-1500.00
5.696108,165.9375,-818.701172,1275,896.4844,1500.00,-1,-1500.00
5.697109,167.6074,-817.031250,1273,895.0781,1500.00,-1,-1500.00
5.698110,169.2773,-815.361328,1271,893.6719,1500.00,-1,-1500.00
5.699111,170.5957,-814.042969,1269,892.2656,1500.00,-1,-1500.00
5.700112,172.1777,-812.460938,1267,890.8594,1500.00,-1,-1500.00
5.701113,173.8477,-810.791016,1265,889.4531,1500.00,-1,-1500.00
5.702113,175.2539,-809.384766,1263,888.0469,1500.00,-1,-1500.00
5.703114,176.8359,-807.802734,1261,886.6406,1500.00,-1,-1500.00
5.704115,178.4180,-806.220703,1260,885.9375,1500.00,-1,-1500.00
5.705116,179.8242,-804.814453,1258,884.5312,1500.00,-1,-1500.00
5.706116,181.2305,-803.408203,1256,883.1250,1500.00,-1,-1500.00
5.707117,182.7246,-801.914063,1254,881.7187,1500.00,-1,-1500.00
5.708118,184.3945,-800.244141,1252,880.3125,1500.00,-1,-1500.00
5.709119,185.9766,-798.662109,1250,878.9062,1500.00,-1,-1500.00
5.710120,187.2949,-797.343750,1248,877.5000,1500.00,-1,-1500.00
5.711121,188.7891,-795.849609,1246,876.0937,1500.00,-1,-1500.00
5.712122,190.3711,-794.267578,1244,874.6875,1500.00,-1,-1500.00
5.713123,191.8652,-792.773438,1242,873.2812,1500.00,-1,-1500.00
5.714124,193.4473,-791.191406,1240,871.8750,1500.00,-1,-1500.00
5.715125,194.8535,-789.785156,1238,870.4687,1500.00,-1,-1500.00
5.716126,196.1719,-788.466797,1236,869.0625,1500.00,-1,-1500.00
5.717127,197.7539,-786.884766,1234,867.6562,1500.00,-1,-1500.00
5.718128,199.0723,-785.566406,1232,866.2500,1500.00,-1,-1500.00
5.719129,200.5664,-784.072266,1231,865.5469,1500.00,-1,-1500.00
5.720130,202.0605,-782.578125,1229,864.1406,1500.00,-1,-1500.00
5.721131,203.3789,-781.259766,1227,862.7344,1500.00,-1,-1500.00
5.722132,204.8730,-779.765625,1225,861.3281,1500.00,-1,-1500.00
5.723133,206.2793,-778.359375,1223,859.9219,1500.00,-1,-1500.00
5.724134,207.6855,-776.953125,1221,858.5156,1500.00,-1,-1500.00
5.725135,209.2676,-775.371094,1219,857.1094,1500.00,-1,-1500.00
5.726136,210.6738,-773.964844,1217,855.7031,1500.00,-1,-1500.00
5.727137,211.8164,-772.822266,1215,854.2969,1500.00,-1,-1500.00
5.728138,213.2227,-771.416016,1214,853.5937,1500.00,-1,-1500.00
5.729139,214.4531,-770.185547,1211,851.4844,1500.00,-1,-1500.00
5.730140,216.0352,-768.603516,1209,850.0781,1500.00,-1,-1500.00
5.731141,217.3535,-767.285156,1208,849.3750,1500.00,-1,-1500.00
5.732142,218.5840,-766.054688,1206,847.9687,1500.00,-1,-1500.00
5.733143,219.9023,-764.736328,1204,846.5625,1500.00,-1,-1500.00
5.740996,230.2734,-754.365234,1188,835.3125,1500.00,-1,-1500.00
5.741997,231.5918,-753.046875,1187,834.6094,1500.00,-1,-1500.00
5.742997,232.7344,-751.904297,1185,833.2031,1500.00,-1,-1500.00
5.743998,234.0527,-750.585938,1183,831.7969,1500.00,-1,-1500.00
5.744999,235.2832,-749.355469,1181,830.3906,1500.00,-1,-1500.00
5.746000,236.6016,-748.037109,1179,828.9844,1500.00,-1,-1500.00
5.747000,237.9199,-746.718750,1177,827.5781,1500.00,-1,-1500.00
5.748002,238.9746,-745.664063,1175,826.1719,1500.00,-1,-1500.00
5.749003,240.2930,-744.345703,1173,824.7656,1500.00,-1,-1500.00
5.750004,241.6113,-743.027344,1171,823.3594,1500.00,-1,-1500.00
5.751004,242.8418,-741.796875,1169,821.9531,1500.00,-1,-1500.00
5.752005,244.0723,-740.566406,1167,820.5469,1500.00,-1,-1500.00
5.753006,245.3906,-739.248047,1165,819.1406,1500.00,-1,-1500.00
5.754007,246.5332,-738.105469,1163,817.7344,1500.00,-1,-1500.00
5.755008,247.7637,-736.875000,1162,817.0312,1500.00,-1,-1500.00
5.756009,248.9062,-735.732422,1160,815.6250,1500.00,-1,-1500.00
5.757010,250.2246,-734.414063,1158,814.2187,1500.00,-1,-1500.00
5.758011,251.5430,-733.095703,1156,812.8125,1500.00,-1,-1500.00
5.759012,252.5977,-732.041016,1154,811.4062,1500.00,-1,-1500.00
5.760013,253.8281,-730.810547,1152,810.0000,1500.00,-1,-1500.00
5.761014,255.1465,-729.492188,1150,808.5937,1500.00,-1,-1500.00
5.762015,256.2891,-728.349609,1148,807.1875,1500.00,-1,-1500.00
5.763016,257.6074,-727.031250,1146,805.7812,1500.00,-1,-1500.00
5.764016,258.7500,-725.888672,1144,804.3750,1500.00,-1,-1500.00
5.765017,259.8926,-724.746094,1142,802.9687,1500.00,-1,-1500.00
5.766018,261.2109,-723.427734,1140,801.5625,1500.00,-1,-1500.00
5.767019,262.4414,-722.197266,1138,800.1562,1500.00,-1,-1500.00
5.768019,263.7598,-720.878906,1136,798.7500,1500.00,-1,-1500.00
5.769020,264.9902,-719.648438,1135,798.0469,1500.00,-1,-1500.00
5.770021,266.0449,-718.593750,1132,795.9375,1500.00,-1,-1500.00
5.771022,267.3633,-717.275391,1131,795.2344,1500.00,-1,-1500.00
5.772023,268.6816,-715.957031,1128,793.1250,1500.00,-1,-1500.00
5.773024,269.8242,-714.814453,1127,792.4219,1500.00,-1,-1500.00
5.774025,271.0547,-713.583984,1125,791.0156,1500.00,-1,-1500.00
5.775026,272.3730,-712.265625,1123,789.6094,1500.00,-1,-1500.00
5.776027,273.4277,-711.210938,1121,788.2031,1500.00,-1,-1500.00
5.777028,274.7461,-709.892578,1119,786.7969,1500.00,-1,-1500.00
5.778029,275.9766,-708.662109,1117,785.3906,1500.00,-1,-1500.00
5.779030,277.2949,-707.343750,1115,783.9844,1500.00,-1,-1500.00
5.780031,278.6133,-706.025391,1113,782.5781,1500.00,-1,-1500.00
5.781032,279.7559,-704.882813,1111,781.1719,1500.00,-1,-1500.00
5.782033,281.0742,-703.564453,1109,779.7656,1500.00,-1,-1500.00
5.783034,282.3926,-702.246094,1108,779.0625,1500.00,-1,-1500.00
5.784035,283.6230,-701.015625,1106,777.6562,1500.00,-1,-1500.00
5.785036,284.9414,-699.697266,1104,776.2500,1500.00,-1,-1500.00
5.786037,286.2598,-698.378906,1102,774.8437,1500.00,-1,-1500.00
5.787038,287.4023,-697.236328,1100,773.4375,1500.00,-1,-1500.00
5.788039,288.8086,-695.830078,1098,772.0312,1500.00,-1,-1500.00
5.789040,290.0391,-694.599609,1096,770.6250,1500.00,-1,-1500.00
5.790041,291.3574,-693.281250,1094,769.2187,1500.00,-1,-1500.00
5.797259,301.0254,-683.613281,1080,759.3750,1500.00,-1,-1500.00
5.798260,302.5195,-682.119141,1078,757.9687,1500.00,-1,-1500.00
5.799261,303.8379,-680.800781,1076,756.5625,1500.00,-1,-1500.00
5.800262,305.2441,-679.394531,1075,755.8594,1500.00,-1,-1500.00
5.801263,306.6504,-677.988281,1073,754.4531,1500.00,-1,-1500.00
5.802264,307.8809,-676.757813,1071,753.0469,1500.00,-1,-1500.00
5.803265,309.3750,-675.263672,1069,751.6406,1500.00,-1,-1500.00
5.804266,310.8691,-673.769531,1067,750.2344,1500.00,-1,-1500.00
5.805267,312.2754,-672.363281,1065,748.8281,1500.00,-1,-1500.00
5.806268,313.6816,-670.957031,1063,747.4219,1500.00,-1,-1500.00
5.807269,315.1758,-669.462891,1061,746.0156,1500.00,-1,-1500.00
5.808270,316.5820,-668.056641,1059,744.6094,1500.00,-1,-1500.00
5.809271,318.1641,-666.474609,1057,743.2031,1500.00,-1,-1500.00
5.810272,319.4824,-665.156250,1055,741.7969,1500.00,-1,-1500.00
5.811273,320.9766,-663.662109,1053,740.3906,1500.00,-1,-1500.00
5.812274,322.3828,-662.255859,1051,738.9844,1500.00,-1,-1500.00
5.813275,323.7891,-660.849609,1049,737.5781,1500.00,-1,-1500.00
5.814276,325.2832,-659.355469,1047,736.1719,1500.00,-1,-1500.00
5.815277,326.8652,-657.773438,1046,735.4687,1500.00,-1,-1500.00
5.816278,328.1836,-656.455078,1044,734.0625,1500.00,-1,-1500.00
5.817279,329.7656,-654.873047,1042,732.6562,1500.00,-1,-1500.00
5.818280,331.3477,-653.291016,1040,731.2500,1500.00,-1,-1500.00
5.819281,332.8418,-651.796875,1038,729.8437,1500.00,-1,-1500.00
5.820282,334.4238,-650.214844,1036,728.4375,1500.00,-1,-1500.00
5.821283,335.8301,-648.808594,1034,727.0312,1500.00,-1,-1500.00
5.822284,337.4121,-647.226563,1032,725.6250,1500.00,-1,-1500.00
5.823285,338.9062,-645.732422,1031,724.9219,1500.00,-1,-1500.00
5.824286,340.2246,-644.414063,1028,722.8125,1500.00,-1,-1500.00
5.825287,341.8945,-642.744141,1027,722.1094,1500.00,-1,-1500.00
5.826288,343.4766,-641.162109,1025,720.7031,1500.00,-1,-1500.00
5.827289,344.8828,-639.755859,1023,719.2969,1500.00,-1,-1500.00
5.828290,346.2891,-638.349609,1021,717.8906,1500.00,-1,-1500.00
5.829291,347.8711,-636.767578,1019,716.4844,1500.00,-1,-1500.00
5.830292,349.3652,-635.273438,1017,715.0781,1500.00,-1,-1500.00
5.831292,351.0352,-633.603516,1015,713.6719,1500.00,-1,-1500.00
5.832293,352.4414,-632.197266,1013,712.2656,1500.00,-1,-1500.00
5.833294,353.8477,-630.791016,1011,710.8594,1500.00,-1,-1500.00
5.834295,355.4297,-629.208984,1009,709.4531,1500.00,-1,-1500.00
5.835295,356.8359,-627.802734,1007,708.0469,1500.00,-1,-1500.00
5.836296,358.4180,-626.220703,1005,706.6406,1500.00,-1,-1500.00
5.837297,0.0000,-624.638672,1004,705.9375,1500.00,-1,-1500.00
5.838298,1.3184,-623.320313,1002,704.5312,1500.00,-1,-1500.00
5.839299,2.9004,-621.738281,1000,703.1250,1500.00,-1,-1500.00
5.840300,4.5703,-620.068359,998,701.7187,1500.00,-1,-1500.00
5.841301,5.9766,-618.662109,996,700.3125,1500.00,-1,-1500.00
5.842302,7.4707,-617.167969,994,698.9062,1500.00,-1,-1500.00
5.843303,8.7012,-615.937500,992,697.5000,1500.00,-1,-1500.00
5.844304,10.2832,-614.355469,990,696.0937,1500.00,-1,-1500.00
5.845305,11.7773,-612.861328,988,694.6875,1500.00,-1,-1500.00
5.846306,13.1836,-611.455078,986,693.2812,1500.00,-1,-1500.00
5.853529,23.3789,-601.259766,973,684.1406,1500.00,-1,-1500.00
5.854530,24.7852,-599.853516,971,682.7344,1500.00,-1,-1500.00
5.855531,26.1035,-598.535156,969,681.3281,1500.00,-1,-1500.00
5.856532,27.4219,-597.216797,967,679.9219,1500.00,-1,-1500.00
5.857533,29.0039,-595.634766,965,678.5156,1500.00,-1,-1500.00
5.858534,30.3223,-594.316406,963,677.1094,1500.00,-1,-1500.00
5.859535,31.4648,-593.173828,961,675.7031,1500.00,-1,-1500.00
5.860536,32.6953,-591.943359,959,674.2969,1500.00,-1,-1500.00
5.861537,34.1895,-590.449219,957,672.8906,1500.00,-1,-1500.00
5.862538,35.5078,-589.130859,955,671.4844,1500.00,-1,-1500.00
5.863539,36.9141,-587.724609,953,670.0781,1500.00,-1,-1500.00
5.864540,38.0566,-586.582031,952,669.3750,1500.00,-1,-1500.00
5.865541,39.2871,-585.351563,950,667.9687,1500.00,-1,-1500.00
5.866542,40.6055,-584.033203,948,666.5625,1500.00,-1,-1500.00
5.867543,41.9238,-582.714844,946,665.1562,1500.00,-1,-1500.00
5.868544,43.3301,-581.308594,944,663.7500,1500.00,-1,-1500.00
5.869545,44.5605,-580.078125,942,662.3437,1500.00,-1,-1500.00
5.870546,45.7031,-578.935547,940,660.9375,1500.00,-1,-1500.00
5.871547,46.9336,-577.705078,938,659.5312,1500.00,-1,-1500.00
5.872548,48.2520,-576.386719,936,658.1250,1500.00,-1,-1500.00
5.873549,49.4824,-575.156250,934,656.7187,1500.00,-1,-1500.00
5.874550,50.8008,-573.837891,932,655.3125,1500.00,-1,-1500.00
5.875551,51.9434,-572.695313,930,653.9062,1500.00,-1,-1500.00
5.876551,53.1738,-571.464844,928,652.5000,1500.00,-1,-1500.00
5.877552,54.4043,-570.234375,927,651.7969,1500.00,-1,-1500.00
5.878553,55.4590,-569.179688,924,649.6875,1500.00,-1,-1500.00
5.879554,56.7773,-567.861328,923,648.9844,1500.00,-1,-1500.00
5.880554,58.0078,-566.630859,921,647.5781,1500.00,-1,-1500.00
5.881555,59.1504,-565.488281,919,646.1719,1500.00,-1,-1500.00
5.882556,60.3809,-564.257813,917,644.7656,1500.00,-1,-1500.00
5.883557,61.6113,-563.027344,915,643.3594,1500.00,-1,-1500.00
5.884558,62.8418,-561.796875,913,641.9531,1500.00,-1,-1500.00
5.885559,64.0723,-560.566406,911,640.5469,1500.00,-1,-1500.00
5.886560,65.2148,-559.423828,909,639.1406,1500.00,-1,-1500.00
5.887561,66.2695,-558.369141,907,637.7344,1500.00,-1,-1500.00
5.888562,67.5000,-557.138672,905,636.3281,1500.00,-1,-1500.00
5.889563,68.6426,-555.996094,903,634.9219,1500.00,-1,-1500.00
5.890564,69.9609,-554.677734,902,634.2187,1500.00,-1,-1500.00
5.891565,71.1914,-553.447266,900,632.8125,1500.00,-1,-1500.00
5.892566,72.2461,-552.392578,898,631.4062,1500.00,-1,-1500.00
5.893567,73.3887,-551.250000,896,630.0000,1500.00,-1,-1500.00
5.894568,74.7070,-549.931641,894,628.5937,1500.00,-1,-1500.00
5.895569,75.8496,-548.789063,892,627.1875,1500.00,-1,-1500.00
5.896570,76.9922,-547.646484,890,625.7812,1500.00,-1,-1500.00
5.897571,78.0469,-546.591797,888,624.3750,1500.00,-1,-1500.00
5.898572,79.2773,-545.361328,886,622.9687,1500.00,-1,-1500.00
5.899573,80.5078,-544.130859,884,621.5625,1500.00,-1,-1500.00
5.900574,81.7383,-542.900391,882,620.1562,1500.00,-1,-1500.00
5.901575,82.8809,-541.757813,880,618.7500,1500.00,-1,-1500.00
5.902576,84.1113,-540.527344,879,618.0469,1500.00,-1,-1500.00
5.909848,92.8125,-531.826172,865,608.2031,1500.00,-1,-1500.00
5.910849,94.0430,-530.595703,863,606.7969,1500.00,-1,-1500.00
5.911850,95.0977,-529.541016,861,605.3906,1500.00,-1,-1500.00
5.912851,96.4160,-528.222656,859,603.9844,1500.00,-1,-1500.00
5.913852,97.6465,-526.992188,857,602.5781,1500.00,-1,-1500.00
5.914853,98.7891,-525.849609,855,601.1719,1500.00,-1,-1500.00
5.915854,100.1953,-524.443359,853,599.7656,1500.00,-1,-1500.00
5.916855,101.4258,-523.212891,851,598.3594,1500.00,-1,-1500.00
5.917856,102.5684,-522.070313,850,597.6562,1500.00,-1,-1500.00
5.918857,103.9746,-520.664063,848,596.2500,1500.00,-1,-1500.00
5.919858,105.2051,-519.433594,846,594.8437,1500.00,-1,-1500.00
5.920859,106.4355,-518.203125,844,593.4375,1500.00,-1,-1500.00
5.921860,107.7539,-516.884766,842,592.0312,1500.00,-1,-1500.00
5.922861,108.8965,-515.742188,840,590.6250,1500.00,-1,-1500.00
5.923862,110.2148,-514.423828,838,589.2187,1500.00,-1,-1500.00
5.924863,111.6211,-513.017578,836,587.8125,1500.00,-1,-1500.00
5.925864,112.8516,-511.787109,834,586.4062,1500.00,-1,-1500.00
5.926865,114.2578,-510.380859,832,585.0000,1500.00,-1,-1500.00
5.927866,115.5762,-509.062500,830,583.5937,1500.00,-1,-1500.00
5.928867,116.8066,-507.832031,828,582.1875,1500.00,-1,-1500.00
5.929868,118.1250,-506.513672,826,580.7812,1500.00,-1,-1500.00
5.930869,119.6191,-505.019531,824,579.3750,1500.00,-1,-1500.00
5.931870,120.8496,-503.789062,822,577.9687,1500.00,-1,-1500.00
5.932871,122.2559,-502.382812,820,576.5625,1500.00,-1,-1500.00
5.933872,123.4863,-501.152344,819,575.8594,1500.00,-1,-1500.00
5.934873,124.9805,-499.658203,817,574.4531,1500.00,-1,-1500.00
5.935874,126.4746,-498.164062,815,573.0469,1500.00,-1,-1500.00
5.936875,127.7051,-496.933594,813,571.6406,1500.00,-1,-1500.00
5.937876,129.1113,-495.527344,811,570.2344,1500.00,-1,-1500.00
5.938876,130.6055,-494.033203,809,568.8281,1500.00,-1,-1500.00
5.939877,132.0117,-492.626953,807,567.4219,1500.00,-1,-1500.00
5.940878,133.4180,-491.220703,805,566.0156,1500.00,-1,-1500.00
5.941879,134.9121,-489.726562,803,564.6094,1500.00,-1,-1500.00
5.942879,136.2305,-488.408203,801,563.2031,1500.00,-1,-1500.00
5.943880,137.8125,-486.826172,800,562.5000,1500.00,-1,-1500.00
5.944881,139.1309,-485.507812,798,561.0937,1500.00,-1,-1500.00
5.945882,140.6250,-484.013672,796,559.6875,1500.00,-1,-1500.00
5.946883,142.1191,-482.519531,794,558.2812,1500.00,-1,-1500.00
5.947884,143.5254,-481.113281,792,556.8750,1500.00,-1,-1500.00
5.948885,145.1074,-479.531250,790,555.4687,1500.00,-1,-1500.00
5.949886,146.6016,-478.037109,788,554.0625,1500.00,-1,-1500.00
5.950887,147.9199,-476.718750,786,552.6562,1500.00,-1,-1500.00
5.951888,149.5898,-475.048828,784,551.2500,1500.00,-1,-1500.00
5.952889,151.2598,-473.378906,782,549.8437,1500.00,-1,-1500.00
5.953890,152.5781,-472.060547,780,548.4375,1500.00,-1,-1500.00
5.954891,154.0723,-470.566406,778,547.0312,1500.00,-1,-1500.00
5.955892,155.4785,-469.160156,776,545.6250,1500.00,-1,-1500.00
5.956893,157.0605,-467.578125,774,544.2187,1500.00,-1,-1500.00
5.957894,158.7305,-465.908203,772,542.8125,1500.00,-1,-1500.00
5.958895,160.2246,-464.414062,771,542.1094,1500.00,-1,-1500.00
5.966167,171.2988,-453.339844,756,531.5625,1500.00,-1,-1500.00
5.967168,172.7051,-451.933594,755,530.8594,1500.00,-1,-1500.00
5.968169,174.2871,-450.351562,753,529.4531,1500.00,-1,-1500.00
5.969170,175.9570,-448.681641,751,528.0469,1500.00,-1,-1500.00
5.970171,177.2754,-447.363281,749,526.6406,1500.00,-1,-1500.00
5.971172,178.9453,-445.693359,747,525.2344,1500.00,-1,-1500.00
5.972173,180.4395,-444.199219,745,523.8281,1500.00,-1,-1500.00
5.973174,181.8457,-442.792969,743,522.4219,1500.00,-1,-1500.00
5.974175,183.5156,-441.123047,741,521.0156,1500.00,-1,-1500.00
5.975176,185.1855,-439.453125,739,519.6094,1500.00,-1,-1500.00
5.976177,186.5918,-438.046875,738,518.9062,1500.00,-1,-1500.00
5.977178,187.9980,-436.640625,736,517.5000,1500.00,-1,-1500.00
5.978179,189.3164,-435.322266,734,516.0937,1500.00,-1,-1500.00
5.979180,190.8984,-433.740234,732,514.6875,1500.00,-1,-1500.00
5.980181,192.5684,-432.070312,730,513.2812,1500.00,-1,-1500.00
5.981182,193.7988,-430.839844,728,511.8750,1500.00,-1,-1500.00
5.982183,195.2930,-429.345703,726,510.4687,1500.00,-1,-1500.00
5.983184,196.8750,-427.763672,724,509.0625,1500.00,-1,-1500.00
5.984185,198.2812,-426.357422,722,507.6562,1500.00,-1,-1500.00
5.985186,199.7754,-424.863281,720,506.2500,1500.00,-1,-1500.00
5.986187,201.2695,-423.369141,718,504.8437,1500.00,-1,-1500.00
5.987188,202.5879,-422.050781,716,503.4375,1500.00,-1,-1500.00
5.988189,204.0820,-420.556641,714,502.0312,1500.00,-1,-1500.00
5.989190,205.4004,-419.238281,712,500.6250,1500.00,-1,-1500.00
5.990191,206.8066,-417.832031,710,499.2187,1500.00,-1,-1500.00
5.991192,208.3008,-416.337891,708,497.8125,1500.00,-1,-1500.00
5.992193,209.6191,-415.019531,706,496.4062,1500.00,-1,-1500.00
5.993194,210.9375,-413.701172,704,495.0000,1500.00,-1,-1500.00
5.994195,212.4316,-412.207031,703,494.2969,1500.00,-1,-1500.00
5.995196,213.7500,-410.888672,701,492.8906,1500.00,-1,-1500.00
5.996197,215.2441,-409.394531,699,491.4844,1500.00,-1,-1500.00
5.997197,216.6504,-407.988281,697,490.0781,1500.00,-1,-1500.00
5.998198,217.7930,-406.845703,695,488.6719,1500.00,-1,-1500.00
5.999199,219.1992,-405.439453,693,487.2656,1500.00,-1,-1500.00
6.000200,220.4297,-404.208984,691,485.8594,1500.00,-1,-1500.00
6.001200,221.8359,-402.802734,689,484.4531,1500.00,-1,-1500.00
6.002201,223.1543,-401.484375,687,483.0469,1500.00,-1,-1500.00
6.003202,224.3848,-400.253906,686,482.3437,1500.00,-1,-1500.00
6.004203,225.7910,-398.847656,684,480.9375,1500.00,-1,-1500.00
6.005204,227.1094,-397.529297,682,479.5312,1500.00,-1,-1500.00
6.006205,228.3398,-396.298828,680,478.1250,1500.00,-1,-1500.00
6.007206,229.6582,-394.980469,678,476.7187,1500.00,-1,-1500.00
6.008207,231.0645,-393.574219,676,475.3125,1500.00,-1,-1500.00
6.009208,232.2070,-392.431641,674,473.9062,1500.00,-1,-1500.00
6.010209,233.4375,-391.201172,672,472.5000,1500.00,-1,-1500.00
6.011210,234.6680,-389.970703,670,471.0937,1500.00,-1,-1500.00
6.012211,235.9863,-388.652344,668,469.6875,1500.00,-1,-1500.00
6.013212,237.3047,-387.333984,666,468.2812,1500.00,-1,-1500.00
6.014213,238.4473,-386.191406,664,466.8750,1500.00,-1,-1500.00
6.015214,239.6777,-384.960937,662,465.4687,1500.00,-1,-1500.00
6.023069,249.4336,-375.205078,647,454.9219,1500.00,-1,-1500.00
6.024070,250.6641,-373.974609,645,453.5156,1500.00,-1,-1500.00
6.025070,251.8066,-372.832031,643,452.1094,1500.00,-1,-1500.00
6.026071,253.1250,-371.513672,641,450.7031,1500.00,-1,-1500.00
6.027072,254.3555,-370.283203,639,449.2969,1500.00,-1,-1500.00
6.028073,255.5859,-369.052734,637,447.8906,1500.00,-1,-1500.00
6.029074,256.9043,-367.734375,635,446.4844,1500.00,-1,-1500.00
6.030075,257.9590,-366.679687,634,445.7812,1500.00,-1,-1500.00
6.031076,259.1895,-365.449219,632,444.3750,1500.00,-1,-1500.00
6.032077,260.4199,-364.218750,630,442.9687,1500.00,-1,-1500.00
6.033078,261.6504,-362.988281,628,441.5625,1500.00,-1,-1500.00
6.034079,263.0566,-361.582031,626,440.1562,1500.00,-1,-1500.00
6.035080,264.2871,-360.351562,624,438.7500,1500.00,-1,-1500.00
6.036081,265.3418,-359.296875,622,437.3437,1500.00,-1,-1500.00
6.037082,266.5723,-358.066406,620,435.9375,1500.00,-1,-1500.00
6.038083,267.8906,-356.748047,618,434.5312,1500.00,-1,-1500.00
6.039084,269.1211,-355.517578,616,433.1250,1500.00,-1,-1500.00
6.040085,270.4395,-354.199219,614,431.7187,1500.00,-1,-1500.00
6.041086,271.4941,-353.144531,612,430.3125,1500.00,-1,-1500.00
6.042087,272.8125,-351.826172,610,428.9062,1500.00,-1,-1500.00
6.043088,274.1309,-350.507812,608,427.5000,1500.00,-1,-1500.00
6.044089,275.2734,-349.365234,606,426.0937,1500.00,-1,-1500.00
6.045090,276.5918,-348.046875,604,424.6875,1500.00,-1,-1500.00
6.046091,277.9102,-346.728516,603,423.9844,1500.00,-1,-1500.00
6.047092,279.0527,-345.585937,601,422.5781,1500.00,-1,-1500.00
6.048093,280.3711,-344.267578,599,421.1719,1500.00,-1,-1500.00
6.049094,281.6895,-342.949219,597,419.7656,1500.00,-1,-1500.00
6.050095,282.9199,-341.718750,595,418.3594,1500.00,-1,-1500.00
6.051096,284.2383,-340.400391,593,416.9531,1500.00,-1,-1500.00
6.052097,285.3809,-339.257812,591,415.5469,1500.00,-1,-1500.00
6.053098,286.7871,-337.851562,589,414.1406,1500.00,-1,-1500.00
6.054099,288.1055,-336.533203,587,412.7344,1500.00,-1,-1500.00
6.055100,289.2480,-335.390625,585,411.3281,1500.00,-1,-1500.00
6.056101,290.6543,-333.984375,583,409.9219,1500.00,-1,-1500.00
6.057102,292.0605,-332.578125,582,409.2187,1500.00,-1,-1500.00
6.058103,293.2031,-331.435547,579,407.1094,1500.00,-1,-1500.00
6.059104,294.6094,-330.029297,578,406.4062,1500.00,-1,-1500.00
6.060105,296.0156,-328.623047,576,405.0000,1500.00,-1,-1500.00
6.061106,297.3340,-327.304687,574,403.5937,1500.00,-1,-1500.00
6.062107,298.6523,-325.986328,572,402.1875,1500.00,-1,-1500.00
6.063108,299.8828,-324.755859,570,400.7812,1500.00,-1,-1500.00
6.064109,301.3770,-323.261719,568,399.3750,1500.00,-1,-1500.00
6.065110,302.8711,-321.767578,566,397.9687,1500.00,-1,-1500.00
6.066111,304.1895,-320.449219,564,396.5625,1500.00,-1,-1500.00
6.067112,305.5078,-319.130859,562,395.1562,1500.00,-1,-1500.00
6.068113,306.9141,-317.724609,560,393.7500,1500.00,-1,-1500.00
6.069114,308.1445,-316.494141,558,392.3437,1500.00,-1,-1500.00
6.070115,309.7266,-314.912109,556,390.9375,1500.00,-1,-1500.00
6.071116,311.3086,-313.330078,555,390.2344,1500.00,-1,-1500.00
6.072117,312.5391,-312.099609,553,388.8281,1500.00,-1,-1500.00
6.079340,322.8223,-301.816406,539,378.9844,1500.00,-1,-1500.00
6.080341,324.4043,-300.234375,537,377.5781,1500.00,-1,-1500.00
6.081342,325.9863,-298.652344,535,376.1719,1500.00,-1,-1500.00
6.082343,327.3926,-297.246094,533,374.7656,1500.00,-1,-1500.00
6.083344,328.8867,-295.751953,531,373.3594,1500.00,-1,-1500.00
6.084345,330.2930,-294.345703,529,371.9531,1500.00,-1,-1500.00
6.085346,331.8750,-292.763672,527,370.5469,1500.00,-1,-1500.00
6.086347,333.4570,-291.181641,525,369.1406,1500.00,-1,-1500.00
6.087348,334.8633,-289.775391,523,367.7344,1500.00,-1,-1500.00
6.088349,336.4453,-288.193359,522,367.0312,1500.00,-1,-1500.00
6.089350,338.1152,-286.523437,520,365.6250,1500.00,-1,-1500.00
6.090350,339.4336,-285.205078,518,364.2187,1500.00,-1,-1500.00
6.091351,340.9277,-283.710937,516,362.8125,1500.00,-1,-1500.00
6.092352,342.5977,-282.041016,514,361.4062,1500.00,-1,-1500.00
6.093353,344.0039,-280.634766,512,360.0000,1500.00,-1,-1500.00
6.094353,345.4980,-279.140625,510,358.5937,1500.00,-1,-1500.00
6.095354,346.8164,-277.822266,508,357.1875,1500.00,-1,-1500.00
6.096355,348.3984,-276.240234,506,355.7812,1500.00,-1,-1500.00
6.097356,350.0684,-274.570312,504,354.3750,1500.00,-1,-1500.00
6.098357,351.4746,-273.164062,503,353.6719,1500.00,-1,-1500.00
6.099358,353.0566,-271.582031,501,352.2656,1500.00,-1,-1500.00
6.100359,354.5508,-270.087891,499,350.8594,1500.00,-1,-1500.00
6.101360,355.8691,-268.769531,497,349.4531,1500.00,-1,-1500.00
6.102361,357.4512,-267.187500,495,348.0469,1500.00,-1,-1500.00
6.103362,359.2090,-265.429687,493,346.6406,1500.00,-1,-1500.00
6.104363,0.5273,-264.111328,491,345.2344,1500.00,-1,-1500.00
6.105364,2.0215,-262.617187,489,343.8281,1500.00,-1,-1500.00
6.106365,3.4277,-261.210937,487,342.4219,1500.00,-1,-1500.00
6.107366,5.0098,-259.628906,485,341.0156,1500.00,-1,-1500.00
6.108367,6.5918,-258.046875,483,339.6094,1500.00,-1,-1500.00
6.109368,7.9980,-256.640625,481,338.2031,1500.00,-1,-1500.00
6.110369,9.4922,-255.146484,479,336.7969,1500.00,-1,-1500.00
6.111370,10.8984,-253.740234,477,335.3906,1500.00,-1,-1500.00
6.112371,12.3047,-252.333984,475,333.9844,1500.00,-1,-1500.00
6.113372,13.7988,-250.839844,474,333.2812,1500.00,-1,-1500.00
6.114373,15.2930,-249.345703,472,331.8750,1500.00,-1,-1500.00
6.115374,16.6113,-248.027344,470,330.4687,1500.00,-1,-1500.00
6.116375,18.0176,-246.621094,468,329.0625,1500.00,-1,-1500.00
6.117376,19.5117,-245.126953,466,327.6562,1500.00,-1,-1500.00
6.118377,20.8301,-243.808594,464,326.2500,1500.00,-1,-1500.00
6.119378,22.3242,-242.314453,462,324.8437,1500.00,-1,-1500.00
6.120379,23.5547,-241.083984,460,323.4375,1500.00,-1,-1500.00
6.121380,25.0488,-239.589844,458,322.0312,1500.00,-1,-1500.00
6.122381,26.4551,-238.183594,456,320.6250,1500.00,-1,-1500.00
6.123382,27.5977,-237.041016,454,319.2187,1500.00,-1,-1500.00
6.124383,29.0918,-235.546875,452,317.8125,1500.00,-1,-1500.00
6.125384,30.5859,-234.052734,451,317.1094,1500.00,-1,-1500.00
6.126385,31.7285,-232.910156,449,315.7031,1500.00,-1,-1500.00
6.127386,33.0469,-231.591797,447,314.2969,1500.00,-1,-1500.00
6.128387,34.4531,-230.185547,445,312.8906,1500.00,-1,-1500.00
6.135610,43.9453,-220.693359,431,303.0469,1500.00,-1,-1500.00
6.136611,45.0000,-219.638672,429,301.6406,1500.00,-1,-1500.00
6.137612,46.3184,-218.320312,427,300.2344,1500.00,-1,-1500.00
6.138613,47.6367,-217.001953,425,298.8281,1500.00,-1,-1500.00
6.139613,48.7793,-215.859375,423,297.4219,1500.00,-1,-1500.00
6.140614,50.0098,-214.628906,421,296.0156,1500.00,-1,-1500.00
6.141615,51.1523,-213.486328,420,295.3125,1500.00,-1,-1500.00
6.142616,52.4707,-212.167969,418,293.9062,1500.00,-1,-1500.00
6.143616,53.7012,-210.937500,416,292.5000,1500.00,-1,-1500.00
6.144617,54.7559,-209.882812,414,291.0937,1500.00,-1,-1500.00
6.145618,56.0742,-208.564453,412,289.6875,1500.00,-1,-1500.00
6.146619,57.3047,-207.333984,410,288.2812,1500.00,-1,-1500.00
6.147620,58.3594,-206.279297,408,286.8750,1500.00,-1,-1500.00
6.148621,59.6777,-204.960937,406,285.4687,1500.00,-1,-1500.00
6.149622,60.9082,-203.730469,404,284.0625,1500.00,-1,-1500.00
6.150623,62.0508,-202.587891,402,282.6562,1500.00,-1,-1500.00
6.151624,63.3691,-201.269531,400,281.2500,1500.00,-1,-1500.00
6.152625,64.4238,-200.214844,398,279.8437,1500.00,-1,-1500.00
6.153626,65.5664,-199.072266,396,278.4375,1500.00,-1,-1500.00
6.154627,66.7090,-197.929687,395,277.7344,1500.00,-1,-1500.00
6.155628,67.8516,-196.787109,392,275.6250,1500.00,-1,-1500.00
6.156629,69.2578,-195.380859,391,274.9219,1500.00,-1,-1500.00
6.157630,70.4883,-194.150391,389,273.5156,1500.00,-1,-1500.00
6.158631,71.5430,-193.095703,387,272.1094,1500.00,-1,-1500.00
6.159632,72.6855,-191.953125,385,270.7031,1500.00,-1,-1500.00
6.160633,73.9160,-190.722656,383,269.2969,1500.00,-1,-1500.00
6.161634,75.1465,-189.492187,381,267.8906,1500.00,-1,-1500.00
6.162635,76.2891,-188.349609,379,266.4844,1500.00,-1,-1500.00
6.163636,77.2559,-187.382812,378,265.7812,1500.00,-1,-1500.00
6.164637,78.5742,-186.064453,376,264.3750,1500.00,-1,-1500.00
6.165638,79.8047,-184.833984,374,262.9687,1500.00,-1,-1500.00
6.166639,80.9473,-183.691406,372,261.5625,1500.00,-1,-1500.00
6.167640,82.2656,-182.373047,370,260.1562,1500.00,-1,-1500.00
6.168641,83.4961,-181.142578,368,258.7500,1500.00,-1,-1500.00
6.169642,84.4629,-180.175781,366,257.3437,1500.00,-1,-1500.00
6.170643,85.7813,-178.857422,364,255.9375,1500.00,-1,-1500.00
6.171644,87.0117,-177.626953,362,254.5312,1500.00,-1,-1500.00
6.172645,88.1543,-176.484375,360,253.1250,1500.00,-1,-1500.00
6.173646,89.3848,-175.253906,358,251.7187,1500.00,-1,-1500.00
6.174647,90.5273,-174.111328,356,250.3125,1500.00,-1,-1500.00
6.175648,91.7578,-172.880859,354,248.9062,1500.00,-1,-1500.00
6.176649,92.9883,-171.650391,352,247.5000,1500.00,-1,-1500.00
6.177650,94.0430,-170.595703,351,246.7969,1500.00,-1,-1500.00
6.178651,95.3613,-169.277344,349,245.3906,1500.00,-1,-1500.00
6.179652,96.6797,-167.958984,347,243.9844,1500.00,-1,-1500.00
6.180653,97.8223,-166.816406,345,242.5781,1500.00,-1,-1500.00
6.181654,98.9648,-165.673828,343,241.1719,1500.00,-1,-1500.00
6.182655,100.2832,-164.355469,341,239.7656,1500.00,-1,-1500.00
6.183656,101.5137,-163.125000,339,238.3594,1500.00,-1,-1500.00
6.184657,102.8320,-161.806641,337,236.9531,1500.00,-1,-1500.00
6.191928,111.8848,-152.753906,323,227.1094,1500.00,-1,-1500.00
6.192929,113.3789,-151.259766,321,225.7031,1500.00,-1,-1500.00
6.193929,114.7852,-149.853516,320,225.0000,1500.00,-1,-1500.00
6.194930,115.9277,-148.710937,318,223.5937,1500.00,-1,-1500.00
6.195931,117.3340,-147.304687,316,222.1875,1500.00,-1,-1500.00
6.196932,118.5645,-146.074219,314,220.7812,1500.00,-1,-1500.00
6.197933,120.0586,-144.580078,312,219.3750,1500.00,-1,-1500.00
6.198934,121.4648,-143.173828,310,217.9687,1500.00,-1,-1500.00
6.199935,122.6953,-141.943359,308,216.5625,1500.00,-1,-1500.00
6.200936,124.1016,-140.537109,306,215.1562,1500.00,-1,-1500.00
6.201937,125.5957,-139.042969,304,213.7500,1500.00,-1,-1500.00
6.202938,127.0020,-137.636719,302,212.3437,1500.00,-1,-1500.00
6.203939,128.4082,-136.230469,300,210.9375,1500.00,-1,-1500.00
6.204940,129.7266,-134.912109,298,209.5312,1500.00,-1,-1500.00
6.205941,130.9570,-133.681641,296,208.1250,1500.00,-1,-1500.00
6.206942,132.5391,-132.099609,294,206.7187,1500.00,-1,-1500.00
6.207943,133.8574,-130.781250,292,205.3125,1500.00,-1,-1500.00
6.208944,135.3516,-129.287109,290,203.9062,1500.00,-1,-1500.00
6.209945,136.8457,-127.792969,289,203.2031,1500.00,-1,-1500.00
6.210946,138.2520,-126.386719,287,201.7969,1500.00,-1,-1500.00
6.211947,139.8340,-124.804687,285,200.3906,1500.00,-1,-1500.00
6.212948,141.2402,-123.398437,283,198.9844,1500.00,-1,-1500.00
6.213949,142.6465,-121.992187,281,197.5781,1500.00,-1,-1500.00
6.214950,144.2285,-120.410156,279,196.1719,1500.00,-1,-1500.00
6.215951,145.8105,-118.828125,277,194.7656,1500.00,-1,-1500.00
6.216952,147.2168,-117.421875,275,193.3594,1500.00,-1,-1500.00
6.217953,148.6230,-116.015625,273,191.9531,1500.00,-1,-1500.00
6.218954,150.1172,-114.521484,271,190.5469,1500.00,-1,-1500.00
6.219955,151.6113,-113.027344,270,189.8437,1500.00,-1,-1500.00
6.220956,153.1934,-111.445312,268,188.4375,1500.00,-1,-1500.00
6.221957,154.5996,-110.039062,266,187.0312,1500.00,-1,-1500.00
6.222958,156.1816,-108.457031,264,185.6250,1500.00,-1,-1500.00
6.223959,157.7637,-106.875000,262,184.2187,1500.00,-1,-1500.00
6.224960,159.2578,-105.380859,260,182.8125,1500.00,-1,-1500.00
6.225961,160.9277,-103.710937,258,181.4062,1500.00,-1,-1500.00
6.226962,162.4219,-102.216797,256,180.0000,1500.00,-1,-1500.00
6.227963,163.8281,-100.810547,254,178.5937,1500.00,-1,-1500.00
6.228964,165.3223,-99.316406,252,177.1875,1500.00,-1,-1500.00
6.229965,166.9922,-97.646484,250,175.7812,1500.00,-1,-1500.00
6.230966,168.3984,-96.240234,248,174.3750,1500.00,-1,-1500.00
6.231967,169.9805,-94.658203,246,172.9687,1500.00,-1,-1500.00
6.232968,171.2988,-93.339844,244,171.5625,1500.00,-1,-1500.00
6.233969,172.9687,-91.669922,242,170.1562,1500.00,-1,-1500.00
6.234970,174.6387,-90.000000,240,168.7500,1500.00,-1,-1500.00
6.235971,176.0449,-88.593750,239,168.0469,1500.00,-1,-1500.00
6.236972,177.6270,-87.011719,237,166.6406,1500.00,-1,-1500.00
6.237973,179.2090,-85.429687,235,165.2344,1500.00,-1,-1500.00
6.238974,180.6152,-84.023437,233,163.8281,1500.00,-1,-1500.00
6.239975,182.1973,-82.441406,231,162.4219,1500.00,-1,-1500.00
6.240976,183.7793,-80.859375,229,161.0156,1500.00,-1,-1500.00
6.248246,194.5898,-70.048828,215,151.1719,1500.00,-1,-1500.00
6.249247,195.9961,-68.642578,213,149.7656,1500.00,-1,-1500.00
6.250248,197.3145,-67.324219,211,148.3594,1500.00,-1,-1500.00
6.251249,198.8965,-65.742187,209,146.9531,1500.00,-1,-1500.00
6.252250,200.3906,-64.248047,207,145.5469,1500.00,-1,-1500.00
6.253251,201.7969,-62.841797,206,144.8437,1500.00,-1,-1500.00
6.254252,203.2031,-61.435547,204,143.4375,1500.00,-1,-1500.00
6.255253,204.5215,-60.117187,202,142.0312,1500.00,-1,-1500.00
6.256254,206.0156,-58.623047,200,140.6250,1500.00,-1,-1500.00
6.257255,207.5098,-57.128906,198,139.2187,1500.00,-1,-1500.00
6.258256,208.8281,-55.810547,196,137.8125,1500.00,-1,-1500.00
6.259257,210.1465,-54.492187,194,136.4062,1500.00,-1,-1500.00
6.260258,211.5527,-53.085937,192,135.0000,1500.00,-1,-1500.00
6.261259,212.8711,-51.767578,190,133.5937,1500.00,-1,-1500.00
6.262260,214.3652,-50.273437,188,132.1875,1500.00,-1,-1500.00
6.263261,215.7715,-48.867187,186,130.7812,1500.00,-1,-1500.00
6.264262,217.0020,-47.636719,184,129.3750,1500.00,-1,-1500.00
6.265263,218.4082,-46.230469,182,127.9688,1500.00,-1,-1500.00
6.266264,219.6387,-45.000000,180,126.5625,1500.00,-1,-1500.00
6.267265,220.9570,-43.681641,178,125.1563,1500.00,-1,-1500.00
6.268266,222.4512,-42.187500,176,123.7500,1500.00,-1,-1500.00
6.269267,223.6816,-40.957031,174,122.3438,1500.00,-1,-1500.00
6.270268,225.0000,-39.638672,172,120.9375,1500.00,-1,-1500.00
6.271269,226.3184,-38.320312,171,120.2344,1500.00,-1,-1500.00
6.272270,227.5488,-37.089844,169,118.8281,1500.00,-1,-1500.00
6.273271,228.8672,-35.771484,167,117.4219,1500.00,-1,-1500.00
6.274272,230.3613,-34.277344,165,116.0156,1500.00,-1,-1500.00
6.275273,231.5918,-33.046875,163,114.6094,1500.00,-1,-1500.00
6.276274,232.8223,-31.816406,161,113.2031,1500.00,-1,-1500.00
6.277275,233.8770,-30.761719,159,111.7969,1500.00,-1,-1500.00
6.278276,235.1953,-29.443359,157,110.3906,1500.00,-1,-1500.00
6.279277,236.5137,-28.125000,155,108.9844,1500.00,-1,-1500.00
6.280278,237.6562,-26.982422,154,108.2813,1500.00,-1,-1500.00
6.281279,238.9746,-25.664062,152,106.8750,1500.00,-1,-1500.00
6.282280,240.2930,-24.345703,150,105.4688,1500.00,-1,-1500.00
6.283281,241.4355,-23.203125,148,104.0625,1500.00,-1,-1500.00
6.284282,242.7539,-21.884766,146,102.6563,1500.00,-1,-1500.00
6.285283,244.0723,-20.566406,144,101.2500,1500.00,-1,-1500.00
6.286284,245.2148,-19.423828,142,99.8438,1500.00,-1,-1500.00
6.287285,246.4453,-18.193359,140,98.4375,1500.00,-1,-1500.00
6.288286,247.5000,-17.138672,138,97.0313,1500.00,-1,-1500.00
6.289287,248.9062,-15.732422,136,95.6250,1500.00,-1,-1500.00
6.290288,250.3125,-14.326172,134,94.2188,1500.00,-1,-1500.00
6.291289,251.3672,-13.271484,132,92.8125,1500.00,-1,-1500.00
6.292290,252.5098,-12.128906,130,91.4063,1500.00,-1,-1500.00
6.293291,253.8281,-10.810547,128,90.0000,1500.00,-1,-1500.00
6.294292,255.0586,-9.580078,126,88.5938,1500.00,-1,-1500.00
6.295293,256.2012,-8.437500,124,87.1875,1500.00,-1,-1500.00
6.296294,257.5195,-7.119141,122,85.7813,1500.00,-1,-1500.00
6.297295,258.6621,-5.976562,120,84.3750,1500.00,-1,-1500.00
6.305152,263.4082,-1.230469,114,80.1563,0.00,1,0.00
6.306153,263.8477,-0.791016,112,78.7500,0.00,1,0.00
6.307154,264.3750,-0.263672,112,78.7500,0.00,1,0.00
6.308155,264.4629,-0.175781,113,79.4531,0.00,1,0.00
6.309156,263.9355,-0.703125,113,79.4531,0.00,1,0.00
6.310157,263.6719,-0.966797,112,78.7500,0.00,1,0.00
6.311158,263.9355,-0.703125,111,78.0469,0.00,1,0.00
6.312159,264.2871,-0.351563,111,78.0469,0.00,1,0.00
6.313160,264.3750,-0.263672,111,78.0469,0.00,1,0.00
6.314161,263.9355,-0.703125,112,78.7500,0.00,1,0.00
6.315162,263.7598,-0.878906,111,78.0469,0.00,1,0.00
6.316163,263.9355,-0.703125,111,78.0469,0.00,1,0.00
6.317164,264.1992,-0.439453,111,78.0469,0.00,1,0.00
6.318165,264.1113,-0.527344,111,78.0469,0.00,1,0.00
6.319166,263.8477,-0.791016,112,78.7500,0.00,1,0.00
6.320167,263.9355,-0.703125,111,78.0469,0.00,1,0.00
6.321168,264.1113,-0.527344,111,78.0469,0.00,1,0.00
6.322169,264.1113,-0.527344,111,78.0469,0.00,1,0.00
6.323170,264.0234,-0.615234,111,78.0469,0.00,1,0.00
6.324171,263.9355,-0.703125,111,78.0469,0.00,1,0.00
6.325172,264.0234,-0.615234,111,78.0469,0.00,1,0.00
6.326173,264.1113,-0.527344,111,78.0469,0.00,1,0.00
6.327174,264.1113,-0.527344,111,78.0469,0.00,1,0.00
6.328175,264.0234,-0.615234,111,78.0469,0.00,1,0.00
6.329176,264.0234,-0.615234,111,78.0469,0.00,1,0.00
6.330177,264.0234,-0.615234,111,78.0469,0.00,1,0.00
6.331178,264.0234,-0.615234,111,78.0469,0.00,1,0.00
6.332179,264.0234,-0.615234,111,78.0469,0.00,1,0.00
6.333180,263.9355,-0.703125,111,78.0469,0.00,1,0.00
6.334181,264.0234,-0.615234,111,78.0469,0.00,1,0.00
6.335182,264.0234,-0.615234,111,78.0469,0.00,1,0.00
6.336183,264.0234,-0.615234,111,78.0469,0.00,1,0.00
6.337184,264.0234,-0.615234,111,78.0469,0.00,1,0.00
6.338185,264.0234,-0.615234,111,78.0469,0.00,1,0.00
6.339186,264.0234,-0.615234,111,78.0469,0.00,1,0.00
6.340187,264.0234,-0.615234,111,78.0469,0.00,1,0.00
6.341188,264.0234,-0.615234,111,78.0469,0.00,1,0.00
6.342189,264.0234,-0.615234,111,78.0469,0.00,1,0.00
6.343190,264.0234,-0.615234,111,78.0469,0.00,1,0.00
6.344191,264.0234,-0.615234,111,78.0469,0.00,1,0.00
6.345192,264.0234,-0.615234,111,78.0469,0.00,1,0.00
6.346193,264.0234,-0.615234,111,78.0469,0.00,1,0.00
6.347194,264.0234,-0.615234,111,78.0469,0.00,1,0.00
6.348195,264.0234,-0.615234,111,78.0469,0.00,1,0.00
6.349196,264.0234,-0.615234,111,78.0469,0.00,1,0.00
6.350197,264.0234,-0.615234,111,78.0469,0.00,1,0.00
6.351198,264.0234,-0.615234,111,78.0469,0.00,1,0.00
6.352199,264.0234,-0.615234,111,78.0469,0.00,1,0.00
6.353200,264.0234,-0.615234,111,78.0469,0.00,1,0.00
6.354201,264.0234,-0.615234,111,78.0469,0.00,1,0.00
6.361316,264.0234,-0.615234,111,78.0469,0.00,1,0.00
6.362317,264.0234,-0.615234,111,78.0469,0.00,1,0.00
6.363318,264.0234,-0.615234,111,78.0469,0.00,1,0.00
6.364319,264.1113,-0.527344,111,78.0469,0.00,1,0.00
6.365320,264.0234,-0.615234,111,78.0469,0.00,1,0.00
6.366321,264.0234,-0.615234,111,78.0469,0.00,1,0.00
6.367322,264.0234,-0.615234,111,78.0469,0.00,1,0.00
6.368323,264.0234,-0.615234,111,78.0469,0.00,1,0.00
6.369324,264.0234,-0.615234,111,78.0469,0.00,1,0.00
6.370325,264.0234,-0.615234,111,78.0469,0.00,1,0.00
6.371326,264.0234,-0.615234,111,78.0469,0.00,1,0.00
6.372327,264.0234,-0.615234,111,78.0469,0.00,1,0.00
6.373328,264.0234,-0.615234,111,78.0469,0.00,1,0.00
6.374329,264.0234,-0.615234,111,78.0469,0.00,1,0.00
6.375330,264.0234,-0.615234,111,78.0469,0.00,1,0.00
6.376331,264.1113,-0.527344,111,78.0469,0.00,1,0.00
6.377332,264.0234,-0.615234,111,78.0469,0.00,1,0.00
6.378333,264.0234,-0.615234,111,78.0469,0.00,1,0.00
6.379334,264.0234,-0.615234,111,78.0469,0.00,1,0.00
6.380335,263.9355,-0.703125,111,78.0469,0.00,1,0.00
6.381336,264.0234,-0.615234,111,78.0469,0.00,1,0.00
6.382337,264.1113,-0.527344,111,78.0469,0.00,1,0.00
6.383338,264.1113,-0.527344,111,78.0469,0.00,1,0.00
6.384339,264.0234,-0.615234,111,78.0469,0.00,1,0.00
6.385340,264.0234,-0.615234,111,78.0469,0.00,1,0.00
6.386341,264.0234,-0.615234,111,78.0469,0.00,1,0.00
6.387342,264.0234,-0.615234,111,78.0469,0.00,1,0.00
6.388343,264.0234,-0.615234,111,78.0469,0.00,1,0.00
6.389344,264.0234,-0.615234,111,78.0469,0.00,1,0.00
6.390345,264.1113,-0.527344,111,78.0469,0.00,1,0.00
6.391346,264.1113,-0.527344,111,78.0469,0.00,1,0.00
6.392347,264.1113,-0.527344,111,78.0469,0.00,1,0.00
6.393348,264.0234,-0.615234,111,78.0469,0.00,1,0.00
6.394349,264.0234,-0.615234,111,78.0469,0.00,1,0.00
6.395350,264.0234,-0.615234,111,78.0469,0.00,1,0.00
6.396351,264.0234,-0.615234,111,78.0469,0.00,1,0.00
6.397352,264.0234,-0.615234,111,78.0469,0.00,1,0.00
6.398353,264.0234,-0.615234,111,78.0469,0.00,1,0.00
6.399354,264.0234,-0.615234,111,78.0469,0.00,1,0.00
6.400355,264.0234,-0.615234,111,78.0469,0.00,1,0.00
6.401356,264.0234,-0.615234,111,78.0469,0.00,1,0.00
6.402357,264.0234,-0.615234,111,78.0469,0.00,1,0.00
6.403358,264.1113,-0.527344,111,78.0469,0.00,1,0.00
6.404359,264.1113,-0.527344,111,78.0469,0.00,1,0.00
6.405360,264.1113,-0.527344,111,78.0469,0.00,1,0.00
6.406361,264.1113,-0.527344,111,78.0469,0.00,1,0.00
6.407362,264.1113,-0.527344,111,78.0469,0.00,1,0.00
6.408363,264.1113,-0.527344,111,78.0469,0.00,1,0.00
6.409364,264.1113,-0.527344,111,78.0469,0.00,1,0.00
6.410364,264.1113,-0.527344,111,78.0469,0.00,1,0.00
6.417589,264.0234,-0.615234,111,78.0469,0.00,1,0.00
6.418590,264.0234,-0.615234,111,78.0469,0.00,1,0.00
6.419591,264.0234,-0.615234,111,78.0469,0.00,1,0.00
6.420592,264.0234,-0.615234,111,78.0469,0.00,1,0.00
6.421593,264.0234,-0.615234,111,78.0469,0.00,1,0.00
6.422594,264.0234,-0.615234,111,78.0469,0.00,1,0.00
6.423595,264.0234,-0.615234,111,78.0469,0.00,1,0.00
6.424596,264.1113,-0.527344,111,78.0469,0.00,1,0.00
6.425597,264.1113,-0.527344,111,78.0469,0.00,1,0.00
6.426598,264.0234,-0.615234,111,78.0469,0.00,1,0.00
6.427599,264.0234,-0.615234,111,78.0469,0.00,1,0.00
6.428600,264.0234,-0.615234,111,78.0469,0.00,1,0.00
6.429601,264.0234,-0.615234,111,78.0469,0.00,1,0.00
6.430602,264.0234,-0.615234,111,78.0469,0.00,1,0.00
6.431603,264.0234,-0.615234,111,78.0469,0.00,1,0.00
6.432604,264.0234,-0.615234,111,78.0469,0.00,1,0.00
6.433605,264.0234,-0.615234,111,78.0469,0.00,1,0.00
6.434606,264.0234,-0.615234,111,78.0469,0.00,1,0.00
6.435607,264.0234,-0.615234,111,78.0469,0.00,1,0.00
6.436608,264.0234,-0.615234,111,78.0469,0.00,1,0.00
6.437609,264.0234,-0.615234,111,78.0469,0.00,1,0.00
6.438610,264.0234,-0.615234,111,78.0469,0.00,1,0.00
6.439611,264.0234,-0.615234,111,78.0469,0.00,1,0.00
6.440612,264.0234,-0.615234,111,78.0469,0.00,1,0.00
6.441613,264.0234,-0.615234,111,78.0469,0.00,1,0.00
6.442614,264.0234,-0.615234,111,78.0469,0.00,1,0.00
6.443615,264.0234,-0.615234,111,78.0469,0.00,1,0.00
6.444616,264.1113,-0.527344,111,78.0469,0.00,1,0.00
6.445617,264.0234,-0.615234,111,78.0469,0.00,1,0.00
6.446618,264.0234,-0.615234,111,78.0469,0.00,1,0.00
6.447619,264.1113,-0.527344,111,78.0469,0.00,1,0.00
6.448620,264.1113,-0.527344,111,78.0469,0.00,1,0.00
6.449621,264.1113,-0.527344,111,78.0469,0.00,1,0.00
6.450622,264.1113,-0.527344,111,78.0469,0.00,1,0.00
6.451623,264.1113,-0.527344,111,78.0469,0.00,1,0.00
6.452624,264.1113,-0.527344,111,78.0469,0.00,1,0.00
6.453625,264.0234,-0.615234,111,78.0469,0.00,1,0.00
6.454626,263.9355,-0.703125,111,78.0469,0.00,1,0.00
6.455627,263.9355,-0.703125,111,78.0469,0.00,1,0.00
6.456628,264.0234,-0.615234,111,78.0469,0.00,1,0.00
6.457629,264.0234,-0.615234,111,78.0469,0.00,1,0.00
6.458630,263.9355,-0.703125,111,78.0469,0.00,1,0.00
6.459631,264.0234,-0.615234,111,78.0469,0.00,1,0.00
6.460632,264.0234,-0.615234,111,78.0469,0.00,1,0.00
6.461633,264.1113,-0.527344,111,78.0469,0.00,1,0.00
6.462634,264.0234,-0.615234,111,78.0469,0.00,1,0.00
6.463635,264.0234,-0.615234,111,78.0469,0.00,1,0.00
6.464636,264.0234,-0.615234,111,78.0469,0.00,1,0.00
6.465637,264.0234,-0.615234,111,78.0469,0.00,1,0.00
6.466638,264.1113,-0.527344,111,78.0469,0.00,1,0.00
6.473884,264.0234,-0.615234,111,78.0469,0.00,1,0.00
6.474885,264.0234,-0.615234,111,78.0469,0.00,1,0.00
6.475886,264.0234,-0.615234,111,78.0469,0.00,1,0.00
6.476887,264.0234,-0.615234,111,78.0469,0.00,1,0.00
6.477887,264.0234,-0.615234,111,78.0469,0.00,1,0.00
6.478888,264.0234,-0.615234,111,78.0469,0.00,1,0.00
6.479889,264.1113,-0.527344,111,78.0469,0.00,1,0.00
6.480890,264.0234,-0.615234,111,78.0469,0.00,1,0.00
6.481890,264.1113,-0.527344,111,78.0469,0.00,1,0.00
6.482891,264.1113,-0.527344,111,78.0469,0.00,1,0.00
6.483892,264.0234,-0.615234,111,78.0469,0.00,1,0.00
6.484893,264.0234,-0.615234,111,78.0469,0.00,1,0.00
6.485894,264.0234,-0.615234,111,78.0469,0.00,1,0.00
6.486895,264.0234,-0.615234,111,78.0469,0.00,1,0.00
6.487896,264.0234,-0.615234,111,78.0469,0.00,1,0.00
6.488897,264.0234,-0.615234,111,78.0469,0.00,1,0.00
6.489898,264.0234,-0.615234,111,78.0469,0.00,1,0.00
6.490899,264.0234,-0.615234,111,78.0469,0.00,1,0.00
6.491900,264.0234,-0.615234,111,78.0469,0.00,1,0.00
6.492901,264.0234,-0.615234,111,78.0469,0.00,1,0.00
6.493902,264.0234,-0.615234,111,78.0469,0.00,1,0.00
6.494903,264.0234,-0.615234,111,78.0469,0.00,1,0.00
6.495904,264.0234,-0.615234,111,78.0469,0.00,1,0.00
6.496905,264.0234,-0.615234,111,78.0469,0.00,1,0.00
6.497906,264.0234,-0.615234,111,78.0469,0.00,1,0.00
6.498907,264.0234,-0.615234,111,78.0469,0.00,1,0.00
6.499908,264.0234,-0.615234,111,78.0469,0.00,1,0.00
6.500909,264.0234,-0.615234,111,78.0469,0.00,1,0.00
6.501910,264.0234,-0.615234,111,78.0469,0.00,1,0.00
6.502911,264.0234,-0.615234,111,78.0469,0.00,1,0.00
6.503912,263.9355,-0.703125,111,78.0469,0.00,1,0.00
6.504913,264.0234,-0.615234,111,78.0469,0.00,1,0.00
6.505914,264.0234,-0.615234,111,78.0469,0.00,1,0.00
6.506915,264.0234,-0.615234,111,78.0469,0.00,1,0.00
6.507916,264.0234,-0.615234,111,78.0469,0.00,1,0.00
6.508917,264.1113,-0.527344,111,78.0469,0.00,1,0.00
6.509918,264.0234,-0.615234,111,78.0469,0.00,1,0.00
6.510919,264.0234,-0.615234,111,78.0469,0.00,1,0.00
6.511920,264.1113,-0.527344,111,78.0469,0.00,1,0.00
6.512921,264.0234,-0.615234,111,78.0469,0.00,1,0.00
6.513922,264.0234,-0.615234,111,78.0469,0.00,1,0.00
6.514923,264.0234,-0.615234,111,78.0469,0.00,1,0.00
6.515924,264.1113,-0.527344,111,78.0469,0.00,1,0.00
6.516925,264.1113,-0.527344,111,78.0469,0.00,1,0.00
6.517926,264.0234,-0.615234,111,78.0469,0.00,1,0.00
6.518927,264.0234,-0.615234,111,78.0469,0.00,1,0.00
6.519928,264.1113,-0.527344,111,78.0469,0.00,1,0.00
6.520929,264.0234,-0.615234,111,78.0469,0.00,1,0.00
6.521930,264.0234,-0.615234,111,78.0469,0.00,1,0.00
6.522931,264.0234,-0.615234,111,78.0469,0.00,1,0.00
6.542259,264.0234,-0.615234,111,78.0469,0.00,1,0.00
6.543260,263.9355,-0.703125,111,78.0469,0.00,1,0.00
6.544261,264.0234,-0.615234,111,78.0469,0.00,1,0.00
6.545262,263.9355,-0.703125,111,78.0469,0.00,1,0.00
6.546263,264.0234,-0.615234,111,78.0469,0.00,1,0.00
6.547264,264.0234,-0.615234,111,78.0469,0.00,1,0.00
6.548265,264.0234,-0.615234,111,78.0469,0.00,1,0.00
6.549266,264.0234,-0.615234,111,78.0469,0.00,1,0.00
6.550267,264.0234,-0.615234,111,78.0469,0.00,1,0.00
6.551268,264.0234,-0.615234,111,78.0469,0.00,1,0.00
6.552269,264.0234,-0.615234,111,78.0469,0.00,1,0.00
6.553270,264.0234,-0.615234,111,78.0469,0.00,1,0.00
6.554271,264.0234,-0.615234,111,78.0469,0.00,1,0.00
6.555272,264.0234,-0.615234,111,78.0469,0.00,1,0.00
6.556273,264.0234,-0.615234,111,78.0469,0.00,1,0.00
6.557274,264.0234,-0.615234,111,78.0469,0.00,1,0.00
6.558275,264.0234,-0.615234,111,78.0469,0.00,1,0.00
6.559275,264.0234,-0.615234,111,78.0469,0.00,1,0.00
6.560276,264.0234,-0.615234,111,78.0469,0.00,1,0.00
6.561277,264.0234,-0.615234,111,78.0469,0.00,1,0.00
6.562278,264.0234,-0.615234,111,78.0469,0.00,1,0.00
6.563278,264.0234,-0.615234,111,78.0469,0.00,1,0.00
6.564279,264.0234,-0.615234,111,78.0469,0.00,1,0.00
6.565280,264.0234,-0.615234,111,78.0469,0.00,1,0.00
6.566281,264.1113,-0.527344,111,78.0469,0.00,1,0.00
6.567282,264.1113,-0.527344,111,78.0469,0.00,1,0.00
6.568283,264.0234,-0.615234,111,78.0469,0.00,1,0.00
6.569284,264.0234,-0.615234,111,78.0469,0.00,1,0.00
6.570285,264.1113,-0.527344,111,78.0469,0.00,1,0.00
6.571286,264.1113,-0.527344,111,78.0469,0.00,1,0.00
6.572287,264.0234,-0.615234,111,78.0469,0.00,1,0.00
6.573288,264.0234,-0.615234,111,78.0469,0.00,1,0.00
6.574289,264.0234,-0.615234,111,78.0469,0.00,1,0.00
6.575290,263.9355,-0.703125,111,78.0469,0.00,1,0.00
6.576291,263.9355,-0.703125,111,78.0469,0.00,1,0.00
6.577292,264.0234,-0.615234,111,78.0469,0.00,1,0.00
6.578293,264.0234,-0.615234,111,78.0469,0.00,1,0.00
6.579294,264.0234,-0.615234,111,78.0469,0.00,1,0.00
6.580295,264.0234,-0.615234,111,78.0469,0.00,1,0.00
6.581296,264.1113,-0.527344,111,78.0469,0.00,1,0.00
6.582297,264.0234,-0.615234,111,78.0469,0.00,1,0.00
6.583298,264.0234,-0.615234,111,78.0469,0.00,1,0.00
6.584299,264.0234,-0.615234,111,78.0469,0.00,1,0.00
6.585300,264.0234,-0.615234,111,78.0469,0.00,1,0.00
6.586301,264.1113,-0.527344,111,78.0469,0.00,1,0.00
6.587302,264.0234,-0.615234,111,78.0469,0.00,1,0.00
6.588303,264.0234,-0.615234,111,78.0469,0.00,1,0.00
6.589304,264.0234,-0.615234,111,78.0469,0.00,1,0.00
6.590305,264.0234,-0.615234,111,78.0469,0.00,1,0.00
6.591306,264.0234,-0.615234,111,78.0469,0.00,1,0.00
6.598568,264.0234,-0.615234,111,78.0469,0.00,1,0.00
6.599569,264.1113,-0.527344,111,78.0469,0.00,1,0.00
6.600570,264.1113,-0.527344,111,78.0469,0.00,1,0.00
6.601571,264.0234,-0.615234,111,78.0469,0.00,1,0.00
6.602572,264.0234,-0.615234,111,78.0469,0.00,1,0.00
6.603573,264.0234,-0.615234,111,78.0469,0.00,1,0.00
6.604574,264.0234,-0.615234,111,78.0469,0.00,1,0.00
6.605575,264.0234,-0.615234,111,78.0469,0.00,1,0.00
6.606576,264.0234,-0.615234,111,78.0469,0.00,1,0.00
6.607577,264.0234,-0.615234,111,78.0469,0.00,1,0.00
6.608578,264.0234,-0.615234,111,78.0469,0.00,1,0.00
6.609579,264.0234,-0.615234,111,78.0469,0.00,1,0.00
6.610580,264.0234,-0.615234,111,78.0469,0.00,1,0.00
6.611581,264.0234,-0.615234,111,78.0469,0.00,1,0.00
6.612582,263.9355,-0.703125,111,78.0469,0.00,1,0.00
6.613583,264.0234,-0.615234,111,78.0469,0.00,1,0.00
6.614584,264.0234,-0.615234,111,78.0469,0.00,1,0.00
6.615585,264.0234,-0.615234,111,78.0469,0.00,1,0.00
6.616586,264.1113,-0.527344,111,78.0469,0.00,1,0.00
6.617587,264.0234,-0.615234,111,78.0469,0.00,1,0.00
6.618588,264.0234,-0.615234,111,78.0469,0.00,1,0.00
6.619589,264.1113,-0.527344,111,78.0469,0.00,1,0.00
6.620590,264.1113,-0.527344,111,78.0469,0.00,1,0.00
6.621591,264.0234,-0.615234,111,78.0469,0.00,1,0.00
6.622592,264.0234,-0.615234,111,78.0469,0.00,1,0.00
6.623593,264.0234,-0.615234,111,78.0469,0.00,1,0.00
6.624594,264.0234,-0.615234,111,78.0469,0.00,1,0.00
6.625595,264.0234,-0.615234,111,78.0469,0.00,1,0.00
6.626596,264.0234,-0.615234,111,78.0469,0.00,1,0.00
6.627597,264.0234,-0.615234,111,78.0469,0.00,1,0.00
6.628598,264.0234,-0.615234,111,78.0469,0.00,1,0.00
6.629599,264.0234,-0.615234,111,78.0469,0.00,1,0.00
6.630600,264.1113,-0.527344,111,78.0469,0.00,1,0.00
6.631601,264.1113,-0.527344,111,78.0469,0.00,1,0.00
6.632602,264.1113,-0.527344,111,78.0469,0.00,1,0.00
6.633603,264.1113,-0.527344,111,78.0469,0.00,1,0.00
6.634604,264.0234,-0.615234,111,78.0469,0.00,1,0.00
6.635605,264.0234,-0.615234,111,78.0469,0.00,1,0.00
6.636606,264.1113,-0.527344,111,78.0469,0.00,1,0.00
6.637607,264.1113,-0.527344,111,78.0469,0.00,1,0.00
6.638608,264.0234,-0.615234,111,78.0469,0.00,1,0.00
6.639609,264.0234,-0.615234,111,78.0469,0.00,1,0.00
6.640610,264.0234,-0.615234,111,78.0469,0.00,1,0.00
6.641611,264.0234,-0.615234,111,78.0469,0.00,1,0.00
6.642612,264.0234,-0.615234,111,78.0469,0.00,1,0.00
6.643613,264.1113,-0.527344,111,78.0469,0.00,1,0.00
6.644614,264.0234,-0.615234,111,78.0469,0.00,1,0.00
6.645615,264.0234,-0.615234,111,78.0469,0.00,1,0.00
6.646616,264.0234,-0.615234,111,78.0469,0.00,1,0.00
6.647617,264.0234,-0.615234,111,78.0469,0.00,1,0.00
6.654728,264.0234,-0.615234,111,78.0469,0.00,1,0.00
6.655729,264.0234,-0.615234,111,78.0469,0.00,1,0.00
6.656729,264.1113,-0.527344,111,78.0469,0.00,1,0.00
6.657730,264.0234,-0.615234,111,78.0469,0.00,1,0.00
6.658731,264.0234,-0.615234,111,78.0469,0.00,1,0.00
6.659732,264.0234,-0.615234,111,78.0469,0.00,1,0.00
6.660733,264.1113,-0.527344,111,78.0469,0.00,1,0.00
6.661733,264.1113,-0.527344,111,78.0469,0.00,1,0.00
6.662734,264.0234,-0.615234,111,78.0469,0.00,1,0.00
6.663735,264.0234,-0.615234,111,78.0469,0.00,1,0.00
6.664736,264.0234,-0.615234,111,78.0469,0.00,1,0.00
6.665736,264.0234,-0.615234,111,78.0469,0.00,1,0.00
6.666737,264.1113,-0.527344,111,78.0469,0.00,1,0.00
6.667738,264.0234,-0.615234,111,78.0469,0.00,1,0.00
6.668739,264.0234,-0.615234,111,78.0469,0.00,1,0.00
6.669740,264.1113,-0.527344,111,78.0469,0.00,1,0.00
6.670741,264.1113,-0.527344,111,78.0469,0.00,1,0.00
6.671742,264.0234,-0.615234,111,78.0469,0.00,1,0.00
6.672743,264.0234,-0.615234,111,78.0469,0.00,1,0.00
6.673744,264.1113,-0.527344,111,78.0469,0.00,1,0.00
6.674745,264.1113,-0.527344,111,78.0469,0.00,1,0.00
6.675746,264.0234,-0.615234,111,78.0469,0.00,1,0.00
6.676747,264.0234,-0.615234,111,78.0469,0.00,1,0.00
6.677748,264.0234,-0.615234,111,78.0469,0.00,1,0.00
6.678749,264.0234,-0.615234,111,78.0469,0.00,1,0.00
6.679750,264.0234,-0.615234,111,78.0469,0.00,1,0.00
6.680751,264.0234,-0.615234,111,78.0469,0.00,1,0.00
6.681752,264.1113,-0.527344,111,78.0469,0.00,1,0.00
6.682753,264.0234,-0.615234,111,78.0469,0.00,1,0.00
6.683754,264.0234,-0.615234,111,78.0469,0.00,1,0.00
6.684755,264.0234,-0.615234,111,78.0469,0.00,1,0.00
6.685756,264.0234,-0.615234,111,78.0469,0.00,1,0.00
6.686757,264.0234,-0.615234,111,78.0469,0.00,1,0.00
6.687758,264.0234,-0.615234,111,78.0469,0.00,1,0.00
6.688759,264.0234,-0.615234,111,78.0469,0.00,1,0.00
6.689760,263.9355,-0.703125,111,78.0469,0.00,1,0.00
6.690761,264.0234,-0.615234,111,78.0469,0.00,1,0.00
6.691762,264.1113,-0.527344,111,78.0469,0.00,1,0.00
6.692763,264.1113,-0.527344,111,78.0469,0.00,1,0.00
6.693764,264.0234,-0.615234,111,78.0469,0.00,1,0.00
6.694765,264.0234,-0.615234,111,78.0469,0.00,1,0.00
6.695766,264.0234,-0.615234,111,78.0469,0.00,1,0.00
6.696767,264.0234,-0.615234,111,78.0469,0.00,1,0.00
6.697768,264.0234,-0.615234,111,78.0469,0.00,1,0.00
6.698769,264.0234,-0.615234,111,78.0469,0.00,1,0.00
6.699770,263.9355,-0.703125,111,78.0469,0.00,1,0.00
6.700771,263.9355,-0.703125,111,78.0469,0.00,1,0.00
6.701772,264.0234,-0.615234,111,78.0469,0.00,1,0.00
6.702773,264.1113,-0.527344,111,78.0469,0.00,1,0.00
6.703774,264.1113,-0.527344,111,78.0469,0.00,1,0.00
6.711623,264.0234,-0.615234,111,78.0469,0.00,1,0.00
6.712624,264.0234,-0.615234,111,78.0469,0.00,1,0.00
6.713625,264.0234,-0.615234,111,78.0469,0.00,1,0.00
6.714626,264.0234,-0.615234,111,78.0469,0.00,1,0.00
6.715627,264.1113,-0.527344,111,78.0469,0.00,1,0.00
6.716628,264.1113,-0.527344,111,78.0469,0.00,1,0.00
6.717629,264.0234,-0.615234,111,78.0469,0.00,1,0.00
6.718630,263.9355,-0.703125,111,78.0469,0.00,1,0.00
6.719631,264.0234,-0.615234,111,78.0469,0.00,1,0.00
6.720632,264.1113,-0.527344,111,78.0469,0.00,1,0.00
6.721633,264.1113,-0.527344,111,78.0469,0.00,1,0.00
6.722634,264.0234,-0.615234,111,78.0469,0.00,1,0.00
6.723635,264.0234,-0.615234,111,78.0469,0.00,1,0.00
6.724636,264.0234,-0.615234,111,78.0469,0.00,1,0.00
6.725637,264.0234,-0.615234,111,78.0469,0.00,1,0.00
6.726638,264.1113,-0.527344,111,78.0469,0.00,1,0.00
6.727639,264.1113,-0.527344,111,78.0469,0.00,1,0.00
6.728640,264.0234,-0.615234,111,78.0469,0.00,1,0.00
6.729641,263.9355,-0.703125,111,78.0469,0.00,1,0.00
6.730642,264.0234,-0.615234,111,78.0469,0.00,1,0.00
6.731643,264.1113,-0.527344,111,78.0469,0.00,1,0.00
6.732644,264.1113,-0.527344,111,78.0469,0.00,1,0.00
6.733645,264.1113,-0.527344,111,78.0469,0.00,1,0.00
6.734646,264.0234,-0.615234,111,78.0469,0.00,1,0.00
6.735647,264.0234,-0.615234,111,78.0469,0.00,1,0.00
6.736648,264.0234,-0.615234,111,78.0469,0.00,1,0.00
6.737649,264.1113,-0.527344,111,78.0469,0.00,1,0.00
6.738650,264.1113,-0.527344,111,78.0469,0.00,1,0.00
6.739651,264.1113,-0.527344,111,78.0469,0.00,1,0.00
6.740652,264.0234,-0.615234,111,78.0469,0.00,1,0.00
6.741653,264.1113,-0.527344,111,78.0469,0.00,1,0.00
6.742654,264.1113,-0.527344,111,78.0469,0.00,1,0.00
6.743655,264.1113,-0.527344,111,78.0469,0.00,1,0.00
6.744656,264.1113,-0.527344,111,78.0469,0.00,1,0.00
6.745657,264.1113,-0.527344,111,78.0469,0.00,1,0.00
6.746658,264.0234,-0.615234,111,78.0469,0.00,1,0.00
6.747659,263.9355,-0.703125,111,78.0469,0.00,1,0.00
6.748660,264.0234,-0.615234,111,78.0469,0.00,1,0.00
6.749661,264.0234,-0.615234,111,78.0469,0.00,1,0.00
6.750662,264.0234,-0.615234,111,78.0469,0.00,1,0.00
6.751663,264.0234,-0.615234,111,78.0469,0.00,1,0.00
6.752664,264.0234,-0.615234,111,78.0469,0.00,1,0.00
6.753665,264.0234,-0.615234,111,78.0469,0.00,1,0.00
6.754666,264.0234,-0.615234,111,78.0469,0.00,1,0.00
6.755667,264.0234,-0.615234,111,78.0469,0.00,1,0.00
6.756668,264.0234,-0.615234,111,78.0469,0.00,1,0.00
6.757669,264.0234,-0.615234,111,78.0469,0.00,1,0.00
6.758670,264.0234,-0.615234,111,78.0469,0.00,1,0.00
6.759671,264.0234,-0.615234,111,78.0469,0.00,1,0.00
6.760672,264.0234,-0.615234,111,78.0469,0.00,1,0.00
6.767889,264.1113,-0.527344,111,78.0469,0.00,1,0.00
6.768890,264.0234,-0.615234,111,78.0469,0.00,1,0.00
6.769891,264.0234,-0.615234,111,78.0469,0.00,1,0.00
6.770891,264.0234,-0.615234,111,78.0469,0.00,1,0.00
6.771892,264.0234,-0.615234,111,78.0469,0.00,1,0.00
6.772893,264.0234,-0.615234,111,78.0469,0.00,1,0.00
6.773894,264.1113,-0.527344,111,78.0469,0.00,1,0.00
6.774895,264.1113,-0.527344,111,78.0469,0.00,1,0.00
6.775896,264.0234,-0.615234,111,78.0469,0.00,1,0.00
6.776897,264.1113,-0.527344,111,78.0469,0.00,1,0.00
6.777898,264.1113,-0.527344,111,78.0469,0.00,1,0.00
6.778899,264.1113,-0.527344,111,78.0469,0.00,1,0.00
6.779900,264.0234,-0.615234,111,78.0469,0.00,1,0.00
6.780901,264.0234,-0.615234,111,78.0469,0.00,1,0.00
6.781902,264.0234,-0.615234,111,78.0469,0.00,1,0.00
6.782903,264.0234,-0.615234,111,78.0469,0.00,1,0.00
6.783904,264.0234,-0.615234,111,78.0469,0.00,1,0.00
6.784905,264.0234,-0.615234,111,78.0469,0.00,1,0.00
6.785906,264.0234,-0.615234,111,78.0469,0.00,1,0.00
6.786907,264.0234,-0.615234,111,78.0469,0.00,1,0.00
6.787908,264.0234,-0.615234,111,78.0469,0.00,1,0.00
6.788909,264.0234,-0.615234,111,78.0469,0.00,1,0.00
6.789910,264.0234,-0.615234,111,78.0469,0.00,1,0.00
6.790911,264.0234,-0.615234,111,78.0469,0.00,1,0.00
6.791912,264.0234,-0.615234,111,78.0469,0.00,1,0.00
6.792913,264.0234,-0.615234,111,78.0469,0.00,1,0.00
6.793914,264.0234,-0.615234,111,78.0469,0.00,1,0.00
6.794915,264.0234,-0.615234,111,78.0469,0.00,1,0.00
6.795916,264.0234,-0.615234,111,78.0469,0.00,1,0.00
6.796917,264.0234,-0.615234,111,78.0469,0.00,1,0.00
6.797918,264.0234,-0.615234,111,78.0469,0.00,1,0.00
6.798919,264.1113,-0.527344,111,78.0469,0.00,1,0.00
6.799920,264.0234,-0.615234,111,78.0469,0.00,1,0.00
6.800921,263.9355,-0.703125,111,78.0469,0.00,1,0.00
6.801922,263.9355,-0.703125,111,78.0469,0.00,1,0.00
6.802923,263.9355,-0.703125,111,78.0469,0.00,1,0.00
6.803924,263.9355,-0.703125,111,78.0469,0.00,1,0.00
6.804925,264.0234,-0.615234,111,78.0469,0.00,1,0.00
6.805926,264.1113,-0.527344,111,78.0469,0.00,1,0.00
6.806927,264.1992,-0.439453,111,78.0469,0.00,1,0.00
6.807928,264.0234,-0.615234,111,78.0469,0.00,1,0.00
6.808929,264.0234,-0.615234,111,78.0469,0.00,1,0.00
6.809930,264.0234,-0.615234,111,78.0469,0.00,1,0.00
6.810931,264.0234,-0.615234,111,78.0469,0.00,1,0.00
6.811932,264.0234,-0.615234,111,78.0469,0.00,1,0.00
6.812933,264.0234,-0.615234,111,78.0469,0.00,1,0.00
6.813934,264.0234,-0.615234,111,78.0469,0.00,1,0.00
6.814935,264.0234,-0.615234,111,78.0469,0.00,1,0.00
6.815936,264.0234,-0.615234,111,78.0469,0.00,1,0.00
6.816937,264.0234,-0.615234,111,78.0469,0.00,1,0.00
6.824205,264.0234,-0.615234,111,78.0469,0.00,1,0.00
6.825206,264.0234,-0.615234,111,78.0469,0.00,1,0.00
6.826206,264.0234,-0.615234,111,78.0469,0.00,1,0.00
6.827207,264.0234,-0.615234,111,78.0469,0.00,1,0.00
6.828208,264.0234,-0.615234,111,78.0469,0.00,1,0.00
6.829209,264.0234,-0.615234,111,78.0469,0.00,1,0.00
6.830210,264.0234,-0.615234,111,78.0469,0.00,1,0.00
6.831211,264.0234,-0.615234,111,78.0469,0.00,1,0.00
6.832212,264.0234,-0.615234,111,78.0469,0.00,1,0.00
6.833213,264.0234,-0.615234,111,78.0469,0.00,1,0.00
6.834214,264.0234,-0.615234,111,78.0469,0.00,1,0.00
6.835215,264.0234,-0.615234,111,78.0469,0.00,1,0.00
6.836216,264.0234,-0.615234,111,78.0469,0.00,1,0.00
6.837217,264.0234,-0.615234,111,78.0469,0.00,1,0.00
6.838218,264.1113,-0.527344,111,78.0469,0.00,1,0.00
6.839219,264.1113,-0.527344,111,78.0469,0.00,1,0.00
6.840220,264.0234,-0.615234,111,78.0469,0.00,1,0.00
6.841221,264.0234,-0.615234,111,78.0469,0.00,1,0.00
6.842222,264.1113,-0.527344,111,78.0469,0.00,1,0.00
6.843223,264.0234,-0.615234,111,78.0469,0.00,1,0.00
6.844224,263.9355,-0.703125,111,78.0469,0.00,1,0.00
6.845225,264.0234,-0.615234,111,78.0469,0.00,1,0.00
6.846226,264.1113,-0.527344,111,78.0469,0.00,1,0.00
6.847227,264.1113,-0.527344,111,78.0469,0.00,1,0.00
6.848228,264.1113,-0.527344,111,78.0469,0.00,1,0.00
6.849229,264.1113,-0.527344,111,78.0469,0.00,1,0.00
6.850230,264.0234,-0.615234,111,78.0469,0.00,1,0.00
6.851231,264.0234,-0.615234,111,78.0469,0.00,1,0.00
6.852232,264.0234,-0.615234,111,78.0469,0.00,1,0.00
6.853233,264.0234,-0.615234,111,78.0469,0.00,1,0.00
6.854234,264.0234,-0.615234,111,78.0469,0.00,1,0.00
6.855235,264.1113,-0.527344,111,78.0469,0.00,1,0.00
6.856236,264.0234,-0.615234,111,78.0469,0.00,1,0.00
6.857237,264.0234,-0.615234,111,78.0469,0.00,1,0.00
6.858238,264.0234,-0.615234,111,78.0469,0.00,1,0.00
6.859239,264.0234,-0.615234,111,78.0469,0.00,1,0.00
6.860240,264.0234,-0.615234,111,78.0469,0.00,1,0.00
6.861241,264.0234,-0.615234,111,78.0469,0.00,1,0.00
6.862242,264.1113,-0.527344,111,78.0469,0.00,1,0.00
6.863242,264.0234,-0.615234,111,78.0469,0.00,1,0.00
6.864243,264.0234,-0.615234,111,78.0469,0.00,1,0.00
6.865244,264.0234,-0.615234,111,78.0469,0.00,1,0.00
6.866245,263.9355,-0.703125,111,78.0469,0.00,1,0.00
6.867245,263.9355,-0.703125,111,78.0469,0.00,1,0.00
6.868246,264.0234,-0.615234,111,78.0469,0.00,1,0.00
6.869247,264.1113,-0.527344,111,78.0469,0.00,1,0.00
6.870248,264.0234,-0.615234,111,78.0469,0.00,1,0.00
6.871249,264.0234,-0.615234,111,78.0469,0.00,1,0.00
6.872250,264.0234,-0.615234,111,78.0469,0.00,1,0.00
6.873251,264.0234,-0.615234,111,78.0469,0.00,1,0.00
6.880492,264.0234,-0.615234,111,78.0469,0.00,1,0.00
6.881493,263.9355,-0.703125,111,78.0469,0.00,1,0.00
6.882494,264.0234,-0.615234,111,78.0469,0.00,1,0.00
6.883495,264.0234,-0.615234,111,78.0469,0.00,1,0.00
6.884496,264.0234,-0.615234,111,78.0469,0.00,1,0.00
6.885497,264.0234,-0.615234,111,78.0469,0.00,1,0.00
6.886498,264.0234,-0.615234,111,78.0469,0.00,1,0.00
6.887499,264.0234,-0.615234,111,78.0469,0.00,1,0.00
6.888500,264.0234,-0.615234,111,78.0469,0.00,1,0.00
6.889501,264.0234,-0.615234,111,78.0469,0.00,1,0.00
6.890502,264.0234,-0.615234,111,78.0469,0.00,1,0.00
6.891503,264.0234,-0.615234,111,78.0469,0.00,1,0.00
6.892504,264.0234,-0.615234,111,78.0469,0.00,1,0.00
6.893505,264.0234,-0.615234,111,78.0469,0.00,1,0.00
6.894506,264.0234,-0.615234,111,78.0469,0.00,1,0.00
6.895507,264.0234,-0.615234,111,78.0469,0.00,1,0.00
6.896508,264.0234,-0.615234,111,78.0469,0.00,1,0.00
6.897509,264.0234,-0.615234,111,78.0469,0.00,1,0.00
6.898510,264.1113,-0.527344,111,78.0469,0.00,1,0.00
6.899511,264.1113,-0.527344,111,78.0469,0.00,1,0.00
6.900512,264.0234,-0.615234,111,78.0469,0.00,1,0.00
6.901513,264.0234,-0.615234,111,78.0469,0.00,1,0.00
6.902514,264.0234,-0.615234,111,78.0469,0.00,1,0.00
6.903515,264.1113,-0.527344,111,78.0469,0.00,1,0.00
6.904516,264.1113,-0.527344,111,78.0469,0.00,1,0.00
6.905517,264.0234,-0.615234,111,78.0469,0.00,1,0.00
6.906518,264.0234,-0.615234,111,78.0469,0.00,1,0.00
6.907519,264.0234,-0.615234,111,78.0469,0.00,1,0.00
6.908520,264.0234,-0.615234,111,78.0469,0.00,1,0.00
6.909520,264.0234,-0.615234,111,78.0469,0.00,1,0.00
6.910521,264.0234,-0.615234,111,78.0469,0.00,1,0.00
6.911522,264.0234,-0.615234,111,78.0469,0.00,1,0.00
6.912523,264.0234,-0.615234,111,78.0469,0.00,1,0.00
6.913523,264.0234,-0.615234,111,78.0469,0.00,1,0.00
6.914524,264.0234,-0.615234,111,78.0469,0.00,1,0.00
6.915525,264.0234,-0.615234,111,78.0469,0.00,1,0.00
6.916526,264.0234,-0.615234,111,78.0469,0.00,1,0.00
6.917527,264.0234,-0.615234,111,78.0469,0.00,1,0.00
6.918528,264.0234,-0.615234,111,78.0469,0.00,1,0.00
6.919529,263.9355,-0.703125,111,78.0469,0.00,1,0.00
6.920530,264.0234,-0.615234,111,78.0469,0.00,1,0.00
6.921531,264.0234,-0.615234,111,78.0469,0.00,1,0.00
6.922532,264.0234,-0.615234,111,78.0469,0.00,1,0.00
6.923533,264.0234,-0.615234,111,78.0469,0.00,1,0.00
6.924534,264.0234,-0.615234,111,78.0469,0.00,1,0.00
6.925535,264.0234,-0.615234,111,78.0469,0.00,1,0.00
6.926536,264.0234,-0.615234,111,78.0469,0.00,1,0.00
6.927537,264.0234,-0.615234,111,78.0469,0.00,1,0.00
6.928538,264.1113,-0.527344,111,78.0469,0.00,1,0.00
6.929539,264.0234,-0.615234,111,78.0469,0.00,1,0.00
6.936803,264.0234,-0.615234,111,78.0469,0.00,1,0.00
6.937804,264.0234,-0.615234,111,78.0469,0.00,1,0.00
6.938804,263.9355,-0.703125,111,78.0469,0.00,1,0.00
6.939805,264.0234,-0.615234,111,78.0469,0.00,1,0.00
6.940806,264.1113,-0.527344,111,78.0469,0.00,1,0.00
6.941807,264.1992,-0.439453,111,78.0469,0.00,1,0.00
6.942807,264.1113,-0.527344,111,78.0469,0.00,1,0.00
6.943808,264.0234,-0.615234,111,78.0469,0.00,1,0.00
6.944809,264.1113,-0.527344,111,78.0469,0.00,1,0.00
6.945810,264.1113,-0.527344,111,78.0469,0.00,1,0.00
6.946811,264.1113,-0.527344,111,78.0469,0.00,1,0.00
6.947812,264.0234,-0.615234,111,78.0469,0.00,1,0.00
6.948813,264.0234,-0.615234,111,78.0469,0.00,1,0.00
6.949814,264.0234,-0.615234,111,78.0469,0.00,1,0.00
6.950815,264.0234,-0.615234,111,78.0469,0.00,1,0.00
6.951816,263.9355,-0.703125,111,78.0469,0.00,1,0.00
6.952817,264.0234,-0.615234,111,78.0469,0.00,1,0.00
6.953818,264.0234,-0.615234,111,78.0469,0.00,1,0.00
6.954819,264.0234,-0.615234,111,78.0469,0.00,1,0.00
6.955820,264.0234,-0.615234,111,78.0469,0.00,1,0.00
6.956821,264.0234,-0.615234,111,78.0469,0.00,1,0.00
6.957822,264.0234,-0.615234,111,78.0469,0.00,1,0.00
6.958823,264.0234,-0.615234,111,78.0469,0.00,1,0.00
6.959824,264.0234,-0.615234,111,78.0469,0.00,1,0.00
6.960825,264.0234,-0.615234,111,78.0469,0.00,1,0.00
6.961826,264.0234,-0.615234,111,78.0469,0.00,1,0.00
6.962827,264.0234,-0.615234,111,78.0469,0.00,1,0.00
6.963828,264.1113,-0.527344,111,78.0469,0.00,1,0.00
6.964829,264.0234,-0.615234,111,78.0469,0.00,1,0.00
6.965830,264.0234,-0.615234,111,78.0469,0.00,1,0.00
6.966831,264.0234,-0.615234,111,78.0469,0.00,1,0.00
6.967832,264.0234,-0.615234,111,78.0469,0.00,1,0.00
6.968833,264.0234,-0.615234,111,78.0469,0.00,1,0.00
6.969834,264.0234,-0.615234,111,78.0469,0.00,1,0.00
6.970835,264.1113,-0.527344,111,78.0469,0.00,1,0.00
6.971836,264.1113,-0.527344,111,78.0469,0.00,1,0.00
6.972837,264.1113,-0.527344,111,78.0469,0.00,1,0.00
6.973838,264.0234,-0.615234,111,78.0469,0.00,1,0.00
6.974839,264.0234,-0.615234,111,78.0469,0.00,1,0.00
6.975840,264.0234,-0.615234,111,78.0469,0.00,1,0.00
6.976841,264.1113,-0.527344,111,78.0469,0.00,1,0.00
6.977842,264.0234,-0.615234,111,78.0469,0.00,1,0.00
6.978843,264.1113,-0.527344,111,78.0469,0.00,1,0.00
6.979844,264.1113,-0.527344,111,78.0469,0.00,1,0.00
6.980845,264.0234,-0.615234,111,78.0469,0.00,1,0.00
6.981846,263.9355,-0.703125,111,78.0469,0.00,1,0.00
6.982847,263.9355,-0.703125,111,78.0469,0.00,1,0.00
6.983848,263.9355,-0.703125,111,78.0469,0.00,1,0.00
6.984849,263.9355,-0.703125,111,78.0469,0.00,1,0.00
6.985850,264.0234,-0.615234,111,78.0469,0.00,1,0.00
6.993139,264.1113,-0.527344,111,78.0469,0.00,1,0.00
6.994139,264.0234,-0.615234,111,78.0469,0.00,1,0.00
6.995140,264.0234,-0.615234,111,78.0469,0.00,1,0.00
6.996141,264.0234,-0.615234,111,78.0469,0.00,1,0.00
6.997142,264.0234,-0.615234,111,78.0469,0.00,1,0.00
6.998143,264.0234,-0.615234,111,78.0469,0.00,1,0.00
6.999144,264.0234,-0.615234,111,78.0469,0.00,1,0.00
7.000145,264.0234,-0.615234,111,78.0469,0.00,1,0.00
7.001146,264.1113,-0.527344,111,78.0469,0.00,1,0.00
7.002147,264.1113,-0.527344,111,78.0469,0.00,1,0.00
7.003148,264.1113,-0.527344,111,78.0469,0.00,1,0.00
7.004149,264.1113,-0.527344,111,78.0469,0.00,1,0.00
7.005150,264.0234,-0.615234,111,78.0469,0.00,1,0.00
7.006151,264.0234,-0.615234,111,78.0469,0.00,1,0.00
7.007152,264.0234,-0.615234,111,78.0469,0.00,1,0.00
7.008153,264.0234,-0.615234,111,78.0469,0.00,1,0.00
7.009154,264.1113,-0.527344,111,78.0469,0.00,1,0.00
7.010155,264.0234,-0.615234,111,78.0469,0.00,1,0.00
7.011156,264.0234,-0.615234,111,78.0469,0.00,1,0.00
7.012157,264.0234,-0.615234,111,78.0469,0.00,1,0.00
7.013158,264.0234,-0.615234,111,78.0469,0.00,1,0.00
7.014159,264.0234,-0.615234,111,78.0469,0.00,1,0.00
7.015160,264.0234,-0.615234,111,78.0469,0.00,1,0.00
7.016161,264.0234,-0.615234,111,78.0469,0.00,1,0.00
7.017162,264.0234,-0.615234,111,78.0469,0.00,1,0.00
7.018163,264.0234,-0.615234,111,78.0469,0.00,1,0.00
7.019164,264.0234,-0.615234,111,78.0469,0.00,1,0.00
7.020165,264.0234,-0.615234,111,78.0469,0.00,1,0.00
7.021166,264.0234,-0.615234,111,78.0469,0.00,1,0.00
7.022167,264.0234,-0.615234,111,78.0469,0.00,1,0.00
7.023168,263.9355,-0.703125,111,78.0469,0.00,1,0.00
7.024169,264.0234,-0.615234,111,78.0469,0.00,1,0.00
7.025170,264.1113,-0.527344,111,78.0469,0.00,1,0.00
7.026171,264.0234,-0.615234,111,78.0469,0.00,1,0.00
7.027172,264.0234,-0.615234,111,78.0469,0.00,1,0.00
7.028173,264.0234,-0.615234,111,78.0469,0.00,1,0.00
7.029174,264.0234,-0.615234,111,78.0469,0.00,1,0.00
7.030175,264.0234,-0.615234,111,78.0469,0.00,1,0.00
7.031176,264.0234,-0.615234,111,78.0469,0.00,1,0.00
7.032177,264.0234,-0.615234,111,78.0469,0.00,1,0.00
7.033178,264.1113,-0.527344,111,78.0469,0.00,1,0.00
7.034179,264.1113,-0.527344,111,78.0469,0.00,1,0.00
7.035180,264.1113,-0.527344,111,78.0469,0.00,1,0.00
7.036181,264.0234,-0.615234,111,78.0469,0.00,1,0.00
7.037182,264.0234,-0.615234,111,78.0469,0.00,1,0.00
7.038183,264.1113,-0.527344,111,78.0469,0.00,1,0.00
7.039184,264.1113,-0.527344,111,78.0469,0.00,1,0.00
7.040185,264.0234,-0.615234,111,78.0469,0.00,1,0.00
7.041186,264.0234,-0.615234,111,78.0469,0.00,1,0.00
7.042187,264.0234,-0.615234,111,78.0469,0.00,1,0.00
7.049914,264.1113,-0.527344,111,78.0469,0.00,1,0.00
7.050915,264.1113,-0.527344,111,78.0469,0.00,1,0.00
7.051915,264.0234,-0.615234,111,78.0469,0.00,1,0.00
7.052916,264.0234,-0.615234,111,78.0469,0.00,1,0.00
7.053917,264.0234,-0.615234,111,78.0469,0.00,1,0.00
7.054918,264.0234,-0.615234,111,78.0469,0.00,1,0.00
7.055918,264.0234,-0.615234,111,78.0469,0.00,1,0.00
7.056919,264.0234,-0.615234,111,78.0469,0.00,1,0.00
7.057920,264.0234,-0.615234,111,78.0469,0.00,1,0.00
7.058921,264.0234,-0.615234,111,78.0469,0.00,1,0.00
7.059922,264.0234,-0.615234,111,78.0469,0.00,1,0.00
7.060923,264.0234,-0.615234,111,78.0469,0.00,1,0.00
7.061924,264.1113,-0.527344,111,78.0469,0.00,1,0.00
7.062925,264.1113,-0.527344,111,78.0469,0.00,1,0.00
7.063926,264.1113,-0.527344,111,78.0469,0.00,1,0.00
7.064927,264.0234,-0.615234,111,78.0469,0.00,1,0.00
7.065928,264.0234,-0.615234,111,78.0469,0.00,1,0.00
7.066929,264.1113,-0.527344,111,78.0469,0.00,1,0.00
7.067930,264.0234,-0.615234,111,78.0469,0.00,1,0.00
7.068930,263.9355,-0.703125,111,78.0469,0.00,1,0.00
7.069931,264.0234,-0.615234,111,78.0469,0.00,1,0.00
7.070932,264.0234,-0.615234,111,78.0469,0.00,1,0.00
7.071933,264.1113,-0.527344,111,78.0469,0.00,1,0.00
7.072933,264.1113,-0.527344,111,78.0469,0.00,1,0.00
7.073934,264.0234,-0.615234,111,78.0469,0.00,1,0.00
7.074935,264.0234,-0.615234,111,78.0469,0.00,1,0.00
7.075936,264.0234,-0.615234,111,78.0469,0.00,1,0.00
7.076937,264.1113,-0.527344,111,78.0469,0.00,1,0.00
7.077938,264.1113,-0.527344,111,78.0469,0.00,1,0.00
7.078939,264.0234,-0.615234,111,78.0469,0.00,1,0.00
7.079940,264.0234,-0.615234,111,78.0469,0.00,1,0.00
7.080941,264.0234,-0.615234,111,78.0469,0.00,1,0.00
7.081942,264.0234,-0.615234,111,78.0469,0.00,1,0.00
7.082943,264.0234,-0.615234,111,78.0469,0.00,1,0.00
7.083944,264.1113,-0.527344,111,78.0469,0.00,1,0.00
7.084945,264.0234,-0.615234,111,78.0469,0.00,1,0.00
7.085946,264.0234,-0.615234,111,78.0469,0.00,1,0.00
7.086947,264.0234,-0.615234,111,78.0469,0.00,1,0.00
7.087948,264.0234,-0.615234,111,78.0469,0.00,1,0.00
7.088949,264.0234,-0.615234,111,78.0469,0.00,1,0.00
7.089950,264.0234,-0.615234,111,78.0469,0.00,1,0.00
7.090951,264.0234,-0.615234,111,78.0469,0.00,1,0.00
7.091952,264.0234,-0.615234,111,78.0469,0.00,1,0.00
7.092953,264.0234,-0.615234,111,78.0469,0.00,1,0.00
7.093954,264.0234,-0.615234,111,78.0469,0.00,1,0.00
7.094955,264.0234,-0.615234,111,78.0469,0.00,1,0.00
7.095956,264.1113,-0.527344,111,78.0469,0.00,1,0.00
7.096957,264.1113,-0.527344,111,78.0469,0.00,1,0.00
7.097958,264.0234,-0.615234,111,78.0469,0.00,1,0.00
7.098959,264.0234,-0.615234,111,78.0469,0.00,1,0.00
7.106176,264.0234,-0.615234,111,78.0469,0.00,1,0.00
7.107177,264.0234,-0.615234,111,78.0469,0.00,1,0.00
7.108177,264.0234,-0.615234,111,78.0469,0.00,1,0.00
7.109178,264.0234,-0.615234,111,78.0469,0.00,1,0.00
7.110179,264.0234,-0.615234,111,78.0469,0.00,1,0.00
7.111180,264.0234,-0.615234,111,78.0469,0.00,1,0.00
7.112181,264.1113,-0.527344,111,78.0469,0.00,1,0.00
7.113182,264.1113,-0.527344,111,78.0469,0.00,1,0.00
7.114183,264.0234,-0.615234,111,78.0469,0.00,1,0.00
7.115184,264.0234,-0.615234,111,78.0469,0.00,1,0.00
7.116185,264.0234,-0.615234,111,78.0469,0.00,1,0.00
7.117186,264.0234,-0.615234,111,78.0469,0.00,1,0.00
7.118187,264.1113,-0.527344,111,78.0469,0.00,1,0.00
7.119188,264.0234,-0.615234,111,78.0469,0.00,1,0.00
7.120189,264.0234,-0.615234,111,78.0469,0.00,1,0.00
7.121190,264.0234,-0.615234,111,78.0469,0.00,1,0.00
7.122191,264.1113,-0.527344,111,78.0469,0.00,1,0.00
7.123192,264.1113,-0.527344,111,78.0469,0.00,1,0.00
7.124193,264.0234,-0.615234,111,78.0469,0.00,1,0.00
7.125194,264.1113,-0.527344,111,78.0469,0.00,1,0.00
7.126195,264.0234,-0.615234,111,78.0469,0.00,1,0.00
7.127196,264.0234,-0.615234,111,78.0469,0.00,1,0.00
7.128197,264.1113,-0.527344,111,78.0469,0.00,1,0.00
7.129198,264.1113,-0.527344,111,78.0469,0.00,1,0.00
7.130199,264.1113,-0.527344,111,78.0469,0.00,1,0.00
7.131200,264.0234,-0.615234,111,78.0469,0.00,1,0.00
7.132201,264.0234,-0.615234,111,78.0469,0.00,1,0.00
7.133202,264.0234,-0.615234,111,78.0469,0.00,1,0.00
7.134203,264.0234,-0.615234,111,78.0469,0.00,1,0.00
7.135204,264.0234,-0.615234,111,78.0469,0.00,1,0.00
7.136205,264.1113,-0.527344,111,78.0469,0.00,1,0.00
7.137206,264.0234,-0.615234,111,78.0469,0.00,1,0.00
7.138207,263.9355,-0.703125,111,78.0469,0.00,1,0.00
7.139208,264.0234,-0.615234,111,78.0469,0.00,1,0.00
7.140209,264.0234,-0.615234,111,78.0469,0.00,1,0.00
7.141210,264.0234,-0.615234,111,78.0469,0.00,1,0.00
7.142211,264.0234,-0.615234,111,78.0469,0.00,1,0.00
7.143212,264.0234,-0.615234,111,78.0469,0.00,1,0.00
7.144213,264.0234,-0.615234,111,78.0469,0.00,1,0.00
7.145214,264.0234,-0.615234,111,78.0469,0.00,1,0.00
7.146215,264.1113,-0.527344,111,78.0469,0.00,1,0.00
7.147216,264.1113,-0.527344,111,78.0469,0.00,1,0.00
7.148217,264.1113,-0.527344,111,78.0469,0.00,1,0.00
7.149218,264.0234,-0.615234,111,78.0469,0.00,1,0.00
7.150219,264.0234,-0.615234,111,78.0469,0.00,1,0.00
7.151220,264.0234,-0.615234,111,78.0469,0.00,1,0.00
7.152221,264.0234,-0.615234,111,78.0469,0.00,1,0.00
7.153222,264.0234,-0.615234,111,78.0469,0.00,1,0.00
7.154223,264.0234,-0.615234,111,78.0469,0.00,1,0.00
7.155224,264.0234,-0.615234,111,78.0469,0.00,1,0.00
7.162465,263.9355,-0.703125,111,78.0469,0.00,1,0.00
7.163466,264.0234,-0.615234,111,78.0469,0.00,1,0.00
7.164467,264.1113,-0.527344,111,78.0469,0.00,1,0.00
7.165468,264.0234,-0.615234,111,78.0469,0.00,1,0.00
7.166469,264.0234,-0.615234,111,78.0469,0.00,1,0.00
7.167470,264.0234,-0.615234,111,78.0469,0.00,1,0.00
7.168471,264.0234,-0.615234,111,78.0469,0.00,1,0.00
7.169472,264.0234,-0.615234,111,78.0469,0.00,1,0.00
7.170473,264.0234,-0.615234,111,78.0469,0.00,1,0.00
7.171474,264.1113,-0.527344,111,78.0469,0.00,1,0.00
7.172475,264.1113,-0.527344,111,78.0469,0.00,1,0.00
7.173476,264.0234,-0.615234,111,78.0469,0.00,1,0.00
7.174477,264.0234,-0.615234,111,78.0469,0.00,1,0.00
7.175478,264.0234,-0.615234,111,78.0469,0.00,1,0.00
7.176479,263.9355,-0.703125,111,78.0469,0.00,1,0.00
7.177480,263.9355,-0.703125,111,78.0469,0.00,1,0.00
7.178480,263.9355,-0.703125,111,78.0469,0.00,1,0.00
7.179481,264.0234,-0.615234,111,78.0469,0.00,1,0.00
7.180482,264.0234,-0.615234,111,78.0469,0.00,1,0.00
7.181483,264.0234,-0.615234,111,78.0469,0.00,1,0.00
7.182483,264.0234,-0.615234,111,78.0469,0.00,1,0.00
7.183484,264.0234,-0.615234,111,78.0469,0.00,1,0.00
7.184485,264.0234,-0.615234,111,78.0469,0.00,1,0.00
7.185486,264.1113,-0.527344,111,78.0469,0.00,1,0.00
7.186487,264.0234,-0.615234,111,78.0469,0.00,1,0.00
7.187488,264.0234,-0.615234,111,78.0469,0.00,1,0.00
7.188489,264.0234,-0.615234,111,78.0469,0.00,1,0.00
7.189490,264.0234,-0.615234,111,78.0469,0.00,1,0.00
7.190491,264.0234,-0.615234,111,78.0469,0.00,1,0.00
7.191492,264.0234,-0.615234,111,78.0469,0.00,1,0.00
7.192493,264.1113,-0.527344,111,78.0469,0.00,1,0.00
7.193494,264.0234,-0.615234,111,78.0469,0.00,1,0.00
7.194495,264.0234,-0.615234,111,78.0469,0.00,1,0.00
7.195496,264.0234,-0.615234,111,78.0469,0.00,1,0.00
7.196497,264.0234,-0.615234,111,78.0469,0.00,1,0.00
7.197498,264.0234,-0.615234,111,78.0469,0.00,1,0.00
7.198499,264.0234,-0.615234,111,78.0469,0.00,1,0.00
7.199500,264.1113,-0.527344,111,78.0469,0.00,1,0.00
7.200501,264.1113,-0.527344,111,78.0469,0.00,1,0.00
7.201502,264.1113,-0.527344,111,78.0469,0.00,1,0.00
7.202503,264.1113,-0.527344,111,78.0469,0.00,1,0.00
7.203504,264.0234,-0.615234,111,78.0469,0.00,1,0.00
7.204505,263.9355,-0.703125,111,78.0469,0.00,1,0.00
7.205506,264.0234,-0.615234,111,78.0469,0.00,1,0.00
7.206507,264.1113,-0.527344,111,78.0469,0.00,1,0.00
7.207508,264.0234,-0.615234,111,78.0469,0.00,1,0.00
7.208509,264.0234,-0.615234,111,78.0469,0.00,1,0.00
7.209510,264.0234,-0.615234,111,78.0469,0.00,1,0.00
7.210511,263.9355,-0.703125,111,78.0469,0.00,1,0.00
7.211512,264.0234,-0.615234,111,78.0469,0.00,1,0.00
7.218756,264.0234,-0.615234,111,78.0469,0.00,1,0.00
7.219757,264.0234,-0.615234,111,78.0469,0.00,1,0.00
7.220758,264.0234,-0.615234,111,78.0469,0.00,1,0.00
7.221759,264.0234,-0.615234,111,78.0469,0.00,1,0.00
7.222760,264.0234,-0.615234,111,78.0469,0.00,1,0.00
7.223761,264.0234,-0.615234,111,78.0469,0.00,1,0.00
7.224762,264.0234,-0.615234,111,78.0469,0.00,1,0.00
7.225763,264.0234,-0.615234,111,78.0469,0.00,1,0.00
7.226764,264.0234,-0.615234,111,78.0469,0.00,1,0.00
7.227765,264.0234,-0.615234,111,78.0469,0.00,1,0.00
7.228766,264.0234,-0.615234,111,78.0469,0.00,1,0.00
7.229767,264.1113,-0.527344,111,78.0469,0.00,1,0.00
7.230768,264.1113,-0.527344,111,78.0469,0.00,1,0.00
7.231769,264.0234,-0.615234,111,78.0469,0.00,1,0.00
7.232770,264.0234,-0.615234,111,78.0469,0.00,1,0.00
7.233771,263.9355,-0.703125,111,78.0469,0.00,1,0.00
7.234772,263.9355,-0.703125,111,78.0469,0.00,1,0.00
7.235773,264.0234,-0.615234,111,78.0469,0.00,1,0.00
7.236774,264.0234,-0.615234,111,78.0469,0.00,1,0.00
7.237775,264.0234,-0.615234,111,78.0469,0.00,1,0.00
7.238776,264.0234,-0.615234,111,78.0469,0.00,1,0.00
7.239777,264.0234,-0.615234,111,78.0469,0.00,1,0.00
7.240778,264.0234,-0.615234,111,78.0469,0.00,1,0.00
7.241779,264.0234,-0.615234,111,78.0469,0.00,1,0.00
7.242780,264.0234,-0.615234,111,78.0469,0.00,1,0.00
7.243781,264.0234,-0.615234,111,78.0469,0.00,1,0.00
7.244782,264.1113,-0.527344,111,78.0469,0.00,1,0.00
7.245783,264.0234,-0.615234,111,78.0469,0.00,1,0.00
7.246784,264.0234,-0.615234,111,78.0469,0.00,1,0.00
7.247785,264.0234,-0.615234,111,78.0469,0.00,1,0.00
7.248786,264.0234,-0.615234,111,78.0469,0.00,1,0.00
7.249787,264.0234,-0.615234,111,78.0469,0.00,1,0.00
7.250788,264.0234,-0.615234,111,78.0469,0.00,1,0.00
7.251789,264.0234,-0.615234,111,78.0469,0.00,1,0.00
7.252790,264.0234,-0.615234,111,78.0469,0.00,1,0.00
7.253791,264.0234,-0.615234,111,78.0469,0.00,1,0.00
7.254792,264.1113,-0.527344,111,78.0469,0.00,1,0.00
7.255793,264.1113,-0.527344,111,78.0469,0.00,1,0.00
7.256794,264.0234,-0.615234,111,78.0469,0.00,1,0.00
7.257795,263.9355,-0.703125,111,78.0469,0.00,1,0.00
7.258796,263.9355,-0.703125,111,78.0469,0.00,1,0.00
7.259797,264.0234,-0.615234,111,78.0469,0.00,1,0.00
7.260798,264.1113,-0.527344,111,78.0469,0.00,1,0.00
7.261799,264.1113,-0.527344,111,78.0469,0.00,1,0.00
7.262800,264.1113,-0.527344,111,78.0469,0.00,1,0.00
7.263801,264.0234,-0.615234,111,78.0469,0.00,1,0.00
7.264802,264.1113,-0.527344,111,78.0469,0.00,1,0.00
7.265803,264.1113,-0.527344,111,78.0469,0.00,1,0.00
7.266804,264.0234,-0.615234,111,78.0469,0.00,1,0.00
7.267805,264.0234,-0.615234,111,78.0469,0.00,1,0.00
7.275071,264.0234,-0.615234,111,78.0469,0.00,1,0.00
7.276072,263.9355,-0.703125,111,78.0469,0.00,1,0.00
7.277073,264.0234,-0.615234,111,78.0469,0.00,1,0.00
7.278074,264.0234,-0.615234,111,78.0469,0.00,1,0.00
7.279074,264.1113,-0.527344,111,78.0469,0.00,1,0.00
7.280075,264.0234,-0.615234,111,78.0469,0.00,1,0.00
7.281076,264.0234,-0.615234,111,78.0469,0.00,1,0.00
7.282077,264.0234,-0.615234,111,78.0469,0.00,1,0.00
7.283078,264.0234,-0.615234,111,78.0469,0.00,1,0.00
7.284079,264.1113,-0.527344,111,78.0469,0.00,1,0.00
7.285080,264.1113,-0.527344,111,78.0469,0.00,1,0.00
7.286081,264.0234,-0.615234,111,78.0469,0.00,1,0.00
7.287082,264.0234,-0.615234,111,78.0469,0.00,1,0.00
7.288083,264.0234,-0.615234,111,78.0469,0.00,1,0.00
7.289084,264.0234,-0.615234,111,78.0469,0.00,1,0.00
7.290085,264.1113,-0.527344,111,78.0469,0.00,1,0.00
7.291086,264.0234,-0.615234,111,78.0469,0.00,1,0.00
7.292087,264.0234,-0.615234,111,78.0469,0.00,1,0.00
7.293088,264.0234,-0.615234,111,78.0469,0.00,1,0.00
7.294089,263.9355,-0.703125,111,78.0469,0.00,1,0.00
7.295090,264.0234,-0.615234,111,78.0469,0.00,1,0.00
7.296091,264.1113,-0.527344,111,78.0469,0.00,1,0.00
7.297092,264.1113,-0.527344,111,78.0469,0.00,1,0.00
7.298093,264.0234,-0.615234,111,78.0469,0.00,1,0.00
7.299094,264.0234,-0.615234,111,78.0469,0.00,1,0.00
7.300095,264.0234,-0.615234,111,78.0469,0.00,1,0.00
7.301096,264.0234,-0.615234,111,78.0469,0.00,1,0.00
7.302097,264.0234,-0.615234,111,78.0469,0.00,1,0.00
7.303098,264.0234,-0.615234,111,78.0469,0.00,1,0.00
7.304099,264.0234,-0.615234,111,78.0469,0.00,1,0.00
7.305100,264.0234,-0.615234,111,78.0469,0.00,1,0.00
7.306101,264.0234,-0.615234,111,78.0469,0.00,1,0.00
7.307102,264.0234,-0.615234,111,78.0469,0.00,1,0.00
7.308103,264.0234,-0.615234,111,78.0469,0.00,1,0.00
7.309104,264.0234,-0.615234,111,78.0469,0.00,1,0.00
7.310105,264.0234,-0.615234,111,78.0469,0.00,1,0.00
7.311106,264.0234,-0.615234,111,78.0469,0.00,1,0.00
7.312107,264.1113,-0.527344,111,78.0469,0.00,1,0.00
7.313108,264.1113,-0.527344,111,78.0469,0.00,1,0.00
7.314109,264.0234,-0.615234,111,78.0469,0.00,1,0.00
7.315110,264.0234,-0.615234,111,78.0469,0.00,1,0.00
7.316111,264.0234,-0.615234,111,78.0469,0.00,1,0.00
7.317112,264.1113,-0.527344,111,78.0469,0.00,1,0.00
7.318113,264.0234,-0.615234,111,78.0469,0.00,1,0.00
7.319114,264.0234,-0.615234,111,78.0469,0.00,1,0.00
7.320115,264.1113,-0.527344,111,78.0469,0.00,1,0.00
7.321116,264.0234,-0.615234,111,78.0469,0.00,1,0.00
7.322117,264.0234,-0.615234,111,78.0469,0.00,1,0.00
7.323118,264.0234,-0.615234,111,78.0469,0.00,1,0.00
7.324119,264.0234,-0.615234,111,78.0469,0.00,1,0.00
7.331385,264.0234,-0.615234,111,78.0469,0.00,1,0.00
7.332386,264.0234,-0.615234,111,78.0469,0.00,1,0.00
7.333387,264.1113,-0.527344,111,78.0469,0.00,1,0.00
7.334388,264.1113,-0.527344,111,78.0469,0.00,1,0.00
7.335388,264.0234,-0.615234,111,78.0469,0.00,1,0.00
7.336389,264.0234,-0.615234,111,78.0469,0.00,1,0.00
7.337390,264.1113,-0.527344,111,78.0469,0.00,1,0.00
7.338391,264.0234,-0.615234,111,78.0469,0.00,1,0.00
7.339392,264.0234,-0.615234,111,78.0469,0.00,1,0.00
7.340393,264.0234,-0.615234,111,78.0469,0.00,1,0.00
7.341394,264.0234,-0.615234,111,78.0469,0.00,1,0.00
7.342395,264.0234,-0.615234,111,78.0469,0.00,1,0.00
7.343396,264.0234,-0.615234,111,78.0469,0.00,1,0.00
7.344397,264.0234,-0.615234,111,78.0469,0.00,1,0.00
7.345398,264.0234,-0.615234,111,78.0469,0.00,1,0.00
7.346399,264.0234,-0.615234,111,78.0469,0.00,1,0.00
7.347400,264.0234,-0.615234,111,78.0469,0.00,1,0.00
7.348401,264.1113,-0.527344,111,78.0469,0.00,1,0.00
7.349402,264.0234,-0.615234,111,78.0469,0.00,1,0.00
7.350403,264.0234,-0.615234,111,78.0469,0.00,1,0.00
7.351404,263.9355,-0.703125,111,78.0469,0.00,1,0.00
7.352405,264.0234,-0.615234,111,78.0469,0.00,1,0.00
7.353406,264.1113,-0.527344,111,78.0469,0.00,1,0.00
7.354407,264.0234,-0.615234,111,78.0469,0.00,1,0.00
7.355408,264.0234,-0.615234,111,78.0469,0.00,1,0.00
7.356409,264.0234,-0.615234,111,78.0469,0.00,1,0.00
7.357410,264.0234,-0.615234,111,78.0469,0.00,1,0.00
7.358411,264.0234,-0.615234,111,78.0469,0.00,1,0.00
7.359412,264.0234,-0.615234,111,78.0469,0.00,1,0.00
7.360413,264.0234,-0.615234,111,78.0469,0.00,1,0.00
7.361414,264.0234,-0.615234,111,78.0469,0.00,1,0.00
7.362415,264.0234,-0.615234,111,78.0469,0.00,1,0.00
7.363416,264.0234,-0.615234,111,78.0469,0.00,1,0.00
7.364417,264.0234,-0.615234,111,78.0469,0.00,1,0.00
7.365418,264.0234,-0.615234,111,78.0469,0.00,1,0.00
7.366419,264.0234,-0.615234,111,78.0469,0.00,1,0.00
7.367420,264.0234,-0.615234,111,78.0469,0.00,1,0.00
7.368421,264.0234,-0.615234,111,78.0469,0.00,1,0.00
7.369422,264.0234,-0.615234,111,78.0469,0.00,1,0.00
7.370423,264.1113,-0.527344,111,78.0469,0.00,1,0.00
7.371424,264.1113,-0.527344,111,78.0469,0.00,1,0.00
7.372425,264.1113,-0.527344,111,78.0469,0.00,1,0.00
7.373426,264.0234,-0.615234,111,78.0469,0.00,1,0.00
7.374427,264.0234,-0.615234,111,78.0469,0.00,1,0.00
7.375428,263.9355,-0.703125,111,78.0469,0.00,1,0.00
7.376429,264.0234,-0.615234,111,78.0469,0.00,1,0.00
7.377430,264.0234,-0.615234,111,78.0469,0.00,1,0.00
7.378431,264.0234,-0.615234,111,78.0469,0.00,1,0.00
7.379432,263.9355,-0.703125,111,78.0469,0.00,1,0.00
7.380433,263.9355,-0.703125,111,78.0469,0.00,1,0.00
7.388287,264.0234,-0.615234,111,78.0469,0.00,1,0.00
7.389288,264.0234,-0.615234,111,78.0469,0.00,1,0.00
7.390289,264.0234,-0.615234,111,78.0469,0.00,1,0.00
7.391290,263.9355,-0.703125,111,78.0469,0.00,1,0.00
7.392291,263.9355,-0.703125,111,78.0469,0.00,1,0.00
7.393292,264.0234,-0.615234,111,78.0469,0.00,1,0.00
7.394293,264.0234,-0.615234,111,78.0469,0.00,1,0.00
7.395294,264.0234,-0.615234,111,78.0469,0.00,1,0.00
7.396295,264.1113,-0.527344,111,78.0469,0.00,1,0.00
7.397296,264.0234,-0.615234,111,78.0469,0.00,1,0.00
7.398297,264.0234,-0.615234,111,78.0469,0.00,1,0.00
7.399298,264.0234,-0.615234,111,78.0469,0.00,1,0.00
7.400299,264.0234,-0.615234,111,78.0469,0.00,1,0.00
7.401300,264.0234,-0.615234,111,78.0469,0.00,1,0.00
7.402301,264.0234,-0.615234,111,78.0469,0.00,1,0.00
7.403302,264.0234,-0.615234,111,78.0469,0.00,1,0.00
7.404303,264.0234,-0.615234,111,78.0469,0.00,1,0.00
7.405304,264.0234,-0.615234,111,78.0469,0.00,1,0.00
7.406305,264.0234,-0.615234,111,78.0469,0.00,1,0.00
7.407306,264.1113,-0.527344,111,78.0469,0.00,1,0.00
7.408307,264.1113,-0.527344,111,78.0469,0.00,1,0.00
7.409308,264.0234,-0.615234,111,78.0469,0.00,1,0.00
7.410309,264.0234,-0.615234,111,78.0469,0.00,1,0.00
7.411310,264.0234,-0.615234,111,78.0469,0.00,1,0.00
7.412311,264.0234,-0.615234,111,78.0469,0.00,1,0.00
7.413312,264.0234,-0.615234,111,78.0469,0.00,1,0.00
7.414313,264.0234,-0.615234,111,78.0469,0.00,1,0.00
7.415314,264.0234,-0.615234,111,78.0469,0.00,1,0.00
7.416315,264.0234,-0.615234,111,78.0469,0.00,1,0.00
7.417316,264.0234,-0.615234,111,78.0469,0.00,1,0.00
7.418317,264.0234,-0.615234,111,78.0469,0.00,1,0.00
7.419318,264.0234,-0.615234,111,78.0469,0.00,1,0.00
7.420319,264.0234,-0.615234,111,78.0469,0.00,1,0.00
7.421320,264.0234,-0.615234,111,78.0469,0.00,1,0.00
7.422321,264.0234,-0.615234,111,78.0469,0.00,1,0.00
7.423322,264.0234,-0.615234,111,78.0469,0.00,1,0.00
7.424323,264.0234,-0.615234,111,78.0469,0.00,1,0.00
7.425324,264.0234,-0.615234,111,78.0469,0.00,1,0.00
7.426325,263.9355,-0.703125,111,78.0469,0.00,1,0.00
7.427326,264.0234,-0.615234,111,78.0469,0.00,1,0.00
7.428327,264.0234,-0.615234,111,78.0469,0.00,1,0.00
7.429328,264.1113,-0.527344,111,78.0469,0.00,1,0.00
7.430329,264.0234,-0.615234,111,78.0469,0.00,1,0.00
7.431330,263.9355,-0.703125,111,78.0469,0.00,1,0.00
7.432331,264.0234,-0.615234,111,78.0469,0.00,1,0.00
7.433332,264.0234,-0.615234,111,78.0469,0.00,1,0.00
7.434333,264.0234,-0.615234,111,78.0469,0.00,1,0.00
7.435334,263.9355,-0.703125,111,78.0469,0.00,1,0.00
7.436335,264.0234,-0.615234,111,78.0469,0.00,1,0.00
7.437336,264.0234,-0.615234,111,78.0469,0.00,1,0.00
7.444552,264.0234,-0.615234,111,78.0469,0.00,1,0.00
7.445553,264.1113,-0.527344,111,78.0469,0.00,1,0.00
7.446554,264.1113,-0.527344,111,78.0469,0.00,1,0.00
7.447555,264.0234,-0.615234,111,78.0469,0.00,1,0.00
7.448556,264.0234,-0.615234,111,78.0469,0.00,1,0.00
7.449557,264.0234,-0.615234,111,78.0469,0.00,1,0.00
7.450558,264.0234,-0.615234,111,78.0469,0.00,1,0.00
7.451559,263.9355,-0.703125,111,78.0469,0.00,1,0.00
7.452560,264.0234,-0.615234,111,78.0469,0.00,1,0.00
7.453561,263.9355,-0.703125,111,78.0469,0.00,1,0.00
7.454562,264.0234,-0.615234,111,78.0469,0.00,1,0.00
7.455563,264.0234,-0.615234,111,78.0469,0.00,1,0.00
7.456564,264.0234,-0.615234,111,78.0469,0.00,1,0.00
7.457565,264.0234,-0.615234,111,78.0469,0.00,1,0.00
7.458566,264.0234,-0.615234,111,78.0469,0.00,1,0.00
7.459567,264.0234,-0.615234,111,78.0469,0.00,1,0.00
7.460568,264.0234,-0.615234,111,78.0469,0.00,1,0.00
7.461569,264.0234,-0.615234,111,78.0469,0.00,1,0.00
7.462570,264.0234,-0.615234,111,78.0469,0.00,1,0.00
7.463571,264.0234,-0.615234,111,78.0469,0.00,1,0.00
7.464572,264.1113,-0.527344,111,78.0469,0.00,1,0.00
7.465573,264.0234,-0.615234,111,78.0469,0.00,1,0.00
7.466574,264.0234,-0.615234,111,78.0469,0.00,1,0.00
7.467575,264.1113,-0.527344,111,78.0469,0.00,1,0.00
7.468576,264.0234,-0.615234,111,78.0469,0.00,1,0.00
7.469577,264.0234,-0.615234,111,78.0469,0.00,1,0.00
7.470578,264.0234,-0.615234,111,78.0469,0.00,1,0.00
7.471579,264.0234,-0.615234,111,78.0469,0.00,1,0.00
7.472580,264.0234,-0.615234,111,78.0469,0.00,1,0.00
7.473581,264.0234,-0.615234,111,78.0469,0.00,1,0.00
7.474582,264.0234,-0.615234,111,78.0469,0.00,1,0.00
7.475583,264.0234,-0.615234,111,78.0469,0.00,1,0.00
7.476584,264.0234,-0.615234,111,78.0469,0.00,1,0.00
7.477585,264.0234,-0.615234,111,78.0469,0.00,1,0.00
7.478586,264.0234,-0.615234,111,78.0469,0.00,1,0.00
7.479587,264.0234,-0.615234,111,78.0469,0.00,1,0.00
7.480588,264.0234,-0.615234,111,78.0469,0.00,1,0.00
7.481589,264.0234,-0.615234,111,78.0469,0.00,1,0.00
7.482590,263.9355,-0.703125,111,78.0469,0.00,1,0.00
7.483591,263.9355,-0.703125,111,78.0469,0.00,1,0.00
7.484592,264.0234,-0.615234,111,78.0469,0.00,1,0.00
7.485593,264.0234,-0.615234,111,78.0469,0.00,1,0.00
7.486594,264.0234,-0.615234,111,78.0469,0.00,1,0.00
7.487595,264.0234,-0.615234,111,78.0469,0.00,1,0.00
7.488596,264.0234,-0.615234,111,78.0469,0.00,1,0.00
7.489597,264.1113,-0.527344,111,78.0469,0.00,1,0.00
7.490598,264.0234,-0.615234,111,78.0469,0.00,1,0.00
7.491599,264.0234,-0.615234,111,78.0469,0.00,1,0.00
7.492600,264.1113,-0.527344,111,78.0469,0.00,1,0.00
7.493601,264.0234,-0.615234,111,78.0469,0.00,1,0.00
7.500820,264.0234,-0.615234,111,78.0469,0.00,1,0.00
7.501821,264.0234,-0.615234,111,78.0469,0.00,1,0.00
7.502822,264.1113,-0.527344,111,78.0469,0.00,1,0.00
7.503823,264.1113,-0.527344,111,78.0469,0.00,1,0.00
7.504823,264.0234,-0.615234,111,78.0469,0.00,1,0.00
7.505824,264.0234,-0.615234,111,78.0469,0.00,1,0.00
7.506825,264.0234,-0.615234,111,78.0469,0.00,1,0.00
7.507826,264.0234,-0.615234,111,78.0469,0.00,1,0.00
7.508827,264.0234,-0.615234,111,78.0469,0.00,1,0.00
7.509828,264.0234,-0.615234,111,78.0469,0.00,1,0.00
7.510829,264.0234,-0.615234,111,78.0469,0.00,1,0.00
7.511830,264.0234,-0.615234,111,78.0469,0.00,1,0.00
7.512831,264.1113,-0.527344,111,78.0469,0.00,1,0.00
7.513832,264.0234,-0.615234,111,78.0469,0.00,1,0.00
7.514833,264.1113,-0.527344,111,78.0469,0.00,1,0.00
7.515834,264.1113,-0.527344,111,78.0469,0.00,1,0.00
7.516835,264.1113,-0.527344,111,78.0469,0.00,1,0.00
7.517836,264.1113,-0.527344,111,78.0469,0.00,1,0.00
7.518837,264.0234,-0.615234,111,78.0469,0.00,1,0.00
7.519838,264.0234,-0.615234,111,78.0469,0.00,1,0.00
7.520839,263.9355,-0.703125,111,78.0469,0.00,1,0.00
7.521840,264.0234,-0.615234,111,78.0469,0.00,1,0.00
7.522841,264.1113,-0.527344,111,78.0469,0.00,1,0.00
7.523842,264.1113,-0.527344,111,78.0469,0.00,1,0.00
7.524843,264.1113,-0.527344,111,78.0469,0.00,1,0.00
7.525844,264.1113,-0.527344,111,78.0469,0.00,1,0.00
7.526845,264.0234,-0.615234,111,78.0469,0.00,1,0.00
7.527846,264.0234,-0.615234,111,78.0469,0.00,1,0.00
7.528847,264.0234,-0.615234,111,78.0469,0.00,1,0.00
7.529848,264.0234,-0.615234,111,78.0469,0.00,1,0.00
7.530849,264.0234,-0.615234,111,78.0469,0.00,1,0.00
7.531850,264.0234,-0.615234,111,78.0469,0.00,1,0.00
7.532851,264.0234,-0.615234,111,78.0469,0.00,1,0.00
7.533852,264.0234,-0.615234,111,78.0469,0.00,1,0.00
7.534853,264.0234,-0.615234,111,78.0469,0.00,1,0.00
7.535854,264.0234,-0.615234,111,78.0469,0.00,1,0.00
7.536855,264.0234,-0.615234,111,78.0469,0.00,1,0.00
7.537855,264.1113,-0.527344,111,78.0469,0.00,1,0.00
7.538856,264.0234,-0.615234,111,78.0469,0.00,1,0.00
7.539857,264.1113,-0.527344,111,78.0469,0.00,1,0.00
7.540858,264.1113,-0.527344,111,78.0469,0.00,1,0.00
7.541858,264.1113,-0.527344,111,78.0469,0.00,1,0.00
7.542859,264.0234,-0.615234,111,78.0469,0.00,1,0.00
7.543860,264.1113,-0.527344,111,78.0469,0.00,1,0.00
7.544861,264.1113,-0.527344,111,78.0469,0.00,1,0.00
7.545862,264.0234,-0.615234,111,78.0469,0.00,1,0.00
7.546863,264.0234,-0.615234,111,78.0469,0.00,1,0.00
7.547864,264.0234,-0.615234,111,78.0469,0.00,1,0.00
7.548865,264.0234,-0.615234,111,78.0469,0.00,1,0.00
7.549866,264.0234,-0.615234,111,78.0469,0.00,1,0.00
7.557111,264.0234,-0.615234,111,78.0469,0.00,1,0.00
7.558111,264.0234,-0.615234,111,78.0469,0.00,1,0.00
7.559112,264.0234,-0.615234,111,78.0469,0.00,1,0.00
7.560113,264.0234,-0.615234,111,78.0469,0.00,1,0.00
7.561114,264.0234,-0.615234,111,78.0469,0.00,1,0.00
7.562115,264.0234,-0.615234,111,78.0469,0.00,1,0.00
7.563116,264.0234,-0.615234,111,78.0469,0.00,1,0.00
7.564117,264.0234,-0.615234,111,78.0469,0.00,1,0.00
7.565118,264.0234,-0.615234,111,78.0469,0.00,1,0.00
7.566119,264.0234,-0.615234,111,78.0469,0.00,1,0.00
7.567120,264.0234,-0.615234,111,78.0469,0.00,1,0.00
7.568121,264.0234,-0.615234,111,78.0469,0.00,1,0.00
7.569122,264.0234,-0.615234,111,78.0469,0.00,1,0.00
7.570123,264.0234,-0.615234,111,78.0469,0.00,1,0.00
7.571124,264.0234,-0.615234,111,78.0469,0.00,1,0.00
7.572125,264.1113,-0.527344,111,78.0469,0.00,1,0.00
7.573126,264.1113,-0.527344,111,78.0469,0.00,1,0.00
7.574127,264.0234,-0.615234,111,78.0469,0.00,1,0.00
7.575128,264.0234,-0.615234,111,78.0469,0.00,1,0.00
7.576129,264.1113,-0.527344,111,78.0469,0.00,1,0.00
7.577130,264.0234,-0.615234,111,78.0469,0.00,1,0.00
7.578131,264.0234,-0.615234,111,78.0469,0.00,1,0.00
7.579132,264.0234,-0.615234,111,78.0469,0.00,1,0.00
7.580133,264.0234,-0.615234,111,78.0469,0.00,1,0.00
7.581134,264.0234,-0.615234,111,78.0469,0.00,1,0.00
7.582135,264.0234,-0.615234,111,78.0469,0.00,1,0.00
7.583136,264.1113,-0.527344,111,78.0469,0.00,1,0.00
7.584137,264.0234,-0.615234,111,78.0469,0.00,1,0.00
7.585138,264.0234,-0.615234,111,78.0469,0.00,1,0.00
7.586139,264.0234,-0.615234,111,78.0469,0.00,1,0.00
7.587140,263.9355,-0.703125,111,78.0469,0.00,1,0.00
7.588141,264.0234,-0.615234,111,78.0469,0.00,1,0.00
7.589142,264.0234,-0.615234,111,78.0469,0.00,1,0.00
7.590143,264.0234,-0.615234,111,78.0469,0.00,1,0.00
7.591144,264.0234,-0.615234,111,78.0469,0.00,1,0.00
7.592145,264.1113,-0.527344,111,78.0469,0.00,1,0.00
7.593146,264.1113,-0.527344,111,78.0469,0.00,1,0.00
7.594147,264.1113,-0.527344,111,78.0469,0.00,1,0.00
7.595148,264.0234,-0.615234,111,78.0469,0.00,1,0.00
7.596149,264.0234,-0.615234,111,78.0469,0.00,1,0.00
7.597150,264.1113,-0.527344,111,78.0469,0.00,1,0.00
7.598151,264.0234,-0.615234,111,78.0469,0.00,1,0.00
7.599152,264.0234,-0.615234,111,78.0469,0.00,1,0.00
7.600153,264.0234,-0.615234,111,78.0469,0.00,1,0.00
7.601154,264.0234,-0.615234,111,78.0469,0.00,1,0.00
7.602155,264.1113,-0.527344,111,78.0469,0.00,1,0.00
7.603156,264.0234,-0.615234,111,78.0469,0.00,1,0.00
7.604157,264.0234,-0.615234,111,78.0469,0.00,1,0.00
7.605158,264.0234,-0.615234,111,78.0469,0.00,1,0.00
7.606159,264.0234,-0.615234,111,78.0469,0.00,1,0.00
7.613421,264.0234,-0.615234,111,78.0469,0.00,1,0.00
7.614422,264.0234,-0.615234,111,78.0469,0.00,1,0.00
7.615423,264.1113,-0.527344,111,78.0469,0.00,1,0.00
7.616424,264.1113,-0.527344,111,78.0469,0.00,1,0.00
7.617425,264.1113,-0.527344,111,78.0469,0.00,1,0.00
7.618426,264.0234,-0.615234,111,78.0469,0.00,1,0.00
7.619427,264.0234,-0.615234,111,78.0469,0.00,1,0.00
7.620428,264.0234,-0.615234,111,78.0469,0.00,1,0.00
7.621429,264.0234,-0.615234,111,78.0469,0.00,1,0.00
7.622430,264.1113,-0.527344,111,78.0469,0.00,1,0.00
7.623431,264.1113,-0.527344,111,78.0469,0.00,1,0.00
7.624432,264.1113,-0.527344,111,78.0469,0.00,1,0.00
7.625433,264.1113,-0.527344,111,78.0469,0.00,1,0.00
7.626434,263.9355,-0.703125,111,78.0469,0.00,1,0.00
7.627435,264.0234,-0.615234,111,78.0469,0.00,1,0.00
7.628436,264.0234,-0.615234,111,78.0469,0.00,1,0.00
7.629437,264.0234,-0.615234,111,78.0469,0.00,1,0.00
7.630438,264.0234,-0.615234,111,78.0469,0.00,1,0.00
7.631439,264.0234,-0.615234,111,78.0469,0.00,1,0.00
7.632440,264.0234,-0.615234,111,78.0469,0.00,1,0.00
7.633441,264.0234,-0.615234,111,78.0469,0.00,1,0.00
7.634442,264.1113,-0.527344,111,78.0469,0.00,1,0.00
7.635443,264.0234,-0.615234,111,78.0469,0.00,1,0.00
7.636444,263.9355,-0.703125,111,78.0469,0.00,1,0.00
7.637445,263.9355,-0.703125,111,78.0469,0.00,1,0.00
7.638446,264.0234,-0.615234,111,78.0469,0.00,1,0.00
7.639447,264.0234,-0.615234,111,78.0469,0.00,1,0.00
7.640448,264.0234,-0.615234,111,78.0469,0.00,1,0.00
7.641449,264.0234,-0.615234,111,78.0469,0.00,1,0.00
7.642450,263.9355,-0.703125,111,78.0469,0.00,1,0.00
7.643451,264.0234,-0.615234,111,78.0469,0.00,1,0.00
7.644452,264.0234,-0.615234,111,78.0469,0.00,1,0.00
7.645453,264.0234,-0.615234,111,78.0469,0.00,1,0.00
7.646454,264.0234,-0.615234,111,78.0469,0.00,1,0.00
7.647455,264.0234,-0.615234,111,78.0469,0.00,1,0.00
7.648456,264.0234,-0.615234,111,78.0469,0.00,1,0.00
7.649457,263.9355,-0.703125,111,78.0469,0.00,1,0.00
7.650458,263.9355,-0.703125,111,78.0469,0.00,1,0.00
7.651459,264.0234,-0.615234,111,78.0469,0.00,1,0.00
7.652460,264.0234,-0.615234,111,78.0469,0.00,1,0.00
7.653461,264.0234,-0.615234,111,78.0469,0.00,1,0.00
7.654462,264.0234,-0.615234,111,78.0469,0.00,1,0.00
7.655463,264.0234,-0.615234,111,78.0469,0.00,1,0.00
7.656464,264.0234,-0.615234,111,78.0469,0.00,1,0.00
7.657465,264.0234,-0.615234,111,78.0469,0.00,1,0.00
7.658466,264.0234,-0.615234,111,78.0469,0.00,1,0.00
7.659467,264.0234,-0.615234,111,78.0469,0.00,1,0.00
7.660467,264.0234,-0.615234,111,78.0469,0.00,1,0.00
7.661468,264.0234,-0.615234,111,78.0469,0.00,1,0.00
7.662469,264.1113,-0.527344,111,78.0469,0.00,1,0.00
7.669735,264.0234,-0.615234,111,78.0469,0.00,1,0.00
7.670736,264.0234,-0.615234,111,78.0469,0.00,1,0.00
7.671737,264.0234,-0.615234,111,78.0469,0.00,1,0.00
7.672738,264.0234,-0.615234,111,78.0469,0.00,1,0.00
7.673739,264.0234,-0.615234,111,78.0469,0.00,1,0.00
7.674740,264.0234,-0.615234,111,78.0469,0.00,1,0.00
7.675741,264.0234,-0.615234,111,78.0469,0.00,1,0.00
7.676742,264.0234,-0.615234,111,78.0469,0.00,1,0.00
7.677743,264.1113,-0.527344,111,78.0469,0.00,1,0.00
7.678744,264.1113,-0.527344,111,78.0469,0.00,1,0.00
7.679745,264.0234,-0.615234,111,78.0469,0.00,1,0.00
7.680746,264.0234,-0.615234,111,78.0469,0.00,1,0.00
7.681747,264.0234,-0.615234,111,78.0469,0.00,1,0.00
7.682748,264.0234,-0.615234,111,78.0469,0.00,1,0.00
7.683749,264.0234,-0.615234,111,78.0469,0.00,1,0.00
7.684750,264.0234,-0.615234,111,78.0469,0.00,1,0.00
7.685751,264.0234,-0.615234,111,78.0469,0.00,1,0.00
7.686752,264.0234,-0.615234,111,78.0469,0.00,1,0.00
7.687753,264.0234,-0.615234,111,78.0469,0.00,1,0.00
7.688754,264.0234,-0.615234,111,78.0469,0.00,1,0.00
7.689755,264.0234,-0.615234,111,78.0469,0.00,1,0.00
7.690756,264.0234,-0.615234,111,78.0469,0.00,1,0.00
7.691757,264.0234,-0.615234,111,78.0469,0.00,1,0.00
7.692758,264.1113,-0.527344,111,78.0469,0.00,1,0.00
7.693759,264.1113,-0.527344,111,78.0469,0.00,1,0.00
7.694760,264.1113,-0.527344,111,78.0469,0.00,1,0.00
7.695761,264.1113,-0.527344,111,78.0469,0.00,1,0.00
7.696762,264.1113,-0.527344,111,78.0469,0.00,1,0.00
7.697763,264.0234,-0.615234,111,78.0469,0.00,1,0.00
7.698764,264.0234,-0.615234,111,78.0469,0.00,1,0.00
7.699765,264.0234,-0.615234,111,78.0469,0.00,1,0.00
7.700766,264.0234,-0.615234,111,78.0469,2500.00,1,2500.00
7.701767,263.9355,-0.703125,113,79.4531,2500.00,1,2500.00
7.702768,262.6172,-2.021484,117,82.2656,2500.00,1,2500.00
7.703769,259.8926,-4.746094,122,85.7813,2500.00,1,2500.00
7.704770,257.1680,-7.470703,125,87.8906,2500.00,1,2500.00
7.705771,254.7949,-9.843750,127,89.2969,2500.00,1,2500.00
7.706772,253.2129,-11.425781,130,91.4063,2500.00,1,2500.00
7.707773,251.5430,-13.095703,134,94.2188,2500.00,1,2500.00
7.708774,249.2578,-15.380859,138,97.0313,2500.00,1,2500.00
7.709775,247.1484,-17.490234,140,98.4375,2500.00,1,2500.00
7.710776,244.9512,-19.687500,143,100.5469,2500.00,1,2500.00
7.711777,242.8418,-21.796875,146,102.6563,2500.00,1,2500.00
7.712778,240.9082,-23.730469,150,105.4688,2500.00,1,2500.00
7.713779,238.7109,-25.927734,153,107.5781,2500.00,1,2500.00
7.714780,236.5137,-28.125000,156,109.6875,2500.00,1,2500.00
7.715781,234.5801,-30.058594,160,112.5000,2500.00,1,2500.00
7.716782,232.3828,-32.255859,163,114.6094,2500.00,1,2500.00
7.717783,230.1855,-34.453125,166,116.7188,2500.00,1,2500.00
7.718784,228.2520,-36.386719,169,118.8281,2500.00,1,2500.00
7.726533,211.0254,-53.613281,194,136.4062,2500.00,1,2500.00
7.727534,208.6523,-55.986328,197,138.5156,2500.00,1,2500.00
7.728535,206.1914,-58.447266,200,140.6250,2500.00,1,2500.00
7.729536,203.9941,-60.644531,204,143.4375,2500.00,1,2500.00
7.730537,201.4453,-63.193359,207,145.5469,2500.00,1,2500.00
7.731538,199.2480,-65.390625,210,147.6562,2500.00,1,2500.00
7.732539,196.8750,-67.763672,213,149.7656,2500.00,1,2500.00
7.733540,194.2383,-70.400391,216,151.8750,2500.00,1,2500.00
7.734541,192.0410,-72.597656,220,154.6875,2500.00,1,2500.00
7.735542,189.4043,-75.234375,223,156.7969,2500.00,1,2500.00
7.736543,186.8555,-77.783203,226,158.9062,2500.00,1,2500.00
7.737544,184.5703,-80.068359,229,161.0156,2500.00,1,2500.00
7.738545,182.0215,-82.617187,232,163.1250,2500.00,1,2500.00
7.739546,179.2969,-85.341797,236,165.9375,2500.00,1,2500.00
7.740547,177.0117,-87.626953,239,168.0469,2500.00,1,2500.00
7.741548,174.3750,-90.263672,242,170.1562,2500.00,1,2500.00
7.742549,172.0020,-92.636719,245,172.2656,2500.00,1,2500.00
7.743550,169.2773,-95.361328,248,174.3750,2500.00,1,2500.00
7.744551,166.7285,-97.910156,252,177.1875,2500.00,1,2500.00
7.745552,164.3555,-100.283203,255,179.2969,2500.00,1,2500.00
7.746553,161.6309,-103.007812,258,181.4062,2500.00,1,2500.00
7.747554,158.9941,-105.644531,261,183.5156,2500.00,1,2500.00
7.748555,156.7090,-107.929687,264,185.6250,2500.00,1,2500.00
7.749556,154.0723,-110.566406,268,188.4375,2500.00,1,2500.00
7.750557,151.5234,-113.115234,271,190.5469,2500.00,1,2500.00
7.751558,149.2383,-115.400391,274,192.6562,2500.00,1,2500.00
7.752559,146.6016,-118.037109,278,195.4687,2500.00,1,2500.00
7.753560,144.3164,-120.322266,280,196.8750,2500.00,1,2500.00
7.754561,141.8555,-122.783203,284,199.6875,2500.00,1,2500.00
7.755562,139.3066,-125.332031,287,201.7969,2500.00,1,2500.00
7.756563,136.9336,-127.705078,290,203.9062,2500.00,1,2500.00
7.757564,134.3848,-130.253906,294,206.7187,2500.00,1,2500.00
7.758565,131.9238,-132.714844,297,208.8281,2500.00,1,2500.00
7.759566,129.7266,-134.912109,300,210.9375,2500.00,1,2500.00
7.760567,127.2656,-137.373047,303,213.0469,2500.00,1,2500.00
7.761568,124.8926,-139.746094,306,215.1562,2500.00,1,2500.00
7.762569,122.7832,-141.855469,310,217.9687,2500.00,1,2500.00
7.763570,120.4102,-144.228516,313,220.0781,2500.00,1,2500.00
7.764571,118.3887,-146.250000,316,222.1875,2500.00,1,2500.00
7.765572,116.0156,-148.623047,319,224.2969,2500.00,1,2500.00
7.766573,113.6426,-150.996094,322,226.4062,2500.00,1,2500.00
7.767574,111.7090,-152.929687,326,229.2187,2500.00,1,2500.00
7.768575,109.3359,-155.302734,329,231.3281,2500.00,1,2500.00
7.769576,107.0508,-157.587891,332,233.4375,2500.00,1,2500.00
7.770577,105.1172,-159.521484,335,235.5469,2500.00,1,2500.00
7.771578,102.9199,-161.718750,338,237.6562,2500.00,1,2500.00
7.772579,100.8105,-163.828125,342,240.4687,2500.00,1,2500.00
7.773580,98.8770,-165.761719,345,242.5781,2500.00,1,2500.00
7.774581,96.6797,-167.958984,348,244.6875,2500.00,1,2500.00
7.775582,94.8340,-169.804687,351,246.7969,2500.00,1,2500.00
7.791444,63.0176,-201.621094,402,282.6562,2500.00,1,2500.00
7.792445,61.1719,-203.466797,405,284.7656,2500.00,1,2500.00
7.793446,59.1504,-205.488281,408,286.8750,2500.00,1,2500.00
7.794447,57.3047,-207.333984,412,289.6875,2500.00,1,2500.00
7.795448,55.1953,-209.443359,415,291.7969,2500.00,1,2500.00
7.796449,53.0859,-211.552734,418,293.9062,2500.00,1,2500.00
7.797450,51.2402,-213.398437,421,296.0156,2500.00,1,2500.00
7.798451,49.0430,-215.595703,424,298.1250,2500.00,1,2500.00
7.799452,46.9336,-217.705078,428,300.9375,2500.00,1,2500.00
7.800453,45.0000,-219.638672,431,303.0469,2500.00,1,2500.00
7.801454,42.7148,-221.923828,434,305.1562,2500.00,1,2500.00
7.802455,40.5176,-224.121094,437,307.2656,2500.00,1,2500.00
7.803456,38.4961,-226.142578,440,309.3750,2500.00,1,2500.00
7.804457,36.2988,-228.339844,443,311.4844,2500.00,1,2500.00
7.805458,34.2773,-230.361328,447,314.2969,2500.00,1,2500.00
7.806459,32.0801,-232.558594,450,316.4062,2500.00,1,2500.00
7.807460,29.7070,-234.931641,453,318.5156,2500.00,1,2500.00
7.808461,27.6855,-236.953125,456,320.6250,2500.00,1,2500.00
7.809462,25.3125,-239.326172,460,323.4375,2500.00,1,2500.00
7.810463,22.8516,-241.787109,463,325.5469,2500.00,1,2500.00
7.811464,20.7422,-243.896484,466,327.6562,2500.00,1,2500.00
7.812465,18.2813,-246.357422,469,329.7656,2500.00,1,2500.00
7.813466,15.8203,-248.818359,472,331.8750,2500.00,1,2500.00
7.814467,13.6230,-251.015625,475,333.9844,2500.00,1,2500.00
7.815468,11.0742,-253.564453,479,336.7969,2500.00,1,2500.00
7.816469,8.8770,-255.761719,482,338.9062,2500.00,1,2500.00
7.817470,6.3281,-258.310547,485,341.0156,2500.00,1,2500.00
7.818471,3.7793,-260.859375,488,343.1250,2500.00,1,2500.00
7.819472,1.4941,-263.144531,491,345.2344,2500.00,1,2500.00
7.820473,358.8574,-265.781250,495,348.0469,2500.00,1,2500.00
7.821474,356.3086,-268.330078,498,350.1562,2500.00,1,2500.00
7.822475,354.1113,-270.527344,501,352.2656,2500.00,1,2500.00
7.823476,351.3867,-273.251953,504,354.3750,2500.00,1,2500.00
7.825485,346.4648,-278.173828,511,359.2969,2500.00,1,2500.00
7.826485,343.9160,-280.722656,514,361.4062,2500.00,1,2500.00
7.827486,341.5430,-283.095703,517,363.5156,2500.00,1,2500.00
7.828487,338.9062,-285.732422,520,365.6250,2500.00,1,2500.00
7.829488,336.2695,-288.369141,523,367.7344,2500.00,1,2500.00
7.830488,333.9844,-290.654297,527,370.5469,2500.00,1,2500.00
7.831489,331.3477,-293.291016,530,372.6562,2500.00,1,2500.00
7.832490,328.7988,-295.839844,533,374.7656,2500.00,1,2500.00
7.833491,326.6016,-298.037109,536,376.8750,2500.00,1,2500.00
7.834492,323.9648,-300.673828,539,378.9844,2500.00,1,2500.00
7.835493,321.3281,-303.310547,542,381.0937,2500.00,1,2500.00
7.836494,319.1309,-305.507812,546,383.9062,2500.00,1,2500.00
7.837495,316.5820,-308.056641,549,386.0156,2500.00,1,2500.00
7.838496,314.2969,-310.341797,552,388.1250,2500.00,1,2500.00
7.839497,311.8359,-312.802734,555,390.2344,2500.00,1,2500.00
7.840498,309.3750,-315.263672,558,392.3437,2500.00,1,2500.00
7.841499,307.1777,-317.460937,562,395.1562,2500.00,1,2500.00
7.848765,290.6543,-333.984375,585,411.3281,2500.00,1,2500.00
7.849766,288.5449,-336.093750,588,413.4375,2500.00,1,2500.00
7.850766,286.3477,-338.291016,591,415.5469,2500.00,1,2500.00
7.851767,284.1504,-340.488281,594,417.6562,2500.00,1,2500.00
7.852768,282.1289,-342.509766,598,420.4687,2500.00,1,2500.00
7.853769,279.9316,-344.707031,601,422.5781,2500.00,1,2500.00
7.854770,277.7344,-346.904297,604,424.6875,2500.00,1,2500.00
7.855771,275.8008,-348.837891,607,426.7969,2500.00,1,2500.00
7.856772,273.6035,-351.035156,610,428.9062,2500.00,1,2500.00
7.857773,271.4062,-353.232422,614,431.7187,2500.00,1,2500.00
7.858774,269.4727,-355.166016,617,433.8281,2500.00,1,2500.00
7.859775,267.3633,-357.275391,620,435.9375,2500.00,1,2500.00
7.860776,265.4297,-359.208984,623,438.0469,2500.00,1,2500.00
7.861777,263.3203,-361.318359,626,440.1562,2500.00,1,2500.00
7.862778,261.1230,-363.515625,630,442.9687,2500.00,1,2500.00
7.863779,259.2773,-365.361328,633,445.0781,2500.00,1,2500.00
7.864780,257.1680,-367.470703,636,447.1875,2500.00,1,2500.00
7.865781,254.9707,-369.667969,639,449.2969,2500.00,1,2500.00
7.866782,253.1250,-371.513672,642,451.4062,2500.00,1,2500.00
7.867783,250.9277,-373.710937,646,454.2187,2500.00,1,2500.00
7.868784,248.8184,-375.820312,649,456.3281,2500.00,1,2500.00
7.869785,246.9727,-377.666016,652,458.4375,2500.00,1,2500.00
7.870786,244.8633,-379.775391,655,460.5469,2500.00,1,2500.00
7.871787,242.9297,-381.708984,658,462.6562,2500.00,1,2500.00
7.872788,240.7324,-383.906250,662,465.4687,2500.00,1,2500.00
7.873789,238.5352,-386.103516,665,467.5781,2500.00,1,2500.00
7.874790,236.6016,-388.037109,668,469.6875,2500.00,1,2500.00
7.875791,234.4043,-390.234375,671,471.7969,2500.00,1,2500.00
7.876792,232.2070,-392.431641,675,474.6094,2500.00,1,2500.00
7.877793,230.2734,-394.365234,678,476.7187,2500.00,1,2500.00
7.878794,228.0762,-396.562500,681,478.8281,2500.00,1,2500.00
7.879795,225.7910,-398.847656,684,480.9375,2500.00,1,2500.00
7.880796,223.7695,-400.869141,688,483.7500,2500.00,1,2500.00
7.881797,221.3965,-403.242187,691,485.8594,2500.00,1,2500.00
7.882798,219.3750,-405.263672,694,487.9687,2500.00,1,2500.00
7.883799,217.1777,-407.460937,697,490.0781,2500.00,1,2500.00
7.884800,214.8047,-409.833984,700,492.1875,2500.00,1,2500.00
7.885801,212.6953,-411.943359,704,495.0000,2500.00,1,2500.00
7.886802,210.2344,-414.404297,707,497.1094,2500.00,1,2500.00
7.887803,207.7734,-416.865234,710,499.2187,2500.00,1,2500.00
7.888804,205.6641,-418.974609,713,501.3281,2500.00,1,2500.00
7.889805,203.2910,-421.347656,716,503.4375,2500.00,1,2500.00
7.890806,200.7422,-423.896484,720,506.2500,2500.00,1,2500.00
7.891807,198.5449,-426.093750,723,508.3594,2500.00,1,2500.00
7.892808,196.0840,-428.554687,726,510.4687,2500.00,1,2500.00
7.893809,193.7988,-430.839844,729,512.5781,2500.00,1,2500.00
7.894810,191.2500,-433.388672,732,514.6875,2500.00,1,2500.00
7.895811,188.7012,-435.937500,736,517.5000,2500.00,1,2500.00
7.896812,186.4160,-438.222656,739,519.6094,2500.00,1,2500.00
7.897813,183.7793,-440.859375,742,521.7187,2500.00,1,2500.00
7.905061,165.5859,-459.052734,765,537.8906,2500.00,1,2500.00
7.906061,163.0371,-461.601562,768,540.0000,2500.00,1,2500.00
7.907062,160.4004,-464.238281,772,542.8125,2500.00,1,2500.00
7.908063,158.0273,-466.611328,775,544.9219,2500.00,1,2500.00
7.909064,155.3906,-469.248047,778,547.0312,2500.00,1,2500.00
7.910065,153.1055,-471.533203,781,549.1406,2500.00,1,2500.00
7.911066,150.3809,-474.257812,784,551.2500,2500.00,1,2500.00
7.912067,147.7441,-476.894531,788,554.0625,2500.00,1,2500.00
7.913068,145.4590,-479.179687,791,556.1719,2500.00,1,2500.00
7.914069,142.9102,-481.728516,794,558.2812,2500.00,1,2500.00
7.915070,140.3613,-484.277344,798,561.0937,2500.00,1,2500.00
7.916071,138.0762,-486.562500,800,562.5000,2500.00,1,2500.00
7.917072,135.6152,-489.023437,804,565.3125,2500.00,1,2500.00
7.918073,133.1543,-491.484375,807,567.4219,2500.00,1,2500.00
7.919074,130.8691,-493.769531,810,569.5312,2500.00,1,2500.00
7.920075,128.3203,-496.318359,814,572.3437,2500.00,1,2500.00
7.921076,125.9473,-498.691406,816,573.7500,2500.00,1,2500.00
7.922077,123.9258,-500.712891,820,576.5625,2500.00,1,2500.00
7.923078,121.5527,-503.085937,823,578.6719,2500.00,1,2500.00
7.924079,119.4434,-505.195312,826,580.7812,2500.00,1,2500.00
7.925080,117.0703,-507.568359,830,583.5937,2500.00,1,2500.00
7.926081,114.6973,-509.941406,833,585.7031,2500.00,1,2500.00
7.927082,112.5879,-512.050781,836,587.8125,2500.00,1,2500.00
7.928083,110.3906,-514.248047,839,589.9219,2500.00,1,2500.00
7.929084,108.1934,-516.445313,842,592.0312,2500.00,1,2500.00
7.930085,106.3477,-518.291016,846,594.8437,2500.00,1,2500.00
7.931086,104.0625,-520.576172,849,596.9531,2500.00,1,2500.00
7.932087,101.7773,-522.861328,852,599.0625,2500.00,1,2500.00
7.933088,99.8438,-524.794922,855,601.1719,2500.00,1,2500.00
7.934089,97.7344,-526.904297,858,603.2812,2500.00,1,2500.00
7.935090,95.8008,-528.837891,862,606.0937,2500.00,1,2500.00
7.936091,93.6914,-530.947266,865,608.2031,2500.00,1,2500.00
7.937092,91.5820,-533.056641,868,610.3125,2500.00,1,2500.00
7.938093,89.7363,-534.902344,871,612.4219,2500.00,1,2500.00
7.939094,87.6270,-537.011719,874,614.5312,2500.00,1,2500.00
7.940095,85.6055,-539.033203,878,617.3437,2500.00,1,2500.00
7.941096,83.7598,-540.878906,881,619.4531,2500.00,1,2500.00
7.942097,81.6504,-542.988281,884,621.5625,2500.00,1,2500.00
7.943098,79.5410,-545.097656,887,623.6719,2500.00,1,2500.00
7.944099,77.6953,-546.943359,890,625.7812,2500.00,1,2500.00
7.945100,75.6738,-548.964844,894,628.5937,2500.00,1,2500.00
7.946101,73.8281,-550.810547,897,630.7031,2500.00,1,2500.00
7.947102,71.8066,-552.832031,900,632.8125,2500.00,1,2500.00
7.948103,69.6973,-554.941406,903,634.9219,2500.00,1,2500.00
7.949104,67.8516,-556.787109,906,637.0312,2500.00,1,2500.00
7.950105,65.8301,-558.808594,910,639.8437,2500.00,1,2500.00
7.951106,63.8086,-560.830078,913,641.9531,2500.00,1,2500.00
7.952107,61.9629,-562.675781,916,644.0625,2500.00,1,2500.00
7.953108,59.8535,-564.785156,919,646.1719,2500.00,1,2500.00
7.954109,57.6563,-566.982422,922,648.2812,2500.00,1,2500.00
7.961380,42.9785,-581.660156,946,665.1562,2500.00,1,2500.00
7.962381,40.7813,-583.857422,949,667.2656,2500.00,1,2500.00
7.963382,38.8477,-585.791016,952,669.3750,2500.00,1,2500.00
7.964382,36.5625,-588.076172,955,671.4844,2500.00,1,2500.00
7.965383,34.1895,-590.449219,958,673.5937,2500.00,1,2500.00
7.966384,32.2559,-592.382813,962,676.4062,2500.00,1,2500.00
7.967385,29.8828,-594.755859,965,678.5156,2500.00,1,2500.00
7.968386,27.7734,-596.865234,968,680.6250,2500.00,1,2500.00
7.969387,25.4004,-599.238281,971,682.7344,2500.00,1,2500.00
7.970388,23.0273,-601.611328,975,685.5469,2500.00,1,2500.00
7.971389,21.0059,-603.632813,978,687.6562,2500.00,1,2500.00
7.972390,18.5449,-606.093750,981,689.7656,2500.00,1,2500.00
7.973391,16.0840,-608.554688,984,691.8750,2500.00,1,2500.00
7.974392,13.8867,-610.751953,987,693.9844,2500.00,1,2500.00
7.975393,11.3379,-613.300781,990,696.0937,2500.00,1,2500.00
7.976394,8.7891,-615.849609,994,698.9062,2500.00,1,2500.00
7.977395,6.5039,-618.134766,997,701.0156,2500.00,1,2500.00
7.978396,3.9551,-620.683594,1000,703.1250,2500.00,1,2500.00
7.979397,1.6699,-622.968750,1003,705.2344,2500.00,1,2500.00
7.980398,359.1211,-625.517578,1006,707.3437,2500.00,1,2500.00
7.981399,356.4844,-628.154297,1010,710.1562,2500.00,1,2500.00
7.982400,354.1992,-630.439453,1013,712.2656,2500.00,1,2500.00
7.983401,351.5625,-633.076172,1016,714.3750,2500.00,1,2500.00
7.984402,349.0137,-635.625000,1019,716.4844,2500.00,1,2500.00
7.985403,346.7285,-637.910156,1022,718.5937,2500.00,1,2500.00
7.986404,344.0918,-640.546875,1025,720.7031,2500.00,1,2500.00
7.987405,341.3672,-643.271484,1028,722.8125,2500.00,1,2500.00
7.988406,339.0820,-645.556641,1032,725.6250,2500.00,1,2500.00
7.989407,336.4453,-648.193359,1035,727.7344,2500.00,1,2500.00
7.990408,334.1602,-650.478516,1038,729.8437,2500.00,1,2500.00
7.991409,331.5234,-653.115234,1041,731.9531,2500.00,1,2500.00
7.992410,328.8867,-655.751953,1044,734.0625,2500.00,1,2500.00
7.993411,326.6016,-658.037109,1048,736.8750,2500.00,1,2500.00
7.994412,324.1406,-660.498047,1051,738.9844,2500.00,1,2500.00
7.995413,321.5918,-663.046875,1054,741.0937,2500.00,1,2500.00
7.996414,319.3945,-665.244141,1057,743.2031,2500.00,1,2500.00
7.997415,316.8457,-667.792969,1060,745.3125,2500.00,1,2500.00
7.998416,314.3848,-670.253906,1064,748.1250,2500.00,1,2500.00
7.999417,312.0996,-672.539063,1067,750.2344,2500.00,1,2500.00
8.000418,309.6387,-675.000000,1070,752.3437,2500.00,1,2500.00
8.001418,307.4414,-677.197266,1073,754.4531,2500.00,1,2500.00
8.002419,305.0684,-679.570313,1076,756.5625,2500.00,1,2500.00
8.003419,302.6074,-682.031250,1080,759.3750,2500.00,1,2500.00
8.004419,300.4102,-684.228516,1083,761.4844,2500.00,1,2500.00
8.005420,298.0371,-686.601563,1086,763.5937,2500.00,1,2500.00
8.006420,295.7520,-688.886719,1089,765.7031,2500.00,1,2500.00
8.007421,293.7305,-690.908203,1092,767.8125,2500.00,1,2500.00
8.008421,291.4453,-693.193359,1096,770.6250,2500.00,1,2500.00
8.009421,289.3359,-695.302734,1099,772.7344,2500.00,1,2500.00
8.010422,287.0508,-697.587891,1102,774.8437,2500.00,1,2500.00
8.018155,270.7910,-713.847656,1127,792.4219,2500.00,1,2500.00
8.019156,268.5937,-716.044922,1130,794.5312,2500.00,1,2500.00
8.020157,266.6602,-717.978516,1133,796.6406,2500.00,1,2500.00
8.021157,264.5508,-720.087891,1136,798.7500,2500.00,1,2500.00
8.022158,262.5293,-722.109375,1140,801.5625,2500.00,1,2500.00
8.023158,260.5957,-724.042969,1143,803.6719,2500.00,1,2500.00
8.024159,258.3984,-726.240234,1146,805.7812,2500.00,1,2500.00
8.025160,256.2891,-728.349609,1149,807.8906,2500.00,1,2500.00
8.026160,254.3555,-730.283203,1152,810.0000,2500.00,1,2500.00
8.027161,252.1582,-732.480469,1156,812.8125,2500.00,1,2500.00
8.028161,250.3125,-734.326172,1159,814.9219,2500.00,1,2500.00
8.029161,248.2031,-736.435547,1162,817.0312,2500.00,1,2500.00
8.030162,246.0937,-738.544922,1165,819.1406,2500.00,1,2500.00
8.031162,244.2480,-740.390625,1168,821.2500,2500.00,1,2500.00
8.032163,242.0508,-742.587891,1172,824.0625,2500.00,1,2500.00
8.033163,239.7656,-744.873047,1175,826.1719,2500.00,1,2500.00
8.034164,237.7441,-746.894531,1178,828.2812,2500.00,1,2500.00
8.035165,235.6348,-749.003906,1181,830.3906,2500.00,1,2500.00
8.036165,233.4375,-751.201172,1184,832.5000,2500.00,1,2500.00
8.037166,231.5039,-753.134766,1188,835.3125,2500.00,1,2500.00
8.038166,229.3066,-755.332031,1191,837.4219,2500.00,1,2500.00
8.039166,227.3730,-757.265625,1194,839.5312,2500.00,1,2500.00
8.040167,225.0000,-759.638672,1198,842.3437,2500.00,1,2500.00
8.041167,222.8027,-761.835938,1200,843.7500,2500.00,1,2500.00
8.042168,220.7812,-763.857422,1204,846.5625,2500.00,1,2500.00
8.043168,218.4082,-766.230469,1207,848.6719,2500.00,1,2500.00
8.044169,216.0352,-768.603516,1210,850.7812,2500.00,1,2500.00
8.045170,214.1016,-770.537109,1214,853.5937,2500.00,1,2500.00
8.046170,211.7285,-772.910156,1217,855.7031,2500.00,1,2500.00
8.047171,209.5312,-775.107422,1220,857.8125,2500.00,1,2500.00
8.048171,207.0703,-777.568359,1223,859.9219,2500.00,1,2500.00
8.049171,204.6094,-780.029297,1226,862.0312,2500.00,1,2500.00
8.050172,202.5000,-782.138672,1230,864.8437,2500.00,1,2500.00
8.051172,200.0391,-784.599609,1233,866.9531,2500.00,1,2500.00
8.052173,197.5781,-787.060547,1236,869.0625,2500.00,1,2500.00
8.053173,195.3809,-789.257813,1239,871.1719,2500.00,1,2500.00
8.054174,192.7441,-791.894531,1242,873.2812,2500.00,1,2500.00
8.055175,190.1953,-794.443359,1246,876.0937,2500.00,1,2500.00
8.056175,187.9102,-796.728516,1249,878.2031,2500.00,1,2500.00
8.057176,185.2734,-799.365234,1252,880.3125,2500.00,1,2500.00
8.058176,183.0762,-801.562500,1255,882.4219,2500.00,1,2500.00
8.059176,180.4395,-804.199219,1258,884.5312,2500.00,1,2500.00
8.060177,177.7148,-806.923828,1262,887.3437,2500.00,1,2500.00
8.061177,175.3418,-809.296875,1265,889.4531,2500.00,1,2500.00
8.062178,172.7930,-811.845703,1268,891.5625,2500.00,1,2500.00
8.063178,169.9805,-814.658203,1271,893.6719,2500.00,1,2500.00
8.064179,167.6953,-816.943359,1274,895.7812,2500.00,1,2500.00
8.065180,165.1465,-819.492188,1278,898.5937,2500.00,1,2500.00
8.066180,162.5098,-822.128906,1281,900.7031,2500.00,1,2500.00
8.067181,160.1367,-824.501953,1284,902.8125,2500.00,1,2500.00
8.074295,142.3828,-842.255859,1307,918.9844,2500.00,1,2500.00
8.075295,139.9219,-844.716797,1310,921.0937,2500.00,1,2500.00
8.076296,137.3730,-847.265625,1314,923.9062,2500.00,1,2500.00
8.077296,135.1758,-849.462891,1316,925.3125,2500.00,1,2500.00
8.078297,132.6270,-852.011719,1320,928.1250,2500.00,1,2500.00
8.079297,130.1660,-854.472656,1323,930.2344,2500.00,1,2500.00
8.080298,127.9688,-856.669922,1326,932.3437,2500.00,1,2500.00
8.081299,125.5078,-859.130859,1330,935.1562,2500.00,1,2500.00
8.082299,123.4863,-861.152344,1333,937.2656,2500.00,1,2500.00
8.083300,121.0254,-863.613281,1336,939.3750,2500.00,1,2500.00
8.084300,118.7402,-865.898438,1339,941.4844,2500.00,1,2500.00
8.085300,116.6309,-868.007813,1342,943.5937,2500.00,1,2500.00
8.086301,114.2578,-870.380859,1346,946.4062,2500.00,1,2500.00
8.087301,111.9727,-872.666016,1349,948.5156,2500.00,1,2500.00
8.088302,110.0391,-874.599609,1352,950.6250,2500.00,1,2500.00
8.089302,107.7539,-876.884766,1355,952.7344,2500.00,1,2500.00
8.090303,105.5566,-879.082031,1358,954.8437,2500.00,1,2500.00
8.091304,103.6230,-881.015625,1362,957.6562,2500.00,1,2500.00
8.092304,101.3379,-883.300781,1365,959.7656,2500.00,1,2500.00
8.093305,99.4922,-885.146484,1368,961.8750,2500.00,1,2500.00
8.094305,97.2949,-887.343750,1371,963.9844,2500.00,1,2500.00
8.095305,95.1855,-889.453125,1374,966.0937,2500.00,1,2500.00
8.096306,93.3398,-891.298828,1378,968.9062,2500.00,1,2500.00
8.097306,91.2305,-893.408203,1381,971.0156,2500.00,1,2500.00
8.098307,89.1211,-895.517578,1384,973.1250,2500.00,1,2500.00
8.099307,87.2754,-897.363281,1387,975.2344,2500.00,1,2500.00
8.100308,85.2539,-899.384766,1390,977.3437,2500.00,1,2500.00
8.101309,83.4082,-901.230469,1394,980.1562,2500.00,1,2500.00
8.102309,81.2988,-903.339844,1397,982.2656,2500.00,1,2500.00
8.103310,79.1016,-905.537109,1400,984.3750,2500.00,1,2500.00
8.104310,77.3438,-907.294922,1403,986.4844,2500.00,1,2500.00
8.105310,75.3223,-909.316406,1406,988.5937,2500.00,1,2500.00
8.106311,73.2129,-911.425781,1410,991.4062,2500.00,1,2500.00
8.107311,71.4551,-913.183594,1413,993.5156,2500.00,1,2500.00
8.108312,69.3457,-915.292969,1416,995.6250,2500.00,1,2500.00
8.109312,67.2363,-917.402344,1419,997.7344,2500.00,1,2500.00
8.110313,65.4785,-919.160156,1422,999.8437,2500.00,1,2500.00
8.111314,63.4570,-921.181641,1426,1002.6562,2500.00,1,2500.00
8.112314,61.6113,-923.027344,1428,1004.0625,2500.00,1,2500.00
8.113315,59.5020,-925.136719,1432,1006.8750,2500.00,1,2500.00
8.114315,57.3926,-927.246094,1435,1008.9844,2500.00,1,2500.00
8.115315,55.4590,-929.179688,1438,1011.0937,2500.00,1,2500.00
8.116316,53.3496,-931.289063,1441,1013.2031,2500.00,1,2500.00
8.117316,51.2402,-933.398438,1445,1016.0156,2500.00,1,2500.00
8.118317,49.3945,-935.244141,1448,1018.1250,2500.00,1,2500.00
8.119317,47.2852,-937.353516,1451,1020.2344,2500.00,1,2500.00
8.120318,45.1758,-939.462891,1454,1022.3437,2500.00,1,2500.00
8.121319,43.2422,-941.396484,1457,1024.4531,2500.00,1,2500.00
8.122319,40.9570,-943.681641,1461,1027.2656,2500.00,1,2500.00
8.123320,39.0234,-945.615234,1464,1029.3750,2500.00,1,2500.00
8.130546,22.6758,-961.962891,1487,1045.5469,2500.00,1,2500.00
8.131546,20.5664,-964.072266,1490,1047.6563,2500.00,1,2500.00
8.132546,18.1055,-966.533203,1493,1049.7656,2500.00,1,2500.00
8.133547,15.9961,-968.642578,1496,1051.8750,2500.00,1,2500.00
8.134547,13.4473,-971.191406,1500,1054.6875,2500.00,1,2500.00
8.135548,10.8984,-973.740234,1503,1056.7969,2500.00,1,2500.00
8.136548,8.6133,-976.025391,1506,1058.9063,2500.00,1,2500.00
8.137548,6.1523,-978.486328,1509,1061.0156,2500.00,1,2500.00
8.138549,3.6914,-980.947266,1512,1063.1250,2500.00,1,2500.00
8.139549,1.3184,-983.320313,1516,1065.9375,2500.00,1,2500.00
8.140550,358.5937,-986.044922,1519,1068.0469,2500.00,1,2500.00
8.141550,356.3965,-988.242188,1522,1070.1563,2500.00,1,2500.00
8.142551,353.7598,-990.878906,1525,1072.2656,2500.00,1,2500.00
8.143552,351.2109,-993.427734,1528,1074.3750,2500.00,1,2500.00
8.144552,348.9258,-995.712891,1532,1077.1875,2500.00,1,2500.00
8.145553,346.2891,-998.349609,1535,1079.2969,2500.00,1,2500.00
8.146553,343.5645,-1001.074219,1538,1081.4063,2500.00,1,2500.00
8.147553,341.2793,-1003.359375,1541,1083.5156,2500.00,1,2500.00
8.148554,338.7305,-1005.908203,1544,1085.6250,2500.00,1,2500.00
8.149554,336.0937,-1008.544922,1548,1088.4375,2500.00,1,2500.00
8.150555,333.7207,-1010.917969,1551,1090.5469,2500.00,1,2500.00
8.151555,331.1719,-1013.466797,1554,1092.6563,2500.00,1,2500.00
8.152556,328.8867,-1015.751953,1557,1094.7656,2500.00,1,2500.00
8.153557,326.3379,-1018.300781,1560,1096.8750,2500.00,1,2500.00
8.154557,323.7012,-1020.937500,1563,1098.9844,2500.00,1,2500.00
8.155558,321.4160,-1023.222656,1567,1101.7969,2500.00,1,2500.00
8.156558,318.9551,-1025.683594,1570,1103.9063,2500.00,1,2500.00
8.157558,316.4062,-1028.232422,1573,1106.0156,2500.00,1,2500.00
8.158559,314.2090,-1030.429687,1576,1108.1250,2500.00,1,2500.00
8.159559,311.6602,-1032.978516,1579,1110.2344,2500.00,1,2500.00
8.160560,309.1113,-1035.527344,1583,1113.0469,2500.00,1,2500.00
8.161560,306.9141,-1037.724609,1586,1115.1563,2500.00,1,2500.00
8.162561,304.5410,-1040.097656,1589,1117.2656,2500.00,1,2500.00
8.163562,302.4316,-1042.207031,1592,1119.3750,2500.00,1,2500.00
8.164562,300.0586,-1044.580078,1595,1121.4844,2500.00,1,2500.00
8.165563,297.6855,-1046.953125,1599,1124.2969,2500.00,1,2500.00
8.166563,295.5762,-1049.062500,1602,1126.4063,2500.00,1,2500.00
8.167563,293.2031,-1051.435547,1605,1128.5156,2500.00,1,2500.00
8.168564,291.0059,-1053.632812,1608,1130.6250,2500.00,1,2500.00
8.169564,288.9844,-1055.654297,1611,1132.7344,2500.00,1,2500.00
8.170565,286.7871,-1057.851562,1615,1135.5469,2500.00,1,2500.00
8.171565,284.7656,-1059.873047,1618,1137.6563,2500.00,1,2500.00
8.172566,282.4805,-1062.158203,1621,1139.7656,2500.00,1,2500.00
8.173567,280.2832,-1064.355469,1624,1141.8750,2500.00,1,2500.00
8.174567,278.3496,-1066.289062,1627,1143.9844,2500.00,1,2500.00
8.175568,276.1523,-1068.486328,1631,1146.7969,2500.00,1,2500.00
8.176568,273.9551,-1070.683594,1634,1148.9063,2500.00,1,2500.00
8.177568,272.0215,-1072.617187,1637,1151.0156,2500.00,1,2500.00
8.178569,269.8242,-1074.814453,1640,1153.1250,2500.00,1,2500.00
8.179569,267.7148,-1076.923828,1643,1155.2344,2500.00,1,2500.00
8.186819,252.9492,-1091.689453,1667,1172.1094,2500.00,1,2500.00
8.187820,251.0156,-1093.623047,1670,1174.2188,2500.00,1,2500.00
8.188821,248.9062,-1095.732422,1673,1176.3281,2500.00,1,2500.00
8.189821,246.7090,-1097.929687,1676,1178.4375,2500.00,1,2500.00
8.190822,244.8633,-1099.775391,1680,1181.2500,2500.00,1,2500.00
8.191822,242.7539,-1101.884766,1683,1183.3594,2500.00,1,2500.00
8.192823,240.5566,-1104.082031,1686,1185.4688,2500.00,1,2500.00
8.193824,238.5352,-1106.103516,1689,1187.5781,2500.00,1,2500.00
8.194824,236.3379,-1108.300781,1692,1189.6875,2500.00,1,2500.00
8.195825,234.1406,-1110.498047,1696,1192.5000,2500.00,1,2500.00
8.196825,232.2070,-1112.431641,1699,1194.6094,2500.00,1,2500.00
8.197825,230.0098,-1114.628906,1702,1196.7188,2500.00,1,2500.00
8.198826,228.0762,-1116.562500,1705,1198.8281,2500.00,1,2500.00
8.199826,225.7910,-1118.847656,1708,1200.9375,2500.00,1,2500.00
8.200827,223.5059,-1121.132812,1712,1203.7500,2500.00,1,2500.00
8.201827,221.5723,-1123.066406,1715,1205.8594,2500.00,1,2500.00
8.202827,219.1992,-1125.439453,1718,1207.9688,2500.00,1,2500.00
8.203828,216.8262,-1127.812500,1721,1210.0781,2500.00,1,2500.00
8.204828,214.7168,-1129.921875,1724,1212.1875,2500.00,1,2500.00
8.205829,212.4316,-1132.207031,1728,1215.0000,2500.00,1,2500.00
8.206829,210.3223,-1134.316406,1731,1217.1094,2500.00,1,2500.00
8.207830,207.8613,-1136.777344,1734,1219.2188,2500.00,1,2500.00
8.208831,205.5762,-1139.062500,1737,1221.3281,2500.00,1,2500.00
8.209831,203.3789,-1141.259766,1740,1223.4375,2500.00,1,2500.00
8.210832,200.8301,-1143.808594,1744,1226.2500,2500.00,1,2500.00
8.211832,198.3691,-1146.269531,1747,1228.3594,2500.00,1,2500.00
8.212832,196.1719,-1148.466797,1750,1230.4688,2500.00,1,2500.00
8.213833,193.5352,-1151.103516,1753,1232.5781,2500.00,1,2500.00
8.214833,190.9863,-1153.652344,1756,1234.6875,2500.00,1,2500.00
8.215834,188.7012,-1155.937500,1760,1237.5000,2500.00,1,2500.00
8.216834,186.0645,-1158.574219,1763,1239.6094,2500.00,1,2500.00
8.217835,183.7793,-1160.859375,1766,1241.7188,2500.00,1,2500.00
8.218836,181.2305,-1163.408203,1769,1243.8281,2500.00,1,2500.00
8.219836,178.5937,-1166.044922,1772,1245.9375,2500.00,1,2500.00
8.220837,176.3086,-1168.330078,1776,1248.7500,2500.00,1,2500.00
8.221837,173.6719,-1170.966797,1779,1250.8594,2500.00,1,2500.00
8.222837,170.9473,-1173.691406,1782,1252.9688,2500.00,1,2500.00
8.223838,168.5742,-1176.064453,1786,1255.7813,2500.00,1,2500.00
8.224838,166.0254,-1178.613281,1788,1257.1875,2500.00,1,2500.00
8.225839,163.3887,-1181.250000,1792,1260.0000,2500.00,1,2500.00
8.226839,161.0156,-1183.623047,1795,1262.1094,2500.00,1,2500.00
8.227840,158.3789,-1186.259766,1798,1264.2188,2500.00,1,2500.00
8.228841,156.0937,-1188.544922,1802,1267.0313,2500.00,1,2500.00
8.229841,153.4570,-1191.181641,1805,1269.1406,2500.00,1,2500.00
8.230842,150.7324,-1193.906250,1808,1271.2500,2500.00,1,2500.00
8.231842,148.5352,-1196.103516,1811,1273.3594,2500.00,1,2500.00
8.232842,145.8984,-1198.740234,1814,1275.4688,2500.00,1,2500.00
8.233843,143.2617,-1201.376953,1818,1278.2813,2500.00,1,2500.00
8.234843,141.1523,-1203.486328,1821,1280.3906,2500.00,1,2500.00
8.235844,138.5156,-1206.123047,1824,1282.5000,2500.00,1,2500.00
8.243118,121.5527,-1223.085937,1847,1298.6719,2500.00,1,2500.00
8.244119,119.1797,-1225.458984,1850,1300.7813,2500.00,1,2500.00
8.245119,116.8066,-1227.832031,1854,1303.5938,2500.00,1,2500.00
8.246120,114.7852,-1229.853516,1857,1305.7031,2500.00,1,2500.00
8.247121,112.5000,-1232.138672,1860,1307.8125,2500.00,1,2500.00
8.248121,110.4785,-1234.160156,1863,1309.9219,2500.00,1,2500.00
8.249122,108.1934,-1236.445312,1867,1312.7344,2500.00,1,2500.00
8.250122,106.0840,-1238.554687,1870,1314.8438,2500.00,1,2500.00
8.251123,104.0625,-1240.576172,1873,1316.9531,2500.00,1,2500.00
8.252124,101.7773,-1242.861328,1876,1319.0625,2500.00,1,2500.00
8.253124,99.5801,-1245.058594,1879,1321.1719,2500.00,1,2500.00
8.254125,97.7344,-1246.904297,1883,1323.9844,2500.00,1,2500.00
8.255125,95.6250,-1249.013672,1886,1326.0938,2500.00,1,2500.00
8.256125,93.5156,-1251.123047,1889,1328.2031,2500.00,1,2500.00
8.257126,91.6699,-1252.968750,1892,1330.3125,2500.00,1,2500.00
8.258126,89.5605,-1255.078125,1895,1332.4219,2500.00,1,2500.00
8.259127,87.6270,-1257.011719,1899,1335.2344,2500.00,1,2500.00
8.260127,85.6055,-1259.033203,1902,1337.3438,2500.00,1,2500.00
8.261128,83.5840,-1261.054687,1905,1339.4531,2500.00,1,2500.00
8.262129,81.7383,-1262.900391,1908,1341.5625,2500.00,1,2500.00
8.263129,79.6289,-1265.009766,1912,1344.3750,2500.00,1,2500.00
8.264130,77.5195,-1267.119141,1915,1346.4844,2500.00,1,2500.00
8.265130,75.7617,-1268.876953,1918,1348.5938,2500.00,1,2500.00
8.266130,73.7402,-1270.898437,1921,1350.7031,2500.00,1,2500.00
8.267131,71.6309,-1273.007812,1924,1352.8125,2500.00,1,2500.00
8.268131,69.7852,-1274.853516,1927,1354.9219,2500.00,1,2500.00
8.269132,67.6758,-1276.962891,1930,1357.0313,2500.00,1,2500.00
8.270132,65.8301,-1278.808594,1934,1359.8438,2500.00,1,2500.00
8.271133,63.8086,-1280.830078,1937,1361.9531,2500.00,1,2500.00
8.272134,61.6992,-1282.939453,1940,1364.0625,2500.00,1,2500.00
8.273134,59.7656,-1284.873047,1943,1366.1719,2500.00,1,2500.00
8.274135,57.7441,-1286.894531,1947,1368.9844,2500.00,1,2500.00
8.275135,55.7227,-1288.916016,1950,1371.0938,2500.00,1,2500.00
8.276135,53.8770,-1290.761719,1953,1373.2031,2500.00,1,2500.00
8.277136,51.7676,-1292.871094,1956,1375.3125,2500.00,1,2500.00
8.278136,49.8340,-1294.804687,1959,1377.4219,2500.00,1,2500.00
8.279137,47.7246,-1296.914062,1962,1379.5313,2500.00,1,2500.00
8.280137,45.5273,-1299.111328,1966,1382.3438,2500.00,1,2500.00
8.281138,43.5938,-1301.044922,1969,1384.4531,2500.00,1,2500.00
8.282139,41.3086,-1303.330078,1972,1386.5625,2500.00,1,2500.00
8.283139,39.1113,-1305.527344,1975,1388.6719,2500.00,1,2500.00
8.284140,37.1777,-1307.460937,1979,1391.4844,2500.00,1,2500.00
8.285140,34.8926,-1309.746094,1982,1393.5938,2500.00,1,2500.00
8.286140,32.6953,-1311.943359,1985,1395.7031,2500.00,1,2500.00
8.287141,30.6738,-1313.964844,1988,1397.8125,2500.00,1,2500.00
8.288141,28.3008,-1316.337891,1991,1399.9219,2500.00,1,2500.00
8.289142,26.1035,-1318.535156,1995,1402.7344,2500.00,1,2500.00
8.290142,23.7305,-1320.908203,1998,1404.8438,2500.00,1,2500.00
8.291143,21.3574,-1323.281250,2001,1406.9531,2500.00,1,2500.00
8.292144,19.1602,-1325.478516,2004,1409.0625,2500.00,1,2500.00
8.299259,1.8457,-1342.792969,2027,1425.2344,2500.00,1,2500.00
8.300260,359.5605,-1345.078125,2030,1427.3438,2500.00,1,2500.00
8.301260,356.9238,-1347.714844,2033,1429.4531,2500.00,1,2500.00
8.302260,354.1992,-1350.439453,2036,1431.5625,2500.00,1,2500.00
8.303261,351.9141,-1352.724609,2039,1433.6719,2500.00,1,2500.00
8.304261,349.3652,-1355.273437,2043,1436.4844,2500.00,1,2500.00
8.305262,347.0801,-1357.558594,2046,1438.5938,2500.00,1,2500.00
8.306262,344.4434,-1360.195312,2049,1440.7031,2500.00,1,2500.00
8.307262,341.8066,-1362.832031,2052,1442.8125,2500.00,1,2500.00
8.308263,339.5215,-1365.117187,2055,1444.9219,2500.00,1,2500.00
8.309263,336.8848,-1367.753906,2059,1447.7344,2500.00,1,2500.00
8.310264,334.2480,-1370.390625,2062,1449.8438,2500.00,1,2500.00
8.311264,332.0508,-1372.587891,2065,1451.9531,2500.00,1,2500.00
8.312264,329.4141,-1375.224609,2068,1454.0625,2500.00,1,2500.00
8.313265,327.1289,-1377.509766,2071,1456.1719,2500.00,1,2500.00
8.314265,324.4922,-1380.146484,2075,1458.9844,2500.00,1,2500.00
8.315266,321.9434,-1382.695312,2078,1461.0938,2500.00,1,2500.00
8.316266,319.7461,-1384.892578,2081,1463.2031,2500.00,1,2500.00
8.317267,317.1973,-1387.441406,2084,1465.3125,2500.00,1,2500.00
8.318268,314.6484,-1389.990234,2087,1467.4219,2500.00,1,2500.00
8.319268,312.4512,-1392.187500,2091,1470.2344,2500.00,1,2500.00
8.320269,309.9902,-1394.648437,2094,1472.3438,2500.00,1,2500.00
8.321269,307.4414,-1397.197266,2097,1474.4531,2500.00,1,2500.00
8.322269,305.3320,-1399.306641,2100,1476.5625,2500.00,1,2500.00
8.323270,302.9590,-1401.679687,2103,1478.6719,2500.00,1,2500.00
8.324270,300.9375,-1403.701172,2107,1481.4844,2500.00,1,2500.00
8.325271,298.5645,-1406.074219,2110,1483.5938,2500.00,1,2500.00
8.326271,296.1914,-1408.447266,2113,1485.7031,2500.00,1,2500.00
8.327272,294.1699,-1410.468750,2116,1487.8125,2500.00,1,2500.00
8.328273,291.7969,-1412.841797,2119,1489.9219,2500.00,1,2500.00
8.329273,289.4238,-1415.214844,2123,1492.7344,2500.00,1,2500.00
8.330274,287.4023,-1417.236328,2126,1494.8438,2500.00,1,2500.00
8.331274,285.2051,-1419.433594,2129,1496.9531,2500.00,1,2500.00
8.332274,283.0078,-1421.630859,2132,1499.0625,2500.00,1,2500.00
8.333275,281.0742,-1423.564453,2135,1501.1719,2500.00,1,2500.00
8.334275,278.7891,-1425.849609,2139,1503.9844,2500.00,1,2500.00
8.335276,276.8555,-1427.783203,2142,1506.0938,2500.00,1,2500.00
8.336276,274.6582,-1429.980469,2145,1508.2031,2500.00,1,2500.00
8.337277,272.4609,-1432.177734,2148,1510.3125,2500.00,1,2500.00
8.338278,270.6152,-1434.023437,2151,1512.4219,2500.00,1,2500.00
8.339278,268.3301,-1436.308594,2155,1515.2344,2500.00,1,2500.00
8.340279,266.2207,-1438.417969,2158,1517.3438,2500.00,1,2500.00
8.341279,264.3750,-1440.263672,2161,1519.4531,2500.00,1,2500.00
8.342279,262.1777,-1442.460937,2164,1521.5625,2500.00,1,2500.00
8.343280,260.3320,-1444.306641,2167,1523.6719,2500.00,1,2500.00
8.344280,258.1348,-1446.503906,2171,1526.4844,2500.00,1,2500.00
8.345281,256.0254,-1448.613281,2174,1528.5938,2500.00,1,2500.00
8.346281,254.1797,-1450.458984,2177,1530.7031,2500.00,1,2500.00
8.347282,251.9824,-1452.656250,2180,1532.8125,2500.00,1,2500.00
8.348283,249.8730,-1454.765625,2183,1534.9219,2500.00,1,2500.00
8.356143,233.5254,-1471.113281,2208,1552.5000,2500.00,1,2500.00
8.357143,231.5918,-1473.046875,2212,1555.3125,2500.00,1,2500.00
8.358144,229.3066,-1475.332031,2215,1557.4219,2500.00,1,2500.00
8.359144,227.3730,-1477.265625,2218,1559.5313,2500.00,1,2500.00
8.360145,225.0879,-1479.550781,2222,1562.3438,2500.00,1,2500.00
8.361145,222.8906,-1481.748047,2224,1563.7500,2500.00,1,2500.00
8.362145,220.7812,-1483.857422,2228,1566.5625,2500.00,1,2500.00
8.363146,218.4961,-1486.142578,2231,1568.6719,2500.00,1,2500.00
8.364146,216.2109,-1488.427734,2234,1570.7813,2500.00,1,2500.00
8.365147,214.1895,-1490.449219,2238,1573.5938,2500.00,1,2500.00
8.366147,211.8164,-1492.822266,2241,1575.7031,2500.00,1,2500.00
8.367147,209.3555,-1495.283203,2244,1577.8125,2500.00,1,2500.00
8.368148,207.2461,-1497.392578,2247,1579.9219,2500.00,1,2500.00
8.369148,204.7852,-1499.853516,2250,1582.0313,2500.00,1,2500.00
8.370149,202.5000,-1502.138672,2254,1584.8438,2500.00,1,2500.00
8.371149,200.1270,-1504.511719,2257,1586.9531,2500.00,1,2500.00
8.372150,197.5781,-1507.060547,2260,1589.0625,2500.00,1,2500.00
8.373151,195.3809,-1509.257812,2263,1591.1719,2500.00,1,2500.00
8.374151,192.7441,-1511.894531,2266,1593.2813,2500.00,1,2500.00
8.375152,190.1953,-1514.443359,2270,1596.0938,2500.00,1,2500.00
8.376152,187.9980,-1516.640625,2273,1598.2031,2500.00,1,2500.00
8.377152,185.3613,-1519.277344,2276,1600.3125,2500.00,1,2500.00
8.378153,182.7246,-1521.914062,2279,1602.4219,2500.00,1,2500.00
8.379153,180.4395,-1524.199219,2282,1604.5313,2500.00,1,2500.00
8.380154,177.8027,-1526.835937,2286,1607.3438,2500.00,1,2500.00
8.381154,175.5176,-1529.121094,2289,1609.4531,2500.00,1,2500.00
8.382155,172.8809,-1531.757812,2292,1611.5625,2500.00,1,2500.00
8.383156,170.1562,-1534.482422,2295,1613.6719,2500.00,1,2500.00
8.384156,167.8711,-1536.767578,2298,1615.7813,2500.00,1,2500.00
8.385157,165.2344,-1539.404297,2302,1618.5938,2500.00,1,2500.00
8.386157,162.5977,-1542.041016,2305,1620.7031,2500.00,1,2500.00
8.387157,160.3125,-1544.326172,2308,1622.8125,2500.00,1,2500.00
8.388158,157.6758,-1546.962891,2311,1624.9219,2500.00,1,2500.00
8.389158,155.3027,-1549.335937,2314,1627.0313,2500.00,1,2500.00
8.390159,152.5781,-1552.060547,2318,1629.8438,2500.00,1,2500.00
8.391159,149.9414,-1554.697266,2321,1631.9531,2500.00,1,2500.00
8.392160,147.7441,-1556.894531,2324,1634.0625,2500.00,1,2500.00
8.393161,145.1953,-1559.443359,2327,1636.1719,2500.00,1,2500.00
8.394161,142.6465,-1561.992187,2331,1638.9844,2500.00,1,2500.00
8.395162,140.2734,-1564.365234,2334,1641.0938,2500.00,1,2500.00
8.396162,137.7246,-1566.914062,2337,1643.2031,2500.00,1,2500.00
8.397162,135.1758,-1569.462891,2340,1645.3125,2500.00,1,2500.00
8.398163,133.0664,-1571.572266,2344,1648.1250,2500.00,1,2500.00
8.399163,130.6055,-1574.033203,2347,1650.2344,2500.00,1,2500.00
8.400164,128.4082,-1576.230469,2350,1652.3438,0.00,1,0.00
8.401164,126.0352,-1578.603516,2353,1654.4531,0.00,1,0.00
8.402165,124.1016,-1580.537109,2353,1654.4531,0.00,1,0.00
8.403166,123.8379,-1580.800781,2350,1652.3438,0.00,1,0.00
8.404166,125.0684,-1579.570312,2349,1651.6406,0.00,1,0.00
8.405167,125.9473,-1578.691406,2351,1653.0469,0.00,1,0.00
8.412416,124.3652,-1580.273437,2352,1653.7500,0.00,1,0.00
8.413416,124.3652,-1580.273437,2351,1653.0469,0.00,1,0.00
8.414416,124.8926,-1579.746094,2350,1652.3438,0.00,1,0.00
8.415417,125.4199,-1579.218750,2351,1653.0469,0.00,1,0.00
8.416417,125.2441,-1579.394531,2352,1653.7500,0.00,1,0.00
8.417418,124.7168,-1579.921875,2352,1653.7500,0.00,1,0.00
8.418418,124.5410,-1580.097656,2351,1653.0469,0.00,1,0.00
8.419418,124.8047,-1579.833984,2351,1653.0469,0.00,1,0.00
8.420419,125.0684,-1579.570312,2351,1653.0469,0.00,1,0.00
8.421419,124.9805,-1579.658203,2352,1653.7500,0.00,1,0.00
8.422420,124.7168,-1579.921875,2352,1653.7500,0.00,1,0.00
8.423420,124.7168,-1579.921875,2351,1653.0469,0.00,1,0.00
8.424420,124.9805,-1579.658203,2351,1653.0469,0.00,1,0.00
8.425421,125.1563,-1579.482422,2351,1653.0469,0.00,1,0.00
8.426421,124.8926,-1579.746094,2351,1653.0469,0.00,1,0.00
8.427422,124.7168,-1579.921875,2351,1653.0469,0.00,1,0.00
8.428422,124.8047,-1579.833984,2351,1653.0469,0.00,1,0.00
8.429422,124.9805,-1579.658203,2351,1653.0469,0.00,1,0.00
8.545373,124.8926,-1579.746094,2351,1653.0469,0.00,1,0.00
8.546373,124.8926,-1579.746094,2351,1653.0469,0.00,1,0.00
8.547374,124.8926,-1579.746094,2351,1653.0469,0.00,1,0.00
8.548374,124.8047,-1579.833984,2351,1653.0469,0.00,1,0.00
8.549375,124.8047,-1579.833984,2351,1653.0469,0.00,1,0.00
8.550375,124.8926,-1579.746094,2351,1653.0469,0.00,1,0.00
8.551375,124.8926,-1579.746094,2351,1653.0469,0.00,1,0.00
8.552376,124.8926,-1579.746094,2351,1653.0469,0.00,1,0.00
8.553376,124.9805,-1579.658203,2351,1653.0469,0.00,1,0.00
8.554377,124.8047,-1579.833984,2351,1653.0469,0.00,1,0.00
8.555377,124.8047,-1579.833984,2351,1653.0469,0.00,1,0.00
8.556377,124.8926,-1579.746094,2351,1653.0469,0.00,1,0.00
8.557378,124.8926,-1579.746094,2351,1653.0469,0.00,1,0.00
8.558378,124.8926,-1579.746094,2351,1653.0469,0.00,1,0.00
8.559379,124.8926,-1579.746094,2351,1653.0469,0.00,1,0.00
8.560379,124.8926,-1579.746094,2351,1653.0469,0.00,1,0.00
8.561379,124.8047,-1579.833984,2351,1653.0469,0.00,1,0.00
8.562380,124.8926,-1579.746094,2351,1653.0469,0.00,1,0.00
8.563380,124.8926,-1579.746094,2351,1653.0469,0.00,1,0.00
8.564381,124.8926,-1579.746094,2351,1653.0469,0.00,1,0.00
8.565381,124.8926,-1579.746094,2351,1653.0469,0.00,1,0.00
8.566381,124.8926,-1579.746094,2351,1653.0469,0.00,1,0.00
8.567382,124.8047,-1579.833984,2351,1653.0469,0.00,1,0.00
8.568382,124.8926,-1579.746094,2351,1653.0469,0.00,1,0.00
8.569383,124.8926,-1579.746094,2351,1653.0469,0.00,1,0.00
8.570383,124.8926,-1579.746094,2351,1653.0469,0.00,1,0.00
8.571384,124.8926,-1579.746094,2351,1653.0469,0.00,1,0.00
8.572385,124.8926,-1579.746094,2351,1653.0469,0.00,1,0.00
8.573385,124.8047,-1579.833984,2351,1653.0469,0.00,1,0.00
8.574386,124.8926,-1579.746094,2351,1653.0469,0.00,1,0.00
8.575386,124.8926,-1579.746094,2351,1653.0469,0.00,1,0.00
8.576386,124.8926,-1579.746094,2351,1653.0469,0.00,1,0.00
8.583630,124.9805,-1579.658203,2351,1653.0469,0.00,1,0.00
8.584630,124.8047,-1579.833984,2351,1653.0469,0.00,1,0.00
8.585630,124.8047,-1579.833984,2351,1653.0469,0.00,1,0.00
8.586631,124.9805,-1579.658203,2351,1653.0469,0.00,1,0.00
8.587631,124.8926,-1579.746094,2351,1653.0469,0.00,1,0.00
8.588632,124.8047,-1579.833984,2351,1653.0469,0.00,1,0.00
8.589632,124.8926,-1579.746094,2351,1653.0469,0.00,1,0.00
8.590632,124.9805,-1579.658203,2351,1653.0469,0.00,1,0.00
8.591633,124.8926,-1579.746094,2351,1653.0469,0.00,1,0.00
8.592633,124.8926,-1579.746094,2351,1653.0469,0.00,1,0.00
8.593634,124.8926,-1579.746094,2351,1653.0469,0.00,1,0.00
8.594634,124.8926,-1579.746094,2351,1653.0469,0.00,1,0.00
8.595635,124.8926,-1579.746094,2351,1653.0469,0.00,1,0.00
8.596636,124.9805,-1579.658203,2351,1653.0469,0.00,1,0.00
8.597636,124.8926,-1579.746094,2351,1653.0469,0.00,1,0.00
8.598637,124.8926,-1579.746094,2351,1653.0469,0.00,1,0.00
8.599637,124.8926,-1579.746094,2351,1653.0469,0.00,1,0.00
8.600637,124.8926,-1579.746094,2351,1653.0469,0.00,1,0.00
8.601638,124.8926,-1579.746094,2351,1653.0469,0.00,1,0.00
8.602638,124.8926,-1579.746094,2351,1653.0469,0.00,1,0.00
8.603639,124.8926,-1579.746094,2351,1653.0469,0.00,1,0.00
8.604639,124.8047,-1579.833984,2351,1653.0469,0.00,1,0.00
8.605640,124.8926,-1579.746094,2351,1653.0469,0.00,1,0.00
8.606641,124.8926,-1579.746094,2351,1653.0469,0.00,1,0.00
8.607641,124.8926,-1579.746094,2351,1653.0469,0.00,1,0.00
8.608642,124.8926,-1579.746094,2351,1653.0469,0.00,1,0.00
8.609642,124.8926,-1579.746094,2351,1653.0469,0.00,1,0.00
8.610642,124.8926,-1579.746094,2351,1653.0469,0.00,1,0.00
8.611643,124.8926,-1579.746094,2351,1653.0469,0.00,1,0.00
8.612643,124.9805,-1579.658203,2351,1653.0469,0.00,1,0.00
8.613644,124.8926,-1579.746094,2351,1653.0469,0.00,1,0.00
8.614644,124.8926,-1579.746094,2351,1653.0469,0.00,1,0.00
8.615644,124.8926,-1579.746094,2351,1653.0469,0.00,1,0.00
8.616645,124.8926,-1579.746094,2351,1653.0469,0.00,1,0.00
8.617645,124.8926,-1579.746094,2351,1653.0469,0.00,1,0.00
8.618646,124.9805,-1579.658203,2351,1653.0469,0.00,1,0.00
8.619646,124.9805,-1579.658203,2351,1653.0469,0.00,1,0.00
8.620647,124.8926,-1579.746094,2351,1653.0469,0.00,1,0.00
8.621648,124.8926,-1579.746094,2351,1653.0469,0.00,1,0.00
8.622648,124.8926,-1579.746094,2351,1653.0469,0.00,1,0.00
8.623649,124.8926,-1579.746094,2351,1653.0469,0.00,1,0.00
8.624649,124.8926,-1579.746094,2351,1653.0469,0.00,1,0.00
8.625649,124.8926,-1579.746094,2351,1653.0469,0.00,1,0.00
8.626650,124.8047,-1579.833984,2351,1653.0469,0.00,1,0.00
8.627650,124.8926,-1579.746094,2351,1653.0469,0.00,1,0.00
8.628651,124.8926,-1579.746094,2351,1653.0469,0.00,1,0.00
8.629651,124.8047,-1579.833984,2351,1653.0469,0.00,1,0.00
8.630652,124.8926,-1579.746094,2351,1653.0469,0.00,1,0.00
8.631653,124.9805,-1579.658203,2351,1653.0469,0.00,1,0.00
8.632653,124.9805,-1579.658203,2351,1653.0469,0.00,1,0.00
8.639922,124.8047,-1579.833984,2351,1653.0469,0.00,1,0.00
8.640923,124.8926,-1579.746094,2351,1653.0469,0.00,1,0.00
8.641923,124.8926,-1579.746094,2351,1653.0469,0.00,1,0.00
8.642923,124.8926,-1579.746094,2351,1653.0469,0.00,1,0.00
8.643924,124.8926,-1579.746094,2351,1653.0469,0.00,1,0.00
8.644924,124.8926,-1579.746094,2351,1653.0469,0.00,1,0.00
8.645925,124.8926,-1579.746094,2351,1653.0469,0.00,1,0.00
8.646925,124.8047,-1579.833984,2351,1653.0469,0.00,1,0.00
8.647925,124.8926,-1579.746094,2351,1653.0469,0.00,1,0.00
8.648926,124.8926,-1579.746094,2351,1653.0469,0.00,1,0.00
8.649926,124.9805,-1579.658203,2351,1653.0469,0.00,1,0.00
8.650927,124.9805,-1579.658203,2351,1653.0469,0.00,1,0.00
8.651927,124.8926,-1579.746094,2351,1653.0469,0.00,1,0.00
8.652927,124.8047,-1579.833984,2351,1653.0469,0.00,1,0.00
8.653928,124.8926,-1579.746094,2351,1653.0469,0.00,1,0.00
8.654928,124.8926,-1579.746094,2351,1653.0469,0.00,1,0.00
8.655929,124.9805,-1579.658203,2351,1653.0469,0.00,1,0.00
8.656929,124.9805,-1579.658203,2351,1653.0469,0.00,1,0.00
8.657929,124.8926,-1579.746094,2351,1653.0469,0.00,1,0.00
8.658930,124.8047,-1579.833984,2351,1653.0469,0.00,1,0.00
8.659930,124.8926,-1579.746094,2351,1653.0469,0.00,1,0.00
8.660931,124.8047,-1579.833984,2351,1653.0469,0.00,1,0.00
8.661931,124.8926,-1579.746094,2351,1653.0469,0.00,1,0.00
8.662931,124.8926,-1579.746094,2351,1653.0469,0.00,1,0.00
8.663932,124.8926,-1579.746094,2351,1653.0469,0.00,1,0.00
8.664932,124.8926,-1579.746094,2351,1653.0469,0.00,1,0.00
8.665933,124.8926,-1579.746094,2351,1653.0469,0.00,1,0.00
8.666933,124.8926,-1579.746094,2351,1653.0469,0.00,1,0.00
8.667934,124.8926,-1579.746094,2351,1653.0469,0.00,1,0.00
8.668935,124.8926,-1579.746094,2351,1653.0469,0.00,1,0.00
8.669935,124.8926,-1579.746094,2351,1653.0469,0.00,1,0.00
8.670936,124.8926,-1579.746094,2351,1653.0469,0.00,1,0.00
8.671936,124.8926,-1579.746094,2351,1653.0469,0.00,1,0.00
8.672936,124.8926,-1579.746094,2351,1653.0469,0.00,1,0.00
8.673937,124.8926,-1579.746094,2351,1653.0469,0.00,1,0.00
8.674937,124.8926,-1579.746094,2351,1653.0469,0.00,1,0.00
8.675938,124.8926,-1579.746094,2351,1653.0469,0.00,1,0.00
8.676938,124.8926,-1579.746094,2351,1653.0469,0.00,1,0.00
8.677939,124.8926,-1579.746094,2351,1653.0469,0.00,1,0.00
8.678940,124.8926,-1579.746094,2351,1653.0469,0.00,1,0.00
8.679940,124.8926,-1579.746094,2351,1653.0469,0.00,1,0.00
8.680941,124.8926,-1579.746094,2351,1653.0469,0.00,1,0.00
8.681941,124.8047,-1579.833984,2351,1653.0469,0.00,1,0.00
8.682941,124.8047,-1579.833984,2351,1653.0469,0.00,1,0.00
8.683942,124.8047,-1579.833984,2351,1653.0469,0.00,1,0.00
8.684942,124.8047,-1579.833984,2351,1653.0469,0.00,1,0.00
8.685943,124.8926,-1579.746094,2351,1653.0469,0.00,1,0.00
8.686943,124.8926,-1579.746094,2351,1653.0469,0.00,1,0.00
8.687944,124.8926,-1579.746094,2351,1653.0469,0.00,1,0.00
8.688945,124.8926,-1579.746094,2351,1653.0469,0.00,1,0.00
8.696213,124.8926,-1579.746094,2351,1653.0469,0.00,1,0.00
8.697213,124.8926,-1579.746094,2351,1653.0469,0.00,1,0.00
8.698214,124.8047,-1579.833984,2351,1653.0469,0.00,1,0.00
8.699214,124.8047,-1579.833984,2351,1653.0469,0.00,1,0.00
8.700214,124.8926,-1579.746094,2351,1653.0469,0.00,1,0.00
8.701215,124.8926,-1579.746094,2351,1653.0469,0.00,1,0.00
8.702215,124.8926,-1579.746094,2351,1653.0469,0.00,1,0.00
8.703216,124.8926,-1579.746094,2351,1653.0469,0.00,1,0.00
8.704216,124.8926,-1579.746094,2351,1653.0469,0.00,1,0.00
8.705216,124.8926,-1579.746094,2351,1653.0469,0.00,1,0.00
8.706217,124.8926,-1579.746094,2351,1653.0469,0.00,1,0.00
8.707217,124.8926,-1579.746094,2351,1653.0469,0.00,1,0.00
8.708218,124.8926,-1579.746094,2351,1653.0469,0.00,1,0.00
8.709218,124.8047,-1579.833984,2351,1653.0469,0.00,1,0.00
8.710218,124.8047,-1579.833984,2351,1653.0469,0.00,1,0.00
8.711219,124.8047,-1579.833984,2351,1653.0469,0.00,1,0.00
8.712219,124.8047,-1579.833984,2351,1653.0469,0.00,1,0.00
8.713220,124.8047,-1579.833984,2351,1653.0469,0.00,1,0.00
8.714220,124.8926,-1579.746094,2351,1653.0469,0.00,1,0.00
8.715220,124.8926,-1579.746094,2351,1653.0469,0.00,1,0.00
8.716221,124.8926,-1579.746094,2351,1653.0469,0.00,1,0.00
8.717221,124.8926,-1579.746094,2351,1653.0469,0.00,1,0.00
8.718222,124.8926,-1579.746094,2351,1653.0469,0.00,1,0.00
8.719222,124.8926,-1579.746094,2351,1653.0469,0.00,1,0.00
8.720223,124.8926,-1579.746094,2351,1653.0469,0.00,1,0.00
8.721224,124.8926,-1579.746094,2351,1653.0469,0.00,1,0.00
8.722224,124.8926,-1579.746094,2351,1653.0469,0.00,1,0.00
8.723225,124.8926,-1579.746094,2351,1653.0469,0.00,1,0.00
8.724225,124.9805,-1579.658203,2351,1653.0469,0.00,1,0.00
8.725225,124.8926,-1579.746094,2351,1653.0469,0.00,1,0.00
8.726226,124.8926,-1579.746094,2351,1653.0469,0.00,1,0.00
8.727226,124.8926,-1579.746094,2351,1653.0469,0.00,1,0.00
8.728227,124.8926,-1579.746094,2351,1653.0469,0.00,1,0.00
8.729227,124.8926,-1579.746094,2351,1653.0469,0.00,1,0.00
8.730228,124.8926,-1579.746094,2351,1653.0469,0.00,1,0.00
8.731229,124.8926,-1579.746094,2351,1653.0469,0.00,1,0.00
8.732229,124.8926,-1579.746094,2351,1653.0469,0.00,1,0.00
8.733230,124.8926,-1579.746094,2351,1653.0469,0.00,1,0.00
8.734230,124.8926,-1579.746094,2351,1653.0469,0.00,1,0.00
8.735230,124.8926,-1579.746094,2351,1653.0469,0.00,1,0.00
8.736231,124.8926,-1579.746094,2351,1653.0469,0.00,1,0.00
8.737231,124.8926,-1579.746094,2351,1653.0469,0.00,1,0.00
8.738232,124.8926,-1579.746094,2351,1653.0469,0.00,1,0.00
8.739232,124.8926,-1579.746094,2351,1653.0469,0.00,1,0.00
8.740233,124.8926,-1579.746094,2351,1653.0469,0.00,1,0.00
8.741234,124.8047,-1579.833984,2351,1653.0469,0.00,1,0.00
8.742234,124.8047,-1579.833984,2351,1653.0469,0.00,1,0.00
8.743235,124.8926,-1579.746094,2351,1653.0469,0.00,1,0.00
8.744235,124.8926,-1579.746094,2351,1653.0469,0.00,1,0.00
8.745235,124.8926,-1579.746094,2351,1653.0469,0.00,1,0.00
8.753108,124.8926,-1579.746094,2351,1653.0469,0.00,1,0.00
8.754108,124.8926,-1579.746094,2351,1653.0469,0.00,1,0.00
8.755109,124.8926,-1579.746094,2351,1653.0469,0.00,1,0.00
8.756109,124.8926,-1579.746094,2351,1653.0469,0.00,1,0.00
8.757110,124.8047,-1579.833984,2351,1653.0469,0.00,1,0.00
8.758110,124.8047,-1579.833984,2351,1653.0469,0.00,1,0.00
8.759110,124.8926,-1579.746094,2351,1653.0469,0.00,1,0.00
8.760111,124.8926,-1579.746094,2351,1653.0469,0.00,1,0.00
8.761111,124.8926,-1579.746094,2351,1653.0469,0.00,1,0.00
8.762112,124.8926,-1579.746094,2351,1653.0469,0.00,1,0.00
8.763112,124.8926,-1579.746094,2351,1653.0469,0.00,1,0.00
8.764113,124.8926,-1579.746094,2351,1653.0469,0.00,1,0.00
8.765114,124.8926,-1579.746094,2351,1653.0469,0.00,1,0.00
8.766114,124.8926,-1579.746094,2351,1653.0469,0.00,1,0.00
8.767115,124.8926,-1579.746094,2351,1653.0469,0.00,1,0.00
8.768115,124.8926,-1579.746094,2351,1653.0469,0.00,1,0.00
8.769115,124.8926,-1579.746094,2351,1653.0469,0.00,1,0.00
8.770116,124.8926,-1579.746094,2351,1653.0469,0.00,1,0.00
8.771116,124.8926,-1579.746094,2351,1653.0469,0.00,1,0.00
8.772117,124.8926,-1579.746094,2351,1653.0469,0.00,1,0.00
8.773117,124.8926,-1579.746094,2351,1653.0469,0.00,1,0.00
8.774118,124.8926,-1579.746094,2351,1653.0469,0.00,1,0.00
8.775119,124.8926,-1579.746094,2351,1653.0469,0.00,1,0.00
8.776119,124.8926,-1579.746094,2351,1653.0469,0.00,1,0.00
8.777120,124.8926,-1579.746094,2351,1653.0469,0.00,1,0.00
8.778120,124.8047,-1579.833984,2351,1653.0469,0.00,1,0.00
8.779120,124.8047,-1579.833984,2351,1653.0469,0.00,1,0.00
8.780121,124.8926,-1579.746094,2351,1653.0469,0.00,1,0.00
8.781121,124.8926,-1579.746094,2351,1653.0469,0.00,1,0.00
8.782122,124.8926,-1579.746094,2351,1653.0469,0.00,1,0.00
8.783122,124.8926,-1579.746094,2351,1653.0469,0.00,1,0.00
8.784123,124.8926,-1579.746094,2351,1653.0469,0.00,1,0.00
8.785124,124.8926,-1579.746094,2351,1653.0469,0.00,1,0.00
8.786124,124.8926,-1579.746094,2351,1653.0469,0.00,1,0.00
8.787125,124.8926,-1579.746094,2351,1653.0469,0.00,1,0.00
8.788125,124.8926,-1579.746094,2351,1653.0469,0.00,1,0.00
8.789125,124.8926,-1579.746094,2351,1653.0469,0.00,1,0.00
8.790126,124.8926,-1579.746094,2351,1653.0469,0.00,1,0.00
8.791126,124.8926,-1579.746094,2351,1653.0469,0.00,1,0.00
8.792127,124.8926,-1579.746094,2351,1653.0469,0.00,1,0.00
8.793127,124.8047,-1579.833984,2351,1653.0469,0.00,1,0.00
8.794128,124.8926,-1579.746094,2351,1653.0469,0.00,1,0.00
8.795129,124.8047,-1579.833984,2351,1653.0469,0.00,1,0.00
8.796129,124.8047,-1579.833984,2351,1653.0469,0.00,1,0.00
8.797130,124.8926,-1579.746094,2351,1653.0469,0.00,1,0.00
8.798130,124.8926,-1579.746094,2351,1653.0469,0.00,1,0.00
8.799130,124.9805,-1579.658203,2351,1653.0469,0.00,1,0.00
8.800131,124.9805,-1579.658203,2351,1653.0469,0.00,1,0.00
8.801131,124.8926,-1579.746094,2351,1653.0469,0.00,1,0.00
8.802132,124.8047,-1579.833984,2351,1653.0469,0.00,1,0.00
8.809353,124.8926,-1579.746094,2351,1653.0469,0.00,1,0.00
8.810353,124.8926,-1579.746094,2351,1653.0469,0.00,1,0.00
8.811354,124.9805,-1579.658203,2351,1653.0469,0.00,1,0.00
8.812354,124.8926,-1579.746094,2351,1653.0469,0.00,1,0.00
8.813355,124.8926,-1579.746094,2351,1653.0469,0.00,1,0.00
8.814356,124.8926,-1579.746094,2351,1653.0469,0.00,1,0.00
8.815356,124.8926,-1579.746094,2351,1653.0469,0.00,1,0.00
8.816357,124.8926,-1579.746094,2351,1653.0469,0.00,1,0.00
8.817357,124.8926,-1579.746094,2351,1653.0469,0.00,1,0.00
8.818358,124.8926,-1579.746094,2351,1653.0469,0.00,1,0.00
8.819359,124.8926,-1579.746094,2351,1653.0469,0.00,1,0.00
8.820359,124.8926,-1579.746094,2351,1653.0469,0.00,1,0.00
8.821360,124.8926,-1579.746094,2351,1653.0469,0.00,1,0.00
8.822360,124.8926,-1579.746094,2351,1653.0469,0.00,1,0.00
8.823360,124.8926,-1579.746094,2351,1653.0469,0.00,1,0.00
8.824361,124.8047,-1579.833984,2351,1653.0469,0.00,1,0.00
8.825361,124.8047,-1579.833984,2351,1653.0469,0.00,1,0.00
8.826362,124.8926,-1579.746094,2351,1653.0469,0.00,1,0.00
8.827362,124.8926,-1579.746094,2351,1653.0469,0.00,1,0.00
8.828363,124.8926,-1579.746094,2351,1653.0469,0.00,1,0.00
8.829364,124.8926,-1579.746094,2351,1653.0469,0.00,1,0.00
8.830364,124.8926,-1579.746094,2351,1653.0469,0.00,1,0.00
8.831365,124.8926,-1579.746094,2351,1653.0469,0.00,1,0.00
8.832365,124.9805,-1579.658203,2351,1653.0469,0.00,1,0.00
8.833365,124.9805,-1579.658203,2351,1653.0469,0.00,1,0.00
8.834366,124.8926,-1579.746094,2351,1653.0469,0.00,1,0.00
8.835366,124.8926,-1579.746094,2351,1653.0469,0.00,1,0.00
8.836367,124.8926,-1579.746094,2351,1653.0469,0.00,1,0.00
8.837367,124.8926,-1579.746094,2351,1653.0469,0.00,1,0.00
8.838368,124.8926,-1579.746094,2351,1653.0469,0.00,1,0.00
8.839369,124.8926,-1579.746094,2351,1653.0469,0.00,1,0.00
8.840369,124.8926,-1579.746094,2351,1653.0469,0.00,1,0.00
8.841370,124.8926,-1579.746094,2351,1653.0469,0.00,1,0.00
8.842370,124.8926,-1579.746094,2351,1653.0469,0.00,1,0.00
8.843370,124.8047,-1579.833984,2351,1653.0469,0.00,1,0.00
8.844371,124.8926,-1579.746094,2351,1653.0469,0.00,1,0.00
8.845371,124.8926,-1579.746094,2351,1653.0469,0.00,1,0.00
8.846372,124.8926,-1579.746094,2351,1653.0469,0.00,1,0.00
8.847372,124.8926,-1579.746094,2351,1653.0469,0.00,1,0.00
8.848373,124.8926,-1579.746094,2351,1653.0469,0.00,1,0.00
8.849374,124.8047,-1579.833984,2351,1653.0469,0.00,1,0.00
8.850374,124.8926,-1579.746094,2351,1653.0469,0.00,1,0.00
8.851375,124.8926,-1579.746094,2351,1653.0469,0.00,1,0.00
8.852375,124.8926,-1579.746094,2351,1653.0469,0.00,1,0.00
8.853375,124.8926,-1579.746094,2351,1653.0469,0.00,1,0.00
8.854376,124.8926,-1579.746094,2351,1653.0469,0.00,1,0.00
8.855376,124.8926,-1579.746094,2351,1653.0469,0.00,1,0.00
8.856377,124.8926,-1579.746094,2351,1653.0469,0.00,1,0.00
8.857377,124.8926,-1579.746094,2351,1653.0469,0.00,1,0.00
8.858378,124.8926,-1579.746094,2351,1653.0469,0.00,1,0.00
8.865641,124.8926,-1579.746094,2351,1653.0469,0.00,1,0.00
8.866641,124.8926,-1579.746094,2351,1653.0469,0.00,1,0.00
8.867641,124.8047,-1579.833984,2351,1653.0469,0.00,1,0.00
8.868642,124.8926,-1579.746094,2351,1653.0469,0.00,1,0.00
8.869642,124.8926,-1579.746094,2351,1653.0469,0.00,1,0.00
8.870643,124.8926,-1579.746094,2351,1653.0469,0.00,1,0.00
8.871643,124.8926,-1579.746094,2351,1653.0469,0.00,1,0.00
8.872644,124.8926,-1579.746094,2351,1653.0469,0.00,1,0.00
8.873645,124.8926,-1579.746094,2351,1653.0469,0.00,1,0.00
8.874645,124.8926,-1579.746094,2351,1653.0469,0.00,1,0.00
8.875646,124.9805,-1579.658203,2351,1653.0469,0.00,1,0.00
8.876646,124.9805,-1579.658203,2351,1653.0469,0.00,1,0.00
8.877646,124.8926,-1579.746094,2351,1653.0469,0.00,1,0.00
8.878647,124.8926,-1579.746094,2351,1653.0469,0.00,1,0.00
8.879647,124.8926,-1579.746094,2351,1653.0469,0.00,1,0.00
8.880648,124.8926,-1579.746094,2351,1653.0469,0.00,1,0.00
8.881648,124.8926,-1579.746094,2351,1653.0469,0.00,1,0.00
8.882649,124.8926,-1579.746094,2351,1653.0469,0.00,1,0.00
8.883650,124.8926,-1579.746094,2351,1653.0469,0.00,1,0.00
8.884650,124.9805,-1579.658203,2351,1653.0469,0.00,1,0.00
8.885651,124.8926,-1579.746094,2351,1653.0469,0.00,1,0.00
8.886651,124.8926,-1579.746094,2351,1653.0469,0.00,1,0.00
8.887651,124.8926,-1579.746094,2351,1653.0469,0.00,1,0.00
8.888652,124.8926,-1579.746094,2351,1653.0469,0.00,1,0.00
8.889652,124.8047,-1579.833984,2351,1653.0469,0.00,1,0.00
8.890653,124.8047,-1579.833984,2351,1653.0469,0.00,1,0.00
8.891653,124.8926,-1579.746094,2351,1653.0469,0.00,1,0.00
8.892654,124.8926,-1579.746094,2351,1653.0469,0.00,1,0.00
8.893655,124.8047,-1579.833984,2351,1653.0469,0.00,1,0.00
8.894655,124.8926,-1579.746094,2351,1653.0469,0.00,1,0.00
8.895656,124.8926,-1579.746094,2351,1653.0469,0.00,1,0.00
8.896656,124.8047,-1579.833984,2351,1653.0469,0.00,1,0.00
8.897656,124.8047,-1579.833984,2351,1653.0469,0.00,1,0.00
8.898657,124.8047,-1579.833984,2351,1653.0469,0.00,1,0.00
8.899657,124.8926,-1579.746094,2351,1653.0469,0.00,1,0.00
8.900658,124.8926,-1579.746094,2351,1653.0469,0.00,1,0.00
8.901658,124.8926,-1579.746094,2351,1653.0469,0.00,1,0.00
8.902659,124.8926,-1579.746094,2351,1653.0469,0.00,1,0.00
8.903660,124.8926,-1579.746094,2351,1653.0469,0.00,1,0.00
8.904660,124.8926,-1579.746094,2351,1653.0469,0.00,1,0.00
8.905661,124.9805,-1579.658203,2351,1653.0469,0.00,1,0.00
8.906661,124.9805,-1579.658203,2351,1653.0469,0.00,1,0.00
8.907661,124.9805,-1579.658203,2351,1653.0469,0.00,1,0.00
8.908662,124.9805,-1579.658203,2351,1653.0469,0.00,1,0.00
8.909662,124.9805,-1579.658203,2351,1653.0469,0.00,1,0.00
8.910663,124.8926,-1579.746094,2351,1653.0469,0.00,1,0.00
8.911663,124.8926,-1579.746094,2351,1653.0469,0.00,1,0.00
8.912664,124.8926,-1579.746094,2351,1653.0469,0.00,1,0.00
8.913665,124.8926,-1579.746094,2351,1653.0469,0.00,1,0.00
8.914665,124.8926,-1579.746094,2351,1653.0469,0.00,1,0.00
8.921975,124.8926,-1579.746094,2351,1653.0469,0.00,1,0.00
8.922976,124.9805,-1579.658203,2351,1653.0469,0.00,1,0.00
8.923976,124.8926,-1579.746094,2351,1653.0469,0.00,1,0.00
8.924976,124.8926,-1579.746094,2351,1653.0469,0.00,1,0.00
8.925977,124.8926,-1579.746094,2351,1653.0469,0.00,1,0.00
8.926977,124.8926,-1579.746094,2351,1653.0469,0.00,1,0.00
8.927978,124.8926,-1579.746094,2351,1653.0469,0.00,1,0.00
8.928978,124.8926,-1579.746094,2351,1653.0469,0.00,1,0.00
8.929978,124.8926,-1579.746094,2351,1653.0469,0.00,1,0.00
8.930979,124.8926,-1579.746094,2351,1653.0469,0.00,1,0.00
8.931979,124.8926,-1579.746094,2351,1653.0469,0.00,1,0.00
8.932980,124.8926,-1579.746094,2351,1653.0469,0.00,1,0.00
8.933980,124.8926,-1579.746094,2351,1653.0469,0.00,1,0.00
8.934980,124.8926,-1579.746094,2351,1653.0469,0.00,1,0.00
8.935981,124.8926,-1579.746094,2351,1653.0469,0.00,1,0.00
8.936981,124.8926,-1579.746094,2351,1653.0469,0.00,1,0.00
8.937982,124.8926,-1579.746094,2351,1653.0469,0.00,1,0.00
8.938982,124.8926,-1579.746094,2351,1653.0469,0.00,1,0.00
8.939982,124.8926,-1579.746094,2351,1653.0469,0.00,1,0.00
8.940983,124.8926,-1579.746094,2351,1653.0469,0.00,1,0.00
8.941983,124.8926,-1579.746094,2351,1653.0469,0.00,1,0.00
8.942984,124.8926,-1579.746094,2351,1653.0469,0.00,1,0.00
8.943984,124.8926,-1579.746094,2351,1653.0469,0.00,1,0.00
8.944984,124.8926,-1579.746094,2351,1653.0469,0.00,1,0.00
8.945985,124.8926,-1579.746094,2351,1653.0469,0.00,1,0.00
8.946985,124.8926,-1579.746094,2351,1653.0469,0.00,1,0.00
8.947986,124.8926,-1579.746094,2351,1653.0469,0.00,1,0.00
8.948986,124.8926,-1579.746094,2351,1653.0469,0.00,1,0.00
8.949987,124.8926,-1579.746094,2351,1653.0469,0.00,1,0.00
8.950988,124.8926,-1579.746094,2351,1653.0469,0.00,1,0.00
8.951988,124.8926,-1579.746094,2351,1653.0469,0.00,1,0.00
8.952989,124.8047,-1579.833984,2351,1653.0469,0.00,1,0.00
8.953989,124.8926,-1579.746094,2351,1653.0469,0.00,1,0.00
8.954989,124.8926,-1579.746094,2351,1653.0469,0.00,1,0.00
8.955990,124.8926,-1579.746094,2351,1653.0469,0.00,1,0.00
8.956990,124.8926,-1579.746094,2351,1653.0469,0.00,1,0.00
8.957991,124.8926,-1579.746094,2351,1653.0469,0.00,1,0.00
8.958991,124.9805,-1579.658203,2351,1653.0469,0.00,1,0.00
8.959992,124.8926,-1579.746094,2351,1653.0469,0.00,1,0.00
8.960993,124.8926,-1579.746094,2351,1653.0469,0.00,1,0.00
8.961993,124.8926,-1579.746094,2351,1653.0469,0.00,1,0.00
8.962994,124.8926,-1579.746094,2351,1653.0469,0.00,1,0.00
8.963994,124.8926,-1579.746094,2351,1653.0469,0.00,1,0.00
8.964994,124.8926,-1579.746094,2351,1653.0469,0.00,1,0.00
8.965995,124.8926,-1579.746094,2351,1653.0469,0.00,1,0.00
8.966995,124.8926,-1579.746094,2351,1653.0469,0.00,1,0.00
8.967996,124.8926,-1579.746094,2351,1653.0469,0.00,1,0.00
8.968996,124.8926,-1579.746094,2351,1653.0469,0.00,1,0.00
8.969996,124.8926,-1579.746094,2351,1653.0469,0.00,1,0.00
8.970997,124.8926,-1579.746094,2351,1653.0469,0.00,1,0.00
8.978335,124.8926,-1579.746094,2351,1653.0469,0.00,1,0.00
8.979336,124.9805,-1579.658203,2351,1653.0469,0.00,1,0.00
8.980336,124.8926,-1579.746094,2351,1653.0469,0.00,1,0.00
8.981337,124.8926,-1579.746094,2351,1653.0469,0.00,1,0.00
8.982337,124.8926,-1579.746094,2351,1653.0469,0.00,1,0.00
8.983337,124.8926,-1579.746094,2351,1653.0469,0.00,1,0.00
8.984338,124.9805,-1579.658203,2351,1653.0469,0.00,1,0.00
8.985338,124.8926,-1579.746094,2351,1653.0469,0.00,1,0.00
8.986339,124.8047,-1579.833984,2351,1653.0469,0.00,1,0.00
8.987339,124.8047,-1579.833984,2351,1653.0469,0.00,1,0.00
8.988339,124.8926,-1579.746094,2351,1653.0469,0.00,1,0.00
8.989340,124.8926,-1579.746094,2351,1653.0469,0.00,1,0.00
8.990340,124.8926,-1579.746094,2351,1653.0469,0.00,1,0.00
8.991341,124.8926,-1579.746094,2351,1653.0469,0.00,1,0.00
8.992341,124.8926,-1579.746094,2351,1653.0469,0.00,1,0.00
8.993341,124.8926,-1579.746094,2351,1653.0469,0.00,1,0.00
8.994342,124.8926,-1579.746094,2351,1653.0469,0.00,1,0.00
8.995342,124.8926,-1579.746094,2351,1653.0469,0.00,1,0.00
8.996343,124.8926,-1579.746094,2351,1653.0469,0.00,1,0.00
8.997343,124.8047,-1579.833984,2351,1653.0469,0.00,1,0.00
8.998344,124.8926,-1579.746094,2351,1653.0469,0.00,1,0.00
8.999345,124.8926,-1579.746094,2351,1653.0469,0.00,1,0.00
9.000345,124.9805,-1579.658203,2351,1653.0469,0.00,1,0.00
9.001346,124.8926,-1579.746094,2351,1653.0469,0.00,1,0.00
9.002346,124.8926,-1579.746094,2351,1653.0469,0.00,1,0.00
9.003346,124.8926,-1579.746094,2351,1653.0469,0.00,1,0.00
9.004347,124.8926,-1579.746094,2351,1653.0469,0.00,1,0.00
9.005347,124.8926,-1579.746094,2351,1653.0469,0.00,1,0.00
9.006348,124.8926,-1579.746094,2351,1653.0469,0.00,1,0.00
9.007348,124.8926,-1579.746094,2351,1653.0469,0.00,1,0.00
9.008349,124.8926,-1579.746094,2351,1653.0469,0.00,1,0.00
9.009350,124.8926,-1579.746094,2351,1653.0469,0.00,1,0.00
9.010350,124.8926,-1579.746094,2351,1653.0469,0.00,1,0.00
9.011351,124.8926,-1579.746094,2351,1653.0469,0.00,1,0.00
9.012351,124.8926,-1579.746094,2351,1653.0469,0.00,1,0.00
9.013351,124.8926,-1579.746094,2351,1653.0469,0.00,1,0.00
9.014352,124.8926,-1579.746094,2351,1653.0469,0.00,1,0.00
9.015352,124.8926,-1579.746094,2351,1653.0469,0.00,1,0.00
9.016353,124.8047,-1579.833984,2351,1653.0469,0.00,1,0.00
9.017353,124.8926,-1579.746094,2351,1653.0469,0.00,1,0.00
9.018354,124.8926,-1579.746094,2351,1653.0469,0.00,1,0.00
9.019355,124.9805,-1579.658203,2351,1653.0469,0.00,1,0.00
9.020355,124.8926,-1579.746094,2351,1653.0469,0.00,1,0.00
9.021356,124.8926,-1579.746094,2351,1653.0469,0.00,1,0.00
9.022356,124.8926,-1579.746094,2351,1653.0469,0.00,1,0.00
9.023356,124.8926,-1579.746094,2351,1653.0469,0.00,1,0.00
9.024357,124.8926,-1579.746094,2351,1653.0469,0.00,1,0.00
9.025357,124.8926,-1579.746094,2351,1653.0469,0.00,1,0.00
9.026358,124.8926,-1579.746094,2351,1653.0469,0.00,1,0.00
9.027358,124.8047,-1579.833984,2351,1653.0469,0.00,1,0.00
9.034658,124.8926,-1579.746094,2351,1653.0469,0.00,1,0.00
9.035659,124.8926,-1579.746094,2351,1653.0469,0.00,1,0.00
9.036659,124.8926,-1579.746094,2351,1653.0469,0.00,1,0.00
9.037660,124.8926,-1579.746094,2351,1653.0469,0.00,1,0.00
9.038660,124.8926,-1579.746094,2351,1653.0469,0.00,1,0.00
9.039660,124.9805,-1579.658203,2351,1653.0469,0.00,1,0.00
9.040661,124.9805,-1579.658203,2351,1653.0469,0.00,1,0.00
9.041661,124.8926,-1579.746094,2351,1653.0469,0.00,1,0.00
9.042662,124.8926,-1579.746094,2351,1653.0469,0.00,1,0.00
9.043662,124.8926,-1579.746094,2351,1653.0469,0.00,1,0.00
9.044663,124.9805,-1579.658203,2351,1653.0469,0.00,1,0.00
9.045664,124.9805,-1579.658203,2351,1653.0469,0.00,1,0.00
9.046664,124.8926,-1579.746094,2351,1653.0469,0.00,1,0.00
9.047665,124.8926,-1579.746094,2351,1653.0469,0.00,1,0.00
9.048665,124.8926,-1579.746094,2351,1653.0469,0.00,1,0.00
9.049665,124.8926,-1579.746094,2351,1653.0469,0.00,1,0.00
9.050666,124.8926,-1579.746094,2351,1653.0469,0.00,1,0.00
9.051666,124.8926,-1579.746094,2351,1653.0469,0.00,1,0.00
9.052667,124.8926,-1579.746094,2351,1653.0469,0.00,1,0.00
9.053667,124.8047,-1579.833984,2351,1653.0469,0.00,1,0.00
9.054668,124.8926,-1579.746094,2351,1653.0469,0.00,1,0.00
9.055669,124.8926,-1579.746094,2351,1653.0469,0.00,1,0.00
9.056669,124.9805,-1579.658203,2351,1653.0469,0.00,1,0.00
9.057670,124.8926,-1579.746094,2351,1653.0469,0.00,1,0.00
9.058670,124.8047,-1579.833984,2351,1653.0469,0.00,1,0.00
9.059670,124.8047,-1579.833984,2351,1653.0469,0.00,1,0.00
9.060671,124.8926,-1579.746094,2351,1653.0469,0.00,1,0.00
9.061671,124.8926,-1579.746094,2351,1653.0469,0.00,1,0.00
9.062672,124.8926,-1579.746094,2351,1653.0469,0.00,1,0.00
9.063672,124.8926,-1579.746094,2351,1653.0469,0.00,1,0.00
9.064673,124.8926,-1579.746094,2351,1653.0469,0.00,1,0.00
9.065674,124.8926,-1579.746094,2351,1653.0469,0.00,1,0.00
9.066674,124.8047,-1579.833984,2351,1653.0469,0.00,1,0.00
9.067675,124.8926,-1579.746094,2351,1653.0469,0.00,1,0.00
9.068675,124.8926,-1579.746094,2351,1653.0469,0.00,1,0.00
9.069675,124.8926,-1579.746094,2351,1653.0469,0.00,1,0.00
9.070676,124.8926,-1579.746094,2351,1653.0469,0.00,1,0.00
9.071676,124.8926,-1579.746094,2351,1653.0469,0.00,1,0.00
9.072677,124.8926,-1579.746094,2351,1653.0469,0.00,1,0.00
9.073677,124.8047,-1579.833984,2351,1653.0469,0.00,1,0.00
9.074678,124.8926,-1579.746094,2351,1653.0469,0.00,1,0.00
9.075679,124.8926,-1579.746094,2351,1653.0469,0.00,1,0.00
9.076679,124.8926,-1579.746094,2351,1653.0469,0.00,1,0.00
9.077680,124.9805,-1579.658203,2351,1653.0469,0.00,1,0.00
9.078680,124.8926,-1579.746094,2351,1653.0469,0.00,1,0.00
9.079680,124.8926,-1579.746094,2351,1653.0469,0.00,1,0.00
9.080681,124.8926,-1579.746094,2351,1653.0469,0.00,1,0.00
9.081681,124.8926,-1579.746094,2351,1653.0469,0.00,1,0.00
9.082682,124.8926,-1579.746094,2351,1653.0469,0.00,1,0.00
9.083682,124.8926,-1579.746094,2351,1653.0469,0.00,1,0.00
9.091471,124.8926,-1579.746094,2351,1653.0469,0.00,1,0.00
9.092471,124.8926,-1579.746094,2351,1653.0469,0.00,1,0.00
9.093472,124.8926,-1579.746094,2351,1653.0469,0.00,1,0.00
9.094472,124.8926,-1579.746094,2351,1653.0469,0.00,1,0.00
9.095472,124.9805,-1579.658203,2351,1653.0469,0.00,1,0.00
9.096473,124.8926,-1579.746094,2351,1653.0469,0.00,1,0.00
9.097473,124.8926,-1579.746094,2351,1653.0469,0.00,1,0.00
9.098474,124.8926,-1579.746094,2351,1653.0469,0.00,1,0.00
9.099474,124.8926,-1579.746094,2351,1653.0469,0.00,1,0.00
9.100474,124.8926,-1579.746094,2351,1653.0469,2500.00,-1,-2500.00
9.101475,124.9805,-1579.658203,2350,1652.3438,2500.00,-1,-2500.00
9.102475,125.7715,-1578.867187,2346,1649.5313,2500.00,-1,-2500.00
9.103476,128.2324,-1576.406250,2342,1646.7188,2500.00,-1,-2500.00
9.104476,131.8359,-1572.802734,2338,1643.9063,2500.00,-1,-2500.00
9.105476,134.5605,-1570.078125,2336,1642.5000,2500.00,-1,-2500.00
9.106477,136.7578,-1567.880859,2334,1641.0938,2500.00,-1,-2500.00
9.107477,138.4277,-1566.210937,2331,1638.9844,2500.00,-1,-2500.00
9.108478,140.9766,-1563.662109,2328,1636.8750,2500.00,-1,-2500.00
9.109478,143.8770,-1560.761719,2325,1634.7656,2500.00,-1,-2500.00
9.110478,146.2500,-1558.388672,2322,1632.6563,2500.00,-1,-2500.00
9.111479,148.7988,-1555.839844,2320,1631.2500,2500.00,-1,-2500.00
9.112479,151.3477,-1553.291016,2316,1628.4375,2500.00,-1,-2500.00
9.113480,153.7207,-1550.917969,2312,1625.6250,2500.00,-1,-2500.00
9.114480,156.5332,-1548.105469,2310,1624.2188,2500.00,-1,-2500.00
9.115480,159.1699,-1545.468750,2306,1621.4063,2500.00,-1,-2500.00
9.116481,161.4551,-1543.183594,2303,1619.2969,2500.00,-1,-2500.00
9.117481,164.0918,-1540.546875,2300,1617.1875,2500.00,-1,-2500.00
9.118482,166.3770,-1538.261719,2297,1615.0781,2500.00,-1,-2500.00
9.119482,169.1016,-1535.537109,2294,1612.9688,2500.00,-1,-2500.00
9.120482,171.8262,-1532.812500,2290,1610.1563,2500.00,-1,-2500.00
9.121483,174.1992,-1530.439453,2287,1608.0469,2500.00,-1,-2500.00
9.122483,176.8359,-1527.802734,2284,1605.9375,2500.00,-1,-2500.00
9.123484,179.5605,-1525.078125,2281,1603.8281,2500.00,-1,-2500.00
9.124484,181.8457,-1522.792969,2278,1601.7188,2500.00,-1,-2500.00
9.125485,184.4824,-1520.156250,2274,1598.9063,2500.00,-1,-2500.00
9.126486,187.1191,-1517.519531,2271,1596.7969,2500.00,-1,-2500.00
9.127486,189.4043,-1515.234375,2268,1594.6875,2500.00,-1,-2500.00
9.128487,191.9531,-1512.685547,2265,1592.5781,2500.00,-1,-2500.00
9.129487,194.1504,-1510.488281,2262,1590.4688,2500.00,-1,-2500.00
9.130487,196.6992,-1507.939453,2258,1587.6563,2500.00,-1,-2500.00
9.131488,199.2480,-1505.390625,2255,1585.5469,2500.00,-1,-2500.00
9.132488,201.4453,-1503.193359,2252,1583.4375,2500.00,-1,-2500.00
9.133489,203.9941,-1500.644531,2248,1580.6250,2500.00,-1,-2500.00
9.134489,206.5430,-1498.095703,2246,1579.2188,2500.00,-1,-2500.00
9.135490,208.5645,-1496.074219,2242,1576.4063,2500.00,-1,-2500.00
9.136491,211.0254,-1493.613281,2239,1574.2969,2500.00,-1,-2500.00
9.137491,213.1348,-1491.503906,2236,1572.1875,2500.00,-1,-2500.00
9.138492,215.5957,-1489.042969,2232,1569.3750,2500.00,-1,-2500.00
9.139492,217.8809,-1486.757812,2229,1567.2656,2500.00,-1,-2500.00
9.140492,219.9023,-1484.736328,2226,1565.1563,2500.00,-1,-2500.00
9.158802,258.3105,-1446.328125,2167,1523.6719,2500.00,-1,-2500.00
9.159802,260.5078,-1444.130859,2164,1521.5625,2500.00,-1,-2500.00
9.160803,262.3535,-1442.285156,2160,1518.7500,2500.00,-1,-2500.00
9.161803,264.5508,-1440.087891,2157,1516.6406,2500.00,-1,-2500.00
9.162804,266.7480,-1437.890625,2154,1514.5313,2500.00,-1,-2500.00
9.163804,268.5937,-1436.044922,2151,1512.4219,2500.00,-1,-2500.00
9.164805,270.7031,-1433.935547,2147,1509.6094,2500.00,-1,-2500.00
9.165806,272.5488,-1432.089844,2144,1507.5000,2500.00,-1,-2500.00
9.166806,274.8340,-1429.804687,2141,1505.3906,2500.00,-1,-2500.00
9.167807,276.9434,-1427.695312,2137,1502.5781,2500.00,-1,-2500.00
9.168807,278.7891,-1425.849609,2134,1500.4688,2500.00,-1,-2500.00
9.169807,280.9863,-1423.652344,2131,1498.3594,2500.00,-1,-2500.00
9.170808,283.2715,-1421.367187,2128,1496.2500,2500.00,-1,-2500.00
9.171808,285.2051,-1419.433594,2124,1493.4375,2500.00,-1,-2500.00
9.172809,287.4902,-1417.148437,2121,1491.3281,2500.00,-1,-2500.00
9.173809,289.7754,-1414.863281,2118,1489.2188,2500.00,-1,-2500.00
9.174810,291.7090,-1412.929687,2115,1487.1094,2500.00,-1,-2500.00
9.175811,293.9941,-1410.644531,2111,1484.2969,2500.00,-1,-2500.00
9.176811,296.1035,-1408.535156,2108,1482.1875,2500.00,-1,-2500.00
9.177812,298.3887,-1406.250000,2105,1480.0781,2500.00,-1,-2500.00
9.178812,300.7617,-1403.876953,2102,1477.9688,2500.00,-1,-2500.00
9.179812,302.9590,-1401.679687,2099,1475.8594,2500.00,-1,-2500.00
9.180813,305.4199,-1399.218750,2095,1473.0469,2500.00,-1,-2500.00
9.181813,307.7930,-1396.845703,2092,1470.9375,2500.00,-1,-2500.00
9.182814,309.9023,-1394.736328,2089,1468.8281,2500.00,-1,-2500.00
9.183814,312.2754,-1392.363281,2086,1466.7188,2500.00,-1,-2500.00
9.184814,314.8242,-1389.814453,2083,1464.6094,2500.00,-1,-2500.00
9.185815,317.1094,-1387.529297,2079,1461.7969,2500.00,-1,-2500.00
9.186815,319.6582,-1384.980469,2076,1459.6875,2500.00,-1,-2500.00
9.187816,321.8555,-1382.783203,2073,1457.5781,2500.00,-1,-2500.00
9.188816,324.4043,-1380.234375,2070,1455.4688,2500.00,-1,-2500.00
9.189817,327.0410,-1377.597656,2067,1453.3594,2500.00,-1,-2500.00
9.190818,329.4141,-1375.224609,2063,1450.5469,2500.00,-1,-2500.00
9.191818,332.0508,-1372.587891,2060,1448.4375,2500.00,-1,-2500.00
9.192819,334.6875,-1369.951172,2057,1446.3281,2500.00,-1,-2500.00
9.193819,336.8848,-1367.753906,2054,1444.2188,2500.00,-1,-2500.00
9.194819,339.4336,-1365.205078,2051,1442.1094,2500.00,-1,-2500.00
9.195820,341.8066,-1362.832031,2047,1439.2969,2500.00,-1,-2500.00
9.196820,344.5312,-1360.107422,2044,1437.1875,2500.00,-1,-2500.00
9.197821,347.0801,-1357.558594,2041,1435.0781,2500.00,-1,-2500.00
9.198821,349.3652,-1355.273437,2038,1432.9688,2500.00,-1,-2500.00
9.199822,352.0020,-1352.636719,2035,1430.8594,2500.00,-1,-2500.00
9.200823,354.7266,-1349.912109,2031,1428.0469,2500.00,-1,-2500.00
9.201823,356.9238,-1347.714844,2028,1425.9375,2500.00,-1,-2500.00
9.202824,359.5605,-1345.078125,2025,1423.8281,2500.00,-1,-2500.00
9.203824,2.1973,-1342.441406,2022,1421.7188,2500.00,-1,-2500.00
9.204824,4.4824,-1340.156250,2019,1419.6094,2500.00,-1,-2500.00
9.205825,7.1191,-1337.519531,2016,1417.5000,2500.00,-1,-2500.00
9.206825,9.3164,-1335.322266,2012,1414.6875,2500.00,-1,-2500.00
9.207826,11.8652,-1332.773437,2009,1412.5781,2500.00,-1,-2500.00
9.215060,28.7402,-1315.898437,1986,1396.4063,2500.00,-1,-2500.00
9.216061,31.0254,-1313.613281,1983,1394.2969,2500.00,-1,-2500.00
9.217061,33.3984,-1311.240234,1980,1392.1875,2500.00,-1,-2500.00
9.218061,35.3320,-1309.306641,1976,1389.3750,2500.00,-1,-2500.00
9.219062,37.7051,-1306.933594,1973,1387.2656,2500.00,-1,-2500.00
9.220062,39.7266,-1304.912109,1970,1385.1563,2500.00,-1,-2500.00
9.221063,41.8359,-1302.802734,1967,1383.0469,2500.00,-1,-2500.00
9.222063,44.0332,-1300.605469,1964,1380.9375,2500.00,-1,-2500.00
9.223064,45.9668,-1298.671875,1960,1378.1250,2500.00,-1,-2500.00
9.224065,48.1641,-1296.474609,1957,1376.0156,2500.00,-1,-2500.00
9.225065,50.3613,-1294.277344,1954,1373.9063,2500.00,-1,-2500.00
9.226066,52.2949,-1292.343750,1951,1371.7969,2500.00,-1,-2500.00
9.227066,54.3164,-1290.322266,1948,1369.6875,2500.00,-1,-2500.00
9.228066,56.1621,-1288.476562,1944,1366.8750,2500.00,-1,-2500.00
9.229067,58.2715,-1286.367187,1941,1364.7656,2500.00,-1,-2500.00
9.230067,60.2930,-1284.345703,1938,1362.6563,2500.00,-1,-2500.00
9.231068,62.1387,-1282.500000,1935,1360.5469,2500.00,-1,-2500.00
9.232068,64.2480,-1280.390625,1932,1358.4375,2500.00,-1,-2500.00
9.233069,66.3574,-1278.281250,1928,1355.6250,2500.00,-1,-2500.00
9.234070,68.2031,-1276.435547,1925,1353.5156,2500.00,-1,-2500.00
9.235070,70.2246,-1274.414062,1922,1351.4063,2500.00,-1,-2500.00
9.236071,72.3340,-1272.304687,1919,1349.2969,2500.00,-1,-2500.00
9.237071,74.0918,-1270.546875,1916,1347.1875,2500.00,-1,-2500.00
9.238071,76.0254,-1268.613281,1912,1344.3750,2500.00,-1,-2500.00
9.239072,77.8711,-1266.767578,1909,1342.2656,2500.00,-1,-2500.00
9.240072,79.9805,-1264.658203,1906,1340.1563,2500.00,-1,-2500.00
9.241073,82.0020,-1262.636719,1903,1338.0469,2500.00,-1,-2500.00
9.242073,83.9355,-1260.703125,1900,1335.9375,2500.00,-1,-2500.00
9.243074,86.0449,-1258.593750,1897,1333.8281,2500.00,-1,-2500.00
9.244075,88.0664,-1256.572266,1894,1331.7188,2500.00,-1,-2500.00
9.245075,89.8242,-1254.814453,1890,1328.9063,2500.00,-1,-2500.00
9.246076,92.0215,-1252.617187,1887,1326.7969,2500.00,-1,-2500.00
9.247076,94.1309,-1250.507812,1884,1324.6875,2500.00,-1,-2500.00
9.248076,95.9766,-1248.662109,1881,1322.5781,2500.00,-1,-2500.00
9.249077,98.0859,-1246.552734,1878,1320.4688,2500.00,-1,-2500.00
9.250077,100.0195,-1244.619141,1875,1318.3594,2500.00,-1,-2500.00
9.251078,102.2168,-1242.421875,1872,1316.2500,2500.00,-1,-2500.00
9.252078,104.4141,-1240.224609,1868,1313.4375,2500.00,-1,-2500.00
9.253079,106.2598,-1238.378906,1866,1312.0313,2500.00,-1,-2500.00
9.254080,108.5449,-1236.093750,1862,1309.2188,2500.00,-1,-2500.00
9.255080,110.8301,-1233.808594,1859,1307.1094,2500.00,-1,-2500.00
9.256081,112.7637,-1231.875000,1856,1305.0000,2500.00,-1,-2500.00
9.257081,115.0488,-1229.589844,1853,1302.8906,2500.00,-1,-2500.00
9.258081,117.0703,-1227.568359,1850,1300.7813,2500.00,-1,-2500.00
9.259082,119.3555,-1225.283203,1847,1298.6719,2500.00,-1,-2500.00
9.260082,121.7285,-1222.910156,1844,1296.5625,2500.00,-1,-2500.00
9.261083,123.8379,-1220.800781,1840,1293.7500,2500.00,-1,-2500.00
9.262083,126.2109,-1218.427734,1837,1291.6406,2500.00,-1,-2500.00
9.263084,128.5840,-1216.054687,1834,1289.5313,2500.00,-1,-2500.00
9.264085,130.7812,-1213.857422,1831,1287.4219,2500.00,-1,-2500.00
9.271371,148.6230,-1196.015625,1808,1271.2500,2500.00,-1,-2500.00
9.272371,150.9082,-1193.730469,1804,1268.4375,2500.00,-1,-2500.00
9.273372,153.5449,-1191.093750,1801,1266.3281,2500.00,-1,-2500.00
9.274372,156.3574,-1188.281250,1798,1264.2188,2500.00,-1,-2500.00
9.275373,158.7305,-1185.908203,1795,1262.1094,2500.00,-1,-2500.00
9.276373,161.2793,-1183.359375,1792,1260.0000,2500.00,-1,-2500.00
9.277373,163.9160,-1180.722656,1788,1257.1875,2500.00,-1,-2500.00
9.278374,166.2891,-1178.349609,1785,1255.0781,2500.00,-1,-2500.00
9.279374,168.9258,-1175.712891,1782,1252.9688,2500.00,-1,-2500.00
9.280375,171.6504,-1172.988281,1779,1250.8594,2500.00,-1,-2500.00
9.281375,173.9355,-1170.703125,1776,1248.7500,2500.00,-1,-2500.00
9.282375,176.5723,-1168.066406,1772,1245.9375,2500.00,-1,-2500.00
9.283376,178.9453,-1165.693359,1769,1243.8281,2500.00,-1,-2500.00
9.284376,181.5820,-1163.056641,1766,1241.7188,2500.00,-1,-2500.00
9.285377,184.2187,-1160.419922,1762,1238.9063,2500.00,-1,-2500.00
9.286377,186.5039,-1158.134766,1759,1236.7969,2500.00,-1,-2500.00
9.287377,189.1406,-1155.498047,1756,1234.6875,2500.00,-1,-2500.00
9.288378,191.7773,-1152.861328,1753,1232.5781,2500.00,-1,-2500.00
9.289378,193.9746,-1150.664062,1750,1230.4688,2500.00,-1,-2500.00
9.290379,196.6113,-1148.027344,1746,1227.6563,2500.00,-1,-2500.00
9.291379,199.1602,-1145.478516,1744,1226.2500,2500.00,-1,-2500.00
9.292379,201.2695,-1143.369141,1740,1223.4375,2500.00,-1,-2500.00
9.293380,203.8184,-1140.820312,1737,1221.3281,2500.00,-1,-2500.00
9.294380,205.9277,-1138.710937,1734,1219.2188,2500.00,-1,-2500.00
9.295381,208.3887,-1136.250000,1730,1216.4063,2500.00,-1,-2500.00
9.296381,210.8496,-1133.789062,1727,1214.2969,2500.00,-1,-2500.00
9.297381,213.0469,-1131.591797,1724,1212.1875,2500.00,-1,-2500.00
9.298382,215.4199,-1129.218750,1721,1210.0781,2500.00,-1,-2500.00
9.299382,217.7051,-1126.933594,1718,1207.9688,2500.00,-1,-2500.00
9.300383,219.7266,-1124.912109,1714,1205.1563,2500.00,-1,-2500.00
9.301383,222.0117,-1122.626953,1711,1203.0469,2500.00,-1,-2500.00
9.302383,224.0332,-1120.605469,1708,1200.9375,2500.00,-1,-2500.00
9.303384,226.3184,-1118.320312,1705,1198.8281,2500.00,-1,-2500.00
9.304384,228.6035,-1116.035156,1702,1196.7188,2500.00,-1,-2500.00
9.305385,230.5371,-1114.101562,1698,1193.9063,2500.00,-1,-2500.00
9.306385,232.7344,-1111.904297,1695,1191.7969,2500.00,-1,-2500.00
9.307385,234.9316,-1109.707031,1692,1189.6875,2500.00,-1,-2500.00
9.308386,236.8652,-1107.773437,1689,1187.5781,2500.00,-1,-2500.00
9.309386,239.0625,-1105.576172,1686,1185.4688,2500.00,-1,-2500.00
9.310387,241.2598,-1103.378906,1682,1182.6563,2500.00,-1,-2500.00
9.311387,243.1055,-1101.533203,1679,1180.5469,2500.00,-1,-2500.00
9.312388,245.2148,-1099.423828,1676,1178.4375,2500.00,-1,-2500.00
9.313389,247.2363,-1097.402344,1672,1175.6250,2500.00,-1,-2500.00
9.314389,249.4336,-1095.205078,1669,1173.5156,2500.00,-1,-2500.00
9.315390,251.5430,-1093.095703,1666,1171.4063,2500.00,-1,-2500.00
9.316390,253.4766,-1091.162109,1663,1169.2969,2500.00,-1,-2500.00
9.317390,255.4980,-1089.140625,1660,1167.1875,2500.00,-1,-2500.00
9.318391,257.6074,-1087.031250,1656,1164.3750,2500.00,-1,-2500.00
9.319391,259.5410,-1085.097656,1653,1162.2656,2500.00,-1,-2500.00
9.320392,261.6504,-1082.988281,1650,1160.1563,2500.00,-1,-2500.00
9.327618,276.5039,-1068.134766,1627,1143.9844,2500.00,-1,-2500.00
9.328618,278.6133,-1066.025391,1623,1141.1719,2500.00,-1,-2500.00
9.329619,280.5469,-1064.091797,1620,1139.0625,2500.00,-1,-2500.00
9.330620,282.8320,-1061.806641,1617,1136.9531,2500.00,-1,-2500.00
9.331620,285.0293,-1059.609375,1614,1134.8438,2500.00,-1,-2500.00
9.332621,287.0508,-1057.587891,1610,1132.0313,2500.00,-1,-2500.00
9.333621,289.2480,-1055.390625,1607,1129.9219,2500.00,-1,-2500.00
9.334621,291.2695,-1053.369141,1604,1127.8125,2500.00,-1,-2500.00
9.335622,293.5547,-1051.083984,1601,1125.7031,2500.00,-1,-2500.00
9.336622,295.9277,-1048.710937,1597,1122.8906,2500.00,-1,-2500.00
9.337623,298.1250,-1046.513672,1594,1120.7813,2500.00,-1,-2500.00
9.338623,300.4102,-1044.228516,1591,1118.6719,2500.00,-1,-2500.00
9.339623,302.6953,-1041.943359,1588,1116.5625,2500.00,-1,-2500.00
9.340624,304.8047,-1039.833984,1584,1113.7500,2500.00,-1,-2500.00
9.341624,307.2656,-1037.373047,1581,1111.6406,2500.00,-1,-2500.00
9.342625,309.3750,-1035.263672,1578,1109.5313,2500.00,-1,-2500.00
9.343625,311.9238,-1032.714844,1575,1107.4219,2500.00,-1,-2500.00
9.344626,314.4727,-1030.166016,1571,1104.6094,2500.00,-1,-2500.00
9.345627,316.6699,-1027.968750,1568,1102.5000,2500.00,-1,-2500.00
9.346627,319.2187,-1025.419922,1565,1100.3906,2500.00,-1,-2500.00
9.347628,321.6797,-1022.958984,1562,1098.2813,2500.00,-1,-2500.00
9.348628,323.8770,-1020.761719,1559,1096.1719,2500.00,-1,-2500.00
9.349628,326.4258,-1018.212891,1555,1093.3594,2500.00,-1,-2500.00
9.350629,328.9746,-1015.664063,1552,1091.2500,2500.00,-1,-2500.00
9.351629,331.3477,-1013.291016,1549,1089.1406,2500.00,-1,-2500.00
9.352630,333.9844,-1010.654297,1546,1087.0313,2500.00,-1,-2500.00
9.353630,336.2695,-1008.369141,1543,1084.9219,2500.00,-1,-2500.00
9.354631,338.9941,-1005.644531,1539,1082.1094,2500.00,-1,-2500.00
9.355632,341.6309,-1003.007813,1536,1080.0000,2500.00,-1,-2500.00
9.356632,343.9160,-1000.722656,1533,1077.8906,2500.00,-1,-2500.00
9.357633,346.5527,-998.085938,1530,1075.7813,2500.00,-1,-2500.00
9.358633,349.1895,-995.449219,1527,1073.6719,2500.00,-1,-2500.00
9.359633,351.5625,-993.076172,1523,1070.8594,2500.00,-1,-2500.00
9.360634,354.1992,-990.439453,1520,1068.7500,2500.00,-1,-2500.00
9.361634,356.8359,-987.802734,1517,1066.6406,2500.00,-1,-2500.00
9.362635,359.1211,-985.517578,1514,1064.5313,2500.00,-1,-2500.00
9.363635,1.6699,-982.968750,1511,1062.4219,2500.00,-1,-2500.00
9.364636,3.9551,-980.683594,1507,1059.6094,2500.00,-1,-2500.00
9.365637,6.5039,-978.134766,1504,1057.5000,2500.00,-1,-2500.00
9.366637,9.2285,-975.410156,1501,1055.3906,2500.00,-1,-2500.00
9.367638,11.3379,-973.300781,1498,1053.2813,2500.00,-1,-2500.00
9.368638,13.7988,-970.839844,1495,1051.1719,2500.00,-1,-2500.00
9.369638,16.3477,-968.291016,1491,1048.3594,2500.00,-1,-2500.00
9.370639,18.5449,-966.093750,1488,1046.2500,2500.00,-1,-2500.00
9.371639,21.0059,-963.632813,1485,1044.1406,2500.00,-1,-2500.00
9.372640,23.1152,-961.523438,1482,1042.0313,2500.00,-1,-2500.00
9.373640,25.4883,-959.150391,1479,1039.9219,2500.00,-1,-2500.00
9.374641,27.8613,-956.777344,1475,1037.1094,2500.00,-1,-2500.00
9.375642,29.9707,-954.667969,1472,1035.0000,2500.00,-1,-2500.00
9.376642,32.3438,-952.294922,1469,1032.8906,2500.00,-1,-2500.00
9.384382,48.7793,-935.859375,1444,1015.3125,2500.00,-1,-2500.00
9.385383,50.8887,-933.750000,1441,1013.2031,2500.00,-1,-2500.00
9.386383,52.7344,-931.904297,1438,1011.0937,2500.00,-1,-2500.00
9.387384,54.9316,-929.707031,1435,1008.9844,2500.00,-1,-2500.00
9.388385,57.0410,-927.597656,1432,1006.8750,2500.00,-1,-2500.00
9.389385,58.8867,-925.751953,1428,1004.0625,2500.00,-1,-2500.00
9.390386,60.9961,-923.642578,1425,1001.9531,2500.00,-1,-2500.00
9.391386,63.0176,-921.621094,1422,999.8437,2500.00,-1,-2500.00
9.392386,64.8633,-919.775391,1419,997.7344,2500.00,-1,-2500.00
9.393387,66.9727,-917.666016,1416,995.6250,2500.00,-1,-2500.00
9.394387,68.7305,-915.908203,1412,992.8125,2500.00,-1,-2500.00
9.395388,70.8398,-913.798828,1409,990.7031,2500.00,-1,-2500.00
9.396388,72.8613,-911.777344,1406,988.5937,2500.00,-1,-2500.00
9.397389,74.6191,-910.019531,1403,986.4844,2500.00,-1,-2500.00
9.398390,76.6406,-907.998047,1400,984.3750,2500.00,-1,-2500.00
9.399390,78.7500,-905.888672,1397,982.2656,2500.00,-1,-2500.00
9.400391,80.5957,-904.042969,1394,980.1562,2500.00,-1,-2500.00
9.401391,82.6172,-902.021484,1390,977.3437,2500.00,-1,-2500.00
9.402391,84.4629,-900.175781,1387,975.2344,2500.00,-1,-2500.00
9.403392,86.5723,-898.066406,1384,973.1250,2500.00,-1,-2500.00
9.404392,88.6816,-895.957031,1381,971.0156,2500.00,-1,-2500.00
9.405393,90.5273,-894.111328,1378,968.9062,2500.00,-1,-2500.00
9.406393,92.5488,-892.089844,1374,966.0937,2500.00,-1,-2500.00
9.407394,94.5703,-890.068359,1371,963.9844,2500.00,-1,-2500.00
9.408395,96.5039,-888.134766,1368,961.8750,2500.00,-1,-2500.00
9.409395,98.7012,-885.937500,1365,959.7656,2500.00,-1,-2500.00
9.410396,100.8984,-883.740234,1362,957.6562,2500.00,-1,-2500.00
9.411396,102.7441,-881.894531,1359,955.5469,2500.00,-1,-2500.00
9.412396,104.9414,-879.697266,1355,952.7344,2500.00,-1,-2500.00
9.413397,106.9629,-877.675781,1352,950.6250,2500.00,-1,-2500.00
9.414397,109.1602,-875.478516,1349,948.5156,2500.00,-1,-2500.00
9.415398,111.4453,-873.193359,1346,946.4062,2500.00,-1,-2500.00
9.416398,113.4668,-871.171875,1342,943.5937,2500.00,-1,-2500.00
9.417398,115.6641,-868.974609,1339,941.4844,2500.00,-1,-2500.00
9.418399,118.0371,-866.601563,1336,939.3750,2500.00,-1,-2500.00
9.419399,120.0586,-864.580078,1333,937.2656,2500.00,-1,-2500.00
9.420400,122.4316,-862.207031,1330,935.1562,2500.00,-1,-2500.00
9.421400,124.5410,-860.097656,1326,932.3437,2500.00,-1,-2500.00
9.422401,126.9141,-857.724609,1323,930.2344,2500.00,-1,-2500.00
9.423402,129.3750,-855.263672,1320,928.1250,2500.00,-1,-2500.00
9.424402,131.4844,-853.154297,1317,926.0156,2500.00,-1,-2500.00
9.425403,134.0332,-850.605469,1314,923.9062,2500.00,-1,-2500.00
9.426403,136.6699,-847.968750,1310,921.0937,2500.00,-1,-2500.00
9.427403,138.8672,-845.771484,1307,918.9844,2500.00,-1,-2500.00
9.428404,141.4160,-843.222656,1304,916.8750,2500.00,-1,-2500.00
9.429404,143.9648,-840.673828,1301,914.7656,2500.00,-1,-2500.00
9.430405,146.1621,-838.476563,1298,912.6562,2500.00,-1,-2500.00
9.431405,148.8867,-835.751953,1294,909.8437,2500.00,-1,-2500.00
9.432406,151.0840,-833.554688,1292,908.4375,2500.00,-1,-2500.00
9.433407,153.6328,-831.005859,1288,905.6250,2500.00,-1,-2500.00
9.440616,172.0898,-812.548828,1266,890.1562,2500.00,-1,-2500.00
9.441616,174.7266,-809.912109,1262,887.3437,2500.00,-1,-2500.00
9.442617,177.0117,-807.626953,1259,885.2344,2500.00,-1,-2500.00
9.443618,179.7363,-804.902344,1256,883.1250,2500.00,-1,-2500.00
9.444618,182.4609,-802.177734,1253,881.0156,2500.00,-1,-2500.00
9.445619,184.7461,-799.892578,1250,878.9062,2500.00,-1,-2500.00
9.446619,187.2949,-797.343750,1247,876.7969,2500.00,-1,-2500.00
9.447619,189.9316,-794.707031,1244,874.6875,2500.00,-1,-2500.00
9.448620,192.2168,-792.421875,1240,871.8750,2500.00,-1,-2500.00
9.449620,194.7656,-789.873047,1237,869.7656,2500.00,-1,-2500.00
9.450621,197.0508,-787.587891,1234,867.6562,2500.00,-1,-2500.00
9.451621,199.5117,-785.126953,1231,865.5469,2500.00,-1,-2500.00
9.452622,202.0605,-782.578125,1228,863.4375,2500.00,-1,-2500.00
9.453623,204.2578,-780.380859,1224,860.6250,2500.00,-1,-2500.00
9.454623,206.7187,-777.919922,1221,858.5156,2500.00,-1,-2500.00
9.455624,209.0918,-775.546875,1218,856.4062,2500.00,-1,-2500.00
9.456624,211.2891,-773.349609,1214,853.5937,2500.00,-1,-2500.00
9.457624,213.6621,-770.976563,1212,852.1875,2500.00,-1,-2500.00
9.458625,216.0352,-768.603516,1208,849.3750,2500.00,-1,-2500.00
9.459625,218.0566,-766.582031,1205,847.2656,2500.00,-1,-2500.00
9.460626,220.3418,-764.296875,1202,845.1562,2500.00,-1,-2500.00
9.461626,222.3633,-762.275391,1198,842.3437,2500.00,-1,-2500.00
9.462627,224.7363,-759.902344,1196,840.9375,2500.00,-1,-2500.00
9.463628,227.0215,-757.617188,1192,838.1250,2500.00,-1,-2500.00
9.464628,229.0430,-755.595703,1189,836.0156,2500.00,-1,-2500.00
9.465629,231.2402,-753.398438,1186,833.9062,2500.00,-1,-2500.00
9.466629,233.4375,-751.201172,1182,831.0937,2500.00,-1,-2500.00
9.467629,235.3711,-749.267578,1179,828.9844,2500.00,-1,-2500.00
9.468630,237.4805,-747.158203,1176,826.8750,2500.00,-1,-2500.00
9.469630,239.4141,-745.224609,1173,824.7656,2500.00,-1,-2500.00
9.470631,241.6113,-743.027344,1170,822.6562,2500.00,-1,-2500.00
9.471631,243.8086,-740.830078,1166,819.8437,2500.00,-1,-2500.00
9.472632,245.7422,-738.896484,1163,817.7344,2500.00,-1,-2500.00
9.473633,247.8516,-736.787109,1160,815.6250,2500.00,-1,-2500.00
9.474633,249.8730,-734.765625,1157,813.5156,2500.00,-1,-2500.00
9.475634,251.7187,-732.919922,1154,811.4062,2500.00,-1,-2500.00
9.476634,254.0039,-730.634766,1150,808.5937,2500.00,-1,-2500.00
9.477634,256.0254,-728.613281,1147,806.4844,2500.00,-1,-2500.00
9.478635,257.9590,-726.679688,1144,804.3750,2500.00,-1,-2500.00
9.479635,260.1562,-724.482422,1141,802.2656,2500.00,-1,-2500.00
9.480636,262.0020,-722.636719,1137,799.4531,2500.00,-1,-2500.00
9.481636,264.1113,-720.527344,1134,797.3437,2500.00,-1,-2500.00
9.482636,266.3086,-718.330078,1131,795.2344,2500.00,-1,-2500.00
9.483637,268.1543,-716.484375,1128,793.1250,2500.00,-1,-2500.00
9.484637,270.2637,-714.375000,1124,790.3125,2500.00,-1,-2500.00
9.485638,272.4609,-712.177734,1121,788.2031,2500.00,-1,-2500.00
9.486638,274.3066,-710.332031,1118,786.0937,2500.00,-1,-2500.00
9.487639,276.5039,-708.134766,1115,783.9844,2500.00,-1,-2500.00
9.488640,278.7012,-705.937500,1112,781.8750,2500.00,-1,-2500.00
9.489640,280.6348,-704.003906,1108,779.0625,2500.00,-1,-2500.00
9.496874,296.2793,-688.359375,1085,762.8906,2500.00,-1,-2500.00
9.497874,298.5645,-686.074219,1082,760.7812,2500.00,-1,-2500.00
9.498875,301.0254,-683.613281,1079,758.6719,2500.00,-1,-2500.00
9.499875,303.1348,-681.503906,1075,755.8594,2500.00,-1,-2500.00
9.500876,305.5957,-679.042969,1072,753.7500,2500.00,-1,-2500.00
9.501877,307.7051,-676.933594,1069,751.6406,2500.00,-1,-2500.00
9.502877,310.0781,-674.560547,1066,749.5312,2500.00,-1,-2500.00
9.503878,312.5391,-672.099609,1063,747.4219,2500.00,-1,-2500.00
9.504878,314.8242,-669.814453,1059,744.6094,2500.00,-1,-2500.00
9.505878,317.2852,-667.353516,1056,742.5000,2500.00,-1,-2500.00
9.506879,319.8340,-664.804688,1053,740.3906,2500.00,-1,-2500.00
9.507879,322.1191,-662.519531,1050,738.2812,2500.00,-1,-2500.00
9.508880,324.6680,-659.970703,1047,736.1719,2500.00,-1,-2500.00
9.509880,327.3047,-657.333984,1043,733.3594,2500.00,-1,-2500.00
9.510881,329.5020,-655.136719,1040,731.2500,2500.00,-1,-2500.00
9.511882,332.1387,-652.500000,1037,729.1406,2500.00,-1,-2500.00
9.512882,334.5117,-650.126953,1034,727.0312,2500.00,-1,-2500.00
9.513883,337.0605,-647.578125,1031,724.9219,2500.00,-1,-2500.00
9.514883,339.6973,-644.941406,1027,722.1094,2500.00,-1,-2500.00
9.515883,341.9824,-642.656250,1024,720.0000,2500.00,-1,-2500.00
9.516884,344.7070,-639.931641,1021,717.8906,2500.00,-1,-2500.00
9.517884,347.2559,-637.382813,1018,715.7812,2500.00,-1,-2500.00
9.518885,349.5410,-635.097656,1015,713.6719,2500.00,-1,-2500.00
9.519885,352.2656,-632.373047,1011,710.8594,2500.00,-1,-2500.00
9.520886,354.9023,-629.736328,1008,708.7500,2500.00,-1,-2500.00
9.521887,357.1875,-627.451172,1005,706.6406,2500.00,-1,-2500.00
9.522887,359.7363,-624.902344,1002,704.5312,2500.00,-1,-2500.00
9.523888,2.1094,-622.529297,999,702.4219,2500.00,-1,-2500.00
9.524888,4.6582,-619.980469,995,699.6094,2500.00,-1,-2500.00
9.525888,7.2070,-617.431641,992,697.5000,2500.00,-1,-2500.00
9.526889,9.4043,-615.234375,989,695.3906,2500.00,-1,-2500.00
9.527889,11.9531,-612.685547,986,693.2812,2500.00,-1,-2500.00
9.528890,14.5020,-610.136719,983,691.1719,2500.00,-1,-2500.00
9.529890,16.6992,-607.939453,980,689.0625,2500.00,-1,-2500.00
9.530891,19.1602,-605.478516,977,686.9531,2500.00,-1,-2500.00
9.531892,21.1816,-603.457031,973,684.1406,2500.00,-1,-2500.00
9.532892,23.7305,-600.908203,970,682.0312,2500.00,-1,-2500.00
9.533893,26.1914,-598.447266,967,679.9219,2500.00,-1,-2500.00
9.534893,28.3008,-596.337891,964,677.8125,2500.00,-1,-2500.00
9.535893,30.6738,-593.964844,961,675.7031,2500.00,-1,-2500.00
9.536894,33.0469,-591.591797,957,672.8906,2500.00,-1,-2500.00
9.537894,34.9805,-589.658203,954,670.7812,2500.00,-1,-2500.00
9.538895,37.3535,-587.285156,951,668.6719,2500.00,-1,-2500.00
9.539895,39.5508,-585.087891,948,666.5625,2500.00,-1,-2500.00
9.540896,41.4844,-583.154297,945,664.4531,2500.00,-1,-2500.00
9.541897,43.6816,-580.957031,941,661.6406,2500.00,-1,-2500.00
9.542897,45.6152,-579.023438,938,659.5312,2500.00,-1,-2500.00
9.543898,47.8125,-576.826172,935,657.4219,2500.00,-1,-2500.00
9.544898,49.9219,-574.716797,932,655.3125,2500.00,-1,-2500.00
9.545898,51.8555,-572.783203,929,653.2031,2500.00,-1,-2500.00
9.553161,66.5332,-558.105469,906,637.0312,2500.00,-1,-2500.00
9.554161,68.2910,-556.347656,902,634.2187,2500.00,-1,-2500.00
9.555162,70.4004,-554.238281,899,632.1094,2500.00,-1,-2500.00
9.556163,72.4219,-552.216797,896,630.0000,2500.00,-1,-2500.00
9.557163,74.1797,-550.458984,893,627.8906,2500.00,-1,-2500.00
9.558164,76.2891,-548.349609,890,625.7812,2500.00,-1,-2500.00
9.559164,78.3105,-546.328125,886,622.9687,2500.00,-1,-2500.00
9.560164,80.1563,-544.482422,883,620.8594,2500.00,-1,-2500.00
9.561165,82.2656,-542.373047,880,618.7500,2500.00,-1,-2500.00
9.562165,84.1992,-540.439453,877,616.6406,2500.00,-1,-2500.00
9.563166,86.2207,-538.417969,874,614.5312,2500.00,-1,-2500.00
9.564166,88.1543,-536.484375,870,611.7187,2500.00,-1,-2500.00
9.565167,90.0000,-534.638672,867,609.6094,2500.00,-1,-2500.00
9.566168,92.1094,-532.529297,864,607.5000,2500.00,-1,-2500.00
9.567168,94.2188,-530.419922,861,605.3906,2500.00,-1,-2500.00
9.568169,96.0645,-528.574219,858,603.2812,2500.00,-1,-2500.00
9.569169,98.1738,-526.464844,854,600.4687,2500.00,-1,-2500.00
9.570169,100.1074,-524.531250,851,598.3594,2500.00,-1,-2500.00
9.571170,102.3047,-522.333984,848,596.2500,2500.00,-1,-2500.00
9.572170,104.5898,-520.048828,845,594.1406,2500.00,-1,-2500.00
9.573171,106.5234,-518.115234,842,592.0312,2500.00,-1,-2500.00
9.574171,108.7207,-515.917969,838,589.2187,2500.00,-1,-2500.00
9.575172,110.9180,-513.720703,835,587.1094,2500.00,-1,-2500.00
9.576173,112.8516,-511.787109,832,585.0000,2500.00,-1,-2500.00
9.577173,115.2246,-509.414062,829,582.8906,2500.00,-1,-2500.00
9.578174,117.5977,-507.041016,826,580.7812,2500.00,-1,-2500.00
9.579174,119.6191,-505.019531,822,577.9687,2500.00,-1,-2500.00
9.580174,121.9043,-502.734375,819,575.8594,2500.00,-1,-2500.00
9.581175,124.0137,-500.625000,816,573.7500,2500.00,-1,-2500.00
9.582175,126.3867,-498.251953,813,571.6406,2500.00,-1,-2500.00
9.583176,128.8477,-495.791016,810,569.5312,2500.00,-1,-2500.00
9.584176,131.0449,-493.593750,806,566.7187,2500.00,-1,-2500.00
9.585177,133.5937,-491.044922,803,564.6094,2500.00,-1,-2500.00
9.586178,135.9668,-488.671875,800,562.5000,2500.00,-1,-2500.00
9.587178,138.1641,-486.474609,797,560.3906,2500.00,-1,-2500.00
9.588179,140.8008,-483.837891,794,558.2812,2500.00,-1,-2500.00
9.589179,143.4375,-481.201172,790,555.4687,2500.00,-1,-2500.00
9.590179,145.6348,-479.003906,787,553.3594,2500.00,-1,-2500.00
9.591180,148.1836,-476.455078,784,551.2500,2500.00,-1,-2500.00
9.592180,150.5566,-474.082031,781,549.1406,2500.00,-1,-2500.00
9.593181,153.1934,-471.445312,778,547.0312,2500.00,-1,-2500.00
9.594181,155.8301,-468.808594,774,544.2187,2500.00,-1,-2500.00
9.595182,158.2031,-466.435547,771,542.1094,2500.00,-1,-2500.00
9.596183,160.8398,-463.798828,768,540.0000,2500.00,-1,-2500.00
9.597183,163.4766,-461.162109,765,537.8906,2500.00,-1,-2500.00
9.598184,165.8496,-458.789062,762,535.7812,2500.00,-1,-2500.00
9.599184,168.4863,-456.152344,758,532.9687,2500.00,-1,-2500.00
9.600184,170.8594,-453.779297,756,531.5625,2500.00,-1,-2500.00
9.601185,173.5840,-451.054687,752,528.7500,2500.00,-1,-2500.00
9.602185,176.2207,-448.417969,749,526.6406,2500.00,-1,-2500.00
9.609386,194.2383,-430.400391,726,510.4687,2500.00,-1,-2500.00
9.610387,196.4355,-428.203125,723,508.3594,2500.00,-1,-2500.00
9.611387,198.9844,-425.654297,720,506.2500,2500.00,-1,-2500.00
9.612388,201.5332,-423.105469,716,503.4375,2500.00,-1,-2500.00
9.613388,203.7305,-420.908203,713,501.3281,2500.00,-1,-2500.00
9.614389,206.1914,-418.447266,710,499.2187,2500.00,-1,-2500.00
9.615390,208.5645,-416.074219,707,497.1094,2500.00,-1,-2500.00
9.616390,210.6738,-413.964844,704,495.0000,2500.00,-1,-2500.00
9.617391,213.1348,-411.503906,700,492.1875,2500.00,-1,-2500.00
9.618391,215.2441,-409.394531,697,490.0781,2500.00,-1,-2500.00
9.619391,217.6172,-407.021484,694,487.9687,2500.00,-1,-2500.00
9.620392,219.9023,-404.736328,691,485.8594,2500.00,-1,-2500.00
9.621392,221.9238,-402.714844,687,483.0469,2500.00,-1,-2500.00
9.622393,224.1211,-400.517578,684,480.9375,2500.00,-1,-2500.00
9.623393,226.4941,-398.144531,681,478.8281,2500.00,-1,-2500.00
9.624394,228.4277,-396.210937,678,476.7187,2500.00,-1,-2500.00
9.625395,230.7129,-393.925781,674,473.9062,2500.00,-1,-2500.00
9.626395,232.6465,-391.992187,671,471.7969,2500.00,-1,-2500.00
9.627396,234.9316,-389.707031,668,469.6875,2500.00,-1,-2500.00
9.628396,237.1289,-387.509766,665,467.5781,2500.00,-1,-2500.00
9.629396,238.8867,-385.751953,662,465.4687,2500.00,-1,-2500.00
9.630397,241.0840,-383.554687,658,462.6562,2500.00,-1,-2500.00
9.631397,243.2812,-381.357422,655,460.5469,2500.00,-1,-2500.00
9.632398,245.1270,-379.511719,652,458.4375,2500.00,-1,-2500.00
9.633398,247.3242,-377.314453,649,456.3281,2500.00,-1,-2500.00
9.634399,249.5215,-375.117187,646,454.2187,2500.00,-1,-2500.00
9.635400,251.3672,-373.271484,642,451.4062,2500.00,-1,-2500.00
9.636400,253.3887,-371.250000,639,449.2969,2500.00,-1,-2500.00
9.637401,255.3223,-369.316406,636,447.1875,2500.00,-1,-2500.00
9.638401,257.4316,-367.207031,632,444.3750,2500.00,-1,-2500.00
9.639401,259.6289,-365.009766,629,442.2656,2500.00,-1,-2500.00
9.640402,261.5625,-363.076172,626,440.1562,2500.00,-1,-2500.00
9.641402,263.7598,-360.878906,623,438.0469,2500.00,-1,-2500.00
9.642403,265.8691,-358.769531,620,435.9375,2500.00,-1,-2500.00
9.643403,267.7148,-356.923828,616,433.1250,2500.00,-1,-2500.00
9.644404,269.8242,-354.814453,613,431.0156,2500.00,-1,-2500.00
9.645405,272.0215,-352.617187,610,428.9062,2500.00,-1,-2500.00
9.646405,273.8672,-350.771484,607,426.7969,2500.00,-1,-2500.00
9.647406,276.0645,-348.574219,603,423.9844,2500.00,-1,-2500.00
9.648406,277.9980,-346.640625,600,421.8750,2500.00,-1,-2500.00
9.649406,280.1953,-344.443359,597,419.7656,2500.00,-1,-2500.00
9.650407,282.4805,-342.158203,594,417.6562,2500.00,-1,-2500.00
9.651407,284.4141,-340.224609,590,414.8437,2500.00,-1,-2500.00
9.652408,286.6113,-338.027344,587,412.7344,2500.00,-1,-2500.00
9.653408,288.8965,-335.742187,584,410.6250,2500.00,-1,-2500.00
9.654409,290.9180,-333.720703,580,407.8125,2500.00,-1,-2500.00
9.655410,293.2031,-331.435547,577,405.7031,2500.00,-1,-2500.00
9.656410,295.3125,-329.326172,574,403.5937,2500.00,-1,-2500.00
9.657411,297.6855,-326.953125,571,401.4844,2500.00,-1,-2500.00
9.658411,299.9707,-324.667969,567,398.6719,2500.00,-1,-2500.00
9.666125,317.9883,-306.650391,543,381.7969,2500.00,-1,-2500.00
9.667126,320.2734,-304.365234,539,378.9844,2500.00,-1,-2500.00
9.668126,322.8223,-301.816406,536,376.8750,2500.00,-1,-2500.00
9.669127,325.0195,-299.619141,533,374.7656,2500.00,-1,-2500.00
9.670127,327.6562,-296.982422,530,372.6562,2500.00,-1,-2500.00
9.671127,330.2930,-294.345703,527,370.5469,2500.00,-1,-2500.00
9.672128,332.5781,-292.060547,523,367.7344,2500.00,-1,-2500.00
9.673128,335.2148,-289.423828,520,365.6250,2500.00,-1,-2500.00
9.674129,337.8516,-286.787109,517,363.5156,2500.00,-1,-2500.00
9.675129,340.1367,-284.501953,514,361.4062,2500.00,-1,-2500.00
9.676129,342.7734,-281.865234,511,359.2969,2500.00,-1,-2500.00
9.677130,345.4102,-279.228516,508,357.1875,2500.00,-1,-2500.00
9.678130,347.6953,-276.943359,504,354.3750,2500.00,-1,-2500.00
9.679131,350.2441,-274.394531,501,352.2656,2500.00,-1,-2500.00
9.680131,352.6172,-272.021484,498,350.1562,2500.00,-1,-2500.00
9.681131,355.2539,-269.384766,495,348.0469,2500.00,-1,-2500.00
9.682132,357.8906,-266.748047,492,345.9375,2500.00,-1,-2500.00
9.683132,0.1758,-264.462891,488,343.1250,2500.00,-1,-2500.00
9.684133,2.8125,-261.826172,485,341.0156,2500.00,-1,-2500.00
9.685133,5.4492,-259.189453,482,338.9062,2500.00,-1,-2500.00
9.686133,7.6465,-256.992187,479,336.7969,2500.00,-1,-2500.00
9.687134,10.1953,-254.443359,476,334.6875,2500.00,-1,-2500.00
9.688134,12.3926,-252.246094,473,332.5781,2500.00,-1,-2500.00
9.689135,14.8535,-249.785156,469,329.7656,2500.00,-1,-2500.00
9.690135,17.4023,-247.236328,466,327.6562,2500.00,-1,-2500.00
9.691135,19.5996,-245.039062,463,325.5469,2500.00,-1,-2500.00
9.692136,22.0605,-242.578125,460,323.4375,2500.00,-1,-2500.00
9.693136,24.6094,-240.029297,457,321.3281,2500.00,-1,-2500.00
9.694137,26.6309,-238.007812,454,319.2187,2500.00,-1,-2500.00
9.695137,29.0039,-235.634766,450,316.4062,2500.00,-1,-2500.00
9.696137,31.3770,-233.261719,447,314.2969,2500.00,-1,-2500.00
9.697138,33.3984,-231.240234,444,312.1875,2500.00,-1,-2500.00
9.698138,35.5957,-229.042969,441,310.0781,2500.00,-1,-2500.00
9.699139,37.5293,-227.109375,438,307.9687,2500.00,-1,-2500.00
9.700139,39.9023,-224.736328,435,305.8594,2500.00,-1,-2500.00
9.701139,42.0996,-222.539062,431,303.0469,2500.00,-1,-2500.00
9.702140,44.0332,-220.605469,428,300.9375,2500.00,-1,-2500.00
9.703140,46.2305,-218.408203,425,298.8281,2500.00,-1,-2500.00
9.704141,48.4277,-216.210937,422,296.7187,2500.00,-1,-2500.00
9.705141,50.2734,-214.365234,419,294.6094,2500.00,-1,-2500.00
9.706142,52.3828,-212.255859,415,291.7969,2500.00,-1,-2500.00
9.707143,54.5801,-210.058594,412,289.6875,2500.00,-1,-2500.00
9.708143,56.4258,-208.212891,409,287.5781,2500.00,-1,-2500.00
9.709144,58.5352,-206.103516,406,285.4687,2500.00,-1,-2500.00
9.710144,60.2930,-204.345703,403,283.3594,2500.00,-1,-2500.00
9.711144,62.4023,-202.236328,399,280.5469,2500.00,-1,-2500.00
9.712145,64.5996,-200.039062,396,278.4375,2500.00,-1,-2500.00
9.713145,66.3574,-198.281250,393,276.3281,2500.00,-1,-2500.00
9.714146,68.3789,-196.259766,390,274.2187,2500.00,-1,-2500.00
9.715146,70.4883,-194.150391,387,272.1094,2500.00,-1,-2500.00
9.722360,84.6387,-180.000000,364,255.9375,2500.00,-1,-2500.00
9.723360,86.4844,-178.154297,360,253.1250,2500.00,-1,-2500.00
9.724361,88.5059,-176.132812,358,251.7187,2500.00,-1,-2500.00
9.725362,90.6152,-174.023437,354,248.9062,2500.00,-1,-2500.00
9.726362,92.4609,-172.177734,351,246.7969,2500.00,-1,-2500.00
9.727363,94.6582,-169.980469,348,244.6875,2500.00,-1,-2500.00
9.728363,96.5039,-168.134766,344,241.8750,2500.00,-1,-2500.00
9.729363,98.5254,-166.113281,342,240.4687,2500.00,-1,-2500.00
9.730364,100.7227,-163.916016,338,237.6562,2500.00,-1,-2500.00
9.731364,102.6563,-161.982422,335,235.5469,2500.00,-1,-2500.00
9.732365,104.8535,-159.785156,332,233.4375,2500.00,-1,-2500.00
9.733365,107.0508,-157.587891,328,230.6250,2500.00,-1,-2500.00
9.734366,108.9844,-155.654297,326,229.2187,2500.00,-1,-2500.00
9.735367,111.2695,-153.369141,322,226.4062,2500.00,-1,-2500.00
9.736367,113.2031,-151.435547,319,224.2969,2500.00,-1,-2500.00
9.737368,115.5762,-149.062500,316,222.1875,2500.00,-1,-2500.00
9.738368,117.9492,-146.689453,312,219.3750,2500.00,-1,-2500.00
9.739368,119.9707,-144.667969,310,217.9687,2500.00,-1,-2500.00
9.740369,122.3438,-142.294922,306,215.1562,2500.00,-1,-2500.00
9.741369,124.8047,-139.833984,303,213.0469,2500.00,-1,-2500.00
9.742370,126.8262,-137.812500,300,210.9375,2500.00,-1,-2500.00
9.743370,129.2871,-135.351562,296,208.1250,2500.00,-1,-2500.00
9.744371,131.8359,-132.802734,294,206.7187,2500.00,-1,-2500.00
9.745372,133.9453,-130.693359,290,203.9062,2500.00,-1,-2500.00
9.746372,136.4941,-128.144531,287,201.7969,2500.00,-1,-2500.00
9.747373,138.6914,-125.947266,284,199.6875,2500.00,-1,-2500.00
9.748373,141.2402,-123.398437,281,197.5781,2500.00,-1,-2500.00
9.749373,143.7012,-120.937500,278,195.4687,2500.00,-1,-2500.00
9.750374,145.9863,-118.652344,274,192.6562,2500.00,-1,-2500.00
9.751374,148.7109,-115.927734,271,190.5469,2500.00,-1,-2500.00
9.752375,151.3477,-113.291016,268,188.4375,2500.00,-1,-2500.00
9.753375,153.5449,-111.093750,265,186.3281,2500.00,-1,-2500.00
9.754376,156.1816,-108.457031,262,184.2187,2500.00,-1,-2500.00
9.755377,158.9062,-105.732422,258,181.4062,2500.00,-1,-2500.00
9.756377,161.2793,-103.359375,256,180.0000,2500.00,-1,-2500.00
9.757378,164.0039,-100.634766,252,177.1875,2500.00,-1,-2500.00
9.758378,166.2891,-98.349609,249,175.0781,2500.00,-1,-2500.00
9.759378,168.8379,-95.800781,246,172.9687,2500.00,-1,-2500.00
9.760379,171.5625,-93.076172,243,170.8594,2500.00,-1,-2500.00
9.761379,173.8477,-90.791016,240,168.7500,2500.00,-1,-2500.00
9.762380,176.4844,-88.154297,236,165.9375,2500.00,-1,-2500.00
9.763380,179.2969,-85.341797,233,163.8281,2500.00,-1,-2500.00
9.764381,181.6699,-82.968750,230,161.7187,2500.00,-1,-2500.00
9.765382,184.2187,-80.419922,227,159.6094,2500.00,-1,-2500.00
9.766382,186.5039,-78.134766,224,157.5000,2500.00,-1,-2500.00
9.767383,189.1406,-75.498047,220,154.6875,2500.00,-1,-2500.00
9.768383,191.6895,-72.949219,217,152.5781,2500.00,-1,-2500.00
9.769383,193.9746,-70.664062,214,150.4687,2500.00,-1,-2500.00
9.770384,196.6113,-68.027344,211,148.3594,2500.00,-1,-2500.00
9.771384,199.1602,-65.478516,208,146.2500,2500.00,-1,-2500.00
9.778622,215.8594,-48.779297,184,129.3750,2500.00,-1,-2500.00
9.779622,217.9687,-46.669922,181,127.2656,2500.00,-1,-2500.00
9.780623,220.2539,-44.384766,178,125.1563,2500.00,-1,-2500.00
9.781624,222.5391,-42.099609,175,123.0469,2500.00,-1,-2500.00
9.782624,224.5605,-40.078125,172,120.9375,2500.00,-1,-2500.00
9.783625,226.8457,-37.792969,168,118.1250,2500.00,-1,-2500.00
9.784625,229.1309,-35.507812,165,116.0156,2500.00,-1,-2500.00
9.785626,231.0645,-33.574219,162,113.9063,2500.00,-1,-2500.00
9.786627,233.3496,-31.289062,159,111.7969,2500.00,-1,-2500.00
9.787627,235.4590,-29.179687,156,109.6875,2500.00,-1,-2500.00
9.788628,237.3926,-27.246094,152,106.8750,2500.00,-1,-2500.00
9.789628,239.5020,-25.136719,149,104.7656,2500.00,-1,-2500.00
9.790628,241.4355,-23.203125,146,102.6563,2500.00,-1,-2500.00
9.791629,243.7207,-20.917969,142,99.8438,2500.00,-1,-2500.00
9.792629,245.9180,-18.720703,139,97.7344,2500.00,-1,-2500.00
9.793630,247.6758,-16.962891,136,95.6250,2500.00,-1,-2500.00
9.794630,249.8730,-14.765625,133,93.5156,2500.00,-1,-2500.00
9.795631,251.9824,-12.656250,130,91.4063,2500.00,-1,-2500.00
9.796632,253.9160,-10.722656,126,88.5938,2500.00,-1,-2500.00
9.797632,256.0254,-8.613281,123,86.4844,2500.00,-1,-2500.00
9.798633,258.0469,-6.591797,120,84.3750,2500.00,-1,-2500.00
9.799633,259.9805,-4.658203,117,82.2656,2500.00,-1,-2500.00
9.800633,262.1777,-2.460938,114,80.1563,0.00,1,0.00
9.801634,263.9355,-0.703125,112,78.7500,0.00,1,0.00
9.802634,265.0781,0.439453,113,79.4531,0.00,1,0.00
9.803635,264.4629,-0.175781,115,80.8594,0.00,1,0.00
9.804635,263.3203,-1.318359,115,80.8594,0.00,1,0.00
9.805636,263.4082,-1.230469,112,78.7500,0.00,1,0.00
9.806637,264.5508,-0.087891,111,78.0469,0.00,1,0.00
9.807637,264.9902,0.351563,112,78.7500,0.00,1,0.00
9.808638,264.4629,-0.175781,113,79.4531,0.00,1,0.00
9.809638,263.5840,-1.054688,113,79.4531,0.00,1,0.00
9.810638,263.3203,-1.318359,111,78.0469,0.00,1,0.00
9.811639,264.0234,-0.615234,110,77.3438,0.00,1,0.00
9.812639,264.5508,-0.087891,110,77.3438,0.00,1,0.00
9.813640,264.4629,-0.175781,112,78.7500,0.00,1,0.00
9.814640,263.8477,-0.791016,112,78.7500,0.00,1,0.00
9.815640,263.5840,-1.054688,112,78.7500,0.00,1,0.00
9.816641,263.8477,-0.791016,111,78.0469,0.00,1,0.00
9.817641,264.3750,-0.263672,111,78.0469,0.00,1,0.00
9.818642,264.3750,-0.263672,111,78.0469,0.00,1,0.00
9.819642,264.0234,-0.615234,112,78.7500,0.00,1,0.00
9.820643,263.7598,-0.878906,111,78.0469,0.00,1,0.00
9.821644,263.9355,-0.703125,111,78.0469,0.00,1,0.00
9.822644,264.2871,-0.351563,111,78.0469,0.00,1,0.00
9.823645,264.2871,-0.351563,111,78.0469,0.00,1,0.00
9.824645,264.0234,-0.615234,112,78.7500,0.00,1,0.00
9.825645,263.9355,-0.703125,111,78.0469,0.00,1,0.00
9.826646,264.0234,-0.615234,111,78.0469,0.00,1,0.00
9.827646,264.1113,-0.527344,111,78.0469,0.00,1,0.00
9.834906,263.9355,-0.703125,111,78.0469,0.00,1,0.00
9.835906,264.1113,-0.527344,111,78.0469,0.00,1,0.00
9.836906,264.1992,-0.439453,111,78.0469,0.00,1,0.00
9.837907,264.1113,-0.527344,111,78.0469,0.00,1,0.00
9.838907,263.9355,-0.703125,111,78.0469,0.00,1,0.00
9.839908,263.9355,-0.703125,111,78.0469,0.00,1,0.00
9.840908,264.0234,-0.615234,111,78.0469,0.00,1,0.00
9.841909,264.0234,-0.615234,111,78.0469,0.00,1,0.00
9.842910,264.0234,-0.615234,111,78.0469,0.00,1,0.00
9.843910,264.0234,-0.615234,111,78.0469,0.00,1,0.00
9.844911,264.0234,-0.615234,111,78.0469,0.00,1,0.00
9.845911,264.1113,-0.527344,111,78.0469,0.00,1,0.00
9.846911,264.1113,-0.527344,111,78.0469,0.00,1,0.00
9.847912,264.0234,-0.615234,111,78.0469,0.00,1,0.00
9.848912,264.0234,-0.615234,111,78.0469,0.00,1,0.00
9.849913,264.1113,-0.527344,111,78.0469,0.00,1,0.00
9.850913,264.0234,-0.615234,111,78.0469,0.00,1,0.00
9.851914,264.0234,-0.615234,111,78.0469,0.00,1,0.00
9.852915,264.0234,-0.615234,111,78.0469,0.00,1,0.00
9.853915,264.0234,-0.615234,111,78.0469,0.00,1,0.00
9.854916,263.9355,-0.703125,111,78.0469,0.00,1,0.00
9.855916,264.0234,-0.615234,111,78.0469,0.00,1,0.00
9.856916,264.1113,-0.527344,111,78.0469,0.00,1,0.00
9.857917,264.0234,-0.615234,111,78.0469,0.00,1,0.00
9.858917,263.9355,-0.703125,111,78.0469,0.00,1,0.00
9.859918,264.0234,-0.615234,111,78.0469,0.00,1,0.00
9.860918,264.0234,-0.615234,111,78.0469,0.00,1,0.00
9.861918,264.0234,-0.615234,111,78.0469,0.00,1,0.00
9.862919,264.0234,-0.615234,111,78.0469,0.00,1,0.00
9.863919,264.0234,-0.615234,111,78.0469,0.00,1,0.00
9.864920,264.0234,-0.615234,111,78.0469,0.00,1,0.00
9.865920,264.0234,-0.615234,111,78.0469,0.00,1,0.00
9.866921,264.0234,-0.615234,111,78.0469,0.00,1,0.00
9.867922,264.0234,-0.615234,111,78.0469,0.00,1,0.00
9.868922,264.1113,-0.527344,111,78.0469,0.00,1,0.00
9.869923,264.0234,-0.615234,111,78.0469,0.00,1,0.00
9.870923,264.0234,-0.615234,111,78.0469,0.00,1,0.00
9.871923,264.0234,-0.615234,111,78.0469,0.00,1,0.00
9.872924,264.0234,-0.615234,111,78.0469,0.00,1,0.00
9.873924,264.0234,-0.615234,111,78.0469,0.00,1,0.00
9.874925,264.0234,-0.615234,111,78.0469,0.00,1,0.00
9.875925,264.0234,-0.615234,111,78.0469,0.00,1,0.00
9.876926,263.9355,-0.703125,111,78.0469,0.00,1,0.00
9.877927,263.9355,-0.703125,111,78.0469,0.00,1,0.00
9.878927,264.0234,-0.615234,111,78.0469,0.00,1,0.00
9.879928,264.0234,-0.615234,111,78.0469,0.00,1,0.00
9.880928,264.0234,-0.615234,111,78.0469,0.00,1,0.00
9.881928,264.0234,-0.615234,111,78.0469,0.00,1,0.00
9.882929,264.0234,-0.615234,111,78.0469,0.00,1,0.00
9.883929,264.0234,-0.615234,111,78.0469,0.00,1,0.00
9.891189,264.0234,-0.615234,111,78.0469,0.00,1,0.00
9.892189,264.0234,-0.615234,111,78.0469,0.00,1,0.00
9.893189,264.0234,-0.615234,111,78.0469,0.00,1,0.00
9.894190,264.1113,-0.527344,111,78.0469,0.00,1,0.00
9.895190,264.0234,-0.615234,111,78.0469,0.00,1,0.00
9.896191,263.9355,-0.703125,111,78.0469,0.00,1,0.00
9.897191,264.0234,-0.615234,111,78.0469,0.00,1,0.00
9.898192,264.1113,-0.527344,111,78.0469,0.00,1,0.00
9.899193,264.1113,-0.527344,111,78.0469,0.00,1,0.00
9.900193,264.0234,-0.615234,111,78.0469,0.00,1,0.00
9.901194,264.0234,-0.615234,111,78.0469,0.00,1,0.00
9.902194,264.0234,-0.615234,111,78.0469,0.00,1,0.00
9.903194,264.0234,-0.615234,111,78.0469,0.00,1,0.00
9.904195,264.0234,-0.615234,111,78.0469,0.00,1,0.00
9.905195,264.0234,-0.615234,111,78.0469,0.00,1,0.00
9.906196,264.0234,-0.615234,111,78.0469,0.00,1,0.00
9.907196,264.0234,-0.615234,111,78.0469,0.00,1,0.00
9.908196,264.0234,-0.615234,111,78.0469,0.00,1,0.00
9.909197,264.0234,-0.615234,111,78.0469,0.00,1,0.00
9.910197,264.0234,-0.615234,111,78.0469,0.00,1,0.00
9.911198,264.1113,-0.527344,111,78.0469,0.00,1,0.00
9.912198,264.0234,-0.615234,111,78.0469,0.00,1,0.00
9.913199,263.9355,-0.703125,111,78.0469,0.00,1,0.00
9.914200,263.9355,-0.703125,111,78.0469,0.00,1,0.00
9.915200,264.0234,-0.615234,111,78.0469,0.00,1,0.00
9.916201,264.1113,-0.527344,111,78.0469,0.00,1,0.00
9.917201,264.0234,-0.615234,111,78.0469,0.00,1,0.00
9.918201,264.0234,-0.615234,111,78.0469,0.00,1,0.00
9.919202,264.0234,-0.615234,111,78.0469,0.00,1,0.00
9.920202,264.1113,-0.527344,111,78.0469,0.00,1,0.00
9.921203,264.0234,-0.615234,111,78.0469,0.00,1,0.00
9.922203,264.0234,-0.615234,111,78.0469,0.00,1,0.00
9.923204,264.0234,-0.615234,111,78.0469,0.00,1,0.00
9.924205,264.0234,-0.615234,111,78.0469,0.00,1,0.00
9.925205,264.0234,-0.615234,111,78.0469,0.00,1,0.00
9.926206,264.1113,-0.527344,111,78.0469,0.00,1,0.00
9.927206,264.1113,-0.527344,111,78.0469,0.00,1,0.00
9.928206,264.0234,-0.615234,111,78.0469,0.00,1,0.00
9.929207,264.0234,-0.615234,111,78.0469,0.00,1,0.00
9.930207,264.0234,-0.615234,111,78.0469,0.00,1,0.00
9.931208,264.1113,-0.527344,111,78.0469,0.00,1,0.00
9.932208,264.0234,-0.615234,111,78.0469,0.00,1,0.00
9.933209,264.0234,-0.615234,111,78.0469,0.00,1,0.00
9.934210,264.0234,-0.615234,111,78.0469,0.00,1,0.00
9.935210,264.0234,-0.615234,111,78.0469,0.00,1,0.00
9.936211,264.0234,-0.615234,111,78.0469,0.00,1,0.00
9.937211,264.0234,-0.615234,111,78.0469,0.00,1,0.00
9.938211,264.0234,-0.615234,111,78.0469,0.00,1,0.00
9.939212,264.0234,-0.615234,111,78.0469,0.00,1,0.00
9.940212,264.0234,-0.615234,111,78.0469,0.00,1,0.00
9.947928,264.0234,-0.615234,111,78.0469,0.00,1,0.00
9.948929,264.0234,-0.615234,111,78.0469,0.00,1,0.00
9.949929,264.0234,-0.615234,111,78.0469,0.00,1,0.00
9.950930,264.0234,-0.615234,111,78.0469,0.00,1,0.00
9.951930,264.0234,-0.615234,111,78.0469,0.00,1,0.00
9.952930,264.0234,-0.615234,111,78.0469,0.00,1,0.00
9.953931,264.0234,-0.615234,111,78.0469,0.00,1,0.00
9.954931,264.0234,-0.615234,111,78.0469,0.00,1,0.00
9.955932,264.0234,-0.615234,111,78.0469,0.00,1,0.00
9.956932,264.0234,-0.615234,111,78.0469,0.00,1,0.00
9.957933,264.0234,-0.615234,111,78.0469,0.00,1,0.00
9.958934,264.1113,-0.527344,111,78.0469,0.00,1,0.00
9.959934,264.0234,-0.615234,111,78.0469,0.00,1,0.00
9.960935,264.0234,-0.615234,111,78.0469,0.00,1,0.00
9.961935,263.9355,-0.703125,111,78.0469,0.00,1,0.00
9.962935,264.0234,-0.615234,111,78.0469,0.00,1,0.00
9.963936,264.0234,-0.615234,111,78.0469,0.00,1,0.00
9.964936,264.0234,-0.615234,111,78.0469,0.00,1,0.00
9.965937,264.1113,-0.527344,111,78.0469,0.00,1,0.00
9.966937,264.0234,-0.615234,111,78.0469,0.00,1,0.00
9.967938,264.0234,-0.615234,111,78.0469,0.00,1,0.00
9.968939,263.9355,-0.703125,111,78.0469,0.00,1,0.00
9.969939,264.0234,-0.615234,111,78.0469,0.00,1,0.00
9.970940,264.1113,-0.527344,111,78.0469,0.00,1,0.00
9.971940,264.1113,-0.527344,111,78.0469,0.00,1,0.00
9.972940,264.1113,-0.527344,111,78.0469,0.00,1,0.00
9.973941,264.1113,-0.527344,111,78.0469,0.00,1,0.00
9.974941,264.1113,-0.527344,111,78.0469,0.00,1,0.00
9.975942,264.0234,-0.615234,111,78.0469,0.00,1,0.00
9.976942,264.0234,-0.615234,111,78.0469,0.00,1,0.00
9.977943,264.0234,-0.615234,111,78.0469,0.00,1,0.00
9.978944,264.0234,-0.615234,111,78.0469,0.00,1,0.00
9.979944,264.0234,-0.615234,111,78.0469,0.00,1,0.00
9.980945,264.0234,-0.615234,111,78.0469,0.00,1,0.00
9.981945,263.9355,-0.703125,111,78.0469,0.00,1,0.00
9.982945,263.9355,-0.703125,111,78.0469,0.00,1,0.00
9.983946,264.0234,-0.615234,111,78.0469,0.00,1,0.00
9.984946,264.0234,-0.615234,111,78.0469,0.00,1,0.00
9.985947,264.0234,-0.615234,111,78.0469,0.00,1,0.00
9.986947,264.0234,-0.615234,111,78.0469,0.00,1,0.00
9.987948,264.0234,-0.615234,111,78.0469,0.00,1,0.00
9.988949,264.0234,-0.615234,111,78.0469,0.00,1,0.00
9.989949,264.0234,-0.615234,111,78.0469,0.00,1,0.00
9.990950,264.0234,-0.615234,111,78.0469,0.00,1,0.00
9.991950,264.0234,-0.615234,111,78.0469,0.00,1,0.00
9.992950,264.0234,-0.615234,111,78.0469,0.00,1,0.00
9.993951,263.9355,-0.703125,111,78.0469,0.00,1,0.00
9.994951,264.0234,-0.615234,111,78.0469,0.00,1,0.00
9.995952,264.0234,-0.615234,111,78.0469,0.00,1,0.00
9.996952,264.0234,-0.615234,111,78.0469,0.00,1,0.00
10.004165,264.0234,-0.615234,111,78.0469,0.00,1,0.00
10.005165,264.0234,-0.615234,111,78.0469,0.00,1,0.00
10.006166,264.0234,-0.615234,111,78.0469,0.00,1,0.00
10.007166,264.0234,-0.615234,111,78.0469,0.00,1,0.00
10.008166,264.0234,-0.615234,111,78.0469,0.00,1,0.00
10.009167,264.0234,-0.615234,111,78.0469,0.00,1,0.00
10.010167,264.0234,-0.615234,111,78.0469,0.00,1,0.00
10.011168,264.0234,-0.615234,111,78.0469,0.00,1,0.00
10.012168,264.0234,-0.615234,111,78.0469,0.00,1,0.00
10.013168,264.0234,-0.615234,111,78.0469,0.00,1,0.00
10.014169,263.9355,-0.703125,111,78.0469,0.00,1,0.00
10.015169,264.0234,-0.615234,111,78.0469,0.00,1,0.00
10.016170,264.0234,-0.615234,111,78.0469,0.00,1,0.00
10.017170,264.0234,-0.615234,111,78.0469,0.00,1,0.00
10.018170,264.0234,-0.615234,111,78.0469,0.00,1,0.00
10.019171,264.0234,-0.615234,111,78.0469,0.00,1,0.00
10.020171,264.0234,-0.615234,111,78.0469,0.00,1,0.00
10.021172,264.0234,-0.615234,111,78.0469,0.00,1,0.00
10.022172,264.0234,-0.615234,111,78.0469,0.00,1,0.00
10.023172,264.0234,-0.615234,111,78.0469,0.00,1,0.00
10.024173,264.0234,-0.615234,111,78.0469,0.00,1,0.00
10.025173,264.0234,-0.615234,111,78.0469,0.00,1,0.00
10.026174,264.0234,-0.615234,111,78.0469,0.00,1,0.00
10.027174,264.0234,-0.615234,111,78.0469,0.00,1,0.00
10.028174,263.9355,-0.703125,111,78.0469,0.00,1,0.00
10.029175,263.9355,-0.703125,111,78.0469,0.00,1,0.00
10.030175,264.0234,-0.615234,111,78.0469,0.00,1,0.00
10.031176,264.0234,-0.615234,111,78.0469,0.00,1,0.00
10.032176,264.0234,-0.615234,111,78.0469,0.00,1,0.00
10.033176,264.0234,-0.615234,111,78.0469,0.00,1,0.00
10.034177,264.1113,-0.527344,111,78.0469,0.00,1,0.00
10.035177,264.1113,-0.527344,111,78.0469,0.00,1,0.00
10.036178,264.1113,-0.527344,111,78.0469,0.00,1,0.00
10.037178,264.0234,-0.615234,111,78.0469,0.00,1,0.00
10.038178,264.0234,-0.615234,111,78.0469,0.00,1,0.00
10.039179,264.0234,-0.615234,111,78.0469,0.00,1,0.00
10.040179,264.0234,-0.615234,111,78.0469,0.00,1,0.00
10.041180,264.1113,-0.527344,111,78.0469,0.00,1,0.00
10.042180,264.0234,-0.615234,111,78.0469,0.00,1,0.00
10.043181,264.0234,-0.615234,111,78.0469,0.00,1,0.00
10.044182,264.0234,-0.615234,111,78.0469,0.00,1,0.00
10.045182,264.1113,-0.527344,111,78.0469,0.00,1,0.00
10.046183,264.0234,-0.615234,111,78.0469,0.00,1,0.00
10.047183,264.1113,-0.527344,111,78.0469,0.00,1,0.00
10.048183,264.1113,-0.527344,111,78.0469,0.00,1,0.00
10.049184,264.1113,-0.527344,111,78.0469,0.00,1,0.00
10.050184,264.0234,-0.615234,111,78.0469,0.00,1,0.00
10.051185,264.0234,-0.615234,111,78.0469,0.00,1,0.00
10.052185,264.0234,-0.615234,111,78.0469,0.00,1,0.00
10.053186,263.9355,-0.703125,111,78.0469,0.00,1,0.00
10.060400,264.1113,-0.527344,111,78.0469,0.00,1,0.00
10.061400,264.1113,-0.527344,111,78.0469,0.00,1,0.00
10.062401,264.1113,-0.527344,111,78.0469,0.00,1,0.00
10.063401,264.1113,-0.527344,111,78.0469,0.00,1,0.00
10.064402,264.0234,-0.615234,111,78.0469,0.00,1,0.00
10.065402,264.0234,-0.615234,111,78.0469,0.00,1,0.00
10.066402,264.1113,-0.527344,111,78.0469,0.00,1,0.00
10.067403,264.0234,-0.615234,111,78.0469,0.00,1,0.00
10.068403,264.0234,-0.615234,111,78.0469,0.00,1,0.00
10.069404,264.0234,-0.615234,111,78.0469,0.00,1,0.00
10.070404,264.0234,-0.615234,111,78.0469,0.00,1,0.00
10.071405,264.0234,-0.615234,111,78.0469,0.00,1,0.00
10.072406,264.0234,-0.615234,111,78.0469,0.00,1,0.00
10.073406,264.0234,-0.615234,111,78.0469,0.00,1,0.00
10.074407,264.0234,-0.615234,111,78.0469,0.00,1,0.00
10.075407,264.0234,-0.615234,111,78.0469,0.00,1,0.00
10.076407,264.0234,-0.615234,111,78.0469,0.00,1,0.00
10.077408,264.0234,-0.615234,111,78.0469,0.00,1,0.00
10.078408,264.1113,-0.527344,111,78.0469,0.00,1,0.00
10.079409,264.0234,-0.615234,111,78.0469,0.00,1,0.00
10.080409,264.0234,-0.615234,111,78.0469,0.00,1,0.00
10.081410,264.0234,-0.615234,111,78.0469,0.00,1,0.00
10.082411,264.0234,-0.615234,111,78.0469,0.00,1,0.00
10.083411,264.0234,-0.615234,111,78.0469,0.00,1,0.00
10.084412,264.0234,-0.615234,111,78.0469,0.00,1,0.00
10.085412,264.0234,-0.615234,111,78.0469,0.00,1,0.00
10.086412,264.0234,-0.615234,111,78.0469,0.00,1,0.00
10.087413,264.0234,-0.615234,111,78.0469,0.00,1,0.00
10.088413,264.1113,-0.527344,111,78.0469,0.00,1,0.00
10.089414,264.1113,-0.527344,111,78.0469,0.00,1,0.00
10.090414,264.0234,-0.615234,111,78.0469,0.00,1,0.00
10.091415,264.0234,-0.615234,111,78.0469,0.00,1,0.00
10.092416,264.0234,-0.615234,111,78.0469,0.00,1,0.00
10.093416,263.9355,-0.703125,111,78.0469,0.00,1,0.00
10.094417,264.0234,-0.615234,111,78.0469,0.00,1,0.00
10.095417,264.0234,-0.615234,111,78.0469,0.00,1,0.00
10.096417,264.0234,-0.615234,111,78.0469,0.00,1,0.00
10.097418,264.0234,-0.615234,111,78.0469,0.00,1,0.00
10.098418,264.0234,-0.615234,111,78.0469,0.00,1,0.00
10.099419,264.0234,-0.615234,111,78.0469,0.00,1,0.00
10.100419,264.0234,-0.615234,111,78.0469,0.00,1,0.00
10.101419,264.0234,-0.615234,111,78.0469,0.00,1,0.00
10.102420,264.0234,-0.615234,111,78.0469,0.00,1,0.00
10.103420,264.0234,-0.615234,111,78.0469,0.00,1,0.00
10.104421,264.1113,-0.527344,111,78.0469,0.00,1,0.00
10.105421,264.0234,-0.615234,111,78.0469,0.00,1,0.00
10.106422,264.0234,-0.615234,111,78.0469,0.00,1,0.00
10.107423,264.0234,-0.615234,111,78.0469,0.00,1,0.00
10.108423,264.1113,-0.527344,111,78.0469,0.00,1,0.00
10.109424,264.1113,-0.527344,111,78.0469,0.00,1,0.00
10.116662,264.0234,-0.615234,111,78.0469,0.00,1,0.00
10.117662,264.0234,-0.615234,111,78.0469,0.00,1,0.00
10.118663,264.0234,-0.615234,111,78.0469,0.00,1,0.00
10.119663,264.1113,-0.527344,111,78.0469,0.00,1,0.00
10.120664,264.0234,-0.615234,111,78.0469,0.00,1,0.00
10.121664,264.0234,-0.615234,111,78.0469,0.00,1,0.00
10.122665,264.1113,-0.527344,111,78.0469,0.00,1,0.00
10.123666,264.0234,-0.615234,111,78.0469,0.00,1,0.00
10.124666,263.9355,-0.703125,111,78.0469,0.00,1,0.00
10.125667,264.0234,-0.615234,111,78.0469,0.00,1,0.00
10.126667,264.0234,-0.615234,111,78.0469,0.00,1,0.00
10.127667,264.1113,-0.527344,111,78.0469,0.00,1,0.00
10.128668,264.0234,-0.615234,111,78.0469,0.00,1,0.00
10.129668,264.0234,-0.615234,111,78.0469,0.00,1,0.00
10.130669,264.0234,-0.615234,111,78.0469,0.00,1,0.00
10.131669,264.0234,-0.615234,111,78.0469,0.00,1,0.00
10.132669,264.0234,-0.615234,111,78.0469,0.00,1,0.00
10.133670,264.0234,-0.615234,111,78.0469,0.00,1,0.00
10.134670,264.0234,-0.615234,111,78.0469,0.00,1,0.00
10.135671,264.0234,-0.615234,111,78.0469,0.00,1,0.00
10.136671,264.0234,-0.615234,111,78.0469,0.00,1,0.00
10.137672,264.0234,-0.615234,111,78.0469,0.00,1,0.00
10.138673,263.9355,-0.703125,111,78.0469,0.00,1,0.00
10.139673,263.9355,-0.703125,111,78.0469,0.00,1,0.00
10.140674,264.0234,-0.615234,111,78.0469,0.00,1,0.00
10.141674,264.0234,-0.615234,111,78.0469,0.00,1,0.00
10.142674,264.0234,-0.615234,111,78.0469,0.00,1,0.00
10.143675,264.0234,-0.615234,111,78.0469,0.00,1,0.00
10.144675,264.0234,-0.615234,111,78.0469,0.00,1,0.00
10.145676,264.0234,-0.615234,111,78.0469,0.00,1,0.00
10.146676,264.1113,-0.527344,111,78.0469,0.00,1,0.00
10.147677,264.1113,-0.527344,111,78.0469,0.00,1,0.00
10.148678,264.1113,-0.527344,111,78.0469,0.00,1,0.00
10.149678,264.0234,-0.615234,111,78.0469,0.00,1,0.00
10.150679,263.9355,-0.703125,111,78.0469,0.00,1,0.00
10.151679,263.9355,-0.703125,111,78.0469,0.00,1,0.00
10.152679,264.0234,-0.615234,111,78.0469,0.00,1,0.00
10.153680,264.0234,-0.615234,111,78.0469,0.00,1,0.00
10.154680,264.0234,-0.615234,111,78.0469,0.00,1,0.00
10.155681,264.0234,-0.615234,111,78.0469,0.00,1,0.00
10.156681,264.0234,-0.615234,111,78.0469,0.00,1,0.00
10.157682,264.0234,-0.615234,111,78.0469,0.00,1,0.00
10.158683,263.9355,-0.703125,111,78.0469,0.00,1,0.00
10.159683,264.0234,-0.615234,111,78.0469,0.00,1,0.00
10.160684,264.0234,-0.615234,111,78.0469,0.00,1,0.00
10.161684,264.1113,-0.527344,111,78.0469,0.00,1,0.00
10.162684,264.0234,-0.615234,111,78.0469,0.00,1,0.00
10.163685,264.0234,-0.615234,111,78.0469,0.00,1,0.00
10.164685,264.0234,-0.615234,111,78.0469,0.00,1,0.00
10.165686,264.0234,-0.615234,111,78.0469,0.00,1,0.00
10.172944,264.1113,-0.527344,111,78.0469,0.00,1,0.00
10.173945,264.1113,-0.527344,111,78.0469,0.00,1,0.00
10.174946,264.0234,-0.615234,111,78.0469,0.00,1,0.00
10.175946,264.0234,-0.615234,111,78.0469,0.00,1,0.00
10.176947,264.0234,-0.615234,111,78.0469,0.00,1,0.00
10.177947,264.0234,-0.615234,111,78.0469,0.00,1,0.00
10.178947,263.9355,-0.703125,111,78.0469,0.00,1,0.00
10.179948,263.9355,-0.703125,111,78.0469,0.00,1,0.00
10.180948,263.9355,-0.703125,111,78.0469,0.00,1,0.00
10.181949,264.0234,-0.615234,111,78.0469,0.00,1,0.00
10.182949,264.0234,-0.615234,111,78.0469,0.00,1,0.00
10.183950,263.9355,-0.703125,111,78.0469,0.00,1,0.00
10.184951,263.9355,-0.703125,111,78.0469,0.00,1,0.00
10.185951,264.0234,-0.615234,111,78.0469,0.00,1,0.00
10.186952,264.0234,-0.615234,111,78.0469,0.00,1,0.00
10.187952,263.9355,-0.703125,111,78.0469,0.00,1,0.00
10.188952,264.0234,-0.615234,111,78.0469,0.00,1,0.00
10.189953,264.1113,-0.527344,111,78.0469,0.00,1,0.00
10.190953,264.1113,-0.527344,111,78.0469,0.00,1,0.00
10.191954,264.0234,-0.615234,111,78.0469,0.00,1,0.00
10.192954,264.0234,-0.615234,111,78.0469,0.00,1,0.00
10.193955,264.0234,-0.615234,111,78.0469,0.00,1,0.00
10.194956,263.9355,-0.703125,111,78.0469,0.00,1,0.00
10.195956,263.9355,-0.703125,111,78.0469,0.00,1,0.00
10.196957,264.1113,-0.527344,111,78.0469,0.00,1,0.00
10.197957,264.0234,-0.615234,111,78.0469,0.00,1,0.00
10.198957,264.0234,-0.615234,111,78.0469,0.00,1,0.00
10.199958,264.0234,-0.615234,111,78.0469,0.00,1,0.00
10.200958,264.1113,-0.527344,111,78.0469,0.00,1,0.00
10.201959,264.0234,-0.615234,111,78.0469,0.00,1,0.00
10.202959,264.0234,-0.615234,111,78.0469,0.00,1,0.00
10.203960,264.0234,-0.615234,111,78.0469,0.00,1,0.00
10.204961,264.0234,-0.615234,111,78.0469,0.00,1,0.00
10.205961,264.1113,-0.527344,111,78.0469,0.00,1,0.00
10.206962,264.1113,-0.527344,111,78.0469,0.00,1,0.00
10.207962,264.0234,-0.615234,111,78.0469,0.00,1,0.00
10.208962,264.0234,-0.615234,111,78.0469,0.00,1,0.00
10.209963,264.0234,-0.615234,111,78.0469,0.00,1,0.00
10.210963,264.0234,-0.615234,111,78.0469,0.00,1,0.00
10.211964,263.9355,-0.703125,111,78.0469,0.00,1,0.00
10.212964,264.0234,-0.615234,111,78.0469,0.00,1,0.00
10.213965,264.0234,-0.615234,111,78.0469,0.00,1,0.00
10.214966,264.0234,-0.615234,111,78.0469,0.00,1,0.00
10.215966,264.0234,-0.615234,111,78.0469,0.00,1,0.00
10.216967,264.0234,-0.615234,111,78.0469,0.00,1,0.00
10.217967,264.0234,-0.615234,111,78.0469,0.00,1,0.00
10.218967,264.0234,-0.615234,111,78.0469,0.00,1,0.00
10.219968,264.0234,-0.615234,111,78.0469,0.00,1,0.00
10.220968,264.0234,-0.615234,111,78.0469,0.00,1,0.00
10.221969,264.0234,-0.615234,111,78.0469,0.00,1,0.00
10.229253,264.1113,-0.527344,111,78.0469,0.00,1,0.00
10.230253,264.1113,-0.527344,111,78.0469,0.00,1,0.00
10.231254,264.0234,-0.615234,111,78.0469,0.00,1,0.00
10.232254,264.0234,-0.615234,111,78.0469,0.00,1,0.00
10.233254,264.1113,-0.527344,111,78.0469,0.00,1,0.00
10.234255,264.1113,-0.527344,111,78.0469,0.00,1,0.00
10.235255,264.0234,-0.615234,111,78.0469,0.00,1,0.00
10.236256,264.0234,-0.615234,111,78.0469,0.00,1,0.00
10.237256,264.0234,-0.615234,111,78.0469,0.00,1,0.00
10.238257,264.0234,-0.615234,111,78.0469,0.00,1,0.00
10.239258,264.1113,-0.527344,111,78.0469,0.00,1,0.00
10.240258,264.0234,-0.615234,111,78.0469,0.00,1,0.00
10.241259,264.0234,-0.615234,111,78.0469,0.00,1,0.00
10.242259,264.0234,-0.615234,111,78.0469,0.00,1,0.00
10.243259,264.0234,-0.615234,111,78.0469,0.00,1,0.00
10.244260,264.0234,-0.615234,111,78.0469,0.00,1,0.00
10.245260,264.0234,-0.615234,111,78.0469,0.00,1,0.00
10.246261,264.1113,-0.527344,111,78.0469,0.00,1,0.00
10.247261,264.1113,-0.527344,111,78.0469,0.00,1,0.00
10.248262,264.1113,-0.527344,111,78.0469,0.00,1,0.00
10.249263,264.0234,-0.615234,111,78.0469,0.00,1,0.00
10.250263,264.0234,-0.615234,111,78.0469,0.00,1,0.00
10.251264,264.0234,-0.615234,111,78.0469,0.00,1,0.00
10.252264,264.0234,-0.615234,111,78.0469,0.00,1,0.00
10.253264,264.0234,-0.615234,111,78.0469,0.00,1,0.00
10.254265,264.0234,-0.615234,111,78.0469,0.00,1,0.00
10.255265,264.0234,-0.615234,111,78.0469,0.00,1,0.00
10.256266,264.0234,-0.615234,111,78.0469,0.00,1,0.00
10.257266,264.0234,-0.615234,111,78.0469,0.00,1,0.00
10.258266,264.0234,-0.615234,111,78.0469,0.00,1,0.00
10.259267,264.0234,-0.615234,111,78.0469,0.00,1,0.00
10.260267,264.0234,-0.615234,111,78.0469,0.00,1,0.00
10.261268,264.0234,-0.615234,111,78.0469,0.00,1,0.00
10.262268,264.1113,-0.527344,111,78.0469,0.00,1,0.00
10.263269,264.0234,-0.615234,111,78.0469,0.00,1,0.00
10.264270,264.0234,-0.615234,111,78.0469,0.00,1,0.00
10.265270,264.0234,-0.615234,111,78.0469,0.00,1,0.00
10.266271,264.1113,-0.527344,111,78.0469,0.00,1,0.00
10.267271,264.1113,-0.527344,111,78.0469,0.00,1,0.00
10.268271,264.1113,-0.527344,111,78.0469,0.00,1,0.00
10.269272,264.0234,-0.615234,111,78.0469,0.00,1,0.00
10.270272,264.0234,-0.615234,111,78.0469,0.00,1,0.00
10.271273,264.0234,-0.615234,111,78.0469,0.00,1,0.00
10.272273,264.1113,-0.527344,111,78.0469,0.00,1,0.00
10.273274,264.0234,-0.615234,111,78.0469,0.00,1,0.00
10.274275,264.0234,-0.615234,111,78.0469,0.00,1,0.00
10.275275,264.0234,-0.615234,111,78.0469,0.00,1,0.00
10.276276,264.0234,-0.615234,111,78.0469,0.00,1,0.00
10.277276,264.1113,-0.527344,111,78.0469,0.00,1,0.00
10.278276,264.0234,-0.615234,111,78.0469,0.00,1,0.00
10.286115,264.0234,-0.615234,111,78.0469,0.00,1,0.00
10.287115,264.0234,-0.615234,111,78.0469,0.00,1,0.00
10.288116,264.0234,-0.615234,111,78.0469,0.00,1,0.00
10.289116,264.0234,-0.615234,111,78.0469,0.00,1,0.00
10.290116,264.0234,-0.615234,111,78.0469,0.00,1,0.00
10.291117,264.0234,-0.615234,111,78.0469,0.00,1,0.00
10.292117,264.0234,-0.615234,111,78.0469,0.00,1,0.00
10.293118,263.9355,-0.703125,111,78.0469,0.00,1,0.00
10.294118,264.0234,-0.615234,111,78.0469,0.00,1,0.00
10.295118,264.0234,-0.615234,111,78.0469,0.00,1,0.00
10.296119,264.0234,-0.615234,111,78.0469,0.00,1,0.00
10.297119,264.0234,-0.615234,111,78.0469,0.00,1,0.00
10.298120,264.0234,-0.615234,111,78.0469,0.00,1,0.00
10.299120,264.0234,-0.615234,111,78.0469,0.00,1,0.00
10.300120,264.0234,-0.615234,111,78.0469,0.00,1,0.00
10.301121,263.9355,-0.703125,111,78.0469,0.00,1,0.00
10.302121,264.0234,-0.615234,111,78.0469,0.00,1,0.00
10.303122,264.0234,-0.615234,111,78.0469,0.00,1,0.00
10.304122,264.0234,-0.615234,111,78.0469,0.00,1,0.00
10.305122,264.0234,-0.615234,111,78.0469,0.00,1,0.00
10.306123,264.1113,-0.527344,111,78.0469,0.00,1,0.00
10.307123,264.0234,-0.615234,111,78.0469,0.00,1,0.00
10.308124,264.0234,-0.615234,111,78.0469,0.00,1,0.00
10.309124,264.0234,-0.615234,111,78.0469,0.00,1,0.00
10.310124,264.1113,-0.527344,111,78.0469,0.00,1,0.00
10.311125,264.0234,-0.615234,111,78.0469,0.00,1,0.00
10.312125,264.0234,-0.615234,111,78.0469,0.00,1,0.00
10.313126,264.0234,-0.615234,111,78.0469,0.00,1,0.00
10.314126,264.0234,-0.615234,111,78.0469,0.00,1,0.00
10.315126,264.0234,-0.615234,111,78.0469,0.00,1,0.00
10.316127,264.0234,-0.615234,111,78.0469,0.00,1,0.00
10.317127,264.0234,-0.615234,111,78.0469,0.00,1,0.00
10.318128,264.0234,-0.615234,111,78.0469,0.00,1,0.00
10.319128,264.0234,-0.615234,111,78.0469,0.00,1,0.00
10.320128,264.0234,-0.615234,111,78.0469,0.00,1,0.00
10.321129,264.0234,-0.615234,111,78.0469,0.00,1,0.00
10.322129,264.0234,-0.615234,111,78.0469,0.00,1,0.00
10.323130,264.1113,-0.527344,111,78.0469,0.00,1,0.00
10.324130,264.0234,-0.615234,111,78.0469,0.00,1,0.00
10.325131,264.0234,-0.615234,111,78.0469,0.00,1,0.00
10.326132,264.0234,-0.615234,111,78.0469,0.00,1,0.00
10.327132,264.0234,-0.615234,111,78.0469,0.00,1,0.00
10.328133,264.0234,-0.615234,111,78.0469,0.00,1,0.00
10.329133,264.0234,-0.615234,111,78.0469,0.00,1,0.00
10.330133,264.0234,-0.615234,111,78.0469,0.00,1,0.00
10.331134,264.0234,-0.615234,111,78.0469,0.00,1,0.00
10.332134,264.1113,-0.527344,111,78.0469,0.00,1,0.00
10.333135,264.1113,-0.527344,111,78.0469,0.00,1,0.00
10.334135,264.1113,-0.527344,111,78.0469,0.00,1,0.00
10.335136,264.1113,-0.527344,111,78.0469,0.00,1,0.00
10.342348,264.0234,-0.615234,111,78.0469,0.00,1,0.00
10.343349,264.0234,-0.615234,111,78.0469,0.00,1,0.00
10.344349,264.0234,-0.615234,111,78.0469,0.00,1,0.00
10.345349,264.0234,-0.615234,111,78.0469,0.00,1,0.00
10.346350,264.0234,-0.615234,111,78.0469,0.00,1,0.00
10.347350,264.0234,-0.615234,111,78.0469,0.00,1,0.00
10.348351,264.0234,-0.615234,111,78.0469,0.00,1,0.00
10.349351,264.0234,-0.615234,111,78.0469,0.00,1,0.00
10.350351,264.0234,-0.615234,111,78.0469,0.00,1,0.00
10.351352,264.1113,-0.527344,111,78.0469,0.00,1,0.00
10.352352,264.0234,-0.615234,111,78.0469,0.00,1,0.00
10.353353,264.0234,-0.615234,111,78.0469,0.00,1,0.00
10.354353,264.0234,-0.615234,111,78.0469,0.00,1,0.00
10.355353,263.9355,-0.703125,111,78.0469,0.00,1,0.00
10.356354,263.9355,-0.703125,111,78.0469,0.00,1,0.00
10.357354,264.0234,-0.615234,111,78.0469,0.00,1,0.00
10.358355,264.0234,-0.615234,111,78.0469,0.00,1,0.00
10.359355,264.0234,-0.615234,111,78.0469,0.00,1,0.00
10.360355,264.0234,-0.615234,111,78.0469,0.00,1,0.00
10.361356,264.0234,-0.615234,111,78.0469,0.00,1,0.00
10.362356,264.0234,-0.615234,111,78.0469,0.00,1,0.00
10.363357,264.0234,-0.615234,111,78.0469,0.00,1,0.00
10.364357,263.9355,-0.703125,111,78.0469,0.00,1,0.00
10.365357,263.9355,-0.703125,111,78.0469,0.00,1,0.00
10.366358,263.9355,-0.703125,111,78.0469,0.00,1,0.00
10.367358,264.0234,-0.615234,111,78.0469,0.00,1,0.00
10.368359,264.0234,-0.615234,111,78.0469,0.00,1,0.00
10.369359,264.0234,-0.615234,111,78.0469,0.00,1,0.00
10.370359,264.0234,-0.615234,111,78.0469,0.00,1,0.00
10.371360,264.0234,-0.615234,111,78.0469,0.00,1,0.00
10.372360,264.1113,-0.527344,111,78.0469,0.00,1,0.00
10.373361,264.1113,-0.527344,111,78.0469,0.00,1,0.00
10.374361,264.1113,-0.527344,111,78.0469,0.00,1,0.00
10.375361,264.0234,-0.615234,111,78.0469,0.00,1,0.00
10.376362,264.0234,-0.615234,111,78.0469,0.00,1,0.00
10.377362,264.0234,-0.615234,111,78.0469,0.00,1,0.00
10.378363,264.0234,-0.615234,111,78.0469,0.00,1,0.00
10.379363,264.0234,-0.615234,111,78.0469,0.00,1,0.00
10.380364,264.0234,-0.615234,111,78.0469,0.00,1,0.00
10.381365,264.0234,-0.615234,111,78.0469,0.00,1,0.00
10.382365,264.0234,-0.615234,111,78.0469,0.00,1,0.00
10.383366,264.0234,-0.615234,111,78.0469,0.00,1,0.00
10.384366,264.0234,-0.615234,111,78.0469,0.00,1,0.00
10.385366,264.1113,-0.527344,111,78.0469,0.00,1,0.00
10.386367,264.1113,-0.527344,111,78.0469,0.00,1,0.00
10.387367,264.1113,-0.527344,111,78.0469,0.00,1,0.00
10.388368,264.0234,-0.615234,111,78.0469,0.00,1,0.00
10.389368,264.0234,-0.615234,111,78.0469,0.00,1,0.00
10.390369,264.0234,-0.615234,111,78.0469,0.00,1,0.00
10.391370,264.1113,-0.527344,111,78.0469,0.00,1,0.00
10.398581,264.0234,-0.615234,111,78.0469,0.00,1,0.00
10.399581,263.9355,-0.703125,111,78.0469,0.00,1,0.00
10.400581,263.9355,-0.703125,111,78.0469,0.00,1,0.00
10.401582,264.0234,-0.615234,111,78.0469,0.00,1,0.00
10.402582,264.0234,-0.615234,111,78.0469,0.00,1,0.00
10.403583,264.1113,-0.527344,111,78.0469,0.00,1,0.00
10.404583,264.0234,-0.615234,111,78.0469,0.00,1,0.00
10.405583,264.0234,-0.615234,111,78.0469,0.00,1,0.00
10.406584,264.0234,-0.615234,111,78.0469,0.00,1,0.00
10.407584,264.0234,-0.615234,111,78.0469,0.00,1,0.00
10.408585,264.0234,-0.615234,111,78.0469,0.00,1,0.00
10.409585,264.1113,-0.527344,111,78.0469,0.00,1,0.00
10.410585,264.0234,-0.615234,111,78.0469,0.00,1,0.00
10.411586,264.0234,-0.615234,111,78.0469,0.00,1,0.00
10.412586,264.0234,-0.615234,111,78.0469,0.00,1,0.00
10.413587,264.1113,-0.527344,111,78.0469,0.00,1,0.00
10.414587,264.1113,-0.527344,111,78.0469,0.00,1,0.00
10.415587,264.0234,-0.615234,111,78.0469,0.00,1,0.00
10.416588,263.9355,-0.703125,111,78.0469,0.00,1,0.00
10.417588,263.9355,-0.703125,111,78.0469,0.00,1,0.00
10.418589,264.0234,-0.615234,111,78.0469,0.00,1,0.00
10.419589,264.1113,-0.527344,111,78.0469,0.00,1,0.00
10.420589,264.0234,-0.615234,111,78.0469,0.00,1,0.00
10.421590,264.0234,-0.615234,111,78.0469,0.00,1,0.00
10.422590,264.1113,-0.527344,111,78.0469,0.00,1,0.00
10.423591,264.1113,-0.527344,111,78.0469,0.00,1,0.00
10.424591,264.1113,-0.527344,111,78.0469,0.00,1,0.00
10.425592,264.0234,-0.615234,111,78.0469,0.00,1,0.00
10.426593,264.0234,-0.615234,111,78.0469,0.00,1,0.00
10.427593,264.0234,-0.615234,111,78.0469,0.00,1,0.00
10.428594,264.0234,-0.615234,111,78.0469,0.00,1,0.00
10.429594,264.0234,-0.615234,111,78.0469,0.00,1,0.00
10.430594,264.0234,-0.615234,111,78.0469,0.00,1,0.00
10.431595,264.0234,-0.615234,111,78.0469,0.00,1,0.00
10.432595,264.0234,-0.615234,111,78.0469,0.00,1,0.00
10.433596,264.0234,-0.615234,111,78.0469,0.00,1,0.00
10.434596,264.0234,-0.615234,111,78.0469,0.00,1,0.00
10.435597,264.0234,-0.615234,111,78.0469,0.00,1,0.00
10.436598,264.0234,-0.615234,111,78.0469,0.00,1,0.00
10.437598,264.1113,-0.527344,111,78.0469,0.00,1,0.00
10.438599,264.1113,-0.527344,111,78.0469,0.00,1,0.00
10.439599,264.1113,-0.527344,111,78.0469,0.00,1,0.00
10.440599,264.1113,-0.527344,111,78.0469,0.00,1,0.00
10.441600,264.1113,-0.527344,111,78.0469,0.00,1,0.00
10.442600,264.1113,-0.527344,111,78.0469,0.00,1,0.00
10.443601,264.1113,-0.527344,111,78.0469,0.00,1,0.00
10.444601,264.1113,-0.527344,111,78.0469,0.00,1,0.00
10.445602,264.1113,-0.527344,111,78.0469,0.00,1,0.00
10.446603,264.0234,-0.615234,111,78.0469,0.00,1,0.00
10.447603,264.0234,-0.615234,111,78.0469,0.00,1,0.00
10.454835,264.0234,-0.615234,111,78.0469,0.00,1,0.00
10.455835,264.0234,-0.615234,111,78.0469,0.00,1,0.00
10.456836,264.0234,-0.615234,111,78.0469,0.00,1,0.00
10.457836,264.1113,-0.527344,111,78.0469,0.00,1,0.00
10.458837,264.0234,-0.615234,111,78.0469,0.00,1,0.00
10.459837,264.0234,-0.615234,111,78.0469,0.00,1,0.00
10.460837,264.0234,-0.615234,111,78.0469,0.00,1,0.00
10.461838,264.0234,-0.615234,111,78.0469,0.00,1,0.00
10.462838,264.0234,-0.615234,111,78.0469,0.00,1,0.00
10.463839,264.1113,-0.527344,111,78.0469,0.00,1,0.00
10.464839,264.1113,-0.527344,111,78.0469,0.00,1,0.00
10.465839,264.1113,-0.527344,111,78.0469,0.00,1,0.00
10.466840,264.0234,-0.615234,111,78.0469,0.00,1,0.00
10.467840,264.0234,-0.615234,111,78.0469,0.00,1,0.00
10.468841,264.0234,-0.615234,111,78.0469,0.00,1,0.00
10.469841,264.1113,-0.527344,111,78.0469,0.00,1,0.00
10.470841,264.1113,-0.527344,111,78.0469,0.00,1,0.00
10.471842,264.1113,-0.527344,111,78.0469,0.00,1,0.00
10.472842,264.1113,-0.527344,111,78.0469,0.00,1,0.00
10.473843,264.1113,-0.527344,111,78.0469,0.00,1,0.00
10.474843,264.1113,-0.527344,111,78.0469,0.00,1,0.00
10.475843,264.0234,-0.615234,111,78.0469,0.00,1,0.00
10.476844,264.0234,-0.615234,111,78.0469,0.00,1,0.00
10.477844,264.0234,-0.615234,111,78.0469,0.00,1,0.00
10.478845,264.0234,-0.615234,111,78.0469,0.00,1,0.00
10.479845,264.0234,-0.615234,111,78.0469,0.00,1,0.00
10.480846,264.0234,-0.615234,111,78.0469,0.00,1,0.00
10.481847,264.0234,-0.615234,111,78.0469,0.00,1,0.00
10.482847,264.1113,-0.527344,111,78.0469,0.00,1,0.00
10.483848,264.0234,-0.615234,111,78.0469,0.00,1,0.00
10.484848,264.0234,-0.615234,111,78.0469,0.00,1,0.00
10.485848,264.0234,-0.615234,111,78.0469,0.00,1,0.00
10.486849,264.0234,-0.615234,111,78.0469,0.00,1,0.00
10.487849,264.0234,-0.615234,111,78.0469,0.00,1,0.00
10.488850,264.0234,-0.615234,111,78.0469,0.00,1,0.00
10.489850,264.0234,-0.615234,111,78.0469,0.00,1,0.00
10.490850,264.1113,-0.527344,111,78.0469,0.00,1,0.00
10.491851,264.1113,-0.527344,111,78.0469,0.00,1,0.00
10.492851,264.1113,-0.527344,111,78.0469,0.00,1,0.00
10.493852,264.0234,-0.615234,111,78.0469,0.00,1,0.00
10.494852,264.0234,-0.615234,111,78.0469,0.00,1,0.00
10.495853,264.0234,-0.615234,111,78.0469,0.00,1,0.00
10.496854,264.0234,-0.615234,111,78.0469,0.00,1,0.00
10.497854,264.0234,-0.615234,111,78.0469,0.00,1,0.00
10.498855,264.0234,-0.615234,111,78.0469,0.00,1,0.00
10.499855,264.0234,-0.615234,111,78.0469,0.00,1,0.00
10.500855,264.0234,-0.615234,111,78.0469,0.00,1,0.00
10.501856,264.0234,-0.615234,111,78.0469,0.00,1,0.00
10.502856,264.0234,-0.615234,111,78.0469,0.00,1,0.00
10.503857,264.0234,-0.615234,111,78.0469,0.00,1,0.00
10.511118,264.0234,-0.615234,111,78.0469,0.00,1,0.00
10.512118,263.9355,-0.703125,111,78.0469,0.00,1,0.00
10.513119,264.0234,-0.615234,111,78.0469,0.00,1,0.00
10.514119,264.1113,-0.527344,111,78.0469,0.00,1,0.00
10.515120,264.0234,-0.615234,111,78.0469,0.00,1,0.00
10.516120,264.0234,-0.615234,111,78.0469,0.00,1,0.00
10.517120,264.1113,-0.527344,111,78.0469,0.00,1,0.00
10.518121,264.0234,-0.615234,111,78.0469,0.00,1,0.00
10.519121,264.0234,-0.615234,111,78.0469,0.00,1,0.00
10.520122,264.1113,-0.527344,111,78.0469,0.00,1,0.00
10.521122,264.1113,-0.527344,111,78.0469,0.00,1,0.00
10.522122,264.0234,-0.615234,111,78.0469,0.00,1,0.00
10.523123,264.1113,-0.527344,111,78.0469,0.00,1,0.00
10.524123,264.1113,-0.527344,111,78.0469,0.00,1,0.00
10.525124,264.1113,-0.527344,111,78.0469,0.00,1,0.00
10.526124,264.0234,-0.615234,111,78.0469,0.00,1,0.00
10.527124,264.0234,-0.615234,111,78.0469,0.00,1,0.00
10.528125,264.0234,-0.615234,111,78.0469,0.00,1,0.00
10.529125,264.0234,-0.615234,111,78.0469,0.00,1,0.00
10.530126,264.0234,-0.615234,111,78.0469,0.00,1,0.00
10.531126,264.0234,-0.615234,111,78.0469,0.00,1,0.00
10.532126,264.0234,-0.615234,111,78.0469,0.00,1,0.00
10.533127,264.0234,-0.615234,111,78.0469,0.00,1,0.00
10.534127,264.0234,-0.615234,111,78.0469,0.00,1,0.00
10.535128,264.0234,-0.615234,111,78.0469,0.00,1,0.00
10.536128,264.0234,-0.615234,111,78.0469,0.00,1,0.00
10.537128,264.0234,-0.615234,111,78.0469,0.00,1,0.00
10.538129,264.0234,-0.615234,111,78.0469,0.00,1,0.00
10.539129,264.0234,-0.615234,111,78.0469,0.00,1,0.00
10.540130,264.1113,-0.527344,111,78.0469,0.00,1,0.00
10.541130,264.0234,-0.615234,111,78.0469,0.00,1,0.00
10.542131,264.0234,-0.615234,111,78.0469,0.00,1,0.00
10.543132,264.0234,-0.615234,111,78.0469,0.00,1,0.00
10.544132,264.0234,-0.615234,111,78.0469,0.00,1,0.00
10.545133,264.1113,-0.527344,111,78.0469,0.00,1,0.00
10.546133,264.0234,-0.615234,111,78.0469,0.00,1,0.00
10.547133,264.0234,-0.615234,111,78.0469,0.00,1,0.00
10.548134,264.1113,-0.527344,111,78.0469,0.00,1,0.00
10.549134,264.1113,-0.527344,111,78.0469,0.00,1,0.00
10.550135,264.0234,-0.615234,111,78.0469,0.00,1,0.00
10.551135,264.0234,-0.615234,111,78.0469,0.00,1,0.00
10.552136,264.0234,-0.615234,111,78.0469,0.00,1,0.00
10.553137,264.0234,-0.615234,111,78.0469,0.00,1,0.00
10.554137,264.0234,-0.615234,111,78.0469,0.00,1,0.00
10.555138,264.0234,-0.615234,111,78.0469,0.00,1,0.00
10.556138,264.0234,-0.615234,111,78.0469,0.00,1,0.00
10.557138,264.1113,-0.527344,111,78.0469,0.00,1,0.00
10.558139,264.1113,-0.527344,111,78.0469,0.00,1,0.00
10.559139,264.0234,-0.615234,111,78.0469,0.00,1,0.00
10.560140,264.0234,-0.615234,111,78.0469,0.00,1,0.00
10.567397,264.1113,-0.527344,111,78.0469,0.00,1,0.00
10.568398,264.1113,-0.527344,111,78.0469,0.00,1,0.00
10.569398,264.0234,-0.615234,111,78.0469,0.00,1,0.00
10.570398,264.0234,-0.615234,111,78.0469,0.00,1,0.00
10.571399,264.0234,-0.615234,111,78.0469,0.00,1,0.00
10.572399,264.0234,-0.615234,111,78.0469,0.00,1,0.00
10.573400,264.0234,-0.615234,111,78.0469,0.00,1,0.00
10.574400,264.0234,-0.615234,111,78.0469,0.00,1,0.00
10.575400,263.9355,-0.703125,111,78.0469,0.00,1,0.00
10.576401,264.0234,-0.615234,111,78.0469,0.00,1,0.00
10.577401,264.1113,-0.527344,111,78.0469,0.00,1,0.00
10.578402,264.1113,-0.527344,111,78.0469,0.00,1,0.00
10.579402,264.0234,-0.615234,111,78.0469,0.00,1,0.00
10.580402,264.0234,-0.615234,111,78.0469,0.00,1,0.00
10.581403,264.1113,-0.527344,111,78.0469,0.00,1,0.00
10.582403,264.1113,-0.527344,111,78.0469,0.00,1,0.00
10.583404,264.0234,-0.615234,111,78.0469,0.00,1,0.00
10.584404,264.0234,-0.615234,111,78.0469,0.00,1,0.00
10.585404,264.0234,-0.615234,111,78.0469,0.00,1,0.00
10.586405,264.0234,-0.615234,111,78.0469,0.00,1,0.00
10.587405,264.0234,-0.615234,111,78.0469,0.00,1,0.00
10.588406,264.0234,-0.615234,111,78.0469,0.00,1,0.00
10.589406,264.0234,-0.615234,111,78.0469,0.00,1,0.00
10.590406,264.0234,-0.615234,111,78.0469,0.00,1,0.00
10.591407,264.0234,-0.615234,111,78.0469,0.00,1,0.00
10.592407,264.0234,-0.615234,111,78.0469,0.00,1,0.00
10.593408,264.1113,-0.527344,111,78.0469,0.00,1,0.00
10.594408,264.0234,-0.615234,111,78.0469,0.00,1,0.00
10.595408,264.0234,-0.615234,111,78.0469,0.00,1,0.00
10.596409,264.1113,-0.527344,111,78.0469,0.00,1,0.00
10.597409,264.1113,-0.527344,111,78.0469,0.00,1,0.00
10.598410,264.0234,-0.615234,111,78.0469,0.00,1,0.00
10.599410,263.9355,-0.703125,111,78.0469,0.00,1,0.00
10.600411,264.0234,-0.615234,111,78.0469,0.00,1,0.00
10.601412,264.0234,-0.615234,111,78.0469,0.00,1,0.00
10.602412,264.0234,-0.615234,111,78.0469,0.00,1,0.00
10.603413,264.1113,-0.527344,111,78.0469,0.00,1,0.00
10.604413,264.0234,-0.615234,111,78.0469,0.00,1,0.00
10.605413,264.0234,-0.615234,111,78.0469,0.00,1,0.00
10.606414,264.1113,-0.527344,111,78.0469,0.00,1,0.00
10.607414,264.0234,-0.615234,111,78.0469,0.00,1,0.00
10.608415,264.0234,-0.615234,111,78.0469,0.00,1,0.00
10.609415,264.1113,-0.527344,111,78.0469,0.00,1,0.00
10.610416,264.1113,-0.527344,111,78.0469,0.00,1,0.00
10.611417,264.1113,-0.527344,111,78.0469,0.00,1,0.00
10.612417,264.1113,-0.527344,111,78.0469,0.00,1,0.00
10.613418,264.0234,-0.615234,111,78.0469,0.00,1,0.00
10.614418,264.0234,-0.615234,111,78.0469,0.00,1,0.00
10.615418,264.0234,-0.615234,111,78.0469,0.00,1,0.00
10.616419,264.0234,-0.615234,111,78.0469,0.00,1,0.00
10.658527,264.1113,-0.527344,111,78.0469,0.00,1,0.00
10.659528,264.0234,-0.615234,111,78.0469,0.00,1,0.00
10.660528,264.0234,-0.615234,111,78.0469,0.00,1,0.00
10.661529,264.0234,-0.615234,111,78.0469,0.00,1,0.00
10.662529,264.0234,-0.615234,111,78.0469,0.00,1,0.00
10.663529,264.0234,-0.615234,111,78.0469,0.00,1,0.00
10.664530,264.0234,-0.615234,111,78.0469,0.00,1,0.00
10.665530,264.0234,-0.615234,111,78.0469,0.00,1,0.00
10.666531,264.0234,-0.615234,111,78.0469,0.00,1,0.00
10.667531,264.0234,-0.615234,111,78.0469,0.00,1,0.00
10.668531,264.0234,-0.615234,111,78.0469,0.00,1,0.00
10.669532,264.0234,-0.615234,111,78.0469,0.00,1,0.00
10.670532,264.1113,-0.527344,111,78.0469,0.00,1,0.00
10.671533,264.0234,-0.615234,111,78.0469,0.00,1,0.00
10.672533,264.0234,-0.615234,111,78.0469,0.00,1,0.00
10.673533,264.0234,-0.615234,111,78.0469,0.00,1,0.00
10.674534,264.0234,-0.615234,111,78.0469,0.00,1,0.00
10.675534,264.1113,-0.527344,111,78.0469,0.00,1,0.00
10.676535,264.1113,-0.527344,111,78.0469,0.00,1,0.00
10.677535,264.0234,-0.615234,111,78.0469,0.00,1,0.00
10.678536,264.0234,-0.615234,111,78.0469,0.00,1,0.00
10.679537,264.0234,-0.615234,111,78.0469,0.00,1,0.00
10.680537,264.0234,-0.615234,111,78.0469,0.00,1,0.00
10.681538,264.1113,-0.527344,111,78.0469,0.00,1,0.00
10.682538,264.0234,-0.615234,111,78.0469,0.00,1,0.00
10.683538,264.0234,-0.615234,111,78.0469,0.00,1,0.00
10.684539,264.0234,-0.615234,111,78.0469,0.00,1,0.00
10.685539,264.0234,-0.615234,111,78.0469,0.00,1,0.00
10.686540,264.0234,-0.615234,111,78.0469,0.00,1,0.00
10.687540,264.0234,-0.615234,111,78.0469,0.00,1,0.00
10.688541,264.1113,-0.527344,111,78.0469,0.00,1,0.00
10.689542,264.0234,-0.615234,111,78.0469,0.00,1,0.00
10.690542,264.0234,-0.615234,111,78.0469,0.00,1,0.00
10.691543,264.0234,-0.615234,111,78.0469,0.00,1,0.00
10.692543,264.0234,-0.615234,111,78.0469,0.00,1,0.00
10.693543,264.1113,-0.527344,111,78.0469,0.00,1,0.00
10.694544,264.1113,-0.527344,111,78.0469,0.00,1,0.00
10.695544,264.0234,-0.615234,111,78.0469,0.00,1,0.00
10.696545,264.0234,-0.615234,111,78.0469,0.00,1,0.00
10.697545,263.9355,-0.703125,111,78.0469,0.00,1,0.00
10.698546,264.0234,-0.615234,111,78.0469,0.00,1,0.00
10.699547,264.0234,-0.615234,111,78.0469,0.00,1,0.00
10.700547,264.0234,-0.615234,111,78.0469,0.00,1,0.00
10.701548,264.0234,-0.615234,111,78.0469,0.00,1,0.00
10.702548,264.1113,-0.527344,111,78.0469,0.00,1,0.00
10.703548,264.1113,-0.527344,111,78.0469,0.00,1,0.00
10.704549,264.0234,-0.615234,111,78.0469,0.00,1,0.00
10.705549,264.0234,-0.615234,111,78.0469,0.00,1,0.00
10.706550,264.0234,-0.615234,111,78.0469,0.00,1,0.00
10.707550,264.0234,-0.615234,111,78.0469,0.00,1,0.00
10.714645,264.1113,-0.527344,111,78.0469,0.00,1,0.00
10.715646,264.0234,-0.615234,111,78.0469,0.00,1,0.00
10.716646,263.9355,-0.703125,111,78.0469,0.00,1,0.00
10.717647,263.9355,-0.703125,111,78.0469,0.00,1,0.00
10.718647,264.1113,-0.527344,111,78.0469,0.00,1,0.00
10.719647,264.1113,-0.527344,111,78.0469,0.00,1,0.00
10.720648,264.0234,-0.615234,111,78.0469,0.00,1,0.00
10.721648,264.0234,-0.615234,111,78.0469,0.00,1,0.00
10.722649,264.0234,-0.615234,111,78.0469,0.00,1,0.00
10.723649,264.0234,-0.615234,111,78.0469,0.00,1,0.00
10.724649,264.0234,-0.615234,111,78.0469,0.00,1,0.00
10.725650,264.0234,-0.615234,111,78.0469,0.00,1,0.00
10.726650,264.0234,-0.615234,111,78.0469,0.00,1,0.00
10.727651,264.0234,-0.615234,111,78.0469,0.00,1,0.00
10.728651,264.0234,-0.615234,111,78.0469,0.00,1,0.00
10.729652,263.9355,-0.703125,111,78.0469,0.00,1,0.00
10.730653,264.0234,-0.615234,111,78.0469,0.00,1,0.00
10.731653,264.0234,-0.615234,111,78.0469,0.00,1,0.00
10.732654,264.0234,-0.615234,111,78.0469,0.00,1,0.00
10.733654,264.0234,-0.615234,111,78.0469,0.00,1,0.00
10.734654,264.0234,-0.615234,111,78.0469,0.00,1,0.00
10.735655,263.9355,-0.703125,111,78.0469,0.00,1,0.00
10.736655,263.9355,-0.703125,111,78.0469,0.00,1,0.00
10.737656,264.0234,-0.615234,111,78.0469,0.00,1,0.00
10.738656,264.0234,-0.615234,111,78.0469,0.00,1,0.00
10.739656,264.0234,-0.615234,111,78.0469,0.00,1,0.00
10.740657,264.0234,-0.615234,111,78.0469,0.00,1,0.00
10.741657,263.9355,-0.703125,111,78.0469,0.00,1,0.00
10.742658,264.0234,-0.615234,111,78.0469,0.00,1,0.00
10.743658,264.0234,-0.615234,111,78.0469,0.00,1,0.00
10.744659,264.0234,-0.615234,111,78.0469,0.00,1,0.00
10.745660,264.0234,-0.615234,111,78.0469,0.00,1,0.00
10.746660,264.0234,-0.615234,111,78.0469,0.00,1,0.00
10.747661,264.0234,-0.615234,111,78.0469,0.00,1,0.00
10.748661,264.0234,-0.615234,111,78.0469,0.00,1,0.00
10.749661,264.0234,-0.615234,111,78.0469,0.00,1,0.00
10.750662,264.0234,-0.615234,111,78.0469,0.00,1,0.00
10.751662,264.1113,-0.527344,111,78.0469,0.00,1,0.00
10.752663,264.0234,-0.615234,111,78.0469,0.00,1,0.00
10.753663,264.0234,-0.615234,111,78.0469,0.00,1,0.00
10.754664,264.0234,-0.615234,111,78.0469,0.00,1,0.00
10.755665,264.0234,-0.615234,111,78.0469,0.00,1,0.00
10.756665,264.1113,-0.527344,111,78.0469,0.00,1,0.00
10.757666,264.1992,-0.439453,111,78.0469,0.00,1,0.00
10.758666,264.1113,-0.527344,111,78.0469,0.00,1,0.00
10.759666,264.0234,-0.615234,111,78.0469,0.00,1,0.00
10.760667,264.0234,-0.615234,111,78.0469,0.00,1,0.00
10.761667,264.0234,-0.615234,111,78.0469,0.00,1,0.00
10.762668,264.0234,-0.615234,111,78.0469,0.00,1,0.00
10.763668,264.0234,-0.615234,111,78.0469,0.00,1,0.00
10.770868,264.0234,-0.615234,111,78.0469,0.00,1,0.00
10.771869,264.1113,-0.527344,111,78.0469,0.00,1,0.00
10.772869,264.1113,-0.527344,111,78.0469,0.00,1,0.00
10.773870,264.0234,-0.615234,111,78.0469,0.00,1,0.00
10.774870,264.0234,-0.615234,111,78.0469,0.00,1,0.00
10.775870,264.0234,-0.615234,111,78.0469,0.00,1,0.00
10.776871,264.0234,-0.615234,111,78.0469,0.00,1,0.00
10.777871,264.0234,-0.615234,111,78.0469,0.00,1,0.00
10.778872,264.0234,-0.615234,111,78.0469,0.00,1,0.00
10.779872,264.0234,-0.615234,111,78.0469,0.00,1,0.00
10.780872,264.0234,-0.615234,111,78.0469,0.00,1,0.00
10.781873,263.9355,-0.703125,111,78.0469,0.00,1,0.00
10.782873,264.0234,-0.615234,111,78.0469,0.00,1,0.00
10.783874,264.0234,-0.615234,111,78.0469,0.00,1,0.00
10.784874,264.0234,-0.615234,111,78.0469,0.00,1,0.00
10.785874,264.1113,-0.527344,111,78.0469,0.00,1,0.00
10.786875,264.0234,-0.615234,111,78.0469,0.00,1,0.00
10.787875,263.9355,-0.703125,111,78.0469,0.00,1,0.00
10.788876,264.0234,-0.615234,111,78.0469,0.00,1,0.00
10.789876,263.9355,-0.703125,111,78.0469,0.00,1,0.00
10.790876,264.0234,-0.615234,111,78.0469,0.00,1,0.00
10.791877,264.0234,-0.615234,111,78.0469,0.00,1,0.00
10.792877,264.0234,-0.615234,111,78.0469,0.00,1,0.00
10.793878,264.0234,-0.615234,111,78.0469,0.00,1,0.00
10.794878,264.0234,-0.615234,111,78.0469,0.00,1,0.00
10.795878,264.1113,-0.527344,111,78.0469,0.00,1,0.00
10.796879,264.0234,-0.615234,111,78.0469,0.00,1,0.00
10.797879,264.0234,-0.615234,111,78.0469,0.00,1,0.00
10.798880,264.0234,-0.615234,111,78.0469,0.00,1,0.00
10.799880,264.0234,-0.615234,111,78.0469,0.00,1,0.00
10.800880,263.9355,-0.703125,111,78.0469,0.00,1,0.00
10.801881,264.0234,-0.615234,111,78.0469,0.00,1,0.00
10.802881,264.0234,-0.615234,111,78.0469,0.00,1,0.00
10.803882,264.0234,-0.615234,111,78.0469,0.00,1,0.00
10.804882,264.1113,-0.527344,111,78.0469,0.00,1,0.00
10.805883,264.0234,-0.615234,111,78.0469,0.00,1,0.00
10.806884,264.0234,-0.615234,111,78.0469,0.00,1,0.00
10.807884,264.0234,-0.615234,111,78.0469,0.00,1,0.00
10.808885,264.0234,-0.615234,111,78.0469,0.00,1,0.00
10.809885,264.0234,-0.615234,111,78.0469,0.00,1,0.00
10.810885,264.0234,-0.615234,111,78.0469,0.00,1,0.00
10.811886,263.9355,-0.703125,111,78.0469,0.00,1,0.00
10.812886,263.9355,-0.703125,111,78.0469,0.00,1,0.00
10.813887,264.0234,-0.615234,111,78.0469,0.00,1,0.00
10.814887,264.1113,-0.527344,111,78.0469,0.00,1,0.00
10.815888,264.0234,-0.615234,111,78.0469,0.00,1,0.00
10.816889,264.0234,-0.615234,111,78.0469,0.00,1,0.00
10.817889,264.1113,-0.527344,111,78.0469,0.00,1,0.00
10.818890,264.1113,-0.527344,111,78.0469,0.00,1,0.00
10.819890,264.0234,-0.615234,111,78.0469,0.00,1,0.00
10.827115,263.9355,-0.703125,111,78.0469,0.00,1,0.00
10.828116,264.0234,-0.615234,111,78.0469,0.00,1,0.00
10.829117,264.1113,-0.527344,111,78.0469,0.00,1,0.00
10.830117,264.1113,-0.527344,111,78.0469,0.00,1,0.00
10.831118,264.1113,-0.527344,111,78.0469,0.00,1,0.00
10.832118,264.1113,-0.527344,111,78.0469,0.00,1,0.00
10.833118,264.0234,-0.615234,111,78.0469,0.00,1,0.00
10.834119,264.0234,-0.615234,111,78.0469,0.00,1,0.00
10.835119,264.0234,-0.615234,111,78.0469,0.00,1,0.00
10.836120,264.0234,-0.615234,111,78.0469,0.00,1,0.00
10.837120,264.0234,-0.615234,111,78.0469,0.00,1,0.00
10.838121,264.0234,-0.615234,111,78.0469,0.00,1,0.00
10.839122,263.9355,-0.703125,111,78.0469,0.00,1,0.00
10.840122,264.0234,-0.615234,111,78.0469,0.00,1,0.00
10.841123,264.0234,-0.615234,111,78.0469,0.00,1,0.00
10.842123,263.9355,-0.703125,111,78.0469,0.00,1,0.00
10.843123,264.0234,-0.615234,111,78.0469,0.00,1,0.00
10.844124,264.0234,-0.615234,111,78.0469,0.00,1,0.00
10.845124,264.0234,-0.615234,111,78.0469,0.00,1,0.00
10.846125,264.0234,-0.615234,111,78.0469,0.00,1,0.00
10.847125,264.0234,-0.615234,111,78.0469,0.00,1,0.00
10.848126,264.1113,-0.527344,111,78.0469,0.00,1,0.00
10.849127,264.1113,-0.527344,111,78.0469,0.00,1,0.00
10.850127,264.0234,-0.615234,111,78.0469,0.00,1,0.00
10.851128,263.9355,-0.703125,111,78.0469,0.00,1,0.00
10.852128,264.0234,-0.615234,111,78.0469,0.00,1,0.00
10.853128,264.0234,-0.615234,111,78.0469,0.00,1,0.00
10.854129,264.0234,-0.615234,111,78.0469,0.00,1,0.00
10.855129,264.0234,-0.615234,111,78.0469,0.00,1,0.00
10.856130,264.0234,-0.615234,111,78.0469,0.00,1,0.00
10.857130,264.0234,-0.615234,111,78.0469,0.00,1,0.00
10.858131,264.1113,-0.527344,111,78.0469,0.00,1,0.00
10.859132,264.1113,-0.527344,111,78.0469,0.00,1,0.00
10.860132,264.1113,-0.527344,111,78.0469,0.00,1,0.00
10.861133,264.0234,-0.615234,111,78.0469,0.00,1,0.00
10.862133,264.0234,-0.615234,111,78.0469,0.00,1,0.00
10.863133,264.0234,-0.615234,111,78.0469,0.00,1,0.00
10.864134,264.1113,-0.527344,111,78.0469,0.00,1,0.00
10.865134,264.0234,-0.615234,111,78.0469,0.00,1,0.00
10.866135,264.0234,-0.615234,111,78.0469,0.00,1,0.00
10.867135,264.1113,-0.527344,111,78.0469,0.00,1,0.00
10.868136,264.0234,-0.615234,111,78.0469,0.00,1,0.00
10.869137,264.0234,-0.615234,111,78.0469,0.00,1,0.00
10.870137,264.0234,-0.615234,111,78.0469,0.00,1,0.00
10.871138,264.0234,-0.615234,111,78.0469,0.00,1,0.00
10.872138,264.1113,-0.527344,111,78.0469,0.00,1,0.00
10.873138,264.1113,-0.527344,111,78.0469,0.00,1,0.00
10.874139,264.0234,-0.615234,111,78.0469,0.00,1,0.00
10.875139,264.0234,-0.615234,111,78.0469,0.00,1,0.00
10.876140,264.1113,-0.527344,111,78.0469,0.00,1,0.00
10.883390,264.1113,-0.527344,111,78.0469,0.00,1,0.00
10.884391,264.0234,-0.615234,111,78.0469,0.00,1,0.00
10.885391,264.0234,-0.615234,111,78.0469,0.00,1,0.00
10.886392,264.1113,-0.527344,111,78.0469,0.00,1,0.00
10.887392,264.1113,-0.527344,111,78.0469,0.00,1,0.00
10.888392,264.1113,-0.527344,111,78.0469,0.00,1,0.00
10.889393,264.0234,-0.615234,111,78.0469,0.00,1,0.00
10.890393,264.0234,-0.615234,111,78.0469,0.00,1,0.00
10.891394,264.0234,-0.615234,111,78.0469,0.00,1,0.00
10.892394,264.1113,-0.527344,111,78.0469,0.00,1,0.00
10.893395,264.1113,-0.527344,111,78.0469,0.00,1,0.00
10.894396,264.0234,-0.615234,111,78.0469,0.00,1,0.00
10.895396,264.0234,-0.615234,111,78.0469,0.00,1,0.00
10.896397,264.0234,-0.615234,111,78.0469,0.00,1,0.00
10.897397,264.0234,-0.615234,111,78.0469,0.00,1,0.00
10.898397,264.0234,-0.615234,111,78.0469,0.00,1,0.00
10.899398,263.9355,-0.703125,111,78.0469,0.00,1,0.00
10.900398,264.0234,-0.615234,111,78.0469,0.00,1,0.00
10.901399,264.0234,-0.615234,111,78.0469,0.00,1,0.00
10.902399,264.0234,-0.615234,111,78.0469,0.00,1,0.00
10.903400,264.1113,-0.527344,111,78.0469,0.00,1,0.00
10.904401,264.1113,-0.527344,111,78.0469,0.00,1,0.00
10.905401,264.1113,-0.527344,111,78.0469,0.00,1,0.00
10.906402,264.0234,-0.615234,111,78.0469,0.00,1,0.00
10.907402,264.1113,-0.527344,111,78.0469,0.00,1,0.00
10.908402,264.1113,-0.527344,111,78.0469,0.00,1,0.00
10.909403,264.0234,-0.615234,111,78.0469,0.00,1,0.00
10.910403,264.0234,-0.615234,111,78.0469,0.00,1,0.00
10.911404,264.0234,-0.615234,111,78.0469,0.00,1,0.00
10.912404,264.1113,-0.527344,111,78.0469,0.00,1,0.00
10.913405,264.1113,-0.527344,111,78.0469,0.00,1,0.00
10.914406,264.1113,-0.527344,111,78.0469,0.00,1,0.00
10.915406,264.0234,-0.615234,111,78.0469,0.00,1,0.00
10.916407,264.0234,-0.615234,111,78.0469,0.00,1,0.00
10.917407,264.1113,-0.527344,111,78.0469,0.00,1,0.00
10.918407,264.0234,-0.615234,111,78.0469,0.00,1,0.00
10.919408,264.0234,-0.615234,111,78.0469,0.00,1,0.00
10.920408,264.0234,-0.615234,111,78.0469,0.00,1,0.00
10.921409,264.0234,-0.615234,111,78.0469,0.00,1,0.00
10.922409,264.0234,-0.615234,111,78.0469,0.00,1,0.00
10.923410,264.0234,-0.615234,111,78.0469,0.00,1,0.00
10.924411,264.0234,-0.615234,111,78.0469,0.00,1,0.00
10.925411,264.0234,-0.615234,111,78.0469,0.00,1,0.00
10.926412,264.1992,-0.439453,111,78.0469,0.00,1,0.00
10.927412,264.1113,-0.527344,111,78.0469,0.00,1,0.00
10.928412,264.0234,-0.615234,111,78.0469,0.00,1,0.00
10.929413,264.0234,-0.615234,111,78.0469,0.00,1,0.00
10.930413,264.0234,-0.615234,111,78.0469,0.00,1,0.00
10.931414,264.0234,-0.615234,111,78.0469,0.00,1,0.00
10.932414,264.0234,-0.615234,111,78.0469,0.00,1,0.00
10.939662,264.0234,-0.615234,111,78.0469,0.00,1,0.00
10.940662,264.0234,-0.615234,111,78.0469,0.00,1,0.00
10.941663,264.1113,-0.527344,111,78.0469,0.00,1,0.00
10.942663,264.1113,-0.527344,111,78.0469,0.00,1,0.00
10.943664,264.0234,-0.615234,111,78.0469,0.00,1,0.00
10.944664,263.9355,-0.703125,111,78.0469,0.00,1,0.00
10.945664,263.9355,-0.703125,111,78.0469,0.00,1,0.00
10.946665,264.0234,-0.615234,111,78.0469,0.00,1,0.00
10.947665,264.0234,-0.615234,111,78.0469,0.00,1,0.00
10.948666,264.0234,-0.615234,111,78.0469,0.00,1,0.00
10.949666,264.1113,-0.527344,111,78.0469,0.00,1,0.00
10.950666,264.1113,-0.527344,111,78.0469,0.00,1,0.00
10.951667,264.1113,-0.527344,111,78.0469,0.00,1,0.00
10.952667,264.0234,-0.615234,111,78.0469,0.00,1,0.00
10.953668,263.9355,-0.703125,111,78.0469,0.00,1,0.00
10.954668,264.0234,-0.615234,111,78.0469,0.00,1,0.00
10.955669,264.0234,-0.615234,111,78.0469,0.00,1,0.00
10.956670,264.0234,-0.615234,111,78.0469,0.00,1,0.00
10.957670,264.0234,-0.615234,111,78.0469,0.00,1,0.00
10.958671,264.0234,-0.615234,111,78.0469,0.00,1,0.00
10.959671,264.0234,-0.615234,111,78.0469,0.00,1,0.00
10.960671,264.0234,-0.615234,111,78.0469,0.00,1,0.00
10.961672,264.0234,-0.615234,111,78.0469,0.00,1,0.00
10.962672,264.0234,-0.615234,111,78.0469,0.00,1,0.00
10.963673,264.1113,-0.527344,111,78.0469,0.00,1,0.00
10.964673,264.0234,-0.615234,111,78.0469,0.00,1,0.00
10.965673,264.0234,-0.615234,111,78.0469,0.00,1,0.00
10.966674,264.0234,-0.615234,111,78.0469,0.00,1,0.00
10.967674,264.1113,-0.527344,111,78.0469,0.00,1,0.00
10.968675,264.0234,-0.615234,111,78.0469,0.00,1,0.00
10.969675,264.0234,-0.615234,111,78.0469,0.00,1,0.00
10.970676,264.0234,-0.615234,111,78.0469,0.00,1,0.00
10.971677,264.0234,-0.615234,111,78.0469,0.00,1,0.00
10.972677,264.0234,-0.615234,111,78.0469,0.00,1,0.00
10.973678,264.0234,-0.615234,111,78.0469,0.00,1,0.00
10.974678,264.0234,-0.615234,111,78.0469,0.00,1,0.00
10.975678,264.0234,-0.615234,111,78.0469,0.00,1,0.00
10.976679,264.0234,-0.615234,111,78.0469,0.00,1,0.00
10.977679,264.0234,-0.615234,111,78.0469,0.00,1,0.00
10.978680,264.0234,-0.615234,111,78.0469,0.00,1,0.00
10.979680,264.0234,-0.615234,111,78.0469,0.00,1,0.00
10.980681,264.0234,-0.615234,111,78.0469,0.00,1,0.00
10.981682,264.0234,-0.615234,111,78.0469,0.00,1,0.00
10.982682,264.1113,-0.527344,111,78.0469,0.00,1,0.00
10.983683,264.1113,-0.527344,111,78.0469,0.00,1,0.00
10.984683,264.1113,-0.527344,111,78.0469,0.00,1,0.00
10.985683,264.0234,-0.615234,111,78.0469,0.00,1,0.00
10.986684,264.0234,-0.615234,111,78.0469,0.00,1,0.00
10.987684,264.0234,-0.615234,111,78.0469,0.00,1,0.00
10.988685,264.1113,-0.527344,111,78.0469,0.00,1,0.00
10.996519,264.0234,-0.615234,111,78.0469,0.00,1,0.00
10.997520,264.0234,-0.615234,111,78.0469,0.00,1,0.00
10.998521,264.0234,-0.615234,111,78.0469,0.00,1,0.00
10.999521,264.0234,-0.615234,111,78.0469,0.00,1,0.00
11.000522,264.0234,-0.615234,111,78.0469,0.00,1,0.00
11.001522,264.0234,-0.615234,111,78.0469,0.00,1,0.00
11.002523,264.1113,-0.527344,111,78.0469,0.00,1,0.00
11.003524,264.0234,-0.615234,111,78.0469,0.00,1,0.00
11.004524,264.0234,-0.615234,111,78.0469,0.00,1,0.00
11.005525,264.0234,-0.615234,111,78.0469,0.00,1,0.00
11.006525,264.0234,-0.615234,111,78.0469,0.00,1,0.00
11.007525,264.1113,-0.527344,111,78.0469,0.00,1,0.00
11.008526,264.1113,-0.527344,111,78.0469,0.00,1,0.00
11.009526,264.0234,-0.615234,111,78.0469,0.00,1,0.00
11.010527,264.0234,-0.615234,111,78.0469,0.00,1,0.00
11.011527,264.0234,-0.615234,111,78.0469,0.00,1,0.00
11.012528,264.0234,-0.615234,111,78.0469,0.00,1,0.00
11.013529,264.0234,-0.615234,111,78.0469,0.00,1,0.00
11.014529,264.0234,-0.615234,111,78.0469,0.00,1,0.00
11.015530,264.0234,-0.615234,111,78.0469,0.00,1,0.00
11.016530,264.0234,-0.615234,111,78.0469,0.00,1,0.00
11.017530,263.9355,-0.703125,111,78.0469,0.00,1,0.00
11.018531,264.0234,-0.615234,111,78.0469,0.00,1,0.00
11.019531,264.0234,-0.615234,111,78.0469,0.00,1,0.00
11.020532,264.0234,-0.615234,111,78.0469,0.00,1,0.00
11.021532,264.0234,-0.615234,111,78.0469,0.00,1,0.00
11.022533,264.0234,-0.615234,111,78.0469,0.00,1,0.00
11.023534,264.0234,-0.615234,111,78.0469,0.00,1,0.00
11.024534,264.0234,-0.615234,111,78.0469,0.00,1,0.00
11.025535,263.9355,-0.703125,111,78.0469,0.00,1,0.00
11.026535,263.9355,-0.703125,111,78.0469,0.00,1,0.00
11.027535,263.9355,-0.703125,111,78.0469,0.00,1,0.00
11.028536,263.9355,-0.703125,111,78.0469,0.00,1,0.00
11.029536,264.0234,-0.615234,111,78.0469,0.00,1,0.00
11.030537,264.1113,-0.527344,111,78.0469,0.00,1,0.00
11.031537,264.0234,-0.615234,111,78.0469,0.00,1,0.00
11.032538,264.0234,-0.615234,111,78.0469,0.00,1,0.00
11.033539,264.0234,-0.615234,111,78.0469,0.00,1,0.00
11.034539,264.0234,-0.615234,111,78.0469,0.00,1,0.00
11.035540,264.0234,-0.615234,111,78.0469,0.00,1,0.00
11.036540,264.0234,-0.615234,111,78.0469,0.00,1,0.00
11.037540,264.0234,-0.615234,111,78.0469,0.00,1,0.00
11.038541,264.0234,-0.615234,111,78.0469,0.00,1,0.00
11.039541,264.0234,-0.615234,111,78.0469,0.00,1,0.00
11.040542,264.0234,-0.615234,111,78.0469,0.00,1,0.00
11.041542,264.0234,-0.615234,111,78.0469,0.00,1,0.00
11.042543,264.0234,-0.615234,111,78.0469,0.00,1,0.00
11.043544,264.0234,-0.615234,111,78.0469,0.00,1,0.00
11.044544,264.0234,-0.615234,111,78.0469,0.00,1,0.00
11.045545,264.0234,-0.615234,111,78.0469,0.00,1,0.00
11.052636,264.0234,-0.615234,111,78.0469,0.00,1,0.00
11.053637,264.0234,-0.615234,111,78.0469,0.00,1,0.00
11.054637,264.0234,-0.615234,111,78.0469,0.00,1,0.00
11.055637,264.0234,-0.615234,111,78.0469,0.00,1,0.00
11.056638,264.0234,-0.615234,111,78.0469,0.00,1,0.00
11.057638,264.0234,-0.615234,111,78.0469,0.00,1,0.00
11.058639,263.9355,-0.703125,111,78.0469,0.00,1,0.00
11.059639,264.0234,-0.615234,111,78.0469,0.00,1,0.00
11.060639,264.0234,-0.615234,111,78.0469,0.00,1,0.00
11.061640,263.9355,-0.703125,111,78.0469,0.00,1,0.00
11.062640,264.0234,-0.615234,111,78.0469,0.00,1,0.00
11.063641,264.0234,-0.615234,111,78.0469,0.00,1,0.00
11.064641,264.1113,-0.527344,111,78.0469,0.00,1,0.00
11.065641,264.0234,-0.615234,111,78.0469,0.00,1,0.00
11.066642,264.0234,-0.615234,111,78.0469,0.00,1,0.00
11.067642,264.0234,-0.615234,111,78.0469,0.00,1,0.00
11.068643,264.0234,-0.615234,111,78.0469,0.00,1,0.00
11.069643,264.0234,-0.615234,111,78.0469,0.00,1,0.00
11.070643,264.0234,-0.615234,111,78.0469,0.00,1,0.00
11.071644,264.0234,-0.615234,111,78.0469,0.00,1,0.00
11.072644,264.0234,-0.615234,111,78.0469,0.00,1,0.00
11.073645,264.0234,-0.615234,111,78.0469,0.00,1,0.00
11.074645,264.0234,-0.615234,111,78.0469,0.00,1,0.00
11.075645,264.0234,-0.615234,111,78.0469,0.00,1,0.00
11.076646,264.0234,-0.615234,111,78.0469,0.00,1,0.00
11.077646,264.1113,-0.527344,111,78.0469,0.00,1,0.00
11.078647,264.0234,-0.615234,111,78.0469,0.00,1,0.00
11.079647,264.0234,-0.615234,111,78.0469,0.00,1,0.00
11.080648,264.1113,-0.527344,111,78.0469,0.00,1,0.00
11.081649,264.0234,-0.615234,111,78.0469,0.00,1,0.00
11.082649,264.0234,-0.615234,111,78.0469,0.00,1,0.00
11.083650,264.1113,-0.527344,111,78.0469,0.00,1,0.00
11.084650,264.0234,-0.615234,111,78.0469,0.00,1,0.00
11.085650,264.1113,-0.527344,111,78.0469,0.00,1,0.00
11.086651,264.0234,-0.615234,111,78.0469,0.00,1,0.00
11.087651,264.0234,-0.615234,111,78.0469,0.00,1,0.00
11.088652,264.0234,-0.615234,111,78.0469,0.00,1,0.00
11.089652,264.1113,-0.527344,111,78.0469,0.00,1,0.00
11.090653,264.1113,-0.527344,111,78.0469,0.00,1,0.00
11.091654,264.0234,-0.615234,111,78.0469,0.00,1,0.00
11.092654,264.0234,-0.615234,111,78.0469,0.00,1,0.00
11.093655,264.0234,-0.615234,111,78.0469,0.00,1,0.00
11.094655,263.9355,-0.703125,111,78.0469,0.00,1,0.00
11.095655,264.0234,-0.615234,111,78.0469,0.00,1,0.00
11.096656,264.0234,-0.615234,111,78.0469,0.00,1,0.00
11.097656,264.0234,-0.615234,111,78.0469,0.00,1,0.00
11.098657,264.0234,-0.615234,111,78.0469,0.00,1,0.00
11.099657,264.0234,-0.615234,111,78.0469,0.00,1,0.00
11.100658,264.0234,-0.615234,111,78.0469,0.00,1,0.00
11.101659,264.0234,-0.615234,111,78.0469,0.00,1,0.00
11.108862,264.0234,-0.615234,111,78.0469,0.00,1,0.00
11.109862,264.0234,-0.615234,111,78.0469,0.00,1,0.00
11.110863,264.0234,-0.615234,111,78.0469,0.00,1,0.00
11.111863,264.0234,-0.615234,111,78.0469,0.00,1,0.00
11.112864,264.0234,-0.615234,111,78.0469,0.00,1,0.00
11.113864,264.0234,-0.615234,111,78.0469,0.00,1,0.00
11.114864,264.0234,-0.615234,111,78.0469,0.00,1,0.00
11.115865,264.0234,-0.615234,111,78.0469,0.00,1,0.00
11.116865,264.0234,-0.615234,111,78.0469,0.00,1,0.00
11.117866,264.0234,-0.615234,111,78.0469,0.00,1,0.00
11.118866,264.0234,-0.615234,111,78.0469,0.00,1,0.00
11.119866,264.0234,-0.615234,111,78.0469,0.00,1,0.00
11.120867,264.0234,-0.615234,111,78.0469,0.00,1,0.00
11.121867,264.1113,-0.527344,111,78.0469,0.00,1,0.00
11.122868,264.1113,-0.527344,111,78.0469,0.00,1,0.00
11.123868,264.0234,-0.615234,111,78.0469,0.00,1,0.00
11.124868,264.0234,-0.615234,111,78.0469,0.00,1,0.00
11.125869,264.0234,-0.615234,111,78.0469,0.00,1,0.00
11.126869,264.0234,-0.615234,111,78.0469,0.00,1,0.00
11.127870,264.0234,-0.615234,111,78.0469,0.00,1,0.00
11.128870,264.0234,-0.615234,111,78.0469,0.00,1,0.00
11.129870,264.0234,-0.615234,111,78.0469,0.00,1,0.00
11.130871,264.0234,-0.615234,111,78.0469,0.00,1,0.00
11.131871,264.0234,-0.615234,111,78.0469,0.00,1,0.00
11.132872,264.0234,-0.615234,111,78.0469,0.00,1,0.00
11.133872,264.0234,-0.615234,111,78.0469,0.00,1,0.00
11.134872,264.0234,-0.615234,111,78.0469,0.00,1,0.00
11.135873,264.0234,-0.615234,111,78.0469,0.00,1,0.00
11.136873,264.0234,-0.615234,111,78.0469,0.00,1,0.00
11.137874,264.0234,-0.615234,111,78.0469,0.00,1,0.00
11.138874,264.0234,-0.615234,111,78.0469,0.00,1,0.00
11.139875,264.0234,-0.615234,111,78.0469,0.00,1,0.00
11.140876,264.0234,-0.615234,111,78.0469,0.00,1,0.00
11.141876,264.0234,-0.615234,111,78.0469,0.00,1,0.00
11.142877,264.0234,-0.615234,111,78.0469,0.00,1,0.00
11.143877,264.0234,-0.615234,111,78.0469,0.00,1,0.00
11.144877,264.0234,-0.615234,111,78.0469,0.00,1,0.00
11.145878,264.0234,-0.615234,111,78.0469,0.00,1,0.00
11.146878,264.0234,-0.615234,111,78.0469,0.00,1,0.00
11.147879,264.0234,-0.615234,111,78.0469,0.00,1,0.00
11.148879,264.1113,-0.527344,111,78.0469,0.00,1,0.00
11.149880,264.0234,-0.615234,111,78.0469,0.00,1,0.00
11.150881,263.9355,-0.703125,111,78.0469,0.00,1,0.00
11.151881,263.9355,-0.703125,111,78.0469,0.00,1,0.00
11.152882,264.0234,-0.615234,111,78.0469,0.00,1,0.00
11.153882,264.0234,-0.615234,111,78.0469,0.00,1,0.00
11.154882,264.0234,-0.615234,111,78.0469,0.00,1,0.00
11.155883,264.0234,-0.615234,111,78.0469,0.00,1,0.00
11.156883,263.9355,-0.703125,111,78.0469,0.00,1,0.00
11.157884,264.0234,-0.615234,111,78.0469,0.00,1,0.00
11.165106,264.0234,-0.615234,111,78.0469,0.00,1,0.00
11.166106,263.9355,-0.703125,111,78.0469,0.00,1,0.00
11.167107,263.9355,-0.703125,111,78.0469,0.00,1,0.00
11.168107,264.0234,-0.615234,111,78.0469,0.00,1,0.00
11.169107,264.0234,-0.615234,111,78.0469,0.00,1,0.00
11.170108,264.0234,-0.615234,111,78.0469,0.00,1,0.00
11.171108,264.0234,-0.615234,111,78.0469,0.00,1,0.00
11.172109,264.1113,-0.527344,111,78.0469,0.00,1,0.00
11.173109,264.1113,-0.527344,111,78.0469,0.00,1,0.00
11.174110,264.0234,-0.615234,111,78.0469,0.00,1,0.00
11.175111,264.0234,-0.615234,111,78.0469,0.00,1,0.00
11.176111,264.0234,-0.615234,111,78.0469,0.00,1,0.00
11.177112,264.0234,-0.615234,111,78.0469,0.00,1,0.00
11.178112,264.0234,-0.615234,111,78.0469,0.00,1,0.00
11.179112,264.0234,-0.615234,111,78.0469,0.00,1,0.00
11.180113,264.0234,-0.615234,111,78.0469,0.00,1,0.00
11.181113,264.0234,-0.615234,111,78.0469,0.00,1,0.00
11.182114,264.0234,-0.615234,111,78.0469,0.00,1,0.00
11.183114,264.0234,-0.615234,111,78.0469,0.00,1,0.00
11.184115,264.0234,-0.615234,111,78.0469,0.00,1,0.00
11.185116,264.0234,-0.615234,111,78.0469,0.00,1,0.00
11.186116,264.0234,-0.615234,111,78.0469,0.00,1,0.00
11.187117,264.0234,-0.615234,111,78.0469,0.00,1,0.00
11.188117,264.1113,-0.527344,111,78.0469,0.00,1,0.00
11.189117,264.0234,-0.615234,111,78.0469,0.00,1,0.00
11.190118,264.0234,-0.615234,111,78.0469,0.00,1,0.00
11.191118,264.0234,-0.615234,111,78.0469,0.00,1,0.00
11.192119,264.0234,-0.615234,111,78.0469,0.00,1,0.00
11.193119,264.0234,-0.615234,111,78.0469,0.00,1,0.00
11.194120,264.0234,-0.615234,111,78.0469,0.00,1,0.00
11.195121,264.0234,-0.615234,111,78.0469,0.00,1,0.00
11.196121,264.0234,-0.615234,111,78.0469,0.00,1,0.00
11.197122,264.0234,-0.615234,111,78.0469,0.00,1,0.00
11.198122,264.0234,-0.615234,111,78.0469,0.00,1,0.00
11.199122,264.0234,-0.615234,111,78.0469,0.00,1,0.00
11.200123,264.0234,-0.615234,111,78.0469,0.00,1,0.00
11.201123,264.0234,-0.615234,111,78.0469,0.00,1,0.00
11.202124,264.0234,-0.615234,111,78.0469,0.00,1,0.00
11.203124,264.0234,-0.615234,111,78.0469,0.00,1,0.00
11.204125,264.0234,-0.615234,111,78.0469,0.00,1,0.00
11.205126,264.0234,-0.615234,111,78.0469,0.00,1,0.00
11.206126,264.1113,-0.527344,111,78.0469,0.00,1,0.00
11.207127,264.0234,-0.615234,111,78.0469,0.00,1,0.00
11.208127,264.0234,-0.615234,111,78.0469,0.00,1,0.00
11.209127,264.1113,-0.527344,111,78.0469,0.00,1,0.00
11.210128,264.0234,-0.615234,111,78.0469,0.00,1,0.00
11.211128,264.0234,-0.615234,111,78.0469,0.00,1,0.00
11.212129,264.1113,-0.527344,111,78.0469,0.00,1,0.00
11.213129,264.0234,-0.615234,111,78.0469,0.00,1,0.00
11.214129,264.0234,-0.615234,111,78.0469,0.00,1,0.00
11.221354,264.0234,-0.615234,111,78.0469,0.00,1,0.00
11.222354,264.0234,-0.615234,111,78.0469,0.00,1,0.00
11.223354,264.0234,-0.615234,111,78.0469,0.00,1,0.00
11.224355,264.0234,-0.615234,111,78.0469,0.00,1,0.00
11.225355,264.0234,-0.615234,111,78.0469,0.00,1,0.00
11.226356,264.0234,-0.615234,111,78.0469,0.00,1,0.00
11.227356,264.0234,-0.615234,111,78.0469,0.00,1,0.00
11.228356,264.1113,-0.527344,111,78.0469,0.00,1,0.00
11.229357,264.1113,-0.527344,111,78.0469,0.00,1,0.00
11.230357,264.1113,-0.527344,111,78.0469,0.00,1,0.00
11.231358,264.0234,-0.615234,111,78.0469,0.00,1,0.00
11.232358,264.0234,-0.615234,111,78.0469,0.00,1,0.00
11.233358,264.0234,-0.615234,111,78.0469,0.00,1,0.00
11.234359,264.0234,-0.615234,111,78.0469,0.00,1,0.00
11.235359,264.1113,-0.527344,111,78.0469,0.00,1,0.00
11.236360,264.1113,-0.527344,111,78.0469,0.00,1,0.00
11.237360,264.1113,-0.527344,111,78.0469,0.00,1,0.00
11.238360,264.0234,-0.615234,111,78.0469,0.00,1,0.00
11.239361,264.0234,-0.615234,111,78.0469,0.00,1,0.00
11.240361,264.0234,-0.615234,111,78.0469,0.00,1,0.00
11.241362,264.0234,-0.615234,111,78.0469,0.00,1,0.00
11.242362,264.1113,-0.527344,111,78.0469,0.00,1,0.00
11.243362,264.0234,-0.615234,111,78.0469,0.00,1,0.00
11.244363,263.9355,-0.703125,111,78.0469,0.00,1,0.00
11.245363,263.9355,-0.703125,111,78.0469,0.00,1,0.00
11.246364,264.0234,-0.615234,111,78.0469,0.00,1,0.00
11.247364,264.1113,-0.527344,111,78.0469,0.00,1,0.00
11.248365,264.1113,-0.527344,111,78.0469,0.00,1,0.00
11.249366,264.0234,-0.615234,111,78.0469,0.00,1,0.00
11.250366,264.1113,-0.527344,111,78.0469,0.00,1,0.00
11.251367,264.1113,-0.527344,111,78.0469,0.00,1,0.00
11.252367,264.0234,-0.615234,111,78.0469,0.00,1,0.00
11.253367,264.0234,-0.615234,111,78.0469,0.00,1,0.00
11.254368,264.0234,-0.615234,111,78.0469,0.00,1,0.00
11.255368,264.0234,-0.615234,111,78.0469,0.00,1,0.00
11.256369,264.0234,-0.615234,111,78.0469,0.00,1,0.00
11.257369,263.9355,-0.703125,111,78.0469,0.00,1,0.00
11.258369,263.9355,-0.703125,111,78.0469,0.00,1,0.00
11.259370,264.0234,-0.615234,111,78.0469,0.00,1,0.00
11.260370,264.0234,-0.615234,111,78.0469,0.00,1,0.00
11.261371,264.1113,-0.527344,111,78.0469,0.00,1,0.00
11.262371,264.0234,-0.615234,111,78.0469,0.00,1,0.00
11.263372,264.0234,-0.615234,111,78.0469,0.00,1,0.00
11.264373,264.0234,-0.615234,111,78.0469,0.00,1,0.00
11.265373,264.0234,-0.615234,111,78.0469,0.00,1,0.00
11.266374,264.0234,-0.615234,111,78.0469,0.00,1,0.00
11.267374,264.0234,-0.615234,111,78.0469,0.00,1,0.00
11.268374,264.0234,-0.615234,111,78.0469,0.00,1,0.00
11.269375,264.0234,-0.615234,111,78.0469,0.00,1,0.00
11.270375,264.0234,-0.615234,111,78.0469,0.00,1,0.00
11.277622,264.0234,-0.615234,111,78.0469,0.00,1,0.00
11.278623,264.0234,-0.615234,111,78.0469,0.00,1,0.00
11.279623,264.0234,-0.615234,111,78.0469,0.00,1,0.00
11.280623,263.9355,-0.703125,111,78.0469,0.00,1,0.00
11.281624,263.9355,-0.703125,111,78.0469,0.00,1,0.00
11.282624,264.0234,-0.615234,111,78.0469,0.00,1,0.00
11.283625,264.0234,-0.615234,111,78.0469,0.00,1,0.00
11.284625,264.0234,-0.615234,111,78.0469,0.00,1,0.00
11.285626,264.0234,-0.615234,111,78.0469,0.00,1,0.00
11.286627,264.0234,-0.615234,111,78.0469,0.00,1,0.00
11.287627,264.0234,-0.615234,111,78.0469,0.00,1,0.00
11.288628,264.0234,-0.615234,111,78.0469,0.00,1,0.00
11.289628,264.0234,-0.615234,111,78.0469,0.00,1,0.00
11.290628,264.1113,-0.527344,111,78.0469,0.00,1,0.00
11.291629,264.0234,-0.615234,111,78.0469,0.00,1,0.00
11.292629,264.0234,-0.615234,111,78.0469,0.00,1,0.00
11.293630,264.0234,-0.615234,111,78.0469,0.00,1,0.00
11.294630,264.0234,-0.615234,111,78.0469,0.00,1,0.00
11.295631,264.0234,-0.615234,111,78.0469,0.00,1,0.00
11.296632,264.0234,-0.615234,111,78.0469,0.00,1,0.00
11.297632,264.0234,-0.615234,111,78.0469,0.00,1,0.00
11.298633,264.0234,-0.615234,111,78.0469,0.00,1,0.00
11.299633,264.0234,-0.615234,111,78.0469,0.00,1,0.00
11.300633,264.0234,-0.615234,111,78.0469,0.00,1,0.00
11.301634,264.0234,-0.615234,111,78.0469,0.00,1,0.00
11.302634,264.0234,-0.615234,111,78.0469,0.00,1,0.00
11.303635,264.1113,-0.527344,111,78.0469,0.00,1,0.00
11.304635,264.0234,-0.615234,111,78.0469,0.00,1,0.00
11.305636,264.0234,-0.615234,111,78.0469,0.00,1,0.00
11.306637,264.0234,-0.615234,111,78.0469,0.00,1,0.00
11.307637,264.0234,-0.615234,111,78.0469,0.00,1,0.00
11.308638,264.0234,-0.615234,111,78.0469,0.00,1,0.00
11.309638,264.0234,-0.615234,111,78.0469,0.00,1,0.00
11.310638,264.0234,-0.615234,111,78.0469,0.00,1,0.00
11.311639,264.1113,-0.527344,111,78.0469,0.00,1,0.00
11.312639,264.0234,-0.615234,111,78.0469,0.00,1,0.00
11.313640,264.0234,-0.615234,111,78.0469,0.00,1,0.00
11.314640,264.0234,-0.615234,111,78.0469,0.00,1,0.00
11.315641,264.0234,-0.615234,111,78.0469,0.00,1,0.00
11.316642,264.1113,-0.527344,111,78.0469,0.00,1,0.00
11.317642,264.1113,-0.527344,111,78.0469,0.00,1,0.00
11.318643,264.0234,-0.615234,111,78.0469,0.00,1,0.00
11.319643,264.0234,-0.615234,111,78.0469,0.00,1,0.00
11.320643,264.0234,-0.615234,111,78.0469,0.00,1,0.00
11.321644,264.0234,-0.615234,111,78.0469,0.00,1,0.00
11.322644,264.0234,-0.615234,111,78.0469,0.00,1,0.00
11.323645,264.0234,-0.615234,111,78.0469,0.00,1,0.00
11.324645,264.0234,-0.615234,111,78.0469,0.00,1,0.00
11.325645,264.0234,-0.615234,111,78.0469,0.00,1,0.00
11.326646,264.0234,-0.615234,111,78.0469,0.00,1,0.00
11.334354,264.0234,-0.615234,111,78.0469,0.00,1,0.00
11.335355,264.0234,-0.615234,111,78.0469,0.00,1,0.00
11.336355,264.0234,-0.615234,111,78.0469,0.00,1,0.00
11.337356,264.0234,-0.615234,111,78.0469,0.00,1,0.00
11.338356,264.1113,-0.527344,111,78.0469,0.00,1,0.00
11.339356,264.1113,-0.527344,111,78.0469,0.00,1,0.00
11.340357,264.0234,-0.615234,111,78.0469,0.00,1,0.00
11.341357,264.1113,-0.527344,111,78.0469,0.00,1,0.00
11.342358,264.1113,-0.527344,111,78.0469,0.00,1,0.00
11.343358,264.1113,-0.527344,111,78.0469,0.00,1,0.00
11.344358,264.0234,-0.615234,111,78.0469,0.00,1,0.00
11.345359,264.0234,-0.615234,111,78.0469,0.00,1,0.00
11.346359,264.0234,-0.615234,111,78.0469,0.00,1,0.00
11.347360,264.1113,-0.527344,111,78.0469,0.00,1,0.00
11.348360,264.1113,-0.527344,111,78.0469,0.00,1,0.00
11.349361,264.1113,-0.527344,111,78.0469,0.00,1,0.00
11.350362,264.0234,-0.615234,111,78.0469,0.00,1,0.00
11.351362,264.0234,-0.615234,111,78.0469,0.00,1,0.00
11.352363,264.0234,-0.615234,111,78.0469,0.00,1,0.00
11.353363,264.1113,-0.527344,111,78.0469,0.00,1,0.00
11.354363,264.0234,-0.615234,111,78.0469,0.00,1,0.00
11.355364,264.0234,-0.615234,111,78.0469,0.00,1,0.00
11.356364,264.0234,-0.615234,111,78.0469,0.00,1,0.00
11.357365,264.0234,-0.615234,111,78.0469,0.00,1,0.00
11.358365,264.0234,-0.615234,111,78.0469,0.00,1,0.00
11.359366,264.0234,-0.615234,111,78.0469,0.00,1,0.00
11.360367,264.0234,-0.615234,111,78.0469,0.00,1,0.00
11.361367,264.0234,-0.615234,111,78.0469,0.00,1,0.00
11.362368,264.1113,-0.527344,111,78.0469,0.00,1,0.00
11.363368,264.0234,-0.615234,111,78.0469,0.00,1,0.00
11.364368,264.0234,-0.615234,111,78.0469,0.00,1,0.00
11.365369,264.0234,-0.615234,111,78.0469,0.00,1,0.00
11.366369,264.0234,-0.615234,111,78.0469,0.00,1,0.00
11.367370,264.1113,-0.527344,111,78.0469,0.00,1,0.00
11.368370,264.0234,-0.615234,111,78.0469,0.00,1,0.00
11.369371,264.0234,-0.615234,111,78.0469,0.00,1,0.00
11.370372,264.0234,-0.615234,111,78.0469,0.00,1,0.00
11.371372,263.9355,-0.703125,111,78.0469,0.00,1,0.00
11.372373,263.9355,-0.703125,111,78.0469,0.00,1,0.00
11.373373,264.0234,-0.615234,111,78.0469,0.00,1,0.00
11.374373,264.0234,-0.615234,111,78.0469,0.00,1,0.00
11.375374,264.0234,-0.615234,111,78.0469,0.00,1,0.00
11.376374,264.0234,-0.615234,111,78.0469,0.00,1,0.00
11.377375,264.0234,-0.615234,111,78.0469,0.00,1,0.00
11.378375,264.0234,-0.615234,111,78.0469,0.00,1,0.00
11.379376,264.0234,-0.615234,111,78.0469,0.00,1,0.00
11.380377,264.0234,-0.615234,111,78.0469,0.00,1,0.00
11.381377,264.0234,-0.615234,111,78.0469,0.00,1,0.00
11.382378,264.0234,-0.615234,111,78.0469,0.00,1,0.00
11.383378,263.9355,-0.703125,111,78.0469,0.00,1,0.00
11.390474,264.0234,-0.615234,111,78.0469,0.00,1,0.00
11.391475,264.0234,-0.615234,111,78.0469,0.00,1,0.00
11.392475,264.0234,-0.615234,111,78.0469,0.00,1,0.00
11.393476,264.0234,-0.615234,111,78.0469,0.00,1,0.00
11.394476,264.1113,-0.527344,111,78.0469,0.00,1,0.00
11.395476,264.0234,-0.615234,111,78.0469,0.00,1,0.00
11.396477,264.0234,-0.615234,111,78.0469,0.00,1,0.00
11.397477,264.0234,-0.615234,111,78.0469,0.00,1,0.00
11.398478,264.0234,-0.615234,111,78.0469,0.00,1,0.00
11.399478,264.0234,-0.615234,111,78.0469,0.00,1,0.00
11.400478,264.1113,-0.527344,111,78.0469,0.00,1,0.00
11.401479,264.0234,-0.615234,111,78.0469,0.00,1,0.00
11.402479,264.0234,-0.615234,111,78.0469,0.00,1,0.00
11.403480,264.1113,-0.527344,111,78.0469,0.00,1,0.00
11.404480,264.0234,-0.615234,111,78.0469,0.00,1,0.00
11.405480,264.0234,-0.615234,111,78.0469,0.00,1,0.00
11.406481,264.0234,-0.615234,111,78.0469,0.00,1,0.00
11.407481,264.0234,-0.615234,111,78.0469,0.00,1,0.00
11.408482,264.0234,-0.615234,111,78.0469,0.00,1,0.00
11.409482,264.0234,-0.615234,111,78.0469,0.00,1,0.00
11.410482,263.9355,-0.703125,111,78.0469,0.00,1,0.00
11.411483,264.0234,-0.615234,111,78.0469,0.00,1,0.00
11.412483,264.0234,-0.615234,111,78.0469,0.00,1,0.00
11.413484,264.0234,-0.615234,111,78.0469,0.00,1,0.00
11.414484,264.0234,-0.615234,111,78.0469,0.00,1,0.00
11.415484,264.0234,-0.615234,111,78.0469,0.00,1,0.00
11.416485,264.0234,-0.615234,111,78.0469,0.00,1,0.00
11.417485,264.0234,-0.615234,111,78.0469,0.00,1,0.00
11.418486,264.0234,-0.615234,111,78.0469,0.00,1,0.00
11.419486,264.0234,-0.615234,111,78.0469,0.00,1,0.00
11.420487,264.0234,-0.615234,111,78.0469,0.00,1,0.00
11.421488,264.0234,-0.615234,111,78.0469,0.00,1,0.00
11.422488,264.0234,-0.615234,111,78.0469,0.00,1,0.00
11.423489,264.1113,-0.527344,111,78.0469,0.00,1,0.00
11.424489,264.0234,-0.615234,111,78.0469,0.00,1,0.00
11.425489,264.0234,-0.615234,111,78.0469,0.00,1,0.00
11.426490,263.9355,-0.703125,111,78.0469,0.00,1,0.00
11.427490,263.9355,-0.703125,111,78.0469,0.00,1,0.00
11.428491,264.0234,-0.615234,111,78.0469,0.00,1,0.00
11.429491,264.0234,-0.615234,111,78.0469,0.00,1,0.00
11.430491,263.9355,-0.703125,111,78.0469,0.00,1,0.00
11.431492,264.0234,-0.615234,111,78.0469,0.00,1,0.00
11.432492,264.0234,-0.615234,111,78.0469,0.00,1,0.00
11.433493,264.0234,-0.615234,111,78.0469,0.00,1,0.00
11.434493,264.0234,-0.615234,111,78.0469,0.00,1,0.00
11.435494,264.0234,-0.615234,111,78.0469,0.00,1,0.00
11.436495,264.0234,-0.615234,111,78.0469,0.00,1,0.00
11.437495,264.1113,-0.527344,111,78.0469,0.00,1,0.00
11.438496,264.1113,-0.527344,111,78.0469,0.00,1,0.00
11.439496,264.0234,-0.615234,111,78.0469,0.00,1,0.00
11.446699,264.0234,-0.615234,111,78.0469,0.00,1,0.00
11.447700,264.1113,-0.527344,111,78.0469,0.00,1,0.00
11.448700,264.1113,-0.527344,111,78.0469,0.00,1,0.00
11.449700,264.1113,-0.527344,111,78.0469,0.00,1,0.00
11.450701,264.0234,-0.615234,111,78.0469,0.00,1,0.00
11.451701,264.1113,-0.527344,111,78.0469,0.00,1,0.00
11.452702,264.1113,-0.527344,111,78.0469,0.00,1,0.00
11.453702,264.1113,-0.527344,111,78.0469,0.00,1,0.00
11.454702,264.1113,-0.527344,111,78.0469,0.00,1,0.00
11.455703,264.1113,-0.527344,111,78.0469,0.00,1,0.00
11.456703,264.0234,-0.615234,111,78.0469,0.00,1,0.00
11.457704,264.0234,-0.615234,111,78.0469,0.00,1,0.00
11.458704,264.0234,-0.615234,111,78.0469,0.00,1,0.00
11.459704,264.0234,-0.615234,111,78.0469,0.00,1,0.00
11.460705,264.0234,-0.615234,111,78.0469,0.00,1,0.00
11.461705,264.0234,-0.615234,111,78.0469,0.00,1,0.00
11.462706,264.0234,-0.615234,111,78.0469,0.00,1,0.00
11.463706,264.1113,-0.527344,111,78.0469,0.00,1,0.00
11.464706,264.1113,-0.527344,111,78.0469,0.00,1,0.00
11.465707,264.0234,-0.615234,111,78.0469,0.00,1,0.00
11.466707,264.0234,-0.615234,111,78.0469,0.00,1,0.00
11.467708,264.0234,-0.615234,111,78.0469,0.00,1,0.00
11.468708,264.0234,-0.615234,111,78.0469,0.00,1,0.00
11.469708,264.1113,-0.527344,111,78.0469,0.00,1,0.00
11.470709,264.0234,-0.615234,111,78.0469,0.00,1,0.00
11.471709,264.0234,-0.615234,111,78.0469,0.00,1,0.00
11.472710,264.0234,-0.615234,111,78.0469,0.00,1,0.00
11.473710,264.0234,-0.615234,111,78.0469,0.00,1,0.00
11.474711,264.1113,-0.527344,111,78.0469,0.00,1,0.00
11.475712,264.1113,-0.527344,111,78.0469,0.00,1,0.00
11.476712,264.0234,-0.615234,111,78.0469,0.00,1,0.00
11.477713,264.1113,-0.527344,111,78.0469,0.00,1,0.00
11.478713,264.0234,-0.615234,111,78.0469,0.00,1,0.00
11.479713,264.0234,-0.615234,111,78.0469,0.00,1,0.00
11.480714,264.1113,-0.527344,111,78.0469,0.00,1,0.00
11.481714,264.1113,-0.527344,111,78.0469,0.00,1,0.00
11.482715,264.0234,-0.615234,111,78.0469,0.00,1,0.00
11.483715,264.0234,-0.615234,111,78.0469,0.00,1,0.00
11.484716,264.0234,-0.615234,111,78.0469,0.00,1,0.00
11.485717,264.0234,-0.615234,111,78.0469,0.00,1,0.00
11.486717,264.0234,-0.615234,111,78.0469,0.00,1,0.00
11.487718,264.1113,-0.527344,111,78.0469,0.00,1,0.00
11.488718,264.1113,-0.527344,111,78.0469,0.00,1,0.00
11.489718,264.1113,-0.527344,111,78.0469,0.00,1,0.00
11.490719,264.0234,-0.615234,111,78.0469,0.00,1,0.00
11.491719,264.0234,-0.615234,111,78.0469,0.00,1,0.00
11.492720,264.0234,-0.615234,111,78.0469,0.00,1,0.00
11.493720,264.0234,-0.615234,111,78.0469,0.00,1,0.00
11.494721,264.0234,-0.615234,111,78.0469,0.00,1,0.00
11.495722,264.0234,-0.615234,111,78.0469,0.00,1,0.00
11.502975,264.0234,-0.615234,111,78.0469,0.00,1,0.00
11.503975,263.9355,-0.703125,111,78.0469,0.00,1,0.00
11.504975,264.0234,-0.615234,111,78.0469,0.00,1,0.00
11.505976,264.1113,-0.527344,111,78.0469,0.00,1,0.00
11.506976,264.1113,-0.527344,111,78.0469,0.00,1,0.00
11.507977,264.1113,-0.527344,111,78.0469,0.00,1,0.00
11.508977,264.1113,-0.527344,111,78.0469,0.00,1,0.00
11.509977,264.1113,-0.527344,111,78.0469,0.00,1,0.00
11.510978,264.0234,-0.615234,111,78.0469,0.00,1,0.00
11.511978,264.0234,-0.615234,111,78.0469,0.00,1,0.00
11.512979,264.0234,-0.615234,111,78.0469,0.00,1,0.00
11.513979,264.1113,-0.527344,111,78.0469,0.00,1,0.00
11.514979,264.1113,-0.527344,111,78.0469,0.00,1,0.00
11.515980,264.0234,-0.615234,111,78.0469,0.00,1,0.00
11.516980,264.0234,-0.615234,111,78.0469,0.00,1,0.00
11.517981,264.0234,-0.615234,111,78.0469,0.00,1,0.00
11.518981,263.9355,-0.703125,111,78.0469,0.00,1,0.00
11.519981,264.0234,-0.615234,111,78.0469,0.00,1,0.00
11.520982,264.1113,-0.527344,111,78.0469,0.00,1,0.00
11.521982,264.0234,-0.615234,111,78.0469,0.00,1,0.00
11.522983,264.0234,-0.615234,111,78.0469,0.00,1,0.00
11.523983,264.0234,-0.615234,111,78.0469,0.00,1,0.00
11.524983,264.0234,-0.615234,111,78.0469,0.00,1,0.00
11.525984,264.1113,-0.527344,111,78.0469,0.00,1,0.00
11.526984,264.0234,-0.615234,111,78.0469,0.00,1,0.00
11.527985,264.0234,-0.615234,111,78.0469,0.00,1,0.00
11.528985,264.0234,-0.615234,111,78.0469,0.00,1,0.00
11.529985,264.1113,-0.527344,111,78.0469,0.00,1,0.00
11.530986,264.0234,-0.615234,111,78.0469,0.00,1,0.00
11.531986,264.0234,-0.615234,111,78.0469,0.00,1,0.00
11.532987,264.0234,-0.615234,111,78.0469,0.00,1,0.00
11.533987,264.0234,-0.615234,111,78.0469,0.00,1,0.00
11.534988,264.1113,-0.527344,111,78.0469,0.00,1,0.00
11.535989,264.1113,-0.527344,111,78.0469,0.00,1,0.00
11.536989,264.1113,-0.527344,111,78.0469,0.00,1,0.00
11.537990,264.0234,-0.615234,111,78.0469,0.00,1,0.00
11.538990,264.0234,-0.615234,111,78.0469,0.00,1,0.00
11.539990,264.0234,-0.615234,111,78.0469,0.00,1,0.00
11.540991,264.0234,-0.615234,111,78.0469,0.00,1,0.00
11.541991,264.1113,-0.527344,111,78.0469,0.00,1,0.00
11.542992,264.1113,-0.527344,111,78.0469,0.00,1,0.00
11.543992,264.0234,-0.615234,111,78.0469,0.00,1,0.00
11.544992,264.0234,-0.615234,111,78.0469,0.00,1,0.00
11.545993,264.1113,-0.527344,111,78.0469,0.00,1,0.00
11.546993,264.1113,-0.527344,111,78.0469,0.00,1,0.00
11.547994,264.0234,-0.615234,111,78.0469,0.00,1,0.00
11.548994,264.0234,-0.615234,111,78.0469,0.00,1,0.00
11.549995,264.0234,-0.615234,111,78.0469,0.00,1,0.00
11.550996,264.0234,-0.615234,111,78.0469,0.00,1,0.00
11.551996,264.0234,-0.615234,111,78.0469,0.00,1,0.00
11.559225,264.0234,-0.615234,111,78.0469,0.00,1,0.00
11.560226,264.0234,-0.615234,111,78.0469,0.00,1,0.00
11.561227,264.0234,-0.615234,111,78.0469,0.00,1,0.00
11.562227,264.0234,-0.615234,111,78.0469,0.00,1,0.00
11.563228,264.0234,-0.615234,111,78.0469,0.00,1,0.00
11.564228,264.0234,-0.615234,111,78.0469,0.00,1,0.00
11.565229,264.1113,-0.527344,111,78.0469,0.00,1,0.00
11.566230,264.1113,-0.527344,111,78.0469,0.00,1,0.00
11.567230,264.1113,-0.527344,111,78.0469,0.00,1,0.00
11.568231,264.0234,-0.615234,111,78.0469,0.00,1,0.00
11.569231,264.0234,-0.615234,111,78.0469,0.00,1,0.00
11.570231,263.9355,-0.703125,111,78.0469,0.00,1,0.00
11.571232,264.0234,-0.615234,111,78.0469,0.00,1,0.00
11.572232,264.0234,-0.615234,111,78.0469,0.00,1,0.00
11.573233,264.0234,-0.615234,111,78.0469,0.00,1,0.00
11.574233,264.0234,-0.615234,111,78.0469,0.00,1,0.00
11.575234,264.0234,-0.615234,111,78.0469,0.00,1,0.00
11.576235,264.0234,-0.615234,111,78.0469,0.00,1,0.00
11.577235,264.0234,-0.615234,111,78.0469,0.00,1,0.00
11.578236,264.0234,-0.615234,111,78.0469,0.00,1,0.00
11.579236,264.0234,-0.615234,111,78.0469,0.00,1,0.00
11.580236,264.0234,-0.615234,111,78.0469,0.00,1,0.00
11.581237,264.0234,-0.615234,111,78.0469,0.00,1,0.00
11.582237,264.0234,-0.615234,111,78.0469,0.00,1,0.00
11.583238,264.0234,-0.615234,111,78.0469,0.00,1,0.00
11.584238,264.0234,-0.615234,111,78.0469,0.00,1,0.00
11.585239,264.0234,-0.615234,111,78.0469,0.00,1,0.00
11.586240,264.0234,-0.615234,111,78.0469,0.00,1,0.00
11.587240,264.0234,-0.615234,111,78.0469,0.00,1,0.00
11.588241,263.9355,-0.703125,111,78.0469,0.00,1,0.00
11.589241,264.0234,-0.615234,111,78.0469,0.00,1,0.00
11.590241,264.0234,-0.615234,111,78.0469,0.00,1,0.00
11.591242,264.0234,-0.615234,111,78.0469,0.00,1,0.00
11.592242,264.1113,-0.527344,111,78.0469,0.00,1,0.00
11.593243,264.0234,-0.615234,111,78.0469,0.00,1,0.00
11.594243,264.0234,-0.615234,111,78.0469,0.00,1,0.00
11.595244,264.0234,-0.615234,111,78.0469,0.00,1,0.00
11.596245,264.0234,-0.615234,111,78.0469,0.00,1,0.00
11.597245,264.0234,-0.615234,111,78.0469,0.00,1,0.00
11.598246,264.0234,-0.615234,111,78.0469,0.00,1,0.00
11.599246,264.0234,-0.615234,111,78.0469,0.00,1,0.00
11.600246,264.0234,-0.615234,111,78.0469,0.00,1,0.00
11.601247,263.9355,-0.703125,111,78.0469,0.00,1,0.00
11.602247,263.9355,-0.703125,111,78.0469,0.00,1,0.00
11.603248,264.0234,-0.615234,111,78.0469,0.00,1,0.00
11.604248,264.0234,-0.615234,111,78.0469,0.00,1,0.00
11.605249,264.0234,-0.615234,111,78.0469,0.00,1,0.00
11.606250,264.1113,-0.527344,111,78.0469,0.00,1,0.00
11.607250,264.0234,-0.615234,111,78.0469,0.00,1,0.00
11.608251,264.0234,-0.615234,111,78.0469,0.00,1,0.00
11.615503,263.9355,-0.703125,111,78.0469,0.00,1,0.00
11.616504,264.0234,-0.615234,111,78.0469,0.00,1,0.00
11.617504,264.0234,-0.615234,111,78.0469,0.00,1,0.00
11.618505,263.9355,-0.703125,111,78.0469,0.00,1,0.00
11.619505,264.0234,-0.615234,111,78.0469,0.00,1,0.00
11.620505,264.0234,-0.615234,111,78.0469,0.00,1,0.00
11.621506,264.0234,-0.615234,111,78.0469,0.00,1,0.00
11.622506,264.0234,-0.615234,111,78.0469,0.00,1,0.00
11.623507,264.1113,-0.527344,111,78.0469,0.00,1,0.00
11.624507,264.0234,-0.615234,111,78.0469,0.00,1,0.00
11.625507,264.0234,-0.615234,111,78.0469,0.00,1,0.00
11.626508,264.0234,-0.615234,111,78.0469,0.00,1,0.00
11.627508,264.1113,-0.527344,111,78.0469,0.00,1,0.00
11.628509,264.1113,-0.527344,111,78.0469,0.00,1,0.00
11.629509,264.1113,-0.527344,111,78.0469,0.00,1,0.00
11.630509,264.1113,-0.527344,111,78.0469,0.00,1,0.00
11.631510,264.1113,-0.527344,111,78.0469,0.00,1,0.00
11.632510,264.0234,-0.615234,111,78.0469,0.00,1,0.00
11.633511,264.0234,-0.615234,111,78.0469,0.00,1,0.00
11.634511,264.0234,-0.615234,111,78.0469,0.00,1,0.00
11.635511,264.0234,-0.615234,111,78.0469,0.00,1,0.00
11.636512,264.0234,-0.615234,111,78.0469,0.00,1,0.00
11.637512,264.1113,-0.527344,111,78.0469,0.00,1,0.00
11.638513,264.0234,-0.615234,111,78.0469,0.00,1,0.00
11.639513,264.0234,-0.615234,111,78.0469,0.00,1,0.00
11.640513,264.0234,-0.615234,111,78.0469,0.00,1,0.00
11.641514,264.0234,-0.615234,111,78.0469,0.00,1,0.00
11.642514,264.0234,-0.615234,111,78.0469,0.00,1,0.00
11.643515,264.0234,-0.615234,111,78.0469,0.00,1,0.00
11.644515,264.0234,-0.615234,111,78.0469,0.00,1,0.00
11.645515,264.0234,-0.615234,111,78.0469,0.00,1,0.00
11.646516,264.0234,-0.615234,111,78.0469,0.00,1,0.00
11.647516,264.0234,-0.615234,111,78.0469,0.00,1,0.00
11.648517,264.0234,-0.615234,111,78.0469,0.00,1,0.00
11.649517,264.0234,-0.615234,111,78.0469,0.00,1,0.00
11.650518,264.0234,-0.615234,111,78.0469,0.00,1,0.00
11.651519,264.1113,-0.527344,111,78.0469,0.00,1,0.00
11.652519,264.0234,-0.615234,111,78.0469,0.00,1,0.00
11.653520,264.1113,-0.527344,111,78.0469,0.00,1,0.00
11.654520,264.0234,-0.615234,111,78.0469,0.00,1,0.00
11.655520,264.0234,-0.615234,111,78.0469,0.00,1,0.00
11.656521,264.0234,-0.615234,111,78.0469,0.00,1,0.00
11.657521,264.0234,-0.615234,111,78.0469,0.00,1,0.00
11.658522,264.0234,-0.615234,111,78.0469,0.00,1,0.00
11.659522,264.0234,-0.615234,111,78.0469,0.00,1,0.00
11.660523,264.0234,-0.615234,111,78.0469,0.00,1,0.00
11.661524,264.0234,-0.615234,111,78.0469,0.00,1,0.00
11.662524,264.1113,-0.527344,111,78.0469,0.00,1,0.00
11.663525,264.1113,-0.527344,111,78.0469,0.00,1,0.00
11.664525,264.0234,-0.615234,111,78.0469,0.00,1,0.00
11.671743,264.0234,-0.615234,111,78.0469,0.00,1,0.00
11.672744,264.0234,-0.615234,111,78.0469,0.00,1,0.00
11.673744,264.0234,-0.615234,111,78.0469,0.00,1,0.00
11.674745,264.1113,-0.527344,111,78.0469,0.00,1,0.00
11.675745,264.1113,-0.527344,111,78.0469,0.00,1,0.00
11.676745,264.0234,-0.615234,111,78.0469,0.00,1,0.00
11.677746,264.1113,-0.527344,111,78.0469,0.00,1,0.00
11.678746,264.1113,-0.527344,111,78.0469,0.00,1,0.00
11.679747,264.0234,-0.615234,111,78.0469,0.00,1,0.00
11.680747,264.0234,-0.615234,111,78.0469,0.00,1,0.00
11.681747,264.0234,-0.615234,111,78.0469,0.00,1,0.00
11.682748,264.1113,-0.527344,111,78.0469,0.00,1,0.00
11.683748,264.0234,-0.615234,111,78.0469,0.00,1,0.00
11.684749,264.1113,-0.527344,111,78.0469,0.00,1,0.00
11.685749,264.1113,-0.527344,111,78.0469,0.00,1,0.00
11.686750,264.0234,-0.615234,111,78.0469,0.00,1,0.00
11.687751,264.0234,-0.615234,111,78.0469,0.00,1,0.00
11.688751,263.9355,-0.703125,111,78.0469,0.00,1,0.00
11.689752,264.1113,-0.527344,111,78.0469,0.00,1,0.00
11.690752,264.1113,-0.527344,111,78.0469,0.00,1,0.00
11.691752,264.0234,-0.615234,111,78.0469,0.00,1,0.00
11.692753,264.0234,-0.615234,111,78.0469,0.00,1,0.00
11.693753,264.0234,-0.615234,111,78.0469,0.00,1,0.00
11.694754,264.0234,-0.615234,111,78.0469,0.00,1,0.00
11.695754,264.0234,-0.615234,111,78.0469,0.00,1,0.00
11.696755,264.0234,-0.615234,111,78.0469,0.00,1,0.00
11.697756,264.0234,-0.615234,111,78.0469,0.00,1,0.00
11.698756,264.0234,-0.615234,111,78.0469,0.00,1,0.00
11.699757,264.1113,-0.527344,111,78.0469,0.00,1,0.00
11.700757,264.0234,-0.615234,111,78.0469,0.00,1,0.00
11.701757,264.0234,-0.615234,111,78.0469,0.00,1,0.00
11.702758,264.0234,-0.615234,111,78.0469,0.00,1,0.00
11.703758,264.0234,-0.615234,111,78.0469,0.00,1,0.00
11.704759,264.0234,-0.615234,111,78.0469,0.00,1,0.00
11.705759,264.0234,-0.615234,111,78.0469,0.00,1,0.00
11.706760,264.1113,-0.527344,111,78.0469,0.00,1,0.00
11.707761,264.0234,-0.615234,111,78.0469,0.00,1,0.00
11.708761,264.0234,-0.615234,111,78.0469,0.00,1,0.00
11.709762,264.0234,-0.615234,111,78.0469,0.00,1,0.00
11.710762,263.9355,-0.703125,111,78.0469,0.00,1,0.00
11.711762,264.0234,-0.615234,111,78.0469,0.00,1,0.00
11.712763,264.0234,-0.615234,111,78.0469,0.00,1,0.00
11.713763,264.0234,-0.615234,111,78.0469,0.00,1,0.00
11.714764,264.1113,-0.527344,111,78.0469,0.00,1,0.00
11.715764,264.0234,-0.615234,111,78.0469,0.00,1,0.00
11.716765,264.0234,-0.615234,111,78.0469,0.00,1,0.00
11.717766,264.1113,-0.527344,111,78.0469,0.00,1,0.00
11.718766,264.0234,-0.615234,111,78.0469,0.00,1,0.00
11.719767,264.0234,-0.615234,111,78.0469,0.00,1,0.00
11.720767,264.0234,-0.615234,111,78.0469,0.00,1,0.00
11.728473,264.0234,-0.615234,111,78.0469,0.00,1,0.00
11.729473,264.0234,-0.615234,111,78.0469,0.00,1,0.00
11.730474,264.0234,-0.615234,111,78.0469,0.00,1,0.00
11.731474,264.0234,-0.615234,111,78.0469,0.00,1,0.00
11.732474,264.0234,-0.615234,111,78.0469,0.00,1,0.00
11.733475,264.0234,-0.615234,111,78.0469,0.00,1,0.00
11.734475,264.0234,-0.615234,111,78.0469,0.00,1,0.00
11.735476,264.0234,-0.615234,111,78.0469,0.00,1,0.00
11.736476,264.0234,-0.615234,111,78.0469,0.00,1,0.00
11.737476,264.1113,-0.527344,111,78.0469,0.00,1,0.00
11.738477,264.1113,-0.527344,111,78.0469,0.00,1,0.00
11.739477,264.0234,-0.615234,111,78.0469,0.00,1,0.00
11.740478,264.0234,-0.615234,111,78.0469,0.00,1,0.00
11.741478,264.0234,-0.615234,111,78.0469,0.00,1,0.00
11.742478,264.0234,-0.615234,111,78.0469,0.00,1,0.00
11.743479,264.0234,-0.615234,111,78.0469,0.00,1,0.00
11.744479,264.0234,-0.615234,111,78.0469,0.00,1,0.00
11.745480,264.1113,-0.527344,111,78.0469,0.00,1,0.00
11.746480,264.0234,-0.615234,111,78.0469,0.00,1,0.00
11.747480,264.0234,-0.615234,111,78.0469,0.00,1,0.00
11.748481,264.0234,-0.615234,111,78.0469,0.00,1,0.00
11.749481,264.0234,-0.615234,111,78.0469,0.00,1,0.00
11.750482,263.9355,-0.703125,111,78.0469,0.00,1,0.00
11.751482,264.0234,-0.615234,111,78.0469,0.00,1,0.00
11.752482,264.1113,-0.527344,111,78.0469,0.00,1,0.00
11.753483,264.1113,-0.527344,111,78.0469,0.00,1,0.00
11.754483,264.0234,-0.615234,111,78.0469,0.00,1,0.00
11.755484,264.0234,-0.615234,111,78.0469,0.00,1,0.00
11.756484,264.0234,-0.615234,111,78.0469,0.00,1,0.00
11.757484,264.0234,-0.615234,111,78.0469,0.00,1,0.00
11.758485,264.1113,-0.527344,111,78.0469,0.00,1,0.00
11.759485,264.1113,-0.527344,111,78.0469,0.00,1,0.00
11.760486,264.1113,-0.527344,111,78.0469,0.00,1,0.00
11.761486,264.0234,-0.615234,111,78.0469,0.00,1,0.00
11.762487,264.0234,-0.615234,111,78.0469,0.00,1,0.00
11.763488,264.0234,-0.615234,111,78.0469,0.00,1,0.00
11.764488,264.0234,-0.615234,111,78.0469,0.00,1,0.00
11.765489,264.0234,-0.615234,111,78.0469,0.00,1,0.00
11.766489,264.1113,-0.527344,111,78.0469,0.00,1,0.00
11.767489,264.1113,-0.527344,111,78.0469,0.00,1,0.00
11.768490,264.1113,-0.527344,111,78.0469,0.00,1,0.00
11.769490,264.1113,-0.527344,111,78.0469,0.00,1,0.00
11.770491,264.1113,-0.527344,111,78.0469,0.00,1,0.00
11.771491,264.0234,-0.615234,111,78.0469,0.00,1,0.00
11.772492,263.9355,-0.703125,111,78.0469,0.00,1,0.00
11.773493,264.0234,-0.615234,111,78.0469,0.00,1,0.00
11.774493,264.0234,-0.615234,111,78.0469,0.00,1,0.00
11.775494,264.0234,-0.615234,111,78.0469,0.00,1,0.00
11.776494,264.0234,-0.615234,111,78.0469,0.00,1,0.00
11.777494,264.0234,-0.615234,111,78.0469,0.00,1,0.00
11.784698,264.0234,-0.615234,111,78.0469,0.00,1,0.00
11.785698,264.0234,-0.615234,111,78.0469,0.00,1,0.00
11.786698,264.0234,-0.615234,111,78.0469,0.00,1,0.00
11.787699,264.1113,-0.527344,111,78.0469,0.00,1,0.00
11.788699,264.1113,-0.527344,111,78.0469,0.00,1,0.00
11.789700,264.1113,-0.527344,111,78.0469,0.00,1,0.00
11.790700,264.0234,-0.615234,111,78.0469,0.00,1,0.00
11.791700,264.0234,-0.615234,111,78.0469,0.00,1,0.00
11.792701,264.0234,-0.615234,111,78.0469,0.00,1,0.00
11.793701,264.0234,-0.615234,111,78.0469,0.00,1,0.00
11.794702,264.0234,-0.615234,111,78.0469,0.00,1,0.00
11.795702,264.0234,-0.615234,111,78.0469,0.00,1,0.00
11.796702,264.0234,-0.615234,111,78.0469,0.00,1,0.00
11.797703,264.0234,-0.615234,111,78.0469,0.00,1,0.00
11.798703,264.0234,-0.615234,111,78.0469,0.00,1,0.00
11.799704,264.0234,-0.615234,111,78.0469,0.00,1,0.00
11.800704,264.0234,-0.615234,111,78.0469,0.00,1,0.00
11.801704,264.1113,-0.527344,111,78.0469,0.00,1,0.00
11.802705,264.1113,-0.527344,111,78.0469,0.00,1,0.00
11.803705,264.0234,-0.615234,111,78.0469,0.00,1,0.00
11.804706,264.0234,-0.615234,111,78.0469,0.00,1,0.00
11.805706,264.0234,-0.615234,111,78.0469,0.00,1,0.00
11.806706,264.0234,-0.615234,111,78.0469,0.00,1,0.00
11.807707,263.9355,-0.703125,111,78.0469,0.00,1,0.00
11.808707,264.0234,-0.615234,111,78.0469,0.00,1,0.00
11.809708,264.0234,-0.615234,111,78.0469,0.00,1,0.00
11.810708,263.9355,-0.703125,111,78.0469,0.00,1,0.00
11.811709,264.0234,-0.615234,111,78.0469,0.00,1,0.00
11.812710,264.0234,-0.615234,111,78.0469,0.00,1,0.00
11.813710,264.0234,-0.615234,111,78.0469,0.00,1,0.00
11.814711,264.0234,-0.615234,111,78.0469,0.00,1,0.00
11.815711,264.0234,-0.615234,111,78.0469,0.00,1,0.00
11.816711,264.1113,-0.527344,111,78.0469,0.00,1,0.00
11.817712,264.1113,-0.527344,111,78.0469,0.00,1,0.00
11.818712,264.1113,-0.527344,111,78.0469,0.00,1,0.00
11.819713,264.0234,-0.615234,111,78.0469,0.00,1,0.00
11.820713,264.0234,-0.615234,111,78.0469,0.00,1,0.00
11.821714,264.0234,-0.615234,111,78.0469,0.00,1,0.00
11.822715,263.9355,-0.703125,111,78.0469,0.00,1,0.00
11.823715,264.0234,-0.615234,111,78.0469,0.00,1,0.00
11.824716,264.0234,-0.615234,111,78.0469,0.00,1,0.00
11.825716,264.0234,-0.615234,111,78.0469,0.00,1,0.00
11.826716,264.0234,-0.615234,111,78.0469,0.00,1,0.00
11.827717,264.0234,-0.615234,111,78.0469,0.00,1,0.00
11.828717,264.0234,-0.615234,111,78.0469,0.00,1,0.00
11.829718,264.1113,-0.527344,111,78.0469,0.00,1,0.00
11.830718,264.0234,-0.615234,111,78.0469,0.00,1,0.00
11.831718,263.9355,-0.703125,111,78.0469,0.00,1,0.00
11.832719,263.9355,-0.703125,111,78.0469,0.00,1,0.00
11.833719,264.0234,-0.615234,111,78.0469,0.00,1,0.00
11.840945,264.0234,-0.615234,111,78.0469,0.00,1,0.00
11.841946,264.0234,-0.615234,111,78.0469,0.00,1,0.00
11.842946,264.0234,-0.615234,111,78.0469,0.00,1,0.00
11.843947,264.0234,-0.615234,111,78.0469,0.00,1,0.00
11.844948,264.1113,-0.527344,111,78.0469,0.00,1,0.00
11.845948,264.0234,-0.615234,111,78.0469,0.00,1,0.00
11.846949,264.0234,-0.615234,111,78.0469,0.00,1,0.00
11.847949,264.0234,-0.615234,111,78.0469,0.00,1,0.00
11.848949,264.0234,-0.615234,111,78.0469,0.00,1,0.00
11.849950,264.0234,-0.615234,111,78.0469,0.00,1,0.00
11.850950,264.1113,-0.527344,111,78.0469,0.00,1,0.00
11.851951,264.0234,-0.615234,111,78.0469,0.00,1,0.00
11.852951,264.0234,-0.615234,111,78.0469,0.00,1,0.00
11.853952,264.1113,-0.527344,111,78.0469,0.00,1,0.00
11.854953,264.1113,-0.527344,111,78.0469,0.00,1,0.00
11.855953,264.0234,-0.615234,111,78.0469,0.00,1,0.00
11.856954,264.0234,-0.615234,111,78.0469,0.00,1,0.00
11.857954,264.0234,-0.615234,111,78.0469,0.00,1,0.00
11.858954,264.0234,-0.615234,111,78.0469,0.00,1,0.00
11.859955,264.1113,-0.527344,111,78.0469,0.00,1,0.00
11.860955,264.1113,-0.527344,111,78.0469,0.00,1,0.00
11.861956,264.0234,-0.615234,111,78.0469,0.00,1,0.00
11.862956,264.0234,-0.615234,111,78.0469,0.00,1,0.00
11.863957,264.0234,-0.615234,111,78.0469,0.00,1,0.00
11.864958,264.0234,-0.615234,111,78.0469,0.00,1,0.00
11.865958,264.0234,-0.615234,111,78.0469,0.00,1,0.00
11.866959,264.0234,-0.615234,111,78.0469,0.00,1,0.00
11.867959,264.0234,-0.615234,111,78.0469,0.00,1,0.00
11.868959,264.0234,-0.615234,111,78.0469,0.00,1,0.00
11.869960,264.1113,-0.527344,111,78.0469,0.00,1,0.00
11.870960,264.0234,-0.615234,111,78.0469,0.00,1,0.00
11.871961,264.0234,-0.615234,111,78.0469,0.00,1,0.00
11.872961,264.0234,-0.615234,111,78.0469,0.00,1,0.00
11.873962,264.0234,-0.615234,111,78.0469,0.00,1,0.00
11.874963,264.0234,-0.615234,111,78.0469,0.00,1,0.00
11.875963,264.0234,-0.615234,111,78.0469,0.00,1,0.00
11.876964,264.0234,-0.615234,111,78.0469,0.00,1,0.00
11.877964,264.0234,-0.615234,111,78.0469,0.00,1,0.00
11.878964,263.9355,-0.703125,111,78.0469,0.00,1,0.00
11.879965,264.0234,-0.615234,111,78.0469,0.00,1,0.00
11.880965,264.0234,-0.615234,111,78.0469,0.00,1,0.00
11.881966,264.0234,-0.615234,111,78.0469,0.00,1,0.00
11.882966,264.1113,-0.527344,111,78.0469,0.00,1,0.00
11.883966,264.0234,-0.615234,111,78.0469,0.00,1,0.00
11.884967,264.0234,-0.615234,111,78.0469,0.00,1,0.00
11.885967,264.0234,-0.615234,111,78.0469,0.00,1,0.00
11.886968,264.0234,-0.615234,111,78.0469,0.00,1,0.00
11.887968,264.1113,-0.527344,111,78.0469,0.00,1,0.00
11.888969,264.0234,-0.615234,111,78.0469,0.00,1,0.00
11.889970,263.9355,-0.703125,111,78.0469,0.00,1,0.00
11.897198,264.1113,-0.527344,111,78.0469,0.00,1,0.00
11.898198,264.0234,-0.615234,111,78.0469,0.00,1,0.00
11.899199,264.1113,-0.527344,111,78.0469,0.00,1,0.00
11.900199,264.1113,-0.527344,111,78.0469,0.00,1,0.00
11.901199,264.0234,-0.615234,111,78.0469,0.00,1,0.00
11.902200,264.0234,-0.615234,111,78.0469,0.00,1,0.00
11.903200,264.0234,-0.615234,111,78.0469,0.00,1,0.00
11.904201,264.1113,-0.527344,111,78.0469,0.00,1,0.00
11.905201,264.1113,-0.527344,111,78.0469,0.00,1,0.00
11.906201,264.1113,-0.527344,111,78.0469,0.00,1,0.00
11.907202,264.1113,-0.527344,111,78.0469,0.00,1,0.00
11.908202,264.1113,-0.527344,111,78.0469,0.00,1,0.00
11.909203,264.0234,-0.615234,111,78.0469,0.00,1,0.00
11.910203,264.0234,-0.615234,111,78.0469,0.00,1,0.00
11.911203,264.0234,-0.615234,111,78.0469,0.00,1,0.00
11.912204,264.0234,-0.615234,111,78.0469,0.00,1,0.00
11.913204,264.1113,-0.527344,111,78.0469,0.00,1,0.00
11.914205,264.0234,-0.615234,111,78.0469,0.00,1,0.00
11.915205,263.9355,-0.703125,111,78.0469,0.00,1,0.00
11.916205,264.0234,-0.615234,111,78.0469,0.00,1,0.00
11.917206,264.0234,-0.615234,111,78.0469,0.00,1,0.00
11.918206,264.1113,-0.527344,111,78.0469,0.00,1,0.00
11.919207,264.1113,-0.527344,111,78.0469,0.00,1,0.00
11.920207,264.0234,-0.615234,111,78.0469,0.00,1,0.00
11.921207,264.0234,-0.615234,111,78.0469,0.00,1,0.00
11.922208,264.0234,-0.615234,111,78.0469,0.00,1,0.00
11.923208,264.0234,-0.615234,111,78.0469,0.00,1,0.00
11.924209,264.1113,-0.527344,111,78.0469,0.00,1,0.00
11.925209,264.0234,-0.615234,111,78.0469,0.00,1,0.00
11.926210,264.1113,-0.527344,111,78.0469,0.00,1,0.00
11.927211,264.1113,-0.527344,111,78.0469,0.00,1,0.00
11.928211,264.0234,-0.615234,111,78.0469,0.00,1,0.00
11.929212,264.0234,-0.615234,111,78.0469,0.00,1,0.00
11.930212,263.9355,-0.703125,111,78.0469,0.00,1,0.00
11.931212,264.0234,-0.615234,111,78.0469,0.00,1,0.00
11.932213,264.0234,-0.615234,111,78.0469,0.00,1,0.00
11.933213,264.1113,-0.527344,111,78.0469,0.00,1,0.00
11.934214,264.0234,-0.615234,111,78.0469,0.00,1,0.00
11.935214,264.0234,-0.615234,111,78.0469,0.00,1,0.00
11.936215,264.0234,-0.615234,111,78.0469,0.00,1,0.00
11.937216,264.0234,-0.615234,111,78.0469,0.00,1,0.00
11.938216,264.0234,-0.615234,111,78.0469,0.00,1,0.00
11.939217,264.1113,-0.527344,111,78.0469,0.00,1,0.00
11.940217,264.1113,-0.527344,111,78.0469,0.00,1,0.00
11.941217,264.0234,-0.615234,111,78.0469,0.00,1,0.00
11.942218,264.0234,-0.615234,111,78.0469,0.00,1,0.00
11.943218,264.1113,-0.527344,111,78.0469,0.00,1,0.00
11.944219,264.0234,-0.615234,111,78.0469,0.00,1,0.00
11.945219,264.0234,-0.615234,111,78.0469,0.00,1,0.00
11.946219,264.0234,-0.615234,111,78.0469,0.00,1,0.00
11.953477,264.1113,-0.527344,111,78.0469,0.00,1,0.00
11.954477,264.0234,-0.615234,111,78.0469,0.00,1,0.00
11.955478,264.0234,-0.615234,111,78.0469,0.00,1,0.00
11.956478,264.1113,-0.527344,111,78.0469,0.00,1,0.00
11.957479,264.1113,-0.527344,111,78.0469,0.00,1,0.00
11.958479,264.0234,-0.615234,111,78.0469,0.00,1,0.00
11.959479,264.0234,-0.615234,111,78.0469,0.00,1,0.00
11.960480,264.0234,-0.615234,111,78.0469,0.00,1,0.00
11.961480,264.0234,-0.615234,111,78.0469,0.00,1,0.00
11.962481,264.0234,-0.615234,111,78.0469,0.00,1,0.00
11.963481,264.0234,-0.615234,111,78.0469,0.00,1,0.00
11.964481,264.0234,-0.615234,111,78.0469,0.00,1,0.00
11.965482,264.0234,-0.615234,111,78.0469,0.00,1,0.00
11.966482,264.0234,-0.615234,111,78.0469,0.00,1,0.00
11.967483,264.1992,-0.439453,111,78.0469,0.00,1,0.00
11.968483,264.1113,-0.527344,111,78.0469,0.00,1,0.00
11.969483,264.1113,-0.527344,111,78.0469,0.00,1,0.00
11.970484,264.1113,-0.527344,111,78.0469,0.00,1,0.00
11.971484,264.0234,-0.615234,111,78.0469,0.00,1,0.00
11.972485,264.0234,-0.615234,111,78.0469,0.00,1,0.00
11.973485,264.1113,-0.527344,111,78.0469,0.00,1,0.00
11.974485,264.1113,-0.527344,111,78.0469,0.00,1,0.00
11.975486,264.1113,-0.527344,111,78.0469,0.00,1,0.00
11.976486,264.1113,-0.527344,111,78.0469,0.00,1,0.00
11.977487,264.1113,-0.527344,111,78.0469,0.00,1,0.00
11.978487,264.0234,-0.615234,111,78.0469,0.00,1,0.00
11.979487,264.0234,-0.615234,111,78.0469,0.00,1,0.00
11.980488,264.0234,-0.615234,111,78.0469,0.00,1,0.00
11.981488,264.0234,-0.615234,111,78.0469,0.00,1,0.00
11.982489,264.0234,-0.615234,111,78.0469,0.00,1,0.00
11.983489,264.1113,-0.527344,111,78.0469,0.00,1,0.00
11.984489,264.0234,-0.615234,111,78.0469,0.00,1,0.00
11.985490,264.0234,-0.615234,111,78.0469,0.00,1,0.00
11.986490,264.0234,-0.615234,111,78.0469,0.00,1,0.00
11.987491,264.1113,-0.527344,111,78.0469,0.00,1,0.00
11.988491,264.0234,-0.615234,111,78.0469,0.00,1,0.00
11.989492,264.0234,-0.615234,111,78.0469,0.00,1,0.00
11.990493,264.0234,-0.615234,111,78.0469,0.00,1,0.00
11.991493,264.0234,-0.615234,111,78.0469,0.00,1,0.00
11.992494,264.0234,-0.615234,111,78.0469,0.00,1,0.00
11.993494,264.0234,-0.615234,111,78.0469,0.00,1,0.00
11.994494,264.0234,-0.615234,111,78.0469,0.00,1,0.00
11.995495,264.0234,-0.615234,111,78.0469,0.00,1,0.00
11.996495,264.0234,-0.615234,111,78.0469,0.00,1,0.00
11.997496,264.0234,-0.615234,111,78.0469,0.00,1,0.00
11.998496,264.0234,-0.615234,111,78.0469,0.00,1,0.00
11.999497,264.0234,-0.615234,111,78.0469,0.00,1,0.00
12.000498,264.0234,-0.615234,111,78.0469,0.00,1,0.00
12.001498,264.0234,-0.615234,111,78.0469,0.00,1,0.00
12.002499,264.0234,-0.615234,111,78.0469,0.00,1,0.00
12.009608,264.1113,-0.527344,111,78.0469,0.00,1,0.00
12.010609,264.0234,-0.615234,111,78.0469,0.00,1,0.00
12.011609,264.0234,-0.615234,111,78.0469,0.00,1,0.00
12.012610,264.0234,-0.615234,111,78.0469,0.00,1,0.00
12.013611,264.0234,-0.615234,111,78.0469,0.00,1,0.00
12.014611,264.0234,-0.615234,111,78.0469,0.00,1,0.00
12.015612,264.0234,-0.615234,111,78.0469,0.00,1,0.00
12.016612,264.0234,-0.615234,111,78.0469,0.00,1,0.00
12.017613,264.0234,-0.615234,111,78.0469,0.00,1,0.00
12.018614,264.0234,-0.615234,111,78.0469,0.00,1,0.00
12.019614,264.0234,-0.615234,111,78.0469,0.00,1,0.00
12.020615,264.0234,-0.615234,111,78.0469,0.00,1,0.00
12.021615,264.0234,-0.615234,111,78.0469,0.00,1,0.00
12.022615,264.0234,-0.615234,111,78.0469,0.00,1,0.00
12.023616,263.9355,-0.703125,111,78.0469,0.00,1,0.00
12.024616,264.0234,-0.615234,111,78.0469,0.00,1,0.00
12.025617,264.0234,-0.615234,111,78.0469,0.00,1,0.00
12.026617,264.0234,-0.615234,111,78.0469,0.00,1,0.00
12.027618,264.0234,-0.615234,111,78.0469,0.00,1,0.00
12.028619,264.0234,-0.615234,111,78.0469,0.00,1,0.00
12.029619,264.0234,-0.615234,111,78.0469,0.00,1,0.00
12.030620,263.9355,-0.703125,111,78.0469,0.00,1,0.00
12.031620,264.0234,-0.615234,111,78.0469,0.00,1,0.00
12.032620,264.1113,-0.527344,111,78.0469,0.00,1,0.00
12.033621,264.1113,-0.527344,111,78.0469,0.00,1,0.00
12.034621,264.0234,-0.615234,111,78.0469,0.00,1,0.00
12.035622,264.0234,-0.615234,111,78.0469,0.00,1,0.00
12.036622,264.0234,-0.615234,111,78.0469,0.00,1,0.00
12.037623,264.0234,-0.615234,111,78.0469,0.00,1,0.00
12.038624,264.0234,-0.615234,111,78.0469,0.00,1,0.00
12.039624,264.0234,-0.615234,111,78.0469,0.00,1,0.00
12.040625,264.0234,-0.615234,111,78.0469,0.00,1,0.00
12.041625,264.0234,-0.615234,111,78.0469,0.00,1,0.00
12.042625,264.0234,-0.615234,111,78.0469,0.00,1,0.00
12.043626,264.1113,-0.527344,111,78.0469,0.00,1,0.00
12.044626,264.0234,-0.615234,111,78.0469,0.00,1,0.00
12.045627,264.0234,-0.615234,111,78.0469,0.00,1,0.00
12.046627,264.0234,-0.615234,111,78.0469,0.00,1,0.00
12.047628,264.0234,-0.615234,111,78.0469,0.00,1,0.00
12.048629,264.0234,-0.615234,111,78.0469,0.00,1,0.00
12.049629,264.0234,-0.615234,111,78.0469,0.00,1,0.00
12.050630,264.1113,-0.527344,111,78.0469,0.00,1,0.00
12.051630,264.1113,-0.527344,111,78.0469,0.00,1,0.00
12.052630,264.1113,-0.527344,111,78.0469,0.00,1,0.00
12.053631,264.0234,-0.615234,111,78.0469,0.00,1,0.00
12.054631,264.0234,-0.615234,111,78.0469,0.00,1,0.00
12.055632,264.0234,-0.615234,111,78.0469,0.00,1,0.00
12.056632,264.0234,-0.615234,111,78.0469,0.00,1,0.00
12.057632,264.0234,-0.615234,111,78.0469,0.00,1,0.00
12.058633,264.0234,-0.615234,111,78.0469,0.00,1,0.00
12.066480,264.0234,-0.615234,111,78.0469,0.00,1,0.00
12.067480,264.1113,-0.527344,111,78.0469,0.00,1,0.00
12.068481,264.1113,-0.527344,111,78.0469,0.00,1,0.00
12.069482,264.0234,-0.615234,111,78.0469,0.00,1,0.00
12.070482,264.0234,-0.615234,111,78.0469,0.00,1,0.00
12.071483,264.0234,-0.615234,111,78.0469,0.00,1,0.00
12.072483,264.0234,-0.615234,111,78.0469,0.00,1,0.00
12.073484,264.0234,-0.615234,111,78.0469,0.00,1,0.00
12.074485,264.0234,-0.615234,111,78.0469,0.00,1,0.00
12.075485,263.9355,-0.703125,111,78.0469,0.00,1,0.00
12.076486,263.9355,-0.703125,111,78.0469,0.00,1,0.00
12.077486,264.0234,-0.615234,111,78.0469,0.00,1,0.00
12.078486,264.0234,-0.615234,111,78.0469,0.00,1,0.00
12.079487,264.0234,-0.615234,111,78.0469,0.00,1,0.00
12.080487,264.0234,-0.615234,111,78.0469,0.00,1,0.00
12.081488,264.0234,-0.615234,111,78.0469,0.00,1,0.00
12.082488,264.1113,-0.527344,111,78.0469,0.00,1,0.00
12.083489,264.1113,-0.527344,111,78.0469,0.00,1,0.00
12.084490,264.0234,-0.615234,111,78.0469,0.00,1,0.00
12.085490,264.1113,-0.527344,111,78.0469,0.00,1,0.00
12.086491,264.0234,-0.615234,111,78.0469,0.00,1,0.00
12.087491,264.0234,-0.615234,111,78.0469,0.00,1,0.00
12.088491,263.9355,-0.703125,111,78.0469,0.00,1,0.00
12.089492,264.0234,-0.615234,111,78.0469,0.00,1,0.00
12.090492,264.0234,-0.615234,111,78.0469,0.00,1,0.00
12.091493,264.0234,-0.615234,111,78.0469,0.00,1,0.00
12.092493,264.1113,-0.527344,111,78.0469,0.00,1,0.00
12.093494,264.0234,-0.615234,111,78.0469,0.00,1,0.00
12.094495,264.0234,-0.615234,111,78.0469,0.00,1,0.00
12.095495,264.0234,-0.615234,111,78.0469,0.00,1,0.00
12.096496,264.0234,-0.615234,111,78.0469,0.00,1,0.00
12.097496,264.0234,-0.615234,111,78.0469,0.00,1,0.00
12.098496,264.0234,-0.615234,111,78.0469,0.00,1,0.00
12.099497,264.1113,-0.527344,111,78.0469,0.00,1,0.00
12.100497,264.0234,-0.615234,111,78.0469,0.00,1,0.00
12.101498,264.0234,-0.615234,111,78.0469,0.00,1,0.00
12.102498,264.0234,-0.615234,111,78.0469,0.00,1,0.00
12.103499,264.0234,-0.615234,111,78.0469,0.00,1,0.00
12.104500,264.1113,-0.527344,111,78.0469,0.00,1,0.00
12.105500,264.1113,-0.527344,111,78.0469,0.00,1,0.00
12.106501,264.0234,-0.615234,111,78.0469,0.00,1,0.00
12.107501,264.0234,-0.615234,111,78.0469,0.00,1,0.00
12.108501,264.0234,-0.615234,111,78.0469,0.00,1,0.00
12.109502,264.1113,-0.527344,111,78.0469,0.00,1,0.00
12.110502,264.1113,-0.527344,111,78.0469,0.00,1,0.00
12.111503,264.0234,-0.615234,111,78.0469,0.00,1,0.00
12.112503,263.9355,-0.703125,111,78.0469,0.00,1,0.00
12.113504,264.0234,-0.615234,111,78.0469,0.00,1,0.00
12.114505,264.0234,-0.615234,111,78.0469,0.00,1,0.00
12.115505,264.0234,-0.615234,111,78.0469,0.00,1,0.00
12.122746,264.0234,-0.615234,111,78.0469,0.00,1,0.00
12.123746,264.0234,-0.615234,111,78.0469,0.00,1,0.00
12.124746,264.1113,-0.527344,111,78.0469,0.00,1,0.00
12.125747,264.1113,-0.527344,111,78.0469,0.00,1,0.00
12.126747,264.0234,-0.615234,111,78.0469,0.00,1,0.00
12.127748,264.0234,-0.615234,111,78.0469,0.00,1,0.00
12.128748,264.0234,-0.615234,111,78.0469,0.00,1,0.00
12.129748,264.0234,-0.615234,111,78.0469,0.00,1,0.00
12.130749,263.9355,-0.703125,111,78.0469,0.00,1,0.00
12.131749,264.0234,-0.615234,111,78.0469,0.00,1,0.00
12.132750,264.0234,-0.615234,111,78.0469,0.00,1,0.00
12.133750,264.0234,-0.615234,111,78.0469,0.00,1,0.00
12.134750,263.9355,-0.703125,111,78.0469,0.00,1,0.00
12.135751,264.0234,-0.615234,111,78.0469,0.00,1,0.00
12.136751,264.0234,-0.615234,111,78.0469,0.00,1,0.00
12.137752,264.0234,-0.615234,111,78.0469,0.00,1,0.00
12.138752,264.0234,-0.615234,111,78.0469,0.00,1,0.00
12.139752,264.0234,-0.615234,111,78.0469,0.00,1,0.00
12.140753,264.0234,-0.615234,111,78.0469,0.00,1,0.00
12.141753,264.0234,-0.615234,111,78.0469,0.00,1,0.00
12.142754,264.0234,-0.615234,111,78.0469,0.00,1,0.00
12.143754,263.9355,-0.703125,111,78.0469,0.00,1,0.00
12.144754,264.0234,-0.615234,111,78.0469,0.00,1,0.00
12.145755,264.1113,-0.527344,111,78.0469,0.00,1,0.00
12.146755,264.0234,-0.615234,111,78.0469,0.00,1,0.00
12.147756,264.0234,-0.615234,111,78.0469,0.00,1,0.00
12.148756,264.1113,-0.527344,111,78.0469,0.00,1,0.00
12.149756,264.1113,-0.527344,111,78.0469,0.00,1,0.00
12.150757,264.0234,-0.615234,111,78.0469,0.00,1,0.00
12.151757,263.9355,-0.703125,111,78.0469,0.00,1,0.00
12.152758,264.0234,-0.615234,111,78.0469,0.00,1,0.00
12.153758,264.0234,-0.615234,111,78.0469,0.00,1,0.00
12.154759,264.0234,-0.615234,111,78.0469,0.00,1,0.00
12.155760,264.0234,-0.615234,111,78.0469,0.00,1,0.00
12.156760,264.1113,-0.527344,111,78.0469,0.00,1,0.00
12.157761,264.0234,-0.615234,111,78.0469,0.00,1,0.00
12.158761,263.9355,-0.703125,111,78.0469,0.00,1,0.00
12.159761,264.0234,-0.615234,111,78.0469,0.00,1,0.00
12.160762,264.0234,-0.615234,111,78.0469,0.00,1,0.00
12.161762,263.9355,-0.703125,111,78.0469,0.00,1,0.00
12.162763,264.0234,-0.615234,111,78.0469,0.00,1,0.00
12.163763,264.1113,-0.527344,111,78.0469,0.00,1,0.00
12.164764,264.0234,-0.615234,111,78.0469,0.00,1,0.00
12.165765,264.0234,-0.615234,111,78.0469,0.00,1,0.00
12.166765,264.1113,-0.527344,111,78.0469,0.00,1,0.00
12.167766,264.1113,-0.527344,111,78.0469,0.00,1,0.00
12.168766,264.1113,-0.527344,111,78.0469,0.00,1,0.00
12.169766,264.0234,-0.615234,111,78.0469,0.00,1,0.00
12.170767,264.0234,-0.615234,111,78.0469,0.00,1,0.00
12.171767,263.9355,-0.703125,111,78.0469,0.00,1,0.00
12.179006,264.0234,-0.615234,111,78.0469,0.00,1,0.00
12.180006,264.0234,-0.615234,111,78.0469,0.00,1,0.00
12.181006,264.0234,-0.615234,111,78.0469,0.00,1,0.00
12.182007,264.1113,-0.527344,111,78.0469,0.00,1,0.00
12.183007,264.0234,-0.615234,111,78.0469,0.00,1,0.00
12.184008,264.0234,-0.615234,111,78.0469,0.00,1,0.00
12.185008,264.0234,-0.615234,111,78.0469,0.00,1,0.00
12.186009,264.0234,-0.615234,111,78.0469,0.00,1,0.00
12.187010,264.0234,-0.615234,111,78.0469,0.00,1,0.00
12.188010,264.0234,-0.615234,111,78.0469,0.00,1,0.00
12.189011,264.0234,-0.615234,111,78.0469,0.00,1,0.00
12.190011,264.0234,-0.615234,111,78.0469,0.00,1,0.00
12.191011,263.9355,-0.703125,111,78.0469,0.00,1,0.00
12.192012,264.0234,-0.615234,111,78.0469,0.00,1,0.00
12.193012,264.0234,-0.615234,111,78.0469,0.00,1,0.00
12.194013,263.9355,-0.703125,111,78.0469,0.00,1,0.00
12.195013,263.9355,-0.703125,111,78.0469,0.00,1,0.00
12.196014,264.0234,-0.615234,111,78.0469,0.00,1,0.00
12.197015,264.0234,-0.615234,111,78.0469,0.00,1,0.00
12.198015,264.0234,-0.615234,111,78.0469,0.00,1,0.00
12.199016,264.0234,-0.615234,111,78.0469,0.00,1,0.00
12.200016,264.0234,-0.615234,111,78.0469,0.00,1,0.00
12.201016,264.1113,-0.527344,111,78.0469,0.00,1,0.00
12.202017,264.1113,-0.527344,111,78.0469,0.00,1,0.00
12.203017,264.0234,-0.615234,111,78.0469,0.00,1,0.00
12.204018,264.0234,-0.615234,111,78.0469,0.00,1,0.00
12.205018,264.0234,-0.615234,111,78.0469,0.00,1,0.00
12.206019,264.0234,-0.615234,111,78.0469,0.00,1,0.00
12.207020,264.0234,-0.615234,111,78.0469,0.00,1,0.00
12.208020,264.0234,-0.615234,111,78.0469,0.00,1,0.00
12.209021,264.0234,-0.615234,111,78.0469,0.00,1,0.00
12.210021,264.0234,-0.615234,111,78.0469,0.00,1,0.00
12.211021,264.1113,-0.527344,111,78.0469,0.00,1,0.00
12.212022,264.1113,-0.527344,111,78.0469,0.00,1,0.00
12.213022,264.0234,-0.615234,111,78.0469,0.00,1,0.00
12.214023,263.9355,-0.703125,111,78.0469,0.00,1,0.00
12.215023,264.0234,-0.615234,111,78.0469,0.00,1,0.00
12.216023,264.0234,-0.615234,111,78.0469,0.00,1,0.00
12.217024,264.0234,-0.615234,111,78.0469,0.00,1,0.00
12.218024,264.0234,-0.615234,111,78.0469,0.00,1,0.00
12.219025,263.9355,-0.703125,111,78.0469,0.00,1,0.00
12.220025,264.0234,-0.615234,111,78.0469,0.00,1,0.00
12.221026,264.0234,-0.615234,111,78.0469,0.00,1,0.00
12.222027,264.0234,-0.615234,111,78.0469,0.00,1,0.00
12.223027,264.0234,-0.615234,111,78.0469,0.00,1,0.00
12.224028,264.1113,-0.527344,111,78.0469,0.00,1,0.00
12.225028,264.1113,-0.527344,111,78.0469,0.00,1,0.00
12.226028,264.0234,-0.615234,111,78.0469,0.00,1,0.00
12.227029,264.0234,-0.615234,111,78.0469,0.00,1,0.00
12.228029,264.0234,-0.615234,111,78.0469,0.00,1,0.00
12.235269,264.0234,-0.615234,111,78.0469,0.00,1,0.00
12.236269,264.0234,-0.615234,111,78.0469,0.00,1,0.00
12.237269,264.0234,-0.615234,111,78.0469,0.00,1,0.00
12.238270,264.1113,-0.527344,111,78.0469,0.00,1,0.00
12.239270,264.0234,-0.615234,111,78.0469,0.00,1,0.00
12.240271,263.9355,-0.703125,111,78.0469,0.00,1,0.00
12.241271,264.0234,-0.615234,111,78.0469,0.00,1,0.00
12.242271,264.0234,-0.615234,111,78.0469,0.00,1,0.00
12.243272,264.0234,-0.615234,111,78.0469,0.00,1,0.00
12.244272,264.1113,-0.527344,111,78.0469,0.00,1,0.00
12.245273,264.1113,-0.527344,111,78.0469,0.00,1,0.00
12.246273,264.1992,-0.439453,111,78.0469,0.00,1,0.00
12.247273,264.1113,-0.527344,111,78.0469,0.00,1,0.00
12.248274,264.1113,-0.527344,111,78.0469,0.00,1,0.00
12.249274,264.0234,-0.615234,111,78.0469,0.00,1,0.00
12.250275,263.9355,-0.703125,111,78.0469,0.00,1,0.00
12.251275,264.0234,-0.615234,111,78.0469,0.00,1,0.00
12.252276,264.0234,-0.615234,111,78.0469,0.00,1,0.00
12.253277,264.0234,-0.615234,111,78.0469,0.00,1,0.00
12.254277,264.0234,-0.615234,111,78.0469,0.00,1,0.00
12.255278,264.0234,-0.615234,111,78.0469,0.00,1,0.00
12.256278,264.0234,-0.615234,111,78.0469,0.00,1,0.00
12.257278,264.0234,-0.615234,111,78.0469,0.00,1,0.00
12.258279,264.0234,-0.615234,111,78.0469,0.00,1,0.00
12.259279,263.9355,-0.703125,111,78.0469,0.00,1,0.00
12.260280,263.9355,-0.703125,111,78.0469,0.00,1,0.00
12.261280,264.0234,-0.615234,111,78.0469,0.00,1,0.00
12.262281,263.9355,-0.703125,111,78.0469,0.00,1,0.00
12.263282,263.9355,-0.703125,111,78.0469,0.00,1,0.00
12.264282,264.0234,-0.615234,111,78.0469,0.00,1,0.00
12.265283,264.0234,-0.615234,111,78.0469,0.00,1,0.00
12.266283,264.0234,-0.615234,111,78.0469,0.00,1,0.00
12.267283,264.0234,-0.615234,111,78.0469,0.00,1,0.00
12.268284,264.0234,-0.615234,111,78.0469,0.00,1,0.00
12.269284,264.0234,-0.615234,111,78.0469,0.00,1,0.00
12.270285,264.0234,-0.615234,111,78.0469,0.00,1,0.00
12.271285,264.0234,-0.615234,111,78.0469,0.00,1,0.00
12.272286,264.0234,-0.615234,111,78.0469,0.00,1,0.00
12.273287,264.1113,-0.527344,111,78.0469,0.00,1,0.00
12.274287,264.0234,-0.615234,111,78.0469,0.00,1,0.00
12.275288,264.0234,-0.615234,111,78.0469,0.00,1,0.00
12.276288,264.0234,-0.615234,111,78.0469,0.00,1,0.00
12.277288,264.0234,-0.615234,111,78.0469,0.00,1,0.00
12.278289,264.1113,-0.527344,111,78.0469,0.00,1,0.00
12.279289,264.0234,-0.615234,111,78.0469,0.00,1,0.00
12.280290,264.0234,-0.615234,111,78.0469,0.00,1,0.00
12.281290,264.0234,-0.615234,111,78.0469,0.00,1,0.00
12.282291,264.0234,-0.615234,111,78.0469,0.00,1,0.00
12.283292,264.1113,-0.527344,111,78.0469,0.00,1,0.00
12.284292,264.1113,-0.527344,111,78.0469,0.00,1,0.00
12.291555,264.0234,-0.615234,111,78.0469,0.00,1,0.00
12.292556,264.0234,-0.615234,111,78.0469,0.00,1,0.00
12.293556,264.0234,-0.615234,111,78.0469,0.00,1,0.00
12.294557,264.1113,-0.527344,111,78.0469,0.00,1,0.00
12.295557,264.0234,-0.615234,111,78.0469,0.00,1,0.00
12.296557,264.0234,-0.615234,111,78.0469,0.00,1,0.00
12.297558,264.1113,-0.527344,111,78.0469,0.00,1,0.00
12.298558,264.1113,-0.527344,111,78.0469,0.00,1,0.00
12.299559,264.1113,-0.527344,111,78.0469,0.00,1,0.00
12.300559,264.0234,-0.615234,111,78.0469,0.00,1,0.00
12.301560,264.0234,-0.615234,111,78.0469,0.00,1,0.00
12.302561,264.0234,-0.615234,111,78.0469,0.00,1,0.00
12.303561,264.0234,-0.615234,111,78.0469,0.00,1,0.00
12.304562,264.0234,-0.615234,111,78.0469,0.00,1,0.00
12.305562,264.1113,-0.527344,111,78.0469,0.00,1,0.00
12.306562,264.1113,-0.527344,111,78.0469,0.00,1,0.00
12.307563,264.0234,-0.615234,111,78.0469,0.00,1,0.00
12.308563,264.1113,-0.527344,111,78.0469,0.00,1,0.00
12.309564,264.1113,-0.527344,111,78.0469,0.00,1,0.00
12.310564,264.1113,-0.527344,111,78.0469,0.00,1,0.00
12.311564,264.0234,-0.615234,111,78.0469,0.00,1,0.00
12.312565,264.0234,-0.615234,111,78.0469,0.00,1,0.00
12.313565,264.0234,-0.615234,111,78.0469,0.00,1,0.00
12.314566,264.0234,-0.615234,111,78.0469,0.00,1,0.00
12.315566,264.0234,-0.615234,111,78.0469,0.00,1,0.00
12.316567,264.0234,-0.615234,111,78.0469,0.00,1,0.00
12.317568,264.0234,-0.615234,111,78.0469,0.00,1,0.00
12.318568,264.0234,-0.615234,111,78.0469,0.00,1,0.00
12.319569,264.0234,-0.615234,111,78.0469,0.00,1,0.00
12.320569,264.0234,-0.615234,111,78.0469,0.00,1,0.00
12.321569,264.0234,-0.615234,111,78.0469,0.00,1,0.00
12.322570,264.1113,-0.527344,111,78.0469,0.00,1,0.00
12.323570,264.1113,-0.527344,111,78.0469,0.00,1,0.00
12.324571,264.0234,-0.615234,111,78.0469,0.00,1,0.00
12.325571,264.0234,-0.615234,111,78.0469,0.00,1,0.00
12.326572,264.0234,-0.615234,111,78.0469,0.00,1,0.00
12.327573,264.0234,-0.615234,111,78.0469,0.00,1,0.00
12.328573,264.0234,-0.615234,111,78.0469,0.00,1,0.00
12.329574,264.0234,-0.615234,111,78.0469,0.00,1,0.00
12.330574,264.0234,-0.615234,111,78.0469,0.00,1,0.00
12.331574,264.1113,-0.527344,111,78.0469,0.00,1,0.00
12.332575,264.0234,-0.615234,111,78.0469,0.00,1,0.00
12.333575,264.0234,-0.615234,111,78.0469,0.00,1,0.00
12.334576,264.1113,-0.527344,111,78.0469,0.00,1,0.00
12.335576,264.1113,-0.527344,111,78.0469,0.00,1,0.00
12.336577,264.1113,-0.527344,111,78.0469,0.00,1,0.00
12.337578,264.0234,-0.615234,111,78.0469,0.00,1,0.00
12.338578,263.9355,-0.703125,111,78.0469,0.00,1,0.00
12.339579,264.0234,-0.615234,111,78.0469,0.00,1,0.00
12.340579,264.0234,-0.615234,111,78.0469,0.00,1,0.00
12.347810,264.0234,-0.615234,111,78.0469,0.00,1,0.00
12.348810,264.0234,-0.615234,111,78.0469,0.00,1,0.00
12.349811,264.0234,-0.615234,111,78.0469,0.00,1,0.00
12.350811,264.0234,-0.615234,111,78.0469,0.00,1,0.00
12.351811,264.0234,-0.615234,111,78.0469,0.00,1,0.00
12.352812,264.0234,-0.615234,111,78.0469,0.00,1,0.00
12.353812,264.1113,-0.527344,111,78.0469,0.00,1,0.00
12.354813,264.0234,-0.615234,111,78.0469,0.00,1,0.00
12.355813,264.0234,-0.615234,111,78.0469,0.00,1,0.00
12.356813,264.1113,-0.527344,111,78.0469,0.00,1,0.00
12.357814,264.1992,-0.439453,111,78.0469,0.00,1,0.00
12.358814,264.1113,-0.527344,111,78.0469,0.00,1,0.00
12.359815,264.0234,-0.615234,111,78.0469,0.00,1,0.00
12.360815,264.0234,-0.615234,111,78.0469,0.00,1,0.00
12.361816,264.0234,-0.615234,111,78.0469,0.00,1,0.00
12.362817,264.0234,-0.615234,111,78.0469,0.00,1,0.00
12.363817,264.0234,-0.615234,111,78.0469,0.00,1,0.00
12.364818,264.0234,-0.615234,111,78.0469,0.00,1,0.00
12.365818,264.1113,-0.527344,111,78.0469,0.00,1,0.00
12.366818,264.0234,-0.615234,111,78.0469,0.00,1,0.00
12.367819,264.0234,-0.615234,111,78.0469,0.00,1,0.00
12.368819,264.0234,-0.615234,111,78.0469,0.00,1,0.00
12.369820,264.0234,-0.615234,111,78.0469,0.00,1,0.00
12.370820,264.1113,-0.527344,111,78.0469,0.00,1,0.00
12.371821,264.0234,-0.615234,111,78.0469,0.00,1,0.00
12.372822,264.0234,-0.615234,111,78.0469,0.00,1,0.00
12.373822,264.0234,-0.615234,111,78.0469,0.00,1,0.00
12.374823,264.0234,-0.615234,111,78.0469,0.00,1,0.00
12.375823,264.0234,-0.615234,111,78.0469,0.00,1,0.00
12.376823,264.0234,-0.615234,111,78.0469,0.00,1,0.00
12.377824,264.0234,-0.615234,111,78.0469,0.00,1,0.00
12.378824,264.1113,-0.527344,111,78.0469,0.00,1,0.00
12.379825,264.1113,-0.527344,111,78.0469,0.00,1,0.00
12.380825,264.0234,-0.615234,111,78.0469,0.00,1,0.00
12.381826,264.0234,-0.615234,111,78.0469,0.00,1,0.00
12.382827,264.1113,-0.527344,111,78.0469,0.00,1,0.00
12.383827,264.1113,-0.527344,111,78.0469,0.00,1,0.00
12.384828,264.0234,-0.615234,111,78.0469,0.00,1,0.00
12.385828,264.0234,-0.615234,111,78.0469,0.00,1,0.00
12.386828,264.0234,-0.615234,111,78.0469,0.00,1,0.00
12.387829,264.0234,-0.615234,111,78.0469,0.00,1,0.00
12.388829,263.9355,-0.703125,111,78.0469,0.00,1,0.00
12.389830,264.0234,-0.615234,111,78.0469,0.00,1,0.00
12.390830,264.0234,-0.615234,111,78.0469,0.00,1,0.00
12.391830,263.9355,-0.703125,111,78.0469,0.00,1,0.00
12.392831,264.0234,-0.615234,111,78.0469,0.00,1,0.00
12.393831,264.1113,-0.527344,111,78.0469,0.00,1,0.00
12.394832,264.1113,-0.527344,111,78.0469,0.00,1,0.00
12.395832,264.0234,-0.615234,111,78.0469,0.00,1,0.00
12.396833,264.0234,-0.615234,111,78.0469,0.00,1,0.00
12.404555,264.0234,-0.615234,111,78.0469,0.00,1,0.00
12.405556,264.0234,-0.615234,111,78.0469,0.00,1,0.00
12.406556,264.1113,-0.527344,111,78.0469,0.00,1,0.00
12.407557,264.1113,-0.527344,111,78.0469,0.00,1,0.00
12.408557,264.0234,-0.615234,111,78.0469,0.00,1,0.00
12.409557,263.9355,-0.703125,111,78.0469,0.00,1,0.00
12.410558,263.9355,-0.703125,111,78.0469,0.00,1,0.00
12.411558,264.0234,-0.615234,111,78.0469,0.00,1,0.00
12.412559,264.0234,-0.615234,111,78.0469,0.00,1,0.00
12.413559,264.0234,-0.615234,111,78.0469,0.00,1,0.00
12.414559,264.0234,-0.615234,111,78.0469,0.00,1,0.00
12.415560,264.0234,-0.615234,111,78.0469,0.00,1,0.00
12.416560,264.0234,-0.615234,111,78.0469,0.00,1,0.00
12.417561,264.0234,-0.615234,111,78.0469,0.00,1,0.00
12.418561,264.0234,-0.615234,111,78.0469,0.00,1,0.00
12.419561,264.0234,-0.615234,111,78.0469,0.00,1,0.00
12.420562,264.0234,-0.615234,111,78.0469,0.00,1,0.00
12.421562,264.0234,-0.615234,111,78.0469,0.00,1,0.00
12.422563,264.0234,-0.615234,111,78.0469,0.00,1,0.00
12.423563,264.1113,-0.527344,111,78.0469,0.00,1,0.00
12.424563,264.1113,-0.527344,111,78.0469,0.00,1,0.00
12.425564,264.1113,-0.527344,111,78.0469,0.00,1,0.00
12.426564,264.1113,-0.527344,111,78.0469,0.00,1,0.00
12.427565,264.1113,-0.527344,111,78.0469,0.00,1,0.00
12.428565,264.0234,-0.615234,111,78.0469,0.00,1,0.00
12.429565,264.0234,-0.615234,111,78.0469,0.00,1,0.00
12.430566,264.0234,-0.615234,111,78.0469,0.00,1,0.00
12.431566,264.0234,-0.615234,111,78.0469,0.00,1,0.00
12.432567,264.0234,-0.615234,111,78.0469,0.00,1,0.00
12.433567,264.0234,-0.615234,111,78.0469,0.00,1,0.00
12.434568,263.9355,-0.703125,111,78.0469,0.00,1,0.00
12.435569,263.9355,-0.703125,111,78.0469,0.00,1,0.00
12.436569,264.0234,-0.615234,111,78.0469,0.00,1,0.00
12.437570,264.0234,-0.615234,111,78.0469,0.00,1,0.00
12.438570,264.0234,-0.615234,111,78.0469,0.00,1,0.00
12.439570,264.0234,-0.615234,111,78.0469,0.00,1,0.00
12.440571,264.0234,-0.615234,111,78.0469,0.00,1,0.00
12.441571,264.1113,-0.527344,111,78.0469,0.00,1,0.00
12.442572,264.0234,-0.615234,111,78.0469,0.00,1,0.00
12.443572,264.0234,-0.615234,111,78.0469,0.00,1,0.00
12.444573,264.0234,-0.615234,111,78.0469,0.00,1,0.00
12.445574,264.0234,-0.615234,111,78.0469,0.00,1,0.00
12.446574,264.1113,-0.527344,111,78.0469,0.00,1,0.00
12.447575,264.1113,-0.527344,111,78.0469,0.00,1,0.00
12.448575,264.0234,-0.615234,111,78.0469,0.00,1,0.00
12.449575,263.9355,-0.703125,111,78.0469,0.00,1,0.00
12.450576,264.0234,-0.615234,111,78.0469,0.00,1,0.00
12.451576,264.0234,-0.615234,111,78.0469,0.00,1,0.00
12.452577,264.1113,-0.527344,111,78.0469,0.00,1,0.00
12.453577,264.1113,-0.527344,111,78.0469,0.00,1,0.00
12.460795,264.1113,-0.527344,111,78.0469,0.00,1,0.00
12.461796,264.1113,-0.527344,111,78.0469,0.00,1,0.00
12.462796,264.0234,-0.615234,111,78.0469,0.00,1,0.00
12.463797,264.0234,-0.615234,111,78.0469,0.00,1,0.00
12.464797,264.1113,-0.527344,111,78.0469,0.00,1,0.00
12.465797,264.0234,-0.615234,111,78.0469,0.00,1,0.00
12.466798,264.1113,-0.527344,111,78.0469,0.00,1,0.00
12.467798,264.0234,-0.615234,111,78.0469,0.00,1,0.00
12.468799,264.0234,-0.615234,111,78.0469,0.00,1,0.00
12.469799,264.0234,-0.615234,111,78.0469,0.00,1,0.00
12.470800,264.0234,-0.615234,111,78.0469,0.00,1,0.00
12.471801,264.0234,-0.615234,111,78.0469,0.00,1,0.00
12.472801,264.0234,-0.615234,111,78.0469,0.00,1,0.00
12.473802,264.0234,-0.615234,111,78.0469,0.00,1,0.00
12.474802,264.0234,-0.615234,111,78.0469,0.00,1,0.00
12.475802,264.0234,-0.615234,111,78.0469,0.00,1,0.00
12.476803,264.0234,-0.615234,111,78.0469,0.00,1,0.00
12.477803,264.0234,-0.615234,111,78.0469,0.00,1,0.00
12.478804,264.0234,-0.615234,111,78.0469,0.00,1,0.00
12.479804,264.1113,-0.527344,111,78.0469,0.00,1,0.00
12.480804,264.1113,-0.527344,111,78.0469,0.00,1,0.00
12.481805,264.1113,-0.527344,111,78.0469,0.00,1,0.00
12.482805,264.0234,-0.615234,111,78.0469,0.00,1,0.00
12.483806,264.0234,-0.615234,111,78.0469,0.00,1,0.00
12.484806,264.0234,-0.615234,111,78.0469,0.00,1,0.00
12.485807,264.0234,-0.615234,111,78.0469,0.00,1,0.00
12.486808,264.0234,-0.615234,111,78.0469,0.00,1,0.00
12.487808,264.0234,-0.615234,111,78.0469,0.00,1,0.00
12.488809,264.1113,-0.527344,111,78.0469,0.00,1,0.00
12.489809,264.0234,-0.615234,111,78.0469,0.00,1,0.00
12.490809,264.0234,-0.615234,111,78.0469,0.00,1,0.00
12.491810,264.1113,-0.527344,111,78.0469,0.00,1,0.00
12.492810,264.0234,-0.615234,111,78.0469,0.00,1,0.00
12.493811,263.9355,-0.703125,111,78.0469,0.00,1,0.00
12.494811,264.0234,-0.615234,111,78.0469,0.00,1,0.00
12.495812,264.1113,-0.527344,111,78.0469,0.00,1,0.00
12.496813,264.0234,-0.615234,111,78.0469,0.00,1,0.00
12.497813,264.0234,-0.615234,111,78.0469,0.00,1,0.00
12.498814,264.0234,-0.615234,111,78.0469,0.00,1,0.00
12.499814,264.0234,-0.615234,111,78.0469,0.00,1,0.00
12.500814,264.0234,-0.615234,111,78.0469,0.00,1,0.00
12.501815,264.0234,-0.615234,111,78.0469,0.00,1,0.00
12.502815,264.0234,-0.615234,111,78.0469,0.00,1,0.00
12.503816,264.0234,-0.615234,111,78.0469,0.00,1,0.00
12.504816,264.0234,-0.615234,111,78.0469,0.00,1,0.00
12.505817,264.0234,-0.615234,111,78.0469,0.00,1,0.00
12.506818,264.1113,-0.527344,111,78.0469,0.00,1,0.00
12.507818,264.1113,-0.527344,111,78.0469,0.00,1,0.00
12.508819,264.0234,-0.615234,111,78.0469,0.00,1,0.00
12.509819,264.0234,-0.615234,111,78.0469,0.00,1,0.00
12.517058,264.0234,-0.615234,111,78.0469,0.00,1,0.00
12.518059,264.1113,-0.527344,111,78.0469,0.00,1,0.00
12.519059,264.1113,-0.527344,111,78.0469,0.00,1,0.00
12.520060,264.1113,-0.527344,111,78.0469,0.00,1,0.00
12.521060,264.1113,-0.527344,111,78.0469,0.00,1,0.00
12.522060,264.0234,-0.615234,111,78.0469,0.00,1,0.00
12.523061,264.1113,-0.527344,111,78.0469,0.00,1,0.00
12.524061,264.1113,-0.527344,111,78.0469,0.00,1,0.00
12.525062,264.0234,-0.615234,111,78.0469,0.00,1,0.00
12.526062,264.0234,-0.615234,111,78.0469,0.00,1,0.00
12.527062,263.9355,-0.703125,111,78.0469,0.00,1,0.00
12.528063,264.0234,-0.615234,111,78.0469,0.00,1,0.00
12.529063,264.0234,-0.615234,111,78.0469,0.00,1,0.00
12.530064,264.0234,-0.615234,111,78.0469,0.00,1,0.00
12.531064,264.1113,-0.527344,111,78.0469,0.00,1,0.00
12.532064,264.0234,-0.615234,111,78.0469,0.00,1,0.00
12.533065,264.0234,-0.615234,111,78.0469,0.00,1,0.00
12.534065,264.0234,-0.615234,111,78.0469,0.00,1,0.00
12.535066,264.0234,-0.615234,111,78.0469,0.00,1,0.00
12.536066,264.0234,-0.615234,111,78.0469,0.00,1,0.00
12.537067,264.0234,-0.615234,111,78.0469,0.00,1,0.00
12.538068,264.1113,-0.527344,111,78.0469,0.00,1,0.00
12.539068,264.1113,-0.527344,111,78.0469,0.00,1,0.00
12.540069,264.0234,-0.615234,111,78.0469,0.00,1,0.00
12.541069,264.0234,-0.615234,111,78.0469,0.00,1,0.00
12.542069,264.0234,-0.615234,111,78.0469,0.00,1,0.00
12.543070,264.0234,-0.615234,111,78.0469,0.00,1,0.00
12.544070,264.0234,-0.615234,111,78.0469,0.00,1,0.00
12.545071,264.0234,-0.615234,111,78.0469,0.00,1,0.00
12.546071,264.0234,-0.615234,111,78.0469,0.00,1,0.00
12.547072,264.0234,-0.615234,111,78.0469,0.00,1,0.00
12.548073,264.0234,-0.615234,111,78.0469,0.00,1,0.00
12.549073,264.0234,-0.615234,111,78.0469,0.00,1,0.00
12.550074,264.0234,-0.615234,111,78.0469,0.00,1,0.00
12.551074,264.0234,-0.615234,111,78.0469,0.00,1,0.00
12.552074,264.0234,-0.615234,111,78.0469,0.00,1,0.00
12.553075,264.1113,-0.527344,111,78.0469,0.00,1,0.00
12.554075,264.0234,-0.615234,111,78.0469,0.00,1,0.00
12.555076,264.0234,-0.615234,111,78.0469,0.00,1,0.00
12.556076,264.0234,-0.615234,111,78.0469,0.00,1,0.00
12.557077,264.0234,-0.615234,111,78.0469,0.00,1,0.00
12.558078,264.0234,-0.615234,111,78.0469,0.00,1,0.00
12.559078,264.0234,-0.615234,111,78.0469,0.00,1,0.00
12.560079,264.0234,-0.615234,111,78.0469,0.00,1,0.00
12.561079,264.1113,-0.527344,111,78.0469,0.00,1,0.00
12.562079,264.1113,-0.527344,111,78.0469,0.00,1,0.00
12.563080,264.0234,-0.615234,111,78.0469,0.00,1,0.00
12.564080,264.0234,-0.615234,111,78.0469,0.00,1,0.00
12.565081,264.0234,-0.615234,111,78.0469,0.00,1,0.00
12.566081,264.0234,-0.615234,111,78.0469,0.00,1,0.00
12.573322,264.0234,-0.615234,111,78.0469,0.00,1,0.00
12.574323,264.0234,-0.615234,111,78.0469,0.00,1,0.00
12.575323,264.0234,-0.615234,111,78.0469,0.00,1,0.00
12.576324,264.0234,-0.615234,111,78.0469,0.00,1,0.00
12.577324,264.0234,-0.615234,111,78.0469,0.00,1,0.00
12.578324,264.0234,-0.615234,111,78.0469,0.00,1,0.00
12.579325,264.0234,-0.615234,111,78.0469,0.00,1,0.00
12.580325,264.0234,-0.615234,111,78.0469,0.00,1,0.00
12.581326,264.0234,-0.615234,111,78.0469,0.00,1,0.00
12.582326,264.0234,-0.615234,111,78.0469,0.00,1,0.00
12.583326,264.0234,-0.615234,111,78.0469,0.00,1,0.00
12.584327,264.0234,-0.615234,111,78.0469,0.00,1,0.00
12.585327,264.0234,-0.615234,111,78.0469,0.00,1,0.00
12.586328,264.0234,-0.615234,111,78.0469,0.00,1,0.00
12.587328,264.0234,-0.615234,111,78.0469,0.00,1,0.00
12.588328,264.0234,-0.615234,111,78.0469,0.00,1,0.00
12.589329,264.0234,-0.615234,111,78.0469,0.00,1,0.00
12.590329,264.1113,-0.527344,111,78.0469,0.00,1,0.00
12.591330,264.1113,-0.527344,111,78.0469,0.00,1,0.00
12.592330,264.0234,-0.615234,111,78.0469,0.00,1,0.00
12.593330,264.0234,-0.615234,111,78.0469,0.00,1,0.00
12.594331,264.0234,-0.615234,111,78.0469,0.00,1,0.00
12.595331,264.0234,-0.615234,111,78.0469,0.00,1,0.00
12.596332,264.0234,-0.615234,111,78.0469,0.00,1,0.00
12.597332,264.1113,-0.527344,111,78.0469,0.00,1,0.00
12.598332,264.1113,-0.527344,111,78.0469,0.00,1,0.00
12.599333,264.0234,-0.615234,111,78.0469,0.00,1,0.00
12.600333,264.0234,-0.615234,111,78.0469,0.00,1,0.00
12.601334,264.0234,-0.615234,111,78.0469,0.00,1,0.00
12.602334,264.0234,-0.615234,111,78.0469,0.00,1,0.00
12.603334,264.0234,-0.615234,111,78.0469,0.00,1,0.00
12.604335,264.0234,-0.615234,111,78.0469,0.00,1,0.00
12.605335,264.0234,-0.615234,111,78.0469,0.00,1,0.00
12.606336,264.1113,-0.527344,111,78.0469,0.00,1,0.00
12.607336,264.1113,-0.527344,111,78.0469,0.00,1,0.00
12.608337,264.0234,-0.615234,111,78.0469,0.00,1,0.00
12.609338,264.0234,-0.615234,111,78.0469,0.00,1,0.00
12.610338,264.0234,-0.615234,111,78.0469,0.00,1,0.00
12.611339,264.0234,-0.615234,111,78.0469,0.00,1,0.00
12.612339,264.0234,-0.615234,111,78.0469,0.00,1,0.00
12.613339,264.0234,-0.615234,111,78.0469,0.00,1,0.00
12.614340,264.0234,-0.615234,111,78.0469,0.00,1,0.00
12.615340,264.0234,-0.615234,111,78.0469,0.00,1,0.00
12.616341,264.0234,-0.615234,111,78.0469,0.00,1,0.00
12.617341,264.0234,-0.615234,111,78.0469,0.00,1,0.00
12.618342,264.0234,-0.615234,111,78.0469,0.00,1,0.00
12.619343,264.0234,-0.615234,111,78.0469,0.00,1,0.00
12.620343,264.0234,-0.615234,111,78.0469,0.00,1,0.00
12.621344,264.0234,-0.615234,111,78.0469,0.00,1,0.00
12.622344,264.0234,-0.615234,111,78.0469,0.00,1,0.00
12.629607,264.0234,-0.615234,111,78.0469,0.00,1,0.00
12.630608,264.0234,-0.615234,111,78.0469,0.00,1,0.00
12.631608,264.0234,-0.615234,111,78.0469,0.00,1,0.00
12.632608,264.0234,-0.615234,111,78.0469,0.00,1,0.00
12.633609,264.0234,-0.615234,111,78.0469,0.00,1,0.00
12.634609,264.1113,-0.527344,111,78.0469,0.00,1,0.00
12.635610,264.0234,-0.615234,111,78.0469,0.00,1,0.00
12.636610,264.0234,-0.615234,111,78.0469,0.00,1,0.00
12.637610,264.1113,-0.527344,111,78.0469,0.00,1,0.00
12.638611,264.0234,-0.615234,111,78.0469,0.00,1,0.00
12.639611,264.0234,-0.615234,111,78.0469,0.00,1,0.00
12.640612,264.0234,-0.615234,111,78.0469,0.00,1,0.00
12.641612,264.0234,-0.615234,111,78.0469,0.00,1,0.00
12.642613,264.0234,-0.615234,111,78.0469,0.00,1,0.00
12.643614,264.0234,-0.615234,111,78.0469,0.00,1,0.00
12.644614,264.1113,-0.527344,111,78.0469,0.00,1,0.00
12.645615,264.0234,-0.615234,111,78.0469,0.00,1,0.00
12.646615,264.0234,-0.615234,111,78.0469,0.00,1,0.00
12.647615,264.0234,-0.615234,111,78.0469,0.00,1,0.00
12.648616,264.1113,-0.527344,111,78.0469,0.00,1,0.00
12.649616,264.0234,-0.615234,111,78.0469,0.00,1,0.00
12.650617,263.9355,-0.703125,111,78.0469,0.00,1,0.00
12.651617,264.0234,-0.615234,111,78.0469,0.00,1,0.00
12.652618,264.0234,-0.615234,111,78.0469,0.00,1,0.00
12.653619,264.0234,-0.615234,111,78.0469,0.00,1,0.00
12.654619,264.1113,-0.527344,111,78.0469,0.00,1,0.00
12.655620,263.9355,-0.703125,111,78.0469,0.00,1,0.00
12.656620,264.0234,-0.615234,111,78.0469,0.00,1,0.00
12.657620,264.0234,-0.615234,111,78.0469,0.00,1,0.00
12.658621,264.0234,-0.615234,111,78.0469,0.00,1,0.00
12.659621,264.1113,-0.527344,111,78.0469,0.00,1,0.00
12.660622,264.1113,-0.527344,111,78.0469,0.00,1,0.00
12.661622,264.0234,-0.615234,111,78.0469,0.00,1,0.00
12.662623,264.0234,-0.615234,111,78.0469,0.00,1,0.00
12.663624,264.0234,-0.615234,111,78.0469,0.00,1,0.00
12.664624,264.0234,-0.615234,111,78.0469,0.00,1,0.00
12.665625,264.0234,-0.615234,111,78.0469,0.00,1,0.00
12.666625,264.1113,-0.527344,111,78.0469,0.00,1,0.00
12.667625,264.0234,-0.615234,111,78.0469,0.00,1,0.00
12.668626,264.0234,-0.615234,111,78.0469,0.00,1,0.00
12.669626,264.0234,-0.615234,111,78.0469,0.00,1,0.00
12.670627,264.0234,-0.615234,111,78.0469,0.00,1,0.00
12.671627,264.0234,-0.615234,111,78.0469,0.00,1,0.00
12.672628,264.0234,-0.615234,111,78.0469,0.00,1,0.00
12.673629,264.0234,-0.615234,111,78.0469,0.00,1,0.00
12.674629,264.0234,-0.615234,111,78.0469,0.00,1,0.00
12.675630,264.0234,-0.615234,111,78.0469,0.00,1,0.00
12.676630,264.0234,-0.615234,111,78.0469,0.00,1,0.00
12.677630,264.0234,-0.615234,111,78.0469,0.00,1,0.00
12.678631,264.0234,-0.615234,111,78.0469,0.00,1,0.00
12.685921,264.1113,-0.527344,111,78.0469,0.00,1,0.00
12.686921,264.1113,-0.527344,111,78.0469,0.00,1,0.00
12.687922,264.1113,-0.527344,111,78.0469,0.00,1,0.00
12.688922,264.0234,-0.615234,111,78.0469,0.00,1,0.00
12.689922,264.0234,-0.615234,111,78.0469,0.00,1,0.00
12.690923,264.0234,-0.615234,111,78.0469,0.00,1,0.00
12.691923,264.0234,-0.615234,111,78.0469,0.00,1,0.00
12.692924,264.0234,-0.615234,111,78.0469,0.00,1,0.00
12.693924,264.0234,-0.615234,111,78.0469,0.00,1,0.00
12.694924,264.0234,-0.615234,111,78.0469,0.00,1,0.00
12.695925,264.0234,-0.615234,111,78.0469,0.00,1,0.00
12.696925,264.1113,-0.527344,111,78.0469,0.00,1,0.00
12.697926,264.0234,-0.615234,111,78.0469,0.00,1,0.00
12.698926,264.1113,-0.527344,111,78.0469,0.00,1,0.00
12.699926,264.0234,-0.615234,111,78.0469,0.00,1,0.00
12.700927,264.0234,-0.615234,111,78.0469,0.00,1,0.00
12.701927,264.0234,-0.615234,111,78.0469,0.00,1,0.00
12.702928,263.9355,-0.703125,111,78.0469,0.00,1,0.00
12.703928,264.0234,-0.615234,111,78.0469,0.00,1,0.00
12.704928,264.1113,-0.527344,111,78.0469,0.00,1,0.00
12.705929,264.0234,-0.615234,111,78.0469,0.00,1,0.00
12.706929,264.0234,-0.615234,111,78.0469,0.00,1,0.00
12.707930,264.1113,-0.527344,111,78.0469,0.00,1,0.00
12.708930,264.1113,-0.527344,111,78.0469,0.00,1,0.00
12.709930,264.0234,-0.615234,111,78.0469,0.00,1,0.00
12.710931,264.1113,-0.527344,111,78.0469,0.00,1,0.00
12.711931,264.0234,-0.615234,111,78.0469,0.00,1,0.00
12.712932,264.0234,-0.615234,111,78.0469,0.00,1,0.00
12.713932,264.0234,-0.615234,111,78.0469,0.00,1,0.00
12.714932,264.0234,-0.615234,111,78.0469,0.00,1,0.00
12.715933,264.0234,-0.615234,111,78.0469,0.00,1,0.00
12.716933,264.0234,-0.615234,111,78.0469,0.00,1,0.00
12.717934,264.1113,-0.527344,111,78.0469,0.00,1,0.00
12.718934,264.0234,-0.615234,111,78.0469,0.00,1,0.00
12.719935,264.0234,-0.615234,111,78.0469,0.00,1,0.00
12.720936,264.0234,-0.615234,111,78.0469,0.00,1,0.00
12.721936,264.0234,-0.615234,111,78.0469,0.00,1,0.00
12.722937,264.0234,-0.615234,111,78.0469,0.00,1,0.00
12.723937,264.1113,-0.527344,111,78.0469,0.00,1,0.00
12.724937,264.1113,-0.527344,111,78.0469,0.00,1,0.00
12.725938,264.0234,-0.615234,111,78.0469,0.00,1,0.00
12.726938,264.0234,-0.615234,111,78.0469,0.00,1,0.00
12.727939,264.0234,-0.615234,111,78.0469,0.00,1,0.00
12.728939,264.0234,-0.615234,111,78.0469,0.00,1,0.00
12.729940,264.1113,-0.527344,111,78.0469,0.00,1,0.00
12.730941,264.1113,-0.527344,111,78.0469,0.00,1,0.00
12.731941,264.0234,-0.615234,111,78.0469,0.00,1,0.00
12.732942,264.0234,-0.615234,111,78.0469,0.00,1,0.00
12.733942,264.0234,-0.615234,111,78.0469,0.00,1,0.00
12.734942,264.0234,-0.615234,111,78.0469,0.00,1,0.00
12.742812,264.0234,-0.615234,111,78.0469,0.00,1,0.00
12.743813,264.0234,-0.615234,111,78.0469,0.00,1,0.00
12.744813,264.1113,-0.527344,111,78.0469,0.00,1,0.00
12.745813,264.1113,-0.527344,111,78.0469,0.00,1,0.00
12.746814,264.0234,-0.615234,111,78.0469,0.00,1,0.00
12.747814,263.9355,-0.703125,111,78.0469,0.00,1,0.00
12.748815,264.0234,-0.615234,111,78.0469,0.00,1,0.00
12.749815,264.1113,-0.527344,111,78.0469,0.00,1,0.00
12.750815,264.0234,-0.615234,111,78.0469,0.00,1,0.00
12.751816,264.0234,-0.615234,111,78.0469,0.00,1,0.00
12.752816,264.0234,-0.615234,111,78.0469,0.00,1,0.00
12.753817,264.0234,-0.615234,111,78.0469,0.00,1,0.00
12.754817,264.1113,-0.527344,111,78.0469,0.00,1,0.00
12.755817,264.1113,-0.527344,111,78.0469,0.00,1,0.00
12.756818,264.0234,-0.615234,111,78.0469,0.00,1,0.00
12.757818,264.0234,-0.615234,111,78.0469,0.00,1,0.00
12.758819,264.0234,-0.615234,111,78.0469,0.00,1,0.00
12.759819,263.9355,-0.703125,111,78.0469,0.00,1,0.00
12.760819,264.0234,-0.615234,111,78.0469,0.00,1,0.00
12.761820,264.0234,-0.615234,111,78.0469,0.00,1,0.00
12.762820,264.0234,-0.615234,111,78.0469,0.00,1,0.00
12.763821,264.0234,-0.615234,111,78.0469,0.00,1,0.00
12.764821,264.0234,-0.615234,111,78.0469,0.00,1,0.00
12.765822,264.0234,-0.615234,111,78.0469,0.00,1,0.00
12.766823,264.1113,-0.527344,111,78.0469,0.00,1,0.00
12.767823,264.0234,-0.615234,111,78.0469,0.00,1,0.00
12.768824,264.0234,-0.615234,111,78.0469,0.00,1,0.00
12.769824,264.1113,-0.527344,111,78.0469,0.00,1,0.00
12.770824,264.1113,-0.527344,111,78.0469,0.00,1,0.00
12.771825,264.0234,-0.615234,111,78.0469,0.00,1,0.00
12.772825,264.1113,-0.527344,111,78.0469,0.00,1,0.00
12.773826,264.0234,-0.615234,111,78.0469,0.00,1,0.00
12.774826,264.0234,-0.615234,111,78.0469,0.00,1,0.00
12.775827,264.0234,-0.615234,111,78.0469,0.00,1,0.00
12.776828,264.0234,-0.615234,111,78.0469,0.00,1,0.00
12.777828,264.0234,-0.615234,111,78.0469,0.00,1,0.00
12.778829,264.0234,-0.615234,111,78.0469,0.00,1,0.00
12.779829,264.0234,-0.615234,111,78.0469,0.00,1,0.00
12.780829,264.0234,-0.615234,111,78.0469,0.00,1,0.00
12.781830,264.0234,-0.615234,111,78.0469,0.00,1,0.00
12.782830,264.1113,-0.527344,111,78.0469,0.00,1,0.00
12.783831,264.1113,-0.527344,111,78.0469,0.00,1,0.00
12.784831,264.1113,-0.527344,111,78.0469,0.00,1,0.00
12.785832,264.1113,-0.527344,111,78.0469,0.00,1,0.00
12.786833,264.1113,-0.527344,111,78.0469,0.00,1,0.00
12.787833,264.0234,-0.615234,111,78.0469,0.00,1,0.00
12.788834,264.0234,-0.615234,111,78.0469,0.00,1,0.00
12.789834,264.1113,-0.527344,111,78.0469,0.00,1,0.00
12.790834,264.0234,-0.615234,111,78.0469,0.00,1,0.00
12.791835,264.0234,-0.615234,111,78.0469,0.00,1,0.00
12.799052,264.0234,-0.615234,111,78.0469,0.00,1,0.00
12.800053,264.0234,-0.615234,111,78.0469,0.00,1,0.00
12.801053,264.0234,-0.615234,111,78.0469,0.00,1,0.00
12.802054,264.0234,-0.615234,111,78.0469,0.00,1,0.00
12.803055,264.0234,-0.615234,111,78.0469,0.00,1,0.00
12.804055,264.1113,-0.527344,111,78.0469,0.00,1,0.00
12.805056,264.1113,-0.527344,111,78.0469,0.00,1,0.00
12.806056,264.0234,-0.615234,111,78.0469,0.00,1,0.00
12.807056,264.0234,-0.615234,111,78.0469,0.00,1,0.00
12.808057,264.0234,-0.615234,111,78.0469,0.00,1,0.00
12.809057,263.9355,-0.703125,111,78.0469,0.00,1,0.00
12.810058,264.0234,-0.615234,111,78.0469,0.00,1,0.00
12.811058,264.0234,-0.615234,111,78.0469,0.00,1,0.00
12.812059,264.0234,-0.615234,111,78.0469,0.00,1,0.00
12.813060,264.1113,-0.527344,111,78.0469,0.00,1,0.00
12.814060,264.1113,-0.527344,111,78.0469,0.00,1,0.00
12.815061,264.1113,-0.527344,111,78.0469,0.00,1,0.00
12.816061,264.1113,-0.527344,111,78.0469,0.00,1,0.00
12.817061,264.0234,-0.615234,111,78.0469,0.00,1,0.00
12.818062,264.0234,-0.615234,111,78.0469,0.00,1,0.00
12.819062,264.1113,-0.527344,111,78.0469,0.00,1,0.00
12.820063,264.0234,-0.615234,111,78.0469,0.00,1,0.00
12.821063,264.0234,-0.615234,111,78.0469,0.00,1,0.00
12.822064,264.0234,-0.615234,111,78.0469,0.00,1,0.00
12.823065,264.0234,-0.615234,111,78.0469,0.00,1,0.00
12.824065,264.0234,-0.615234,111,78.0469,0.00,1,0.00
12.825066,264.0234,-0.615234,111,78.0469,0.00,1,0.00
12.826066,264.0234,-0.615234,111,78.0469,0.00,1,0.00
12.827066,264.0234,-0.615234,111,78.0469,0.00,1,0.00
12.828067,264.0234,-0.615234,111,78.0469,0.00,1,0.00
12.829067,264.0234,-0.615234,111,78.0469,0.00,1,0.00
12.830068,264.0234,-0.615234,111,78.0469,0.00,1,0.00
12.831068,264.0234,-0.615234,111,78.0469,0.00,1,0.00
12.832068,264.1113,-0.527344,111,78.0469,0.00,1,0.00
12.833069,264.1113,-0.527344,111,78.0469,0.00,1,0.00
12.834069,264.1113,-0.527344,111,78.0469,0.00,1,0.00
12.835070,264.0234,-0.615234,111,78.0469,0.00,1,0.00
12.836070,264.0234,-0.615234,111,78.0469,0.00,1,0.00
12.837071,264.0234,-0.615234,111,78.0469,0.00,1,0.00
12.838072,264.0234,-0.615234,111,78.0469,0.00,1,0.00
12.839072,264.0234,-0.615234,111,78.0469,0.00,1,0.00
12.840073,264.0234,-0.615234,111,78.0469,0.00,1,0.00
12.841073,264.0234,-0.615234,111,78.0469,0.00,1,0.00
12.842073,264.0234,-0.615234,111,78.0469,0.00,1,0.00
12.843074,264.0234,-0.615234,111,78.0469,0.00,1,0.00
12.844074,264.0234,-0.615234,111,78.0469,0.00,1,0.00
12.845075,264.0234,-0.615234,111,78.0469,0.00,1,0.00
12.846075,264.0234,-0.615234,111,78.0469,0.00,1,0.00
12.847076,263.9355,-0.703125,111,78.0469,0.00,1,0.00
12.848077,263.9355,-0.703125,111,78.0469,0.00,1,0.00
12.855320,263.9355,-0.703125,111,78.0469,0.00,1,0.00
12.856320,264.0234,-0.615234,111,78.0469,0.00,1,0.00
12.857321,264.1113,-0.527344,111,78.0469,0.00,1,0.00
12.858321,264.0234,-0.615234,111,78.0469,0.00,1,0.00
12.859322,264.0234,-0.615234,111,78.0469,0.00,1,0.00
12.860322,264.0234,-0.615234,111,78.0469,0.00,1,0.00
12.861322,264.0234,-0.615234,111,78.0469,0.00,1,0.00
12.862323,264.0234,-0.615234,111,78.0469,0.00,1,0.00
12.863323,264.1113,-0.527344,111,78.0469,0.00,1,0.00
12.864324,264.1113,-0.527344,111,78.0469,0.00,1,0.00
12.865324,264.1113,-0.527344,111,78.0469,0.00,1,0.00
12.866324,264.0234,-0.615234,111,78.0469,0.00,1,0.00
12.867325,264.0234,-0.615234,111,78.0469,0.00,1,0.00
12.868325,264.0234,-0.615234,111,78.0469,0.00,1,0.00
12.869326,264.0234,-0.615234,111,78.0469,0.00,1,0.00
12.870326,264.0234,-0.615234,111,78.0469,0.00,1,0.00
12.871327,264.0234,-0.615234,111,78.0469,0.00,1,0.00
12.872328,264.0234,-0.615234,111,78.0469,0.00,1,0.00
12.873328,263.9355,-0.703125,111,78.0469,0.00,1,0.00
12.874329,263.9355,-0.703125,111,78.0469,0.00,1,0.00
12.875329,264.0234,-0.615234,111,78.0469,0.00,1,0.00
12.876329,264.0234,-0.615234,111,78.0469,0.00,1,0.00
12.877330,264.0234,-0.615234,111,78.0469,0.00,1,0.00
12.878330,264.0234,-0.615234,111,78.0469,0.00,1,0.00
12.879331,264.0234,-0.615234,111,78.0469,0.00,1,0.00
12.880331,264.0234,-0.615234,111,78.0469,0.00,1,0.00
12.881331,264.0234,-0.615234,111,78.0469,0.00,1,0.00
12.882332,264.1113,-0.527344,111,78.0469,0.00,1,0.00
12.883332,264.1113,-0.527344,111,78.0469,0.00,1,0.00
12.884333,264.0234,-0.615234,111,78.0469,0.00,1,0.00
12.885333,264.0234,-0.615234,111,78.0469,0.00,1,0.00
12.886334,264.1113,-0.527344,111,78.0469,0.00,1,0.00
12.887335,264.0234,-0.615234,111,78.0469,0.00,1,0.00
12.888335,264.0234,-0.615234,111,78.0469,0.00,1,0.00
12.889336,264.0234,-0.615234,111,78.0469,0.00,1,0.00
12.890336,264.1113,-0.527344,111,78.0469,0.00,1,0.00
12.891336,264.0234,-0.615234,111,78.0469,0.00,1,0.00
12.892337,264.0234,-0.615234,111,78.0469,0.00,1,0.00
12.893337,264.0234,-0.615234,111,78.0469,0.00,1,0.00
12.894338,264.0234,-0.615234,111,78.0469,0.00,1,0.00
12.895338,264.0234,-0.615234,111,78.0469,0.00,1,0.00
12.896339,264.1113,-0.527344,111,78.0469,0.00,1,0.00
12.897340,264.0234,-0.615234,111,78.0469,0.00,1,0.00
12.898340,264.0234,-0.615234,111,78.0469,0.00,1,0.00
12.899341,264.1113,-0.527344,111,78.0469,0.00,1,0.00
12.900341,264.1113,-0.527344,111,78.0469,0.00,1,0.00
12.901341,264.1113,-0.527344,111,78.0469,0.00,1,0.00
12.902342,264.1113,-0.527344,111,78.0469,0.00,1,0.00
12.903342,264.0234,-0.615234,111,78.0469,0.00,1,0.00
12.904343,264.0234,-0.615234,111,78.0469,0.00,1,0.00
12.911586,264.1113,-0.527344,111,78.0469,0.00,1,0.00
12.912586,264.0234,-0.615234,111,78.0469,0.00,1,0.00
12.913587,264.0234,-0.615234,111,78.0469,0.00,1,0.00
12.914587,264.0234,-0.615234,111,78.0469,0.00,1,0.00
12.915587,264.0234,-0.615234,111,78.0469,0.00,1,0.00
12.916588,264.0234,-0.615234,111,78.0469,0.00,1,0.00
12.917588,264.0234,-0.615234,111,78.0469,0.00,1,0.00
12.918589,264.1113,-0.527344,111,78.0469,0.00,1,0.00
12.919589,264.0234,-0.615234,111,78.0469,0.00,1,0.00
12.920590,263.9355,-0.703125,111,78.0469,0.00,1,0.00
12.921591,264.0234,-0.615234,111,78.0469,0.00,1,0.00
12.922591,264.0234,-0.615234,111,78.0469,0.00,1,0.00
12.923592,264.0234,-0.615234,111,78.0469,0.00,1,0.00
12.924592,264.1113,-0.527344,111,78.0469,0.00,1,0.00
12.925592,264.1113,-0.527344,111,78.0469,0.00,1,0.00
12.926593,264.1113,-0.527344,111,78.0469,0.00,1,0.00
12.927593,264.1113,-0.527344,111,78.0469,0.00,1,0.00
12.928594,264.0234,-0.615234,111,78.0469,0.00,1,0.00
12.929594,264.0234,-0.615234,111,78.0469,0.00,1,0.00
12.930595,264.0234,-0.615234,111,78.0469,0.00,1,0.00
12.931596,264.0234,-0.615234,111,78.0469,0.00,1,0.00
12.932596,264.0234,-0.615234,111,78.0469,0.00,1,0.00
12.933597,264.0234,-0.615234,111,78.0469,0.00,1,0.00
12.934597,264.0234,-0.615234,111,78.0469,0.00,1,0.00
12.935597,264.1113,-0.527344,111,78.0469,0.00,1,0.00
12.936598,264.0234,-0.615234,111,78.0469,0.00,1,0.00
12.937598,264.0234,-0.615234,111,78.0469,0.00,1,0.00
12.938599,264.0234,-0.615234,111,78.0469,0.00,1,0.00
12.939599,264.0234,-0.615234,111,78.0469,0.00,1,0.00
12.940599,264.0234,-0.615234,111,78.0469,0.00,1,0.00
12.941600,263.9355,-0.703125,111,78.0469,0.00,1,0.00
12.942600,264.0234,-0.615234,111,78.0469,0.00,1,0.00
12.943601,264.0234,-0.615234,111,78.0469,0.00,1,0.00
12.944601,264.0234,-0.615234,111,78.0469,0.00,1,0.00
12.945602,263.9355,-0.703125,111,78.0469,0.00,1,0.00
12.946603,264.0234,-0.615234,111,78.0469,0.00,1,0.00
12.947603,264.0234,-0.615234,111,78.0469,0.00,1,0.00
12.948604,264.0234,-0.615234,111,78.0469,0.00,1,0.00
12.949604,264.0234,-0.615234,111,78.0469,0.00,1,0.00
12.950604,264.0234,-0.615234,111,78.0469,0.00,1,0.00
12.951605,264.0234,-0.615234,111,78.0469,0.00,1,0.00
12.952605,264.0234,-0.615234,111,78.0469,0.00,1,0.00
12.953606,264.0234,-0.615234,111,78.0469,0.00,1,0.00
12.954606,264.0234,-0.615234,111,78.0469,0.00,1,0.00
12.955607,264.0234,-0.615234,111,78.0469,0.00,1,0.00
12.956608,264.1113,-0.527344,111,78.0469,0.00,1,0.00
12.957608,264.0234,-0.615234,111,78.0469,0.00,1,0.00
12.958609,264.0234,-0.615234,111,78.0469,0.00,1,0.00
12.959609,264.0234,-0.615234,111,78.0469,0.00,1,0.00
12.960609,264.0234,-0.615234,111,78.0469,0.00,1,0.00
12.967874,264.0234,-0.615234,111,78.0469,0.00,1,0.00
12.968874,264.0234,-0.615234,111,78.0469,0.00,1,0.00
12.969874,264.1113,-0.527344,111,78.0469,0.00,1,0.00
12.970875,264.1992,-0.439453,111,78.0469,0.00,1,0.00
12.971875,264.1113,-0.527344,111,78.0469,0.00,1,0.00
12.972876,264.0234,-0.615234,111,78.0469,0.00,1,0.00
12.973876,263.9355,-0.703125,111,78.0469,0.00,1,0.00
12.974876,264.0234,-0.615234,111,78.0469,0.00,1,0.00
12.975877,264.1113,-0.527344,111,78.0469,0.00,1,0.00
12.976877,264.1113,-0.527344,111,78.0469,0.00,1,0.00
12.977878,264.0234,-0.615234,111,78.0469,0.00,1,0.00
12.978878,264.0234,-0.615234,111,78.0469,0.00,1,0.00
12.979878,264.0234,-0.615234,111,78.0469,0.00,1,0.00
12.980879,264.0234,-0.615234,111,78.0469,0.00,1,0.00
12.981879,264.1113,-0.527344,111,78.0469,0.00,1,0.00
12.982880,264.1113,-0.527344,111,78.0469,0.00,1,0.00
12.983880,264.1113,-0.527344,111,78.0469,0.00,1,0.00
12.984881,264.0234,-0.615234,111,78.0469,0.00,1,0.00
12.985882,264.0234,-0.615234,111,78.0469,0.00,1,0.00
12.986882,264.0234,-0.615234,111,78.0469,0.00,1,0.00
12.987883,263.9355,-0.703125,111,78.0469,0.00,1,0.00
12.988883,264.0234,-0.615234,111,78.0469,0.00,1,0.00
12.989883,264.0234,-0.615234,111,78.0469,0.00,1,0.00
12.990884,264.1113,-0.527344,111,78.0469,0.00,1,0.00
12.991884,264.1113,-0.527344,111,78.0469,0.00,1,0.00
12.992885,264.1113,-0.527344,111,78.0469,0.00,1,0.00
12.993885,264.0234,-0.615234,111,78.0469,0.00,1,0.00
12.994886,264.0234,-0.615234,111,78.0469,0.00,1,0.00
12.995887,264.0234,-0.615234,111,78.0469,0.00,1,0.00
12.996887,264.0234,-0.615234,111,78.0469,0.00,1,0.00
12.997888,263.9355,-0.703125,111,78.0469,0.00,1,0.00
12.998888,264.0234,-0.615234,111,78.0469,0.00,1,0.00
12.999888,264.0234,-0.615234,111,78.0469,0.00,1,0.00
13.000889,264.0234,-0.615234,111,78.0469,0.00,1,0.00
13.001889,264.0234,-0.615234,111,78.0469,0.00,1,0.00
13.002890,264.0234,-0.615234,111,78.0469,0.00,1,0.00
13.003890,264.0234,-0.615234,111,78.0469,0.00,1,0.00
13.004890,263.9355,-0.703125,111,78.0469,0.00,1,0.00
13.005891,264.0234,-0.615234,111,78.0469,0.00,1,0.00
13.006891,264.0234,-0.615234,111,78.0469,0.00,1,0.00
13.007892,264.0234,-0.615234,111,78.0469,0.00,1,0.00
13.008892,264.0234,-0.615234,111,78.0469,0.00,1,0.00
13.009893,264.0234,-0.615234,111,78.0469,0.00,1,0.00
13.010894,264.0234,-0.615234,111,78.0469,0.00,1,0.00
13.011894,264.0234,-0.615234,111,78.0469,0.00,1,0.00
13.012895,264.0234,-0.615234,111,78.0469,0.00,1,0.00
13.013895,264.0234,-0.615234,111,78.0469,0.00,1,0.00
13.014895,264.0234,-0.615234,111,78.0469,0.00,1,0.00
13.015896,263.9355,-0.703125,111,78.0469,0.00,1,0.00
13.016896,264.0234,-0.615234,111,78.0469,0.00,1,0.00
13.024184,264.0234,-0.615234,111,78.0469,0.00,1,0.00
13.025185,263.9355,-0.703125,111,78.0469,0.00,1,0.00
13.026185,264.0234,-0.615234,111,78.0469,0.00,1,0.00
13.027185,264.0234,-0.615234,111,78.0469,0.00,1,0.00
13.028186,264.0234,-0.615234,111,78.0469,0.00,1,0.00
13.029186,264.0234,-0.615234,111,78.0469,0.00,1,0.00
13.030187,264.0234,-0.615234,111,78.0469,0.00,1,0.00
13.031187,264.0234,-0.615234,111,78.0469,0.00,1,0.00
13.032188,264.0234,-0.615234,111,78.0469,0.00,1,0.00
13.033189,264.0234,-0.615234,111,78.0469,0.00,1,0.00
13.034189,264.0234,-0.615234,111,78.0469,0.00,1,0.00
13.035190,264.0234,-0.615234,111,78.0469,0.00,1,0.00
13.036190,264.1113,-0.527344,111,78.0469,0.00,1,0.00
13.037190,264.0234,-0.615234,111,78.0469,0.00,1,0.00
13.038191,264.0234,-0.615234,111,78.0469,0.00,1,0.00
13.039191,264.0234,-0.615234,111,78.0469,0.00,1,0.00
13.040192,264.1113,-0.527344,111,78.0469,0.00,1,0.00
13.041192,264.0234,-0.615234,111,78.0469,0.00,1,0.00
13.042193,264.0234,-0.615234,111,78.0469,0.00,1,0.00
13.043194,264.0234,-0.615234,111,78.0469,0.00,1,0.00
13.044194,264.0234,-0.615234,111,78.0469,0.00,1,0.00
13.045195,264.0234,-0.615234,111,78.0469,0.00,1,0.00
13.046195,264.0234,-0.615234,111,78.0469,0.00,1,0.00
13.047195,264.0234,-0.615234,111,78.0469,0.00,1,0.00
13.048196,264.0234,-0.615234,111,78.0469,0.00,1,0.00
13.049196,264.0234,-0.615234,111,78.0469,0.00,1,0.00
13.050197,264.0234,-0.615234,111,78.0469,0.00,1,0.00
13.051197,263.9355,-0.703125,111,78.0469,0.00,1,0.00
13.052198,263.9355,-0.703125,111,78.0469,0.00,1,0.00
13.053199,263.9355,-0.703125,111,78.0469,0.00,1,0.00
13.054199,264.0234,-0.615234,111,78.0469,0.00,1,0.00
13.055200,264.0234,-0.615234,111,78.0469,0.00,1,0.00
13.056200,264.1113,-0.527344,111,78.0469,0.00,1,0.00
13.057200,264.1113,-0.527344,111,78.0469,0.00,1,0.00
13.058201,264.0234,-0.615234,111,78.0469,0.00,1,0.00
13.059201,264.0234,-0.615234,111,78.0469,0.00,1,0.00
13.060202,264.0234,-0.615234,111,78.0469,0.00,1,0.00
13.061202,264.0234,-0.615234,111,78.0469,0.00,1,0.00
13.062203,264.0234,-0.615234,111,78.0469,0.00,1,0.00
13.063204,264.0234,-0.615234,111,78.0469,0.00,1,0.00
13.064204,264.1113,-0.527344,111,78.0469,0.00,1,0.00
13.065205,264.1113,-0.527344,111,78.0469,0.00,1,0.00
13.066205,264.0234,-0.615234,111,78.0469,0.00,1,0.00
13.067205,264.0234,-0.615234,111,78.0469,0.00,1,0.00
13.068206,264.0234,-0.615234,111,78.0469,0.00,1,0.00
13.069206,263.9355,-0.703125,111,78.0469,0.00,1,0.00
13.070207,264.0234,-0.615234,111,78.0469,0.00,1,0.00
13.071207,264.0234,-0.615234,111,78.0469,0.00,1,0.00
13.072208,264.0234,-0.615234,111,78.0469,0.00,1,0.00
13.073209,264.0234,-0.615234,111,78.0469,0.00,1,0.00
13.080929,264.1113,-0.527344,111,78.0469,0.00,1,0.00
13.081929,264.0234,-0.615234,111,78.0469,0.00,1,0.00
13.082930,264.0234,-0.615234,111,78.0469,0.00,1,0.00
13.083930,264.0234,-0.615234,111,78.0469,0.00,1,0.00
13.084930,264.0234,-0.615234,111,78.0469,0.00,1,0.00
13.085931,264.0234,-0.615234,111,78.0469,0.00,1,0.00
13.086931,264.0234,-0.615234,111,78.0469,0.00,1,0.00
13.087932,264.0234,-0.615234,111,78.0469,0.00,1,0.00
13.088932,264.0234,-0.615234,111,78.0469,0.00,1,0.00
13.089932,264.0234,-0.615234,111,78.0469,0.00,1,0.00
13.090933,264.1113,-0.527344,111,78.0469,0.00,1,0.00
13.091933,264.0234,-0.615234,111,78.0469,0.00,1,0.00
13.092934,263.9355,-0.703125,111,78.0469,0.00,1,0.00
13.093934,264.0234,-0.615234,111,78.0469,0.00,1,0.00
13.094935,264.1113,-0.527344,111,78.0469,0.00,1,0.00
13.095936,264.0234,-0.615234,111,78.0469,0.00,1,0.00
13.096936,264.0234,-0.615234,111,78.0469,0.00,1,0.00
13.097937,264.1113,-0.527344,111,78.0469,0.00,1,0.00
13.098937,264.0234,-0.615234,111,78.0469,0.00,1,0.00
13.099937,264.0234,-0.615234,111,78.0469,0.00,1,0.00
13.100938,264.0234,-0.615234,111,78.0469,0.00,1,0.00
13.101938,264.0234,-0.615234,111,78.0469,0.00,1,0.00
13.102939,264.0234,-0.615234,111,78.0469,0.00,1,0.00
13.103939,264.0234,-0.615234,111,78.0469,0.00,1,0.00
13.104940,264.0234,-0.615234,111,78.0469,0.00,1,0.00
13.105941,264.0234,-0.615234,111,78.0469,0.00,1,0.00
13.106941,264.0234,-0.615234,111,78.0469,0.00,1,0.00
13.107942,264.0234,-0.615234,111,78.0469,0.00,1,0.00
13.108942,264.0234,-0.615234,111,78.0469,0.00,1,0.00
13.109942,264.0234,-0.615234,111,78.0469,0.00,1,0.00
13.110943,263.9355,-0.703125,111,78.0469,0.00,1,0.00
13.111943,264.0234,-0.615234,111,78.0469,0.00,1,0.00
13.112944,264.1113,-0.527344,111,78.0469,0.00,1,0.00
13.113944,264.1113,-0.527344,111,78.0469,0.00,1,0.00
13.114945,264.0234,-0.615234,111,78.0469,0.00,1,0.00
13.115946,264.0234,-0.615234,111,78.0469,0.00,1,0.00
13.116946,264.0234,-0.615234,111,78.0469,0.00,1,0.00
13.117947,264.0234,-0.615234,111,78.0469,0.00,1,0.00
13.118947,264.0234,-0.615234,111,78.0469,0.00,1,0.00
13.119947,264.1113,-0.527344,111,78.0469,0.00,1,0.00
13.120948,264.0234,-0.615234,111,78.0469,0.00,1,0.00
13.129549,264.1113,-0.527344,111,78.0469,0.00,1,0.00
13.130549,264.1113,-0.527344,111,78.0469,0.00,1,0.00
13.131550,264.1113,-0.527344,111,78.0469,0.00,1,0.00
13.132550,264.1113,-0.527344,111,78.0469,0.00,1,0.00
13.133551,264.1113,-0.527344,111,78.0469,0.00,1,0.00
13.134551,264.1113,-0.527344,111,78.0469,0.00,1,0.00
13.135552,264.1113,-0.527344,111,78.0469,0.00,1,0.00
13.136553,264.1113,-0.527344,111,78.0469,0.00,1,0.00
13.137553,264.1113,-0.527344,111,78.0469,0.00,1,0.00
13.144790,264.0234,-0.615234,111,78.0469,0.00,1,0.00
13.145790,264.0234,-0.615234,111,78.0469,0.00,1,0.00
13.146791,264.0234,-0.615234,111,78.0469,0.00,1,0.00
13.147791,264.0234,-0.615234,111,78.0469,0.00,1,0.00
13.148791,264.0234,-0.615234,111,78.0469,0.00,1,0.00
13.149792,264.0234,-0.615234,111,78.0469,0.00,1,0.00
13.150792,264.0234,-0.615234,111,78.0469,0.00,1,0.00
13.151793,264.0234,-0.615234,111,78.0469,0.00,1,0.00
13.152793,264.1113,-0.527344,111,78.0469,0.00,1,0.00
13.153793,264.0234,-0.615234,111,78.0469,0.00,1,0.00
13.154794,264.0234,-0.615234,111,78.0469,0.00,1,0.00
13.155794,264.0234,-0.615234,111,78.0469,0.00,1,0.00
13.156795,264.1113,-0.527344,111,78.0469,0.00,1,0.00
13.157795,264.0234,-0.615234,111,78.0469,0.00,1,0.00
13.158795,264.0234,-0.615234,111,78.0469,0.00,1,0.00
13.159796,264.0234,-0.615234,111,78.0469,0.00,1,0.00
13.160796,264.0234,-0.615234,111,78.0469,0.00,1,0.00
13.161797,264.0234,-0.615234,111,78.0469,0.00,1,0.00
13.162797,264.0234,-0.615234,111,78.0469,0.00,1,0.00
13.163797,264.0234,-0.615234,111,78.0469,0.00,1,0.00
13.164798,264.0234,-0.615234,111,78.0469,0.00,1,0.00
13.165798,264.0234,-0.615234,111,78.0469,0.00,1,0.00
13.166799,264.0234,-0.615234,111,78.0469,0.00,1,0.00
13.167799,263.9355,-0.703125,111,78.0469,0.00,1,0.00
13.168799,264.0234,-0.615234,111,78.0469,0.00,1,0.00
13.169800,264.0234,-0.615234,111,78.0469,0.00,1,0.00
13.170800,264.0234,-0.615234,111,78.0469,0.00,1,0.00
13.171801,264.0234,-0.615234,111,78.0469,0.00,1,0.00
13.172801,264.0234,-0.615234,111,78.0469,0.00,1,0.00
13.174783,264.0234,-0.615234,111,78.0469,0.00,1,0.00
13.175783,263.9355,-0.703125,111,78.0469,0.00,1,0.00
13.176784,263.9355,-0.703125,111,78.0469,0.00,1,0.00
13.177784,264.0234,-0.615234,111,78.0469,0.00,1,0.00
13.178784,264.0234,-0.615234,111,78.0469,0.00,1,0.00
13.179785,264.0234,-0.615234,111,78.0469,0.00,1,0.00
13.180785,264.0234,-0.615234,111,78.0469,0.00,1,0.00
13.181786,264.1113,-0.527344,111,78.0469,0.00,1,0.00
13.182786,264.0234,-0.615234,111,78.0469,0.00,1,0.00
13.183786,264.0234,-0.615234,111,78.0469,0.00,1,0.00
13.184787,264.0234,-0.615234,111,78.0469,0.00,1,0.00
13.185787,263.9355,-0.703125,111,78.0469,0.00,1,0.00
13.186788,264.0234,-0.615234,111,78.0469,0.00,1,0.00
13.187788,264.0234,-0.615234,111,78.0469,0.00,1,0.00
13.188788,264.0234,-0.615234,111,78.0469,0.00,1,0.00
13.189789,264.0234,-0.615234,111,78.0469,0.00,1,0.00
13.190789,264.0234,-0.615234,111,78.0469,0.00,1,0.00
13.191790,264.0234,-0.615234,111,78.0469,0.00,1,0.00
13.192790,264.0234,-0.615234,111,78.0469,0.00,1,0.00
13.193790,264.0234,-0.615234,111,78.0469,0.00,1,0.00
13.194791,264.1113,-0.527344,111,78.0469,0.00,1,0.00
13.202032,264.1113,-0.527344,111,78.0469,0.00,1,0.00
13.203032,264.0234,-0.615234,111,78.0469,0.00,1,0.00
13.204033,264.1113,-0.527344,111,78.0469,0.00,1,0.00
13.205033,264.1113,-0.527344,111,78.0469,0.00,1,0.00
13.206034,264.1113,-0.527344,111,78.0469,0.00,1,0.00
13.207034,264.1113,-0.527344,111,78.0469,0.00,1,0.00
13.208035,264.0234,-0.615234,111,78.0469,0.00,1,0.00
13.209035,264.0234,-0.615234,111,78.0469,0.00,1,0.00
13.210035,264.1113,-0.527344,111,78.0469,0.00,1,0.00
13.211036,264.0234,-0.615234,111,78.0469,0.00,1,0.00
13.212036,264.0234,-0.615234,111,78.0469,0.00,1,0.00
13.213037,264.0234,-0.615234,111,78.0469,0.00,1,0.00
13.214037,263.9355,-0.703125,111,78.0469,0.00,1,0.00
13.215037,264.0234,-0.615234,111,78.0469,0.00,1,0.00
13.216038,264.0234,-0.615234,111,78.0469,0.00,1,0.00
13.217038,264.0234,-0.615234,111,78.0469,0.00,1,0.00
13.218039,264.1113,-0.527344,111,78.0469,0.00,1,0.00
13.219039,264.0234,-0.615234,111,78.0469,0.00,1,0.00
13.220039,264.0234,-0.615234,111,78.0469,0.00,1,0.00
13.221040,264.0234,-0.615234,111,78.0469,0.00,1,0.00
13.222040,264.0234,-0.615234,111,78.0469,0.00,1,0.00
13.223041,264.0234,-0.615234,111,78.0469,0.00,1,0.00
13.224041,264.0234,-0.615234,111,78.0469,0.00,1,0.00
13.225041,264.0234,-0.615234,111,78.0469,0.00,1,0.00
13.226042,263.9355,-0.703125,111,78.0469,0.00,1,0.00
13.227042,264.0234,-0.615234,111,78.0469,0.00,1,0.00
13.228043,264.0234,-0.615234,111,78.0469,0.00,1,0.00
13.229043,264.0234,-0.615234,111,78.0469,0.00,1,0.00
13.230043,264.0234,-0.615234,111,78.0469,0.00,1,0.00
13.231044,264.0234,-0.615234,111,78.0469,0.00,1,0.00
13.232044,264.0234,-0.615234,111,78.0469,0.00,1,0.00
13.233045,264.1113,-0.527344,111,78.0469,0.00,1,0.00
13.234045,264.1113,-0.527344,111,78.0469,0.00,1,0.00
13.235045,264.0234,-0.615234,111,78.0469,0.00,1,0.00
13.236046,264.0234,-0.615234,111,78.0469,0.00,1,0.00
13.237046,264.1113,-0.527344,111,78.0469,0.00,1,0.00
13.238047,264.1113,-0.527344,111,78.0469,0.00,1,0.00
13.239047,264.0234,-0.615234,111,78.0469,0.00,1,0.00
13.240048,264.0234,-0.615234,111,78.0469,0.00,1,0.00
13.241049,264.0234,-0.615234,111,78.0469,0.00,1,0.00
13.242049,264.0234,-0.615234,111,78.0469,0.00,1,0.00
13.243050,264.1113,-0.527344,111,78.0469,0.00,1,0.00
13.244050,264.1113,-0.527344,111,78.0469,0.00,1,0.00
13.245050,264.0234,-0.615234,111,78.0469,0.00,1,0.00
13.246051,264.0234,-0.615234,111,78.0469,0.00,1,0.00
13.247051,264.0234,-0.615234,111,78.0469,0.00,1,0.00
13.248052,263.9355,-0.703125,111,78.0469,0.00,1,0.00
13.249052,264.0234,-0.615234,111,78.0469,0.00,1,0.00
13.250053,264.0234,-0.615234,111,78.0469,0.00,1,0.00
13.251054,264.0234,-0.615234,111,78.0469,0.00,1,0.00
13.258301,264.0234,-0.615234,111,78.0469,0.00,1,0.00
13.259301,264.0234,-0.615234,111,78.0469,0.00,1,0.00
13.260302,264.0234,-0.615234,111,78.0469,0.00,1,0.00
13.261302,264.0234,-0.615234,111,78.0469,0.00,1,0.00
13.262302,264.0234,-0.615234,111,78.0469,0.00,1,0.00
13.263303,264.1113,-0.527344,111,78.0469,0.00,1,0.00
13.264303,264.1113,-0.527344,111,78.0469,0.00,1,0.00
13.265304,264.0234,-0.615234,111,78.0469,0.00,1,0.00
13.266304,264.0234,-0.615234,111,78.0469,0.00,1,0.00
13.267304,264.1113,-0.527344,111,78.0469,0.00,1,0.00
13.268305,264.0234,-0.615234,111,78.0469,0.00,1,0.00
13.269305,264.0234,-0.615234,111,78.0469,0.00,1,0.00
13.270306,264.0234,-0.615234,111,78.0469,0.00,1,0.00
13.271306,263.9355,-0.703125,111,78.0469,0.00,1,0.00
13.272306,263.9355,-0.703125,111,78.0469,0.00,1,0.00
13.273307,264.0234,-0.615234,111,78.0469,0.00,1,0.00
13.274307,264.0234,-0.615234,111,78.0469,0.00,1,0.00
13.275308,264.0234,-0.615234,111,78.0469,0.00,1,0.00
13.276308,264.0234,-0.615234,111,78.0469,0.00,1,0.00
13.277309,264.0234,-0.615234,111,78.0469,0.00,1,0.00
13.278310,264.0234,-0.615234,111,78.0469,0.00,1,0.00
13.279310,264.0234,-0.615234,111,78.0469,0.00,1,0.00
13.280311,264.0234,-0.615234,111,78.0469,0.00,1,0.00
13.281311,264.0234,-0.615234,111,78.0469,0.00,1,0.00
13.282311,264.1113,-0.527344,111,78.0469,0.00,1,0.00
13.283312,264.1113,-0.527344,111,78.0469,0.00,1,0.00
13.284312,264.0234,-0.615234,111,78.0469,0.00,1,0.00
13.285313,264.0234,-0.615234,111,78.0469,0.00,1,0.00
13.286313,264.1113,-0.527344,111,78.0469,0.00,1,0.00
13.287314,264.1113,-0.527344,111,78.0469,0.00,1,0.00
13.288315,264.1113,-0.527344,111,78.0469,0.00,1,0.00
13.289315,264.0234,-0.615234,111,78.0469,0.00,1,0.00
13.290316,264.0234,-0.615234,111,78.0469,0.00,1,0.00
13.291316,264.0234,-0.615234,111,78.0469,0.00,1,0.00
13.292316,264.0234,-0.615234,111,78.0469,0.00,1,0.00
13.293317,264.0234,-0.615234,111,78.0469,0.00,1,0.00
13.294317,264.0234,-0.615234,111,78.0469,0.00,1,0.00
13.295318,264.0234,-0.615234,111,78.0469,0.00,1,0.00
13.296318,264.1113,-0.527344,111,78.0469,0.00,1,0.00
13.297319,264.0234,-0.615234,111,78.0469,0.00,1,0.00
13.298320,264.0234,-0.615234,111,78.0469,0.00,1,0.00
13.299320,264.0234,-0.615234,111,78.0469,0.00,1,0.00
13.300321,264.0234,-0.615234,111,78.0469,0.00,1,0.00
13.301321,264.0234,-0.615234,111,78.0469,0.00,1,0.00
13.302321,264.0234,-0.615234,111,78.0469,0.00,1,0.00
13.303322,264.0234,-0.615234,111,78.0469,0.00,1,0.00
13.304322,264.0234,-0.615234,111,78.0469,0.00,1,0.00
13.305323,264.0234,-0.615234,111,78.0469,0.00,1,0.00
13.306323,264.0234,-0.615234,111,78.0469,0.00,1,0.00
13.307324,264.0234,-0.615234,111,78.0469,0.00,1,0.00
13.314596,264.0234,-0.615234,111,78.0469,0.00,1,0.00
13.315597,264.1113,-0.527344,111,78.0469,0.00,1,0.00
13.316597,264.0234,-0.615234,111,78.0469,0.00,1,0.00
13.317597,264.0234,-0.615234,111,78.0469,0.00,1,0.00
13.318598,264.1113,-0.527344,111,78.0469,0.00,1,0.00
13.319598,264.0234,-0.615234,111,78.0469,0.00,1,0.00
13.320599,264.0234,-0.615234,111,78.0469,0.00,1,0.00
13.321599,264.0234,-0.615234,111,78.0469,0.00,1,0.00
13.322599,264.0234,-0.615234,111,78.0469,0.00,1,0.00
13.323600,264.0234,-0.615234,111,78.0469,0.00,1,0.00
13.324600,264.0234,-0.615234,111,78.0469,0.00,1,0.00
13.325601,264.0234,-0.615234,111,78.0469,0.00,1,0.00
13.326601,264.0234,-0.615234,111,78.0469,0.00,1,0.00
13.327601,264.0234,-0.615234,111,78.0469,0.00,1,0.00
13.328602,264.0234,-0.615234,111,78.0469,0.00,1,0.00
13.329602,264.0234,-0.615234,111,78.0469,0.00,1,0.00
13.330603,264.0234,-0.615234,111,78.0469,0.00,1,0.00
13.331603,264.1113,-0.527344,111,78.0469,0.00,1,0.00
13.332604,264.0234,-0.615234,111,78.0469,0.00,1,0.00
13.333605,264.0234,-0.615234,111,78.0469,0.00,1,0.00
13.334605,264.1113,-0.527344,111,78.0469,0.00,1,0.00
13.335606,264.0234,-0.615234,111,78.0469,0.00,1,0.00
13.336606,264.0234,-0.615234,111,78.0469,0.00,1,0.00
13.337606,264.1113,-0.527344,111,78.0469,0.00,1,0.00
13.338607,264.1113,-0.527344,111,78.0469,0.00,1,0.00
13.339607,264.1113,-0.527344,111,78.0469,0.00,1,0.00
13.340608,264.1113,-0.527344,111,78.0469,0.00,1,0.00
13.341608,264.0234,-0.615234,111,78.0469,0.00,1,0.00
13.342609,264.0234,-0.615234,111,78.0469,0.00,1,0.00
13.343610,264.0234,-0.615234,111,78.0469,0.00,1,0.00
13.344610,263.9355,-0.703125,111,78.0469,0.00,1,0.00
13.345611,264.0234,-0.615234,111,78.0469,0.00,1,0.00
13.346611,264.0234,-0.615234,111,78.0469,0.00,1,0.00
13.347611,264.1113,-0.527344,111,78.0469,0.00,1,0.00
13.348612,264.1113,-0.527344,111,78.0469,0.00,1,0.00
13.349612,264.0234,-0.615234,111,78.0469,0.00,1,0.00
13.350613,264.0234,-0.615234,111,78.0469,0.00,1,0.00
13.351613,264.0234,-0.615234,111,78.0469,0.00,1,0.00
13.352614,264.1113,-0.527344,111,78.0469,0.00,1,0.00
13.353615,264.1113,-0.527344,111,78.0469,0.00,1,0.00
13.354615,264.0234,-0.615234,111,78.0469,0.00,1,0.00
13.355616,264.1113,-0.527344,111,78.0469,0.00,1,0.00
13.356616,264.1113,-0.527344,111,78.0469,0.00,1,0.00
13.357616,264.1113,-0.527344,111,78.0469,0.00,1,0.00
13.358617,264.1113,-0.527344,111,78.0469,0.00,1,0.00
13.359617,264.0234,-0.615234,111,78.0469,0.00,1,0.00
13.360618,264.0234,-0.615234,111,78.0469,0.00,1,0.00
13.361618,264.0234,-0.615234,111,78.0469,0.00,1,0.00
13.362619,264.0234,-0.615234,111,78.0469,0.00,1,0.00
13.363620,264.0234,-0.615234,111,78.0469,0.00,1,0.00
13.370916,264.0234,-0.615234,111,78.0469,0.00,1,0.00
13.371917,264.1113,-0.527344,111,78.0469,0.00,1,0.00
13.372917,264.0234,-0.615234,111,78.0469,0.00,1,0.00
13.373918,264.0234,-0.615234,111,78.0469,0.00,1,0.00
13.374918,264.1113,-0.527344,111,78.0469,0.00,1,0.00
13.375918,264.1113,-0.527344,111,78.0469,0.00,1,0.00
13.376919,264.0234,-0.615234,111,78.0469,0.00,1,0.00
13.377919,264.0234,-0.615234,111,78.0469,0.00,1,0.00
13.378920,264.0234,-0.615234,111,78.0469,0.00,1,0.00
13.379920,264.0234,-0.615234,111,78.0469,0.00,1,0.00
13.380920,264.1113,-0.527344,111,78.0469,0.00,1,0.00
13.381921,264.0234,-0.615234,111,78.0469,0.00,1,0.00
13.382921,264.0234,-0.615234,111,78.0469,0.00,1,0.00
13.383922,264.0234,-0.615234,111,78.0469,0.00,1,0.00
13.384922,264.1113,-0.527344,111,78.0469,0.00,1,0.00
13.385922,264.0234,-0.615234,111,78.0469,0.00,1,0.00
13.386923,263.9355,-0.703125,111,78.0469,0.00,1,0.00
13.387923,264.0234,-0.615234,111,78.0469,0.00,1,0.00
13.388924,264.0234,-0.615234,111,78.0469,0.00,1,0.00
13.389924,264.0234,-0.615234,111,78.0469,0.00,1,0.00
13.390925,264.0234,-0.615234,111,78.0469,0.00,1,0.00
13.391926,264.0234,-0.615234,111,78.0469,0.00,1,0.00
13.392926,264.0234,-0.615234,111,78.0469,0.00,1,0.00
13.393927,264.1113,-0.527344,111,78.0469,0.00,1,0.00
13.394927,264.1113,-0.527344,111,78.0469,0.00,1,0.00
13.395927,264.1113,-0.527344,111,78.0469,0.00,1,0.00
13.396928,264.1113,-0.527344,111,78.0469,0.00,1,0.00
13.397928,264.0234,-0.615234,111,78.0469,0.00,1,0.00
13.398929,264.0234,-0.615234,111,78.0469,0.00,1,0.00
13.399929,264.0234,-0.615234,111,78.0469,0.00,1,0.00
13.400930,264.0234,-0.615234,111,78.0469,0.00,1,0.00
13.401931,264.0234,-0.615234,111,78.0469,0.00,1,0.00
13.402931,264.0234,-0.615234,111,78.0469,0.00,1,0.00
13.403932,264.1113,-0.527344,111,78.0469,0.00,1,0.00
13.404932,264.0234,-0.615234,111,78.0469,0.00,1,0.00
13.405932,264.0234,-0.615234,111,78.0469,0.00,1,0.00
13.406933,264.0234,-0.615234,111,78.0469,0.00,1,0.00
13.407933,264.0234,-0.615234,111,78.0469,0.00,1,0.00
13.408934,264.0234,-0.615234,111,78.0469,0.00,1,0.00
13.409934,264.0234,-0.615234,111,78.0469,0.00,1,0.00
13.410935,264.0234,-0.615234,111,78.0469,0.00,1,0.00
13.411936,264.0234,-0.615234,111,78.0469,0.00,1,0.00
13.412936,264.0234,-0.615234,111,78.0469,0.00,1,0.00
13.413937,263.9355,-0.703125,111,78.0469,0.00,1,0.00
13.414937,263.9355,-0.703125,111,78.0469,0.00,1,0.00
13.415937,264.0234,-0.615234,111,78.0469,0.00,1,0.00
13.416938,264.0234,-0.615234,111,78.0469,0.00,1,0.00
13.417938,264.0234,-0.615234,111,78.0469,0.00,1,0.00
13.418939,264.0234,-0.615234,111,78.0469,0.00,1,0.00
13.419939,264.1113,-0.527344,111,78.0469,0.00,1,0.00
13.427793,264.0234,-0.615234,111,78.0469,0.00,1,0.00
13.428793,264.0234,-0.615234,111,78.0469,0.00,1,0.00
13.429793,264.1113,-0.527344,111,78.0469,0.00,1,0.00
13.430794,264.1113,-0.527344,111,78.0469,0.00,1,0.00
13.431794,264.0234,-0.615234,111,78.0469,0.00,1,0.00
13.432795,264.0234,-0.615234,111,78.0469,0.00,1,0.00
13.433795,264.0234,-0.615234,111,78.0469,0.00,1,0.00
13.434795,264.0234,-0.615234,111,78.0469,0.00,1,0.00
13.435796,264.0234,-0.615234,111,78.0469,0.00,1,0.00
13.436796,264.0234,-0.615234,111,78.0469,0.00,1,0.00
13.437797,264.0234,-0.615234,111,78.0469,0.00,1,0.00
13.438797,264.0234,-0.615234,111,78.0469,0.00,1,0.00
13.439797,264.0234,-0.615234,111,78.0469,0.00,1,0.00
13.440798,264.0234,-0.615234,111,78.0469,0.00,1,0.00
13.441798,264.0234,-0.615234,111,78.0469,0.00,1,0.00
13.442799,263.9355,-0.703125,111,78.0469,0.00,1,0.00
13.443799,264.0234,-0.615234,111,78.0469,0.00,1,0.00
13.444799,264.0234,-0.615234,111,78.0469,0.00,1,0.00
13.445800,264.0234,-0.615234,111,78.0469,0.00,1,0.00
13.446800,264.0234,-0.615234,111,78.0469,0.00,1,0.00
13.447801,264.0234,-0.615234,111,78.0469,0.00,1,0.00
13.448801,264.0234,-0.615234,111,78.0469,0.00,1,0.00
13.449802,264.0234,-0.615234,111,78.0469,0.00,1,0.00
13.450803,264.0234,-0.615234,111,78.0469,0.00,1,0.00
13.451803,264.1113,-0.527344,111,78.0469,0.00,1,0.00
13.452804,264.1113,-0.527344,111,78.0469,0.00,1,0.00
13.453804,264.0234,-0.615234,111,78.0469,0.00,1,0.00
13.454804,264.0234,-0.615234,111,78.0469,0.00,1,0.00
13.455805,264.0234,-0.615234,111,78.0469,0.00,1,0.00
13.456805,264.0234,-0.615234,111,78.0469,0.00,1,0.00
13.457806,264.0234,-0.615234,111,78.0469,0.00,1,0.00
13.458806,264.0234,-0.615234,111,78.0469,0.00,1,0.00
13.459806,264.0234,-0.615234,111,78.0469,0.00,1,0.00
13.460807,264.0234,-0.615234,111,78.0469,0.00,1,0.00
13.461807,264.1113,-0.527344,111,78.0469,0.00,1,0.00
13.462808,264.0234,-0.615234,111,78.0469,0.00,1,0.00
13.463808,263.9355,-0.703125,111,78.0469,0.00,1,0.00
13.464809,264.0234,-0.615234,111,78.0469,0.00,1,0.00
13.465810,264.0234,-0.615234,111,78.0469,0.00,1,0.00
13.466810,264.0234,-0.615234,111,78.0469,0.00,1,0.00
13.467811,264.0234,-0.615234,111,78.0469,0.00,1,0.00
13.468811,264.0234,-0.615234,111,78.0469,0.00,1,0.00
13.469811,264.0234,-0.615234,111,78.0469,0.00,1,0.00
13.470812,264.0234,-0.615234,111,78.0469,0.00,1,0.00
13.471812,264.0234,-0.615234,111,78.0469,0.00,1,0.00
13.472813,264.0234,-0.615234,111,78.0469,0.00,1,0.00
13.473813,264.0234,-0.615234,111,78.0469,0.00,1,0.00
13.474814,264.0234,-0.615234,111,78.0469,0.00,1,0.00
13.475815,264.0234,-0.615234,111,78.0469,0.00,1,0.00
13.476815,264.1113,-0.527344,111,78.0469,0.00,1,0.00
13.484039,264.0234,-0.615234,111,78.0469,0.00,1,0.00
13.485040,264.0234,-0.615234,111,78.0469,0.00,1,0.00
13.486040,264.0234,-0.615234,111,78.0469,0.00,1,0.00
13.487041,263.9355,-0.703125,111,78.0469,0.00,1,0.00
13.488041,264.0234,-0.615234,111,78.0469,0.00,1,0.00
13.489041,264.1113,-0.527344,111,78.0469,0.00,1,0.00
13.490042,264.1113,-0.527344,111,78.0469,0.00,1,0.00
13.491042,264.0234,-0.615234,111,78.0469,0.00,1,0.00
13.492043,264.0234,-0.615234,111,78.0469,0.00,1,0.00
13.493043,264.0234,-0.615234,111,78.0469,0.00,1,0.00
13.494043,264.0234,-0.615234,111,78.0469,0.00,1,0.00
13.495044,263.9355,-0.703125,111,78.0469,0.00,1,0.00
13.496044,264.0234,-0.615234,111,78.0469,0.00,1,0.00
13.497045,264.0234,-0.615234,111,78.0469,0.00,1,0.00
13.498045,264.1113,-0.527344,111,78.0469,0.00,1,0.00
13.499045,264.1113,-0.527344,111,78.0469,0.00,1,0.00
13.500046,263.9355,-0.703125,111,78.0469,0.00,1,0.00
13.501046,263.9355,-0.703125,111,78.0469,0.00,1,0.00
13.502047,264.0234,-0.615234,111,78.0469,0.00,1,0.00
13.503047,264.0234,-0.615234,111,78.0469,0.00,1,0.00
13.504047,264.0234,-0.615234,111,78.0469,0.00,1,0.00
13.505048,264.0234,-0.615234,111,78.0469,0.00,1,0.00
13.506048,264.0234,-0.615234,111,78.0469,0.00,1,0.00
13.507049,264.0234,-0.615234,111,78.0469,0.00,1,0.00
13.508049,264.0234,-0.615234,111,78.0469,0.00,1,0.00
13.509049,264.0234,-0.615234,111,78.0469,0.00,1,0.00
13.510050,264.1113,-0.527344,111,78.0469,0.00,1,0.00
13.511050,264.1113,-0.527344,111,78.0469,0.00,1,0.00
13.512051,264.1113,-0.527344,111,78.0469,0.00,1,0.00
13.513051,264.1113,-0.527344,111,78.0469,0.00,1,0.00
13.514051,264.1113,-0.527344,111,78.0469,0.00,1,0.00
13.515052,264.1113,-0.527344,111,78.0469,0.00,1,0.00
13.516052,264.0234,-0.615234,111,78.0469,0.00,1,0.00
13.517053,264.0234,-0.615234,111,78.0469,0.00,1,0.00
13.518053,264.0234,-0.615234,111,78.0469,0.00,1,0.00
13.519054,264.0234,-0.615234,111,78.0469,0.00,1,0.00
13.520055,264.0234,-0.615234,111,78.0469,0.00,1,0.00
13.521055,264.0234,-0.615234,111,78.0469,0.00,1,0.00
13.522056,264.1113,-0.527344,111,78.0469,0.00,1,0.00
13.523056,264.0234,-0.615234,111,78.0469,0.00,1,0.00
13.524056,263.9355,-0.703125,111,78.0469,0.00,1,0.00
13.525057,263.9355,-0.703125,111,78.0469,0.00,1,0.00
13.526057,264.0234,-0.615234,111,78.0469,0.00,1,0.00
13.527058,264.0234,-0.615234,111,78.0469,0.00,1,0.00
13.528058,263.9355,-0.703125,111,78.0469,0.00,1,0.00
13.529059,264.0234,-0.615234,111,78.0469,0.00,1,0.00
13.530060,263.9355,-0.703125,111,78.0469,0.00,1,0.00
13.531060,264.0234,-0.615234,111,78.0469,0.00,1,0.00
13.532061,264.0234,-0.615234,111,78.0469,0.00,1,0.00
13.533061,264.0234,-0.615234,111,78.0469,0.00,1,0.00
13.540285,264.0234,-0.615234,111,78.0469,0.00,1,0.00
13.541286,264.0234,-0.615234,111,78.0469,0.00,1,0.00
13.542286,264.0234,-0.615234,111,78.0469,0.00,1,0.00
13.543286,264.0234,-0.615234,111,78.0469,0.00,1,0.00
13.544287,264.0234,-0.615234,111,78.0469,0.00,1,0.00
13.545287,264.0234,-0.615234,111,78.0469,0.00,1,0.00
13.546288,264.0234,-0.615234,111,78.0469,0.00,1,0.00
13.547288,264.1113,-0.527344,111,78.0469,0.00,1,0.00
13.548288,264.0234,-0.615234,111,78.0469,0.00,1,0.00
13.549289,264.0234,-0.615234,111,78.0469,0.00,1,0.00
13.550289,264.0234,-0.615234,111,78.0469,0.00,1,0.00
13.551290,264.1113,-0.527344,111,78.0469,0.00,1,0.00
13.552290,264.0234,-0.615234,111,78.0469,0.00,1,0.00
13.553290,263.9355,-0.703125,111,78.0469,0.00,1,0.00
13.554291,264.0234,-0.615234,111,78.0469,0.00,1,0.00
13.555291,264.1113,-0.527344,111,78.0469,0.00,1,0.00
13.556292,264.0234,-0.615234,111,78.0469,0.00,1,0.00
13.557292,264.1113,-0.527344,111,78.0469,0.00,1,0.00
13.558292,264.0234,-0.615234,111,78.0469,0.00,1,0.00
13.559293,263.9355,-0.703125,111,78.0469,0.00,1,0.00
13.560293,264.0234,-0.615234,111,78.0469,0.00,1,0.00
13.561294,264.1113,-0.527344,111,78.0469,0.00,1,0.00
13.562294,264.1113,-0.527344,111,78.0469,0.00,1,0.00
13.563294,264.0234,-0.615234,111,78.0469,0.00,1,0.00
13.564295,264.1113,-0.527344,111,78.0469,0.00,1,0.00
13.565295,264.1113,-0.527344,111,78.0469,0.00,1,0.00
13.566296,264.0234,-0.615234,111,78.0469,0.00,1,0.00
13.567296,264.0234,-0.615234,111,78.0469,0.00,1,0.00
13.568296,264.0234,-0.615234,111,78.0469,0.00,1,0.00
13.569297,264.1113,-0.527344,111,78.0469,0.00,1,0.00
13.570297,264.1113,-0.527344,111,78.0469,0.00,1,0.00
13.571298,264.0234,-0.615234,111,78.0469,0.00,1,0.00
13.572298,264.0234,-0.615234,111,78.0469,0.00,1,0.00
13.573299,264.0234,-0.615234,111,78.0469,0.00,1,0.00
13.574300,264.0234,-0.615234,111,78.0469,0.00,1,0.00
13.575300,264.0234,-0.615234,111,78.0469,0.00,1,0.00
13.576301,264.0234,-0.615234,111,78.0469,0.00,1,0.00
13.577301,264.0234,-0.615234,111,78.0469,0.00,1,0.00
13.578301,264.0234,-0.615234,111,78.0469,0.00,1,0.00
13.579302,264.1113,-0.527344,111,78.0469,0.00,1,0.00
13.580302,264.1992,-0.439453,111,78.0469,0.00,1,0.00
13.581303,264.1113,-0.527344,111,78.0469,0.00,1,0.00
13.582303,264.0234,-0.615234,111,78.0469,0.00,1,0.00
13.583304,264.0234,-0.615234,111,78.0469,0.00,1,0.00
13.584305,264.0234,-0.615234,111,78.0469,0.00,1,0.00
13.585305,264.0234,-0.615234,111,78.0469,0.00,1,0.00
13.586306,264.0234,-0.615234,111,78.0469,0.00,1,0.00
13.587306,264.0234,-0.615234,111,78.0469,0.00,1,0.00
13.588306,264.0234,-0.615234,111,78.0469,0.00,1,0.00
13.589307,264.0234,-0.615234,111,78.0469,0.00,1,0.00
13.596553,264.0234,-0.615234,111,78.0469,0.00,1,0.00
13.597553,264.0234,-0.615234,111,78.0469,0.00,1,0.00
13.598554,264.0234,-0.615234,111,78.0469,0.00,1,0.00
13.599554,264.0234,-0.615234,111,78.0469,0.00,1,0.00
13.600555,264.1113,-0.527344,111,78.0469,0.00,1,0.00
13.601556,264.0234,-0.615234,111,78.0469,0.00,1,0.00
13.602556,264.0234,-0.615234,111,78.0469,0.00,1,0.00
13.603557,264.0234,-0.615234,111,78.0469,0.00,1,0.00
13.604557,264.1113,-0.527344,111,78.0469,0.00,1,0.00
13.605557,264.0234,-0.615234,111,78.0469,0.00,1,0.00
13.606558,264.0234,-0.615234,111,78.0469,0.00,1,0.00
13.607558,264.0234,-0.615234,111,78.0469,0.00,1,0.00
13.608559,264.1113,-0.527344,111,78.0469,0.00,1,0.00
13.609559,264.1113,-0.527344,111,78.0469,0.00,1,0.00
13.610560,264.1113,-0.527344,111,78.0469,0.00,1,0.00
13.611561,264.1113,-0.527344,111,78.0469,0.00,1,0.00
13.612561,264.0234,-0.615234,111,78.0469,0.00,1,0.00
13.613562,264.0234,-0.615234,111,78.0469,0.00,1,0.00
13.614562,264.0234,-0.615234,111,78.0469,0.00,1,0.00
13.615562,264.0234,-0.615234,111,78.0469,0.00,1,0.00
13.616563,264.0234,-0.615234,111,78.0469,0.00,1,0.00
13.617563,264.0234,-0.615234,111,78.0469,0.00,1,0.00
13.618564,264.0234,-0.615234,111,78.0469,0.00,1,0.00
13.619564,264.0234,-0.615234,111,78.0469,0.00,1,0.00
13.620565,264.0234,-0.615234,111,78.0469,0.00,1,0.00
13.621566,264.0234,-0.615234,111,78.0469,0.00,1,0.00
13.622566,264.1113,-0.527344,111,78.0469,0.00,1,0.00
13.623567,264.1113,-0.527344,111,78.0469,0.00,1,0.00
13.624567,264.0234,-0.615234,111,78.0469,0.00,1,0.00
13.625567,264.0234,-0.615234,111,78.0469,0.00,1,0.00
13.626568,264.0234,-0.615234,111,78.0469,0.00,1,0.00
13.627568,264.0234,-0.615234,111,78.0469,0.00,1,0.00
13.628569,264.0234,-0.615234,111,78.0469,0.00,1,0.00
13.629569,264.0234,-0.615234,111,78.0469,0.00,1,0.00
13.630570,264.1113,-0.527344,111,78.0469,0.00,1,0.00
13.631571,264.1113,-0.527344,111,78.0469,0.00,1,0.00
13.632571,264.1113,-0.527344,111,78.0469,0.00,1,0.00
13.633572,264.1113,-0.527344,111,78.0469,0.00,1,0.00
13.634572,264.1113,-0.527344,111,78.0469,0.00,1,0.00
13.635572,264.1113,-0.527344,111,78.0469,0.00,1,0.00
13.636573,264.1113,-0.527344,111,78.0469,0.00,1,0.00
13.637573,264.0234,-0.615234,111,78.0469,0.00,1,0.00
13.638574,263.9355,-0.703125,111,78.0469,0.00,1,0.00
13.639574,264.0234,-0.615234,111,78.0469,0.00,1,0.00
13.640575,264.0234,-0.615234,111,78.0469,0.00,1,0.00
13.641576,264.0234,-0.615234,111,78.0469,0.00,1,0.00
13.642576,264.0234,-0.615234,111,78.0469,0.00,1,0.00
13.643577,264.1113,-0.527344,111,78.0469,0.00,1,0.00
13.644577,264.0234,-0.615234,111,78.0469,0.00,1,0.00
13.645577,264.0234,-0.615234,111,78.0469,0.00,1,0.00
13.652848,264.0234,-0.615234,111,78.0469,0.00,1,0.00
13.653849,264.0234,-0.615234,111,78.0469,0.00,1,0.00
13.654849,264.0234,-0.615234,111,78.0469,0.00,1,0.00
13.655850,264.1113,-0.527344,111,78.0469,0.00,1,0.00
13.656851,264.1113,-0.527344,111,78.0469,0.00,1,0.00
13.657851,264.0234,-0.615234,111,78.0469,0.00,1,0.00
13.658852,264.0234,-0.615234,111,78.0469,0.00,1,0.00
13.659852,264.0234,-0.615234,111,78.0469,0.00,1,0.00
13.660852,264.1113,-0.527344,111,78.0469,0.00,1,0.00
13.661853,264.1113,-0.527344,111,78.0469,0.00,1,0.00
13.662853,264.0234,-0.615234,111,78.0469,0.00,1,0.00
13.663854,264.0234,-0.615234,111,78.0469,0.00,1,0.00
13.664854,264.0234,-0.615234,111,78.0469,0.00,1,0.00
13.665855,264.0234,-0.615234,111,78.0469,0.00,1,0.00
13.666856,264.0234,-0.615234,111,78.0469,0.00,1,0.00
13.667856,264.0234,-0.615234,111,78.0469,0.00,1,0.00
13.668857,264.0234,-0.615234,111,78.0469,0.00,1,0.00
13.669857,264.0234,-0.615234,111,78.0469,0.00,1,0.00
13.670857,264.0234,-0.615234,111,78.0469,0.00,1,0.00
13.671858,264.0234,-0.615234,111,78.0469,0.00,1,0.00
13.672858,264.0234,-0.615234,111,78.0469,0.00,1,0.00
13.673859,264.0234,-0.615234,111,78.0469,0.00,1,0.00
13.674859,264.0234,-0.615234,111,78.0469,0.00,1,0.00
13.675860,264.1113,-0.527344,111,78.0469,0.00,1,0.00
13.676861,264.0234,-0.615234,111,78.0469,0.00,1,0.00
13.677861,264.0234,-0.615234,111,78.0469,0.00,1,0.00
13.678862,264.0234,-0.615234,111,78.0469,0.00,1,0.00
13.679862,264.0234,-0.615234,111,78.0469,0.00,1,0.00
13.680862,264.1113,-0.527344,111,78.0469,0.00,1,0.00
13.681863,264.1113,-0.527344,111,78.0469,0.00,1,0.00
13.682863,264.0234,-0.615234,111,78.0469,0.00,1,0.00
13.683864,264.0234,-0.615234,111,78.0469,0.00,1,0.00
13.684864,264.0234,-0.615234,111,78.0469,0.00,1,0.00
13.685865,264.0234,-0.615234,111,78.0469,0.00,1,0.00
13.686866,264.0234,-0.615234,111,78.0469,0.00,1,0.00
13.687866,264.0234,-0.615234,111,78.0469,0.00,1,0.00
13.688867,264.1113,-0.527344,111,78.0469,0.00,1,0.00
13.689867,264.0234,-0.615234,111,78.0469,0.00,1,0.00
13.690867,264.0234,-0.615234,111,78.0469,0.00,1,0.00
13.691868,264.0234,-0.615234,111,78.0469,0.00,1,0.00
13.692868,264.0234,-0.615234,111,78.0469,0.00,1,0.00
13.693869,264.0234,-0.615234,111,78.0469,0.00,1,0.00
13.694869,264.1113,-0.527344,111,78.0469,0.00,1,0.00
13.695870,264.1113,-0.527344,111,78.0469,0.00,1,0.00
13.696871,264.0234,-0.615234,111,78.0469,0.00,1,0.00
13.697871,264.0234,-0.615234,111,78.0469,0.00,1,0.00
13.698872,264.0234,-0.615234,111,78.0469,0.00,1,0.00
13.699872,264.0234,-0.615234,111,78.0469,0.00,1,0.00
13.700872,264.0234,-0.615234,111,78.0469,0.00,1,0.00
13.701873,264.0234,-0.615234,111,78.0469,0.00,1,0.00
13.709143,264.0234,-0.615234,111,78.0469,0.00,1,0.00
13.710143,264.0234,-0.615234,111,78.0469,0.00,1,0.00
13.711143,264.0234,-0.615234,111,78.0469,0.00,1,0.00
13.712144,263.9355,-0.703125,111,78.0469,0.00,1,0.00
13.713144,264.0234,-0.615234,111,78.0469,0.00,1,0.00
13.714145,264.0234,-0.615234,111,78.0469,0.00,1,0.00
13.715145,264.0234,-0.615234,111,78.0469,0.00,1,0.00
13.716146,264.0234,-0.615234,111,78.0469,0.00,1,0.00
13.717146,264.1113,-0.527344,111,78.0469,0.00,1,0.00
13.718146,264.1113,-0.527344,111,78.0469,0.00,1,0.00
13.719147,264.1113,-0.527344,111,78.0469,0.00,1,0.00
13.720147,264.1113,-0.527344,111,78.0469,0.00,1,0.00
13.721148,264.0234,-0.615234,111,78.0469,0.00,1,0.00
13.722148,264.0234,-0.615234,111,78.0469,0.00,1,0.00
13.723148,263.9355,-0.703125,111,78.0469,0.00,1,0.00
13.724149,263.9355,-0.703125,111,78.0469,0.00,1,0.00
13.725149,263.9355,-0.703125,111,78.0469,0.00,1,0.00
13.726150,264.0234,-0.615234,111,78.0469,0.00,1,0.00
13.727150,264.1113,-0.527344,111,78.0469,0.00,1,0.00
13.728150,264.1113,-0.527344,111,78.0469,0.00,1,0.00
13.729151,264.0234,-0.615234,111,78.0469,0.00,1,0.00
13.730151,264.0234,-0.615234,111,78.0469,0.00,1,0.00
13.731152,264.0234,-0.615234,111,78.0469,0.00,1,0.00
13.732152,264.0234,-0.615234,111,78.0469,0.00,1,0.00
13.733152,264.0234,-0.615234,111,78.0469,0.00,1,0.00
13.734153,263.9355,-0.703125,111,78.0469,0.00,1,0.00
13.735153,264.0234,-0.615234,111,78.0469,0.00,1,0.00
13.736154,264.0234,-0.615234,111,78.0469,0.00,1,0.00
13.737154,263.9355,-0.703125,111,78.0469,0.00,1,0.00
13.738154,264.0234,-0.615234,111,78.0469,0.00,1,0.00
13.739155,264.0234,-0.615234,111,78.0469,0.00,1,0.00
13.740155,263.9355,-0.703125,111,78.0469,0.00,1,0.00
13.741156,263.9355,-0.703125,111,78.0469,0.00,1,0.00
13.742156,264.0234,-0.615234,111,78.0469,0.00,1,0.00
13.743156,264.1113,-0.527344,111,78.0469,0.00,1,0.00
13.744157,264.1113,-0.527344,111,78.0469,0.00,1,0.00
13.745157,264.1113,-0.527344,111,78.0469,0.00,1,0.00
13.746158,264.1113,-0.527344,111,78.0469,0.00,1,0.00
13.747158,264.0234,-0.615234,111,78.0469,0.00,1,0.00
13.748159,264.0234,-0.615234,111,78.0469,0.00,1,0.00
13.749160,264.0234,-0.615234,111,78.0469,0.00,1,0.00
13.750160,264.0234,-0.615234,111,78.0469,0.00,1,0.00
13.751161,264.0234,-0.615234,111,78.0469,0.00,1,0.00
13.752161,264.0234,-0.615234,111,78.0469,0.00,1,0.00
13.753161,264.1113,-0.527344,111,78.0469,0.00,1,0.00
13.754162,264.1113,-0.527344,111,78.0469,0.00,1,0.00
13.755162,264.1113,-0.527344,111,78.0469,0.00,1,0.00
13.756163,264.0234,-0.615234,111,78.0469,0.00,1,0.00
13.757163,264.0234,-0.615234,111,78.0469,0.00,1,0.00
13.758164,264.0234,-0.615234,111,78.0469,0.00,1,0.00
13.765893,264.0234,-0.615234,111,78.0469,0.00,1,0.00
13.766893,264.0234,-0.615234,111,78.0469,0.00,1,0.00
13.767894,264.0234,-0.615234,111,78.0469,0.00,1,0.00
13.768894,264.0234,-0.615234,111,78.0469,0.00,1,0.00
13.769895,264.0234,-0.615234,111,78.0469,0.00,1,0.00
13.770895,264.0234,-0.615234,111,78.0469,0.00,1,0.00
13.771895,264.0234,-0.615234,111,78.0469,0.00,1,0.00
13.772896,264.0234,-0.615234,111,78.0469,0.00,1,0.00
13.773896,264.0234,-0.615234,111,78.0469,0.00,1,0.00
13.774897,263.9355,-0.703125,111,78.0469,0.00,1,0.00
13.775897,263.9355,-0.703125,111,78.0469,0.00,1,0.00
13.776897,264.0234,-0.615234,111,78.0469,0.00,1,0.00
13.777898,264.1113,-0.527344,111,78.0469,0.00,1,0.00
13.778898,264.1113,-0.527344,111,78.0469,0.00,1,0.00
13.779899,264.1113,-0.527344,111,78.0469,0.00,1,0.00
13.780899,264.1113,-0.527344,111,78.0469,0.00,1,0.00
13.781900,264.0234,-0.615234,111,78.0469,0.00,1,0.00
13.782901,264.0234,-0.615234,111,78.0469,0.00,1,0.00
13.783901,264.0234,-0.615234,111,78.0469,0.00,1,0.00
13.784902,264.0234,-0.615234,111,78.0469,0.00,1,0.00
13.785902,264.1113,-0.527344,111,78.0469,0.00,1,0.00
13.786902,264.0234,-0.615234,111,78.0469,0.00,1,0.00
13.787903,264.0234,-0.615234,111,78.0469,0.00,1,0.00
13.788903,264.0234,-0.615234,111,78.0469,0.00,1,0.00
13.789904,264.1113,-0.527344,111,78.0469,0.00,1,0.00
13.790904,264.1113,-0.527344,111,78.0469,0.00,1,0.00
13.791905,264.0234,-0.615234,111,78.0469,0.00,1,0.00
13.792906,264.0234,-0.615234,111,78.0469,0.00,1,0.00
13.793906,264.0234,-0.615234,111,78.0469,0.00,1,0.00
13.794907,264.1113,-0.527344,111,78.0469,0.00,1,0.00
13.795907,264.1113,-0.527344,111,78.0469,0.00,1,0.00
13.796907,264.0234,-0.615234,111,78.0469,0.00,1,0.00
13.797908,264.0234,-0.615234,111,78.0469,0.00,1,0.00
13.798908,264.0234,-0.615234,111,78.0469,0.00,1,0.00
13.799909,264.1113,-0.527344,111,78.0469,0.00,1,0.00
13.800909,264.1113,-0.527344,111,78.0469,0.00,1,0.00
13.801910,264.0234,-0.615234,111,78.0469,0.00,1,0.00
13.802911,264.0234,-0.615234,111,78.0469,0.00,1,0.00
13.803911,264.1113,-0.527344,111,78.0469,0.00,1,0.00
13.804912,264.0234,-0.615234,111,78.0469,0.00,1,0.00
13.805912,264.0234,-0.615234,111,78.0469,0.00,1,0.00
13.806912,264.0234,-0.615234,111,78.0469,0.00,1,0.00
13.807913,264.0234,-0.615234,111,78.0469,0.00,1,0.00
13.808913,264.0234,-0.615234,111,78.0469,0.00,1,0.00
13.809914,264.0234,-0.615234,111,78.0469,0.00,1,0.00
13.810914,264.0234,-0.615234,111,78.0469,0.00,1,0.00
13.811915,264.1113,-0.527344,111,78.0469,0.00,1,0.00
13.812916,264.1113,-0.527344,111,78.0469,0.00,1,0.00
13.813916,264.0234,-0.615234,111,78.0469,0.00,1,0.00
13.814917,264.0234,-0.615234,111,78.0469,0.00,1,0.00
13.822140,264.0234,-0.615234,111,78.0469,0.00,1,0.00
13.823140,264.0234,-0.615234,111,78.0469,0.00,1,0.00
13.824141,264.0234,-0.615234,111,78.0469,0.00,1,0.00
13.825141,264.0234,-0.615234,111,78.0469,0.00,1,0.00
13.826141,264.0234,-0.615234,111,78.0469,0.00,1,0.00
13.827142,264.0234,-0.615234,111,78.0469,0.00,1,0.00
13.828142,264.0234,-0.615234,111,78.0469,0.00,1,0.00
13.829143,264.0234,-0.615234,111,78.0469,0.00,1,0.00
13.830143,264.1113,-0.527344,111,78.0469,0.00,1,0.00
13.831143,264.0234,-0.615234,111,78.0469,0.00,1,0.00
13.832144,264.0234,-0.615234,111,78.0469,0.00,1,0.00
13.833144,264.1113,-0.527344,111,78.0469,0.00,1,0.00
13.834145,264.1113,-0.527344,111,78.0469,0.00,1,0.00
13.835145,264.0234,-0.615234,111,78.0469,0.00,1,0.00
13.836145,264.1113,-0.527344,111,78.0469,0.00,1,0.00
13.837146,264.0234,-0.615234,111,78.0469,0.00,1,0.00
13.838146,263.9355,-0.703125,111,78.0469,0.00,1,0.00
13.839147,263.9355,-0.703125,111,78.0469,0.00,1,0.00
13.840147,264.0234,-0.615234,111,78.0469,0.00,1,0.00
13.841147,264.0234,-0.615234,111,78.0469,0.00,1,0.00
13.842148,264.0234,-0.615234,111,78.0469,0.00,1,0.00
13.843148,264.0234,-0.615234,111,78.0469,0.00,1,0.00
13.844149,264.0234,-0.615234,111,78.0469,0.00,1,0.00
13.845149,264.1113,-0.527344,111,78.0469,0.00,1,0.00
13.846150,264.0234,-0.615234,111,78.0469,0.00,1,0.00
13.847151,264.1113,-0.527344,111,78.0469,0.00,1,0.00
13.848151,264.1113,-0.527344,111,78.0469,0.00,1,0.00
13.849152,264.0234,-0.615234,111,78.0469,0.00,1,0.00
13.850152,264.1113,-0.527344,111,78.0469,0.00,1,0.00
13.851152,264.1113,-0.527344,111,78.0469,0.00,1,0.00
13.852153,264.0234,-0.615234,111,78.0469,0.00,1,0.00
13.853153,264.0234,-0.615234,111,78.0469,0.00,1,0.00
13.854154,264.1113,-0.527344,111,78.0469,0.00,1,0.00
13.855154,264.1113,-0.527344,111,78.0469,0.00,1,0.00
13.856154,264.1113,-0.527344,111,78.0469,0.00,1,0.00
13.857155,264.1113,-0.527344,111,78.0469,0.00,1,0.00
13.858155,264.1113,-0.527344,111,78.0469,0.00,1,0.00
13.859156,264.1113,-0.527344,111,78.0469,0.00,1,0.00
13.860156,264.1113,-0.527344,111,78.0469,0.00,1,0.00
13.861157,264.0234,-0.615234,111,78.0469,0.00,1,0.00
13.862158,264.0234,-0.615234,111,78.0469,0.00,1,0.00
13.863158,264.0234,-0.615234,111,78.0469,0.00,1,0.00
13.864159,264.1113,-0.527344,111,78.0469,0.00,1,0.00
13.865159,264.0234,-0.615234,111,78.0469,0.00,1,0.00
13.866159,263.9355,-0.703125,111,78.0469,0.00,1,0.00
13.867160,263.9355,-0.703125,111,78.0469,0.00,1,0.00
13.868160,264.0234,-0.615234,111,78.0469,0.00,1,0.00
13.869161,264.0234,-0.615234,111,78.0469,0.00,1,0.00
13.870161,264.0234,-0.615234,111,78.0469,0.00,1,0.00
13.871162,264.0234,-0.615234,111,78.0469,0.00,1,0.00
13.878386,264.0234,-0.615234,111,78.0469,0.00,1,0.00
13.879387,264.0234,-0.615234,111,78.0469,0.00,1,0.00
13.880387,264.0234,-0.615234,111,78.0469,0.00,1,0.00
13.881388,264.0234,-0.615234,111,78.0469,0.00,1,0.00
13.882388,264.0234,-0.615234,111,78.0469,0.00,1,0.00
13.883389,264.0234,-0.615234,111,78.0469,0.00,1,0.00
13.884389,264.0234,-0.615234,111,78.0469,0.00,1,0.00
13.885389,264.0234,-0.615234,111,78.0469,0.00,1,0.00
13.886390,264.0234,-0.615234,111,78.0469,0.00,1,0.00
13.887390,264.1113,-0.527344,111,78.0469,0.00,1,0.00
13.888391,264.1113,-0.527344,111,78.0469,0.00,1,0.00
13.889391,264.1113,-0.527344,111,78.0469,0.00,1,0.00
13.890391,264.0234,-0.615234,111,78.0469,0.00,1,0.00
13.891392,264.0234,-0.615234,111,78.0469,0.00,1,0.00
13.892392,264.0234,-0.615234,111,78.0469,0.00,1,0.00
13.893393,264.0234,-0.615234,111,78.0469,0.00,1,0.00
13.894393,264.0234,-0.615234,111,78.0469,0.00,1,0.00
13.895393,264.0234,-0.615234,111,78.0469,0.00,1,0.00
13.896394,264.0234,-0.615234,111,78.0469,0.00,1,0.00
13.897394,264.0234,-0.615234,111,78.0469,0.00,1,0.00
13.898395,264.1113,-0.527344,111,78.0469,0.00,1,0.00
13.899395,264.0234,-0.615234,111,78.0469,0.00,1,0.00
13.900395,264.0234,-0.615234,111,78.0469,0.00,1,0.00
13.901396,264.0234,-0.615234,111,78.0469,0.00,1,0.00
13.902396,264.0234,-0.615234,111,78.0469,0.00,1,0.00
13.903397,264.0234,-0.615234,111,78.0469,0.00,1,0.00
13.904397,264.0234,-0.615234,111,78.0469,0.00,1,0.00
13.905397,264.0234,-0.615234,111,78.0469,0.00,1,0.00
13.906398,263.9355,-0.703125,111,78.0469,0.00,1,0.00
13.907398,264.0234,-0.615234,111,78.0469,0.00,1,0.00
13.908399,264.1113,-0.527344,111,78.0469,0.00,1,0.00
13.909399,264.0234,-0.615234,111,78.0469,0.00,1,0.00
13.910399,263.9355,-0.703125,111,78.0469,0.00,1,0.00
13.911400,264.0234,-0.615234,111,78.0469,0.00,1,0.00
13.912400,264.1113,-0.527344,111,78.0469,0.00,1,0.00
13.913401,264.0234,-0.615234,111,78.0469,0.00,1,0.00
13.914401,264.0234,-0.615234,111,78.0469,0.00,1,0.00
13.915402,264.1113,-0.527344,111,78.0469,0.00,1,0.00
13.916403,264.0234,-0.615234,111,78.0469,0.00,1,0.00
13.917403,263.9355,-0.703125,111,78.0469,0.00,1,0.00
13.918404,264.0234,-0.615234,111,78.0469,0.00,1,0.00
13.919404,264.0234,-0.615234,111,78.0469,0.00,1,0.00
13.920404,264.1113,-0.527344,111,78.0469,0.00,1,0.00
13.921405,264.1113,-0.527344,111,78.0469,0.00,1,0.00
13.922405,264.0234,-0.615234,111,78.0469,0.00,1,0.00
13.923406,264.1113,-0.527344,111,78.0469,0.00,1,0.00
13.924406,264.0234,-0.615234,111,78.0469,0.00,1,0.00
13.925407,264.0234,-0.615234,111,78.0469,0.00,1,0.00
13.926408,264.0234,-0.615234,111,78.0469,0.00,1,0.00
13.927408,264.0234,-0.615234,111,78.0469,0.00,1,0.00
13.934655,264.0234,-0.615234,111,78.0469,0.00,1,0.00
13.935656,264.0234,-0.615234,111,78.0469,0.00,1,0.00
13.936656,264.1113,-0.527344,111,78.0469,0.00,1,0.00
13.937656,264.1113,-0.527344,111,78.0469,0.00,1,0.00
13.938657,264.0234,-0.615234,111,78.0469,0.00,1,0.00
13.939657,264.1113,-0.527344,111,78.0469,0.00,1,0.00
13.940658,264.1113,-0.527344,111,78.0469,0.00,1,0.00
13.941658,264.0234,-0.615234,111,78.0469,0.00,1,0.00
13.942658,264.0234,-0.615234,111,78.0469,0.00,1,0.00
13.943659,264.0234,-0.615234,111,78.0469,0.00,1,0.00
13.944659,264.0234,-0.615234,111,78.0469,0.00,1,0.00
13.945660,264.1113,-0.527344,111,78.0469,0.00,1,0.00
13.946660,264.1113,-0.527344,111,78.0469,0.00,1,0.00
13.947661,264.0234,-0.615234,111,78.0469,0.00,1,0.00
13.948662,264.0234,-0.615234,111,78.0469,0.00,1,0.00
13.949662,264.0234,-0.615234,111,78.0469,0.00,1,0.00
13.950663,264.1113,-0.527344,111,78.0469,0.00,1,0.00
13.951663,264.1113,-0.527344,111,78.0469,0.00,1,0.00
13.952663,264.0234,-0.615234,111,78.0469,0.00,1,0.00
13.953664,264.0234,-0.615234,111,78.0469,0.00,1,0.00
13.954664,264.1113,-0.527344,111,78.0469,0.00,1,0.00
13.955665,264.0234,-0.615234,111,78.0469,0.00,1,0.00
13.956665,264.0234,-0.615234,111,78.0469,0.00,1,0.00
13.957666,263.9355,-0.703125,111,78.0469,0.00,1,0.00
13.958667,263.9355,-0.703125,111,78.0469,0.00,1,0.00
13.959667,263.9355,-0.703125,111,78.0469,0.00,1,0.00
13.960668,264.0234,-0.615234,111,78.0469,0.00,1,0.00
13.961668,264.1113,-0.527344,111,78.0469,0.00,1,0.00
13.962668,264.0234,-0.615234,111,78.0469,0.00,1,0.00
13.963669,264.0234,-0.615234,111,78.0469,0.00,1,0.00
13.964669,264.0234,-0.615234,111,78.0469,0.00,1,0.00
13.965670,264.0234,-0.615234,111,78.0469,0.00,1,0.00
13.966670,264.0234,-0.615234,111,78.0469,0.00,1,0.00
13.967670,264.1113,-0.527344,111,78.0469,0.00,1,0.00
13.968671,264.1113,-0.527344,111,78.0469,0.00,1,0.00
13.969671,264.0234,-0.615234,111,78.0469,0.00,1,0.00
13.970672,264.0234,-0.615234,111,78.0469,0.00,1,0.00
13.971672,264.0234,-0.615234,111,78.0469,0.00,1,0.00
13.972673,264.1113,-0.527344,111,78.0469,0.00,1,0.00
13.973674,264.1113,-0.527344,111,78.0469,0.00,1,0.00
13.974674,264.1113,-0.527344,111,78.0469,0.00,1,0.00
13.975675,264.0234,-0.615234,111,78.0469,0.00,1,0.00
13.976675,264.0234,-0.615234,111,78.0469,0.00,1,0.00
13.977675,264.0234,-0.615234,111,78.0469,0.00,1,0.00
13.978676,264.0234,-0.615234,111,78.0469,0.00,1,0.00
13.979676,264.1113,-0.527344,111,78.0469,0.00,1,0.00
13.980677,264.0234,-0.615234,111,78.0469,0.00,1,0.00
13.981677,263.9355,-0.703125,111,78.0469,0.00,1,0.00
13.982678,263.9355,-0.703125,111,78.0469,0.00,1,0.00
13.983679,263.9355,-0.703125,111,78.0469,0.00,1,0.00
13.990969,264.0234,-0.615234,111,78.0469,0.00,1,0.00
13.991969,264.0234,-0.615234,111,78.0469,0.00,1,0.00
13.992970,263.9355,-0.703125,111,78.0469,0.00,1,0.00
13.993970,263.9355,-0.703125,111,78.0469,0.00,1,0.00
13.994970,264.0234,-0.615234,111,78.0469,0.00,1,0.00
13.995971,264.0234,-0.615234,111,78.0469,0.00,1,0.00
13.996971,264.0234,-0.615234,111,78.0469,0.00,1,0.00
13.997972,264.1113,-0.527344,111,78.0469,0.00,1,0.00
13.998972,264.0234,-0.615234,111,78.0469,0.00,1,0.00
13.999972,264.0234,-0.615234,111,78.0469,0.00,1,0.00
14.000973,264.1113,-0.527344,111,78.0469,0.00,1,0.00
14.001973,264.1113,-0.527344,111,78.0469,0.00,1,0.00
14.002974,264.0234,-0.615234,111,78.0469,0.00,1,0.00
14.003974,264.0234,-0.615234,111,78.0469,0.00,1,0.00
14.004974,264.0234,-0.615234,111,78.0469,0.00,1,0.00
14.005975,264.0234,-0.615234,111,78.0469,0.00,1,0.00
14.006975,264.0234,-0.615234,111,78.0469,0.00,1,0.00
14.007976,264.0234,-0.615234,111,78.0469,0.00,1,0.00
14.008976,264.0234,-0.615234,111,78.0469,0.00,1,0.00
14.009976,264.0234,-0.615234,111,78.0469,0.00,1,0.00
14.010977,264.1113,-0.527344,111,78.0469,0.00,1,0.00
14.011977,264.1113,-0.527344,111,78.0469,0.00,1,0.00
14.012978,264.1113,-0.527344,111,78.0469,0.00,1,0.00
14.013978,264.0234,-0.615234,111,78.0469,0.00,1,0.00
14.014978,264.0234,-0.615234,111,78.0469,0.00,1,0.00
14.015979,264.0234,-0.615234,111,78.0469,0.00,1,0.00
14.016979,264.0234,-0.615234,111,78.0469,0.00,1,0.00
14.017980,264.0234,-0.615234,111,78.0469,0.00,1,0.00
14.018980,264.0234,-0.615234,111,78.0469,0.00,1,0.00
14.019980,264.0234,-0.615234,111,78.0469,0.00,1,0.00
14.020981,264.0234,-0.615234,111,78.0469,0.00,1,0.00
14.021981,264.0234,-0.615234,111,78.0469,0.00,1,0.00
14.022982,264.0234,-0.615234,111,78.0469,0.00,1,0.00
14.023982,264.0234,-0.615234,111,78.0469,0.00,1,0.00
14.024983,264.0234,-0.615234,111,78.0469,0.00,1,0.00
14.025984,264.0234,-0.615234,111,78.0469,0.00,1,0.00
14.026984,264.0234,-0.615234,111,78.0469,0.00,1,0.00
14.027985,264.0234,-0.615234,111,78.0469,0.00,1,0.00
14.028985,264.0234,-0.615234,111,78.0469,0.00,1,0.00
14.029985,264.0234,-0.615234,111,78.0469,0.00,1,0.00
14.030986,264.0234,-0.615234,111,78.0469,0.00,1,0.00
14.031986,264.0234,-0.615234,111,78.0469,0.00,1,0.00
14.032987,264.0234,-0.615234,111,78.0469,0.00,1,0.00
14.033987,264.0234,-0.615234,111,78.0469,0.00,1,0.00
14.034988,264.0234,-0.615234,111,78.0469,0.00,1,0.00
14.035989,264.0234,-0.615234,111,78.0469,0.00,1,0.00
14.036989,264.0234,-0.615234,111,78.0469,0.00,1,0.00
14.037990,264.0234,-0.615234,111,78.0469,0.00,1,0.00
14.038990,264.0234,-0.615234,111,78.0469,0.00,1,0.00
14.039990,264.0234,-0.615234,111,78.0469,0.00,1,0.00
14.047263,264.0234,-0.615234,111,78.0469,0.00,1,0.00
14.048264,264.0234,-0.615234,111,78.0469,0.00,1,0.00
14.049264,264.0234,-0.615234,111,78.0469,0.00,1,0.00
14.050264,264.0234,-0.615234,111,78.0469,0.00,1,0.00
14.051265,264.0234,-0.615234,111,78.0469,0.00,1,0.00
14.052265,264.0234,-0.615234,111,78.0469,0.00,1,0.00
14.053266,264.1113,-0.527344,111,78.0469,0.00,1,0.00
14.054266,264.1113,-0.527344,111,78.0469,0.00,1,0.00
14.055266,264.0234,-0.615234,111,78.0469,0.00,1,0.00
14.056267,264.0234,-0.615234,111,78.0469,0.00,1,0.00
14.057267,264.0234,-0.615234,111,78.0469,0.00,1,0.00
14.058268,264.0234,-0.615234,111,78.0469,0.00,1,0.00
14.059268,264.0234,-0.615234,111,78.0469,0.00,1,0.00
14.060268,264.0234,-0.615234,111,78.0469,0.00,1,0.00
14.061269,264.0234,-0.615234,111,78.0469,0.00,1,0.00
14.062269,264.0234,-0.615234,111,78.0469,0.00,1,0.00
14.063270,264.0234,-0.615234,111,78.0469,0.00,1,0.00
14.064270,264.0234,-0.615234,111,78.0469,0.00,1,0.00
14.065270,264.0234,-0.615234,111,78.0469,0.00,1,0.00
14.066271,264.0234,-0.615234,111,78.0469,0.00,1,0.00
14.067271,264.0234,-0.615234,111,78.0469,0.00,1,0.00
14.068272,263.9355,-0.703125,111,78.0469,0.00,1,0.00
14.069272,264.0234,-0.615234,111,78.0469,0.00,1,0.00
14.070273,264.1113,-0.527344,111,78.0469,0.00,1,0.00
14.071274,264.1113,-0.527344,111,78.0469,0.00,1,0.00
14.072274,264.1113,-0.527344,111,78.0469,0.00,1,0.00
14.073275,264.1113,-0.527344,111,78.0469,0.00,1,0.00
14.074275,264.1113,-0.527344,111,78.0469,0.00,1,0.00
14.075275,264.0234,-0.615234,111,78.0469,0.00,1,0.00
14.076276,264.0234,-0.615234,111,78.0469,0.00,1,0.00
14.077276,264.0234,-0.615234,111,78.0469,0.00,1,0.00
14.078277,264.0234,-0.615234,111,78.0469,0.00,1,0.00
14.079277,264.0234,-0.615234,111,78.0469,0.00,1,0.00
14.080278,264.1113,-0.527344,111,78.0469,0.00,1,0.00
14.081279,264.1113,-0.527344,111,78.0469,0.00,1,0.00
14.082279,264.0234,-0.615234,111,78.0469,0.00,1,0.00
14.083280,263.9355,-0.703125,111,78.0469,0.00,1,0.00
14.084280,264.0234,-0.615234,111,78.0469,0.00,1,0.00
14.085280,264.0234,-0.615234,111,78.0469,0.00,1,0.00
14.086281,264.1113,-0.527344,111,78.0469,0.00,1,0.00
14.087281,264.0234,-0.615234,111,78.0469,0.00,1,0.00
14.088282,263.9355,-0.703125,111,78.0469,0.00,1,0.00
14.089282,264.0234,-0.615234,111,78.0469,0.00,1,0.00
14.090282,264.0234,-0.615234,111,78.0469,0.00,1,0.00
14.091283,264.0234,-0.615234,111,78.0469,0.00,1,0.00
14.092283,264.0234,-0.615234,111,78.0469,0.00,1,0.00
14.093284,264.0234,-0.615234,111,78.0469,0.00,1,0.00
14.094284,264.0234,-0.615234,111,78.0469,0.00,1,0.00
14.095285,264.0234,-0.615234,111,78.0469,0.00,1,0.00
14.096286,264.0234,-0.615234,111,78.0469,0.00,1,0.00
14.104141,264.0234,-0.615234,111,78.0469,0.00,1,0.00
14.105142,264.0234,-0.615234,111,78.0469,0.00,1,0.00
14.106142,263.9355,-0.703125,111,78.0469,0.00,1,0.00
14.107143,263.9355,-0.703125,111,78.0469,0.00,1,0.00
14.108144,264.0234,-0.615234,111,78.0469,0.00,1,0.00
14.109144,264.0234,-0.615234,111,78.0469,0.00,1,0.00
14.110145,264.1113,-0.527344,111,78.0469,0.00,1,0.00
14.111145,264.1113,-0.527344,111,78.0469,0.00,1,0.00
14.112145,264.1113,-0.527344,111,78.0469,0.00,1,0.00
14.113146,264.1113,-0.527344,111,78.0469,0.00,1,0.00
14.114146,264.1113,-0.527344,111,78.0469,0.00,1,0.00
14.115147,264.1113,-0.527344,111,78.0469,0.00,1,0.00
14.116147,264.1113,-0.527344,111,78.0469,0.00,1,0.00
14.117148,264.1113,-0.527344,111,78.0469,0.00,1,0.00
14.118149,264.0234,-0.615234,111,78.0469,0.00,1,0.00
14.119149,264.0234,-0.615234,111,78.0469,0.00,1,0.00
14.120150,264.0234,-0.615234,111,78.0469,0.00,1,0.00
14.121150,264.0234,-0.615234,111,78.0469,0.00,1,0.00
14.122150,263.9355,-0.703125,111,78.0469,0.00,1,0.00
14.123151,264.0234,-0.615234,111,78.0469,0.00,1,0.00
14.124151,264.0234,-0.615234,111,78.0469,0.00,1,0.00
14.125152,264.0234,-0.615234,111,78.0469,0.00,1,0.00
14.126152,264.0234,-0.615234,111,78.0469,0.00,1,0.00
14.127153,264.0234,-0.615234,111,78.0469,0.00,1,0.00
14.128154,264.0234,-0.615234,111,78.0469,0.00,1,0.00
14.129154,264.0234,-0.615234,111,78.0469,0.00,1,0.00
14.130155,263.9355,-0.703125,111,78.0469,0.00,1,0.00
14.131155,263.9355,-0.703125,111,78.0469,0.00,1,0.00
14.132155,264.0234,-0.615234,111,78.0469,0.00,1,0.00
14.133156,264.0234,-0.615234,111,78.0469,0.00,1,0.00
14.134156,264.0234,-0.615234,111,78.0469,0.00,1,0.00
14.135157,264.0234,-0.615234,111,78.0469,0.00,1,0.00
14.136157,264.0234,-0.615234,111,78.0469,0.00,1,0.00
14.137157,264.1113,-0.527344,111,78.0469,0.00,1,0.00
14.138158,264.0234,-0.615234,111,78.0469,0.00,1,0.00
14.139158,264.0234,-0.615234,111,78.0469,0.00,1,0.00
14.140159,263.9355,-0.703125,111,78.0469,0.00,1,0.00
14.141159,264.0234,-0.615234,111,78.0469,0.00,1,0.00
14.142160,264.0234,-0.615234,111,78.0469,0.00,1,0.00
14.143161,264.0234,-0.615234,111,78.0469,0.00,1,0.00
14.144161,264.1113,-0.527344,111,78.0469,0.00,1,0.00
14.145162,264.0234,-0.615234,111,78.0469,0.00,1,0.00
14.146162,264.0234,-0.615234,111,78.0469,0.00,1,0.00
14.147162,263.9355,-0.703125,111,78.0469,0.00,1,0.00
14.148163,263.9355,-0.703125,111,78.0469,0.00,1,0.00
14.149163,264.0234,-0.615234,111,78.0469,0.00,1,0.00
14.150164,264.0234,-0.615234,111,78.0469,0.00,1,0.00
14.151164,264.0234,-0.615234,111,78.0469,0.00,1,0.00
14.152165,264.1113,-0.527344,111,78.0469,0.00,1,0.00
14.153166,264.0234,-0.615234,111,78.0469,0.00,1,0.00
14.160393,264.1113,-0.527344,111,78.0469,0.00,1,0.00
14.161393,264.0234,-0.615234,111,78.0469,0.00,1,0.00
14.162394,264.0234,-0.615234,111,78.0469,0.00,1,0.00
14.163394,264.0234,-0.615234,111,78.0469,0.00,1,0.00
14.164394,264.0234,-0.615234,111,78.0469,0.00,1,0.00
14.165395,264.0234,-0.615234,111,78.0469,0.00,1,0.00
14.166395,264.0234,-0.615234,111,78.0469,0.00,1,0.00
14.167396,264.0234,-0.615234,111,78.0469,0.00,1,0.00
14.168396,264.0234,-0.615234,111,78.0469,0.00,1,0.00
14.169396,264.0234,-0.615234,111,78.0469,0.00,1,0.00
14.170397,264.0234,-0.615234,111,78.0469,0.00,1,0.00
14.171397,264.0234,-0.615234,111,78.0469,0.00,1,0.00
14.172398,264.0234,-0.615234,111,78.0469,0.00,1,0.00
14.173398,264.0234,-0.615234,111,78.0469,0.00,1,0.00
14.174398,264.0234,-0.615234,111,78.0469,0.00,1,0.00
14.175399,264.0234,-0.615234,111,78.0469,0.00,1,0.00
14.176399,264.0234,-0.615234,111,78.0469,0.00,1,0.00
14.177400,264.1113,-0.527344,111,78.0469,0.00,1,0.00
14.178400,264.1113,-0.527344,111,78.0469,0.00,1,0.00
14.179401,264.0234,-0.615234,111,78.0469,0.00,1,0.00
14.180402,264.1113,-0.527344,111,78.0469,0.00,1,0.00
14.181402,264.0234,-0.615234,111,78.0469,0.00,1,0.00
14.182403,264.0234,-0.615234,111,78.0469,0.00,1,0.00
14.183403,264.0234,-0.615234,111,78.0469,0.00,1,0.00
14.184403,264.1113,-0.527344,111,78.0469,0.00,1,0.00
14.185404,264.1113,-0.527344,111,78.0469,0.00,1,0.00
14.186404,264.1113,-0.527344,111,78.0469,0.00,1,0.00
14.187405,264.1113,-0.527344,111,78.0469,0.00,1,0.00
14.188405,264.0234,-0.615234,111,78.0469,0.00,1,0.00
14.189406,264.1113,-0.527344,111,78.0469,0.00,1,0.00
14.190407,264.1113,-0.527344,111,78.0469,0.00,1,0.00
14.191407,264.1113,-0.527344,111,78.0469,0.00,1,0.00
14.192408,264.1113,-0.527344,111,78.0469,0.00,1,0.00
14.193408,264.1113,-0.527344,111,78.0469,0.00,1,0.00
14.194408,264.0234,-0.615234,111,78.0469,0.00,1,0.00
14.195409,264.1113,-0.527344,111,78.0469,0.00,1,0.00
14.196409,264.1113,-0.527344,111,78.0469,0.00,1,0.00
14.197410,264.0234,-0.615234,111,78.0469,0.00,1,0.00
14.198410,264.0234,-0.615234,111,78.0469,0.00,1,0.00
14.199410,264.0234,-0.615234,111,78.0469,0.00,1,0.00
14.200411,264.0234,-0.615234,111,78.0469,0.00,1,0.00
14.201411,264.0234,-0.615234,111,78.0469,0.00,1,0.00
14.202412,264.1113,-0.527344,111,78.0469,0.00,1,0.00
14.203412,264.1113,-0.527344,111,78.0469,0.00,1,0.00
14.204413,264.0234,-0.615234,111,78.0469,0.00,1,0.00
14.205414,264.1113,-0.527344,111,78.0469,0.00,1,0.00
14.206414,264.1113,-0.527344,111,78.0469,0.00,1,0.00
14.207415,264.1113,-0.527344,111,78.0469,0.00,1,0.00
14.208415,264.0234,-0.615234,111,78.0469,0.00,1,0.00
14.209415,264.0234,-0.615234,111,78.0469,0.00,1,0.00
14.216638,264.1113,-0.527344,111,78.0469,0.00,1,0.00
14.217638,264.0234,-0.615234,111,78.0469,0.00,1,0.00
14.218638,264.0234,-0.615234,111,78.0469,0.00,1,0.00
14.219639,264.0234,-0.615234,111,78.0469,0.00,1,0.00
14.220639,264.0234,-0.615234,111,78.0469,0.00,1,0.00
14.221640,264.0234,-0.615234,111,78.0469,0.00,1,0.00
14.222640,264.0234,-0.615234,111,78.0469,0.00,1,0.00
14.223641,264.0234,-0.615234,111,78.0469,0.00,1,0.00
14.224642,264.0234,-0.615234,111,78.0469,0.00,1,0.00
14.225642,264.0234,-0.615234,111,78.0469,0.00,1,0.00
14.226643,264.0234,-0.615234,111,78.0469,0.00,1,0.00
14.227643,264.0234,-0.615234,111,78.0469,0.00,1,0.00
14.228643,263.9355,-0.703125,111,78.0469,0.00,1,0.00
14.229644,264.0234,-0.615234,111,78.0469,0.00,1,0.00
14.230644,264.1113,-0.527344,111,78.0469,0.00,1,0.00
14.231645,264.0234,-0.615234,111,78.0469,0.00,1,0.00
14.232645,264.0234,-0.615234,111,78.0469,0.00,1,0.00
14.233645,264.0234,-0.615234,111,78.0469,0.00,1,0.00
14.234646,264.0234,-0.615234,111,78.0469,0.00,1,0.00
14.235646,264.0234,-0.615234,111,78.0469,0.00,1,0.00
14.236647,264.0234,-0.615234,111,78.0469,0.00,1,0.00
14.237647,264.0234,-0.615234,111,78.0469,0.00,1,0.00
14.238648,264.0234,-0.615234,111,78.0469,0.00,1,0.00
14.239649,264.0234,-0.615234,111,78.0469,0.00,1,0.00
14.240649,264.0234,-0.615234,111,78.0469,0.00,1,0.00
14.241650,264.0234,-0.615234,111,78.0469,0.00,1,0.00
14.242650,264.0234,-0.615234,111,78.0469,0.00,1,0.00
14.243650,264.0234,-0.615234,111,78.0469,0.00,1,0.00
14.244651,264.0234,-0.615234,111,78.0469,0.00,1,0.00
14.245651,264.0234,-0.615234,111,78.0469,0.00,1,0.00
14.246652,264.0234,-0.615234,111,78.0469,0.00,1,0.00
14.247652,264.0234,-0.615234,111,78.0469,0.00,1,0.00
14.248653,264.0234,-0.615234,111,78.0469,0.00,1,0.00
14.249654,263.9355,-0.703125,111,78.0469,0.00,1,0.00
14.250654,263.9355,-0.703125,111,78.0469,0.00,1,0.00
14.251655,264.0234,-0.615234,111,78.0469,0.00,1,0.00
14.252655,264.0234,-0.615234,111,78.0469,0.00,1,0.00
14.253655,264.0234,-0.615234,111,78.0469,0.00,1,0.00
14.254656,264.0234,-0.615234,111,78.0469,0.00,1,0.00
14.255656,264.0234,-0.615234,111,78.0469,0.00,1,0.00
14.256657,264.0234,-0.615234,111,78.0469,0.00,1,0.00
14.257657,264.0234,-0.615234,111,78.0469,0.00,1,0.00
14.258658,264.0234,-0.615234,111,78.0469,0.00,1,0.00
14.259659,263.9355,-0.703125,111,78.0469,0.00,1,0.00
14.260659,264.0234,-0.615234,111,78.0469,0.00,1,0.00
14.261660,264.0234,-0.615234,111,78.0469,0.00,1,0.00
14.262660,264.1113,-0.527344,111,78.0469,0.00,1,0.00
14.263660,264.1113,-0.527344,111,78.0469,0.00,1,0.00
14.264661,264.0234,-0.615234,111,78.0469,0.00,1,0.00
14.265661,264.0234,-0.615234,111,78.0469,0.00,1,0.00
14.272909,264.1113,-0.527344,111,78.0469,0.00,1,0.00
14.273910,264.0234,-0.615234,111,78.0469,0.00,1,0.00
14.274910,263.9355,-0.703125,111,78.0469,0.00,1,0.00
14.275910,264.0234,-0.615234,111,78.0469,0.00,1,0.00
14.276911,264.1113,-0.527344,111,78.0469,0.00,1,0.00
14.277911,264.0234,-0.615234,111,78.0469,0.00,1,0.00
14.278912,264.0234,-0.615234,111,78.0469,0.00,1,0.00
14.279912,264.1113,-0.527344,111,78.0469,0.00,1,0.00
14.280912,264.0234,-0.615234,111,78.0469,0.00,1,0.00
14.281913,264.0234,-0.615234,111,78.0469,0.00,1,0.00
14.282913,263.9355,-0.703125,111,78.0469,0.00,1,0.00
14.283914,263.9355,-0.703125,111,78.0469,0.00,1,0.00
14.284914,264.0234,-0.615234,111,78.0469,0.00,1,0.00
14.285914,263.9355,-0.703125,111,78.0469,0.00,1,0.00
14.286915,264.0234,-0.615234,111,78.0469,0.00,1,0.00
14.287915,264.0234,-0.615234,111,78.0469,0.00,1,0.00
14.288916,264.0234,-0.615234,111,78.0469,0.00,1,0.00
14.289916,264.0234,-0.615234,111,78.0469,0.00,1,0.00
14.290917,264.0234,-0.615234,111,78.0469,0.00,1,0.00
14.291918,264.0234,-0.615234,111,78.0469,0.00,1,0.00
14.292918,264.0234,-0.615234,111,78.0469,0.00,1,0.00
14.293919,264.1113,-0.527344,111,78.0469,0.00,1,0.00
14.294919,264.0234,-0.615234,111,78.0469,0.00,1,0.00
14.295919,264.0234,-0.615234,111,78.0469,0.00,1,0.00
14.296920,264.0234,-0.615234,111,78.0469,0.00,1,0.00
14.297920,263.9355,-0.703125,111,78.0469,0.00,1,0.00
14.298921,264.0234,-0.615234,111,78.0469,0.00,1,0.00
14.299921,264.1113,-0.527344,111,78.0469,0.00,1,0.00
14.300921,264.0234,-0.615234,111,78.0469,0.00,1,0.00
14.301922,264.0234,-0.615234,111,78.0469,0.00,1,0.00
14.302922,264.0234,-0.615234,111,78.0469,0.00,1,0.00
14.303923,264.0234,-0.615234,111,78.0469,0.00,1,0.00
14.304923,264.1113,-0.527344,111,78.0469,0.00,1,0.00
14.305924,264.1113,-0.527344,111,78.0469,0.00,1,0.00
14.306925,264.1113,-0.527344,111,78.0469,0.00,1,0.00
14.307925,264.0234,-0.615234,111,78.0469,0.00,1,0.00
14.308926,264.0234,-0.615234,111,78.0469,0.00,1,0.00
14.309926,264.1113,-0.527344,111,78.0469,0.00,1,0.00
14.310926,264.0234,-0.615234,111,78.0469,0.00,1,0.00
14.311927,264.0234,-0.615234,111,78.0469,0.00,1,0.00
14.312927,264.1113,-0.527344,111,78.0469,0.00,1,0.00
14.313928,264.1113,-0.527344,111,78.0469,0.00,1,0.00
14.314928,264.1113,-0.527344,111,78.0469,0.00,1,0.00
14.315929,264.1113,-0.527344,111,78.0469,0.00,1,0.00
14.316930,264.0234,-0.615234,111,78.0469,0.00,1,0.00
14.317930,264.0234,-0.615234,111,78.0469,0.00,1,0.00
14.318931,263.9355,-0.703125,111,78.0469,0.00,1,0.00
14.319931,264.0234,-0.615234,111,78.0469,0.00,1,0.00
14.320931,264.0234,-0.615234,111,78.0469,0.00,1,0.00
14.321932,264.1113,-0.527344,111,78.0469,0.00,1,0.00
14.329206,264.1113,-0.527344,111,78.0469,0.00,1,0.00
14.330206,264.1113,-0.527344,111,78.0469,0.00,1,0.00
14.331206,264.1113,-0.527344,111,78.0469,0.00,1,0.00
14.332207,263.9355,-0.703125,111,78.0469,0.00,1,0.00
14.333207,263.9355,-0.703125,111,78.0469,0.00,1,0.00
14.334208,263.9355,-0.703125,111,78.0469,0.00,1,0.00
14.335208,264.0234,-0.615234,111,78.0469,0.00,1,0.00
14.336208,264.1113,-0.527344,111,78.0469,0.00,1,0.00
14.337209,264.0234,-0.615234,111,78.0469,0.00,1,0.00
14.338209,264.0234,-0.615234,111,78.0469,0.00,1,0.00
14.339210,264.0234,-0.615234,111,78.0469,0.00,1,0.00
14.340210,263.9355,-0.703125,111,78.0469,0.00,1,0.00
14.341210,264.0234,-0.615234,111,78.0469,0.00,1,0.00
14.342211,264.0234,-0.615234,111,78.0469,0.00,1,0.00
14.343211,264.0234,-0.615234,111,78.0469,0.00,1,0.00
14.344212,264.0234,-0.615234,111,78.0469,0.00,1,0.00
14.345212,263.9355,-0.703125,111,78.0469,0.00,1,0.00
14.346212,264.0234,-0.615234,111,78.0469,0.00,1,0.00
14.347213,263.9355,-0.703125,111,78.0469,0.00,1,0.00
14.348213,264.0234,-0.615234,111,78.0469,0.00,1,0.00
14.349214,264.0234,-0.615234,111,78.0469,0.00,1,0.00
14.350214,264.0234,-0.615234,111,78.0469,0.00,1,0.00
14.351214,264.0234,-0.615234,111,78.0469,0.00,1,0.00
14.352215,264.1113,-0.527344,111,78.0469,0.00,1,0.00
14.353215,264.1113,-0.527344,111,78.0469,0.00,1,0.00
14.354216,264.0234,-0.615234,111,78.0469,0.00,1,0.00
14.355216,264.0234,-0.615234,111,78.0469,0.00,1,0.00
14.356216,264.0234,-0.615234,111,78.0469,0.00,1,0.00
14.357217,264.0234,-0.615234,111,78.0469,0.00,1,0.00
14.358217,264.0234,-0.615234,111,78.0469,0.00,1,0.00
14.359218,264.1113,-0.527344,111,78.0469,0.00,1,0.00
14.360218,264.0234,-0.615234,111,78.0469,0.00,1,0.00
14.361219,264.0234,-0.615234,111,78.0469,0.00,1,0.00
14.362220,264.0234,-0.615234,111,78.0469,0.00,1,0.00
14.363220,264.0234,-0.615234,111,78.0469,0.00,1,0.00
14.364221,264.0234,-0.615234,111,78.0469,0.00,1,0.00
14.365221,264.0234,-0.615234,111,78.0469,0.00,1,0.00
14.366221,264.0234,-0.615234,111,78.0469,0.00,1,0.00
14.367222,264.0234,-0.615234,111,78.0469,0.00,1,0.00
14.368222,264.0234,-0.615234,111,78.0469,0.00,1,0.00
14.369223,264.0234,-0.615234,111,78.0469,0.00,1,0.00
14.370223,264.0234,-0.615234,111,78.0469,0.00,1,0.00
14.371224,264.1113,-0.527344,111,78.0469,0.00,1,0.00
14.372225,264.0234,-0.615234,111,78.0469,0.00,1,0.00
14.373225,264.0234,-0.615234,111,78.0469,0.00,1,0.00
14.374226,264.1113,-0.527344,111,78.0469,0.00,1,0.00
14.375226,264.1113,-0.527344,111,78.0469,0.00,1,0.00
14.376226,264.1113,-0.527344,111,78.0469,0.00,1,0.00
14.377227,264.1113,-0.527344,111,78.0469,0.00,1,0.00
14.378227,264.1113,-0.527344,111,78.0469,0.00,1,0.00
14.385504,264.0234,-0.615234,111,78.0469,0.00,1,0.00
14.386504,264.0234,-0.615234,111,78.0469,0.00,1,0.00
14.387505,264.0234,-0.615234,111,78.0469,0.00,1,0.00
14.388505,264.0234,-0.615234,111,78.0469,0.00,1,0.00
14.389505,264.1113,-0.527344,111,78.0469,0.00,1,0.00
14.390506,264.0234,-0.615234,111,78.0469,0.00,1,0.00
14.391506,263.9355,-0.703125,111,78.0469,0.00,1,0.00
14.392507,263.9355,-0.703125,111,78.0469,0.00,1,0.00
14.393507,263.9355,-0.703125,111,78.0469,0.00,1,0.00
14.394507,264.0234,-0.615234,111,78.0469,0.00,1,0.00
14.395508,264.0234,-0.615234,111,78.0469,0.00,1,0.00
14.396508,264.0234,-0.615234,111,78.0469,0.00,1,0.00
14.397509,264.0234,-0.615234,111,78.0469,0.00,1,0.00
14.398509,263.9355,-0.703125,111,78.0469,0.00,1,0.00
14.399509,264.0234,-0.615234,111,78.0469,0.00,1,0.00
14.400510,264.0234,-0.615234,111,78.0469,0.00,1,0.00
14.401510,264.0234,-0.615234,111,78.0469,0.00,1,0.00
14.402511,264.0234,-0.615234,111,78.0469,0.00,1,0.00
14.403511,264.1113,-0.527344,111,78.0469,0.00,1,0.00
14.404512,264.0234,-0.615234,111,78.0469,0.00,1,0.00
14.405513,264.0234,-0.615234,111,78.0469,0.00,1,0.00
14.406513,264.0234,-0.615234,111,78.0469,0.00,1,0.00
14.407514,264.0234,-0.615234,111,78.0469,0.00,1,0.00
14.408514,264.0234,-0.615234,111,78.0469,0.00,1,0.00
14.409514,264.0234,-0.615234,111,78.0469,0.00,1,0.00
14.410515,264.0234,-0.615234,111,78.0469,0.00,1,0.00
14.411515,264.0234,-0.615234,111,78.0469,0.00,1,0.00
14.412516,264.0234,-0.615234,111,78.0469,0.00,1,0.00
14.413516,264.0234,-0.615234,111,78.0469,0.00,1,0.00
14.414517,264.0234,-0.615234,111,78.0469,0.00,1,0.00
14.415518,264.0234,-0.615234,111,78.0469,0.00,1,0.00
14.416518,264.1113,-0.527344,111,78.0469,0.00,1,0.00
14.417519,264.1113,-0.527344,111,78.0469,0.00,1,0.00
14.418519,264.1113,-0.527344,111,78.0469,0.00,1,0.00
14.419519,264.0234,-0.615234,111,78.0469,0.00,1,0.00
14.420520,264.0234,-0.615234,111,78.0469,0.00,1,0.00
14.421520,264.0234,-0.615234,111,78.0469,0.00,1,0.00
14.422521,264.0234,-0.615234,111,78.0469,0.00,1,0.00
14.423521,263.9355,-0.703125,111,78.0469,0.00,1,0.00
14.424522,264.0234,-0.615234,111,78.0469,0.00,1,0.00
14.425523,264.0234,-0.615234,111,78.0469,0.00,1,0.00
14.426523,264.1113,-0.527344,111,78.0469,0.00,1,0.00
14.427524,264.1113,-0.527344,111,78.0469,0.00,1,0.00
14.428524,264.1113,-0.527344,111,78.0469,0.00,1,0.00
14.429524,264.0234,-0.615234,111,78.0469,0.00,1,0.00
14.430525,264.0234,-0.615234,111,78.0469,0.00,1,0.00
14.431525,264.1113,-0.527344,111,78.0469,0.00,1,0.00
14.432526,264.0234,-0.615234,111,78.0469,0.00,1,0.00
14.433526,264.0234,-0.615234,111,78.0469,0.00,1,0.00
14.434527,264.1113,-0.527344,111,78.0469,0.00,1,0.00
14.442257,264.0234,-0.615234,111,78.0469,0.00,1,0.00
14.443257,264.0234,-0.615234,111,78.0469,0.00,1,0.00
14.444258,264.1113,-0.527344,111,78.0469,0.00,1,0.00
14.445258,264.0234,-0.615234,111,78.0469,0.00,1,0.00
14.446259,263.9355,-0.703125,111,78.0469,0.00,1,0.00
14.447259,264.0234,-0.615234,111,78.0469,0.00,1,0.00
14.448259,264.0234,-0.615234,111,78.0469,0.00,1,0.00
14.449260,264.1113,-0.527344,111,78.0469,0.00,1,0.00
14.450260,264.0234,-0.615234,111,78.0469,0.00,1,0.00
14.451261,264.0234,-0.615234,111,78.0469,0.00,1,0.00
14.452261,264.0234,-0.615234,111,78.0469,0.00,1,0.00
14.453261,264.0234,-0.615234,111,78.0469,0.00,1,0.00
14.454262,264.1113,-0.527344,111,78.0469,0.00,1,0.00
14.455262,264.0234,-0.615234,111,78.0469,0.00,1,0.00
14.456263,264.0234,-0.615234,111,78.0469,0.00,1,0.00
14.457263,263.9355,-0.703125,111,78.0469,0.00,1,0.00
14.458263,264.0234,-0.615234,111,78.0469,0.00,1,0.00
14.459264,264.0234,-0.615234,111,78.0469,0.00,1,0.00
14.460264,264.0234,-0.615234,111,78.0469,0.00,1,0.00
14.461265,264.0234,-0.615234,111,78.0469,0.00,1,0.00
14.462265,264.0234,-0.615234,111,78.0469,0.00,1,0.00
14.463265,264.0234,-0.615234,111,78.0469,0.00,1,0.00
14.464266,263.9355,-0.703125,111,78.0469,0.00,1,0.00
14.465266,263.9355,-0.703125,111,78.0469,0.00,1,0.00
14.466267,264.0234,-0.615234,111,78.0469,0.00,1,0.00
14.467267,264.0234,-0.615234,111,78.0469,0.00,1,0.00
14.468268,264.0234,-0.615234,111,78.0469,0.00,1,0.00
14.469269,264.1113,-0.527344,111,78.0469,0.00,1,0.00
14.470269,264.1113,-0.527344,111,78.0469,0.00,1,0.00
14.471270,264.0234,-0.615234,111,78.0469,0.00,1,0.00
14.472270,264.0234,-0.615234,111,78.0469,0.00,1,0.00
14.473270,264.0234,-0.615234,111,78.0469,0.00,1,0.00
14.474271,264.0234,-0.615234,111,78.0469,0.00,1,0.00
14.475271,264.0234,-0.615234,111,78.0469,0.00,1,0.00
14.476272,264.0234,-0.615234,111,78.0469,0.00,1,0.00
14.477272,264.0234,-0.615234,111,78.0469,0.00,1,0.00
14.478272,264.0234,-0.615234,111,78.0469,0.00,1,0.00
14.479273,264.0234,-0.615234,111,78.0469,0.00,1,0.00
14.480273,263.9355,-0.703125,111,78.0469,0.00,1,0.00
14.481274,264.0234,-0.615234,111,78.0469,0.00,1,0.00
14.482274,264.0234,-0.615234,111,78.0469,0.00,1,0.00
14.483275,264.0234,-0.615234,111,78.0469,0.00,1,0.00
14.484276,264.0234,-0.615234,111,78.0469,0.00,1,0.00
14.485276,264.0234,-0.615234,111,78.0469,0.00,1,0.00
14.486277,264.1113,-0.527344,111,78.0469,0.00,1,0.00
14.487277,264.0234,-0.615234,111,78.0469,0.00,1,0.00
14.488277,264.0234,-0.615234,111,78.0469,0.00,1,0.00
14.489278,264.0234,-0.615234,111,78.0469,0.00,1,0.00
14.490278,263.9355,-0.703125,111,78.0469,0.00,1,0.00
14.491279,264.0234,-0.615234,111,78.0469,0.00,1,0.00
14.498505,264.0234,-0.615234,111,78.0469,0.00,1,0.00
14.499505,264.1113,-0.527344,111,78.0469,0.00,1,0.00
14.500506,264.0234,-0.615234,111,78.0469,0.00,1,0.00
14.501507,263.9355,-0.703125,111,78.0469,0.00,1,0.00
14.502507,263.9355,-0.703125,111,78.0469,0.00,1,0.00
14.503508,264.0234,-0.615234,111,78.0469,0.00,1,0.00
14.504508,264.0234,-0.615234,111,78.0469,0.00,1,0.00
14.505508,264.0234,-0.615234,111,78.0469,0.00,1,0.00
14.506509,264.0234,-0.615234,111,78.0469,0.00,1,0.00
14.507509,264.0234,-0.615234,111,78.0469,0.00,1,0.00
14.508510,264.0234,-0.615234,111,78.0469,0.00,1,0.00
14.509510,264.0234,-0.615234,111,78.0469,0.00,1,0.00
14.510511,264.0234,-0.615234,111,78.0469,0.00,1,0.00
14.511512,264.0234,-0.615234,111,78.0469,0.00,1,0.00
14.512512,264.0234,-0.615234,111,78.0469,0.00,1,0.00
14.513513,264.0234,-0.615234,111,78.0469,0.00,1,0.00
14.514513,264.0234,-0.615234,111,78.0469,0.00,1,0.00
14.515513,264.0234,-0.615234,111,78.0469,0.00,1,0.00
14.516514,264.0234,-0.615234,111,78.0469,0.00,1,0.00
14.517514,264.1113,-0.527344,111,78.0469,0.00,1,0.00
14.518515,264.0234,-0.615234,111,78.0469,0.00,1,0.00
14.519515,263.9355,-0.703125,111,78.0469,0.00,1,0.00
14.520516,263.9355,-0.703125,111,78.0469,0.00,1,0.00
14.521517,264.0234,-0.615234,111,78.0469,0.00,1,0.00
14.522517,264.0234,-0.615234,111,78.0469,0.00,1,0.00
14.523518,264.1113,-0.527344,111,78.0469,0.00,1,0.00
14.524518,264.1113,-0.527344,111,78.0469,0.00,1,0.00
14.525518,264.1113,-0.527344,111,78.0469,0.00,1,0.00
14.526519,264.0234,-0.615234,111,78.0469,0.00,1,0.00
14.527519,264.1113,-0.527344,111,78.0469,0.00,1,0.00
14.528520,264.1113,-0.527344,111,78.0469,0.00,1,0.00
14.529520,264.1113,-0.527344,111,78.0469,0.00,1,0.00
14.530520,264.0234,-0.615234,111,78.0469,0.00,1,0.00
14.531521,264.0234,-0.615234,111,78.0469,0.00,1,0.00
14.532521,264.0234,-0.615234,111,78.0469,0.00,1,0.00
14.533522,264.0234,-0.615234,111,78.0469,0.00,1,0.00
14.534522,264.1113,-0.527344,111,78.0469,0.00,1,0.00
14.535523,264.1113,-0.527344,111,78.0469,0.00,1,0.00
14.536524,264.1113,-0.527344,111,78.0469,0.00,1,0.00
14.537524,264.1113,-0.527344,111,78.0469,0.00,1,0.00
14.538525,264.1113,-0.527344,111,78.0469,0.00,1,0.00
14.539525,264.1113,-0.527344,111,78.0469,0.00,1,0.00
14.540525,264.0234,-0.615234,111,78.0469,0.00,1,0.00
14.541526,264.0234,-0.615234,111,78.0469,0.00,1,0.00
14.542526,264.0234,-0.615234,111,78.0469,0.00,1,0.00
14.543527,264.0234,-0.615234,111,78.0469,0.00,1,0.00
14.544527,264.0234,-0.615234,111,78.0469,0.00,1,0.00
14.545528,264.1113,-0.527344,111,78.0469,0.00,1,0.00
14.546529,264.0234,-0.615234,111,78.0469,0.00,1,0.00
14.547529,264.0234,-0.615234,111,78.0469,0.00,1,0.00
14.554755,264.0234,-0.615234,111,78.0469,0.00,1,0.00
14.555756,264.1113,-0.527344,111,78.0469,0.00,1,0.00
14.556756,264.0234,-0.615234,111,78.0469,0.00,1,0.00
14.557756,264.0234,-0.615234,111,78.0469,0.00,1,0.00
14.558757,264.0234,-0.615234,111,78.0469,0.00,1,0.00
14.559757,264.0234,-0.615234,111,78.0469,0.00,1,0.00
14.560758,264.0234,-0.615234,111,78.0469,0.00,1,0.00
14.561758,264.0234,-0.615234,111,78.0469,0.00,1,0.00
14.562759,264.0234,-0.615234,111,78.0469,0.00,1,0.00
14.563760,264.0234,-0.615234,111,78.0469,0.00,1,0.00
14.564760,264.0234,-0.615234,111,78.0469,0.00,1,0.00
14.565761,264.0234,-0.615234,111,78.0469,0.00,1,0.00
14.566761,264.0234,-0.615234,111,78.0469,0.00,1,0.00
14.567761,264.1113,-0.527344,111,78.0469,0.00,1,0.00
14.568762,264.1113,-0.527344,111,78.0469,0.00,1,0.00
14.569762,264.1113,-0.527344,111,78.0469,0.00,1,0.00
14.570763,264.1113,-0.527344,111,78.0469,0.00,1,0.00
14.571763,264.0234,-0.615234,111,78.0469,0.00,1,0.00
14.572764,264.0234,-0.615234,111,78.0469,0.00,1,0.00
14.573765,264.1113,-0.527344,111,78.0469,0.00,1,0.00
14.574765,264.0234,-0.615234,111,78.0469,0.00,1,0.00
14.575766,264.0234,-0.615234,111,78.0469,0.00,1,0.00
14.576766,264.1113,-0.527344,111,78.0469,0.00,1,0.00
14.577766,264.1113,-0.527344,111,78.0469,0.00,1,0.00
14.578767,264.0234,-0.615234,111,78.0469,0.00,1,0.00
14.579767,264.1113,-0.527344,111,78.0469,0.00,1,0.00
14.580768,264.1113,-0.527344,111,78.0469,0.00,1,0.00
14.581768,264.1113,-0.527344,111,78.0469,0.00,1,0.00
14.582769,264.1113,-0.527344,111,78.0469,0.00,1,0.00
14.583770,264.0234,-0.615234,111,78.0469,0.00,1,0.00
14.584770,264.0234,-0.615234,111,78.0469,0.00,1,0.00
14.585771,264.0234,-0.615234,111,78.0469,0.00,1,0.00
14.586771,264.0234,-0.615234,111,78.0469,0.00,1,0.00
14.587771,264.0234,-0.615234,111,78.0469,0.00,1,0.00
14.588772,264.0234,-0.615234,111,78.0469,0.00,1,0.00
14.589772,264.0234,-0.615234,111,78.0469,0.00,1,0.00
14.590773,264.1113,-0.527344,111,78.0469,0.00,1,0.00
14.591773,264.1113,-0.527344,111,78.0469,0.00,1,0.00
14.592773,264.1113,-0.527344,111,78.0469,0.00,1,0.00
14.593774,264.1113,-0.527344,111,78.0469,0.00,1,0.00
14.594774,264.1113,-0.527344,111,78.0469,0.00,1,0.00
14.595775,264.0234,-0.615234,111,78.0469,0.00,1,0.00
14.596775,264.0234,-0.615234,111,78.0469,0.00,1,0.00
14.597776,263.9355,-0.703125,111,78.0469,0.00,1,0.00
14.598777,263.9355,-0.703125,111,78.0469,0.00,1,0.00
14.599777,264.0234,-0.615234,111,78.0469,0.00,1,0.00
14.600778,264.0234,-0.615234,111,78.0469,0.00,1,0.00
14.601778,263.9355,-0.703125,111,78.0469,0.00,1,0.00
14.602778,263.9355,-0.703125,111,78.0469,0.00,1,0.00
14.603779,264.0234,-0.615234,111,78.0469,0.00,1,0.00
14.611050,264.0234,-0.615234,111,78.0469,0.00,1,0.00
14.612050,264.0234,-0.615234,111,78.0469,0.00,1,0.00
14.613051,264.0234,-0.615234,111,78.0469,0.00,1,0.00
14.614052,264.1113,-0.527344,111,78.0469,0.00,1,0.00
14.615052,264.0234,-0.615234,111,78.0469,0.00,1,0.00
14.616053,264.0234,-0.615234,111,78.0469,0.00,1,0.00
14.617053,264.1113,-0.527344,111,78.0469,0.00,1,0.00
14.618053,264.0234,-0.615234,111,78.0469,0.00,1,0.00
14.619054,263.9355,-0.703125,111,78.0469,0.00,1,0.00
14.620054,264.0234,-0.615234,111,78.0469,0.00,1,0.00
14.621055,264.0234,-0.615234,111,78.0469,0.00,1,0.00
14.622055,264.1113,-0.527344,111,78.0469,0.00,1,0.00
14.623056,264.0234,-0.615234,111,78.0469,0.00,1,0.00
14.624057,264.1113,-0.527344,111,78.0469,0.00,1,0.00
14.625057,264.1113,-0.527344,111,78.0469,0.00,1,0.00
14.626058,264.0234,-0.615234,111,78.0469,0.00,1,0.00
14.627058,264.1113,-0.527344,111,78.0469,0.00,1,0.00
14.628058,264.0234,-0.615234,111,78.0469,0.00,1,0.00
14.629059,264.0234,-0.615234,111,78.0469,0.00,1,0.00
14.630059,264.0234,-0.615234,111,78.0469,0.00,1,0.00
14.631060,264.0234,-0.615234,111,78.0469,0.00,1,0.00
14.632060,264.0234,-0.615234,111,78.0469,0.00,1,0.00
14.633061,264.0234,-0.615234,111,78.0469,0.00,1,0.00
14.634062,263.9355,-0.703125,111,78.0469,0.00,1,0.00
14.635062,264.0234,-0.615234,111,78.0469,0.00,1,0.00
14.636063,264.1113,-0.527344,111,78.0469,0.00,1,0.00
14.637063,264.0234,-0.615234,111,78.0469,0.00,1,0.00
14.638063,264.0234,-0.615234,111,78.0469,0.00,1,0.00
14.639064,264.0234,-0.615234,111,78.0469,0.00,1,0.00
14.640064,264.1113,-0.527344,111,78.0469,0.00,1,0.00
14.641065,264.1113,-0.527344,111,78.0469,0.00,1,0.00
14.642065,264.0234,-0.615234,111,78.0469,0.00,1,0.00
14.643066,264.0234,-0.615234,111,78.0469,0.00,1,0.00
14.644067,264.1113,-0.527344,111,78.0469,0.00,1,0.00
14.645067,264.1113,-0.527344,111,78.0469,0.00,1,0.00
14.646068,264.0234,-0.615234,111,78.0469,0.00,1,0.00
14.647068,264.0234,-0.615234,111,78.0469,0.00,1,0.00
14.648068,264.1113,-0.527344,111,78.0469,0.00,1,0.00
14.649069,264.1113,-0.527344,111,78.0469,0.00,1,0.00
14.650069,264.1113,-0.527344,111,78.0469,0.00,1,0.00
14.651070,264.1113,-0.527344,111,78.0469,0.00,1,0.00
14.652070,264.1113,-0.527344,111,78.0469,0.00,1,0.00
14.653071,264.0234,-0.615234,111,78.0469,0.00,1,0.00
14.654072,264.0234,-0.615234,111,78.0469,0.00,1,0.00
14.655072,264.0234,-0.615234,111,78.0469,0.00,1,0.00
14.656073,264.0234,-0.615234,111,78.0469,0.00,1,0.00
14.657073,264.0234,-0.615234,111,78.0469,0.00,1,0.00
14.658073,264.0234,-0.615234,111,78.0469,0.00,1,0.00
14.659074,264.0234,-0.615234,111,78.0469,0.00,1,0.00
14.660074,264.0234,-0.615234,111,78.0469,0.00,1,0.00
14.667348,264.0234,-0.615234,111,78.0469,0.00,1,0.00
14.668348,263.9355,-0.703125,111,78.0469,0.00,1,0.00
14.669349,264.0234,-0.615234,111,78.0469,0.00,1,0.00
14.670349,264.0234,-0.615234,111,78.0469,0.00,1,0.00
14.671350,264.0234,-0.615234,111,78.0469,0.00,1,0.00
14.672350,264.1113,-0.527344,111,78.0469,0.00,1,0.00
14.673350,264.1113,-0.527344,111,78.0469,0.00,1,0.00
14.674351,264.1113,-0.527344,111,78.0469,0.00,1,0.00
14.675351,264.1113,-0.527344,111,78.0469,0.00,1,0.00
14.676352,264.0234,-0.615234,111,78.0469,0.00,1,0.00
14.677352,264.0234,-0.615234,111,78.0469,0.00,1,0.00
14.678352,264.1113,-0.527344,111,78.0469,0.00,1,0.00
14.679353,264.1113,-0.527344,111,78.0469,0.00,1,0.00
14.680353,264.0234,-0.615234,111,78.0469,0.00,1,0.00
14.681354,264.0234,-0.615234,111,78.0469,0.00,1,0.00
14.682354,264.0234,-0.615234,111,78.0469,0.00,1,0.00
14.683354,263.9355,-0.703125,111,78.0469,0.00,1,0.00
14.684355,263.9355,-0.703125,111,78.0469,0.00,1,0.00
14.685355,264.0234,-0.615234,111,78.0469,0.00,1,0.00
14.686356,264.0234,-0.615234,111,78.0469,0.00,1,0.00
14.687356,264.0234,-0.615234,111,78.0469,0.00,1,0.00
14.688356,264.0234,-0.615234,111,78.0469,0.00,1,0.00
14.689357,264.0234,-0.615234,111,78.0469,0.00,1,0.00
14.690357,264.0234,-0.615234,111,78.0469,0.00,1,0.00
14.691358,264.1113,-0.527344,111,78.0469,0.00,1,0.00
14.692358,264.1113,-0.527344,111,78.0469,0.00,1,0.00
14.693358,264.1113,-0.527344,111,78.0469,0.00,1,0.00
14.694359,264.1113,-0.527344,111,78.0469,0.00,1,0.00
14.695359,264.0234,-0.615234,111,78.0469,0.00,1,0.00
14.696360,264.0234,-0.615234,111,78.0469,0.00,1,0.00
14.697360,264.0234,-0.615234,111,78.0469,0.00,1,0.00
14.698361,264.0234,-0.615234,111,78.0469,0.00,1,0.00
14.699362,264.0234,-0.615234,111,78.0469,0.00,1,0.00
14.700362,264.0234,-0.615234,111,78.0469,0.00,1,0.00
14.701363,264.0234,-0.615234,111,78.0469,0.00,1,0.00
14.702363,264.1113,-0.527344,111,78.0469,0.00,1,0.00
14.703363,264.1113,-0.527344,111,78.0469,0.00,1,0.00
14.704364,264.0234,-0.615234,111,78.0469,0.00,1,0.00
14.705364,264.0234,-0.615234,111,78.0469,0.00,1,0.00
14.706365,263.9355,-0.703125,111,78.0469,0.00,1,0.00
14.707365,264.0234,-0.615234,111,78.0469,0.00,1,0.00
14.708366,264.0234,-0.615234,111,78.0469,0.00,1,0.00
14.709367,264.0234,-0.615234,111,78.0469,0.00,1,0.00
14.710367,264.0234,-0.615234,111,78.0469,0.00,1,0.00
14.711368,264.0234,-0.615234,111,78.0469,0.00,1,0.00
14.712368,264.0234,-0.615234,111,78.0469,0.00,1,0.00
14.713368,264.0234,-0.615234,111,78.0469,0.00,1,0.00
14.714369,264.1113,-0.527344,111,78.0469,0.00,1,0.00
14.715369,264.1113,-0.527344,111,78.0469,0.00,1,0.00
14.716370,264.0234,-0.615234,111,78.0469,0.00,1,0.00
14.723639,264.0234,-0.615234,111,78.0469,0.00,1,0.00
14.724640,264.0234,-0.615234,111,78.0469,0.00,1,0.00
14.725640,264.0234,-0.615234,111,78.0469,0.00,1,0.00
14.726641,264.0234,-0.615234,111,78.0469,0.00,1,0.00
14.727641,264.0234,-0.615234,111,78.0469,0.00,1,0.00
14.728642,264.0234,-0.615234,111,78.0469,0.00,1,0.00
14.729642,264.0234,-0.615234,111,78.0469,0.00,1,0.00
14.730642,264.0234,-0.615234,111,78.0469,0.00,1,0.00
14.731643,264.0234,-0.615234,111,78.0469,0.00,1,0.00
14.732643,264.0234,-0.615234,111,78.0469,0.00,1,0.00
14.733644,264.0234,-0.615234,111,78.0469,0.00,1,0.00
14.734644,264.0234,-0.615234,111,78.0469,0.00,1,0.00
14.735644,264.0234,-0.615234,111,78.0469,0.00,1,0.00
14.736645,264.0234,-0.615234,111,78.0469,0.00,1,0.00
14.737645,264.0234,-0.615234,111,78.0469,0.00,1,0.00
14.738646,264.0234,-0.615234,111,78.0469,0.00,1,0.00
14.739646,264.0234,-0.615234,111,78.0469,0.00,1,0.00
14.740646,264.0234,-0.615234,111,78.0469,0.00,1,0.00
14.741647,264.0234,-0.615234,111,78.0469,0.00,1,0.00
14.742647,264.0234,-0.615234,111,78.0469,0.00,1,0.00
14.743648,264.0234,-0.615234,111,78.0469,0.00,1,0.00
14.744648,263.9355,-0.703125,111,78.0469,0.00,1,0.00
14.745648,264.0234,-0.615234,111,78.0469,0.00,1,0.00
14.746649,264.0234,-0.615234,111,78.0469,0.00,1,0.00
14.747649,264.0234,-0.615234,111,78.0469,0.00,1,0.00
14.748650,264.0234,-0.615234,111,78.0469,0.00,1,0.00
14.749650,264.0234,-0.615234,111,78.0469,0.00,1,0.00
14.750650,264.0234,-0.615234,111,78.0469,0.00,1,0.00
14.751651,264.0234,-0.615234,111,78.0469,0.00,1,0.00
14.752651,264.0234,-0.615234,111,78.0469,0.00,1,0.00
14.753652,264.0234,-0.615234,111,78.0469,0.00,1,0.00
14.754652,264.0234,-0.615234,111,78.0469,0.00,1,0.00
14.755652,263.9355,-0.703125,111,78.0469,0.00,1,0.00
14.756653,263.9355,-0.703125,111,78.0469,0.00,1,0.00
14.757653,264.0234,-0.615234,111,78.0469,0.00,1,0.00
14.758654,264.0234,-0.615234,111,78.0469,0.00,1,0.00
14.759654,264.0234,-0.615234,111,78.0469,0.00,1,0.00
14.760655,264.1113,-0.527344,111,78.0469,0.00,1,0.00
14.761656,264.0234,-0.615234,111,78.0469,0.00,1,0.00
14.762656,263.9355,-0.703125,111,78.0469,0.00,1,0.00
14.763657,263.9355,-0.703125,111,78.0469,0.00,1,0.00
14.764657,264.0234,-0.615234,111,78.0469,0.00,1,0.00
14.765657,264.0234,-0.615234,111,78.0469,0.00,1,0.00
14.766658,264.0234,-0.615234,111,78.0469,0.00,1,0.00
14.767658,264.0234,-0.615234,111,78.0469,0.00,1,0.00
14.768659,264.0234,-0.615234,111,78.0469,0.00,1,0.00
14.769659,264.0234,-0.615234,111,78.0469,0.00,1,0.00
14.770660,264.0234,-0.615234,111,78.0469,0.00,1,0.00
14.771661,264.1113,-0.527344,111,78.0469,0.00,1,0.00
14.772661,264.1113,-0.527344,111,78.0469,0.00,1,0.00
14.780515,264.1113,-0.527344,111,78.0469,0.00,1,0.00
14.781515,264.0234,-0.615234,111,78.0469,0.00,1,0.00
14.782516,263.9355,-0.703125,111,78.0469,0.00,1,0.00
14.783516,264.0234,-0.615234,111,78.0469,0.00,1,0.00
14.784516,264.0234,-0.615234,111,78.0469,0.00,1,0.00
14.785517,264.1113,-0.527344,111,78.0469,0.00,1,0.00
14.786517,264.1113,-0.527344,111,78.0469,0.00,1,0.00
14.787518,264.0234,-0.615234,111,78.0469,0.00,1,0.00
14.788518,264.0234,-0.615234,111,78.0469,0.00,1,0.00
14.789518,264.1113,-0.527344,111,78.0469,0.00,1,0.00
14.790519,264.1113,-0.527344,111,78.0469,0.00,1,0.00
14.791519,264.0234,-0.615234,111,78.0469,0.00,1,0.00
14.792520,264.0234,-0.615234,111,78.0469,0.00,1,0.00
14.793520,264.0234,-0.615234,111,78.0469,0.00,1,0.00
14.794520,264.0234,-0.615234,111,78.0469,0.00,1,0.00
14.795521,264.0234,-0.615234,111,78.0469,0.00,1,0.00
14.796521,264.0234,-0.615234,111,78.0469,0.00,1,0.00
14.797522,264.0234,-0.615234,111,78.0469,0.00,1,0.00
14.798522,264.0234,-0.615234,111,78.0469,0.00,1,0.00
14.799522,264.0234,-0.615234,111,78.0469,0.00,1,0.00
14.800523,264.0234,-0.615234,111,78.0469,0.00,1,0.00
14.801523,264.0234,-0.615234,111,78.0469,0.00,1,0.00
14.802524,264.1113,-0.527344,111,78.0469,0.00,1,0.00
14.803524,264.1113,-0.527344,111,78.0469,0.00,1,0.00
14.804524,264.0234,-0.615234,111,78.0469,0.00,1,0.00
14.805525,264.0234,-0.615234,111,78.0469,0.00,1,0.00
14.806525,264.0234,-0.615234,111,78.0469,0.00,1,0.00
14.807526,264.0234,-0.615234,111,78.0469,0.00,1,0.00
14.808526,264.0234,-0.615234,111,78.0469,0.00,1,0.00
14.809527,264.0234,-0.615234,111,78.0469,0.00,1,0.00
14.810528,264.1113,-0.527344,111,78.0469,0.00,1,0.00
14.811528,264.0234,-0.615234,111,78.0469,0.00,1,0.00
14.812529,264.0234,-0.615234,111,78.0469,0.00,1,0.00
14.813529,264.0234,-0.615234,111,78.0469,0.00,1,0.00
14.814529,264.0234,-0.615234,111,78.0469,0.00,1,0.00
14.815530,264.0234,-0.615234,111,78.0469,0.00,1,0.00
14.816530,264.0234,-0.615234,111,78.0469,0.00,1,0.00
14.817531,264.0234,-0.615234,111,78.0469,0.00,1,0.00
14.818531,264.1113,-0.527344,111,78.0469,0.00,1,0.00
14.819532,264.0234,-0.615234,111,78.0469,0.00,1,0.00
14.820533,264.0234,-0.615234,111,78.0469,0.00,1,0.00
14.821533,264.0234,-0.615234,111,78.0469,0.00,1,0.00
14.822534,264.0234,-0.615234,111,78.0469,0.00,1,0.00
14.823534,264.0234,-0.615234,111,78.0469,0.00,1,0.00
14.824534,264.0234,-0.615234,111,78.0469,0.00,1,0.00
14.825535,264.0234,-0.615234,111,78.0469,0.00,1,0.00
14.826535,264.0234,-0.615234,111,78.0469,0.00,1,0.00
14.827536,264.0234,-0.615234,111,78.0469,0.00,1,0.00
14.828536,264.0234,-0.615234,111,78.0469,0.00,1,0.00
14.829536,263.9355,-0.703125,111,78.0469,0.00,1,0.00
14.836762,264.0234,-0.615234,111,78.0469,0.00,1,0.00
14.837763,264.0234,-0.615234,111,78.0469,0.00,1,0.00
14.838763,264.0234,-0.615234,111,78.0469,0.00,1,0.00
14.839764,264.0234,-0.615234,111,78.0469,0.00,1,0.00
14.840764,264.0234,-0.615234,111,78.0469,0.00,1,0.00
14.841765,264.0234,-0.615234,111,78.0469,0.00,1,0.00
14.842766,264.0234,-0.615234,111,78.0469,0.00,1,0.00
14.843766,264.0234,-0.615234,111,78.0469,0.00,1,0.00
14.844767,264.0234,-0.615234,111,78.0469,0.00,1,0.00
14.845767,264.0234,-0.615234,111,78.0469,0.00,1,0.00
14.846767,264.0234,-0.615234,111,78.0469,0.00,1,0.00
14.847768,264.0234,-0.615234,111,78.0469,0.00,1,0.00
14.848768,264.0234,-0.615234,111,78.0469,0.00,1,0.00
14.849769,264.1113,-0.527344,111,78.0469,0.00,1,0.00
14.850769,264.0234,-0.615234,111,78.0469,0.00,1,0.00
14.851770,264.0234,-0.615234,111,78.0469,0.00,1,0.00
14.852771,264.0234,-0.615234,111,78.0469,0.00,1,0.00
14.853771,264.0234,-0.615234,111,78.0469,0.00,1,0.00
14.854772,264.0234,-0.615234,111,78.0469,0.00,1,0.00
14.855772,264.0234,-0.615234,111,78.0469,0.00,1,0.00
14.856772,264.1113,-0.527344,111,78.0469,0.00,1,0.00
14.857773,264.0234,-0.615234,111,78.0469,0.00,1,0.00
14.858773,264.0234,-0.615234,111,78.0469,0.00,1,0.00
14.859774,264.0234,-0.615234,111,78.0469,0.00,1,0.00
14.860774,263.9355,-0.703125,111,78.0469,0.00,1,0.00
14.861775,264.0234,-0.615234,111,78.0469,0.00,1,0.00
14.862776,264.1113,-0.527344,111,78.0469,0.00,1,0.00
14.863776,264.1113,-0.527344,111,78.0469,0.00,1,0.00
14.864777,264.0234,-0.615234,111,78.0469,0.00,1,0.00
14.865777,264.0234,-0.615234,111,78.0469,0.00,1,0.00
14.866777,264.0234,-0.615234,111,78.0469,0.00,1,0.00
14.867778,264.0234,-0.615234,111,78.0469,0.00,1,0.00
14.868778,264.0234,-0.615234,111,78.0469,0.00,1,0.00
14.869779,264.0234,-0.615234,111,78.0469,0.00,1,0.00
14.870779,264.0234,-0.615234,111,78.0469,0.00,1,0.00
14.871780,264.0234,-0.615234,111,78.0469,0.00,1,0.00
14.872781,264.0234,-0.615234,111,78.0469,0.00,1,0.00
14.873781,264.0234,-0.615234,111,78.0469,0.00,1,0.00
14.874782,264.0234,-0.615234,111,78.0469,0.00,1,0.00
14.875782,264.0234,-0.615234,111,78.0469,0.00,1,0.00
14.876782,264.0234,-0.615234,111,78.0469,0.00,1,0.00
14.877783,264.0234,-0.615234,111,78.0469,0.00,1,0.00
14.878783,264.0234,-0.615234,111,78.0469,0.00,1,0.00
14.879784,264.0234,-0.615234,111,78.0469,0.00,1,0.00
14.880784,264.0234,-0.615234,111,78.0469,0.00,1,0.00
14.881784,263.9355,-0.703125,111,78.0469,0.00,1,0.00
14.882785,263.9355,-0.703125,111,78.0469,0.00,1,0.00
14.883785,264.0234,-0.615234,111,78.0469,0.00,1,0.00
14.884786,263.9355,-0.703125,111,78.0469,0.00,1,0.00
14.885786,264.0234,-0.615234,111,78.0469,0.00,1,0.00
14.893008,264.1113,-0.527344,111,78.0469,0.00,1,0.00
14.894009,264.1113,-0.527344,111,78.0469,0.00,1,0.00
14.895009,264.0234,-0.615234,111,78.0469,0.00,1,0.00
14.896010,263.9355,-0.703125,111,78.0469,0.00,1,0.00
14.897011,264.0234,-0.615234,111,78.0469,0.00,1,0.00
14.898011,264.1113,-0.527344,111,78.0469,0.00,1,0.00
14.899012,264.1113,-0.527344,111,78.0469,0.00,1,0.00
14.900012,264.0234,-0.615234,111,78.0469,0.00,1,0.00
14.901012,264.0234,-0.615234,111,78.0469,0.00,1,0.00
14.902013,264.0234,-0.615234,111,78.0469,0.00,1,0.00
14.903013,264.1113,-0.527344,111,78.0469,0.00,1,0.00
14.904014,264.0234,-0.615234,111,78.0469,0.00,1,0.00
14.905014,264.1113,-0.527344,111,78.0469,0.00,1,0.00
14.906015,264.0234,-0.615234,111,78.0469,0.00,1,0.00
14.907016,264.0234,-0.615234,111,78.0469,0.00,1,0.00
14.908016,264.0234,-0.615234,111,78.0469,0.00,1,0.00
14.909017,264.0234,-0.615234,111,78.0469,0.00,1,0.00
14.910017,264.0234,-0.615234,111,78.0469,0.00,1,0.00
14.911017,264.0234,-0.615234,111,78.0469,0.00,1,0.00
14.912018,264.0234,-0.615234,111,78.0469,0.00,1,0.00
14.913018,264.0234,-0.615234,111,78.0469,0.00,1,0.00
14.914019,264.0234,-0.615234,111,78.0469,0.00,1,0.00
14.915019,264.0234,-0.615234,111,78.0469,0.00,1,0.00
14.916020,264.0234,-0.615234,111,78.0469,0.00,1,0.00
14.917021,264.0234,-0.615234,111,78.0469,0.00,1,0.00
14.918021,264.0234,-0.615234,111,78.0469,0.00,1,0.00
14.919022,264.0234,-0.615234,111,78.0469,0.00,1,0.00
14.920022,264.0234,-0.615234,111,78.0469,0.00,1,0.00
14.921022,264.0234,-0.615234,111,78.0469,0.00,1,0.00
14.922023,264.0234,-0.615234,111,78.0469,0.00,1,0.00
14.923023,264.0234,-0.615234,111,78.0469,0.00,1,0.00
14.924024,264.0234,-0.615234,111,78.0469,0.00,1,0.00
14.925024,264.0234,-0.615234,111,78.0469,0.00,1,0.00
14.926024,264.0234,-0.615234,111,78.0469,0.00,1,0.00
14.927025,264.0234,-0.615234,111,78.0469,0.00,1,0.00
14.928025,264.1113,-0.527344,111,78.0469,0.00,1,0.00
14.929026,264.0234,-0.615234,111,78.0469,0.00,1,0.00
14.930026,263.9355,-0.703125,111,78.0469,0.00,1,0.00
14.931027,263.9355,-0.703125,111,78.0469,0.00,1,0.00
14.932028,264.0234,-0.615234,111,78.0469,0.00,1,0.00
14.933028,264.0234,-0.615234,111,78.0469,0.00,1,0.00
14.934029,264.0234,-0.615234,111,78.0469,0.00,1,0.00
14.935029,263.9355,-0.703125,111,78.0469,0.00,1,0.00
14.936029,264.0234,-0.615234,111,78.0469,0.00,1,0.00
14.937030,264.0234,-0.615234,111,78.0469,0.00,1,0.00
14.938030,264.0234,-0.615234,111,78.0469,0.00,1,0.00
14.939031,264.0234,-0.615234,111,78.0469,0.00,1,0.00
14.940031,264.0234,-0.615234,111,78.0469,0.00,1,0.00
14.941032,264.0234,-0.615234,111,78.0469,0.00,1,0.00
14.942033,264.0234,-0.615234,111,78.0469,0.00,1,0.00
14.949283,264.1113,-0.527344,111,78.0469,0.00,1,0.00
14.950283,264.1113,-0.527344,111,78.0469,0.00,1,0.00
14.951284,264.0234,-0.615234,111,78.0469,0.00,1,0.00
14.952285,263.9355,-0.703125,111,78.0469,0.00,1,0.00
14.953285,263.9355,-0.703125,111,78.0469,0.00,1,0.00
14.954286,263.9355,-0.703125,111,78.0469,0.00,1,0.00
14.955286,264.0234,-0.615234,111,78.0469,0.00,1,0.00
14.956286,264.1113,-0.527344,111,78.0469,0.00,1,0.00
14.957287,264.1113,-0.527344,111,78.0469,0.00,1,0.00
14.958287,264.0234,-0.615234,111,78.0469,0.00,1,0.00
14.959288,264.0234,-0.615234,111,78.0469,0.00,1,0.00
14.960288,264.1113,-0.527344,111,78.0469,0.00,1,0.00
14.961289,264.0234,-0.615234,111,78.0469,0.00,1,0.00
14.962290,263.9355,-0.703125,111,78.0469,0.00,1,0.00
14.963290,264.0234,-0.615234,111,78.0469,0.00,1,0.00
14.964291,264.0234,-0.615234,111,78.0469,0.00,1,0.00
14.965291,264.0234,-0.615234,111,78.0469,0.00,1,0.00
14.966291,264.1113,-0.527344,111,78.0469,0.00,1,0.00
14.967292,264.0234,-0.615234,111,78.0469,0.00,1,0.00
14.968292,264.0234,-0.615234,111,78.0469,0.00,1,0.00
14.969293,264.1113,-0.527344,111,78.0469,0.00,1,0.00
14.970293,264.0234,-0.615234,111,78.0469,0.00,1,0.00
14.971294,264.0234,-0.615234,111,78.0469,0.00,1,0.00
14.972295,264.1113,-0.527344,111,78.0469,0.00,1,0.00
14.973295,264.1113,-0.527344,111,78.0469,0.00,1,0.00
14.974296,264.0234,-0.615234,111,78.0469,0.00,1,0.00
14.975296,264.1113,-0.527344,111,78.0469,0.00,1,0.00
14.976296,264.0234,-0.615234,111,78.0469,0.00,1,0.00
14.977297,264.0234,-0.615234,111,78.0469,0.00,1,0.00
14.978297,264.0234,-0.615234,111,78.0469,0.00,1,0.00
14.979298,264.0234,-0.615234,111,78.0469,0.00,1,0.00
14.980298,264.0234,-0.615234,111,78.0469,0.00,1,0.00
14.981299,264.0234,-0.615234,111,78.0469,0.00,1,0.00
14.982300,264.0234,-0.615234,111,78.0469,0.00,1,0.00
14.983300,264.0234,-0.615234,111,78.0469,0.00,1,0.00
14.984301,264.0234,-0.615234,111,78.0469,0.00,1,0.00
14.985301,264.0234,-0.615234,111,78.0469,0.00,1,0.00
14.986301,264.0234,-0.615234,111,78.0469,0.00,1,0.00
14.987302,264.0234,-0.615234,111,78.0469,0.00,1,0.00
14.988302,264.0234,-0.615234,111,78.0469,0.00,1,0.00
14.989303,264.0234,-0.615234,111,78.0469,0.00,1,0.00
14.990303,264.0234,-0.615234,111,78.0469,0.00,1,0.00
14.991304,264.0234,-0.615234,111,78.0469,0.00,1,0.00
14.992305,264.0234,-0.615234,111,78.0469,0.00,1,0.00
14.993305,264.1113,-0.527344,111,78.0469,0.00,1,0.00
14.994306,264.0234,-0.615234,111,78.0469,0.00,1,0.00
14.995306,264.0234,-0.615234,111,78.0469,0.00,1,0.00
14.996306,264.0234,-0.615234,111,78.0469,0.00,1,0.00
14.997307,264.0234,-0.615234,111,78.0469,0.00,1,0.00
14.998307,263.9355,-0.703125,111,78.0469,0.00,1,0.00
15.005581,264.0234,-0.615234,111,78.0469,0.00,1,0.00
15.006581,264.0234,-0.615234,111,78.0469,0.00,1,0.00
15.007582,264.0234,-0.615234,111,78.0469,0.00,1,0.00
15.008582,264.0234,-0.615234,111,78.0469,0.00,1,0.00
15.009583,264.0234,-0.615234,111,78.0469,0.00,1,0.00
15.010583,264.0234,-0.615234,111,78.0469,0.00,1,0.00
15.011583,264.0234,-0.615234,111,78.0469,0.00,1,0.00
15.012584,264.0234,-0.615234,111,78.0469,0.00,1,0.00
15.013584,264.1113,-0.527344,111,78.0469,0.00,1,0.00
15.014585,264.0234,-0.615234,111,78.0469,0.00,1,0.00
15.015585,264.0234,-0.615234,111,78.0469,0.00,1,0.00
15.016585,264.0234,-0.615234,111,78.0469,0.00,1,0.00
15.017586,264.0234,-0.615234,111,78.0469,0.00,1,0.00
15.018586,264.0234,-0.615234,111,78.0469,0.00,1,0.00
15.019587,264.1113,-0.527344,111,78.0469,0.00,1,0.00
15.020587,264.0234,-0.615234,111,78.0469,0.00,1,0.00
15.021587,264.0234,-0.615234,111,78.0469,0.00,1,0.00
15.022588,264.1113,-0.527344,111,78.0469,0.00,1,0.00
15.023588,264.0234,-0.615234,111,78.0469,0.00,1,0.00
15.024589,264.0234,-0.615234,111,78.0469,0.00,1,0.00
15.025589,264.0234,-0.615234,111,78.0469,0.00,1,0.00
15.026589,264.0234,-0.615234,111,78.0469,0.00,1,0.00
15.027590,264.0234,-0.615234,111,78.0469,0.00,1,0.00
15.028590,264.1113,-0.527344,111,78.0469,0.00,1,0.00
15.029591,264.0234,-0.615234,111,78.0469,0.00,1,0.00
15.030591,264.0234,-0.615234,111,78.0469,0.00,1,0.00
15.031591,264.0234,-0.615234,111,78.0469,0.00,1,0.00
15.032592,264.0234,-0.615234,111,78.0469,0.00,1,0.00
15.033592,264.0234,-0.615234,111,78.0469,0.00,1,0.00
15.034593,264.1113,-0.527344,111,78.0469,0.00,1,0.00
15.035593,264.1113,-0.527344,111,78.0469,0.00,1,0.00
15.036593,264.0234,-0.615234,111,78.0469,0.00,1,0.00
15.037594,264.0234,-0.615234,111,78.0469,0.00,1,0.00
15.038594,264.0234,-0.615234,111,78.0469,0.00,1,0.00
15.039595,263.9355,-0.703125,111,78.0469,0.00,1,0.00
15.040595,264.0234,-0.615234,111,78.0469,0.00,1,0.00
15.041596,264.0234,-0.615234,111,78.0469,0.00,1,0.00
15.042597,264.0234,-0.615234,111,78.0469,0.00,1,0.00
15.043597,264.0234,-0.615234,111,78.0469,0.00,1,0.00
15.044598,264.1113,-0.527344,111,78.0469,0.00,1,0.00
15.045598,264.1113,-0.527344,111,78.0469,0.00,1,0.00
15.046598,264.1113,-0.527344,111,78.0469,0.00,1,0.00
15.047599,264.1113,-0.527344,111,78.0469,0.00,1,0.00
15.048599,264.0234,-0.615234,111,78.0469,0.00,1,0.00
15.049600,263.9355,-0.703125,111,78.0469,0.00,1,0.00
15.050600,264.1113,-0.527344,111,78.0469,0.00,1,0.00
15.051601,264.1113,-0.527344,111,78.0469,0.00,1,0.00
15.052602,264.0234,-0.615234,111,78.0469,0.00,1,0.00
15.053602,264.0234,-0.615234,111,78.0469,0.00,1,0.00
15.054603,264.0234,-0.615234,111,78.0469,0.00,1,0.00
15.061882,264.0234,-0.615234,111,78.0469,0.00,1,0.00
15.062882,264.0234,-0.615234,111,78.0469,0.00,1,0.00
15.063883,264.1113,-0.527344,111,78.0469,0.00,1,0.00
15.064883,264.1113,-0.527344,111,78.0469,0.00,1,0.00
15.065884,264.1113,-0.527344,111,78.0469,0.00,1,0.00
15.066884,264.0234,-0.615234,111,78.0469,0.00,1,0.00
15.067885,264.0234,-0.615234,111,78.0469,0.00,1,0.00
15.068886,264.0234,-0.615234,111,78.0469,0.00,1,0.00
15.069886,264.0234,-0.615234,111,78.0469,0.00,1,0.00
15.070887,264.0234,-0.615234,111,78.0469,0.00,1,0.00
15.071887,264.0234,-0.615234,111,78.0469,0.00,1,0.00
15.072887,264.0234,-0.615234,111,78.0469,0.00,1,0.00
15.073888,264.0234,-0.615234,111,78.0469,0.00,1,0.00
15.074888,264.0234,-0.615234,111,78.0469,0.00,1,0.00
15.075889,264.0234,-0.615234,111,78.0469,0.00,1,0.00
15.076889,264.0234,-0.615234,111,78.0469,0.00,1,0.00
15.077890,264.0234,-0.615234,111,78.0469,0.00,1,0.00
15.078891,264.0234,-0.615234,111,78.0469,0.00,1,0.00
15.079891,264.1113,-0.527344,111,78.0469,0.00,1,0.00
15.080892,264.1113,-0.527344,111,78.0469,0.00,1,0.00
15.081892,264.0234,-0.615234,111,78.0469,0.00,1,0.00
15.082892,264.0234,-0.615234,111,78.0469,0.00,1,0.00
15.083893,264.0234,-0.615234,111,78.0469,0.00,1,0.00
15.084893,264.0234,-0.615234,111,78.0469,0.00,1,0.00
15.085894,264.1113,-0.527344,111,78.0469,0.00,1,0.00
15.086894,264.1113,-0.527344,111,78.0469,0.00,1,0.00
15.087895,264.0234,-0.615234,111,78.0469,0.00,1,0.00
15.088896,264.1113,-0.527344,111,78.0469,0.00,1,0.00
15.089896,264.1113,-0.527344,111,78.0469,0.00,1,0.00
15.090897,264.0234,-0.615234,111,78.0469,0.00,1,0.00
15.091897,264.0234,-0.615234,111,78.0469,0.00,1,0.00
15.092897,264.0234,-0.615234,111,78.0469,0.00,1,0.00
15.093898,264.0234,-0.615234,111,78.0469,0.00,1,0.00
15.094898,264.0234,-0.615234,111,78.0469,0.00,1,0.00
15.095899,264.1113,-0.527344,111,78.0469,0.00,1,0.00
15.096899,264.0234,-0.615234,111,78.0469,0.00,1,0.00
15.097899,264.0234,-0.615234,111,78.0469,0.00,1,0.00
15.098900,264.0234,-0.615234,111,78.0469,0.00,1,0.00
15.099900,264.0234,-0.615234,111,78.0469,0.00,1,0.00
15.100901,264.0234,-0.615234,111,78.0469,0.00,1,0.00
15.101901,264.0234,-0.615234,111,78.0469,0.00,1,0.00
15.102902,264.0234,-0.615234,111,78.0469,0.00,1,0.00
15.103903,264.0234,-0.615234,111,78.0469,0.00,1,0.00
15.104903,264.0234,-0.615234,111,78.0469,0.00,1,0.00
15.105904,264.0234,-0.615234,111,78.0469,0.00,1,0.00
15.106904,264.1113,-0.527344,111,78.0469,0.00,1,0.00
15.107904,264.1113,-0.527344,111,78.0469,0.00,1,0.00
15.108905,264.0234,-0.615234,111,78.0469,0.00,1,0.00
15.109905,264.0234,-0.615234,111,78.0469,0.00,1,0.00
15.110906,264.1113,-0.527344,111,78.0469,0.00,1,0.00
15.118638,264.0234,-0.615234,111,78.0469,0.00,1,0.00
15.119639,264.0234,-0.615234,111,78.0469,0.00,1,0.00
15.120640,264.0234,-0.615234,111,78.0469,0.00,1,0.00
15.121640,264.0234,-0.615234,111,78.0469,0.00,1,0.00
15.122641,264.0234,-0.615234,111,78.0469,0.00,1,0.00
15.123641,264.0234,-0.615234,111,78.0469,0.00,1,0.00
15.124641,264.0234,-0.615234,111,78.0469,0.00,1,0.00
15.125642,264.0234,-0.615234,111,78.0469,0.00,1,0.00
15.126642,264.0234,-0.615234,111,78.0469,0.00,1,0.00
15.127643,264.1113,-0.527344,111,78.0469,0.00,1,0.00
15.128643,264.1113,-0.527344,111,78.0469,0.00,1,0.00
15.129644,264.1113,-0.527344,111,78.0469,0.00,1,0.00
15.130645,264.1113,-0.527344,111,78.0469,0.00,1,0.00
15.131645,264.0234,-0.615234,111,78.0469,0.00,1,0.00
15.132646,264.0234,-0.615234,111,78.0469,0.00,1,0.00
15.133646,264.0234,-0.615234,111,78.0469,0.00,1,0.00
15.134646,263.9355,-0.703125,111,78.0469,0.00,1,0.00
15.135647,264.0234,-0.615234,111,78.0469,0.00,1,0.00
15.136647,264.1113,-0.527344,111,78.0469,0.00,1,0.00
15.137648,264.1113,-0.527344,111,78.0469,0.00,1,0.00
15.138648,264.1113,-0.527344,111,78.0469,0.00,1,0.00
15.139648,264.0234,-0.615234,111,78.0469,0.00,1,0.00
15.140649,264.0234,-0.615234,111,78.0469,0.00,1,0.00
15.141649,264.1113,-0.527344,111,78.0469,0.00,1,0.00
15.142650,264.1113,-0.527344,111,78.0469,0.00,1,0.00
15.143650,264.0234,-0.615234,111,78.0469,0.00,1,0.00
15.144651,264.0234,-0.615234,111,78.0469,0.00,1,0.00
15.145652,264.1113,-0.527344,111,78.0469,0.00,1,0.00
15.146652,264.1113,-0.527344,111,78.0469,0.00,1,0.00
15.147653,264.0234,-0.615234,111,78.0469,0.00,1,0.00
15.148653,264.1113,-0.527344,111,78.0469,0.00,1,0.00
15.149653,264.0234,-0.615234,111,78.0469,0.00,1,0.00
15.150654,264.0234,-0.615234,111,78.0469,0.00,1,0.00
15.151654,264.0234,-0.615234,111,78.0469,0.00,1,0.00
15.152655,264.0234,-0.615234,111,78.0469,0.00,1,0.00
15.153655,263.9355,-0.703125,111,78.0469,0.00,1,0.00
15.154656,263.9355,-0.703125,111,78.0469,0.00,1,0.00
15.155657,263.9355,-0.703125,111,78.0469,0.00,1,0.00
15.156657,264.0234,-0.615234,111,78.0469,0.00,1,0.00
15.157658,264.0234,-0.615234,111,78.0469,0.00,1,0.00
15.158658,264.0234,-0.615234,111,78.0469,0.00,1,0.00
15.159658,264.0234,-0.615234,111,78.0469,0.00,1,0.00
15.160659,264.0234,-0.615234,111,78.0469,0.00,1,0.00
15.161659,264.0234,-0.615234,111,78.0469,0.00,1,0.00
15.162660,264.0234,-0.615234,111,78.0469,0.00,1,0.00
15.163660,264.0234,-0.615234,111,78.0469,0.00,1,0.00
15.164661,264.0234,-0.615234,111,78.0469,0.00,1,0.00
15.165662,264.0234,-0.615234,111,78.0469,0.00,1,0.00
15.166662,264.0234,-0.615234,111,78.0469,0.00,1,0.00
15.167663,264.0234,-0.615234,111,78.0469,0.00,1,0.00
15.174891,264.1113,-0.527344,111,78.0469,0.00,1,0.00
15.175891,264.0234,-0.615234,111,78.0469,0.00,1,0.00
15.176891,264.0234,-0.615234,111,78.0469,0.00,1,0.00
15.177892,264.0234,-0.615234,111,78.0469,0.00,1,0.00
15.178892,264.0234,-0.615234,111,78.0469,0.00,1,0.00
15.179893,264.0234,-0.615234,111,78.0469,0.00,1,0.00
15.180893,264.0234,-0.615234,111,78.0469,0.00,1,0.00
15.181893,264.0234,-0.615234,111,78.0469,0.00,1,0.00
15.182894,264.0234,-0.615234,111,78.0469,0.00,1,0.00
15.183894,264.0234,-0.615234,111,78.0469,0.00,1,0.00
15.184895,264.0234,-0.615234,111,78.0469,0.00,1,0.00
15.185895,264.0234,-0.615234,111,78.0469,0.00,1,0.00
15.186895,264.0234,-0.615234,111,78.0469,0.00,1,0.00
15.187896,264.0234,-0.615234,111,78.0469,0.00,1,0.00
15.188896,264.0234,-0.615234,111,78.0469,0.00,1,0.00
15.189897,264.0234,-0.615234,111,78.0469,0.00,1,0.00
15.190897,264.0234,-0.615234,111,78.0469,0.00,1,0.00
15.191897,264.1113,-0.527344,111,78.0469,0.00,1,0.00
15.192898,264.0234,-0.615234,111,78.0469,0.00,1,0.00
15.193898,264.0234,-0.615234,111,78.0469,0.00,1,0.00
15.194899,264.1113,-0.527344,111,78.0469,0.00,1,0.00
15.195899,264.1113,-0.527344,111,78.0469,0.00,1,0.00
15.196899,264.0234,-0.615234,111,78.0469,0.00,1,0.00
15.197900,264.0234,-0.615234,111,78.0469,0.00,1,0.00
15.198900,264.0234,-0.615234,111,78.0469,0.00,1,0.00
15.199901,264.1113,-0.527344,111,78.0469,0.00,1,0.00
15.200901,264.1113,-0.527344,111,78.0469,0.00,1,0.00
15.201901,264.1113,-0.527344,111,78.0469,0.00,1,0.00
15.202902,264.0234,-0.615234,111,78.0469,0.00,1,0.00
15.203902,264.1113,-0.527344,111,78.0469,0.00,1,0.00
15.204903,264.1113,-0.527344,111,78.0469,0.00,1,0.00
15.205903,264.0234,-0.615234,111,78.0469,0.00,1,0.00
15.206904,264.1113,-0.527344,111,78.0469,0.00,1,0.00
15.207905,264.1113,-0.527344,111,78.0469,0.00,1,0.00
15.208905,264.0234,-0.615234,111,78.0469,0.00,1,0.00
15.209906,264.0234,-0.615234,111,78.0469,0.00,1,0.00
15.210906,264.0234,-0.615234,111,78.0469,0.00,1,0.00
15.211906,264.0234,-0.615234,111,78.0469,0.00,1,0.00
15.212907,264.0234,-0.615234,111,78.0469,0.00,1,0.00
15.213907,264.0234,-0.615234,111,78.0469,0.00,1,0.00
15.214908,264.1113,-0.527344,111,78.0469,0.00,1,0.00
15.215908,264.1113,-0.527344,111,78.0469,0.00,1,0.00
15.216909,264.0234,-0.615234,111,78.0469,0.00,1,0.00
15.217910,264.0234,-0.615234,111,78.0469,0.00,1,0.00
15.218910,264.0234,-0.615234,111,78.0469,0.00,1,0.00
15.219911,263.9355,-0.703125,111,78.0469,0.00,1,0.00
15.220911,264.0234,-0.615234,111,78.0469,0.00,1,0.00
15.221911,264.0234,-0.615234,111,78.0469,0.00,1,0.00
15.222912,264.0234,-0.615234,111,78.0469,0.00,1,0.00
15.223912,264.0234,-0.615234,111,78.0469,0.00,1,0.00
15.231161,264.1113,-0.527344,111,78.0469,0.00,1,0.00
15.232162,264.1113,-0.527344,111,78.0469,0.00,1,0.00
15.233162,264.0234,-0.615234,111,78.0469,0.00,1,0.00
15.234162,264.0234,-0.615234,111,78.0469,0.00,1,0.00
15.235163,264.0234,-0.615234,111,78.0469,0.00,1,0.00
15.236163,264.0234,-0.615234,111,78.0469,0.00,1,0.00
15.237164,264.0234,-0.615234,111,78.0469,0.00,1,0.00
15.238164,264.0234,-0.615234,111,78.0469,0.00,1,0.00
15.239164,264.0234,-0.615234,111,78.0469,0.00,1,0.00
15.240165,264.0234,-0.615234,111,78.0469,0.00,1,0.00
15.241165,264.1113,-0.527344,111,78.0469,0.00,1,0.00
15.242166,264.0234,-0.615234,111,78.0469,0.00,1,0.00
15.243166,264.0234,-0.615234,111,78.0469,0.00,1,0.00
15.244166,264.0234,-0.615234,111,78.0469,0.00,1,0.00
15.245167,264.0234,-0.615234,111,78.0469,0.00,1,0.00
15.246167,264.0234,-0.615234,111,78.0469,0.00,1,0.00
15.247168,264.0234,-0.615234,111,78.0469,0.00,1,0.00
15.248168,264.0234,-0.615234,111,78.0469,0.00,1,0.00
15.249168,264.0234,-0.615234,111,78.0469,0.00,1,0.00
15.250169,264.0234,-0.615234,111,78.0469,0.00,1,0.00
15.251169,264.0234,-0.615234,111,78.0469,0.00,1,0.00
15.252170,264.0234,-0.615234,111,78.0469,0.00,1,0.00
15.253170,264.0234,-0.615234,111,78.0469,0.00,1,0.00
15.254170,264.0234,-0.615234,111,78.0469,0.00,1,0.00
15.255171,264.0234,-0.615234,111,78.0469,0.00,1,0.00
15.256171,264.1113,-0.527344,111,78.0469,0.00,1,0.00
15.257172,264.0234,-0.615234,111,78.0469,0.00,1,0.00
15.258172,264.0234,-0.615234,111,78.0469,0.00,1,0.00
15.259173,264.1113,-0.527344,111,78.0469,0.00,1,0.00
15.260174,264.1113,-0.527344,111,78.0469,0.00,1,0.00
15.261174,264.0234,-0.615234,111,78.0469,0.00,1,0.00
15.262175,264.0234,-0.615234,111,78.0469,0.00,1,0.00
15.263175,264.0234,-0.615234,111,78.0469,0.00,1,0.00
15.264175,264.0234,-0.615234,111,78.0469,0.00,1,0.00
15.265176,264.1113,-0.527344,111,78.0469,0.00,1,0.00
15.266176,264.1113,-0.527344,111,78.0469,0.00,1,0.00
15.267177,264.1113,-0.527344,111,78.0469,0.00,1,0.00
15.268177,264.0234,-0.615234,111,78.0469,0.00,1,0.00
15.269177,264.0234,-0.615234,111,78.0469,0.00,1,0.00
15.270178,264.0234,-0.615234,111,78.0469,0.00,1,0.00
15.271178,264.0234,-0.615234,111,78.0469,0.00,1,0.00
15.272179,264.0234,-0.615234,111,78.0469,0.00,1,0.00
15.273179,264.0234,-0.615234,111,78.0469,0.00,1,0.00
15.274180,264.0234,-0.615234,111,78.0469,0.00,1,0.00
15.275181,264.0234,-0.615234,111,78.0469,0.00,1,0.00
15.276181,264.0234,-0.615234,111,78.0469,0.00,1,0.00
15.277182,264.0234,-0.615234,111,78.0469,0.00,1,0.00
15.278182,264.0234,-0.615234,111,78.0469,0.00,1,0.00
15.279182,264.0234,-0.615234,111,78.0469,0.00,1,0.00
15.280183,264.1113,-0.527344,111,78.0469,0.00,1,0.00
15.287433,264.1113,-0.527344,111,78.0469,0.00,1,0.00
15.288433,264.1113,-0.527344,111,78.0469,0.00,1,0.00
15.289434,264.1113,-0.527344,111,78.0469,0.00,1,0.00
15.290435,264.0234,-0.615234,111,78.0469,0.00,1,0.00
15.291435,264.0234,-0.615234,111,78.0469,0.00,1,0.00
15.292436,264.0234,-0.615234,111,78.0469,0.00,1,0.00
15.293436,263.9355,-0.703125,111,78.0469,0.00,1,0.00
15.294437,264.0234,-0.615234,111,78.0469,0.00,1,0.00
15.295438,264.0234,-0.615234,111,78.0469,0.00,1,0.00
15.296438,264.0234,-0.615234,111,78.0469,0.00,1,0.00
15.297439,264.0234,-0.615234,111,78.0469,0.00,1,0.00
15.298439,264.0234,-0.615234,111,78.0469,0.00,1,0.00
15.299439,264.0234,-0.615234,111,78.0469,0.00,1,0.00
15.300440,264.0234,-0.615234,111,78.0469,0.00,1,0.00
15.301440,264.0234,-0.615234,111,78.0469,0.00,1,0.00
15.302441,264.0234,-0.615234,111,78.0469,0.00,1,0.00
15.303441,264.1113,-0.527344,111,78.0469,0.00,1,0.00
15.304442,264.1113,-0.527344,111,78.0469,0.00,1,0.00
15.305443,264.0234,-0.615234,111,78.0469,0.00,1,0.00
15.306443,264.0234,-0.615234,111,78.0469,0.00,1,0.00
15.307444,264.0234,-0.615234,111,78.0469,0.00,1,0.00
15.308444,264.0234,-0.615234,111,78.0469,0.00,1,0.00
15.309444,263.9355,-0.703125,111,78.0469,0.00,1,0.00
15.310445,264.0234,-0.615234,111,78.0469,0.00,1,0.00
15.311445,264.0234,-0.615234,111,78.0469,0.00,1,0.00
15.312446,264.1113,-0.527344,111,78.0469,0.00,1,0.00
15.313446,264.1113,-0.527344,111,78.0469,0.00,1,0.00
15.314447,264.0234,-0.615234,111,78.0469,0.00,1,0.00
15.315448,264.0234,-0.615234,111,78.0469,0.00,1,0.00
15.316448,264.0234,-0.615234,111,78.0469,0.00,1,0.00
15.317449,264.0234,-0.615234,111,78.0469,0.00,1,0.00
15.318449,264.0234,-0.615234,111,78.0469,0.00,1,0.00
15.319449,264.0234,-0.615234,111,78.0469,0.00,1,0.00
15.320450,264.0234,-0.615234,111,78.0469,0.00,1,0.00
15.321450,264.0234,-0.615234,111,78.0469,0.00,1,0.00
15.322451,264.0234,-0.615234,111,78.0469,0.00,1,0.00
15.323451,264.0234,-0.615234,111,78.0469,0.00,1,0.00
15.324452,263.9355,-0.703125,111,78.0469,0.00,1,0.00
15.325453,263.9355,-0.703125,111,78.0469,0.00,1,0.00
15.326453,264.0234,-0.615234,111,78.0469,0.00,1,0.00
15.327454,264.0234,-0.615234,111,78.0469,0.00,1,0.00
15.328454,264.0234,-0.615234,111,78.0469,0.00,1,0.00
15.329454,264.0234,-0.615234,111,78.0469,0.00,1,0.00
15.330455,264.1113,-0.527344,111,78.0469,0.00,1,0.00
15.331455,264.0234,-0.615234,111,78.0469,0.00,1,0.00
15.332456,263.9355,-0.703125,111,78.0469,0.00,1,0.00
15.333456,263.9355,-0.703125,111,78.0469,0.00,1,0.00
15.334457,264.0234,-0.615234,111,78.0469,0.00,1,0.00
15.335458,264.1113,-0.527344,111,78.0469,0.00,1,0.00
15.336458,264.0234,-0.615234,111,78.0469,0.00,1,0.00
15.343732,263.9355,-0.703125,111,78.0469,0.00,1,0.00
15.344732,263.9355,-0.703125,111,78.0469,0.00,1,0.00
15.345733,264.0234,-0.615234,111,78.0469,0.00,1,0.00
15.346733,264.0234,-0.615234,111,78.0469,0.00,1,0.00
15.347733,264.0234,-0.615234,111,78.0469,0.00,1,0.00
15.348734,264.0234,-0.615234,111,78.0469,0.00,1,0.00
15.349734,264.0234,-0.615234,111,78.0469,0.00,1,0.00
15.350735,264.0234,-0.615234,111,78.0469,0.00,1,0.00
15.351735,264.0234,-0.615234,111,78.0469,0.00,1,0.00
15.352736,264.0234,-0.615234,111,78.0469,0.00,1,0.00
15.353736,264.1113,-0.527344,111,78.0469,0.00,1,0.00
15.354736,264.0234,-0.615234,111,78.0469,0.00,1,0.00
15.355737,264.1113,-0.527344,111,78.0469,0.00,1,0.00
15.356737,264.1113,-0.527344,111,78.0469,0.00,1,0.00
15.357738,264.1113,-0.527344,111,78.0469,0.00,1,0.00
15.358738,264.1113,-0.527344,111,78.0469,0.00,1,0.00
15.359738,264.0234,-0.615234,111,78.0469,0.00,1,0.00
15.360739,263.9355,-0.703125,111,78.0469,0.00,1,0.00
15.361739,264.0234,-0.615234,111,78.0469,0.00,1,0.00
15.362740,264.0234,-0.615234,111,78.0469,0.00,1,0.00
15.363740,264.0234,-0.615234,111,78.0469,0.00,1,0.00
15.364740,264.0234,-0.615234,111,78.0469,0.00,1,0.00
15.365741,263.9355,-0.703125,111,78.0469,0.00,1,0.00
15.366741,263.9355,-0.703125,111,78.0469,0.00,1,0.00
15.367742,264.0234,-0.615234,111,78.0469,0.00,1,0.00
15.368742,264.0234,-0.615234,111,78.0469,0.00,1,0.00
15.369742,264.0234,-0.615234,111,78.0469,0.00,1,0.00
15.370743,264.0234,-0.615234,111,78.0469,0.00,1,0.00
15.371743,264.0234,-0.615234,111,78.0469,0.00,1,0.00
15.372744,264.0234,-0.615234,111,78.0469,0.00,1,0.00
15.373744,264.0234,-0.615234,111,78.0469,0.00,1,0.00
15.374744,264.0234,-0.615234,111,78.0469,0.00,1,0.00
15.375745,264.1113,-0.527344,111,78.0469,0.00,1,0.00
15.376745,264.1113,-0.527344,111,78.0469,0.00,1,0.00
15.377746,264.0234,-0.615234,111,78.0469,0.00,1,0.00
15.378746,264.1113,-0.527344,111,78.0469,0.00,1,0.00
15.379746,264.0234,-0.615234,111,78.0469,0.00,1,0.00
15.380747,264.1113,-0.527344,111,78.0469,0.00,1,0.00
15.381747,264.1113,-0.527344,111,78.0469,0.00,1,0.00
15.382748,264.0234,-0.615234,111,78.0469,0.00,1,0.00
15.383748,264.0234,-0.615234,111,78.0469,0.00,1,0.00
15.384749,264.1113,-0.527344,111,78.0469,0.00,1,0.00
15.385750,264.0234,-0.615234,111,78.0469,0.00,1,0.00
15.386750,264.0234,-0.615234,111,78.0469,0.00,1,0.00
15.387751,264.1113,-0.527344,111,78.0469,0.00,1,0.00
15.388751,264.1113,-0.527344,111,78.0469,0.00,1,0.00
15.389751,264.1113,-0.527344,111,78.0469,0.00,1,0.00
15.390752,264.1113,-0.527344,111,78.0469,0.00,1,0.00
15.391752,264.1113,-0.527344,111,78.0469,0.00,1,0.00
15.392753,264.0234,-0.615234,111,78.0469,0.00,1,0.00
15.400030,264.0234,-0.615234,111,78.0469,0.00,1,0.00
15.401031,264.1113,-0.527344,111,78.0469,0.00,1,0.00
15.402031,264.1113,-0.527344,111,78.0469,0.00,1,0.00
15.403031,264.0234,-0.615234,111,78.0469,0.00,1,0.00
15.404032,264.1113,-0.527344,111,78.0469,0.00,1,0.00
15.405032,264.0234,-0.615234,111,78.0469,0.00,1,0.00
15.406033,264.0234,-0.615234,111,78.0469,0.00,1,0.00
15.407033,264.0234,-0.615234,111,78.0469,0.00,1,0.00
15.408033,264.0234,-0.615234,111,78.0469,0.00,1,0.00
15.409034,264.0234,-0.615234,111,78.0469,0.00,1,0.00
15.410034,264.0234,-0.615234,111,78.0469,0.00,1,0.00
15.411035,264.0234,-0.615234,111,78.0469,0.00,1,0.00
15.412035,264.0234,-0.615234,111,78.0469,0.00,1,0.00
15.413035,264.0234,-0.615234,111,78.0469,0.00,1,0.00
15.414036,264.0234,-0.615234,111,78.0469,0.00,1,0.00
15.415036,264.0234,-0.615234,111,78.0469,0.00,1,0.00
15.416037,264.0234,-0.615234,111,78.0469,0.00,1,0.00
15.417037,264.0234,-0.615234,111,78.0469,0.00,1,0.00
15.418037,264.0234,-0.615234,111,78.0469,0.00,1,0.00
15.419038,264.0234,-0.615234,111,78.0469,0.00,1,0.00
15.420038,264.0234,-0.615234,111,78.0469,0.00,1,0.00
15.421039,264.0234,-0.615234,111,78.0469,0.00,1,0.00
15.422039,264.0234,-0.615234,111,78.0469,0.00,1,0.00
15.423039,264.1113,-0.527344,111,78.0469,0.00,1,0.00
15.424040,264.1113,-0.527344,111,78.0469,0.00,1,0.00
15.425040,264.0234,-0.615234,111,78.0469,0.00,1,0.00
15.426041,264.0234,-0.615234,111,78.0469,0.00,1,0.00
15.427041,263.9355,-0.703125,111,78.0469,0.00,1,0.00
15.428042,264.0234,-0.615234,111,78.0469,0.00,1,0.00
15.429043,264.1113,-0.527344,111,78.0469,0.00,1,0.00
15.430043,264.1113,-0.527344,111,78.0469,0.00,1,0.00
15.431044,264.1113,-0.527344,111,78.0469,0.00,1,0.00
15.432044,264.0234,-0.615234,111,78.0469,0.00,1,0.00
15.433044,264.0234,-0.615234,111,78.0469,0.00,1,0.00
15.434045,264.0234,-0.615234,111,78.0469,0.00,1,0.00
15.435045,264.1113,-0.527344,111,78.0469,0.00,1,0.00
15.436046,264.0234,-0.615234,111,78.0469,0.00,1,0.00
15.437046,264.0234,-0.615234,111,78.0469,0.00,1,0.00
15.438047,264.1113,-0.527344,111,78.0469,0.00,1,0.00
15.439048,264.1113,-0.527344,111,78.0469,0.00,1,0.00
15.440048,264.0234,-0.615234,111,78.0469,0.00,1,0.00
15.441049,263.9355,-0.703125,111,78.0469,0.00,1,0.00
15.442049,263.9355,-0.703125,111,78.0469,0.00,1,0.00
15.443049,264.0234,-0.615234,111,78.0469,0.00,1,0.00
15.444050,264.0234,-0.615234,111,78.0469,0.00,1,0.00
15.445050,264.0234,-0.615234,111,78.0469,0.00,1,0.00
15.446051,264.0234,-0.615234,111,78.0469,0.00,1,0.00
15.447051,264.0234,-0.615234,111,78.0469,0.00,1,0.00
15.448052,264.1113,-0.527344,111,78.0469,0.00,1,0.00
15.449053,264.1113,-0.527344,111,78.0469,0.00,1,0.00
15.456909,264.1113,-0.527344,111,78.0469,0.00,1,0.00
15.457910,264.1113,-0.527344,111,78.0469,0.00,1,0.00
15.458910,264.1113,-0.527344,111,78.0469,0.00,1,0.00
15.459910,264.0234,-0.615234,111,78.0469,0.00,1,0.00
15.460911,264.0234,-0.615234,111,78.0469,0.00,1,0.00
15.461911,264.0234,-0.615234,111,78.0469,0.00,1,0.00
15.462912,264.0234,-0.615234,111,78.0469,0.00,1,0.00
15.463912,264.0234,-0.615234,111,78.0469,0.00,1,0.00
15.464912,264.0234,-0.615234,111,78.0469,0.00,1,0.00
15.465913,264.0234,-0.615234,111,78.0469,0.00,1,0.00
15.466913,264.0234,-0.615234,111,78.0469,0.00,1,0.00
15.467914,264.0234,-0.615234,111,78.0469,0.00,1,0.00
15.468914,264.0234,-0.615234,111,78.0469,0.00,1,0.00
15.469914,264.1113,-0.527344,111,78.0469,0.00,1,0.00
15.470915,264.1113,-0.527344,111,78.0469,0.00,1,0.00
15.471915,264.0234,-0.615234,111,78.0469,0.00,1,0.00
15.472916,264.1113,-0.527344,111,78.0469,0.00,1,0.00
15.473916,264.0234,-0.615234,111,78.0469,0.00,1,0.00
15.474917,264.0234,-0.615234,111,78.0469,0.00,1,0.00
15.475918,263.9355,-0.703125,111,78.0469,0.00,1,0.00
15.476918,263.9355,-0.703125,111,78.0469,0.00,1,0.00
15.477919,264.0234,-0.615234,111,78.0469,0.00,1,0.00
15.478919,264.0234,-0.615234,111,78.0469,0.00,1,0.00
15.479919,264.0234,-0.615234,111,78.0469,0.00,1,0.00
15.480920,264.0234,-0.615234,111,78.0469,0.00,1,0.00
15.481920,264.1113,-0.527344,111,78.0469,0.00,1,0.00
15.482921,264.0234,-0.615234,111,78.0469,0.00,1,0.00
15.483921,264.0234,-0.615234,111,78.0469,0.00,1,0.00
15.484922,264.0234,-0.615234,111,78.0469,0.00,1,0.00
15.485923,264.0234,-0.615234,111,78.0469,0.00,1,0.00
15.486923,264.1113,-0.527344,111,78.0469,0.00,1,0.00
15.487924,264.0234,-0.615234,111,78.0469,0.00,1,0.00
15.488924,264.0234,-0.615234,111,78.0469,0.00,1,0.00
15.489924,264.0234,-0.615234,111,78.0469,0.00,1,0.00
15.490925,264.0234,-0.615234,111,78.0469,0.00,1,0.00
15.491925,264.0234,-0.615234,111,78.0469,0.00,1,0.00
15.492926,264.0234,-0.615234,111,78.0469,0.00,1,0.00
15.493926,264.0234,-0.615234,111,78.0469,0.00,1,0.00
15.494927,264.0234,-0.615234,111,78.0469,0.00,1,0.00
15.495928,264.0234,-0.615234,111,78.0469,0.00,1,0.00
15.496928,264.0234,-0.615234,111,78.0469,0.00,1,0.00
15.497929,264.0234,-0.615234,111,78.0469,0.00,1,0.00
15.498929,264.0234,-0.615234,111,78.0469,0.00,1,0.00
15.499929,264.0234,-0.615234,111,78.0469,0.00,1,0.00
15.500930,264.0234,-0.615234,111,78.0469,0.00,1,0.00
15.501930,264.0234,-0.615234,111,78.0469,0.00,1,0.00
15.502931,264.0234,-0.615234,111,78.0469,0.00,1,0.00
15.503931,264.1113,-0.527344,111,78.0469,0.00,1,0.00
15.504932,264.0234,-0.615234,111,78.0469,0.00,1,0.00
15.505933,264.1113,-0.527344,111,78.0469,0.00,1,0.00
15.513161,264.0234,-0.615234,111,78.0469,0.00,1,0.00
15.514161,264.1113,-0.527344,111,78.0469,0.00,1,0.00
15.515162,264.1113,-0.527344,111,78.0469,0.00,1,0.00
15.516162,264.1113,-0.527344,111,78.0469,0.00,1,0.00
15.517162,264.1113,-0.527344,111,78.0469,0.00,1,0.00
15.518163,264.0234,-0.615234,111,78.0469,0.00,1,0.00
15.519163,264.0234,-0.615234,111,78.0469,0.00,1,0.00
15.520164,264.1113,-0.527344,111,78.0469,0.00,1,0.00
15.521164,264.0234,-0.615234,111,78.0469,0.00,1,0.00
15.522164,264.0234,-0.615234,111,78.0469,0.00,1,0.00
15.523165,264.0234,-0.615234,111,78.0469,0.00,1,0.00
15.524165,264.0234,-0.615234,111,78.0469,0.00,1,0.00
15.525166,264.0234,-0.615234,111,78.0469,0.00,1,0.00
15.526166,264.0234,-0.615234,111,78.0469,0.00,1,0.00
15.527166,264.0234,-0.615234,111,78.0469,0.00,1,0.00
15.528167,264.0234,-0.615234,111,78.0469,0.00,1,0.00
15.529167,264.1113,-0.527344,111,78.0469,0.00,1,0.00
15.530168,264.0234,-0.615234,111,78.0469,0.00,1,0.00
15.531168,264.0234,-0.615234,111,78.0469,0.00,1,0.00
15.532168,264.0234,-0.615234,111,78.0469,0.00,1,0.00
15.533169,264.0234,-0.615234,111,78.0469,0.00,1,0.00
15.534169,264.1113,-0.527344,111,78.0469,0.00,1,0.00
15.535170,264.0234,-0.615234,111,78.0469,0.00,1,0.00
15.536170,264.0234,-0.615234,111,78.0469,0.00,1,0.00
15.537170,264.1113,-0.527344,111,78.0469,0.00,1,0.00
15.538171,264.0234,-0.615234,111,78.0469,0.00,1,0.00
15.539171,264.0234,-0.615234,111,78.0469,0.00,1,0.00
15.540172,264.0234,-0.615234,111,78.0469,0.00,1,0.00
15.541172,264.0234,-0.615234,111,78.0469,0.00,1,0.00
15.542172,264.0234,-0.615234,111,78.0469,0.00,1,0.00
15.543173,264.0234,-0.615234,111,78.0469,0.00,1,0.00
15.544173,264.0234,-0.615234,111,78.0469,0.00,1,0.00
15.545174,264.0234,-0.615234,111,78.0469,0.00,1,0.00
15.546174,264.0234,-0.615234,111,78.0469,0.00,1,0.00
15.547175,264.0234,-0.615234,111,78.0469,0.00,1,0.00
15.548176,264.0234,-0.615234,111,78.0469,0.00,1,0.00
15.549176,264.0234,-0.615234,111,78.0469,0.00,1,0.00
15.550177,264.0234,-0.615234,111,78.0469,0.00,1,0.00
15.551177,264.0234,-0.615234,111,78.0469,0.00,1,0.00
15.552177,264.0234,-0.615234,111,78.0469,0.00,1,0.00
15.553178,264.1113,-0.527344,111,78.0469,0.00,1,0.00
15.554178,264.0234,-0.615234,111,78.0469,0.00,1,0.00
15.555179,263.9355,-0.703125,111,78.0469,0.00,1,0.00
15.556179,264.0234,-0.615234,111,78.0469,0.00,1,0.00
15.557180,264.0234,-0.615234,111,78.0469,0.00,1,0.00
15.558181,264.1113,-0.527344,111,78.0469,0.00,1,0.00
15.559181,264.1113,-0.527344,111,78.0469,0.00,1,0.00
15.560182,264.1113,-0.527344,111,78.0469,0.00,1,0.00
15.561182,264.1113,-0.527344,111,78.0469,0.00,1,0.00
15.562182,264.0234,-0.615234,111,78.0469,0.00,1,0.00
15.569406,264.0234,-0.615234,111,78.0469,0.00,1,0.00
15.570406,264.0234,-0.615234,111,78.0469,0.00,1,0.00
15.571406,264.1113,-0.527344,111,78.0469,0.00,1,0.00
15.572407,264.1113,-0.527344,111,78.0469,0.00,1,0.00
15.573407,264.0234,-0.615234,111,78.0469,0.00,1,0.00
15.574408,263.9355,-0.703125,111,78.0469,0.00,1,0.00
15.575408,264.0234,-0.615234,111,78.0469,0.00,1,0.00
15.576408,264.1113,-0.527344,111,78.0469,0.00,1,0.00
15.577409,264.0234,-0.615234,111,78.0469,0.00,1,0.00
15.578409,264.0234,-0.615234,111,78.0469,0.00,1,0.00
15.579410,263.9355,-0.703125,111,78.0469,0.00,1,0.00
15.580410,264.0234,-0.615234,111,78.0469,0.00,1,0.00
15.581410,264.0234,-0.615234,111,78.0469,0.00,1,0.00
15.582411,264.0234,-0.615234,111,78.0469,0.00,1,0.00
15.583411,264.0234,-0.615234,111,78.0469,0.00,1,0.00
15.584412,264.0234,-0.615234,111,78.0469,0.00,1,0.00
15.585412,264.1113,-0.527344,111,78.0469,0.00,1,0.00
15.586412,264.1113,-0.527344,111,78.0469,0.00,1,0.00
15.587413,264.0234,-0.615234,111,78.0469,0.00,1,0.00
15.588413,264.0234,-0.615234,111,78.0469,0.00,1,0.00
15.589414,263.9355,-0.703125,111,78.0469,0.00,1,0.00
15.590414,264.0234,-0.615234,111,78.0469,0.00,1,0.00
15.591415,264.0234,-0.615234,111,78.0469,0.00,1,0.00
15.592416,264.1113,-0.527344,111,78.0469,0.00,1,0.00
15.593416,264.0234,-0.615234,111,78.0469,0.00,1,0.00
15.594417,263.9355,-0.703125,111,78.0469,0.00,1,0.00
15.595417,264.0234,-0.615234,111,78.0469,0.00,1,0.00
15.596417,263.9355,-0.703125,111,78.0469,0.00,1,0.00
15.597418,264.0234,-0.615234,111,78.0469,0.00,1,0.00
15.598418,264.0234,-0.615234,111,78.0469,0.00,1,0.00
15.599419,264.0234,-0.615234,111,78.0469,0.00,1,0.00
15.600419,264.0234,-0.615234,111,78.0469,0.00,1,0.00
15.601420,264.0234,-0.615234,111,78.0469,0.00,1,0.00
15.602421,264.0234,-0.615234,111,78.0469,0.00,1,0.00
15.603421,264.0234,-0.615234,111,78.0469,0.00,1,0.00
15.604422,264.1113,-0.527344,111,78.0469,0.00,1,0.00
15.605422,264.0234,-0.615234,111,78.0469,0.00,1,0.00
15.606422,264.0234,-0.615234,111,78.0469,0.00,1,0.00
15.607423,264.0234,-0.615234,111,78.0469,0.00,1,0.00
15.608423,264.1113,-0.527344,111,78.0469,0.00,1,0.00
15.609424,264.1113,-0.527344,111,78.0469,0.00,1,0.00
15.610424,264.1113,-0.527344,111,78.0469,0.00,1,0.00
15.611425,264.1113,-0.527344,111,78.0469,0.00,1,0.00
15.612426,264.0234,-0.615234,111,78.0469,0.00,1,0.00
15.613426,263.9355,-0.703125,111,78.0469,0.00,1,0.00
15.614427,263.9355,-0.703125,111,78.0469,0.00,1,0.00
15.615427,264.1113,-0.527344,111,78.0469,0.00,1,0.00
15.616427,264.1113,-0.527344,111,78.0469,0.00,1,0.00
15.617428,264.0234,-0.615234,111,78.0469,0.00,1,0.00
15.618428,264.0234,-0.615234,111,78.0469,0.00,1,0.00
15.625708,264.0234,-0.615234,111,78.0469,0.00,1,0.00
15.626708,264.0234,-0.615234,111,78.0469,0.00,1,0.00
15.627708,264.0234,-0.615234,111,78.0469,0.00,1,0.00
15.628709,264.0234,-0.615234,111,78.0469,0.00,1,0.00
15.629709,264.0234,-0.615234,111,78.0469,0.00,1,0.00
15.630710,264.0234,-0.615234,111,78.0469,0.00,1,0.00
15.631710,264.1113,-0.527344,111,78.0469,0.00,1,0.00
15.632711,264.1113,-0.527344,111,78.0469,0.00,1,0.00
15.633712,264.1113,-0.527344,111,78.0469,0.00,1,0.00
15.634712,264.0234,-0.615234,111,78.0469,0.00,1,0.00
15.635713,264.0234,-0.615234,111,78.0469,0.00,1,0.00
15.636713,264.0234,-0.615234,111,78.0469,0.00,1,0.00
15.637713,264.1113,-0.527344,111,78.0469,0.00,1,0.00
15.638714,264.1113,-0.527344,111,78.0469,0.00,1,0.00
15.639714,264.1113,-0.527344,111,78.0469,0.00,1,0.00
15.640715,264.0234,-0.615234,111,78.0469,0.00,1,0.00
15.641715,264.0234,-0.615234,111,78.0469,0.00,1,0.00
15.642716,263.9355,-0.703125,111,78.0469,0.00,1,0.00
15.643717,263.9355,-0.703125,111,78.0469,0.00,1,0.00
15.644717,264.0234,-0.615234,111,78.0469,0.00,1,0.00
15.645718,264.0234,-0.615234,111,78.0469,0.00,1,0.00
15.646718,264.0234,-0.615234,111,78.0469,0.00,1,0.00
15.647718,264.0234,-0.615234,111,78.0469,0.00,1,0.00
15.648719,264.1113,-0.527344,111,78.0469,0.00,1,0.00
15.649719,264.1113,-0.527344,111,78.0469,0.00,1,0.00
15.650720,264.1113,-0.527344,111,78.0469,0.00,1,0.00
15.651720,264.1113,-0.527344,111,78.0469,0.00,1,0.00
15.652721,264.0234,-0.615234,111,78.0469,0.00,1,0.00
15.653722,264.0234,-0.615234,111,78.0469,0.00,1,0.00
15.654722,264.0234,-0.615234,111,78.0469,0.00,1,0.00
15.655723,264.0234,-0.615234,111,78.0469,0.00,1,0.00
15.656723,264.0234,-0.615234,111,78.0469,0.00,1,0.00
15.657723,264.1113,-0.527344,111,78.0469,0.00,1,0.00
15.658724,264.1113,-0.527344,111,78.0469,0.00,1,0.00
15.659724,264.1113,-0.527344,111,78.0469,0.00,1,0.00
15.660725,264.1113,-0.527344,111,78.0469,0.00,1,0.00
15.661725,264.0234,-0.615234,111,78.0469,0.00,1,0.00
15.662726,264.0234,-0.615234,111,78.0469,0.00,1,0.00
15.663727,263.9355,-0.703125,111,78.0469,0.00,1,0.00
15.664727,263.9355,-0.703125,111,78.0469,0.00,1,0.00
15.665728,264.0234,-0.615234,111,78.0469,0.00,1,0.00
15.666728,264.0234,-0.615234,111,78.0469,0.00,1,0.00
15.667728,264.0234,-0.615234,111,78.0469,0.00,1,0.00
15.668729,264.0234,-0.615234,111,78.0469,0.00,1,0.00
15.669729,264.1113,-0.527344,111,78.0469,0.00,1,0.00
15.670730,264.1113,-0.527344,111,78.0469,0.00,1,0.00
15.671730,264.0234,-0.615234,111,78.0469,0.00,1,0.00
15.672731,264.0234,-0.615234,111,78.0469,0.00,1,0.00
15.673732,264.0234,-0.615234,111,78.0469,0.00,1,0.00
15.674732,264.0234,-0.615234,111,78.0469,0.00,1,0.00
15.682013,264.0234,-0.615234,111,78.0469,0.00,1,0.00
15.683013,264.0234,-0.615234,111,78.0469,0.00,1,0.00
15.684013,264.0234,-0.615234,111,78.0469,0.00,1,0.00
15.685014,264.0234,-0.615234,111,78.0469,0.00,1,0.00
15.686014,264.0234,-0.615234,111,78.0469,0.00,1,0.00
15.687015,264.0234,-0.615234,111,78.0469,0.00,1,0.00
15.688015,264.1113,-0.527344,111,78.0469,0.00,1,0.00
15.689015,264.1113,-0.527344,111,78.0469,0.00,1,0.00
15.690016,264.0234,-0.615234,111,78.0469,0.00,1,0.00
15.691016,264.0234,-0.615234,111,78.0469,0.00,1,0.00
15.692017,264.0234,-0.615234,111,78.0469,0.00,1,0.00
15.693017,264.0234,-0.615234,111,78.0469,0.00,1,0.00
15.694017,264.0234,-0.615234,111,78.0469,0.00,1,0.00
15.695018,264.0234,-0.615234,111,78.0469,0.00,1,0.00
15.696018,264.0234,-0.615234,111,78.0469,0.00,1,0.00
15.697019,264.0234,-0.615234,111,78.0469,0.00,1,0.00
15.698019,263.9355,-0.703125,111,78.0469,0.00,1,0.00
15.699019,264.0234,-0.615234,111,78.0469,0.00,1,0.00
15.700020,264.0234,-0.615234,111,78.0469,0.00,1,0.00
15.701020,264.0234,-0.615234,111,78.0469,0.00,1,0.00
15.702021,264.0234,-0.615234,111,78.0469,0.00,1,0.00
15.703021,264.0234,-0.615234,111,78.0469,0.00,1,0.00
15.704022,264.0234,-0.615234,111,78.0469,0.00,1,0.00
15.705023,264.0234,-0.615234,111,78.0469,0.00,1,0.00
15.706023,264.0234,-0.615234,111,78.0469,0.00,1,0.00
15.707024,264.0234,-0.615234,111,78.0469,0.00,1,0.00
15.708024,264.0234,-0.615234,111,78.0469,0.00,1,0.00
15.709024,264.0234,-0.615234,111,78.0469,0.00,1,0.00
15.710025,264.0234,-0.615234,111,78.0469,0.00,1,0.00
15.711025,264.0234,-0.615234,111,78.0469,0.00,1,0.00
15.712026,263.9355,-0.703125,111,78.0469,0.00,1,0.00
15.713026,264.0234,-0.615234,111,78.0469,0.00,1,0.00
15.714027,264.0234,-0.615234,111,78.0469,0.00,1,0.00
15.715028,264.0234,-0.615234,111,78.0469,0.00,1,0.00
15.716028,264.0234,-0.615234,111,78.0469,0.00,1,0.00
15.717029,264.0234,-0.615234,111,78.0469,0.00,1,0.00
15.718029,264.0234,-0.615234,111,78.0469,0.00,1,0.00
15.719029,263.9355,-0.703125,111,78.0469,0.00,1,0.00
15.720030,263.9355,-0.703125,111,78.0469,0.00,1,0.00
15.721030,264.0234,-0.615234,111,78.0469,0.00,1,0.00
15.722031,264.0234,-0.615234,111,78.0469,0.00,1,0.00
15.723031,263.9355,-0.703125,111,78.0469,0.00,1,0.00
15.724032,263.9355,-0.703125,111,78.0469,0.00,1,0.00
15.725033,264.0234,-0.615234,111,78.0469,0.00,1,0.00
15.726033,264.0234,-0.615234,111,78.0469,0.00,1,0.00
15.727034,264.0234,-0.615234,111,78.0469,0.00,1,0.00
15.728034,264.0234,-0.615234,111,78.0469,0.00,1,0.00
15.729034,264.0234,-0.615234,111,78.0469,0.00,1,0.00
15.730035,264.0234,-0.615234,111,78.0469,0.00,1,0.00
15.731035,264.0234,-0.615234,111,78.0469,0.00,1,0.00
15.738312,264.0234,-0.615234,111,78.0469,0.00,1,0.00
15.739312,264.1113,-0.527344,111,78.0469,0.00,1,0.00
15.740313,264.1113,-0.527344,111,78.0469,0.00,1,0.00
15.741313,264.0234,-0.615234,111,78.0469,0.00,1,0.00
15.742313,264.0234,-0.615234,111,78.0469,0.00,1,0.00
15.743314,264.0234,-0.615234,111,78.0469,0.00,1,0.00
15.744314,264.1113,-0.527344,111,78.0469,0.00,1,0.00
15.745315,264.1113,-0.527344,111,78.0469,0.00,1,0.00
15.746315,264.1113,-0.527344,111,78.0469,0.00,1,0.00
15.747315,264.0234,-0.615234,111,78.0469,0.00,1,0.00
15.748316,264.0234,-0.615234,111,78.0469,0.00,1,0.00
15.749316,264.0234,-0.615234,111,78.0469,0.00,1,0.00
15.750317,264.0234,-0.615234,111,78.0469,0.00,1,0.00
15.751317,264.0234,-0.615234,111,78.0469,0.00,1,0.00
15.752317,264.0234,-0.615234,111,78.0469,0.00,1,0.00
15.753318,264.1113,-0.527344,111,78.0469,0.00,1,0.00
15.754318,264.0234,-0.615234,111,78.0469,0.00,1,0.00
15.755319,264.0234,-0.615234,111,78.0469,0.00,1,0.00
15.756319,264.0234,-0.615234,111,78.0469,0.00,1,0.00
15.757320,264.0234,-0.615234,111,78.0469,0.00,1,0.00
15.758321,264.1113,-0.527344,111,78.0469,0.00,1,0.00
15.759321,264.0234,-0.615234,111,78.0469,0.00,1,0.00
15.760322,264.0234,-0.615234,111,78.0469,0.00,1,0.00
15.761322,264.0234,-0.615234,111,78.0469,0.00,1,0.00
15.762322,264.0234,-0.615234,111,78.0469,0.00,1,0.00
15.763323,264.0234,-0.615234,111,78.0469,0.00,1,0.00
15.764323,264.0234,-0.615234,111,78.0469,0.00,1,0.00
15.765324,264.0234,-0.615234,111,78.0469,0.00,1,0.00
15.766324,263.9355,-0.703125,111,78.0469,0.00,1,0.00
15.767325,264.0234,-0.615234,111,78.0469,0.00,1,0.00
15.768326,264.1113,-0.527344,111,78.0469,0.00,1,0.00
15.769326,264.1113,-0.527344,111,78.0469,0.00,1,0.00
15.770327,264.0234,-0.615234,111,78.0469,0.00,1,0.00
15.771327,264.0234,-0.615234,111,78.0469,0.00,1,0.00
15.772327,264.0234,-0.615234,111,78.0469,0.00,1,0.00
15.773328,264.1113,-0.527344,111,78.0469,0.00,1,0.00
15.774328,264.0234,-0.615234,111,78.0469,0.00,1,0.00
15.775329,264.0234,-0.615234,111,78.0469,0.00,1,0.00
15.776329,264.0234,-0.615234,111,78.0469,0.00,1,0.00
15.777330,264.0234,-0.615234,111,78.0469,0.00,1,0.00
15.778331,264.1113,-0.527344,111,78.0469,0.00,1,0.00
15.779331,264.0234,-0.615234,111,78.0469,0.00,1,0.00
15.780332,264.0234,-0.615234,111,78.0469,0.00,1,0.00
15.781332,264.0234,-0.615234,111,78.0469,0.00,1,0.00
15.782332,264.0234,-0.615234,111,78.0469,0.00,1,0.00
15.783333,264.0234,-0.615234,111,78.0469,0.00,1,0.00
15.784333,264.1113,-0.527344,111,78.0469,0.00,1,0.00
15.785334,264.0234,-0.615234,111,78.0469,0.00,1,0.00
15.786334,264.0234,-0.615234,111,78.0469,0.00,1,0.00
15.787335,264.0234,-0.615234,111,78.0469,0.00,1,0.00
15.795068,264.1113,-0.527344,111,78.0469,0.00,1,0.00
15.796068,264.0234,-0.615234,111,78.0469,0.00,1,0.00
15.797069,264.0234,-0.615234,111,78.0469,0.00,1,0.00
15.798069,264.0234,-0.615234,111,78.0469,0.00,1,0.00
15.799069,264.1113,-0.527344,111,78.0469,0.00,1,0.00
15.800070,264.0234,-0.615234,111,78.0469,0.00,1,0.00
15.801070,264.0234,-0.615234,111,78.0469,0.00,1,0.00
15.802071,263.9355,-0.703125,111,78.0469,0.00,1,0.00
15.803071,264.0234,-0.615234,111,78.0469,0.00,1,0.00
15.804071,264.0234,-0.615234,111,78.0469,0.00,1,0.00
15.805072,264.0234,-0.615234,111,78.0469,0.00,1,0.00
15.806072,264.0234,-0.615234,111,78.0469,0.00,1,0.00
15.807073,264.0234,-0.615234,111,78.0469,0.00,1,0.00
15.808073,264.1113,-0.527344,111,78.0469,0.00,1,0.00
15.809074,264.1113,-0.527344,111,78.0469,0.00,1,0.00
15.810075,264.1113,-0.527344,111,78.0469,0.00,1,0.00
15.811075,264.0234,-0.615234,111,78.0469,0.00,1,0.00
15.812076,264.0234,-0.615234,111,78.0469,0.00,1,0.00
15.813076,264.0234,-0.615234,111,78.0469,0.00,1,0.00
15.814076,263.9355,-0.703125,111,78.0469,0.00,1,0.00
15.815077,264.0234,-0.615234,111,78.0469,0.00,1,0.00
15.816077,264.0234,-0.615234,111,78.0469,0.00,1,0.00
15.817078,264.0234,-0.615234,111,78.0469,0.00,1,0.00
15.818078,264.0234,-0.615234,111,78.0469,0.00,1,0.00
15.819079,264.1113,-0.527344,111,78.0469,0.00,1,0.00
15.820080,264.1113,-0.527344,111,78.0469,0.00,1,0.00
15.821080,264.0234,-0.615234,111,78.0469,0.00,1,0.00
15.822081,264.0234,-0.615234,111,78.0469,0.00,1,0.00
15.823081,263.9355,-0.703125,111,78.0469,0.00,1,0.00
15.824081,264.0234,-0.615234,111,78.0469,0.00,1,0.00
15.825082,264.0234,-0.615234,111,78.0469,0.00,1,0.00
15.826082,264.1113,-0.527344,111,78.0469,0.00,1,0.00
15.827083,264.0234,-0.615234,111,78.0469,0.00,1,0.00
15.828083,264.0234,-0.615234,111,78.0469,0.00,1,0.00
15.829084,264.0234,-0.615234,111,78.0469,0.00,1,0.00
15.830085,264.0234,-0.615234,111,78.0469,0.00,1,0.00
15.831085,264.1113,-0.527344,111,78.0469,0.00,1,0.00
15.832086,264.1113,-0.527344,111,78.0469,0.00,1,0.00
15.833086,264.0234,-0.615234,111,78.0469,0.00,1,0.00
15.834086,264.0234,-0.615234,111,78.0469,0.00,1,0.00
15.835087,264.1113,-0.527344,111,78.0469,0.00,1,0.00
15.836087,264.1113,-0.527344,111,78.0469,0.00,1,0.00
15.837088,264.1113,-0.527344,111,78.0469,0.00,1,0.00
15.838088,264.0234,-0.615234,111,78.0469,0.00,1,0.00
15.839089,264.0234,-0.615234,111,78.0469,0.00,1,0.00
15.840090,264.0234,-0.615234,111,78.0469,0.00,1,0.00
15.841090,264.0234,-0.615234,111,78.0469,0.00,1,0.00
15.842091,264.0234,-0.615234,111,78.0469,0.00,1,0.00
15.843091,264.0234,-0.615234,111,78.0469,0.00,1,0.00
15.844091,264.0234,-0.615234,111,78.0469,0.00,1,0.00
15.885616,264.1113,-0.527344,111,78.0469,0.00,1,0.00
15.886617,264.0234,-0.615234,111,78.0469,0.00,1,0.00
15.887617,264.0234,-0.615234,111,78.0469,0.00,1,0.00
15.888618,264.1113,-0.527344,111,78.0469,0.00,1,0.00
15.889618,264.0234,-0.615234,111,78.0469,0.00,1,0.00
15.890618,264.0234,-0.615234,111,78.0469,0.00,1,0.00
15.891619,264.0234,-0.615234,111,78.0469,0.00,1,0.00
15.892619,264.0234,-0.615234,111,78.0469,0.00,1,0.00
15.893620,264.0234,-0.615234,111,78.0469,0.00,1,0.00
15.894620,264.0234,-0.615234,111,78.0469,0.00,1,0.00
15.895620,264.1113,-0.527344,111,78.0469,0.00,1,0.00
15.896621,264.0234,-0.615234,111,78.0469,0.00,1,0.00
15.897621,264.0234,-0.615234,111,78.0469,0.00,1,0.00
15.898622,264.0234,-0.615234,111,78.0469,0.00,1,0.00
15.899622,264.0234,-0.615234,111,78.0469,0.00,1,0.00
15.900622,264.0234,-0.615234,111,78.0469,0.00,1,0.00
15.901623,264.0234,-0.615234,111,78.0469,0.00,1,0.00
15.902623,264.1113,-0.527344,111,78.0469,0.00,1,0.00
15.903624,264.1113,-0.527344,111,78.0469,0.00,1,0.00
15.904624,264.1113,-0.527344,111,78.0469,0.00,1,0.00
15.905624,264.0234,-0.615234,111,78.0469,0.00,1,0.00
15.906625,264.0234,-0.615234,111,78.0469,0.00,1,0.00
15.907625,264.0234,-0.615234,111,78.0469,0.00,1,0.00
15.908626,264.0234,-0.615234,111,78.0469,0.00,1,0.00
15.909626,264.0234,-0.615234,111,78.0469,0.00,1,0.00
15.910626,264.0234,-0.615234,111,78.0469,0.00,1,0.00
15.911627,264.0234,-0.615234,111,78.0469,0.00,1,0.00
15.912627,263.9355,-0.703125,111,78.0469,0.00,1,0.00
15.913628,264.0234,-0.615234,111,78.0469,0.00,1,0.00
15.914628,264.0234,-0.615234,111,78.0469,0.00,1,0.00
15.915628,264.0234,-0.615234,111,78.0469,0.00,1,0.00
15.916629,264.1113,-0.527344,111,78.0469,0.00,1,0.00
15.917629,264.1113,-0.527344,111,78.0469,0.00,1,0.00
15.918630,264.0234,-0.615234,111,78.0469,0.00,1,0.00
15.919630,264.0234,-0.615234,111,78.0469,0.00,1,0.00
15.920631,264.1113,-0.527344,111,78.0469,0.00,1,0.00
15.921632,264.1992,-0.439453,111,78.0469,0.00,1,0.00
15.922632,264.0234,-0.615234,111,78.0469,0.00,1,0.00
15.923633,263.9355,-0.703125,111,78.0469,0.00,1,0.00
15.924633,264.0234,-0.615234,111,78.0469,0.00,1,0.00
15.925633,264.1113,-0.527344,111,78.0469,0.00,1,0.00
15.926634,264.0234,-0.615234,111,78.0469,0.00,1,0.00
15.927634,264.0234,-0.615234,111,78.0469,0.00,1,0.00
15.928635,263.9355,-0.703125,111,78.0469,0.00,1,0.00
15.929635,263.9355,-0.703125,111,78.0469,0.00,1,0.00
15.930636,263.9355,-0.703125,111,78.0469,0.00,1,0.00
15.931637,264.0234,-0.615234,111,78.0469,0.00,1,0.00
15.932637,264.1113,-0.527344,111,78.0469,0.00,1,0.00
15.933638,264.0234,-0.615234,111,78.0469,0.00,1,0.00
15.934638,264.0234,-0.615234,111,78.0469,0.00,1,0.00
15.941859,264.0234,-0.615234,111,78.0469,0.00,1,0.00
15.942860,264.0234,-0.615234,111,78.0469,0.00,1,0.00
15.943860,264.0234,-0.615234,111,78.0469,0.00,1,0.00
15.944861,264.1113,-0.527344,111,78.0469,0.00,1,0.00
15.945862,264.0234,-0.615234,111,78.0469,0.00,1,0.00
15.946862,264.0234,-0.615234,111,78.0469,0.00,1,0.00
15.947863,264.1113,-0.527344,111,78.0469,0.00,1,0.00
15.948863,264.0234,-0.615234,111,78.0469,0.00,1,0.00
15.949863,264.0234,-0.615234,111,78.0469,0.00,1,0.00
15.950864,264.0234,-0.615234,111,78.0469,0.00,1,0.00
15.951864,264.0234,-0.615234,111,78.0469,0.00,1,0.00
15.952865,264.0234,-0.615234,111,78.0469,0.00,1,0.00
15.953865,264.1113,-0.527344,111,78.0469,0.00,1,0.00
15.954866,264.1113,-0.527344,111,78.0469,0.00,1,0.00
15.955867,264.0234,-0.615234,111,78.0469,0.00,1,0.00
15.956867,264.0234,-0.615234,111,78.0469,0.00,1,0.00
15.957868,264.0234,-0.615234,111,78.0469,0.00,1,0.00
15.958868,264.0234,-0.615234,111,78.0469,0.00,1,0.00
15.959868,264.1113,-0.527344,111,78.0469,0.00,1,0.00
15.960869,264.1113,-0.527344,111,78.0469,0.00,1,0.00
15.961869,264.0234,-0.615234,111,78.0469,0.00,1,0.00
15.962870,264.0234,-0.615234,111,78.0469,0.00,1,0.00
15.963870,264.0234,-0.615234,111,78.0469,0.00,1,0.00
15.964871,264.0234,-0.615234,111,78.0469,0.00,1,0.00
15.965872,264.0234,-0.615234,111,78.0469,0.00,1,0.00
15.966872,263.9355,-0.703125,111,78.0469,0.00,1,0.00
15.967873,264.0234,-0.615234,111,78.0469,0.00,1,0.00
15.968873,264.0234,-0.615234,111,78.0469,0.00,1,0.00
15.969873,264.0234,-0.615234,111,78.0469,0.00,1,0.00
15.970874,264.1113,-0.527344,111,78.0469,0.00,1,0.00
15.971874,264.1113,-0.527344,111,78.0469,0.00,1,0.00
15.972875,264.1113,-0.527344,111,78.0469,0.00,1,0.00
15.973875,264.0234,-0.615234,111,78.0469,0.00,1,0.00
15.974876,264.0234,-0.615234,111,78.0469,0.00,1,0.00
15.975877,264.1113,-0.527344,111,78.0469,0.00,1,0.00
15.976877,264.1113,-0.527344,111,78.0469,0.00,1,0.00
15.977878,264.0234,-0.615234,111,78.0469,0.00,1,0.00
15.978878,264.1113,-0.527344,111,78.0469,0.00,1,0.00
15.979878,264.0234,-0.615234,111,78.0469,0.00,1,0.00
15.980879,264.0234,-0.615234,111,78.0469,0.00,1,0.00
15.981879,264.0234,-0.615234,111,78.0469,0.00,1,0.00
15.982880,264.0234,-0.615234,111,78.0469,0.00,1,0.00
15.983880,264.0234,-0.615234,111,78.0469,0.00,1,0.00
15.984881,264.0234,-0.615234,111,78.0469,0.00,1,0.00
15.985882,264.0234,-0.615234,111,78.0469,0.00,1,0.00
15.986882,264.0234,-0.615234,111,78.0469,0.00,1,0.00
15.987883,264.1113,-0.527344,111,78.0469,0.00,1,0.00
15.988883,264.1113,-0.527344,111,78.0469,0.00,1,0.00
15.989883,264.1113,-0.527344,111,78.0469,0.00,1,0.00
15.990884,264.0234,-0.615234,111,78.0469,0.00,1,0.00
15.998125,263.9355,-0.703125,111,78.0469,0.00,1,0.00
15.999126,264.0234,-0.615234,111,78.0469,0.00,1,0.00
16.000128,263.9355,-0.703125,111,78.0469,0.00,1,0.00
16.001129,264.0234,-0.615234,111,78.0469,0.00,1,0.00
16.002131,264.1113,-0.527344,111,78.0469,0.00,1,0.00
16.003132,264.1113,-0.527344,111,78.0469,0.00,1,0.00
16.004133,264.1113,-0.527344,111,78.0469,0.00,1,0.00
16.005135,264.1113,-0.527344,111,78.0469,0.00,1,0.00
16.006136,264.0234,-0.615234,111,78.0469,0.00,1,0.00
16.007137,264.0234,-0.615234,111,78.0469,0.00,1,0.00
16.008139,264.0234,-0.615234,111,78.0469,0.00,1,0.00
16.009140,264.0234,-0.615234,111,78.0469,0.00,1,0.00
16.010141,264.0234,-0.615234,111,78.0469,0.00,1,0.00
16.011143,264.0234,-0.615234,111,78.0469,0.00,1,0.00
16.012144,264.0234,-0.615234,111,78.0469,0.00,1,0.00
16.013145,264.1113,-0.527344,111,78.0469,0.00,1,0.00
16.014147,264.1113,-0.527344,111,78.0469,0.00,1,0.00
16.015148,264.0234,-0.615234,111,78.0469,0.00,1,0.00
16.016150,264.0234,-0.615234,111,78.0469,0.00,1,0.00
16.017151,264.0234,-0.615234,111,78.0469,0.00,1,0.00
16.018152,264.0234,-0.615234,111,78.0469,0.00,1,0.00
16.019154,264.0234,-0.615234,111,78.0469,0.00,1,0.00
16.020155,264.1113,-0.527344,111,78.0469,0.00,1,0.00
16.021156,264.0234,-0.615234,111,78.0469,0.00,1,0.00
16.022158,264.0234,-0.615234,111,78.0469,0.00,1,0.00
16.023159,264.0234,-0.615234,111,78.0469,0.00,1,0.00
16.024160,264.1113,-0.527344,111,78.0469,0.00,1,0.00
16.025162,264.0234,-0.615234,111,78.0469,0.00,1,0.00
16.026163,264.0234,-0.615234,111,78.0469,0.00,1,0.00
16.027164,264.0234,-0.615234,111,78.0469,0.00,1,0.00
16.028166,264.0234,-0.615234,111,78.0469,0.00,1,0.00
16.029167,264.1113,-0.527344,111,78.0469,0.00,1,0.00
16.030169,264.1113,-0.527344,111,78.0469,0.00,1,0.00
16.031170,264.0234,-0.615234,111,78.0469,0.00,1,0.00
16.032171,264.0234,-0.615234,111,78.0469,0.00,1,0.00
16.033173,264.0234,-0.615234,111,78.0469,0.00,1,0.00
16.034174,264.0234,-0.615234,111,78.0469,0.00,1,0.00
16.035175,264.0234,-0.615234,111,78.0469,0.00,1,0.00
16.036177,264.1113,-0.527344,111,78.0469,0.00,1,0.00
16.037178,264.0234,-0.615234,111,78.0469,0.00,1,0.00
16.038179,264.0234,-0.615234,111,78.0469,0.00,1,0.00
16.039181,264.0234,-0.615234,111,78.0469,0.00,1,0.00
16.040182,263.9355,-0.703125,111,78.0469,0.00,1,0.00
16.041183,263.9355,-0.703125,111,78.0469,0.00,1,0.00
16.042185,264.0234,-0.615234,111,78.0469,0.00,1,0.00
16.043186,264.1113,-0.527344,111,78.0469,0.00,1,0.00
16.044188,264.1113,-0.527344,111,78.0469,0.00,1,0.00
16.045189,264.1113,-0.527344,111,78.0469,0.00,1,0.00
16.046190,264.0234,-0.615234,111,78.0469,0.00,1,0.00
16.047192,264.0234,-0.615234,111,78.0469,0.00,1,0.00
16.054436,264.1113,-0.527344,111,78.0469,0.00,1,0.00
16.055437,264.0234,-0.615234,111,78.0469,0.00,1,0.00
16.056438,264.1113,-0.527344,111,78.0469,0.00,1,0.00
16.057440,264.0234,-0.615234,111,78.0469,0.00,1,0.00
16.058441,263.9355,-0.703125,111,78.0469,0.00,1,0.00
16.059443,264.0234,-0.615234,111,78.0469,0.00,1,0.00
16.060444,264.0234,-0.615234,111,78.0469,0.00,1,0.00
16.061445,264.0234,-0.615234,111,78.0469,0.00,1,0.00
16.062447,264.0234,-0.615234,111,78.0469,0.00,1,0.00
16.063448,264.0234,-0.615234,111,78.0469,0.00,1,0.00
16.064449,264.0234,-0.615234,111,78.0469,0.00,1,0.00
16.065451,264.0234,-0.615234,111,78.0469,0.00,1,0.00
16.066452,264.0234,-0.615234,111,78.0469,0.00,1,0.00
16.067453,264.1113,-0.527344,111,78.0469,0.00,1,0.00
16.068455,264.0234,-0.615234,111,78.0469,0.00,1,0.00
16.069456,264.0234,-0.615234,111,78.0469,0.00,1,0.00
16.070457,264.1113,-0.527344,111,78.0469,0.00,1,0.00
16.071459,264.1113,-0.527344,111,78.0469,0.00,1,0.00
16.072460,264.0234,-0.615234,111,78.0469,0.00,1,0.00
16.073462,264.0234,-0.615234,111,78.0469,0.00,1,0.00
16.074463,264.0234,-0.615234,111,78.0469,0.00,1,0.00
16.075464,263.9355,-0.703125,111,78.0469,0.00,1,0.00
16.076466,264.0234,-0.615234,111,78.0469,0.00,1,0.00
16.077467,264.0234,-0.615234,111,78.0469,0.00,1,0.00
16.078468,264.0234,-0.615234,111,78.0469,0.00,1,0.00
16.079470,264.0234,-0.615234,111,78.0469,0.00,1,0.00
16.080471,264.0234,-0.615234,111,78.0469,0.00,1,0.00
16.081472,264.0234,-0.615234,111,78.0469,0.00,1,0.00
16.082474,264.0234,-0.615234,111,78.0469,0.00,1,0.00
16.083475,264.0234,-0.615234,111,78.0469,0.00,1,0.00
16.084476,264.0234,-0.615234,111,78.0469,0.00,1,0.00
16.085478,264.0234,-0.615234,111,78.0469,0.00,1,0.00
16.086479,264.0234,-0.615234,111,78.0469,0.00,1,0.00
16.087481,264.0234,-0.615234,111,78.0469,0.00,1,0.00
16.088482,264.0234,-0.615234,111,78.0469,0.00,1,0.00
16.089483,264.0234,-0.615234,111,78.0469,0.00,1,0.00
16.090485,264.0234,-0.615234,111,78.0469,0.00,1,0.00
16.091486,264.1113,-0.527344,111,78.0469,0.00,1,0.00
16.092487,264.0234,-0.615234,111,78.0469,0.00,1,0.00
16.093489,264.0234,-0.615234,111,78.0469,0.00,1,0.00
16.094490,264.0234,-0.615234,111,78.0469,0.00,1,0.00
16.095491,264.0234,-0.615234,111,78.0469,0.00,1,0.00
16.096493,264.0234,-0.615234,111,78.0469,0.00,1,0.00
16.097494,264.0234,-0.615234,111,78.0469,0.00,1,0.00
16.098495,264.0234,-0.615234,111,78.0469,0.00,1,0.00
16.099497,264.0234,-0.615234,111,78.0469,0.00,1,0.00
16.100498,264.0234,-0.615234,111,78.0469,0.00,1,0.00
16.101500,264.0234,-0.615234,111,78.0469,0.00,1,0.00
16.102501,264.0234,-0.615234,111,78.0469,0.00,1,0.00
16.103502,264.0234,-0.615234,111,78.0469,0.00,1,0.00
16.110769,264.0234,-0.615234,111,78.0469,0.00,1,0.00
16.111771,264.0234,-0.615234,111,78.0469,0.00,1,0.00
16.112772,264.0234,-0.615234,111,78.0469,0.00,1,0.00
16.113773,264.1113,-0.527344,111,78.0469,0.00,1,0.00
16.114775,264.1113,-0.527344,111,78.0469,0.00,1,0.00
16.115776,264.1113,-0.527344,111,78.0469,0.00,1,0.00
16.116777,264.0234,-0.615234,111,78.0469,0.00,1,0.00
16.117779,264.0234,-0.615234,111,78.0469,0.00,1,0.00
16.123457,264.0234,-0.615234,111,78.0469,0.00,1,0.00
16.124458,264.1113,-0.527344,111,78.0469,0.00,1,0.00
16.125460,264.0234,-0.615234,111,78.0469,0.00,1,0.00
16.126461,264.0234,-0.615234,111,78.0469,0.00,1,0.00
16.127462,264.0234,-0.615234,111,78.0469,0.00,1,0.00
16.128464,264.0234,-0.615234,111,78.0469,0.00,1,0.00
16.129465,264.0234,-0.615234,111,78.0469,0.00,1,0.00
16.130466,264.0234,-0.615234,111,78.0469,0.00,1,0.00
16.131468,264.0234,-0.615234,111,78.0469,0.00,1,0.00
16.132469,264.0234,-0.615234,111,78.0469,0.00,1,0.00
16.133471,264.0234,-0.615234,111,78.0469,0.00,1,0.00
16.134472,264.0234,-0.615234,111,78.0469,0.00,1,0.00
16.135473,264.0234,-0.615234,111,78.0469,0.00,1,0.00
16.136475,264.0234,-0.615234,111,78.0469,0.00,1,0.00
16.137476,264.0234,-0.615234,111,78.0469,0.00,1,0.00
16.138477,263.9355,-0.703125,111,78.0469,0.00,1,0.00
16.139479,263.9355,-0.703125,111,78.0469,0.00,1,0.00
16.140480,264.0234,-0.615234,111,78.0469,0.00,1,0.00
16.141481,264.0234,-0.615234,111,78.0469,0.00,1,0.00
16.142483,264.0234,-0.615234,111,78.0469,0.00,1,0.00
16.143484,264.0234,-0.615234,111,78.0469,0.00,1,0.00
16.144485,263.9355,-0.703125,111,78.0469,0.00,1,0.00
16.145487,264.0234,-0.615234,111,78.0469,0.00,1,0.00
16.146488,264.1113,-0.527344,111,78.0469,0.00,1,0.00
16.147490,264.1113,-0.527344,111,78.0469,0.00,1,0.00
16.148491,264.1113,-0.527344,111,78.0469,0.00,1,0.00
16.149492,264.1113,-0.527344,111,78.0469,0.00,1,0.00
16.150494,264.0234,-0.615234,111,78.0469,0.00,1,0.00
16.151495,264.0234,-0.615234,111,78.0469,0.00,1,0.00
16.152496,264.0234,-0.615234,111,78.0469,0.00,1,0.00
16.153498,264.0234,-0.615234,111,78.0469,0.00,1,0.00
16.154499,264.0234,-0.615234,111,78.0469,0.00,1,0.00
16.155500,264.0234,-0.615234,111,78.0469,0.00,1,0.00
16.156502,264.0234,-0.615234,111,78.0469,0.00,1,0.00
16.157503,264.1113,-0.527344,111,78.0469,0.00,1,0.00
16.158504,264.1113,-0.527344,111,78.0469,0.00,1,0.00
16.159506,264.0234,-0.615234,111,78.0469,0.00,1,0.00
16.160507,264.0234,-0.615234,111,78.0469,0.00,1,0.00
16.165617,264.1113,-0.527344,111,78.0469,0.00,1,0.00
16.166618,264.1113,-0.527344,111,78.0469,0.00,1,0.00
16.167620,264.0234,-0.615234,111,78.0469,0.00,1,0.00
16.168621,264.0234,-0.615234,111,78.0469,0.00,1,0.00
16.175983,264.0234,-0.615234,111,78.0469,0.00,1,0.00
16.176985,264.0234,-0.615234,111,78.0469,0.00,1,0.00
16.177986,263.9355,-0.703125,111,78.0469,0.00,1,0.00
16.178988,264.0234,-0.615234,111,78.0469,0.00,1,0.00
16.179989,264.0234,-0.615234,111,78.0469,0.00,1,0.00
16.180990,264.0234,-0.615234,111,78.0469,0.00,1,0.00
16.181992,264.0234,-0.615234,111,78.0469,0.00,1,0.00
16.182993,264.0234,-0.615234,111,78.0469,0.00,1,0.00
16.183994,264.0234,-0.615234,111,78.0469,0.00,1,0.00
16.184996,264.0234,-0.615234,111,78.0469,0.00,1,0.00
16.185997,264.0234,-0.615234,111,78.0469,0.00,1,0.00
16.186998,264.0234,-0.615234,111,78.0469,0.00,1,0.00
16.188000,264.0234,-0.615234,111,78.0469,0.00,1,0.00
16.189001,264.0234,-0.615234,111,78.0469,0.00,1,0.00
16.190002,264.0234,-0.615234,111,78.0469,0.00,1,0.00
16.191004,264.0234,-0.615234,111,78.0469,0.00,1,0.00
16.192005,264.0234,-0.615234,111,78.0469,0.00,1,0.00
16.193007,264.0234,-0.615234,111,78.0469,0.00,1,0.00
16.194008,264.0234,-0.615234,111,78.0469,0.00,1,0.00
16.195009,264.0234,-0.615234,111,78.0469,0.00,1,0.00
16.196011,264.0234,-0.615234,111,78.0469,0.00,1,0.00
16.197012,264.0234,-0.615234,111,78.0469,0.00,1,0.00
16.198013,264.0234,-0.615234,111,78.0469,0.00,1,0.00
16.199015,264.1113,-0.527344,111,78.0469,0.00,1,0.00
16.200016,264.1113,-0.527344,111,78.0469,0.00,1,0.00
16.201017,264.0234,-0.615234,111,78.0469,0.00,1,0.00
16.202019,264.0234,-0.615234,111,78.0469,0.00,1,0.00
16.203020,264.0234,-0.615234,111,78.0469,0.00,1,0.00
16.204021,264.0234,-0.615234,111,78.0469,0.00,1,0.00
16.205023,264.0234,-0.615234,111,78.0469,0.00,1,0.00
16.206024,264.0234,-0.615234,111,78.0469,0.00,1,0.00
16.207026,264.0234,-0.615234,111,78.0469,0.00,1,0.00
16.208027,264.0234,-0.615234,111,78.0469,0.00,1,0.00
16.209028,264.1113,-0.527344,111,78.0469,0.00,1,0.00
16.210030,264.1113,-0.527344,111,78.0469,0.00,1,0.00
16.211031,264.1113,-0.527344,111,78.0469,0.00,1,0.00
16.212032,264.1113,-0.527344,111,78.0469,0.00,1,0.00
16.213034,264.0234,-0.615234,111,78.0469,0.00,1,0.00
16.214035,264.0234,-0.615234,111,78.0469,0.00,1,0.00
16.215036,264.0234,-0.615234,111,78.0469,0.00,1,0.00
16.216038,264.0234,-0.615234,111,78.0469,0.00,1,0.00
16.217039,264.0234,-0.615234,111,78.0469,0.00,1,0.00
16.218040,264.0234,-0.615234,111,78.0469,0.00,1,0.00
16.219561,264.0234,-0.615234,111,78.0469,0.00,1,0.00
16.220562,264.0234,-0.615234,111,78.0469,0.00,1,0.00
16.221563,264.0234,-0.615234,111,78.0469,0.00,1,0.00
16.222565,264.0234,-0.615234,111,78.0469,0.00,1,0.00
16.223566,264.0234,-0.615234,111,78.0469,0.00,1,0.00
16.224567,264.1113,-0.527344,111,78.0469,0.00,1,0.00
16.225569,264.0234,-0.615234,111,78.0469,0.00,1,0.00
16.232838,264.0234,-0.615234,111,78.0469,0.00,1,0.00
16.233839,264.0234,-0.615234,111,78.0469,0.00,1,0.00
16.234840,264.0234,-0.615234,111,78.0469,0.00,1,0.00
16.235842,264.0234,-0.615234,111,78.0469,0.00,1,0.00
16.236843,264.0234,-0.615234,111,78.0469,0.00,1,0.00
16.237844,264.0234,-0.615234,111,78.0469,0.00,1,0.00
16.238846,264.0234,-0.615234,111,78.0469,0.00,1,0.00
16.239847,264.1113,-0.527344,111,78.0469,0.00,1,0.00
16.240849,264.1113,-0.527344,111,78.0469,0.00,1,0.00
16.241850,264.0234,-0.615234,111,78.0469,0.00,1,0.00
16.242851,264.0234,-0.615234,111,78.0469,0.00,1,0.00
16.243853,264.0234,-0.615234,111,78.0469,0.00,1,0.00
16.244854,264.0234,-0.615234,111,78.0469,0.00,1,0.00
16.245855,263.9355,-0.703125,111,78.0469,0.00,1,0.00
16.246857,264.0234,-0.615234,111,78.0469,0.00,1,0.00
16.247858,264.0234,-0.615234,111,78.0469,0.00,1,0.00
16.248859,264.0234,-0.615234,111,78.0469,0.00,1,0.00
16.249861,264.0234,-0.615234,111,78.0469,0.00,1,0.00
16.250862,264.0234,-0.615234,111,78.0469,0.00,1,0.00
16.251863,264.0234,-0.615234,111,78.0469,0.00,1,0.00
16.252865,264.0234,-0.615234,111,78.0469,0.00,1,0.00
16.253866,264.0234,-0.615234,111,78.0469,0.00,1,0.00
16.254868,264.0234,-0.615234,111,78.0469,0.00,1,0.00
16.255869,264.0234,-0.615234,111,78.0469,0.00,1,0.00
16.256870,264.0234,-0.615234,111,78.0469,0.00,1,0.00
16.257872,264.0234,-0.615234,111,78.0469,0.00,1,0.00
16.258873,264.0234,-0.615234,111,78.0469,0.00,1,0.00
16.259874,264.0234,-0.615234,111,78.0469,0.00,1,0.00
16.260876,264.0234,-0.615234,111,78.0469,0.00,1,0.00
16.261877,264.0234,-0.615234,111,78.0469,0.00,1,0.00
16.262878,264.0234,-0.615234,111,78.0469,0.00,1,0.00
16.263880,264.0234,-0.615234,111,78.0469,0.00,1,0.00
16.264881,264.0234,-0.615234,111,78.0469,0.00,1,0.00
16.265882,264.0234,-0.615234,111,78.0469,0.00,1,0.00
16.266884,264.0234,-0.615234,111,78.0469,0.00,1,0.00
16.267885,264.1113,-0.527344,111,78.0469,0.00,1,0.00
16.268887,264.0234,-0.615234,111,78.0469,0.00,1,0.00
16.269888,264.0234,-0.615234,111,78.0469,0.00,1,0.00
16.270889,264.0234,-0.615234,111,78.0469,0.00,1,0.00
16.271891,264.0234,-0.615234,111,78.0469,0.00,1,0.00
16.272892,264.0234,-0.615234,111,78.0469,0.00,1,0.00
16.273893,264.0234,-0.615234,111,78.0469,0.00,1,0.00
16.274895,264.0234,-0.615234,111,78.0469,0.00,1,0.00
16.275896,264.0234,-0.615234,111,78.0469,0.00,1,0.00
16.276897,264.0234,-0.615234,111,78.0469,0.00,1,0.00
16.277899,264.0234,-0.615234,111,78.0469,0.00,1,0.00
16.278900,264.0234,-0.615234,111,78.0469,0.00,1,0.00
16.279902,264.0234,-0.615234,111,78.0469,0.00,1,0.00
16.280903,264.0234,-0.615234,111,78.0469,0.00,1,0.00
16.281904,264.1113,-0.527344,111,78.0469,0.00,1,0.00
16.289228,264.0234,-0.615234,111,78.0469,0.00,1,0.00
16.290230,264.0234,-0.615234,111,78.0469,0.00,1,0.00
16.291231,264.0234,-0.615234,111,78.0469,0.00,1,0.00
16.292233,264.0234,-0.615234,111,78.0469,0.00,1,0.00
16.293234,264.0234,-0.615234,111,78.0469,0.00,1,0.00
16.294235,264.0234,-0.615234,111,78.0469,0.00,1,0.00
16.295237,264.0234,-0.615234,111,78.0469,0.00,1,0.00
16.296238,264.0234,-0.615234,111,78.0469,0.00,1,0.00
16.297239,264.1113,-0.527344,111,78.0469,0.00,1,0.00
16.298241,264.1113,-0.527344,111,78.0469,0.00,1,0.00
16.299242,264.0234,-0.615234,111,78.0469,0.00,1,0.00
16.300243,264.0234,-0.615234,111,78.0469,0.00,1,0.00
16.301245,264.0234,-0.615234,111,78.0469,0.00,1,0.00
16.302246,264.0234,-0.615234,111,78.0469,0.00,1,0.00
16.303247,264.0234,-0.615234,111,78.0469,0.00,1,0.00
16.304249,264.0234,-0.615234,111,78.0469,0.00,1,0.00
16.305250,264.0234,-0.615234,111,78.0469,0.00,1,0.00
16.306252,264.1113,-0.527344,111,78.0469,0.00,1,0.00
16.307253,264.1113,-0.527344,111,78.0469,0.00,1,0.00
16.308254,264.0234,-0.615234,111,78.0469,0.00,1,0.00
16.309256,264.0234,-0.615234,111,78.0469,0.00,1,0.00
16.310257,264.0234,-0.615234,111,78.0469,0.00,1,0.00
16.311258,264.0234,-0.615234,111,78.0469,0.00,1,0.00
16.312260,264.0234,-0.615234,111,78.0469,0.00,1,0.00
16.313261,264.1113,-0.527344,111,78.0469,0.00,1,0.00
16.314262,264.0234,-0.615234,111,78.0469,0.00,1,0.00
16.315264,264.0234,-0.615234,111,78.0469,0.00,1,0.00
16.316265,264.1113,-0.527344,111,78.0469,0.00,1,0.00
16.317266,264.1113,-0.527344,111,78.0469,0.00,1,0.00
16.318268,264.0234,-0.615234,111,78.0469,0.00,1,0.00
16.319269,264.0234,-0.615234,111,78.0469,0.00,1,0.00
16.320271,264.0234,-0.615234,111,78.0469,0.00,1,0.00
16.321272,264.0234,-0.615234,111,78.0469,0.00,1,0.00
16.322273,263.9355,-0.703125,111,78.0469,0.00,1,0.00
16.323275,264.0234,-0.615234,111,78.0469,0.00,1,0.00
16.324276,264.1113,-0.527344,111,78.0469,0.00,1,0.00
16.325277,264.1113,-0.527344,111,78.0469,0.00,1,0.00
16.326279,264.1113,-0.527344,111,78.0469,0.00,1,0.00
16.327280,264.1113,-0.527344,111,78.0469,0.00,1,0.00
16.328281,264.0234,-0.615234,111,78.0469,0.00,1,0.00
16.329283,264.0234,-0.615234,111,78.0469,0.00,1,0.00
16.330284,264.0234,-0.615234,111,78.0469,0.00,1,0.00
16.331285,264.1113,-0.527344,111,78.0469,0.00,1,0.00
16.332287,264.0234,-0.615234,111,78.0469,0.00,1,0.00
16.333288,264.0234,-0.615234,111,78.0469,0.00,1,0.00
16.334290,263.9355,-0.703125,111,78.0469,0.00,1,0.00
16.335291,263.9355,-0.703125,111,78.0469,0.00,1,0.00
16.336292,264.0234,-0.615234,111,78.0469,0.00,1,0.00
16.337294,264.0234,-0.615234,111,78.0469,0.00,1,0.00
16.338295,264.0234,-0.615234,111,78.0469,0.00,1,0.00
16.345587,264.1113,-0.527344,111,78.0469,0.00,1,0.00
16.346588,264.0234,-0.615234,111,78.0469,0.00,1,0.00
16.347589,264.0234,-0.615234,111,78.0469,0.00,1,0.00
16.348591,264.0234,-0.615234,111,78.0469,0.00,1,0.00
16.349592,264.0234,-0.615234,111,78.0469,0.00,1,0.00
16.350594,264.1113,-0.527344,111,78.0469,0.00,1,0.00
16.351595,264.0234,-0.615234,111,78.0469,0.00,1,0.00
16.352596,264.0234,-0.615234,111,78.0469,0.00,1,0.00
16.353598,264.0234,-0.615234,111,78.0469,0.00,1,0.00
16.354599,264.0234,-0.615234,111,78.0469,0.00,1,0.00
16.355600,264.1113,-0.527344,111,78.0469,0.00,1,0.00
16.356602,264.0234,-0.615234,111,78.0469,0.00,1,0.00
16.357603,264.0234,-0.615234,111,78.0469,0.00,1,0.00
16.358604,264.1113,-0.527344,111,78.0469,0.00,1,0.00
16.359606,264.0234,-0.615234,111,78.0469,0.00,1,0.00
16.360607,264.0234,-0.615234,111,78.0469,0.00,1,0.00
16.361609,264.0234,-0.615234,111,78.0469,0.00,1,0.00
16.362610,264.0234,-0.615234,111,78.0469,0.00,1,0.00
16.363611,264.0234,-0.615234,111,78.0469,0.00,1,0.00
16.364613,264.1113,-0.527344,111,78.0469,0.00,1,0.00
16.365614,264.0234,-0.615234,111,78.0469,0.00,1,0.00
16.366615,264.0234,-0.615234,111,78.0469,0.00,1,0.00
16.367617,264.0234,-0.615234,111,78.0469,0.00,1,0.00
16.368618,264.0234,-0.615234,111,78.0469,0.00,1,0.00
16.369619,264.0234,-0.615234,111,78.0469,0.00,1,0.00
16.370621,264.0234,-0.615234,111,78.0469,0.00,1,0.00
16.371622,264.1113,-0.527344,111,78.0469,0.00,1,0.00
16.372623,264.0234,-0.615234,111,78.0469,0.00,1,0.00
16.373625,264.0234,-0.615234,111,78.0469,0.00,1,0.00
16.374626,264.0234,-0.615234,111,78.0469,0.00,1,0.00
16.375628,264.0234,-0.615234,111,78.0469,0.00,1,0.00
16.376629,264.0234,-0.615234,111,78.0469,0.00,1,0.00
16.377630,264.0234,-0.615234,111,78.0469,0.00,1,0.00
16.378632,264.0234,-0.615234,111,78.0469,0.00,1,0.00
16.379633,264.0234,-0.615234,111,78.0469,0.00,1,0.00
16.380634,264.0234,-0.615234,111,78.0469,0.00,1,0.00
16.381636,264.1113,-0.527344,111,78.0469,0.00,1,0.00
16.382637,264.1113,-0.527344,111,78.0469,0.00,1,0.00
16.383638,264.1113,-0.527344,111,78.0469,0.00,1,0.00
16.384640,264.0234,-0.615234,111,78.0469,0.00,1,0.00
16.385641,264.0234,-0.615234,111,78.0469,0.00,1,0.00
16.386642,264.0234,-0.615234,111,78.0469,0.00,1,0.00
16.387644,264.0234,-0.615234,111,78.0469,0.00,1,0.00
16.388645,264.0234,-0.615234,111,78.0469,0.00,1,0.00
16.389647,264.1113,-0.527344,111,78.0469,0.00,1,0.00
16.390648,264.1113,-0.527344,111,78.0469,0.00,1,0.00
16.391649,264.0234,-0.615234,111,78.0469,0.00,1,0.00
16.392651,264.0234,-0.615234,111,78.0469,0.00,1,0.00
16.393652,264.0234,-0.615234,111,78.0469,0.00,1,0.00
16.394653,264.1113,-0.527344,111,78.0469,0.00,1,0.00
16.401972,264.1113,-0.527344,111,78.0469,0.00,1,0.00
16.402973,264.0234,-0.615234,111,78.0469,0.00,1,0.00
16.403975,264.0234,-0.615234,111,78.0469,0.00,1,0.00
16.404976,264.0234,-0.615234,111,78.0469,0.00,1,0.00
16.405977,264.1113,-0.527344,111,78.0469,0.00,1,0.00
16.406979,264.1113,-0.527344,111,78.0469,0.00,1,0.00
16.407980,264.0234,-0.615234,111,78.0469,0.00,1,0.00
16.408981,264.0234,-0.615234,111,78.0469,0.00,1,0.00
16.409983,264.0234,-0.615234,111,78.0469,0.00,1,0.00
16.410984,264.0234,-0.615234,111,78.0469,0.00,1,0.00
16.411985,264.0234,-0.615234,111,78.0469,0.00,1,0.00
16.412987,264.0234,-0.615234,111,78.0469,0.00,1,0.00
16.413988,264.1113,-0.527344,111,78.0469,0.00,1,0.00
16.414989,264.1113,-0.527344,111,78.0469,0.00,1,0.00
16.415991,264.0234,-0.615234,111,78.0469,0.00,1,0.00
16.416992,264.0234,-0.615234,111,78.0469,0.00,1,0.00
16.417994,264.0234,-0.615234,111,78.0469,0.00,1,0.00
16.418995,264.0234,-0.615234,111,78.0469,0.00,1,0.00
16.419996,263.9355,-0.703125,111,78.0469,0.00,1,0.00
16.420998,264.0234,-0.615234,111,78.0469,0.00,1,0.00
16.421999,264.0234,-0.615234,111,78.0469,0.00,1,0.00
16.423000,264.0234,-0.615234,111,78.0469,0.00,1,0.00
16.424002,264.0234,-0.615234,111,78.0469,0.00,1,0.00
16.425003,264.1113,-0.527344,111,78.0469,0.00,1,0.00
16.426004,264.1113,-0.527344,111,78.0469,0.00,1,0.00
16.427006,264.0234,-0.615234,111,78.0469,0.00,1,0.00
16.428007,264.0234,-0.615234,111,78.0469,0.00,1,0.00
16.429008,264.0234,-0.615234,111,78.0469,0.00,1,0.00
16.430010,264.0234,-0.615234,111,78.0469,0.00,1,0.00
16.431011,264.0234,-0.615234,111,78.0469,0.00,1,0.00
16.432013,264.0234,-0.615234,111,78.0469,0.00,1,0.00
16.433014,264.0234,-0.615234,111,78.0469,0.00,1,0.00
16.434015,264.0234,-0.615234,111,78.0469,0.00,1,0.00
16.435017,264.0234,-0.615234,111,78.0469,0.00,1,0.00
16.436018,264.0234,-0.615234,111,78.0469,0.00,1,0.00
16.437019,264.0234,-0.615234,111,78.0469,0.00,1,0.00
16.438021,264.1113,-0.527344,111,78.0469,0.00,1,0.00
16.439022,264.1113,-0.527344,111,78.0469,0.00,1,0.00
16.440023,264.0234,-0.615234,111,78.0469,0.00,1,0.00
16.441025,264.0234,-0.615234,111,78.0469,0.00,1,0.00
16.442026,264.0234,-0.615234,111,78.0469,0.00,1,0.00
16.443027,264.1113,-0.527344,111,78.0469,0.00,1,0.00
16.444029,264.0234,-0.615234,111,78.0469,0.00,1,0.00
16.445030,264.0234,-0.615234,111,78.0469,0.00,1,0.00
16.446032,264.0234,-0.615234,111,78.0469,0.00,1,0.00
16.447033,264.1113,-0.527344,111,78.0469,0.00,1,0.00
16.448034,264.1113,-0.527344,111,78.0469,0.00,1,0.00
16.449036,264.1113,-0.527344,111,78.0469,0.00,1,0.00
16.450037,264.1113,-0.527344,111,78.0469,0.00,1,0.00
16.451038,264.0234,-0.615234,111,78.0469,0.00,1,0.00
16.458382,264.0234,-0.615234,111,78.0469,0.00,1,0.00
16.459383,264.0234,-0.615234,111,78.0469,0.00,1,0.00
16.460384,264.0234,-0.615234,111,78.0469,0.00,1,0.00
16.461386,264.0234,-0.615234,111,78.0469,0.00,1,0.00
16.462387,264.0234,-0.615234,111,78.0469,0.00,1,0.00
16.463388,264.0234,-0.615234,111,78.0469,0.00,1,0.00
16.464390,264.1113,-0.527344,111,78.0469,0.00,1,0.00
16.465391,264.0234,-0.615234,111,78.0469,0.00,1,0.00
16.466393,264.0234,-0.615234,111,78.0469,0.00,1,0.00
16.467394,264.0234,-0.615234,111,78.0469,0.00,1,0.00
16.468395,264.0234,-0.615234,111,78.0469,0.00,1,0.00
16.469397,264.0234,-0.615234,111,78.0469,0.00,1,0.00
16.470398,264.0234,-0.615234,111,78.0469,0.00,1,0.00
16.471399,264.0234,-0.615234,111,78.0469,0.00,1,0.00
16.472401,264.0234,-0.615234,111,78.0469,0.00,1,0.00
16.473402,264.0234,-0.615234,111,78.0469,0.00,1,0.00
16.474403,264.1113,-0.527344,111,78.0469,0.00,1,0.00
16.475405,264.0234,-0.615234,111,78.0469,0.00,1,0.00
16.476406,264.0234,-0.615234,111,78.0469,0.00,1,0.00
16.477407,264.0234,-0.615234,111,78.0469,0.00,1,0.00
16.478409,264.0234,-0.615234,111,78.0469,0.00,1,0.00
16.479410,264.0234,-0.615234,111,78.0469,0.00,1,0.00
16.480412,264.0234,-0.615234,111,78.0469,0.00,1,0.00
16.481413,264.0234,-0.615234,111,78.0469,0.00,1,0.00
16.482414,264.1113,-0.527344,111,78.0469,0.00,1,0.00
16.483416,264.1113,-0.527344,111,78.0469,0.00,1,0.00
16.484417,264.1113,-0.527344,111,78.0469,0.00,1,0.00
16.485418,264.0234,-0.615234,111,78.0469,0.00,1,0.00
16.486420,264.0234,-0.615234,111,78.0469,0.00,1,0.00
16.487421,264.0234,-0.615234,111,78.0469,0.00,1,0.00
16.488422,264.0234,-0.615234,111,78.0469,0.00,1,0.00
16.489424,264.0234,-0.615234,111,78.0469,0.00,1,0.00
16.490425,264.0234,-0.615234,111,78.0469,0.00,1,0.00
16.491426,264.0234,-0.615234,111,78.0469,0.00,1,0.00
16.492428,264.0234,-0.615234,111,78.0469,0.00,1,0.00
16.493429,264.0234,-0.615234,111,78.0469,0.00,1,0.00
16.494431,263.9355,-0.703125,111,78.0469,0.00,1,0.00
16.495432,263.9355,-0.703125,111,78.0469,0.00,1,0.00
16.496433,264.0234,-0.615234,111,78.0469,0.00,1,0.00
16.497435,264.0234,-0.615234,111,78.0469,0.00,1,0.00
16.498436,264.0234,-0.615234,111,78.0469,0.00,1,0.00
16.499437,264.0234,-0.615234,111,78.0469,0.00,1,0.00
16.500439,264.0234,-0.615234,111,78.0469,0.00,1,0.00
16.501440,264.0234,-0.615234,111,78.0469,0.00,1,0.00
16.502441,264.0234,-0.615234,111,78.0469,0.00,1,0.00
16.503443,264.0234,-0.615234,111,78.0469,0.00,1,0.00
16.504444,264.0234,-0.615234,111,78.0469,0.00,1,0.00
16.505445,264.0234,-0.615234,111,78.0469,0.00,1,0.00
16.506447,264.1113,-0.527344,111,78.0469,0.00,1,0.00
16.507448,264.1113,-0.527344,111,78.0469,0.00,1,0.00
16.515226,264.0234,-0.615234,111,78.0469,0.00,1,0.00
16.516228,264.0234,-0.615234,111,78.0469,0.00,1,0.00
16.517229,264.0234,-0.615234,111,78.0469,0.00,1,0.00
16.518230,264.0234,-0.615234,111,78.0469,0.00,1,0.00
16.519232,264.0234,-0.615234,111,78.0469,0.00,1,0.00
16.520233,264.1113,-0.527344,111,78.0469,0.00,1,0.00
16.521235,264.1113,-0.527344,111,78.0469,0.00,1,0.00
16.522236,264.0234,-0.615234,111,78.0469,0.00,1,0.00
16.523237,264.0234,-0.615234,111,78.0469,0.00,1,0.00
16.524239,264.0234,-0.615234,111,78.0469,0.00,1,0.00
16.525240,264.0234,-0.615234,111,78.0469,0.00,1,0.00
16.526241,264.1113,-0.527344,111,78.0469,0.00,1,0.00
16.527243,264.0234,-0.615234,111,78.0469,0.00,1,0.00
16.528244,264.0234,-0.615234,111,78.0469,0.00,1,0.00
16.529245,264.1113,-0.527344,111,78.0469,0.00,1,0.00
16.530247,264.1113,-0.527344,111,78.0469,0.00,1,0.00
16.531248,264.0234,-0.615234,111,78.0469,0.00,1,0.00
16.532249,264.0234,-0.615234,111,78.0469,0.00,1,0.00
16.533251,264.0234,-0.615234,111,78.0469,0.00,1,0.00
16.534252,264.0234,-0.615234,111,78.0469,0.00,1,0.00
16.535254,264.0234,-0.615234,111,78.0469,0.00,1,0.00
16.536255,264.0234,-0.615234,111,78.0469,0.00,1,0.00
16.537256,264.0234,-0.615234,111,78.0469,0.00,1,0.00
16.538258,264.1113,-0.527344,111,78.0469,0.00,1,0.00
16.539259,264.0234,-0.615234,111,78.0469,0.00,1,0.00
16.540260,264.0234,-0.615234,111,78.0469,0.00,1,0.00
16.541262,264.0234,-0.615234,111,78.0469,0.00,1,0.00
16.542263,264.0234,-0.615234,111,78.0469,0.00,1,0.00
16.543264,264.0234,-0.615234,111,78.0469,0.00,1,0.00
16.544266,264.0234,-0.615234,111,78.0469,0.00,1,0.00
16.545267,264.0234,-0.615234,111,78.0469,0.00,1,0.00
16.546268,264.0234,-0.615234,111,78.0469,0.00,1,0.00
16.547270,264.0234,-0.615234,111,78.0469,0.00,1,0.00
16.548271,264.0234,-0.615234,111,78.0469,0.00,1,0.00
16.549273,264.0234,-0.615234,111,78.0469,0.00,1,0.00
16.550274,264.0234,-0.615234,111,78.0469,0.00,1,0.00
16.551275,264.0234,-0.615234,111,78.0469,0.00,1,0.00
16.552277,264.0234,-0.615234,111,78.0469,0.00,1,0.00
16.553278,264.0234,-0.615234,111,78.0469,0.00,1,0.00
16.554279,264.0234,-0.615234,111,78.0469,0.00,1,0.00
16.555281,264.1113,-0.527344,111,78.0469,0.00,1,0.00
16.556282,264.1113,-0.527344,111,78.0469,0.00,1,0.00
16.557283,264.0234,-0.615234,111,78.0469,0.00,1,0.00
16.558285,264.0234,-0.615234,111,78.0469,0.00,1,0.00
16.559286,264.0234,-0.615234,111,78.0469,0.00,1,0.00
16.560287,264.0234,-0.615234,111,78.0469,0.00,1,0.00
16.561289,264.0234,-0.615234,111,78.0469,0.00,1,0.00
16.562290,264.0234,-0.615234,111,78.0469,0.00,1,0.00
16.563292,264.0234,-0.615234,111,78.0469,0.00,1,0.00
16.564293,264.0234,-0.615234,111,78.0469,0.00,1,0.00
16.571562,264.0234,-0.615234,111,78.0469,0.00,1,0.00
16.572563,264.0234,-0.615234,111,78.0469,0.00,1,0.00
16.573565,264.0234,-0.615234,111,78.0469,0.00,1,0.00
16.574566,263.9355,-0.703125,111,78.0469,0.00,1,0.00
16.575567,264.0234,-0.615234,111,78.0469,0.00,1,0.00
16.576569,264.0234,-0.615234,111,78.0469,0.00,1,0.00
16.577570,263.9355,-0.703125,111,78.0469,0.00,1,0.00
16.578571,263.9355,-0.703125,111,78.0469,0.00,1,0.00
16.579573,263.9355,-0.703125,111,78.0469,0.00,1,0.00
16.580574,264.0234,-0.615234,111,78.0469,0.00,1,0.00
16.581575,264.0234,-0.615234,111,78.0469,0.00,1,0.00
16.582577,264.1113,-0.527344,111,78.0469,0.00,1,0.00
16.583578,264.1113,-0.527344,111,78.0469,0.00,1,0.00
16.584579,264.0234,-0.615234,111,78.0469,0.00,1,0.00
16.585581,264.1113,-0.527344,111,78.0469,0.00,1,0.00
16.586582,264.0234,-0.615234,111,78.0469,0.00,1,0.00
16.587584,263.9355,-0.703125,111,78.0469,0.00,1,0.00
16.588585,263.9355,-0.703125,111,78.0469,0.00,1,0.00
16.589586,264.0234,-0.615234,111,78.0469,0.00,1,0.00
16.590588,264.1113,-0.527344,111,78.0469,0.00,1,0.00
16.591589,264.1113,-0.527344,111,78.0469,0.00,1,0.00
16.592590,264.0234,-0.615234,111,78.0469,0.00,1,0.00
16.593592,264.0234,-0.615234,111,78.0469,0.00,1,0.00
16.594593,264.0234,-0.615234,111,78.0469,0.00,1,0.00
16.595594,264.1113,-0.527344,111,78.0469,0.00,1,0.00
16.596596,264.1113,-0.527344,111,78.0469,0.00,1,0.00
16.597597,264.1113,-0.527344,111,78.0469,0.00,1,0.00
16.598598,264.0234,-0.615234,111,78.0469,0.00,1,0.00
16.599600,264.0234,-0.615234,111,78.0469,0.00,1,0.00
16.600601,264.0234,-0.615234,111,78.0469,0.00,1,0.00
16.601603,264.0234,-0.615234,111,78.0469,0.00,1,0.00
16.602604,264.0234,-0.615234,111,78.0469,0.00,1,0.00
16.603605,264.0234,-0.615234,111,78.0469,0.00,1,0.00
16.604607,264.1113,-0.527344,111,78.0469,0.00,1,0.00
16.605608,264.1113,-0.527344,111,78.0469,0.00,1,0.00
16.606609,264.1113,-0.527344,111,78.0469,0.00,1,0.00
16.607611,264.1113,-0.527344,111,78.0469,0.00,1,0.00
16.608612,264.1113,-0.527344,111,78.0469,0.00,1,0.00
16.609613,264.0234,-0.615234,111,78.0469,0.00,1,0.00
16.610615,264.0234,-0.615234,111,78.0469,0.00,1,0.00
16.611616,264.1113,-0.527344,111,78.0469,0.00,1,0.00
16.612617,264.0234,-0.615234,111,78.0469,0.00,1,0.00
16.613619,264.0234,-0.615234,111,78.0469,0.00,1,0.00
16.614620,264.1113,-0.527344,111,78.0469,0.00,1,0.00
16.615622,264.1113,-0.527344,111,78.0469,0.00,1,0.00
16.616623,264.1113,-0.527344,111,78.0469,0.00,1,0.00
16.617624,264.1113,-0.527344,111,78.0469,0.00,1,0.00
16.618626,264.0234,-0.615234,111,78.0469,0.00,1,0.00
16.619627,263.9355,-0.703125,111,78.0469,0.00,1,0.00
16.620628,264.0234,-0.615234,111,78.0469,0.00,1,0.00
16.627920,264.0234,-0.615234,111,78.0469,0.00,1,0.00
16.628922,264.0234,-0.615234,111,78.0469,0.00,1,0.00
16.629923,264.0234,-0.615234,111,78.0469,0.00,1,0.00
16.630924,264.0234,-0.615234,111,78.0469,0.00,1,0.00
16.631926,264.0234,-0.615234,111,78.0469,0.00,1,0.00
16.632927,264.0234,-0.615234,111,78.0469,0.00,1,0.00
16.633928,264.0234,-0.615234,111,78.0469,0.00,1,0.00
16.634930,264.0234,-0.615234,111,78.0469,0.00,1,0.00
16.635931,264.0234,-0.615234,111,78.0469,0.00,1,0.00
16.636932,264.0234,-0.615234,111,78.0469,0.00,1,0.00
16.637934,264.1113,-0.527344,111,78.0469,0.00,1,0.00
16.638935,264.1113,-0.527344,111,78.0469,0.00,1,0.00
16.639936,264.0234,-0.615234,111,78.0469,0.00,1,0.00
16.640938,264.0234,-0.615234,111,78.0469,0.00,1,0.00
16.641939,264.0234,-0.615234,111,78.0469,0.00,1,0.00
16.642941,264.0234,-0.615234,111,78.0469,0.00,1,0.00
16.643942,264.0234,-0.615234,111,78.0469,0.00,1,0.00
16.644943,264.1113,-0.527344,111,78.0469,0.00,1,0.00
16.645945,264.1992,-0.439453,111,78.0469,0.00,1,0.00
16.646946,264.1113,-0.527344,111,78.0469,0.00,1,0.00
16.647947,264.0234,-0.615234,111,78.0469,0.00,1,0.00
16.648949,264.0234,-0.615234,111,78.0469,0.00,1,0.00
16.649950,264.0234,-0.615234,111,78.0469,0.00,1,0.00
16.650951,264.0234,-0.615234,111,78.0469,0.00,1,0.00
16.651953,264.1113,-0.527344,111,78.0469,0.00,1,0.00
16.652954,264.0234,-0.615234,111,78.0469,0.00,1,0.00
16.653955,264.0234,-0.615234,111,78.0469,0.00,1,0.00
16.654957,264.0234,-0.615234,111,78.0469,0.00,1,0.00
16.655958,264.0234,-0.615234,111,78.0469,0.00,1,0.00
16.656960,264.1113,-0.527344,111,78.0469,0.00,1,0.00
16.657961,264.0234,-0.615234,111,78.0469,0.00,1,0.00
16.658962,264.0234,-0.615234,111,78.0469,0.00,1,0.00
16.659964,264.0234,-0.615234,111,78.0469,0.00,1,0.00
16.660965,264.1113,-0.527344,111,78.0469,0.00,1,0.00
16.661966,264.0234,-0.615234,111,78.0469,0.00,1,0.00
16.662968,264.0234,-0.615234,111,78.0469,0.00,1,0.00
16.663969,264.0234,-0.615234,111,78.0469,0.00,1,0.00
16.664970,264.0234,-0.615234,111,78.0469,0.00,1,0.00
16.665972,264.0234,-0.615234,111,78.0469,0.00,1,0.00
16.666973,264.1113,-0.527344,111,78.0469,0.00,1,0.00
16.667974,264.1113,-0.527344,111,78.0469,0.00,1,0.00
16.668976,264.0234,-0.615234,111,78.0469,0.00,1,0.00
16.669977,264.0234,-0.615234,111,78.0469,0.00,1,0.00
16.670979,264.0234,-0.615234,111,78.0469,0.00,1,0.00
16.671980,264.0234,-0.615234,111,78.0469,0.00,1,0.00
16.672981,264.0234,-0.615234,111,78.0469,0.00,1,0.00
16.673983,264.0234,-0.615234,111,78.0469,0.00,1,0.00
16.674984,263.9355,-0.703125,111,78.0469,0.00,1,0.00
16.675985,264.0234,-0.615234,111,78.0469,0.00,1,0.00
16.676987,264.0234,-0.615234,111,78.0469,0.00,1,0.00
16.684282,264.0234,-0.615234,111,78.0469,0.00,1,0.00
16.685284,264.0234,-0.615234,111,78.0469,0.00,1,0.00
16.686285,264.1113,-0.527344,111,78.0469,0.00,1,0.00
16.687286,264.1113,-0.527344,111,78.0469,0.00,1,0.00
16.688288,264.1113,-0.527344,111,78.0469,0.00,1,0.00
16.689289,264.0234,-0.615234,111,78.0469,0.00,1,0.00
16.690290,264.0234,-0.615234,111,78.0469,0.00,1,0.00
16.691292,264.0234,-0.615234,111,78.0469,0.00,1,0.00
16.692293,263.9355,-0.703125,111,78.0469,0.00,1,0.00
16.693295,264.0234,-0.615234,111,78.0469,0.00,1,0.00
16.694296,264.0234,-0.615234,111,78.0469,0.00,1,0.00
16.695297,264.0234,-0.615234,111,78.0469,0.00,1,0.00
16.696299,264.0234,-0.615234,111,78.0469,0.00,1,0.00
16.697300,264.0234,-0.615234,111,78.0469,0.00,1,0.00
16.698301,263.9355,-0.703125,111,78.0469,0.00,1,0.00
16.699303,264.0234,-0.615234,111,78.0469,0.00,1,0.00
16.700304,264.0234,-0.615234,111,78.0469,0.00,1,0.00
16.701305,264.0234,-0.615234,111,78.0469,0.00,1,0.00
16.702307,264.0234,-0.615234,111,78.0469,0.00,1,0.00
16.703308,264.1113,-0.527344,111,78.0469,0.00,1,0.00
16.704309,264.0234,-0.615234,111,78.0469,0.00,1,0.00
16.705311,264.0234,-0.615234,111,78.0469,0.00,1,0.00
16.706312,264.0234,-0.615234,111,78.0469,0.00,1,0.00
16.707314,264.0234,-0.615234,111,78.0469,0.00,1,0.00
16.708315,264.1113,-0.527344,111,78.0469,0.00,1,0.00
16.709316,264.0234,-0.615234,111,78.0469,0.00,1,0.00
16.710318,264.0234,-0.615234,111,78.0469,0.00,1,0.00
16.711319,264.0234,-0.615234,111,78.0469,0.00,1,0.00
16.712320,264.0234,-0.615234,111,78.0469,0.00,1,0.00
16.713322,264.0234,-0.615234,111,78.0469,0.00,1,0.00
16.714323,264.0234,-0.615234,111,78.0469,0.00,1,0.00
16.715324,264.1113,-0.527344,111,78.0469,0.00,1,0.00
16.716326,264.0234,-0.615234,111,78.0469,0.00,1,0.00
16.717327,264.1113,-0.527344,111,78.0469,0.00,1,0.00
16.718328,264.0234,-0.615234,111,78.0469,0.00,1,0.00
16.719330,264.0234,-0.615234,111,78.0469,0.00,1,0.00
16.720331,264.0234,-0.615234,111,78.0469,0.00,1,0.00
16.721333,264.0234,-0.615234,111,78.0469,0.00,1,0.00
16.722334,264.0234,-0.615234,111,78.0469,0.00,1,0.00
16.723335,263.9355,-0.703125,111,78.0469,0.00,1,0.00
16.724337,264.0234,-0.615234,111,78.0469,0.00,1,0.00
16.725338,264.1113,-0.527344,111,78.0469,0.00,1,0.00
16.726339,264.1113,-0.527344,111,78.0469,0.00,1,0.00
16.727341,264.0234,-0.615234,111,78.0469,0.00,1,0.00
16.728342,264.0234,-0.615234,111,78.0469,0.00,1,0.00
16.729343,264.1113,-0.527344,111,78.0469,0.00,1,0.00
16.730345,264.1113,-0.527344,111,78.0469,0.00,1,0.00
16.731346,264.0234,-0.615234,111,78.0469,0.00,1,0.00
16.732347,264.0234,-0.615234,111,78.0469,0.00,1,0.00
16.733349,264.0234,-0.615234,111,78.0469,0.00,1,0.00
16.740669,264.0234,-0.615234,111,78.0469,0.00,1,0.00
16.741671,264.0234,-0.615234,111,78.0469,0.00,1,0.00
16.742672,264.0234,-0.615234,111,78.0469,0.00,1,0.00
16.743673,264.0234,-0.615234,111,78.0469,0.00,1,0.00
16.744675,264.0234,-0.615234,111,78.0469,0.00,1,0.00
16.745676,264.1113,-0.527344,111,78.0469,0.00,1,0.00
16.746677,264.1113,-0.527344,111,78.0469,0.00,1,0.00
16.747679,264.0234,-0.615234,111,78.0469,0.00,1,0.00
16.748680,264.0234,-0.615234,111,78.0469,0.00,1,0.00
16.749681,264.0234,-0.615234,111,78.0469,0.00,1,0.00
16.750683,264.0234,-0.615234,111,78.0469,0.00,1,0.00
16.751684,264.0234,-0.615234,111,78.0469,0.00,1,0.00
16.752686,263.9355,-0.703125,111,78.0469,0.00,1,0.00
16.753687,264.0234,-0.615234,111,78.0469,0.00,1,0.00
16.754688,264.0234,-0.615234,111,78.0469,0.00,1,0.00
16.755690,264.0234,-0.615234,111,78.0469,0.00,1,0.00
16.756691,264.0234,-0.615234,111,78.0469,0.00,1,0.00
16.757692,264.0234,-0.615234,111,78.0469,0.00,1,0.00
16.758694,264.0234,-0.615234,111,78.0469,0.00,1,0.00
16.759695,264.1113,-0.527344,111,78.0469,0.00,1,0.00
16.760696,264.1113,-0.527344,111,78.0469,0.00,1,0.00
16.761698,264.0234,-0.615234,111,78.0469,0.00,1,0.00
16.762699,263.9355,-0.703125,111,78.0469,0.00,1,0.00
16.763700,263.9355,-0.703125,111,78.0469,0.00,1,0.00
16.764702,264.0234,-0.615234,111,78.0469,0.00,1,0.00
16.765703,264.1113,-0.527344,111,78.0469,0.00,1,0.00
16.766705,264.0234,-0.615234,111,78.0469,0.00,1,0.00
16.767706,264.0234,-0.615234,111,78.0469,0.00,1,0.00
16.768707,264.0234,-0.615234,111,78.0469,0.00,1,0.00
16.769709,264.0234,-0.615234,111,78.0469,0.00,1,0.00
16.770710,263.9355,-0.703125,111,78.0469,0.00,1,0.00
16.771711,264.0234,-0.615234,111,78.0469,0.00,1,0.00
16.772713,264.0234,-0.615234,111,78.0469,0.00,1,0.00
16.773714,264.0234,-0.615234,111,78.0469,0.00,1,0.00
16.774715,264.1113,-0.527344,111,78.0469,0.00,1,0.00
16.775717,264.1113,-0.527344,111,78.0469,0.00,1,0.00
16.776718,264.1113,-0.527344,111,78.0469,0.00,1,0.00
16.777719,264.1113,-0.527344,111,78.0469,0.00,1,0.00
16.778721,264.1113,-0.527344,111,78.0469,0.00,1,0.00
16.779722,264.1113,-0.527344,111,78.0469,0.00,1,0.00
16.780724,264.0234,-0.615234,111,78.0469,0.00,1,0.00
16.781727,264.0234,-0.615234,111,78.0469,0.00,1,0.00
16.782728,264.0234,-0.615234,111,78.0469,0.00,1,0.00
16.783730,264.0234,-0.615234,111,78.0469,0.00,1,0.00
16.784731,264.0234,-0.615234,111,78.0469,0.00,1,0.00
16.785732,264.0234,-0.615234,111,78.0469,0.00,1,0.00
16.786734,264.0234,-0.615234,111,78.0469,0.00,1,0.00
16.787737,264.0234,-0.615234,111,78.0469,0.00,1,0.00
16.788738,264.0234,-0.615234,111,78.0469,0.00,1,0.00
16.789740,264.0234,-0.615234,111,78.0469,0.00,1,0.00
16.797085,264.0234,-0.615234,111,78.0469,0.00,1,0.00
16.798086,264.0234,-0.615234,111,78.0469,0.00,1,0.00
16.799088,264.0234,-0.615234,111,78.0469,0.00,1,0.00
16.800089,264.0234,-0.615234,111,78.0469,0.00,1,0.00
16.801090,264.0234,-0.615234,111,78.0469,0.00,1,0.00
16.802092,264.0234,-0.615234,111,78.0469,0.00,1,0.00
16.803095,264.0234,-0.615234,111,78.0469,0.00,1,0.00
16.804096,264.0234,-0.615234,111,78.0469,0.00,1,0.00
16.805098,264.0234,-0.615234,111,78.0469,0.00,1,0.00
16.806101,264.1113,-0.527344,111,78.0469,0.00,1,0.00
16.807102,264.0234,-0.615234,111,78.0469,0.00,1,0.00
16.808104,264.0234,-0.615234,111,78.0469,0.00,1,0.00
16.809107,264.0234,-0.615234,111,78.0469,0.00,1,0.00
16.810108,264.0234,-0.615234,111,78.0469,0.00,1,0.00
16.811110,264.1113,-0.527344,111,78.0469,0.00,1,0.00
16.812111,264.1113,-0.527344,111,78.0469,0.00,1,0.00
16.813112,264.0234,-0.615234,111,78.0469,0.00,1,0.00
16.814114,264.0234,-0.615234,111,78.0469,0.00,1,0.00
16.815117,264.0234,-0.615234,111,78.0469,0.00,1,0.00
16.816118,264.0234,-0.615234,111,78.0469,0.00,1,0.00
16.817120,264.1113,-0.527344,111,78.0469,0.00,1,0.00
16.818123,264.0234,-0.615234,111,78.0469,0.00,1,0.00
16.819124,264.0234,-0.615234,111,78.0469,0.00,1,0.00
16.820126,264.0234,-0.615234,111,78.0469,0.00,1,0.00
16.821129,264.0234,-0.615234,111,78.0469,0.00,1,0.00
16.822130,264.0234,-0.615234,111,78.0469,0.00,1,0.00
16.823132,264.0234,-0.615234,111,78.0469,0.00,1,0.00
16.824135,264.0234,-0.615234,111,78.0469,0.00,1,0.00
16.825136,264.1113,-0.527344,111,78.0469,0.00,1,0.00
16.826138,264.0234,-0.615234,111,78.0469,0.00,1,0.00
16.827139,264.0234,-0.615234,111,78.0469,0.00,1,0.00
16.828140,264.0234,-0.615234,111,78.0469,0.00,1,0.00
16.829142,264.0234,-0.615234,111,78.0469,0.00,1,0.00
16.830145,264.0234,-0.615234,111,78.0469,0.00,1,0.00
16.831146,264.0234,-0.615234,111,78.0469,0.00,1,0.00
16.832148,264.1113,-0.527344,111,78.0469,0.00,1,0.00
16.833151,264.0234,-0.615234,111,78.0469,0.00,1,0.00
16.834152,264.0234,-0.615234,111,78.0469,0.00,1,0.00
16.835154,264.0234,-0.615234,111,78.0469,0.00,1,0.00
16.836157,264.0234,-0.615234,111,78.0469,0.00,1,0.00
16.837158,264.0234,-0.615234,111,78.0469,0.00,1,0.00
16.838160,264.0234,-0.615234,111,78.0469,0.00,1,0.00
16.839163,264.0234,-0.615234,111,78.0469,0.00,1,0.00
16.840164,264.1113,-0.527344,111,78.0469,0.00,1,0.00
16.841166,264.1113,-0.527344,111,78.0469,0.00,1,0.00
16.842167,264.0234,-0.615234,111,78.0469,0.00,1,0.00
16.843168,264.1113,-0.527344,111,78.0469,0.00,1,0.00
16.844170,264.0234,-0.615234,111,78.0469,0.00,1,0.00
16.845173,263.9355,-0.703125,111,78.0469,0.00,1,0.00
16.846174,264.0234,-0.615234,111,78.0469,0.00,1,0.00
16.854076,263.9355,-0.703125,111,78.0469,0.00,1,0.00
16.855078,264.0234,-0.615234,111,78.0469,0.00,1,0.00
16.856079,264.0234,-0.615234,111,78.0469,0.00,1,0.00
16.857080,264.0234,-0.615234,111,78.0469,0.00,1,0.00
16.858082,264.0234,-0.615234,111,78.0469,0.00,1,0.00
16.859083,264.1113,-0.527344,111,78.0469,0.00,1,0.00
16.860085,264.1113,-0.527344,111,78.0469,0.00,1,0.00
16.861086,264.0234,-0.615234,111,78.0469,0.00,1,0.00
16.862087,264.0234,-0.615234,111,78.0469,0.00,1,0.00
16.863089,264.0234,-0.615234,111,78.0469,0.00,1,0.00
16.864090,264.0234,-0.615234,111,78.0469,0.00,1,0.00
16.865091,264.0234,-0.615234,111,78.0469,0.00,1,0.00
16.866722,264.1113,-0.527344,111,78.0469,0.00,1,0.00
16.867723,264.0234,-0.615234,111,78.0469,0.00,1,0.00
16.868725,264.0234,-0.615234,111,78.0469,0.00,1,0.00
16.869726,264.1113,-0.527344,111,78.0469,0.00,1,0.00
16.870728,264.1113,-0.527344,111,78.0469,0.00,1,0.00
16.871729,264.0234,-0.615234,111,78.0469,0.00,1,0.00
16.872730,264.0234,-0.615234,111,78.0469,0.00,1,0.00
16.873732,264.0234,-0.615234,111,78.0469,0.00,1,0.00
16.874735,264.0234,-0.615234,111,78.0469,0.00,1,0.00
16.875736,264.0234,-0.615234,111,78.0469,0.00,1,0.00
16.876738,264.0234,-0.615234,111,78.0469,0.00,1,0.00
16.877741,264.0234,-0.615234,111,78.0469,0.00,1,0.00
16.878742,264.0234,-0.615234,111,78.0469,0.00,1,0.00
16.879744,264.0234,-0.615234,111,78.0469,0.00,1,0.00
16.880747,264.1113,-0.527344,111,78.0469,0.00,1,0.00
16.881748,264.1113,-0.527344,111,78.0469,0.00,1,0.00
16.882750,264.0234,-0.615234,111,78.0469,0.00,1,0.00
16.883753,264.0234,-0.615234,111,78.0469,0.00,1,0.00
16.884754,264.0234,-0.615234,111,78.0469,0.00,1,0.00
16.885756,264.0234,-0.615234,111,78.0469,0.00,1,0.00
16.886757,264.1113,-0.527344,111,78.0469,0.00,1,0.00
16.887758,264.1113,-0.527344,111,78.0469,0.00,1,0.00
16.888760,264.1113,-0.527344,111,78.0469,0.00,1,0.00
16.889763,264.0234,-0.615234,111,78.0469,0.00,1,0.00
16.890764,264.0234,-0.615234,111,78.0469,0.00,1,0.00
16.891766,263.9355,-0.703125,111,78.0469,0.00,1,0.00
16.892769,264.0234,-0.615234,111,78.0469,0.00,1,0.00
16.893770,264.0234,-0.615234,111,78.0469,0.00,1,0.00
16.894772,263.9355,-0.703125,111,78.0469,0.00,1,0.00
16.895775,263.9355,-0.703125,111,78.0469,0.00,1,0.00
16.896776,264.0234,-0.615234,111,78.0469,0.00,1,0.00
16.897778,264.0234,-0.615234,111,78.0469,0.00,1,0.00
16.898781,264.0234,-0.615234,111,78.0469,0.00,1,0.00
16.899782,264.0234,-0.615234,111,78.0469,0.00,1,0.00
16.900784,264.0234,-0.615234,111,78.0469,0.00,1,0.00
16.901785,264.1113,-0.527344,111,78.0469,0.00,1,0.00
16.902786,264.0234,-0.615234,111,78.0469,0.00,1,0.00
16.903788,264.0234,-0.615234,111,78.0469,0.00,1,0.00
16.911083,263.9355,-0.703125,111,78.0469,0.00,1,0.00
16.912085,263.9355,-0.703125,111,78.0469,0.00,1,0.00
16.913086,263.9355,-0.703125,111,78.0469,0.00,1,0.00
16.914087,264.1113,-0.527344,111,78.0469,0.00,1,0.00
16.915089,264.1113,-0.527344,111,78.0469,0.00,1,0.00
16.916090,264.0234,-0.615234,111,78.0469,0.00,1,0.00
16.917091,264.0234,-0.615234,111,78.0469,0.00,1,0.00
16.918093,264.0234,-0.615234,111,78.0469,0.00,1,0.00
16.919094,264.0234,-0.615234,111,78.0469,0.00,1,0.00
16.920095,264.0234,-0.615234,111,78.0469,0.00,1,0.00
16.921097,264.0234,-0.615234,111,78.0469,0.00,1,0.00
16.922098,264.0234,-0.615234,111,78.0469,0.00,1,0.00
16.923100,264.0234,-0.615234,111,78.0469,0.00,1,0.00
16.924101,264.0234,-0.615234,111,78.0469,0.00,1,0.00
16.925102,264.0234,-0.615234,111,78.0469,0.00,1,0.00
16.926104,264.1113,-0.527344,111,78.0469,0.00,1,0.00
16.927107,264.1113,-0.527344,111,78.0469,0.00,1,0.00
16.928108,264.0234,-0.615234,111,78.0469,0.00,1,0.00
16.929110,264.0234,-0.615234,111,78.0469,0.00,1,0.00
16.930113,264.0234,-0.615234,111,78.0469,0.00,1,0.00
16.931114,264.0234,-0.615234,111,78.0469,0.00,1,0.00
16.932116,264.0234,-0.615234,111,78.0469,0.00,1,0.00
16.933119,264.0234,-0.615234,111,78.0469,0.00,1,0.00
16.934120,264.0234,-0.615234,111,78.0469,0.00,1,0.00
16.935122,264.0234,-0.615234,111,78.0469,0.00,1,0.00
16.936123,264.0234,-0.615234,111,78.0469,0.00,1,0.00
16.937124,263.9355,-0.703125,111,78.0469,0.00,1,0.00
16.938126,263.9355,-0.703125,111,78.0469,0.00,1,0.00
16.939129,264.0234,-0.615234,111,78.0469,0.00,1,0.00
16.940130,264.1113,-0.527344,111,78.0469,0.00,1,0.00
16.941132,264.0234,-0.615234,111,78.0469,0.00,1,0.00
16.942135,264.0234,-0.615234,111,78.0469,0.00,1,0.00
16.943136,264.0234,-0.615234,111,78.0469,0.00,1,0.00
16.944138,264.0234,-0.615234,111,78.0469,0.00,1,0.00
16.945141,264.0234,-0.615234,111,78.0469,0.00,1,0.00
16.946142,264.0234,-0.615234,111,78.0469,0.00,1,0.00
16.947144,264.0234,-0.615234,111,78.0469,0.00,1,0.00
16.948147,264.0234,-0.615234,111,78.0469,0.00,1,0.00
16.949148,264.0234,-0.615234,111,78.0469,0.00,1,0.00
16.950150,264.1113,-0.527344,111,78.0469,0.00,1,0.00
16.951151,264.1113,-0.527344,111,78.0469,0.00,1,0.00
16.952152,264.1113,-0.527344,111,78.0469,0.00,1,0.00
16.953154,264.1113,-0.527344,111,78.0469,0.00,1,0.00
16.954157,264.0234,-0.615234,111,78.0469,0.00,1,0.00
16.955158,264.0234,-0.615234,111,78.0469,0.00,1,0.00
16.956160,264.0234,-0.615234,111,78.0469,0.00,1,0.00
16.957163,264.1113,-0.527344,111,78.0469,0.00,1,0.00
16.958164,264.0234,-0.615234,111,78.0469,0.00,1,0.00
16.959166,264.1113,-0.527344,111,78.0469,0.00,1,0.00
16.960169,264.1113,-0.527344,111,78.0469,0.00,1,0.00
16.967466,264.0234,-0.615234,111,78.0469,0.00,1,0.00
16.968468,264.1113,-0.527344,111,78.0469,0.00,1,0.00
16.969469,264.1113,-0.527344,111,78.0469,0.00,1,0.00
16.970470,264.0234,-0.615234,111,78.0469,0.00,1,0.00
16.971472,264.1113,-0.527344,111,78.0469,0.00,1,0.00
16.972473,264.0234,-0.615234,111,78.0469,0.00,1,0.00
16.973475,264.0234,-0.615234,111,78.0469,0.00,1,0.00
16.974476,264.0234,-0.615234,111,78.0469,0.00,1,0.00
16.975477,264.0234,-0.615234,111,78.0469,0.00,1,0.00
16.976479,264.0234,-0.615234,111,78.0469,0.00,1,0.00
16.977480,264.0234,-0.615234,111,78.0469,0.00,1,0.00
16.978481,264.1113,-0.527344,111,78.0469,0.00,1,0.00
16.979483,264.1113,-0.527344,111,78.0469,0.00,1,0.00
16.980484,264.1113,-0.527344,111,78.0469,0.00,1,0.00
16.981485,264.0234,-0.615234,111,78.0469,0.00,1,0.00
16.982487,264.0234,-0.615234,111,78.0469,0.00,1,0.00
16.983488,264.0234,-0.615234,111,78.0469,0.00,1,0.00
16.984489,264.0234,-0.615234,111,78.0469,0.00,1,0.00
16.985491,264.0234,-0.615234,111,78.0469,0.00,1,0.00
16.986492,264.0234,-0.615234,111,78.0469,0.00,1,0.00
16.987494,264.0234,-0.615234,111,78.0469,0.00,1,0.00
16.988495,264.0234,-0.615234,111,78.0469,0.00,1,0.00
16.989496,264.0234,-0.615234,111,78.0469,0.00,1,0.00
16.990498,264.0234,-0.615234,111,78.0469,0.00,1,0.00
16.991501,264.0234,-0.615234,111,78.0469,0.00,1,0.00
16.992502,264.0234,-0.615234,111,78.0469,0.00,1,0.00
16.993504,264.0234,-0.615234,111,78.0469,0.00,1,0.00
16.994507,264.0234,-0.615234,111,78.0469,0.00,1,0.00
16.995508,264.0234,-0.615234,111,78.0469,0.00,1,0.00
16.996510,264.1113,-0.527344,111,78.0469,0.00,1,0.00
16.997511,264.0234,-0.615234,111,78.0469,0.00,1,0.00
16.998512,263.9355,-0.703125,111,78.0469,0.00,1,0.00
16.999514,264.0234,-0.615234,111,78.0469,0.00,1,0.00
17.000517,264.0234,-0.615234,111,78.0469,0.00,1,0.00
17.001518,264.0234,-0.615234,111,78.0469,0.00,1,0.00
17.002520,264.0234,-0.615234,111,78.0469,0.00,1,0.00
17.003523,264.0234,-0.615234,111,78.0469,0.00,1,0.00
17.004524,264.0234,-0.615234,111,78.0469,0.00,1,0.00
17.005526,264.1113,-0.527344,111,78.0469,0.00,1,0.00
17.006529,264.1113,-0.527344,111,78.0469,0.00,1,0.00
17.007530,264.0234,-0.615234,111,78.0469,0.00,1,0.00
17.008532,264.0234,-0.615234,111,78.0469,0.00,1,0.00
17.009535,264.1113,-0.527344,111,78.0469,0.00,1,0.00
17.010536,264.1113,-0.527344,111,78.0469,0.00,1,0.00
17.011538,264.0234,-0.615234,111,78.0469,0.00,1,0.00
17.012539,264.0234,-0.615234,111,78.0469,0.00,1,0.00
17.013540,264.0234,-0.615234,111,78.0469,0.00,1,0.00
17.014542,264.0234,-0.615234,111,78.0469,0.00,1,0.00
17.015545,264.0234,-0.615234,111,78.0469,0.00,1,0.00
17.016546,264.0234,-0.615234,111,78.0469,0.00,1,0.00
17.023863,264.0234,-0.615234,111,78.0469,0.00,1,0.00
17.024864,264.0234,-0.615234,111,78.0469,0.00,1,0.00
17.025866,264.0234,-0.615234,111,78.0469,0.00,1,0.00
17.026869,264.0234,-0.615234,111,78.0469,0.00,1,0.00
17.027870,264.0234,-0.615234,111,78.0469,0.00,1,0.00
17.028872,264.0234,-0.615234,111,78.0469,0.00,1,0.00
17.029873,264.1113,-0.527344,111,78.0469,0.00,1,0.00
17.030874,264.0234,-0.615234,111,78.0469,0.00,1,0.00
17.031876,264.0234,-0.615234,111,78.0469,0.00,1,0.00
17.032879,264.1113,-0.527344,111,78.0469,0.00,1,0.00
17.033880,264.1113,-0.527344,111,78.0469,0.00,1,0.00
17.034882,264.1113,-0.527344,111,78.0469,0.00,1,0.00
17.035885,264.0234,-0.615234,111,78.0469,0.00,1,0.00
17.036886,264.0234,-0.615234,111,78.0469,0.00,1,0.00
17.037888,264.1113,-0.527344,111,78.0469,0.00,1,0.00
17.038891,264.0234,-0.615234,111,78.0469,0.00,1,0.00
17.039892,264.0234,-0.615234,111,78.0469,0.00,1,0.00
17.040894,264.0234,-0.615234,111,78.0469,0.00,1,0.00
17.041897,264.0234,-0.615234,111,78.0469,0.00,1,0.00
17.042898,263.9355,-0.703125,111,78.0469,0.00,1,0.00
17.043900,264.0234,-0.615234,111,78.0469,0.00,1,0.00
17.044901,264.0234,-0.615234,111,78.0469,0.00,1,0.00
17.045902,264.0234,-0.615234,111,78.0469,0.00,1,0.00
17.046904,264.0234,-0.615234,111,78.0469,0.00,1,0.00
17.047907,264.1113,-0.527344,111,78.0469,0.00,1,0.00
17.048908,264.1113,-0.527344,111,78.0469,0.00,1,0.00
17.049910,264.1113,-0.527344,111,78.0469,0.00,1,0.00
17.050913,264.0234,-0.615234,111,78.0469,0.00,1,0.00
17.051914,264.1113,-0.527344,111,78.0469,0.00,1,0.00
17.052916,264.0234,-0.615234,111,78.0469,0.00,1,0.00
17.053919,264.0234,-0.615234,111,78.0469,0.00,1,0.00
17.054920,264.0234,-0.615234,111,78.0469,0.00,1,0.00
17.055922,264.0234,-0.615234,111,78.0469,0.00,1,0.00
17.056925,264.0234,-0.615234,111,78.0469,0.00,1,0.00
17.057926,264.0234,-0.615234,111,78.0469,0.00,1,0.00
17.058928,264.0234,-0.615234,111,78.0469,0.00,1,0.00
17.059929,264.0234,-0.615234,111,78.0469,0.00,1,0.00
17.060930,264.1113,-0.527344,111,78.0469,0.00,1,0.00
17.061932,264.0234,-0.615234,111,78.0469,0.00,1,0.00
17.062935,264.0234,-0.615234,111,78.0469,0.00,1,0.00
17.063936,264.0234,-0.615234,111,78.0469,0.00,1,0.00
17.064938,264.0234,-0.615234,111,78.0469,0.00,1,0.00
17.065941,264.0234,-0.615234,111,78.0469,0.00,1,0.00
17.066942,264.0234,-0.615234,111,78.0469,0.00,1,0.00
17.067944,264.0234,-0.615234,111,78.0469,0.00,1,0.00
17.068947,264.0234,-0.615234,111,78.0469,0.00,1,0.00
17.069948,264.0234,-0.615234,111,78.0469,0.00,1,0.00
17.070950,264.0234,-0.615234,111,78.0469,0.00,1,0.00
17.071953,264.0234,-0.615234,111,78.0469,0.00,1,0.00
17.072954,264.0234,-0.615234,111,78.0469,0.00,1,0.00
17.080273,264.1113,-0.527344,111,78.0469,0.00,1,0.00
17.081274,264.0234,-0.615234,111,78.0469,0.00,1,0.00
17.082275,264.0234,-0.615234,111,78.0469,0.00,1,0.00
17.083277,264.1113,-0.527344,111,78.0469,0.00,1,0.00
17.084278,264.1113,-0.527344,111,78.0469,0.00,1,0.00
17.085279,264.0234,-0.615234,111,78.0469,0.00,1,0.00
17.086281,264.1113,-0.527344,111,78.0469,0.00,1,0.00
17.087282,264.1113,-0.527344,111,78.0469,0.00,1,0.00
17.088284,264.0234,-0.615234,111,78.0469,0.00,1,0.00
17.089285,264.0234,-0.615234,111,78.0469,0.00,1,0.00
17.090286,264.0234,-0.615234,111,78.0469,0.00,1,0.00
17.091288,264.0234,-0.615234,111,78.0469,0.00,1,0.00
17.092291,264.0234,-0.615234,111,78.0469,0.00,1,0.00
17.093292,264.1113,-0.527344,111,78.0469,0.00,1,0.00
17.094294,264.0234,-0.615234,111,78.0469,0.00,1,0.00
17.095297,264.1113,-0.527344,111,78.0469,0.00,1,0.00
17.096298,264.1113,-0.527344,111,78.0469,0.00,1,0.00
17.097300,264.0234,-0.615234,111,78.0469,0.00,1,0.00
17.098303,264.0234,-0.615234,111,78.0469,0.00,1,0.00
17.099304,264.0234,-0.615234,111,78.0469,0.00,1,0.00
17.100306,264.0234,-0.615234,111,78.0469,0.00,1,0.00
17.101309,263.9355,-0.703125,111,78.0469,0.00,1,0.00
17.102310,264.0234,-0.615234,111,78.0469,0.00,1,0.00
17.103312,264.0234,-0.615234,111,78.0469,0.00,1,0.00
17.104313,264.0234,-0.615234,111,78.0469,0.00,1,0.00
17.105314,264.0234,-0.615234,111,78.0469,0.00,1,0.00
17.106316,264.1113,-0.527344,111,78.0469,0.00,1,0.00
17.107319,264.0234,-0.615234,111,78.0469,0.00,1,0.00
17.108320,264.0234,-0.615234,111,78.0469,0.00,1,0.00
17.109322,264.0234,-0.615234,111,78.0469,0.00,1,0.00
17.110325,264.0234,-0.615234,111,78.0469,0.00,1,0.00
17.111326,264.0234,-0.615234,111,78.0469,0.00,1,0.00
17.112328,264.0234,-0.615234,111,78.0469,0.00,1,0.00
17.113331,264.0234,-0.615234,111,78.0469,0.00,1,0.00
17.114332,264.0234,-0.615234,111,78.0469,0.00,1,0.00
17.115334,264.0234,-0.615234,111,78.0469,0.00,1,0.00
17.116337,264.0234,-0.615234,111,78.0469,0.00,1,0.00
17.117338,264.0234,-0.615234,111,78.0469,0.00,1,0.00
17.118340,264.0234,-0.615234,111,78.0469,0.00,1,0.00
17.119341,263.9355,-0.703125,111,78.0469,0.00,1,0.00
17.120342,264.0234,-0.615234,111,78.0469,0.00,1,0.00
17.121344,264.0234,-0.615234,111,78.0469,0.00,1,0.00
17.122347,264.0234,-0.615234,111,78.0469,0.00,1,0.00
17.123348,264.0234,-0.615234,111,78.0469,0.00,1,0.00
17.124350,263.9355,-0.703125,111,78.0469,0.00,1,0.00
17.125353,264.0234,-0.615234,111,78.0469,0.00,1,0.00
17.126354,264.0234,-0.615234,111,78.0469,0.00,1,0.00
17.127356,264.0234,-0.615234,111,78.0469,0.00,1,0.00
17.128359,264.0234,-0.615234,111,78.0469,0.00,1,0.00
17.129360,264.0234,-0.615234,111,78.0469,0.00,1,0.00
17.137136,264.0234,-0.615234,111,78.0469,0.00,1,0.00
17.138138,264.0234,-0.615234,111,78.0469,0.00,1,0.00
17.139139,264.0234,-0.615234,111,78.0469,0.00,1,0.00
17.140141,264.1113,-0.527344,111,78.0469,0.00,1,0.00
17.141142,264.0234,-0.615234,111,78.0469,0.00,1,0.00
17.142143,264.0234,-0.615234,111,78.0469,0.00,1,0.00
17.143145,264.0234,-0.615234,111,78.0469,0.00,1,0.00
17.144146,264.0234,-0.615234,111,78.0469,0.00,1,0.00
17.145147,264.1113,-0.527344,111,78.0469,0.00,1,0.00
17.146149,264.1113,-0.527344,111,78.0469,0.00,1,0.00
17.147150,264.1113,-0.527344,111,78.0469,0.00,1,0.00
17.148151,264.1113,-0.527344,111,78.0469,0.00,1,0.00
17.149153,264.1113,-0.527344,111,78.0469,0.00,1,0.00
17.150154,264.0234,-0.615234,111,78.0469,0.00,1,0.00
17.151155,264.1113,-0.527344,111,78.0469,0.00,1,0.00
17.152157,264.1113,-0.527344,111,78.0469,0.00,1,0.00
17.153158,264.0234,-0.615234,111,78.0469,0.00,1,0.00
17.154160,264.0234,-0.615234,111,78.0469,0.00,1,0.00
17.155161,264.0234,-0.615234,111,78.0469,0.00,1,0.00
17.156162,264.0234,-0.615234,111,78.0469,0.00,1,0.00
17.157164,264.0234,-0.615234,111,78.0469,0.00,1,0.00
17.158167,264.0234,-0.615234,111,78.0469,0.00,1,0.00
17.159168,263.9355,-0.703125,111,78.0469,0.00,1,0.00
17.160170,263.9355,-0.703125,111,78.0469,0.00,1,0.00
17.161173,263.9355,-0.703125,111,78.0469,0.00,1,0.00
17.162174,263.9355,-0.703125,111,78.0469,0.00,1,0.00
17.163176,264.0234,-0.615234,111,78.0469,0.00,1,0.00
17.164179,264.0234,-0.615234,111,78.0469,0.00,1,0.00
17.165180,264.1113,-0.527344,111,78.0469,0.00,1,0.00
17.166182,264.1113,-0.527344,111,78.0469,0.00,1,0.00
17.167185,264.0234,-0.615234,111,78.0469,0.00,1,0.00
17.168186,264.0234,-0.615234,111,78.0469,0.00,1,0.00
17.169188,264.0234,-0.615234,111,78.0469,0.00,1,0.00
17.170189,264.0234,-0.615234,111,78.0469,0.00,1,0.00
17.171190,264.0234,-0.615234,111,78.0469,0.00,1,0.00
17.172192,264.0234,-0.615234,111,78.0469,0.00,1,0.00
17.173195,264.0234,-0.615234,111,78.0469,0.00,1,0.00
17.174196,264.1113,-0.527344,111,78.0469,0.00,1,0.00
17.175198,264.0234,-0.615234,111,78.0469,0.00,1,0.00
17.176201,264.0234,-0.615234,111,78.0469,0.00,1,0.00
17.177202,264.0234,-0.615234,111,78.0469,0.00,1,0.00
17.178204,264.1113,-0.527344,111,78.0469,0.00,1,0.00
17.179207,264.1113,-0.527344,111,78.0469,0.00,1,0.00
17.180208,264.0234,-0.615234,111,78.0469,0.00,1,0.00
17.181210,264.0234,-0.615234,111,78.0469,0.00,1,0.00
17.182213,264.0234,-0.615234,111,78.0469,0.00,1,0.00
17.183214,264.0234,-0.615234,111,78.0469,0.00,1,0.00
17.184216,263.9355,-0.703125,111,78.0469,0.00,1,0.00
17.185217,264.0234,-0.615234,111,78.0469,0.00,1,0.00
17.186218,264.1113,-0.527344,111,78.0469,0.00,1,0.00
17.193489,264.0234,-0.615234,111,78.0469,0.00,1,0.00
17.194490,264.0234,-0.615234,111,78.0469,0.00,1,0.00
17.195492,264.0234,-0.615234,111,78.0469,0.00,1,0.00
17.196493,264.0234,-0.615234,111,78.0469,0.00,1,0.00
17.197495,264.0234,-0.615234,111,78.0469,0.00,1,0.00
17.198496,264.0234,-0.615234,111,78.0469,0.00,1,0.00
17.199497,264.1113,-0.527344,111,78.0469,0.00,1,0.00
17.200499,264.0234,-0.615234,111,78.0469,0.00,1,0.00
17.201500,264.0234,-0.615234,111,78.0469,0.00,1,0.00
17.202501,264.0234,-0.615234,111,78.0469,0.00,1,0.00
17.203503,264.0234,-0.615234,111,78.0469,0.00,1,0.00
17.204504,264.0234,-0.615234,111,78.0469,0.00,1,0.00
17.205505,264.1113,-0.527344,111,78.0469,0.00,1,0.00
17.206507,264.0234,-0.615234,111,78.0469,0.00,1,0.00
17.207508,264.0234,-0.615234,111,78.0469,0.00,1,0.00
17.208509,264.0234,-0.615234,111,78.0469,0.00,1,0.00
17.209511,264.0234,-0.615234,111,78.0469,0.00,1,0.00
17.210512,264.0234,-0.615234,111,78.0469,0.00,1,0.00
17.211514,264.0234,-0.615234,111,78.0469,0.00,1,0.00
17.212515,264.0234,-0.615234,111,78.0469,0.00,1,0.00
17.213516,264.0234,-0.615234,111,78.0469,0.00,1,0.00
17.214518,264.0234,-0.615234,111,78.0469,0.00,1,0.00
17.215521,264.1113,-0.527344,111,78.0469,0.00,1,0.00
17.216522,264.0234,-0.615234,111,78.0469,0.00,1,0.00
17.217524,264.0234,-0.615234,111,78.0469,0.00,1,0.00
17.218527,264.1113,-0.527344,111,78.0469,0.00,1,0.00
17.219528,264.0234,-0.615234,111,78.0469,0.00,1,0.00
17.220530,264.0234,-0.615234,111,78.0469,0.00,1,0.00
17.221533,264.0234,-0.615234,111,78.0469,0.00,1,0.00
17.222534,264.0234,-0.615234,111,78.0469,0.00,1,0.00
17.223536,264.0234,-0.615234,111,78.0469,0.00,1,0.00
17.224537,264.1113,-0.527344,111,78.0469,0.00,1,0.00
17.225538,264.0234,-0.615234,111,78.0469,0.00,1,0.00
17.226540,263.9355,-0.703125,111,78.0469,0.00,1,0.00
17.227543,264.0234,-0.615234,111,78.0469,0.00,1,0.00
17.228544,264.0234,-0.615234,111,78.0469,0.00,1,0.00
17.229546,263.9355,-0.703125,111,78.0469,0.00,1,0.00
17.230549,264.0234,-0.615234,111,78.0469,0.00,1,0.00
17.231550,264.0234,-0.615234,111,78.0469,0.00,1,0.00
17.232552,264.1113,-0.527344,111,78.0469,0.00,1,0.00
17.233555,264.1113,-0.527344,111,78.0469,0.00,1,0.00
17.234556,264.1113,-0.527344,111,78.0469,0.00,1,0.00
17.235558,264.1113,-0.527344,111,78.0469,0.00,1,0.00
17.236561,264.0234,-0.615234,111,78.0469,0.00,1,0.00
17.237562,264.0234,-0.615234,111,78.0469,0.00,1,0.00
17.238564,264.0234,-0.615234,111,78.0469,0.00,1,0.00
17.239565,264.0234,-0.615234,111,78.0469,0.00,1,0.00
17.240566,264.0234,-0.615234,111,78.0469,0.00,1,0.00
17.241568,264.1113,-0.527344,111,78.0469,0.00,1,0.00
17.242571,264.0234,-0.615234,111,78.0469,0.00,1,0.00
17.249838,264.0234,-0.615234,111,78.0469,0.00,1,0.00
17.250839,264.1113,-0.527344,111,78.0469,0.00,1,0.00
17.251841,264.0234,-0.615234,111,78.0469,0.00,1,0.00
17.252842,264.0234,-0.615234,111,78.0469,0.00,1,0.00
17.253843,263.9355,-0.703125,111,78.0469,0.00,1,0.00
17.254845,264.0234,-0.615234,111,78.0469,0.00,1,0.00
17.255846,264.1113,-0.527344,111,78.0469,0.00,1,0.00
17.256847,264.1113,-0.527344,111,78.0469,0.00,1,0.00
17.257849,264.0234,-0.615234,111,78.0469,0.00,1,0.00
17.258850,264.0234,-0.615234,111,78.0469,0.00,1,0.00
17.259851,264.0234,-0.615234,111,78.0469,0.00,1,0.00
17.260853,264.0234,-0.615234,111,78.0469,0.00,1,0.00
17.261854,264.0234,-0.615234,111,78.0469,0.00,1,0.00
17.262856,263.9355,-0.703125,111,78.0469,0.00,1,0.00
17.263857,263.9355,-0.703125,111,78.0469,0.00,1,0.00
17.264858,264.0234,-0.615234,111,78.0469,0.00,1,0.00
17.265860,264.0234,-0.615234,111,78.0469,0.00,1,0.00
17.266863,264.1113,-0.527344,111,78.0469,0.00,1,0.00
17.267864,264.0234,-0.615234,111,78.0469,0.00,1,0.00
17.268866,264.1113,-0.527344,111,78.0469,0.00,1,0.00
17.269869,264.1113,-0.527344,111,78.0469,0.00,1,0.00
17.270870,264.0234,-0.615234,111,78.0469,0.00,1,0.00
17.271872,264.0234,-0.615234,111,78.0469,0.00,1,0.00
17.272875,264.0234,-0.615234,111,78.0469,0.00,1,0.00
17.273876,263.9355,-0.703125,111,78.0469,0.00,1,0.00
17.274878,264.0234,-0.615234,111,78.0469,0.00,1,0.00
17.275879,264.0234,-0.615234,111,78.0469,0.00,1,0.00
17.276880,264.0234,-0.615234,111,78.0469,0.00,1,0.00
17.277882,264.0234,-0.615234,111,78.0469,0.00,1,0.00
17.278885,264.0234,-0.615234,111,78.0469,0.00,1,0.00
17.279886,264.0234,-0.615234,111,78.0469,0.00,1,0.00
17.280888,264.0234,-0.615234,111,78.0469,0.00,1,0.00
17.281891,264.0234,-0.615234,111,78.0469,0.00,1,0.00
17.282892,264.0234,-0.615234,111,78.0469,0.00,1,0.00
17.283894,264.0234,-0.615234,111,78.0469,0.00,1,0.00
17.284897,264.1113,-0.527344,111,78.0469,0.00,1,0.00
17.285898,264.0234,-0.615234,111,78.0469,0.00,1,0.00
17.286900,264.0234,-0.615234,111,78.0469,0.00,1,0.00
17.287903,264.0234,-0.615234,111,78.0469,0.00,1,0.00
17.288904,263.9355,-0.703125,111,78.0469,0.00,1,0.00
17.289906,264.0234,-0.615234,111,78.0469,0.00,1,0.00
17.290907,264.1113,-0.527344,111,78.0469,0.00,1,0.00
17.291908,264.0234,-0.615234,111,78.0469,0.00,1,0.00
17.292910,264.0234,-0.615234,111,78.0469,0.00,1,0.00
17.293913,264.0234,-0.615234,111,78.0469,0.00,1,0.00
17.294914,264.0234,-0.615234,111,78.0469,0.00,1,0.00
17.295916,264.0234,-0.615234,111,78.0469,0.00,1,0.00
17.296919,264.0234,-0.615234,111,78.0469,0.00,1,0.00
17.297920,264.0234,-0.615234,111,78.0469,0.00,1,0.00
17.298922,264.0234,-0.615234,111,78.0469,0.00,1,0.00
17.306219,264.0234,-0.615234,111,78.0469,0.00,1,0.00
17.307220,264.0234,-0.615234,111,78.0469,0.00,1,0.00
17.308222,264.1113,-0.527344,111,78.0469,0.00,1,0.00
17.309223,264.1113,-0.527344,111,78.0469,0.00,1,0.00
17.310225,264.0234,-0.615234,111,78.0469,0.00,1,0.00
17.311226,264.0234,-0.615234,111,78.0469,0.00,1,0.00
17.312227,264.0234,-0.615234,111,78.0469,0.00,1,0.00
17.313229,264.1113,-0.527344,111,78.0469,0.00,1,0.00
17.314230,264.0234,-0.615234,111,78.0469,0.00,1,0.00
17.315231,264.0234,-0.615234,111,78.0469,0.00,1,0.00
17.316233,264.0234,-0.615234,111,78.0469,0.00,1,0.00
17.317234,263.9355,-0.703125,111,78.0469,0.00,1,0.00
17.318235,264.0234,-0.615234,111,78.0469,0.00,1,0.00
17.319237,264.1113,-0.527344,111,78.0469,0.00,1,0.00
17.320238,264.0234,-0.615234,111,78.0469,0.00,1,0.00
17.321239,264.0234,-0.615234,111,78.0469,0.00,1,0.00
17.322241,264.0234,-0.615234,111,78.0469,0.00,1,0.00
17.323242,264.0234,-0.615234,111,78.0469,0.00,1,0.00
17.324244,264.0234,-0.615234,111,78.0469,0.00,1,0.00
17.325245,264.0234,-0.615234,111,78.0469,0.00,1,0.00
17.326246,264.0234,-0.615234,111,78.0469,0.00,1,0.00
17.327248,264.0234,-0.615234,111,78.0469,0.00,1,0.00
17.328251,264.0234,-0.615234,111,78.0469,0.00,1,0.00
17.329252,264.0234,-0.615234,111,78.0469,0.00,1,0.00
17.330254,264.0234,-0.615234,111,78.0469,0.00,1,0.00
17.331257,264.0234,-0.615234,111,78.0469,0.00,1,0.00
17.332258,264.0234,-0.615234,111,78.0469,0.00,1,0.00
17.333260,264.1113,-0.527344,111,78.0469,0.00,1,0.00
17.334263,264.1113,-0.527344,111,78.0469,0.00,1,0.00
17.335264,264.0234,-0.615234,111,78.0469,0.00,1,0.00
17.336266,264.1113,-0.527344,111,78.0469,0.00,1,0.00
17.337269,264.1113,-0.527344,111,78.0469,0.00,1,0.00
17.338270,264.0234,-0.615234,111,78.0469,0.00,1,0.00
17.339272,264.0234,-0.615234,111,78.0469,0.00,1,0.00
17.340273,264.0234,-0.615234,111,78.0469,0.00,1,0.00
17.341274,264.0234,-0.615234,111,78.0469,0.00,1,0.00
17.342276,264.1113,-0.527344,111,78.0469,0.00,1,0.00
17.343279,264.1113,-0.527344,111,78.0469,0.00,1,0.00
17.344280,264.0234,-0.615234,111,78.0469,0.00,1,0.00
17.345282,264.1113,-0.527344,111,78.0469,0.00,1,0.00
17.346285,264.1113,-0.527344,111,78.0469,0.00,1,0.00
17.347286,264.0234,-0.615234,111,78.0469,0.00,1,0.00
17.348288,264.0234,-0.615234,111,78.0469,0.00,1,0.00
17.349291,264.1113,-0.527344,111,78.0469,0.00,1,0.00
17.350292,264.0234,-0.615234,111,78.0469,0.00,1,0.00
17.351294,264.0234,-0.615234,111,78.0469,0.00,1,0.00
17.352297,264.0234,-0.615234,111,78.0469,0.00,1,0.00
17.353298,264.0234,-0.615234,111,78.0469,0.00,1,0.00
17.354300,264.1113,-0.527344,111,78.0469,0.00,1,0.00
17.355301,264.1113,-0.527344,111,78.0469,0.00,1,0.00
17.362619,264.0234,-0.615234,111,78.0469,0.00,1,0.00
17.363621,264.0234,-0.615234,111,78.0469,0.00,1,0.00
17.364622,264.0234,-0.615234,111,78.0469,0.00,1,0.00
17.365623,264.0234,-0.615234,111,78.0469,0.00,1,0.00
17.366625,264.0234,-0.615234,111,78.0469,0.00,1,0.00
17.367626,264.1113,-0.527344,111,78.0469,0.00,1,0.00
17.368628,264.1113,-0.527344,111,78.0469,0.00,1,0.00
17.369629,264.0234,-0.615234,111,78.0469,0.00,1,0.00
17.370630,264.0234,-0.615234,111,78.0469,0.00,1,0.00
17.371632,264.0234,-0.615234,111,78.0469,0.00,1,0.00
17.372635,264.0234,-0.615234,111,78.0469,0.00,1,0.00
17.373636,264.0234,-0.615234,111,78.0469,0.00,1,0.00
17.374638,264.0234,-0.615234,111,78.0469,0.00,1,0.00
17.375641,264.0234,-0.615234,111,78.0469,0.00,1,0.00
17.376642,264.0234,-0.615234,111,78.0469,0.00,1,0.00
17.377644,264.0234,-0.615234,111,78.0469,0.00,1,0.00
17.378647,264.0234,-0.615234,111,78.0469,0.00,1,0.00
17.379648,264.0234,-0.615234,111,78.0469,0.00,1,0.00
17.380650,263.9355,-0.703125,111,78.0469,0.00,1,0.00
17.381653,263.9355,-0.703125,111,78.0469,0.00,1,0.00
17.382654,264.0234,-0.615234,111,78.0469,0.00,1,0.00
17.383656,264.0234,-0.615234,111,78.0469,0.00,1,0.00
17.384657,263.9355,-0.703125,111,78.0469,0.00,1,0.00
17.385658,264.0234,-0.615234,111,78.0469,0.00,1,0.00
17.386660,264.0234,-0.615234,111,78.0469,0.00,1,0.00
17.387663,264.0234,-0.615234,111,78.0469,0.00,1,0.00
17.388664,264.0234,-0.615234,111,78.0469,0.00,1,0.00
17.389666,264.1113,-0.527344,111,78.0469,0.00,1,0.00
17.390669,264.1113,-0.527344,111,78.0469,0.00,1,0.00
17.391670,264.0234,-0.615234,111,78.0469,0.00,1,0.00
17.392672,263.9355,-0.703125,111,78.0469,0.00,1,0.00
17.393675,264.0234,-0.615234,111,78.0469,0.00,1,0.00
17.394676,264.0234,-0.615234,111,78.0469,0.00,1,0.00
17.395678,264.1113,-0.527344,111,78.0469,0.00,1,0.00
17.396681,264.1113,-0.527344,111,78.0469,0.00,1,0.00
17.397682,264.0234,-0.615234,111,78.0469,0.00,1,0.00
17.398684,263.9355,-0.703125,111,78.0469,0.00,1,0.00
17.399685,263.9355,-0.703125,111,78.0469,0.00,1,0.00
17.400686,263.9355,-0.703125,111,78.0469,0.00,1,0.00
17.401688,263.9355,-0.703125,111,78.0469,0.00,1,0.00
17.402691,263.9355,-0.703125,111,78.0469,0.00,1,0.00
17.403692,263.9355,-0.703125,111,78.0469,0.00,1,0.00
17.404694,264.0234,-0.615234,111,78.0469,0.00,1,0.00
17.405697,264.0234,-0.615234,111,78.0469,0.00,1,0.00
17.406698,264.0234,-0.615234,111,78.0469,0.00,1,0.00
17.407700,264.0234,-0.615234,111,78.0469,0.00,1,0.00
17.408703,264.0234,-0.615234,111,78.0469,0.00,1,0.00
17.409704,264.0234,-0.615234,111,78.0469,0.00,1,0.00
17.410706,264.0234,-0.615234,111,78.0469,0.00,1,0.00
17.411709,264.0234,-0.615234,111,78.0469,0.00,1,0.00
17.419027,264.0234,-0.615234,111,78.0469,0.00,1,0.00
17.420029,264.1113,-0.527344,111,78.0469,0.00,1,0.00
17.421030,264.0234,-0.615234,111,78.0469,0.00,1,0.00
17.422031,264.0234,-0.615234,111,78.0469,0.00,1,0.00
17.423033,264.0234,-0.615234,111,78.0469,0.00,1,0.00
17.424034,264.0234,-0.615234,111,78.0469,0.00,1,0.00
17.425035,264.0234,-0.615234,111,78.0469,0.00,1,0.00
17.426037,264.1113,-0.527344,111,78.0469,0.00,1,0.00
17.427038,264.0234,-0.615234,111,78.0469,0.00,1,0.00
17.428040,264.0234,-0.615234,111,78.0469,0.00,1,0.00
17.429041,264.0234,-0.615234,111,78.0469,0.00,1,0.00
17.430042,264.0234,-0.615234,111,78.0469,0.00,1,0.00
17.431044,264.0234,-0.615234,111,78.0469,0.00,1,0.00
17.432047,264.0234,-0.615234,111,78.0469,0.00,1,0.00
17.433048,264.0234,-0.615234,111,78.0469,0.00,1,0.00
17.434050,264.0234,-0.615234,111,78.0469,0.00,1,0.00
17.435053,264.1113,-0.527344,111,78.0469,0.00,1,0.00
17.436054,264.1113,-0.527344,111,78.0469,0.00,1,0.00
17.437056,264.1113,-0.527344,111,78.0469,0.00,1,0.00
17.438059,264.1113,-0.527344,111,78.0469,0.00,1,0.00
17.439060,264.1113,-0.527344,111,78.0469,0.00,1,0.00
17.440062,264.0234,-0.615234,111,78.0469,0.00,1,0.00
17.441065,264.0234,-0.615234,111,78.0469,0.00,1,0.00
17.442066,264.0234,-0.615234,111,78.0469,0.00,1,0.00
17.443068,264.1113,-0.527344,111,78.0469,0.00,1,0.00
17.444069,264.1113,-0.527344,111,78.0469,0.00,1,0.00
17.445070,264.0234,-0.615234,111,78.0469,0.00,1,0.00
17.446072,264.1113,-0.527344,111,78.0469,0.00,1,0.00
17.447075,264.0234,-0.615234,111,78.0469,0.00,1,0.00
17.448076,264.0234,-0.615234,111,78.0469,0.00,1,0.00
17.449078,264.1113,-0.527344,111,78.0469,0.00,1,0.00
17.450081,264.1113,-0.527344,111,78.0469,0.00,1,0.00
17.451082,264.1113,-0.527344,111,78.0469,0.00,1,0.00
17.452084,264.1113,-0.527344,111,78.0469,0.00,1,0.00
17.453087,264.0234,-0.615234,111,78.0469,0.00,1,0.00
17.454088,264.0234,-0.615234,111,78.0469,0.00,1,0.00
17.455090,264.1113,-0.527344,111,78.0469,0.00,1,0.00
17.456093,264.0234,-0.615234,111,78.0469,0.00,1,0.00
17.457094,264.0234,-0.615234,111,78.0469,0.00,1,0.00
17.458096,263.9355,-0.703125,111,78.0469,0.00,1,0.00
17.459097,264.0234,-0.615234,111,78.0469,0.00,1,0.00
17.460098,264.0234,-0.615234,111,78.0469,0.00,1,0.00
17.461100,264.1113,-0.527344,111,78.0469,0.00,1,0.00
17.462103,264.1113,-0.527344,111,78.0469,0.00,1,0.00
17.463104,264.0234,-0.615234,111,78.0469,0.00,1,0.00
17.464106,264.0234,-0.615234,111,78.0469,0.00,1,0.00
17.465109,264.0234,-0.615234,111,78.0469,0.00,1,0.00
17.466110,264.0234,-0.615234,111,78.0469,0.00,1,0.00
17.467112,264.0234,-0.615234,111,78.0469,0.00,1,0.00
17.468115,264.0234,-0.615234,111,78.0469,0.00,1,0.00
17.476019,264.0234,-0.615234,111,78.0469,0.00,1,0.00
17.477020,264.0234,-0.615234,111,78.0469,0.00,1,0.00
17.478022,264.0234,-0.615234,111,78.0469,0.00,1,0.00
17.479025,264.0234,-0.615234,111,78.0469,0.00,1,0.00
17.480026,264.0234,-0.615234,111,78.0469,0.00,1,0.00
17.481028,264.0234,-0.615234,111,78.0469,0.00,1,0.00
17.482031,264.0234,-0.615234,111,78.0469,0.00,1,0.00
17.483032,264.0234,-0.615234,111,78.0469,0.00,1,0.00
17.484034,264.0234,-0.615234,111,78.0469,0.00,1,0.00
17.485037,264.0234,-0.615234,111,78.0469,0.00,1,0.00
17.486038,264.0234,-0.615234,111,78.0469,0.00,1,0.00
17.487040,263.9355,-0.703125,111,78.0469,0.00,1,0.00
17.488043,263.9355,-0.703125,111,78.0469,0.00,1,0.00
17.489044,264.0234,-0.615234,111,78.0469,0.00,1,0.00
17.490046,264.1113,-0.527344,111,78.0469,0.00,1,0.00
17.491047,264.0234,-0.615234,111,78.0469,0.00,1,0.00
17.492048,264.0234,-0.615234,111,78.0469,0.00,1,0.00
17.493050,264.0234,-0.615234,111,78.0469,0.00,1,0.00
17.494053,264.0234,-0.615234,111,78.0469,0.00,1,0.00
17.495054,263.9355,-0.703125,111,78.0469,0.00,1,0.00
17.496056,264.0234,-0.615234,111,78.0469,0.00,1,0.00
17.497059,264.0234,-0.615234,111,78.0469,0.00,1,0.00
17.498060,264.0234,-0.615234,111,78.0469,0.00,1,0.00
17.499062,264.0234,-0.615234,111,78.0469,0.00,1,0.00
17.500065,264.0234,-0.615234,111,78.0469,0.00,1,0.00
17.501066,264.1113,-0.527344,111,78.0469,0.00,1,0.00
17.502068,264.0234,-0.615234,111,78.0469,0.00,1,0.00
17.503071,264.0234,-0.615234,111,78.0469,0.00,1,0.00
17.504072,263.9355,-0.703125,111,78.0469,0.00,1,0.00
17.505074,263.9355,-0.703125,111,78.0469,0.00,1,0.00
17.506075,264.0234,-0.615234,111,78.0469,0.00,1,0.00
17.507076,264.0234,-0.615234,111,78.0469,0.00,1,0.00
17.508078,264.0234,-0.615234,111,78.0469,0.00,1,0.00
17.509081,264.1113,-0.527344,111,78.0469,0.00,1,0.00
17.510082,264.0234,-0.615234,111,78.0469,0.00,1,0.00
17.511084,264.0234,-0.615234,111,78.0469,0.00,1,0.00
17.512087,264.0234,-0.615234,111,78.0469,0.00,1,0.00
17.513088,264.0234,-0.615234,111,78.0469,0.00,1,0.00
17.514090,264.1113,-0.527344,111,78.0469,0.00,1,0.00
17.515093,264.1113,-0.527344,111,78.0469,0.00,1,0.00
17.516094,264.0234,-0.615234,111,78.0469,0.00,1,0.00
17.517096,264.0234,-0.615234,111,78.0469,0.00,1,0.00
17.518099,264.0234,-0.615234,111,78.0469,0.00,1,0.00
17.519100,264.1113,-0.527344,111,78.0469,0.00,1,0.00
17.520102,264.1113,-0.527344,111,78.0469,0.00,1,0.00
17.521103,264.0234,-0.615234,111,78.0469,0.00,1,0.00
17.522104,263.9355,-0.703125,111,78.0469,0.00,1,0.00
17.523106,263.9355,-0.703125,111,78.0469,0.00,1,0.00
17.524109,264.0234,-0.615234,111,78.0469,0.00,1,0.00
17.525110,264.0234,-0.615234,111,78.0469,0.00,1,0.00
17.532406,264.0234,-0.615234,111,78.0469,0.00,1,0.00
17.533407,264.0234,-0.615234,111,78.0469,0.00,1,0.00
17.534409,264.0234,-0.615234,111,78.0469,0.00,1,0.00
17.535410,264.0234,-0.615234,111,78.0469,0.00,1,0.00
17.536411,264.0234,-0.615234,111,78.0469,0.00,1,0.00
17.537413,264.1113,-0.527344,111,78.0469,0.00,1,0.00
17.538414,264.1113,-0.527344,111,78.0469,0.00,1,0.00
17.539415,264.0234,-0.615234,111,78.0469,0.00,1,0.00
17.540417,264.0234,-0.615234,111,78.0469,0.00,1,0.00
17.541418,264.0234,-0.615234,111,78.0469,0.00,1,0.00
17.542419,263.9355,-0.703125,111,78.0469,0.00,1,0.00
17.543421,264.0234,-0.615234,111,78.0469,0.00,1,0.00
17.544422,264.0234,-0.615234,111,78.0469,0.00,1,0.00
17.545424,264.0234,-0.615234,111,78.0469,0.00,1,0.00
17.546425,264.1113,-0.527344,111,78.0469,0.00,1,0.00
17.547426,264.0234,-0.615234,111,78.0469,0.00,1,0.00
17.548428,264.0234,-0.615234,111,78.0469,0.00,1,0.00
17.549431,264.0234,-0.615234,111,78.0469,0.00,1,0.00
17.550432,264.0234,-0.615234,111,78.0469,0.00,1,0.00
17.551434,264.1113,-0.527344,111,78.0469,0.00,1,0.00
17.552437,264.0234,-0.615234,111,78.0469,0.00,1,0.00
17.553438,264.0234,-0.615234,111,78.0469,0.00,1,0.00
17.554440,264.0234,-0.615234,111,78.0469,0.00,1,0.00
17.555441,264.0234,-0.615234,111,78.0469,0.00,1,0.00
17.556442,264.0234,-0.615234,111,78.0469,0.00,1,0.00
17.557444,264.0234,-0.615234,111,78.0469,0.00,1,0.00
17.558447,264.0234,-0.615234,111,78.0469,0.00,1,0.00
17.559448,264.0234,-0.615234,111,78.0469,0.00,1,0.00
17.560450,264.0234,-0.615234,111,78.0469,0.00,1,0.00
17.561453,264.1113,-0.527344,111,78.0469,0.00,1,0.00
17.562454,264.0234,-0.615234,111,78.0469,0.00,1,0.00
17.563456,264.0234,-0.615234,111,78.0469,0.00,1,0.00
17.564459,264.0234,-0.615234,111,78.0469,0.00,1,0.00
17.565460,264.1113,-0.527344,111,78.0469,0.00,1,0.00
17.566462,264.1113,-0.527344,111,78.0469,0.00,1,0.00
17.567465,264.1113,-0.527344,111,78.0469,0.00,1,0.00
17.568466,264.0234,-0.615234,111,78.0469,0.00,1,0.00
17.569468,264.0234,-0.615234,111,78.0469,0.00,1,0.00
17.570469,264.0234,-0.615234,111,78.0469,0.00,1,0.00
17.571470,264.0234,-0.615234,111,78.0469,0.00,1,0.00
17.572472,264.0234,-0.615234,111,78.0469,0.00,1,0.00
17.573475,264.0234,-0.615234,111,78.0469,0.00,1,0.00
17.574476,264.0234,-0.615234,111,78.0469,0.00,1,0.00
17.575478,264.0234,-0.615234,111,78.0469,0.00,1,0.00
17.576481,264.1113,-0.527344,111,78.0469,0.00,1,0.00
17.577482,264.0234,-0.615234,111,78.0469,0.00,1,0.00
17.578484,264.0234,-0.615234,111,78.0469,0.00,1,0.00
17.579487,264.0234,-0.615234,111,78.0469,0.00,1,0.00
17.580488,264.0234,-0.615234,111,78.0469,0.00,1,0.00
17.581490,264.0234,-0.615234,111,78.0469,0.00,1,0.00
17.588760,264.0234,-0.615234,111,78.0469,0.00,1,0.00
17.589762,264.0234,-0.615234,111,78.0469,0.00,1,0.00
17.590763,264.0234,-0.615234,111,78.0469,0.00,1,0.00
17.591764,264.0234,-0.615234,111,78.0469,0.00,1,0.00
17.592766,264.0234,-0.615234,111,78.0469,0.00,1,0.00
17.593767,264.0234,-0.615234,111,78.0469,0.00,1,0.00
17.594769,264.0234,-0.615234,111,78.0469,0.00,1,0.00
17.595770,264.0234,-0.615234,111,78.0469,0.00,1,0.00
17.596771,264.0234,-0.615234,111,78.0469,0.00,1,0.00
17.597773,264.0234,-0.615234,111,78.0469,0.00,1,0.00
17.598774,264.0234,-0.615234,111,78.0469,0.00,1,0.00
17.599775,264.0234,-0.615234,111,78.0469,0.00,1,0.00
17.600777,264.0234,-0.615234,111,78.0469,0.00,1,0.00
17.601778,264.0234,-0.615234,111,78.0469,0.00,1,0.00
17.602779,264.0234,-0.615234,111,78.0469,0.00,1,0.00
17.603781,264.0234,-0.615234,111,78.0469,0.00,1,0.00
17.604782,264.0234,-0.615234,111,78.0469,0.00,1,0.00
17.605783,264.0234,-0.615234,111,78.0469,0.00,1,0.00
17.606785,264.0234,-0.615234,111,78.0469,0.00,1,0.00
17.607786,263.9355,-0.703125,111,78.0469,0.00,1,0.00
17.608788,263.9355,-0.703125,111,78.0469,0.00,1,0.00
17.609789,264.0234,-0.615234,111,78.0469,0.00,1,0.00
17.610790,264.0234,-0.615234,111,78.0469,0.00,1,0.00
17.611792,263.9355,-0.703125,111,78.0469,0.00,1,0.00
17.612795,263.9355,-0.703125,111,78.0469,0.00,1,0.00
17.613796,264.0234,-0.615234,111,78.0469,0.00,1,0.00
17.614798,264.0234,-0.615234,111,78.0469,0.00,1,0.00
17.615801,264.0234,-0.615234,111,78.0469,0.00,1,0.00
17.616802,264.0234,-0.615234,111,78.0469,0.00,1,0.00
17.617804,264.1113,-0.527344,111,78.0469,0.00,1,0.00
17.618807,264.0234,-0.615234,111,78.0469,0.00,1,0.00
17.619808,264.0234,-0.615234,111,78.0469,0.00,1,0.00
17.620810,264.0234,-0.615234,111,78.0469,0.00,1,0.00
17.621813,264.0234,-0.615234,111,78.0469,0.00,1,0.00
17.622814,264.0234,-0.615234,111,78.0469,0.00,1,0.00
17.623816,264.1113,-0.527344,111,78.0469,0.00,1,0.00
17.624817,264.1113,-0.527344,111,78.0469,0.00,1,0.00
17.625818,264.0234,-0.615234,111,78.0469,0.00,1,0.00
17.626820,264.0234,-0.615234,111,78.0469,0.00,1,0.00
17.627823,264.0234,-0.615234,111,78.0469,0.00,1,0.00
17.628824,264.1113,-0.527344,111,78.0469,0.00,1,0.00
17.629826,264.1113,-0.527344,111,78.0469,0.00,1,0.00
17.630829,264.1113,-0.527344,111,78.0469,0.00,1,0.00
17.631830,264.1113,-0.527344,111,78.0469,0.00,1,0.00
17.632832,264.0234,-0.615234,111,78.0469,0.00,1,0.00
17.633835,264.0234,-0.615234,111,78.0469,0.00,1,0.00
17.634836,264.0234,-0.615234,111,78.0469,0.00,1,0.00
17.635838,264.0234,-0.615234,111,78.0469,0.00,1,0.00
17.636841,264.0234,-0.615234,111,78.0469,0.00,1,0.00
17.637842,264.0234,-0.615234,111,78.0469,0.00,1,0.00
17.645136,264.0234,-0.615234,111,78.0469,0.00,1,0.00
17.646137,264.0234,-0.615234,111,78.0469,0.00,1,0.00
17.647139,264.0234,-0.615234,111,78.0469,0.00,1,0.00
17.648140,264.0234,-0.615234,111,78.0469,0.00,1,0.00
17.649141,263.9355,-0.703125,111,78.0469,0.00,1,0.00
17.650143,264.0234,-0.615234,111,78.0469,0.00,1,0.00
17.651144,264.0234,-0.615234,111,78.0469,0.00,1,0.00
17.652145,264.0234,-0.615234,111,78.0469,0.00,1,0.00
17.653147,263.9355,-0.703125,111,78.0469,0.00,1,0.00
17.654148,263.9355,-0.703125,111,78.0469,0.00,1,0.00
17.655149,264.0234,-0.615234,111,78.0469,0.00,1,0.00
17.656151,264.0234,-0.615234,111,78.0469,0.00,1,0.00
17.657152,264.0234,-0.615234,111,78.0469,0.00,1,0.00
17.658154,264.0234,-0.615234,111,78.0469,0.00,1,0.00
17.659155,264.0234,-0.615234,111,78.0469,0.00,1,0.00
17.660156,264.0234,-0.615234,111,78.0469,0.00,1,0.00
17.661158,264.0234,-0.615234,111,78.0469,0.00,1,0.00
17.662161,264.0234,-0.615234,111,78.0469,0.00,1,0.00
17.663162,264.0234,-0.615234,111,78.0469,0.00,1,0.00
17.664164,264.0234,-0.615234,111,78.0469,0.00,1,0.00
17.665167,264.0234,-0.615234,111,78.0469,0.00,1,0.00
17.666168,264.0234,-0.615234,111,78.0469,0.00,1,0.00
17.667170,264.0234,-0.615234,111,78.0469,0.00,1,0.00
17.668173,264.0234,-0.615234,111,78.0469,0.00,1,0.00
17.669174,264.0234,-0.615234,111,78.0469,0.00,1,0.00
17.670176,263.9355,-0.703125,111,78.0469,0.00,1,0.00
17.671179,264.0234,-0.615234,111,78.0469,0.00,1,0.00
17.672180,264.0234,-0.615234,111,78.0469,0.00,1,0.00
17.673182,264.0234,-0.615234,111,78.0469,0.00,1,0.00
17.674183,264.0234,-0.615234,111,78.0469,0.00,1,0.00
17.675184,264.0234,-0.615234,111,78.0469,0.00,1,0.00
17.676186,264.0234,-0.615234,111,78.0469,0.00,1,0.00
17.677189,264.0234,-0.615234,111,78.0469,0.00,1,0.00
17.678190,264.0234,-0.615234,111,78.0469,0.00,1,0.00
17.679192,264.0234,-0.615234,111,78.0469,0.00,1,0.00
17.680195,264.0234,-0.615234,111,78.0469,0.00,1,0.00
17.681196,264.0234,-0.615234,111,78.0469,0.00,1,0.00
17.682198,264.0234,-0.615234,111,78.0469,0.00,1,0.00
17.683201,264.0234,-0.615234,111,78.0469,0.00,1,0.00
17.684202,264.0234,-0.615234,111,78.0469,0.00,1,0.00
17.685204,264.0234,-0.615234,111,78.0469,0.00,1,0.00
17.686207,264.0234,-0.615234,111,78.0469,0.00,1,0.00
17.687208,264.0234,-0.615234,111,78.0469,0.00,1,0.00
17.688210,263.9355,-0.703125,111,78.0469,0.00,1,0.00
17.689211,264.0234,-0.615234,111,78.0469,0.00,1,0.00
17.690212,264.0234,-0.615234,111,78.0469,0.00,1,0.00
17.691214,264.0234,-0.615234,111,78.0469,0.00,1,0.00
17.692217,264.0234,-0.615234,111,78.0469,0.00,1,0.00
17.693218,264.0234,-0.615234,111,78.0469,0.00,1,0.00
17.694220,264.0234,-0.615234,111,78.0469,0.00,1,0.00
17.701540,264.0234,-0.615234,111,78.0469,0.00,1,0.00
17.702541,264.0234,-0.615234,111,78.0469,0.00,1,0.00
17.703543,264.0234,-0.615234,111,78.0469,0.00,1,0.00
17.704544,264.1113,-0.527344,111,78.0469,0.00,1,0.00
17.705545,264.1113,-0.527344,111,78.0469,0.00,1,0.00
17.706547,264.0234,-0.615234,111,78.0469,0.00,1,0.00
17.707548,264.0234,-0.615234,111,78.0469,0.00,1,0.00
17.708549,264.0234,-0.615234,111,78.0469,0.00,1,0.00
17.709551,264.1113,-0.527344,111,78.0469,0.00,1,0.00
17.710552,264.0234,-0.615234,111,78.0469,0.00,1,0.00
17.711554,263.9355,-0.703125,111,78.0469,0.00,1,0.00
17.712557,264.0234,-0.615234,111,78.0469,0.00,1,0.00
17.713558,264.0234,-0.615234,111,78.0469,0.00,1,0.00
17.714560,264.0234,-0.615234,111,78.0469,0.00,1,0.00
17.715563,264.0234,-0.615234,111,78.0469,0.00,1,0.00
17.716564,264.0234,-0.615234,111,78.0469,0.00,1,0.00
17.717566,264.0234,-0.615234,111,78.0469,0.00,1,0.00
17.718567,264.0234,-0.615234,111,78.0469,0.00,1,0.00
17.719568,264.1113,-0.527344,111,78.0469,0.00,1,0.00
17.720570,264.0234,-0.615234,111,78.0469,0.00,1,0.00
17.721573,264.0234,-0.615234,111,78.0469,0.00,1,0.00
17.722574,264.0234,-0.615234,111,78.0469,0.00,1,0.00
17.723576,264.0234,-0.615234,111,78.0469,0.00,1,0.00
17.724579,264.0234,-0.615234,111,78.0469,0.00,1,0.00
17.725580,263.9355,-0.703125,111,78.0469,0.00,1,0.00
17.726582,263.9355,-0.703125,111,78.0469,0.00,1,0.00
17.727585,264.0234,-0.615234,111,78.0469,0.00,1,0.00
17.728586,264.1113,-0.527344,111,78.0469,0.00,1,0.00
17.729588,264.0234,-0.615234,111,78.0469,0.00,1,0.00
17.730591,264.0234,-0.615234,111,78.0469,0.00,1,0.00
17.731592,264.0234,-0.615234,111,78.0469,0.00,1,0.00
17.732594,264.0234,-0.615234,111,78.0469,0.00,1,0.00
17.733595,264.1113,-0.527344,111,78.0469,0.00,1,0.00
17.734596,264.1113,-0.527344,111,78.0469,0.00,1,0.00
17.735598,264.1113,-0.527344,111,78.0469,0.00,1,0.00
17.736601,264.0234,-0.615234,111,78.0469,0.00,1,0.00
17.737602,264.0234,-0.615234,111,78.0469,0.00,1,0.00
17.738604,264.0234,-0.615234,111,78.0469,0.00,1,0.00
17.739607,264.0234,-0.615234,111,78.0469,0.00,1,0.00
17.740608,263.9355,-0.703125,111,78.0469,0.00,1,0.00
17.741610,263.9355,-0.703125,111,78.0469,0.00,1,0.00
17.742613,263.9355,-0.703125,111,78.0469,0.00,1,0.00
17.743614,264.0234,-0.615234,111,78.0469,0.00,1,0.00
17.744616,264.0234,-0.615234,111,78.0469,0.00,1,0.00
17.745619,264.1113,-0.527344,111,78.0469,0.00,1,0.00
17.746620,264.1113,-0.527344,111,78.0469,0.00,1,0.00
17.747622,264.0234,-0.615234,111,78.0469,0.00,1,0.00
17.748623,264.0234,-0.615234,111,78.0469,0.00,1,0.00
17.749624,264.0234,-0.615234,111,78.0469,0.00,1,0.00
17.750626,263.9355,-0.703125,111,78.0469,0.00,1,0.00
17.757944,264.0234,-0.615234,111,78.0469,0.00,1,0.00
17.758945,264.1113,-0.527344,111,78.0469,0.00,1,0.00
17.759947,264.1113,-0.527344,111,78.0469,0.00,1,0.00
17.760948,263.9355,-0.703125,111,78.0469,0.00,1,0.00
17.761950,263.9355,-0.703125,111,78.0469,0.00,1,0.00
17.762951,263.9355,-0.703125,111,78.0469,0.00,1,0.00
17.763952,264.0234,-0.615234,111,78.0469,0.00,1,0.00
17.764954,264.0234,-0.615234,111,78.0469,0.00,1,0.00
17.765957,264.0234,-0.615234,111,78.0469,0.00,1,0.00
17.766958,264.0234,-0.615234,111,78.0469,0.00,1,0.00
17.767960,264.0234,-0.615234,111,78.0469,0.00,1,0.00
17.768963,264.0234,-0.615234,111,78.0469,0.00,1,0.00
17.769964,263.9355,-0.703125,111,78.0469,0.00,1,0.00
17.770966,264.0234,-0.615234,111,78.0469,0.00,1,0.00
17.771969,264.0234,-0.615234,111,78.0469,0.00,1,0.00
17.772970,264.0234,-0.615234,111,78.0469,0.00,1,0.00
17.773972,264.0234,-0.615234,111,78.0469,0.00,1,0.00
17.774975,264.0234,-0.615234,111,78.0469,0.00,1,0.00
17.775976,264.0234,-0.615234,111,78.0469,0.00,1,0.00
17.776978,264.0234,-0.615234,111,78.0469,0.00,1,0.00
17.777979,264.0234,-0.615234,111,78.0469,0.00,1,0.00
17.778980,264.0234,-0.615234,111,78.0469,0.00,1,0.00
17.779982,264.0234,-0.615234,111,78.0469,0.00,1,0.00
17.780985,264.0234,-0.615234,111,78.0469,0.00,1,0.00
17.781986,264.0234,-0.615234,111,78.0469,0.00,1,0.00
17.782988,264.0234,-0.615234,111,78.0469,0.00,1,0.00
17.783991,264.0234,-0.615234,111,78.0469,0.00,1,0.00
17.784992,264.0234,-0.615234,111,78.0469,0.00,1,0.00
17.785994,264.1113,-0.527344,111,78.0469,0.00,1,0.00
17.786997,264.1113,-0.527344,111,78.0469,0.00,1,0.00
17.787998,264.0234,-0.615234,111,78.0469,0.00,1,0.00
17.789000,264.0234,-0.615234,111,78.0469,0.00,1,0.00
17.790003,264.0234,-0.615234,111,78.0469,0.00,1,0.00
17.791004,264.0234,-0.615234,111,78.0469,0.00,1,0.00
17.792006,264.0234,-0.615234,111,78.0469,0.00,1,0.00
17.793007,263.9355,-0.703125,111,78.0469,0.00,1,0.00
17.794008,264.0234,-0.615234,111,78.0469,0.00,1,0.00
17.795010,264.1113,-0.527344,111,78.0469,0.00,1,0.00
17.796013,264.0234,-0.615234,111,78.0469,0.00,1,0.00
17.797014,264.0234,-0.615234,111,78.0469,0.00,1,0.00
17.798016,264.0234,-0.615234,111,78.0469,0.00,1,0.00
17.799019,264.1113,-0.527344,111,78.0469,0.00,1,0.00
17.800020,264.0234,-0.615234,111,78.0469,0.00,1,0.00
17.801022,264.0234,-0.615234,111,78.0469,0.00,1,0.00
17.802025,264.1113,-0.527344,111,78.0469,0.00,1,0.00
17.803026,264.0234,-0.615234,111,78.0469,0.00,1,0.00
17.804028,264.0234,-0.615234,111,78.0469,0.00,1,0.00
17.805031,264.0234,-0.615234,111,78.0469,0.00,1,0.00
17.806032,264.0234,-0.615234,111,78.0469,0.00,1,0.00
17.807034,264.0234,-0.615234,111,78.0469,0.00,1,0.00
17.814993,264.1113,-0.527344,111,78.0469,0.00,1,0.00
17.815994,264.0234,-0.615234,111,78.0469,0.00,1,0.00
17.816996,264.0234,-0.615234,111,78.0469,0.00,1,0.00
17.817999,263.9355,-0.703125,111,78.0469,0.00,1,0.00
17.819000,264.0234,-0.615234,111,78.0469,0.00,1,0.00
17.820002,264.1113,-0.527344,111,78.0469,0.00,1,0.00
17.821005,264.1113,-0.527344,111,78.0469,0.00,1,0.00
17.822006,264.0234,-0.615234,111,78.0469,0.00,1,0.00
17.823008,264.0234,-0.615234,111,78.0469,0.00,1,0.00
17.824011,264.0234,-0.615234,111,78.0469,0.00,1,0.00
17.825012,264.0234,-0.615234,111,78.0469,0.00,1,0.00
17.826014,263.9355,-0.703125,111,78.0469,0.00,1,0.00
17.827017,264.0234,-0.615234,111,78.0469,0.00,1,0.00
17.828018,264.0234,-0.615234,111,78.0469,0.00,1,0.00
17.829020,264.0234,-0.615234,111,78.0469,0.00,1,0.00
17.830021,264.0234,-0.615234,111,78.0469,0.00,1,0.00
17.831022,264.1113,-0.527344,111,78.0469,0.00,1,0.00
17.832024,264.1113,-0.527344,111,78.0469,0.00,1,0.00
17.833027,264.1113,-0.527344,111,78.0469,0.00,1,0.00
17.834028,264.0234,-0.615234,111,78.0469,0.00,1,0.00
17.835030,264.0234,-0.615234,111,78.0469,0.00,1,0.00
17.836033,263.9355,-0.703125,111,78.0469,0.00,1,0.00
17.837034,263.9355,-0.703125,111,78.0469,0.00,1,0.00
17.838036,264.0234,-0.615234,111,78.0469,0.00,1,0.00
17.839039,264.0234,-0.615234,111,78.0469,0.00,1,0.00
17.840040,264.0234,-0.615234,111,78.0469,0.00,1,0.00
17.841042,264.0234,-0.615234,111,78.0469,0.00,1,0.00
17.842045,264.0234,-0.615234,111,78.0469,0.00,1,0.00
17.843046,264.0234,-0.615234,111,78.0469,0.00,1,0.00
17.844048,264.0234,-0.615234,111,78.0469,0.00,1,0.00
17.845049,264.1113,-0.527344,111,78.0469,0.00,1,0.00
17.846050,264.0234,-0.615234,111,78.0469,0.00,1,0.00
17.847052,264.0234,-0.615234,111,78.0469,0.00,1,0.00
17.848055,264.0234,-0.615234,111,78.0469,0.00,1,0.00
17.849056,264.0234,-0.615234,111,78.0469,0.00,1,0.00
17.850058,264.0234,-0.615234,111,78.0469,0.00,1,0.00
17.851061,264.0234,-0.615234,111,78.0469,0.00,1,0.00
17.852062,264.0234,-0.615234,111,78.0469,0.00,1,0.00
17.853064,264.0234,-0.615234,111,78.0469,0.00,1,0.00
17.854067,264.1113,-0.527344,111,78.0469,0.00,1,0.00
17.855068,264.0234,-0.615234,111,78.0469,0.00,1,0.00
17.856070,264.0234,-0.615234,111,78.0469,0.00,1,0.00
17.857073,264.0234,-0.615234,111,78.0469,0.00,1,0.00
17.858074,264.0234,-0.615234,111,78.0469,0.00,1,0.00
17.859076,264.0234,-0.615234,111,78.0469,0.00,1,0.00
17.860077,264.0234,-0.615234,111,78.0469,0.00,1,0.00
17.861078,264.0234,-0.615234,111,78.0469,0.00,1,0.00
17.862080,264.1113,-0.527344,111,78.0469,0.00,1,0.00
17.863083,264.1113,-0.527344,111,78.0469,0.00,1,0.00
17.864084,264.1113,-0.527344,111,78.0469,0.00,1,0.00
17.871443,264.0234,-0.615234,111,78.0469,0.00,1,0.00
17.872444,263.9355,-0.703125,111,78.0469,0.00,1,0.00
17.873446,263.9355,-0.703125,111,78.0469,0.00,1,0.00
17.874447,264.0234,-0.615234,111,78.0469,0.00,1,0.00
17.875448,264.0234,-0.615234,111,78.0469,0.00,1,0.00
17.876450,264.0234,-0.615234,111,78.0469,0.00,1,0.00
17.877453,264.0234,-0.615234,111,78.0469,0.00,1,0.00
17.878454,264.0234,-0.615234,111,78.0469,0.00,1,0.00
17.879456,264.0234,-0.615234,111,78.0469,0.00,1,0.00
17.880459,264.0234,-0.615234,111,78.0469,0.00,1,0.00
17.881460,263.9355,-0.703125,111,78.0469,0.00,1,0.00
17.882462,263.9355,-0.703125,111,78.0469,0.00,1,0.00
17.883463,264.0234,-0.615234,111,78.0469,0.00,1,0.00
17.884464,264.0234,-0.615234,111,78.0469,0.00,1,0.00
17.885466,263.9355,-0.703125,111,78.0469,0.00,1,0.00
17.886469,263.9355,-0.703125,111,78.0469,0.00,1,0.00
17.887470,264.0234,-0.615234,111,78.0469,0.00,1,0.00
17.888472,264.0234,-0.615234,111,78.0469,0.00,1,0.00
17.889475,264.0234,-0.615234,111,78.0469,0.00,1,0.00
17.890476,264.0234,-0.615234,111,78.0469,0.00,1,0.00
17.891478,264.1113,-0.527344,111,78.0469,0.00,1,0.00
17.892481,264.1113,-0.527344,111,78.0469,0.00,1,0.00
17.893482,264.1113,-0.527344,111,78.0469,0.00,1,0.00
17.894484,264.0234,-0.615234,111,78.0469,0.00,1,0.00
17.895487,263.9355,-0.703125,111,78.0469,0.00,1,0.00
17.896488,264.0234,-0.615234,111,78.0469,0.00,1,0.00
17.897490,264.0234,-0.615234,111,78.0469,0.00,1,0.00
17.898491,264.0234,-0.615234,111,78.0469,0.00,1,0.00
17.899492,264.0234,-0.615234,111,78.0469,0.00,1,0.00
17.900494,264.0234,-0.615234,111,78.0469,0.00,1,0.00
17.901497,264.0234,-0.615234,111,78.0469,0.00,1,0.00
17.902498,264.0234,-0.615234,111,78.0469,0.00,1,0.00
17.903500,264.0234,-0.615234,111,78.0469,0.00,1,0.00
17.904503,264.0234,-0.615234,111,78.0469,0.00,1,0.00
17.905504,264.0234,-0.615234,111,78.0469,0.00,1,0.00
17.906506,264.0234,-0.615234,111,78.0469,0.00,1,0.00
17.907509,264.0234,-0.615234,111,78.0469,0.00,1,0.00
17.908510,264.0234,-0.615234,111,78.0469,0.00,1,0.00
17.909512,264.1113,-0.527344,111,78.0469,0.00,1,0.00
17.910515,264.1113,-0.527344,111,78.0469,0.00,1,0.00
17.911516,264.1113,-0.527344,111,78.0469,0.00,1,0.00
17.912518,264.0234,-0.615234,111,78.0469,0.00,1,0.00
17.913519,264.0234,-0.615234,111,78.0469,0.00,1,0.00
17.914520,264.0234,-0.615234,111,78.0469,0.00,1,0.00
17.915522,264.0234,-0.615234,111,78.0469,0.00,1,0.00
17.916525,264.0234,-0.615234,111,78.0469,0.00,1,0.00
17.917526,264.0234,-0.615234,111,78.0469,0.00,1,0.00
17.918528,264.1113,-0.527344,111,78.0469,0.00,1,0.00
17.919531,264.0234,-0.615234,111,78.0469,0.00,1,0.00
17.920532,264.0234,-0.615234,111,78.0469,0.00,1,0.00
17.928068,264.0234,-0.615234,111,78.0469,0.00,1,0.00
17.929070,264.0234,-0.615234,111,78.0469,0.00,1,0.00
17.930071,264.0234,-0.615234,111,78.0469,0.00,1,0.00
17.931072,264.0234,-0.615234,111,78.0469,0.00,1,0.00
17.932074,264.0234,-0.615234,111,78.0469,0.00,1,0.00
17.933077,264.0234,-0.615234,111,78.0469,0.00,1,0.00
17.934078,264.0234,-0.615234,111,78.0469,0.00,1,0.00
17.935080,264.1113,-0.527344,111,78.0469,0.00,1,0.00
17.936083,264.1113,-0.527344,111,78.0469,0.00,1,0.00
17.937084,264.0234,-0.615234,111,78.0469,0.00,1,0.00
17.938086,264.1113,-0.527344,111,78.0469,0.00,1,0.00
17.939089,264.1113,-0.527344,111,78.0469,0.00,1,0.00
17.940090,264.1113,-0.527344,111,78.0469,0.00,1,0.00
17.941092,264.1113,-0.527344,111,78.0469,0.00,1,0.00
17.942093,264.0234,-0.615234,111,78.0469,0.00,1,0.00
17.943094,264.0234,-0.615234,111,78.0469,0.00,1,0.00
17.944096,264.0234,-0.615234,111,78.0469,0.00,1,0.00
17.945099,264.0234,-0.615234,111,78.0469,0.00,1,0.00
17.946100,264.0234,-0.615234,111,78.0469,0.00,1,0.00
17.947102,264.1113,-0.527344,111,78.0469,0.00,1,0.00
17.948105,264.1113,-0.527344,111,78.0469,0.00,1,0.00
17.949106,264.1113,-0.527344,111,78.0469,0.00,1,0.00
17.950108,264.1113,-0.527344,111,78.0469,0.00,1,0.00
17.951111,264.0234,-0.615234,111,78.0469,0.00,1,0.00
17.952112,264.0234,-0.615234,111,78.0469,0.00,1,0.00
17.953114,264.0234,-0.615234,111,78.0469,0.00,1,0.00
17.954117,264.0234,-0.615234,111,78.0469,0.00,1,0.00
17.955118,264.0234,-0.615234,111,78.0469,0.00,1,0.00
17.956120,264.0234,-0.615234,111,78.0469,0.00,1,0.00
17.957121,264.0234,-0.615234,111,78.0469,0.00,1,0.00
17.958122,264.0234,-0.615234,111,78.0469,0.00,1,0.00
17.959124,264.1113,-0.527344,111,78.0469,0.00,1,0.00
17.960127,264.0234,-0.615234,111,78.0469,0.00,1,0.00
17.961128,264.0234,-0.615234,111,78.0469,0.00,1,0.00
17.962130,264.1113,-0.527344,111,78.0469,0.00,1,0.00
17.963133,264.1113,-0.527344,111,78.0469,0.00,1,0.00
17.964134,264.0234,-0.615234,111,78.0469,0.00,1,0.00
17.965136,264.0234,-0.615234,111,78.0469,0.00,1,0.00
17.966139,264.0234,-0.615234,111,78.0469,0.00,1,0.00
17.967140,263.9355,-0.703125,111,78.0469,0.00,1,0.00
17.968142,264.0234,-0.615234,111,78.0469,0.00,1,0.00
17.969145,264.0234,-0.615234,111,78.0469,0.00,1,0.00
17.970146,264.1113,-0.527344,111,78.0469,0.00,1,0.00
17.971148,264.0234,-0.615234,111,78.0469,0.00,1,0.00
17.972149,264.0234,-0.615234,111,78.0469,0.00,1,0.00
17.973150,264.1113,-0.527344,111,78.0469,0.00,1,0.00
17.974152,264.1113,-0.527344,111,78.0469,0.00,1,0.00
17.975155,264.1113,-0.527344,111,78.0469,0.00,1,0.00
17.976156,264.1113,-0.527344,111,78.0469,0.00,1,0.00
17.977158,264.0234,-0.615234,111,78.0469,0.00,1,0.00
17.984720,264.0234,-0.615234,111,78.0469,0.00,1,0.00
17.985722,264.0234,-0.615234,111,78.0469,0.00,1,0.00
17.986725,264.1113,-0.527344,111,78.0469,0.00,1,0.00
17.987726,264.1113,-0.527344,111,78.0469,0.00,1,0.00
17.988728,264.0234,-0.615234,111,78.0469,0.00,1,0.00
17.989731,263.9355,-0.703125,111,78.0469,0.00,1,0.00
17.990732,263.9355,-0.703125,111,78.0469,0.00,1,0.00
17.991734,264.0234,-0.615234,111,78.0469,0.00,1,0.00
17.992737,264.0234,-0.615234,111,78.0469,0.00,1,0.00
17.993738,264.0234,-0.615234,111,78.0469,0.00,1,0.00
17.994740,264.0234,-0.615234,111,78.0469,0.00,1,0.00
17.995741,264.0234,-0.615234,111,78.0469,0.00,1,0.00
17.996742,264.0234,-0.615234,111,78.0469,0.00,1,0.00
17.997744,264.0234,-0.615234,111,78.0469,0.00,1,0.00
17.998747,264.0234,-0.615234,111,78.0469,0.00,1,0.00
17.999748,264.0234,-0.615234,111,78.0469,0.00,1,0.00
18.000750,264.0234,-0.615234,111,78.0469,0.00,1,0.00
18.001753,264.0234,-0.615234,111,78.0469,0.00,1,0.00
18.002754,264.0234,-0.615234,111,78.0469,0.00,1,0.00
18.003756,264.0234,-0.615234,111,78.0469,0.00,1,0.00
18.004759,264.0234,-0.615234,111,78.0469,0.00,1,0.00
18.005760,264.0234,-0.615234,111,78.0469,0.00,1,0.00
18.006762,264.0234,-0.615234,111,78.0469,0.00,1,0.00
18.007765,264.1113,-0.527344,111,78.0469,0.00,1,0.00
18.008766,264.0234,-0.615234,111,78.0469,0.00,1,0.00
18.009768,264.0234,-0.615234,111,78.0469,0.00,1,0.00
18.010769,263.9355,-0.703125,111,78.0469,0.00,1,0.00
18.011770,263.9355,-0.703125,111,78.0469,0.00,1,0.00
18.012772,264.0234,-0.615234,111,78.0469,0.00,1,0.00
18.013775,264.0234,-0.615234,111,78.0469,0.00,1,0.00
18.014776,264.0234,-0.615234,111,78.0469,0.00,1,0.00
18.015778,264.0234,-0.615234,111,78.0469,0.00,1,0.00
18.016781,264.0234,-0.615234,111,78.0469,0.00,1,0.00
18.017782,264.1113,-0.527344,111,78.0469,0.00,1,0.00
18.018784,264.1113,-0.527344,111,78.0469,0.00,1,0.00
18.019787,264.1113,-0.527344,111,78.0469,0.00,1,0.00
18.020788,264.0234,-0.615234,111,78.0469,0.00,1,0.00
18.021790,264.0234,-0.615234,111,78.0469,0.00,1,0.00
18.022793,264.0234,-0.615234,111,78.0469,0.00,1,0.00
18.023794,264.1113,-0.527344,111,78.0469,0.00,1,0.00
18.024796,264.0234,-0.615234,111,78.0469,0.00,1,0.00
18.025797,264.1113,-0.527344,111,78.0469,0.00,1,0.00
18.026798,264.1113,-0.527344,111,78.0469,0.00,1,0.00
18.027800,264.0234,-0.615234,111,78.0469,0.00,1,0.00
18.028803,264.0234,-0.615234,111,78.0469,0.00,1,0.00
18.029804,264.0234,-0.615234,111,78.0469,0.00,1,0.00
18.030806,264.0234,-0.615234,111,78.0469,0.00,1,0.00
18.031809,264.0234,-0.615234,111,78.0469,0.00,1,0.00
18.032810,264.0234,-0.615234,111,78.0469,0.00,1,0.00
18.033812,264.0234,-0.615234,111,78.0469,0.00,1,0.00
18.041336,264.0234,-0.615234,111,78.0469,0.00,1,0.00
18.042337,264.0234,-0.615234,111,78.0469,0.00,1,0.00
18.043339,264.0234,-0.615234,111,78.0469,0.00,1,0.00
18.044340,264.1113,-0.527344,111,78.0469,0.00,1,0.00
18.045341,264.1113,-0.527344,111,78.0469,0.00,1,0.00
18.046343,264.1113,-0.527344,111,78.0469,0.00,1,0.00
18.047344,264.1113,-0.527344,111,78.0469,0.00,1,0.00
18.048346,264.1113,-0.527344,111,78.0469,0.00,1,0.00
18.049349,264.0234,-0.615234,111,78.0469,0.00,1,0.00
18.050350,264.0234,-0.615234,111,78.0469,0.00,1,0.00
18.051352,264.1113,-0.527344,111,78.0469,0.00,1,0.00
18.052353,264.0234,-0.615234,111,78.0469,0.00,1,0.00
18.053354,264.0234,-0.615234,111,78.0469,0.00,1,0.00
18.054356,264.0234,-0.615234,111,78.0469,0.00,1,0.00
18.055359,264.0234,-0.615234,111,78.0469,0.00,1,0.00
18.056360,264.0234,-0.615234,111,78.0469,0.00,1,0.00
18.057362,264.0234,-0.615234,111,78.0469,0.00,1,0.00
18.058365,264.0234,-0.615234,111,78.0469,0.00,1,0.00
18.059366,264.1113,-0.527344,111,78.0469,0.00,1,0.00
18.060368,264.0234,-0.615234,111,78.0469,0.00,1,0.00
18.061371,264.0234,-0.615234,111,78.0469,0.00,1,0.00
18.062372,264.1113,-0.527344,111,78.0469,0.00,1,0.00
18.063374,264.0234,-0.615234,111,78.0469,0.00,1,0.00
18.064377,264.0234,-0.615234,111,78.0469,0.00,1,0.00
18.065378,264.0234,-0.615234,111,78.0469,0.00,1,0.00
18.066380,264.0234,-0.615234,111,78.0469,0.00,1,0.00
18.067381,264.0234,-0.615234,111,78.0469,0.00,1,0.00
18.068382,264.0234,-0.615234,111,78.0469,0.00,1,0.00
18.069384,264.0234,-0.615234,111,78.0469,0.00,1,0.00
18.070387,264.0234,-0.615234,111,78.0469,0.00,1,0.00
18.071388,264.0234,-0.615234,111,78.0469,0.00,1,0.00
18.072390,264.0234,-0.615234,111,78.0469,0.00,1,0.00
18.073393,264.1113,-0.527344,111,78.0469,0.00,1,0.00
18.074394,264.1113,-0.527344,111,78.0469,0.00,1,0.00
18.075396,264.1113,-0.527344,111,78.0469,0.00,1,0.00
18.076399,264.1113,-0.527344,111,78.0469,0.00,1,0.00
18.077400,264.0234,-0.615234,111,78.0469,0.00,1,0.00
18.078402,263.9355,-0.703125,111,78.0469,0.00,1,0.00
18.079405,263.9355,-0.703125,111,78.0469,0.00,1,0.00
18.080406,264.0234,-0.615234,111,78.0469,0.00,1,0.00
18.081408,264.0234,-0.615234,111,78.0469,0.00,1,0.00
18.082409,264.0234,-0.615234,111,78.0469,0.00,1,0.00
18.083410,264.0234,-0.615234,111,78.0469,0.00,1,0.00
18.084412,264.0234,-0.615234,111,78.0469,0.00,1,0.00
18.085415,264.0234,-0.615234,111,78.0469,0.00,1,0.00
18.086416,264.0234,-0.615234,111,78.0469,0.00,1,0.00
18.087418,264.0234,-0.615234,111,78.0469,0.00,1,0.00
18.088421,264.0234,-0.615234,111,78.0469,0.00,1,0.00
18.089422,264.0234,-0.615234,111,78.0469,0.00,1,0.00
18.090424,264.0234,-0.615234,111,78.0469,0.00,1,0.00
18.098087,264.0234,-0.615234,111,78.0469,0.00,1,0.00
18.099089,264.0234,-0.615234,111,78.0469,0.00,1,0.00
18.100090,264.0234,-0.615234,111,78.0469,0.00,1,0.00
18.101091,264.0234,-0.615234,111,78.0469,0.00,1,0.00
18.102093,263.9355,-0.703125,111,78.0469,0.00,1,0.00
18.103094,264.0234,-0.615234,111,78.0469,0.00,1,0.00
18.104095,264.1113,-0.527344,111,78.0469,0.00,1,0.00
18.105097,264.1113,-0.527344,111,78.0469,0.00,1,0.00
18.106098,264.0234,-0.615234,111,78.0469,0.00,1,0.00
18.107100,264.0234,-0.615234,111,78.0469,0.00,1,0.00
18.108101,264.1113,-0.527344,111,78.0469,0.00,1,0.00
18.109102,264.0234,-0.615234,111,78.0469,0.00,1,0.00
18.110104,264.0234,-0.615234,111,78.0469,0.00,1,0.00
18.111107,264.0234,-0.615234,111,78.0469,0.00,1,0.00
18.112108,264.1113,-0.527344,111,78.0469,0.00,1,0.00
18.113110,264.1113,-0.527344,111,78.0469,0.00,1,0.00
18.114113,264.1113,-0.527344,111,78.0469,0.00,1,0.00
18.115114,264.0234,-0.615234,111,78.0469,0.00,1,0.00
18.116116,264.0234,-0.615234,111,78.0469,0.00,1,0.00
18.117119,264.0234,-0.615234,111,78.0469,0.00,1,0.00
18.118120,264.1113,-0.527344,111,78.0469,0.00,1,0.00
18.119122,264.1113,-0.527344,111,78.0469,0.00,1,0.00
18.120125,264.0234,-0.615234,111,78.0469,0.00,1,0.00
18.121126,264.0234,-0.615234,111,78.0469,0.00,1,0.00
18.122128,264.0234,-0.615234,111,78.0469,0.00,1,0.00
18.123129,264.0234,-0.615234,111,78.0469,0.00,1,0.00
18.124130,264.1113,-0.527344,111,78.0469,0.00,1,0.00
18.125132,264.0234,-0.615234,111,78.0469,0.00,1,0.00
18.126135,264.0234,-0.615234,111,78.0469,0.00,1,0.00
18.127136,264.0234,-0.615234,111,78.0469,0.00,1,0.00
18.128138,264.0234,-0.615234,111,78.0469,0.00,1,0.00
18.129141,264.0234,-0.615234,111,78.0469,0.00,1,0.00
18.130142,263.9355,-0.703125,111,78.0469,0.00,1,0.00
18.131144,263.9355,-0.703125,111,78.0469,0.00,1,0.00
18.132147,264.0234,-0.615234,111,78.0469,0.00,1,0.00
18.133148,264.0234,-0.615234,111,78.0469,0.00,1,0.00
18.134150,264.0234,-0.615234,111,78.0469,0.00,1,0.00
18.135153,264.0234,-0.615234,111,78.0469,0.00,1,0.00
18.136154,264.0234,-0.615234,111,78.0469,0.00,1,0.00
18.137156,264.0234,-0.615234,111,78.0469,0.00,1,0.00
18.138157,264.1113,-0.527344,111,78.0469,0.00,1,0.00
18.139158,264.1113,-0.527344,111,78.0469,0.00,1,0.00
18.140160,264.0234,-0.615234,111,78.0469,0.00,1,0.00
18.141163,263.9355,-0.703125,111,78.0469,0.00,1,0.00
18.142164,264.0234,-0.615234,111,78.0469,0.00,1,0.00
18.143166,264.0234,-0.615234,111,78.0469,0.00,1,0.00
18.144169,264.0234,-0.615234,111,78.0469,0.00,1,0.00
18.145170,264.0234,-0.615234,111,78.0469,0.00,1,0.00
18.146172,264.1113,-0.527344,111,78.0469,0.00,1,0.00
18.147175,264.1113,-0.527344,111,78.0469,0.00,1,0.00
18.155453,264.0234,-0.615234,111,78.0469,0.00,1,0.00
18.156454,264.0234,-0.615234,111,78.0469,0.00,1,0.00
18.157455,264.0234,-0.615234,111,78.0469,0.00,1,0.00
18.158457,264.0234,-0.615234,111,78.0469,0.00,1,0.00
18.159458,264.0234,-0.615234,111,78.0469,0.00,1,0.00
18.160460,264.0234,-0.615234,111,78.0469,0.00,1,0.00
18.161461,264.0234,-0.615234,111,78.0469,0.00,1,0.00
18.162462,264.1113,-0.527344,111,78.0469,0.00,1,0.00
18.163464,264.0234,-0.615234,111,78.0469,0.00,1,0.00
18.164467,264.1113,-0.527344,111,78.0469,0.00,1,0.00
18.165468,264.1113,-0.527344,111,78.0469,0.00,1,0.00
18.166470,264.0234,-0.615234,111,78.0469,0.00,1,0.00
18.167473,264.0234,-0.615234,111,78.0469,0.00,1,0.00
18.168474,264.0234,-0.615234,111,78.0469,0.00,1,0.00
18.169476,264.0234,-0.615234,111,78.0469,0.00,1,0.00
18.170479,263.9355,-0.703125,111,78.0469,0.00,1,0.00
18.171480,264.0234,-0.615234,111,78.0469,0.00,1,0.00
18.172482,264.0234,-0.615234,111,78.0469,0.00,1,0.00
18.173483,264.0234,-0.615234,111,78.0469,0.00,1,0.00
18.174484,264.0234,-0.615234,111,78.0469,0.00,1,0.00
18.175486,264.0234,-0.615234,111,78.0469,0.00,1,0.00
18.176489,264.0234,-0.615234,111,78.0469,0.00,1,0.00
18.177490,264.1113,-0.527344,111,78.0469,0.00,1,0.00
18.178492,264.1113,-0.527344,111,78.0469,0.00,1,0.00
18.179495,264.0234,-0.615234,111,78.0469,0.00,1,0.00
18.180496,264.0234,-0.615234,111,78.0469,0.00,1,0.00
18.181498,264.0234,-0.615234,111,78.0469,0.00,1,0.00
18.182501,264.1113,-0.527344,111,78.0469,0.00,1,0.00
18.183502,264.1113,-0.527344,111,78.0469,0.00,1,0.00
18.184504,264.0234,-0.615234,111,78.0469,0.00,1,0.00
18.185507,264.1113,-0.527344,111,78.0469,0.00,1,0.00
18.186508,264.0234,-0.615234,111,78.0469,0.00,1,0.00
18.187510,263.9355,-0.703125,111,78.0469,0.00,1,0.00
18.188511,264.0234,-0.615234,111,78.0469,0.00,1,0.00
18.189512,264.0234,-0.615234,111,78.0469,0.00,1,0.00
18.190514,264.1113,-0.527344,111,78.0469,0.00,1,0.00
18.191517,264.0234,-0.615234,111,78.0469,0.00,1,0.00
18.192518,264.0234,-0.615234,111,78.0469,0.00,1,0.00
18.193520,264.0234,-0.615234,111,78.0469,0.00,1,0.00
18.194523,264.0234,-0.615234,111,78.0469,0.00,1,0.00
18.195524,264.0234,-0.615234,111,78.0469,0.00,1,0.00
18.196526,264.0234,-0.615234,111,78.0469,0.00,1,0.00
18.197529,264.0234,-0.615234,111,78.0469,0.00,1,0.00
18.198530,264.1113,-0.527344,111,78.0469,0.00,1,0.00
18.199532,264.1113,-0.527344,111,78.0469,0.00,1,0.00
18.200535,264.0234,-0.615234,111,78.0469,0.00,1,0.00
18.201536,264.0234,-0.615234,111,78.0469,0.00,1,0.00
18.202538,264.0234,-0.615234,111,78.0469,0.00,1,0.00
18.203539,264.1113,-0.527344,111,78.0469,0.00,1,0.00
18.204540,264.1113,-0.527344,111,78.0469,0.00,1,0.00
18.211966,263.9355,-0.703125,111,78.0469,0.00,1,0.00
18.212969,264.0234,-0.615234,111,78.0469,0.00,1,0.00
18.213970,264.0234,-0.615234,111,78.0469,0.00,1,0.00
18.214972,264.0234,-0.615234,111,78.0469,0.00,1,0.00
18.215973,263.9355,-0.703125,111,78.0469,0.00,1,0.00
18.216974,264.0234,-0.615234,111,78.0469,0.00,1,0.00
18.217976,264.0234,-0.615234,111,78.0469,0.00,1,0.00
18.218979,264.0234,-0.615234,111,78.0469,0.00,1,0.00
18.219980,264.1113,-0.527344,111,78.0469,0.00,1,0.00
18.220982,264.0234,-0.615234,111,78.0469,0.00,1,0.00
18.221985,264.0234,-0.615234,111,78.0469,0.00,1,0.00
18.222986,263.9355,-0.703125,111,78.0469,0.00,1,0.00
18.223988,264.0234,-0.615234,111,78.0469,0.00,1,0.00
18.224991,264.0234,-0.615234,111,78.0469,0.00,1,0.00
18.225992,264.1113,-0.527344,111,78.0469,0.00,1,0.00
18.226994,264.1113,-0.527344,111,78.0469,0.00,1,0.00
18.227997,264.0234,-0.615234,111,78.0469,0.00,1,0.00
18.228998,264.0234,-0.615234,111,78.0469,0.00,1,0.00
18.230000,264.0234,-0.615234,111,78.0469,0.00,1,0.00
18.231001,264.0234,-0.615234,111,78.0469,0.00,1,0.00
18.232002,264.0234,-0.615234,111,78.0469,0.00,1,0.00
18.233004,264.0234,-0.615234,111,78.0469,0.00,1,0.00
18.234007,264.0234,-0.615234,111,78.0469,0.00,1,0.00
18.235008,264.0234,-0.615234,111,78.0469,0.00,1,0.00
18.236010,264.0234,-0.615234,111,78.0469,0.00,1,0.00
18.237013,264.0234,-0.615234,111,78.0469,0.00,1,0.00
18.238014,264.0234,-0.615234,111,78.0469,0.00,1,0.00
18.239016,264.0234,-0.615234,111,78.0469,0.00,1,0.00
18.240019,264.0234,-0.615234,111,78.0469,0.00,1,0.00
18.241020,264.0234,-0.615234,111,78.0469,0.00,1,0.00
18.242022,263.9355,-0.703125,111,78.0469,0.00,1,0.00
18.243025,263.9355,-0.703125,111,78.0469,0.00,1,0.00
18.244026,264.0234,-0.615234,111,78.0469,0.00,1,0.00
18.245028,264.1113,-0.527344,111,78.0469,0.00,1,0.00
18.246029,264.0234,-0.615234,111,78.0469,0.00,1,0.00
18.247030,263.9355,-0.703125,111,78.0469,0.00,1,0.00
18.248032,264.0234,-0.615234,111,78.0469,0.00,1,0.00
18.249035,264.0234,-0.615234,111,78.0469,0.00,1,0.00
18.250036,264.0234,-0.615234,111,78.0469,0.00,1,0.00
18.251038,264.0234,-0.615234,111,78.0469,0.00,1,0.00
18.252041,264.0234,-0.615234,111,78.0469,0.00,1,0.00
18.253042,264.1113,-0.527344,111,78.0469,0.00,1,0.00
18.254044,264.0234,-0.615234,111,78.0469,0.00,1,0.00
18.255047,264.0234,-0.615234,111,78.0469,0.00,1,0.00
18.256048,264.1113,-0.527344,111,78.0469,0.00,1,0.00
18.257050,264.0234,-0.615234,111,78.0469,0.00,1,0.00
18.258053,264.0234,-0.615234,111,78.0469,0.00,1,0.00
18.259054,264.0234,-0.615234,111,78.0469,0.00,1,0.00
18.260056,264.0234,-0.615234,111,78.0469,0.00,1,0.00
18.261057,264.0234,-0.615234,111,78.0469,0.00,1,0.00
18.268383,264.0234,-0.615234,111,78.0469,0.00,1,0.00
18.269384,264.1113,-0.527344,111,78.0469,0.00,1,0.00
18.270386,264.1113,-0.527344,111,78.0469,0.00,1,0.00
18.271387,264.0234,-0.615234,111,78.0469,0.00,1,0.00
18.272388,264.0234,-0.615234,111,78.0469,0.00,1,0.00
18.273390,264.0234,-0.615234,111,78.0469,0.00,1,0.00
18.274391,264.0234,-0.615234,111,78.0469,0.00,1,0.00
18.275393,264.0234,-0.615234,111,78.0469,0.00,1,0.00
18.276394,264.1113,-0.527344,111,78.0469,0.00,1,0.00
18.277395,264.1113,-0.527344,111,78.0469,0.00,1,0.00
18.278397,264.0234,-0.615234,111,78.0469,0.00,1,0.00
18.279398,263.9355,-0.703125,111,78.0469,0.00,1,0.00
18.280399,264.0234,-0.615234,111,78.0469,0.00,1,0.00
18.281401,264.0234,-0.615234,111,78.0469,0.00,1,0.00
18.282402,264.0234,-0.615234,111,78.0469,0.00,1,0.00
18.283403,264.1113,-0.527344,111,78.0469,0.00,1,0.00
18.284405,264.1113,-0.527344,111,78.0469,0.00,1,0.00
18.285406,264.0234,-0.615234,111,78.0469,0.00,1,0.00
18.286407,264.0234,-0.615234,111,78.0469,0.00,1,0.00
18.287409,264.0234,-0.615234,111,78.0469,0.00,1,0.00
18.288410,264.0234,-0.615234,111,78.0469,0.00,1,0.00
18.289412,264.0234,-0.615234,111,78.0469,0.00,1,0.00
18.290413,264.0234,-0.615234,111,78.0469,0.00,1,0.00
18.291414,264.1113,-0.527344,111,78.0469,0.00,1,0.00
18.292416,264.0234,-0.615234,111,78.0469,0.00,1,0.00
18.293419,264.0234,-0.615234,111,78.0469,0.00,1,0.00
18.294420,264.1113,-0.527344,111,78.0469,0.00,1,0.00
18.295422,264.1113,-0.527344,111,78.0469,0.00,1,0.00
18.296425,264.1113,-0.527344,111,78.0469,0.00,1,0.00
18.297426,264.1113,-0.527344,111,78.0469,0.00,1,0.00
18.298428,264.0234,-0.615234,111,78.0469,0.00,1,0.00
18.299431,264.0234,-0.615234,111,78.0469,0.00,1,0.00
18.300432,263.9355,-0.703125,111,78.0469,0.00,1,0.00
18.301434,264.0234,-0.615234,111,78.0469,0.00,1,0.00
18.302437,264.0234,-0.615234,111,78.0469,0.00,1,0.00
18.303438,264.0234,-0.615234,111,78.0469,0.00,1,0.00
18.304440,264.1113,-0.527344,111,78.0469,0.00,1,0.00
18.305441,264.0234,-0.615234,111,78.0469,0.00,1,0.00
18.306442,264.0234,-0.615234,111,78.0469,0.00,1,0.00
18.307444,264.0234,-0.615234,111,78.0469,0.00,1,0.00
18.308447,264.1113,-0.527344,111,78.0469,0.00,1,0.00
18.309448,264.0234,-0.615234,111,78.0469,0.00,1,0.00
18.310450,264.0234,-0.615234,111,78.0469,0.00,1,0.00
18.311453,264.0234,-0.615234,111,78.0469,0.00,1,0.00
18.312454,264.0234,-0.615234,111,78.0469,0.00,1,0.00
18.313456,264.1113,-0.527344,111,78.0469,0.00,1,0.00
18.314459,264.1113,-0.527344,111,78.0469,0.00,1,0.00
18.315460,264.1113,-0.527344,111,78.0469,0.00,1,0.00
18.316462,264.1113,-0.527344,111,78.0469,0.00,1,0.00
18.317465,263.9355,-0.703125,111,78.0469,0.00,1,0.00
18.335848,264.0234,-0.615234,111,78.0469,0.00,1,0.00
18.336849,263.9355,-0.703125,111,78.0469,0.00,1,0.00
18.337851,263.9355,-0.703125,111,78.0469,0.00,1,0.00
18.338852,264.1113,-0.527344,111,78.0469,0.00,1,0.00
18.339853,264.1113,-0.527344,111,78.0469,0.00,1,0.00
18.340855,264.0234,-0.615234,111,78.0469,0.00,1,0.00
18.341856,264.0234,-0.615234,111,78.0469,0.00,1,0.00
18.342857,264.0234,-0.615234,111,78.0469,0.00,1,0.00
18.343859,264.0234,-0.615234,111,78.0469,0.00,1,0.00
18.344860,264.0234,-0.615234,111,78.0469,0.00,1,0.00
18.345861,264.0234,-0.615234,111,78.0469,0.00,1,0.00
18.346863,263.9355,-0.703125,111,78.0469,0.00,1,0.00
18.347864,264.0234,-0.615234,111,78.0469,0.00,1,0.00
18.348866,264.1113,-0.527344,111,78.0469,0.00,1,0.00
18.349867,264.0234,-0.615234,111,78.0469,0.00,1,0.00
18.350868,264.0234,-0.615234,111,78.0469,0.00,1,0.00
18.351870,264.0234,-0.615234,111,78.0469,0.00,1,0.00
18.352873,264.1113,-0.527344,111,78.0469,0.00,1,0.00
18.353874,264.1113,-0.527344,111,78.0469,0.00,1,0.00
18.354876,264.1113,-0.527344,111,78.0469,0.00,1,0.00
18.355879,264.0234,-0.615234,111,78.0469,0.00,1,0.00
18.356880,264.0234,-0.615234,111,78.0469,0.00,1,0.00
18.357882,264.0234,-0.615234,111,78.0469,0.00,1,0.00
18.358883,264.1113,-0.527344,111,78.0469,0.00,1,0.00
18.359884,264.1113,-0.527344,111,78.0469,0.00,1,0.00
18.360886,264.1113,-0.527344,111,78.0469,0.00,1,0.00
18.361889,264.0234,-0.615234,111,78.0469,0.00,1,0.00
18.362890,263.9355,-0.703125,111,78.0469,0.00,1,0.00
18.363892,264.0234,-0.615234,111,78.0469,0.00,1,0.00
18.364895,264.1113,-0.527344,111,78.0469,0.00,1,0.00
18.365896,264.0234,-0.615234,111,78.0469,0.00,1,0.00
18.366898,264.0234,-0.615234,111,78.0469,0.00,1,0.00
18.367901,264.0234,-0.615234,111,78.0469,0.00,1,0.00
18.368902,264.0234,-0.615234,111,78.0469,0.00,1,0.00
18.369904,264.0234,-0.615234,111,78.0469,0.00,1,0.00
18.370907,264.0234,-0.615234,111,78.0469,0.00,1,0.00
18.371908,264.0234,-0.615234,111,78.0469,0.00,1,0.00
18.372910,264.0234,-0.615234,111,78.0469,0.00,1,0.00
18.373911,264.0234,-0.615234,111,78.0469,0.00,1,0.00
18.374912,264.0234,-0.615234,111,78.0469,0.00,1,0.00
18.375914,264.0234,-0.615234,111,78.0469,0.00,1,0.00
18.376917,264.0234,-0.615234,111,78.0469,0.00,1,0.00
18.377918,264.1113,-0.527344,111,78.0469,0.00,1,0.00
18.378920,264.1113,-0.527344,111,78.0469,0.00,1,0.00
18.379923,264.0234,-0.615234,111,78.0469,0.00,1,0.00
18.380924,264.0234,-0.615234,111,78.0469,0.00,1,0.00
18.381926,264.0234,-0.615234,111,78.0469,0.00,1,0.00
18.382929,264.0234,-0.615234,111,78.0469,0.00,1,0.00
18.383930,264.0234,-0.615234,111,78.0469,0.00,1,0.00
18.384932,264.0234,-0.615234,111,78.0469,0.00,1,0.00
18.392208,264.0234,-0.615234,111,78.0469,0.00,1,0.00
18.393209,264.0234,-0.615234,111,78.0469,0.00,1,0.00
18.394211,264.0234,-0.615234,111,78.0469,0.00,1,0.00
18.395212,264.0234,-0.615234,111,78.0469,0.00,1,0.00
18.396214,263.9355,-0.703125,111,78.0469,0.00,1,0.00
18.397215,263.9355,-0.703125,111,78.0469,0.00,1,0.00
18.398216,264.0234,-0.615234,111,78.0469,0.00,1,0.00
18.399218,264.0234,-0.615234,111,78.0469,0.00,1,0.00
18.400221,264.0234,-0.615234,111,78.0469,0.00,1,0.00
18.401222,264.0234,-0.615234,111,78.0469,0.00,1,0.00
18.402224,264.1113,-0.527344,111,78.0469,0.00,1,0.00
18.403227,264.1113,-0.527344,111,78.0469,0.00,1,0.00
18.404228,264.1113,-0.527344,111,78.0469,0.00,1,0.00
18.405230,264.0234,-0.615234,111,78.0469,0.00,1,0.00
18.406233,264.0234,-0.615234,111,78.0469,0.00,1,0.00
18.407234,264.0234,-0.615234,111,78.0469,0.00,1,0.00
18.408236,264.1113,-0.527344,111,78.0469,0.00,1,0.00
18.409239,264.1113,-0.527344,111,78.0469,0.00,1,0.00
18.410240,264.0234,-0.615234,111,78.0469,0.00,1,0.00
18.411242,264.0234,-0.615234,111,78.0469,0.00,1,0.00
18.412243,264.0234,-0.615234,111,78.0469,0.00,1,0.00
18.413244,264.0234,-0.615234,111,78.0469,0.00,1,0.00
18.414246,264.1113,-0.527344,111,78.0469,0.00,1,0.00
18.415249,264.0234,-0.615234,111,78.0469,0.00,1,0.00
18.416250,264.0234,-0.615234,111,78.0469,0.00,1,0.00
18.417252,264.0234,-0.615234,111,78.0469,0.00,1,0.00
18.418255,264.0234,-0.615234,111,78.0469,0.00,1,0.00
18.419256,264.1113,-0.527344,111,78.0469,0.00,1,0.00
18.420258,264.0234,-0.615234,111,78.0469,0.00,1,0.00
18.421261,264.0234,-0.615234,111,78.0469,0.00,1,0.00
18.422262,264.0234,-0.615234,111,78.0469,0.00,1,0.00
18.423264,264.0234,-0.615234,111,78.0469,0.00,1,0.00
18.424267,264.0234,-0.615234,111,78.0469,0.00,1,0.00
18.425268,264.0234,-0.615234,111,78.0469,0.00,1,0.00
18.426270,264.0234,-0.615234,111,78.0469,0.00,1,0.00
18.427271,264.0234,-0.615234,111,78.0469,0.00,1,0.00
18.428272,264.1113,-0.527344,111,78.0469,0.00,1,0.00
18.429274,264.1113,-0.527344,111,78.0469,0.00,1,0.00
18.430277,264.0234,-0.615234,111,78.0469,0.00,1,0.00
18.431278,264.0234,-0.615234,111,78.0469,0.00,1,0.00
18.432280,264.0234,-0.615234,111,78.0469,0.00,1,0.00
18.433283,264.0234,-0.615234,111,78.0469,0.00,1,0.00
18.434284,264.0234,-0.615234,111,78.0469,0.00,1,0.00
18.435286,264.0234,-0.615234,111,78.0469,0.00,1,0.00
18.436289,264.0234,-0.615234,111,78.0469,0.00,1,0.00
18.437290,264.1113,-0.527344,111,78.0469,0.00,1,0.00
18.438292,264.0234,-0.615234,111,78.0469,0.00,1,0.00
18.439295,263.9355,-0.703125,111,78.0469,0.00,1,0.00
18.440296,264.1113,-0.527344,111,78.0469,0.00,1,0.00
18.441298,264.1113,-0.527344,111,78.0469,0.00,1,0.00
18.448605,264.1113,-0.527344,111,78.0469,0.00,1,0.00
18.449606,264.0234,-0.615234,111,78.0469,0.00,1,0.00
18.450607,264.0234,-0.615234,111,78.0469,0.00,1,0.00
18.451609,264.0234,-0.615234,111,78.0469,0.00,1,0.00
18.452610,264.0234,-0.615234,111,78.0469,0.00,1,0.00
18.453611,264.0234,-0.615234,111,78.0469,0.00,1,0.00
18.454613,264.0234,-0.615234,111,78.0469,0.00,1,0.00
18.455614,264.0234,-0.615234,111,78.0469,0.00,1,0.00
18.456615,264.0234,-0.615234,111,78.0469,0.00,1,0.00
18.457617,264.0234,-0.615234,111,78.0469,0.00,1,0.00
18.458618,264.0234,-0.615234,111,78.0469,0.00,1,0.00
18.459620,264.1113,-0.527344,111,78.0469,0.00,1,0.00
18.460621,264.1113,-0.527344,111,78.0469,0.00,1,0.00
18.461622,264.0234,-0.615234,111,78.0469,0.00,1,0.00
18.462624,264.0234,-0.615234,111,78.0469,0.00,1,0.00
18.463627,264.0234,-0.615234,111,78.0469,0.00,1,0.00
18.464628,264.0234,-0.615234,111,78.0469,0.00,1,0.00
18.465630,264.0234,-0.615234,111,78.0469,0.00,1,0.00
18.466633,264.0234,-0.615234,111,78.0469,0.00,1,0.00
18.467634,264.0234,-0.615234,111,78.0469,0.00,1,0.00
18.468636,264.0234,-0.615234,111,78.0469,0.00,1,0.00
18.469639,264.0234,-0.615234,111,78.0469,0.00,1,0.00
18.470640,264.0234,-0.615234,111,78.0469,0.00,1,0.00
18.471642,264.1113,-0.527344,111,78.0469,0.00,1,0.00
18.472643,264.0234,-0.615234,111,78.0469,0.00,1,0.00
18.473644,264.0234,-0.615234,111,78.0469,0.00,1,0.00
18.474646,264.0234,-0.615234,111,78.0469,0.00,1,0.00
18.475649,264.0234,-0.615234,111,78.0469,0.00,1,0.00
18.476650,264.0234,-0.615234,111,78.0469,0.00,1,0.00
18.477652,264.0234,-0.615234,111,78.0469,0.00,1,0.00
18.478655,264.0234,-0.615234,111,78.0469,0.00,1,0.00
18.479656,264.0234,-0.615234,111,78.0469,0.00,1,0.00
18.480658,264.0234,-0.615234,111,78.0469,0.00,1,0.00
18.481661,264.0234,-0.615234,111,78.0469,0.00,1,0.00
18.482662,264.0234,-0.615234,111,78.0469,0.00,1,0.00
18.483664,264.0234,-0.615234,111,78.0469,0.00,1,0.00
18.484667,264.0234,-0.615234,111,78.0469,0.00,1,0.00
18.485668,263.9355,-0.703125,111,78.0469,0.00,1,0.00
18.486670,264.0234,-0.615234,111,78.0469,0.00,1,0.00
18.487671,264.0234,-0.615234,111,78.0469,0.00,1,0.00
18.488672,264.0234,-0.615234,111,78.0469,0.00,1,0.00
18.489674,264.0234,-0.615234,111,78.0469,0.00,1,0.00
18.490677,264.0234,-0.615234,111,78.0469,0.00,1,0.00
18.491678,264.1113,-0.527344,111,78.0469,0.00,1,0.00
18.492680,264.0234,-0.615234,111,78.0469,0.00,1,0.00
18.493683,264.0234,-0.615234,111,78.0469,0.00,1,0.00
18.494684,264.0234,-0.615234,111,78.0469,0.00,1,0.00
18.495686,264.0234,-0.615234,111,78.0469,0.00,1,0.00
18.496689,263.9355,-0.703125,111,78.0469,0.00,1,0.00
18.497690,263.9355,-0.703125,111,78.0469,0.00,1,0.00
18.505459,264.0234,-0.615234,111,78.0469,0.00,1,0.00
18.506460,264.0234,-0.615234,111,78.0469,0.00,1,0.00
18.507462,264.0234,-0.615234,111,78.0469,0.00,1,0.00
18.508463,264.1113,-0.527344,111,78.0469,0.00,1,0.00
18.509464,264.1113,-0.527344,111,78.0469,0.00,1,0.00
18.510466,264.1113,-0.527344,111,78.0469,0.00,1,0.00
18.511469,264.1113,-0.527344,111,78.0469,0.00,1,0.00
18.512470,264.0234,-0.615234,111,78.0469,0.00,1,0.00
18.513472,264.0234,-0.615234,111,78.0469,0.00,1,0.00
18.514475,264.0234,-0.615234,111,78.0469,0.00,1,0.00
18.515476,264.0234,-0.615234,111,78.0469,0.00,1,0.00
18.516478,264.0234,-0.615234,111,78.0469,0.00,1,0.00
18.517481,263.9355,-0.703125,111,78.0469,0.00,1,0.00
18.518482,263.9355,-0.703125,111,78.0469,0.00,1,0.00
18.519484,264.0234,-0.615234,111,78.0469,0.00,1,0.00
18.520487,264.1113,-0.527344,111,78.0469,0.00,1,0.00
18.521488,264.0234,-0.615234,111,78.0469,0.00,1,0.00
18.522490,264.0234,-0.615234,111,78.0469,0.00,1,0.00
18.523491,263.9355,-0.703125,111,78.0469,0.00,1,0.00
18.524492,263.9355,-0.703125,111,78.0469,0.00,1,0.00
18.525494,264.0234,-0.615234,111,78.0469,0.00,1,0.00
18.526497,264.0234,-0.615234,111,78.0469,0.00,1,0.00
18.527498,264.0234,-0.615234,111,78.0469,0.00,1,0.00
18.528500,264.0234,-0.615234,111,78.0469,0.00,1,0.00
18.529503,264.0234,-0.615234,111,78.0469,0.00,1,0.00
18.530504,264.0234,-0.615234,111,78.0469,0.00,1,0.00
18.531506,264.0234,-0.615234,111,78.0469,0.00,1,0.00
18.532509,264.0234,-0.615234,111,78.0469,0.00,1,0.00
18.533510,264.0234,-0.615234,111,78.0469,0.00,1,0.00
18.534512,264.0234,-0.615234,111,78.0469,0.00,1,0.00
18.535515,264.0234,-0.615234,111,78.0469,0.00,1,0.00
18.536516,264.0234,-0.615234,111,78.0469,0.00,1,0.00
18.537518,264.1113,-0.527344,111,78.0469,0.00,1,0.00
18.538519,264.0234,-0.615234,111,78.0469,0.00,1,0.00
18.539520,264.1113,-0.527344,111,78.0469,0.00,1,0.00
18.540522,264.0234,-0.615234,111,78.0469,0.00,1,0.00
18.541525,264.0234,-0.615234,111,78.0469,0.00,1,0.00
18.542526,264.0234,-0.615234,111,78.0469,0.00,1,0.00
18.543528,264.0234,-0.615234,111,78.0469,0.00,1,0.00
18.544531,264.0234,-0.615234,111,78.0469,0.00,1,0.00
18.545532,264.0234,-0.615234,111,78.0469,0.00,1,0.00
18.546534,264.0234,-0.615234,111,78.0469,0.00,1,0.00
18.547537,264.0234,-0.615234,111,78.0469,0.00,1,0.00
18.548538,264.0234,-0.615234,111,78.0469,0.00,1,0.00
18.549540,264.0234,-0.615234,111,78.0469,0.00,1,0.00
18.550543,264.0234,-0.615234,111,78.0469,0.00,1,0.00
18.551544,264.0234,-0.615234,111,78.0469,0.00,1,0.00
18.552546,264.0234,-0.615234,111,78.0469,0.00,1,0.00
18.553547,264.0234,-0.615234,111,78.0469,0.00,1,0.00
18.554548,263.9355,-0.703125,111,78.0469,0.00,1,0.00
18.561703,264.1113,-0.527344,111,78.0469,0.00,1,0.00
18.562704,264.1113,-0.527344,111,78.0469,0.00,1,0.00
18.563705,264.0234,-0.615234,111,78.0469,0.00,1,0.00
18.564707,264.0234,-0.615234,111,78.0469,0.00,1,0.00
18.565708,264.1113,-0.527344,111,78.0469,0.00,1,0.00
18.566710,264.0234,-0.615234,111,78.0469,0.00,1,0.00
18.567711,264.0234,-0.615234,111,78.0469,0.00,1,0.00
18.568712,264.0234,-0.615234,111,78.0469,0.00,1,0.00
18.569714,264.0234,-0.615234,111,78.0469,0.00,1,0.00
18.570717,264.1113,-0.527344,111,78.0469,0.00,1,0.00
18.571718,264.0234,-0.615234,111,78.0469,0.00,1,0.00
18.572720,264.0234,-0.615234,111,78.0469,0.00,1,0.00
18.573723,264.0234,-0.615234,111,78.0469,0.00,1,0.00
18.574724,264.1113,-0.527344,111,78.0469,0.00,1,0.00
18.575726,264.1113,-0.527344,111,78.0469,0.00,1,0.00
18.576729,264.1113,-0.527344,111,78.0469,0.00,1,0.00
18.577730,264.1113,-0.527344,111,78.0469,0.00,1,0.00
18.578732,264.1113,-0.527344,111,78.0469,0.00,1,0.00
18.579733,264.0234,-0.615234,111,78.0469,0.00,1,0.00
18.580734,264.0234,-0.615234,111,78.0469,0.00,1,0.00
18.581736,264.0234,-0.615234,111,78.0469,0.00,1,0.00
18.582739,264.0234,-0.615234,111,78.0469,0.00,1,0.00
18.583740,264.0234,-0.615234,111,78.0469,0.00,1,0.00
18.584742,264.0234,-0.615234,111,78.0469,0.00,1,0.00
18.585745,264.0234,-0.615234,111,78.0469,0.00,1,0.00
18.586746,264.0234,-0.615234,111,78.0469,0.00,1,0.00
18.587748,264.0234,-0.615234,111,78.0469,0.00,1,0.00
18.588751,264.0234,-0.615234,111,78.0469,0.00,1,0.00
18.589752,264.0234,-0.615234,111,78.0469,0.00,1,0.00
18.590754,264.0234,-0.615234,111,78.0469,0.00,1,0.00
18.591757,264.0234,-0.615234,111,78.0469,0.00,1,0.00
18.592758,264.0234,-0.615234,111,78.0469,0.00,1,0.00
18.593760,264.0234,-0.615234,111,78.0469,0.00,1,0.00
18.594761,264.0234,-0.615234,111,78.0469,0.00,1,0.00
18.595762,264.0234,-0.615234,111,78.0469,0.00,1,0.00
18.596764,264.0234,-0.615234,111,78.0469,0.00,1,0.00
18.597767,264.0234,-0.615234,111,78.0469,0.00,1,0.00
18.598768,264.0234,-0.615234,111,78.0469,0.00,1,0.00
18.599770,264.0234,-0.615234,111,78.0469,0.00,1,0.00
18.600773,264.0234,-0.615234,111,78.0469,0.00,1,0.00
18.601774,264.0234,-0.615234,111,78.0469,0.00,1,0.00
18.602776,264.0234,-0.615234,111,78.0469,0.00,1,0.00
18.603779,264.0234,-0.615234,111,78.0469,0.00,1,0.00
18.604780,264.0234,-0.615234,111,78.0469,0.00,1,0.00
18.605782,264.0234,-0.615234,111,78.0469,0.00,1,0.00
18.606785,264.0234,-0.615234,111,78.0469,0.00,1,0.00
18.607786,264.0234,-0.615234,111,78.0469,0.00,1,0.00
18.608788,264.0234,-0.615234,111,78.0469,0.00,1,0.00
18.609789,264.0234,-0.615234,111,78.0469,0.00,1,0.00
18.610790,264.1113,-0.527344,111,78.0469,0.00,1,0.00
18.618053,264.1113,-0.527344,111,78.0469,0.00,1,0.00
18.619055,264.1113,-0.527344,111,78.0469,0.00,1,0.00
18.620056,264.1113,-0.527344,111,78.0469,0.00,1,0.00
18.621058,264.0234,-0.615234,111,78.0469,0.00,1,0.00
18.622059,263.9355,-0.703125,111,78.0469,0.00,1,0.00
18.623060,263.9355,-0.703125,111,78.0469,0.00,1,0.00
18.624062,263.9355,-0.703125,111,78.0469,0.00,1,0.00
18.625065,264.0234,-0.615234,111,78.0469,0.00,1,0.00
18.626066,264.0234,-0.615234,111,78.0469,0.00,1,0.00
18.627068,264.1113,-0.527344,111,78.0469,0.00,1,0.00
18.628071,264.1113,-0.527344,111,78.0469,0.00,1,0.00
18.629072,264.0234,-0.615234,111,78.0469,0.00,1,0.00
18.630074,264.0234,-0.615234,111,78.0469,0.00,1,0.00
18.631075,264.0234,-0.615234,111,78.0469,0.00,1,0.00
18.632076,263.9355,-0.703125,111,78.0469,0.00,1,0.00
18.633078,263.9355,-0.703125,111,78.0469,0.00,1,0.00
18.634081,264.0234,-0.615234,111,78.0469,0.00,1,0.00
18.635082,264.0234,-0.615234,111,78.0469,0.00,1,0.00
18.636084,264.0234,-0.615234,111,78.0469,0.00,1,0.00
18.637087,264.0234,-0.615234,111,78.0469,0.00,1,0.00
18.638088,264.1113,-0.527344,111,78.0469,0.00,1,0.00
18.639090,264.1113,-0.527344,111,78.0469,0.00,1,0.00
18.640093,264.1113,-0.527344,111,78.0469,0.00,1,0.00
18.641094,264.1113,-0.527344,111,78.0469,0.00,1,0.00
18.642096,264.1113,-0.527344,111,78.0469,0.00,1,0.00
18.643099,264.1113,-0.527344,111,78.0469,0.00,1,0.00
18.644100,264.0234,-0.615234,111,78.0469,0.00,1,0.00
18.645102,264.0234,-0.615234,111,78.0469,0.00,1,0.00
18.646103,264.0234,-0.615234,111,78.0469,0.00,1,0.00
18.647104,264.0234,-0.615234,111,78.0469,0.00,1,0.00
18.648106,264.0234,-0.615234,111,78.0469,0.00,1,0.00
18.649109,264.0234,-0.615234,111,78.0469,0.00,1,0.00
18.650110,263.9355,-0.703125,111,78.0469,0.00,1,0.00
18.651112,264.0234,-0.615234,111,78.0469,0.00,1,0.00
18.652115,264.1113,-0.527344,111,78.0469,0.00,1,0.00
18.653116,264.1113,-0.527344,111,78.0469,0.00,1,0.00
18.654118,264.0234,-0.615234,111,78.0469,0.00,1,0.00
18.655121,264.0234,-0.615234,111,78.0469,0.00,1,0.00
18.656122,264.0234,-0.615234,111,78.0469,0.00,1,0.00
18.657124,264.1113,-0.527344,111,78.0469,0.00,1,0.00
18.658127,264.1113,-0.527344,111,78.0469,0.00,1,0.00
18.659128,264.1113,-0.527344,111,78.0469,0.00,1,0.00
18.660130,264.1113,-0.527344,111,78.0469,0.00,1,0.00
18.661131,264.1113,-0.527344,111,78.0469,0.00,1,0.00
18.662132,264.0234,-0.615234,111,78.0469,0.00,1,0.00
18.663134,264.0234,-0.615234,111,78.0469,0.00,1,0.00
18.664137,264.0234,-0.615234,111,78.0469,0.00,1,0.00
18.665138,264.0234,-0.615234,111,78.0469,0.00,1,0.00
18.666140,264.0234,-0.615234,111,78.0469,0.00,1,0.00
18.667143,264.0234,-0.615234,111,78.0469,0.00,1,0.00
18.674433,264.1113,-0.527344,111,78.0469,0.00,1,0.00
18.675434,264.1113,-0.527344,111,78.0469,0.00,1,0.00
18.676435,264.0234,-0.615234,111,78.0469,0.00,1,0.00
18.677437,264.0234,-0.615234,111,78.0469,0.00,1,0.00
18.678438,264.0234,-0.615234,111,78.0469,0.00,1,0.00
18.679440,264.0234,-0.615234,111,78.0469,0.00,1,0.00
18.680441,264.1113,-0.527344,111,78.0469,0.00,1,0.00
18.681442,264.0234,-0.615234,111,78.0469,0.00,1,0.00
18.682444,264.0234,-0.615234,111,78.0469,0.00,1,0.00
18.683447,264.0234,-0.615234,111,78.0469,0.00,1,0.00
18.684448,264.0234,-0.615234,111,78.0469,0.00,1,0.00
18.685450,264.1113,-0.527344,111,78.0469,0.00,1,0.00
18.686453,264.1113,-0.527344,111,78.0469,0.00,1,0.00
18.687454,264.0234,-0.615234,111,78.0469,0.00,1,0.00
18.688456,264.0234,-0.615234,111,78.0469,0.00,1,0.00
18.689459,264.0234,-0.615234,111,78.0469,0.00,1,0.00
18.690460,264.0234,-0.615234,111,78.0469,0.00,1,0.00
18.691462,264.1113,-0.527344,111,78.0469,0.00,1,0.00
18.692465,264.1113,-0.527344,111,78.0469,0.00,1,0.00
18.693466,264.0234,-0.615234,111,78.0469,0.00,1,0.00
18.694468,264.0234,-0.615234,111,78.0469,0.00,1,0.00
18.695469,264.0234,-0.615234,111,78.0469,0.00,1,0.00
18.696470,264.0234,-0.615234,111,78.0469,0.00,1,0.00
18.697472,264.1113,-0.527344,111,78.0469,0.00,1,0.00
18.698475,264.1113,-0.527344,111,78.0469,0.00,1,0.00
18.699476,264.0234,-0.615234,111,78.0469,0.00,1,0.00
18.700478,264.0234,-0.615234,111,78.0469,0.00,1,0.00
18.701481,264.1113,-0.527344,111,78.0469,0.00,1,0.00
18.702482,264.1113,-0.527344,111,78.0469,0.00,1,0.00
18.703484,264.1113,-0.527344,111,78.0469,0.00,1,0.00
18.704487,264.0234,-0.615234,111,78.0469,0.00,1,0.00
18.705488,263.9355,-0.703125,111,78.0469,0.00,1,0.00
18.706490,264.0234,-0.615234,111,78.0469,0.00,1,0.00
18.707493,264.0234,-0.615234,111,78.0469,0.00,1,0.00
18.708494,264.0234,-0.615234,111,78.0469,0.00,1,0.00
18.709496,264.1113,-0.527344,111,78.0469,0.00,1,0.00
18.710497,264.1113,-0.527344,111,78.0469,0.00,1,0.00
18.711498,264.0234,-0.615234,111,78.0469,0.00,1,0.00
18.712500,264.0234,-0.615234,111,78.0469,0.00,1,0.00
18.713503,264.0234,-0.615234,111,78.0469,0.00,1,0.00
18.714504,264.0234,-0.615234,111,78.0469,0.00,1,0.00
18.715506,264.1113,-0.527344,111,78.0469,0.00,1,0.00
18.716509,264.1113,-0.527344,111,78.0469,0.00,1,0.00
18.717510,264.1113,-0.527344,111,78.0469,0.00,1,0.00
18.718512,264.0234,-0.615234,111,78.0469,0.00,1,0.00
18.719515,264.0234,-0.615234,111,78.0469,0.00,1,0.00
18.720516,264.0234,-0.615234,111,78.0469,0.00,1,0.00
18.721518,264.0234,-0.615234,111,78.0469,0.00,1,0.00
18.722521,264.0234,-0.615234,111,78.0469,0.00,1,0.00
18.723522,264.0234,-0.615234,111,78.0469,0.00,1,0.00
18.730808,264.0234,-0.615234,111,78.0469,0.00,1,0.00
18.731810,264.0234,-0.615234,111,78.0469,0.00,1,0.00
18.732813,264.0234,-0.615234,111,78.0469,0.00,1,0.00
18.733814,264.0234,-0.615234,111,78.0469,0.00,1,0.00
18.734816,264.0234,-0.615234,111,78.0469,0.00,1,0.00
18.735819,264.0234,-0.615234,111,78.0469,0.00,1,0.00
18.736820,264.0234,-0.615234,111,78.0469,0.00,1,0.00
18.737822,264.0234,-0.615234,111,78.0469,0.00,1,0.00
18.738825,264.0234,-0.615234,111,78.0469,0.00,1,0.00
18.739826,264.0234,-0.615234,111,78.0469,0.00,1,0.00
18.740828,264.0234,-0.615234,111,78.0469,0.00,1,0.00
18.741831,264.1113,-0.527344,111,78.0469,0.00,1,0.00
18.742832,264.1113,-0.527344,111,78.0469,0.00,1,0.00
18.743834,264.1113,-0.527344,111,78.0469,0.00,1,0.00
18.744835,264.1113,-0.527344,111,78.0469,0.00,1,0.00
18.745836,264.0234,-0.615234,111,78.0469,0.00,1,0.00
18.746838,264.0234,-0.615234,111,78.0469,0.00,1,0.00
18.747841,263.9355,-0.703125,111,78.0469,0.00,1,0.00
18.748842,263.9355,-0.703125,111,78.0469,0.00,1,0.00
18.749844,264.0234,-0.615234,111,78.0469,0.00,1,0.00
18.750847,264.0234,-0.615234,111,78.0469,0.00,1,0.00
18.751848,264.0234,-0.615234,111,78.0469,0.00,1,0.00
18.752850,264.1113,-0.527344,111,78.0469,0.00,1,0.00
18.753853,264.1113,-0.527344,111,78.0469,0.00,1,0.00
18.754854,264.0234,-0.615234,111,78.0469,0.00,1,0.00
18.755856,263.9355,-0.703125,111,78.0469,0.00,1,0.00
18.756859,263.9355,-0.703125,111,78.0469,0.00,1,0.00
18.757860,264.0234,-0.615234,111,78.0469,0.00,1,0.00
18.758862,264.0234,-0.615234,111,78.0469,0.00,1,0.00
18.759863,264.0234,-0.615234,111,78.0469,0.00,1,0.00
18.760864,264.1113,-0.527344,111,78.0469,0.00,1,0.00
18.761866,264.0234,-0.615234,111,78.0469,0.00,1,0.00
18.762869,264.0234,-0.615234,111,78.0469,0.00,1,0.00
18.763870,264.0234,-0.615234,111,78.0469,0.00,1,0.00
18.764872,264.0234,-0.615234,111,78.0469,0.00,1,0.00
18.765875,264.0234,-0.615234,111,78.0469,0.00,1,0.00
18.766876,264.0234,-0.615234,111,78.0469,0.00,1,0.00
18.767878,264.1113,-0.527344,111,78.0469,0.00,1,0.00
18.768881,264.0234,-0.615234,111,78.0469,0.00,1,0.00
18.769882,264.0234,-0.615234,111,78.0469,0.00,1,0.00
18.770884,264.0234,-0.615234,111,78.0469,0.00,1,0.00
18.771887,264.1113,-0.527344,111,78.0469,0.00,1,0.00
18.772888,264.1113,-0.527344,111,78.0469,0.00,1,0.00
18.773890,264.1113,-0.527344,111,78.0469,0.00,1,0.00
18.774891,264.0234,-0.615234,111,78.0469,0.00,1,0.00
18.775892,264.0234,-0.615234,111,78.0469,0.00,1,0.00
18.776894,264.0234,-0.615234,111,78.0469,0.00,1,0.00
18.777897,264.0234,-0.615234,111,78.0469,0.00,1,0.00
18.778898,264.1113,-0.527344,111,78.0469,0.00,1,0.00
18.779900,264.0234,-0.615234,111,78.0469,0.00,1,0.00
18.787235,264.0234,-0.615234,111,78.0469,0.00,1,0.00
18.788237,263.9355,-0.703125,111,78.0469,0.00,1,0.00
18.789238,264.0234,-0.615234,111,78.0469,0.00,1,0.00
18.790239,264.0234,-0.615234,111,78.0469,0.00,1,0.00
18.791241,264.0234,-0.615234,111,78.0469,0.00,1,0.00
18.792242,264.0234,-0.615234,111,78.0469,0.00,1,0.00
18.793243,264.0234,-0.615234,111,78.0469,0.00,1,0.00
18.794245,264.1113,-0.527344,111,78.0469,0.00,1,0.00
18.795246,264.1113,-0.527344,111,78.0469,0.00,1,0.00
18.796247,264.0234,-0.615234,111,78.0469,0.00,1,0.00
18.797249,264.0234,-0.615234,111,78.0469,0.00,1,0.00
18.798250,264.0234,-0.615234,111,78.0469,0.00,1,0.00
18.799252,264.0234,-0.615234,111,78.0469,0.00,1,0.00
18.800255,264.0234,-0.615234,111,78.0469,0.00,1,0.00
18.801256,264.0234,-0.615234,111,78.0469,0.00,1,0.00
18.802258,264.0234,-0.615234,111,78.0469,0.00,1,0.00
18.803259,264.0234,-0.615234,111,78.0469,0.00,1,0.00
18.804260,264.0234,-0.615234,111,78.0469,0.00,1,0.00
18.805262,264.0234,-0.615234,111,78.0469,0.00,1,0.00
18.806265,264.0234,-0.615234,111,78.0469,0.00,1,0.00
18.807266,264.0234,-0.615234,111,78.0469,0.00,1,0.00
18.808268,264.0234,-0.615234,111,78.0469,0.00,1,0.00
18.809271,264.0234,-0.615234,111,78.0469,0.00,1,0.00
18.810272,264.0234,-0.615234,111,78.0469,0.00,1,0.00
18.811274,264.0234,-0.615234,111,78.0469,0.00,1,0.00
18.812277,264.0234,-0.615234,111,78.0469,0.00,1,0.00
18.813278,264.0234,-0.615234,111,78.0469,0.00,1,0.00
18.814280,264.0234,-0.615234,111,78.0469,0.00,1,0.00
18.815283,264.1113,-0.527344,111,78.0469,0.00,1,0.00
18.816284,264.1113,-0.527344,111,78.0469,0.00,1,0.00
18.817286,264.0234,-0.615234,111,78.0469,0.00,1,0.00
18.818287,264.0234,-0.615234,111,78.0469,0.00,1,0.00
18.819288,264.1113,-0.527344,111,78.0469,0.00,1,0.00
18.820290,264.1113,-0.527344,111,78.0469,0.00,1,0.00
18.821293,264.1113,-0.527344,111,78.0469,0.00,1,0.00
18.822294,264.0234,-0.615234,111,78.0469,0.00,1,0.00
18.823296,264.1113,-0.527344,111,78.0469,0.00,1,0.00
18.824299,264.0234,-0.615234,111,78.0469,0.00,1,0.00
18.825300,264.0234,-0.615234,111,78.0469,0.00,1,0.00
18.826302,264.0234,-0.615234,111,78.0469,0.00,1,0.00
18.827305,264.0234,-0.615234,111,78.0469,0.00,1,0.00
18.828306,263.9355,-0.703125,111,78.0469,0.00,1,0.00
18.829308,264.0234,-0.615234,111,78.0469,0.00,1,0.00
18.830311,264.0234,-0.615234,111,78.0469,0.00,1,0.00
18.831312,263.9355,-0.703125,111,78.0469,0.00,1,0.00
18.832314,264.0234,-0.615234,111,78.0469,0.00,1,0.00
18.833315,264.0234,-0.615234,111,78.0469,0.00,1,0.00
18.834316,264.0234,-0.615234,111,78.0469,0.00,1,0.00
18.835318,264.0234,-0.615234,111,78.0469,0.00,1,0.00
18.836321,264.0234,-0.615234,111,78.0469,0.00,1,0.00
18.844215,264.1113,-0.527344,111,78.0469,0.00,1,0.00
18.845217,264.0234,-0.615234,111,78.0469,0.00,1,0.00
18.846218,264.1113,-0.527344,111,78.0469,0.00,1,0.00
18.847219,264.0234,-0.615234,111,78.0469,0.00,1,0.00
18.848221,264.0234,-0.615234,111,78.0469,0.00,1,0.00
18.849222,264.0234,-0.615234,111,78.0469,0.00,1,0.00
18.850224,264.0234,-0.615234,111,78.0469,0.00,1,0.00
18.851225,264.0234,-0.615234,111,78.0469,0.00,1,0.00
18.852226,264.0234,-0.615234,111,78.0469,0.00,1,0.00
18.853228,264.0234,-0.615234,111,78.0469,0.00,1,0.00
18.854231,264.1113,-0.527344,111,78.0469,0.00,1,0.00
18.855232,264.1113,-0.527344,111,78.0469,0.00,1,0.00
18.856234,264.0234,-0.615234,111,78.0469,0.00,1,0.00
18.857237,264.0234,-0.615234,111,78.0469,0.00,1,0.00
18.858238,264.0234,-0.615234,111,78.0469,0.00,1,0.00
18.859240,264.0234,-0.615234,111,78.0469,0.00,1,0.00
18.860243,264.0234,-0.615234,111,78.0469,0.00,1,0.00
18.861244,264.1113,-0.527344,111,78.0469,0.00,1,0.00
18.862246,264.1113,-0.527344,111,78.0469,0.00,1,0.00
18.863249,264.0234,-0.615234,111,78.0469,0.00,1,0.00
18.864250,264.0234,-0.615234,111,78.0469,0.00,1,0.00
18.865252,264.0234,-0.615234,111,78.0469,0.00,1,0.00
18.866253,263.9355,-0.703125,111,78.0469,0.00,1,0.00
18.867254,263.9355,-0.703125,111,78.0469,0.00,1,0.00
18.868256,263.9355,-0.703125,111,78.0469,0.00,1,0.00
18.869259,264.0234,-0.615234,111,78.0469,0.00,1,0.00
18.870260,264.0234,-0.615234,111,78.0469,0.00,1,0.00
18.871262,264.0234,-0.615234,111,78.0469,0.00,1,0.00
18.872265,264.0234,-0.615234,111,78.0469,0.00,1,0.00
18.873266,264.1113,-0.527344,111,78.0469,0.00,1,0.00
18.874268,264.1113,-0.527344,111,78.0469,0.00,1,0.00
18.875271,264.0234,-0.615234,111,78.0469,0.00,1,0.00
18.876272,264.0234,-0.615234,111,78.0469,0.00,1,0.00
18.877274,264.0234,-0.615234,111,78.0469,0.00,1,0.00
18.878277,264.1113,-0.527344,111,78.0469,0.00,1,0.00
18.879278,264.0234,-0.615234,111,78.0469,0.00,1,0.00
18.880280,264.0234,-0.615234,111,78.0469,0.00,1,0.00
18.881281,264.0234,-0.615234,111,78.0469,0.00,1,0.00
18.882282,264.0234,-0.615234,111,78.0469,0.00,1,0.00
18.883284,264.0234,-0.615234,111,78.0469,0.00,1,0.00
18.884287,264.0234,-0.615234,111,78.0469,0.00,1,0.00
18.885288,264.0234,-0.615234,111,78.0469,0.00,1,0.00
18.886290,264.0234,-0.615234,111,78.0469,0.00,1,0.00
18.887293,264.0234,-0.615234,111,78.0469,0.00,1,0.00
18.888294,264.0234,-0.615234,111,78.0469,0.00,1,0.00
18.889296,264.0234,-0.615234,111,78.0469,0.00,1,0.00
18.890299,264.0234,-0.615234,111,78.0469,0.00,1,0.00
18.891300,264.1113,-0.527344,111,78.0469,0.00,1,0.00
18.892302,264.0234,-0.615234,111,78.0469,0.00,1,0.00
18.893305,264.1113,-0.527344,111,78.0469,0.00,1,0.00
18.900459,264.0234,-0.615234,111,78.0469,0.00,1,0.00
18.901461,264.0234,-0.615234,111,78.0469,0.00,1,0.00
18.902462,264.1113,-0.527344,111,78.0469,0.00,1,0.00
18.903463,264.0234,-0.615234,111,78.0469,0.00,1,0.00
18.904465,264.1113,-0.527344,111,78.0469,0.00,1,0.00
18.905466,264.0234,-0.615234,111,78.0469,0.00,1,0.00
18.906467,264.0234,-0.615234,111,78.0469,0.00,1,0.00
18.907469,264.0234,-0.615234,111,78.0469,0.00,1,0.00
18.908470,264.0234,-0.615234,111,78.0469,0.00,1,0.00
18.909472,264.0234,-0.615234,111,78.0469,0.00,1,0.00
18.910473,264.1113,-0.527344,111,78.0469,0.00,1,0.00
18.911474,264.1113,-0.527344,111,78.0469,0.00,1,0.00
18.912476,264.0234,-0.615234,111,78.0469,0.00,1,0.00
18.913479,264.1113,-0.527344,111,78.0469,0.00,1,0.00
18.914480,264.1113,-0.527344,111,78.0469,0.00,1,0.00
18.915482,264.1113,-0.527344,111,78.0469,0.00,1,0.00
18.916485,264.0234,-0.615234,111,78.0469,0.00,1,0.00
18.917486,264.0234,-0.615234,111,78.0469,0.00,1,0.00
18.918488,264.0234,-0.615234,111,78.0469,0.00,1,0.00
18.919491,264.0234,-0.615234,111,78.0469,0.00,1,0.00
18.920492,264.0234,-0.615234,111,78.0469,0.00,1,0.00
18.921494,264.0234,-0.615234,111,78.0469,0.00,1,0.00
18.922495,264.1113,-0.527344,111,78.0469,0.00,1,0.00
18.923496,264.0234,-0.615234,111,78.0469,0.00,1,0.00
18.924498,264.0234,-0.615234,111,78.0469,0.00,1,0.00
18.925501,264.0234,-0.615234,111,78.0469,0.00,1,0.00
18.926502,264.0234,-0.615234,111,78.0469,0.00,1,0.00
18.927504,264.0234,-0.615234,111,78.0469,0.00,1,0.00
18.928507,264.0234,-0.615234,111,78.0469,0.00,1,0.00
18.929508,264.0234,-0.615234,111,78.0469,0.00,1,0.00
18.930510,264.1113,-0.527344,111,78.0469,0.00,1,0.00
18.931513,264.1113,-0.527344,111,78.0469,0.00,1,0.00
18.932514,264.1113,-0.527344,111,78.0469,0.00,1,0.00
18.933516,264.1113,-0.527344,111,78.0469,0.00,1,0.00
18.934519,264.0234,-0.615234,111,78.0469,0.00,1,0.00
18.935520,264.0234,-0.615234,111,78.0469,0.00,1,0.00
18.936522,264.0234,-0.615234,111,78.0469,0.00,1,0.00
18.937523,264.1113,-0.527344,111,78.0469,0.00,1,0.00
18.938524,264.1113,-0.527344,111,78.0469,0.00,1,0.00
18.939526,264.0234,-0.615234,111,78.0469,0.00,1,0.00
18.940529,264.0234,-0.615234,111,78.0469,0.00,1,0.00
18.941530,264.0234,-0.615234,111,78.0469,0.00,1,0.00
18.942532,264.0234,-0.615234,111,78.0469,0.00,1,0.00
18.943535,264.0234,-0.615234,111,78.0469,0.00,1,0.00
18.944536,264.0234,-0.615234,111,78.0469,0.00,1,0.00
18.945538,264.1113,-0.527344,111,78.0469,0.00,1,0.00
18.946541,264.1113,-0.527344,111,78.0469,0.00,1,0.00
18.947542,264.1113,-0.527344,111,78.0469,0.00,1,0.00
18.948544,264.1113,-0.527344,111,78.0469,0.00,1,0.00
18.949547,264.0234,-0.615234,111,78.0469,0.00,1,0.00
18.956810,264.0234,-0.615234,111,78.0469,0.00,1,0.00
18.957811,264.0234,-0.615234,111,78.0469,0.00,1,0.00
18.958813,264.0234,-0.615234,111,78.0469,0.00,1,0.00
18.959814,264.0234,-0.615234,111,78.0469,0.00,1,0.00
18.960815,264.0234,-0.615234,111,78.0469,0.00,1,0.00
18.961817,264.0234,-0.615234,111,78.0469,0.00,1,0.00
18.962818,264.1113,-0.527344,111,78.0469,0.00,1,0.00
18.963820,264.1113,-0.527344,111,78.0469,0.00,1,0.00
18.964821,264.1113,-0.527344,111,78.0469,0.00,1,0.00
18.965822,264.0234,-0.615234,111,78.0469,0.00,1,0.00
18.966824,264.1113,-0.527344,111,78.0469,0.00,1,0.00
18.967827,264.0234,-0.615234,111,78.0469,0.00,1,0.00
18.968828,264.0234,-0.615234,111,78.0469,0.00,1,0.00
18.969830,264.0234,-0.615234,111,78.0469,0.00,1,0.00
18.970833,264.0234,-0.615234,111,78.0469,0.00,1,0.00
18.971834,264.0234,-0.615234,111,78.0469,0.00,1,0.00
18.972836,264.0234,-0.615234,111,78.0469,0.00,1,0.00
18.973837,264.1113,-0.527344,111,78.0469,0.00,1,0.00
18.974838,264.0234,-0.615234,111,78.0469,0.00,1,0.00
18.975840,263.9355,-0.703125,111,78.0469,0.00,1,0.00
18.976843,263.9355,-0.703125,111,78.0469,0.00,1,0.00
18.977844,264.0234,-0.615234,111,78.0469,0.00,1,0.00
18.978846,264.0234,-0.615234,111,78.0469,0.00,1,0.00
18.979849,264.0234,-0.615234,111,78.0469,0.00,1,0.00
18.980850,264.0234,-0.615234,111,78.0469,0.00,1,0.00
18.981852,264.1113,-0.527344,111,78.0469,0.00,1,0.00
18.982855,264.0234,-0.615234,111,78.0469,0.00,1,0.00
18.983856,264.0234,-0.615234,111,78.0469,0.00,1,0.00
18.984858,264.0234,-0.615234,111,78.0469,0.00,1,0.00
18.985861,264.0234,-0.615234,111,78.0469,0.00,1,0.00
18.986862,264.0234,-0.615234,111,78.0469,0.00,1,0.00
18.987864,264.0234,-0.615234,111,78.0469,0.00,1,0.00
18.988865,264.0234,-0.615234,111,78.0469,0.00,1,0.00
18.989866,264.1113,-0.527344,111,78.0469,0.00,1,0.00
18.990868,264.1992,-0.439453,111,78.0469,0.00,1,0.00
18.991871,264.1113,-0.527344,111,78.0469,0.00,1,0.00
18.992872,264.1113,-0.527344,111,78.0469,0.00,1,0.00
18.993874,264.1113,-0.527344,111,78.0469,0.00,1,0.00
18.994877,264.1113,-0.527344,111,78.0469,0.00,1,0.00
18.995878,264.1113,-0.527344,111,78.0469,0.00,1,0.00
18.996880,264.1113,-0.527344,111,78.0469,0.00,1,0.00
18.997883,264.1113,-0.527344,111,78.0469,0.00,1,0.00
18.998884,264.1113,-0.527344,111,78.0469,0.00,1,0.00
18.999886,264.0234,-0.615234,111,78.0469,0.00,1,0.00
19.000889,264.0234,-0.615234,111,78.0469,0.00,1,0.00
19.001890,264.0234,-0.615234,111,78.0469,0.00,1,0.00
19.002892,264.0234,-0.615234,111,78.0469,0.00,1,0.00
19.003893,264.0234,-0.615234,111,78.0469,0.00,1,0.00
19.004894,264.0234,-0.615234,111,78.0469,0.00,1,0.00
19.005896,264.0234,-0.615234,111,78.0469,0.00,1,0.00
19.013187,264.0234,-0.615234,111,78.0469,0.00,1,0.00
19.014189,264.0234,-0.615234,111,78.0469,0.00,1,0.00
19.015190,264.0234,-0.615234,111,78.0469,0.00,1,0.00
19.016191,264.0234,-0.615234,111,78.0469,0.00,1,0.00
19.017193,264.0234,-0.615234,111,78.0469,0.00,1,0.00
19.018194,264.0234,-0.615234,111,78.0469,0.00,1,0.00
19.019196,264.1113,-0.527344,111,78.0469,0.00,1,0.00
19.020199,264.1113,-0.527344,111,78.0469,0.00,1,0.00
19.021200,264.1113,-0.527344,111,78.0469,0.00,1,0.00
19.022202,264.0234,-0.615234,111,78.0469,0.00,1,0.00
19.023203,264.0234,-0.615234,111,78.0469,0.00,1,0.00
19.024204,264.0234,-0.615234,111,78.0469,0.00,1,0.00
19.025206,264.0234,-0.615234,111,78.0469,0.00,1,0.00
19.026209,264.0234,-0.615234,111,78.0469,0.00,1,0.00
19.027210,264.0234,-0.615234,111,78.0469,0.00,1,0.00
19.028212,264.0234,-0.615234,111,78.0469,0.00,1,0.00
19.029215,264.0234,-0.615234,111,78.0469,0.00,1,0.00
19.030216,264.0234,-0.615234,111,78.0469,0.00,1,0.00
19.031218,264.0234,-0.615234,111,78.0469,0.00,1,0.00
19.032221,264.0234,-0.615234,111,78.0469,0.00,1,0.00
19.033222,264.0234,-0.615234,111,78.0469,0.00,1,0.00
19.034224,263.9355,-0.703125,111,78.0469,0.00,1,0.00
19.035227,263.9355,-0.703125,111,78.0469,0.00,1,0.00
19.036228,264.0234,-0.615234,111,78.0469,0.00,1,0.00
19.037230,264.0234,-0.615234,111,78.0469,0.00,1,0.00
19.038231,264.0234,-0.615234,111,78.0469,0.00,1,0.00
19.039232,264.1113,-0.527344,111,78.0469,0.00,1,0.00
19.040234,264.1113,-0.527344,111,78.0469,0.00,1,0.00
19.041237,264.1113,-0.527344,111,78.0469,0.00,1,0.00
19.042238,264.1113,-0.527344,111,78.0469,0.00,1,0.00
19.043240,264.0234,-0.615234,111,78.0469,0.00,1,0.00
19.044243,264.0234,-0.615234,111,78.0469,0.00,1,0.00
19.045244,263.9355,-0.703125,111,78.0469,0.00,1,0.00
19.046246,264.0234,-0.615234,111,78.0469,0.00,1,0.00
19.047249,264.0234,-0.615234,111,78.0469,0.00,1,0.00
19.048250,264.0234,-0.615234,111,78.0469,0.00,1,0.00
19.049252,264.1113,-0.527344,111,78.0469,0.00,1,0.00
19.050255,264.0234,-0.615234,111,78.0469,0.00,1,0.00
19.051256,264.0234,-0.615234,111,78.0469,0.00,1,0.00
19.052258,264.0234,-0.615234,111,78.0469,0.00,1,0.00
19.053259,264.0234,-0.615234,111,78.0469,0.00,1,0.00
19.054260,264.0234,-0.615234,111,78.0469,0.00,1,0.00
19.055262,264.1113,-0.527344,111,78.0469,0.00,1,0.00
19.056265,264.1113,-0.527344,111,78.0469,0.00,1,0.00
19.057266,264.0234,-0.615234,111,78.0469,0.00,1,0.00
19.058268,263.9355,-0.703125,111,78.0469,0.00,1,0.00
19.059271,264.0234,-0.615234,111,78.0469,0.00,1,0.00
19.060272,264.1113,-0.527344,111,78.0469,0.00,1,0.00
19.061274,264.1113,-0.527344,111,78.0469,0.00,1,0.00
19.062277,264.0234,-0.615234,111,78.0469,0.00,1,0.00
19.069569,264.0234,-0.615234,111,78.0469,0.00,1,0.00
19.070570,264.0234,-0.615234,111,78.0469,0.00,1,0.00
19.071571,264.1113,-0.527344,111,78.0469,0.00,1,0.00
19.072573,264.0234,-0.615234,111,78.0469,0.00,1,0.00
19.073574,264.1113,-0.527344,111,78.0469,0.00,1,0.00
19.074575,264.1113,-0.527344,111,78.0469,0.00,1,0.00
19.075577,264.0234,-0.615234,111,78.0469,0.00,1,0.00
19.076578,264.0234,-0.615234,111,78.0469,0.00,1,0.00
19.077579,264.0234,-0.615234,111,78.0469,0.00,1,0.00
19.078581,264.0234,-0.615234,111,78.0469,0.00,1,0.00
19.079582,263.9355,-0.703125,111,78.0469,0.00,1,0.00
19.080584,264.0234,-0.615234,111,78.0469,0.00,1,0.00
19.081587,264.0234,-0.615234,111,78.0469,0.00,1,0.00
19.082588,263.9355,-0.703125,111,78.0469,0.00,1,0.00
19.083590,264.0234,-0.615234,111,78.0469,0.00,1,0.00
19.084593,264.1113,-0.527344,111,78.0469,0.00,1,0.00
19.085594,264.0234,-0.615234,111,78.0469,0.00,1,0.00
19.086596,264.0234,-0.615234,111,78.0469,0.00,1,0.00
19.087597,264.0234,-0.615234,111,78.0469,0.00,1,0.00
19.088598,264.0234,-0.615234,111,78.0469,0.00,1,0.00
19.089600,264.0234,-0.615234,111,78.0469,0.00,1,0.00
19.090603,264.1113,-0.527344,111,78.0469,0.00,1,0.00
19.091604,264.1113,-0.527344,111,78.0469,0.00,1,0.00
19.092606,264.1113,-0.527344,111,78.0469,0.00,1,0.00
19.093609,263.9355,-0.703125,111,78.0469,0.00,1,0.00
19.094610,264.0234,-0.615234,111,78.0469,0.00,1,0.00
19.095612,264.0234,-0.615234,111,78.0469,0.00,1,0.00
19.096615,264.0234,-0.615234,111,78.0469,0.00,1,0.00
19.097616,264.0234,-0.615234,111,78.0469,0.00,1,0.00
19.098618,264.0234,-0.615234,111,78.0469,0.00,1,0.00
19.099621,264.0234,-0.615234,111,78.0469,0.00,1,0.00
19.100622,264.0234,-0.615234,111,78.0469,0.00,1,0.00
19.101624,264.1113,-0.527344,111,78.0469,0.00,1,0.00
19.102625,264.1113,-0.527344,111,78.0469,0.00,1,0.00
19.103626,264.1113,-0.527344,111,78.0469,0.00,1,0.00
19.104628,264.0234,-0.615234,111,78.0469,0.00,1,0.00
19.105631,264.0234,-0.615234,111,78.0469,0.00,1,0.00
19.106632,264.0234,-0.615234,111,78.0469,0.00,1,0.00
19.107634,264.0234,-0.615234,111,78.0469,0.00,1,0.00
19.108637,264.0234,-0.615234,111,78.0469,0.00,1,0.00
19.109638,264.0234,-0.615234,111,78.0469,0.00,1,0.00
19.110640,264.1113,-0.527344,111,78.0469,0.00,1,0.00
19.111643,264.0234,-0.615234,111,78.0469,0.00,1,0.00
19.112644,264.0234,-0.615234,111,78.0469,0.00,1,0.00
19.113646,264.0234,-0.615234,111,78.0469,0.00,1,0.00
19.114649,264.0234,-0.615234,111,78.0469,0.00,1,0.00
19.115650,264.0234,-0.615234,111,78.0469,0.00,1,0.00
19.116652,264.0234,-0.615234,111,78.0469,0.00,1,0.00
19.117653,264.1113,-0.527344,111,78.0469,0.00,1,0.00
19.118654,264.1113,-0.527344,111,78.0469,0.00,1,0.00
19.125967,264.0234,-0.615234,111,78.0469,0.00,1,0.00
19.126968,264.0234,-0.615234,111,78.0469,0.00,1,0.00
19.127970,263.9355,-0.703125,111,78.0469,0.00,1,0.00
19.128971,264.0234,-0.615234,111,78.0469,0.00,1,0.00
19.129972,264.0234,-0.615234,111,78.0469,0.00,1,0.00
19.130974,264.1113,-0.527344,111,78.0469,0.00,1,0.00
19.131975,264.1113,-0.527344,111,78.0469,0.00,1,0.00
19.132977,264.1113,-0.527344,111,78.0469,0.00,1,0.00
19.133978,264.1113,-0.527344,111,78.0469,0.00,1,0.00
19.134979,264.0234,-0.615234,111,78.0469,0.00,1,0.00
19.135981,264.0234,-0.615234,111,78.0469,0.00,1,0.00
19.136982,264.1113,-0.527344,111,78.0469,0.00,1,0.00
19.137983,264.0234,-0.615234,111,78.0469,0.00,1,0.00
19.138985,264.1113,-0.527344,111,78.0469,0.00,1,0.00
19.139986,264.0234,-0.615234,111,78.0469,0.00,1,0.00
19.140987,264.0234,-0.615234,111,78.0469,0.00,1,0.00
19.141989,263.9355,-0.703125,111,78.0469,0.00,1,0.00
19.142990,264.0234,-0.615234,111,78.0469,0.00,1,0.00
19.143991,264.1113,-0.527344,111,78.0469,0.00,1,0.00
19.144993,264.0234,-0.615234,111,78.0469,0.00,1,0.00
19.145994,264.0234,-0.615234,111,78.0469,0.00,1,0.00
19.146996,264.0234,-0.615234,111,78.0469,0.00,1,0.00
19.147997,264.0234,-0.615234,111,78.0469,0.00,1,0.00
19.148998,264.0234,-0.615234,111,78.0469,0.00,1,0.00
19.150000,264.0234,-0.615234,111,78.0469,0.00,1,0.00
19.151003,264.1113,-0.527344,111,78.0469,0.00,1,0.00
19.152004,264.0234,-0.615234,111,78.0469,0.00,1,0.00
19.153006,264.0234,-0.615234,111,78.0469,0.00,1,0.00
19.154009,264.0234,-0.615234,111,78.0469,0.00,1,0.00
19.155010,264.0234,-0.615234,111,78.0469,0.00,1,0.00
19.156012,264.0234,-0.615234,111,78.0469,0.00,1,0.00
19.157015,264.0234,-0.615234,111,78.0469,0.00,1,0.00
19.158016,264.0234,-0.615234,111,78.0469,0.00,1,0.00
19.159018,264.0234,-0.615234,111,78.0469,0.00,1,0.00
19.160021,264.0234,-0.615234,111,78.0469,0.00,1,0.00
19.161022,264.0234,-0.615234,111,78.0469,0.00,1,0.00
19.162024,264.0234,-0.615234,111,78.0469,0.00,1,0.00
19.163025,264.0234,-0.615234,111,78.0469,0.00,1,0.00
19.164026,264.0234,-0.615234,111,78.0469,0.00,1,0.00
19.165028,264.0234,-0.615234,111,78.0469,0.00,1,0.00
19.166031,263.9355,-0.703125,111,78.0469,0.00,1,0.00
19.167032,264.0234,-0.615234,111,78.0469,0.00,1,0.00
19.168034,264.1113,-0.527344,111,78.0469,0.00,1,0.00
19.169037,264.0234,-0.615234,111,78.0469,0.00,1,0.00
19.170038,264.0234,-0.615234,111,78.0469,0.00,1,0.00
19.171040,264.0234,-0.615234,111,78.0469,0.00,1,0.00
19.172043,264.0234,-0.615234,111,78.0469,0.00,1,0.00
19.173044,264.0234,-0.615234,111,78.0469,0.00,1,0.00
19.174046,264.0234,-0.615234,111,78.0469,0.00,1,0.00
19.175049,264.0234,-0.615234,111,78.0469,0.00,1,0.00
19.182203,264.1113,-0.527344,111,78.0469,0.00,1,0.00
19.183205,264.1113,-0.527344,111,78.0469,0.00,1,0.00
19.184206,264.0234,-0.615234,111,78.0469,0.00,1,0.00
19.185207,264.0234,-0.615234,111,78.0469,0.00,1,0.00
19.186209,264.0234,-0.615234,111,78.0469,0.00,1,0.00
19.187210,264.0234,-0.615234,111,78.0469,0.00,1,0.00
19.188211,263.9355,-0.703125,111,78.0469,0.00,1,0.00
19.189213,264.0234,-0.615234,111,78.0469,0.00,1,0.00
19.190214,264.0234,-0.615234,111,78.0469,0.00,1,0.00
19.191216,264.0234,-0.615234,111,78.0469,0.00,1,0.00
19.192217,264.0234,-0.615234,111,78.0469,0.00,1,0.00
19.193218,264.0234,-0.615234,111,78.0469,0.00,1,0.00
19.194220,264.1113,-0.527344,111,78.0469,0.00,1,0.00
19.195223,264.1113,-0.527344,111,78.0469,0.00,1,0.00
19.196224,264.1113,-0.527344,111,78.0469,0.00,1,0.00
19.197226,264.0234,-0.615234,111,78.0469,0.00,1,0.00
19.198229,264.0234,-0.615234,111,78.0469,0.00,1,0.00
19.199230,264.0234,-0.615234,111,78.0469,0.00,1,0.00
19.200232,264.0234,-0.615234,111,78.0469,0.00,1,0.00
19.201235,264.0234,-0.615234,111,78.0469,0.00,1,0.00
19.202236,264.0234,-0.615234,111,78.0469,0.00,1,0.00
19.203238,264.0234,-0.615234,111,78.0469,0.00,1,0.00
19.204239,264.1113,-0.527344,111,78.0469,0.00,1,0.00
19.205240,264.0234,-0.615234,111,78.0469,0.00,1,0.00
19.206242,264.0234,-0.615234,111,78.0469,0.00,1,0.00
19.207245,264.0234,-0.615234,111,78.0469,0.00,1,0.00
19.208246,264.0234,-0.615234,111,78.0469,0.00,1,0.00
19.209248,264.0234,-0.615234,111,78.0469,0.00,1,0.00
19.210251,264.0234,-0.615234,111,78.0469,0.00,1,0.00
19.211252,264.0234,-0.615234,111,78.0469,0.00,1,0.00
19.212254,264.0234,-0.615234,111,78.0469,0.00,1,0.00
19.213257,263.9355,-0.703125,111,78.0469,0.00,1,0.00
19.214258,264.0234,-0.615234,111,78.0469,0.00,1,0.00
19.215260,264.0234,-0.615234,111,78.0469,0.00,1,0.00
19.216263,264.0234,-0.615234,111,78.0469,0.00,1,0.00
19.217264,264.0234,-0.615234,111,78.0469,0.00,1,0.00
19.218266,264.0234,-0.615234,111,78.0469,0.00,1,0.00
19.219267,264.0234,-0.615234,111,78.0469,0.00,1,0.00
19.220268,264.1113,-0.527344,111,78.0469,0.00,1,0.00
19.221270,264.1113,-0.527344,111,78.0469,0.00,1,0.00
19.222273,264.1113,-0.527344,111,78.0469,0.00,1,0.00
19.223274,264.0234,-0.615234,111,78.0469,0.00,1,0.00
19.224276,264.0234,-0.615234,111,78.0469,0.00,1,0.00
19.225279,264.1113,-0.527344,111,78.0469,0.00,1,0.00
19.226280,264.0234,-0.615234,111,78.0469,0.00,1,0.00
19.227282,264.0234,-0.615234,111,78.0469,0.00,1,0.00
19.228285,264.0234,-0.615234,111,78.0469,0.00,1,0.00
19.229286,263.9355,-0.703125,111,78.0469,0.00,1,0.00
19.230288,263.9355,-0.703125,111,78.0469,0.00,1,0.00
19.231291,264.0234,-0.615234,111,78.0469,0.00,1,0.00
19.239191,264.1113,-0.527344,111,78.0469,0.00,1,0.00
19.240192,264.1113,-0.527344,111,78.0469,0.00,1,0.00
19.241194,264.0234,-0.615234,111,78.0469,0.00,1,0.00
19.242195,264.0234,-0.615234,111,78.0469,0.00,1,0.00
19.243196,264.0234,-0.615234,111,78.0469,0.00,1,0.00
19.244198,264.0234,-0.615234,111,78.0469,0.00,1,0.00
19.245199,264.0234,-0.615234,111,78.0469,0.00,1,0.00
19.246201,264.0234,-0.615234,111,78.0469,0.00,1,0.00
19.247202,264.0234,-0.615234,111,78.0469,0.00,1,0.00
19.248203,264.0234,-0.615234,111,78.0469,0.00,1,0.00
19.249205,264.0234,-0.615234,111,78.0469,0.00,1,0.00
19.250206,264.0234,-0.615234,111,78.0469,0.00,1,0.00
19.251207,264.0234,-0.615234,111,78.0469,0.00,1,0.00
19.252209,264.0234,-0.615234,111,78.0469,0.00,1,0.00
19.253210,264.1113,-0.527344,111,78.0469,0.00,1,0.00
19.254211,264.0234,-0.615234,111,78.0469,0.00,1,0.00
19.255213,264.0234,-0.615234,111,78.0469,0.00,1,0.00
19.256214,264.0234,-0.615234,111,78.0469,0.00,1,0.00
19.257215,264.1113,-0.527344,111,78.0469,0.00,1,0.00
19.258217,264.1113,-0.527344,111,78.0469,0.00,1,0.00
19.259218,264.0234,-0.615234,111,78.0469,0.00,1,0.00
19.260220,264.0234,-0.615234,111,78.0469,0.00,1,0.00
19.261223,264.0234,-0.615234,111,78.0469,0.00,1,0.00
19.262224,263.9355,-0.703125,111,78.0469,0.00,1,0.00
19.263226,264.0234,-0.615234,111,78.0469,0.00,1,0.00
19.264229,264.1113,-0.527344,111,78.0469,0.00,1,0.00
19.265230,264.0234,-0.615234,111,78.0469,0.00,1,0.00
19.266232,264.0234,-0.615234,111,78.0469,0.00,1,0.00
19.267233,264.0234,-0.615234,111,78.0469,0.00,1,0.00
19.268234,264.0234,-0.615234,111,78.0469,0.00,1,0.00
19.269236,264.0234,-0.615234,111,78.0469,0.00,1,0.00
19.270239,264.0234,-0.615234,111,78.0469,0.00,1,0.00
19.271240,264.1113,-0.527344,111,78.0469,0.00,1,0.00
19.272242,264.0234,-0.615234,111,78.0469,0.00,1,0.00
19.273245,264.0234,-0.615234,111,78.0469,0.00,1,0.00
19.274246,264.0234,-0.615234,111,78.0469,0.00,1,0.00
19.275248,264.0234,-0.615234,111,78.0469,0.00,1,0.00
19.276251,264.0234,-0.615234,111,78.0469,0.00,1,0.00
19.277252,264.0234,-0.615234,111,78.0469,0.00,1,0.00
19.278254,264.0234,-0.615234,111,78.0469,0.00,1,0.00
19.279257,264.0234,-0.615234,111,78.0469,0.00,1,0.00
19.280258,264.0234,-0.615234,111,78.0469,0.00,1,0.00
19.281260,264.0234,-0.615234,111,78.0469,0.00,1,0.00
19.282261,264.0234,-0.615234,111,78.0469,0.00,1,0.00
19.283262,264.0234,-0.615234,111,78.0469,0.00,1,0.00
19.284264,264.0234,-0.615234,111,78.0469,0.00,1,0.00
19.285267,264.0234,-0.615234,111,78.0469,0.00,1,0.00
19.286268,263.9355,-0.703125,111,78.0469,0.00,1,0.00
19.287270,264.0234,-0.615234,111,78.0469,0.00,1,0.00
19.288273,264.0234,-0.615234,111,78.0469,0.00,1,0.00
19.295538,264.0234,-0.615234,111,78.0469,0.00,1,0.00
19.296539,264.0234,-0.615234,111,78.0469,0.00,1,0.00
19.297541,264.0234,-0.615234,111,78.0469,0.00,1,0.00
19.298542,264.1113,-0.527344,111,78.0469,0.00,1,0.00
19.299543,264.0234,-0.615234,111,78.0469,0.00,1,0.00
19.300545,264.0234,-0.615234,111,78.0469,0.00,1,0.00
19.301546,264.0234,-0.615234,111,78.0469,0.00,1,0.00
19.302547,264.0234,-0.615234,111,78.0469,0.00,1,0.00
19.303549,264.0234,-0.615234,111,78.0469,0.00,1,0.00
19.304550,264.0234,-0.615234,111,78.0469,0.00,1,0.00
19.305552,264.0234,-0.615234,111,78.0469,0.00,1,0.00
19.306553,264.0234,-0.615234,111,78.0469,0.00,1,0.00
19.307554,264.0234,-0.615234,111,78.0469,0.00,1,0.00
19.308556,264.0234,-0.615234,111,78.0469,0.00,1,0.00
19.309559,263.9355,-0.703125,111,78.0469,0.00,1,0.00
19.310560,263.9355,-0.703125,111,78.0469,0.00,1,0.00
19.311562,264.0234,-0.615234,111,78.0469,0.00,1,0.00
19.312565,264.0234,-0.615234,111,78.0469,0.00,1,0.00
19.313566,264.0234,-0.615234,111,78.0469,0.00,1,0.00
19.314568,264.0234,-0.615234,111,78.0469,0.00,1,0.00
19.315571,264.0234,-0.615234,111,78.0469,0.00,1,0.00
19.316572,264.0234,-0.615234,111,78.0469,0.00,1,0.00
19.317574,264.1113,-0.527344,111,78.0469,0.00,1,0.00
19.318577,264.1113,-0.527344,111,78.0469,0.00,1,0.00
19.319578,264.0234,-0.615234,111,78.0469,0.00,1,0.00
19.320580,264.0234,-0.615234,111,78.0469,0.00,1,0.00
19.321581,264.0234,-0.615234,111,78.0469,0.00,1,0.00
19.322582,264.0234,-0.615234,111,78.0469,0.00,1,0.00
19.323584,264.1113,-0.527344,111,78.0469,0.00,1,0.00
19.324587,264.1113,-0.527344,111,78.0469,0.00,1,0.00
19.325588,264.0234,-0.615234,111,78.0469,0.00,1,0.00
19.326590,264.0234,-0.615234,111,78.0469,0.00,1,0.00
19.327593,264.0234,-0.615234,111,78.0469,0.00,1,0.00
19.328594,264.0234,-0.615234,111,78.0469,0.00,1,0.00
19.329596,264.0234,-0.615234,111,78.0469,0.00,1,0.00
19.330599,264.0234,-0.615234,111,78.0469,0.00,1,0.00
19.331600,264.0234,-0.615234,111,78.0469,0.00,1,0.00
19.332602,264.0234,-0.615234,111,78.0469,0.00,1,0.00
19.333605,264.0234,-0.615234,111,78.0469,0.00,1,0.00
19.334606,264.0234,-0.615234,111,78.0469,0.00,1,0.00
19.335608,264.0234,-0.615234,111,78.0469,0.00,1,0.00
19.336609,264.0234,-0.615234,111,78.0469,0.00,1,0.00
19.337610,264.0234,-0.615234,111,78.0469,0.00,1,0.00
19.338612,264.1113,-0.527344,111,78.0469,0.00,1,0.00
19.339615,264.1113,-0.527344,111,78.0469,0.00,1,0.00
19.340616,264.0234,-0.615234,111,78.0469,0.00,1,0.00
19.341618,264.0234,-0.615234,111,78.0469,0.00,1,0.00
19.342621,264.1113,-0.527344,111,78.0469,0.00,1,0.00
19.343622,264.1113,-0.527344,111,78.0469,0.00,1,0.00
19.344624,264.0234,-0.615234,111,78.0469,0.00,1,0.00
19.351908,264.0234,-0.615234,111,78.0469,0.00,1,0.00
19.352909,264.0234,-0.615234,111,78.0469,0.00,1,0.00
19.353910,263.9355,-0.703125,111,78.0469,0.00,1,0.00
19.354912,264.0234,-0.615234,111,78.0469,0.00,1,0.00
19.355913,264.0234,-0.615234,111,78.0469,0.00,1,0.00
19.356915,264.0234,-0.615234,111,78.0469,0.00,1,0.00
19.357916,264.0234,-0.615234,111,78.0469,0.00,1,0.00
19.358917,264.0234,-0.615234,111,78.0469,0.00,1,0.00
19.359919,264.0234,-0.615234,111,78.0469,0.00,1,0.00
19.360920,264.1113,-0.527344,111,78.0469,0.00,1,0.00
19.361921,264.0234,-0.615234,111,78.0469,0.00,1,0.00
19.362923,264.0234,-0.615234,111,78.0469,0.00,1,0.00
19.363924,264.0234,-0.615234,111,78.0469,0.00,1,0.00
19.364925,264.1113,-0.527344,111,78.0469,0.00,1,0.00
19.365927,264.1113,-0.527344,111,78.0469,0.00,1,0.00
19.366928,264.0234,-0.615234,111,78.0469,0.00,1,0.00
19.367929,264.0234,-0.615234,111,78.0469,0.00,1,0.00
19.368931,264.0234,-0.615234,111,78.0469,0.00,1,0.00
19.369932,264.0234,-0.615234,111,78.0469,0.00,1,0.00
19.370934,264.0234,-0.615234,111,78.0469,0.00,1,0.00
19.371935,264.0234,-0.615234,111,78.0469,0.00,1,0.00
19.372936,264.0234,-0.615234,111,78.0469,0.00,1,0.00
19.373938,264.0234,-0.615234,111,78.0469,0.00,1,0.00
19.374941,264.0234,-0.615234,111,78.0469,0.00,1,0.00
19.375942,264.0234,-0.615234,111,78.0469,0.00,1,0.00
19.376944,264.0234,-0.615234,111,78.0469,0.00,1,0.00
19.377947,264.1113,-0.527344,111,78.0469,0.00,1,0.00
19.378948,264.0234,-0.615234,111,78.0469,0.00,1,0.00
19.379950,264.0234,-0.615234,111,78.0469,0.00,1,0.00
19.380953,264.1113,-0.527344,111,78.0469,0.00,1,0.00
19.381954,264.0234,-0.615234,111,78.0469,0.00,1,0.00
19.382956,264.0234,-0.615234,111,78.0469,0.00,1,0.00
19.383959,264.0234,-0.615234,111,78.0469,0.00,1,0.00
19.384960,264.0234,-0.615234,111,78.0469,0.00,1,0.00
19.385962,264.0234,-0.615234,111,78.0469,0.00,1,0.00
19.386963,264.0234,-0.615234,111,78.0469,0.00,1,0.00
19.387964,264.0234,-0.615234,111,78.0469,0.00,1,0.00
19.388966,264.0234,-0.615234,111,78.0469,0.00,1,0.00
19.389969,264.0234,-0.615234,111,78.0469,0.00,1,0.00
19.390970,264.0234,-0.615234,111,78.0469,0.00,1,0.00
19.391972,263.9355,-0.703125,111,78.0469,0.00,1,0.00
19.392975,263.9355,-0.703125,111,78.0469,0.00,1,0.00
19.393976,263.9355,-0.703125,111,78.0469,0.00,1,0.00
19.394978,263.9355,-0.703125,111,78.0469,0.00,1,0.00
19.395981,264.0234,-0.615234,111,78.0469,0.00,1,0.00
19.396982,264.0234,-0.615234,111,78.0469,0.00,1,0.00
19.397984,264.0234,-0.615234,111,78.0469,0.00,1,0.00
19.398987,264.1113,-0.527344,111,78.0469,0.00,1,0.00
19.399988,264.1113,-0.527344,111,78.0469,0.00,1,0.00
19.400990,264.1113,-0.527344,111,78.0469,0.00,1,0.00
19.408300,264.1113,-0.527344,111,78.0469,0.00,1,0.00
19.409302,264.0234,-0.615234,111,78.0469,0.00,1,0.00
19.410303,264.0234,-0.615234,111,78.0469,0.00,1,0.00
19.411304,264.1113,-0.527344,111,78.0469,0.00,1,0.00
19.412306,264.1113,-0.527344,111,78.0469,0.00,1,0.00
19.413307,264.1113,-0.527344,111,78.0469,0.00,1,0.00
19.414309,264.0234,-0.615234,111,78.0469,0.00,1,0.00
19.415310,264.1113,-0.527344,111,78.0469,0.00,1,0.00
19.416311,264.0234,-0.615234,111,78.0469,0.00,1,0.00
19.417313,264.0234,-0.615234,111,78.0469,0.00,1,0.00
19.418314,264.0234,-0.615234,111,78.0469,0.00,1,0.00
19.419315,264.0234,-0.615234,111,78.0469,0.00,1,0.00
19.420317,263.9355,-0.703125,111,78.0469,0.00,1,0.00
19.421318,264.0234,-0.615234,111,78.0469,0.00,1,0.00
19.422319,264.0234,-0.615234,111,78.0469,0.00,1,0.00
19.423321,263.9355,-0.703125,111,78.0469,0.00,1,0.00
19.424322,264.0234,-0.615234,111,78.0469,0.00,1,0.00
19.425323,264.1113,-0.527344,111,78.0469,0.00,1,0.00
19.426325,264.0234,-0.615234,111,78.0469,0.00,1,0.00
19.427326,264.0234,-0.615234,111,78.0469,0.00,1,0.00
19.428328,264.0234,-0.615234,111,78.0469,0.00,1,0.00
19.429331,264.1113,-0.527344,111,78.0469,0.00,1,0.00
19.430332,264.1113,-0.527344,111,78.0469,0.00,1,0.00
19.431334,264.1113,-0.527344,111,78.0469,0.00,1,0.00
19.432335,264.0234,-0.615234,111,78.0469,0.00,1,0.00
19.433336,264.0234,-0.615234,111,78.0469,0.00,1,0.00
19.434338,264.1113,-0.527344,111,78.0469,0.00,1,0.00
19.435341,264.0234,-0.615234,111,78.0469,0.00,1,0.00
19.436342,264.0234,-0.615234,111,78.0469,0.00,1,0.00
19.437344,264.1113,-0.527344,111,78.0469,0.00,1,0.00
19.438347,264.1113,-0.527344,111,78.0469,0.00,1,0.00
19.439348,264.1113,-0.527344,111,78.0469,0.00,1,0.00
19.440350,264.1113,-0.527344,111,78.0469,0.00,1,0.00
19.441353,264.0234,-0.615234,111,78.0469,0.00,1,0.00
19.442354,264.0234,-0.615234,111,78.0469,0.00,1,0.00
19.443356,264.1113,-0.527344,111,78.0469,0.00,1,0.00
19.444359,264.0234,-0.615234,111,78.0469,0.00,1,0.00
19.445360,264.0234,-0.615234,111,78.0469,0.00,1,0.00
19.446362,264.0234,-0.615234,111,78.0469,0.00,1,0.00
19.447363,264.0234,-0.615234,111,78.0469,0.00,1,0.00
19.448364,264.0234,-0.615234,111,78.0469,0.00,1,0.00
19.449366,264.0234,-0.615234,111,78.0469,0.00,1,0.00
19.450369,264.0234,-0.615234,111,78.0469,0.00,1,0.00
19.451370,263.9355,-0.703125,111,78.0469,0.00,1,0.00
19.452372,263.9355,-0.703125,111,78.0469,0.00,1,0.00
19.453375,263.9355,-0.703125,111,78.0469,0.00,1,0.00
19.454376,264.0234,-0.615234,111,78.0469,0.00,1,0.00
19.455378,264.0234,-0.615234,111,78.0469,0.00,1,0.00
19.456381,264.0234,-0.615234,111,78.0469,0.00,1,0.00
19.457382,264.0234,-0.615234,111,78.0469,0.00,1,0.00
19.464691,263.9355,-0.703125,111,78.0469,0.00,1,0.00
19.465693,264.0234,-0.615234,111,78.0469,0.00,1,0.00
19.466694,264.0234,-0.615234,111,78.0469,0.00,1,0.00
19.467695,264.0234,-0.615234,111,78.0469,0.00,1,0.00
19.468697,264.0234,-0.615234,111,78.0469,0.00,1,0.00
19.469698,264.1113,-0.527344,111,78.0469,0.00,1,0.00
19.470699,264.1113,-0.527344,111,78.0469,0.00,1,0.00
19.471701,264.0234,-0.615234,111,78.0469,0.00,1,0.00
19.472702,263.9355,-0.703125,111,78.0469,0.00,1,0.00
19.473703,264.0234,-0.615234,111,78.0469,0.00,1,0.00
19.474705,264.0234,-0.615234,111,78.0469,0.00,1,0.00
19.475706,264.0234,-0.615234,111,78.0469,0.00,1,0.00
19.476707,264.0234,-0.615234,111,78.0469,0.00,1,0.00
19.477709,264.0234,-0.615234,111,78.0469,0.00,1,0.00
19.478710,264.0234,-0.615234,111,78.0469,0.00,1,0.00
19.479712,263.9355,-0.703125,111,78.0469,0.00,1,0.00
19.480713,264.0234,-0.615234,111,78.0469,0.00,1,0.00
19.481714,264.0234,-0.615234,111,78.0469,0.00,1,0.00
19.482716,264.0234,-0.615234,111,78.0469,0.00,1,0.00
19.483719,264.0234,-0.615234,111,78.0469,0.00,1,0.00
19.484720,264.0234,-0.615234,111,78.0469,0.00,1,0.00
19.485722,264.0234,-0.615234,111,78.0469,0.00,1,0.00
19.486725,264.0234,-0.615234,111,78.0469,0.00,1,0.00
19.487726,264.0234,-0.615234,111,78.0469,0.00,1,0.00
19.488728,264.0234,-0.615234,111,78.0469,0.00,1,0.00
19.489731,264.0234,-0.615234,111,78.0469,0.00,1,0.00
19.490732,264.0234,-0.615234,111,78.0469,0.00,1,0.00
19.491734,264.0234,-0.615234,111,78.0469,0.00,1,0.00
19.492737,264.0234,-0.615234,111,78.0469,0.00,1,0.00
19.493738,264.0234,-0.615234,111,78.0469,0.00,1,0.00
19.494740,264.1113,-0.527344,111,78.0469,0.00,1,0.00
19.495741,264.0234,-0.615234,111,78.0469,0.00,1,0.00
19.496742,264.0234,-0.615234,111,78.0469,0.00,1,0.00
19.497744,264.1113,-0.527344,111,78.0469,0.00,1,0.00
19.498747,264.1113,-0.527344,111,78.0469,0.00,1,0.00
19.499748,264.1113,-0.527344,111,78.0469,0.00,1,0.00
19.500750,264.1113,-0.527344,111,78.0469,0.00,1,0.00
19.501753,264.0234,-0.615234,111,78.0469,0.00,1,0.00
19.502754,264.0234,-0.615234,111,78.0469,0.00,1,0.00
19.503756,264.0234,-0.615234,111,78.0469,0.00,1,0.00
19.504759,264.0234,-0.615234,111,78.0469,0.00,1,0.00
19.505760,264.0234,-0.615234,111,78.0469,0.00,1,0.00
19.506762,264.0234,-0.615234,111,78.0469,0.00,1,0.00
19.507765,264.0234,-0.615234,111,78.0469,0.00,1,0.00
19.508766,264.0234,-0.615234,111,78.0469,0.00,1,0.00
19.509768,264.0234,-0.615234,111,78.0469,0.00,1,0.00
19.510769,264.0234,-0.615234,111,78.0469,0.00,1,0.00
19.511770,264.0234,-0.615234,111,78.0469,0.00,1,0.00
19.512772,264.0234,-0.615234,111,78.0469,0.00,1,0.00
19.513775,264.0234,-0.615234,111,78.0469,0.00,1,0.00
19.521051,264.0234,-0.615234,111,78.0469,0.00,1,0.00
19.522053,264.0234,-0.615234,111,78.0469,0.00,1,0.00
19.523054,264.1113,-0.527344,111,78.0469,0.00,1,0.00
19.524055,264.0234,-0.615234,111,78.0469,0.00,1,0.00
19.525057,263.9355,-0.703125,111,78.0469,0.00,1,0.00
19.526058,264.0234,-0.615234,111,78.0469,0.00,1,0.00
19.527060,264.1113,-0.527344,111,78.0469,0.00,1,0.00
19.528063,264.0234,-0.615234,111,78.0469,0.00,1,0.00
19.529064,264.0234,-0.615234,111,78.0469,0.00,1,0.00
19.530066,264.1113,-0.527344,111,78.0469,0.00,1,0.00
19.531067,264.1113,-0.527344,111,78.0469,0.00,1,0.00
19.532068,264.0234,-0.615234,111,78.0469,0.00,1,0.00
19.533070,263.9355,-0.703125,111,78.0469,0.00,1,0.00
19.534073,264.0234,-0.615234,111,78.0469,0.00,1,0.00
19.535074,264.1113,-0.527344,111,78.0469,0.00,1,0.00
19.536076,264.1113,-0.527344,111,78.0469,0.00,1,0.00
19.537079,264.1113,-0.527344,111,78.0469,0.00,1,0.00
19.538080,264.1992,-0.439453,111,78.0469,0.00,1,0.00
19.539082,264.1992,-0.439453,111,78.0469,0.00,1,0.00
19.540085,264.0234,-0.615234,111,78.0469,0.00,1,0.00
19.541086,264.0234,-0.615234,111,78.0469,0.00,1,0.00
19.542088,264.0234,-0.615234,111,78.0469,0.00,1,0.00
19.543091,264.0234,-0.615234,111,78.0469,0.00,1,0.00
19.544092,264.0234,-0.615234,111,78.0469,0.00,1,0.00
19.545094,264.0234,-0.615234,111,78.0469,0.00,1,0.00
19.546095,264.0234,-0.615234,111,78.0469,0.00,1,0.00
19.547096,264.0234,-0.615234,111,78.0469,0.00,1,0.00
19.548098,264.0234,-0.615234,111,78.0469,0.00,1,0.00
19.549101,264.0234,-0.615234,111,78.0469,0.00,1,0.00
19.550102,264.0234,-0.615234,111,78.0469,0.00,1,0.00
19.551104,264.0234,-0.615234,111,78.0469,0.00,1,0.00
19.552107,263.9355,-0.703125,111,78.0469,0.00,1,0.00
19.553108,263.9355,-0.703125,111,78.0469,0.00,1,0.00
19.554110,263.9355,-0.703125,111,78.0469,0.00,1,0.00
19.555113,263.9355,-0.703125,111,78.0469,0.00,1,0.00
19.556114,264.0234,-0.615234,111,78.0469,0.00,1,0.00
19.557116,264.0234,-0.615234,111,78.0469,0.00,1,0.00
19.558119,264.1113,-0.527344,111,78.0469,0.00,1,0.00
19.559120,264.0234,-0.615234,111,78.0469,0.00,1,0.00
19.560122,264.0234,-0.615234,111,78.0469,0.00,1,0.00
19.561123,264.0234,-0.615234,111,78.0469,0.00,1,0.00
19.562124,264.1113,-0.527344,111,78.0469,0.00,1,0.00
19.563126,264.1113,-0.527344,111,78.0469,0.00,1,0.00
19.564129,264.0234,-0.615234,111,78.0469,0.00,1,0.00
19.565130,264.0234,-0.615234,111,78.0469,0.00,1,0.00
19.566132,264.0234,-0.615234,111,78.0469,0.00,1,0.00
19.567135,264.0234,-0.615234,111,78.0469,0.00,1,0.00
19.568136,264.0234,-0.615234,111,78.0469,0.00,1,0.00
19.569138,264.1113,-0.527344,111,78.0469,0.00,1,0.00
19.570141,264.0234,-0.615234,111,78.0469,0.00,1,0.00
19.577908,264.1113,-0.527344,111,78.0469,0.00,1,0.00
19.578911,264.0234,-0.615234,111,78.0469,0.00,1,0.00
19.579912,264.0234,-0.615234,111,78.0469,0.00,1,0.00
19.580914,264.0234,-0.615234,111,78.0469,0.00,1,0.00
19.581915,264.0234,-0.615234,111,78.0469,0.00,1,0.00
19.582916,264.0234,-0.615234,111,78.0469,0.00,1,0.00
19.583918,264.0234,-0.615234,111,78.0469,0.00,1,0.00
19.584921,264.0234,-0.615234,111,78.0469,0.00,1,0.00
19.585922,264.0234,-0.615234,111,78.0469,0.00,1,0.00
19.586924,264.1113,-0.527344,111,78.0469,0.00,1,0.00
19.587927,264.0234,-0.615234,111,78.0469,0.00,1,0.00
19.588928,264.0234,-0.615234,111,78.0469,0.00,1,0.00
19.589930,264.1113,-0.527344,111,78.0469,0.00,1,0.00
19.590933,264.0234,-0.615234,111,78.0469,0.00,1,0.00
19.591934,264.0234,-0.615234,111,78.0469,0.00,1,0.00
19.592936,264.0234,-0.615234,111,78.0469,0.00,1,0.00
19.593939,264.0234,-0.615234,111,78.0469,0.00,1,0.00
19.594940,264.0234,-0.615234,111,78.0469,0.00,1,0.00
19.595942,264.0234,-0.615234,111,78.0469,0.00,1,0.00
19.596943,264.0234,-0.615234,111,78.0469,0.00,1,0.00
19.597944,264.1113,-0.527344,111,78.0469,0.00,1,0.00
19.598946,264.1113,-0.527344,111,78.0469,0.00,1,0.00
19.599949,264.1113,-0.527344,111,78.0469,0.00,1,0.00
19.600950,264.0234,-0.615234,111,78.0469,0.00,1,0.00
19.601952,264.0234,-0.615234,111,78.0469,0.00,1,0.00
19.602955,264.0234,-0.615234,111,78.0469,0.00,1,0.00
19.603956,264.1113,-0.527344,111,78.0469,0.00,1,0.00
19.604958,264.1113,-0.527344,111,78.0469,0.00,1,0.00
19.605961,264.0234,-0.615234,111,78.0469,0.00,1,0.00
19.606962,264.1113,-0.527344,111,78.0469,0.00,1,0.00
19.607964,264.1113,-0.527344,111,78.0469,0.00,1,0.00
19.608967,264.0234,-0.615234,111,78.0469,0.00,1,0.00
19.609968,264.0234,-0.615234,111,78.0469,0.00,1,0.00
19.610970,264.0234,-0.615234,111,78.0469,0.00,1,0.00
19.611971,264.0234,-0.615234,111,78.0469,0.00,1,0.00
19.612972,264.0234,-0.615234,111,78.0469,0.00,1,0.00
19.613974,264.0234,-0.615234,111,78.0469,0.00,1,0.00
19.614977,264.0234,-0.615234,111,78.0469,0.00,1,0.00
19.615978,264.1113,-0.527344,111,78.0469,0.00,1,0.00
19.616980,264.1113,-0.527344,111,78.0469,0.00,1,0.00
19.617983,264.0234,-0.615234,111,78.0469,0.00,1,0.00
19.618984,264.0234,-0.615234,111,78.0469,0.00,1,0.00
19.619986,264.0234,-0.615234,111,78.0469,0.00,1,0.00
19.620989,264.0234,-0.615234,111,78.0469,0.00,1,0.00
19.621990,263.9355,-0.703125,111,78.0469,0.00,1,0.00
19.622992,263.9355,-0.703125,111,78.0469,0.00,1,0.00
19.623995,264.0234,-0.615234,111,78.0469,0.00,1,0.00
19.624996,264.0234,-0.615234,111,78.0469,0.00,1,0.00
19.625998,263.9355,-0.703125,111,78.0469,0.00,1,0.00
19.626999,263.9355,-0.703125,111,78.0469,0.00,1,0.00
19.634264,264.0234,-0.615234,111,78.0469,0.00,1,0.00
19.635265,264.0234,-0.615234,111,78.0469,0.00,1,0.00
19.636267,264.1113,-0.527344,111,78.0469,0.00,1,0.00
19.637268,264.0234,-0.615234,111,78.0469,0.00,1,0.00
19.638269,264.0234,-0.615234,111,78.0469,0.00,1,0.00
19.639271,264.0234,-0.615234,111,78.0469,0.00,1,0.00
19.640272,264.0234,-0.615234,111,78.0469,0.00,1,0.00
19.641273,264.0234,-0.615234,111,78.0469,0.00,1,0.00
19.642275,264.0234,-0.615234,111,78.0469,0.00,1,0.00
19.643276,264.0234,-0.615234,111,78.0469,0.00,1,0.00
19.644278,264.0234,-0.615234,111,78.0469,0.00,1,0.00
19.645281,264.0234,-0.615234,111,78.0469,0.00,1,0.00
19.646282,264.0234,-0.615234,111,78.0469,0.00,1,0.00
19.647284,264.0234,-0.615234,111,78.0469,0.00,1,0.00
19.648287,264.0234,-0.615234,111,78.0469,0.00,1,0.00
19.649288,264.1113,-0.527344,111,78.0469,0.00,1,0.00
19.650290,264.1113,-0.527344,111,78.0469,0.00,1,0.00
19.651291,264.0234,-0.615234,111,78.0469,0.00,1,0.00
19.652292,263.9355,-0.703125,111,78.0469,0.00,1,0.00
19.653294,264.0234,-0.615234,111,78.0469,0.00,1,0.00
19.654297,264.0234,-0.615234,111,78.0469,0.00,1,0.00
19.655298,264.0234,-0.615234,111,78.0469,0.00,1,0.00
19.656300,263.9355,-0.703125,111,78.0469,0.00,1,0.00
19.657303,264.0234,-0.615234,111,78.0469,0.00,1,0.00
19.658304,264.1113,-0.527344,111,78.0469,0.00,1,0.00
19.659306,264.1113,-0.527344,111,78.0469,0.00,1,0.00
19.660309,264.1113,-0.527344,111,78.0469,0.00,1,0.00
19.661310,264.0234,-0.615234,111,78.0469,0.00,1,0.00
19.662312,264.0234,-0.615234,111,78.0469,0.00,1,0.00
19.663315,264.0234,-0.615234,111,78.0469,0.00,1,0.00
19.664316,264.0234,-0.615234,111,78.0469,0.00,1,0.00
19.665318,264.0234,-0.615234,111,78.0469,0.00,1,0.00
19.666319,264.0234,-0.615234,111,78.0469,0.00,1,0.00
19.667320,264.0234,-0.615234,111,78.0469,0.00,1,0.00
19.668322,264.0234,-0.615234,111,78.0469,0.00,1,0.00
19.669325,264.0234,-0.615234,111,78.0469,0.00,1,0.00
19.670326,264.0234,-0.615234,111,78.0469,0.00,1,0.00
19.671328,264.1113,-0.527344,111,78.0469,0.00,1,0.00
19.672331,264.1113,-0.527344,111,78.0469,0.00,1,0.00
19.673332,264.0234,-0.615234,111,78.0469,0.00,1,0.00
19.674334,264.0234,-0.615234,111,78.0469,0.00,1,0.00
19.675337,264.0234,-0.615234,111,78.0469,0.00,1,0.00
19.676338,264.0234,-0.615234,111,78.0469,0.00,1,0.00
19.677340,264.0234,-0.615234,111,78.0469,0.00,1,0.00
19.678343,264.0234,-0.615234,111,78.0469,0.00,1,0.00
19.679344,264.0234,-0.615234,111,78.0469,0.00,1,0.00
19.680346,264.0234,-0.615234,111,78.0469,0.00,1,0.00
19.681347,264.0234,-0.615234,111,78.0469,0.00,1,0.00
19.682348,264.0234,-0.615234,111,78.0469,0.00,1,0.00
19.683350,264.0234,-0.615234,111,78.0469,0.00,1,0.00
19.690639,264.0234,-0.615234,111,78.0469,0.00,1,0.00
19.691641,264.0234,-0.615234,111,78.0469,0.00,1,0.00
19.692642,264.0234,-0.615234,111,78.0469,0.00,1,0.00
19.693644,264.0234,-0.615234,111,78.0469,0.00,1,0.00
19.694647,264.0234,-0.615234,111,78.0469,0.00,1,0.00
19.695648,264.1113,-0.527344,111,78.0469,0.00,1,0.00
19.696650,264.1113,-0.527344,111,78.0469,0.00,1,0.00
19.697653,264.1113,-0.527344,111,78.0469,0.00,1,0.00
19.698654,264.1113,-0.527344,111,78.0469,0.00,1,0.00
19.699656,264.0234,-0.615234,111,78.0469,0.00,1,0.00
19.700657,264.0234,-0.615234,111,78.0469,0.00,1,0.00
19.701658,264.0234,-0.615234,111,78.0469,0.00,1,0.00
19.702660,264.0234,-0.615234,111,78.0469,0.00,1,0.00
19.703663,264.0234,-0.615234,111,78.0469,0.00,1,0.00
19.704664,264.0234,-0.615234,111,78.0469,0.00,1,0.00
19.705666,264.0234,-0.615234,111,78.0469,0.00,1,0.00
19.706669,264.1113,-0.527344,111,78.0469,0.00,1,0.00
19.707670,264.1113,-0.527344,111,78.0469,0.00,1,0.00
19.708672,264.0234,-0.615234,111,78.0469,0.00,1,0.00
19.709675,264.0234,-0.615234,111,78.0469,0.00,1,0.00
19.710676,264.0234,-0.615234,111,78.0469,0.00,1,0.00
19.711678,264.1113,-0.527344,111,78.0469,0.00,1,0.00
19.712681,264.1113,-0.527344,111,78.0469,0.00,1,0.00
19.713682,264.0234,-0.615234,111,78.0469,0.00,1,0.00
19.714684,264.0234,-0.615234,111,78.0469,0.00,1,0.00
19.715685,264.0234,-0.615234,111,78.0469,0.00,1,0.00
19.716686,264.0234,-0.615234,111,78.0469,0.00,1,0.00
19.717688,264.0234,-0.615234,111,78.0469,0.00,1,0.00
19.718691,263.9355,-0.703125,111,78.0469,0.00,1,0.00
19.719692,263.9355,-0.703125,111,78.0469,0.00,1,0.00
19.720694,264.0234,-0.615234,111,78.0469,0.00,1,0.00
19.721697,264.0234,-0.615234,111,78.0469,0.00,1,0.00
19.722698,264.0234,-0.615234,111,78.0469,0.00,1,0.00
19.723700,264.0234,-0.615234,111,78.0469,0.00,1,0.00
19.724703,264.0234,-0.615234,111,78.0469,0.00,1,0.00
19.725704,264.0234,-0.615234,111,78.0469,0.00,1,0.00
19.726706,264.0234,-0.615234,111,78.0469,0.00,1,0.00
19.727709,264.0234,-0.615234,111,78.0469,0.00,1,0.00
19.728710,264.0234,-0.615234,111,78.0469,0.00,1,0.00
19.729712,263.9355,-0.703125,111,78.0469,0.00,1,0.00
19.730713,264.0234,-0.615234,111,78.0469,0.00,1,0.00
19.731714,264.1113,-0.527344,111,78.0469,0.00,1,0.00
19.732716,264.0234,-0.615234,111,78.0469,0.00,1,0.00
19.733719,264.0234,-0.615234,111,78.0469,0.00,1,0.00
19.734720,264.1113,-0.527344,111,78.0469,0.00,1,0.00
19.735722,264.0234,-0.615234,111,78.0469,0.00,1,0.00
19.736725,264.1113,-0.527344,111,78.0469,0.00,1,0.00
19.737726,264.0234,-0.615234,111,78.0469,0.00,1,0.00
19.738728,264.0234,-0.615234,111,78.0469,0.00,1,0.00
19.739731,264.1113,-0.527344,111,78.0469,0.00,1,0.00
19.747021,264.0234,-0.615234,111,78.0469,0.00,1,0.00
19.748022,264.0234,-0.615234,111,78.0469,0.00,1,0.00
19.749023,264.0234,-0.615234,111,78.0469,0.00,1,0.00
19.750025,264.0234,-0.615234,111,78.0469,0.00,1,0.00
19.751026,264.1113,-0.527344,111,78.0469,0.00,1,0.00
19.752028,264.1113,-0.527344,111,78.0469,0.00,1,0.00
19.753029,264.1113,-0.527344,111,78.0469,0.00,1,0.00
19.754030,264.1113,-0.527344,111,78.0469,0.00,1,0.00
19.755032,264.1113,-0.527344,111,78.0469,0.00,1,0.00
19.756035,264.1113,-0.527344,111,78.0469,0.00,1,0.00
19.757036,264.0234,-0.615234,111,78.0469,0.00,1,0.00
19.758038,264.0234,-0.615234,111,78.0469,0.00,1,0.00
19.759041,264.0234,-0.615234,111,78.0469,0.00,1,0.00
19.760042,264.0234,-0.615234,111,78.0469,0.00,1,0.00
19.761044,264.0234,-0.615234,111,78.0469,0.00,1,0.00
19.762047,264.0234,-0.615234,111,78.0469,0.00,1,0.00
19.763048,264.1113,-0.527344,111,78.0469,0.00,1,0.00
19.764050,264.1113,-0.527344,111,78.0469,0.00,1,0.00
19.765051,264.0234,-0.615234,111,78.0469,0.00,1,0.00
19.766052,264.1113,-0.527344,111,78.0469,0.00,1,0.00
19.767054,264.1113,-0.527344,111,78.0469,0.00,1,0.00
19.768057,264.0234,-0.615234,111,78.0469,0.00,1,0.00
19.769058,264.1113,-0.527344,111,78.0469,0.00,1,0.00
19.770060,264.1113,-0.527344,111,78.0469,0.00,1,0.00
19.771063,264.0234,-0.615234,111,78.0469,0.00,1,0.00
19.772064,264.0234,-0.615234,111,78.0469,0.00,1,0.00
19.773066,264.0234,-0.615234,111,78.0469,0.00,1,0.00
19.774069,264.0234,-0.615234,111,78.0469,0.00,1,0.00
19.775070,264.0234,-0.615234,111,78.0469,0.00,1,0.00
19.776072,264.0234,-0.615234,111,78.0469,0.00,1,0.00
19.777075,264.1113,-0.527344,111,78.0469,0.00,1,0.00
19.778076,264.0234,-0.615234,111,78.0469,0.00,1,0.00
19.779078,264.0234,-0.615234,111,78.0469,0.00,1,0.00
19.780079,264.0234,-0.615234,111,78.0469,0.00,1,0.00
19.781080,264.0234,-0.615234,111,78.0469,0.00,1,0.00
19.782082,264.0234,-0.615234,111,78.0469,0.00,1,0.00
19.783085,264.0234,-0.615234,111,78.0469,0.00,1,0.00
19.784086,264.0234,-0.615234,111,78.0469,0.00,1,0.00
19.785088,264.0234,-0.615234,111,78.0469,0.00,1,0.00
19.786091,264.1113,-0.527344,111,78.0469,0.00,1,0.00
19.787092,264.0234,-0.615234,111,78.0469,0.00,1,0.00
19.788094,264.0234,-0.615234,111,78.0469,0.00,1,0.00
19.789097,264.1113,-0.527344,111,78.0469,0.00,1,0.00
19.790098,264.1113,-0.527344,111,78.0469,0.00,1,0.00
19.791100,264.0234,-0.615234,111,78.0469,0.00,1,0.00
19.792103,263.9355,-0.703125,111,78.0469,0.00,1,0.00
19.793104,263.9355,-0.703125,111,78.0469,0.00,1,0.00
19.794106,263.9355,-0.703125,111,78.0469,0.00,1,0.00
19.795107,264.0234,-0.615234,111,78.0469,0.00,1,0.00
19.796108,264.0234,-0.615234,111,78.0469,0.00,1,0.00
19.803419,264.0234,-0.615234,111,78.0469,0.00,1,0.00
19.804420,264.0234,-0.615234,111,78.0469,0.00,1,0.00
19.805422,264.0234,-0.615234,111,78.0469,0.00,1,0.00
19.806423,264.1113,-0.527344,111,78.0469,0.00,1,0.00
19.807425,264.1113,-0.527344,111,78.0469,0.00,1,0.00
19.808426,264.0234,-0.615234,111,78.0469,0.00,1,0.00
19.809427,264.0234,-0.615234,111,78.0469,0.00,1,0.00
19.810429,264.0234,-0.615234,111,78.0469,0.00,1,0.00
19.811430,264.0234,-0.615234,111,78.0469,0.00,1,0.00
19.812431,264.0234,-0.615234,111,78.0469,0.00,1,0.00
19.813433,264.0234,-0.615234,111,78.0469,0.00,1,0.00
19.814434,264.0234,-0.615234,111,78.0469,0.00,1,0.00
19.815435,264.0234,-0.615234,111,78.0469,0.00,1,0.00
19.816437,264.0234,-0.615234,111,78.0469,0.00,1,0.00
19.817438,264.1113,-0.527344,111,78.0469,0.00,1,0.00
19.818439,264.1113,-0.527344,111,78.0469,0.00,1,0.00
19.819441,264.0234,-0.615234,111,78.0469,0.00,1,0.00
19.820442,264.0234,-0.615234,111,78.0469,0.00,1,0.00
19.821444,264.0234,-0.615234,111,78.0469,0.00,1,0.00
19.822447,264.1113,-0.527344,111,78.0469,0.00,1,0.00
19.823448,264.1113,-0.527344,111,78.0469,0.00,1,0.00
19.824450,264.1113,-0.527344,111,78.0469,0.00,1,0.00
19.825451,264.0234,-0.615234,111,78.0469,0.00,1,0.00
19.826452,264.0234,-0.615234,111,78.0469,0.00,1,0.00
19.827454,264.0234,-0.615234,111,78.0469,0.00,1,0.00
19.828457,264.0234,-0.615234,111,78.0469,0.00,1,0.00
19.829458,264.1113,-0.527344,111,78.0469,0.00,1,0.00
19.830460,264.1113,-0.527344,111,78.0469,0.00,1,0.00
19.831463,264.0234,-0.615234,111,78.0469,0.00,1,0.00
19.832464,264.1113,-0.527344,111,78.0469,0.00,1,0.00
19.833466,264.0234,-0.615234,111,78.0469,0.00,1,0.00
19.834469,264.1113,-0.527344,111,78.0469,0.00,1,0.00
19.835470,264.0234,-0.615234,111,78.0469,0.00,1,0.00
19.836472,264.0234,-0.615234,111,78.0469,0.00,1,0.00
19.837475,264.0234,-0.615234,111,78.0469,0.00,1,0.00
19.838476,264.0234,-0.615234,111,78.0469,0.00,1,0.00
19.839478,264.0234,-0.615234,111,78.0469,0.00,1,0.00
19.840479,264.0234,-0.615234,111,78.0469,0.00,1,0.00
19.841480,264.1113,-0.527344,111,78.0469,0.00,1,0.00
19.842482,264.0234,-0.615234,111,78.0469,0.00,1,0.00
19.843485,263.9355,-0.703125,111,78.0469,0.00,1,0.00
19.844486,264.0234,-0.615234,111,78.0469,0.00,1,0.00
19.845488,264.0234,-0.615234,111,78.0469,0.00,1,0.00
19.846491,264.0234,-0.615234,111,78.0469,0.00,1,0.00
19.847492,264.0234,-0.615234,111,78.0469,0.00,1,0.00
19.848494,264.0234,-0.615234,111,78.0469,0.00,1,0.00
19.849497,264.0234,-0.615234,111,78.0469,0.00,1,0.00
19.850498,263.9355,-0.703125,111,78.0469,0.00,1,0.00
19.851500,264.0234,-0.615234,111,78.0469,0.00,1,0.00
19.852503,264.1113,-0.527344,111,78.0469,0.00,1,0.00
19.859655,264.1113,-0.527344,111,78.0469,0.00,1,0.00
19.860657,264.1113,-0.527344,111,78.0469,0.00,1,0.00
19.861658,264.1113,-0.527344,111,78.0469,0.00,1,0.00
19.862659,264.1113,-0.527344,111,78.0469,0.00,1,0.00
19.863661,264.0234,-0.615234,111,78.0469,0.00,1,0.00
19.864662,263.9355,-0.703125,111,78.0469,0.00,1,0.00
19.865664,264.0234,-0.615234,111,78.0469,0.00,1,0.00
19.866665,264.1113,-0.527344,111,78.0469,0.00,1,0.00
19.867666,264.0234,-0.615234,111,78.0469,0.00,1,0.00
19.868668,264.1113,-0.527344,111,78.0469,0.00,1,0.00
19.869671,263.9355,-0.703125,111,78.0469,0.00,1,0.00
19.870672,263.9355,-0.703125,111,78.0469,0.00,1,0.00
19.871674,264.1113,-0.527344,111,78.0469,0.00,1,0.00
19.872677,264.1113,-0.527344,111,78.0469,0.00,1,0.00
19.873678,264.0234,-0.615234,111,78.0469,0.00,1,0.00
19.874680,264.0234,-0.615234,111,78.0469,0.00,1,0.00
19.875683,264.0234,-0.615234,111,78.0469,0.00,1,0.00
19.876684,264.0234,-0.615234,111,78.0469,0.00,1,0.00
19.877686,264.0234,-0.615234,111,78.0469,0.00,1,0.00
19.878689,264.0234,-0.615234,111,78.0469,0.00,1,0.00
19.879690,264.0234,-0.615234,111,78.0469,0.00,1,0.00
19.880692,264.0234,-0.615234,111,78.0469,0.00,1,0.00
19.881693,264.0234,-0.615234,111,78.0469,0.00,1,0.00
19.882694,264.0234,-0.615234,111,78.0469,0.00,1,0.00
19.883696,264.0234,-0.615234,111,78.0469,0.00,1,0.00
19.884699,263.9355,-0.703125,111,78.0469,0.00,1,0.00
19.885700,263.9355,-0.703125,111,78.0469,0.00,1,0.00
19.886702,264.0234,-0.615234,111,78.0469,0.00,1,0.00
19.887705,264.0234,-0.615234,111,78.0469,0.00,1,0.00
19.888706,264.1113,-0.527344,111,78.0469,0.00,1,0.00
19.889708,264.1113,-0.527344,111,78.0469,0.00,1,0.00
19.890711,264.1113,-0.527344,111,78.0469,0.00,1,0.00
19.891712,264.1113,-0.527344,111,78.0469,0.00,1,0.00
19.892714,264.1113,-0.527344,111,78.0469,0.00,1,0.00
19.893717,264.0234,-0.615234,111,78.0469,0.00,1,0.00
19.894718,264.0234,-0.615234,111,78.0469,0.00,1,0.00
19.895720,264.0234,-0.615234,111,78.0469,0.00,1,0.00
19.896721,264.0234,-0.615234,111,78.0469,0.00,1,0.00
19.897722,264.0234,-0.615234,111,78.0469,0.00,1,0.00
19.898724,264.1113,-0.527344,111,78.0469,0.00,1,0.00
19.899727,264.1113,-0.527344,111,78.0469,0.00,1,0.00
19.900728,264.0234,-0.615234,111,78.0469,0.00,1,0.00
19.901730,264.1113,-0.527344,111,78.0469,0.00,1,0.00
19.902733,264.0234,-0.615234,111,78.0469,0.00,1,0.00
19.903734,264.0234,-0.615234,111,78.0469,0.00,1,0.00
19.904736,264.1113,-0.527344,111,78.0469,0.00,1,0.00
19.905739,264.0234,-0.615234,111,78.0469,0.00,1,0.00
19.906740,264.0234,-0.615234,111,78.0469,0.00,1,0.00
19.907742,264.1113,-0.527344,111,78.0469,0.00,1,0.00
19.908745,264.0234,-0.615234,111,78.0469,0.00,1,0.00
19.916643,264.0234,-0.615234,111,78.0469,0.00,1,0.00
19.917645,264.0234,-0.615234,111,78.0469,0.00,1,0.00
19.918646,264.0234,-0.615234,111,78.0469,0.00,1,0.00
19.919647,264.0234,-0.615234,111,78.0469,0.00,1,0.00
19.920649,264.1113,-0.527344,111,78.0469,0.00,1,0.00
19.921650,264.1113,-0.527344,111,78.0469,0.00,1,0.00
19.922651,264.0234,-0.615234,111,78.0469,0.00,1,0.00
19.923653,264.0234,-0.615234,111,78.0469,0.00,1,0.00
19.924654,264.0234,-0.615234,111,78.0469,0.00,1,0.00
19.925655,264.0234,-0.615234,111,78.0469,0.00,1,0.00
19.926657,264.0234,-0.615234,111,78.0469,0.00,1,0.00
19.927658,264.0234,-0.615234,111,78.0469,0.00,1,0.00
19.928659,264.0234,-0.615234,111,78.0469,0.00,1,0.00
19.929661,264.0234,-0.615234,111,78.0469,0.00,1,0.00
19.930662,264.0234,-0.615234,111,78.0469,0.00,1,0.00
19.931664,263.9355,-0.703125,111,78.0469,0.00,1,0.00
19.932665,264.0234,-0.615234,111,78.0469,0.00,1,0.00
19.933666,264.1113,-0.527344,111,78.0469,0.00,1,0.00
19.934668,264.1113,-0.527344,111,78.0469,0.00,1,0.00
19.935671,264.0234,-0.615234,111,78.0469,0.00,1,0.00
19.936672,264.0234,-0.615234,111,78.0469,0.00,1,0.00
19.937674,264.0234,-0.615234,111,78.0469,0.00,1,0.00
19.938677,264.0234,-0.615234,111,78.0469,0.00,1,0.00
19.939678,264.0234,-0.615234,111,78.0469,0.00,1,0.00
19.940680,264.0234,-0.615234,111,78.0469,0.00,1,0.00
19.941683,264.0234,-0.615234,111,78.0469,0.00,1,0.00
19.942684,264.0234,-0.615234,111,78.0469,0.00,1,0.00
19.943686,264.0234,-0.615234,111,78.0469,0.00,1,0.00
19.944687,264.1113,-0.527344,111,78.0469,0.00,1,0.00
19.945688,264.1113,-0.527344,111,78.0469,0.00,1,0.00
19.946690,264.0234,-0.615234,111,78.0469,0.00,1,0.00
19.947693,264.0234,-0.615234,111,78.0469,0.00,1,0.00
19.948694,264.0234,-0.615234,111,78.0469,0.00,1,0.00
19.949696,264.1113,-0.527344,111,78.0469,0.00,1,0.00
19.950699,264.0234,-0.615234,111,78.0469,0.00,1,0.00
19.951700,264.0234,-0.615234,111,78.0469,0.00,1,0.00
19.952702,264.0234,-0.615234,111,78.0469,0.00,1,0.00
19.953705,264.0234,-0.615234,111,78.0469,0.00,1,0.00
19.954706,264.0234,-0.615234,111,78.0469,0.00,1,0.00
19.955708,264.0234,-0.615234,111,78.0469,0.00,1,0.00
19.956711,264.0234,-0.615234,111,78.0469,0.00,1,0.00
19.957712,264.0234,-0.615234,111,78.0469,0.00,1,0.00
19.958714,264.1113,-0.527344,111,78.0469,0.00,1,0.00
19.959715,264.1113,-0.527344,111,78.0469,0.00,1,0.00
19.960716,264.1113,-0.527344,111,78.0469,0.00,1,0.00
19.961718,264.1113,-0.527344,111,78.0469,0.00,1,0.00
19.962721,264.1113,-0.527344,111,78.0469,0.00,1,0.00
19.963722,264.1113,-0.527344,111,78.0469,0.00,1,0.00
19.964724,264.0234,-0.615234,111,78.0469,0.00,1,0.00
19.965727,264.0234,-0.615234,111,78.0469,0.00,1,0.00
19.972994,264.0234,-0.615234,111,78.0469,0.00,1,0.00
19.973995,264.0234,-0.615234,111,78.0469,0.00,1,0.00
19.974997,264.0234,-0.615234,111,78.0469,0.00,1,0.00
19.975998,264.0234,-0.615234,111,78.0469,0.00,1,0.00
19.976999,264.0234,-0.615234,111,78.0469,0.00,1,0.00
19.978001,264.0234,-0.615234,111,78.0469,0.00,1,0.00
19.979002,264.0234,-0.615234,111,78.0469,0.00,1,0.00
19.980003,264.0234,-0.615234,111,78.0469,0.00,1,0.00
19.981005,264.0234,-0.615234,111,78.0469,0.00,1,0.00
19.982006,264.0234,-0.615234,111,78.0469,0.00,1,0.00
19.983007,264.0234,-0.615234,111,78.0469,0.00,1,0.00
19.984009,264.0234,-0.615234,111,78.0469,0.00,1,0.00
19.985010,264.0234,-0.615234,111,78.0469,0.00,1,0.00
19.986012,264.0234,-0.615234,111,78.0469,0.00,1,0.00
19.987013,263.9355,-0.703125,111,78.0469,0.00,1,0.00
19.988014,264.0234,-0.615234,111,78.0469,0.00,1,0.00
19.989016,264.0234,-0.615234,111,78.0469,0.00,1,0.00
19.990019,264.1113,-0.527344,111,78.0469,0.00,1,0.00
19.991020,264.1113,-0.527344,111,78.0469,0.00,1,0.00
19.992022,264.1113,-0.527344,111,78.0469,0.00,1,0.00
19.993025,264.1113,-0.527344,111,78.0469,0.00,1,0.00
19.994026,264.0234,-0.615234,111,78.0469,0.00,1,0.00
19.995028,264.0234,-0.615234,111,78.0469,0.00,1,0.00
19.996029,264.0234,-0.615234,111,78.0469,0.00,1,0.00
19.997030,264.0234,-0.615234,111,78.0469,0.00,1,0.00
19.998032,264.0234,-0.615234,111,78.0469,0.00,1,0.00
19.999035,264.0234,-0.615234,111,78.0469,0.00,1,0.00
