t_s,input_rad_s,v_fused_m_s,x_fused_m,x_fused_mm,accumulated_rad
0.03013,-0.0,0.0,0.0,0.0,0.001535889741755
0.04036,-0.0,0.0,0.0,0.0,-0.0
0.05041,-0.0,0.0,0.0,0.0,-0.0
0.07,-0.0,0.0,0.0,0.0,-0.0
0.08005,-0.0,0.0,0.0,0.0,-0.0
0.09028,-0.0,0.0,0.0,0.0,-0.0
0.10033,-0.0,0.0,0.0,0.0,-0.0
0.13094,-0.0,0.0,0.0,0.0,-0.0
0.14999,-0.0,0.0,0.0,0.0,-0.001535889741755
0.31517,-0.0,0.0,0.0,0.0,-0.0
0.33392,-0.0,0.0,0.0,0.0,-0.001535889741755
0.34942,-0.0,0.0,0.0,0.0,-0.0
0.35965,-0.0,0.0,0.0,0.0,-0.0
0.3697,-0.0,0.0,0.0,0.0,-0.0
0.37993,-0.0,0.0,0.0,0.0,-0.0
0.38998,-0.0,0.0,0.0,0.0,-0.0
0.40957,-0.0,0.0,0.0,0.0,-0.001535889741755
0.41962,-0.0,0.0,0.0,0.0,-0.0
0.42985,-0.0,0.0,0.0,0.0,-0.0
0.44029,-0.0,0.0,0.0,0.0,-0.0
0.45983,-0.0,0.0,0.0,0.0,-0.0
0.47924,-0.0,0.0,0.0,0.0,-0.0
0.48947,-0.0,0.0,0.0,0.0,-0.0
0.49952,-0.0,0.0,0.0,0.0,-0.001535889741755
0.50975,-0.0,0.0,0.0,0.0,-0.0
0.52916,-0.0,0.0,0.0,0.0,-0.0
0.53939,-0.0,0.0,0.0,0.0,-0.0
0.54944,-0.0,0.0,0.0,0.0,-0.001535889741755
0.55967,-0.0,0.0,0.0,0.0,-0.0
0.57909,-0.0,0.0,0.0,0.0,-0.0
0.58932,-0.0,0.0,0.0,0.0,-0.0
0.59937,-0.0,0.0,0.0,0.0,-0.0
0.6096,-0.0,0.0,0.0,0.0,-0.0
0.62901,-0.0,0.0,0.0,0.0,-0.0
0.63924,-0.0,0.0,0.0,0.0,-0.0
0.64929,-0.0,0.0,0.0,0.0,-0.001535889741755
0.65952,-0.0,0.0,0.0,0.0,-0.0
0.67893,-0.0,0.0,0.0,0.0,-0.0
0.68916,-0.0,0.0,0.0,0.0,-0.0
0.70047,-0.0,0.0,0.0,0.0,-0.0
0.71923,-0.0,0.0,0.0,0.0,-0.0
0.72928,-0.0,0.0,0.0,0.0,-0.0
0.74887,-0.0,0.0,0.0,0.0,-0.0
0.75892,-0.0,0.0,0.0,0.0,-0.0
0.76915,-0.0,0.0,0.0,0.0,-0.0
0.7792,-0.0,0.0,0.0,0.0,-0.0
0.79879,-0.0,0.0,0.0,0.0,0.001535889741755
0.80884,-0.0,0.0,0.0,0.0,-0.0
0.81907,-0.0,0.0,0.0,0.0,-0.0
0.82912,-0.0,0.0,0.0,0.0,-0.001535889741755
0.84871,-0.0,0.0,0.0,0.0,-0.0
0.85876,-0.0,0.0,0.0,0.0,-0.0
0.86899,-0.0,0.0,0.0,0.0,-0.0
0.87904,-0.0,0.0,0.0,0.0,-0.0
0.89863,-0.0,0.0,0.0,0.0,-0.0
0.90868,-0.0,0.0,0.0,0.0,-0.001535889741755
0.91891,-0.0,0.0,0.0,0.0,-0.0
0.92896,-0.0,0.0,0.0,0.0,-0.0
0.94855,-0.0,0.0,0.0,0.0,-0.0
0.959,-0.0,0.0,0.0,0.0,-0.0
0.97888,-0.0,0.0,0.0,0.0,-0.0
0.98893,-0.0,0.0,0.0,0.0,-0.0
1.00852,-0.0,0.0,0.0,0.0,-0.0
1.01858,-0.0,0.0,0.0,0.0,-0.0
1.0288,-0.0,0.0,0.0,0.0,-0.0
1.03886,-0.0,0.0,0.0,0.0,-0.0
1.05844,-0.0,0.0,0.0,0.0,-0.001535889741755
1.0685,-0.0,0.0,0.0,0.0,-0.0
1.07872,-0.0,0.0,0.0,0.0,-0.0
1.09822,-0.0,0.0,0.0,0.0,-0.0
1.10828,-0.0,0.0,0.0,0.0,-0.0
1.1185,-0.0,0.0,0.0,0.0,-0.0
1.1386,-0.0,0.0,0.0,0.0,-0.0
1.14865,-0.0,0.0,0.0,0.0,-0.001535889741755
1.16824,-0.0,0.0,0.0,0.0,-0.0
1.17831,-0.0,0.0,0.0,0.0,-0.001535889741755
1.18852,-0.0,0.0,0.0,0.0,-0.0
1.19857,-0.0,0.0,0.0,0.0,-0.0
1.21818,-0.0,0.0,0.0,0.0,-0.0
1.22844,-0.0,0.0,0.0,0.0,-0.0
1.24836,-0.0,0.0,0.0,0.0,-0.0
1.26795,-0.0,0.0,0.0,0.0,-0.0
1.278,-0.0,0.0,0.0,0.0,-0.0
1.28823,-0.0,0.0,0.0,0.0,0.001535889741755
1.29828,-0.0,0.0,0.0,0.0,-0.0
1.31787,-0.0,0.0,0.0,0.0,-0.0
1.32792,-0.0,0.0,0.0,0.0,-0.0
1.33815,-0.0,0.0,0.0,0.0,0.001535889741755
1.3482,-0.0,0.0,0.0,0.0,-0.0
1.3677,-0.0,0.0,0.0,0.0,-0.0
1.37793,-0.0,0.0,0.0,0.0,0.001535889741755
1.38798,-0.0,0.0,0.0,0.0,-0.0
1.39821,-0.0,0.0,0.0,0.0,-0.0
1.41762,-0.0,0.0,0.0,0.0,-0.0
1.42785,-0.0,0.0,0.0,0.0,-0.0
1.4379,-0.0,0.0,0.0,0.0,-0.0
1.44813,-7.322287067787585,-0.0001523691909777,-9.352420942215464e-07,-0.0009352420942215,-0.0
1.46754,-7.322287067787585,-0.0058189669673398,-6.832883455817302e-05,-0.068328834558173,-0.1319294381582513
1.47777,-7.322287067787585,-0.006678363701056,-8.198909713198588e-05,-0.0819890971319858,-0.2101550952326372
1.48804,-7.322287067787585,-0.0067242488469543,-9.06282796741243e-05,-0.0906282796741243,-0.282254646632523
1.50797,-7.322287067787585,-0.0072420027107199,-0.0001409768362192,-0.140976836219264,-0.4433136300065596
1.52756,-7.322287067787585,-0.0077459682215061,-0.0001756322122071,-0.1756322122071419,-0.5921204020315963
1.53761,-7.322287067787585,-0.0074370641686325,-0.000234460071136,-0.2344600711360415,-0.6718819488477371
1.54785,-7.322287067787585,-0.0074642094130468,-0.0003252765519328,-0.3252765519328716,-0.7470532797311328
1.55789,-7.322287067787585,-0.0072872267825216,-0.0003778045919151,-0.3778045919151203,-0.8252789368055187
1.57748,-7.322287067787585,-0.0060758287905592,-0.0005408937583339,-0.5408937583339074,-0.9771400350215452
1.58754,-7.322287067787585,-0.0070152732914093,-0.0006096761561678,-0.6096761561678931,-1.052311365904941
1.59776,-7.322287067787585,-0.007345808109076,-0.0006833759877385,-0.6833759877385108,-1.130537022979327
1.60781,-7.322287067787585,-0.0076810002793393,-0.0007685079392168,-0.7685079392168673,-1.2072442436044777
1.61849,-7.322287067787585,-0.0077525318143049,-0.0008625890184619,-0.8625890184619562,-1.2885416801623737
1.63727,-7.322287067787585,-0.0073239127729041,-0.0009865703929223,-0.986570392922399,-1.4358125624456552
1.64732,-7.322287067787585,-0.0079712291262237,-0.0010710950108031,-1.0710950108031876,-1.514038219520041
1.65755,-7.322287067787585,-0.0079973188256482,-0.0011674259435508,-1.1674259435508398,-1.595335656077937
1.6676,-7.322287067787585,-0.0083417089047673,-0.0012759876101638,-1.2759876101638783,-1.6735787664448425
1.68719,-7.322287067787585,-0.0082715218506632,-0.0014375977184891,-1.4375977184891815,-1.8254398646608696
1.69724,-7.322287067787585,-0.0078270768067307,-0.0015489527775829,-1.5489527775829453,-1.9098090807022752
1.70748,-7.322287067787585,-0.0084338870557297,-0.0016748915017076,-1.6748915017076045,-1.9880347377766612
1.71752,-7.322287067787585,-0.0083173671760225,-0.0017487407539803,-1.7487407539803546,-2.0708680640763117
1.73711,-7.322287067787585,-0.0084344288439266,-0.0019164099799379,-1.9164099799379564,-2.230408611001114
1.74718,-7.322287067787585,-0.009387053497472,-0.0020191849468112,-2.0191849468112077,-2.3086342680754997
1.75739,-7.322287067787585,-0.0095148105526296,-0.0020824210791488,-2.0824210791488413,-2.3930034841169054
1.76744,-7.322287067787585,-0.0098918007942531,-0.0021514526750276,-2.151452675027677,-2.474318373967321
1.78703,-9.227544943962839,-0.0104687140854907,-0.0023454636005234,-2.345463600523447,-2.6338414675996025
1.79708,-9.227544943962839,-0.0104017780976323,-0.0024461387430872,-2.4461387430872517,-2.7182106836410087
1.80733,-9.227544943962839,-0.0103409907232447,-0.0025569683448652,-2.5569683448652976,-2.7964537940079146
1.81736,-9.227544943962839,-0.0096639901553005,-0.0026180269057387,-2.6180269057387675,-2.8838773362403107
1.83695,-9.227544943962839,-0.0089122445974664,-0.0028300890500802,-2.8300890500802525,-3.0418819934233574
1.84701,-9.227544943962839,-0.0090674509285418,-0.0029073029474912,-2.9073029474912016,-3.121643540239498
1.85723,-9.227544943962839,-0.0092708340374788,-0.0030052990516714,-3.0052990516714435,-3.2090845357644135
1.86744,-9.227544943962839,-0.0097235391698164,-0.0031312295496027,-3.1312295496027547,-3.28425586664781
1.88695,-9.227544943962839,-0.0099605555239511,-0.003308414841069,-3.3084148410690943,-3.4468507397636015
1.897,-9.227544943962839,-0.0101070347951919,-0.0033937582744549,-3.393758274454907,-3.529684066063252
1.90723,-9.227544943962839,-0.0106625134821476,-0.0035039705821673,-3.5039705821673923,-3.6094630661719127
1.91728,-9.227544943962839,-0.0104100211431599,-0.0035674238865347,-3.567423886534717,-3.6953681719550744
1.93687,-0.16930352517484615,-0.0096022226657525,-0.00373982321375,-3.739823213750014,-3.848765159912856
1.94692,-0.16930352517484615,-0.009102225368996,-0.0038645649361938,-3.864564936193832,-3.8472292701711006
1.95716,-0.16930352517484615,-0.0078721149790331,-0.004002260028425,-4.002260028425001,-3.845693380429346
1.9672,-0.16930352517484615,-0.0072815126683399,-0.0040803746416466,-4.080374641646603,-3.8441574906875906
1.98679,-0.16930352517484615,-0.0049542031974293,-0.0042555766156552,-4.255576615655289,-3.845693380429346
2.00104,-0.16930352517484615,-0.0048105418965747,-0.0044080114176803,-4.408011417680322,-3.8441574906875906
2.01669,-0.16930352517484615,-0.0040692728358825,-0.004546102782829,-4.546102782829094,-3.8441574906875906
2.02674,-0.16930352517484615,-0.0044440205396481,-0.004672049733586,-4.672049733586084,-3.8441574906875906
2.03697,-0.16930352517484615,-0.0046545230165547,-0.0048286701548146,-4.828670154814661,-3.8441574906875906
2.04702,-0.16930352517484615,-0.0044837246549938,-0.0049211098049458,-4.921109804945806,-3.8441574906875906
2.06661,-0.16930352517484615,-0.0041243392436846,-0.0050326993204795,-5.032699320479522,-3.8441574906875906
2.07666,-0.16930352517484615,-0.0038812072277171,-0.0050498041533023,-5.049804153302351,-3.8441574906875906
2.08689,-0.16930352517484615,-0.0036431738880311,-0.004999565000473,-4.999565000473012,-3.8441574906875906
2.09696,-0.16930352517484615,-0.0031167827750951,-0.0049658913089778,-4.9658913089778,-3.8441574906875906
2.11653,-0.16930352517484615,-0.002611174924697,-0.0049575159085193,-4.95751590851934,-3.8441574906875906
2.1268,-0.16930352517484615,-0.0020405530473681,-0.0049344041401563,-4.934404140156353,-3.8441574906875906
2.14647,-0.16930352517484615,-0.0016847401085643,-0.0049278464940219,-4.927846494021954,-3.8441574906875906
2.15668,-0.16930352517484615,-0.0012311802799172,-0.0049115708139748,-4.911570813974811,-3.8441574906875906
2.16673,-0.16930352517484615,-0.0009787908894886,-0.0049001653046153,-4.90016530461537,-3.845693380429346
2.18632,-0.16930352517484615,-0.0007205337038425,-0.004895889043091,-4.895889043091054,-3.845693380429346
2.19638,-0.16930352517484615,-0.0004812335252372,-0.0048877588585798,-4.887758858579831,-3.8441574906875906
2.2066,-0.16930352517484615,-0.0002757599268723,-0.0048816669821863,-4.8816669821863465,-3.8441574906875906
2.21666,-0.16930352517484615,-0.0001116798754884,-0.0048769949962071,-4.876994996207123,-3.8441574906875906
2.23624,-7.412346052683347,-0.0068976089068134,-0.0049545508143283,-4.9545508143283845,-3.923919037503732
2.24629,-7.412346052683347,-0.00871616154455,-0.0049726096498775,-4.972609649877535,-4.003698037612392
2.28443,-7.412346052683347,-0.0145949410519039,-0.0052648771281251,-5.264877128125157,-4.3181540089442105
2.29653,-7.412346052683347,-0.0137802248417584,-0.0052062914163931,-5.206291416393128,-4.397915555760352
2.31611,-7.412346052683347,-0.0136456867656903,-0.005231405085126,-5.231405085126073,-4.551312543718133
2.32617,-7.412346052683347,-0.0134250494595532,-0.0051671973567803,-5.167197356780371,-4.631091543826794
2.33639,-7.412346052683347,-0.013004212451412,-0.0051521560245974,-5.152156024597416,-4.707781311159424
2.34645,-7.412346052683347,-0.012419789846429,-0.0052176354784014,-5.2176354784014745,-4.790614637459076
2.36603,-7.412346052683347,-0.0126629805652445,-0.0054199122562483,-5.419912256248315,-4.939421409484112
2.37609,-7.412346052683347,-0.0128189273471987,-0.0055293488470082,-5.529348847008257,-5.0176470665584985
2.38633,-7.412346052683347,-0.013075289465102,-0.0056623855232568,-5.662385523256806,-5.095890176925404
2.39637,-7.412346052683347,-0.0130098025719501,-0.0057402440012257,-5.7402440012257765,-5.177187613483299
2.41595,-0.14445606017100782,-0.0085002917205997,-0.0059174597839325,-5.917459783932505,-5.206334611991605
2.42601,-0.14445606017100782,-0.0074148501282774,-0.0060182340070177,-6.0182340070177505,-5.20479872224985
2.43625,-0.14445606017100782,-0.0071815848065667,-0.0061375263368107,-6.1375263368107955,-5.20479872224985
2.44629,-0.14445606017100782,-0.0067718837154012,-0.0062057719051366,-6.205771905136656,-5.20479872224985
2.46587,-0.14445606017100782,-0.0065434903177666,-0.0064859539382878,-6.485953938287895,-5.20479872224985
2.47593,-0.14445606017100782,-0.0064080317363555,-0.0066604642441846,-6.660464244184635,-5.20479872224985
2.48615,-0.14445606017100782,-0.006475492288192,-0.0068306144556599,-6.830614455659921,-5.20479872224985
2.49622,-0.14445606017100782,-0.0064270112587909,-0.0069318288658595,-6.931828865859514,-5.20479872224985
2.51579,-0.14445606017100782,-0.006129869064697,-0.0070257024325113,-7.025702432511327,-5.206334611991605
2.52585,-0.14445606017100782,-0.0060359062700992,-0.007046482380191,-7.046482380191063,-5.20479872224985
2.5362,-0.14445606017100782,-0.0054720542682565,-0.0070564990755584,-7.056499075558456,-5.206334611991605
2.55589,-0.14445606017100782,-0.0053037044890351,-0.0070911856006064,-7.091185600606481,-5.20479872224985
2.56594,-0.14445606017100782,-0.0047373206453818,-0.0070779055942934,-7.077905594293487,-5.20479872224985
2.57616,-0.14445606017100782,-0.0042503645276614,-0.0070674347822976,-7.067434782297657,-5.206334611991605
2.59558,-0.14445606017100782,-0.0035299859453902,-0.0070762204560522,-7.076220456052228,-5.20479872224985
2.60581,-0.14445606017100782,-0.0030819557388203,-0.0070592775083941,-7.059277508394162,-5.20479872224985
2.61586,-0.012834709942395156,-0.0026559231562184,-0.0070462099121064,-7.04620991210644,-5.20479872224985
2.6261,-0.012834709942395156,-0.002279462781847,-0.0070363591570334,-7.036359157033479,-5.206334611991605
2.6455,-0.012834709942395156,-0.0020160735017345,-0.0070399107802182,-7.039910780218223,-5.20479872224985
2.65573,-0.012834709942395156,-0.0017957763624001,-0.0070295971338812,-7.029597133881293,-5.20479872224985
2.66587,-0.012834709942395156,-0.0017619413632968,-0.007023106122021,-7.023106122021019,-5.20479872224985
2.67592,-0.012834709942395156,-0.0016759262904014,-0.0070185976991816,-7.018597699181679,-5.20479872224985
2.69551,-0.012834709942395156,-0.0017546395372497,-0.0070264108430677,-7.0264108430677865,-5.20479872224985
2.70556,-0.012834709942395156,-0.001596994646959,-0.0070201045739997,-7.020104573999781,-5.206334611991605
2.71579,-0.012834709942395156,-0.0014370193931022,-0.0070155113598726,-7.015511359872677,-5.206334611991605
2.72584,-0.012834709942395156,-0.0013473165172263,-0.0070120593249604,-7.0120593249604255,-5.206334611991605
2.74544,-0.012834709942395156,-0.0011767764718034,-0.0070157026767226,-7.01570267672261,-5.206334611991605
2.75548,-0.012834709942395156,-0.001076900157646,-0.0070105370430211,-7.010537043021172,-5.20479872224985
2.76571,-0.012834709942395156,-0.0009505203527205,-0.0070067847101756,-7.006784710175648,-5.20479872224985
2.77576,-0.012834709942395156,-0.0008551973808827,-0.00700385585675,-7.003855856750058,-5.20479872224985
2.78619,-0.012834709942395156,-0.0009008144618611,-0.0070025790013903,-7.002579001390308,-5.20479872224985
2.80514,-0.012834709942395156,-0.0011172121452352,-0.0070088782933634,-7.0088782933634555,-5.20479872224985
2.81518,-0.012834709942395156,-0.0011678682637346,-0.0070069904048767,-7.006990404876756,-5.206334611991605
2.8254,-0.012834709942395156,-0.0011243899177889,-0.0070057171923398,-7.0057171923398815,-5.20479872224985
2.83545,-0.012834709942395156,-0.0010297699894443,-0.0070042680188782,-7.004268018878224,-5.206334611991605
2.84568,-0.012834709942395156,-0.0009633452013389,-0.0070031020146107,-7.0031020146106995,-5.206334611991605
2.86509,-0.012834709942395156,-0.0009713014096886,-0.0070078011754215,-7.0078011754216,-5.20479872224985
2.87532,-0.012834709942395156,-0.0009291374795588,-0.0070050119415404,-7.005011941540438,-5.20479872224985
2.88538,-0.012834709942395156,-0.0009264925254486,-0.0070032276642458,-7.003227664245817,-5.20479872224985
2.8956,-0.012834709942395156,-0.0009255477533315,-0.0070022402478088,-7.0022402478088654,-5.20479872224985
2.90563,-0.01367633026648664,-0.0009049385806099,-0.0070014182595013,-7.001418259501376,-5.20479872224985
2.92491,-0.01367633026648664,-0.0009527409556846,-0.0070065004535141,-7.006500453514131,-5.20479872224985
2.93514,-0.01367633026648664,-0.0008940190709552,-0.0070040159516039,-7.004015951603948,-5.20479872224985
2.94519,-0.01367633026648664,-0.000876706227294,-0.0070023242999508,-7.002324299950899,-5.20479872224985
2.95542,-0.01367633026648664,-0.0008255878154037,-0.0070010902284194,-7.001090228419433,-5.20479872224985
2.96547,-0.01367633026648664,-0.0008151180972976,-0.0070001974896163,-7.000197489616311,-5.20479872224985
2.98506,-0.01367633026648664,-0.0008388641634562,-0.0070046066935849,-7.004606693584997,-5.206334611991605
2.99511,-0.01367633026648664,-0.0008089768105449,-0.0070022703367565,-7.002270336756531,-5.20479872224985
3.00534,-0.01367633026648664,-0.0007462173403295,-0.0070005706745268,-7.0005706745268075,-5.20479872224985
3.01539,-0.01367633026648664,-0.0006532346697308,-0.0069989096002125,-6.9989096002125075,-5.20479872224985
3.03489,-0.01367633026648664,-0.0005873855049437,-0.0070008463609732,-7.000846360973293,-5.20479872224985
3.04512,0.23075352805214647,-0.0004547151652885,-0.0069979270487064,-6.997927048706463,-5.20479872224985
3.05517,0.23075352805214647,-0.0003727927121939,-0.0069956323597163,-6.995632359716353,-5.20479872224985
3.07476,0.23075352805214647,-0.0002644613168629,-0.0069951160845861,-6.995116084586164,-5.206334611991605
3.08481,0.23075352805214647,-0.0002558342486109,-0.0069932405217087,-6.993240521708769,-5.20479872224985
3.09504,0.23075352805214647,-0.0002115610345889,-0.0069918710650935,-6.991871065093514,-5.20479872224985
3.10511,0.23075352805214647,-0.0001538814553871,-0.0069906805812475,-6.990680581247503,-5.20479872224985
3.12468,0.23075352805214647,-0.000243643724914,-0.0069918974038043,-6.991897403804389,-5.206334611991605
3.13473,0.23075352805214647,-0.0002551884158569,-0.0069913054188681,-6.991305418868196,-5.20479872224985
3.14496,0.23075352805214647,-0.0002293937851103,-0.0069908194608118,-6.990819460811871,-5.20479872224985
3.15524,0.23075352805214647,-0.0001691692694952,-0.0069901633029793,-6.990163302979316,-5.20479872224985
3.17495,0.23075352805214647,-9.8089833706485e-06,-0.0069888421732628,-6.988842173262877,-5.20479872224985
3.185,0.23075352805214647,4.571285153211556e-05,-0.0069876578459009,-6.987657845900933,-5.20479872224985
3.2046,0.23075352805214647,0.0001122299600791,-0.0069859030736479,-6.985903073647974,-5.20479872224985
3.21464,0.23075352805214647,0.0001193496310483,-0.0069854510724492,-6.985451072449296,-5.20479872224985
3.22486,0.23075352805214647,8.929418751576214e-05,-0.0069853512819496,-6.9853512819496775,-5.20479872224985
3.23492,0.23075352805214647,8.203974918507236e-06,-0.0069857894404151,-6.985789440415145,-5.20479872224985
3.25451,0.23075352805214647,-9.78742984617155e-05,-0.0069872522691911,-6.987252269191151,-5.20479872224985
3.26456,0.23075352805214647,-0.0001239959320498,-0.0069877272474228,-6.987727247422897,-5.20479872224985
3.27479,0.23075352805214647,-7.449254968397342e-05,-0.0069877217741616,-6.987721774161645,-5.206334611991605
3.28493,0.0,0.0,-0.0069872612549349,-6.987261254934932,-5.206334611991605
3.30434,0.0,0.0,-0.0069869849433989,-6.986984943398906,-5.20479872224985
3.31457,0.0,0.0,-0.0069868191564772,-6.9868191564772895,-5.20479872224985
3.32462,0.0,0.0,-0.0069867196843243,-6.98671968432432,-5.20479872224985
3.33485,0.0,0.0,-0.0069866600010325,-6.986660001032538,-5.20479872224985
3.35426,0.0,0.0,-0.0069866241910574,-6.9866241910574685,-5.20479872224985
3.36449,0.0,0.0,-0.0069866027050724,-6.9866027050724275,-5.206334611991605
3.37455,0.0,0.0,-0.0069865898134814,-6.986589813481403,-5.20479872224985
3.38477,0.0,0.0,-0.0069865820785267,-6.986582078526787,-5.20479872224985
3.40418,-7.602929678611617,9.496332321634356e-05,-0.0069854714946918,-6.985471494691841,-5.20479872224985
3.41469,-7.602929678611617,-0.0023396713618247,-0.0070006650548607,-7.000665054860717,-5.279970053133246
3.43433,-7.602929678611617,-0.0040659491305209,-0.0070429403679084,-7.042940367908436,-5.437957257023773
3.44439,-7.602929678611617,-0.0045199676989606,-0.0070476749362139,-7.047674936213933,-5.514664477648923
3.45461,-7.602929678611617,-0.0051915439136744,-0.0070550676994449,-7.055067699444958,-5.5928901347233095
3.46466,-7.602929678611617,-0.0058015761438859,-0.0070626523142525,-7.062652314252552,-5.6726691348319696
3.48425,-7.602929678611617,-0.0063954704620008,-0.0071073919387998,-7.107391938799836,-5.821458453564487
3.4943,-7.602929678611617,-0.0063768564019916,-0.0070975157978218,-7.097515797821858,-5.901220000380627
3.50453,-7.602929678611617,-0.0067959243461054,-0.0070948510527674,-7.0948510527674555,-5.977927221005778
3.51458,-7.602929678611617,-0.0074297201770263,-0.0070963400347658,-7.0963400347658885,-6.057688767821919
3.53417,-7.602929678611617,-0.00754712860128,-0.0072352864367959,-7.235286436795933,-6.2049596501052005
3.54449,-7.602929678611617,-0.0079773454199467,-0.0073586212836276,-7.358621283627676,-6.281649417437831
3.56429,-7.602929678611617,-0.0083565515866329,-0.007621242708353,-7.621242708353097,-6.4365822951373675
3.58387,-7.602929678611617,-0.0089822471486041,-0.0078643434021938,-7.8643434021938,-6.58997928309515
3.59393,-7.602929678611617,-0.0102012905420614,-0.0080306705574949,-8.030670557494991,-6.6666865037203005
3.60417,-7.602929678611617,-0.0108963349848676,-0.0081754790592872,-8.175479059287278,-6.741840381311176
3.61421,-7.602929678611617,-0.0110621831450008,-0.0082620556694811,-8.262055669481109,-6.821619381419837
3.63379,7.099425837881093,-0.011047770939367,-0.0084663425187245,-8.46634251872456,-6.890647153336213
3.64385,7.099425837881093,-0.0062748304355136,-0.0085465504370042,-8.54655043700424,-6.807813827036562
3.65409,7.099425837881093,-0.0031372030968915,-0.0086305804470331,-8.630580447033173,-6.7311066064114105
3.66413,7.099425837881093,-0.0030327638368692,-0.0086799928465765,-8.679992846576532,-6.65441683907878
3.67427,7.099425837881093,-0.002046468714199,-0.0087434617487828,-8.743461748782858,-6.573101949228365
3.69385,7.099425837881093,-0.0027002923676096,-0.0089197357577134,-8.919735757713418,-6.425848520237603
3.70391,7.099425837881093,-0.002767658732184,-0.0090501228326209,-9.050122832620964,-6.344551083679708
3.71414,7.099425837881093,-0.0023303927140156,-0.0091259534399366,-9.125953439936657,-6.267843863054556
3.72419,7.099425837881093,-0.0025428683593429,-0.0092121214662307,-9.212121466230707,-6.18961820598017
3.74377,7.099425837881093,-0.0022224192916582,-0.0091953175352858,-9.195317535285852,-6.039275544213378
3.75383,7.099425837881093,-0.0014557166817371,-0.0090935876829407,-9.093587682940706,-5.962585776880747
3.76407,7.099425837881093,5.498680121353847e-05,-0.0090234252267359,-9.023425226735997,-5.881288340322852
3.77411,7.099425837881093,0.0013228949302296,-0.0089736964728601,-8.973696472860123,-5.804581119697701
3.79369,7.099425837881093,0.0027528337308938,-0.0087807476423062,-8.780747642306274,-5.65732769070694
3.80399,7.099425837881093,0.0037402990401628,-0.0085949233542234,-8.59492335422345,-5.577548690598279
3.82379,7.099425837881093,0.0030055014793479,-0.0084708384718673,-8.47083847186731,-5.421079923156988
3.84338,7.099425837881093,0.0032250743734332,-0.0083396802161003,-8.339680216100358,-5.270754714682716
3.85343,7.099425837881093,0.0046393987989444,-0.0082312770958914,-8.231277095891464,-5.1940649473500855
3.86366,7.099425837881093,0.0050613792509971,-0.0081185489219826,-8.118548921982665,-5.112750057499669
3.87371,7.099425837881093,0.0056110810905138,-0.0079738187266734,-7.973818726673409,-5.0375961799087925
3.8933,7.099425837881093,0.0074112739527303,-0.0077643331111145,-7.764333111114519,-4.885735081692767
3.90335,1.5441197474537856,0.0082224447317638,-0.0075919372672121,-7.591937267212138,-4.8029017553931155
3.91358,1.5441197474537856,0.0047018079634344,-0.0074794913181913,-7.479491318191369,-4.801365865651361
3.92363,1.5441197474537856,0.0029775849608229,-0.00736346843448,-7.363468434480067,-4.7998299759096055
3.93386,1.5441197474537856,0.0027604508912808,-0.0071957656035553,-7.195765603555304,-4.7998299759096055
3.95327,1.5441197474537856,0.0015786507143694,-0.0070342424120869,-7.034242412086945,-4.7998299759096055
3.9635,1.5441197474537856,0.0021262058844816,-0.006898067681008,-6.898067681008049,-4.7998299759096055
3.97355,1.5441197474537856,0.0026959475437459,-0.0067487417416041,-6.748741741604183,-4.7998299759096055
3.99314,-0.0,0.0026803656965778,-0.0065002023021135,-6.500202302113536,-4.7998299759096055
4.00319,-0.0,0.0030066647563384,-0.006364453468336,-6.364453468336001,-4.7998299759096055
4.01342,-0.0,0.0029486719597354,-0.0063325855532818,-6.332585553281877,-4.7998299759096055
4.02347,-0.0,0.002944370223712,-0.0063138092002892,-6.313809200289276,-4.798294086167851
4.04306,-0.0,0.0023961556785792,-0.0062673584544864,-6.267358454486411,-4.7998299759096055
4.05311,-0.0,0.0,-0.0062676524208507,-6.267652420850713,-4.7998299759096055
4.06439,-0.0,0.0,-0.0062678288006692,-6.267828800669294,-4.7998299759096055
4.0832,-0.0,0.0,-0.0062679346285604,-6.267934628560442,-4.7998299759096055
4.09345,-0.0,-0.0002091592409633,-0.006269284454627,-6.269284454627057,-4.798294086167851
4.10349,-0.0,-0.00043982357844,-0.0062714575181716,-6.271457518171623,-4.7998299759096055
4.12307,-0.0,0.0,-0.0062701118590618,-6.270111859061841,-4.7998299759096055
4.13312,-0.0,0.0,-0.0062693044635959,-6.2693044635959705,-4.7998299759096055
4.14335,-0.0,0.0,-0.0062688200263164,-6.268820026316448,-4.798294086167851
4.15341,-0.0,0.0,-0.0062685293639487,-6.268529363948736,-4.7998299759096055
4.17299,-0.0,0.0,-0.0062683549665281,-6.268354966528108,-4.7998299759096055
4.18304,-0.0,0.0,-0.0062682503280757,-6.268250328075731,-4.7998299759096055
4.19332,-0.0,0.0,-0.0062681875450043,-6.268187545004305,-4.798294086167851
4.21248,-0.0,0.0,-0.0062681498751614,-6.268149875161449,-4.798294086167851
4.22271,-0.0,0.0,-0.0062681272732557,-6.268127273255736,-4.798294086167851
4.23277,-0.0,0.0,-0.0062681137121123,-6.268113712112308,-4.7998299759096055
4.24299,-0.0,0.0,-0.0062681055754262,-6.268105575426251,-4.7998299759096055
4.25304,-0.0,0.0,-0.0062681006934146,-6.268100693414618,-4.7998299759096055
4.26327,-0.0,0.0,-0.0062680977642076,-6.268097764207637,-4.798294086167851
4.28269,-0.0,0.0,-0.0062680960066834,-6.268096006683448,-4.798294086167851
4.29291,-0.0,0.0,-0.0062680949521689,-6.268094952168936,-4.7998299759096055
4.30296,-0.0,0.0,-0.0062680943194602,-6.268094319460228,-4.798294086167851
4.3131,-0.0,0.0,-0.006268093939835,-6.268093939835003,-4.7998299759096055
4.33269,-0.0,0.0,-0.0062680937120598,-6.268093712059868,-4.7998299759096055
4.34274,-0.0,0.0,-0.0062680935753947,-6.268093575394788,-4.7998299759096055
4.35297,-0.0,0.0,-0.0062680934933957,-6.26809349339574,-4.7998299759096055
4.36303,-0.0,0.0,-0.0062680934441963,-6.26809344419631,-4.7998299759096055
4.38261,-0.0,0.0,-0.0062680934146766,-6.268093414676653,-4.798294086167851
4.39267,0.012468927978079955,-0.0001368782666119,-0.0062689195941821,-6.268919594182128,-4.7998299759096055
4.40289,0.012468927978079955,-0.0002070576968865,-0.0062698587824654,-6.269858782465452,-4.7998299759096055
4.41294,0.012468927978079955,-0.0001964641319145,-0.0062703372963535,-6.270337296353581,-4.7998299759096055
4.43253,0.012468927978079955,-9.074297149922194e-05,-0.006270506318858,-6.270506318858017,-4.7998299759096055
4.4429,0.012468927978079955,-9.210285971368874e-05,-0.0062701142034668,-6.2701142034668145,-4.7998299759096055
4.46258,0.012468927978079955,-0.0001026943835756,-0.0062705184855202,-6.270518485520216,-4.7998299759096055
4.47281,0.012468927978079955,-8.430426404906442e-05,-0.0062700658990437,-6.270065899043729,-4.7998299759096055
4.48286,0.012468927978079955,-0.0001583460423608,-0.0062702317142205,-6.2702317142205395,-4.798294086167851
4.50245,0.012468927978079955,-0.0003385326909008,-0.00627335548994,-6.273355489940039,-4.7998299759096055
4.51251,0.012468927978079955,-0.0004234496884227,-0.0062738065844422,-6.27380658444221,-4.798294086167851
4.52273,0.012468927978079955,-0.0004649719765162,-0.0062743725069841,-6.27437250698419,-4.7998299759096055
4.53278,0.012468927978079955,-0.0005190369835812,-0.0062749906453603,-6.274990645360376,-4.7998299759096055
4.55237,0.012468927978079955,-0.0005926305379992,-0.0062791975147187,-6.279197514718735,-4.7998299759096055
4.56242,0.012468927978079955,-0.000688199688916,-0.0062789057011142,-6.278905701114272,-4.798294086167851
4.57265,0.012468927978079955,-0.0007585710388554,-0.0062792368778639,-6.279236877863925,-4.7998299759096055
4.5827,0.012468927978079955,-0.0007832761396866,-0.0062795026299995,-6.279502629999531,-4.7998299759096055
4.60228,-0.07666545090002604,-0.0007246497165988,-0.0062834521110291,-6.283452111029188,-4.7998299759096055
4.61234,-0.07666545090002604,-0.0007347390115508,-0.00628174349945,-6.2817434994501,-4.7998299759096055
4.62256,-0.07666545090002604,-0.0008003203673315,-0.0062811910123214,-6.281191012321403,-4.7998299759096055
4.63262,-0.07666545090002604,-0.0008752745972103,-0.0062812351130204,-6.281235113020469,-4.7998299759096055
4.6522,-0.07666545090002604,-0.0009131803283701,-0.0062867064584688,-6.28670645846884,-4.7998299759096055
4.66226,-0.07666545090002604,-0.000922524562145,-0.0062848295814972,-6.284829581497279,-4.7998299759096055
4.67248,-0.07666545090002604,-0.0009141393628663,-0.0062837405996303,-6.283740599630331,-4.798294086167851
4.6919,-0.07666545090002604,-0.0008772216271367,-0.0062877030943364,-6.287703094336463,-4.7998299759096055
4.70246,-0.07666545090002604,-0.000819132825797,-0.0062850492303449,-6.285049230344994,-4.7998299759096055
4.72221,-0.07666545090002604,-0.0008992917863172,-0.0062889234940337,-6.288923494033722,-4.7998299759096055
4.73226,-0.07666545090002604,-0.0008737448124022,-0.0062858601257978,-6.2858601257978854,-4.7998299759096055
4.75184,-0.07666545090002604,-0.0008765595220428,-0.0062890512449025,-6.289051244902557,-4.798294086167851
4.7619,-0.07666545090002604,-0.0008714578364505,-0.0062859282146012,-6.285928214601217,-4.798294086167851
4.77212,-0.07666545090002604,-0.0008865753097412,-0.0062842307567189,-6.28423075671893,-4.7998299759096055
4.78218,-0.07666545090002604,-0.000934796045379,-0.0062834182311201,-6.283418231120132,-4.7998299759096055
4.80176,-0.07666545090002604,-0.001072481631722,-0.0062898878010404,-6.289887801040416,-4.7998299759096055
4.81182,-0.07666545090002604,-0.0011021117351617,-0.0062878223752165,-6.287822375216552,-4.7998299759096055
4.82205,-0.07666545090002604,-0.0011679198804766,-0.0062870994655151,-6.287099465515164,-4.7998299759096055
4.83219,-0.07666545090002604,-0.0012255986542027,-0.0062869535696801,-6.286953569680135,-4.7998299759096055
4.84224,-0.07666545090002604,-0.0013121409934992,-0.0062873217001577,-6.287321700157748,-4.798294086167851
4.86182,-0.07666545090002604,-0.0013416040850301,-0.0062953915330444,-6.295391533044449,-4.798294086167851
4.87188,-0.07666545090002604,-0.001289997943139,-0.0062922586955703,-6.2922586955703235,-4.798294086167851
4.88211,-0.07666545090002604,-0.0012265334676561,-0.0062901210279255,-6.290121027925534,-4.7998299759096055
4.89216,-0.07666545090002604,-0.0012308103554171,-0.0062887317513573,-6.288731751357352,-4.7998299759096055
4.91175,-0.07666545090002604,-0.0012700303642904,-0.0062954043358751,-6.295404335875148,-4.7998299759096055
4.9218,8.114913825444415,0.0006945672317088,-0.0062802917092767,-6.28029170927675,-4.74000008915124
4.93203,8.114913825444415,0.0027356041328952,-0.0062586212355572,-6.2586212355572055,-4.6632928685260895
4.94208,8.114913825444415,0.0031934380533201,-0.0062431536580316,-6.24315365803167,-4.581995431968194
4.95248,8.114913825444415,0.0032595661803558,-0.0062327898500124,-6.232789850012447,-4.5083774441190725
4.97128,8.114913825444415,0.0038448229018997,-0.0062035416558329,-6.203541655832905,-4.358034782352281
4.9815,8.114913825444415,0.0036295204514852,-0.0062071061222501,-6.207106122250104,-4.27520145605263
4.99156,8.114913825444415,0.0040942534298894,-0.0062067881078061,-6.206788107806116,-4.196975798978245
5.00178,8.114913825444415,0.0039157181420347,-0.0062072990291955,-6.207299029195577,-4.117196798869584
5.01184,8.114913825444415,0.0037840444992767,-0.0062087762730785,-6.208776273078578,-4.0374352520534424
5.03142,8.114913825444415,0.0053151098680665,-0.0060610508817908,-6.061050881790801,-3.8840382640956608
5.04148,8.114913825444415,0.0055907612767493,-0.0059614716065052,-5.961471606505295,-3.799669048054255
5.0517,8.114913825444415,0.006277637442342,-0.005896975403604,-5.896975403604007,-3.7214433909798696
5.06176,8.114913825444415,0.0067011156595037,-0.0058166841043624,-5.8166841043624915,-3.635538285196708
5.0718,8.114913825444415,0.0073450503289214,-0.0057052505014922,-5.705250501492284,-3.564974623538578
5.09131,8.114913825444415,0.0079914977603096,-0.0055494483339929,-5.549448333992971,-3.405434076613776
5.10136,8.114913825444415,0.008360583207298,-0.0054297309862268,-5.429730986226821,-3.316474644639625
5.11159,-7.782789540862577,0.0095896919683405,-0.0052999032197849,-5.299903219784931,-3.316474644639625
5.12164,-7.782789540862577,0.0052925505188478,-0.0052489540095928,-5.2489540095928175,-3.405434076613776
5.14123,-7.782789540862577,0.0011185457649351,-0.0050934557550456,-5.093455755045616,-3.5634387337968225
5.15128,-7.782789540862577,-0.0001783413706005,-0.0049549194134384,-4.954919413438426,-3.643200280612964
5.16151,-7.782789540862577,-0.0015138977791184,-0.004825509354835,-4.825509354835037,-3.726033606912614
5.17156,-7.782789540862577,-0.0019070624227497,-0.0047500706015139,-4.750070601513955,-3.805812607021275
5.19115,-7.782789540862577,-0.0036404195263033,-0.0045973568476068,-4.597356847606808,-3.9592095949790567
5.2012,-7.782789540862577,-0.003801831377448,-0.0044858641473563,-4.48586414735636,-4.045114700762218
5.21143,-7.782789540862577,-0.004463027640277,-0.004329292271737,-4.329292271737093,-4.121804468094848
5.22148,-7.782789540862577,-0.0046440347139389,-0.0044093841203064,-4.409384120306421,-4.203101904652744
5.24107,-7.782789540862577,-0.0049322839877655,-0.0044874097661151,-4.487409766115163,-4.358034782352281
5.25112,-7.782789540862577,-0.0060223517323778,-0.0045819360718631,-4.581936071863196,-4.4347420029774325
5.26135,-7.782789540862577,-0.0062897235706065,-0.0047053585864288,-4.705358586428848,-4.514503549793572
5.2714,-7.782789540862577,-0.0067553861255626,-0.0048063158228392,-4.806315822839264,-4.592746660160478
5.29099,-7.782789540862577,-0.0081985442522989,-0.0049621609916663,-4.962160991666319,-4.744607758376505
5.30104,-7.782789540862577,-0.0085689035365449,-0.0051001631535433,-5.100163153543354,-4.825905194934402
5.31127,-7.782789540862577,-0.0094194613516732,-0.0052683908484736,-5.268390848473626,-4.899540636076042
5.3213,-7.782789540862577,-0.0103209295911305,-0.0054925425144639,-5.4925425144639135,-4.979302182892183
5.33132,-7.782789540862577,-0.0113682958308281,-0.0056877735140561,-5.68777351405619,-5.057527839966568
5.34137,-7.782789540862577,-0.0113948580967712,-0.0058498720442986,-5.849872044298628,-5.138842729816985
5.36096,-7.782789540862577,-0.0113076087072998,-0.0060460149025205,-6.046014902520529,-5.287632048549501
5.37101,-7.782789540862577,-0.0119271433655991,-0.0061572168189452,-6.157216818945214,-5.367393595365642
5.38124,-7.782789540862577,-0.0120401044814318,-0.0062705145863109,-6.27051458631097,-5.447172595474303
5.39129,-7.782789540862577,-0.0119127697870284,-0.0063909302469817,-6.3909302469817595,-5.522326473065179
5.41088,-7.782789540862577,-0.012158936407617,-0.0066135420124564,-6.613542012456434,-5.674187571281205
5.42093,-7.782789540862577,-0.011866794460417,-0.0067203448345009,-6.720344834500904,-5.753966571389865
5.43116,-7.782789540862577,-0.0117192121435824,-0.0068442624555332,-6.844262455533212,-5.8275845592389866
5.45066,-7.782789540862577,-0.0128279006448494,-0.0070810021884349,-7.081002188434929,-5.977927221005778
5.46071,-7.782789540862577,-0.0132271422273812,-0.0071527192582623,-7.152719258262328,-6.060760547305429
5.47094,-7.782789540862577,-0.0139555829681931,-0.0072511993460069,-7.251199346006961,-6.132860098705315
5.48099,-0.06410432179961285,-0.0137999136091447,-0.0073623466692007,-7.362346669200704,-6.214157535263211
5.50058,-0.06410432179961285,-0.0123401874101871,-0.0075899684373142,-7.589968437314205,-6.20801397629619
5.51063,-0.06410432179961285,-0.0122937911760249,-0.007720041684941,-7.720041684941084,-6.206478086554436
5.52086,-0.06410432179961285,-0.011672007139944,-0.0077955968525507,-7.79559685255076,-6.206478086554436
5.53091,-0.06410432179961285,-0.0102503296948236,-0.0079004668646601,-7.900466864660119,-6.20801397629619
5.5505,-0.06410432179961285,-0.0095785154225159,-0.0081182205591053,-8.118220559105312,-6.206478086554436
5.56056,-0.06410432179961285,-0.0088766219274785,-0.008244371355193,-8.244371355193017,-6.206478086554436
5.57089,-0.06410432179961285,-0.0084097750801464,-0.0083186063288381,-8.318606328838136,-6.206478086554436
5.59084,-0.06410432179961285,-0.0075250837146112,-0.0083812787210541,-8.381278721054139,-6.206478086554436
5.61043,-0.06410432179961285,-0.0069331175799542,-0.0084102987683546,-8.410298768354629,-6.206478086554436
5.62048,-8.456194109616947,-0.0061643638707583,-0.0083536599597084,-8.353659959708493,-6.246376313255026
5.63071,-8.456194109616947,-0.0089675916766874,-0.0083375486380916,-8.337548638091645,-6.323066080587657
5.64076,-8.456194109616947,-0.0104169908643422,-0.008335653222322,-8.335653222322021,-6.404363517145552
5.66035,-8.456194109616947,-0.0131803960952392,-0.0084266238936516,-8.426623893651698,-6.553170289170589
5.6704,-8.456194109616947,-0.0136268671964203,-0.0084084539299404,-8.408453929940475,-6.628324166761464
5.68063,-8.456194109616947,-0.0127528736449879,-0.0083936590809522,-8.393659080952263,-6.708103166870126
5.69068,-8.456194109616947,-0.0131508813942473,-0.0083858048479337,-8.385804847933718,-6.784792934202756
5.70199,-8.456194109616947,-0.0127658934886755,-0.0083884218465294,-8.388421846529427,-6.867626260502408
5.71995,-8.456194109616947,-0.0115973409904416,-0.0085175259003826,-8.517525900382651,-7.010289473560425
5.73017,-8.456194109616947,-0.0115338864020689,-0.008540741177599,-8.54074117759908,-7.085460804443819
5.74023,-8.456194109616947,-0.0111615886212175,-0.0085959110321275,-8.595911032127596,-7.165222351259961
5.75045,-8.456194109616947,-0.0115212202160786,-0.008632289718292,-8.632289718292025,-7.241929571885112
5.76051,-8.456194109616947,-0.0113712647574431,-0.0087066109214442,-8.706610921444204,-7.323227008443007
5.7801,-0.0,-0.0114722625283401,-0.0089165119534587,-8.916511953458755,-7.468944547692014
5.79015,-0.0,-0.0105353557161216,-0.0089711357938775,-8.971135793877586,-7.468944547692014
5.80037,-0.0,-0.0097452729054677,-0.0090397800327934,-9.03978003279343,-7.465890221501024
5.81043,-0.0,-0.0099002394490227,-0.0091404265822655,-9.140426582265546,-7.465890221501024
5.82057,-0.0,-0.0090714344194734,-0.009240842404341,-9.240842404341064,-7.465890221501024
5.84015,-0.0,-0.0089536447872694,-0.0094006388547596,-9.400638854759675,-7.465890221501024
5.85021,-0.0,-0.0085049852286203,-0.0095021255711545,-9.502125571154586,-7.465890221501024
5.86043,-0.0,-0.0078245485754959,-0.0095893917291488,-9.589391729148844,-7.465890221501024
5.87049,-0.06565044714642097,-0.0076934216477544,-0.0096402087851463,-9.640208785146305,-7.465890221501024
5.89007,-0.06565044714642097,-0.006727137934692,-0.0096983369276136,-9.698336927613637,-7.465890221501024
5.90013,-0.06565044714642097,-0.0064268914962045,-0.0097177511863186,-9.717751186318637,-7.465890221501024
5.91035,-0.06565044714642097,-0.0058145002907001,-0.0097262615402531,-9.726261540253118,-7.465890221501024
5.92978,-0.06565044714642097,-0.0055104849464039,-0.0097351793977261,-9.735179397726144,-7.465890221501024
5.93999,-0.06565044714642097,-0.0047923327530297,-0.0097056467091498,-9.70564670914984,-7.464354331759268
5.9502,-0.06565044714642097,-0.0042442045849702,-0.0096845692628465,-9.68456926284653,-7.465890221501024
5.96983,-0.06565044714642097,-0.0035603723015617,-0.0096878568627448,-9.687856862744807,-7.465890221501024
5.98006,-0.06565044714642097,-0.0030839126359713,-0.0096668244134755,-9.666824413475574,-7.465890221501024
5.99011,-0.06565044714642097,-0.0028824374291092,-0.0096526569858519,-9.65265698585197,-7.465890221501024
6.0097,-0.06565044714642097,-0.002628042080598,-0.0096576654381956,-9.657665438195624,-7.465890221501024
6.01975,-0.06565044714642097,-0.0024534500547279,-0.0096445748068164,-9.64457480681648,-7.465890221501024
6.02998,-0.06565044714642097,-0.0021716390511582,-0.0096352556446549,-9.635255644654997,-7.467426111242778
6.04003,-0.06565044714642097,-0.0020349700550354,-0.0096286054962939,-9.628605496293956,-7.465890221501024
6.05962,-0.06565044714642097,-0.0018219150363556,-0.0096337593271827,-9.633759327182794,-7.465890221501024
6.06967,-0.06565044714642097,-0.0016679257374368,-0.0096254944285755,-9.625494428575518,-7.465890221501024
6.07981,-0.06565044714642097,-0.0015660919254669,-0.0096200060004889,-9.620006000488946,-7.465890221501024
6.09004,-0.06565044714642097,-0.0013829480517513,-0.0096156733755041,-9.615673375504112,-7.465890221501024
6.10945,-0.06565044714642097,-0.0013689973852379,-0.00962052860892,-9.620528608920043,-7.465890221501024
6.11968,-0.06565044714642097,-0.0012608049655451,-0.0096152372262996,-9.61523722629964,-7.465890221501024
6.12973,-0.06565044714642097,-0.0012171966737073,-0.0096116632717913,-9.611663271791336,-7.465890221501024
6.13996,-0.06565044714642097,-0.0011610123251676,-0.0096093054967957,-9.609305496795775,-7.465890221501024
6.15937,-0.06565044714642097,-0.0011343172313126,-0.0096139747966224,-9.61397479662243,-7.465890221501024
6.1696,-0.06565044714642097,-0.0010311788270124,-0.0096098954936827,-9.609895493682757,-7.465890221501024
6.17965,-0.06565044714642097,-0.0009743531490278,-0.0096069938857673,-9.606993885767388,-7.465890221501024
6.18988,-0.06565044714642097,-0.000887211152956,-0.0096048232735863,-9.604823273586376,-7.465890221501024
6.20013,-0.06565044714642097,-0.0007610124978921,-0.0096027554310829,-9.602755431082958,-7.467426111242778
6.21976,-0.06565044714642097,-0.0005915984892527,-0.0096038023457252,-9.60380234572529,-7.465890221501024
6.23935,-0.06565044714642097,-0.0005140649080062,-0.0096035049664329,-9.603504966432975,-7.465890221501024
6.2494,-7.658308111618001,-0.0005230757206812,-0.0096004383665245,-9.60043836652459,-7.502699215425584
6.25963,-7.658308111618001,-0.0034439851889248,-0.0096165834410734,-9.616583441073471,-7.57787054630898
6.26968,-7.658308111618001,-0.0057000132701241,-0.009639502384732,-9.639502384732028,-7.656096203383365
6.28927,-7.658308111618001,-0.0091217304304023,-0.0097260994903872,-9.726099490387265,-7.806421411857637
6.29932,-7.658308111618001,-0.0101310350623302,-0.0097319310757273,-9.731931075727305,-7.887736301708053
6.30955,-7.658308111618001,-0.0099264099520254,-0.009735268189791,-9.735268189791013,-7.964426069040684
6.3196,-7.658308111618001,-0.0097545078057497,-0.0097351618360123,-9.735161836012376,-8.044187615856826
6.32967,-7.658308111618001,-0.009579096022693,-0.0097341552398456,-9.734155239845634,-8.120894836481975
6.3492,-7.658308111618001,-0.0106063451292408,-0.0098445546668993,-9.844554666899397,-8.278899493665023
6.35924,-7.658308111618001,-0.010868461388095,-0.0099064859420516,-9.90648594205168,-8.36019693022292
6.36946,-7.658308111618001,-0.0108179858194771,-0.0099445089847862,-9.944508984786202,-8.441494366780814
6.37952,-7.658308111618001,-0.0112887349674585,-0.0100038108272998,-10.003810827299832,-8.52586358282222
6.3991,-7.658308111618001,-0.0108894416647853,-0.010168552492531,-10.168552492531068,-8.680796460521757
6.40915,-7.658308111618001,-0.010894260817799,-0.0102646208979878,-10.264620897987882,-8.765165676563162
6.41938,-7.658308111618001,-0.0112623964354153,-0.0103901133266379,-10.390113326637907,-8.84646311312106
6.42944,-0.3731965712710052,-0.0107888581916282,-0.0105109518877725,-10.51095188777254,-8.881753670596384
6.44902,-0.3731965712710052,-0.006552597723578,-0.0106399085251637,-10.639908525163728,-8.878681891112874
6.45916,-0.3731965712710052,-0.0062598791696083,-0.0107576679267625,-10.757667926762592,-8.877146001371118
6.46921,-0.3731965712710052,-0.0058903460926305,-0.0108257572497925,-10.82575724979258,-8.878681891112874
6.47944,-0.3731965712710052,-0.005726810140631,-0.0108662432173152,-10.8662432173152,-8.878681891112874
6.49886,-0.3731965712710052,-0.0050373377953504,-0.0110230890166621,-11.02308901666217,-8.878681891112874
6.50908,-0.3731965712710052,-0.0054348277167592,-0.011091827799838,-11.091827799838098,-8.878681891112874
6.51914,-0.3731965712710052,-0.005673806002066,-0.0112083170170437,-11.208317017043754,-8.878681891112874
6.53872,-0.3731965712710052,-0.005710023183543,-0.0113705049809635,-11.370504980963576,-8.877146001371118
6.54878,-0.3731965712710052,-0.005763977174777,-0.0114355277731821,-11.435527773182162,-8.878681891112874
6.559,-0.3731965712710052,-0.0055762744522789,-0.0114739437972277,-11.473943797227731,-8.878681891112874
6.56907,-0.3731965712710052,-0.0056492944170515,-0.0114969327335815,-11.496932733581524,-8.878681891112874
6.57948,-0.3731965712710052,-0.0056006047988216,-0.0115115744360994,-11.511574436099416,-8.878681891112874
6.59918,-0.3731965712710052,-0.0056170825828133,-0.0115765470687758,-11.57654706877583,-8.878681891112874
6.61859,7.831711927536443,-0.0007010714491313,-0.0115573014103494,-11.557301410349408,-8.769773345788428
6.62882,7.831711927536443,0.001840628340888,-0.0115262915604405,-11.526291560440598,-8.685404129747022
6.63888,7.831711927536443,0.003381066082751,-0.0114985753123761,-11.498575312376198,-8.604106693189125
6.6491,7.831711927536443,0.0042484979201934,-0.0114763018891664,-11.476301889166418,-8.521255913596956
6.66851,7.831711927536443,0.0047452327874093,-0.011433726643445,-11.433726643445006,-8.361732819964674
6.67874,7.831711927536443,0.005135644007092,-0.0114319218941387,-11.4319218941388,-8.283489709597767
6.68879,7.831711927536443,0.0051843124211123,-0.0114311002235713,-11.4311002235713,-8.200656383298117
6.69902,7.831711927536443,0.0054363901492144,-0.0114285000623942,-11.428500062394226,-8.12243072622373
6.71852,7.831711927536443,0.0066551274128993,-0.0112536131601195,-11.25361316011956,-7.965961958782439
6.72857,7.831711927536443,0.0068258991728694,-0.0111457457212968,-11.145745721296851,-7.886200411966298
6.7388,7.831711927536443,0.0078113868354176,-0.0109900038907449,-10.990003890744934,-7.807957301599393
6.74885,7.831711927536443,0.0084725627132678,-0.0108141352992957,-10.814135299295724,-7.726659865041496
6.76844,7.831711927536443,0.0084902516326346,-0.0106103591346766,-10.610359134676685,-7.576334656567225
6.77849,7.831711927536443,0.0093061152665938,-0.0105020418914053,-10.50204189140537,-7.498091546200319
6.78872,7.831711927536443,0.0096082583365048,-0.0103697767420439,-10.369776742043983,-7.419865889125933
6.79879,7.831711927536443,0.0101460415019668,-0.0102534056576873,-10.25340565768736,-7.343158668500784
6.81836,7.831711927536443,0.0101058039915401,-0.0100618078505729,-10.06180785057292,-7.194369349768266
6.82841,7.831711927536443,0.0100488054665184,-0.0099553670745892,-9.955367074589285,-7.11307191321037
6.83882,7.831711927536443,0.0101248889163325,-0.0098343516900482,-9.834351690048209,-7.039436472068729
6.8584,7.831711927536443,0.0102707927455563,-0.0096448610680555,-9.644861068055546,-6.8875753738527035
6.86863,7.831711927536443,0.01039517798169,-0.0095335172058405,-9.533517205840544,-6.804742047553051
6.87868,7.831711927536443,0.0107742553174293,-0.009465547731399,-9.465547731399056,-6.728034826927901
6.89827,7.831711927536443,0.0113279796988613,-0.0092921705441311,-9.292170544131157,-6.582317287678895
6.90832,7.831711927536443,0.01152866993651,-0.009197270265691,-9.197270265691095,-6.4994839613792434
6.91855,7.831711927536443,0.0115664976183515,-0.0091388528159627,-9.138852815962776,-6.425848520237603
6.92862,7.831711927536443,0.0104989825715359,-0.0090667675251115,-9.066767525111525,-6.344551083679708
6.94819,7.831711927536443,0.0104035051051029,-0.0089201981156553,-8.920198115655392,-6.19574431165467
6.95824,7.831711927536443,0.010906391446538,-0.0087895485960621,-8.789548596062152,-6.11905454432204
6.96857,-7.604179285053312,0.0082870308055764,-0.0087255614077958,-8.725561407795867,-6.1420579838633245
6.98773,-7.604179285053312,0.0040969248845154,-0.0085873785583335,-8.587378558333555,-6.300062641046371
6.99796,-7.604179285053312,0.0037358603211385,-0.0084889962703009,-8.488996270300984,-6.375216518637248
7.00801,-7.604179285053312,0.0034823063530729,-0.008382349155603,-8.382349155603029,-6.458067298229418
7.01824,-7.604179285053312,0.0028531241276095,-0.008321846718198,-8.321846718198017,-6.5332211758202945
7.02829,-7.604179285053312,0.0034574020960652,-0.0082227494227463,-8.222749422746368,-6.612982722636435
7.04788,-7.604179285053312,0.0038827226579204,-0.0080542664111185,-8.054266411118551,-6.763325384403227
7.05793,-7.604179285053312,0.003557052457351,-0.0079476350128129,-7.947635012812915,-6.840015151735857
7.06816,-7.604179285053312,0.0027893759308072,-0.0080316794318236,-8.031679431823605,-6.918258262102763
7.07821,-7.604179285053312,0.0016595566418155,-0.0080892201461431,-8.089220146143164,-6.993412139693638
7.08835,-7.604179285053312,0.0015351527190323,-0.0081244118321424,-8.124411832142457,-7.0731911398023
7.10795,-7.604179285053312,0.0004481662309639,-0.0082288765103613,-8.228876510361339,-7.223516348276571
7.11799,-7.604179285053312,-0.0003637720863477,-0.0082990171152169,-8.29901711521696,-7.297151789418212
7.12822,-7.604179285053312,-0.0007908569047369,-0.0083437643947634,-8.34376439476345,-7.379985115717862
7.13827,-7.604179285053312,-0.0019636572618667,-0.008461834582974,-8.461834582974028,-7.455138993308739
7.15786,-7.604179285053312,-0.0027264983969098,-0.0085528831047685,-8.552883104768597,-7.60548165507553
7.16791,-7.604179285053312,-0.003018990106289,-0.0086531296402936,-8.65312964029362,-7.688314981375181
7.17814,-7.604179285053312,-0.0037587785742241,-0.0087676945793768,-8.767694579376831,-7.763468858966057
7.18819,-7.604179285053312,-0.004505147211249,-0.0088405281976219,-8.840528197622,-7.844783748816473
7.20778,-7.604179285053312,-0.0045892028418355,-0.0089952390679631,-8.995239067963105,-7.995108957290744
7.21807,-8.077655603613618,-0.0055508168907154,-0.0090683948434481,-9.068394843448116,-8.074870504106885
7.23789,-8.077655603613618,-0.0043036529394311,-0.0091886567802761,-9.188656780276194,-8.235946940773442
7.25749,-8.077655603613618,-0.0049642773997581,-0.0093126099345369,-9.312609934536958,-8.39393414466397
7.26753,-8.077655603613618,-0.0050252021032419,-0.0094133789020847,-9.413378902084776,-8.475249034514384
7.27776,-8.077655603613618,-0.0056331861589499,-0.0094781449617871,-9.478144961787171,-8.55654647107228
7.28781,-8.077655603613618,-0.0060026116497989,-0.0095483539363455,-9.54835393634558,-8.642451576855441
7.30739,-8.077655603613618,-0.0062407450788054,-0.0097960703397679,-9.79607033976795,-8.798920344296734
7.31745,-8.077655603613618,-0.0070796496001211,-0.0099141166736218,-9.914116673621894,-8.880217780854629
7.32767,-8.077655603613618,-0.0075368389540225,-0.0100379777506345,-10.03797775063453,-8.963051107154278
7.33773,-8.077655603613618,-0.0084958782459151,-0.010176819795733,-10.17681979573302,-9.047420323195686
7.34787,-8.077655603613618,-0.0085520756218323,-0.0103005148459594,-10.300514845959432,-9.130253649495335
7.36746,-8.077655603613618,-0.0081438873176085,-0.0104580644157196,-10.458064415719642,-9.289794196420138
7.37751,-8.077655603613618,-0.0089162902308448,-0.0105750513249232,-10.57505132492328,-9.371091632978034
7.38773,-8.077655603613618,-0.0091768062373329,-0.0107121656049874,-10.71216560498749,-9.45546084901944
7.3978,-8.077655603613618,-0.0093822704916,-0.0108493548352315,-10.849354835231518,-9.53522239583558
7.41737,-8.077655603613618,-0.0096692437629253,-0.0110380671005524,-11.038067100552489,-9.696298832502135
7.42743,-8.077655603613618,-0.0099092325055785,-0.0111718955447152,-11.171895544715271,-9.779132158801788
7.43765,-8.077655603613618,-0.0105359142447273,-0.0113263569132666,-11.326356913266675,-9.857357815876174
7.44771,-8.077655603613618,-0.0111311335360243,-0.0114563001319266,-11.45630013192667,-9.944798811401087
7.46729,-8.077655603613618,-0.0110874304138683,-0.0116567938478659,-11.656793847865988,-10.098195799358871
7.47844,-8.077655603613618,-0.0107361389956129,-0.0117682098600286,-11.76820986002863,-10.179493235916766
7.49733,-8.077655603613618,-0.0110326475581405,-0.0119427838846121,-11.942783884612115,-10.33596200335806
7.50738,-8.077655603613618,-0.0108162156316033,-0.0120422112119393,-12.042211211939398,-10.414187660432445
7.5176,-8.077655603613618,-0.0106363031270096,-0.0121613278131166,-12.161327813116651,-10.493966660541105
7.53702,-8.077655603613618,-0.0113195669030074,-0.0123688417599107,-12.368841759910772,-10.648899538240642
7.54724,-8.077655603613618,-0.0114888728599051,-0.0124814544480308,-12.481454448030872,-10.728661085056784
7.5573,-8.077655603613618,-0.0119032577209688,-0.0126148355449164,-12.614835544916444,-10.805368305681936
7.56752,-0.14185053985149396,-0.0090974134841673,-0.0127283516241494,-12.72835162414947,-10.814566190839944
7.58694,-0.14185053985149396,-0.0062556542052349,-0.0128730269892684,-12.873026989268403,-10.820692296514444
7.59717,-0.14185053985149396,-0.0068441382415916,-0.0129884108203318,-12.988410820331897,-10.820692296514444
7.6074,-0.14185053985149396,-0.0068704412342757,-0.0131271727700478,-13.127172770047826,-10.820692296514444
7.62719,-0.14185053985149396,-0.0071615563693374,-0.0133920358985284,-13.392035898528402,-10.8222281862562
7.63742,-0.14185053985149396,-0.0073175685195235,-0.0135752478796467,-13.57524787964676,-10.81917386006521
7.65684,-0.14185053985149396,-0.0074238773477948,-0.0138060430839542,-13.806043083954297,-10.820692296514444
7.66706,-0.14185053985149396,-0.0072583460641668,-0.0139025253657477,-13.902525365747785,-10.820692296514444
7.67712,-0.14185053985149396,-0.0070443301918182,-0.0139584261337962,-13.95842613379622,-10.820692296514444
7.6967,-0.14185053985149396,-0.0064612365796403,-0.014025353624925,-14.02535362492508,-10.820692296514444
7.70675,-0.14185053985149396,-0.0061644733671056,-0.0140267752866684,-14.02677528666843,-10.820692296514444
7.71698,-0.14185053985149396,-0.0055712097992397,-0.0140246525950585,-14.024652595058525,-10.820692296514444
7.72704,-0.14185053985149396,-0.0047764127959827,-0.0140180133219813,-14.018013321981398,-10.820692296514444
7.73717,-0.14185053985149396,-0.0042797946055646,-0.0140112119221111,-14.011211922111196,-10.820692296514444
7.75676,-0.14185053985149396,-0.0036347756680753,-0.014023841643779,-14.023841643779008,-10.820692296514444
7.76682,-0.14185053985149396,-0.0033389602665157,-0.0140088502877458,-14.008850287745826,-10.820692296514444
7.77704,-0.14185053985149396,-0.0031586674398921,-0.0139990704586986,-13.999070458698649,-10.820692296514444
7.7871,-0.14185053985149396,-0.002943722644396,-0.0139916019224104,-13.991601922410496,-10.820692296514444
7.80668,-0.14185053985149396,-0.0030049622150643,-0.0140046547868586,-14.004654786858609,-10.820692296514444
7.81674,8.042583386479885,-0.0029365505206728,-0.0139949092283676,-13.99490922836768,-10.779275633364618
7.82696,8.042583386479885,0.0006503053560867,-0.0139673492018868,-13.96734920188682,-10.702585866031988
7.83701,8.042583386479885,0.0034572583630197,-0.0139339535905128,-13.933953590512813,-10.616680760248828
7.8566,8.042583386479885,0.0060849570789769,-0.0138632409061111,-13.863240906111129,-10.4648196620328
7.867,8.042583386479885,0.0069112768882075,-0.0138492095131939,-13.849209513193996,-10.388112441407651
7.88674,8.042583386479885,0.0085396657739204,-0.0137827732437998,-13.782773243799818,-10.227053458033613
7.8968,8.042583386479885,0.0082040857468092,-0.0137945354220218,-13.794535422021882,-10.144220131733965
7.91638,8.042583386479885,0.0073121199929074,-0.0137652098048461,-13.765209804846185,-9.98775136429267
7.92645,8.042583386479885,0.0078526337510007,-0.0136621962440425,-13.66219624404257,-9.909508253925765
7.93666,8.042583386479885,0.0079818437706259,-0.013598936945745,-13.598936945745097,-9.826674927626115
7.94672,8.042583386479885,0.0086848752900162,-0.0134682659730579,-13.468265973057967,-9.745377491068218
7.9663,8.042583386479885,0.0097679069260416,-0.0132779817809085,-13.27798178090856,-9.587372833885173
7.97636,8.042583386479885,0.010153368545579,-0.0131429536858141,-13.142953685814147,-9.503003617843763
7.98658,8.042583386479885,0.0108098754350887,-0.0130073862599101,-13.007386259910117,-9.423242071027625
7.99672,8.042583386479885,0.0108831711928904,-0.0128666585727334,-12.866658572733478,-9.33580107550271
8.01615,8.042583386479885,0.0101889427103058,-0.0126355072039292,-12.635507203929288,-9.177813871612182
8.02637,8.042583386479885,0.0108954795131372,-0.0125487879963889,-12.548787996388958,-9.09803487150352
8.03642,8.042583386479885,0.0113197627130802,-0.0124507142523809,-12.450714252380973,-9.01212976572036
8.04664,8.042583386479885,0.0118479356294124,-0.0122586462562831,-12.25864625628311,-8.930832329162465
8.0567,8.042583386479885,0.010968833501771,-0.0121002989756667,-12.100298975666735,-8.847999002862814
8.07628,8.042583386479885,0.0110587103040961,-0.0118722105543523,-11.872210554352325,-8.688458455938012
8.08634,8.042583386479885,0.012249697267046,-0.0117368308977697,-11.73683089776974,-8.607161019380117
8.09656,-8.263780343577482,0.0102725170770577,-0.0116120460420649,-11.61204604206497,-8.642451576855441
8.10662,-8.263780343577482,0.0055757336385931,-0.011566511075116,-11.566511075116082,-8.725284903155092
8.12594,-8.263780343577482,0.0013585387168,-0.0114431317083769,-11.443131708376926,-8.880217780854629
8.13617,-8.263780343577482,3.790163943957455e-05,-0.0113003843820007,-11.300384382000797,-8.96612288663779
8.14622,-8.263780343577482,-0.0005446696150616,-0.0112182529842168,-11.21825298421682,-9.047420323195686
8.15645,-8.263780343577482,0.0001256478930936,-0.0111203234303013,-11.120323430301328,-9.13178953923709
8.1665,-8.263780343577482,-0.0010119213421615,-0.0109792485490161,-10.979248549016118,-9.21462286553674
8.18609,-8.263780343577482,-0.0020474243909974,-0.0108531069865789,-10.853106986578906,-9.374163412461543
8.19614,-0.08473126880694462,-0.0023873517447047,-0.0106934271360145,-10.693427136014568,-9.456996738761196
8.20637,-0.08473126880694462,-0.000291079105164,-0.0107980757626511,-10.798075762651177,-9.45238906953593
8.22579,-0.08473126880694462,0.0001827510476782,-0.010856948879878,-10.856948879878097,-9.449317290052418
8.23601,-0.08473126880694462,0.0005383081711095,-0.0108911012597165,-10.891101259716551,-9.449317290052418
8.24629,-0.08473126880694462,0.0011112147152969,-0.011012094925924,-11.012094925924032,-9.449317290052418
8.26593,-0.08473126880694462,0.0008884300445466,-0.0111603560707203,-11.160356070720384,-9.450853179794176
8.27615,-0.08473126880694462,0.0002769947988924,-0.0112580834851363,-11.258083485136323,-9.449317290052418
8.28621,-0.08473126880694462,-0.0006306567509164,-0.0113519551971735,-11.351955197173544,-9.450853179794176
8.30579,-0.08473126880694462,-0.0008740178193803,-0.011469244701332,-11.469244701332013,-9.449317290052418
8.31586,-0.08473126880694462,-0.0016471964623585,-0.0115393028035105,-11.539302803510582,-9.450853179794176
8.32608,-0.08473126880694462,-0.00171743943413,-0.0115819166424022,-11.581916642402238,-9.449317290052418
8.33613,-0.08473126880694462,-0.001661387214107,-0.0116069717720282,-11.606971772028215,-9.449317290052418
8.35572,-0.08473126880694462,-0.0015582036638101,-0.0116600318978994,-11.660031897899474,-9.449317290052418
8.36577,-0.08473126880694462,0.0,-0.0116735528475578,-11.673552847557808,-9.450853179794176
8.37591,-0.08473126880694462,0.0,-0.0116816654173528,-11.681665417352804,-9.449317290052418
8.39549,-0.08473126880694462,0.0,-0.0116865329592298,-11.686532959229806,-9.449317290052418
8.40555,-0.08473126880694462,0.0,-0.011689453484356,-11.689453484356006,-9.449317290052418
8.41577,-0.08473126880694462,0.0,-0.0116912057994317,-11.691205799431724,-9.450853179794176
8.42584,-0.08473126880694462,0.0,-0.0116922571884771,-11.69225718847716,-9.449317290052418
8.44541,-0.08473126880694462,0.0,-0.0116928880219044,-11.692888021904418,-9.449317290052418
8.45547,-0.08473126880694462,0.0,-0.0116932665219607,-11.693266521960776,-9.449317290052418
8.46569,-0.08473126880694462,0.0,-0.0116934936219945,-11.693493621994588,-9.450853179794176
8.47575,-0.08473126880694462,0.0,-0.0116936298820148,-11.693629882014877,-9.450853179794176
8.49533,-0.08473126880694462,0.0,-0.011693711638027,-11.693711638027048,-9.450853179794176
8.50584,-0.08473126880694462,0.0,-0.0116937606916343,-11.69376069163435,-9.450853179794176
8.52562,-0.08473126880694462,0.0,-0.0116937901237987,-11.693790123798737,-9.450853179794176
8.53567,-0.08473126880694462,0.0,-0.0116938077830973,-11.693807783097364,-9.449317290052418
8.55526,-0.08473126880694462,0.0,-0.0116938183786765,-11.69381837867654,-9.450853179794176
8.56531,-0.08473126880694462,0.0,-0.011693824736024,-11.693824736024046,-9.449317290052418
8.57554,-0.04094583030366256,-8.715679561424458e-06,-0.0116938820472736,-11.693882047273698,-9.449317290052418
8.58559,-0.04094583030366256,3.786356389889229e-05,-0.011693634619892,-11.693634619892032,-9.450853179794176
8.60519,-0.04094583030366256,-1.7901455189315196e-05,-0.0116939250018663,-11.693925001866369,-9.450853179794176
8.61523,-0.04094583030366256,1.1478885559662283e-05,-0.0116938195611313,-11.693819561131331,-9.450853179794176
8.62546,-0.04094583030366256,-1.679868255772833e-05,-0.0116939285558104,-11.69392855581046,-9.449317290052418
8.63551,-0.04094583030366256,-7.795113879776354e-05,-0.0116943608876713,-11.69436088767135,-9.449317290052418
8.6551,-0.04094583030366256,-0.0001221081678904,-0.0116955855008263,-11.695585500826317,-9.449317290052418
8.66515,-0.04094583030366256,-0.0001546396755972,-0.0116958174865577,-11.695817486557765,-9.449317290052418
8.67538,-0.04094583030366256,-0.0001478913875989,-0.0116959319580898,-11.695931958089862,-9.449317290052418
8.68543,-0.04094583030366256,-0.0002030140563351,-0.0116963170584317,-11.696317058431742,-9.449317290052418
8.70502,-0.04094583030366256,-0.0001612901516347,-0.0116972197483194,-11.697219748319482,-9.450853179794176
8.71507,-0.04094583030366256,-0.0001550215909823,-0.0116968003380034,-11.696800338003436,-9.449317290052418
8.7253,7.904890708685015,-0.0001760416874169,-0.0116966944554975,-11.69669445549755,-9.40943651664435
8.73535,7.904890708685015,0.0032555119489423,-0.0116759196450645,-11.67591964506453,-9.3266031903447
8.75494,7.904890708685015,0.0048517622026886,-0.0116260578829264,-11.62605788292644,-9.168598533161653
8.76549,7.904890708685015,0.0060267867858692,-0.0116150188782194,-11.615018878219432,-9.08269342737849
8.78527,7.904890708685015,0.0045552331259323,-0.0115924835290112,-11.592483529011211,-8.918562664520945
8.79532,7.904890708685015,0.0045940289450085,-0.0116053218316864,-11.605321831686451,-8.834193448479539
8.81491,7.904890708685015,0.0043504203760517,-0.0115895919667298,-11.589591966729884,-8.677724681038248
8.82496,7.904890708685015,0.0046906082441614,-0.0116030045211437,-11.603004521143754,-8.591819575255085
8.8352,7.904890708685015,0.0055265789286368,-0.0115013258156037,-11.501325815603716,-8.5135939181807
8.84524,7.904890708685015,0.0053051610921764,-0.0114423156027979,-11.442315602797969,-8.429224702139294
8.86483,7.904890708685015,0.0053828233151136,-0.0113359579441115,-11.33595794411152,-8.274291824439757
8.87488,7.904890708685015,0.0054709678423573,-0.0111835027695268,-11.183502769526807,-8.19299438788186
8.88511,7.904890708685015,0.0060959206062992,-0.0110876028401839,-11.08760284018393,-8.108625171840455
8.89515,7.904890708685015,0.0067556100376217,-0.0109871437322166,-10.987143732216609,-8.038061510182326
8.91444,7.904890708685015,0.0076779912580334,-0.0107201385267766,-10.720138526776664,-7.880056852999279
8.92466,7.904890708685015,0.0080137870867593,-0.0105996599319171,-10.599659931917182,-7.801831195924892
8.93472,7.904890708685015,0.0084824411962515,-0.0104708081426143,-10.470808142614333,-7.722052195816231
8.94494,7.904890708685015,0.009255309559575,-0.0103284833516092,-10.328483351609243,-7.640754759258336
8.955,7.904890708685015,0.0097383837027187,-0.0102063760495415,-10.206376049541534,-7.56560088166746
8.97458,7.904890708685015,0.010700388624282,-0.0100364542996401,-10.036454299640132,-7.412186440417159
8.98464,7.904890708685015,0.010581734909462,-0.0099071478019468,-9.90714780194688,-7.337032562826282
8.99486,7.904890708685015,0.0103486852774624,-0.0097853819864245,-9.785381986424577,-7.260325342201131
9.00493,7.598727265897187,0.0104225581206003,-0.0096483923502812,-9.648392350281222,-7.177492015901481
9.02442,7.598727265897187,0.0089328299880341,-0.0094801160201813,-9.480116020181338,-7.030238586910719
9.03464,7.598727265897187,0.009225298882175,-0.0093626260144692,-9.362626014469283,-6.953531366285569
9.0447,7.598727265897187,0.0090769987769193,-0.0092394076194274,-9.239407619427478,-6.876841598952938
9.05492,7.598727265897187,0.0089280865719417,-0.0091308332185063,-9.130833218506377,-6.800134378327788
9.07434,7.598727265897187,0.0090446963465896,-0.008980361701328,-8.980361701328015,-6.649809169853515
9.08457,7.598727265897187,0.0090872635126515,-0.0088901398241902,-8.890139824190275,-6.570047623037374
9.09462,7.598727265897187,0.0098814199465454,-0.0088074242864603,-8.807424286460344,-6.491804512670468
9.10484,7.598727265897187,0.0095008282133743,-0.0087194807313192,-8.719480731319235,-6.4151147453378385
9.12426,7.598727265897187,0.0096717644982144,-0.0085627281316852,-8.562728131685247,-6.263236193829291
9.13448,7.598727265897187,0.0099550163942796,-0.0084757326806098,-8.475732680609848,-6.1880823162384155
9.14562,7.598727265897187,0.009098204393094,-0.0083791720416324,-8.379172041632417,-6.105248989938764
9.16442,7.598727265897187,0.0082783845688884,-0.0082242526896856,-8.224252689685642,-5.957978107655483
9.17465,7.598727265897187,0.0084741767055776,-0.0081132065855711,-8.113206585571168,-5.881288340322852
9.1847,7.598727265897187,0.0087100537681284,-0.008006431679323,-8.006431679323082,-5.799973450472437
9.20428,7.598727265897187,0.0080380711176085,-0.0078558619696078,-7.855861969607894,-5.651184131739919
9.21434,7.598727265897187,0.0089925890801778,-0.007761077004882,-7.761077004882026,-5.571422584923779
9.22456,7.598727265897187,0.0091532829595187,-0.0076627172464502,-7.662717246450257,-5.494715364298628
9.23462,1.6443253124407926,0.0089534825405305,-0.0075661459857079,-7.566145985707904,-5.450226921665292
9.2542,1.6443253124407926,0.0046412479051256,-0.0074631259387892,-7.463125938789233,-5.451762811407048
9.26426,1.6443253124407926,0.0038582423233799,-0.0073730907660988,-7.373090766098893,-5.450226921665292
9.27449,1.6443253124407926,0.0033213441484781,-0.0073219716027652,-7.321971602765249,-5.450226921665292
9.28454,1.6443253124407926,0.0028731538495939,-0.0072547212812589,-7.254721281258947,-5.450226921665292
9.30413,1.6443253124407926,0.0022663933731623,-0.0071257767860072,-7.125776786007216,-5.450226921665292
9.31418,1.6443253124407926,0.0027677244214602,-0.00697907966595,-6.979079665950074,-5.450226921665292
9.3244,1.6443253124407926,0.0033444639442762,-0.0068277823450062,-6.827782345006255,-5.450226921665292
9.33446,1.6443253124407926,0.0034091922531635,-0.0066427890449871,-6.642789044987162,-5.450226921665292
9.35404,-7.633120658870633,0.0038570290828529,-0.0065070585717504,-6.507058571750445,-5.450226921665292
9.3641,-7.633120658870633,0.0003765432789414,-0.006468659850242,-6.46865985024208,-5.517736257132433
9.37433,-7.633120658870633,-0.0025691595069079,-0.0064636629336221,-6.463662933622152,-5.597497803948574
9.38438,-7.633120658870633,-0.0042137142768491,-0.0064703039796861,-6.470303979686194,-5.677259350764715
9.3948,-7.633120658870633,-0.0047362163973629,-0.0064784907351515,-6.478490735151532,-5.75243068164811
9.41365,-7.633120658870633,-0.0057520983622773,-0.0065188481959917,-6.518848195991781,-5.9042917798641374
9.42387,-7.633120658870633,-0.0068766078626766,-0.0065201737994325,-6.520173799432507,-5.979463110747534
9.43393,-7.633120658870633,-0.0076395946532409,-0.0065249143954099,-6.524914395409967,-6.059224657563674
9.44415,-7.633120658870633,-0.0085306870862471,-0.0065339563328823,-6.533956332882354,-6.1343959884470705
9.45422,-7.633120658870633,-0.0084655135972181,-0.0065382199553073,-6.5382199553073015,-6.217229314746721
9.47379,-7.633120658870633,-0.0092834869077578,-0.0066481863440993,-6.648186344099307,-6.366018633479237
9.48385,-7.633120658870633,-0.0096243015540193,-0.006787127121335,-6.787127121335014,-6.441189964362633
9.49407,-7.633120658870633,-0.0094027687977005,-0.0068700570817638,-6.870057081763872,-6.520951511178774
9.50413,-7.633120658870633,-0.009808186168674,-0.0069709096366883,-6.9709096366883285,-6.59917716825316
9.52349,-7.633120658870633,-0.0105630451714003,-0.0072485247408235,-7.248524740823527,-6.744912160794686
9.53372,-7.633120658870633,-0.0105081792565073,-0.0074262628781788,-7.426262878178841,-6.826209597352582
9.54378,-7.633120658870633,-0.0110430609732164,-0.0075350624723499,-7.535062472349917,-6.899845038494223
9.554,-7.633120658870633,-0.0114492756792489,-0.0076336233584157,-7.633623358415709,-6.979606585310363
9.56406,-7.633120658870633,-0.0118298706579846,-0.0077435081761021,-7.743508176102148,-7.05477791619376
9.58364,-7.633120658870633,-0.0126955059318599,-0.0079416859308525,-7.941685930852507,-7.206639014409786
9.5937,-7.633120658870633,-0.0128710447721407,-0.0080287755224362,-8.02877552243628,-7.286400561225928
9.60392,-7.633120658870633,-0.0126742282053046,-0.0081206981346732,-8.120698134673265,-7.361571892109322
9.61397,-7.633120658870633,-0.0116562358463948,-0.0082229255965568,-8.222925596556868,-7.441333438925464
9.63356,-7.633120658870633,-0.0112568834432603,-0.0083760184666576,-8.376018466657664,-7.5901402109505
9.6437,-7.633120658870633,-0.01103789744954,-0.0084324454359413,-8.432445435941398,-7.666829978283131
9.65376,-7.633120658870633,-0.010481226275891,-0.0085466469781048,-8.546646978104802,-7.751199194324537
9.67334,-7.633120658870633,-0.0108448440744783,-0.0087090385369208,-8.709038536920858,-7.901541856091328
9.6834,-7.633120658870633,-0.0109325577842269,-0.0087946073080296,-8.794607308029654,-7.97823162342396
9.69362,-7.633120658870633,-0.0106927682980384,-0.0089000328668554,-8.90003286685548,-8.059529059981855
9.70369,-7.633120658870633,-0.0106776480929922,-0.0090068296274237,-9.006829627423754,-8.14084394983227
9.72326,-7.633120658870633,-0.0101473404693872,-0.0091949136090871,-9.19491360908714,-8.294240937790052
9.73332,-7.633120658870633,-0.0099020554748366,-0.0092979328783602,-9.297932878360278,-8.37861015383146
9.74354,-0.8268168805920372,-0.0102987650142741,-0.0093631276601455,-9.363127660145564,-8.456835810905844
9.7536,-0.8268168805920372,-0.0074145178695732,-0.0093838465320099,-9.383846532009962,-8.4583717006476
9.76369,-0.8268168805920372,-0.0050328993585129,-0.0094464081867709,-9.44640818677098,-8.456835810905844
9.7832,-0.8268168805920372,-0.0031798804685537,-0.0095749349345509,-9.574934934550948,-8.456835810905844
9.79326,-0.8268168805920372,-0.002443174687602,-0.0096295743048684,-9.6295743048684,-8.45529992116409
9.80348,-0.8268168805920372,-0.0025940394251966,-0.0097130677196203,-9.713067719620346,-8.456835810905844
9.81353,-0.8268168805920372,-0.0025866298159106,-0.0098124046417266,-9.81240464172668,-8.456835810905844
9.83312,-0.8268168805920372,-0.0024554474606929,-0.0099695059935284,-9.969505993528422,-8.456835810905844
9.84317,-0.8268168805920372,-0.0025719202918621,-0.0100751892271266,-10.075189227126684,-8.456835810905844
9.8534,-0.8268168805920372,-0.0026324410122658,-0.0101392484108589,-10.139248410858997,-8.456835810905844
9.86345,-0.8268168805920372,-0.0028944096682763,-0.0101789792884648,-10.178979288464802,-8.45529992116409
9.88304,0.16730401289796512,-0.0024559977290163,-0.0102142323220354,-10.214232322035436,-8.45529992116409
9.89318,0.16730401289796512,-0.0023940592014767,-0.0102210818010527,-10.221081801052744,-8.456835810905844
9.90324,0.16730401289796512,-0.0022247366709707,-0.0102240545428273,-10.224054542827329,-8.456835810905844
9.91346,0.16730401289796512,-0.0020915199276081,-0.0102252348775421,-10.225234877542189,-8.456835810905844
9.93287,0.16730401289796512,-0.0016339020292946,-0.0102321463012081,-10.232146301208177,-8.456835810905844
9.9431,0.16730401289796512,-0.0012991678402507,-0.010225239024578,-10.225239024578064,-8.456835810905844
9.95315,0.16730401289796512,-0.0012290029041961,-0.0102205312539088,-10.22053125390884,-8.456835810905844
9.97274,0.16730401289796512,-0.0012578480227012,-0.0102250804496538,-10.225080449653833,-8.456835810905844
9.98279,0.16730401289796512,-0.0012129855449269,-0.0102203395242779,-10.220339524277907,-8.456835810905844
9.99302,0.16730401289796512,-0.0010451606699956,-0.0102165958624088,-10.216595862408877,-8.456835810905844
10.01296,0.16730401289796512,-0.0009576329363738,-0.0102193915895458,-10.219391589545802,-8.45529992116409
10.02343,0.16730401289796512,-0.0007388677957187,-0.0102142534728698,-10.214253472869885,-8.456835810905844
10.04306,-0.031404490648794824,-0.0004697012380227,-0.010212061176553,-10.212061176553062,-8.45529992116409
10.063,-0.031404490648794824,-0.0003320434475982,-0.0102091862253886,-10.209186225388605,-8.456835810905844
10.08293,-0.031404490648794824,-0.0002081969164903,-0.0102059783056102,-10.205978305610252,-8.456835810905844
10.10286,-0.031404490648794824,-0.0003837270384932,-0.0102061525429421,-10.206152542942151,-8.456835810905844
10.1228,-0.031404490648794824,-0.0003982346680216,-0.0102064329569832,-10.206432956983203,-8.456835810905844
10.14273,-0.031404490648794824,-0.0003753910148714,-0.0102063256515954,-10.206325651595453,-8.456835810905844
10.16266,-0.031404490648794824,-0.0003548317270362,-0.0102060154203988,-10.20601542039887,-8.456835810905844
10.1826,-0.031404490648794824,-0.0003363368877103,-0.0102056101384135,-10.205610138413586,-8.456835810905844
10.20253,-0.031404490648794824,-0.0003196830125912,-0.0102051658041624,-10.205165804162416,-8.456835810905844
10.21292,-0.031404490648794824,-0.0004087787065074,-0.0102036247606035,-10.203624760603516,-8.456835810905844
10.23241,-0.031404490648794824,-0.0005248337815704,-0.0102062892142534,-10.206289214253491,-8.456835810905844
10.24281,-0.0,0.0,-0.0102017504802017,-10.201750480201794,-8.456835810905844
10.26275,-0.0,0.0,-0.0101990272397707,-10.199027239770777,-8.456835810905844
10.28268,-0.0,0.0,-0.0101973932955121,-10.197393295512164,-8.456835810905844
10.30261,-0.0,0.0,-0.0101964129289569,-10.196412928956995,-8.45529992116409
10.32255,-0.0,0.0,-0.0101958247090238,-10.195824709023896,-8.456835810905844
10.34248,-0.0,0.0,-0.010195471777064,-10.195471777064038,-8.456835810905844
10.36241,-0.0,0.0,-0.0101952600178881,-10.19526001788812,-8.456835810905844
10.38235,-0.0,0.0,-0.0101951329623825,-10.195132962382573,-8.45529992116409
10.40228,-0.0,0.0,-0.0101950567290792,-10.195056729079242,-8.4583717006476
10.42221,-0.0,0.0,-0.0101950109890972,-10.195010989097243,-8.456835810905844
10.44215,-0.0,0.0,-0.010194983545108,-10.194983545108045,-8.456835810905844
10.46208,-0.0,0.0,-0.0101949670787145,-10.194967078714525,-8.4583717006476
10.47248,-0.0,0.0,-0.0101949571988784,-10.194957198878416,-8.456835810905844
10.49243,0.0026263347539965823,0.0001096547846673,-0.0101936387032042,-10.19363870320428,-8.456835810905844
10.51235,0.0026263347539965823,0.0001723231964548,-0.0101921005667282,-10.192100566728236,-8.456835810905844
10.53228,0.0026263347539965823,0.000228761731868,-0.0101905017588969,-10.190501758896964,-8.456835810905844
10.55221,0.0026263347539965823,-7.435586260143726e-06,-0.0101923669217283,-10.192366921728375,-8.456835810905844
10.57214,0.0026263347539965823,-0.0001123911725754,-0.0101947410783283,-10.194741078328382,-8.456835810905844
10.58217,0.0026263347539965823,-0.0001001843565603,-0.0101954245081045,-10.195424508104509,-8.456835810905844
10.60199,0.0026263347539965823,1.8774321306517708e-05,-0.0101950083922834,-10.195008392283428,-8.456835810905844
10.62193,0.0026263347539965823,1.8820709038845753e-05,-0.0101947568160568,-10.194756816056811,-8.456835810905844
10.64186,0.0026263347539965823,-1.7012506806401275e-05,-0.0101950344768401,-10.195034476840178,-8.456835810905844
10.66179,0.0026263347539965823,-0.0002645064010671,-0.0101981606052977,-10.198160605297764,-8.45529992116409
10.68173,0.0026263347539965823,-0.0003796999410974,-0.0102014160449236,-10.201416044923644,-8.456835810905844
10.70166,0.0026263347539965823,-0.000447429091929,-0.0102041769356851,-10.204176935685174,-8.456835810905844
10.71206,0.0026263347539965823,-0.0003642427862178,-0.0102027559880468,-10.202755988046802,-8.456835810905844
10.73199,0.0026263347539965823,-0.0002541476525374,-0.0102026696421068,-10.20266964210682,-8.456835810905844
10.75193,0.0026263347539965823,-0.0004062690674207,-0.0102044393400364,-10.204439340036416,-8.456835810905844
10.77195,0.0026263347539965823,-0.0005078546223809,-0.0102067409053955,-10.206740905395588,-8.456835810905844
10.79188,0.0026263347539965823,-0.0007780123050841,-0.0102113249660312,-10.211324966031247,-8.4583717006476
10.81181,0.0026263347539965823,-0.0009852802195171,-0.0102165539121334,-10.216553912133437,-8.45529992116409
10.83175,0.0026263347539965823,-0.0010642883777024,-0.0102206424450805,-10.220642445080593,-8.456835810905844
10.85168,-0.001641984698196455,-0.0012070546848735,-0.0102247963786197,-10.224796378619772,-8.45529992116409
10.87161,-0.001641984698196455,-0.0013714183613275,-0.0102292541995863,-10.229254199586316,-8.456835810905844
10.89155,-0.001641984698196455,-0.0013759207053318,-0.01023199098672,-10.23199098672008,-8.456835810905844
10.91148,-0.001641984698196455,-0.0014875237797399,-0.0102349593530398,-10.234959353039876,-8.456835810905844
10.93141,-0.00197490762519277,-0.0015520925467073,-0.0102375124861471,-10.237512486147152,-8.456835810905844
10.95135,-0.00197490762519277,-0.0016103114721736,-0.010239750209791,-10.239750209791076,-8.456835810905844
10.96151,-0.00197490762519277,-0.0015946040837422,-0.0102315477840188,-10.231547784018836,-8.456835810905844
10.98129,-0.00197490762519277,-0.0017180672923745,-0.0102372956446869,-10.2372956446869,-8.45529992116409
11.00122,-0.00197490762519277,-0.0016878337080784,-0.010240537453943,-10.240537453943045,-8.456835810905844
11.02117,-0.00197490762519277,-0.0015530355526033,-0.0102408892595801,-10.240889259580186,-8.456835810905844
11.04109,-0.001783462498260818,-0.0013240981070886,-0.0102383361279737,-10.238336127973737,-8.456835810905844
11.06102,-0.001783462498260818,-0.0011897654413211,-0.0102352058435812,-10.235205843581255,-8.456835810905844
11.07144,-0.001783462498260818,-0.001069783571062,-0.0102257887446847,-10.225788744684731,-8.456835810905844
11.09136,-0.001783462498260818,-0.0009967393237015,-0.0102253632268574,-10.22536322685742,-8.456835810905844
11.11129,-0.001783462498260818,-0.0010386385362727,-0.0102256149273808,-10.2256149273809,-8.456835810905844
11.13122,-0.001783462498260818,-0.0012198438275868,-0.0102279328005685,-10.22793280056852,-8.456835810905844
11.17106,-0.001783462498260818,-0.0010940156643195,-0.0102408879824307,-10.240887982430706,-8.456835810905844
11.18124,-0.001783462498260818,-0.0008920119270649,-0.0102279581499586,-10.227958149958637,-8.4583717006476
11.20116,-0.001783462498260818,-0.0005140408441041,-0.0102208956577936,-10.220895657793612,-8.456835810905844
11.22109,-0.001783462498260818,-0.000245469904635,-0.0102134496754454,-10.21344967544549,-8.456835810905844
11.24102,-0.001783462498260818,-0.0002190000591129,-0.0102086655596238,-10.208665559623867,-8.456835810905844
11.26096,-0.001783462498260818,-0.0001233922333386,-0.0102046525521036,-10.204652552103685,-8.456835810905844
11.28089,-0.001783462498260818,-0.0001091301549461,-0.0102020734613047,-10.202073461304757,-8.456835810905844
11.30082,-0.001783462498260818,-6.04202843929161e-05,-0.0101999435341933,-10.199943534193324,-8.456835810905844
11.32075,-0.001783462498260818,5.516659910500971e-05,-0.0101972833899735,-10.197283389973595,-8.456835810905844
11.34069,-0.001783462498260818,0.0001233577590574,-0.0101948711334044,-10.19487113340449,-8.456835810905844
11.36071,-0.001783462498260818,0.0001850255214494,-0.0101926771051287,-10.19267710512874,-8.456835810905844
11.38064,-0.001783462498260818,0.0002760678243631,-0.0101902819956832,-10.190281995683208,-8.456835810905844
11.40059,-0.001783462498260818,0.0001785658265941,-0.0101900087161152,-10.190008716115292,-8.45529992116409
11.42051,0.05870713044999897,5.506313418903704e-05,-0.010191324066739,-10.191324066739046,-8.456835810905844
11.44044,0.05870713044999897,-0.0001996383241712,-0.0101951586667735,-10.195158666773564,-8.456835810905844
11.46038,0.05870713044999897,-0.0002136426718911,-0.0101976281726403,-10.197628172640345,-8.456835810905844
11.48031,0.05870713044999897,-0.0003338515496433,-0.0102005460520645,-10.20054605206454,-8.456835810905844
11.49071,0.05870713044999897,-0.0002994629981607,-0.0102001732319969,-10.200173231996946,-8.45529992116409
11.51064,0.05870713044999897,-0.000375215843286,-0.0102025677219018,-10.20256772190188,-8.45529992116409
11.53057,0.0,0.0,-0.0101995175847908,-10.19951758479083,-8.456835810905844
11.54097,0.0,0.0,-0.0101976875025241,-10.197687502524197,-8.456835810905844
11.5598,0.0,0.0,-0.0101965894531642,-10.196589453164217,-8.456835810905844
11.5702,0.0,0.0,-0.0101959306235482,-10.195930623548229,-8.456835810905844
11.59013,0.0,0.0,-0.0101955353257786,-10.195535325778636,-8.456835810905844
11.60053,0.0,0.0,-0.0101952981471168,-10.19529814711688,-8.456835810905844
11.62047,0.0,0.0,-0.0101951558399198,-10.195155839919826,-8.456835810905844
11.6404,0.0,0.0,-0.0101950704556015,-10.195070455601597,-8.456835810905844
11.66033,0.0,0.0,-0.0101950192250106,-10.195019225010656,-8.456835810905844
11.68027,0.0,0.0,-0.010194988486656,-10.194988486656092,-8.456835810905844
11.70021,0.0,0.0,-0.0101949700436433,-10.194970043643352,-8.456835810905844
11.72005,0.0,0.0,-0.0101949589778357,-10.194958977835713,-8.456835810905844
11.73998,0.0,0.0,-0.0101949523383511,-10.194952338351126,-8.456835810905844
11.75991,0.0,0.0,-0.0101949483546603,-10.194948354660372,-8.456835810905844
11.77985,-0.21626751158844737,-6.011822333987382e-05,-0.0101956652188699,-10.19566521886996,-8.456835810905844
11.79978,-0.21626751158844737,2.93015252145893e-05,-0.0101950256953331,-10.19502569533316,-8.456835810905844
11.81971,-0.21626751158844737,0.0001097792989136,-0.0101936796279931,-10.193679627993186,-8.456835810905844
11.83011,-0.21626751158844737,0.0001048858262572,-0.0101935302408897,-10.193530240889766,-8.456835810905844
11.85005,-0.21626751158844737,7.017102029162492e-05,-0.0101932555700967,-10.19325557009679,-8.456835810905844
11.86998,-0.21626751158844737,0.0001465618444829,-0.0101921777071714,-10.192177707171446,-8.456835810905844
11.88991,-0.21626751158844737,0.0002870615862551,-0.0101898508935041,-10.18985089350413,-8.456835810905844
11.90033,-0.21626751158844737,0.0002644515857438,-0.0101902341364381,-10.190234136438104,-8.45529992116409
11.91998,-0.21626751158844737,0.0002141325410797,-0.0101895928108532,-10.189592810853233,-8.4583717006476
11.93991,-0.21626751158844737,0.0001678967986284,-0.0101897249282436,-10.189724928243638,-8.456835810905844
11.95984,-0.21626751158844737,5.336785700440149e-05,-0.0101911737357618,-10.191173735761824,-8.456835810905844
11.97978,-0.21626751158844737,-0.0001340645110629,-0.0101942851409171,-10.19428514091715,-8.45529992116409
11.99971,-0.21626751158844737,-0.0002912307860773,-0.0101980305739399,-10.1980305739399,-8.456835810905844
12.01964,-0.21626751158844737,-0.0003122648745062,-0.0102005293593829,-10.200529359382983,-8.456835810905844
12.03958,7.881887432540602,0.0074441457899055,-0.010109232807049,-10.10923280704906,-8.381664480022447
12.05951,7.881887432540602,0.0106619955263117,-0.0100160204933755,-10.016020493375509,-8.222141386390167
12.07944,7.881887432540602,0.0115088003746834,-0.0099499670127945,-9.949967012794534,-8.065672618948875
12.08967,7.881887432540602,0.0115660355379226,-0.0099769648331946,-9.97696483319465,-7.985911072132735
12.10922,7.881887432540602,0.0110014021449352,-0.0099351094044063,-9.935109404406395,-7.827906414949688
12.11962,7.881887432540602,0.011027042778373,-0.0099702338473564,-9.970233847356496,-7.748144868133546
12.13956,7.881887432540602,0.0107801043012929,-0.0098270887872398,-9.82708878723981,-7.593211990434011
12.15949,7.881887432540602,0.0111599407129918,-0.0096772641737198,-9.67726417371987,-7.438279112734474
12.17942,7.881887432540602,0.0114811348200944,-0.0094646082179459,-9.4646082179459,-7.283346235034937
12.19936,7.881887432540602,0.0108436916438471,-0.0092702469100024,-9.27024691000243,-7.1345394630099
12.21929,7.881887432540602,0.0115343165403424,-0.0090512914189549,-9.051291418954904,-6.979606585310363
12.23922,7.881887432540602,0.011631836113118,-0.0089187519852751,-8.918751985275152,-6.826209597352582
12.25916,7.881887432540602,0.0113087939603736,-0.0088033832941896,-8.803383294189622,-6.675884388878311
12.27917,7.881887432540602,0.011784273907575,-0.0086635633091591,-8.663563309159173,-6.520951511178774
12.29911,7.881887432540602,0.0127016446019094,-0.0085146856749154,-8.514685674915425,-6.366018633479237
12.31904,0.0,0.0031073235724938,-0.0084856590353639,-8.485659035363959,-6.281649417437831
12.33897,0.0,-7.131152255376882e-05,-0.0084021978651365,-8.402197865136543,-6.283185307179586
12.35891,0.0,-0.0014756119185364,-0.0083144174810641,-8.31441748106418,-6.283185307179586
12.37884,0.0,-0.0017733157616683,-0.0081463799909761,-8.146379990976147,-6.281649417437831
12.39878,0.0,-0.0014182555581843,-0.0079471749206244,-7.947174920624408,-6.281649417437831
12.41871,0.0,-0.0014958281163477,-0.007873166112229,-7.873166112229011,-6.281649417437831
12.42911,0.0,-0.0008593121169968,-0.0078162358221865,-7.816235822186545,-6.281649417437831
12.44904,0.0,-0.0011309270402401,-0.0077902391660981,-7.790239166098199,-6.281649417437831
12.4595,0.0,-0.0009471411797181,-0.0078017469065962,-7.80174690659628,-6.281649417437831
12.47827,0.049920006520788034,-0.0011649133328635,-0.0078158265468059,-7.815826546805928,-6.283185307179586
12.48866,0.049920006520788034,-0.0010737160213736,-0.0078178486226542,-7.817848622654251,-6.283185307179586
12.5086,0.049920006520788034,-0.0014352477567216,-0.0078295396266474,-7.82953962664742,-6.281649417437831
12.52853,0.049920006520788034,-0.0013771370786464,-0.0078358507300683,-7.835850730068357,-6.281649417437831
12.54847,0.049920006520788034,-0.0011566028875304,-0.0078370071838808,-7.837007183880877,-6.281649417437831
12.5684,0.049920006520788034,-0.0009584342847857,-0.0078353244163994,-7.835324416399445,-6.281649417437831
12.57882,0.049920006520788034,-0.0007388934484979,-0.0078274733605731,-7.827473360573126,-6.281649417437831
12.59873,0.049920006520788034,-0.0007561130211203,-0.0078271756913876,-7.82717569138763,-6.283185307179586
12.61867,0.049920006520788034,-0.0007590171363316,-0.0078270454447451,-7.8270454447450994,-6.281649417437831
12.63869,0.049920006520788034,-0.0005872519795163,-0.0078249404865184,-7.82494048651846,-6.281649417437831
12.65862,0.049920006520788034,-0.0007321108553442,-0.0078253780224127,-7.825378022412732,-6.281649417437831
12.67855,0.049920006520788034,-0.0009701058435892,-0.0078284864880187,-7.82848648801873,-6.283185307179586
12.69849,0.049920006520788034,-0.0009332134825702,-0.0078299160078101,-7.829916007810158,-6.281649417437831
12.71842,0.049920006520788034,-0.0008641062080927,-0.0078299417356159,-7.829941735615919,-6.281649417437831
12.73835,0.049920006520788034,-0.0007301616610629,-0.0078283554634059,-7.828355463405993,-6.281649417437831
12.75829,0.049920006520788034,-0.0005742952832026,-0.0078255432957052,-7.825543295705284,-6.281649417437831
12.77822,0.049920006520788034,-0.0003565297341463,-0.0078212485088775,-7.821248508877543,-6.281649417437831
12.79817,0.049920006520788034,-0.0003511312701017,-0.007818611295523,-7.818611295523096,-6.281649417437831
12.81808,0.049920006520788034,-0.0003099788548808,-0.0078165289336077,-7.816528933607714,-6.281649417437831
12.82848,0.049920006520788034,-0.0002923266776234,-0.0078134006275264,-7.813400627526449,-6.281649417437831
12.84808,7.318758104384007,0.0006993884045265,-0.007801474717772,-7.80147471777209,-6.1850105367549055
12.86801,7.318758104384007,0.0010796723889461,-0.0077896332571296,-7.789633257129687,-6.033149438538878
12.88795,7.318758104384007,0.0039632433556772,-0.0077480228596639,-7.748022859663939,-5.876680671097587
12.90788,7.318758104384007,0.0033211842887322,-0.0077307581429671,-7.730758142967153,-5.727891352365071
12.92782,7.318758104384007,0.0039104541631556,-0.0077133293610657,-7.713329361065748,-5.571422584923779
12.93821,7.318758104384007,0.0035990109627909,-0.0077272205311908,-7.727220531190862,-5.490125148365882
12.95815,7.318758104384007,0.0030568090469546,-0.007617364499207,-7.617364499207087,-5.335192270666346
12.97808,7.318758104384007,0.0044016762325132,-0.0074957471828897,-7.495747182889768,-5.18025939296681
12.99801,7.318758104384007,0.0042673420225504,-0.0073005077985307,-7.300507798530784,-5.025326515267273
13.01739,7.318758104384007,0.0051591879654886,-0.0070852117447613,-7.085211744761397,-4.878055632983992
13.02779,0.6423111980692509,0.0021533289427802,-0.0069431282032948,-6.943128203294882,-4.862714188858962
13.04773,0.6423111980692509,-0.0007644071952728,-0.0067615398701728,-6.761539870172889,-4.861178299117206
13.06766,0.6423111980692509,-0.0012609065363047,-0.006608969277756,-6.608969277756052,-4.861178299117206
13.08759,0.6423111980692509,-0.0009420511509118,-0.0064095587446443,-6.409558744644306,-4.861178299117206
13.10753,0.6423111980692509,-0.0006410914663185,-0.0062169471921089,-6.216947192108946,-4.861178299117206
13.12746,0.6423111980692509,-0.0001863832501379,-0.0059571986065723,-5.957198606572357,-4.861178299117206
13.13786,0.6423111980692509,0.0005231312822253,-0.0057958563451441,-5.795856345144168,-4.861178299117206
13.15779,0.6423111980692509,0.0006090211932233,-0.0057594478408464,-5.759447840846466,-4.861178299117206
13.17773,0.6423111980692509,0.0007794915617322,-0.0057355595766518,-5.735559576651846,-4.861178299117206
13.19775,0.6423111980692509,0.0011851814106141,-0.0057163160560753,-5.716316056075342,-4.859642409375452
13.21768,0.6423111980692509,0.000778211579347,-0.0057097004887679,-5.709700488767902,-4.859642409375452
13.23763,-7.615730461194502,0.0006151102924614,-0.0057076741322485,-5.707674132248508,-4.867321858084226
13.25755,-7.615730461194502,-0.0030954795181876,-0.005750818359739,-5.750818359739016,-5.025326515267273
13.27748,-7.615730461194502,-0.0056345931170146,-0.0058070861895252,-5.8070861895252035,-5.181795282708564
13.29741,-7.615730461194502,-0.0055672890752972,-0.005840042065666,-5.8400420656660526,-5.335192270666346
13.31735,-7.615730461194502,-0.0072522845852022,-0.0058800082813655,-5.880008281365522,-5.490125148365882
13.33728,-7.615730461194502,-0.00752025062209,-0.0059071488349467,-5.907148834946798,-5.6450405727729
13.35721,-7.615730461194502,-0.0072818126206669,-0.0060246372304376,-6.024637230437661,-5.796919124281446
13.37715,-7.615730461194502,-0.0088177597026807,-0.0061680551892396,-6.168055189239699,-5.950316112239228
13.38739,-7.615730461194502,-0.0089555838074978,-0.0062630935686159,-6.26309356861595,-6.027005879571859
13.40694,-7.615730461194502,-0.0099238789685934,-0.0064161856912844,-6.416185691284413,-6.1819387572713955
13.41734,-7.615730461194502,-0.0103617711317739,-0.0065306165342769,-6.530616534276945,-6.258645977896546
13.43728,-7.615730461194502,-0.0112295343736172,-0.0067680680278972,-6.768068027897221,-6.413578855596083
13.45721,-7.615730461194502,-0.0113155270279897,-0.0069907800793769,-6.990780079376982,-6.56543995381211
13.47714,5.51331818661032,-0.010928606400537,-0.0073031160507177,-7.303116050717725,-6.668222393462055
13.49708,5.51331818661032,-0.0047248691946082,-0.0075055519546257,-7.505551954625794,-6.520951511178774
13.51702,5.51331818661032,0.0008533801243154,-0.007654420598038,-7.654420598038041,-6.367554523220992
13.53694,5.51331818661032,0.0001654086274577,-0.0077817047471096,-7.781704747109644,-6.217229314746721
13.55688,5.51331818661032,0.0029969800854483,-0.0078787014904682,-7.87870149046826,-6.062296437047184
13.57689,0.3703498011460139,-0.0048003202670449,-0.0079659728625651,-7.965972862565188,-5.977927221005778
13.59683,0.3703498011460139,-0.0075706705444721,-0.0081107387173559,-8.110738717355904,-5.974855441522268
13.61676,0.3703498011460139,-0.0076845865673562,-0.0080205344912147,-8.020534491214796,-5.974855441522268
13.6367,0.3703498011460139,-0.0072130127919885,-0.007960816154401,-7.960816154401043,-5.976391331264024
13.65663,0.3703498011460139,-0.006314899375997,-0.0078101469290444,-7.810146929044498,-5.974855441522268
13.67656,0.3703498011460139,-0.0056863466127437,-0.0076824990727552,-7.682499072755269,-5.976391331264024
13.6965,0.3703498011460139,-0.0044996469307127,-0.0075917468020655,-7.59174680206559,-5.974855441522268
13.71643,0.3703498011460139,-0.0034650101795324,-0.0075248962554995,-7.524896255499583,-5.976391331264024
13.72683,0.3703498011460139,-0.002444071375541,-0.0074586023412165,-7.458602341216505,-5.976391331264024
13.74676,0.3703498011460139,-0.0018255077270642,-0.0074254044086635,-7.425404408663516,-5.974855441522268
13.7581,0.3703498011460139,-0.001361713135921,-0.0073929213239082,-7.392921323908296,-5.974855441522268
13.77594,-0.0,-0.0013329826673429,-0.0073784346233495,-7.378434623349595,-5.974855441522268
13.78634,-0.0,-0.0012879763035568,-0.0073635113286773,-7.3635113286773315,-5.974855441522268
13.80628,-0.0,0.0,-0.0073465203797397,-7.346520379739778,-5.976391331264024
13.82621,-0.0,0.0,-0.0073363258103772,-7.336325810377248,-5.976391331264024
13.83661,-0.0,0.0,-0.0073302090687597,-7.330209068759728,-5.974855441522268
13.85654,-0.0,0.0,-0.0073265390237892,-7.326539023789217,-5.974855441522268
13.87648,-0.0,0.0,-0.0073243369968069,-7.3243369968069105,-5.976391331264024
13.89641,-0.0,0.0,-0.0073230157806175,-7.323015780617526,-5.976391331264024
13.91634,-0.0,0.0,-0.0073222230509038,-7.322223050903895,-5.976391331264024
13.92636,-0.0,0.0,-0.0073217474130757,-7.321747413075716,-5.974855441522268
13.94613,-0.0,0.0,-0.0073214620303788,-7.32146203037881,-5.976391331264024
13.96608,-0.0,0.0,-0.0073212908007606,-7.321290800760665,-5.974855441522268
13.986,-0.0,0.0,-0.0073211880629897,-7.321188062989779,-5.974855441522268
14.00593,-0.0,0.0,-0.0073211264203272,-7.321126420327247,-5.974855441522268
14.02586,-0.0,0.0,-0.0073210894347297,-7.321089434729729,-5.976391331264024
14.03626,-0.0,0.0,-0.0073210672433712,-7.321067243371218,-5.976391331264024
14.0562,-0.0,0.0,-0.0073210539285561,-7.321053928556109,-5.976391331264024
14.07613,-0.0,0.0,-0.007321045939667,-7.321045939667045,-5.976391331264024
14.09606,-0.0,0.0,-0.0073210411463336,-7.321041146333607,-5.974855441522268
14.11591,-0.0,0.0,-0.0073210382703335,-7.321038270333544,-5.976391331264024
14.13584,0.11584038070169773,-0.0001460475643164,-0.0073227829815076,-7.322782981507602,-5.976391331264024
14.15578,0.11584038070169773,-6.221165246436474e-05,-0.007322827671648,-7.322827671648024,-5.976391331264024
14.17573,0.11584038070169773,-5.854461206055284e-05,-0.0073228109645285,-7.322810964528559,-5.976391331264024
14.19564,0.11584038070169773,-5.5239154644802536e-05,-0.0073227600481919,-7.322760048191901,-5.974855441522268
14.21558,0.11584038070169773,-5.2268083759860845e-05,-0.0073226949468026,-7.322694946802623,-5.976391331264024
14.23551,0.11584038070169773,-4.959283970033789e-05,-0.007322623581792,-7.32262358179209,-5.976391331264024
14.24591,0.11584038070169773,-8.5250293324703e-06,-0.0073220409277916,-7.322040927791669,-5.974855441522268
14.26584,0.11584038070169773,-1.022409071568992e-05,-0.0073217603988851,-7.321760398885159,-5.974855441522268
14.28578,0.11584038070169773,2.4137473776330033e-05,-0.0073211810411282,-7.321181041128215,-5.976391331264024
14.29583,0.11584038070169773,2.0437062004293966e-05,-0.0073209989717264,-7.320998971726424,-5.974855441522268
14.31553,0.11584038070169773,1.587123753821865e-05,-0.0073208253675415,-7.320825367541532,-5.976391331264024
14.33546,0.11584038070169773,4.471562001957907e-05,-0.0073203740936741,-7.320374093674104,-5.976391331264024
14.3554,0.11584038070169773,-1.3639391387834986e-05,-0.0073208012204164,-7.320801220416405,-5.976391331264024
14.37533,0.11584038070169773,-6.048682040149624e-05,-0.0073216176161815,-7.321617616181584,-5.976391331264024
14.39526,0.11584038070169773,-6.106795092245188e-05,-0.0073221144027994,-7.322114402799461,-5.976391331264024
14.4152,0.11584038070169773,-7.59233551311484e-05,-0.0073225905712338,-7.322590571233845,-5.974855441522268
14.42561,0.11584038070169773,-9.46674645541072e-05,-0.0073225592182572,-7.322559218257291,-5.976391331264024
14.44553,-7.650524004084552,0.0004252169848325,-0.007316866920085,-7.316866920085036,-6.06688665297993
14.46546,-7.650524004084552,0.000900297358717,-0.0073077679787688,-7.3077679787688625,-6.224891310162977
14.48548,-7.650524004084552,-0.0004996800196222,-0.0073190765261904,-7.319076526190401,-6.376752408379002
14.50542,-7.650524004084552,-0.0011954767935822,-0.007334162182606,-7.334162182606038,-6.530149396336784
14.52535,-7.650524004084552,-0.0015673725977321,-0.0073476535336206,-7.347653533620681,-6.68202794784533
14.54528,-7.650524004084552,-0.0032586408359293,-0.0074701178057408,-7.470117805740841,-6.836960825544867
14.56522,-7.852412831970116,-0.0038931835243594,-0.0075759826621925,-7.5759826621925965,-6.990357813502649
14.58515,-7.852412831970116,-0.0043263155987427,-0.007748712915271,-7.748712915271095,-7.142218911718675
14.60508,-7.852412831970116,-0.0053343081255853,-0.007948639888629,-7.9486398886290734,-7.295615899676457
14.62502,-7.852412831970116,-0.0057638368290201,-0.0081332271341651,-8.13322713416515,-7.449012887634239
14.64495,-7.852412831970116,-0.0057866877038011,-0.0083135883525351,-8.313588352535195,-7.602409875592021
14.66488,-7.852412831970116,-0.0077267653363479,-0.0085341947932841,-8.534194793284176,-7.757342753291557
14.67518,-7.852412831970116,-0.0084577781530838,-0.0086264310668275,-8.626431066827568,-7.830978194433198
14.69461,-7.852412831970116,-0.0098933116254211,-0.0088290752357716,-8.82907523577162,-7.988965398323724
14.70501,-7.852412831970116,-0.0103920223351396,-0.0089299018167124,-8.929901816712466,-8.071798724623376
14.72494,-7.852412831970116,-0.0104582364202438,-0.0091794415145923,-9.17944151459237,-8.229803381806422
14.74488,-7.852412831970116,-0.0103097912099513,-0.0093819572439854,-9.381957243985472,-8.390879818472978
14.76481,-7.852412831970116,-0.0093865175073397,-0.0095964196209013,-9.596419620901363,-8.548867022363506
14.78474,-7.852412831970116,-0.0101417483315326,-0.0097935882715112,-9.793588271511222,-8.714551128255327
14.80468,-7.852412831970116,-0.0100420502228249,-0.0099949927710694,-9.99499277106946,-8.875610111629364
14.82463,-0.27467384081129986,-0.0053074577824033,-0.0101434578984688,-10.1434578984688,-8.97839255127931
14.84454,-0.27467384081129986,-0.0028697484187601,-0.0102429288360399,-10.242928836039962,-8.976856661537555
14.85501,-0.27467384081129986,-0.0032915718418611,-0.0103286471544591,-10.328647154459148,-8.976856661537555
14.87473,-0.27467384081129986,-0.0022636063237429,-0.0104753737426195,-10.475373742619569,-8.976856661537555
14.89466,-0.27467384081129986,-0.0019937985558963,-0.0106001086648011,-10.600108664801136,-8.976856661537555
14.91459,-0.27467384081129986,-0.0020750285654772,-0.010804751344138,-10.80475134413802,-8.976856661537555
14.93453,-0.27467384081129986,-0.0024613225425058,-0.0108974859213983,-10.897485921398342,-8.976856661537555
14.95446,-0.27467384081129986,-0.0023604156427252,-0.0109519052551117,-10.9519052551117,-8.976856661537555
14.9744,-0.27467384081129986,-0.0021535614081414,-0.010982096213771,-10.982096213771014,-8.976856661537555
14.99433,-0.27467384081129986,-0.0022718711169266,-0.0110016126150958,-11.001612615095803,-8.976856661537555
15.01426,-8.365409848199164,-0.009018442140916,-0.0110939979521955,-11.093997952195547,-9.044348543712175
15.0342,-8.365409848199164,-0.0109381818725872,-0.0111724510312579,-11.172451031257951,-9.205424980378732
15.04451,-8.365409848199164,-0.010651378130453,-0.0111545478958867,-11.154547895886749,-9.289794196420138
15.06444,-8.365409848199164,-0.0101775465534076,-0.0111996196912346,-11.19961969123468,-9.45546084901944
15.08438,-8.365409848199164,-0.0102376959052294,-0.0112274434605679,-11.227443460567962,-9.616519832393475
15.10431,-8.365409848199164,-0.0093918818894585,-0.0112339620519919,-11.233962051991917,-9.777596269060034
15.12424,-8.365409848199164,-0.0092849756418651,-0.0113555151704668,-11.35551517046684,-9.938655252434067
15.14418,-8.365409848199164,-0.0095705346502214,-0.01147651431008,-11.476514310080097,-10.098195799358871
15.16411,7.571089959893247,-0.0102003032682253,-0.0116755074923035,-11.675507492303517,-10.184100905142031
15.18406,7.571089959893247,-0.0009280025451973,-0.0118128667431955,-11.81286674319552,-10.030703917184251
15.20398,7.571089959893247,0.0041887534686068,-0.0118985253105946,-11.898525310594612,-9.872699260001204
15.22391,7.571089959893247,0.0048138614270875,-0.0120514305970309,-12.05143059703091,-9.713158713076403
15.23433,7.571089959893247,0.004221040032664,-0.0121743479815535,-12.174347981553586,-9.631861276518508
15.2539,7.571089959893247,0.0035236350806355,-0.0123768092525741,-12.376809252574123,-9.46773051366096
15.27383,7.571089959893247,0.0040552704863457,-0.0124862125993054,-12.486212599305494,-9.305135640545169
15.29376,0.22681132635393292,0.0048734311607119,-0.0125420710420002,-12.542071042000243,-9.139451534653348
15.3137,0.22681132635393292,-0.0005394112131525,-0.0123331052128237,-12.333105212823751,-9.13791564491159
15.33363,0.22681132635393292,-0.0011878974075454,-0.0121114217718,-12.111421771800016,-9.13791564491159
15.34403,0.22681132635393292,-0.0012413575968779,-0.01189762768356,-11.897627683560067,-9.13791564491159
15.36396,0.22681132635393292,-0.0008346685276484,-0.0116873508785902,-11.687350878590298,-9.13791564491159
15.3839,0.22681132635393292,-0.0006587262068166,-0.0115095346844726,-11.509534684472635,-9.13791564491159
15.40385,0.22681132635393292,-0.0006640999674069,-0.011358318113575,-11.358318113575068,-9.13791564491159
15.42376,0.22681132635393292,-0.0003491962771972,-0.011263810393154,-11.263810393154069,-9.136397208462355
15.4437,0.22681132635393292,-2.8110215799718946e-05,-0.0112032705727958,-11.203270572795896,-9.13791564491159
15.46363,0.22681132635393292,3.165957284504168e-05,-0.011166231784787,-11.166231784787083,-9.13791564491159
15.48356,0.22681132635393292,-0.0002991640809175,-0.0111479645012334,-11.147964501233488,-9.136397208462355
15.5035,0.22681132635393292,-0.000119113932235,-0.0111348518061069,-11.13485180610698,-9.136397208462355
15.52343,0.22681132635393292,-0.0003799401523286,-0.0111301024342873,-11.130102434287362,-9.139451534653348
15.54336,0.22681132635393292,-0.0005908695488331,-0.0111297751049189,-11.129775104918991,-9.13791564491159
15.5633,0.22681132635393292,-0.0005950673623781,-0.0111296324751565,-11.129632475156516,-9.13791564491159
15.58323,0.22681132635393292,-0.0004345618102606,-0.0111276240015026,-11.127624001502634,-9.13791564491159
15.60318,0.22681132635393292,-0.0005480315148179,-0.0111277823644155,-11.127782364415578,-9.13791564491159
15.61362,0.22681132635393292,-0.0005509409579906,-0.0111247685390918,-11.124768539091829,-9.13791564491159
15.63326,0.22681132635393292,-0.0007811772988787,-0.0111287145430267,-11.128714543026712,-9.13791564491159
15.6532,0.22681132635393292,-0.0008491804135703,-0.0111320363465656,-11.132036346565611,-9.13791564491159
15.67313,-0.0,0.0,-0.0111238698342209,-11.123869834220994,-9.13791564491159
15.69306,-0.0,0.0,-0.0111189699268142,-11.118969926814223,-9.13791564491159
15.713,-0.0,0.0,-0.0111160299823701,-11.11602998237016,-9.136397208462355
15.73293,-0.0,0.0,-0.0111142660157037,-11.114266015703723,-9.13791564491159
15.75286,-0.0,0.0,-0.0111132076357038,-11.11320763570386,-9.13791564491159
15.76326,-0.0,0.0,-0.0111125726077039,-11.112572607703944,-9.13791564491159
15.78319,-0.0,0.0,-0.0111121915909039,-11.112191590903992,-9.13791564491159
15.80257,-0.0,0.0,-0.011111962980824,-11.111962980824025,-9.13791564491159
15.81297,-0.0,0.0,-0.011111825814776,-11.11182581477604,-9.13791564491159
15.83291,-0.0,0.0,-0.0111117435151472,-11.111743515147252,-9.13791564491159
15.85284,-0.0,0.0,-0.0111116941353699,-11.111694135369978,-9.13791564491159
15.87277,-0.0,0.0,-0.0111116645075036,-11.111664507503614,-9.13791564491159
15.89271,-0.0,0.0,-0.0111116467307837,-11.111646730783796,-9.13791564491159
15.91264,-0.0,0.0,-0.0111116360647519,-11.111636064751904,-9.139451534653348
15.93257,-0.0,0.0,-0.0111116296651327,-11.111629665132767,-9.13791564491159
15.94297,-0.0,0.0,-0.0111116258253612,-11.11162582536129,-9.13791564491159
15.96291,-0.0,0.0,-0.0111116235214984,-11.111623521498402,-9.13791564491159
15.98206,-0.0,0.0,-0.0111116221391806,-11.11162213918067,-9.13791564491159
15.99246,-0.0,0.0,-0.01111162130979,-11.11162130979003,-9.13791564491159
16.00286,-0.0,0.0,-0.0111116208121556,-11.111620812155644,-9.13791564491159
16.02279,-0.03139531054758353,-0.0002128494524286,-0.0111141657673271,-11.114165767327156,-9.13791564491159
16.04273,-0.03139531054758353,-0.0002609527581354,-0.0111162695254762,-11.116269525476254,-9.13791564491159
16.06266,-0.03139531054758353,-0.0003400849347505,-0.0111184764772171,-11.118476477217127,-9.136397208462355
16.08259,-0.03139531054758353,-0.000339555893704,-0.0111197943219888,-11.119794321988817,-9.13791564491159
16.10253,-0.03139531054758353,-0.0005185565552833,-0.0111227286301023,-11.122728630102328,-9.13791564491159
16.12246,-0.03139531054758353,-0.0007154243521836,-0.0111268402487464,-11.126840248746436,-9.13791564491159
16.14239,-0.03139531054758353,-0.0009284793693938,-0.0111318549318287,-11.131854931828702,-9.13791564491159
16.15373,-0.03139531054758353,-0.0010179769553115,-0.0111306873005827,-11.130687300582789,-9.136397208462355
16.17245,-0.03139531054758353,-0.0011498020911634,-0.0111359749837192,-11.135974983719247,-9.13791564491159
16.19238,-0.03139531054758353,-0.0012835453344756,-0.0111415816516228,-11.141581651622836,-9.13791564491159
16.21232,-0.08343995751978361,-0.0012245790519777,-0.0111442478810331,-11.14424788103319,-9.136397208462355
16.23225,-0.08343995751978361,-0.0012432225992086,-0.0111460632107428,-11.14606321074288,-9.13791564491159
16.25218,-0.08343995751978361,-0.0011523797917163,-0.0111460661102767,-11.1460661102767,-9.136397208462355
16.27212,-0.08343995751978361,-0.0012500980634944,-0.0111472438656792,-11.147243865679297,-9.13791564491159
16.29205,-0.08343995751978361,-0.0011585677095735,-0.0111468484983602,-11.146848498360283,-9.13791564491159
16.31198,-0.08343995751978361,-0.0009587336572698,-0.0111442216623714,-11.14422166237143,-9.13791564491159
16.33192,-0.08343995751978361,-0.0009855116745998,-0.0111429716853794,-11.1429716853794,-9.136397208462355
16.35185,-0.08343995751978361,-0.0010608565110059,-0.0111431167596678,-11.143116759667876,-9.13791564491159
16.37178,-0.08343995751978361,-0.000926280727071,-0.0111415945470166,-11.141594547016672,-9.13791564491159
16.38218,-0.08343995751978361,-0.0009425927264611,-0.0111354865331047,-11.135486533104748,-9.13791564491159
16.40212,-0.08343995751978361,-0.0009009297954586,-0.0111367186702173,-11.13671867021734,-9.13791564491159
16.42205,7.900147011598671,0.00376487636342,-0.0110816588368582,-11.08165883685826,-9.01520154520387
16.44198,7.900147011598671,0.0080355702914687,-0.0109975539788511,-10.99755397885119,-8.852606672088077
16.46192,7.900147011598671,0.0098703660811121,-0.0109250913537979,-10.925091353797926,-8.689994345679766
16.48185,7.900147011598671,0.0098326190506423,-0.0108821243799527,-10.88212437995279,-8.530471252047485
16.50178,7.900147011598671,0.0106347599676017,-0.0108467521945607,-10.846752194560729,-8.366323035897418
16.52172,7.900147011598671,0.010222920297824,-0.0107560671067441,-10.756067106744112,-8.208335832006892
16.53212,7.900147011598671,0.0107315494584959,-0.0107124030731778,-10.712403073177802,-8.133164501123495
16.55176,7.900147011598671,0.0108009669858835,-0.0106258909266973,-10.625890926697366,-7.973623954198694
16.5717,7.900147011598671,0.0112089010840798,-0.0103590483312746,-10.359048331274622,-7.818708529791677
16.59163,7.900147011598671,0.0121548520778605,-0.0101232831566571,-10.12328315665716,-7.659167982866876
16.61156,7.900147011598671,0.0121083359520651,-0.0098882350157999,-9.888235015799909,-7.508842774392605
16.6315,7.900147011598671,0.0125224119737546,-0.0096529892143494,-9.652989214349423,-7.353909896693068
16.65143,7.900147011598671,0.0126969380767371,-0.009465234754113,-9.465234754113006,-7.202031345184522
16.67137,7.900147011598671,0.0125987565134391,-0.0092496252356029,-9.249625235602906,-7.047115920777504
16.6913,7.900147011598671,0.0124669524644083,-0.0090624510555895,-9.062451055589598,-6.8952373692689575
16.71124,-7.427184561764282,0.0014063395479238,-0.0090031206864467,-9.003120686446785,-6.984214254535629
16.72158,-7.427184561764282,-0.0013139567304497,-0.0089924996988681,-8.99249969886817,-7.056313805935515
16.74109,-7.427184561764282,-0.0062844131628776,-0.0089425303397647,-8.942530339764769,-7.215836899567797
16.75151,-7.427184561764282,-0.0071355966072285,-0.0088538650466741,-8.853865046674157,-7.292544120192947
16.77143,-7.427184561764282,-0.0095439565802226,-0.0088255283591797,-8.825528359179733,-7.449012887634239
16.79136,-7.427184561764282,-0.008494497051677,-0.008687023853895,-8.687023853895063,-7.602409875592021
16.8113,-7.427184561764282,-0.0084608014896372,-0.0087819495067962,-8.781949506796217,-7.758878643033312
16.83123,-7.427184561764282,-0.008841690589858,-0.0088731388927207,-8.873138892720752,-7.913811520732849
16.85116,-7.427184561764282,-0.0076645429040191,-0.0090029664536451,-9.002966453645147,-8.07333461436513
16.8711,-7.427184561764282,-0.0066596811102517,-0.009113481941655,-9.113481941655053,-8.228267492064667
16.89103,-7.427184561764282,-0.0083605230310338,-0.0092545951038056,-9.254595103805649,-8.389343928731224
16.90134,-9.10839723386562,-0.0088001853415236,-0.0092937258132135,-9.29372581321356,-8.470641365289119
16.92128,-9.10839723386562,-0.0095693453331422,-0.0095110393319967,-9.511039331996775,-8.634772128146667
16.94121,-9.10839723386562,-0.009152260568393,-0.0096859326727983,-9.685932672798389,-8.797384454554978
16.96114,-9.10839723386562,-0.0078979794504621,-0.0098749702741121,-9.874970274112185,-8.95690754818726
16.98108,-9.10839723386562,-0.0087419376681232,-0.0100332224405476,-10.033222440547627,-9.122591654079082
17.00101,-9.10839723386562,-0.0085698868637755,-0.0101954341085732,-10.19543410857326,-9.285186527194872
17.02094,-9.10839723386562,-0.0086037541936338,-0.0103427162401396,-10.3427162401396,-9.446245510568913
17.04088,-9.10839723386562,-0.0098358299334862,-0.010525157928109,-10.525157928109024,-9.610393726718977
17.06081,-0.10821396413151776,-0.0098910805502969,-0.0108086501210587,-10.80865012105874,-9.762254824935004
17.08074,-0.10821396413151776,-0.0093458119951687,-0.011041595318755,-11.041595318755093,-9.76071893519325
17.09098,-0.10821396413151776,-0.0099015816982515,-0.0111304405354887,-11.130440535488738,-9.75764715570974
17.10101,-0.10821396413151776,-0.0096173580674976,-0.0112402497826897,-11.24024978268971,-9.759183045451492
17.12094,-0.10821396413151776,-0.0093813938812703,-0.0114595410686333,-11.459541068633396,-9.759183045451492
17.14087,-0.10821396413151776,-0.0084323674608264,-0.0116342725420065,-11.634272542006505,-9.759183045451492
17.1608,-0.10821396413151776,-0.0076554403297819,-0.0118636063234927,-11.863606323492773,-9.75764715570974
17.18074,-0.10821396413151776,-0.0075516922250922,-0.012000011282702,-12.00001128270202,-9.759183045451492
17.20067,-0.10821396413151776,-0.0069065871323051,-0.0120740947813746,-12.074094781374656,-9.759183045451492
17.22062,-0.10821396413151776,-0.0063879645049829,-0.0120876447741645,-12.087644774164522,-9.76071893519325
17.24054,-0.10821396413151776,0.0,-0.0120193108347137,-12.019310834713792,-9.759183045451492
17.26047,-0.10821396413151776,0.0,-0.0119783104710433,-11.978310471043354,-9.759183045451492
17.28049,-0.10821396413151776,0.0,-0.011953710252841,-11.953710252841091,-9.759183045451492
17.30043,-0.10821396413151776,0.0,-0.0119389501219197,-11.938950121919731,-9.759183045451492
17.32036,-0.10821396413151776,0.0001241549433317,-0.0119286093985545,-11.928609398554556,-9.759183045451492
17.34029,-0.10821396413151776,0.0004398196682982,-0.0119186302457543,-11.918630245754304,-9.759183045451492
17.36022,-0.10821396413151776,0.0005170395832619,-0.011911719358331,-11.911719358331013,-9.759183045451492
17.38016,-0.10821396413151776,0.0,-0.0119137555852136,-11.913755585213684,-9.759183045451492
17.40009,-0.10821396413151776,0.0,-0.0119149773213432,-11.914977321343288,-9.759183045451492
17.42004,-8.226567017310625,-0.0068083783125907,-0.0119972066514227,-11.99720665142277,-9.884968924642724
17.43996,-8.226567017310625,-0.009454389471288,-0.0120780468240295,-12.078046824029569,-10.04297358182577
17.45036,-8.226567017310625,-0.0105644619765292,-0.0120794743073663,-12.079474307366366,-10.127342797867176
17.4608,-8.226567017310625,-0.011025831470396,-0.0120834743629654,-12.083474362965454,-10.204032565199809
17.47958,-8.226567017310625,-0.0108100488188192,-0.0121386162180848,-12.1386162180848,-10.358965442899343
17.48998,-8.226567017310625,-0.0104969902032784,-0.0121153949199344,-12.115394919934422,-10.438744443008003
17.50992,-8.226567017310625,-0.0110488521846342,-0.0122474296220655,-12.247429622065557,-10.598267536640288
17.52985,-8.226567017310625,-0.0105850900260586,-0.0123557235839932,-12.355723583993235,-10.75473630408158
17.54978,-0.342747304260013,-0.0107728389323387,-0.0125468204256224,-12.546820425622464,-10.906597402297606
17.56018,-0.342747304260013,-0.005737186568488,-0.0125684569668344,-12.568456966834471,-10.911205071522872
17.58012,-0.342747304260013,-0.0030497613026319,-0.0126614064239518,-12.661406423951853,-10.91427685100638
17.60006,-0.342747304260013,-0.0017896817953758,-0.0128309308845708,-12.830930884570842,-10.91427685100638
17.61998,-0.342747304260013,-0.0014216731477739,-0.0129926408341912,-12.99264083419125,-10.91427685100638
17.63939,-0.342747304260013,-0.001734519904839,-0.0132018855047982,-13.201885504798216,-10.912740961264626
17.64979,-0.342747304260013,-0.0020853224717455,-0.0133747496603169,-13.374749660316924,-10.91427685100638
17.66972,-0.342747304260013,-0.0021386033216377,-0.0134662540873143,-13.466254087314336,-10.91427685100638
17.68966,-7.268569042533241,-0.001864396712971,-0.0135178889672666,-13.517888967266618,-10.943423849514684
17.70959,-7.268569042533241,-0.0057060747641341,-0.0135947974949935,-13.594797494993518,-11.095284947730711
17.72952,-7.268569042533241,-0.0092401982144148,-0.0136832036598481,-13.683203659848129,-11.248681935688492
17.74945,-7.268569042533241,-0.0102288532741455,-0.0137480696959651,-13.748069695965135,-11.40361481338803
17.76939,-7.268569042533241,-0.0097134947697577,-0.0137808849416085,-13.780884941608509,-11.555475911604058
17.77979,-7.268569042533241,-0.0094234301076517,-0.0137431640414408,-13.743164041440869,-11.639845127645463
17.79972,-7.268569042533241,-0.0085612992133137,-0.0137641053134613,-13.764105313461371,-11.793242115603244
17.81966,-7.268569042533241,-0.0081928348716401,-0.0139160085582246,-13.91600855822469,-11.948174993302782
17.83959,-7.268569042533241,-0.0085140510538898,-0.0140654476109233,-14.065447610923396,-12.100036091518806
17.85952,-7.268569042533241,-0.0079163802580653,-0.0142569744146513,-14.256974414651305,-12.254968969218345
17.87946,-7.268569042533241,-0.0079017901273647,-0.0144510436711987,-14.45104367119876,-12.406830067434372
17.89939,-7.268569042533241,-0.0073763662745986,-0.0146850301590064,-14.685030159006404,-12.561762945133909
17.91932,-7.268569042533241,-0.0064868643915924,-0.0149039756495709,-14.90397564957096,-12.713624043349936
17.93925,-7.268569042533241,-0.0064710361988461,-0.0150797488010793,-15.079748801079324,-12.867038484600236
17.95919,-8.068536226986513,-0.0067899095997204,-0.0152980768390547,-15.298076839054746,-13.021971362299771
17.97912,-8.068536226986513,-0.0060094350110459,-0.0154742051669936,-15.474205166993633,-13.175368350257555
17.99905,-8.068536226986513,-0.0066784216902992,-0.0157068022549967,-15.706802254996738,-13.32722944847358
18.00933,-8.068536226986513,-0.0076044644312989,-0.0158134042778382,-15.813404277838249,-13.396257220389955
18.01935,-8.068536226986513,-0.0081919751767322,-0.0159788116001344,-15.978811600134494,-13.482162326173118
18.03928,-8.068536226986513,-0.0074501127709712,-0.0161624894179634,-16.162489417963485,-13.6355593141309
18.05923,-8.068536226986513,-0.0069254692885992,-0.0164102009486696,-16.41020094866966,-13.78895630208868
18.07915,-8.068536226986513,-0.007402106087128,-0.0165941300587945,-16.594130058794505,-13.942353290046462
18.09908,-8.068536226986513,-0.0069453289208527,-0.0168179901446809,-16.81799014468091,-14.097286167746
18.11903,-8.068536226986513,-0.0070348133179747,-0.0170575159733564,-17.05751597335644,-14.25375493518729
18.13895,-8.068536226986513,-0.0070583203476757,-0.0172410259161174,-17.241025916117472,-14.411742139077816
18.15888,-8.068536226986513,-0.0058760144738554,-0.0174163164504098,-17.41631645040987,-14.56821090651911
18.17882,-8.068536226986513,-0.0057188046849047,-0.0175592852853335,-17.559285285333576,-14.729287343185666
18.19884,-8.068536226986513,-0.0062645934812634,-0.0177311773362873,-17.731177336287377,-14.890346326559705
18.21877,-8.068536226986513,-0.0059390322027375,-0.0179093614493959,-17.90936144939591,-15.052958652968014
18.23871,-8.068536226986513,-0.0060131061698033,-0.0180617889030947,-18.061788903094705,-15.215553526083806
18.25864,-0.33584882860138443,0.0020798143137876,-0.0181604894584972,-18.160489458497295,-15.306066301092232
18.27857,-0.33584882860138443,0.0041793280034556,-0.0182986591120009,-18.298659112000912,-15.309120627283225
18.2985,-0.33584882860138443,0.0058559148489345,-0.0183961973802592,-18.39619738025921,-15.307602190833988
18.31844,-0.33584882860138443,0.0051820138382841,-0.018512297902637,-18.51229790263706,-15.309120627283225
18.32884,-0.33584882860138443,0.0041592414606625,-0.0186675523081309,-18.66755230813099,-15.307602190833988
18.34877,-0.33584882860138443,0.0037452016565614,-0.0188459288016958,-18.84592880169584,-15.309120627283225
18.36871,-0.33584882860138443,0.0027783887787584,-0.0189298140742404,-18.92981407424047,-15.306066301092232
18.37873,-0.33584882860138443,0.0019734005768963,-0.019001521796848,-19.00152179684801,-15.307602190833988
18.39855,-0.33584882860138443,0.0012566814899437,-0.0190711961455347,-19.071196145534746,-15.307602190833988
18.41849,-0.33584882860138443,0.0011601515466416,-0.0191140651579211,-19.11406515792118,-15.307602190833988
18.43842,-0.33584882860138443,0.0007768396710778,-0.0191691522422805,-19.169152242280575,-15.307602190833988
18.45835,-0.33584882860138443,0.000445614452549,-0.0192061652840593,-19.20616528405938,-15.307602190833988
18.47829,-0.33584882860138443,0.0004554426559791,-0.0192282528508141,-19.22825285081411,-15.307602190833988
18.49822,-0.017140280299313086,0.0004959650463531,-0.0192410235567787,-19.241023556778792,-15.307602190833988
18.51815,-0.017140280299313086,0.0004381134190101,-0.0192493777701173,-19.24937777011737,-15.307602190833988
18.53809,-0.017140280299313086,0.0004250685794131,-0.0192545437379009,-19.254543737900946,-15.309120627283225
18.55804,-0.017140280299313086,0.0005478026003841,-0.0192561716419285,-19.256171641928585,-15.307602190833988
18.56936,-0.017140280299313086,0.0006238621560174,-0.019259468309708,-19.259468309708097,-15.307602190833988
18.58801,-0.017140280299313086,0.0008107684866027,-0.0192566110827743,-19.25661108277439,-15.307602190833988
18.60795,-0.0,0.0,-0.0192639692459792,-19.263969245979258,-15.309120627283225
18.62788,-0.0,0.0,-0.0192683841439021,-19.268384143902168,-15.307602190833988
18.63828,-0.0,0.0,-0.0192710330826559,-19.271033082655915,-15.309120627283225
18.65822,-0.0,0.0,-0.0192726224459081,-19.27262244590817,-15.307602190833988
18.67815,-0.0,0.0,-0.0192735760638595,-19.27357606385952,-15.307602190833988
18.69808,-0.0,0.0,-0.0192741482346303,-19.274148234630328,-15.307602190833988
18.71803,-0.0,0.0,-0.0192744915370928,-19.274491537092818,-15.307602190833988
18.73795,-0.0,0.0,-0.0192746975185703,-19.274697518570303,-15.309120627283225
18.75788,-0.0,0.0,-0.0192748211074568,-19.2748211074568,-15.307602190833988
18.77781,-0.0,0.0,-0.0192748952607886,-19.274895260788696,-15.307602190833988
18.79775,-0.0,0.0,-0.0192749397527878,-19.274939752787837,-15.307602190833988
18.81768,-0.0,0.0,-0.0192749664479873,-19.27496644798732,-15.307602190833988
18.83761,-0.0,0.0,-0.019274982465107,-19.27498246510701,-15.307602190833988
18.85755,7.377894370466879,-2.9326549336692925e-05,-0.019275342938215,-19.275342938215086,-15.276919302583927
18.87748,7.377894370466879,0.002167993819391,-0.0192492834891513,-19.24928348915139,-15.115842865917369
18.88788,7.377894370466879,0.0024098611594009,-0.0192445351561707,-19.24453515617079,-15.02993776013421
18.90781,7.377894370466879,0.0027518257016067,-0.0192238173582772,-19.223817358277277,-14.870414666501926
18.92775,7.377894370466879,0.0035175416550643,-0.0192022091429198,-19.2022091429198,-14.70626645035186
18.93815,7.377894370466879,0.0045191901734192,-0.0192031283353843,-19.20312833538436,-14.629576683019229
18.95692,7.377894370466879,0.0054108927229475,-0.0191709421236993,-19.1709421236994,-14.476179695061449
18.96732,7.377894370466879,0.0059390695584785,-0.0190664977570041,-19.06649775700418,-14.390274589278286
18.97772,7.377894370466879,0.00622846271274,-0.0190020253237044,-19.00202532370446,-14.310513042462146
18.99766,7.377894370466879,0.0064653292148313,-0.0188802611416274,-18.880261141627415,-14.154044275020857
19.01759,7.377894370466879,0.0072957244029554,-0.0186833462246896,-18.683346224689664,-13.997575507579562
19.03752,7.377894370466879,0.0076891330110932,-0.0185010327201262,-18.50103272012625,-13.84417851962178
19.05745,7.377894370466879,0.0087332511513968,-0.0182949238057915,-18.29492380579156,-13.689245641922245
19.07739,7.377894370466879,0.0093285001310382,-0.0181145343536708,-18.114534353670862,-13.538920433447972
19.09732,7.377894370466879,0.0100073298293436,-0.0179090489464699,-17.909048946469962,-13.383987555748435
19.11734,7.377894370466879,0.0099072585176913,-0.0177467792467577,-17.746779246757775,-13.233644893981644
19.13727,7.975078666741897,0.0101293789459899,-0.0175432409978456,-17.54324099784569,-13.080247906023862
19.15721,7.975078666741897,0.0104187564859839,-0.0173630899995937,-17.36308999959371,-12.928386807807836
19.17714,7.975078666741897,0.0114958484855096,-0.0171529917856541,-17.15299178565413,-12.7734539301083
19.19707,7.975078666741897,0.0119249674699595,-0.0169772063217758,-16.977206321775878,-12.621592831892274
19.21701,7.975078666741897,0.0121918081297293,-0.0167594606925054,-16.759460692505456,-12.468195843934492
19.23694,7.975078666741897,0.0110418304854267,-0.0166029977822861,-16.6029977822861,-12.316334745718464
19.25687,7.975078666741897,0.0112987723429549,-0.0164168572640252,-16.41685726402523,-12.16140186801893
19.27681,7.975078666741897,0.0102509735579177,-0.0162334057782239,-16.233405778223915,-12.008004880061147
19.29674,7.975078666741897,0.0112218258198229,-0.0160671918105381,-16.06719181053815,-11.854607892103369
19.30717,7.975078666741897,0.0113003136517263,-0.015976431500505,-15.976431500505049,-11.777900671478214
19.3268,7.975078666741897,0.0115219466848657,-0.0158123920585648,-15.81239205856486,-11.621431904036925
19.34674,7.975078666741897,0.0113809131707758,-0.0155945922877506,-15.59459228775064,-11.464980589888151
19.36667,7.975078666741897,0.0108142224970363,-0.0154013869945089,-15.401386994508991,-11.31156614863785
19.3866,7.975078666741897,0.0107251246394978,-0.0151824739457813,-15.18247394578131,-11.15816916068007
19.397,7.975078666741897,0.0110816075721927,-0.0150606777805128,-15.060677780512831,-11.078407613863927
19.41694,0.6601627803051636,0.0116541953591327,-0.0148628133595829,-14.862813359582953,-10.946478175705677
19.43687,0.6601627803051636,0.0113062283401097,-0.0145451700264064,-14.5451700264065,-10.94188795977293
19.45681,0.6601627803051636,0.0105303954493875,-0.0142498329198279,-14.249832919827943,-10.94188795977293
19.47674,0.6601627803051636,0.0114397727121564,-0.0140221793887689,-14.022179388768912,-10.94188795977293
19.48684,0.6601627803051636,0.0114525538393975,-0.0138984764362161,-13.89847643621611,-10.94188795977293
19.5066,0.6601627803051636,0.0110427522469746,-0.0137082291105684,-13.708229110568483,-10.94188795977293
19.52654,0.6601627803051636,0.0100812297639471,-0.01359448172388,-13.594481723880046,-10.94188795977293
19.54647,0.6601627803051636,0.0093579888851555,-0.0135349422936741,-13.534942293674176,-10.94188795977293
19.5664,0.6601627803051636,0.0089233436513481,-0.0135044161232565,-13.504416123256505,-10.94188795977293
19.58634,-0.08397541833001422,0.0081746971166715,-0.0134950036880848,-13.495003688084882,-10.94188795977293
19.60627,-0.08397541833001422,0.0073050916417534,-0.0134998040174336,-13.49980401743368,-10.94188795977293
19.6262,-0.08397541833001422,0.0065946935568421,-0.0135111791553423,-13.511179155342312,-10.94188795977293
19.64614,-0.08397541833001422,0.0058861169295171,-0.0135264420806954,-13.526442080695482,-10.94188795977293
19.66607,-0.08397541833001422,0.0051823418555438,-0.0135440508949435,-13.54405089494352,-10.94188795977293
19.67647,-0.08397541833001422,0.0046574689366125,-0.0135875240212364,-13.587524021236488,-10.94188795977293
19.6964,-0.08397541833001422,0.0042067283539119,-0.0135923664455206,-13.59236644552064,-10.943423849514684
19.71634,-0.08397541833001422,0.0040012007126824,-0.0135977055924206,-13.597705592420684,-10.94188795977293
19.73627,-0.08397541833001422,0.0036760921002787,-0.0136048207365521,-13.604820736552105,-10.94188795977293
19.7562,-0.08397541833001422,0.0032758723491154,-0.0136138756508153,-13.613875650815372,-10.94188795977293
19.77614,-0.08397541833001422,0.0029874422105289,-0.0136227397223172,-13.622739722317284,-10.94188795977293
19.79607,-0.08397541833001422,0.0027637094483401,-0.0136307514862419,-13.630751486241952,-10.94188795977293
19.816,-0.08397541833001422,0.0023471059623701,-0.0136405402890819,-13.64054028908198,-10.94188795977293
19.83594,-0.08397541833001422,0.0019720924624581,-0.0136508861496631,-13.650886149663169,-10.94188795977293
19.85587,-0.0,0.0,-0.0136806877802327,-13.68068778023273,-10.940352070031176
19.86633,-0.0,0.0,-0.0136985687585744,-13.69856875857447,-10.940352070031176
19.88596,-0.0,0.0,-0.0137092973455795,-13.709297345579513,-10.94188795977293
19.90589,-0.0,0.0,-0.0137157344977825,-13.71573449778254,-10.94188795977293
19.92583,-0.0,0.0,-0.0137195967891043,-13.719596789104354,-10.94188795977293
19.94576,-0.0,0.0,-0.0137219141638974,-13.721914163897443,-10.94188795977293
19.9657,-0.0,0.0,-0.0137233045887732,-13.723304588773296,-10.94188795977293
19.98563,-0.0,0.0,-0.0137241388436988,-13.724138843698809,-10.943423849514684
