t_s,enc_as5600_deg,acc_deg,clar_counts,clar_deg,a_belt,a_rod,v_belt,axW,ayW,azW,cmd_sps,cmd_dir,cmd_vel,cam_t_s,cam_x_mm,cam_y_mm,cam_dx_mm,cam_dy_mm,cam_vx_mm,cam_vy_mm
0.02241,338.203,0.000,0,0.000,0.005,0.008,0.007,0.006,0.005,0.008,0.0,1,0.0,0.004,0.00,0.00,0.00,0.00,0.000.00
0.03248,338.115,-0.088,0,0.000,0.002,0.004,0.007,0.006,0.002,0.004,0.0,1,0.0,0.012,0.00,0.00,0.00,0.00,0.000.00
0.04269,338.203,0.000,0,0.000,0.003,0.005,0.007,0.005,0.003,0.005,0.0,1,0.0,0.012,0.00,0.00,0.00,0.00,0.000.00
0.06210,338.115,-0.088,0,0.000,0.002,0.006,0.007,0.005,0.002,0.006,0.0,1,0.0,0.040,0.00,0.00,0.00,0.00,0.000.00
0.07233,338.115,-0.088,0,0.000,0.000,0.007,0.007,0.004,0.000,0.007,0.0,1,0.0,0.052,0.00,0.00,0.00,0.00,0.000.00
0.08238,338.115,-0.088,0,0.000,0.000,0.007,0.007,0.006,0.000,0.007,0.0,1,0.0,0.052,0.00,0.00,0.00,0.00,0.000.00
0.09261,338.115,-0.088,0,0.000,0.000,0.008,0.007,0.008,0.000,0.008,0.0,1,0.0,0.068,0.00,0.00,0.00,0.00,0.000.00
0.11202,338.115,-0.088,0,0.000,0.002,0.006,0.007,0.007,0.002,0.006,0.0,1,0.0,0.093,0.00,0.00,0.00,0.00,0.000.00
0.12225,338.203,0.000,0,0.000,0.001,0.005,0.007,0.008,0.001,0.005,0.0,1,0.0,0.093,0.00,0.00,0.00,0.00,0.000.00
0.13237,338.115,-0.088,0,0.000,0.000,0.004,0.007,0.004,0.000,0.004,0.0,1,0.0,0.106,0.00,0.00,0.00,0.00,0.000.00
0.15195,338.203,0.000,0,0.000,-0.001,-0.002,0.007,0.004,-0.001,-0.002,0.0,1,0.0,0.122,0.00,0.00,0.00,0.00,0.000.00
0.16200,338.203,0.000,0,0.000,0.002,-0.002,0.007,0.005,0.002,-0.002,0.0,1,0.0,0.140,0.00,0.00,0.00,0.00,0.000.00
0.17223,338.203,0.000,0,0.000,0.002,0.000,0.007,0.007,0.002,0.000,0.0,1,0.0,0.150,0.00,0.00,0.00,0.00,0.000.00
0.18228,338.203,0.000,0,0.000,0.002,0.000,0.008,0.007,0.002,0.000,0.0,1,0.0,0.162,0.00,0.00,0.00,0.00,0.000.00
0.20187,338.115,-0.088,0,0.000,0.003,0.002,0.008,0.004,0.003,0.002,0.0,1,0.0,0.173,0.00,0.00,0.00,0.00,0.000.00
0.21192,338.115,-0.088,0,0.000,0.003,0.004,0.008,0.004,0.003,0.004,0.0,1,0.0,0.186,0.00,0.00,0.00,0.00,0.000.00
0.22215,338.203,0.000,0,0.000,0.002,0.004,0.008,0.007,0.002,0.004,0.0,1,0.0,0.200,0.00,0.00,0.00,0.00,0.000.00
0.23221,338.115,-0.088,0,0.000,0.004,0.003,0.008,0.005,0.004,0.003,0.0,1,0.0,0.212,0.00,0.00,0.00,0.00,0.000.00
0.25179,338.203,0.000,0,0.000,0.004,0.005,0.008,0.007,0.004,0.005,0.0,1,0.0,0.225,0.00,0.00,0.00,0.00,0.000.00
0.26221,338.115,-0.088,0,0.000,0.003,0.004,0.008,0.004,0.003,0.004,0.0,1,0.0,0.242,0.00,0.00,0.00,0.00,0.000.00
0.28214,338.115,-0.088,0,0.000,0.006,0.002,0.008,0.005,0.006,0.002,0.0,1,0.0,0.253,0.00,0.00,0.00,0.00,0.000.00
0.30172,338.203,0.000,0,0.000,0.008,0.007,0.008,0.002,0.008,0.007,0.0,1,0.0,0.280,0.00,0.00,0.00,0.00,0.000.00
0.31177,338.115,-0.088,0,0.000,0.009,0.006,0.008,0.001,0.009,0.006,0.0,1,0.0,0.289,0.00,0.00,0.00,0.00,0.000.00
0.32200,338.115,-0.088,0,0.000,0.009,0.004,0.008,0.001,0.009,0.004,0.0,1,0.0,0.300,0.00,0.00,0.00,0.00,0.000.00
0.33206,338.115,-0.088,0,0.000,0.011,0.006,0.008,0.002,0.011,0.006,0.0,1,0.0,0.313,0.00,0.00,0.00,0.00,0.000.00
0.35164,338.115,-0.088,0,0.000,0.011,0.007,0.009,0.004,0.011,0.007,0.0,1,0.0,0.326,0.00,0.00,0.00,0.00,0.000.00
0.36169,338.203,0.000,0,0.000,0.011,0.005,0.009,0.004,0.011,0.005,0.0,1,0.0,0.340,0.00,0.00,0.00,0.00,0.000.00
0.37192,338.115,-0.088,0,0.000,0.014,0.004,0.009,0.004,0.014,0.004,0.0,1,0.0,0.352,0.00,0.00,0.00,0.00,0.000.00
0.38197,338.115,-0.088,0,0.000,0.011,0.003,0.009,0.004,0.011,0.003,0.0,1,0.0,0.363,0.00,0.00,0.00,0.00,0.000.00
0.40150,338.115,-0.088,0,0.000,0.010,0.006,0.009,0.009,0.010,0.006,0.0,1,0.0,0.375,0.00,0.00,0.00,0.00,0.000.00
0.41173,338.115,-0.088,0,0.000,0.009,0.007,0.009,0.010,0.009,0.007,0.0,1,0.0,0.386,0.00,0.00,0.00,0.00,0.000.00
0.42178,338.115,-0.088,0,0.000,0.007,0.007,0.009,0.008,0.007,0.007,0.0,1,0.0,0.399,0.00,0.00,0.00,0.00,0.000.00
0.43201,338.203,0.000,0,0.000,0.007,0.008,0.009,0.008,0.007,0.008,0.0,1,0.0,0.411,0.00,0.00,0.00,0.00,0.000.00
0.45142,338.115,-0.088,0,0.000,0.007,0.010,0.009,0.010,0.007,0.010,0.0,1,0.0,0.423,0.00,0.00,0.00,0.00,0.000.00
0.46165,338.115,-0.088,0,0.000,0.007,0.008,0.010,0.006,0.007,0.008,0.0,1,0.0,0.435,0.00,0.00,0.00,0.00,0.000.00
0.47170,338.115,-0.088,0,0.000,0.009,0.011,0.010,0.005,0.009,0.011,0.0,1,0.0,0.449,0.00,0.00,0.00,0.00,0.000.00
0.48193,338.115,-0.088,0,0.000,0.008,0.009,0.010,0.005,0.008,0.009,0.0,1,0.0,0.462,0.00,0.00,0.00,0.00,0.000.00
0.50134,338.115,-0.088,0,0.000,0.007,0.004,0.010,0.011,0.007,0.004,0.0,1,0.0,0.474,0.00,0.00,0.00,0.00,0.000.00
0.51157,338.115,-0.088,0,0.000,0.008,0.001,0.010,0.010,0.008,0.001,0.0,1,0.0,0.487,0.00,0.00,0.00,0.00,0.000.00
0.52300,338.115,-0.088,0,0.000,0.008,-0.001,0.010,0.010,0.008,-0.001,0.0,1,0.0,0.498,0.00,0.00,0.00,0.00,0.000.00
0.54125,338.115,-0.088,0,0.000,0.007,-0.002,0.010,0.006,0.007,-0.002,0.0,1,0.0,0.522,0.00,0.00,0.00,0.00,0.000.00
0.55130,338.115,-0.088,0,0.000,0.008,0.000,0.010,0.007,0.008,0.000,0.0,1,0.0,0.522,0.00,0.00,0.00,0.00,0.000.00
0.56153,338.115,-0.088,0,0.000,0.008,0.000,0.010,0.010,0.008,0.000,0.0,1,0.0,0.537,0.00,0.00,0.00,0.00,0.000.00
0.57158,338.115,-0.088,0,0.000,0.007,0.003,0.010,0.009,0.007,0.003,0.0,1,0.0,0.550,0.00,0.00,0.00,0.00,0.000.00
0.59117,338.203,0.000,0,0.000,0.009,0.004,0.011,0.008,0.009,0.004,0.0,1,0.0,0.562,0.00,0.00,0.00,0.00,0.000.00
0.60122,338.115,-0.088,0,0.000,0.011,0.003,0.011,0.011,0.011,0.003,0.0,1,0.0,0.577,0.00,0.00,0.00,0.00,0.000.00
0.61145,338.203,0.000,0,0.000,0.011,0.002,0.011,0.011,0.011,0.002,0.0,1,0.0,0.591,0.00,0.00,0.00,0.00,0.000.00
0.62150,338.115,-0.088,0,0.000,0.010,0.000,0.011,0.011,0.010,0.000,0.0,1,0.0,0.591,0.00,0.00,0.00,0.00,0.000.00
0.64109,338.203,0.000,0,0.000,0.007,0.006,0.011,0.011,0.007,0.006,0.0,1,0.0,0.617,0.00,0.00,0.00,0.00,0.000.00
0.65124,338.115,-0.088,0,0.000,0.008,0.007,0.011,0.010,0.008,0.007,0.0,1,0.0,0.629,0.00,0.00,0.00,0.00,0.000.00
0.66129,338.115,-0.088,0,0.000,0.009,0.005,0.011,0.007,0.009,0.005,0.0,1,0.0,0.629,0.00,0.00,0.00,0.00,0.000.00
0.67152,338.115,-0.088,0,0.000,0.008,0.003,0.011,0.006,0.008,0.003,0.0,1,0.0,0.642,0.00,0.00,0.00,0.00,0.000.00
0.68157,338.203,0.000,0,0.000,0.008,0.000,0.011,0.005,0.008,0.000,0.0,1,0.0,0.661,0.00,0.00,0.00,0.00,0.000.00
0.70116,338.115,-0.088,0,0.000,0.008,0.002,0.012,0.005,0.008,0.002,0.0,1,0.0,0.678,0.00,0.00,0.00,0.00,0.000.00
0.71121,338.115,-0.088,0,0.000,0.007,0.004,0.012,0.007,0.007,0.004,0.0,1,0.0,0.691,0.00,0.00,0.00,0.00,0.000.00
0.72144,338.115,-0.088,0,0.000,0.007,0.000,0.012,0.004,0.007,0.000,0.0,1,0.0,0.703,0.00,0.00,0.00,0.00,0.000.00
0.73149,338.115,-0.088,0,0.000,0.007,-0.004,0.012,0.004,0.007,-0.004,0.0,1,0.0,0.703,0.00,0.00,0.00,0.00,0.000.00
0.75109,338.115,-0.088,0,0.000,0.008,0.000,0.012,0.007,0.008,0.000,0.0,1,0.0,0.732,0.00,0.00,0.00,0.00,0.000.00
0.76113,338.115,-0.088,0,0.000,0.006,0.001,0.012,0.010,0.006,0.001,0.0,1,0.0,0.732,0.00,0.00,0.00,0.00,0.000.00
0.77176,338.115,-0.088,0,0.000,0.006,0.004,0.012,0.009,0.006,0.004,0.0,1,0.0,0.746,0.00,0.00,0.00,0.00,0.000.00
0.79061,338.115,-0.088,0,0.000,0.009,0.002,0.012,0.004,0.009,0.002,0.0,1,0.0,0.771,0.00,0.00,0.00,0.00,0.000.00
0.80084,338.115,-0.088,0,0.000,0.010,0.004,0.012,0.005,0.010,0.004,0.0,1,0.0,0.771,0.00,0.00,0.00,0.00,0.000.00
0.81089,338.115,-0.088,0,0.000,0.011,0.004,0.012,0.005,0.011,0.004,0.0,1,0.0,0.783,0.00,0.00,0.00,0.00,0.000.00
0.82111,338.203,0.000,0,0.000,0.011,0.002,0.013,0.002,0.011,0.002,0.0,1,0.0,0.798,0.00,0.00,0.00,0.00,0.000.00
0.83118,338.115,-0.088,0,0.000,0.010,0.001,0.013,0.004,0.010,0.001,0.0,1,0.0,0.811,0.00,0.00,0.00,0.00,0.000.00
0.85075,338.115,-0.088,0,0.000,0.008,0.000,0.013,0.006,0.008,0.000,0.0,1,0.0,0.824,0.00,0.00,0.00,0.00,0.000.00
0.86081,338.027,-0.176,0,0.000,0.010,0.000,0.013,0.005,0.010,0.000,0.0,1,0.0,0.837,0.00,0.00,0.00,0.00,0.000.00
0.87103,338.115,-0.088,0,0.000,0.007,0.000,0.013,0.007,0.007,0.000,0.0,1,0.0,0.851,0.00,0.00,0.00,0.00,0.000.00
0.88109,338.203,0.000,0,0.000,0.008,0.000,0.013,0.009,0.008,0.000,0.0,1,0.0,0.862,0.00,0.00,0.00,0.00,0.000.00
0.90065,338.115,-0.088,0,0.000,0.009,0.000,0.013,0.007,0.009,0.000,0.0,1,0.0,0.875,0.00,0.00,0.00,0.00,0.000.00
0.91085,338.115,-0.088,0,0.000,0.010,0.003,0.013,0.005,0.010,0.003,0.0,1,0.0,0.885,0.00,0.00,0.00,0.00,0.000.00
0.92092,338.115,-0.088,0,0.000,0.009,0.004,0.013,0.004,0.009,0.004,0.0,1,0.0,0.902,0.00,0.00,0.00,0.00,0.000.00
0.93113,338.203,0.000,0,0.000,0.011,0.004,0.014,0.004,0.011,0.004,0.0,1,0.0,0.914,0.00,0.00,0.00,0.00,0.000.00
0.95054,338.203,0.000,0,0.000,0.005,0.010,0.014,0.003,0.005,0.010,0.0,1,0.0,0.925,0.00,0.00,0.00,0.00,0.000.00
0.96077,338.203,0.000,0,0.000,0.007,0.010,0.014,0.004,0.007,0.010,0.0,1,0.0,0.937,0.00,0.00,0.00,0.00,0.000.00
0.97082,338.115,-0.088,0,0.000,0.006,0.008,0.014,0.005,0.006,0.008,0.0,1,0.0,0.950,0.00,0.00,0.00,0.00,0.000.00
0.98106,338.115,-0.088,0,0.000,0.007,0.010,0.014,0.007,0.007,0.010,0.0,1,0.0,0.963,0.00,0.00,0.00,0.00,0.000.00
1.00046,338.115,-0.088,0,0.000,0.006,0.007,0.014,0.007,0.006,0.007,3.1,-1,-3.1,0.974,0.00,0.00,0.00,0.00,0.000.00
1.01069,338.115,-0.088,0,0.000,0.005,0.004,0.014,0.005,0.005,0.004,19.0,-1,-19.0,0.990,0.00,0.00,0.00,0.00,0.000.00
1.02092,338.115,-0.088,0,0.000,0.005,0.005,0.014,0.005,0.005,0.005,35.2,-1,-35.2,0.990,0.00,0.00,0.00,0.00,0.000.00
1.04022,338.115,-0.088,0,0.000,0.008,0.008,0.014,0.008,0.008,0.008,68.2,-1,-68.2,1.015,0.00,0.00,0.00,0.00,0.000.00
1.05044,338.203,0.000,0,0.000,0.008,0.009,0.014,0.008,0.008,0.009,85.1,-1,-85.1,1.029,0.00,0.00,0.00,0.00,0.000.00
1.06051,338.203,0.000,0,0.000,0.005,0.008,0.014,0.008,0.005,0.008,102.3,-1,-102.3,1.041,0.00,0.00,0.00,0.00,0.000.00
1.07072,338.115,-0.088,0,0.000,0.005,0.009,0.014,0.006,0.005,0.009,119.7,-1,-119.7,1.041,0.00,0.00,0.00,0.00,0.000.00
1.08078,338.115,-0.088,0,0.000,0.005,0.013,0.014,0.005,0.005,0.013,137.4,-1,-137.4,1.057,0.00,0.00,0.00,0.00,0.000.00
1.10038,338.115,-0.088,0,0.000,0.010,0.010,0.015,0.008,0.010,0.010,173.4,-1,-173.4,1.082,0.00,0.00,0.00,0.00,0.000.00
1.11043,338.203,0.000,0,0.000,0.011,0.014,0.015,0.008,0.011,0.014,191.8,-1,-191.8,1.092,0.00,0.00,0.00,0.00,0.000.00
1.12064,338.203,0.000,0,0.000,0.013,0.013,0.015,0.010,0.013,0.013,210.5,-1,-210.5,1.092,0.00,0.00,0.00,0.00,0.000.00
1.13069,338.115,-0.088,0,0.000,0.011,0.010,0.015,0.010,0.011,0.010,229.4,-1,-229.4,1.102,0.00,0.00,0.00,0.00,0.000.00
1.14074,338.115,-0.088,0,0.000,0.009,0.009,0.015,0.009,0.009,0.009,248.5,-1,-248.5,1.116,0.00,0.00,0.00,0.00,0.000.00
1.16053,338.203,0.000,0,0.000,0.010,0.007,0.015,0.007,0.010,0.007,287.5,-1,-287.5,1.146,0.00,0.00,0.00,0.00,0.000.00
1.17057,338.115,-0.088,0,0.000,0.011,0.006,0.015,0.006,0.011,0.006,307.4,-1,-307.4,1.146,0.00,0.00,0.00,0.00,0.000.00
1.19016,338.203,0.000,0,0.000,0.015,0.004,0.016,0.004,0.015,0.004,347.8,-1,-347.8,1.166,0.00,0.00,0.00,0.00,0.000.00
1.20021,338.203,0.000,0,0.000,0.013,0.007,0.016,0.004,0.013,0.007,368.3,-1,-368.3,1.181,0.00,0.00,0.00,0.00,0.000.00
1.21044,338.115,-0.088,0,0.000,0.010,0.003,0.016,0.004,0.010,0.003,389.1,-1,-389.1,1.181,0.00,0.00,0.00,0.00,0.000.00
1.22049,338.115,-0.088,0,0.000,0.010,0.003,0.016,0.005,0.010,0.003,410.1,-1,-410.1,1.194,0.00,0.00,0.00,0.00,0.000.00
1.24008,338.203,0.000,0,0.000,0.010,0.005,0.016,0.005,0.010,0.005,452.8,-1,-452.8,1.223,0.00,0.00,0.00,0.00,0.000.00
1.25013,338.115,-0.088,0,0.000,0.010,0.004,0.016,0.005,0.010,0.004,474.4,-1,-474.4,1.231,0.00,0.00,0.00,0.00,0.000.00
1.26036,338.203,0.000,0,0.000,0.009,0.004,0.016,0.005,0.009,0.004,496.3,-1,-496.3,1.231,0.00,0.00,0.00,0.00,0.000.00
1.27050,333.809,-4.395,0,0.000,-0.014,0.165,0.016,0.045,-0.014,0.165,518.4,-1,-518.4,1.244,0.00,0.00,0.00,0.00,0.000.00
1.28055,329.150,-9.053,0,0.000,0.019,0.129,0.016,0.056,0.019,0.129,540.7,-1,-540.7,1.256,0.00,0.00,0.00,0.00,0.000.00
1.30014,320.449,-17.754,0,0.000,0.040,0.063,0.017,0.032,0.040,0.063,585.9,-1,-585.9,1.272,0.00,0.00,0.00,0.00,0.000.00
1.31019,315.967,-22.236,0,0.000,0.015,0.074,0.018,0.018,0.015,0.074,608.8,-1,-608.8,1.285,0.00,0.00,0.00,0.00,0.000.00
1.32042,311.396,-26.807,0,0.000,0.025,0.021,0.018,-0.013,0.025,0.021,631.9,-1,-631.9,1.298,0.00,0.00,0.00,0.00,0.000.00
1.33047,306.738,-31.465,0,0.000,0.026,0.007,0.018,-0.002,0.026,0.007,655.2,-1,-655.2,1.311,0.00,0.00,0.00,0.00,0.000.00
1.35006,298.213,-39.990,0,0.000,0.001,0.034,0.018,0.025,0.001,0.034,702.3,-1,-702.3,1.322,0.00,0.00,0.00,0.00,0.000.00
1.36011,293.555,-44.648,0,0.000,0.016,0.026,0.019,0.022,0.016,0.026,726.1,-1,-726.1,1.341,0.00,0.00,0.00,0.00,0.000.00
1.37034,289.072,-49.131,0,0.000,0.032,0.005,0.019,0.027,0.032,0.005,750.1,-1,-750.1,1.352,0.00,0.25,0.00,0.25,0.0019.97
1.38039,284.502,-53.701,0,0.000,0.017,0.004,0.019,0.025,0.017,0.004,774.3,-1,-774.3,1.352,0.00,0.25,0.00,0.25,0.0019.97
1.39110,279.932,-58.271,0,0.000,0.000,0.026,0.019,0.044,0.000,0.026,798.6,-1,-798.6,1.364,0.00,0.33,0.00,0.09,0.006.46
1.40989,271.230,-66.973,0,0.000,0.013,0.002,0.019,0.015,0.013,0.002,845.3,-1,-845.3,1.387,0.00,0.61,0.00,0.18,0.0018.77
1.41995,266.660,-71.543,0,0.000,0.001,0.020,0.019,0.018,0.001,0.020,872.6,-1,-872.6,1.402,0.00,0.68,0.00,0.06,0.005.25
1.43017,262.002,-76.201,0,0.000,0.000,0.025,0.019,0.032,0.000,0.025,897.5,-1,-897.5,1.411,0.00,0.78,0.00,0.11,0.009.69
1.44023,257.344,-80.859,0,0.000,0.010,-0.041,0.019,-0.027,0.010,-0.041,922.6,-1,-922.6,1.411,0.00,0.78,0.00,0.11,0.009.69
1.45981,248.467,-89.736,0,0.000,-0.001,0.052,0.019,0.002,-0.001,0.052,970.6,-1,-970.6,1.438,0.00,1.21,0.00,0.28,0.0021.93
1.46987,239.414,-98.789,0,0.000,-0.019,0.278,0.019,0.086,-0.019,0.278,996.0,-1,-996.0,1.449,0.00,1.31,0.00,0.10,0.008.23
1.48009,229.922,-108.281,0,0.000,-0.009,0.191,0.019,0.060,-0.009,0.191,1024.1,-1,-1024.1,1.461,0.00,1.45,0.00,0.14,0.0013.77
1.49015,220.342,-117.861,0,0.000,0.004,0.091,0.019,0.017,0.004,0.091,1049.8,-1,-1049.8,1.471,0.00,1.51,0.00,0.06,0.006.48
1.50973,202.148,-136.055,0,0.000,0.011,0.066,0.020,0.027,0.011,0.066,1098.8,-1,-1098.8,1.485,0.00,1.62,0.00,0.11,0.007.28
1.51979,192.480,-145.723,0,0.000,0.000,0.057,0.020,0.029,0.000,0.057,1124.7,-1,-1124.7,1.500,0.00,1.73,0.00,0.11,0.007.09
1.53001,183.164,-155.039,0,0.000,0.016,0.062,0.020,0.040,0.016,0.062,1150.7,-1,-1150.7,1.500,0.00,1.73,0.00,0.11,0.007.09
1.54007,173.496,-164.707,0,0.000,0.032,0.062,0.020,0.051,0.032,0.062,1179.4,-1,-1179.4,1.517,0.00,1.86,0.00,0.13,0.008.58
1.55965,155.391,-182.812,0,0.000,0.007,0.023,0.020,0.042,0.007,0.023,1229.1,-1,-1229.1,1.541,0.00,2.36,0.00,0.43,0.0035.43
1.56971,146.162,-192.041,0,0.000,0.007,-0.008,0.020,0.031,0.007,-0.008,1255.4,-1,-1255.4,1.541,0.00,2.36,0.00,0.43,0.0035.43
1.57993,136.934,-201.270,0,0.000,0.019,-0.004,0.020,0.045,0.019,-0.004,1281.6,-1,-1281.6,1.554,0.00,2.55,0.00,0.19,0.0015.76
1.58999,127.793,-210.410,0,0.000,0.001,0.006,0.020,0.029,0.001,0.006,1310.6,-1,-1310.6,1.565,0.00,2.71,0.00,0.16,0.0013.19
1.60957,110.566,-227.637,0,0.000,0.008,-0.017,0.021,0.019,0.008,-0.017,1360.6,-1,-1360.6,1.578,0.00,3.00,0.00,0.28,0.0022.26
1.61963,101.250,-236.953,0,0.000,0.004,0.005,0.021,0.019,0.004,0.005,1386.9,-1,-1386.9,1.594,-0.07,3.25,-0.07,0.25,-4.1615.73
1.62985,92.549,-245.654,0,0.000,0.000,0.000,0.021,-0.004,0.000,0.000,1413.2,-1,-1413.2,1.606,-0.07,3.49,0.00,0.25,0.0022.85
1.64947,70.049,-268.154,0,0.000,0.005,0.050,0.021,-0.052,0.005,0.050,1465.8,-1,-1465.8,1.630,-0.07,3.84,0.00,0.16,0.0017.39
1.65953,56.514,-281.689,0,0.000,0.002,0.075,0.021,-0.057,0.002,0.075,1492.0,-1,-1492.0,1.645,-0.07,3.97,0.00,0.14,0.0010.64
1.66975,43.418,-294.785,0,0.000,0.011,0.041,0.021,-0.047,0.011,0.041,1518.2,-1,-1518.2,1.651,-0.07,4.16,0.00,0.18,0.0015.99
1.67981,29.883,-308.320,0,0.000,0.000,0.048,0.021,-0.058,0.000,0.048,1544.3,-1,-1544.3,1.651,-0.07,4.16,0.00,0.18,0.0015.99
1.69939,4.219,-333.984,0,0.000,0.009,0.028,0.021,-0.051,0.009,0.028,1596.4,-1,-1596.4,1.678,-0.07,4.51,0.00,0.14,0.0010.30
1.70945,350.684,-347.520,0,0.000,0.002,0.030,0.021,-0.032,0.002,0.030,1622.2,-1,-1622.2,1.678,-0.07,4.51,0.00,0.14,0.0010.30
1.71967,337.412,-360.791,0,0.000,0.025,0.034,0.021,-0.049,0.025,0.034,1648.0,-1,-1648.0,1.693,-0.07,4.63,0.00,0.12,0.007.94
1.72973,323.701,-374.502,0,0.000,0.013,0.001,0.022,-0.034,0.013,0.001,1673.7,-1,-1673.7,1.707,-0.07,4.78,0.00,0.15,0.0010.84
1.74932,297.861,-400.342,0,0.000,0.022,0.016,0.022,-0.013,0.022,0.016,1724.6,-1,-1724.6,1.719,-0.07,5.06,0.00,0.28,0.0021.63
1.75937,283.975,-414.229,0,0.000,0.006,0.035,0.022,0.005,0.006,0.035,1749.9,-1,-1749.9,1.732,-0.07,5.37,0.00,0.31,0.0023.28
1.77687,261.211,-436.992,0,0.000,0.010,0.028,0.022,0.028,0.010,0.028,1792.4,-1,-1792.4,1.748,-0.07,5.70,0.00,0.33,0.0022.39
1.78931,243.281,-454.922,0,0.000,0.021,0.017,0.022,0.042,0.021,0.017,1824.5,-1,-1824.5,1.760,-0.07,1.77,-0.07,6.40,0.000.38
1.79954,229.219,-468.984,0,0.000,0.019,0.003,0.023,0.034,0.019,0.003,1849.1,-1,-1849.1,1.760,-0.07,1.77,-0.07,6.40,0.000.38
1.80959,215.068,-483.135,0,0.000,0.013,0.001,0.023,0.020,0.013,0.001,1873.3,-1,-1873.3,1.782,-0.07,6.81,0.00,0.41,0.0041.52
1.82919,187.646,-510.557,0,0.000,0.006,-0.015,0.023,0.017,0.006,-0.015,1921.2,-1,-1921.2,1.808,-0.07,7.62,0.00,0.40,0.0027.67
1.83923,173.408,-524.795,0,0.000,0.014,0.006,0.023,0.020,0.014,0.006,1944.8,-1,-1944.8,1.808,-0.07,7.62,0.00,0.40,0.0027.67
1.84946,159.346,-538.857,0,0.000,0.014,0.009,0.023,0.016,0.014,0.009,1968.1,-1,-1968.1,1.821,-0.07,7.96,0.00,0.35,0.0026.35
1.85951,145.371,-552.832,0,0.000,0.015,0.005,0.023,0.029,0.015,0.005,1991.1,-1,-1991.1,1.836,-0.07,8.33,0.00,0.37,0.0026.69
1.87910,119.092,-579.111,0,0.000,0.018,-0.001,0.024,0.038,0.018,-0.001,2036.2,-1,-2036.2,1.848,-0.07,8.72,0.00,0.40,0.0029.96
1.88915,105.469,-592.734,0,0.000,0.023,-0.006,0.024,0.033,0.023,-0.006,2058.2,-1,-2058.2,1.863,-0.07,9.07,0.00,0.34,0.0023.99
1.89938,92.109,-606.094,0,0.000,0.026,-0.005,0.024,0.042,0.026,-0.005,2080.0,-1,-2080.0,1.875,-0.07,9.40,0.00,0.34,0.0028.80
1.90943,78.750,-619.453,0,0.000,0.001,-0.028,0.024,0.047,0.001,-0.028,2101.3,-1,-2101.3,1.889,-0.07,9.79,0.00,0.38,0.0029.21
1.92902,53.174,-645.029,0,0.000,0.000,0.023,0.024,0.014,0.000,0.023,2140.9,-1,-2140.9,1.902,-0.07,10.06,0.00,0.27,0.0018.62
1.93907,39.639,-658.564,0,0.000,-0.005,0.017,0.024,0.005,-0.005,0.017,2163.1,-1,-2163.1,1.911,-0.07,10.36,0.00,0.30,0.0030.99
1.94930,26.367,-671.836,0,0.000,0.004,-0.010,0.024,-0.026,0.004,-0.010,2182.8,-1,-2182.8,1.925,-0.07,10.68,0.00,0.32,0.0023.47
1.95936,12.832,-685.371,0,0.000,0.007,-0.007,0.024,-0.068,0.007,-0.007,2202.2,-1,-2202.2,1.940,-0.07,10.93,0.00,0.25,0.0017.03
1.97894,347.168,-711.035,0,0.000,0.007,0.025,0.024,-0.107,0.007,0.025,2237.6,-1,-2237.6,1.951,-0.12,11.18,-0.05,0.25,-4.4222.49
1.98899,333.545,-724.658,0,0.000,0.014,0.008,0.025,-0.095,0.014,0.008,2257.4,-1,-2257.4,1.964,-0.12,11.40,0.00,0.22,0.0016.88
1.99922,320.273,-737.930,0,0.000,0.028,0.025,0.025,-0.075,0.028,0.025,2274.8,-1,-2274.8,1.976,-0.12,11.70,0.00,0.30,0.0025.78
2.00927,306.475,-751.729,0,0.000,0.016,0.030,0.025,-0.029,0.016,0.030,2291.7,-1,-2291.7,1.987,-0.12,11.92,0.00,0.22,0.0022.23
2.02847,280.635,-777.568,0,0.000,0.033,0.009,0.026,0.031,0.033,0.009,2322.4,-1,-2322.4,1.998,-0.12,12.19,0.00,0.27,0.0023.10
2.03869,267.187,-791.016,0,0.000,0.007,-0.004,0.026,0.046,0.007,-0.004,2337.7,-1,-2337.7,2.011,-0.12,12.46,0.00,0.27,0.0021.03
2.04875,253.037,-805.166,0,0.000,0.008,0.011,0.026,0.074,0.008,0.011,2352.4,-1,-2352.4,2.027,-0.12,12.81,0.00,0.35,0.0024.75
2.05897,239.326,-818.877,0,0.000,-0.005,0.000,0.026,0.071,-0.005,0.000,2366.5,-1,-2366.5,2.038,-0.16,13.48,-0.05,0.67,-3.6351.11
2.06903,225.000,-833.203,0,0.000,-0.007,0.013,0.026,0.087,-0.007,0.013,2381.4,-1,-2381.4,2.038,-0.16,13.48,-0.05,0.67,-3.6351.11
2.08861,197.842,-860.361,0,0.000,-0.006,0.019,0.025,0.060,-0.006,0.019,2405.2,-1,-2405.2,2.067,-0.25,14.36,-0.09,0.38,-7.1831.75
2.09867,183.428,-874.775,0,0.000,-0.001,0.026,0.025,0.040,-0.001,0.026,2416.8,-1,-2416.8,2.067,-0.25,14.36,-0.09,0.38,-7.1831.75
2.10890,169.453,-888.750,0,0.000,0.013,0.017,0.026,0.000,0.013,0.017,2427.7,-1,-2427.7,2.086,-0.25,14.82,0.00,0.46,0.0031.32
2.11895,155.215,-902.988,0,0.000,0.022,-0.004,0.026,-0.029,0.022,-0.004,2438.9,-1,-2438.9,2.094,-0.25,15.27,0.00,0.45,0.0049.25
2.13853,128.760,-929.443,0,0.000,0.029,0.010,0.026,-0.013,0.029,0.010,2456.1,-1,-2456.1,2.119,-0.25,16.00,0.00,0.36,0.0024.74
2.16402,94.131,-964.072,0,0.000,0.023,0.014,0.027,0.032,0.023,0.014,2475.3,-1,-2475.3,2.128,-0.25,16.33,0.00,0.33,0.0034.03
2.17837,75.586,-982.617,0,0.000,0.007,0.001,0.027,0.061,0.007,0.001,2483.5,-1,-2483.5,2.128,-0.25,16.33,0.00,0.33,0.0034.03
2.18859,62.402,-995.801,0,0.000,0.000,-0.001,0.027,0.059,0.000,-0.001,2488.4,-1,-2488.4,2.160,-0.25,17.22,0.00,0.31,0.0025.69
2.19865,48.867,-1009.336,0,0.000,0.004,-0.008,0.027,0.040,0.004,-0.008,2492.4,-1,-2492.4,2.160,-0.25,17.22,0.00,0.31,0.0025.69
2.20887,35.684,-1022.520,0,0.000,-0.006,-0.017,0.027,0.008,-0.006,-0.017,2495.6,-1,-2495.6,2.181,-0.25,17.53,0.00,0.31,0.0021.16
2.21893,22.148,-1036.055,0,0.000,-0.011,-0.001,0.027,-0.021,-0.011,-0.001,2498.1,-1,-2498.1,2.191,-0.25,17.80,0.00,0.27,0.0024.80
2.23851,356.484,-1061.719,0,0.000,0.003,0.031,0.027,-0.047,0.003,0.031,2500.0,-1,-2500.0,2.216,-0.32,18.38,-0.07,0.23,-5.5119.22
2.24857,342.949,-1075.254,0,0.000,0.034,0.007,0.027,-0.089,0.034,0.007,2499.7,-1,-2499.7,2.228,-0.32,18.65,0.00,0.27,0.0022.04
2.25879,329.590,-1088.613,0,0.000,0.031,0.008,0.028,-0.098,0.031,0.008,2498.4,-1,-2498.4,2.228,-0.32,18.65,0.00,0.27,0.0022.04
2.27821,303.398,-1114.805,0,0.000,0.046,0.004,0.028,-0.089,0.046,0.004,2493.1,-1,-2493.1,2.257,-0.32,19.18,0.00,0.29,0.0019.67
2.29024,288.105,-1130.098,0,0.000,0.038,0.004,0.029,-0.053,0.038,0.004,2488.6,-1,-2488.6,2.257,-0.32,19.18,0.00,0.29,0.0019.67
2.30825,262.881,-1155.322,0,0.000,0.010,0.022,0.029,0.033,0.010,0.022,2478.0,-1,-2478.0,2.295,-0.32,19.70,0.00,0.26,0.0015.47
2.31847,249.170,-1169.033,0,0.000,0.007,0.022,0.029,0.085,0.007,0.022,2470.9,-1,-2470.9,2.295,-0.32,19.70,0.00,0.26,0.0015.47
2.32852,234.932,-1183.271,0,0.000,0.008,0.004,0.029,0.116,0.008,0.004,2462.9,-1,-2462.9,2.305,-0.32,20.06,0.00,0.36,0.0025.66
2.34811,207.949,-1210.254,0,0.000,0.002,-0.002,0.029,0.113,0.002,-0.002,2443.7,-1,-2443.7,2.327,-0.32,20.80,0.00,0.37,0.0035.83
2.35816,193.623,-1224.580,0,0.000,0.004,-0.004,0.029,0.077,0.004,-0.004,2432.6,-1,-2432.6,2.340,-0.39,21.23,-0.07,0.43,-5.8034.59
2.36839,179.473,-1238.730,0,0.000,0.007,-0.007,0.029,0.060,0.007,-0.007,2420.4,-1,-2420.4,2.351,-0.39,21.64,0.00,0.41,0.0042.47
2.37845,165.146,-1253.057,0,0.000,0.013,0.007,0.030,0.029,0.013,0.007,2407.1,-1,-2407.1,2.361,-0.39,22.09,0.00,0.44,0.0042.91
2.39803,138.428,-1279.775,0,0.000,0.034,0.020,0.030,0.018,0.034,0.020,2378.9,-1,-2378.9,2.372,-0.39,22.76,0.00,0.67,0.0056.39
2.40808,124.805,-1293.398,0,0.000,0.035,0.010,0.031,0.011,0.035,0.010,2360.8,-1,-2360.8,2.383,-0.39,23.11,0.00,0.36,0.0029.03
2.41851,111.709,-1306.494,0,0.000,0.038,-0.010,0.031,-0.003,0.038,-0.010,2345.0,-1,-2345.0,2.397,-0.39,23.42,0.00,0.31,0.0025.80
2.43797,84.902,-1333.301,0,0.000,0.028,-0.008,0.031,-0.003,0.028,-0.008,2304.6,-1,-2304.6,2.407,-0.39,23.67,0.00,0.25,0.0022.07
2.44819,71.719,-1346.484,0,0.000,0.010,-0.016,0.032,0.007,0.010,-0.016,2283.6,-1,-2283.6,2.426,-0.39,23.92,0.00,0.25,0.0018.91
2.45825,58.271,-1359.932,0,0.000,-0.001,-0.005,0.032,0.008,-0.001,-0.005,2261.5,-1,-2261.5,2.432,-0.39,24.18,0.00,0.26,0.0019.84
2.46847,44.912,-1373.291,0,0.000,-0.005,0.002,0.032,0.006,-0.005,0.002,2238.3,-1,-2238.3,2.447,-0.39,24.43,0.00,0.25,0.0017.48
2.48789,19.248,-1398.955,0,0.000,-0.005,0.017,0.031,-0.001,-0.005,0.017,2188.4,-1,-2188.4,2.459,-0.44,24.65,-0.05,0.22,-4.1117.95
2.49812,5.977,-1412.227,0,0.000,0.008,-0.012,0.031,-0.037,0.008,-0.012,2161.8,-1,-2161.8,2.470,-0.53,24.89,-0.10,0.24,-9.1023.28
2.50817,352.354,-1425.850,0,0.000,0.010,-0.008,0.031,-0.064,0.010,-0.008,2134.0,-1,-2134.0,2.481,-0.59,25.10,-0.05,0.21,-4.4217.24
2.51839,338.906,-1439.297,0,0.000,0.011,0.014,0.032,-0.083,0.011,0.014,2105.0,-1,-2105.0,2.495,-0.65,25.36,-0.06,0.26,-5.1420.85
2.53781,312.891,-1465.313,0,0.000,0.035,0.007,0.032,-0.065,0.035,0.007,2046.9,-1,-2046.9,2.509,-0.65,25.58,0.00,0.22,0.0017.13
2.54803,299.531,-1478.672,0,0.000,0.038,0.018,0.033,-0.038,0.038,0.018,2014.6,-1,-2014.6,2.520,-0.65,25.76,0.00,0.18,0.0013.76
2.55809,285.732,-1492.471,0,0.000,0.036,0.019,0.033,-0.017,0.036,0.019,1977.8,-1,-1977.8,2.533,-0.65,26.02,0.00,0.26,0.0019.68
2.56831,272.197,-1506.006,0,0.000,0.029,0.007,0.033,0.017,0.029,0.007,1943.2,-1,-1943.2,2.551,-0.65,26.29,0.00,0.28,0.0020.64
2.58773,245.391,-1532.813,0,0.000,0.033,-0.019,0.034,0.047,0.033,-0.019,1874.2,-1,-1874.2,2.559,-0.65,26.60,0.00,0.31,0.0023.41
2.59795,231.504,-1546.699,0,0.000,0.013,-0.019,0.034,0.057,0.013,-0.019,1836.3,-1,-1836.3,2.575,-0.65,26.88,0.00,0.28,0.0019.82
2.60801,217.178,-1561.025,0,0.000,0.002,-0.007,0.034,0.067,0.002,-0.007,1793.2,-1,-1793.2,2.585,-0.71,27.22,-0.06,0.34,-5.0026.85
2.62759,190.020,-1588.184,0,0.000,0.006,0.007,0.034,0.061,0.006,0.007,1715.8,-1,-1715.8,2.601,-0.71,27.57,0.00,0.35,0.0025.51
2.63765,175.693,-1602.510,0,0.000,0.013,0.004,0.034,0.043,0.013,0.004,1673.4,-1,-1673.4,2.615,-0.71,27.93,0.00,0.35,0.0024.49
2.64787,161.719,-1616.484,0,0.000,0.017,0.002,0.034,0.029,0.017,0.002,1630.0,-1,-1630.0,2.627,-0.71,28.33,0.00,0.40,0.0038.75
2.65794,147.568,-1630.635,0,0.000,0.029,0.000,0.035,0.001,0.029,0.000,1580.9,-1,-1580.9,2.636,-0.71,28.66,0.00,0.34,0.0026.67
2.66808,134.824,-1643.379,0,0.000,0.039,-0.008,0.035,0.000,0.039,-0.008,1539.8,-1,-1539.8,2.636,-0.71,28.66,0.00,0.34,0.0026.67
2.67811,120.410,-1657.793,0,0.000,0.029,-0.008,0.035,0.002,0.029,-0.008,1488.5,-1,-1488.5,2.650,-0.71,28.99,0.00,0.33,0.0025.61
2.69753,96.240,-1681.963,0,0.000,0.022,0.014,0.036,0.026,0.022,0.014,1396.9,-1,-1396.9,2.677,-0.71,29.56,0.00,0.32,0.0023.55
2.70777,87.188,-1691.016,0,0.000,0.009,-0.188,0.036,0.010,0.009,-0.188,1347.2,-1,-1347.2,2.688,-0.71,29.76,0.00,0.20,0.0018.58
2.71781,78.398,-1699.805,0,0.000,0.006,-0.148,0.036,-0.044,0.006,-0.148,1296.6,-1,-1296.6,2.688,-0.71,29.76,0.00,0.20,0.0018.58
2.72803,69.434,-1708.770,0,0.000,0.020,-0.033,0.036,-0.003,0.020,-0.033,1244.9,-1,-1244.9,2.699,-0.71,30.00,0.00,0.23,0.0018.83
2.74745,52.383,-1725.820,0,0.000,-0.009,-0.047,0.036,-0.025,-0.009,-0.047,1138.9,-1,-1138.9,2.727,-0.71,30.53,0.00,0.28,0.0021.96
2.75767,43.682,-1734.521,0,0.000,0.010,0.000,0.036,-0.059,0.010,0.000,1084.5,-1,-1084.5,2.727,-0.71,30.53,0.00,0.28,0.0021.96
2.76772,34.541,-1743.662,0,0.000,0.002,-0.022,0.036,-0.032,0.002,-0.022,1029.3,-1,-1029.3,2.739,-0.77,30.73,-0.06,0.20,-4.3714.58
2.77795,25.840,-1752.363,0,0.000,0.002,-0.042,0.036,-0.074,0.002,-0.042,973.2,-1,-973.2,2.749,-0.83,30.96,-0.05,0.23,-4.2619.01
2.79790,16.172,-1762.031,0,0.000,0.008,-0.077,0.036,-0.007,0.008,-0.077,852.7,-1,-852.7,2.778,-0.83,31.27,0.00,0.06,0.004.94
2.81749,7.559,-1770.645,0,0.000,0.044,0.044,0.037,0.078,0.044,0.044,740.9,-1,-740.9,2.800,-0.78,31.67,0.05,0.25,4.2022.08
2.82754,3.076,-1775.127,0,0.000,0.035,-0.023,0.037,0.060,0.035,-0.023,680.9,-1,-680.9,2.812,-0.78,31.78,0.00,0.11,0.0012.34
2.83777,358.770,-1779.434,0,0.000,0.029,0.013,0.038,0.072,0.029,0.013,620.3,-1,-620.3,2.812,-0.78,31.78,0.00,0.11,0.0012.34
2.84782,354.111,-1784.092,0,0.000,0.029,0.019,0.038,0.097,0.029,0.019,559.1,-1,-559.1,2.822,-0.78,31.99,0.00,0.21,0.0018.79
2.86741,348.662,-1789.541,0,0.000,0.005,-0.062,0.038,0.089,0.005,-0.062,434.8,-1,-434.8,2.845,-0.85,32.41,0.00,0.23,0.0017.14
2.87746,348.750,-1789.453,0,0.000,-0.002,-0.095,0.038,0.145,-0.002,-0.095,371.9,-1,-371.9,2.856,-0.85,32.52,0.00,0.11,0.009.47
2.88769,348.750,-1789.453,0,0.000,-0.005,-0.072,0.038,0.137,-0.005,-0.072,308.4,-1,-308.4,2.866,-0.85,32.67,0.00,0.14,0.0013.17
2.89774,348.750,-1789.453,0,0.000,0.018,-0.041,0.038,0.123,0.018,-0.041,244.5,-1,-244.5,2.878,-0.85,32.89,0.00,0.22,0.0022.94
2.91733,348.750,-1789.453,0,0.000,0.028,-0.026,0.039,0.032,0.028,-0.026,115.5,-1,-115.5,2.887,-0.85,32.95,0.00,0.06,0.005.46
2.92738,348.750,-1789.453,0,0.000,0.031,-0.002,0.039,0.016,0.031,-0.002,50.5,-1,-50.5,2.902,-0.85,33.08,0.00,0.14,0.008.93
2.93761,348.662,-1789.541,0,0.000,0.031,0.001,0.039,-0.020,0.031,0.001,14.8,1,14.8,2.916,-0.85,33.19,0.00,0.10,0.007.32
2.95702,348.662,-1789.541,0,0.000,0.033,0.008,0.040,-0.033,0.033,0.008,146.2,1,146.2,2.939,-0.85,33.06,0.00,0.00,0.000.00
2.96725,348.750,-1789.453,0,0.000,0.028,0.005,0.040,-0.019,0.028,0.005,212.1,1,212.1,2.939,-0.85,33.06,0.00,0.00,0.000.00
2.97730,348.750,-1789.453,0,0.000,0.025,0.004,0.040,-0.014,0.025,0.004,278.1,1,278.1,2.952,-0.85,33.06,0.00,0.00,0.000.00
2.98753,348.750,-1789.453,0,0.000,0.021,0.008,0.041,0.003,0.021,0.008,344.2,1,344.2,2.964,-0.85,32.99,0.00,-0.07,0.00-5.79
2.99758,348.750,-1789.453,0,0.000,0.013,-0.001,0.041,0.015,0.013,-0.001,410.3,1,410.3,2.976,-0.85,32.99,0.00,0.00,0.000.00
3.01717,350.596,-1787.607,0,0.000,0.010,0.001,0.041,0.038,0.010,0.001,542.3,1,542.3,2.988,-0.85,32.99,0.00,0.00,0.000.00
3.02722,355.254,-1782.949,0,0.000,-0.012,-0.169,0.041,0.000,-0.012,-0.169,608.2,1,608.2,2.999,-0.85,32.99,0.00,0.00,0.000.00
3.03745,359.736,-1778.467,0,0.000,-0.008,-0.179,0.041,-0.090,-0.008,-0.179,673.8,1,673.8,3.013,-0.85,32.99,0.00,0.00,0.000.00
3.04749,4.131,-1774.072,0,0.000,0.014,-0.069,0.041,-0.028,0.014,-0.069,732.6,1,732.6,3.024,-0.85,32.99,0.00,0.00,0.000.00
3.06686,12.920,-1765.283,0,0.000,0.007,-0.059,0.041,-0.038,0.007,-0.059,862.5,1,862.5,3.050,-0.85,32.99,0.00,0.00,0.000.00
3.07693,17.402,-1760.801,0,0.000,0.036,-0.071,0.041,-0.105,0.036,-0.071,933.2,1,933.2,3.058,-0.85,32.99,0.00,0.00,0.000.00
3.08715,22.676,-1755.527,0,0.000,0.017,-0.019,0.042,-0.061,0.017,-0.019,997.0,1,997.0,3.058,-0.85,32.99,0.00,0.00,0.000.00
3.09720,31.816,-1746.387,0,0.000,0.050,-0.002,0.042,0.026,0.050,-0.002,1060.3,1,1060.3,3.070,-0.85,32.79,0.00,-0.20,0.00-16.40
3.11678,48.955,-1729.248,0,0.000,0.049,0.010,0.043,0.078,0.049,0.010,1178.9,1,1178.9,3.097,-0.85,32.70,0.00,-0.09,0.00-7.52
3.12684,57.920,-1720.283,0,0.000,0.019,-0.014,0.043,0.026,0.019,-0.014,1240.3,1,1240.3,3.097,-0.85,32.70,0.00,-0.09,0.00-7.52
3.13706,66.797,-1711.406,0,0.000,0.012,-0.001,0.044,0.027,0.012,-0.001,1306.9,1,1306.9,3.109,-0.85,32.56,0.00,-0.14,0.00-11.23
3.14712,75.674,-1702.529,0,0.000,0.020,-0.002,0.044,-0.014,0.020,-0.002,1366.7,1,1366.7,3.122,-0.85,32.51,0.00,-0.05,0.00-3.76
3.16670,95.713,-1682.490,0,0.000,0.008,-0.080,0.044,-0.022,0.008,-0.080,1477.7,1,1477.7,3.147,-0.85,32.12,0.00,-0.39,0.00-29.50
3.17676,109.336,-1668.867,0,0.000,0.022,-0.132,0.044,0.027,0.022,-0.132,1534.8,1,1534.8,3.158,-0.85,32.03,0.00,-0.09,0.00-7.66
3.18699,122.695,-1655.508,0,0.000,0.005,-0.098,0.044,-0.032,0.005,-0.098,1590.7,1,1590.7,3.158,-0.85,32.03,0.00,-0.09,0.00-7.66
3.19704,136.318,-1641.885,0,0.000,0.020,-0.048,0.044,-0.014,0.020,-0.048,1651.0,1,1651.0,3.172,-0.85,31.87,0.00,-0.17,0.00-13.38
3.21662,163.213,-1614.990,0,0.000,0.020,-0.023,0.045,-0.050,0.020,-0.023,1751.7,1,1751.7,3.195,-0.78,31.58,0.07,-0.08,6.45-7.07
3.22668,177.363,-1600.840,0,0.000,0.025,-0.004,0.045,-0.056,0.025,-0.004,1802.9,1,1802.9,3.206,-0.78,31.44,0.00,-0.14,0.00-9.95
3.23692,191.602,-1586.602,0,0.000,0.016,-0.010,0.045,-0.037,0.016,-0.010,1852.7,1,1852.7,3.218,-0.70,31.04,0.08,-0.40,7.33-37.00
3.24696,205.840,-1572.363,0,0.000,0.009,-0.030,0.045,-0.032,0.009,-0.030,1905.8,1,1905.8,3.218,-0.70,31.04,0.08,-0.40,7.33-37.00
3.26654,233.086,-1545.117,0,0.000,0.011,-0.026,0.046,0.020,0.011,-0.026,1993.3,1,1993.3,3.242,-0.70,30.63,0.00,-0.23,0.00-22.65
3.27660,247.061,-1531.143,0,0.000,0.020,-0.008,0.046,0.070,0.020,-0.008,2037.1,1,2037.1,3.254,-0.70,30.36,0.00,-0.28,0.00-22.12
3.28682,260.947,-1517.256,0,0.000,0.017,-0.004,0.046,0.088,0.017,-0.004,2079.3,1,2079.3,3.265,-0.63,30.18,0.07,-0.18,5.70-14.89
3.29703,273.955,-1504.248,0,0.000,0.010,-0.001,0.046,0.097,0.010,-0.001,2119.8,1,2119.8,3.276,-0.63,29.91,0.00,-0.27,0.00-23.00
3.31697,301.729,-1476.475,0,0.000,0.019,0.010,0.046,0.095,0.019,0.010,2198.9,1,2198.9,3.304,-0.57,29.44,0.00,-0.25,0.00-21.17
3.33655,327.656,-1450.547,0,0.000,0.017,0.007,0.047,0.026,0.017,0.007,2263.5,1,2263.5,3.310,-0.57,29.12,0.00,-0.32,0.00-29.91
3.34660,341.367,-1436.836,0,0.000,0.013,0.008,0.047,-0.014,0.013,0.008,2294.6,1,2294.6,3.323,-0.57,28.79,0.00,-0.33,0.00-25.56
3.35682,354.639,-1423.564,0,0.000,0.005,0.016,0.047,-0.019,0.005,0.016,2323.8,1,2323.8,3.332,-0.57,28.49,0.00,-0.30,0.00-34.05
3.36688,8.262,-1409.941,0,0.000,0.008,0.016,0.047,-0.042,0.008,0.016,2350.8,1,2350.8,3.343,-0.57,28.12,0.00,-0.37,0.00-30.37
3.38647,33.926,-1384.277,0,0.000,0.011,0.023,0.047,-0.052,0.011,0.023,2398.6,1,2398.6,3.353,-0.50,27.75,0.07,-0.37,7.39-39.41
3.39652,47.461,-1370.742,0,0.000,0.008,0.020,0.047,-0.038,0.008,0.020,2419.2,1,2419.2,3.369,-0.50,27.39,0.00,-0.35,0.00-23.62
3.40674,60.645,-1357.559,0,0.000,0.009,0.004,0.047,-0.033,0.009,0.004,2437.5,1,2437.5,3.384,-0.50,27.03,0.00,-0.36,0.00-21.99
3.41680,74.180,-1344.023,0,0.000,0.002,-0.001,0.047,-0.010,0.002,-0.001,2453.6,1,2453.6,3.394,-0.50,26.69,0.00,-0.34,0.00-35.45
3.43616,99.404,-1318.799,0,0.000,0.014,0.005,0.047,0.010,0.014,0.005,2478.7,1,2478.7,3.406,-0.50,26.43,0.00,-0.26,0.00-21.27
3.44639,112.939,-1305.264,0,0.000,0.011,0.011,0.048,0.014,0.011,0.011,2487.7,1,2487.7,3.419,-0.50,26.11,0.00,-0.31,0.00-22.96
3.45644,126.563,-1291.641,0,0.000,0.020,0.008,0.048,0.001,0.020,0.008,2494.3,1,2494.3,3.435,-0.50,25.84,0.00,-0.27,0.00-17.41
3.46668,140.186,-1278.018,0,0.000,0.013,0.005,0.048,0.005,0.013,0.005,2498.4,1,2498.4,3.446,-0.50,25.57,0.00,-0.28,0.00-21.30
3.47672,154.248,-1263.955,0,0.000,0.000,0.019,0.048,-0.013,0.000,0.019,2500.0,1,2500.0,3.446,-0.50,25.57,0.00,-0.28,0.00-21.30
3.49631,181.318,-1236.885,0,0.000,0.005,-0.010,0.048,-0.053,0.005,-0.010,2495.6,1,2495.6,3.471,-0.50,24.99,0.00,-0.33,0.00-25.74
3.50636,195.645,-1222.559,0,0.000,0.005,-0.002,0.048,-0.047,0.005,-0.002,2489.6,1,2489.6,3.481,-0.50,24.69,0.00,-0.30,0.00-31.25
3.51658,209.795,-1208.408,0,0.000,0.007,0.011,0.048,-0.025,0.007,0.011,2481.1,1,2481.1,3.495,-0.50,24.44,0.00,-0.26,0.00-19.01
3.52664,224.033,-1194.170,0,0.000,0.009,0.001,0.048,0.007,0.009,0.001,2469.9,1,2469.9,3.503,-0.44,24.17,0.06,-0.27,6.94-29.09
3.54623,251.016,-1167.188,0,0.000,0.014,0.003,0.048,0.063,0.014,0.003,2439.8,1,2439.8,3.525,-0.44,23.65,0.00,-0.25,0.00-24.68
3.55628,264.814,-1153.389,0,0.000,0.016,-0.013,0.049,0.078,0.016,-0.013,2420.8,1,2420.8,3.525,-0.44,23.65,0.00,-0.25,0.00-24.68
3.56650,278.613,-1139.590,0,0.000,0.020,-0.003,0.049,0.086,0.020,-0.003,2399.1,1,2399.1,3.539,-0.44,23.42,0.00,-0.23,0.00-16.76
3.57656,292.148,-1126.055,0,0.000,0.035,0.001,0.049,0.094,0.035,0.001,2374.9,1,2374.9,3.557,-0.44,23.14,0.00,-0.28,0.00-18.72
3.59615,318.340,-1099.863,0,0.000,0.019,-0.001,0.050,0.076,0.019,-0.001,2318.5,1,2318.5,3.564,-0.44,22.83,0.00,-0.31,0.00-24.17
3.60620,331.875,-1086.328,0,0.000,0.012,0.031,0.050,0.059,0.012,0.031,2286.4,1,2286.4,3.578,-0.44,22.43,0.00,-0.40,0.00-34.58
3.61643,345.322,-1072.881,0,0.000,0.016,0.017,0.050,0.032,0.016,0.017,2251.7,1,2251.7,3.592,-0.44,22.08,0.00,-0.35,0.00-24.28
3.63584,11.162,-1047.041,0,0.000,0.011,0.001,0.050,-0.024,0.011,0.001,2178.6,1,2178.6,3.605,-0.44,21.62,0.00,-0.46,0.00-32.78
3.64607,24.521,-1033.682,0,0.000,0.011,0.002,0.050,-0.059,0.011,0.002,2132.1,1,2132.1,3.618,-0.44,21.27,0.00,-0.36,0.00-29.51
3.65612,38.057,-1020.146,0,0.000,0.009,-0.007,0.050,-0.068,0.009,-0.007,2087.2,1,2087.2,3.630,-0.44,20.80,0.00,-0.47,0.00-42.86
3.66635,51.240,-1006.963,0,0.000,0.009,-0.004,0.050,-0.059,0.009,-0.004,2039.7,1,2039.7,3.643,-0.44,20.42,0.00,-0.38,0.00-27.95
3.68556,76.904,-981.299,0,0.000,0.025,0.006,0.051,-0.020,0.025,0.006,1942.9,1,1942.9,3.653,-0.44,20.09,0.00,-0.33,0.00-29.54
3.69579,90.000,-968.203,0,0.000,0.023,0.011,0.051,-0.006,0.023,0.011,1888.4,1,1888.4,3.671,-0.44,19.69,0.00,-0.40,0.00-24.39
3.70584,103.623,-954.580,0,0.000,0.024,-0.004,0.051,0.003,0.024,-0.004,1831.6,1,1831.6,3.683,-0.44,19.36,0.00,-0.33,0.00-25.71
3.71607,116.895,-941.309,0,0.000,0.012,0.000,0.051,-0.002,0.012,0.000,1766.5,1,1766.5,3.693,-0.44,19.11,0.00,-0.25,0.00-26.86
3.72612,130.693,-927.510,0,0.000,0.024,-0.006,0.052,-0.018,0.024,-0.006,1704.9,1,1704.9,3.704,-0.44,18.76,0.00,-0.36,0.00-29.40
3.74571,157.148,-901.055,0,0.000,0.000,-0.015,0.052,-0.031,0.000,-0.015,1581.9,1,1581.9,3.718,-0.44,18.46,0.00,-0.30,0.00-22.13
3.75576,171.387,-886.816,0,0.000,-0.002,0.000,0.052,-0.026,-0.002,0.000,1514.2,1,1514.2,3.730,-0.44,18.21,0.00,-0.25,0.00-19.54
3.76599,185.537,-872.666,0,0.000,-0.008,0.014,0.052,-0.009,-0.008,0.014,1444.4,1,1444.4,3.730,-0.44,18.21,0.00,-0.25,0.00-19.54
3.77604,197.139,-861.064,0,0.000,-0.005,0.014,0.052,-0.010,-0.005,0.014,1365.4,1,1365.4,3.748,-0.38,17.93,0.05,-0.28,3.14-17.39
3.79563,215.244,-842.959,0,0.000,-0.001,0.110,0.052,0.045,-0.001,0.110,1223.7,1,1223.7,3.770,-0.31,17.39,0.07,-0.26,6.79-25.99
3.80605,224.561,-833.643,0,0.000,-0.005,0.041,0.052,0.059,-0.005,0.041,1146.5,1,1146.5,3.785,-0.26,17.21,0.05,-0.18,3.50-12.41
3.82569,243.105,-815.098,0,0.000,0.018,0.029,0.052,0.035,0.018,0.029,987.5,1,987.5,3.800,-0.26,16.96,0.00,-0.25,0.00-16.03
3.83575,250.049,-808.154,0,0.000,0.014,0.029,0.052,0.069,0.014,0.029,905.7,1,905.7,3.800,-0.26,16.96,0.00,-0.25,0.00-16.03
3.84597,254.268,-803.936,0,0.000,0.025,0.165,0.052,0.084,0.025,0.165,822.5,1,822.5,3.815,-0.26,16.63,0.00,-0.33,0.00-18.41
3.85602,259.102,-799.102,0,0.000,0.002,0.183,0.053,0.138,0.002,0.183,729.6,1,729.6,3.833,-0.26,16.46,0.00,-0.16,0.00-12.30
3.87561,267.715,-790.488,0,0.000,-0.016,0.099,0.052,0.089,-0.016,0.099,565.8,1,565.8,3.845,-0.26,16.24,0.00,-0.23,0.00-15.70
3.88566,272.197,-786.006,0,0.000,-0.011,0.093,0.052,0.044,-0.011,0.093,478.1,1,478.1,3.857,-0.26,15.98,0.00,-0.25,0.00-18.11
3.89589,272.109,-786.094,0,0.000,-0.035,0.241,0.052,0.081,-0.035,0.241,389.6,1,389.6,3.871,-0.26,15.81,0.00,-0.17,0.00-14.79
3.90596,272.109,-786.094,0,0.000,-0.025,0.202,0.051,0.072,-0.025,0.202,291.3,1,291.3,3.887,-0.22,15.47,0.05,-0.34,3.25-23.23
3.92553,272.109,-786.094,0,0.000,0.007,0.095,0.051,0.056,0.007,0.095,119.9,1,119.9,3.899,-0.22,15.41,0.00,-0.06,0.00-4.53
3.93558,272.109,-786.094,0,0.000,0.034,0.101,0.052,0.028,0.034,0.101,29.0,1,29.0,3.913,-0.22,15.29,0.00,-0.13,0.00-9.08
3.94582,272.109,-786.094,0,0.000,0.032,0.059,0.052,0.040,0.032,0.059,62.2,-1,-62.2,3.927,-0.22,15.08,0.00,-0.21,0.00-17.18
3.95586,272.109,-786.094,0,0.000,0.032,0.037,0.052,0.037,0.032,0.037,153.6,-1,-153.6,3.927,-0.22,15.08,0.00,-0.21,0.00-17.18
3.97545,272.109,-786.094,0,0.000,0.028,0.016,0.053,0.045,0.028,0.016,336.3,-1,-336.3,3.955,-0.27,14.90,-0.06,-0.11,-3.38-6.67
3.98550,272.109,-786.094,0,0.000,0.025,0.011,0.053,0.046,0.025,0.011,427.4,-1,-427.4,3.966,-0.27,14.95,0.00,0.05,0.004.75
3.99573,271.934,-786.270,0,0.000,0.019,0.022,0.053,0.040,0.019,0.022,518.2,-1,-518.2,3.977,-0.27,14.95,0.00,0.00,0.000.00
4.00578,267.100,-791.104,0,0.000,-0.014,0.148,0.053,0.059,-0.014,0.148,608.6,-1,-608.6,3.987,-0.27,15.02,0.00,0.08,0.007.78
4.02537,257.959,-800.244,0,0.000,-0.010,0.078,0.053,0.063,-0.010,0.078,787.3,-1,-787.3,4.008,-0.27,15.02,0.00,0.00,0.000.00
4.03543,253.301,-804.902,0,0.000,-0.014,0.092,0.053,0.050,-0.014,0.092,875.5,-1,-875.5,4.008,-0.27,15.02,0.00,0.00,0.000.00
4.04565,248.643,-809.561,0,0.000,0.002,0.108,0.053,0.022,0.002,0.108,962.7,-1,-962.7,4.018,-0.27,15.02,0.00,0.00,0.000.00
4.06566,231.240,-826.963,0,0.000,0.015,0.136,0.053,-0.105,0.015,0.136,1133.5,-1,-1133.5,4.040,-0.27,14.96,0.00,-0.06,0.00-6.00
4.07572,221.660,-836.543,0,0.000,0.029,0.065,0.053,-0.071,0.029,0.065,1217.0,-1,-1217.0,4.049,-0.27,15.18,0.00,0.22,0.0018.86
4.09530,203.203,-855.000,0,0.000,0.014,0.042,0.054,-0.040,0.014,0.042,1379.1,-1,-1379.1,4.071,-0.27,15.27,0.00,0.09,0.008.39
4.10536,193.535,-864.668,0,0.000,0.010,0.031,0.054,-0.022,0.010,0.031,1457.6,-1,-1457.6,4.084,-0.27,15.43,0.00,0.16,0.0012.21
4.11558,179.209,-878.994,0,0.000,0.010,0.111,0.054,0.000,0.010,0.111,1534.1,-1,-1534.1,4.095,-0.27,15.69,0.00,0.26,0.0024.27
4.13500,152.051,-906.152,0,0.000,-0.008,0.066,0.054,0.053,-0.008,0.066,1681.0,-1,-1681.0,4.107,-0.27,15.99,0.00,0.31,0.0024.41
4.14522,138.164,-920.039,0,0.000,0.002,0.060,0.054,0.069,0.002,0.060,1751.0,-1,-1751.0,4.117,-0.27,16.23,0.00,0.23,0.0022.16
4.15528,124.453,-933.750,0,0.000,0.015,0.078,0.054,0.079,0.015,0.078,1818.6,-1,-1818.6,4.130,-0.27,16.53,0.00,0.31,0.0023.37
4.16550,110.918,-947.285,0,0.000,0.012,0.027,0.054,0.075,0.012,0.027,1883.7,-1,-1883.7,4.142,-0.27,16.73,0.00,0.19,0.0017.56
4.18492,84.990,-973.213,0,0.000,0.014,0.008,0.054,0.030,0.014,0.008,2005.7,-1,-2005.7,4.155,-0.27,17.10,0.00,0.38,0.0028.97
4.19514,71.631,-986.572,0,0.000,0.014,0.001,0.054,0.035,0.014,0.001,2062.4,-1,-2062.4,4.172,-0.27,17.38,0.00,0.28,0.0016.07
4.20520,58.359,-999.844,0,0.000,0.013,0.004,0.054,-0.025,0.013,0.004,2116.1,-1,-2116.1,4.185,-0.27,17.62,0.00,0.24,0.0018.07
4.21544,45.000,-1013.203,0,0.000,0.013,0.013,0.055,-0.048,0.013,0.013,2166.7,-1,-2166.7,4.197,-0.27,17.93,0.00,0.30,0.0028.31
4.23484,19.336,-1038.867,0,0.000,0.014,0.005,0.055,-0.088,0.014,0.005,2253.9,-1,-2253.9,4.206,-0.37,18.08,-0.10,0.15,-7.8011.99
4.24506,5.889,-1052.314,0,0.000,0.025,0.015,0.055,-0.127,0.025,0.015,2298.8,-1,-2298.8,4.219,-0.37,18.30,0.00,0.22,0.0021.25
4.25512,352.529,-1065.674,0,0.000,0.018,0.034,0.055,-0.098,0.018,0.034,2336.0,-1,-2336.0,4.233,-0.37,18.55,0.00,0.25,0.0017.30
4.26534,338.994,-1079.209,0,0.000,0.011,0.031,0.055,-0.098,0.011,0.031,2369.5,-1,-2369.5,4.243,-0.37,18.86,0.00,0.31,0.0032.58
4.28476,313.066,-1105.137,0,0.000,0.023,0.011,0.056,-0.044,0.023,0.011,2423.1,-1,-2423.1,4.265,-0.37,19.49,0.00,0.31,0.0022.59
4.29498,299.619,-1118.584,0,0.000,0.014,0.006,0.056,0.001,0.014,0.006,2445.8,-1,-2445.8,4.265,-0.37,19.49,0.00,0.31,0.0022.59
4.30504,285.820,-1132.383,0,0.000,0.021,0.008,0.056,0.023,0.021,0.008,2466.3,-1,-2466.3,4.281,-0.37,19.98,0.00,0.49,0.0035.69
4.31521,272.900,-1145.303,0,0.000,0.020,-0.005,0.056,0.056,0.020,-0.005,2479.5,-1,-2479.5,4.295,-0.37,20.36,0.00,0.39,0.0025.27
4.32522,258.662,-1159.541,0,0.000,0.028,0.000,0.057,0.074,0.028,0.000,2491.2,-1,-2491.2,4.306,-0.43,20.79,-0.06,0.43,-5.6440.45
4.34465,231.680,-1186.523,0,0.000,0.023,-0.016,0.057,0.069,0.023,-0.016,2499.9,-1,-2499.9,4.325,-0.43,21.54,0.00,0.35,0.0036.17
4.35486,217.705,-1200.498,0,0.000,0.014,-0.004,0.057,0.047,0.014,-0.004,2498.6,-1,-2498.6,4.325,-0.43,21.54,0.00,0.35,0.0036.17
4.36491,203.291,-1214.912,0,0.000,0.007,0.000,0.057,0.026,0.007,0.000,2492.3,-1,-2492.3,4.338,-0.43,21.99,0.00,0.44,0.0037.27
4.37514,189.229,-1228.975,0,0.000,0.013,0.000,0.058,-0.004,0.013,0.000,2482.1,-1,-2482.1,4.352,-0.43,22.32,0.00,0.33,0.0024.18
4.39456,161.807,-1256.396,0,0.000,0.022,0.008,0.058,-0.045,0.022,0.008,2451.4,-1,-2451.4,4.363,-0.43,22.65,0.00,0.33,0.0028.59
4.40478,148.008,-1270.195,0,0.000,0.032,0.001,0.058,-0.031,0.032,0.001,2429.1,-1,-2429.1,4.375,-0.43,23.00,0.00,0.35,0.0024.60
4.41483,133.945,-1284.258,0,0.000,0.039,0.004,0.059,-0.029,0.039,0.004,2402.6,-1,-2402.6,4.391,-0.43,23.29,0.00,0.29,0.0021.38
4.42506,120.498,-1297.705,0,0.000,0.034,-0.007,0.059,0.013,0.034,-0.007,2368.6,-1,-2368.6,4.402,-0.43,23.52,0.00,0.23,0.0021.27
4.44422,94.746,-1323.457,0,0.000,0.021,0.006,0.059,0.056,0.021,0.006,2298.2,-1,-2298.2,4.416,-0.43,23.76,0.00,0.24,0.0016.59
4.45445,81.475,-1336.729,0,0.000,0.020,0.000,0.060,0.057,0.020,0.000,2255.2,-1,-2255.2,4.427,-0.43,24.09,0.00,0.34,0.0024.22
4.46450,67.939,-1350.264,0,0.000,0.005,-0.020,0.060,0.068,0.005,-0.020,2208.1,-1,-2208.1,4.444,-0.50,24.33,-0.07,0.23,-5.8018.66
4.47473,54.756,-1363.447,0,0.000,0.001,-0.001,0.060,0.063,0.001,-0.001,2157.1,-1,-2157.1,4.453,-0.58,24.55,-0.08,0.22,-6.7719.93
4.48478,41.221,-1376.982,0,0.000,0.000,-0.001,0.060,0.042,0.000,-0.001,2102.1,-1,-2102.1,4.453,-0.58,24.55,-0.08,0.22,-6.7719.93
4.50437,15.557,-1402.646,0,0.000,0.008,0.000,0.060,-0.045,0.008,0.000,1980.7,-1,-1980.7,4.478,-0.65,25.08,-0.08,0.25,-6.7321.98
4.51442,2.285,-1415.918,0,0.000,0.007,-0.015,0.060,-0.085,0.007,-0.015,1914.4,-1,-1914.4,4.492,-0.65,25.29,0.00,0.21,0.0016.94
4.52465,348.838,-1429.365,0,0.000,0.008,0.017,0.060,-0.111,0.008,0.017,1844.5,-1,-1844.5,4.502,-0.65,25.48,0.00,0.19,0.0019.18
4.53470,335.391,-1442.813,0,0.000,0.014,0.022,0.060,-0.128,0.014,0.022,1771.1,-1,-1771.1,4.513,-0.65,25.69,0.00,0.21,0.0018.02
4.55429,309.375,-1468.828,0,0.000,0.041,-0.002,0.061,-0.116,0.041,-0.002,1614.2,-1,-1614.2,4.527,-0.65,25.93,0.00,0.23,0.0016.71
4.56434,295.752,-1482.451,0,0.000,0.034,0.022,0.061,-0.072,0.034,0.022,1531.0,-1,-1531.0,4.541,-0.65,26.26,0.00,0.34,0.0026.72
4.57457,282.129,-1496.074,0,0.000,0.031,0.014,0.061,-0.029,0.031,0.014,1444.7,-1,-1444.7,4.541,-0.65,26.26,0.00,0.34,0.0026.72
4.58462,271.143,-1507.061,0,0.000,0.023,-0.014,0.062,0.018,0.023,-0.014,1355.6,-1,-1355.6,4.556,-0.72,26.52,-0.07,0.26,-4.3616.71
4.60421,253.564,-1524.639,0,0.000,-0.006,-0.093,0.062,0.041,-0.006,-0.093,1169.4,-1,-1169.4,4.582,-0.77,27.34,-0.05,0.38,-3.4727.12
4.61426,244.424,-1533.779,0,0.000,0.023,-0.032,0.062,0.065,0.023,-0.032,1072.5,-1,-1072.5,4.595,-0.77,27.72,0.00,0.38,0.0033.05
4.62449,235.020,-1543.184,0,0.000,0.004,-0.075,0.062,0.068,0.004,-0.075,973.5,-1,-973.5,4.604,-0.77,28.11,0.00,0.40,0.0040.36
4.63454,229.307,-1548.896,0,0.000,-0.010,-0.174,0.062,0.037,-0.010,-0.174,872.3,-1,-872.3,4.615,-0.77,28.42,0.00,0.30,0.0026.34
4.65413,220.166,-1558.037,0,0.000,-0.014,0.004,0.062,0.112,-0.014,0.004,664.4,-1,-664.4,4.627,-0.77,28.59,0.00,0.18,0.0014.99
4.66418,215.596,-1562.607,0,0.000,0.022,0.006,0.062,0.062,0.022,0.006,558.2,-1,-558.2,4.627,-0.77,28.59,0.00,0.18,0.0014.99
4.67441,211.025,-1567.178,0,0.000,0.038,0.019,0.062,0.031,0.038,0.019,450.5,-1,-450.5,4.647,-0.77,28.73,0.00,0.14,0.007.30
4.68456,211.201,-1567.002,0,0.000,0.040,-0.084,0.063,-0.012,0.040,-0.084,352.7,-1,-352.7,4.659,-0.77,28.94,0.00,0.21,0.0016.75
4.70449,211.289,-1566.914,0,0.000,0.072,-0.036,0.064,-0.047,0.072,-0.036,121.7,-1,-121.7,4.684,-0.72,29.09,0.05,0.06,4.064.37
4.72408,211.201,-1567.002,0,0.000,0.026,-0.028,0.065,-0.008,0.026,-0.028,100.3,1,100.3,4.696,-0.72,29.09,0.00,0.00,0.000.00
4.73413,211.289,-1566.914,0,0.000,0.027,-0.001,0.065,-0.004,0.027,-0.001,211.5,1,211.5,4.708,-0.72,29.25,0.00,0.16,0.0016.21
4.74436,211.289,-1566.914,0,0.000,0.014,-0.010,0.065,0.029,0.014,-0.010,322.5,1,322.5,4.721,-0.72,29.25,0.00,0.00,0.000.00
4.75441,211.289,-1566.914,0,0.000,0.010,-0.016,0.065,0.044,0.010,-0.016,433.2,1,433.2,4.730,-0.72,29.25,0.00,0.00,0.000.00
4.77400,216.650,-1561.553,0,0.000,0.004,-0.006,0.066,0.132,0.004,-0.006,641.5,1,641.5,4.744,-0.72,29.33,0.00,0.07,0.005.43
4.78405,221.484,-1556.719,0,0.000,0.023,-0.036,0.066,0.131,0.023,-0.036,760.5,1,760.5,4.758,-0.72,29.33,0.00,0.00,0.000.00
4.79428,226.318,-1551.885,0,0.000,0.034,0.013,0.066,0.129,0.034,0.013,867.3,1,867.3,4.772,-0.72,29.39,0.00,0.06,0.005.36
4.80435,231.064,-1547.139,0,0.000,0.028,0.001,0.066,0.081,0.028,0.001,972.6,1,972.6,4.784,-0.72,29.39,0.00,0.00,0.000.00
4.82392,248.379,-1529.824,0,0.000,0.032,-0.081,0.067,0.046,0.032,-0.081,1167.5,1,1167.5,4.794,-0.72,29.39,0.00,0.00,0.000.00
4.83397,257.783,-1520.420,0,0.000,0.018,-0.042,0.067,-0.014,0.018,-0.042,1276.9,1,1276.9,4.809,-0.72,29.33,0.00,-0.06,0.00-4.48
4.84420,266.836,-1511.367,0,0.000,0.026,-0.026,0.068,-0.004,0.026,-0.026,1373.8,1,1373.8,4.821,-0.72,29.16,0.00,-0.17,0.00-15.13
4.85425,276.855,-1501.348,0,0.000,0.032,-0.025,0.068,-0.035,0.032,-0.025,1468.0,1,1468.0,4.833,-0.72,29.05,0.00,-0.11,0.00-8.30
4.87384,303.047,-1475.156,0,0.000,0.059,-0.079,0.069,0.017,0.059,-0.079,1638.8,1,1638.8,4.850,-0.72,28.94,0.00,-0.11,0.00-6.82
4.88389,316.758,-1461.445,0,0.000,0.039,-0.030,0.069,0.083,0.039,-0.030,1732.4,1,1732.4,4.859,-0.72,28.63,0.00,-0.31,0.00-30.07
4.89412,330.117,-1448.086,0,0.000,0.023,-0.032,0.070,0.060,0.023,-0.032,1813.8,1,1813.8,4.871,-0.72,28.50,0.00,-0.13,0.00-13.06
4.90417,343.740,-1434.463,0,0.000,0.013,-0.043,0.070,0.092,0.013,-0.043,1891.6,1,1891.6,4.883,-0.72,28.33,0.00,-0.17,0.00-12.55
4.92376,9.580,-1408.623,0,0.000,0.018,-0.030,0.070,0.029,0.018,-0.030,2028.3,1,2028.3,4.899,-0.72,28.08,0.00,-0.25,0.00-17.00
4.93381,23.115,-1395.088,0,0.000,0.014,-0.034,0.070,0.021,0.014,-0.034,2094.2,1,2094.2,4.908,-0.72,27.74,0.00,-0.34,0.00-28.88
4.94416,35.771,-1382.432,0,0.000,0.019,-0.003,0.070,0.029,0.019,-0.003,2155.7,1,2155.7,4.922,-0.78,27.40,-0.06,-0.34,-4.96-27.20
4.96409,63.105,-1355.098,0,0.000,0.017,-0.007,0.071,0.001,0.017,-0.007,2269.7,1,2269.7,4.949,-0.78,26.81,0.00,-0.38,0.00-34.43
4.98368,88.506,-1329.697,0,0.000,0.034,0.005,0.071,-0.048,0.034,0.005,2354.3,1,2354.3,4.956,-0.73,26.50,0.06,-0.31,4.90-26.28
4.99373,102.041,-1316.162,0,0.000,0.032,-0.010,0.072,-0.074,0.032,-0.010,2391.3,1,2391.3,4.970,-0.73,26.21,0.00,-0.29,0.00-21.91
5.00396,115.400,-1302.803,0,0.000,0.026,0.007,0.072,-0.108,0.026,0.007,2423.2,1,2423.2,4.981,-0.73,25.87,0.00,-0.34,0.00-32.60
5.01401,129.111,-1289.092,0,0.000,0.018,0.005,0.072,-0.110,0.018,0.005,2451.9,1,2451.9,4.991,-0.73,25.53,0.00,-0.34,0.00-33.90
5.03360,155.654,-1262.549,0,0.000,0.002,0.011,0.072,-0.102,0.002,0.011,2486.0,1,2486.0,5.003,-0.73,25.25,0.00,-0.28,0.00-22.64
5.04365,169.893,-1248.311,0,0.000,0.000,0.023,0.072,-0.055,0.000,0.023,2495.8,1,2495.8,5.020,-0.73,24.97,0.00,-0.27,0.00-15.48
5.05388,183.867,-1234.336,0,0.000,-0.001,0.012,0.072,-0.017,-0.001,0.012,2499.9,1,2499.9,5.031,-0.73,24.62,0.00,-0.35,0.00-34.06
5.06393,198.369,-1219.834,0,0.000,0.000,0.000,0.072,0.007,0.000,0.000,2497.8,1,2497.8,5.041,-0.66,24.42,0.06,-0.20,6.16-20.76
5.08338,225.439,-1192.764,0,0.000,0.016,-0.026,0.072,0.045,0.016,-0.026,2477.7,1,2477.7,5.054,-0.66,24.22,0.00,-0.19,0.00-13.73
5.09343,239.678,-1178.525,0,0.000,0.014,-0.011,0.072,0.092,0.014,-0.011,2458.7,1,2458.7,5.069,-0.66,24.06,0.00,-0.16,0.00-12.45
5.10366,253.477,-1164.727,0,0.000,0.007,-0.022,0.073,0.094,0.007,-0.022,2433.9,1,2433.9,5.082,-0.66,23.78,0.00,-0.28,0.00-21.11
5.11372,267.363,-1150.840,0,0.000,0.018,-0.004,0.073,0.107,0.018,-0.004,2403.4,1,2403.4,5.095,-0.66,23.52,0.00,-0.26,0.00-19.02
5.13330,293.555,-1124.648,0,0.000,0.025,0.005,0.073,0.082,0.025,0.005,2325.3,1,2325.3,5.107,-0.66,23.22,0.00,-0.30,0.00-25.71
5.14335,307.266,-1110.938,0,0.000,0.022,0.003,0.073,0.044,0.022,0.003,2277.7,1,2277.7,5.121,-0.66,22.86,0.00,-0.36,0.00-26.08
5.15358,320.625,-1097.578,0,0.000,0.028,0.003,0.074,-0.001,0.028,0.003,2224.7,1,2224.7,5.131,-0.66,22.41,0.00,-0.46,0.00-46.13
5.16363,334.248,-1083.955,0,0.000,0.019,0.002,0.074,-0.045,0.019,0.002,2166.2,1,2166.2,5.140,-0.66,22.02,0.00,-0.39,0.00-33.51
5.18322,0.088,-1058.115,0,0.000,0.007,0.017,0.074,-0.071,0.007,0.017,2033.3,1,2033.3,5.163,-0.61,21.19,0.00,-0.41,0.00-42.26
5.19327,13.623,-1044.580,0,0.000,0.010,0.010,0.074,-0.077,0.010,0.010,1959.2,1,1959.2,5.175,-0.61,20.79,0.00,-0.40,0.00-36.45
5.20350,26.895,-1031.309,0,0.000,0.018,0.013,0.074,-0.040,0.018,0.013,1880.1,1,1880.1,5.175,-0.61,20.79,0.00,-0.40,0.00-36.45
5.21355,40.342,-1017.861,0,0.000,0.016,0.018,0.074,-0.038,0.016,0.018,1796.3,1,1796.3,5.192,-0.61,20.40,0.00,-0.39,0.00-22.35
5.23314,66.006,-992.197,0,0.000,0.025,-0.004,0.075,0.007,0.025,-0.004,1615.1,1,1615.1,5.205,-0.61,20.07,0.00,-0.34,0.00-28.50
5.24320,79.277,-978.926,0,0.000,0.016,0.000,0.075,0.019,0.016,0.000,1518.1,1,1518.1,5.219,-0.61,19.82,0.00,-0.25,0.00-17.95
5.25342,92.725,-965.479,0,0.000,0.019,-0.005,0.075,0.031,0.019,-0.005,1417.2,1,1417.2,5.228,-0.61,19.50,0.00,-0.31,0.00-31.93
5.26347,101.953,-956.250,0,0.000,0.020,0.231,0.075,0.083,0.020,0.231,1312.4,1,1312.4,5.242,-0.61,19.23,0.00,-0.27,0.00-17.31
5.28306,119.268,-938.936,0,0.000,0.031,0.116,0.076,0.014,0.031,0.116,1092.8,1,1092.8,5.253,-0.61,18.92,0.00,-0.31,0.00-30.58
5.29311,128.232,-929.971,0,0.000,0.031,0.071,0.076,-0.009,0.031,0.071,978.3,1,978.3,5.267,-0.61,18.59,0.00,-0.34,0.00-23.76
5.30334,134.033,-924.170,0,0.000,0.007,0.187,0.076,0.007,0.007,0.187,861.1,1,861.1,5.279,-0.61,18.24,0.00,-0.35,0.00-26.75
5.31339,138.691,-919.512,0,0.000,-0.011,0.211,0.076,-0.050,-0.011,0.211,741.5,1,741.5,5.293,-0.61,17.87,0.00,-0.37,0.00-28.23
5.32348,142.734,-915.469,0,0.000,-0.014,0.120,0.076,-0.035,-0.014,0.120,632.0,1,632.0,5.293,-0.61,17.87,0.00,-0.37,0.00-28.23
5.34301,149.238,-908.965,0,0.000,-0.013,0.076,0.076,-0.025,-0.013,0.076,383.7,1,383.7,5.314,-0.61,17.82,0.00,-0.05,0.00-2.40
5.35306,149.150,-909.053,0,0.000,-0.004,0.177,0.076,-0.040,-0.004,0.177,244.8,1,244.8,5.331,-0.55,17.58,0.05,-0.24,5.33-23.68
5.36329,149.062,-909.141,0,0.000,0.005,0.139,0.076,0.098,0.005,0.139,117.5,1,117.5,5.341,-0.55,17.33,0.00,-0.25,0.00-16.07
5.37334,148.975,-909.229,0,0.000,-0.013,0.090,0.076,0.101,-0.013,0.090,10.3,-1,-10.3,5.349,-0.55,17.43,0.00,0.11,0.009.91
5.39293,149.062,-909.141,0,0.000,-0.003,0.059,0.076,0.095,-0.003,0.059,253.4,-1,-253.4,5.364,-0.55,17.31,0.00,-0.12,0.00-8.31
5.40298,148.975,-909.229,0,0.000,0.000,0.026,0.076,0.116,0.000,0.026,393.6,-1,-393.6,5.378,-0.55,17.31,0.00,0.00,0.000.00
5.41321,148.975,-909.229,0,0.000,0.003,0.050,0.076,0.071,0.003,0.050,520.3,-1,-520.3,5.392,-0.60,17.31,-0.05,0.00,-4.540.00
5.42326,144.668,-913.535,0,0.000,-0.025,0.222,0.075,0.119,-0.025,0.222,645.8,-1,-645.8,5.392,-0.60,17.31,-0.05,0.00,-4.540.00
5.44285,135.527,-922.676,0,0.000,0.056,0.148,0.076,0.075,0.056,0.148,880.0,-1,-880.0,5.407,-0.60,17.31,0.00,0.00,0.000.00
5.45323,130.869,-927.334,0,0.000,0.047,0.093,0.076,0.023,0.047,0.093,1000.3,-1,-1000.3,5.425,-0.60,17.31,0.00,0.00,0.000.00
5.47302,112.324,-945.879,0,0.000,0.000,0.178,0.076,0.053,0.000,0.178,1233.1,-1,-1233.1,5.456,-0.60,17.31,0.00,0.00,0.000.00
5.48307,103.447,-954.756,0,0.000,0.007,0.131,0.076,0.061,0.007,0.131,1356.0,-1,-1356.0,5.466,-0.60,17.25,0.00,-0.06,0.00-5.07
5.50266,81.650,-976.553,0,0.000,0.008,0.184,0.077,0.035,0.008,0.184,1558.1,-1,-1558.1,5.475,-0.60,17.25,0.00,0.00,0.000.00
5.51271,68.291,-989.912,0,0.000,-0.002,0.187,0.077,0.084,-0.002,0.187,1658.7,-1,-1658.7,5.487,-0.60,17.36,0.00,0.10,0.008.91
5.52294,54.932,-1003.271,0,0.000,0.000,0.084,0.077,0.083,0.000,0.084,1754.8,-1,-1754.8,5.496,-0.65,17.49,-0.05,0.13,-4.9013.39
5.53299,41.484,-1016.719,0,0.000,0.008,0.061,0.077,0.080,0.008,0.061,1855.2,-1,-1855.2,5.511,-0.65,17.56,0.00,0.07,0.005.22
5.55259,15.820,-1042.383,0,0.000,-0.002,0.051,0.077,0.040,-0.002,0.051,2014.0,-1,-2014.0,5.532,-0.74,18.06,-0.09,0.21,-8.9120.50
5.56263,2.373,-1055.830,0,0.000,0.000,0.020,0.077,0.000,0.000,0.020,2089.7,-1,-2089.7,5.532,-0.74,18.06,-0.09,0.21,-8.9120.50
5.57286,349.014,-1069.189,0,0.000,0.027,0.041,0.077,-0.038,0.027,0.041,2159.7,-1,-2159.7,5.547,-0.74,18.16,0.00,0.10,0.006.55
5.58291,335.479,-1082.725,0,0.000,0.000,0.019,0.077,-0.054,0.000,0.019,2229.8,-1,-2229.8,5.558,-0.74,18.61,0.00,0.44,0.0044.60
5.60250,309.463,-1108.740,0,0.000,0.036,0.016,0.078,-0.085,0.036,0.016,2332.9,-1,-2332.9,5.570,-0.74,18.90,0.00,0.29,0.0022.55
5.61255,296.016,-1122.188,0,0.000,0.031,0.000,0.078,-0.074,0.031,0.000,2377.7,-1,-2377.7,5.589,-0.74,19.13,0.00,0.23,0.0014.73
5.62278,282.129,-1136.074,0,0.000,0.035,0.002,0.078,-0.054,0.035,0.002,2415.7,-1,-2415.7,5.597,-0.74,19.49,0.00,0.37,0.0028.57
5.63283,268.506,-1149.697,0,0.000,0.032,0.032,0.079,-0.010,0.032,0.032,2446.8,-1,-2446.8,5.610,-0.74,19.79,0.00,0.30,0.0024.20
5.65242,241.787,-1176.416,0,0.000,0.034,0.008,0.079,0.042,0.034,0.008,2487.8,-1,-2487.8,5.622,-0.74,20.18,0.00,0.38,0.0032.45
5.66247,227.812,-1190.391,0,0.000,0.022,0.004,0.080,0.056,0.022,0.004,2497.5,-1,-2497.5,5.635,-0.74,20.54,0.00,0.36,0.0030.36
5.67270,213.662,-1204.541,0,0.000,0.011,-0.001,0.080,0.076,0.011,-0.001,2499.9,-1,-2499.9,5.647,-0.74,20.91,0.00,0.37,0.0027.96
5.68275,199.424,-1218.779,0,0.000,0.008,-0.005,0.080,0.066,0.008,-0.005,2494.9,-1,-2494.9,5.657,-0.74,21.32,0.00,0.42,0.0046.22
5.70234,172.178,-1246.025,0,0.000,0.004,-0.010,0.080,0.051,0.004,-0.010,2462.8,-1,-2462.8,5.677,-0.74,22.19,0.00,0.44,0.0045.11
5.71274,158.291,-1259.912,0,0.000,0.013,0.002,0.080,0.033,0.013,0.002,2435.7,-1,-2435.7,5.693,-0.74,22.54,0.00,0.35,0.0023.76
5.73241,130.605,-1287.598,0,0.000,0.021,-0.003,0.081,0.011,0.021,-0.003,2359.5,-1,-2359.5,5.704,-0.74,22.91,0.00,0.38,0.0027.21
5.74264,117.158,-1301.045,0,0.000,0.019,-0.005,0.081,-0.001,0.019,-0.005,2310.6,-1,-2310.6,5.717,-0.74,23.26,0.00,0.35,0.0026.78
5.75269,103.535,-1314.668,0,0.000,0.019,-0.004,0.081,-0.004,0.019,-0.004,2254.6,-1,-2254.6,5.729,-0.74,23.54,0.00,0.27,0.0023.85
5.77228,77.871,-1340.332,0,0.000,0.024,0.002,0.081,-0.001,0.024,0.002,2121.9,-1,-2121.9,5.741,-0.74,23.80,0.00,0.26,0.0022.07
5.78233,64.336,-1353.867,0,0.000,0.014,-0.006,0.081,-0.001,0.014,-0.006,2045.6,-1,-2045.6,5.754,-0.74,24.09,0.00,0.29,0.0023.61
5.79256,51.152,-1367.051,0,0.000,0.006,-0.001,0.082,-0.022,0.006,-0.001,1962.8,-1,-1962.8,5.768,-0.74,24.34,0.00,0.25,0.0017.62
5.80261,37.617,-1380.586,0,0.000,0.005,0.024,0.082,-0.015,0.005,0.024,1873.8,-1,-1873.8,5.782,-0.80,24.52,-0.06,0.19,-4.2913.40
5.82220,12.041,-1406.162,0,0.000,0.000,-0.013,0.081,-0.072,0.000,-0.013,1678.3,-1,-1678.3,5.794,-0.86,24.75,-0.06,0.22,-4.9918.25
5.83225,358.418,-1419.785,0,0.000,-0.007,-0.002,0.081,-0.091,-0.007,-0.002,1572.3,-1,-1572.3,5.806,-0.92,24.97,-0.05,0.23,-3.8916.17
5.84248,345.146,-1433.057,0,0.000,0.017,0.023,0.082,-0.084,0.017,0.023,1461.1,-1,-1461.1,5.821,-0.97,25.18,-0.05,0.21,-4.8818.53
5.85254,333.809,-1444.395,0,0.000,0.024,0.013,0.082,-0.078,0.024,0.013,1345.2,-1,-1345.2,5.831,-0.97,25.40,0.00,0.22,0.0015.15
5.87212,316.670,-1461.533,0,0.000,0.048,-0.127,0.083,-0.130,0.048,-0.127,1100.3,-1,-1100.3,5.845,-0.97,25.63,0.00,0.23,0.0021.21
5.88217,307.793,-1470.410,0,0.000,0.041,-0.034,0.083,-0.030,0.041,-0.034,972.2,-1,-972.2,5.855,-0.97,25.89,0.00,0.26,0.0022.48
5.89240,301.992,-1476.211,0,0.000,0.053,-0.159,0.084,-0.075,0.053,-0.159,840.6,-1,-840.6,5.868,-0.97,26.24,0.00,0.36,0.0027.31
5.90245,297.422,-1480.781,0,0.000,-0.007,-0.155,0.084,0.078,-0.007,-0.155,706.2,-1,-706.2,5.883,-0.97,26.54,0.00,0.29,0.0020.84
5.92204,289.951,-1488.252,0,0.000,0.010,-0.068,0.084,0.091,0.010,-0.068,444.2,-1,-444.2,5.898,-0.97,26.92,0.00,0.38,0.0024.93
5.93209,289.951,-1488.252,0,0.000,-0.006,-0.080,0.084,0.156,-0.006,-0.080,289.6,-1,-289.6,5.911,-1.05,27.07,-0.08,0.15,-7.0113.15
5.94232,290.039,-1488.164,0,0.000,-0.007,-0.051,0.084,0.126,-0.007,-0.051,147.7,-1,-147.7,5.924,-1.05,27.30,0.00,0.23,0.0016.19
5.95237,289.951,-1488.252,0,0.000,0.000,-0.032,0.084,0.135,0.000,-0.032,5.1,-1,-5.1,5.924,-1.05,27.30,0.00,0.23,0.0016.19
5.96240,289.951,-1488.252,0,0.000,-0.008,-0.061,0.084,0.056,-0.008,-0.061,123.5,1,123.5,5.936,-1.05,27.51,0.00,0.21,0.0018.84
5.98182,290.039,-1488.164,0,0.000,0.008,-0.008,0.084,-0.023,0.008,-0.008,408.3,1,408.3,5.952,-1.00,27.64,0.05,0.13,3.097.95
5.99205,291.533,-1486.670,0,0.000,0.010,-0.022,0.084,-0.029,0.010,-0.022,549.3,1,549.3,5.967,-1.00,27.75,0.00,0.12,0.007.80
6.00210,296.191,-1482.012,0,0.000,0.031,-0.049,0.084,-0.016,0.031,-0.049,702.6,1,702.6,5.980,-1.00,27.87,0.00,0.12,0.009.79
6.01233,300.674,-1477.529,0,0.000,0.021,-0.013,0.084,-0.013,0.021,-0.013,839.7,1,839.7,5.990,-1.00,27.67,0.00,-0.21,0.00-17.26
6.03174,313.066,-1465.137,0,0.000,0.040,-0.187,0.085,-0.040,0.040,-0.187,1092.9,1,1092.9,6.004,-1.00,27.78,0.00,0.12,0.008.41
6.04197,322.207,-1455.996,0,0.000,0.002,-0.174,0.085,0.040,0.002,-0.174,1221.4,1,1221.4,6.018,-1.00,27.78,0.00,0.00,0.000.00
6.05202,331.172,-1447.031,0,0.000,0.006,-0.010,0.085,0.114,0.006,-0.010,1358.2,1,1358.2,6.028,-1.00,27.67,0.00,-0.11,0.00-9.13
6.06224,340.928,-1437.275,0,0.000,0.019,-0.016,0.085,0.127,0.019,-0.016,1478.0,1,1478.0,6.040,-1.00,27.67,0.00,0.00,0.000.00
6.08166,7.031,-1411.172,0,0.000,0.042,-0.093,0.086,0.131,0.042,-0.093,1692.0,1,1692.0,6.051,-1.00,27.67,0.00,0.00,0.000.00
6.09212,19.863,-1398.340,0,0.000,0.032,-0.051,0.086,0.101,0.032,-0.051,1796.7,1,1796.7,6.065,-1.00,27.61,0.00,-0.07,0.00-5.63
6.11192,46.934,-1371.270,0,0.000,0.015,-0.060,0.086,0.026,0.015,-0.060,1996.7,1,1996.7,6.091,-1.00,27.45,0.00,-0.06,0.00-5.83
6.12215,60.205,-1357.998,0,0.000,0.031,-0.016,0.087,-0.009,0.031,-0.016,2081.6,1,2081.6,6.100,-1.00,27.22,0.00,-0.23,0.00-22.71
6.14156,86.045,-1332.158,0,0.000,0.037,-0.023,0.087,-0.060,0.037,-0.023,2223.4,1,2223.4,6.111,-1.00,27.02,0.00,-0.19,0.00-16.55
6.15179,99.229,-1318.975,0,0.000,0.037,0.015,0.088,-0.102,0.037,0.015,2287.0,1,2287.0,6.129,-1.00,26.77,0.00,-0.25,0.00-16.70
6.16184,112.852,-1305.352,0,0.000,0.032,0.009,0.088,-0.107,0.032,0.009,2342.8,1,2342.8,6.141,-1.00,26.44,0.00,-0.33,0.00-23.19
6.18143,138.955,-1279.248,0,0.000,0.026,-0.002,0.089,-0.101,0.026,-0.002,2429.6,1,2429.6,6.161,-1.00,25.74,0.00,-0.38,0.00-38.63
6.19148,153.018,-1265.186,0,0.000,0.008,-0.011,0.089,-0.086,0.008,-0.011,2460.4,1,2460.4,6.171,-1.00,25.47,0.00,-0.28,0.00-27.53
6.20171,166.904,-1251.299,0,0.000,0.004,-0.014,0.089,-0.079,0.004,-0.014,2482.4,1,2482.4,6.171,-1.00,25.47,0.00,-0.28,0.00-27.53
6.21176,181.318,-1236.885,0,0.000,-0.002,-0.008,0.089,-0.051,-0.002,-0.008,2495.7,1,2495.7,6.184,-1.00,25.15,0.00,-0.32,0.00-26.93
6.23135,208.477,-1209.727,0,0.000,-0.007,-0.019,0.089,0.034,-0.007,-0.019,2495.4,1,2495.4,6.211,-1.00,24.66,0.00,-0.23,0.00-17.89
6.24140,222.891,-1195.313,0,0.000,0.000,-0.004,0.089,0.078,0.000,-0.004,2481.8,1,2481.8,6.211,-1.00,24.66,0.00,-0.23,0.00-17.89
6.25163,236.865,-1181.338,0,0.000,0.009,0.001,0.089,0.113,0.009,0.001,2459.1,1,2459.1,6.225,-0.94,24.47,0.06,-0.19,4.77-14.36
6.26168,251.016,-1167.188,0,0.000,0.023,-0.011,0.089,0.122,0.023,-0.011,2427.6,1,2427.6,6.236,-0.89,24.30,0.05,-0.17,3.66-12.69
6.28128,277.295,-1140.908,0,0.000,0.033,0.004,0.090,0.077,0.033,0.004,2337.9,1,2337.9,6.260,-0.89,23.84,0.00,-0.24,0.00-16.15
6.29132,291.094,-1127.109,0,0.000,0.036,0.004,0.090,0.068,0.036,0.004,2280.0,1,2280.0,6.260,-0.89,23.84,0.00,-0.24,0.00-16.15
6.30155,304.541,-1113.662,0,0.000,0.027,0.007,0.090,0.022,0.027,0.007,2213.7,1,2213.7,6.272,-0.89,23.54,0.00,-0.29,0.00-24.51
6.31160,318.164,-1100.039,0,0.000,0.022,0.022,0.091,-0.003,0.022,0.022,2139.1,1,2139.1,6.288,-0.89,23.27,0.00,-0.27,0.00-19.16
6.33119,344.092,-1074.111,0,0.000,0.016,0.026,0.091,-0.057,0.016,0.026,1966.0,1,1966.0,6.297,-0.89,22.94,0.00,-0.33,0.00-32.85
6.34124,357.627,-1060.576,0,0.000,0.010,-0.001,0.091,-0.080,0.010,-0.001,1868.1,1,1868.1,6.311,-0.89,22.47,0.00,-0.47,0.00-35.25
6.35170,10.635,-1047.568,0,0.000,0.011,-0.013,0.091,-0.089,0.011,-0.013,1763.0,1,1763.0,6.327,-0.89,22.07,0.00,-0.41,0.00-24.89
6.37150,37.793,-1020.410,0,0.000,0.010,0.002,0.091,-0.068,0.010,0.002,1532.9,1,1532.9,6.354,-0.84,21.22,0.00,-0.47,0.00-46.15
6.39109,59.502,-998.701,0,0.000,0.011,0.239,0.091,0.080,0.011,0.239,1278.9,1,1278.9,6.363,-0.84,20.84,0.00,-0.38,0.00-26.98
6.40114,68.291,-989.912,0,0.000,0.028,0.162,0.092,0.054,0.028,0.162,1144.1,1,1144.1,6.378,-0.84,20.43,0.00,-0.41,0.00-34.13
6.41137,77.168,-981.035,0,0.000,0.025,0.098,0.092,0.054,0.025,0.098,1004.7,1,1004.7,6.378,-0.84,20.43,0.00,-0.41,0.00-34.13
6.42142,83.672,-974.531,0,0.000,0.022,0.059,0.092,0.019,0.022,0.059,861.1,1,861.1,6.391,-0.84,20.11,0.00,-0.32,0.00-20.99
6.44100,92.021,-966.182,0,0.000,0.057,0.183,0.093,0.083,0.057,0.183,579.2,1,579.2,6.420,-0.84,19.52,0.00,-0.31,0.00-23.12
6.45106,95.186,-963.018,0,0.000,0.032,0.058,0.093,0.020,0.032,0.058,411.6,1,411.6,6.431,-0.84,19.27,0.00,-0.25,0.00-22.37
6.46129,95.273,-962.930,0,0.000,0.009,0.148,0.093,-0.051,0.009,0.148,257.3,1,257.3,6.431,-0.84,19.27,0.00,-0.25,0.00-22.37
6.47134,95.273,-962.930,0,0.000,-0.020,0.119,0.093,-0.075,-0.020,0.119,101.7,1,101.7,6.447,-0.84,18.92,0.00,-0.35,0.00-25.58
6.48143,95.273,-962.930,0,0.000,-0.035,0.028,0.093,-0.122,-0.035,0.028,38.9,-1,-38.9,6.457,-0.84,18.85,0.00,-0.07,0.00-5.63
6.50094,95.273,-962.930,0,0.000,-0.008,0.066,0.093,-0.082,-0.008,0.066,350.9,-1,-350.9,6.473,-0.84,18.56,0.00,-0.29,0.00-20.57
6.51099,95.273,-962.930,0,0.000,-0.015,0.014,0.093,-0.025,-0.015,0.014,521.0,-1,-521.0,6.486,-0.84,18.25,0.00,-0.31,0.00-26.32
6.52121,91.230,-966.973,0,0.000,-0.032,0.248,0.092,0.027,-0.032,0.248,673.7,-1,-673.7,6.496,-0.79,18.33,0.05,0.08,3.976.03
6.53127,86.836,-971.367,0,0.000,0.025,0.246,0.092,0.017,0.025,0.246,823.9,-1,-823.9,6.496,-0.79,18.33,0.05,0.08,3.976.03
6.55086,74.707,-983.496,0,0.000,0.004,0.260,0.093,0.037,0.004,0.260,1100.6,-1,-1100.6,6.529,-0.73,18.07,0.00,-0.06,0.00-4.15
6.56091,65.742,-992.461,0,0.000,0.031,0.247,0.093,-0.020,0.031,0.247,1254.1,-1,-1254.1,6.538,-0.73,18.18,0.00,0.11,0.0011.18
6.57114,56.777,-1001.426,0,0.000,0.050,0.125,0.094,-0.023,0.050,0.125,1388.7,-1,-1388.7,6.551,-0.79,18.18,-0.06,0.00,-4.450.00
6.58119,46.143,-1012.061,0,0.000,0.022,0.038,0.094,-0.006,0.022,0.038,1517.9,-1,-1517.9,6.551,-0.79,18.18,-0.06,0.00,-4.450.00
6.60077,20.391,-1037.813,0,0.000,0.038,0.150,0.095,-0.030,0.038,0.150,1746.5,-1,-1746.5,6.579,-0.79,18.18,0.00,0.00,0.000.00
6.61084,6.943,-1051.260,0,0.000,0.012,0.052,0.095,-0.099,0.012,0.052,1857.1,-1,-1857.1,6.589,-0.79,18.18,0.00,0.00,0.000.00
6.62106,353.496,-1064.707,0,0.000,0.010,0.111,0.095,-0.072,0.010,0.111,1960.2,-1,-1960.2,6.589,-0.79,18.18,0.00,0.00,0.000.00
6.63111,340.049,-1078.154,0,0.000,0.020,0.098,0.095,-0.096,0.020,0.098,2064.5,-1,-2064.5,6.606,-0.79,18.44,0.00,0.26,0.0016.69
6.65069,314.209,-1103.994,0,0.000,0.026,0.047,0.096,-0.070,0.026,0.047,2220.7,-1,-2220.7,6.631,-0.79,18.73,0.00,0.29,0.0024.33
6.66075,300.586,-1117.617,0,0.000,0.037,0.042,0.096,-0.064,0.037,0.042,2289.9,-1,-2289.9,6.631,-0.79,18.73,0.00,0.29,0.0024.33
6.67098,286.963,-1131.240,0,0.000,0.026,-0.004,0.096,-0.036,0.026,-0.004,2349.8,-1,-2349.8,6.643,-0.79,18.89,0.00,0.16,0.0011.99
6.68103,273.252,-1144.951,0,0.000,0.029,0.016,0.096,-0.037,0.029,0.016,2404.4,-1,-2404.4,6.654,-0.79,18.95,0.00,0.06,0.005.64
6.70061,246.797,-1171.406,0,0.000,0.022,-0.016,0.097,0.010,0.022,-0.016,2470.2,-1,-2470.2,6.677,-0.79,19.72,0.00,0.25,0.0021.23
6.71068,232.646,-1185.557,0,0.000,0.022,0.009,0.097,0.052,0.022,0.009,2490.0,-1,-2490.0,6.690,-0.79,20.08,0.00,0.36,0.0026.18
6.72089,218.584,-1199.619,0,0.000,0.015,0.022,0.097,0.044,0.015,0.022,2499.2,-1,-2499.2,6.690,-0.79,20.08,0.00,0.36,0.0026.18
6.73109,204.961,-1213.242,0,0.000,0.009,-0.004,0.097,0.073,0.009,-0.004,2498.0,-1,-2498.0,6.707,-0.73,20.55,0.06,0.47,4.0228.77
6.75102,176.045,-1242.158,0,0.000,0.006,0.000,0.098,0.044,0.006,0.000,2460.8,-1,-2460.8,6.733,-0.87,21.30,0.00,0.46,0.0039.24
6.77061,149.062,-1269.141,0,0.000,0.014,-0.004,0.098,0.004,0.014,-0.004,2387.1,-1,-2387.1,6.742,-0.96,21.63,-0.09,0.33,-7.1125.77
6.78066,135.352,-1282.852,0,0.000,0.014,0.004,0.098,0.005,0.014,0.004,2333.3,-1,-2333.3,6.752,-0.96,22.08,0.00,0.45,0.0043.28
6.79089,121.553,-1296.650,0,0.000,0.025,-0.010,0.098,0.017,0.025,-0.010,2269.4,-1,-2269.4,6.764,-0.96,22.42,0.00,0.34,0.0023.37
6.80095,108.018,-1310.186,0,0.000,0.025,0.005,0.099,0.023,0.025,0.005,2187.6,-1,-2187.6,6.779,-0.96,22.78,0.00,0.35,0.0027.27
6.82053,82.266,-1335.938,0,0.000,0.024,-0.001,0.099,0.047,0.024,-0.001,2019.3,-1,-2019.3,6.792,-0.96,23.17,0.00,0.39,0.0028.67
6.83058,68.906,-1349.297,0,0.000,0.023,-0.020,0.099,0.031,0.023,-0.020,1917.6,-1,-1917.6,6.807,-0.96,23.41,0.00,0.25,0.0019.35
6.84081,55.547,-1362.656,0,0.000,0.023,-0.009,0.099,0.014,0.023,-0.009,1807.3,-1,-1807.3,6.816,-0.96,23.69,0.00,0.28,0.0028.23
6.85086,42.100,-1376.104,0,0.000,0.013,-0.019,0.100,-0.009,0.013,-0.019,1688.9,-1,-1688.9,6.831,-0.96,23.95,0.00,0.26,0.0018.22
6.87045,16.436,-1401.768,0,0.000,0.008,0.011,0.100,-0.053,0.008,0.011,1429.8,-1,-1429.8,6.851,-0.96,24.44,0.00,0.22,0.0021.50
6.88050,6.240,-1411.963,0,0.000,0.011,-0.101,0.100,-0.098,0.011,-0.101,1290.1,-1,-1290.1,6.851,-0.96,24.44,0.00,0.22,0.0021.50
6.89073,357.363,-1420.840,0,0.000,0.008,-0.084,0.100,-0.008,0.008,-0.084,1144.6,-1,-1144.6,6.865,-1.02,24.62,-0.06,0.18,-4.5513.54
6.90078,348.398,-1429.805,0,0.000,0.034,-0.039,0.100,-0.034,0.034,-0.039,993.6,-1,-993.6,6.877,-1.09,24.84,-0.07,0.23,-6.6621.23
6.92037,338.291,-1439.912,0,0.000,0.031,-0.147,0.101,0.049,0.031,-0.147,678.5,-1,-678.5,6.891,-1.14,25.08,-0.05,0.24,-3.0314.75
6.93042,334.072,-1444.131,0,0.000,0.073,-0.092,0.102,-0.011,0.073,-0.092,515.6,-1,-515.6,6.905,-1.14,25.30,0.00,0.21,0.0016.02
6.94065,332.490,-1445.713,0,0.000,0.098,-0.132,0.103,-0.020,0.098,-0.132,350.1,-1,-350.1,6.920,-1.14,25.48,0.00,0.18,0.0011.16
6.95070,332.754,-1445.449,0,0.000,0.055,-0.251,0.103,0.016,0.055,-0.251,182.8,-1,-182.8,6.920,-1.14,25.48,0.00,0.18,0.0011.16
6.97029,332.754,-1445.449,0,0.000,0.071,-0.103,0.104,0.032,0.071,-0.103,154.3,1,154.3,6.951,-1.14,26.06,0.00,0.34,0.0019.70
6.98034,332.666,-1445.537,0,0.000,0.048,-0.111,0.105,0.051,0.048,-0.111,322.5,1,322.5,6.951,-1.14,26.06,0.00,0.34,0.0019.70
6.99059,332.666,-1445.537,0,0.000,0.036,-0.067,0.105,0.054,0.036,-0.067,472.9,1,472.9,6.964,-1.14,26.32,0.00,0.25,0.0017.74
7.00061,336.182,-1442.021,0,0.000,0.042,-0.154,0.106,0.005,0.042,-0.154,654.6,1,654.6,6.979,-1.14,26.50,0.00,0.19,0.0013.39
7.02002,345.146,-1433.057,0,0.000,0.028,-0.113,0.106,0.029,0.028,-0.113,975.6,1,975.6,6.986,-1.19,26.82,-0.05,0.31,-4.3125.64
7.03025,353.408,-1424.795,0,0.000,0.064,-0.189,0.107,-0.034,0.064,-0.189,1130.0,1,1130.0,7.006,-1.19,26.82,0.00,0.00,0.000.00
7.04031,2.373,-1415.830,0,0.000,0.029,-0.179,0.107,0.007,0.029,-0.179,1279.4,1,1279.4,7.020,-1.19,27.00,0.00,0.19,0.0014.01
7.05053,11.514,-1406.689,0,0.000,0.010,-0.111,0.107,-0.034,0.010,-0.111,1423.1,1,1423.1,7.020,-1.19,27.00,0.00,0.19,0.0014.01
7.06994,35.947,-1382.256,0,0.000,0.033,-0.222,0.108,0.007,0.033,-0.222,1690.5,1,1690.5,7.044,-1.07,27.09,0.07,0.00,4.740.00
7.08017,49.395,-1368.809,0,0.000,0.028,-0.122,0.108,-0.017,0.028,-0.122,1812.8,1,1812.8,7.057,-1.07,26.99,0.00,-0.10,0.00-8.72
7.09023,62.666,-1355.537,0,0.000,0.051,-0.042,0.109,0.013,0.051,-0.042,1926.8,1,1926.8,7.070,-1.07,27.05,0.00,0.06,0.004.89
7.10981,88.242,-1329.961,0,0.000,0.012,-0.051,0.109,0.042,0.012,-0.051,2118.3,1,2118.3,7.082,-1.07,26.74,0.00,-0.31,0.00-23.95
7.12035,101.426,-1316.777,0,0.000,0.029,0.018,0.109,0.001,0.029,0.018,2204.8,1,2204.8,7.092,-1.07,26.66,0.00,-0.08,0.00-7.20
7.13986,128.320,-1289.883,0,0.000,0.004,-0.038,0.109,-0.019,0.004,-0.038,2346.3,1,2346.3,7.123,-1.07,26.27,0.00,-0.27,0.00-22.07
7.14991,142.031,-1276.172,0,0.000,-0.001,0.020,0.109,-0.030,-0.001,0.020,2405.3,1,2405.3,7.131,-1.02,26.21,0.05,-0.06,4.25-5.11
7.16014,156.006,-1262.197,0,0.000,-0.010,-0.007,0.109,-0.044,-0.010,-0.007,2446.8,1,2446.8,7.131,-1.02,26.21,0.05,-0.06,4.25-5.11
7.17019,170.156,-1248.047,0,0.000,-0.002,0.006,0.109,-0.044,-0.002,0.006,2476.5,1,2476.5,7.143,-1.02,25.76,0.00,-0.45,0.00-32.99
7.18978,197.314,-1220.889,0,0.000,0.002,-0.026,0.109,-0.052,0.002,-0.026,2500.0,1,2500.0,7.168,-1.02,25.39,0.00,-0.17,0.00-12.99
7.19983,211.729,-1206.475,0,0.000,0.006,-0.015,0.109,-0.045,0.006,-0.015,2494.7,1,2494.7,7.181,-1.02,25.01,0.00,-0.38,0.00-30.98
7.21006,225.967,-1192.236,0,0.000,0.016,0.006,0.109,-0.006,0.016,0.006,2474.8,1,2474.8,7.193,-0.91,24.87,0.11,-0.14,10.18-12.93
7.22011,240.029,-1178.174,0,0.000,0.018,-0.025,0.110,0.030,0.018,-0.025,2443.9,1,2443.9,7.193,-0.91,24.87,0.11,-0.14,10.18-12.93
7.23970,266.572,-1151.631,0,0.000,0.016,0.012,0.110,0.074,0.016,0.012,2352.1,1,2352.1,7.216,-0.83,24.25,0.08,-0.25,7.46-22.91
7.24975,280.371,-1137.832,0,0.000,0.011,0.004,0.110,0.101,0.011,0.004,2286.7,1,2286.7,7.230,-0.77,24.03,0.06,-0.22,4.35-16.66
7.25998,293.818,-1124.385,0,0.000,0.020,0.007,0.110,0.111,0.020,0.007,2209.8,1,2209.8,7.230,-0.77,24.03,0.06,-0.22,4.35-16.66
7.27003,307.529,-1110.674,0,0.000,0.015,0.013,0.110,0.091,0.015,0.013,2112.5,1,2112.5,7.248,-0.77,23.71,0.00,-0.32,0.00-19.48
7.28962,333.457,-1084.746,0,0.000,0.005,0.002,0.110,0.019,0.005,0.002,1914.2,1,1914.2,7.270,-0.77,23.23,0.00,-0.30,0.00-21.65
7.29967,347.080,-1071.123,0,0.000,0.000,0.022,0.110,-0.002,0.000,0.022,1795.5,1,1795.5,7.270,-0.77,23.23,0.00,-0.30,0.00-21.65
7.30990,0.439,-1057.764,0,0.000,-0.002,0.003,0.110,-0.045,-0.002,0.003,1667.6,1,1667.6,7.283,-0.77,22.97,0.00,-0.26,0.00-23.37
7.31995,14.063,-1044.141,0,0.000,0.001,-0.001,0.110,-0.052,0.001,-0.001,1517.0,1,1517.0,7.295,-0.77,22.53,0.00,-0.44,0.00-33.55
7.33954,35.244,-1022.959,0,0.000,0.017,0.165,0.111,-0.039,0.017,0.165,1234.8,1,1234.8,7.316,-0.77,21.84,0.00,-0.34,0.00-32.45
7.34959,44.209,-1013.994,0,0.000,0.021,0.139,0.111,0.006,0.021,0.139,1076.6,1,1076.6,7.316,-0.77,21.84,0.00,-0.34,0.00-32.45
7.35982,52.207,-1005.996,0,0.000,0.025,0.052,0.111,0.000,0.025,0.052,912.6,1,912.6,7.331,-0.77,21.37,0.00,-0.47,0.00-27.95
7.36995,56.338,-1001.865,0,0.000,0.000,0.037,0.111,-0.062,0.000,0.037,743.8,1,743.8,7.347,-0.73,21.02,0.05,-0.35,3.38-23.75
7.38988,63.545,-994.658,0,0.000,0.000,-0.008,0.111,-0.010,0.000,-0.008,394.7,1,394.7,7.369,-0.73,20.17,0.00,-0.40,0.00-35.27
7.40947,63.721,-994.482,0,0.000,-0.029,0.170,0.111,-0.026,-0.029,0.170,36.5,1,36.5,7.381,-0.73,19.89,0.00,-0.29,0.00-24.81
7.41952,63.809,-994.395,0,0.000,-0.091,0.088,0.110,-0.041,-0.091,0.088,143.8,-1,-143.8,7.394,-0.73,19.50,0.00,-0.39,0.00-29.16
7.42975,63.721,-994.482,0,0.000,-0.076,0.080,0.109,-0.008,-0.076,0.080,323.5,-1,-323.5,7.408,-0.73,19.19,0.00,-0.31,0.00-23.62
7.43982,63.721,-994.482,0,0.000,-0.038,0.101,0.109,-0.020,-0.038,0.101,501.8,-1,-501.8,7.420,-0.73,19.19,0.00,0.00,0.000.00
7.45939,55.723,-1002.480,0,0.000,-0.038,0.177,0.108,-0.053,-0.038,0.177,850.4,-1,-850.4,7.433,-0.78,18.87,-0.05,-0.32,-4.83-29.74
7.46944,50.625,-1007.578,0,0.000,0.000,0.102,0.108,-0.127,0.000,0.102,1018.7,-1,-1018.7,7.446,-0.78,18.87,0.00,0.00,0.000.00
7.47967,41.572,-1016.631,0,0.000,-0.029,0.057,0.108,-0.178,-0.029,0.057,1182.0,-1,-1182.0,7.456,-0.85,18.73,-0.07,-0.14,-6.47-12.95
7.48972,32.432,-1025.771,0,0.000,-0.051,0.150,0.107,-0.110,-0.051,0.150,1339.2,-1,-1339.2,7.467,-0.79,18.80,0.06,0.07,4.585.69
7.49976,23.555,-1034.648,0,0.000,-0.005,0.111,0.107,-0.084,-0.005,0.111,1489.5,-1,-1489.5,7.467,-0.79,18.80,0.06,0.07,4.585.69
7.51929,356.748,-1061.455,0,0.000,-0.013,0.188,0.107,-0.072,-0.013,0.188,1766.1,-1,-1766.1,7.495,-0.79,18.73,0.00,-0.07,0.00-6.20
7.52934,343.389,-1074.814,0,0.000,0.003,0.114,0.107,-0.088,0.003,0.114,1890.9,-1,-1890.9,7.508,-0.79,18.73,0.00,0.00,0.000.00
7.53957,329.854,-1088.350,0,0.000,0.002,0.041,0.107,-0.033,0.002,0.041,2005.7,-1,-2005.7,7.508,-0.79,18.73,0.00,0.00,0.000.00
7.54962,316.406,-1101.797,0,0.000,0.011,0.056,0.107,-0.033,0.011,0.056,2109.8,-1,-2109.8,7.521,-0.85,18.87,-0.06,0.14,-4.4210.36
7.56921,290.391,-1127.813,0,0.000,-0.006,0.025,0.107,0.013,-0.006,0.025,2283.7,-1,-2283.7,7.548,-0.85,19.16,0.00,0.22,0.0016.50
7.57926,276.504,-1141.699,0,0.000,-0.009,0.049,0.107,0.025,-0.009,0.049,2352.5,-1,-2352.5,7.548,-0.85,19.16,0.00,0.22,0.0016.50
7.58949,262.793,-1155.410,0,0.000,0.000,0.027,0.107,0.019,0.000,0.027,2408.5,-1,-2408.5,7.562,-0.85,19.40,0.00,0.25,0.0020.91
7.59954,248.906,-1169.297,0,0.000,0.009,0.012,0.107,0.025,0.009,0.012,2451.4,-1,-2451.4,7.575,-0.85,19.70,0.00,0.30,0.0022.39
7.61913,222.012,-1196.191,0,0.000,0.022,0.011,0.107,0.013,0.022,0.011,2497.0,-1,-2497.0,7.597,-0.85,20.56,0.00,0.38,0.0034.96
7.62918,207.598,-1210.605,0,0.000,0.021,-0.007,0.108,0.010,0.021,-0.007,2499.2,-1,-2499.2,7.608,-0.85,20.94,0.00,0.38,0.0032.04
7.63941,193.623,-1224.580,0,0.000,0.029,0.005,0.108,-0.006,0.029,0.005,2487.6,-1,-2487.6,7.608,-0.85,20.94,0.00,0.38,0.0032.04
7.64946,179.209,-1238.994,0,0.000,0.022,0.009,0.108,0.010,0.022,0.009,2462.2,-1,-2462.2,7.623,-0.85,21.34,0.00,0.41,0.0032.27
7.66904,152.314,-1265.889,0,0.000,0.033,0.015,0.109,0.016,0.033,0.015,2376.4,-1,-2376.4,7.647,-0.85,22.08,0.00,0.43,0.0037.56
7.67910,138.252,-1279.951,0,0.000,0.023,0.005,0.109,0.039,0.023,0.005,2304.5,-1,-2304.5,7.647,-0.85,22.08,0.00,0.43,0.0037.56
7.68933,124.717,-1293.486,0,0.000,0.015,-0.002,0.109,0.049,0.015,-0.002,2225.5,-1,-2225.5,7.661,-0.85,22.41,0.00,0.33,0.0024.09
7.69938,111.006,-1307.197,0,0.000,0.012,-0.005,0.109,0.074,0.012,-0.005,2133.9,-1,-2133.9,7.674,-0.85,22.73,0.00,0.32,0.0024.35
7.71897,85.254,-1332.949,0,0.000,0.011,-0.025,0.109,0.078,0.011,-0.025,1926.9,-1,-1926.9,7.689,-0.85,23.14,0.00,0.41,0.0028.26
7.72902,71.719,-1346.484,0,0.000,0.008,-0.016,0.110,0.050,0.008,-0.016,1788.5,-1,-1788.5,7.702,-0.85,23.42,0.00,0.28,0.0020.40
7.73925,58.535,-1359.668,0,0.000,0.002,0.008,0.110,0.045,0.002,0.008,1651.8,-1,-1651.8,7.713,-0.85,23.74,0.00,0.33,0.0031.31
7.74928,46.055,-1372.148,0,0.000,0.003,-0.001,0.110,0.010,0.003,-0.001,1520.6,-1,-1520.6,7.724,-0.91,24.06,-0.06,0.31,-4.5625.15
7.75930,32.783,-1385.420,0,0.000,0.006,-0.007,0.110,-0.029,0.006,-0.007,1350.5,-1,-1350.5,7.735,-0.91,24.33,0.00,0.28,0.0028.80
7.77872,15.820,-1402.383,0,0.000,0.036,-0.057,0.110,-0.042,0.036,-0.057,1034.7,-1,-1034.7,7.747,-0.91,24.55,0.00,0.21,0.0019.36
7.78894,9.141,-1409.063,0,0.000,0.059,-0.040,0.111,-0.051,0.059,-0.040,859.1,-1,-859.1,7.760,-0.98,24.72,-0.08,0.17,-5.1311.97
7.79899,4.658,-1413.545,0,0.000,0.053,-0.264,0.111,-0.144,0.053,-0.264,660.0,-1,-660.0,7.776,-1.03,24.94,-0.05,0.22,-3.4914.83
7.81858,359.209,-1418.994,0,0.000,0.004,-0.181,0.111,-0.184,0.004,-0.181,305.3,-1,-305.3,7.789,-1.03,25.14,0.00,0.20,0.0013.76
7.82863,359.297,-1418.906,0,0.000,-0.001,-0.178,0.111,-0.054,-0.001,-0.178,115.2,-1,-115.2,7.804,-1.03,25.35,0.00,0.21,0.0016.13
7.83886,359.385,-1418.818,0,0.000,0.002,-0.149,0.111,0.013,0.002,-0.149,75.8,1,75.8,7.818,-1.03,25.52,0.00,0.17,0.0012.66
7.84892,359.297,-1418.906,0,0.000,0.035,-0.069,0.112,0.024,0.035,-0.069,285.7,1,285.7,7.830,-1.03,25.80,0.00,0.28,0.0020.89
7.86850,1.846,-1416.357,0,0.000,0.023,-0.077,0.112,0.098,0.023,-0.077,643.2,1,643.2,7.844,-1.03,26.00,0.00,0.20,0.0014.00
7.87855,6.504,-1411.699,0,0.000,0.058,-0.143,0.113,0.142,0.058,-0.143,826.8,1,826.8,7.856,-1.03,26.29,0.00,0.28,0.0023.56
7.88879,11.162,-1407.041,0,0.000,0.040,-0.109,0.113,0.092,0.040,-0.109,1005.7,1,1005.7,7.869,-1.03,26.45,0.00,0.16,0.0012.06
7.89884,20.566,-1397.637,0,0.000,0.073,-0.232,0.114,0.062,0.073,-0.232,1178.9,1,1178.9,7.869,-1.03,26.45,0.00,0.16,0.0012.06
7.91842,38.408,-1379.795,0,0.000,0.077,-0.078,0.115,0.024,0.077,-0.078,1503.9,1,1503.9,7.896,-1.03,26.76,0.00,0.18,0.0012.26
7.92847,52.031,-1366.172,0,0.000,0.063,-0.090,0.116,-0.011,0.063,-0.090,1653.7,1,1653.7,7.909,-1.03,26.76,0.00,0.00,0.000.00
7.93871,65.215,-1352.988,0,0.000,0.039,-0.108,0.116,-0.044,0.039,-0.108,1793.8,1,1793.8,7.920,-1.03,26.76,0.00,0.00,0.000.00
7.94875,78.838,-1339.365,0,0.000,0.051,-0.049,0.117,-0.080,0.051,-0.049,1923.3,1,1923.3,7.920,-1.03,26.76,0.00,0.00,0.000.00
7.96834,104.326,-1313.877,0,0.000,0.023,-0.059,0.117,-0.113,0.023,-0.059,2147.4,1,2147.4,7.945,-1.03,26.70,0.00,-0.06,0.00-4.27
7.97841,118.037,-1300.166,0,0.000,0.017,-0.014,0.118,-0.095,0.017,-0.014,2240.5,1,2240.5,7.959,-1.03,26.53,0.00,-0.17,0.00-14.17
7.98863,131.484,-1286.719,0,0.000,0.004,-0.011,0.118,-0.075,0.004,-0.011,2320.0,1,2320.0,7.970,-1.03,26.31,0.00,-0.22,0.00-21.50
7.99878,144.580,-1273.623,0,0.000,0.008,-0.032,0.118,-0.062,0.008,-0.032,2385.6,1,2385.6,7.970,-1.03,26.31,0.00,-0.22,0.00-21.50
8.01873,173.232,-1244.971,0,0.000,-0.002,-0.014,0.118,0.002,-0.002,-0.014,2473.0,1,2473.0,7.995,-0.98,25.83,0.00,-0.24,0.00-23.13
8.03831,200.479,-1217.725,0,0.000,-0.002,0.016,0.118,0.075,-0.002,0.016,2499.9,1,2499.9,8.017,-1.03,25.24,-0.06,-0.18,-5.01-16.02
8.04837,214.805,-1203.398,0,0.000,0.016,0.007,0.118,0.094,0.016,0.007,2490.3,1,2490.3,8.017,-1.03,25.24,-0.06,-0.18,-5.01-16.02
8.05859,228.867,-1189.336,0,0.000,0.010,-0.023,0.118,0.119,0.010,-0.023,2465.3,1,2465.3,8.030,-1.03,24.75,0.00,-0.49,0.00-37.81
8.06865,243.105,-1175.098,0,0.000,0.020,-0.007,0.118,0.104,0.020,-0.007,2424.9,1,2424.9,8.041,-0.98,24.65,0.06,-0.10,4.77-8.47
8.08824,269.561,-1148.643,0,0.000,0.021,-0.014,0.119,0.059,0.021,-0.014,2299.2,1,2299.2,8.070,-0.92,24.25,0.06,-0.23,3.69-14.27
8.09829,283.447,-1134.756,0,0.000,0.032,0.002,0.119,0.051,0.032,0.002,2214.4,1,2214.4,8.078,-0.92,24.04,0.00,-0.22,0.00-22.69
8.10851,296.807,-1121.396,0,0.000,0.028,0.010,0.119,0.021,0.028,0.010,2115.6,1,2115.6,8.078,-0.92,24.04,0.00,-0.22,0.00-22.69
8.11857,310.605,-1107.598,0,0.000,0.023,0.013,0.119,0.004,0.023,0.013,2003.5,1,2003.5,8.092,-0.92,23.67,0.00,-0.37,0.00-29.44
8.13803,336.182,-1082.021,0,0.000,0.020,0.001,0.120,-0.020,0.020,0.001,1755.8,1,1755.8,8.118,-0.92,22.98,0.00,-0.43,0.00-37.33
8.14807,349.893,-1068.311,0,0.000,0.008,0.001,0.120,-0.026,0.008,0.001,1593.5,1,1593.5,8.118,-0.92,22.98,0.00,-0.43,0.00-37.33
8.15830,3.164,-1055.039,0,0.000,0.001,0.004,0.120,-0.041,0.001,0.004,1435.0,1,1435.0,8.135,-0.92,22.61,0.00,-0.38,0.00-24.40
8.16835,13.447,-1044.756,0,0.000,-0.020,0.088,0.120,-0.016,-0.020,0.088,1267.2,1,1267.2,8.146,-0.92,22.16,0.00,-0.44,0.00-36.78
8.17858,22.324,-1035.879,0,0.000,-0.012,0.111,0.119,-0.075,-0.012,0.111,1091.2,1,1091.2,8.158,-0.92,21.78,0.00,-0.39,0.00-28.89
8.19799,34.805,-1023.398,0,0.000,-0.028,0.040,0.119,-0.073,-0.028,0.040,718.5,1,718.5,8.169,-0.92,21.33,0.00,-0.44,0.00-43.16
8.20822,38.936,-1019.268,0,0.000,-0.048,0.105,0.119,0.005,-0.048,0.105,524.3,1,524.3,8.180,-0.92,20.98,0.00,-0.36,0.00-33.56
8.21827,40.957,-1017.246,0,0.000,-0.030,0.075,0.118,0.019,-0.030,0.075,326.5,1,326.5,8.196,-0.92,20.63,0.00,-0.35,0.00-22.87
8.22850,40.869,-1017.334,0,0.000,-0.007,0.138,0.118,0.127,-0.007,0.138,126.3,1,126.3,8.209,-0.92,20.31,0.00,-0.32,0.00-21.42
8.24791,40.869,-1017.334,0,0.000,-0.017,0.086,0.118,0.144,-0.017,0.086,276.0,-1,-276.0,8.224,-0.92,20.01,0.00,-0.29,0.00-19.65
8.25814,40.869,-1017.334,0,0.000,-0.016,0.074,0.118,0.114,-0.016,0.074,475.5,-1,-475.5,8.235,-0.92,19.70,0.00,-0.31,0.00-28.60
8.26819,37.793,-1020.410,0,0.000,0.000,0.105,0.118,0.052,0.000,0.105,672.1,-1,-672.1,8.248,-0.92,19.56,0.00,-0.14,0.00-12.52
8.27842,33.223,-1024.980,0,0.000,-0.035,0.090,0.118,-0.010,-0.035,0.090,864.6,-1,-864.6,8.248,-0.92,19.56,0.00,-0.14,0.00-12.52
8.29783,19.160,-1039.043,0,0.000,-0.090,0.157,0.116,-0.007,-0.090,0.157,1214.4,-1,-1214.4,8.272,-0.92,19.28,0.00,-0.10,0.00-9.28
8.30806,10.371,-1047.832,0,0.000,-0.081,0.172,0.116,0.009,-0.081,0.172,1387.7,-1,-1387.7,8.286,-0.92,19.17,0.00,-0.10,0.00-7.03
8.31812,358.594,-1059.609,0,0.000,-0.045,0.111,0.115,0.009,-0.045,0.111,1568.0,-1,-1568.0,8.300,-0.92,19.17,0.00,0.00,0.000.00
8.33770,332.842,-1085.361,0,0.000,0.003,0.183,0.115,0.060,0.003,0.183,1849.6,-1,-1849.6,8.311,-0.83,19.24,0.09,0.06,7.565.50
8.34775,319.131,-1099.072,0,0.000,-0.016,0.089,0.115,0.063,-0.016,0.089,1980.6,-1,-1980.6,8.322,-0.83,19.15,0.00,-0.09,0.00-7.01
8.35798,305.771,-1112.432,0,0.000,0.023,0.102,0.115,0.073,0.023,0.102,2098.5,-1,-2098.5,8.333,-0.77,19.22,0.06,0.07,5.286.03
8.36803,292.061,-1126.143,0,0.000,0.030,0.099,0.115,0.039,0.030,0.099,2212.2,-1,-2212.2,8.344,-0.77,19.35,0.00,0.14,0.0012.79
8.37811,279.580,-1138.623,0,0.000,0.015,0.040,0.116,0.082,0.015,0.040,2292.0,-1,-2292.0,8.344,-0.77,19.35,0.00,0.14,0.0012.79
8.39763,252.158,-1166.045,0,0.000,0.022,0.040,0.116,0.047,0.022,0.040,2424.4,-1,-2424.4,8.371,-0.77,19.79,0.00,0.28,0.0023.79
8.40768,238.008,-1180.195,0,0.000,0.010,-0.006,0.116,0.016,0.010,-0.006,2466.3,-1,-2466.3,8.388,-0.77,20.09,0.00,0.30,0.0018.47
8.41791,224.121,-1194.082,0,0.000,0.000,0.020,0.116,0.016,0.000,0.020,2491.6,-1,-2491.6,8.388,-0.77,20.09,0.00,0.30,0.0018.47
8.42796,209.707,-1208.496,0,0.000,0.002,0.025,0.116,0.004,0.002,0.025,2499.9,-1,-2499.9,8.404,-0.77,20.50,0.00,0.41,0.0027.11
8.44755,182.549,-1235.654,0,0.000,0.011,0.022,0.116,0.008,0.011,0.022,2465.7,-1,-2465.7,8.427,-0.77,21.17,0.00,0.27,0.0028.20
8.45760,168.223,-1249.980,0,0.000,0.023,0.011,0.117,0.004,0.023,0.011,2423.1,-1,-2423.1,8.427,-0.77,21.17,0.00,0.27,0.0028.20
8.46783,154.336,-1263.867,0,0.000,0.017,-0.007,0.117,0.011,0.017,-0.007,2363.9,-1,-2363.9,8.439,-0.72,21.63,0.05,0.46,4.1336.28
8.47788,140.273,-1277.930,0,0.000,0.030,0.004,0.117,0.015,0.030,0.004,2288.3,-1,-2288.3,8.451,-0.72,21.93,0.00,0.30,0.0027.03
8.49747,114.082,-1304.121,0,0.000,0.025,-0.015,0.118,0.050,0.025,-0.015,2090.1,-1,-2090.1,8.476,-0.72,22.62,0.00,0.33,0.0027.27
8.50796,100.986,-1317.217,0,0.000,0.027,0.004,0.118,0.063,0.027,0.004,1968.8,-1,-1968.8,8.488,-0.72,22.95,0.00,0.33,0.0024.48
8.52770,74.268,-1343.936,0,0.000,0.005,-0.002,0.118,0.051,0.005,-0.002,1685.5,-1,-1685.5,8.502,-0.72,23.30,0.00,0.35,0.0026.32
8.53777,60.645,-1357.559,0,0.000,-0.002,0.002,0.118,0.041,-0.002,0.002,1525.4,-1,-1525.4,8.515,-0.72,23.58,0.00,0.28,0.0022.14
8.55734,40.342,-1377.861,0,0.000,-0.010,-0.040,0.118,0.011,-0.010,-0.040,1173.8,-1,-1173.8,8.531,-0.77,23.92,-0.05,0.35,-2.9020.31
8.56740,31.377,-1386.826,0,0.000,0.023,-0.034,0.118,-0.010,0.023,-0.034,984.7,-1,-984.7,8.543,-0.77,24.17,0.00,0.25,0.0017.52
8.57762,25.928,-1392.275,0,0.000,0.049,-0.102,0.119,-0.034,0.049,-0.102,788.4,-1,-788.4,8.559,-0.77,24.41,0.00,0.23,0.0019.44
8.58768,21.709,-1396.494,0,0.000,0.040,-0.079,0.119,0.028,0.040,-0.079,586.3,-1,-586.3,8.559,-0.77,24.41,0.00,0.23,0.0019.44
8.60726,18.633,-1399.570,0,0.000,0.059,-0.051,0.120,0.110,0.059,-0.051,170.3,-1,-170.3,8.586,-0.84,24.82,0.00,0.23,0.0013.05
8.61732,18.633,-1399.570,0,0.000,0.040,-0.082,0.120,0.107,0.040,-0.082,40.6,1,40.6,8.586,-0.84,24.82,0.00,0.23,0.0013.05
8.62755,18.721,-1399.482,0,0.000,0.048,-0.027,0.121,0.148,0.048,-0.027,251.5,1,251.5,8.600,-0.89,25.02,-0.05,0.20,-3.9616.02
8.63760,18.721,-1399.482,0,0.000,0.044,-0.008,0.121,0.138,0.044,-0.008,460.8,1,460.8,8.610,-0.89,25.23,0.00,0.21,0.0019.19
8.65720,25.576,-1392.627,0,0.000,0.026,-0.135,0.122,0.109,0.026,-0.135,868.9,1,868.9,8.640,-0.89,25.60,0.00,0.17,0.0013.35
8.66724,31.201,-1387.002,0,0.000,0.032,-0.084,0.122,0.103,0.032,-0.084,1064.6,1,1064.6,8.640,-0.89,25.60,0.00,0.17,0.0013.35
8.67746,40.254,-1377.949,0,0.000,0.052,-0.089,0.123,0.138,0.052,-0.089,1252.9,1,1252.9,8.651,-0.89,25.92,0.00,0.32,0.0023.63
8.68752,49.482,-1368.721,0,0.000,0.035,-0.079,0.123,0.114,0.035,-0.079,1432.3,1,1432.3,8.663,-0.89,26.09,0.00,0.17,0.0012.93
8.70711,74.180,-1344.023,0,0.000,0.029,-0.195,0.124,0.054,0.029,-0.195,1759.4,1,1759.4,8.677,-0.89,26.16,0.00,0.06,0.004.87
8.71716,87.715,-1330.488,0,0.000,0.019,-0.136,0.124,0.007,0.019,-0.136,1904.5,1,1904.5,8.688,-0.89,26.16,0.00,0.00,0.000.00
8.72738,100.898,-1317.305,0,0.000,0.048,-0.057,0.124,-0.080,0.048,-0.057,2035.9,1,2035.9,8.702,-0.89,26.23,0.00,0.08,0.005.64
8.73744,114.521,-1303.682,0,0.000,0.029,-0.069,0.125,-0.120,0.029,-0.069,2152.6,1,2152.6,8.713,-0.89,26.23,0.00,0.00,0.000.00
8.75702,140.713,-1277.490,0,0.000,0.041,0.009,0.125,-0.162,0.041,0.009,2330.4,1,2330.4,8.737,-0.78,26.07,0.05,0.00,4.880.00
8.76745,154.248,-1263.955,0,0.000,0.020,-0.013,0.126,-0.140,0.020,-0.013,2399.5,1,2399.5,8.749,-0.78,25.65,0.00,-0.42,0.00-40.27
8.78714,182.637,-1235.566,0,0.000,0.023,-0.005,0.126,-0.065,0.023,-0.005,2486.6,1,2486.6,8.761,-0.78,25.51,0.00,-0.14,0.00-9.85
8.79737,196.787,-1221.416,0,0.000,0.013,-0.028,0.126,-0.025,0.013,-0.028,2499.6,1,2499.6,8.775,-0.72,25.12,0.06,-0.38,4.84-30.86
8.80742,211.201,-1207.002,0,0.000,0.004,-0.035,0.126,0.028,0.004,-0.035,2494.1,1,2494.1,8.783,-0.72,24.73,0.00,-0.39,0.00-38.85
8.82701,238.271,-1179.932,0,0.000,0.004,-0.019,0.126,0.129,0.004,-0.019,2432.2,1,2432.2,8.796,-0.61,24.55,0.11,-0.17,8.67-13.78
8.83706,252.422,-1165.781,0,0.000,0.003,-0.023,0.126,0.145,0.003,-0.023,2366.2,1,2366.2,8.809,-0.61,24.27,0.00,-0.28,0.00-21.43
8.84729,266.045,-1152.158,0,0.000,0.011,0.005,0.127,0.147,0.011,0.005,2287.3,1,2287.3,8.822,-0.53,24.18,0.09,-0.10,7.57-8.66
8.85734,279.932,-1138.271,0,0.000,0.022,0.013,0.127,0.138,0.022,0.013,2191.1,1,2191.1,8.834,-0.53,23.97,0.00,-0.20,0.00-15.67
8.87693,305.859,-1112.344,0,0.000,0.035,0.010,0.127,0.041,0.035,0.010,1963.1,1,1963.1,8.845,-0.53,23.78,0.00,-0.19,0.00-17.00
8.88698,319.658,-1098.545,0,0.000,0.037,0.011,0.128,-0.020,0.037,0.011,1805.8,1,1805.8,8.860,-0.53,23.58,0.00,-0.19,0.00-13.48
8.89721,332.930,-1085.273,0,0.000,0.031,0.011,0.128,-0.069,0.031,0.011,1648.2,1,1648.2,8.872,-0.53,23.29,0.00,-0.29,0.00-28.13
8.90726,346.553,-1071.650,0,0.000,0.028,0.022,0.128,-0.099,0.028,0.022,1477.8,1,1477.8,8.885,-0.53,23.00,0.00,-0.30,0.00-19.76
8.92685,5.801,-1052.402,0,0.000,0.047,0.210,0.129,-0.062,0.047,0.210,1123.6,1,1123.6,8.900,-0.53,22.56,0.00,-0.44,0.00-39.38
8.93690,14.678,-1043.525,0,0.000,0.064,0.173,0.130,-0.025,0.064,0.173,903.2,1,903.2,8.912,-0.53,22.09,0.00,-0.47,0.00-31.36
8.94713,18.809,-1039.395,0,0.000,0.044,0.173,0.130,-0.015,0.044,0.173,695.3,1,695.3,8.925,-0.47,21.70,0.05,-0.39,4.04-28.96
8.95718,23.115,-1035.088,0,0.000,-0.010,0.161,0.130,0.044,-0.010,0.161,481.8,1,481.8,8.933,-0.47,21.21,0.00,-0.49,0.00-41.77
8.97677,24.170,-1034.033,0,0.000,-0.005,0.163,0.130,0.035,-0.005,0.163,66.5,1,66.5,8.945,-0.47,20.80,0.00,-0.41,0.00-41.86
8.98682,24.170,-1034.033,0,0.000,-0.011,0.143,0.130,0.084,-0.011,0.143,153.9,-1,-153.9,8.959,-0.47,20.39,0.00,-0.41,0.00-32.09
8.99705,24.082,-1034.121,0,0.000,-0.013,0.085,0.130,0.071,-0.013,0.085,373.3,-1,-373.3,8.973,-0.47,20.04,0.00,-0.35,0.00-25.66
9.00710,22.764,-1035.439,0,0.000,-0.001,0.068,0.130,0.098,-0.001,0.068,611.6,-1,-611.6,8.984,-0.47,19.76,0.00,-0.28,0.00-25.69
9.02643,13.975,-1044.229,0,0.000,-0.039,0.115,0.130,-0.007,-0.039,0.115,1009.0,-1,-1009.0,8.998,-0.47,19.72,0.00,-0.05,0.00-3.27
9.03666,5.010,-1053.193,0,0.000,-0.042,0.175,0.129,-0.077,-0.042,0.175,1207.7,-1,-1207.7,9.010,-0.47,19.59,0.00,-0.13,0.00-10.25
9.04671,355.781,-1062.422,0,0.000,-0.008,0.215,0.129,-0.042,-0.008,0.215,1397.1,-1,-1397.1,9.023,-0.47,19.66,0.00,0.07,0.007.40
9.05694,344.180,-1074.023,0,0.000,0.005,0.159,0.129,-0.099,0.005,0.159,1575.7,-1,-1575.7,9.034,-0.47,19.60,0.00,-0.06,0.00-5.59
9.06699,330.469,-1087.734,0,0.000,0.010,0.203,0.129,-0.136,0.010,0.203,1758.0,-1,-1758.0,9.046,-0.54,19.54,-0.06,-0.06,-5.08-4.61
9.08657,304.629,-1113.574,0,0.000,-0.016,0.091,0.129,-0.087,-0.016,0.091,2032.6,-1,-2032.6,9.058,-0.47,19.54,0.06,0.00,4.170.00
9.09663,290.830,-1127.373,0,0.000,0.000,0.097,0.129,-0.078,0.000,0.097,2154.3,-1,-2154.3,9.074,-0.47,19.39,0.00,-0.15,0.00-10.33
9.10685,277.383,-1140.820,0,0.000,0.009,0.084,0.129,-0.059,0.009,0.084,2259.0,-1,-2259.0,9.086,-0.40,19.59,0.08,0.20,7.9420.97
9.11691,263.408,-1154.795,0,0.000,0.002,0.034,0.129,-0.002,0.002,0.034,2353.4,-1,-2353.4,9.097,-0.40,19.59,0.00,0.00,0.000.00
9.13649,236.777,-1181.426,0,0.000,0.022,0.044,0.130,0.085,0.022,0.044,2462.4,-1,-2462.4,9.110,-0.40,20.00,0.00,0.41,0.0031.61
9.14678,223.242,-1194.961,0,0.000,0.023,-0.004,0.130,0.079,0.023,-0.004,2491.2,-1,-2491.2,9.123,-0.40,20.08,0.00,0.08,0.005.59
9.16658,194.414,-1223.789,0,0.000,0.010,0.015,0.130,0.067,0.010,0.015,2488.5,-1,-2488.5,9.151,-0.44,21.03,0.00,0.54,0.0041.22
9.17680,180.352,-1237.852,0,0.000,0.011,0.000,0.130,0.060,0.011,0.000,2456.8,-1,-2456.8,9.160,-0.44,21.32,0.00,0.28,0.0023.55
9.19621,153.105,-1265.098,0,0.000,0.016,0.020,0.130,0.013,0.016,0.020,2333.6,-1,-2333.6,9.169,-0.37,21.86,0.07,0.54,6.0744.39
9.20644,139.395,-1278.809,0,0.000,0.010,0.002,0.131,0.002,0.010,0.002,2243.1,-1,-2243.1,9.185,-0.37,22.25,0.00,0.39,0.0027.52
9.21649,125.508,-1292.695,0,0.000,0.014,0.005,0.131,0.004,0.014,0.005,2134.0,-1,-2134.0,9.195,-0.37,22.59,0.00,0.34,0.0033.76
9.22672,112.148,-1306.055,0,0.000,0.028,-0.001,0.131,0.000,0.028,-0.001,2007.3,-1,-2007.3,9.195,-0.37,22.59,0.00,0.34,0.0033.76
9.24613,86.045,-1332.158,0,0.000,0.022,-0.002,0.131,0.004,0.022,-0.002,1705.1,-1,-1705.1,9.221,-0.37,23.23,0.00,0.29,0.0022.80
9.25637,72.861,-1345.342,0,0.000,0.017,0.002,0.132,-0.017,0.017,0.002,1531.9,-1,-1531.9,9.237,-0.37,23.51,0.00,0.28,0.0019.59
9.26641,60.117,-1358.086,0,0.000,0.011,0.000,0.132,0.001,0.011,0.000,1345.9,-1,-1345.9,9.237,-0.37,23.51,0.00,0.28,0.0019.59
9.27664,51.504,-1366.699,0,0.000,0.008,-0.040,0.132,0.020,0.008,-0.040,1148.5,-1,-1148.5,9.249,-0.37,23.71,0.00,0.20,0.0014.91
9.29605,38.496,-1379.707,0,0.000,0.050,-0.213,0.133,-0.011,0.050,-0.213,725.9,-1,-725.9,9.277,-0.42,24.24,-0.05,0.22,-4.7121.09
9.30627,34.277,-1383.926,0,0.000,0.011,-0.169,0.133,-0.020,0.011,-0.169,504.4,-1,-504.4,9.285,-0.49,24.44,-0.07,0.20,-6.1616.77
9.31634,32.783,-1385.420,0,0.000,-0.005,-0.143,0.133,-0.032,-0.005,-0.143,278.3,-1,-278.3,9.296,-0.54,24.70,-0.05,0.26,-4.3123.38
9.32656,32.783,-1385.420,0,0.000,0.011,-0.156,0.133,-0.003,0.011,-0.156,49.6,-1,-49.6,9.296,-0.54,24.70,-0.05,0.26,-4.3123.38
9.34597,32.783,-1385.420,0,0.000,0.052,-0.075,0.134,-0.012,0.052,-0.075,407.8,1,407.8,9.322,-0.62,25.20,0.00,0.30,0.0026.58
9.35619,34.541,-1383.662,0,0.000,0.046,-0.055,0.134,-0.007,0.046,-0.055,632.7,1,632.7,9.334,-0.62,25.44,0.00,0.24,0.0019.09
9.36625,39.111,-1379.092,0,0.000,0.024,-0.181,0.134,0.010,0.024,-0.181,852.5,1,852.5,9.334,-0.62,25.44,0.00,0.24,0.0019.09
9.37648,44.561,-1373.643,0,0.000,0.029,-0.117,0.135,0.043,0.029,-0.117,1065.3,1,1065.3,9.348,-0.62,25.44,0.00,0.00,0.000.00
9.39589,62.051,-1356.152,0,0.000,0.042,-0.123,0.135,0.096,0.042,-0.123,1462.6,1,1462.6,9.372,-0.62,25.72,0.00,0.00,0.000.00
9.40637,74.268,-1343.936,0,0.000,0.039,-0.311,0.136,0.042,0.039,-0.311,1626.1,1,1626.1,9.386,-0.69,25.72,-0.07,0.00,-4.970.00
9.42616,101.338,-1316.865,0,0.000,0.019,-0.165,0.136,-0.013,0.019,-0.165,1962.6,1,1962.6,9.399,-0.69,25.82,0.00,0.10,0.006.68
9.43639,114.697,-1303.506,0,0.000,0.009,-0.099,0.136,-0.083,0.009,-0.099,2097.7,1,2097.7,9.410,-0.79,25.76,-0.10,-0.06,-9.56-6.43
9.45580,140.977,-1277.227,0,0.000,-0.002,-0.052,0.136,-0.135,-0.002,-0.052,2304.1,1,2304.1,9.434,-0.72,25.68,0.00,-0.18,0.00-15.03
9.46603,154.863,-1263.340,0,0.000,0.002,-0.023,0.136,-0.113,0.002,-0.023,2384.3,1,2384.3,9.446,-0.66,25.68,0.07,0.00,5.080.00
9.47608,169.189,-1249.014,0,0.000,0.005,-0.017,0.136,-0.102,0.005,-0.017,2448.7,1,2448.7,9.456,-0.66,25.46,0.00,-0.23,0.00-22.62
9.48631,183.164,-1235.039,0,0.000,0.017,-0.031,0.137,-0.087,0.017,-0.031,2485.0,1,2485.0,9.456,-0.66,25.46,0.00,-0.23,0.00-22.62
9.50572,210.586,-1207.617,0,0.000,0.023,-0.027,0.137,-0.046,0.023,-0.027,2494.2,1,2494.2,9.487,-0.54,24.90,0.12,-0.25,8.54-18.08
9.51595,224.912,-1193.291,0,0.000,0.020,-0.035,0.137,-0.008,0.020,-0.035,2467.4,1,2467.4,9.487,-0.54,24.90,0.12,-0.25,8.54-18.08
9.52600,238.975,-1179.229,0,0.000,0.014,-0.018,0.137,0.036,0.014,-0.018,2412.8,1,2412.8,9.496,-0.54,24.50,0.00,-0.40,0.00-34.65
9.54559,265.605,-1152.598,0,0.000,0.016,0.007,0.138,0.121,0.016,0.007,2258.4,1,2258.4,9.524,-0.45,24.05,0.00,-0.25,0.00-18.95
9.55564,279.316,-1138.887,0,0.000,0.022,0.026,0.138,0.138,0.022,0.026,2147.7,1,2147.7,9.539,-0.40,23.83,0.05,-0.22,4.35-18.09
9.56587,293.027,-1125.176,0,0.000,0.027,0.001,0.138,0.138,0.027,0.001,2017.9,1,2017.9,9.539,-0.40,23.83,0.05,-0.22,4.35-18.09
9.57592,306.475,-1111.729,0,0.000,0.022,0.000,0.138,0.080,0.022,0.000,1854.3,1,1854.3,9.549,-0.40,23.60,0.00,-0.23,0.00-18.41
9.59551,332.578,-1085.625,0,0.000,0.003,0.014,0.139,-0.010,0.003,0.014,1525.3,1,1525.3,9.571,-0.40,23.18,0.00,-0.20,0.00-16.36
9.60556,345.146,-1073.057,0,0.000,0.001,0.014,0.139,-0.032,0.001,0.014,1331.5,1,1331.5,9.584,-0.40,22.88,0.00,-0.31,0.00-23.23
9.61579,353.936,-1064.268,0,0.000,0.020,0.029,0.139,-0.130,0.020,0.029,1125.6,1,1125.6,9.597,-0.40,22.51,0.00,-0.37,0.00-35.79
9.62584,2.549,-1055.654,0,0.000,0.008,0.080,0.139,-0.153,0.008,0.080,909.3,1,909.3,9.597,-0.40,22.51,0.00,-0.37,0.00-35.79
9.64543,10.811,-1047.393,0,0.000,0.012,0.207,0.139,-0.075,0.012,0.207,453.5,1,453.5,9.624,-0.40,21.75,0.00,-0.40,0.00-31.35
9.65548,10.986,-1047.217,0,0.000,0.000,0.270,0.139,0.028,0.000,0.270,218.0,1,218.0,9.637,-0.40,21.27,0.00,-0.48,0.00-38.30
9.66596,10.898,-1047.305,0,0.000,0.008,0.274,0.139,0.143,0.008,0.274,19.6,-1,-19.6,9.637,-0.40,21.27,0.00,-0.48,0.00-38.30
9.68577,10.898,-1047.305,0,0.000,0.026,0.143,0.140,0.182,0.026,0.143,493.0,-1,-493.0,9.661,-0.40,20.40,0.00,-0.44,0.00-33.95
9.70537,2.461,-1055.742,0,0.000,0.050,0.151,0.140,0.080,0.050,0.151,949.5,-1,-949.5,9.684,-0.40,19.85,0.00,-0.13,0.00-11.08
9.71541,354.551,-1063.652,0,0.000,0.068,0.198,0.141,0.090,0.068,0.198,1166.1,-1,-1166.1,9.684,-0.40,19.85,0.00,-0.13,0.00-11.08
9.72564,345.498,-1072.705,0,0.000,0.062,0.119,0.141,-0.106,0.062,0.119,1372.3,-1,-1372.3,9.696,-0.40,19.58,0.00,-0.27,0.00-22.34
9.73569,333.984,-1084.219,0,0.000,0.026,0.081,0.142,-0.057,0.026,0.081,1566.1,-1,-1566.1,9.711,-0.40,19.69,0.00,0.11,0.009.42
9.75529,308.232,-1109.971,0,0.000,0.017,0.187,0.142,0.017,0.017,0.187,1909.3,-1,-1909.3,9.735,-0.40,19.69,0.00,0.00,0.000.00
9.76533,294.346,-1123.857,0,0.000,0.026,0.104,0.142,-0.120,0.026,0.104,2055.5,-1,-2055.5,9.745,-0.40,19.81,0.00,0.12,0.0010.32
9.77556,280.898,-1137.305,0,0.000,0.002,0.077,0.142,-0.078,0.002,0.077,2182.8,-1,-2182.8,9.745,-0.40,19.81,0.00,0.12,0.0010.32
9.78561,267.012,-1151.191,0,0.000,0.029,0.046,0.142,-0.151,0.029,0.046,2290.0,-1,-2290.0,9.756,-0.46,19.70,-0.06,-0.10,-5.54-9.64
9.79570,254.268,-1163.936,0,0.000,0.028,0.023,0.142,-0.084,0.028,0.023,2376.0,-1,-2376.0,9.772,-0.40,19.94,0.06,0.24,4.2418.02
9.81522,226.494,-1191.709,0,0.000,0.019,0.035,0.143,-0.009,0.019,0.035,2481.1,-1,-2481.1,9.795,-0.40,20.16,0.00,0.15,0.0012.42
9.82527,212.168,-1206.035,0,0.000,0.023,0.021,0.143,-0.005,0.023,0.021,2499.1,-1,-2499.1,9.795,-0.40,20.16,0.00,0.15,0.0012.42
9.83550,198.193,-1220.010,0,0.000,0.021,0.005,0.143,0.071,0.021,0.005,2493.7,-1,-2493.7,9.808,-0.40,20.57,0.00,0.41,0.0033.18
9.84555,183.779,-1234.424,0,0.000,0.027,0.002,0.144,0.052,0.027,0.002,2464.9,-1,-2464.9,9.821,-0.40,20.86,0.00,0.30,0.0022.59
9.86514,156.797,-1261.406,0,0.000,0.008,-0.022,0.144,0.066,0.008,-0.022,2337.8,-1,-2337.8,9.835,-0.40,21.26,0.00,0.39,0.0029.08
9.87519,142.646,-1275.557,0,0.000,0.012,-0.020,0.144,0.092,0.012,-0.020,2240.7,-1,-2240.7,9.848,-0.40,21.67,0.00,0.41,0.0030.71
9.88542,129.023,-1289.180,0,0.000,0.002,-0.001,0.144,0.066,0.002,-0.001,2122.2,-1,-2122.2,9.863,-0.40,22.08,0.00,0.41,0.0027.24
9.89547,115.225,-1302.979,0,0.000,0.005,-0.002,0.144,0.093,0.005,-0.002,1983.4,-1,-1983.4,9.863,-0.40,22.08,0.00,0.41,0.0027.24
9.91506,89.473,-1328.730,0,0.000,0.012,0.013,0.144,0.055,0.012,0.013,1668.5,-1,-1668.5,9.892,-0.40,22.88,0.00,0.41,0.0026.37
9.92511,76.025,-1342.178,0,0.000,0.023,-0.004,0.145,-0.009,0.023,-0.004,1458.9,-1,-1458.9,9.904,-0.40,23.20,0.00,0.32,0.0030.44
9.93534,65.391,-1352.813,0,0.000,0.025,-0.021,0.145,-0.041,0.025,-0.021,1253.4,-1,-1253.4,9.904,-0.40,23.20,0.00,0.32,0.0030.44
9.94539,56.514,-1361.689,0,0.000,0.027,-0.133,0.145,-0.067,0.027,-0.133,1035.6,-1,-1035.6,9.924,-0.40,23.44,0.00,0.24,0.0016.53
9.96498,45.615,-1372.588,0,0.000,0.034,-0.257,0.146,-0.175,0.034,-0.257,595.6,-1,-595.6,9.943,-0.40,24.03,0.00,0.25,0.0019.16
9.97504,43.242,-1374.961,0,0.000,-0.039,-0.169,0.145,-0.206,-0.039,-0.169,329.9,-1,-329.9,9.956,-0.40,24.22,0.00,0.19,0.0014.41
9.98526,43.242,-1374.961,0,0.000,-0.040,-0.279,0.145,-0.158,-0.040,-0.279,84.7,-1,-84.7,9.956,-0.40,24.22,0.00,0.19,0.0014.41
9.99531,43.330,-1374.873,0,0.000,-0.048,-0.208,0.144,-0.202,-0.048,-0.208,161.6,1,161.6,9.971,-0.47,24.37,-0.06,0.15,-5.1612.35
10.01472,45.439,-1372.764,0,0.000,-0.007,-0.116,0.144,-0.108,-0.007,-0.116,623.9,1,623.9,9.992,-0.56,24.70,-0.09,0.15,-8.4513.70
10.02512,50.010,-1368.193,0,0.000,-0.024,-0.286,0.144,-0.054,-0.024,-0.286,883.0,1,883.0,10.003,-0.56,24.94,0.00,0.24,0.0018.99
10.04506,65.215,-1352.988,0,0.000,-0.014,-0.242,0.143,0.023,-0.014,-0.242,1325.9,1,1325.9,10.015,-0.56,25.30,0.00,0.36,0.0030.60
10.05529,74.531,-1343.672,0,0.000,-0.056,-0.187,0.143,-0.002,-0.056,-0.187,1509.6,1,1509.6,10.031,-0.56,25.30,0.00,0.00,0.000.00
10.06530,88.682,-1329.521,0,0.000,-0.028,-0.226,0.142,0.054,-0.028,-0.226,1717.8,1,1717.8,10.041,-0.56,25.48,0.00,0.18,0.0015.78
10.08523,115.137,-1303.066,0,0.000,0.011,-0.162,0.143,-0.012,0.011,-0.162,2042.8,1,2042.8,10.062,-0.65,25.48,-0.09,-0.06,-7.39-5.30
10.10517,142.031,-1276.172,0,0.000,-0.001,-0.074,0.143,-0.093,-0.001,-0.074,2287.7,1,2287.7,10.075,-0.65,25.56,0.00,0.07,0.005.28
10.12510,169.541,-1248.662,0,0.000,-0.004,-0.032,0.143,-0.116,-0.004,-0.032,2442.2,1,2442.2,10.101,-0.58,25.23,0.07,-0.20,5.32-15.67
10.14503,197.578,-1220.625,0,0.000,0.004,-0.030,0.143,-0.084,0.004,-0.030,2499.7,1,2499.7,10.114,-0.50,25.08,0.08,-0.15,5.38-9.90
10.16497,225.527,-1192.676,0,0.000,0.022,-0.029,0.143,0.017,0.022,-0.029,2457.3,1,2457.3,10.133,-0.50,24.53,0.00,-0.54,0.00-29.41
10.18490,253.037,-1165.166,0,0.000,0.021,-0.038,0.143,0.110,0.021,-0.038,2316.0,1,2316.0,10.161,-0.39,24.14,0.00,-0.26,0.00-22.84
10.20484,279.932,-1138.271,0,0.000,0.032,0.003,0.144,0.152,0.032,0.003,2094.8,1,2094.8,10.174,-0.39,23.90,0.00,-0.24,0.00-18.21
10.22477,306.826,-1111.377,0,0.000,0.022,-0.011,0.144,0.110,0.022,-0.011,1778.9,1,1778.9,10.201,-0.39,23.46,0.00,-0.24,0.00-17.11
10.23489,319.395,-1098.809,0,0.000,0.013,0.005,0.145,0.052,0.013,0.005,1592.7,1,1592.7,10.214,-0.39,23.28,0.00,-0.18,0.00-13.63
10.25458,342.422,-1075.781,0,0.000,-0.007,0.223,0.145,0.042,-0.007,0.223,1172.9,1,1172.9,10.234,-0.39,22.71,0.00,-0.33,0.00-26.14
10.27451,355.693,-1062.510,0,0.000,0.029,0.294,0.145,0.008,0.029,0.294,704.3,1,704.3,10.248,-0.39,22.34,0.00,-0.37,0.00-30.50
10.28491,359.912,-1058.291,0,0.000,0.035,0.208,0.145,-0.011,0.035,0.208,432.6,1,432.6,10.259,-0.39,21.95,0.00,-0.39,0.00-29.63
10.30485,0.352,-1057.852,0,0.000,0.057,0.266,0.146,0.002,0.057,0.266,48.2,-1,-48.2,10.274,-0.32,21.56,0.06,-0.39,5.31-32.83
10.32478,0.352,-1057.852,0,0.000,0.065,0.116,0.148,0.022,0.065,0.116,553.1,-1,-553.1,10.300,-0.32,20.64,0.00,-0.46,0.00-31.12
10.34471,350.859,-1067.344,0,0.000,0.057,0.314,0.149,0.266,0.057,0.314,1035.9,-1,-1035.9,10.323,-0.39,19.80,-0.07,-0.37,-6.86-36.99
10.36465,332.754,-1085.449,0,0.000,0.023,0.288,0.149,0.276,0.023,0.288,1476.6,-1,-1476.6,10.336,-0.39,19.60,0.00,-0.20,0.00-16.33
10.38458,306.123,-1112.080,0,0.000,0.031,0.207,0.150,0.119,0.031,0.207,1856.4,-1,-1856.4,10.362,-0.39,19.55,0.00,-0.10,0.00-6.80
10.40452,279.404,-1138.799,0,0.000,0.019,0.123,0.150,0.033,0.019,0.123,2158.9,-1,-2158.9,10.387,-0.45,19.82,-0.05,0.08,-4.135.95
10.42445,252.158,-1166.045,0,0.000,0.021,0.064,0.151,-0.040,0.021,0.064,2371.0,-1,-2371.0,10.397,-0.45,19.82,0.00,0.00,0.000.00
10.44438,224.648,-1193.555,0,0.000,0.026,0.053,0.151,-0.044,0.026,0.053,2483.1,-1,-2483.1,10.424,-0.52,20.15,-0.07,0.11,-6.369.99
10.46432,196.699,-1221.504,0,0.000,0.025,0.032,0.151,-0.026,0.025,0.032,2489.8,-1,-2489.8,10.436,-0.47,20.29,0.05,0.14,4.0311.36
10.48425,168.750,-1249.453,0,0.000,0.013,0.011,0.152,0.038,0.013,0.011,2390.3,-1,-2390.3,10.462,-0.38,21.07,0.09,0.25,5.7816.44
10.50419,141.328,-1276.875,0,0.000,0.013,0.002,0.152,0.084,0.013,0.002,2188.2,-1,-2188.2,10.484,-0.33,21.89,0.00,0.43,0.0035.50
10.52411,114.346,-1303.857,0,0.000,0.007,-0.004,0.152,0.119,0.007,-0.004,1891.6,-1,-1891.6,10.496,-0.33,22.20,0.00,0.30,0.0031.28
10.54405,87.891,-1330.313,0,0.000,0.014,-0.003,0.152,0.071,0.014,-0.003,1512.7,-1,-1512.7,10.525,-0.38,23.01,-0.05,0.38,-3.6325.22
10.56398,67.764,-1350.439,0,0.000,-0.007,-0.186,0.152,-0.031,-0.007,-0.186,1067.5,-1,-1067.5,10.537,-0.38,23.32,0.00,0.31,0.0023.33
10.57438,60.293,-1357.910,0,0.000,0.000,-0.135,0.152,-0.091,0.000,-0.135,825.8,-1,-825.8,10.548,-0.38,23.66,0.00,0.34,0.0028.28
10.59433,53.789,-1364.414,0,0.000,0.008,-0.124,0.152,-0.119,0.008,-0.124,317.5,-1,-317.5,10.574,-0.38,24.18,0.00,0.24,0.0020.37
10.60633,53.877,-1364.326,0,0.000,0.036,-0.250,0.153,-0.132,0.036,-0.250,30.1,-1,-30.1,10.574,-0.38,24.18,0.00,0.24,0.0020.37
10.62419,53.877,-1364.326,0,0.000,-0.013,-0.131,0.153,-0.157,-0.013,-0.131,465.8,1,465.8,10.599,-0.50,24.47,-0.06,0.14,-4.6111.05
10.64414,61.348,-1356.855,0,0.000,-0.011,-0.176,0.152,-0.034,-0.011,-0.176,968.4,1,968.4,10.624,-0.55,24.83,0.00,0.20,0.0014.54
10.66406,78.311,-1339.893,0,0.000,0.030,-0.266,0.153,0.002,0.030,-0.266,1429.1,1,1429.1,10.635,-0.55,24.78,0.00,-0.05,0.00-3.87
10.68399,103.623,-1314.580,0,0.000,0.021,-0.249,0.153,0.095,0.021,-0.249,1827.3,1,1827.3,10.663,-0.50,25.15,0.00,0.13,0.009.22
10.70392,130.342,-1287.861,0,0.000,0.030,-0.087,0.154,0.023,0.030,-0.087,2144.9,1,2144.9,10.674,-0.50,25.06,0.00,-0.09,0.00-6.96
10.72386,157.500,-1260.703,0,0.000,0.002,-0.051,0.154,-0.034,0.002,-0.051,2358.4,1,2358.4,10.699,-0.61,25.31,-0.11,0.07,-8.505.19
10.74379,185.537,-1232.666,0,0.000,-0.002,-0.020,0.154,-0.102,-0.002,-0.020,2480.2,1,2480.2,10.722,-0.61,25.22,0.00,0.00,0.000.00
10.76372,213.486,-1204.717,0,0.000,0.016,-0.010,0.154,-0.045,0.016,-0.010,2490.5,1,2490.5,10.734,-0.55,25.03,0.06,-0.20,5.16-17.34
10.78366,241.172,-1177.031,0,0.000,0.022,-0.035,0.155,0.019,0.022,-0.035,2388.2,1,2388.2,10.759,-0.44,24.41,0.00,-0.22,0.00-19.24
10.79414,254.795,-1163.408,0,0.000,0.028,-0.026,0.155,0.033,0.028,-0.026,2295.8,1,2295.8,10.772,-0.33,24.11,0.11,-0.30,8.28-22.21
10.81360,282.129,-1136.074,0,0.000,0.025,0.001,0.155,0.099,0.025,0.001,2033.6,1,2033.6,10.786,-0.33,23.75,0.00,-0.36,0.00-23.33
10.83353,308.760,-1109.443,0,0.000,0.021,0.012,0.156,0.150,0.021,0.012,1678.0,1,1678.0,10.805,-0.28,23.26,0.00,-0.26,0.00-28.10
10.84393,322.559,-1095.645,0,0.000,0.022,0.012,0.156,0.146,0.022,0.012,1448.1,1,1448.1,10.820,-0.28,23.02,0.00,-0.23,0.00-17.59
10.86386,341.543,-1076.660,0,0.000,0.003,0.161,0.156,0.019,0.003,0.161,1005.0,1,1005.0,10.844,-0.28,22.51,0.00,-0.29,0.00-24.60
10.88380,351.738,-1066.465,0,0.000,-0.035,0.180,0.156,-0.123,-0.035,0.180,492.8,1,492.8,10.858,-0.28,22.16,0.00,-0.35,0.00-26.74
10.90373,352.354,-1065.850,0,0.000,-0.004,0.187,0.155,-0.160,-0.004,0.187,43.0,-1,-43.0,10.873,-0.28,21.84,0.00,-0.32,0.00-18.49
10.92367,351.562,-1066.641,0,0.000,0.001,0.108,0.155,-0.139,0.001,0.108,578.0,-1,-578.0,10.901,-0.22,21.03,0.00,-0.50,0.00-35.97
10.94360,341.104,-1077.100,0,0.000,-0.027,0.167,0.155,-0.007,-0.027,0.167,1086.9,-1,-1086.9,10.921,-0.22,20.17,0.00,-0.45,0.00-45.16
10.96353,321.680,-1096.523,0,0.000,-0.041,0.217,0.154,0.072,-0.041,0.217,1545.9,-1,-1545.9,10.946,-0.22,19.83,0.00,-0.06,0.00-4.88
10.98347,295.137,-1123.066,0,0.000,0.034,0.169,0.154,0.038,0.034,0.169,1933.2,-1,-1933.2,10.958,-0.22,19.72,0.00,-0.12,0.00-8.83
11.00340,268.154,-1150.049,0,0.000,-0.004,0.090,0.155,0.017,-0.004,0.090,2229.9,-1,-2229.9,10.981,-0.28,19.96,-0.05,0.06,-4.545.03
11.02333,240.908,-1177.295,0,0.000,0.010,0.059,0.155,-0.017,0.010,0.059,2421.7,-1,-2421.7,11.002,-0.28,20.23,0.00,0.22,0.0018.18
11.04327,213.135,-1205.068,0,0.000,0.024,0.032,0.155,-0.053,0.024,0.032,2498.7,-1,-2498.7,11.015,-0.34,20.49,-0.06,0.26,-4.7020.04
11.06321,185.273,-1232.930,0,0.000,0.031,0.013,0.156,-0.057,0.031,0.013,2456.6,-1,-2456.6,11.042,-0.29,21.10,0.00,0.44,0.0033.36
11.08313,157.324,-1260.879,0,0.000,0.028,-0.005,0.156,0.001,0.028,-0.005,2296.9,-1,-2296.9,11.056,-0.22,21.48,0.06,0.37,4.5526.49
11.10324,129.990,-1288.213,0,0.000,0.023,0.004,0.157,0.072,0.023,0.004,2026.5,-1,-2026.5,11.081,-0.22,22.10,0.00,0.36,0.0028.12
11.12318,103.184,-1315.020,0,0.000,0.016,-0.012,0.157,0.123,0.016,-0.012,1657.8,-1,-1657.8,11.103,-0.27,22.79,0.00,0.39,0.0034.19
11.14310,79.893,-1338.311,0,0.000,0.024,-0.067,0.157,0.071,0.024,-0.067,1208.2,-1,-1208.2,11.113,-0.27,23.11,0.00,0.32,0.0026.42
11.16304,66.357,-1351.846,0,0.000,0.029,-0.230,0.158,0.025,0.029,-0.230,699.1,-1,-699.1,11.141,-0.27,23.75,0.00,0.34,0.0024.93
11.17330,62.314,-1355.889,0,0.000,0.020,-0.122,0.158,0.053,0.020,-0.122,457.0,-1,-457.0,11.152,-0.27,24.04,0.00,0.29,0.0024.47
11.18332,61.875,-1356.328,0,0.000,0.028,-0.329,0.158,-0.044,0.028,-0.329,154.9,-1,-154.9,11.165,-0.34,24.23,-0.07,0.19,-5.7616.14
11.20325,61.875,-1356.328,0,0.000,-0.026,-0.096,0.158,-0.016,-0.026,-0.096,397.8,1,397.8,11.178,-0.39,24.42,-0.05,0.19,-4.0715.53
11.22318,67.939,-1350.264,0,0.000,-0.012,-0.168,0.157,-0.002,-0.012,-0.168,932.1,1,932.1,11.201,-0.46,24.79,0.00,0.22,0.0015.01
11.24312,84.111,-1334.092,0,0.000,0.005,-0.181,0.157,0.099,0.005,-0.181,1421.2,1,1421.2,11.211,-0.46,24.79,0.00,0.00,0.000.00
11.26305,109.160,-1309.043,0,0.000,0.026,-0.269,0.157,0.105,0.026,-0.269,1841.0,1,1841.0,11.238,-0.38,24.91,0.00,0.06,0.004.39
11.28300,135.879,-1282.324,0,0.000,0.026,-0.130,0.158,0.120,0.026,-0.130,2170.1,1,2170.1,11.265,-0.38,24.95,0.00,0.05,0.003.41
11.30292,163.213,-1254.990,0,0.000,0.003,-0.058,0.158,0.086,0.003,-0.058,2391.5,1,2391.5,11.274,-0.48,25.05,-0.10,0.09,-9.899.53
11.32285,191.250,-1226.953,0,0.000,-0.004,-0.035,0.158,0.029,-0.004,-0.035,2491.5,1,2491.5,11.298,-0.48,24.83,0.00,-0.22,0.00-20.42
11.34279,219.199,-1199.004,0,0.000,0.015,-0.032,0.158,-0.019,0.015,-0.032,2474.8,1,2474.8,11.311,-0.48,24.83,0.00,0.00,0.000.00
11.36272,246.885,-1171.318,0,0.000,0.028,-0.016,0.159,-0.014,0.028,-0.016,2333.4,1,2333.4,11.338,-0.33,24.10,0.06,-0.34,6.05-33.51
11.38265,274.131,-1144.072,0,0.000,0.040,0.001,0.160,0.039,0.040,0.001,2073.7,1,2073.7,11.362,-0.33,23.61,0.00,-0.36,0.00-32.10
11.40259,300.762,-1117.441,0,0.000,0.037,0.005,0.160,0.069,0.037,0.005,1708.3,1,1708.3,11.382,-0.25,23.05,0.00,-0.27,0.00-28.02
11.42252,325.020,-1093.184,0,0.000,0.028,0.008,0.161,0.050,0.028,0.008,1255.2,1,1255.2,11.395,-0.25,22.76,0.00,-0.29,0.00-23.12
11.43292,334.072,-1084.131,0,0.000,0.008,0.175,0.161,0.076,0.008,0.175,976.6,1,976.6,11.406,-0.25,22.37,0.00,-0.39,0.00-34.40
11.45285,344.004,-1074.199,0,0.000,-0.021,0.154,0.161,0.000,-0.021,0.154,461.7,1,461.7,11.419,-0.25,22.03,0.00,-0.34,0.00-25.56
11.47278,344.268,-1073.936,0,0.000,-0.043,0.170,0.160,-0.051,-0.043,0.170,103.9,-1,-103.9,11.444,-0.25,21.33,0.00,-0.39,0.00-40.59
11.49272,342.334,-1075.869,0,0.000,-0.001,0.067,0.159,-0.160,-0.001,0.067,665.3,-1,-665.3,11.475,-0.25,20.61,0.00,-0.40,0.00-25.06
11.51265,330.469,-1087.734,0,0.000,0.092,0.174,0.161,-0.089,0.092,0.174,1193.1,-1,-1193.1,11.486,-0.25,20.34,0.00,-0.26,0.00-20.56
11.53259,308.760,-1109.443,0,0.000,0.057,0.314,0.162,-0.009,0.057,0.314,1659.9,-1,-1659.9,11.501,-0.25,20.05,0.00,-0.30,0.00-20.15
11.54270,296.191,-1122.012,0,0.000,0.052,0.240,0.162,-0.108,0.052,0.240,1862.5,-1,-1862.5,11.514,-0.25,19.99,0.00,-0.05,0.00-3.98
11.56248,268.506,-1149.697,0,0.000,-0.004,0.134,0.162,-0.008,-0.004,0.134,2192.6,-1,-2192.6,11.547,-0.22,19.97,0.10,0.09,7.126.25
11.58241,241.260,-1176.943,0,0.000,0.011,0.080,0.163,0.036,0.011,0.080,2408.4,-1,-2408.4,11.554,-0.22,19.97,0.00,0.00,0.000.00
11.60234,213.486,-1204.717,0,0.000,0.009,0.038,0.163,0.046,0.009,0.038,2497.8,-1,-2497.8,11.581,-0.27,20.25,0.00,0.00,0.000.00
11.62228,185.625,-1232.578,0,0.000,0.022,0.010,0.163,0.017,0.022,0.010,2455.5,-1,-2455.5,11.592,-0.33,20.58,-0.06,0.32,-5.1626.93
11.64221,157.676,-1260.527,0,0.000,0.028,0.009,0.164,0.014,0.028,0.009,2283.0,-1,-2283.0,11.618,-0.33,21.45,0.00,0.27,0.0023.84
11.66214,130.430,-1287.773,0,0.000,0.028,0.013,0.164,0.016,0.028,0.013,1988.7,-1,-1988.7,11.629,-0.33,21.89,0.00,0.44,0.0035.35
11.68208,103.975,-1314.229,0,0.000,0.016,-0.011,0.165,0.038,0.016,-0.011,1587.7,-1,-1587.7,11.658,-0.33,22.58,0.00,0.30,0.0020.89
11.70201,82.178,-1336.025,0,0.000,0.025,-0.071,0.165,0.043,0.025,-0.071,1101.1,-1,-1101.1,11.670,-0.33,22.93,0.00,0.34,0.0028.04
11.71241,74.268,-1343.936,0,0.000,0.023,-0.132,0.165,0.012,0.023,-0.132,833.5,-1,-833.5,11.686,-0.33,23.19,0.00,0.26,0.0016.50
11.73177,68.027,-1350.176,0,0.000,0.046,-0.070,0.166,0.049,0.046,-0.070,296.5,-1,-296.5,11.697,-0.33,23.46,0.00,0.27,0.0019.15
11.74217,68.027,-1350.176,0,0.000,0.053,-0.248,0.167,0.011,0.053,-0.248,23.2,1,23.2,11.714,-0.33,23.73,0.00,0.27,0.0019.88
11.76211,68.027,-1350.176,0,0.000,0.060,-0.135,0.168,-0.022,0.060,-0.135,600.5,1,600.5,11.728,-0.33,23.98,0.00,0.25,0.0015.35
11.78204,79.102,-1339.102,0,0.000,0.069,-0.229,0.169,-0.102,0.069,-0.229,1146.2,1,1146.2,11.758,-0.49,24.39,-0.07,0.20,-5.3915.49
11.80197,99.316,-1318.887,0,0.000,-0.012,-0.206,0.169,-0.141,-0.012,-0.206,1630.3,1,1630.3,11.772,-0.58,24.60,-0.09,0.21,-5.8214.44
11.82190,125.859,-1292.344,0,0.000,0.029,-0.218,0.170,-0.085,0.029,-0.218,2026.1,1,2026.1,11.798,-0.58,24.86,0.00,0.11,0.009.58
11.84184,152.930,-1265.273,0,0.000,0.024,-0.133,0.170,-0.037,0.024,-0.133,2300.0,1,2300.0,11.819,-0.46,24.86,0.05,0.00,5.190.00
11.86177,180.703,-1237.500,0,0.000,0.016,-0.057,0.170,-0.023,0.016,-0.057,2465.1,1,2465.1,11.832,-0.46,24.86,0.00,0.00,0.000.00
11.88170,208.828,-1209.375,0,0.000,0.000,-0.038,0.170,0.023,0.000,-0.038,2494.2,1,2494.2,11.859,-0.46,24.63,0.00,0.00,0.000.00
11.89211,223.506,-1194.697,0,0.000,0.016,-0.004,0.171,0.071,0.016,-0.004,2451.1,1,2451.1,11.859,-0.46,24.63,0.00,0.00,0.000.00
11.91204,250.928,-1167.275,0,0.000,0.030,-0.025,0.171,0.106,0.030,-0.025,2267.6,1,2267.6,11.891,-0.40,24.13,0.06,-0.37,3.60-21.77
11.93197,277.998,-1140.205,0,0.000,0.041,0.003,0.172,0.068,0.041,0.003,1957.5,1,1957.5,11.905,-0.32,23.97,0.08,-0.16,5.82-12.39
11.95190,304.805,-1113.398,0,0.000,0.022,0.010,0.172,0.037,0.022,0.010,1537.3,1,1537.3,11.931,-0.32,23.53,0.00,-0.30,0.00-22.42
11.97184,325.723,-1092.480,0,0.000,0.010,0.036,0.173,-0.025,0.010,0.036,1057.0,1,1057.0,11.944,-0.27,23.29,0.05,-0.24,4.52-20.66
11.99177,336.357,-1081.846,0,0.000,-0.004,0.218,0.173,-0.011,-0.004,0.218,493.1,1,493.1,11.969,-0.27,22.70,0.00,-0.30,0.00-25.23
12.01171,337.236,-1080.967,0,0.000,0.015,0.257,0.173,-0.075,0.015,0.257,99.6,-1,-99.6,11.992,-0.27,21.87,0.00,-0.43,0.00-33.80
12.03164,334.863,-1083.340,0,0.000,0.056,0.073,0.174,-0.131,0.056,0.073,687.7,-1,-687.7,12.006,-0.27,21.57,0.00,-0.30,0.00-23.25
12.05157,321.943,-1096.260,0,0.000,0.126,0.406,0.176,0.141,0.126,0.406,1237.6,-1,-1237.6,12.032,-0.21,20.38,0.00,-0.40,0.00-32.79
12.07151,299.619,-1118.584,0,0.000,0.078,0.297,0.178,0.000,0.078,0.297,1717.8,-1,-1717.8,12.043,-0.21,20.15,0.00,-0.23,0.00-22.19
12.09144,272.637,-1145.566,0,0.000,0.033,0.151,0.179,0.072,0.033,0.151,2100.4,-1,-2100.4,12.068,-0.21,19.93,0.00,-0.17,0.00-12.22
12.10166,259.717,-1158.486,0,0.000,0.044,0.114,0.179,0.046,0.044,0.114,2247.8,-1,-2247.8,12.068,-0.21,19.93,0.00,-0.17,0.00-12.22
12.12130,231.768,-1186.436,0,0.000,0.020,0.045,0.180,0.032,0.020,0.045,2443.8,-1,-2443.8,12.094,-0.21,20.08,0.00,0.00,0.000.00
12.13170,217.266,-1200.938,0,0.000,0.007,0.049,0.180,0.026,0.007,0.049,2489.4,-1,-2489.4,12.108,-0.21,20.25,0.00,0.17,0.0014.50
12.15164,189.141,-1229.063,0,0.000,0.005,0.022,0.180,0.036,0.005,0.022,2472.2,-1,-2472.2,12.129,-0.21,20.68,0.00,0.23,0.0018.87
12.17157,161.367,-1256.836,0,0.000,0.013,0.031,0.180,0.032,0.013,0.031,2311.3,-1,-2311.3,12.146,-0.16,21.25,0.05,0.57,3.6040.15
12.19150,134.121,-1284.082,0,0.000,0.024,0.002,0.181,0.053,0.024,0.002,2015.4,-1,-2015.4,12.171,-0.11,21.87,0.05,0.37,3.0523.80
12.21144,107.227,-1310.977,0,0.000,0.020,-0.004,0.181,0.068,0.020,-0.004,1601.2,-1,-1601.2,12.184,-0.11,22.26,0.00,0.38,0.0027.57
12.23138,85.518,-1332.686,0,0.000,0.040,-0.122,0.182,0.038,0.040,-0.122,1092.4,-1,-1092.4,12.211,-0.11,22.96,0.00,0.35,0.0022.36
12.25130,74.092,-1344.111,0,0.000,-0.004,-0.176,0.182,0.022,-0.004,-0.176,518.4,-1,-518.4,12.224,-0.16,23.17,-0.05,0.22,-3.5415.45
12.27124,73.301,-1344.902,0,0.000,-0.010,-0.211,0.182,0.057,-0.010,-0.211,87.1,1,87.1,12.251,-0.16,23.81,0.00,0.31,0.0030.52
12.28137,73.301,-1344.902,0,0.000,-0.005,-0.136,0.182,-0.015,-0.005,-0.136,360.4,1,360.4,12.251,-0.16,23.81,0.00,0.31,0.0030.52
12.30107,79.805,-1338.398,0,0.000,0.032,-0.247,0.182,-0.087,0.032,-0.247,976.4,1,976.4,12.276,-0.22,24.20,-0.06,0.20,-4.8814.85
12.32100,96.855,-1321.348,0,0.000,0.007,-0.266,0.182,-0.077,0.007,-0.266,1505.0,1,1505.0,12.299,-0.36,24.61,-0.07,0.25,-5.5920.29
12.34095,123.662,-1294.541,0,0.000,0.061,-0.254,0.183,-0.050,0.061,-0.254,1944.5,1,1944.5,12.322,-0.28,24.64,0.08,-0.07,6.81-6.00
12.35134,137.812,-1280.391,0,0.000,0.068,-0.140,0.184,-0.055,0.068,-0.140,2122.3,1,2122.3,12.334,-0.28,24.76,0.00,0.12,0.0010.32
12.37127,165.234,-1252.969,0,0.000,-0.006,-0.110,0.184,0.008,-0.006,-0.110,2380.0,1,2380.0,12.345,-0.28,24.71,0.00,-0.05,0.00-4.65
12.39120,193.096,-1225.107,0,0.000,-0.004,-0.041,0.184,0.028,-0.004,-0.041,2494.7,1,2494.7,12.360,-0.28,24.71,0.00,0.00,0.000.00
12.41113,221.133,-1197.070,0,0.000,0.004,-0.019,0.184,0.060,0.004,-0.019,2458.8,1,2458.8,12.390,-0.33,24.50,0.00,-0.09,0.00-6.01
12.43107,248.730,-1169.473,0,0.000,0.001,-0.042,0.184,0.020,0.001,-0.042,2273.7,1,2273.7,12.399,-0.33,24.36,0.00,-0.13,0.00-11.86
12.45100,275.801,-1142.402,0,0.000,0.018,0.013,0.184,0.035,0.018,0.013,1949.9,1,1949.9,12.427,-0.18,23.94,0.09,-0.20,8.38-18.97
12.47094,302.520,-1115.684,0,0.000,0.034,0.010,0.185,0.028,0.034,0.010,1506.5,1,1506.5,12.440,-0.08,23.82,0.10,-0.12,8.60-10.03
12.49087,322.998,-1095.205,0,0.000,0.038,0.111,0.185,0.007,0.038,0.111,998.6,1,998.6,12.467,-0.03,23.25,0.05,-0.26,4.12-20.17
12.51080,332.842,-1085.361,0,0.000,-0.020,0.124,0.186,-0.113,-0.020,0.124,403.9,1,403.9,12.488,-0.03,22.55,0.00,-0.36,0.00-30.51
12.53074,332.842,-1085.361,0,0.000,-0.071,0.222,0.184,0.011,-0.071,0.222,216.7,-1,-216.7,12.501,-0.03,22.13,0.00,-0.42,0.00-32.13
12.55067,328.623,-1089.580,0,0.000,-0.035,0.292,0.183,0.072,-0.035,0.292,824.9,-1,-824.9,12.528,-0.03,21.43,0.00,-0.37,0.00-33.74
12.57060,313.330,-1104.873,0,0.000,0.011,0.275,0.184,0.034,0.011,0.275,1382.8,-1,-1382.8,12.538,-0.03,21.03,0.00,-0.40,0.00-31.03
12.59053,288.369,-1129.834,0,0.000,0.030,0.302,0.184,-0.053,0.030,0.302,1855.6,-1,-1855.6,12.569,-0.03,20.14,0.00,-0.25,0.00-15.93
12.61047,261.211,-1156.992,0,0.000,0.008,0.123,0.185,0.005,0.008,0.123,2213.2,-1,-2213.2,12.583,-0.03,20.09,0.00,-0.05,0.00-3.72
12.62087,246.973,-1171.230,0,0.000,0.029,0.131,0.185,0.042,0.029,0.131,2341.3,-1,-2341.3,12.593,-0.03,20.23,0.00,0.14,0.0013.45
12.64080,219.375,-1198.828,0,0.000,0.009,0.066,0.185,0.072,0.009,0.066,2485.7,-1,-2485.7,12.617,-0.03,20.28,0.00,0.11,0.009.15
12.66026,192.129,-1226.074,0,0.000,0.000,0.023,0.185,0.056,0.000,0.023,2473.8,-1,-2473.8,12.631,-0.03,20.54,0.00,0.25,0.0019.54
12.67066,177.539,-1240.664,0,0.000,0.002,0.000,0.185,0.010,0.002,0.000,2408.8,-1,-2408.8,12.644,-0.03,20.77,0.00,0.23,0.0016.03
12.69059,149.854,-1268.350,0,0.000,0.010,-0.002,0.185,0.005,0.010,-0.002,2165.5,-1,-2165.5,12.668,-0.03,21.55,0.00,0.27,0.0018.42
12.71052,122.871,-1295.332,0,0.000,0.025,0.012,0.186,0.041,0.025,0.012,1784.4,-1,-1784.4,12.690,0.02,22.36,0.00,0.41,0.0039.43
12.73046,97.734,-1320.469,0,0.000,0.019,-0.004,0.186,0.068,0.019,-0.004,1288.9,-1,-1288.9,12.705,0.02,22.66,0.00,0.30,0.0019.31
12.75039,82.969,-1335.234,0,0.000,0.007,-0.151,0.186,0.027,0.007,-0.151,710.3,-1,-710.3,12.728,-0.03,23.21,-0.06,0.22,-4.2616.82
12.77032,79.189,-1339.014,0,0.000,0.046,-0.147,0.187,-0.074,0.046,-0.147,85.3,-1,-85.3,12.744,-0.03,23.54,0.00,0.33,0.0022.14
12.79026,79.277,-1338.926,0,0.000,0.068,-0.155,0.188,-0.166,0.068,-0.155,546.2,1,546.2,12.772,-0.03,24.00,0.00,0.18,0.009.81
12.81019,90.176,-1328.027,0,0.000,0.056,-0.331,0.190,-0.249,0.056,-0.331,1143.5,1,1143.5,12.793,-0.17,24.42,-0.09,0.18,-9.0118.62
12.83012,110.918,-1307.285,0,0.000,0.016,-0.300,0.190,-0.223,0.016,-0.300,1667.7,1,1667.7,12.803,-0.17,24.50,0.00,0.08,0.006.92
12.85006,137.725,-1280.479,0,0.000,0.066,-0.258,0.191,-0.149,0.066,-0.258,2084.5,1,2084.5,12.831,-0.17,24.64,0.00,0.00,0.000.00
12.86999,165.234,-1252.969,0,0.000,0.035,-0.144,0.192,-0.086,0.035,-0.144,2366.0,1,2366.0,12.845,-0.08,24.58,0.09,-0.06,7.39-4.76
12.88039,179.912,-1238.291,0,0.000,0.016,-0.109,0.192,0.006,0.016,-0.109,2449.8,1,2449.8,12.860,-0.08,24.64,0.00,0.07,0.004.38
12.90032,207.861,-1210.342,0,0.000,0.002,-0.048,0.192,0.075,0.002,-0.048,2496.1,1,2496.1,12.869,-0.08,24.64,0.00,0.00,0.000.00
12.92026,235.635,-1182.568,0,0.000,-0.004,-0.035,0.192,0.113,-0.004,-0.035,2378.5,1,2378.5,12.898,-0.08,24.50,0.00,-0.09,0.00-6.62
12.94019,262.881,-1155.322,0,0.000,0.006,-0.036,0.192,0.075,0.006,-0.036,2104.1,1,2104.1,12.912,-0.08,24.12,0.00,-0.38,0.00-27.57
12.96012,289.951,-1128.252,0,0.000,0.016,-0.010,0.193,0.068,0.016,-0.010,1690.2,1,1690.2,12.935,0.04,23.86,0.06,-0.21,4.97-18.03
12.98006,313.506,-1104.697,0,0.000,0.031,0.066,0.193,0.054,0.031,0.066,1163.5,1,1163.5,12.951,0.11,23.52,0.07,-0.33,4.64-21.64
12.99999,325.986,-1092.217,0,0.000,0.023,0.176,0.194,0.025,0.023,0.176,558.8,1,558.8,12.974,0.16,23.00,0.00,-0.32,0.00-32.06
13.01993,328.359,-1089.844,0,0.000,0.032,0.344,0.194,0.087,0.032,0.344,84.3,-1,-84.3,12.985,0.16,22.65,0.00,-0.35,0.00-26.95
13.03199,328.447,-1089.756,0,0.000,0.096,0.217,0.195,0.039,0.096,0.217,438.7,-1,-438.7,13.002,0.16,22.26,0.00,-0.39,0.00-27.66
13.04986,321.768,-1096.436,0,0.000,0.062,0.362,0.196,0.053,0.062,0.362,996.9,-1,-996.9,13.028,0.16,21.52,0.00,-0.34,0.00-35.66
13.06979,303.398,-1114.805,0,0.000,0.101,0.266,0.198,0.040,0.101,0.266,1553.0,-1,-1553.0,13.051,0.16,20.70,0.00,-0.41,0.00-32.56
13.08972,276.328,-1141.875,0,0.000,0.022,0.256,0.199,0.001,0.022,0.256,2005.2,-1,-2005.2,13.062,0.16,20.58,0.00,-0.12,0.00-11.49
13.10966,249.170,-1169.033,0,0.000,0.031,0.117,0.200,-0.007,0.031,0.117,2322.5,-1,-2322.5,13.088,0.12,20.32,0.00,-0.08,0.00-6.45
13.12959,221.572,-1196.631,0,0.000,0.028,0.032,0.200,0.002,0.028,0.032,2482.7,-1,-2482.7,13.112,0.12,20.59,0.00,0.17,0.0011.91
13.14952,193.535,-1224.668,0,0.000,0.026,0.031,0.201,0.006,0.026,0.031,2474.1,-1,-2474.1,13.124,0.12,20.90,0.00,0.31,0.0023.94
13.15992,178.945,-1239.258,0,0.000,0.025,-0.010,0.201,0.000,0.025,-0.010,2396.9,-1,-2396.9,13.139,0.12,21.14,0.00,0.25,0.0016.09
13.17986,151.260,-1266.943,0,0.000,0.014,0.019,0.201,-0.004,0.014,0.019,2147.5,-1,-2147.5,13.152,0.12,21.63,0.00,0.48,0.0042.77
13.19979,124.277,-1293.926,0,0.000,0.012,0.000,0.201,0.041,0.012,0.000,1741.3,-1,-1741.3,13.177,0.12,22.33,0.00,0.36,0.0029.21
13.21034,111.006,-1307.197,0,0.000,0.005,0.002,0.201,0.036,0.005,0.002,1491.0,-1,-1491.0,13.188,0.12,22.69,0.00,0.35,0.0028.57
13.22894,92.197,-1326.006,0,0.000,0.010,-0.168,0.201,0.016,0.010,-0.168,917.1,-1,-917.1,13.202,0.12,23.05,0.00,0.37,0.0026.67
13.23934,87.275,-1330.928,0,0.000,0.025,-0.341,0.202,-0.042,0.025,-0.341,603.3,-1,-603.3,13.218,0.12,23.36,0.00,0.31,0.0028.80
13.24974,84.375,-1333.828,0,0.000,0.017,-0.275,0.202,-0.082,0.017,-0.275,278.9,-1,-278.9,13.226,0.12,23.58,0.00,0.22,0.0016.92
13.26967,84.551,-1333.652,0,0.000,-0.071,-0.224,0.201,-0.129,-0.071,-0.224,379.6,1,379.6,13.238,0.12,23.88,0.00,0.30,0.0023.93
13.28960,91.055,-1327.148,0,0.000,-0.090,-0.323,0.199,-0.170,-0.090,-0.323,1012.7,1,1012.7,13.268,0.06,24.32,0.00,0.21,0.0016.75
13.30954,110.127,-1308.076,0,0.000,-0.067,-0.360,0.198,-0.204,-0.067,-0.360,1576.1,1,1576.1,13.276,-0.04,24.52,-0.10,0.21,-9.9220.84
13.32947,137.021,-1281.182,0,0.000,-0.050,-0.284,0.197,-0.163,-0.050,-0.284,2030.0,1,2030.0,13.296,-0.04,24.65,0.00,0.13,0.006.74
13.34940,164.355,-1253.848,0,0.000,0.013,-0.150,0.197,-0.095,0.013,-0.150,2342.1,1,2342.1,13.327,-0.04,24.72,0.00,0.00,0.000.00
13.36934,192.305,-1225.898,0,0.000,0.009,-0.069,0.197,-0.017,0.009,-0.069,2489.6,1,2489.6,13.339,0.04,24.66,0.08,-0.05,5.11-3.44
13.38927,220.430,-1197.773,0,0.000,0.005,-0.069,0.197,0.058,0.005,-0.069,2461.5,1,2461.5,13.370,0.04,24.53,0.00,-0.13,0.00-9.22
13.40922,248.027,-1170.176,0,0.000,0.003,-0.045,0.197,0.084,0.003,-0.045,2259.0,1,2259.0,13.388,0.04,24.37,0.00,-0.07,0.00-6.47
13.42914,275.098,-1143.105,0,0.000,0.010,-0.004,0.197,0.085,0.010,-0.004,1895.6,1,1895.6,13.405,0.04,24.11,0.00,-0.26,0.00-20.17
13.44907,301.729,-1116.475,0,0.000,0.022,0.001,0.198,0.047,0.022,0.001,1396.4,1,1396.4,13.424,0.13,23.52,0.09,-0.40,7.94-36.26
13.46901,318.428,-1099.775,0,0.000,0.041,0.162,0.198,0.025,0.041,0.162,796.7,1,796.7,13.438,0.19,23.30,0.06,-0.22,4.18-16.18
13.47941,323.086,-1095.117,0,0.000,0.035,0.133,0.199,-0.062,0.035,0.133,472.2,1,472.2,13.453,0.19,22.98,0.00,-0.32,0.00-19.88
13.49934,323.965,-1094.238,0,0.000,0.031,0.236,0.199,-0.184,0.031,0.236,197.2,-1,-197.2,13.479,0.19,22.18,0.00,-0.39,0.00-30.78
13.51927,320.010,-1098.193,0,0.000,-0.002,0.338,0.199,-0.032,-0.002,0.338,853.2,-1,-853.2,13.491,0.19,21.74,0.00,-0.44,0.00-35.58
13.53920,304.453,-1113.750,0,0.000,0.001,0.235,0.200,-0.121,0.001,0.235,1448.6,-1,-1448.6,13.516,0.19,20.92,0.00,-0.44,0.00-33.47
13.55914,278.525,-1139.678,0,0.000,0.062,0.205,0.200,-0.142,0.062,0.205,1939.9,-1,-1939.9,13.538,0.19,20.41,0.00,-0.24,0.00-17.56
13.56924,265.869,-1152.334,0,0.000,0.042,0.113,0.201,-0.049,0.042,0.113,2117.0,-1,-2117.0,13.538,0.19,20.41,0.00,-0.24,0.00-17.56
13.58894,237.832,-1180.371,0,0.000,0.031,0.089,0.201,-0.010,0.031,0.089,2405.0,-1,-2405.0,13.564,0.19,20.56,0.00,0.14,0.0011.19
13.60888,209.795,-1208.408,0,0.000,0.007,0.029,0.201,0.011,0.007,0.029,2499.6,-1,-2499.6,13.578,0.19,20.56,0.00,0.00,0.000.00
13.62881,181.934,-1236.270,0,0.000,0.019,0.020,0.202,0.001,0.019,0.020,2420.6,-1,-2420.6,13.604,0.19,21.15,0.00,0.35,0.0026.15
13.64874,154.336,-1263.867,0,0.000,0.015,0.018,0.202,-0.005,0.015,0.018,2163.7,-1,-2163.7,13.628,0.19,21.90,0.00,0.50,0.0040.21
13.66868,127.002,-1291.201,0,0.000,0.003,-0.002,0.202,0.032,0.003,-0.002,1746.9,-1,-1746.9,13.640,0.19,22.22,0.00,0.31,0.0024.84
13.68861,102.832,-1315.371,0,0.000,0.013,-0.007,0.202,0.074,0.013,-0.007,1200.4,-1,-1200.4,13.663,0.19,22.87,0.00,0.34,0.0028.67
13.70854,90.088,-1328.115,0,0.000,0.027,-0.233,0.203,0.017,0.027,-0.233,564.2,-1,-564.2,13.689,0.19,23.43,0.00,0.26,0.0025.71
13.71894,87.891,-1330.313,0,0.000,0.041,-0.229,0.203,-0.069,0.041,-0.229,192.7,-1,-192.7,13.689,0.19,23.43,0.00,0.26,0.0025.71
13.73888,88.066,-1330.137,0,0.000,-0.034,-0.253,0.203,-0.214,-0.034,-0.253,454.9,1,454.9,13.713,0.19,23.99,0.00,0.32,0.0028.73
13.75830,96.240,-1321.963,0,0.000,-0.007,-0.169,0.203,-0.149,-0.007,-0.169,1103.7,1,1103.7,13.739,0.07,24.43,-0.07,0.23,-5.2218.15
13.76869,105.732,-1312.471,0,0.000,0.016,-0.233,0.203,-0.163,0.016,-0.233,1400.4,1,1400.4,13.739,0.07,24.43,-0.07,0.23,-5.2218.15
13.78862,131.221,-1286.982,0,0.000,0.040,-0.248,0.204,-0.061,0.040,-0.248,1909.9,1,1909.9,13.766,-0.02,24.76,0.00,0.13,0.008.96
13.80856,158.467,-1259.736,0,0.000,0.000,-0.096,0.204,-0.075,0.000,-0.096,2276.5,1,2276.5,13.776,-0.02,24.71,0.00,-0.05,0.00-4.20
13.82849,186.504,-1231.699,0,0.000,0.006,-0.047,0.204,0.020,0.006,-0.047,2471.8,1,2471.8,13.803,0.05,24.71,0.07,0.05,4.453.63
13.84842,214.453,-1203.750,0,0.000,0.019,-0.041,0.204,0.098,0.019,-0.041,2480.3,1,2480.3,13.829,0.05,24.55,0.00,-0.09,0.00-6.17
13.86836,242.227,-1175.977,0,0.000,0.016,-0.045,0.204,0.120,0.016,-0.045,2300.5,1,2300.5,13.839,0.05,24.39,0.00,-0.16,0.00-12.37
13.88829,269.473,-1148.730,0,0.000,0.007,-0.025,0.204,0.123,0.007,-0.025,1945.2,1,1945.2,13.866,0.05,23.95,0.00,-0.11,0.00-9.34
13.90822,296.279,-1121.924,0,0.000,0.017,0.001,0.205,0.122,0.017,0.001,1440.9,1,1440.9,13.880,0.09,23.79,0.05,-0.16,3.36-11.08
13.92816,314.385,-1103.818,0,0.000,0.020,0.174,0.205,0.033,0.020,0.174,825.5,1,825.5,13.906,0.09,23.29,0.00,-0.21,0.00-14.44
13.94818,319.307,-1098.896,0,0.000,-0.062,0.189,0.205,-0.062,-0.062,0.189,145.8,1,145.8,13.920,0.09,22.96,0.00,-0.34,0.00-25.34
13.96811,319.482,-1098.721,0,0.000,0.007,0.092,0.204,-0.169,0.007,0.092,546.0,-1,-546.0,13.944,0.09,22.22,0.00,-0.37,0.00-26.29
13.97851,315.176,-1103.027,0,0.000,0.014,0.280,0.204,-0.102,0.014,0.280,879.8,-1,-879.8,13.956,0.09,21.80,0.00,-0.41,0.00-36.99
13.99844,299.180,-1119.023,0,0.000,0.037,0.281,0.205,-0.129,0.037,0.281,1490.6,-1,-1490.6,13.965,0.09,21.37,0.00,-0.43,0.00-34.71
14.01838,272.461,-1145.742,0,0.000,0.026,0.292,0.206,0.059,0.026,0.292,1986.6,-1,-1986.6,13.996,0.09,20.74,0.00,-0.21,0.00-14.45
14.03831,245.039,-1173.164,0,0.000,0.024,0.119,0.206,0.069,0.024,0.119,2328.7,-1,-2328.7,14.011,0.09,20.57,0.00,-0.17,0.00-11.33
14.05824,217.354,-1200.850,0,0.000,0.026,0.069,0.207,0.105,0.026,0.069,2489.4,-1,-2489.4,14.034,0.09,20.63,0.00,0.13,0.0012.68
14.07819,189.404,-1228.799,0,0.000,0.029,0.060,0.207,0.100,0.029,0.060,2455.5,-1,-2455.5,14.059,0.09,20.90,0.00,0.27,0.0020.10
14.09811,161.455,-1256.748,0,0.000,0.023,0.007,0.208,0.051,0.023,0.007,2228.8,-1,-2228.8,14.072,0.09,21.25,0.00,0.35,0.0024.75
14.11804,134.209,-1283.994,0,0.000,0.019,0.006,0.208,0.030,0.019,0.006,1826.2,-1,-1826.2,14.094,0.09,21.97,0.00,0.31,0.0025.43
14.12817,121.553,-1296.650,0,0.000,0.019,-0.005,0.208,0.036,0.019,-0.005,1595.5,-1,-1595.5,14.108,0.09,22.35,0.00,0.38,0.0028.63
14.14786,100.107,-1318.096,0,0.000,0.017,-0.027,0.209,0.072,0.017,-0.027,996.3,-1,-996.3,14.119,0.09,22.75,0.00,0.39,0.0036.12
14.16779,92.813,-1325.391,0,0.000,0.012,-0.129,0.209,0.124,0.012,-0.129,317.3,-1,-317.3,14.144,0.09,23.28,0.00,0.25,0.0024.47
14.18772,92.549,-1325.654,0,0.000,0.013,-0.150,0.210,0.138,0.013,-0.150,388.0,1,388.0,14.155,0.09,23.53,0.00,0.25,0.0020.20
14.19812,95.449,-1322.754,0,0.000,0.036,-0.101,0.210,0.116,0.036,-0.101,766.6,1,766.6,14.169,0.09,23.78,0.00,0.25,0.0019.55
14.21807,109.600,-1308.604,0,0.000,0.010,-0.277,0.210,0.037,0.010,-0.277,1402.1,1,1402.1,14.197,0.01,24.23,-0.08,0.18,-5.6912.62
14.23799,134.824,-1283.379,0,0.000,0.073,-0.253,0.212,0.021,0.073,-0.253,1926.0,1,1926.0,14.209,-0.05,24.47,-0.06,0.24,-4.3517.73
14.25792,162.334,-1255.869,0,0.000,0.037,-0.105,0.212,-0.013,0.037,-0.105,2296.0,1,2296.0,14.235,-0.10,24.61,0.00,0.07,0.006.77
14.27786,190.283,-1227.920,0,0.000,0.020,-0.083,0.213,-0.002,0.020,-0.083,2476.9,1,2476.9,14.247,-0.10,24.61,0.00,0.00,0.000.00
14.29779,218.232,-1199.971,0,0.000,0.020,-0.068,0.213,0.031,0.020,-0.068,2472.2,1,2472.2,14.274,-0.05,24.61,0.05,0.00,4.280.00
14.30782,231.240,-1186.963,0,0.000,-0.003,-0.063,0.213,0.062,-0.003,-0.063,2394.1,1,2394.1,14.283,-0.05,24.52,0.00,-0.09,0.00-10.13
14.32773,259.541,-1158.662,0,0.000,0.008,-0.025,0.213,0.127,0.008,-0.025,2093.9,1,2093.9,14.293,-0.05,24.30,0.00,-0.22,0.00-16.07
14.34766,286.611,-1131.592,0,0.000,0.019,-0.002,0.214,0.127,0.019,-0.002,1622.9,1,1622.9,14.325,-0.05,23.88,0.00,-0.09,0.00-5.63
14.36759,308.145,-1110.059,0,0.000,0.014,0.026,0.214,0.023,0.014,0.026,1018.7,1,1018.7,14.340,0.00,23.65,0.05,-0.23,3.70-16.84
14.38752,316.846,-1101.357,0,0.000,-0.035,0.204,0.214,0.006,-0.035,0.204,330.4,1,330.4,14.366,0.00,23.16,0.00,-0.23,0.00-17.84
14.40747,316.934,-1101.270,0,0.000,-0.045,0.206,0.213,-0.041,-0.045,0.206,386.1,-1,-386.1,14.388,0.00,22.44,0.00,-0.41,0.00-35.76
14.42739,309.199,-1109.004,0,0.000,-0.034,0.320,0.212,-0.058,-0.034,0.320,1071.7,-1,-1071.7,14.399,0.00,22.08,0.00,-0.35,0.00-34.18
14.44732,288.193,-1130.010,0,0.000,-0.056,0.280,0.211,0.040,-0.056,0.280,1669.9,-1,-1669.9,14.421,0.00,21.24,0.00,-0.43,0.00-35.90
14.46726,261.035,-1157.168,0,0.000,0.010,0.208,0.211,0.021,0.010,0.208,2130.6,-1,-2130.6,14.447,0.06,20.57,0.00,0.00,0.000.00
14.47766,246.885,-1171.318,0,0.000,-0.016,0.140,0.211,0.050,-0.016,0.140,2296.8,-1,-2296.8,14.457,0.06,20.57,0.00,0.00,0.000.00
14.49751,219.375,-1198.828,0,0.000,0.007,0.104,0.211,0.089,0.007,0.104,2483.0,-1,-2483.0,14.470,0.11,20.57,0.05,0.00,4.010.00
14.51744,191.338,-1226.865,0,0.000,0.008,0.054,0.211,0.112,0.008,0.054,2462.6,-1,-2462.6,14.496,0.05,21.06,0.00,0.23,0.0014.11
14.53737,163.477,-1254.727,0,0.000,0.022,-0.001,0.212,0.091,0.022,-0.001,2236.2,-1,-2236.2,14.509,0.05,21.37,0.00,0.31,0.0023.22
14.55730,136.143,-1282.061,0,0.000,0.013,0.026,0.212,0.056,0.013,0.026,1822.0,-1,-1822.0,14.533,0.05,22.25,0.00,0.34,0.0025.25
14.57725,110.479,-1307.725,0,0.000,0.017,0.014,0.212,0.054,0.017,0.014,1254.2,-1,-1254.2,14.559,0.05,22.97,0.00,0.36,0.0027.44
14.59717,97.471,-1320.732,0,0.000,0.041,-0.275,0.213,0.001,0.041,-0.275,579.8,-1,-579.8,14.572,0.05,23.21,0.00,0.24,0.0017.01
14.61710,95.010,-1323.193,0,0.000,-0.040,-0.329,0.213,-0.088,-0.040,-0.329,144.6,1,144.6,14.586,0.05,23.48,0.00,0.27,0.0021.44
14.63704,98.701,-1319.502,0,0.000,-0.042,-0.320,0.212,-0.235,-0.042,-0.320,857.6,1,857.6,14.610,0.05,23.95,0.00,0.26,0.0020.40
14.65697,114.082,-1304.121,0,0.000,-0.026,-0.315,0.211,-0.095,-0.026,-0.315,1498.7,1,1498.7,14.627,0.05,24.14,0.00,0.20,0.0013.14
14.67690,140.625,-1277.578,0,0.000,0.009,-0.289,0.211,-0.059,0.009,-0.289,2012.9,1,2012.9,14.654,-0.01,24.49,0.00,0.12,0.009.02
14.68721,153.896,-1264.307,0,0.000,0.012,-0.174,0.211,-0.068,0.012,-0.174,2190.6,1,2190.6,14.665,-0.01,24.54,0.00,0.05,0.004.18
14.69722,168.662,-1249.541,0,0.000,-0.009,-0.120,0.211,-0.042,-0.009,-0.120,2355.8,1,2355.8,14.676,-0.01,24.54,0.00,0.00,0.000.00
14.71715,196.875,-1221.328,0,0.000,0.008,-0.099,0.211,-0.042,0.008,-0.099,2497.2,1,2497.2,14.693,-0.01,24.49,0.00,-0.05,0.00-3.72
14.73709,224.736,-1193.467,0,0.000,0.017,-0.060,0.211,0.058,0.017,-0.060,2424.1,1,2424.1,14.712,0.09,24.40,0.05,-0.09,4.41-7.08
14.75702,252.246,-1165.957,0,0.000,0.014,-0.032,0.212,0.095,0.014,-0.032,2142.0,1,2142.0,14.738,0.09,23.93,0.00,-0.30,0.00-25.36
14.77695,279.404,-1138.799,0,0.000,0.016,-0.018,0.212,0.110,0.016,-0.018,1674.3,1,1674.3,14.752,0.09,23.79,0.00,-0.15,0.00-10.84
14.79688,302.080,-1116.123,0,0.000,0.009,0.226,0.212,0.153,0.009,0.226,1060.9,1,1060.9,14.774,0.09,23.34,0.00,-0.25,0.00-19.37
14.81682,312.715,-1105.488,0,0.000,0.069,0.249,0.213,0.065,0.069,0.249,391.1,1,391.1,14.787,0.09,23.12,0.00,-0.22,0.00-14.72
14.83675,312.451,-1105.752,0,0.000,0.051,0.184,0.215,0.023,0.051,0.184,347.2,-1,-347.2,14.801,0.09,22.78,0.00,-0.34,0.00-28.36
14.85668,305.420,-1112.783,0,0.000,0.008,0.391,0.215,0.045,0.008,0.391,1056.1,-1,-1056.1,14.831,0.09,22.01,0.00,-0.38,0.00-32.75
14.87671,283.975,-1134.229,0,0.000,-0.031,0.409,0.215,0.159,-0.031,0.409,1673.4,-1,-1673.4,14.844,0.09,21.61,0.00,-0.40,0.00-27.58
14.89664,257.080,-1161.123,0,0.000,0.033,0.294,0.215,0.124,0.033,0.294,2144.5,-1,-2144.5,14.861,0.09,21.17,0.00,-0.45,0.00-26.08
14.91657,229.482,-1188.721,0,0.000,0.018,0.141,0.215,0.152,0.018,0.141,2427.3,-1,-2427.3,14.893,0.09,20.72,0.00,-0.19,0.00-14.06
14.93651,201.533,-1216.670,0,0.000,-0.001,0.057,0.215,0.117,-0.001,0.057,2496.0,-1,-2496.0,14.907,0.09,20.65,0.00,-0.07,0.00-4.96
14.95644,173.672,-1244.531,0,0.000,0.023,0.050,0.216,0.113,0.023,0.050,2343.7,-1,-2343.7,14.931,0.09,20.70,0.00,0.06,0.005.74
14.97637,146.074,-1272.129,0,0.000,0.014,0.032,0.216,0.072,0.014,0.032,1983.0,-1,-1983.0,14.953,0.09,21.25,0.00,0.41,0.0036.81
14.99630,118.916,-1299.287,0,0.000,0.015,0.007,0.216,0.044,0.015,0.007,1445.2,-1,-1445.2,14.977,0.09,22.47,0.00,0.42,0.0032.63
15.00671,108.457,-1309.746,0,0.000,0.038,-0.080,0.217,0.026,0.038,-0.080,1124.2,-1,-1124.2,14.977,0.09,22.47,0.00,0.42,0.0032.63
15.02664,97.734,-1320.469,0,0.000,0.022,-0.222,0.217,0.023,0.022,-0.222,413.4,-1,-413.4,15.001,0.09,23.12,0.00,0.23,0.0016.59
15.04657,97.822,-1320.381,0,0.000,0.047,-0.153,0.218,0.012,0.047,-0.153,335.5,1,335.5,15.017,0.09,23.37,0.00,0.25,0.0016.86
15.05662,99.404,-1318.799,0,0.000,0.021,-0.117,0.218,-0.041,0.021,-0.117,703.1,1,703.1,15.029,0.09,23.67,0.00,0.30,0.0022.99
15.07644,113.467,-1304.736,0,0.000,-0.024,-0.318,0.218,-0.083,-0.024,-0.318,1383.4,1,1383.4,15.052,0.09,24.08,0.00,0.19,0.0017.67
15.09638,138.516,-1279.688,0,0.000,0.054,-0.287,0.219,-0.065,0.054,-0.287,1939.7,1,1939.7,15.075,-0.03,24.38,-0.05,0.06,-4.265.57
15.11630,166.201,-1252.002,0,0.000,0.017,-0.169,0.219,-0.102,0.017,-0.169,2321.2,1,2321.2,15.090,-0.03,24.38,0.00,0.00,0.000.00
15.13624,194.150,-1224.053,0,0.000,0.028,-0.095,0.220,-0.008,0.028,-0.095,2492.4,1,2492.4,15.116,0.03,24.38,0.06,0.00,4.130.00
15.15617,222.012,-1196.191,0,0.000,0.030,-0.037,0.221,0.054,0.030,-0.037,2437.0,1,2437.0,15.130,0.08,24.38,0.05,0.00,3.330.00
15.17610,249.609,-1168.594,0,0.000,0.018,-0.050,0.221,0.087,0.018,-0.050,2159.1,1,2159.1,15.153,0.08,24.13,0.00,-0.16,0.00-15.92
15.19604,276.855,-1141.348,0,0.000,0.020,-0.025,0.221,0.063,0.020,-0.025,1683.3,1,1683.3,15.176,0.08,23.65,0.00,-0.19,0.00-16.77
15.21597,299.443,-1118.760,0,0.000,0.003,0.237,0.222,0.130,0.003,0.237,1052.4,1,1052.4,15.187,0.08,23.47,0.00,-0.17,0.00-13.72
15.23590,309.990,-1108.213,0,0.000,0.047,0.283,0.222,0.075,0.047,0.283,323.9,1,323.9,15.215,0.13,22.95,0.05,-0.24,3.82-18.25
15.24628,309.814,-1108.389,0,0.000,0.093,0.250,0.223,0.071,0.093,0.250,18.2,-1,-18.2,15.226,0.13,22.60,0.00,-0.35,0.00-31.48
15.26565,307.441,-1110.762,0,0.000,0.043,0.182,0.224,0.028,0.043,0.182,768.6,-1,-768.6,15.238,0.13,22.22,0.00,-0.38,0.00-30.19
15.27605,301.201,-1117.002,0,0.000,0.023,0.351,0.224,0.031,0.023,0.351,1155.6,-1,-1155.6,15.254,0.13,21.85,0.00,-0.37,0.00-33.34
15.29598,279.316,-1138.887,0,0.000,-0.005,0.432,0.225,0.057,-0.005,0.432,1769.5,-1,-1769.5,15.274,0.13,21.03,0.00,-0.44,0.00-32.24
15.31592,251.982,-1166.221,0,0.000,0.029,0.162,0.225,-0.037,0.029,0.162,2219.6,-1,-2219.6,15.289,0.13,20.76,0.00,-0.27,0.00-22.17
15.33585,224.385,-1193.818,0,0.000,0.023,0.093,0.225,0.008,0.023,0.093,2456.5,-1,-2456.5,15.316,0.13,20.76,0.00,0.00,0.000.00
15.35578,196.523,-1221.680,0,0.000,-0.002,0.037,0.226,0.047,-0.002,0.037,2482.0,-1,-2482.0,15.330,0.13,20.71,0.00,-0.05,0.00-3.41
15.37571,168.574,-1249.629,0,0.000,0.010,0.020,0.226,0.074,0.010,0.020,2274.9,-1,-2274.9,15.352,0.07,21.19,0.00,0.28,0.0028.77
15.39565,141.152,-1277.051,0,0.000,0.023,0.002,0.226,0.062,0.023,0.002,1853.8,-1,-1853.8,15.377,0.07,22.01,0.00,0.50,0.0047.11
15.41558,115.664,-1302.539,0,0.000,0.003,-0.011,0.226,0.041,0.003,-0.011,1257.5,-1,-1257.5,15.392,0.07,22.36,0.00,0.34,0.0022.31
15.43560,102.568,-1315.635,0,0.000,0.028,-0.294,0.227,-0.016,0.028,-0.294,541.6,-1,-541.6,15.413,0.07,23.08,0.00,0.31,0.0024.64
15.45554,101.426,-1316.777,0,0.000,-0.033,-0.250,0.226,-0.054,-0.033,-0.250,226.4,1,226.4,15.426,0.07,23.35,0.00,0.27,0.0018.77
15.46594,102.305,-1315.898,0,0.000,-0.028,-0.167,0.226,-0.080,-0.028,-0.167,644.8,1,644.8,15.440,0.07,23.63,0.00,0.28,0.0024.43
15.48587,115.576,-1302.627,0,0.000,0.057,-0.306,0.227,-0.122,0.057,-0.306,1317.6,1,1317.6,15.462,0.07,24.06,0.00,0.21,0.0022.67
15.50580,140.010,-1278.193,0,0.000,-0.008,-0.235,0.227,-0.077,-0.008,-0.235,1903.1,1,1903.1,15.486,0.07,24.35,0.00,0.10,0.006.70
15.52574,167.520,-1250.684,0,0.000,-0.014,-0.170,0.226,-0.075,-0.014,-0.170,2307.5,1,2307.5,15.495,0.07,24.35,0.00,0.00,0.000.00
15.54567,195.645,-1222.559,0,0.000,0.012,-0.107,0.226,-0.028,0.012,-0.107,2491.2,1,2491.2,15.521,0.13,24.35,0.06,0.00,4.600.00
15.56560,223.594,-1194.609,0,0.000,0.008,-0.042,0.227,0.045,0.008,-0.042,2435.7,1,2435.7,15.543,0.20,24.27,0.07,-0.08,5.54-6.91
15.58554,251.104,-1167.100,0,0.000,0.014,-0.037,0.227,0.084,0.014,-0.037,2145.6,1,2145.6,15.565,0.20,23.84,0.00,-0.22,0.00-17.33
15.60547,278.350,-1139.854,0,0.000,0.008,-0.025,0.227,0.089,0.008,-0.025,1647.7,1,1647.7,15.588,0.20,23.46,0.00,-0.14,0.00-13.03
15.61557,290.918,-1127.285,0,0.000,0.016,-0.018,0.227,0.076,0.016,-0.018,1368.0,1,1368.0,15.588,0.20,23.46,0.00,-0.14,0.00-13.03
15.63526,305.859,-1112.344,0,0.000,0.007,0.251,0.227,0.138,0.007,0.251,620.0,1,620.0,15.611,0.20,22.88,0.00,-0.29,0.00-26.65
15.65520,307.969,-1110.234,0,0.000,-0.009,0.250,0.227,-0.038,-0.009,0.250,156.4,-1,-156.4,15.637,0.20,22.12,0.00,-0.39,0.00-32.22
15.66560,307.881,-1110.322,0,0.000,0.008,0.205,0.227,-0.022,0.008,0.205,544.0,-1,-544.0,15.637,0.20,22.12,0.00,-0.39,0.00-32.22
15.68553,295.840,-1122.363,0,0.000,0.051,0.249,0.228,-0.021,0.051,0.249,1270.7,-1,-1270.7,15.661,0.20,21.24,0.00,-0.44,0.00-38.75
15.70546,271.758,-1146.445,0,0.000,0.029,0.184,0.229,-0.111,0.029,0.184,1873.9,-1,-1873.9,15.685,0.20,20.64,0.00,-0.25,0.00-23.52
15.72540,244.512,-1173.691,0,0.000,0.004,0.109,0.229,-0.096,0.004,0.109,2294.0,-1,-2294.0,15.697,0.20,20.64,0.00,0.00,0.000.00
15.74533,216.826,-1201.377,0,0.000,0.021,0.057,0.229,-0.038,0.021,0.057,2489.0,-1,-2489.0,15.724,0.20,20.64,0.00,0.00,0.000.00
15.76526,188.701,-1229.502,0,0.000,0.020,0.032,0.229,0.045,0.020,0.032,2438.8,-1,-2438.8,15.736,0.20,20.80,0.00,0.16,0.0012.15
15.78520,160.928,-1257.275,0,0.000,0.001,0.005,0.230,0.060,0.001,0.005,2147.4,-1,-2147.4,15.760,0.20,21.58,0.00,0.43,0.0031.16
15.79530,148.008,-1270.195,0,0.000,0.010,0.003,0.230,0.045,0.010,0.003,1944.1,-1,-1944.1,15.775,0.20,21.99,0.00,0.41,0.0033.72
15.81499,120.586,-1297.617,0,0.000,0.020,-0.004,0.230,0.056,0.020,-0.004,1325.0,-1,-1325.0,15.787,0.20,22.28,0.00,0.30,0.0023.83
15.83492,106.172,-1312.031,0,0.000,0.045,-0.202,0.231,-0.041,0.045,-0.202,598.5,-1,-598.5,15.813,0.20,22.95,0.00,0.28,0.0020.86
15.85485,103.975,-1314.229,0,0.000,-0.004,-0.307,0.231,-0.170,-0.004,-0.307,149.1,1,149.1,15.824,0.20,23.27,0.00,0.32,0.0025.28
15.87478,108.281,-1309.922,0,0.000,-0.046,-0.424,0.230,-0.296,-0.046,-0.424,921.2,1,921.2,15.852,0.20,23.72,0.00,0.20,0.0016.37
15.88518,116.191,-1302.012,0,0.000,-0.051,-0.395,0.230,-0.280,-0.051,-0.395,1311.6,1,1311.6,15.863,0.20,23.91,0.00,0.19,0.0017.64
15.90512,140.449,-1277.754,0,0.000,-0.034,-0.297,0.229,-0.144,-0.034,-0.297,1911.8,1,1911.8,15.873,0.20,24.07,0.00,0.16,0.0013.23
15.92505,168.135,-1250.068,0,0.000,0.000,-0.180,0.229,-0.063,0.000,-0.180,2320.3,1,2320.3,15.903,0.20,24.07,0.00,0.00,0.000.00
15.94499,196.084,-1222.119,0,0.000,0.015,-0.115,0.229,-0.025,0.015,-0.115,2495.2,1,2495.2,15.925,0.20,24.07,0.00,0.00,0.000.00
15.96492,224.033,-1194.170,0,0.000,0.013,-0.057,0.229,0.069,0.013,-0.057,2417.7,1,2417.7,15.937,0.30,24.01,0.10,-0.06,10.03-5.41
15.98485,251.631,-1166.572,0,0.000,0.020,-0.028,0.230,0.114,0.020,-0.028,2116.5,1,2116.5,15.959,0.36,23.56,0.06,-0.22,5.52-19.79
16.00480,278.701,-1139.502,0,0.000,0.014,-0.032,0.230,0.123,0.014,-0.032,1589.8,1,1589.8,15.984,0.36,23.12,0.00,-0.19,0.00-15.16
16.02472,299.707,-1118.496,0,0.000,0.019,-0.037,0.231,-0.020,0.019,-0.037,900.4,1,900.4,16.000,0.36,22.88,0.00,-0.24,0.00-18.89
16.04465,305.332,-1112.871,0,0.000,-0.011,0.224,0.230,-0.016,-0.011,0.224,118.1,1,118.1,16.023,0.36,22.19,0.00,-0.40,0.00-27.78
16.06459,304.365,-1113.838,0,0.000,-0.019,0.147,0.230,-0.152,-0.019,0.147,677.3,-1,-677.3,16.032,0.36,21.86,0.00,-0.32,0.00-32.51
16.08452,290.391,-1127.813,0,0.000,-0.099,0.299,0.229,-0.171,-0.099,0.299,1404.1,-1,-1404.1,16.061,0.36,20.98,0.00,-0.50,0.00-40.08
16.10445,264.551,-1153.652,0,0.000,-0.053,0.294,0.227,-0.095,-0.053,0.294,1987.1,-1,-1987.1,16.073,0.36,20.67,0.00,-0.31,0.00-24.57
16.12438,237.041,-1181.162,0,0.000,-0.011,0.149,0.227,-0.004,-0.011,0.149,2365.7,-1,-2365.7,16.098,0.36,20.47,0.00,0.00,0.000.00
16.14432,209.355,-1208.848,0,0.000,-0.030,0.078,0.226,0.049,-0.030,0.078,2500.0,-1,-2500.0,16.122,0.36,20.58,0.00,0.12,0.0010.47
16.15472,194.766,-1223.438,0,0.000,-0.025,0.045,0.226,0.087,-0.025,0.045,2469.7,-1,-2469.7,16.134,0.36,20.74,0.00,0.15,0.0011.81
16.17414,167.607,-1250.596,0,0.000,0.014,0.026,0.226,0.116,0.014,0.026,2217.9,-1,-2217.9,16.152,0.36,21.22,0.00,0.48,0.0029.88
16.18454,153.193,-1265.010,0,0.000,0.007,0.013,0.226,0.107,0.007,0.013,2002.7,-1,-2002.7,16.169,0.36,21.61,0.00,0.39,0.0029.13
16.20447,125.859,-1292.344,0,0.000,0.016,-0.001,0.227,0.071,0.016,-0.001,1421.1,-1,-1421.1,16.176,0.36,22.02,0.00,0.41,0.0029.89
16.22441,109.951,-1308.252,0,0.000,0.016,-0.145,0.227,0.035,0.016,-0.145,690.3,-1,-690.3,16.202,0.43,22.78,0.07,0.33,5.7927.65
16.24434,106.611,-1311.592,0,0.000,0.011,-0.178,0.227,-0.090,0.011,-0.178,113.8,1,113.8,16.215,0.43,23.08,0.00,0.29,0.0021.26
16.26427,110.215,-1307.988,0,0.000,0.018,-0.308,0.228,-0.231,0.018,-0.308,906.9,1,906.9,16.239,0.43,23.57,0.00,0.21,0.0021.21
16.28421,127.969,-1290.234,0,0.000,0.004,-0.303,0.228,-0.126,0.004,-0.303,1605.5,1,1605.5,16.263,0.38,23.94,0.00,0.20,0.0014.95
16.30414,155.127,-1263.076,0,0.000,0.025,-0.196,0.228,-0.106,0.025,-0.196,2135.3,1,2135.3,16.276,0.33,23.94,-0.05,0.00,-3.160.00
16.32408,182.988,-1235.215,0,0.000,0.032,-0.104,0.229,-0.032,0.032,-0.104,2439.7,1,2439.7,16.293,0.33,23.94,0.00,0.00,0.000.00
16.34401,211.113,-1207.090,0,0.000,0.020,-0.093,0.229,-0.002,0.020,-0.093,2485.6,1,2485.6,16.321,0.44,23.99,0.05,0.05,4.314.24
16.36394,238.975,-1179.229,0,0.000,0.029,-0.047,0.230,0.105,0.029,-0.047,2267.1,1,2267.1,16.340,0.44,23.69,0.00,-0.17,0.00-18.58
16.37434,253.213,-1164.990,0,0.000,0.032,-0.029,0.230,0.135,0.032,-0.029,2064.6,1,2064.6,16.355,0.44,23.51,0.00,-0.18,0.00-13.05
16.39427,280.195,-1138.008,0,0.000,0.030,-0.029,0.231,0.126,0.030,-0.029,1499.6,1,1499.6,16.369,0.44,23.32,0.00,-0.19,0.00-13.46
16.41421,298.564,-1119.639,0,0.000,0.028,0.163,0.232,0.083,0.028,0.163,773.4,1,773.4,16.385,0.44,23.11,0.00,-0.21,0.00-13.28
16.43414,302.607,-1115.596,0,0.000,0.007,0.230,0.232,-0.050,0.007,0.230,36.6,-1,-36.6,16.400,0.44,22.82,0.00,-0.29,0.00-18.25
16.45407,299.707,-1118.496,0,0.000,0.019,0.169,0.232,-0.062,0.019,0.169,843.8,-1,-843.8,16.430,0.44,22.18,0.00,-0.41,0.00-28.22
16.47401,283.711,-1134.492,0,0.000,0.058,0.324,0.233,0.007,0.058,0.324,1560.8,-1,-1560.8,16.440,0.44,21.82,0.00,-0.36,0.00-31.57
16.49394,256.641,-1161.563,0,0.000,0.019,0.323,0.234,0.048,0.019,0.323,2110.0,-1,-2110.0,16.468,0.44,20.94,0.00,-0.47,0.00-33.07
16.51387,229.043,-1189.160,0,0.000,0.042,0.157,0.234,0.083,0.042,0.157,2421.1,-1,-2421.1,16.490,0.44,20.47,0.00,-0.18,0.00-15.43
16.53381,201.270,-1216.934,0,0.000,0.035,0.081,0.235,0.129,0.035,0.081,2492.1,-1,-2492.1,16.502,0.44,20.47,0.00,0.00,0.000.00
16.54407,187.646,-1230.557,0,0.000,0.003,0.046,0.235,0.124,0.003,0.046,2425.3,-1,-2425.3,16.519,0.44,20.35,0.00,-0.11,0.00-9.08
16.56371,159.434,-1258.770,0,0.000,0.009,0.034,0.236,0.130,0.009,0.034,2095.3,-1,-2095.3,16.548,0.44,20.77,0.00,0.25,0.0018.37
16.58363,132.012,-1286.191,0,0.000,0.021,0.008,0.236,0.113,0.021,0.008,1536.0,-1,-1536.0,16.554,0.44,21.21,0.00,0.44,0.0044.48
16.60356,112.939,-1305.264,0,0.000,0.002,-0.169,0.236,0.033,0.002,-0.169,807.5,-1,-807.5,16.580,0.44,21.92,0.00,0.38,0.0032.51
16.62351,109.248,-1308.955,0,0.000,0.057,-0.124,0.237,0.034,0.057,-0.124,10.3,1,10.3,16.604,0.44,22.66,0.00,0.25,0.0023.48
16.63390,109.336,-1308.867,0,0.000,0.100,-0.133,0.238,0.005,0.100,-0.133,466.0,1,466.0,16.616,0.44,22.95,0.00,0.29,0.0024.73
16.65383,119.531,-1298.672,0,0.000,0.101,-0.145,0.240,0.004,0.101,-0.145,1208.4,1,1208.4,16.629,0.44,23.22,0.00,0.26,0.0020.60
16.67376,142.734,-1275.469,0,0.000,0.038,-0.241,0.241,-0.078,0.038,-0.241,1859.3,1,1859.3,16.655,0.32,23.60,-0.05,0.17,-3.5710.77
16.69370,170.420,-1247.783,0,0.000,0.056,-0.127,0.242,-0.044,0.056,-0.127,2304.9,1,2304.9,16.667,0.32,23.78,0.00,0.18,0.0015.28
16.71363,198.281,-1219.922,0,0.000,0.013,-0.094,0.242,-0.003,0.013,-0.094,2495.1,1,2495.1,16.688,0.32,23.68,0.00,-0.11,0.00-8.75
16.72364,211.465,-1206.738,0,0.000,0.025,-0.072,0.243,0.016,0.025,-0.072,2486.3,1,2486.3,16.703,0.38,23.68,0.06,0.00,4.600.00
16.74346,240.029,-1178.174,0,0.000,0.041,-0.066,0.243,0.086,0.041,-0.066,2261.5,1,2261.5,16.716,0.45,23.68,0.07,0.00,4.910.00
16.76340,267.275,-1150.928,0,0.000,0.020,-0.023,0.244,0.119,0.020,-0.023,1783.8,1,1783.8,16.740,0.54,23.46,0.00,-0.16,0.00-14.06
16.78333,291.533,-1126.670,0,0.000,0.024,0.019,0.244,0.122,0.024,0.019,1105.8,1,1105.8,16.756,0.59,23.25,0.05,-0.22,3.07-13.44
16.80326,301.992,-1116.211,0,0.000,0.038,0.236,0.245,0.133,0.038,0.236,302.8,1,302.8,16.782,0.59,22.81,0.00,-0.20,0.00-13.30
16.82320,301.729,-1116.475,0,0.000,-0.031,0.201,0.245,0.005,-0.031,0.201,535.2,-1,-535.2,16.795,0.59,22.58,0.00,-0.23,0.00-21.25
16.84313,289.863,-1128.340,0,0.000,0.035,0.385,0.245,-0.022,0.035,0.385,1313.8,-1,-1313.8,16.822,0.59,21.91,0.00,-0.34,0.00-22.70
16.85353,278.525,-1139.678,0,0.000,0.055,0.266,0.246,-0.168,0.055,0.266,1652.8,-1,-1652.8,16.822,0.59,21.91,0.00,-0.34,0.00-22.70
16.87346,251.191,-1167.012,0,0.000,0.038,0.196,0.247,-0.100,0.038,0.196,2181.5,-1,-2181.5,16.849,0.64,21.12,0.05,-0.41,4.19-32.96
16.89340,223.682,-1194.521,0,0.000,0.027,0.083,0.247,-0.053,0.027,0.083,2463.2,-1,-2463.2,16.869,0.64,20.43,0.00,-0.21,0.00-18.37
16.91342,195.557,-1222.646,0,0.000,0.040,0.043,0.248,0.037,0.040,0.043,2465.1,-1,-2465.1,16.895,0.64,20.43,0.00,0.00,0.000.00
16.93335,167.783,-1250.420,0,0.000,0.008,0.032,0.248,0.095,0.008,0.032,2185.8,-1,-2185.8,16.907,0.64,20.56,0.00,0.13,0.0012.43
16.95328,140.361,-1277.842,0,0.000,0.005,-0.004,0.249,0.086,0.005,-0.004,1656.4,-1,-1656.4,16.931,0.64,21.64,0.00,0.90,0.0074.23
16.97322,118.301,-1299.902,0,0.000,0.018,-0.072,0.249,0.087,0.018,-0.072,936.5,-1,-936.5,16.953,0.64,22.47,0.00,0.41,0.0033.44
16.99315,111.973,-1306.230,0,0.000,0.038,-0.268,0.250,-0.023,0.038,-0.268,108.2,-1,-108.2,16.962,0.64,22.84,0.00,0.37,0.0034.88
17.01308,113.203,-1305.000,0,0.000,0.028,-0.171,0.250,-0.054,0.028,-0.171,733.5,1,733.5,16.991,0.64,23.43,0.00,0.28,0.0023.95
17.03302,127.705,-1290.498,0,0.000,0.056,-0.181,0.251,-0.027,0.056,-0.181,1491.5,1,1491.5,17.015,0.57,23.80,-0.07,0.17,-5.4013.97
17.05295,154.424,-1263.779,0,0.000,0.051,-0.220,0.252,-0.074,0.051,-0.220,2077.8,1,2077.8,17.028,0.57,23.89,0.00,0.09,0.007.39
17.07288,182.197,-1236.006,0,0.000,-0.006,-0.129,0.252,-0.077,-0.006,-0.129,2413.1,1,2413.1,17.044,0.51,23.89,-0.07,0.00,-4.260.00
17.09282,210.410,-1207.793,0,0.000,0.022,-0.074,0.253,0.006,0.022,-0.074,2492.4,1,2492.4,17.070,0.56,23.89,0.05,0.00,4.710.00
17.10310,223.770,-1194.434,0,0.000,0.033,-0.059,0.253,0.034,0.033,-0.059,2422.4,1,2422.4,17.082,0.62,23.89,0.06,0.00,4.990.00
17.12265,251.807,-1166.396,0,0.000,0.022,-0.022,0.253,0.120,0.022,-0.022,2073.1,1,2073.1,17.100,0.68,23.54,0.00,-0.17,0.00-16.34
17.13304,265.957,-1152.246,0,0.000,0.021,-0.039,0.254,0.154,0.021,-0.039,1773.7,1,1773.7,17.112,0.68,23.41,0.00,-0.13,0.00-10.48
17.15299,289.775,-1128.428,0,0.000,0.030,0.036,0.254,0.141,0.030,0.036,1075.8,1,1075.8,17.135,0.68,22.94,0.00,-0.24,0.00-18.99
17.17291,299.092,-1119.111,0,0.000,0.007,0.330,0.254,0.151,0.007,0.330,250.8,1,250.8,17.145,0.68,22.68,0.00,-0.26,0.00-27.11
17.19284,299.004,-1119.199,0,0.000,0.059,0.191,0.256,0.000,0.059,0.191,562.7,-1,-562.7,17.172,0.68,21.96,0.00,-0.37,0.00-27.36
17.21278,285.557,-1132.646,0,0.000,0.040,0.503,0.256,0.059,0.040,0.503,1353.7,-1,-1353.7,17.186,0.68,21.51,0.00,-0.45,0.00-33.15
17.23271,260.420,-1157.783,0,0.000,0.079,0.335,0.258,-0.050,0.079,0.335,1985.6,-1,-1985.6,17.210,0.68,20.71,0.00,-0.34,0.00-29.04
17.25265,233.086,-1185.117,0,0.000,0.051,0.196,0.259,0.005,0.051,0.196,2383.1,-1,-2383.1,17.223,0.68,20.55,0.00,-0.16,0.00-13.02
17.27258,205.225,-1212.979,0,0.000,0.041,0.104,0.260,0.057,0.041,0.104,2498.1,-1,-2498.1,17.248,0.73,20.55,0.05,0.00,5.150.00
17.28275,191.865,-1226.338,0,0.000,0.035,0.068,0.260,0.121,0.035,0.068,2443.7,-1,-2443.7,17.262,0.73,20.82,0.00,0.27,0.0018.93
17.30244,163.389,-1254.814,0,0.000,0.025,0.034,0.261,0.155,0.025,0.034,2118.6,-1,-2118.6,17.274,0.73,21.08,0.00,0.26,0.0019.31
17.32237,135.967,-1282.236,0,0.000,-0.002,0.013,0.261,0.133,-0.002,0.013,1540.2,-1,-1540.2,17.296,0.67,22.01,0.00,0.42,0.0043.99
17.34230,116.631,-1301.572,0,0.000,0.000,-0.169,0.261,0.077,0.000,-0.169,776.7,-1,-776.7,17.318,0.67,22.78,0.00,0.39,0.0036.97
17.36225,112.676,-1305.527,0,0.000,0.057,-0.120,0.261,0.025,0.057,-0.120,80.8,1,80.8,17.341,0.67,23.42,0.00,0.30,0.0027.55
17.37264,112.852,-1305.352,0,0.000,0.074,-0.214,0.262,-0.130,0.074,-0.214,512.9,1,512.9,17.341,0.67,23.42,0.00,0.30,0.0027.55
17.39257,124.629,-1293.574,0,0.000,0.078,-0.341,0.263,-0.230,0.078,-0.341,1318.3,1,1318.3,17.369,0.67,23.82,0.00,0.16,0.0011.45
17.41250,149.150,-1269.053,0,0.000,0.057,-0.288,0.265,-0.103,0.057,-0.288,1965.6,1,1965.6,17.390,0.59,23.95,-0.07,0.00,-7.430.00
17.43244,177.100,-1241.104,0,0.000,0.029,-0.131,0.265,-0.086,0.029,-0.131,2375.9,1,2375.9,17.411,0.59,23.79,0.00,-0.08,0.00-8.46
17.45237,205.049,-1213.154,0,0.000,0.011,-0.086,0.266,-0.008,0.011,-0.086,2498.6,1,2498.6,17.434,0.74,23.66,0.09,-0.13,8.47-12.59
17.47239,233.086,-1185.117,0,0.000,0.013,-0.080,0.266,0.046,0.013,-0.080,2317.8,1,2317.8,17.444,0.82,23.47,0.08,-0.19,8.62-20.47
17.49232,260.420,-1157.783,0,0.000,0.029,-0.042,0.267,0.136,0.029,-0.042,1854.5,1,1854.5,17.469,0.77,23.19,-0.05,-0.22,-4.45-20.22
17.51226,285.205,-1132.998,0,0.000,0.025,-0.020,0.267,0.150,0.025,-0.020,1164.2,1,1164.2,17.488,0.77,22.80,0.00,-0.21,0.00-17.61
17.53219,296.631,-1121.572,0,0.000,0.062,0.199,0.268,0.141,0.062,0.199,330.8,1,330.8,17.507,0.77,22.45,0.00,-0.35,0.00-23.02
17.55212,296.455,-1121.748,0,0.000,-0.005,0.314,0.268,0.150,-0.005,0.314,544.2,-1,-544.2,17.530,0.77,21.72,0.00,-0.38,0.00-33.02
17.57206,284.502,-1133.701,0,0.000,0.072,0.372,0.269,0.011,0.072,0.372,1353.2,-1,-1353.2,17.543,0.77,21.26,0.00,-0.46,0.00-35.98
17.59199,259.629,-1158.574,0,0.000,0.053,0.292,0.271,-0.151,0.053,0.292,1996.5,-1,-1996.5,17.570,0.77,20.73,0.00,-0.23,0.00-17.20
17.61192,232.207,-1185.996,0,0.000,0.039,0.187,0.271,-0.060,0.039,0.187,2393.8,-1,-2393.8,17.590,0.77,20.61,0.00,-0.11,0.00-10.78
17.63186,204.434,-1213.770,0,0.000,0.042,0.096,0.272,0.017,0.042,0.096,2497.6,-1,-2497.6,17.606,0.77,20.86,0.00,0.25,0.0018.08
17.65179,176.309,-1241.895,0,0.000,0.023,0.049,0.273,0.104,0.023,0.049,2304.8,-1,-2304.8,17.628,0.77,21.58,0.00,0.39,0.0031.95
17.66213,162.861,-1255.342,0,0.000,0.012,0.034,0.273,0.119,0.012,0.034,2098.0,-1,-2098.0,17.639,0.72,22.01,-0.06,0.43,-4.6635.35
17.68168,135.176,-1283.027,0,0.000,-0.002,0.000,0.273,0.130,-0.002,0.000,1495.0,-1,-1495.0,17.652,0.64,22.34,-0.08,0.33,-6.0525.93
17.69208,124.102,-1294.102,0,0.000,0.005,-0.025,0.273,0.125,0.005,-0.025,1077.8,-1,-1077.8,17.669,0.64,22.66,0.00,0.32,0.0021.82
17.71201,115.488,-1302.715,0,0.000,-0.003,-0.265,0.273,0.048,-0.003,-0.265,225.4,-1,-225.4,17.691,0.64,23.33,0.00,0.31,0.0029.80
17.73195,115.840,-1302.363,0,0.000,-0.010,-0.236,0.273,-0.119,-0.010,-0.236,656.0,1,656.0,17.705,0.64,23.58,0.00,0.24,0.0018.18
17.75188,129.990,-1288.213,0,0.000,0.020,-0.476,0.273,-0.262,0.020,-0.476,1456.2,1,1456.2,17.732,0.64,23.84,0.00,0.06,0.004.01
17.77181,156.182,-1262.021,0,0.000,0.000,-0.315,0.273,-0.229,0.000,-0.315,2048.8,1,2048.8,17.747,0.64,23.75,0.00,-0.09,0.00-6.03
17.79175,183.955,-1234.248,0,0.000,0.007,-0.168,0.273,-0.130,0.007,-0.168,2420.3,1,2420.3,17.762,0.64,23.58,0.00,-0.17,0.00-11.02
17.81168,211.904,-1206.299,0,0.000,0.023,-0.104,0.273,-0.022,0.023,-0.104,2486.4,1,2486.4,17.790,0.77,23.44,0.05,-0.14,3.55-9.86
17.83161,239.854,-1178.350,0,0.000,0.010,-0.080,0.274,0.060,0.010,-0.080,2237.8,1,2237.8,17.810,0.90,23.13,0.05,-0.23,5.04-23.22
17.84174,252.861,-1165.342,0,0.000,0.004,-0.066,0.274,0.090,0.004,-0.066,2003.5,1,2003.5,17.822,0.90,22.99,0.00,-0.13,0.00-11.57
17.86142,280.459,-1137.744,0,0.000,0.019,-0.019,0.274,0.156,0.019,-0.019,1351.4,1,1351.4,17.833,0.90,22.81,0.00,-0.18,0.00-17.24
17.88135,293.994,-1124.209,0,0.000,-0.008,0.359,0.274,0.271,-0.008,0.359,526.6,1,526.6,17.859,0.83,22.31,0.00,-0.22,0.00-18.30
17.90129,295.488,-1122.715,0,0.000,0.014,0.231,0.274,-0.057,0.014,0.231,366.3,-1,-366.3,17.869,0.83,21.97,0.00,-0.34,0.00-26.62
17.91168,293.115,-1125.088,0,0.000,0.009,0.166,0.274,-0.092,0.009,0.166,802.7,-1,-802.7,17.886,0.83,21.59,0.00,-0.37,0.00-24.19
17.93163,276.240,-1141.963,0,0.000,0.029,0.347,0.275,-0.087,0.029,0.347,1585.1,-1,-1585.1,17.912,0.88,20.78,0.00,-0.38,0.00-26.82
17.95155,248.906,-1169.297,0,0.000,0.030,0.183,0.276,-0.174,0.030,0.183,2164.9,-1,-2164.9,17.923,0.88,20.55,0.00,-0.22,0.00-20.30
17.97149,221.309,-1196.895,0,0.000,0.037,0.112,0.276,-0.080,0.037,0.112,2466.9,-1,-2466.9,17.936,0.88,20.43,0.00,-0.12,0.00-9.31
17.99142,193.271,-1224.932,0,0.000,0.040,0.043,0.277,0.029,0.040,0.043,2451.1,-1,-2451.1,17.973,0.95,20.48,0.06,0.26,3.6014.63
18.01135,165.322,-1252.881,0,0.000,0.013,0.021,0.277,0.104,0.013,0.021,2118.5,-1,-2118.5,17.981,0.95,20.79,0.00,0.31,0.0025.58
18.03128,137.988,-1280.215,0,0.000,0.016,0.008,0.278,0.162,0.016,0.008,1511.1,-1,-1511.1,18.009,0.87,21.62,-0.08,0.47,-5.7534.80
18.05123,119.795,-1298.408,0,0.000,0.000,-0.212,0.278,0.089,0.000,-0.212,707.1,-1,-707.1,18.033,0.80,22.44,-0.07,0.36,-6.7635.34
18.07115,117.334,-1300.869,0,0.000,-0.016,-0.360,0.277,-0.092,-0.016,-0.360,190.0,1,190.0,18.047,0.80,22.81,0.00,0.37,0.0027.36
18.09108,122.520,-1295.684,0,0.000,-0.017,-0.237,0.277,-0.122,-0.017,-0.237,1063.2,1,1063.2,18.067,0.80,23.46,0.00,0.28,0.0026.79
18.11102,144.580,-1273.623,0,0.000,0.023,-0.391,0.277,-0.329,0.023,-0.391,1798.4,1,1798.4,18.090,0.80,23.72,0.00,0.10,0.009.61
18.13096,172.178,-1246.025,0,0.000,-0.033,-0.186,0.277,-0.199,-0.033,-0.186,2298.8,1,2298.8,18.112,0.72,23.39,0.00,-0.16,0.00-14.20
18.15088,200.039,-1218.164,0,0.000,0.012,-0.088,0.277,-0.071,0.012,-0.088,2495.8,1,2495.8,18.125,0.82,23.39,0.10,0.00,8.420.00
18.17082,227.988,-1190.215,0,0.000,0.021,-0.064,0.277,0.063,0.021,-0.064,2383.0,1,2383.0,18.151,1.00,23.12,0.11,-0.08,7.92-5.80
18.18122,242.402,-1175.801,0,0.000,0.017,-0.074,0.278,0.104,0.017,-0.074,2184.4,1,2184.4,18.161,1.07,22.90,0.07,-0.22,5.42-18.27
18.20115,269.736,-1148.467,0,0.000,0.019,-0.049,0.278,0.147,0.019,-0.049,1605.6,1,1605.6,18.179,1.07,22.56,0.00,-0.22,0.00-22.10
18.22056,290.215,-1127.988,0,0.000,0.011,0.020,0.278,0.139,0.011,0.020,856.9,1,856.9,18.191,0.99,22.28,-0.08,-0.28,-6.44-23.04
18.23096,294.521,-1123.682,0,0.000,0.001,0.169,0.278,0.150,0.001,0.169,369.8,1,369.8,18.202,0.99,22.04,0.00,-0.24,0.00-23.31
18.25089,294.609,-1123.594,0,0.000,-0.013,0.320,0.278,0.180,-0.013,0.320,540.7,-1,-540.7,18.216,0.99,21.69,0.00,-0.35,0.00-29.28
18.27082,282.393,-1135.811,0,0.000,0.045,0.421,0.279,-0.053,0.045,0.421,1341.8,-1,-1341.8,18.245,1.07,20.90,0.00,-0.40,0.00-27.89
18.29076,257.256,-1160.947,0,0.000,0.047,0.305,0.280,-0.231,0.047,0.305,2009.8,-1,-2009.8,18.270,1.07,20.38,0.00,-0.18,0.00-12.91
18.31069,229.834,-1188.369,0,0.000,0.040,0.186,0.281,-0.121,0.040,0.186,2409.9,-1,-2409.9,18.282,1.07,20.25,0.00,-0.13,0.00-10.19
18.33062,201.973,-1216.230,0,0.000,0.021,0.070,0.281,-0.038,0.021,0.070,2487.8,-1,-2487.8,18.306,1.07,20.37,0.00,0.27,0.0026.31
18.35056,173.848,-1244.355,0,0.000,0.023,0.069,0.281,0.086,0.023,0.069,2231.9,-1,-2231.9,18.317,1.07,20.73,0.00,0.36,0.0030.01
18.37049,146.426,-1271.777,0,0.000,0.000,0.017,0.282,0.148,0.000,0.017,1675.6,-1,-1675.6,18.348,1.07,21.76,0.00,0.51,0.0041.11
18.38089,132.803,-1285.400,0,0.000,-0.003,0.008,0.281,0.152,-0.003,0.008,1267.0,-1,-1267.0,18.362,0.96,22.20,-0.11,0.43,-8.2833.53
18.40004,120.146,-1298.057,0,0.000,0.047,-0.298,0.282,0.105,0.047,-0.298,448.5,-1,-448.5,18.371,0.89,22.60,-0.07,0.40,-5.8733.99
18.41044,119.092,-1299.111,0,0.000,0.031,-0.451,0.282,-0.046,0.031,-0.451,11.4,1,11.4,18.386,0.84,22.96,-0.05,0.36,-4.1928.11
18.43038,122.256,-1295.947,0,0.000,-0.002,-0.263,0.282,-0.108,-0.002,-0.263,915.0,1,915.0,18.400,0.84,23.30,0.00,0.34,0.0024.49
18.44078,130.166,-1288.037,0,0.000,0.040,-0.278,0.282,-0.107,0.040,-0.278,1327.8,1,1327.8,18.411,0.84,23.56,0.00,0.26,0.0022.12
18.46071,155.479,-1262.725,0,0.000,0.050,-0.378,0.283,-0.248,0.050,-0.378,2005.1,1,2005.1,18.437,0.84,23.68,0.00,-0.05,0.00-4.30
18.48064,183.340,-1234.863,0,0.000,0.016,-0.191,0.284,-0.250,0.016,-0.191,2410.1,1,2410.1,18.464,0.84,23.54,0.00,0.00,0.000.00
18.50058,211.377,-1206.826,0,0.000,0.004,-0.105,0.284,-0.116,0.004,-0.105,2486.8,1,2486.8,18.475,0.93,23.42,0.09,-0.12,7.93-10.42
18.52051,239.238,-1178.965,0,0.000,0.009,-0.080,0.284,0.033,0.009,-0.080,2223.6,1,2223.6,18.501,1.07,23.01,0.06,-0.29,4.22-21.65
18.54044,266.484,-1151.719,0,0.000,0.021,-0.043,0.284,0.158,0.021,-0.043,1655.4,1,1655.4,18.512,1.07,22.90,0.00,-0.11,0.00-9.13
18.56038,288.193,-1130.010,0,0.000,0.007,0.020,0.285,0.163,0.007,0.020,859.3,1,859.3,18.538,0.99,22.54,-0.09,-0.25,-7.28-21.07
18.57052,292.061,-1126.143,0,0.000,-0.032,0.266,0.284,0.236,-0.032,0.266,455.0,1,455.0,18.549,0.93,22.31,-0.06,-0.23,-6.37-22.61
18.59021,292.764,-1125.439,0,0.000,0.022,0.302,0.284,0.188,0.022,0.302,519.0,-1,-519.0,18.565,0.93,21.72,0.00,-0.26,0.00-21.44
18.61013,281.338,-1136.865,0,0.000,0.042,0.262,0.285,-0.149,0.042,0.262,1376.2,-1,-1376.2,18.581,0.93,21.25,0.00,-0.47,0.00-39.63
18.63006,256.025,-1162.178,0,0.000,0.040,0.290,0.286,-0.270,0.040,0.290,2044.0,-1,-2044.0,18.605,0.98,20.66,0.00,-0.21,0.00-15.92
18.65000,228.340,-1189.863,0,0.000,0.011,0.196,0.286,-0.169,0.011,0.196,2429.0,-1,-2429.0,18.630,0.98,20.30,0.00,-0.28,0.00-26.51
18.66040,213.750,-1204.453,0,0.000,-0.001,0.142,0.286,-0.121,-0.001,0.142,2496.7,-1,-2496.7,18.642,0.98,20.51,0.00,0.21,0.0018.67
18.68033,185.889,-1232.314,0,0.000,0.005,0.063,0.287,0.012,0.005,0.063,2370.0,-1,-2370.0,18.651,0.98,20.86,0.00,0.35,0.0038.35
18.70026,158.115,-1260.088,0,0.000,0.013,0.038,0.287,0.111,0.013,0.038,1912.8,-1,-1912.8,18.676,0.98,21.77,0.00,0.51,0.0039.76
18.72020,132.715,-1285.488,0,0.000,-0.003,0.007,0.287,0.168,-0.003,0.007,1187.9,-1,-1187.9,18.689,0.91,22.17,-0.06,0.40,-5.3633.10
18.74013,121.992,-1296.211,0,0.000,-0.016,-0.110,0.287,0.251,-0.016,-0.110,295.8,-1,-295.8,18.718,0.77,22.98,-0.08,0.42,-5.3229.41
18.75025,121.816,-1296.387,0,0.000,0.025,-0.176,0.287,0.287,0.025,-0.176,127.3,1,127.3,18.732,0.77,23.34,0.00,0.37,0.0029.50
18.76994,127.002,-1291.201,0,0.000,0.019,-0.124,0.287,0.192,0.019,-0.124,1080.5,1,1080.5,18.742,0.77,23.63,0.00,0.28,0.0028.39
18.78988,149.238,-1268.965,0,0.000,0.072,-0.465,0.289,-0.227,0.072,-0.465,1803.1,1,1803.1,18.770,0.77,23.87,0.00,0.00,0.000.00
18.80980,177.100,-1241.104,0,0.000,-0.008,-0.169,0.289,-0.223,-0.008,-0.169,2314.9,1,2314.9,18.783,0.77,23.74,0.00,-0.13,0.00-10.31
18.82974,205.049,-1213.154,0,0.000,0.032,-0.117,0.289,-0.175,0.032,-0.117,2499.9,1,2499.9,18.809,0.88,23.47,0.11,-0.21,8.81-16.88
18.84967,232.910,-1185.293,0,0.000,0.026,-0.072,0.290,-0.050,0.026,-0.072,2331.0,1,2331.0,18.820,0.88,23.25,0.00,-0.22,0.00-18.84
18.86960,260.332,-1157.871,0,0.000,0.024,-0.044,0.290,0.088,0.024,-0.044,1830.9,1,1830.9,18.848,1.00,22.86,0.00,-0.10,0.00-7.05
18.88000,274.482,-1143.721,0,0.000,0.023,-0.029,0.290,0.151,0.023,-0.029,1438.5,1,1438.5,18.848,1.00,22.86,0.00,-0.10,0.00-7.05
18.89994,291.006,-1127.197,0,0.000,0.007,0.175,0.291,0.196,0.007,0.175,577.9,1,577.9,18.876,0.88,22.51,-0.11,-0.25,-11.34-26.01
18.91987,292.852,-1125.352,0,0.000,0.022,0.319,0.291,0.332,0.022,0.319,318.9,-1,-318.9,18.888,0.81,22.26,-0.08,-0.25,-5.20-17.29
18.93989,284.150,-1134.053,0,0.000,0.020,0.413,0.292,0.211,0.020,0.413,1258.5,-1,-1258.5,18.917,0.75,21.65,0.00,-0.31,0.00-25.28
18.95984,260.508,-1157.695,0,0.000,0.077,0.205,0.293,-0.162,0.077,0.205,1941.9,-1,-1941.9,18.941,0.80,20.95,0.05,-0.31,4.11-25.75
18.97976,232.822,-1185.381,0,0.000,0.037,0.149,0.294,-0.216,0.037,0.149,2388.5,-1,-2388.5,18.954,0.85,20.80,0.05,-0.15,3.79-11.25
18.99969,205.049,-1213.154,0,0.000,0.067,0.093,0.295,-0.134,0.067,0.093,2491.6,-1,-2491.6,18.977,0.85,20.43,0.00,-0.24,0.00-24.21
19.01962,177.100,-1241.104,0,0.000,0.033,0.032,0.296,-0.026,0.033,0.032,2235.4,-1,-2235.4,19.000,0.90,20.79,0.05,0.23,4.4118.94
19.03956,149.590,-1268.613,0,0.000,0.030,-0.001,0.297,0.096,0.030,-0.001,1655.8,-1,-1655.8,19.010,0.95,21.26,0.05,0.47,4.3242.09
19.05949,127.705,-1290.498,0,0.000,0.019,-0.059,0.297,0.201,0.019,-0.059,835.7,-1,-835.7,19.026,0.89,21.66,-0.05,0.40,-3.4826.45
19.07942,123.311,-1294.893,0,0.000,0.034,-0.403,0.298,0.076,0.034,-0.403,106.5,1,106.5,19.053,0.70,22.68,-0.09,0.45,-7.8942.14
19.09936,127.705,-1290.498,0,0.000,-0.028,-0.522,0.297,-0.211,-0.028,-0.522,1034.2,1,1034.2,19.078,0.58,23.32,-0.05,0.33,-3.6524.45
19.11929,149.502,-1268.701,0,0.000,-0.050,-0.564,0.296,-0.291,-0.050,-0.564,1812.1,1,1812.1,19.097,0.58,23.77,0.00,0.16,0.0016.45
19.12957,162.510,-1255.693,0,0.000,-0.047,-0.352,0.296,-0.186,-0.047,-0.352,2081.6,1,2081.6,19.109,0.58,23.66,0.00,-0.12,0.00-12.42
19.14912,190.986,-1227.217,0,0.000,-0.001,-0.165,0.296,-0.206,-0.001,-0.165,2458.4,1,2458.4,19.122,0.58,23.42,0.00,-0.23,0.00-17.60
19.15952,205.664,-1212.539,0,0.000,0.014,-0.121,0.296,-0.224,0.014,-0.121,2499.9,1,2499.9,19.137,0.65,23.42,0.07,0.00,6.110.00
19.17945,233.525,-1184.678,0,0.000,0.015,-0.077,0.296,-0.092,0.015,-0.077,2307.2,1,2307.2,19.154,0.73,22.75,0.00,-0.31,0.00-29.28
19.19939,261.123,-1157.080,0,0.000,0.022,-0.054,0.296,0.047,0.022,-0.054,1775.0,1,1775.0,19.178,0.81,22.32,0.00,-0.27,0.00-24.10
19.21932,284.238,-1133.965,0,0.000,0.013,0.166,0.297,0.216,0.013,0.166,980.8,1,980.8,19.190,0.81,22.23,0.00,-0.08,0.00-6.58
19.23926,290.918,-1127.285,0,0.000,-0.022,0.132,0.296,0.069,-0.022,0.132,41.0,1,41.0,19.218,0.67,21.82,-0.06,-0.23,-4.02-15.07
19.25919,288.633,-1129.570,0,0.000,-0.032,0.099,0.296,0.037,-0.032,0.099,905.8,-1,-905.8,19.234,0.67,21.58,0.00,-0.24,0.00-18.73
19.27912,269.561,-1148.643,0,0.000,-0.012,0.257,0.295,0.016,-0.012,0.257,1719.3,-1,-1719.3,19.260,0.75,20.92,0.08,-0.25,5.47-17.54
19.29905,242.314,-1175.889,0,0.000,0.035,0.265,0.296,-0.054,0.035,0.265,2278.2,-1,-2278.2,19.274,0.75,20.73,0.00,-0.19,0.00-14.98
19.30921,229.131,-1189.072,0,0.000,0.026,0.201,0.296,-0.146,0.026,0.201,2422.4,-1,-2422.4,19.286,0.82,20.63,0.08,-0.10,6.24-7.96
19.32889,200.566,-1217.637,0,0.000,0.040,0.096,0.297,-0.121,0.040,0.096,2468.7,-1,-2468.7,19.314,0.82,20.56,0.00,0.20,0.0015.68
19.34884,172.529,-1245.674,0,0.000,0.042,0.045,0.298,-0.010,0.042,0.045,2159.7,-1,-2159.7,19.331,0.90,21.18,0.08,0.42,7.3538.93
19.36876,145.020,-1273.184,0,0.000,0.028,0.022,0.298,0.075,0.028,0.022,1519.9,-1,-1519.9,19.341,0.90,21.62,0.00,0.44,0.0042.79
19.38869,127.266,-1290.938,0,0.000,0.022,-0.189,0.299,0.131,0.022,-0.189,651.7,-1,-651.7,19.369,0.80,22.46,-0.10,0.45,-6.3828.92
19.39909,125.068,-1293.135,0,0.000,-0.011,-0.406,0.298,0.042,-0.011,-0.406,122.8,-1,-122.8,19.378,0.71,22.86,-0.09,0.40,-9.8543.22
19.41903,127.705,-1290.498,0,0.000,-0.020,-0.296,0.298,-0.081,-0.020,-0.296,836.8,1,836.8,19.394,0.65,23.24,-0.06,0.37,-4.2224.42
19.43896,145.723,-1272.480,0,0.000,-0.071,-0.457,0.297,-0.258,-0.071,-0.457,1671.2,1,1671.2,19.420,0.65,23.76,0.00,0.20,0.0017.98
19.45890,173.320,-1244.883,0,0.000,-0.087,-0.235,0.295,-0.243,-0.087,-0.235,2254.0,1,2254.0,19.441,0.65,23.51,0.00,-0.25,0.00-23.42
19.47883,201.357,-1216.846,0,0.000,-0.008,-0.120,0.295,-0.222,-0.008,-0.120,2492.9,1,2492.9,19.450,0.65,23.42,0.00,-0.09,0.00-9.80
19.49885,229.395,-1188.809,0,0.000,0.001,-0.051,0.295,-0.131,0.001,-0.051,2375.6,1,2375.6,19.477,0.77,22.73,0.06,-0.35,4.09-23.27
19.51878,257.080,-1161.123,0,0.000,0.022,-0.061,0.295,-0.001,0.022,-0.061,1897.0,1,1897.0,19.492,0.89,22.50,0.13,-0.23,10.25-18.95
19.53871,281.514,-1136.689,0,0.000,0.026,-0.011,0.295,0.101,0.026,-0.011,1129.0,1,1129.0,19.516,0.89,22.04,0.00,-0.17,0.00-14.38
19.55865,289.951,-1128.252,0,0.000,0.062,0.318,0.296,0.311,0.062,0.318,188.1,1,188.1,19.531,0.80,21.88,-0.09,-0.16,-5.65-10.13
19.57859,287.666,-1130.537,0,0.000,0.082,0.263,0.298,0.274,0.082,0.263,782.7,-1,-782.7,19.558,0.74,21.36,0.00,-0.26,0.00-15.40
19.59851,270.791,-1147.412,0,0.000,0.102,0.289,0.300,0.143,0.102,0.289,1634.5,-1,-1634.5,19.573,0.67,20.96,-0.06,-0.40,-4.39-27.97
19.61845,243.633,-1174.570,0,0.000,0.062,0.130,0.301,-0.153,0.062,0.130,2236.0,-1,-2236.0,19.598,0.76,20.64,0.00,-0.14,0.00-12.28
19.63838,215.859,-1202.344,0,0.000,0.058,0.092,0.302,-0.229,0.058,0.092,2494.1,-1,-2494.1,19.611,0.76,20.57,0.00,-0.08,0.00-6.64
19.65831,187.734,-1230.469,0,0.000,0.069,0.045,0.304,-0.162,0.069,0.045,2367.8,-1,-2367.8,19.637,0.83,20.63,0.07,0.06,5.164.68
19.67825,159.961,-1258.242,0,0.000,0.041,0.029,0.305,-0.048,0.041,0.029,1875.6,-1,-1875.6,19.648,0.88,21.05,0.05,0.42,4.7942.65
19.68856,146.777,-1271.426,0,0.000,0.036,0.010,0.305,0.011,0.036,0.010,1552.9,-1,-1552.9,19.664,0.88,21.23,0.00,0.18,0.0013.04
19.70819,128.408,-1289.795,0,0.000,0.016,-0.184,0.305,0.066,0.016,-0.184,628.1,-1,-628.1,19.675,0.94,21.82,0.06,0.59,4.6545.47
19.72812,126.299,-1291.904,0,0.000,-0.019,-0.349,0.305,0.053,-0.019,-0.349,355.8,1,355.8,19.698,0.94,22.26,0.00,0.44,0.0021.13
19.73852,128.496,-1289.707,0,0.000,-0.031,-0.254,0.305,0.057,-0.031,-0.254,836.9,1,836.9,19.708,0.89,22.75,-0.05,0.49,-4.1642.89
19.75846,146.865,-1271.338,0,0.000,-0.046,-0.413,0.304,-0.063,-0.046,-0.413,1683.4,1,1683.4,19.735,0.71,23.48,-0.06,0.36,-6.4738.04
19.77840,174.551,-1243.652,0,0.000,-0.068,-0.278,0.303,-0.208,-0.068,-0.278,2268.0,1,2268.0,19.760,0.64,23.93,0.00,0.16,0.0014.35
19.79832,202.764,-1215.439,0,0.000,-0.010,-0.136,0.302,-0.209,-0.010,-0.136,2498.4,1,2498.4,19.773,0.64,23.84,0.00,-0.09,0.00-7.12
19.81826,230.537,-1187.666,0,0.000,0.004,-0.068,0.302,-0.151,0.004,-0.068,2337.4,1,2337.4,19.801,0.69,23.58,0.05,-0.18,4.67-16.92
19.83819,258.047,-1160.156,0,0.000,0.037,-0.047,0.303,-0.017,0.037,-0.047,1809.1,1,1809.1,19.812,0.78,23.17,0.09,-0.40,7.57-34.39
19.85812,281.689,-1136.514,0,0.000,0.023,0.056,0.303,0.089,0.023,0.056,995.6,1,995.6,19.835,0.94,22.61,0.09,-0.23,8.03-19.15
19.87806,288.369,-1129.834,0,0.000,0.010,0.251,0.304,0.098,0.010,0.251,24.4,1,24.4,19.861,0.94,22.14,0.00,-0.20,0.00-17.88
19.89799,284.854,-1133.350,0,0.000,-0.032,0.175,0.303,0.126,-0.032,0.175,951.7,-1,-951.7,19.874,0.88,21.92,-0.06,-0.21,-4.60-16.67
19.91792,264.902,-1153.301,0,0.000,-0.010,0.229,0.303,-0.041,-0.010,0.229,1778.1,-1,-1778.1,19.885,0.79,21.65,-0.10,-0.28,-8.23-23.58
19.93786,237.305,-1180.898,0,0.000,-0.004,0.225,0.303,-0.016,-0.004,0.225,2304.1,-1,-2304.1,19.912,0.79,21.04,0.00,-0.37,0.00-31.79
19.95780,209.531,-1208.672,0,0.000,-0.001,0.101,0.303,-0.102,-0.001,0.101,2500.0,-1,-2500.0,19.939,0.84,20.92,0.00,0.00,0.000.00
19.97772,181.582,-1236.621,0,0.000,0.031,0.064,0.303,-0.089,0.031,0.064,2297.9,-1,-2297.9,19.950,0.89,20.76,0.05,-0.16,4.48-14.64
19.99766,153.896,-1264.307,0,0.000,0.032,0.035,0.304,0.007,0.032,0.035,1728.8,-1,-1728.8,19.976,0.89,20.94,0.00,0.13,0.009.25
20.00806,140.010,-1278.193,0,0.000,0.021,0.029,0.304,0.022,0.021,0.029,1289.9,-1,-1289.9,19.988,0.96,20.94,0.07,0.00,7.430.00
20.02799,126.650,-1291.553,0,0.000,0.059,-0.314,0.305,0.028,0.059,-0.314,346.8,-1,-346.8,19.999,0.96,21.52,0.00,0.57,0.0044.13
20.04792,127.354,-1290.850,0,0.000,-0.048,-0.363,0.305,-0.095,-0.048,-0.363,652.7,1,652.7,20.023,0.96,22.29,0.00,0.44,0.0038.37
20.06000,134.033,-1284.170,0,0.000,-0.056,-0.373,0.304,-0.057,-0.056,-0.373,1168.2,1,1168.2,20.023,0.96,22.29,0.00,0.44,0.0038.37
20.07788,155.654,-1262.549,0,0.000,-0.004,-0.583,0.304,-0.239,-0.004,-0.583,1910.8,1,1910.8,20.057,0.79,23.07,-0.06,0.38,-4.4027.99
20.09783,183.691,-1234.512,0,0.000,-0.044,-0.248,0.303,-0.224,-0.044,-0.248,2375.7,1,2375.7,20.080,0.71,23.60,0.00,0.17,0.0015.81
20.11775,211.641,-1206.563,0,0.000,0.023,-0.171,0.303,-0.244,0.023,-0.171,2490.3,1,2490.3,20.091,0.71,23.60,0.00,0.00,0.000.00
20.13768,239.326,-1178.877,0,0.000,0.035,-0.075,0.304,-0.139,0.035,-0.075,2201.9,1,2201.9,20.119,0.71,23.31,0.00,-0.16,0.00-11.07
20.15762,266.748,-1151.455,0,0.000,0.044,-0.040,0.305,0.000,0.044,-0.040,1556.1,1,1556.1,20.132,0.78,23.04,0.06,-0.27,4.60-20.46
20.17755,284.941,-1133.262,0,0.000,0.050,0.116,0.306,0.125,0.050,0.116,656.8,1,656.8,20.152,0.91,22.50,0.08,-0.21,6.84-18.77
20.19748,287.402,-1130.801,0,0.000,0.084,0.332,0.307,0.241,0.084,0.332,350.2,-1,-350.2,20.176,0.91,21.91,0.00,-0.22,0.00-18.25
20.21742,277.998,-1140.205,0,0.000,0.105,0.322,0.309,0.189,0.105,0.322,1301.2,-1,-1301.2,20.188,0.91,21.68,0.00,-0.23,0.00-19.09
20.23735,252.773,-1165.430,0,0.000,0.119,0.385,0.312,0.177,0.119,0.385,2040.3,-1,-2040.3,20.212,0.82,21.18,0.00,-0.25,0.00-20.06
20.24790,239.326,-1178.877,0,0.000,0.102,0.304,0.313,0.168,0.102,0.304,2290.4,-1,-2290.4,20.225,0.82,20.84,0.00,-0.35,0.00-30.49
20.26738,210.937,-1207.266,0,0.000,0.094,0.175,0.314,-0.011,0.094,0.175,2500.0,-1,-2500.0,20.236,0.82,20.72,0.00,-0.11,0.00-10.06
20.28731,183.076,-1235.127,0,0.000,0.077,0.096,0.316,-0.025,0.077,0.096,2299.0,-1,-2299.0,20.259,0.82,20.63,0.00,-0.10,0.00-7.41
20.30725,155.479,-1262.725,0,0.000,0.052,0.037,0.317,0.005,0.052,0.037,1719.3,-1,-1719.3,20.285,0.82,20.89,0.00,0.17,0.0013.70
20.32718,132.715,-1285.488,0,0.000,0.052,-0.120,0.318,0.077,0.052,-0.120,855.5,-1,-855.5,20.306,0.92,21.66,0.00,0.45,0.0049.93
20.34711,128.672,-1289.531,0,0.000,0.040,-0.386,0.319,-0.033,0.040,-0.386,150.5,1,150.5,20.325,0.92,22.40,0.00,0.44,0.0037.28
20.36705,134.385,-1283.818,0,0.000,0.017,-0.250,0.320,-0.029,0.017,-0.250,1132.5,1,1132.5,20.337,0.83,22.83,-0.09,0.43,-8.8844.02
20.38698,158.115,-1260.088,0,0.000,0.102,-0.388,0.321,-0.111,0.102,-0.388,1927.6,1,1927.6,20.361,0.75,23.45,0.00,0.32,0.0029.87
20.39738,172.529,-1245.674,0,0.000,0.077,-0.274,0.322,-0.198,0.077,-0.274,2211.7,1,2211.7,20.369,0.75,23.53,0.00,0.07,0.006.76
20.41731,200.830,-1217.373,0,0.000,0.025,-0.160,0.323,-0.206,0.025,-0.160,2493.1,1,2493.1,20.395,0.75,23.45,0.00,0.00,0.000.00
20.43725,228.604,-1189.600,0,0.000,0.057,-0.098,0.324,-0.146,0.057,-0.098,2359.2,1,2359.2,20.407,0.75,23.19,0.00,-0.26,0.00-18.10
20.45718,256.201,-1162.002,0,0.000,0.051,-0.072,0.325,-0.081,0.051,-0.072,1830.9,1,1830.9,20.430,0.95,22.78,0.09,-0.24,8.26-21.86
20.47711,280.020,-1138.184,0,0.000,0.034,0.047,0.326,0.038,0.034,0.047,995.6,1,995.6,20.455,1.03,22.14,0.00,-0.28,0.00-20.76
20.49705,286.348,-1131.855,0,0.000,0.009,0.259,0.326,0.074,0.009,0.259,7.5,-1,-7.5,20.474,0.98,21.69,-0.05,-0.25,-4.01-20.81
20.51698,282.480,-1135.723,0,0.000,-0.044,0.294,0.326,0.144,-0.044,0.294,1010.4,-1,-1010.4,20.486,0.93,21.39,-0.06,-0.31,-5.62-29.99
20.53691,261.738,-1156.465,0,0.000,-0.001,0.293,0.326,-0.060,-0.001,0.293,1843.7,-1,-1843.7,20.511,0.93,20.87,0.00,-0.18,0.00-14.15
20.55685,234.141,-1184.063,0,0.000,-0.018,0.190,0.326,-0.057,-0.018,0.190,2349.9,-1,-2349.9,20.537,0.93,20.73,0.00,-0.14,0.00-11.70
20.57678,206.279,-1211.924,0,0.000,-0.008,0.071,0.325,-0.096,-0.008,0.071,2494.6,-1,-2494.6,20.546,0.88,20.53,-0.05,-0.20,-3.88-15.97
20.59671,178.418,-1239.785,0,0.000,0.026,0.028,0.326,-0.086,0.026,0.028,2216.9,-1,-2216.9,20.571,0.96,21.14,0.00,0.44,0.0037.29
20.61665,150.469,-1267.734,0,0.000,0.035,0.019,0.326,0.006,0.035,0.019,1562.8,-1,-1562.8,20.596,1.04,21.84,0.08,0.51,6.9245.46
20.62694,139.482,-1278.721,0,0.000,0.024,0.017,0.326,0.041,0.024,0.017,1126.9,-1,-1126.9,20.596,1.04,21.84,0.08,0.51,6.9245.46
20.63697,132.012,-1286.191,0,0.000,0.012,-0.147,0.327,0.085,0.012,-0.147,592.0,-1,-592.0,20.612,0.94,22.25,-0.10,0.41,-6.3526.30
20.65690,130.781,-1287.422,0,0.000,-0.026,-0.302,0.326,0.122,-0.026,-0.302,439.7,1,439.7,20.634,0.81,22.90,-0.09,0.33,-6.3924.40
20.67684,141.504,-1276.699,0,0.000,0.037,-0.369,0.327,0.105,0.037,-0.369,1353.8,1,1353.8,20.649,0.76,23.27,-0.05,0.38,-4.1131.21
20.69678,167.607,-1250.596,0,0.000,0.037,-0.421,0.327,-0.035,0.037,-0.421,2088.6,1,2088.6,20.677,0.70,23.52,0.00,0.00,0.000.00
20.71670,195.732,-1222.471,0,0.000,0.019,-0.212,0.328,-0.114,0.019,-0.212,2466.1,1,2466.1,20.694,0.70,23.30,0.00,-0.22,0.00-13.18
20.73665,223.594,-1194.609,0,0.000,0.043,-0.087,0.329,-0.085,0.043,-0.087,2420.6,1,2420.6,20.717,0.80,22.91,0.10,-0.39,8.71-34.82
20.75657,251.367,-1166.836,0,0.000,0.044,-0.058,0.329,-0.013,0.044,-0.058,1958.7,1,1958.7,20.730,0.87,22.56,0.06,-0.35,4.43-23.87
20.77650,276.240,-1141.963,0,0.000,0.048,-0.045,0.330,0.055,0.048,-0.045,1158.7,1,1158.7,20.756,0.99,22.04,0.00,-0.36,0.00-27.57
20.79644,285.732,-1132.471,0,0.000,0.065,0.167,0.331,0.132,0.065,0.167,157.9,1,157.9,20.776,0.99,21.77,0.00,-0.27,0.00-13.14
20.80670,285.645,-1132.559,0,0.000,0.069,0.250,0.332,0.148,0.069,0.250,364.5,-1,-364.5,20.787,0.94,21.54,-0.05,-0.23,-5.06-22.60
20.82625,275.449,-1142.754,0,0.000,0.051,0.372,0.333,0.201,0.051,0.372,1339.8,-1,-1339.8,20.798,0.85,21.24,-0.09,-0.30,-7.80-26.87
20.84618,250.312,-1167.891,0,0.000,0.041,0.455,0.334,0.273,0.041,0.455,2083.7,-1,-2083.7,20.816,0.85,21.01,0.00,-0.22,0.00-11.32
20.85658,235.898,-1182.305,0,0.000,0.041,0.361,0.335,0.241,0.041,0.361,2325.9,-1,-2325.9,20.830,0.85,20.67,0.00,-0.34,0.00-24.92
20.87652,208.037,-1210.166,0,0.000,0.034,0.181,0.335,0.072,0.034,0.181,2497.5,-1,-2497.5,20.855,0.85,20.59,0.00,0.06,0.005.28
20.89645,180.176,-1238.027,0,0.000,0.048,0.095,0.336,0.034,0.048,0.095,2233.7,-1,-2233.7,20.877,0.80,20.62,0.00,0.19,0.0014.88
20.91638,152.490,-1265.713,0,0.000,0.033,0.063,0.337,0.065,0.033,0.063,1579.5,-1,-1579.5,20.886,0.80,20.98,0.00,0.35,0.0033.38
20.93632,133.857,-1284.346,0,0.000,0.005,-0.146,0.337,0.087,0.005,-0.146,648.2,-1,-648.2,20.911,0.80,21.70,0.00,0.48,0.0049.53
20.95625,131.572,-1286.631,0,0.000,-0.051,-0.381,0.337,0.056,-0.051,-0.381,397.6,1,397.6,20.935,0.74,22.43,-0.06,0.37,-5.8035.01
20.97618,142.119,-1276.084,0,0.000,-0.048,-0.333,0.336,0.056,-0.048,-0.333,1374.5,1,1374.5,20.947,0.66,22.77,-0.08,0.34,-6.0425.68
20.99620,168.223,-1249.980,0,0.000,-0.048,-0.443,0.335,-0.117,-0.048,-0.443,2110.3,1,2110.3,20.973,0.61,23.42,0.00,0.31,0.0024.45
21.01614,196.348,-1221.855,0,0.000,-0.025,-0.229,0.334,-0.163,-0.025,-0.229,2474.6,1,2474.6,20.997,0.61,23.24,0.00,-0.18,0.00-14.73
21.03607,224.297,-1193.906,0,0.000,0.020,-0.122,0.334,-0.141,0.020,-0.122,2401.9,1,2401.9,21.009,0.67,23.24,0.06,0.00,5.210.00
21.05600,251.807,-1166.396,0,0.000,0.034,-0.080,0.335,-0.071,0.034,-0.080,1903.9,1,1903.9,21.035,0.80,22.45,0.08,-0.38,7.59-35.19
21.07595,276.680,-1141.523,0,0.000,0.048,-0.045,0.336,0.034,0.048,-0.045,1067.7,1,1067.7,21.057,0.90,22.00,0.00,-0.28,0.00-28.92
21.09587,284.766,-1133.438,0,0.000,0.080,0.345,0.337,0.252,0.080,0.345,94.1,1,94.1,21.069,0.90,21.77,0.00,-0.23,0.00-21.92
21.11580,281.426,-1136.777,0,0.000,0.077,0.347,0.339,0.273,0.077,0.347,945.0,-1,-945.0,21.093,0.90,21.30,0.00,-0.26,0.00-24.33
21.13574,260.684,-1157.520,0,0.000,0.037,0.427,0.340,0.121,0.037,0.427,1816.4,-1,-1816.4,21.105,0.90,21.01,0.00,-0.29,0.00-20.38
21.15567,232.910,-1185.293,0,0.000,0.005,0.244,0.340,0.007,0.005,0.244,2364.0,-1,-2364.0,21.129,0.90,20.69,0.00,0.00,0.000.00
21.16607,218.408,-1199.795,0,0.000,-0.004,0.192,0.340,-0.041,-0.004,0.192,2488.3,-1,-2488.3,21.146,0.98,20.84,0.07,0.15,4.519.16
21.18558,191.074,-1227.129,0,0.000,0.004,0.096,0.340,-0.072,0.004,0.096,2382.0,-1,-2382.0,21.162,0.98,20.61,0.00,-0.23,0.00-13.53
21.19598,176.484,-1241.719,0,0.000,0.025,0.069,0.340,-0.044,0.025,0.069,2139.9,-1,-2139.9,21.174,1.08,20.75,0.10,0.14,8.9512.37
21.21591,148.887,-1269.316,0,0.000,0.030,0.029,0.341,0.006,0.030,0.029,1411.8,-1,-1411.8,21.189,1.08,21.16,0.00,0.41,0.0029.15
21.23584,133.857,-1284.346,0,0.000,0.053,-0.249,0.342,0.094,0.053,-0.249,481.4,-1,-481.4,21.215,1.08,21.91,0.00,0.50,0.0052.85
21.25578,133.418,-1284.785,0,0.000,0.046,-0.208,0.343,0.186,0.046,-0.208,580.6,1,580.6,21.232,0.94,22.62,-0.06,0.35,-5.0830.95
21.27571,148.096,-1270.107,0,0.000,0.016,-0.485,0.343,0.045,0.016,-0.485,1538.6,1,1538.6,21.257,0.86,23.32,0.00,0.38,0.0030.06
21.29565,175.869,-1242.334,0,0.000,-0.007,-0.336,0.343,-0.104,-0.007,-0.336,2218.8,1,2218.8,21.277,0.86,23.51,0.00,0.00,0.000.00
21.31558,203.818,-1214.385,0,0.000,-0.011,-0.192,0.343,-0.184,-0.011,-0.192,2496.9,1,2496.9,21.287,0.86,23.44,0.00,-0.07,0.00-6.84
21.33551,231.855,-1186.348,0,0.000,0.014,-0.116,0.343,-0.142,0.014,-0.116,2321.5,1,2321.5,21.301,0.91,23.19,0.05,-0.25,3.86-18.87
21.35545,259.189,-1159.014,0,0.000,0.037,-0.057,0.344,-0.056,0.037,-0.057,1722.9,1,1722.9,21.332,1.10,22.46,0.08,-0.39,5.79-29.33
21.36566,272.197,-1146.006,0,0.000,0.044,-0.041,0.344,-0.005,0.044,-0.041,1296.3,1,1296.3,21.345,1.18,22.10,0.09,-0.35,6.01-24.95
21.38534,285.029,-1133.174,0,0.000,0.021,0.207,0.345,0.156,0.021,0.207,285.2,1,285.2,21.355,1.18,21.80,0.00,-0.30,0.00-24.32
21.40528,283.271,-1134.932,0,0.000,-0.046,0.269,0.344,0.309,-0.046,0.269,779.0,-1,-779.0,21.386,1.13,21.25,-0.06,-0.32,-3.90-21.79
21.42520,265.605,-1152.598,0,0.000,-0.021,0.350,0.343,0.148,-0.021,0.350,1701.4,-1,-1701.4,21.407,1.13,20.63,0.00,-0.31,0.00-29.71
21.43560,251.719,-1166.484,0,0.000,0.008,0.294,0.343,0.096,0.008,0.294,2054.4,-1,-2054.4,21.407,1.13,20.63,0.00,-0.31,0.00-29.71
21.45554,223.857,-1194.346,0,0.000,0.035,0.190,0.344,-0.034,0.035,0.190,2462.2,-1,-2462.2,21.430,1.13,20.51,0.00,-0.13,0.00-12.84
21.47547,195.996,-1222.207,0,0.000,0.048,0.110,0.345,-0.047,0.048,0.110,2416.9,-1,-2416.9,21.454,1.13,20.47,0.00,0.06,0.005.21
21.49540,168.223,-1249.980,0,0.000,0.048,0.062,0.346,-0.030,0.048,0.062,1925.5,-1,-1925.5,21.473,1.20,21.18,0.07,0.62,6.4057.51
21.51534,142.910,-1275.293,0,0.000,0.046,0.016,0.347,-0.001,0.046,0.016,1077.7,-1,-1077.7,21.487,1.20,21.67,0.00,0.49,0.0038.74
21.53527,135.176,-1283.027,0,0.000,-0.001,-0.382,0.347,-0.023,-0.001,-0.382,29.4,-1,-29.4,21.511,1.14,22.33,-0.06,0.34,-5.1430.30
21.55529,139.395,-1278.809,0,0.000,0.022,-0.473,0.347,-0.075,0.022,-0.473,1025.1,1,1025.1,21.526,1.06,22.70,-0.08,0.37,-6.2028.29
21.57522,161.719,-1256.484,0,0.000,0.001,-0.581,0.347,-0.061,0.001,-0.581,1890.0,1,1890.0,21.551,1.00,23.43,0.00,0.37,0.0028.93
21.59516,189.580,-1228.623,0,0.000,-0.016,-0.232,0.347,-0.051,-0.016,-0.232,2403.7,1,2403.7,21.566,1.00,23.43,0.00,0.00,0.000.00
21.61509,217.705,-1200.498,0,0.000,0.021,-0.107,0.347,-0.093,0.021,-0.107,2469.2,1,2469.2,21.592,1.00,23.21,0.00,0.00,0.000.00
21.63502,245.479,-1172.725,0,0.000,0.034,-0.059,0.348,-0.044,0.034,-0.059,2073.2,1,2073.2,21.603,1.00,22.79,0.00,-0.42,0.00-32.30
21.65496,272.461,-1145.742,0,0.000,0.049,-0.027,0.349,0.026,0.049,-0.027,1288.4,1,1288.4,21.632,1.16,22.28,0.07,-0.19,4.90-14.35
21.67490,283.711,-1134.492,0,0.000,0.020,0.195,0.349,0.116,0.020,0.195,261.2,1,261.2,21.656,1.16,21.62,0.00,-0.24,0.00-17.48
21.69482,281.602,-1136.602,0,0.000,-0.035,0.142,0.349,0.119,-0.035,0.142,764.0,-1,-764.0,21.667,1.08,21.30,-0.08,-0.32,-7.62-30.70
21.71476,263.760,-1154.443,0,0.000,0.039,0.328,0.349,0.131,0.039,0.328,1700.8,-1,-1700.8,21.693,1.08,20.68,0.00,-0.36,0.00-24.11
21.73469,236.162,-1182.041,0,0.000,0.071,0.232,0.350,0.060,0.071,0.232,2317.3,-1,-2317.3,21.706,1.08,20.56,0.00,-0.12,0.00-11.90
21.74504,222.979,-1195.225,0,0.000,0.059,0.191,0.351,-0.042,0.059,0.191,2465.8,-1,-2465.8,21.719,1.14,20.65,0.06,0.10,4.557.32
21.75505,207.861,-1210.342,0,0.000,0.054,0.132,0.351,-0.029,0.054,0.132,2492.9,-1,-2492.9,21.733,1.09,20.46,-0.06,-0.19,-3.81-13.11
21.77498,179.912,-1238.291,0,0.000,0.064,0.077,0.353,-0.035,0.064,0.077,2176.4,-1,-2176.4,21.752,1.09,20.62,0.00,0.16,0.009.83
21.79492,152.139,-1266.064,0,0.000,0.052,0.047,0.354,0.001,0.052,0.047,1446.7,-1,-1446.7,21.776,1.09,21.17,0.00,0.37,0.0026.86
21.81485,136.230,-1281.973,0,0.000,0.064,-0.287,0.355,-0.001,0.064,-0.287,495.4,-1,-495.4,21.794,1.09,21.64,0.00,0.47,0.0026.24
21.83478,135.176,-1283.027,0,0.000,0.029,-0.249,0.356,0.090,0.029,-0.249,595.6,1,595.6,21.805,1.09,21.89,0.00,0.24,0.0023.37
21.85472,149.854,-1268.350,0,0.000,0.028,-0.490,0.356,-0.018,0.028,-0.490,1573.9,1,1573.9,21.832,0.96,22.67,-0.05,0.39,-5.2338.67
21.87465,177.715,-1240.488,0,0.000,0.041,-0.266,0.357,-0.078,0.041,-0.266,2252.2,1,2252.2,21.855,0.88,23.38,0.00,0.37,0.0029.81
21.89458,205.664,-1212.539,0,0.000,0.011,-0.183,0.357,-0.107,0.011,-0.183,2499.9,1,2499.9,21.872,0.88,23.38,0.00,0.00,0.000.00
21.91452,233.789,-1184.414,0,0.000,0.031,-0.111,0.358,-0.107,0.031,-0.111,2268.3,1,2268.3,21.893,0.88,23.32,0.00,0.06,0.005.97
21.93454,261.299,-1156.904,0,0.000,0.038,-0.051,0.359,-0.047,0.038,-0.051,1600.5,1,1600.5,21.904,0.88,22.94,0.00,-0.38,0.00-32.97
21.95447,279.316,-1138.887,0,0.000,0.038,0.126,0.359,0.025,0.038,0.126,624.1,1,624.1,21.928,1.04,22.42,0.05,-0.18,4.05-14.62
21.97440,281.250,-1136.953,0,0.000,0.080,0.360,0.361,0.180,0.080,0.360,473.6,-1,-473.6,21.943,1.04,22.09,0.00,-0.33,0.00-24.91
21.99434,268.857,-1149.346,0,0.000,0.055,0.481,0.362,0.162,0.055,0.481,1480.8,-1,-1480.8,21.965,0.97,21.57,-0.06,-0.25,-6.20-24.69
22.01427,241.875,-1176.328,0,0.000,0.029,0.355,0.363,0.060,0.029,0.355,2202.1,-1,-2202.1,21.988,0.97,21.27,0.00,-0.29,0.00-13.91
22.03420,214.102,-1204.102,0,0.000,0.004,0.149,0.363,-0.045,0.004,0.149,2497.0,-1,-2497.0,22.014,0.97,20.90,0.00,0.00,0.000.00
22.05414,186.240,-1231.963,0,0.000,0.019,0.067,0.363,-0.075,0.019,0.067,2307.0,-1,-2307.0,22.025,0.97,20.78,0.00,-0.12,0.00-11.55
22.07407,158.291,-1259.912,0,0.000,0.035,0.050,0.364,-0.047,0.035,0.050,1667.8,-1,-1667.8,22.052,1.05,20.82,0.08,0.17,5.1211.03
22.09400,137.988,-1280.215,0,0.000,0.027,-0.007,0.364,0.047,0.027,-0.007,702.9,-1,-702.9,22.062,1.05,20.92,0.00,0.10,0.008.66
22.10440,135.352,-1282.852,0,0.000,0.042,-0.131,0.365,0.101,0.042,-0.131,155.3,-1,-155.3,22.076,1.12,21.37,0.07,0.45,4.9533.89
22.12391,137.725,-1280.479,0,0.000,0.007,-0.151,0.365,0.195,0.007,-0.151,936.1,1,936.1,22.098,1.12,22.09,0.00,0.34,0.0034.78
22.13431,145.986,-1272.217,0,0.000,0.005,-0.348,0.365,0.132,0.005,-0.348,1425.9,1,1425.9,22.111,1.12,22.44,0.00,0.35,0.0025.19
22.15424,172.441,-1245.762,0,0.000,0.009,-0.358,0.365,0.074,0.009,-0.358,2173.0,1,2173.0,22.126,1.04,22.79,-0.08,0.35,-5.8726.07
22.17418,200.566,-1217.637,0,0.000,0.018,-0.148,0.366,-0.002,0.018,-0.148,2493.8,1,2493.8,22.152,0.96,23.38,0.00,0.26,0.0023.28
22.19411,228.516,-1189.688,0,0.000,0.042,-0.097,0.366,-0.020,0.042,-0.097,2324.3,1,2324.3,22.165,0.96,23.38,0.00,0.00,0.000.00
22.21404,255.937,-1162.266,0,0.000,0.049,-0.053,0.367,-0.019,0.049,-0.053,1696.4,1,1696.4,22.193,1.07,23.25,0.10,-0.20,6.08-11.55
22.23398,277.207,-1140.996,0,0.000,0.039,0.065,0.368,0.011,0.039,0.065,733.1,1,733.1,22.204,1.07,22.81,0.00,-0.44,0.00-38.80
22.25391,280.195,-1138.008,0,0.000,-0.045,0.040,0.368,-0.057,-0.045,0.040,376.2,-1,-376.2,22.231,1.19,22.26,0.00,-0.31,0.00-25.64
22.27384,270.264,-1147.939,0,0.000,-0.054,0.351,0.367,0.046,-0.054,0.351,1365.1,-1,-1365.1,22.242,1.19,21.94,0.00,-0.32,0.00-23.63
22.29378,244.336,-1173.867,0,0.000,0.018,0.363,0.367,0.026,0.018,0.363,2139.5,-1,-2139.5,22.270,1.12,21.41,-0.07,-0.28,-5.02-19.91
22.30413,231.064,-1187.139,0,0.000,-0.002,0.299,0.367,0.080,-0.002,0.299,2374.0,-1,-2374.0,22.285,1.12,21.09,0.00,-0.32,0.00-21.35
22.32353,203.027,-1215.176,0,0.000,0.001,0.142,0.367,0.000,0.001,0.142,2478.5,-1,-2478.5,22.295,1.12,20.81,0.00,-0.29,0.00-25.96
22.33393,188.437,-1229.766,0,0.000,0.004,0.119,0.367,-0.027,0.004,0.119,2322.6,-1,-2322.6,22.312,1.12,20.73,0.00,-0.07,0.00-6.96
22.35386,160.488,-1257.715,0,0.000,0.026,0.054,0.368,-0.014,0.026,0.054,1729.1,-1,-1729.1,22.331,1.20,20.74,0.00,-0.16,0.00-17.48
22.37380,139.131,-1279.072,0,0.000,0.026,0.003,0.368,0.054,0.026,0.003,768.9,-1,-768.9,22.350,1.26,21.41,0.06,0.39,6.2840.66
22.39374,136.230,-1281.973,0,0.000,0.101,-0.051,0.370,0.212,0.101,-0.051,346.1,1,346.1,22.373,1.32,22.00,0.00,0.37,0.0030.40
22.41366,146.250,-1271.953,0,0.000,0.047,-0.277,0.371,0.114,0.047,-0.277,1392.5,1,1392.5,22.385,1.32,22.41,0.00,0.41,0.0035.70
22.43360,172.969,-1245.234,0,0.000,0.015,-0.352,0.371,0.041,0.015,-0.352,2159.9,1,2159.9,22.410,1.21,22.99,-0.06,0.27,-5.7425.74
22.45353,200.918,-1217.285,0,0.000,0.018,-0.153,0.372,0.005,0.018,-0.153,2493.0,1,2493.0,22.432,1.16,23.45,0.00,0.08,0.005.95
22.47346,229.043,-1189.160,0,0.000,0.044,-0.086,0.373,-0.029,0.044,-0.086,2323.4,1,2323.4,22.454,1.16,23.28,0.00,-0.08,0.00-7.32
22.49348,256.641,-1161.563,0,0.000,0.045,-0.062,0.374,-0.027,0.045,-0.062,1684.0,1,1684.0,22.475,1.39,22.58,0.11,-0.43,10.04-39.27
22.51342,276.855,-1141.348,0,0.000,0.039,-0.038,0.375,-0.086,0.039,-0.038,703.2,1,703.2,22.489,1.44,22.50,0.05,-0.09,4.82-7.47
22.53335,279.316,-1138.887,0,0.000,-0.010,0.144,0.375,-0.081,-0.010,0.144,421.0,-1,-421.0,22.509,1.44,21.89,0.00,-0.28,0.00-28.97
22.55328,268.682,-1149.521,0,0.000,0.004,0.260,0.375,-0.112,0.004,0.260,1460.8,-1,-1460.8,22.534,1.37,21.29,0.00,-0.34,0.00-31.33
22.57323,242.051,-1176.152,0,0.000,0.004,0.287,0.375,-0.075,0.004,0.287,2204.0,-1,-2204.0,22.554,1.37,20.92,0.00,0.00,0.000.00
22.58362,227.461,-1190.742,0,0.000,-0.023,0.172,0.375,-0.059,-0.023,0.172,2413.5,-1,-2413.5,22.567,1.37,20.92,0.00,0.00,0.000.00
22.60355,199.600,-1218.604,0,0.000,-0.015,0.055,0.374,-0.075,-0.015,0.055,2454.1,-1,-2454.1,22.577,1.42,20.85,0.06,-0.07,5.68-7.28
22.62348,171.738,-1246.465,0,0.000,0.022,0.046,0.374,-0.061,0.022,0.046,1993.0,-1,-1993.0,22.601,1.40,21.25,-0.07,0.16,-5.3312.08
22.64342,146.074,-1272.129,0,0.000,0.023,0.018,0.375,-0.024,0.023,0.018,1123.2,-1,-1123.2,22.622,1.50,22.07,0.00,0.43,0.0032.86
22.66335,137.549,-1280.654,0,0.000,-0.027,-0.304,0.375,-0.054,-0.027,-0.304,22.3,-1,-22.3,22.641,1.50,22.35,0.00,0.28,0.0017.94
22.70894,177.187,-1241.016,0,0.000,-0.002,-0.508,0.375,-0.059,-0.002,-0.508,2216.1,1,2216.1,22.652,1.50,22.74,0.00,0.39,0.0029.23
22.72276,192.920,-1225.283,0,0.000,0.010,-0.223,0.375,-0.092,0.010,-0.223,2434.7,1,2434.7,22.693,1.35,23.60,0.00,0.09,0.007.43
22.73316,207.510,-1210.693,0,0.000,-0.008,-0.180,0.375,-0.096,-0.008,-0.180,2499.3,1,2499.3,22.693,1.35,23.60,0.00,0.09,0.007.43
22.75309,235.371,-1182.832,0,0.000,0.014,-0.107,0.375,-0.073,0.014,-0.107,2215.2,1,2215.2,22.730,1.47,23.18,0.12,-0.33,7.89-21.65
22.77303,262.705,-1155.498,0,0.000,0.050,-0.065,0.376,-0.058,0.050,-0.065,1471.9,1,1471.9,22.753,1.60,22.75,0.07,-0.08,6.51-7.60
22.79296,278.789,-1139.414,0,0.000,0.028,0.217,0.377,0.010,0.028,0.217,422.5,1,422.5,22.766,1.65,22.42,0.05,-0.32,3.72-24.13
22.81289,278.789,-1139.414,0,0.000,0.018,0.260,0.377,0.070,0.018,0.260,715.6,-1,-715.6,22.780,1.65,22.17,0.00,-0.26,0.00-16.95
22.83283,261.914,-1156.289,0,0.000,-0.059,0.253,0.376,-0.004,-0.059,0.253,1663.1,-1,-1663.1,22.808,1.58,21.55,0.00,-0.35,0.00-28.33
22.85277,234.316,-1183.887,0,0.000,-0.040,0.140,0.375,-0.040,-0.040,0.140,2319.7,-1,-2319.7,22.834,1.58,21.14,0.00,0.00,0.000.00
22.87269,206.455,-1211.748,0,0.000,0.000,0.117,0.375,-0.021,0.000,0.117,2492.2,-1,-2492.2,22.849,1.58,21.04,0.00,-0.10,0.00-6.75
22.88311,192.920,-1225.283,0,0.000,0.011,0.067,0.375,-0.045,0.011,0.067,2380.8,-1,-2380.8,22.860,1.58,20.99,0.00,-0.05,0.00-4.41
22.90260,164.531,-1253.672,0,0.000,0.032,0.032,0.376,-0.037,0.032,0.032,1791.3,-1,-1791.3,22.880,1.58,21.45,0.00,0.33,0.0034.71
22.91300,150.205,-1267.998,0,0.000,0.041,0.011,0.376,-0.029,0.041,0.011,1295.0,-1,-1295.0,22.892,1.63,21.78,0.05,0.34,5.0732.01
22.93294,138.691,-1279.512,0,0.000,0.043,-0.257,0.377,-0.041,0.043,-0.257,204.7,-1,-204.7,22.907,1.63,22.16,0.00,0.38,0.0025.40
22.95287,141.416,-1276.787,0,0.000,-0.009,-0.237,0.377,-0.020,-0.009,-0.237,875.7,1,875.7,22.929,1.57,22.83,-0.07,0.28,-6.5526.46
22.97280,162.070,-1256.133,0,0.000,-0.057,-0.500,0.376,-0.025,-0.057,-0.500,1830.0,1,1830.0,22.951,1.47,23.44,-0.09,0.32,-9.8733.65
22.99274,189.932,-1228.271,0,0.000,-0.021,-0.261,0.376,-0.021,-0.021,-0.261,2398.6,1,2398.6,22.973,1.47,23.51,0.00,0.00,0.000.00
23.01267,218.145,-1200.059,0,0.000,0.011,-0.118,0.376,-0.050,0.011,-0.118,2460.3,1,2460.3,22.986,1.53,23.60,0.06,0.09,4.897.51
23.03260,245.830,-1172.373,0,0.000,0.029,-0.086,0.376,-0.028,0.029,-0.086,2000.7,1,2000.7,23.012,1.63,22.86,0.00,-0.48,0.00-38.48
23.05254,270.879,-1147.324,0,0.000,0.068,-0.034,0.377,0.020,0.068,-0.034,1116.0,1,1116.0,23.024,1.71,22.69,0.08,-0.17,5.87-12.00
23.07247,278.525,-1139.678,0,0.000,0.102,0.315,0.379,0.114,0.102,0.315,6.7,-1,-6.7,23.048,1.71,22.04,0.00,-0.30,0.00-29.88
23.09240,273.340,-1144.863,0,0.000,0.022,0.438,0.380,0.179,0.022,0.438,1128.9,-1,-1128.9,23.072,1.57,21.43,-0.05,-0.34,-4.45-30.76
23.11234,249.258,-1168.945,0,0.000,-0.069,0.416,0.379,0.177,-0.069,0.416,2011.2,-1,-2011.2,23.086,1.57,21.10,0.00,-0.33,0.00-23.19
23.13227,221.572,-1196.631,0,0.000,-0.038,0.209,0.378,0.053,-0.038,0.209,2464.2,-1,-2464.2,23.102,1.57,21.01,0.00,-0.09,0.00-6.03
23.14267,206.982,-1211.221,0,0.000,-0.011,0.159,0.378,0.026,-0.011,0.159,2494.9,-1,-2494.9,23.115,1.63,21.19,0.05,0.18,3.2911.18
23.16261,178.857,-1239.346,0,0.000,0.004,0.089,0.378,0.001,0.004,0.089,2155.2,-1,-2155.2,23.143,1.63,21.33,0.00,0.39,0.0024.98
23.18254,151.172,-1267.031,0,0.000,0.032,0.041,0.378,0.019,0.032,0.041,1352.6,-1,-1352.6,23.155,1.63,21.69,0.00,0.37,0.0027.03
23.20247,138.604,-1279.600,0,0.000,0.053,-0.257,0.379,0.014,0.053,-0.257,258.5,-1,-258.5,23.177,1.63,22.28,0.00,0.23,0.0022.09
23.22240,141.152,-1277.051,0,0.000,0.028,-0.196,0.380,0.031,0.028,-0.196,892.3,1,892.3,23.202,1.52,22.99,-0.05,0.35,-4.0625.51
23.24235,161.367,-1256.836,0,0.000,-0.034,-0.440,0.380,-0.053,-0.034,-0.440,1851.3,1,1851.3,23.226,1.45,23.59,0.00,0.35,0.0027.90
23.25235,174.375,-1243.828,0,0.000,-0.020,-0.415,0.379,-0.048,-0.020,-0.415,2162.3,1,2162.3,23.226,1.45,23.59,0.00,0.35,0.0027.90
23.27227,203.467,-1214.736,0,0.000,-0.011,-0.233,0.379,-0.075,-0.011,-0.233,2498.7,1,2498.7,23.248,1.45,23.46,0.00,-0.14,0.00-10.74
23.29220,231.328,-1186.875,0,0.000,0.017,-0.096,0.379,-0.050,0.017,-0.096,2264.9,1,2264.9,23.269,1.53,23.16,0.00,-0.40,0.00-42.08
23.31214,258.838,-1159.365,0,0.000,0.046,-0.061,0.380,-0.004,0.046,-0.061,1539.3,1,1539.3,23.284,1.66,22.96,0.13,-0.20,9.73-14.74
23.33207,276.152,-1142.051,0,0.000,0.063,0.150,0.381,0.038,0.063,0.150,478.4,1,478.4,23.309,1.75,22.42,0.00,-0.36,0.00-34.95
23.35200,276.328,-1141.875,0,0.000,0.119,0.373,0.384,0.174,0.119,0.373,687.7,-1,-687.7,23.321,1.70,22.15,-0.05,-0.28,-3.56-20.47
23.37194,259.365,-1158.838,0,0.000,-0.048,0.378,0.383,0.163,-0.048,0.378,1704.5,-1,-1704.5,23.349,1.64,21.47,0.00,-0.33,0.00-25.77
23.39187,231.855,-1186.348,0,0.000,-0.058,0.244,0.382,0.121,-0.058,0.244,2328.9,-1,-2328.9,23.365,1.64,21.17,0.00,-0.30,0.00-19.22
23.41180,203.994,-1214.209,0,0.000,-0.017,0.178,0.382,0.051,-0.017,0.178,2487.5,-1,-2487.5,23.392,1.72,21.16,0.00,-0.13,0.00-9.38
23.43174,175.957,-1242.246,0,0.000,0.007,0.104,0.382,0.019,0.007,0.104,2100.6,-1,-2100.6,23.405,1.72,21.50,0.00,0.34,0.0023.61
23.44202,162.686,-1255.518,0,0.000,0.025,0.054,0.382,-0.002,0.025,0.054,1724.5,-1,-1724.5,23.418,1.72,21.60,0.00,0.10,0.009.56
23.45203,148.447,-1269.756,0,0.000,0.034,0.016,0.382,0.001,0.034,0.016,1200.5,-1,-1200.5,23.430,1.72,21.97,0.00,0.37,0.0028.66
23.47197,139.043,-1279.160,0,0.000,0.062,-0.109,0.383,0.105,0.062,-0.109,68.0,-1,-68.0,23.438,1.77,22.31,0.05,0.34,4.4730.90
23.49190,142.383,-1275.820,0,0.000,0.052,-0.273,0.384,0.114,0.052,-0.273,1080.2,1,1080.2,23.468,1.72,22.96,-0.05,0.34,-4.2528.43
23.51183,165.850,-1252.354,0,0.000,0.006,-0.558,0.385,0.000,0.006,-0.558,1954.5,1,1954.5,23.489,1.58,23.69,-0.09,0.34,-7.7028.67
23.53177,193.799,-1224.404,0,0.000,0.004,-0.215,0.385,-0.030,0.004,-0.215,2451.0,1,2451.0,23.512,1.58,23.77,0.00,0.08,0.003.98
23.55170,221.748,-1196.455,0,0.000,0.001,-0.110,0.385,-0.037,0.001,-0.110,2404.8,1,2404.8,23.523,1.58,23.77,0.00,0.00,0.000.00
23.57163,249.609,-1168.594,0,0.000,0.013,-0.095,0.385,-0.016,0.013,-0.095,1824.9,1,1824.9,23.551,1.75,23.60,0.17,-0.17,12.44-12.18
23.59157,272.197,-1146.006,0,0.000,0.041,0.251,0.386,0.103,0.041,0.251,838.8,1,838.8,23.572,1.90,23.04,0.08,-0.13,7.26-11.22
23.61150,275.801,-1142.402,0,0.000,0.025,0.388,0.387,0.244,0.025,0.388,334.8,-1,-334.8,23.585,1.90,22.62,0.00,-0.42,0.00-35.61
23.63152,265.693,-1152.510,0,0.000,0.031,0.395,0.387,0.262,0.031,0.395,1434.7,-1,-1434.7,23.599,1.90,22.31,0.00,-0.31,0.00-23.36
23.65145,239.062,-1179.141,0,0.000,0.049,0.444,0.388,0.166,0.049,0.444,2214.9,-1,-2214.9,23.627,1.76,21.66,-0.06,-0.34,-4.00-23.86
23.67139,211.025,-1207.178,0,0.000,0.000,0.233,0.388,0.073,0.000,0.233,2500.0,-1,-2500.0,23.644,1.76,21.33,0.00,-0.33,0.00-20.99
23.69132,183.076,-1235.127,0,0.000,-0.009,0.108,0.388,0.049,-0.009,0.108,2224.8,-1,-2224.8,23.667,1.82,21.37,0.06,0.09,4.807.14
23.71125,155.391,-1262.813,0,0.000,0.031,0.056,0.389,0.002,0.031,0.056,1449.8,-1,-1449.8,23.689,1.88,21.82,0.06,0.45,4.7235.40
23.73119,139.834,-1278.369,0,0.000,0.073,-0.315,0.390,-0.029,0.073,-0.315,348.1,-1,-348.1,23.711,1.88,22.34,0.00,0.33,0.0031.72
23.74160,139.746,-1278.457,0,0.000,0.062,-0.369,0.390,-0.041,0.062,-0.369,249.4,1,249.4,23.721,1.88,22.71,0.00,0.36,0.0039.28
23.76152,148.623,-1269.580,0,0.000,0.007,-0.171,0.390,0.083,0.007,-0.171,1369.0,1,1369.0,23.734,1.83,23.01,-0.05,0.31,-3.7724.07
23.78146,174.551,-1243.652,0,0.000,-0.030,-0.356,0.390,0.016,-0.030,-0.356,2180.3,1,2180.3,23.760,1.70,23.65,-0.06,0.29,-3.7218.03
23.80139,202.764,-1215.439,0,0.000,-0.048,-0.232,0.389,-0.066,-0.048,-0.232,2498.8,1,2498.8,23.784,1.65,23.87,0.00,0.10,0.009.06
23.81142,215.684,-1202.520,0,0.000,-0.034,-0.146,0.389,-0.070,-0.034,-0.146,2457.1,1,2457.1,23.784,1.65,23.87,0.00,0.10,0.009.06
23.83125,244.336,-1173.867,0,0.000,0.007,-0.078,0.389,-0.047,0.007,-0.078,1927.4,1,1927.4,23.807,1.79,23.62,0.14,-0.18,12.09-15.66
23.85119,268.945,-1149.258,0,0.000,0.046,-0.047,0.389,-0.011,0.046,-0.047,971.1,1,971.1,23.827,1.91,22.88,0.05,-0.36,5.55-37.12
23.87112,274.834,-1143.369,0,0.000,0.053,0.473,0.390,0.139,0.053,0.473,207.0,-1,-207.0,23.851,1.86,22.29,-0.05,-0.30,-3.55-22.11
23.89105,266.924,-1151.279,0,0.000,-0.002,0.113,0.391,-0.095,-0.002,0.113,1338.8,-1,-1338.8,23.866,1.78,22.01,-0.08,-0.28,-6.02-21.75
23.91100,241.348,-1176.855,0,0.000,-0.013,0.214,0.390,-0.152,-0.013,0.214,2165.9,-1,-2165.9,23.892,1.72,21.28,0.00,-0.35,0.00-28.11
23.93092,213.662,-1204.541,0,0.000,0.005,0.133,0.391,-0.092,0.005,0.133,2498.0,-1,-2498.0,23.913,1.81,21.39,0.09,0.18,9.7718.52
23.95085,185.713,-1232.490,0,0.000,-0.003,0.034,0.390,-0.085,-0.003,0.034,2283.3,-1,-2283.3,23.929,1.81,21.44,0.00,0.05,0.003.91
23.97080,157.764,-1260.439,0,0.000,0.021,0.030,0.391,-0.048,0.021,0.030,1547.7,-1,-1547.7,23.952,1.81,21.99,0.00,0.22,0.0021.97
23.98119,146.250,-1271.953,0,0.000,0.032,0.004,0.391,-0.028,0.032,0.004,976.4,-1,-976.4,23.952,1.81,21.99,0.00,0.22,0.0021.97
24.00034,140.713,-1277.490,0,0.000,0.072,-0.384,0.392,-0.021,0.072,-0.384,147.5,1,147.5,23.979,1.81,22.69,0.00,0.30,0.0024.62
24.01074,142.207,-1275.996,0,0.000,0.088,-0.277,0.393,0.001,0.088,-0.277,742.1,1,742.1,23.989,1.75,23.00,-0.06,0.30,-5.9528.07
24.03067,160.928,-1257.275,0,0.000,0.045,-0.324,0.394,0.038,0.045,-0.324,1769.7,1,1769.7,24.014,1.62,23.65,-0.08,0.33,-6.6027.98
24.04108,175.430,-1242.773,0,0.000,0.002,-0.407,0.394,-0.021,0.002,-0.407,2172.8,1,2172.8,24.023,1.62,23.72,0.00,0.07,0.006.99
24.06101,203.379,-1214.824,0,0.000,-0.040,-0.239,0.394,-0.095,-0.040,-0.239,2498.8,1,2498.8,24.032,1.62,23.72,0.00,0.00,0.000.00
24.08094,231.504,-1186.699,0,0.000,-0.013,-0.088,0.393,-0.060,-0.013,-0.088,2246.1,1,2246.1,24.056,1.80,23.63,0.12,-0.09,9.59-7.20
24.10087,258.838,-1159.365,0,0.000,0.014,-0.081,0.393,-0.043,0.014,-0.081,1472.3,1,1472.3,24.082,1.94,23.00,0.09,-0.17,6.57-12.21
24.12080,274.570,-1143.633,0,0.000,0.025,0.293,0.394,0.018,0.025,0.293,415.9,1,415.9,24.101,1.94,22.65,0.00,-0.36,0.00-22.58
24.14075,273.076,-1145.127,0,0.000,0.057,0.305,0.395,0.050,0.057,0.305,787.1,-1,-787.1,24.124,1.84,22.00,-0.10,-0.32,-9.46-30.28
24.16067,254.268,-1163.936,0,0.000,0.041,0.292,0.396,-0.062,0.041,0.292,1807.3,-1,-1807.3,24.134,1.79,21.63,-0.05,-0.36,-4.36-31.96
24.17084,241.084,-1177.119,0,0.000,0.040,0.283,0.396,-0.057,0.040,0.283,2171.1,-1,-2171.1,24.147,1.79,21.40,0.00,-0.23,0.00-18.22
24.19052,212.607,-1205.596,0,0.000,0.029,0.154,0.397,-0.062,0.029,0.154,2498.8,-1,-2498.8,24.162,1.79,21.48,0.00,0.08,0.005.16
24.21045,184.834,-1233.369,0,0.000,0.005,0.044,0.397,-0.074,0.005,0.044,2241.9,-1,-2241.9,24.190,1.84,21.61,0.05,0.22,4.0817.65
24.23039,156.973,-1261.230,0,0.000,0.019,0.022,0.397,-0.042,0.019,0.022,1459.0,-1,-1459.0,24.199,1.84,21.89,0.00,0.28,0.0028.21
24.25032,141.592,-1276.611,0,0.000,0.084,-0.291,0.399,0.011,0.084,-0.291,332.9,-1,-332.9,24.229,1.84,22.53,0.00,0.24,0.0017.74
24.27025,143.525,-1274.678,0,0.000,0.031,-0.273,0.399,-0.058,0.031,-0.273,872.4,1,872.4,24.243,1.84,22.91,0.00,0.37,0.0020.72
24.28065,151.348,-1266.855,0,0.000,0.012,-0.394,0.400,-0.072,0.012,-0.394,1414.9,1,1414.9,24.254,1.78,23.22,-0.06,0.32,-5.5929.97
24.30059,177.979,-1240.225,0,0.000,-0.050,-0.412,0.399,-0.017,-0.050,-0.412,2219.1,1,2219.1,24.267,1.73,23.59,-0.06,0.37,-5.0531.04
24.32052,206.104,-1212.100,0,0.000,-0.042,-0.226,0.398,-0.032,-0.042,-0.226,2499.8,1,2499.8,24.301,1.65,23.90,0.00,0.00,0.000.00
24.34046,234.053,-1184.150,0,0.000,-0.016,-0.110,0.397,-0.062,-0.016,-0.110,2189.1,1,2189.1,24.322,1.75,23.85,0.10,0.11,9.5810.38
24.35051,246.885,-1171.318,0,0.000,-0.007,-0.096,0.397,-0.055,-0.007,-0.096,1870.8,1,1870.8,24.322,1.75,23.85,0.10,0.11,9.5810.38
24.37035,270.439,-1147.764,0,0.000,0.021,0.223,0.397,0.085,0.021,0.223,807.4,1,807.4,24.350,1.88,23.34,0.13,-0.23,8.93-16.40
24.39029,274.043,-1144.160,0,0.000,0.028,0.295,0.398,0.114,0.028,0.295,407.2,-1,-407.2,24.358,1.88,23.01,0.00,-0.34,0.00-32.81
24.41022,262.617,-1155.586,0,0.000,0.002,0.528,0.398,0.226,0.002,0.528,1525.9,-1,-1525.9,24.385,1.82,22.45,-0.06,-0.25,-4.42-19.82
24.43015,235.635,-1182.568,0,0.000,0.028,0.404,0.399,0.137,0.028,0.404,2281.7,-1,-2281.7,24.407,1.78,21.74,-0.05,-0.39,-4.82-40.13
24.45009,207.773,-1210.430,0,0.000,-0.009,0.196,0.399,0.045,-0.009,0.196,2493.4,-1,-2493.4,24.421,1.78,21.68,0.00,-0.06,0.00-5.11
24.47002,179.824,-1238.379,0,0.000,-0.019,0.095,0.398,0.017,-0.019,0.095,2109.0,-1,-2109.0,24.446,1.85,21.78,0.07,0.17,6.1014.82
24.48997,152.139,-1266.064,0,0.000,0.011,0.062,0.398,0.019,0.011,0.062,1219.1,-1,-1219.1,24.469,1.91,22.59,0.00,0.39,0.0037.66
24.50989,142.646,-1275.557,0,0.000,0.057,-0.169,0.399,0.021,0.057,-0.169,36.2,-1,-36.2,24.482,1.91,22.77,0.00,0.17,0.0013.35
24.52982,146.689,-1271.514,0,0.000,0.049,-0.423,0.400,-0.041,0.049,-0.423,1101.1,1,1101.1,24.500,1.91,23.06,0.00,0.30,0.0018.08
24.54022,157.324,-1260.879,0,0.000,0.037,-0.469,0.401,0.017,0.037,-0.469,1664.8,1,1664.8,24.514,1.91,23.43,0.00,0.37,0.0026.42
24.56015,185.537,-1232.666,0,0.000,0.088,-0.259,0.402,-0.032,0.088,-0.259,2351.8,1,2351.8,24.542,1.78,24.08,-0.07,0.35,-5.0726.28
24.58009,213.574,-1204.629,0,0.000,0.014,-0.196,0.403,-0.026,0.014,-0.196,2471.8,1,2471.8,24.551,1.78,24.13,0.00,0.05,0.003.79
24.60002,241.260,-1176.943,0,0.000,0.000,-0.131,0.403,-0.056,0.000,-0.131,1994.6,1,1994.6,24.569,1.78,24.13,0.00,0.00,0.000.00
24.61995,266.221,-1151.982,0,0.000,0.029,-0.059,0.403,-0.032,0.029,-0.059,1034.2,1,1034.2,24.595,1.89,23.85,0.11,-0.23,9.47-19.18
24.63989,273.076,-1145.127,0,0.000,0.080,0.544,0.404,0.253,0.080,0.544,177.6,-1,-177.6,24.619,2.03,23.24,0.14,-0.17,12.34-14.64
24.65982,265.342,-1152.861,0,0.000,0.080,0.179,0.406,0.095,0.080,0.179,1294.3,-1,-1294.3,24.630,2.03,22.86,0.00,-0.38,0.00-29.59
24.67975,240.029,-1178.174,0,0.000,-0.007,0.335,0.407,0.042,-0.007,0.335,2159.3,-1,-2159.3,24.657,1.91,22.24,-0.07,-0.26,-4.65-18.02
24.69969,211.992,-1206.211,0,0.000,0.021,0.204,0.407,0.051,0.021,0.204,2498.9,-1,-2498.9,24.682,1.85,21.76,0.00,-0.09,0.00-5.95
24.71962,184.043,-1234.160,0,0.000,0.002,0.102,0.407,0.018,0.002,0.102,2229.0,-1,-2229.0,24.691,1.85,21.76,0.00,0.00,0.000.00
24.73174,168.135,-1250.068,0,0.000,-0.005,0.082,0.407,0.004,-0.005,0.082,1795.4,-1,-1795.4,24.706,1.89,21.89,0.05,0.12,3.108.05
24.74964,146.514,-1271.689,0,0.000,0.033,-0.154,0.407,-0.066,0.033,-0.154,860.2,-1,-860.2,24.726,1.89,22.56,0.00,0.49,0.0039.25
24.76957,142.383,-1275.820,0,0.000,0.014,-0.232,0.408,0.006,0.014,-0.232,371.2,1,371.2,24.744,1.94,22.86,0.05,0.30,3.3120.47
24.78950,154.160,-1264.043,0,0.000,0.029,-0.523,0.408,-0.094,0.029,-0.523,1512.3,1,1512.3,24.769,1.94,23.51,0.00,0.40,0.0031.01
24.80944,181.670,-1236.533,0,0.000,-0.010,-0.391,0.408,-0.104,-0.010,-0.391,2282.7,1,2282.7,24.782,1.94,23.82,0.00,0.31,0.0022.84
24.82937,209.707,-1208.496,0,0.000,-0.025,-0.202,0.408,-0.089,-0.025,-0.202,2491.7,1,2491.7,24.807,1.86,24.40,-0.09,0.23,-5.3114.51
24.84930,237.568,-1180.635,0,0.000,-0.019,-0.093,0.407,-0.045,-0.019,-0.093,2086.5,1,2086.5,24.829,1.86,24.40,0.00,0.00,0.000.00
24.86923,263.936,-1154.268,0,0.000,0.008,-0.066,0.408,-0.008,0.008,-0.066,1165.8,1,1165.8,24.841,1.99,24.21,0.14,-0.18,10.02-13.68
24.87963,270.967,-1147.236,0,0.000,0.025,-0.026,0.408,-0.056,0.025,-0.026,579.2,1,579.2,24.855,1.99,23.81,0.00,-0.40,0.00-30.88
24.89957,271.934,-1146.270,0,0.000,0.055,0.260,0.409,0.010,0.055,0.260,664.8,-1,-664.8,24.881,2.13,23.13,0.00,-0.42,0.00-38.30
24.91018,265.869,-1152.334,0,0.000,0.050,0.324,0.409,0.086,0.050,0.324,1243.7,-1,-1243.7,24.881,2.13,23.13,0.00,-0.42,0.00-38.30
24.92876,241.875,-1176.328,0,0.000,-0.019,0.339,0.409,0.079,-0.019,0.339,2102.5,-1,-2102.5,24.905,2.06,22.55,-0.07,-0.29,-5.21-20.60
24.93917,227.197,-1191.006,0,0.000,0.001,0.244,0.409,0.073,0.001,0.244,2392.3,-1,-2392.3,24.921,2.00,22.14,-0.06,-0.41,-4.53-30.35
24.95910,199.336,-1218.867,0,0.000,0.025,0.156,0.409,0.030,0.025,0.156,2445.3,-1,-2445.3,24.931,2.00,21.84,0.00,-0.30,0.00-24.39
24.96950,184.746,-1233.457,0,0.000,0.022,0.089,0.409,0.017,0.022,0.089,2238.1,-1,-2238.1,24.944,2.00,21.99,0.00,0.15,0.0014.63
24.98943,156.973,-1261.230,0,0.000,-0.005,0.054,0.409,0.018,-0.005,0.054,1420.3,-1,-1420.3,24.967,2.00,22.16,0.00,0.26,0.0023.35
25.00937,143.262,-1274.941,0,0.000,0.055,-0.317,0.410,0.004,0.055,-0.317,247.2,-1,-247.2,24.980,2.00,22.32,0.00,0.15,0.0012.84
25.02930,146.426,-1271.777,0,0.000,0.035,-0.178,0.411,0.096,0.035,-0.178,988.7,1,988.7,25.005,2.00,23.02,0.00,0.33,0.0029.71
25.04923,169.102,-1249.102,0,0.000,0.034,-0.554,0.412,-0.013,0.034,-0.554,1977.8,1,1977.8,25.020,2.00,23.32,0.00,0.30,0.0020.13
25.06916,197.139,-1221.064,0,0.000,0.040,-0.223,0.413,-0.053,0.040,-0.223,2471.2,1,2471.2,25.044,1.94,24.02,-0.05,0.34,-5.0232.83
25.08918,225.352,-1192.852,0,0.000,0.015,-0.148,0.413,-0.034,0.015,-0.148,2344.1,1,2344.1,25.068,1.81,24.20,-0.05,0.00,-4.750.00
25.10912,252.949,-1165.254,0,0.000,-0.004,-0.085,0.413,-0.002,-0.004,-0.085,1626.8,1,1626.8,25.090,1.90,23.97,0.09,-0.23,9.25-23.80
25.12905,271.318,-1146.885,0,0.000,0.034,0.078,0.413,0.026,0.034,0.078,498.8,1,498.8,25.101,2.00,23.80,0.10,-0.17,8.77-14.68
25.14898,271.143,-1147.061,0,0.000,0.093,0.323,0.415,0.104,0.093,0.323,756.0,-1,-756.0,25.125,2.11,23.24,0.00,-0.37,0.00-29.15
25.16892,252.510,-1165.693,0,0.000,0.049,0.296,0.416,0.058,0.049,0.296,1820.4,-1,-1820.4,25.140,2.11,22.91,0.00,-0.34,0.00-23.98
25.18885,224.912,-1193.291,0,0.000,0.045,0.287,0.417,0.082,0.045,0.287,2408.3,-1,-2408.3,25.168,1.96,22.17,-0.07,-0.44,-4.40-29.05
25.20879,196.963,-1221.240,0,0.000,0.029,0.167,0.418,0.016,0.029,0.167,2429.8,-1,-2429.8,25.180,1.96,21.93,0.00,-0.23,0.00-19.41
25.22872,169.189,-1249.014,0,0.000,-0.001,0.087,0.418,-0.001,-0.001,0.087,1833.9,-1,-1833.9,25.204,1.96,21.96,0.00,-0.09,0.00-6.97
25.24865,146.426,-1271.777,0,0.000,0.025,-0.195,0.418,-0.078,0.025,-0.195,770.9,-1,-770.9,25.219,1.96,22.23,0.00,0.28,0.0019.60
25.26858,144.316,-1273.887,0,0.000,0.055,-0.272,0.419,-0.054,0.055,-0.272,489.6,1,489.6,25.242,2.02,23.10,0.06,0.27,5.5123.88
25.27886,148.008,-1270.195,0,0.000,0.069,-0.377,0.420,-0.084,0.069,-0.377,1093.0,1,1093.0,25.255,2.02,23.40,0.00,0.30,0.0021.94
25.28888,158.643,-1259.561,0,0.000,0.057,-0.407,0.420,0.007,0.057,-0.407,1625.8,1,1625.8,25.266,2.02,23.79,0.00,0.39,0.0037.72
25.30882,186.768,-1231.436,0,0.000,0.107,-0.261,0.422,-0.057,0.107,-0.261,2347.2,1,2347.2,25.284,2.02,24.14,0.00,0.34,0.0025.93
25.32875,214.980,-1203.223,0,0.000,0.021,-0.180,0.423,-0.069,0.021,-0.180,2468.0,1,2468.0,25.307,1.93,24.58,-0.09,0.12,-7.299.58
25.34868,242.666,-1175.537,0,0.000,0.004,-0.114,0.423,-0.050,0.004,-0.114,1955.8,1,1955.8,25.316,1.93,24.58,0.00,0.00,0.000.00
25.36862,266.924,-1151.279,0,0.000,0.025,-0.020,0.424,-0.036,0.025,-0.020,940.8,1,940.8,25.344,2.03,24.41,0.10,-0.17,8.71-15.13
25.38855,271.318,-1146.885,0,0.000,0.042,0.248,0.424,-0.032,0.042,0.248,316.9,-1,-316.9,25.366,2.22,23.74,0.11,-0.15,9.40-12.76
25.40848,260.244,-1157.959,0,0.000,-0.023,0.404,0.424,0.040,-0.023,0.404,1494.0,-1,-1494.0,25.380,2.27,23.42,0.06,-0.32,4.54-25.28
25.42842,232.998,-1185.205,0,0.000,0.040,0.444,0.425,0.140,0.040,0.444,2286.3,-1,-2286.3,25.405,2.27,22.75,0.00,-0.31,0.00-26.63
25.44835,204.873,-1213.330,0,0.000,0.005,0.228,0.425,0.081,0.005,0.228,2488.1,-1,-2488.1,25.425,2.21,22.29,0.00,-0.06,0.00-6.65
25.46837,176.836,-1241.367,0,0.000,-0.017,0.093,0.425,0.034,-0.017,0.093,2045.9,-1,-2045.9,25.439,2.21,22.29,0.00,0.00,0.000.00
25.48830,151.260,-1266.943,0,0.000,-0.001,0.055,0.425,0.018,-0.001,0.055,1072.7,-1,-1072.7,25.465,2.21,22.63,0.00,0.28,0.0021.79
25.50824,144.229,-1273.975,0,0.000,-0.005,-0.370,0.424,-0.047,-0.005,-0.370,179.8,1,179.8,25.478,2.30,23.12,0.09,0.50,6.2535.84
25.52817,152.930,-1265.273,0,0.000,0.034,-0.274,0.425,0.028,0.034,-0.274,1386.4,1,1386.4,25.503,2.30,23.63,0.00,0.29,0.0029.75
25.54811,179.385,-1238.818,0,0.000,-0.001,-0.399,0.425,0.007,-0.001,-0.399,2232.6,1,2232.6,25.526,2.30,24.33,0.00,0.39,0.0031.62
25.56804,207.334,-1210.869,0,0.000,-0.005,-0.190,0.425,0.000,-0.005,-0.190,2496.9,1,2496.9,25.544,2.30,24.59,0.00,0.26,0.0015.79
25.57844,221.836,-1196.367,0,0.000,0.005,-0.151,0.425,-0.001,0.005,-0.151,2382.0,1,2382.0,25.557,2.30,24.59,0.00,0.00,0.000.00
25.59837,249.434,-1168.770,0,0.000,0.007,-0.098,0.425,-0.019,0.007,-0.098,1695.1,1,1695.1,25.569,2.30,24.59,0.00,0.00,0.000.00
25.61830,268.857,-1149.346,0,0.000,0.009,-0.049,0.425,-0.092,0.009,-0.049,563.6,1,563.6,25.594,2.35,24.20,0.05,-0.39,4.41-33.03
25.63824,269.824,-1148.379,0,0.000,0.017,0.220,0.426,-0.058,0.017,0.220,716.5,-1,-716.5,25.608,2.40,23.97,0.05,-0.22,4.08-18.92
25.64826,264.023,-1154.180,0,0.000,0.034,0.231,0.426,-0.040,0.034,0.231,1250.7,-1,-1250.7,25.620,2.40,23.58,0.00,-0.39,0.00-27.02
25.66817,238.008,-1180.195,0,0.000,-0.001,0.331,0.426,0.005,-0.001,0.331,2191.3,-1,-2191.3,25.644,2.40,22.99,0.00,-0.28,0.00-25.61
25.68810,209.971,-1208.232,0,0.000,0.019,0.209,0.426,0.000,0.019,0.209,2499.6,-1,-2499.6,25.659,2.40,22.65,0.00,-0.34,0.00-22.10
25.70804,182.109,-1236.094,0,0.000,0.025,0.093,0.427,-0.022,0.025,0.093,2148.9,-1,-2148.9,25.684,2.40,22.31,0.00,0.00,0.000.00
25.72797,154.687,-1263.516,0,0.000,0.001,0.055,0.427,-0.020,0.001,0.055,1230.1,-1,-1230.1,25.696,2.47,22.49,0.07,0.18,7.0717.40
25.74790,145.107,-1273.096,0,0.000,0.045,-0.118,0.427,0.034,0.045,-0.118,14.9,1,14.9,25.724,2.47,22.95,0.00,0.32,0.0023.47
25.76784,150.732,-1267.471,0,0.000,0.022,-0.432,0.428,-0.083,0.022,-0.432,1200.1,1,1200.1,25.746,2.55,23.69,0.00,0.34,0.0031.97
25.78777,175.957,-1242.246,0,0.000,0.051,-0.354,0.429,-0.092,0.051,-0.354,2132.6,1,2132.6,25.758,2.55,23.99,0.00,0.30,0.0024.41
25.80770,203.994,-1214.209,0,0.000,0.028,-0.239,0.430,-0.062,0.028,-0.239,2499.1,1,2499.1,25.783,2.49,24.70,-0.05,0.38,-3.8328.44
25.82764,232.031,-1186.172,0,0.000,0.002,-0.114,0.430,-0.037,0.002,-0.114,2200.4,1,2200.4,25.798,2.42,24.78,-0.07,0.08,-4.224.87
25.83794,245.127,-1173.076,0,0.000,0.002,-0.081,0.430,-0.033,0.002,-0.081,1819.4,1,1819.4,25.815,2.42,24.78,0.00,0.00,0.000.00
25.84795,259.805,-1158.398,0,0.000,0.014,-0.074,0.430,-0.013,0.014,-0.074,1258.8,1,1258.8,25.815,2.42,24.78,0.00,0.00,0.000.00
25.86788,269.473,-1148.730,0,0.000,0.006,0.204,0.430,0.047,0.006,0.204,12.1,1,12.1,25.846,2.50,24.61,0.07,-0.17,5.54-13.32
25.88782,264.111,-1154.092,0,0.000,0.060,0.486,0.431,0.177,0.060,0.486,1181.3,-1,-1181.3,25.862,2.50,24.17,0.00,-0.44,0.00-25.48
25.90775,239.414,-1178.789,0,0.000,0.056,0.329,0.433,0.066,0.056,0.329,2124.8,-1,-2124.8,25.884,2.60,23.63,0.00,-0.36,0.00-32.44
25.92769,211.641,-1206.563,0,0.000,0.051,0.212,0.433,0.010,0.051,0.212,2498.8,-1,-2498.8,25.895,2.60,23.30,0.00,-0.33,0.00-25.69
25.94762,183.516,-1234.688,0,0.000,0.026,0.086,0.434,-0.020,0.026,0.086,2201.7,-1,-2201.7,25.922,2.47,22.52,-0.06,-0.46,-4.34-34.47
25.96755,156.006,-1262.197,0,0.000,0.017,0.048,0.435,-0.020,0.017,0.048,1312.0,-1,-1312.0,25.947,2.47,22.37,0.00,-0.15,0.00-12.03
25.98748,146.162,-1272.041,0,0.000,0.041,-0.133,0.435,0.044,0.041,-0.133,68.0,-1,-68.0,25.959,2.47,22.26,0.00,-0.11,0.00-8.68
26.00742,151.260,-1266.943,0,0.000,0.050,-0.363,0.436,-0.013,0.050,-0.363,1195.2,1,1195.2,25.986,2.47,22.87,0.00,0.29,0.0024.18
26.02744,176.396,-1241.807,0,0.000,0.034,-0.315,0.437,-0.005,0.034,-0.315,2136.2,1,2136.2,25.998,2.53,23.23,0.05,0.36,4.0426.85
26.04737,204.521,-1213.682,0,0.000,0.025,-0.214,0.438,-0.020,0.025,-0.214,2499.5,1,2499.5,26.016,2.53,23.54,0.00,0.31,0.0022.72
26.06730,232.471,-1185.732,0,0.000,-0.012,-0.121,0.437,-0.040,-0.012,-0.121,2185.3,1,2185.3,26.044,2.47,24.21,-0.05,0.35,-3.7825.30
26.08724,259.717,-1158.486,0,0.000,0.005,-0.063,0.437,-0.006,0.005,-0.063,1277.4,1,1277.4,26.058,2.47,24.42,0.00,0.21,0.0013.28
26.10718,269.561,-1148.643,0,0.000,0.007,0.193,0.438,0.059,0.007,0.193,21.6,1,21.6,26.088,2.42,24.42,-0.05,0.00,-3.840.00
26.12710,263.584,-1154.619,0,0.000,-0.027,0.448,0.437,0.187,-0.027,0.448,1241.2,-1,-1241.2,26.099,2.49,24.23,0.07,-0.19,5.17-14.91
26.13750,251.719,-1166.484,0,0.000,-0.034,0.466,0.437,0.202,-0.034,0.466,1764.8,-1,-1764.8,26.116,2.54,23.90,0.06,-0.33,3.78-22.17
26.15744,224.209,-1193.994,0,0.000,-0.022,0.303,0.436,0.156,-0.022,0.303,2417.1,-1,-2417.1,26.137,2.68,23.02,0.00,-0.29,0.00-25.05
26.17737,196.084,-1222.119,0,0.000,0.016,0.215,0.436,0.088,0.016,0.215,2408.8,-1,-2408.8,26.150,2.61,22.70,-0.07,-0.31,-5.89-27.00
26.19730,168.223,-1249.980,0,0.000,0.000,0.099,0.437,0.025,0.000,0.099,1741.0,-1,-1741.0,26.176,2.55,22.16,0.00,-0.08,0.00-6.74
26.21687,147.568,-1270.635,0,0.000,0.005,-0.095,0.437,0.005,0.005,-0.095,659.3,-1,-659.3,26.187,2.55,22.22,0.00,0.06,0.004.85
26.22726,146.074,-1272.129,0,0.000,0.052,-0.196,0.437,0.044,0.052,-0.196,61.9,1,61.9,26.199,2.55,22.22,0.00,0.00,0.000.00
26.24720,153.369,-1264.834,0,0.000,0.034,-0.278,0.438,0.020,0.034,-0.278,1318.2,1,1318.2,26.229,2.65,22.98,0.00,0.41,0.0030.87
26.26713,179.297,-1238.906,0,0.000,0.085,-0.363,0.439,0.008,0.085,-0.363,2212.3,1,2212.3,26.242,2.65,23.23,0.00,0.26,0.0016.89
26.28708,207.334,-1210.869,0,0.000,0.004,-0.190,0.440,-0.017,0.004,-0.190,2497.2,1,2497.2,26.267,2.65,23.88,0.00,0.38,0.0030.85
26.30700,235.283,-1182.920,0,0.000,-0.002,-0.098,0.440,0.015,-0.002,-0.098,2092.8,1,2092.8,26.280,2.65,24.20,0.00,0.32,0.0025.75
26.32693,261.387,-1156.816,0,0.000,0.010,-0.081,0.440,-0.008,0.010,-0.081,1109.2,1,1109.2,26.303,2.58,24.47,-0.07,0.00,-5.700.00
26.34688,268.418,-1149.785,0,0.000,-0.008,0.402,0.440,0.068,-0.008,0.402,115.7,-1,-115.7,26.327,2.70,23.93,0.12,-0.53,10.23-47.05
26.36680,259.980,-1158.223,0,0.000,0.048,0.116,0.441,-0.067,0.048,0.116,1368.7,-1,-1368.7,26.341,2.80,23.73,0.10,-0.20,6.99-13.85
26.38674,233.877,-1184.326,0,0.000,0.066,0.326,0.442,-0.036,0.066,0.326,2242.3,-1,-2242.3,26.368,2.80,23.03,0.00,-0.31,0.00-19.24
26.39692,220.781,-1197.422,0,0.000,0.037,0.211,0.442,-0.009,0.037,0.211,2454.5,-1,-2454.5,26.378,2.75,22.73,-0.05,-0.30,-5.75-31.69
26.41660,192.041,-1226.162,0,0.000,0.013,0.104,0.443,-0.065,0.013,0.104,2354.5,-1,-2354.5,26.388,2.67,22.25,-0.07,-0.48,-7.32-48.05
26.43655,164.180,-1254.023,0,0.000,-0.001,0.065,0.443,-0.044,-0.001,0.065,1597.8,-1,-1597.8,26.416,2.67,22.25,0.00,0.00,0.000.00
26.45647,146.250,-1271.953,0,0.000,-0.005,-0.200,0.443,-0.056,-0.005,-0.200,394.5,-1,-394.5,26.431,2.67,22.25,0.00,0.00,0.000.00
26.46687,146.074,-1272.129,0,0.000,0.021,-0.425,0.443,-0.100,0.021,-0.425,272.2,1,272.2,26.444,2.76,22.70,0.09,0.45,6.5334.54
26.48681,156.621,-1261.582,0,0.000,0.049,-0.471,0.444,-0.102,0.049,-0.471,1502.3,1,1502.3,26.465,2.76,23.32,0.00,0.22,0.0020.37
26.50674,184.482,-1233.721,0,0.000,0.005,-0.406,0.444,-0.086,0.005,-0.406,2312.0,1,2312.0,26.479,2.76,23.67,0.00,0.35,0.0027.55
26.52667,212.520,-1205.684,0,0.000,0.012,-0.256,0.444,-0.108,0.012,-0.256,2473.4,1,2473.4,26.479,2.76,23.67,0.00,0.35,0.0027.55
26.54661,240.205,-1177.998,0,0.000,0.018,-0.106,0.445,-0.074,0.018,-0.106,1939.5,1,1939.5,26.479,2.76,23.67,0.00,0.35,0.0027.55
26.56654,264.023,-1154.180,0,0.000,-0.001,0.037,0.445,0.013,-0.001,0.037,859.2,1,859.2,26.479,2.76,23.67,0.00,0.35,0.0027.55
26.58656,267.627,-1150.576,0,0.000,0.052,0.189,0.445,-0.052,0.052,0.189,464.0,-1,-464.0,26.479,2.76,23.67,0.00,0.35,0.0027.55
26.60649,253.740,-1164.463,0,0.000,-0.007,0.323,0.445,-0.089,-0.007,0.323,1657.2,-1,-1657.2,26.479,2.76,23.67,0.00,0.35,0.0027.55
26.62642,226.055,-1192.148,0,0.000,-0.043,0.174,0.445,-0.031,-0.043,0.174,2382.5,-1,-2382.5,26.479,2.76,23.67,0.00,0.35,0.0027.55
26.64636,197.930,-1220.273,0,0.000,-0.002,0.153,0.445,-0.023,-0.002,0.153,2433.6,-1,-2433.6,26.479,2.76,23.67,0.00,0.35,0.0027.55
26.66629,170.068,-1248.135,0,0.000,-0.005,0.050,0.444,-0.034,-0.005,0.050,1794.4,-1,-1794.4,26.479,2.76,23.67,0.00,0.35,0.0027.55
26.68623,148.887,-1269.316,0,0.000,-0.007,-0.145,0.444,-0.038,-0.007,-0.145,645.0,-1,-645.0,26.479,2.76,23.67,0.00,0.35,0.0027.55
26.70616,147.393,-1270.811,0,0.000,-0.001,-0.293,0.444,-0.066,-0.001,-0.293,688.6,1,688.6,26.479,2.76,23.67,0.00,0.35,0.0027.55
26.72609,165.762,-1252.441,0,0.000,0.081,-0.268,0.445,-0.004,0.081,-0.268,1827.0,1,1827.0,26.479,2.76,23.67,0.00,0.35,0.0027.55
26.74602,193.711,-1224.492,0,0.000,0.035,-0.249,0.446,-0.061,0.035,-0.249,2444.8,1,2444.8,26.479,2.76,23.67,0.00,0.35,0.0027.55
26.76596,221.660,-1196.543,0,0.000,0.001,-0.152,0.446,0.007,0.001,-0.152,2364.5,1,2364.5,26.479,2.76,23.67,0.00,0.35,0.0027.55
26.77629,235.020,-1183.184,0,0.000,0.007,-0.109,0.447,0.022,0.007,-0.109,2098.7,1,2098.7,26.479,2.76,23.67,0.00,0.35,0.0027.55
26.78632,249.961,-1168.242,0,0.000,0.005,-0.086,0.447,-0.007,0.005,-0.086,1607.4,1,1607.4,26.479,2.76,23.67,0.00,0.35,0.0027.55
26.80626,267.627,-1150.576,0,0.000,0.018,0.098,0.447,-0.015,0.018,0.098,389.1,1,389.1,26.479,2.76,23.67,0.00,0.35,0.0027.55
26.82619,265.078,-1153.125,0,0.000,0.057,0.356,0.448,0.187,0.057,0.356,941.6,-1,-941.6,26.479,2.76,23.67,0.00,0.35,0.0027.55
26.84613,243.984,-1174.219,0,0.000,0.068,0.685,0.449,0.242,0.068,0.685,2002.7,-1,-2002.7,26.479,2.76,23.67,0.00,0.35,0.0027.55
26.86606,216.299,-1201.904,0,0.000,0.050,0.232,0.450,0.096,0.050,0.232,2487.9,-1,-2487.9,26.479,2.76,23.67,0.00,0.35,0.0027.55
26.88599,188.174,-1230.029,0,0.000,0.019,0.153,0.451,0.041,0.019,0.153,2256.2,-1,-2256.2,26.479,2.76,23.67,0.00,0.35,0.0027.55
26.90593,160.400,-1257.803,0,0.000,0.008,0.102,0.451,0.023,0.008,0.102,1372.8,-1,-1372.8,26.479,2.76,23.67,0.00,0.35,0.0027.55
26.92586,148.008,-1270.195,0,0.000,0.019,-0.180,0.451,0.057,0.019,-0.180,159.9,-1,-159.9,26.479,2.76,23.67,0.00,0.35,0.0027.55
26.94579,153.281,-1264.922,0,0.000,0.066,-0.415,0.453,-0.057,0.066,-0.415,1156.4,1,1156.4,26.479,2.76,23.67,0.00,0.35,0.0027.55
26.95621,163.828,-1254.375,0,0.000,0.047,-0.378,0.453,0.033,0.047,-0.378,1710.5,1,1710.5,26.479,2.76,23.67,0.00,0.35,0.0027.55
26.97558,192.129,-1226.074,0,0.000,0.032,-0.211,0.454,0.017,0.032,-0.211,2408.2,1,2408.2,26.479,2.76,23.67,0.00,0.35,0.0027.55
26.98598,206.895,-1211.309,0,0.000,0.015,-0.209,0.454,0.035,0.015,-0.209,2499.0,1,2499.0,26.479,2.76,23.67,0.00,0.35,0.0027.55
27.00591,234.668,-1183.535,0,0.000,0.006,-0.106,0.454,0.001,0.006,-0.106,2098.5,1,2098.5,26.479,2.76,23.67,0.00,0.35,0.0027.55
27.02585,260.771,-1157.432,0,0.000,0.008,-0.103,0.454,-0.019,0.008,-0.103,1147.6,1,1147.6,26.479,2.76,23.67,0.00,0.35,0.0027.55
27.04578,267.627,-1150.576,0,0.000,-0.023,0.439,0.454,0.084,-0.023,0.439,175.1,-1,-175.1,26.479,2.76,23.67,0.00,0.35,0.0027.55
27.06571,257.520,-1160.684,0,0.000,0.045,0.306,0.454,0.009,0.045,0.306,1447.3,-1,-1447.3,26.479,2.76,23.67,0.00,0.35,0.0027.55
27.08565,230.889,-1187.314,0,0.000,0.074,0.316,0.456,-0.042,0.074,0.316,2297.2,-1,-2297.2,26.479,2.76,23.67,0.00,0.35,0.0027.55
27.10558,202.852,-1215.352,0,0.000,0.014,0.148,0.456,-0.050,0.014,0.148,2474.6,-1,-2474.6,26.479,2.76,23.67,0.00,0.35,0.0027.55
27.12551,174.814,-1243.389,0,0.000,0.019,0.065,0.456,-0.022,0.019,0.065,1926.0,-1,-1926.0,26.479,2.76,23.67,0.00,0.35,0.0027.55
27.14553,151.260,-1266.943,0,0.000,0.033,-0.123,0.457,-0.089,0.033,-0.123,811.3,-1,-811.3,26.479,2.76,23.67,0.00,0.35,0.0027.55
27.16547,148.799,-1269.404,0,0.000,0.009,-0.346,0.457,-0.105,0.009,-0.346,543.0,1,543.0,26.479,2.76,23.67,0.00,0.35,0.0027.55
27.18540,164.795,-1253.408,0,0.000,-0.021,-0.454,0.457,-0.056,-0.021,-0.454,1738.2,1,1738.2,26.479,2.76,23.67,0.00,0.35,0.0027.55
27.20533,192.744,-1225.459,0,0.000,0.011,-0.238,0.457,-0.054,0.011,-0.238,2421.2,1,2421.2,26.479,2.76,23.67,0.00,0.35,0.0027.55
27.22527,220.693,-1197.510,0,0.000,-0.010,-0.195,0.457,-0.031,-0.010,-0.195,2389.1,1,2389.1,26.479,2.76,23.67,0.00,0.35,0.0027.55
27.24520,248.379,-1169.824,0,0.000,-0.009,-0.096,0.457,-0.036,-0.009,-0.096,1649.9,1,1649.9,26.479,2.76,23.67,0.00,0.35,0.0027.55
27.26513,266.572,-1151.631,0,0.000,0.016,0.037,0.457,-0.066,0.016,0.037,421.2,1,421.2,26.479,2.76,23.67,0.00,0.35,0.0027.55
27.28507,264.287,-1153.916,0,0.000,-0.016,0.217,0.457,0.035,-0.016,0.217,933.4,-1,-933.4,26.479,2.76,23.67,0.00,0.35,0.0027.55
27.29547,255.937,-1162.266,0,0.000,-0.006,0.391,0.457,0.113,-0.006,0.391,1530.4,-1,-1530.4,26.479,2.76,23.67,0.00,0.35,0.0027.55
27.31540,228.867,-1189.336,0,0.000,0.059,0.361,0.458,0.051,0.059,0.361,2340.1,-1,-2340.1,26.479,2.76,23.67,0.00,0.35,0.0027.55
27.32542,215.771,-1202.432,0,0.000,0.024,0.183,0.458,0.054,0.024,0.183,2484.7,-1,-2484.7,26.479,2.76,23.67,0.00,0.35,0.0027.55
27.34526,186.943,-1231.260,0,0.000,0.007,0.105,0.458,0.023,0.007,0.105,2228.9,-1,-2228.9,26.479,2.76,23.67,0.00,0.35,0.0027.55
27.36519,159.170,-1259.033,0,0.000,0.014,0.089,0.458,0.021,0.014,0.089,1300.8,-1,-1300.8,26.479,2.76,23.67,0.00,0.35,0.0027.55
27.38512,148.975,-1269.229,0,0.000,0.017,-0.153,0.459,0.064,0.017,-0.153,16.7,1,16.7,26.479,2.76,23.67,0.00,0.35,0.0027.55
27.40506,155.391,-1262.813,0,0.000,-0.008,-0.291,0.459,-0.033,-0.008,-0.291,1330.3,1,1330.3,26.479,2.76,23.67,0.00,0.35,0.0027.55
27.43485,195.381,-1222.822,0,0.000,0.002,-0.321,0.459,-0.145,0.002,-0.321,2447.6,1,2447.6,26.479,2.76,23.67,0.00,0.35,0.0027.55
27.45479,223.330,-1194.873,0,0.000,0.000,-0.195,0.459,-0.072,0.000,-0.195,2348.3,1,2348.3,26.479,2.76,23.67,0.00,0.35,0.0027.55
27.46518,237.744,-1180.459,0,0.000,0.010,-0.113,0.459,-0.038,0.010,-0.113,1981.2,1,1981.2,26.479,2.76,23.67,0.00,0.35,0.0027.55
27.48512,262.441,-1155.762,0,0.000,0.010,-0.106,0.459,-0.005,0.010,-0.106,878.2,1,878.2,26.479,2.76,23.67,0.00,0.35,0.0027.55
27.50505,265.781,-1152.422,0,0.000,0.065,0.326,0.460,0.073,0.065,0.326,490.6,-1,-490.6,26.479,2.76,23.67,0.00,0.35,0.0027.55
27.52507,251.543,-1166.660,0,0.000,0.004,0.463,0.460,0.027,0.004,0.463,1712.0,-1,-1712.0,26.479,2.76,23.67,0.00,0.35,0.0027.55
27.54501,223.857,-1194.346,0,0.000,-0.010,0.201,0.460,0.045,-0.010,0.201,2416.5,-1,-2416.5,26.479,2.76,23.67,0.00,0.35,0.0027.55
27.56494,195.732,-1222.471,0,0.000,0.023,0.175,0.461,0.011,0.023,0.175,2389.5,-1,-2389.5,26.479,2.76,23.67,0.00,0.35,0.0027.55
27.58487,167.871,-1250.332,0,0.000,-0.004,0.071,0.461,0.012,-0.004,0.071,1689.8,-1,-1689.8,26.479,2.76,23.67,0.00,0.35,0.0027.55
27.60480,149.502,-1268.701,0,0.000,-0.023,-0.126,0.460,-0.009,-0.023,-0.126,456.8,-1,-456.8,26.479,2.76,23.67,0.00,0.35,0.0027.55
27.62474,151.084,-1267.119,0,0.000,-0.001,-0.293,0.460,-0.070,-0.001,-0.293,915.8,1,915.8,26.479,2.76,23.67,0.00,0.35,0.0027.55
27.64467,173.145,-1245.059,0,0.000,0.005,-0.715,0.461,-0.113,0.005,-0.715,2010.5,1,2010.5,26.479,2.76,23.67,0.00,0.35,0.0027.55
27.66460,201.094,-1217.109,0,0.000,-0.017,-0.225,0.460,-0.068,-0.017,-0.225,2492.6,1,2492.6,26.479,2.76,23.67,0.00,0.35,0.0027.55
27.68454,228.955,-1189.248,0,0.000,-0.008,-0.149,0.460,-0.035,-0.008,-0.149,2213.6,1,2213.6,26.479,2.76,23.67,0.00,0.35,0.0027.55
27.70447,256.553,-1161.650,0,0.000,0.000,-0.113,0.460,-0.020,0.000,-0.113,1257.3,1,1257.3,26.479,2.76,23.67,0.00,0.35,0.0027.55
27.71476,263.408,-1154.795,0,0.000,0.011,0.150,0.460,0.062,0.011,0.150,610.3,1,610.3,26.479,2.76,23.67,0.00,0.35,0.0027.55
27.73432,263.584,-1154.619,0,0.000,0.041,0.288,0.461,0.099,0.041,0.288,773.4,-1,-773.4,26.479,2.76,23.67,0.00,0.35,0.0027.55
27.75425,243.809,-1174.395,0,0.000,0.012,0.355,0.461,0.015,0.012,0.355,1920.6,-1,-1920.6,26.479,2.76,23.67,0.00,0.35,0.0027.55
27.76465,229.395,-1188.809,0,0.000,0.034,0.335,0.462,-0.044,0.034,0.335,2289.1,-1,-2289.1,26.479,2.76,23.67,0.00,0.35,0.0027.55
27.78459,201.533,-1216.670,0,0.000,0.007,0.178,0.462,-0.023,0.007,0.178,2472.5,-1,-2472.5,26.479,2.76,23.67,0.00,0.35,0.0027.55
27.80452,173.496,-1244.707,0,0.000,-0.001,0.053,0.462,-0.027,-0.001,0.053,1894.4,-1,-1894.4,26.479,2.76,23.67,0.00,0.35,0.0027.55
27.82445,150.820,-1267.383,0,0.000,0.023,-0.165,0.462,-0.091,0.023,-0.165,731.4,-1,-731.4,26.479,2.76,23.67,0.00,0.35,0.0027.55
27.84439,148.887,-1269.316,0,0.000,-0.014,-0.288,0.462,-0.106,-0.014,-0.288,658.3,1,658.3,26.479,2.76,23.67,0.00,0.35,0.0027.55
27.86432,167.432,-1250.771,0,0.000,0.004,-0.415,0.462,-0.172,0.004,-0.415,1845.2,1,1845.2,26.479,2.76,23.67,0.00,0.35,0.0027.55
27.88425,195.557,-1222.646,0,0.000,-0.006,-0.303,0.462,-0.175,-0.006,-0.303,2461.2,1,2461.2,26.479,2.76,23.67,0.00,0.35,0.0027.55
27.89440,208.740,-1209.463,0,0.000,-0.027,-0.265,0.462,-0.089,-0.027,-0.265,2492.5,1,2492.5,26.479,2.76,23.67,0.00,0.35,0.0027.55
27.91419,237.393,-1180.811,0,0.000,0.008,-0.109,0.462,-0.042,0.008,-0.109,1958.4,1,1958.4,26.479,2.76,23.67,0.00,0.35,0.0027.55
27.93412,261.387,-1156.816,0,0.000,0.001,-0.037,0.462,0.013,0.001,-0.037,821.6,1,821.6,26.479,2.76,23.67,0.00,0.35,0.0027.55
27.95406,263.936,-1154.268,0,0.000,0.035,0.343,0.462,0.144,0.035,0.343,571.8,-1,-571.8,26.479,2.76,23.67,0.00,0.35,0.0027.55
27.97399,247.412,-1170.791,0,0.000,0.022,0.445,0.463,0.092,0.022,0.445,1787.9,-1,-1787.9,26.479,2.76,23.67,0.00,0.35,0.0027.55
27.99392,219.727,-1198.477,0,0.000,0.019,0.239,0.463,0.095,0.019,0.239,2446.4,-1,-2446.4,26.479,2.76,23.67,0.00,0.35,0.0027.55
28.01385,191.777,-1226.426,0,0.000,0.042,0.176,0.464,0.059,0.042,0.176,2364.3,-1,-2364.3,26.479,2.76,23.67,0.00,0.35,0.0027.55
28.03379,163.828,-1254.375,0,0.000,0.030,0.060,0.464,0.027,0.030,0.060,1557.5,-1,-1557.5,26.479,2.76,23.67,0.00,0.35,0.0027.55
28.05372,148.887,-1269.316,0,0.000,0.035,-0.345,0.465,-0.023,0.035,-0.345,261.7,-1,-261.7,26.479,2.76,23.67,0.00,0.35,0.0027.55
28.06412,148.887,-1269.316,0,0.000,0.016,-0.269,0.465,0.029,0.016,-0.269,515.0,1,515.0,26.479,2.76,23.67,0.00,0.35,0.0027.55
28.08397,164.092,-1254.111,0,0.000,0.074,-0.430,0.467,0.129,0.074,-0.430,1750.8,1,1750.8,26.479,2.76,23.67,0.00,0.35,0.0027.55
28.10390,192.041,-1226.162,0,0.000,0.069,-0.199,0.468,0.064,0.069,-0.199,2436.3,1,2436.3,26.479,2.76,23.67,0.00,0.35,0.0027.55
28.12384,220.078,-1198.125,0,0.000,0.003,-0.190,0.468,0.038,0.003,-0.190,2377.5,1,2377.5,26.479,2.76,23.67,0.00,0.35,0.0027.55
28.14377,247.764,-1170.439,0,0.000,0.018,-0.086,0.469,0.011,0.018,-0.086,1585.4,1,1585.4,26.479,2.76,23.67,0.00,0.35,0.0027.55
28.16370,264.023,-1154.180,0,0.000,-0.002,0.283,0.469,0.063,-0.002,0.283,291.7,1,291.7,26.479,2.76,23.67,0.00,0.35,0.0027.55
28.18364,261.123,-1157.080,0,0.000,0.015,0.224,0.469,0.066,0.015,0.224,1095.0,-1,-1095.0,26.479,2.76,23.67,0.00,0.35,0.0027.55
28.20357,237.041,-1181.162,0,0.000,0.025,0.473,0.469,0.124,0.025,0.473,2135.7,-1,-2135.7,26.479,2.76,23.67,0.00,0.35,0.0027.55
28.22350,209.004,-1209.199,0,0.000,-0.014,0.229,0.469,0.074,-0.014,0.229,2499.2,-1,-2499.2,26.479,2.76,23.67,0.00,0.35,0.0027.55
28.24344,181.055,-1237.148,0,0.000,-0.001,0.121,0.469,0.046,-0.001,0.121,2068.9,-1,-2068.9,26.479,2.76,23.67,0.00,0.35,0.0027.55
28.26337,155.742,-1262.461,0,0.000,0.011,0.094,0.469,0.036,0.011,0.094,980.0,-1,-980.0,26.479,2.76,23.67,0.00,0.35,0.0027.55
28.27365,150.293,-1267.910,0,0.000,0.006,-0.287,0.469,-0.064,0.006,-0.287,291.0,-1,-291.0,26.479,2.76,23.67,0.00,0.35,0.0027.55
28.28368,150.469,-1267.734,0,0.000,0.001,-0.248,0.469,-0.013,0.001,-0.248,422.0,1,422.0,26.479,2.76,23.67,0.00,0.35,0.0027.55
28.30362,165.322,-1252.881,0,0.000,0.113,-0.472,0.471,-0.007,0.113,-0.472,1690.2,1,1690.2,26.479,2.76,23.67,0.00,0.35,0.0027.55
28.32355,193.447,-1224.756,0,0.000,0.106,-0.228,0.473,-0.013,0.106,-0.228,2419.1,1,2419.1,26.479,2.76,23.67,0.00,0.35,0.0027.55
28.34348,221.484,-1196.719,0,0.000,0.045,-0.198,0.474,0.013,0.045,-0.198,2374.3,1,2374.3,26.479,2.76,23.67,0.00,0.35,0.0027.55
28.36342,249.170,-1169.033,0,0.000,0.027,-0.097,0.475,0.005,0.027,-0.097,1568.7,1,1568.7,26.479,2.76,23.67,0.00,0.35,0.0027.55
28.38335,264.814,-1153.389,0,0.000,0.014,0.361,0.475,0.089,0.014,0.361,259.3,1,259.3,26.479,2.76,23.67,0.00,0.35,0.0027.55
28.40328,261.562,-1156.641,0,0.000,0.020,0.220,0.476,0.035,0.020,0.220,1134.4,-1,-1134.4,26.479,2.76,23.67,0.00,0.35,0.0027.55
28.42322,236.865,-1181.338,0,0.000,0.027,0.388,0.476,0.042,0.027,0.388,2163.8,-1,-2163.8,26.479,2.76,23.67,0.00,0.35,0.0027.55
28.44315,209.092,-1209.111,0,0.000,0.004,0.187,0.476,0.018,0.004,0.187,2496.7,-1,-2496.7,26.479,2.76,23.67,0.00,0.35,0.0027.55
28.45335,195.645,-1222.559,0,0.000,0.017,0.189,0.477,0.004,0.017,0.189,2380.6,-1,-2380.6,26.479,2.76,23.67,0.00,0.35,0.0027.55
28.47305,167.168,-1251.035,0,0.000,0.001,0.081,0.477,0.008,0.001,0.081,1523.7,-1,-1523.7,26.479,2.76,23.67,0.00,0.35,0.0027.55
28.49298,152.754,-1265.449,0,0.000,0.021,-0.346,0.477,-0.050,0.021,-0.346,196.6,-1,-196.6,26.479,2.76,23.67,0.00,0.35,0.0027.55
28.51292,157.061,-1261.143,0,0.000,0.053,-0.396,0.477,-0.002,0.053,-0.396,1195.1,1,1195.1,26.479,2.76,23.67,0.00,0.35,0.0027.55
28.52332,168.838,-1249.365,0,0.000,0.049,-0.417,0.478,0.125,0.049,-0.417,1770.7,1,1770.7,26.479,2.76,23.67,0.00,0.35,0.0027.55
28.54325,196.875,-1221.328,0,0.000,0.014,-0.230,0.478,0.001,0.014,-0.230,2447.1,1,2447.1,26.479,2.76,23.67,0.00,0.35,0.0027.55
28.56318,224.824,-1193.379,0,0.000,-0.031,-0.178,0.478,0.004,-0.031,-0.178,2328.8,1,2328.8,26.479,2.76,23.67,0.00,0.35,0.0027.55
28.58312,252.334,-1165.869,0,0.000,-0.007,-0.059,0.478,0.012,-0.007,-0.059,1452.8,1,1452.8,26.479,2.76,23.67,0.00,0.35,0.0027.55
28.60305,265.693,-1152.510,0,0.000,-0.005,0.313,0.478,0.016,-0.005,0.313,102.8,1,102.8,26.479,2.76,23.67,0.00,0.35,0.0027.55
28.62298,260.771,-1157.432,0,0.000,-0.042,0.342,0.477,0.078,-0.042,0.342,1281.6,-1,-1281.6,26.479,2.76,23.67,0.00,0.35,0.0027.55
28.64300,235.371,-1182.832,0,0.000,0.001,0.323,0.477,-0.071,0.001,0.323,2248.1,-1,-2248.1,26.479,2.76,23.67,0.00,0.35,0.0027.55
28.66294,207.598,-1210.605,0,0.000,0.031,0.175,0.478,-0.029,0.031,0.175,2479.7,-1,-2479.7,26.479,2.76,23.67,0.00,0.35,0.0027.55
28.68287,179.473,-1238.730,0,0.000,-0.010,0.052,0.478,-0.022,-0.010,0.052,1945.6,-1,-1945.6,26.479,2.76,23.67,0.00,0.35,0.0027.55
28.70280,156.006,-1262.197,0,0.000,0.037,-0.150,0.478,-0.082,0.037,-0.150,764.6,-1,-764.6,26.479,2.76,23.67,0.00,0.35,0.0027.55
28.72274,154.600,-1263.604,0,0.000,-0.032,-0.363,0.478,-0.170,-0.032,-0.363,668.3,1,668.3,26.479,2.76,23.67,0.00,0.35,0.0027.55
28.74267,173.760,-1244.443,0,0.000,0.011,-0.433,0.477,-0.202,0.011,-0.433,1882.0,1,1882.0,26.479,2.76,23.67,0.00,0.35,0.0027.55
28.76260,202.061,-1216.143,0,0.000,0.004,-0.307,0.478,-0.149,0.004,-0.307,2476.8,1,2476.8,26.479,2.76,23.67,0.00,0.35,0.0027.55
28.78254,230.010,-1188.193,0,0.000,-0.008,-0.206,0.478,-0.093,-0.008,-0.206,2255.0,1,2255.0,26.479,2.76,23.67,0.00,0.35,0.0027.55
28.80247,257.344,-1160.859,0,0.000,0.019,-0.101,0.478,-0.038,0.019,-0.101,1288.1,1,1288.1,26.479,2.76,23.67,0.00,0.35,0.0027.55
28.82240,265.693,-1152.510,0,0.000,0.001,0.286,0.478,-0.026,0.001,0.286,105.2,-1,-105.2,26.479,2.76,23.67,0.00,0.35,0.0027.55
28.83274,264.727,-1153.477,0,0.000,0.027,0.217,0.478,-0.039,0.027,0.217,819.5,-1,-819.5,26.479,2.76,23.67,0.00,0.35,0.0027.55
28.84277,256.553,-1161.650,0,0.000,0.034,0.016,0.479,-0.212,0.034,0.016,1464.7,-1,-1464.7,26.479,2.76,23.67,0.00,0.35,0.0027.55
28.86270,229.746,-1188.457,0,0.000,0.037,0.292,0.479,-0.107,0.037,0.292,2339.3,-1,-2339.3,26.479,2.76,23.67,0.00,0.35,0.0027.55
28.88264,201.885,-1216.318,0,0.000,0.005,0.144,0.480,-0.062,0.005,0.144,2437.5,-1,-2437.5,26.479,2.76,23.67,0.00,0.35,0.0027.55
28.90257,173.936,-1244.268,0,0.000,0.003,0.033,0.480,-0.029,0.003,0.033,1725.1,-1,-1725.1,26.479,2.76,23.67,0.00,0.35,0.0027.55
28.92250,154.600,-1263.604,0,0.000,0.002,0.009,0.480,0.040,0.002,0.009,437.9,-1,-437.9,26.479,2.76,23.67,0.00,0.35,0.0027.55
28.94244,156.973,-1261.230,0,0.000,0.013,-0.274,0.480,-0.092,0.013,-0.274,996.2,1,996.2,26.479,2.76,23.67,0.00,0.35,0.0027.55
28.96237,180.527,-1237.676,0,0.000,-0.082,-0.621,0.479,-0.141,-0.082,-0.621,2098.5,1,2098.5,26.479,2.76,23.67,0.00,0.35,0.0027.55
28.98230,208.652,-1209.551,0,0.000,0.028,-0.227,0.479,-0.100,0.028,-0.227,2499.8,1,2499.8,26.479,2.76,23.67,0.00,0.35,0.0027.55
29.00224,236.514,-1181.689,0,0.000,0.020,-0.180,0.479,-0.059,0.020,-0.180,2064.5,1,2064.5,26.479,2.76,23.67,0.00,0.35,0.0027.55
29.02217,261.562,-1156.641,0,0.000,0.011,-0.126,0.479,-0.023,0.011,-0.126,936.6,1,936.6,26.479,2.76,23.67,0.00,0.35,0.0027.55
29.04210,265.781,-1152.422,0,0.000,0.048,0.247,0.480,-0.057,0.048,0.247,506.4,-1,-506.4,26.479,2.76,23.67,0.00,0.35,0.0027.55
29.06204,250.312,-1167.891,0,0.000,-0.050,0.296,0.479,-0.136,-0.050,0.296,1779.9,-1,-1779.9,26.479,2.76,23.67,0.00,0.35,0.0027.55
29.08197,222.363,-1195.840,0,0.000,-0.011,0.132,0.479,-0.066,-0.011,0.132,2455.2,-1,-2455.2,26.479,2.76,23.67,0.00,0.35,0.0027.55
29.09237,207.861,-1210.342,0,0.000,0.017,0.129,0.479,-0.049,0.017,0.129,2486.3,-1,-2486.3,26.479,2.76,23.67,0.00,0.35,0.0027.55
29.11230,179.912,-1238.291,0,0.000,-0.004,0.048,0.479,-0.016,-0.004,0.048,1921.2,-1,-1921.2,26.479,2.76,23.67,0.00,0.35,0.0027.55
29.13224,156.445,-1261.758,0,0.000,0.023,-0.072,0.480,-0.022,0.023,-0.072,706.9,-1,-706.9,26.479,2.76,23.67,0.00,0.35,0.0027.55
29.15217,154.863,-1263.340,0,0.000,-0.014,-0.297,0.480,-0.005,-0.014,-0.297,747.1,1,747.1,26.479,2.76,23.67,0.00,0.35,0.0027.55
29.17210,174.551,-1243.652,0,0.000,0.031,-0.399,0.480,-0.098,0.031,-0.399,1949.1,1,1949.1,26.479,2.76,23.67,0.00,0.35,0.0027.55
29.19204,202.588,-1215.615,0,0.000,0.024,-0.270,0.481,-0.060,0.024,-0.270,2490.8,1,2490.8,26.479,2.76,23.67,0.00,0.35,0.0027.55
29.20212,215.771,-1202.432,0,0.000,0.000,-0.238,0.481,-0.023,0.000,-0.238,2459.4,1,2459.4,26.479,2.76,23.67,0.00,0.35,0.0027.55
29.22195,244.336,-1173.867,0,0.000,0.040,-0.093,0.481,0.010,0.040,-0.093,1738.5,1,1738.5,26.479,2.76,23.67,0.00,0.35,0.0027.55
29.24189,263.936,-1154.268,0,0.000,0.037,-0.037,0.482,0.005,0.037,-0.037,440.1,1,440.1,26.479,2.76,23.67,0.00,0.35,0.0027.55
29.26182,262.793,-1155.410,0,0.000,0.041,0.346,0.482,0.167,0.041,0.346,940.9,-1,-940.9,26.479,2.76,23.67,0.00,0.35,0.0027.55
29.28175,240.469,-1177.734,0,0.000,0.067,0.603,0.483,0.215,0.067,0.603,2074.5,-1,-2074.5,26.479,2.76,23.67,0.00,0.35,0.0027.55
29.30169,212.432,-1205.771,0,0.000,-0.014,0.201,0.483,0.134,-0.014,0.201,2500.0,-1,-2500.0,26.479,2.76,23.67,0.00,0.35,0.0027.55
29.32162,184.482,-1233.721,0,0.000,0.023,0.132,0.484,0.086,0.023,0.132,2070.5,-1,-2070.5,26.479,2.76,23.67,0.00,0.35,0.0027.55
29.34155,159.170,-1259.033,0,0.000,0.018,0.092,0.484,0.070,0.018,0.092,931.4,-1,-931.4,26.479,2.76,23.67,0.00,0.35,0.0027.55
29.36149,155.303,-1262.900,0,0.000,-0.020,-0.309,0.484,0.005,-0.020,-0.309,528.0,1,528.0,26.479,2.76,23.67,0.00,0.35,0.0027.55
29.38142,171.738,-1246.465,0,0.000,0.050,-0.372,0.485,0.044,0.050,-0.372,1806.7,1,1806.7,26.479,2.76,23.67,0.00,0.35,0.0027.55
29.39182,185.361,-1232.842,0,0.000,0.014,-0.402,0.485,-0.009,0.014,-0.402,2234.0,1,2234.0,26.479,2.76,23.67,0.00,0.35,0.0027.55
29.41119,213.662,-1204.541,0,0.000,0.001,-0.230,0.486,-0.005,0.001,-0.230,2478.9,1,2478.9,26.479,2.76,23.67,0.00,0.35,0.0027.55
29.42159,228.252,-1189.951,0,0.000,-0.010,-0.229,0.485,0.029,-0.010,-0.229,2274.5,1,2274.5,26.479,2.76,23.67,0.00,0.35,0.0027.55
29.44152,255.674,-1162.529,0,0.000,0.016,-0.062,0.486,0.022,0.016,-0.062,1299.6,1,1299.6,26.479,2.76,23.67,0.00,0.35,0.0027.55
29.46146,264.902,-1153.301,0,0.000,-0.001,0.136,0.486,-0.002,-0.001,0.136,124.6,-1,-124.6,26.479,2.76,23.67,0.00,0.35,0.0027.55
29.48139,255.674,-1162.529,0,0.000,0.029,0.208,0.486,0.005,0.029,0.208,1506.7,-1,-1506.7,26.479,2.76,23.67,0.00,0.35,0.0027.55
29.50132,228.428,-1189.775,0,0.000,0.050,0.393,0.487,0.010,0.050,0.393,2367.9,-1,-2367.9,26.479,2.76,23.67,0.00,0.35,0.0027.55
29.52126,200.654,-1217.549,0,0.000,0.019,0.177,0.487,0.009,0.019,0.177,2408.6,-1,-2408.6,26.479,2.76,23.67,0.00,0.35,0.0027.55
29.54119,172.617,-1245.586,0,0.000,0.000,0.041,0.487,0.023,0.000,0.041,1613.2,-1,-1613.2,26.479,2.76,23.67,0.00,0.35,0.0027.55
29.56112,155.127,-1263.076,0,0.000,0.007,-0.177,0.488,-0.025,0.007,-0.177,256.4,-1,-256.4,26.479,2.76,23.67,0.00,0.35,0.0027.55
29.57152,155.215,-1262.988,0,0.000,-0.017,-0.266,0.487,0.048,-0.017,-0.266,488.7,1,488.7,26.479,2.76,23.67,0.00,0.35,0.0027.55
29.59146,170.859,-1247.344,0,0.000,0.041,-0.288,0.488,0.072,0.041,-0.288,1786.4,1,1786.4,26.479,2.76,23.67,0.00,0.35,0.0027.55
29.61139,198.896,-1219.307,0,0.000,0.040,-0.244,0.489,0.001,0.040,-0.244,2461.8,1,2461.8,26.479,2.76,23.67,0.00,0.35,0.0027.55
29.63132,227.021,-1191.182,0,0.000,0.010,-0.246,0.489,0.006,0.010,-0.246,2277.7,1,2277.7,26.479,2.76,23.67,0.00,0.35,0.0027.55
29.65126,254.443,-1163.760,0,0.000,0.014,-0.050,0.490,0.000,0.014,-0.050,1297.1,1,1297.1,26.479,2.76,23.67,0.00,0.35,0.0027.55
29.67119,263.057,-1155.146,0,0.000,0.016,0.248,0.490,0.044,0.016,0.248,138.5,-1,-138.5,26.479,2.76,23.67,0.00,0.35,0.0027.55
29.69112,253.564,-1164.639,0,0.000,0.037,0.226,0.490,0.025,0.037,0.226,1526.3,-1,-1526.3,26.479,2.76,23.67,0.00,0.35,0.0027.55
29.71106,226.494,-1191.709,0,0.000,0.053,0.420,0.491,0.023,0.053,0.420,2379.0,-1,-2379.0,26.479,2.76,23.67,0.00,0.35,0.0027.55
29.73099,198.633,-1219.570,0,0.000,0.025,0.188,0.492,0.035,0.025,0.188,2395.8,-1,-2395.8,26.479,2.76,23.67,0.00,0.35,0.0027.55
29.75092,170.596,-1247.607,0,0.000,0.002,0.045,0.492,0.040,0.002,0.045,1569.2,-1,-1569.2,26.479,2.76,23.67,0.00,0.35,0.0027.55
29.76119,159.434,-1258.770,0,0.000,0.008,0.083,0.492,0.048,0.008,0.083,990.4,-1,-990.4,26.479,2.76,23.67,0.00,0.35,0.0027.55
29.78075,154.336,-1263.867,0,0.000,-0.017,-0.238,0.492,0.067,-0.017,-0.238,486.3,1,486.3,26.479,2.76,23.67,0.00,0.35,0.0027.55
29.80069,170.244,-1247.959,0,0.000,0.098,-0.312,0.494,0.157,0.098,-0.312,1792.3,1,1792.3,26.479,2.76,23.67,0.00,0.35,0.0027.55
29.81109,184.834,-1233.369,0,0.000,0.069,-0.376,0.494,0.081,0.069,-0.376,2262.6,1,2262.6,26.479,2.76,23.67,0.00,0.35,0.0027.55
29.83102,213.047,-1205.156,0,0.000,0.032,-0.187,0.495,0.037,0.032,-0.187,2466.1,1,2466.1,26.479,2.76,23.67,0.00,0.35,0.0027.55
29.85095,240.820,-1177.383,0,0.000,0.045,-0.096,0.496,0.002,0.045,-0.096,1795.7,1,1795.7,26.491,2.76,23.99,0.00,0.32,0.0024.31
29.87089,260.947,-1157.256,0,0.000,-0.002,0.057,0.496,0.037,-0.002,0.057,488.0,1,488.0,27.264,2.82,23.77,0.06,-0.22,0.02-0.07
29.89082,260.244,-1157.959,0,0.000,0.019,0.299,0.496,-0.002,0.019,0.299,924.2,-1,-924.2,27.962,2.69,24.56,-0.13,0.79,-5.4633.70
29.91075,237.920,-1180.283,0,0.000,0.027,0.494,0.497,-0.071,0.027,0.494,2082.5,-1,-2082.5,28.366,2.63,24.56,-0.07,0.00,-3.300.00
29.93069,210.146,-1208.057,0,0.000,-0.011,0.127,0.497,-0.055,-0.011,0.127,2499.5,-1,-2499.5,28.574,2.57,24.65,-0.05,0.09,-3.085.37
29.94085,197.051,-1221.152,0,0.000,0.016,0.173,0.497,-0.044,0.016,0.173,2370.6,-1,-2370.6,28.773,2.65,24.42,0.08,-0.24,4.76-14.55
29.96054,168.311,-1249.893,0,0.000,0.010,0.029,0.497,-0.008,0.010,0.029,1494.6,-1,-1494.6,28.960,2.65,24.04,0.00,-0.37,0.00-24.48
29.98047,154.687,-1263.516,0,0.000,0.043,-0.300,0.498,-0.043,0.043,-0.300,84.0,-1,-84.0,29.259,2.73,23.81,0.08,-0.23,3.87-12.11
