t_s,input_rad_s,v_fused_m_s,x_fused_m,x_fused_mm,accumulated_rad
0.002241,-0.19792033717615698,-0.02577080984810193,0.0,0.0,0.021475735393722106
0.004494,-0.3963119132503524,-0.03191367512344259,-9.765666666666662e-06,-0.009765666666666662,0.019941748060851774
0.006752,-0.5956459671206249,-0.03798397790200463,-9.765666666666662e-06,-0.009765666666666662,0.019941748060851774
0.009009,-0.8958251451711297,-0.04179369600314635,-3.9062555555555566e-05,-0.039062555555555566,0.015339803515533282
0.011278,-1.0968870750008763,-0.04115724643551047,-3.9062555555555566e-05,-0.039062555555555566,0.015339803515533282
0.013532,-1.2985773233613411,-0.035293157121600985,-4.882811111111112e-05,-0.048828111111111114,0.013805833635955467
0.015787,-1.5010529698852033,-0.024895293203377963,-4.882811111111112e-05,-0.048828111111111114,0.013805833635955467
0.018042,-1.8059445369160927,-0.011853706512949508,-3.9062555555555566e-05,-0.039062555555555566,0.015339803515533282
0.020303,-2.0101480593994294,0.0015968127175001179,-3.9062555555555566e-05,-0.039062555555555566,0.015339803515533282
0.022559,-2.214979900413484,0.013395681826315724,-3.9062555555555566e-05,-0.039062555555555566,0.015339803515533282
0.024816,-2.4204400599582563,0.022538225222684137,-2.9296888888888895e-05,-0.029296888888888897,0.016873790848403618
0.027071,-2.7297298567041715,0.029014754838817818,-2.9296888888888895e-05,-0.029296888888888897,0.016873790848403618
0.029332,-2.9369178922084185,0.03363829967507504,-3.9062555555555566e-05,-0.039062555555555566,0.015339803515533282
0.031588,-3.144577166610704,0.03738220031732573,-3.9062555555555566e-05,-0.039062555555555566,0.015339803515533282
0.033843,-3.3527076799110276,0.0410910716612775,-4.882811111111112e-05,-0.048828111111111114,0.013805833635955467
0.036099,-3.666238626739289,0.04505398003119741,-3.9062555555555566e-05,-0.039062555555555566,0.015339803515533282
0.038361,-3.876097015999087,0.048937034065631935,-2.9296888888888895e-05,-0.029296888888888897,0.016873790848403618
0.040617,-4.086426644156924,0.05195596152007683,-1.953122222222222e-05,-0.01953122222222222,0.018407778181273957
0.042874,-4.297227511212799,0.053503545347300153,-2.9296888888888895e-05,-0.029296888888888897,0.016873790848403618
0.045129,-4.614528369225368,0.05342416336703204,-2.9296888888888895e-05,-0.029296888888888897,0.016873790848403618
0.047385,-4.8267429529753585,0.052151320375892506,-2.9296888888888895e-05,-0.029296888888888897,0.016873790848403618
0.049646,-5.039428775623388,0.05042853671269936,-2.9296888888888895e-05,-0.029296888888888897,0.016873790848403618
0.051902,-5.252742916802134,0.04884884510687225,-1.953122222222222e-05,-0.01953122222222222,0.018407778181273957
0.054157,-5.573499526733652,0.04753465591673952,-2.9296888888888895e-05,-0.029296888888888897,0.016873790848403618
0.056413,-5.787913225341156,0.04606044890909126,-2.9296888888888895e-05,-0.029296888888888897,0.016873790848403618
0.058675,-6.002798162846697,0.043707081455002746,-3.9062555555555566e-05,-0.039062555555555566,0.015339803515533282
0.06093,-6.218154339250279,0.0397947988265204,-2.9296888888888895e-05,-0.029296888888888897,0.016873790848403618
0.063187,-6.541895462202707,0.03396572299053739,-3.9062555555555566e-05,-0.039062555555555566,0.015339803515533282
0.065443,-6.758194116402364,0.02616373693511719,-3.9062555555555566e-05,-0.039062555555555566,0.015339803515533282
0.067702,-6.974964009500059,0.016545321867234616,-3.9062555555555566e-05,-0.039062555555555566,0.015339803515533282
0.069958,-7.192205141495793,0.005422626935258152,-3.9062555555555566e-05,-0.039062555555555566,0.015339803515533282
0.072214,-7.518616618203772,-0.0066612674079903,-3.9062555555555566e-05,-0.039062555555555566,0.015339803515533282
0.07447,-7.736643148362904,-0.018779670853104044,-3.9062555555555566e-05,-0.039062555555555566,0.015339803515533282
0.084232,-8.831488188138948,-0.03822606866438959,-0.0004101563333333334,-0.4101563333333334,-0.04295147078744421
0.086487,-9.051242594257554,-0.046773948481233424,-0.0005371094444444445,-0.5371094444444445,-0.06289321884829599
0.088741,-9.271311159641519,-0.05229256834064052,-0.0006640625555555558,-0.6640625555555557,-0.08283496690914775
0.090997,-9.491536804658164,-0.05480337279550215,-0.0007910156666666668,-0.7910156666666668,-0.10277671496999952
0.093255,-9.822346511081168,-0.055078158309688714,-0.0008984375555555556,-0.8984375555555556,-0.11965050581840316
0.095527,-10.043043394995852,-0.05444656538812604,-0.001044921888888889,-1.044921888888889,-0.14266021109170307
0.097784,-10.263897358543213,-0.054287312293774544,-0.0011621094444444445,-1.1621094444444444,-0.16106798927297702
0.100039,-10.595492463129617,-0.05541978816533316,-0.001279296888888889,-1.279296888888889,-0.17947575000095847
0.102295,-10.816660585942339,-0.058019255802546424,-0.0014062500000000002,-1.4062500000000002,-0.19941749806181025
0.104555,-11.037828708755061,-0.061804970403603,-0.001542968777777778,-1.542968777777778,-0.22089323345553233
0.106813,-11.25931099083314,-0.0662834335045561,-0.0016796875555555556,-1.6796875555555555,-0.24236896884925443
0.109069,-11.591377334317581,-0.07106020572131694,-0.0018261718888888888,-1.826171888888889,-0.2653786741225544
0.111324,-11.812859616395661,-0.07610285671375988,-0.0019726562222222225,-1.9726562222222226,-0.2883883793958543
0.113585,-12.034341898473741,-0.08163245135548201,-0.002080078111111111,-2.0800781111111113,-0.30526217024425795
0.115842,-12.255824180551823,-0.0876494000398113,-0.0022265625555555556,-2.2265625555555557,-0.32827189297085035
0.1181,-12.588047603668944,-0.09351887332188268,-0.002353515666666667,-2.3535156666666666,-0.3482136410317021
0.120357,-12.809372806114345,-0.09807772011782155,-0.0025097656666666665,-2.5097656666666666,-0.3727573336378724
0.133153,-14.24539480807024,-0.09654824401894206,-0.0033593750000000004,-3.3593750000000004,-0.5062136556389385
0.135209,-14.465777532719562,-0.09721732953393084,-0.0034960937777777784,-3.4960937777777783,-0.5276893910326605
0.137464,-14.685846098103527,-0.09774654199967296,-0.0036425781111111117,-3.6425781111111117,-0.5506990963059605
0.139721,-14.905600504222132,-0.10014978205020797,-0.0037988281111111114,-3.7988281111111113,-0.5752427889121308
0.141991,-15.12504075107538,-0.1058631808730349,-0.0039550781111111115,-3.9550781111111117,-0.599786481518301
0.144249,-15.453808422273553,-0.11541379030603724,-0.0041503906666666675,-4.1503906666666674,-0.6304661060026601
0.146506,-15.672463270963403,-0.12825307805269148,-0.004462890666666667,-4.462890666666667,-0.6795534912150006
0.148762,-15.890803960387892,-0.14262975397155167,-0.004785156222222223,-4.785156222222223,-0.730174846306919
0.151024,-16.21768667599391,-0.15617993281026457,-0.005195312555555556,-5.195312555555556,-0.7946020524880852
0.15328,-16.434927807989645,-0.16689457533698407,-0.005517578111111112,-5.517578111111112,-0.8452234075800036
0.155534,-16.65185478072002,-0.1739369383572856,-0.005859375,-5.859375,-0.8989127373376626
0.157788,-16.868310514552356,-0.17737881244291434,-0.00620117188888889,-6.20117188888889,-0.9526020670953216
0.160045,-17.192051637504786,-0.17777194001528496,-0.0066015625555555565,-6.601562555555557,-1.0154952859436175
0.162307,-17.40725073427569,-0.1760131166222363,-0.006962890666666668,-6.962890666666668,-1.0722525729137247
0.164562,-17.62182151251587,-0.17320271622426434,-0.007294921888888891,-7.294921888888891,-1.1244079153385134
0.166816,-17.835921051858016,-0.1701949411236076,-0.00765625,-7.65625,-1.1811652023086205
0.16907,-18.155735183993453,-0.16735659455131113,-0.008037109444444445,-8.037109444444445,-1.2409904639444684
0.171333,-18.3682639270088,-0.16468215898040864,-0.008378906222222223,-8.378906222222223,-1.294679776248835
0.173589,-18.580164351493433,-0.16193736206500078,-0.008710937555555557,-8.710937555555557,-1.3468351361269162
0.175845,-18.791279377814668,-0.15865614801883623,-0.00909179688888889,-9.09179688888889,-1.4066603803094715
0.178102,-19.106695280235083,-0.15433287931931786,-0.009433593777777778,-9.433593777777778,-1.4603497100671303
0.180362,-19.315925350964164,-0.148808537622537,-0.009775390666666666,-9.775390666666667,-1.5140390398247894
0.182616,-19.524370023529848,-0.1424108543089343,-0.01010742188888889,-10.10742188888889,-1.566194382249578
0.184873,-19.732186377564815,-0.13567366743734638,-0.010439453111111111,-10.439453111111112,-1.6183497246743668
0.187128,-20.042104492841446,-0.12912487907903344,-0.010751953111111111,-10.751953111111112,-1.6674371098867073
0.189389,-20.2477217320189,-0.12318132808982932,-0.011054687555555555,-11.054687555555555,-1.71499052521947
0.191645,-20.452396493400272,-0.11803573282486801,-0.011347656222222224,-11.347656222222223,-1.7610099357660698
0.193899,-20.65612877698557,-0.11353538280755528,-0.011660156222222223,-11.660156222222223,-1.8100973209784104
0.196156,-20.959920786587702,-0.10940370547978695,-0.011933593777777779,-11.933593777777778,-1.8530487917658545
0.198416,-21.161139796050133,-0.10553065624357987,-0.01221679688888889,-12.21679688888889,-1.8975342324328766
0.200671,-21.36141632771648,-0.10201276722938087,-0.012490234444444446,-12.490234444444447,-1.9404857032203209
0.202928,-21.56075038158675,-0.0990834304923671,-0.012773437555555557,-12.773437555555557,-1.9849711438873427
0.205186,-21.857473807718307,-0.09720718486905884,-0.01302734377777778,-13.02734377777778,-2.0248546400090466
0.207448,-22.053823348567672,-0.0971207955071696,-0.013281250000000001,-13.281250000000002,-2.06473813613075
0.209704,-22.249230411620957,-0.09959522700874911,-0.013525390666666668,-13.525390666666668,-2.1030876623728756
0.211961,-22.443223757980125,-0.10501726753942085,-0.013769531222222225,-13.769531222222225,-2.141437171161709
0.214219,-22.732093202477706,-0.11306291368377847,-0.014023437555555558,-14.023437555555558,-2.181320684736705
0.216911,-22.923102035815965,-0.12414091786378928,-0.014443359444444448,-14.443359444444448,-2.2472818607974494
0.219169,-23.207259091333164,-0.13365221556325746,-0.01477539066666667,-14.775390666666668,-2.299437203222238
0.221427,-23.394969252385152,-0.1416058711799569,-0.01510742188888889,-15.10742188888889,-2.3515925456470264
0.223682,-23.581422776375707,-0.14706863675076162,-0.015410156222222225,-15.410156222222225,-2.399145943526497
0.225941,-23.766305504039465,-0.14987284081557145,-0.015722656222222225,-15.722656222222225,-2.448233328738837
0.228196,-24.041194861228572,-0.15047519108584456,-0.016005859444444447,-16.005859444444447,-2.492718786859152
0.230453,-24.222464757340703,-0.14987454977059442,-0.01630859377777778,-16.30859377777778,-2.540272184738622
0.23271,-24.40232093675872,-0.14933151471924921,-0.01659179688888889,-16.59179688888889,-2.5847576254056435
0.234969,-24.58076339948262,-0.1498674440712455,-0.01686523444444445,-16.86523444444445,-2.6277090961930885
0.237226,-24.845285500914883,-0.1518012284686559,-0.01715820311111111,-17.15820311111111,-2.6737285067396876
0.239487,-25.019800972821795,-0.15464323406283223,-0.01743164066666667,-17.43164066666667,-2.716679977527132
0.241743,-25.192431489136553,-0.1572704972963916,-0.017695312555555558,-17.695312555555557,-2.758097460981706
0.244005,-25.44847129040412,-0.1582275995225007,-0.01797851566666667,-17.97851566666667,-2.8025829016487283
0.251573,-26.03076548874699,-0.15380231010763012,-0.01888671877777778,-18.88671877777778,-2.9452431127404313
0.25363,-26.1930287493049,-0.14977626795151838,-0.01912109377777778,-19.12109377777778,-2.9820586516496865
0.255887,-26.35340705427066,-0.14455313486647928,-0.019394531222222223,-19.394531222222223,-3.025010104983838
0.258155,-26.59059729961669,-0.13940614326793163,-0.019687500000000004,-19.687500000000004,-3.0710295329837307
0.260412,-26.746263215602067,-0.13479187950331356,-0.01995117188888889,-19.95117188888889,-3.112447016438304
0.262668,-26.900044175995284,-0.13069418321688847,-0.020234375000000002,-20.234375000000004,-3.1569324571053263
0.264925,-27.051626021530993,-0.12702593174596394,-0.02052734377777778,-20.52734377777778,-3.202951885105219
0.267181,-27.275464498099268,-0.12380048739006709,-0.020800781222222224,-20.800781222222223,-3.2459033384393705
0.269442,-27.42201979538923,-0.12121626598214529,-0.02108398444444445,-21.08398444444445,-3.2903887965596854
0.271698,-27.56653305745436,-0.11967757127107491,-0.02136718755555556,-21.36718755555556,-3.3348742372267073
0.273954,-27.70884720466198,-0.1195113673603447,-0.021640625000000004,-21.640625000000004,-3.377825690560859
0.276212,-27.918391434656417,-0.12067247362067102,-0.021953125000000004,-21.953125000000004,-3.426913075773199
0.278475,-28.055207794720253,-0.12273098324605147,-0.02224609377777778,-22.24609377777778,-3.472932503773092
0.280731,-28.189825039926575,-0.12507601969023813,-0.022548828111111113,-22.548828111111114,-3.520485901652562
0.282987,-28.322086090642706,-0.12712346757755175,-0.022851562555555555,-22.851562555555557,-3.5680393169853244
0.285247,-28.516393596267235,-0.12852439155717518,-0.02316406255555556,-23.16406255555556,-3.617126702197665
0.287509,-28.642842700574224,-0.12936692619002965,-0.02346679688888889,-23.46679688888889,-3.664680100077135
0.289766,-28.76693561039102,-0.13007900177006002,-0.023759765666666672,-23.759765666666674,-3.710699528077028
0.29202,-28.94851966576851,-0.13101823521728295,-0.024072265666666672,-24.072265666666674,-3.759786913289368
0.294275,-29.066486469910807,-0.13224317959410992,-0.024384765666666672,-24.384765666666674,-3.808874298501709
0.296362,-29.181939999930233,-0.13365362184812335,-0.024687500000000005,-24.687500000000004,-3.856427696381179
0.298617,-29.294880255826786,-0.13498384114789247,-0.025029296888888893,-25.029296888888894,-3.910117026138838
0.300874,-29.405307237600468,-0.13596808957944329,-0.025351562555555558,-25.351562555555557,-3.9607383986840485
0.30313,-29.565999701831583,-0.13635255114874362,-0.025673828111111113,-25.673828111111114,-4.011359753775967
0.305394,-29.669829339032727,-0.13612351773117512,-0.02599609377777778,-25.99609377777778,-4.061981126321178
0.307649,-29.770988622478317,-0.13554002384564287,-0.026328125,-26.328125,-4.114136468745967
0.309903,-29.86947755216836,-0.13488316680202161,-0.02666992188888889,-26.66992188888889,-4.167825798503626
0.312161,-30.011948779008655,-0.13428757180835632,-0.026992187555555557,-26.992187555555557,-4.218447171048837
0.314423,-30.1035262048608,-0.13373948598539412,-0.02732421877777778,-27.32421877777778,-4.270602513473625
0.31668,-30.19227619732471,-0.13316663715132906,-0.027656250000000004,-27.656250000000004,-4.322757855898414
0.318934,-30.27804167676771,-0.13251477977467985,-0.02799804688888889,-27.99804688888889,-4.3764471856560725
0.321187,-30.40150626805379,-0.13177709123752768,-0.02832031255555556,-28.32031255555556,-4.427068558201284
0.323448,-30.480203164026214,-0.13092648738947676,-0.028652343777777783,-28.652343777777784,-4.479223900626073
0.325704,-30.55591554697773,-0.12988370287944462,-0.028984375000000003,-28.984375000000004,-4.531379243050861
0.327961,-30.62848633727565,-0.12863371621452221,-0.029287109444444452,-29.287109444444454,-4.578932658383624
0.330216,-30.732001815211436,-0.12732998806710966,-0.029638671888888895,-29.638671888888894,-4.634155958020861
0.332474,-30.797032783140743,-0.12617283457233514,-0.02994140622222223,-29.94140622222223,-4.681709355900331
0.334729,-30.85907923804914,-0.1252377757854877,-0.0302636718888889,-30.2636718888889,-4.732330728445541
0.336986,-30.91798410030395,-0.12450592498905669,-0.0305761718888889,-30.5761718888889,-4.781418113657883
0.339243,-31.00045090746068,-0.12400658498639863,-0.030898437555555568,-30.898437555555567,-4.832039486203094
0.341503,-31.051501788081517,-0.12385476130947165,-0.031210937555555564,-31.210937555555564,-4.881126871415434
0.34376,-31.09925399641608,-0.12422911233768485,-0.03150390622222223,-31.50390622222223,-4.927146281962034
0.346017,-31.16491328287611,-0.12542870629368139,-0.03181640622222223,-31.81640622222223,-4.976233667174374
0.348276,-31.20449735031134,-0.1278757535715683,-0.032099609444444455,-32.099609444444454,-5.020719125294689
0.350534,-31.2407827454603,-0.131916415780896,-0.032421875,-32.421875,-5.071340480386606
0.352793,-31.273769468322996,-0.13755766789705015,-0.03271484377777778,-32.71484377777778,-5.117359908386499
0.355047,-31.316966367309856,-0.1443515538644373,-0.032998046888888896,-32.998046888888894,-5.161845349053522
0.357304,-31.341470790007854,-0.15144337538827937,-0.03329101566666667,-33.291015666666674,-5.207864777053413
0.359561,-31.362519460786906,-0.1575669110809993,-0.03355468755555557,-33.55468755555557,-5.249282260507988
0.361822,-31.38011237964701,-0.1611115551171516,-0.03386718755555557,-33.86718755555557,-5.298369645720328
0.370898,-31.415926535897935,-0.1634743687455501,-0.03497070311111111,-34.97070311111111,-5.471709463843097
0.37293,-31.41404158030578,-0.15923096876623874,-0.03521484377777779,-35.21484377777779,-5.5100589900852235
0.375187,-31.404459722712332,-0.1525975402452368,-0.0354980468888889,-35.4980468888889,-5.554544430752245
0.377455,-31.393464148424766,-0.14509852542009383,-0.03578125000000001,-35.78125000000001,-5.599029871419266
0.379712,-31.378855742585575,-0.13783602972653403,-0.036044921888888894,-36.044921888888894,-5.640447354873841
0.381969,-31.360477425562074,-0.1314842615882637,-0.03630859377777778,-36.30859377777778,-5.681864838328415
0.384224,-31.326076986005265,-0.1264402646803487,-0.036591796888888896,-36.591796888888894,-5.7263502789954375
0.386485,-31.298273891020997,-0.12278423818811941,-0.03686523444444445,-36.865234444444454,-5.769301749782882
0.388744,-31.266857964485098,-0.12034967771424739,-0.037148437555555566,-37.14843755555557,-5.813787190449903
0.391002,-31.23167212676489,-0.11900158960906648,-0.037421875,-37.421875,-5.8567386437840545
0.393256,-31.171510627448647,-0.11877793585572048,-0.037714843777777785,-37.71484377777779,-5.902758071783947
0.395514,-31.12674293213499,-0.11969942981492068,-0.03800781255555557,-38.00781255555557,-5.94877749978384
0.397769,-31.07804824600435,-0.12157967156353502,-0.03829101566666667,-38.291015666666674,-5.993262940450862
0.400023,-30.99762347407245,-0.12410367623853005,-0.03857421877777778,-38.57421877777778,-6.037748381117884
0.402278,-30.939189850715685,-0.12706213188295337,-0.03887695311111112,-38.87695311111112,-6.085301778997354
0.404539,-30.876829236541926,-0.13046143530815052,-0.03919921877777779,-39.19921877777779,-6.135923151542565
0.406793,-30.810384551918503,-0.1344211383296128,-0.039521484444444456,-39.521484444444454,-6.186544524087776
0.409048,-30.70341332206377,-0.13901098331184175,-0.03982421877777779,-39.82421877777779,-6.234097921967246
0.411305,-30.627229700214215,-0.1441928626520382,-0.04016601566666667,-40.166015666666674,-6.287787251724905
0.413566,-30.546962007915,-0.1498605992340364,-0.040498046888888896,-40.498046888888894,-6.339942594149694
0.41582,-30.46261024516611,-0.15586085865679658,-0.040878906222222226,-40.87890622222223,-6.399767838332249
0.418075,-30.328621318490505,-0.16205730771311633,-0.041230468777777786,-41.23046877777779,-6.454991155422778
0.420329,-30.23421645925013,-0.1684008944258872,-0.04160156255555557,-41.60156255555557,-6.5132824297257566
0.422588,-30.135727529560093,-0.17487722009643256,-0.04202148444444445,-42.021484444444454,-6.5792436057865
0.424844,-30.033311609053065,-0.18136151005643406,-0.04240234377777778,-42.40234377777778,-6.639068849969055
0.427102,-29.871833746658552,-0.18763454470463145,-0.042871093777777786,-42.87109377777779,-6.712699927787566
0.42936,-29.759050570394677,-0.19353452909000707,-0.04330078122222223,-43.30078122222223,-6.780195073727888
0.431622,-29.642183323681135,-0.1990129340081342,-0.04375976566666667,-43.759765666666674,-6.8522921816668205
0.433879,-29.521074926885248,-0.20408028830232766,-0.0442480468888889,-44.2480468888889,-6.92899121669778
0.436134,-29.331951049139143,-0.2086864718076676,-0.044755859444444455,-44.755859444444454,-7.008758226394479
0.438388,-29.20063247621909,-0.21261614893997682,-0.04528320311111112,-45.28320311111112,-7.091593175850335
0.44065,-29.06507275321669,-0.2155328251324302,-0.045771484444444455,-45.771484444444454,-7.168292228334586
0.442907,-28.925428959764627,-0.21719556382652078,-0.04630859377777778,-46.30859377777778,-7.252661165123311
0.445161,-28.70818782776889,-0.21757555918005597,-0.04684570311111112,-46.84570311111112,-7.3370301019120365
0.447416,-28.55817677855998,-0.2167653555018877,-0.04738281255555556,-47.38281255555556,-7.421399056154056
0.449501,-28.40392457926872,-0.2149410538101555,-0.047900390666666674,-47.900390666666674,-7.502700035730332
0.451757,-28.245588309527793,-0.2123539428982519,-0.048408203111111124,-48.40820311111112,-7.582467027973739
0.454012,-28.00022992328243,-0.20935125196808693,-0.048935546888888896,-48.935546888888894,-7.6653019948828875
0.456266,-27.831369318151978,-0.20610282060838603,-0.04944335944444445,-49.443359444444454,-7.745069004579587
0.458527,-27.658424642571863,-0.20259601715383643,-0.049951171888888896,-49.951171888888894,-7.824835996822994
0.460782,-27.481238816909396,-0.19885195813376733,-0.05043945311111112,-50.43945311111112,-7.901535031853953
0.463037,-27.207763176414403,-0.1951268840646053,-0.05089843755555557,-50.898437555555574,-7.973632139792887
0.465294,-27.020053015362418,-0.19183441916030583,-0.05132812500000001,-51.32812500000001,-8.041127285733207
0.467552,-26.82841586349344,-0.18937132344299648,-0.05178710944444446,-51.78710944444446,-8.11322439367214
0.469813,-26.632380481909436,-0.1880122626946173,-0.052226562555555564,-52.22656255555557,-8.182253526945333
0.472069,-26.330787587164814,-0.18782911406137257,-0.05261718755555556,-52.61718755555556,-8.24361275846076
0.474325,-26.124384949823966,-0.18858545333737373,-0.05302734377777779,-53.027343777777794,-8.308039947188632
0.47658,-25.91405532166613,-0.18961926515041913,-0.0533886718888889,-53.3886718888889,-8.36479723415874
0.478841,-25.699484543425946,-0.18977938759066376,-0.053750000000000006,-53.75000000000001,-8.421554521128847
0.481098,-25.369774394431694,-0.18759487058601357,-0.05410156255555557,-54.101562555555574,-8.476777838219377
0.488666,-24.564898356581992,-0.18234347807724327,-0.055175781222222234,-55.175781222222234,-8.645515711796827
0.490725,-24.325666076011128,-0.1739164391241566,-0.055458984444444456,-55.458984444444454,-8.690001169917142
0.492994,-24.082506804623282,-0.16420884140564126,-0.05576171877777778,-55.76171877777778,-8.737554567796613
0.495254,-23.71007099554021,-0.1546458873105923,-0.05606445311111112,-56.06445311111112,-8.785107965676083
0.497512,-23.456701548028192,-0.14579829008464634,-0.05633789066666668,-56.33789066666668,-8.828059436463526
0.499769,-23.19940510969919,-0.1375100854464624,-0.056640625,-56.640625,-8.875612834342997
0.50203,-22.806077709469747,-0.1292941134993788,-0.0569042968888889,-56.9042968888889,-8.917030317797572
0.504286,-22.538728174649254,-0.12049155035476322,-0.05717773444444445,-57.17773444444445,-8.959981788585015
0.506542,-22.267608728644454,-0.11040785594089096,-0.057470703111111104,-57.470703111111106,-9.006001199131614
0.5088,-21.99256229182267,-0.09868711018635334,-0.05768554688888889,-57.685546888888894,-9.039748780828422
0.511061,-21.572688433670393,-0.0858504767852439,-0.05786132811111112,-57.86132811111111,-9.06736043064704
0.513316,-21.28806013925516,-0.07343013666605132,-0.05801757811111111,-58.017578111111106,-9.09190412325321
0.515574,-20.999347774390255,-0.06318542454033767,-0.058222656333333345,-58.22265633333335,-9.124117735070442
0.517832,-20.707022577973724,-0.05630610316323453,-0.05839843755555556,-58.39843755555556,-9.151729384889059
0.520097,-20.261387660062017,-0.05309293964442681,-0.058574218777777784,-58.57421877777779,-9.179341034707678
0.522352,-19.959637685684715,-0.053304810654967213,-0.05875000000000001,-58.75000000000001,-9.206952684526296
0.524608,-19.654117800123107,-0.05626092670543875,-0.058925781333333344,-58.92578133333334,-9.234564351798207
0.526862,-19.34498508300987,-0.060794448133168436,-0.059121093777777786,-59.12109377777779,-9.265243958829274
0.528947,-19.03223953434501,-0.06527488496203632,-0.05927734377777778,-59.27734377777778,-9.289787651435443
0.531203,-18.55628824732615,-0.06941318151764524,-0.059453125,-59.453125,-9.317399301254062
0.53346,-18.234589159598556,-0.07283701990450983,-0.059628906333333336,-59.62890633333333,-9.345010968525973
0.535714,-17.909277240319337,-0.07588548463739113,-0.05981445311111112,-59.81445311111111,-9.374156588224169
0.537972,-17.580509569121165,-0.07880230422227508,-0.05999023444444445,-59.99023444444445,-9.40176825549608
0.54023,-17.080839257567707,-0.0815046731735456,-0.06019531255555556,-60.19531255555556,-9.433981849860016
0.542488,-16.743589286204845,-0.08369818666137371,-0.06037109377777778,-60.37109377777778,-9.461593499678635
0.544746,-16.40288356292303,-0.08496748601404587,-0.06054687500000001,-60.54687500000001,-9.489205149497254
0.547005,-15.885620332509468,-0.08472170016206375,-0.060742187555555556,-60.74218755555555,-9.519884773981612
0.549261,-15.536746468328323,-0.08222377811254251,-0.060937500000000006,-60.93750000000001,-9.550564381012679
0.551518,-15.184573931860907,-0.0769601128992368,-0.06112304688888889,-61.123046888888894,-9.579710018164167
0.553774,-14.829259802739902,-0.06906653587581257,-0.06126953133333334,-61.26953133333334,-9.60271974089076
0.556035,-14.290633742281932,-0.059425076616042835,-0.06138671877777777,-61.38671877777777,-9.62112750161874
0.558292,-13.92762271115963,-0.04951029597938597,-0.061464843777777785,-61.46484377777779,-9.633399347921827
0.560546,-13.561470087383741,-0.040956552625791114,-0.061552734444444444,-61.55273444444445,-9.647205181557782
0.562802,-13.19249003021962,-0.034999114222119126,-0.06164062500000001,-61.640625000000014,-9.661010997740446
0.565061,-12.633600697145996,-0.032082779143564735,-0.06174804688888889,-61.74804688888889,-9.677884788588848
0.567323,-12.257552056511297,-0.03196775649567813,-0.06183593755555556,-61.83593755555556,-9.691690622224804
0.56958,-11.878518902855689,-0.034051413967796776,-0.061933593777777775,-61.93359377777777,-9.707030425740337
0.571834,-11.496972475077207,-0.03750215089398124,-0.062050781333333346,-62.05078133333335,-9.725438203921613
0.574091,-10.919547745347403,-0.0413991969355103,-0.062138671888888886,-62.13867188888889,-9.739244020104273
0.576352,-10.531246893363706,-0.045017782815610655,-0.062236328111111114,-62.23632811111111,-9.754583823619807
0.578607,-10.140432767257135,-0.047976095407092,-0.06232421877777779,-62.32421877777779,-9.768389657255764
0.580863,-9.747262446660372,-0.050143185910885485,-0.06243164066666668,-62.431640666666674,-9.785263448104168
0.583121,-9.152873116601185,-0.05145535455599647,-0.06252929688888889,-62.529296888888894,-9.8006032516197
0.585381,-8.753733769962599,-0.051811875496003114,-0.0626269531111111,-62.626953111111106,-9.815943055135234
0.587637,-8.352395308466505,-0.0508970415980671,-0.06272460944444445,-62.724609444444454,-9.83128287610406
0.589894,-7.948700652480215,-0.048138933626424074,-0.06281250000000001,-62.81250000000001,-9.845088692286723
0.592149,-7.339388757316476,-0.042912917112085676,-0.06291992188888888,-62.91992188888888,-9.861962483135125
0.59441,-6.930510473451763,-0.034941697354208746,-0.06301757811111111,-63.01757811111111,-9.877302286650659
0.596667,-6.519747233994898,-0.02477420218685763,-0.06299804688888888,-62.99804688888888,-9.87423432943821
0.598923,-6.107099038945879,-0.01397630791869641,-0.06297851566666668,-62.97851566666668,-9.871166372225764
0.607923,-4.228269552466503,0.012992776799354332,-0.06297851566666668,-62.97851566666668,-9.871166372225764
0.609993,-3.8063536590893934,0.019003240255616623,-0.06298828133333334,-62.98828133333334,-9.872700359558634
0.612249,-3.170809465268179,0.02216644465609668,-0.06297851566666668,-62.97851566666668,-9.871166372225764
0.614506,-2.745280740339441,0.02310774952565626,-0.06297851566666668,-62.97851566666668,-9.871166372225764
0.616762,-2.318652457981947,0.0229790567224813,-0.06298828133333334,-62.98828133333334,-9.872700359558634
0.61902,-1.6765109195881933,0.022483633083983552,-0.06298828133333334,-62.98828133333334,-9.872700359558634
0.621281,-1.2470552038424685,0.021780363100198773,-0.06297851566666668,-62.97851566666668,-9.871166372225764
0.623535,-0.8166570103006668,0.020686521888370762,-0.06297851566666668,-62.97851566666668,-9.871166372225764
0.625789,-0.38531633896278816,0.018934084252511123,-0.06296875000000002,-62.968750000000014,-9.869632384892894
0.628044,0.2632654643708247,0.01645247254511059,-0.06296875000000002,-62.968750000000014,-9.869632384892894
0.630308,0.6964910913008573,0.013503737937111538,-0.06298828133333334,-62.98828133333334,-9.872700359558634
0.632563,1.1303450367616075,0.010585531073556875,-0.06298828133333334,-62.98828133333334,-9.872700359558634
0.634821,1.5646702211203967,0.008090791569239,-0.06298828133333334,-62.98828133333334,-9.872700359558634
0.637076,2.2171790152709967,0.006163127605763366,-0.06298828133333334,-62.98828133333334,-9.872700359558634
0.639335,2.652446677425863,0.004612523217314776,-0.06297851566666668,-62.97851566666668,-9.871166372225764
0.641594,3.0880284988460875,0.003029091781856768,-0.06297851566666668,-62.97851566666668,-9.871166372225764
0.643853,3.523767399898992,0.0010245866739754382,-0.06297851566666668,-62.97851566666668,-9.871166372225764
0.64611,4.177532831111027,-0.0014921610533985294,-0.06296875000000002,-62.968750000000014,-9.869632384892894
0.64837,4.6131146525312525,-0.004266693112171524,-0.06298828133333334,-62.98828133333334,-9.872700359558634
0.650627,5.048696473951478,-0.0068454787936442435,-0.06298828133333334,-62.98828133333334,-9.872700359558634
0.652883,5.483964136106343,-0.00879391634251977,-0.06298828133333334,-62.98828133333334,-9.872700359558634
0.655139,6.136315850624263,-0.009776707037840456,-0.06297851566666668,-62.97851566666668,-9.871166372225764
0.657399,6.570483955350373,-0.00955922677664231,-0.06296875000000002,-62.968750000000014,-9.869632384892894
0.659656,7.004180821178444,-0.00790524103456393,-0.06297851566666668,-62.97851566666668,-9.871166372225764
0.661912,7.437249368475798,-0.0044950162382309915,-0.06297851566666668,-62.97851566666668,-9.871166372225764
0.664168,8.085202853278693,0.0010562668379791133,-0.06297851566666668,-62.97851566666668,-9.871166372225764
0.666428,8.516229365351212,0.008948011377050646,-0.06296875000000002,-62.968750000000014,-9.869632384892894
0.668685,8.946156319994975,0.01878769184905157,-0.06285156255555556,-62.85156255555556,-9.85122462416491
0.670941,9.374983717209982,0.02935798116013491,-0.06273437500000001,-62.73437500000001,-9.832816845983638
0.673196,10.0158686185423,0.03887832335418502,-0.06261718755555555,-62.61718755555555,-9.814409085255654
0.675459,10.441554423103717,0.04577770899607488,-0.06252929688888889,-62.529296888888894,-9.8006032516197
0.677718,10.86566943133834,0.04921725890163312,-0.06243164066666668,-62.431640666666674,-9.785263448104168
0.679975,11.288370722878845,0.04922536502918584,-0.06230468755555555,-62.30468755555555,-9.765321700043314
0.68223,11.919202527719676,0.04649276645606995,-0.06222656255555556,-62.22656255555556,-9.75304985374023
0.684489,12.337662669177837,0.04220161662663442,-0.062119140666666676,-62.119140666666674,-9.736176062891827
0.686745,12.754080775411165,0.037745470238327805,-0.06204101566666668,-62.04101566666668,-9.723904216588743
0.689002,13.375173643025866,0.034253601012478936,-0.06191406255555556,-61.91406255555556,-9.70396246852789
0.691257,13.786408121380768,0.03240624692245465,-0.061816406333333344,-61.81640633333335,-9.688622665012357
0.693514,14.19560056451084,0.03250089208871193,-0.06171875,-61.71875,-9.67328284404353
0.695774,14.602279733518039,0.03468281675541639,-0.06161132811111111,-61.61132811111111,-9.656409053195127
0.698029,15.207821717497472,0.03912530052489441,-0.061533203111111115,-61.53320311111111,-9.644137206892042
0.700286,15.60837478083017,0.04607860904660225,-0.06140625000000001,-61.40625000000001,-9.62419545883119
0.702545,16.00610041077464,0.05565697735567693,-0.06123046877777778,-61.23046877777778,-9.596583809012571
0.704806,16.401155686963556,0.06738559951926888,-0.06103515633333334,-61.03515633333334,-9.565904201981505
0.70706,16.988162274286807,0.08000330651359443,-0.06083007811111111,-60.830078111111106,-9.533690590164275
0.709316,17.37567772810711,0.09201865338872668,-0.06064453133333334,-60.64453133333334,-9.50454497046608
0.711575,17.76005158927382,0.10224375657330756,-0.06044921877777778,-60.44921877777778,-9.47386534598172
0.713838,18.141126778154263,0.10990915643986016,-0.06024414066666667,-60.24414066666667,-9.441651751617783
0.716093,18.706613455800426,0.11444172914611271,-0.06006835944444445,-60.06835944444445,-9.414040101799165
0.718347,19.079049264883494,0.11548407543017593,-0.059892578111111115,-59.89257811111111,-9.386428434527254
0.726399,20.53219294680145,0.10647316188057916,-0.059228515666666676,-59.228515666666674,-9.282117749677678
0.728956,20.885622120330304,0.10129060173274473,-0.05902343755555556,-59.02343755555556,-9.24990415531374
0.731212,21.40806897862229,0.09551329381021534,-0.058847656333333345,-58.84765633333335,-9.222292505495123
0.733467,21.750973816761615,0.09021020089039539,-0.058662109444444444,-58.66210944444445,-9.193146868343632
0.735725,22.089637504818594,0.08675173405452796,-0.058476562555555556,-58.47656255555555,-9.164001231192143
0.737986,22.423745883527868,0.08644048857333662,-0.05828125000000001,-58.28125000000001,-9.133321606707785
0.740246,22.91619053197807,0.09035086348228812,-0.05811523444444445,-58.11523444444445,-9.107243944222036
0.742503,23.238675017869063,0.09877466753744303,-0.05783203133333334,-57.83203133333334,-9.062758503555015
0.74476,23.55644711477967,0.11060336863149856,-0.05755859377777778,-57.55859377777778,-9.01980703276757
0.747021,24.023601942368472,0.12338539505381259,-0.057265625000000014,-57.265625000000014,-8.97378760476768
0.749279,24.32880766866472,0.13440261301127726,-0.056992187555555573,-56.992187555555574,-8.930836151433526
0.751537,24.628829767082546,0.14207317892866356,-0.05670898444444446,-56.70898444444446,-8.886350710766504
0.753794,24.923511157989267,0.14619142948578434,-0.056435546888888896,-56.435546888888894,-8.84339923997906
0.756055,25.355637227490543,0.1474097521399555,-0.05613281255555557,-56.132812555555574,-8.79584584209959
0.758311,25.63680976998683,0.14688395864333303,-0.05585937500000001,-55.85937500000001,-8.752894371312145
0.760567,25.912484525339334,0.1461202275609691,-0.05556640622222223,-55.566406222222234,-8.706874943312254
0.762824,26.182347334282696,0.14647749362256,-0.055234375,-55.234375,-8.654719600887464
0.765086,26.57630305304286,0.14846117134692327,-0.054902343777777786,-54.90234377777779,-8.602564258462676
0.767341,26.831557456147028,0.15164969529161035,-0.05459960944444446,-54.59960944444446,-8.555010860583206
0.769595,27.080842833209378,0.1552548343739889,-0.054277343777777785,-54.27734377777779,-8.504389488037996
0.771853,27.324002104597227,0.15865463999307022,-0.05391601566666667,-53.916015666666674,-8.447632201067888
0.774116,27.6772741984934,0.16152550267756827,-0.053544921888888895,-53.544921888888894,-8.38934092676491
0.776373,27.904725506613303,0.1639475656153727,-0.053203125000000004,-53.20312500000001,-8.335651597007251
0.778628,28.125893629426024,0.16651746867245,-0.05283203122222223,-52.83203122222223,-8.277360322704274
0.780887,28.340621487298886,0.1701736031567192,-0.05245117188888889,-52.451171888888894,-8.217535078521719
0.783149,28.65022544331016,0.17558191157424932,-0.0519824218888889,-51.9824218888889,-8.143904000703207
0.785405,28.848459939751674,0.1825791294027057,-0.05158203122222223,-51.58203122222223,-8.081010781854912
0.787663,29.039782932355294,0.19022306977995554,-0.0511230468888889,-51.1230468888889,-8.008913691369271
0.78992,29.224194421121016,0.19734736644361975,-0.05066406255555557,-50.66406255555557,-7.936816600883631
0.792181,29.487931124389878,0.203125988800842,-0.050166015666666675,-50.166015666666674,-7.858583578519801
0.794436,29.654906773928175,0.2073506623738664,-0.0496875,-49.6875,-7.78341851336842
0.796694,29.814813839995896,0.21033967725765784,-0.04917968755555557,-49.17968755555557,-7.703651521125014
0.79895,29.96749524296036,0.21265569286626723,-0.04865234377777779,-48.65234377777779,-7.620816554215866
0.801212,30.18285141936394,0.21471120342699399,-0.048134765666666676,-48.134765666666674,-7.539515574639588
0.803469,30.31731158493758,0.21647333827003834,-0.047587890666666674,-47.587890666666674,-7.453612650517992
0.805728,30.444231928142614,0.21742284302775064,-0.047050781222222234,-47.050781222222234,-7.369243696275974
0.807989,30.5637695286117,0.21688844613446498,-0.04650390622222223,-46.503906222222234,-7.283340772154379
0.810255,30.728703142925166,0.21446617605534443,-0.045966796888888904,-45.9667968888889,-7.198971835365652
0.812512,30.82907702820736,0.21025753897490426,-0.045449218777777786,-45.44921877777779,-7.117670855789375
0.814767,30.921754011488257,0.20484510477543122,-0.04492187500000001,-44.92187500000001,-7.034835888880227
0.817023,31.046161080570418,0.19906721374473765,-0.04443359377777779,-44.43359377777779,-6.958136853849268
0.819285,31.119360189399057,0.19370044589728652,-0.043984375000000006,-43.98437500000001,-6.887573733243205
0.821542,31.184548236961046,0.18926982131525782,-0.04345703122222223,-43.45703122222223,-6.804738766334058
0.823799,31.24172522325638,0.18600850725443085,-0.04303710944444445,-43.037109444444454,-6.738777607726607
0.826056,31.31256813759483,0.18385061204062744,-0.042578125,-42.578125,-6.666680499787673
0.828321,31.34963893090719,0.18246011897327657,-0.04215820311111112,-42.15820311111112,-6.6007193237269295
0.830581,31.378541583320214,0.18149328975551876,-0.041728515666666674,-41.728515666666674,-6.533224177786607
0.832836,31.39927609483391,0.18080796855482348,-0.04136718755555557,-41.36718755555557,-6.476466890816501
0.835094,31.41482697846918,0.18009633309649092,-0.04098632811111112,-40.98632811111112,-6.416641629180652
0.837356,31.414984058101858,0.17831296693403414,-0.04063476566666667,-40.63476566666667,-6.361418329543415
0.84482,31.34932477164183,0.1784672298492409,-0.039521484444444456,-39.521484444444454,-6.186544524087776
0.846878,31.31178273943143,0.17079419220136927,-0.039218750000000004,-39.21875000000001,-6.138991108755013
0.849134,31.239369028766188,0.1607294397640799,-0.03891601566666667,-38.916015666666674,-6.091437710875542
0.851404,31.180464166511378,0.14957213070231687,-0.038623046888888894,-38.623046888888894,-6.045418282875651
0.853661,31.113077004091878,0.13882825181501254,-0.0383105468888889,-38.3105468888889,-5.99633089766331
0.855916,31.037207541507687,0.1296004215202604,-0.038027343777777785,-38.02734377777779,-5.9518454569962875
0.858172,30.907302685281746,0.12239917379135792,-0.03774414066666667,-37.74414066666667,-5.907360016329266
0.860433,30.809913313020463,0.11721029933735,-0.037470703111111114,-37.47070311111111,-5.864408545541822
0.86269,30.704041640594486,0.11367786590030371,-0.0371875,-37.1875,-5.819923104874799
0.864948,30.58953058837114,0.11132547846180173,-0.036875000000000005,-36.87500000000001,-5.7708357196624585
0.867205,30.40150626805379,0.10977848620911564,-0.03663085944444445,-36.63085944444445,-5.732486210873626
0.869467,30.26563238578603,0.10885320560578689,-0.03636718755555557,-36.36718755555557,-5.691068727419053
0.871725,30.12096204408822,0.10848586250896235,-0.03611328122222223,-36.113281222222234,-5.651185213844056
0.873982,29.96780940222572,0.10868114804949752,-0.03580078122222223,-35.80078122222223,-5.602097828631716
0.876238,29.72182269744964,0.10949473767601502,-0.03553710944444446,-35.53710944444446,-5.560680362630435
0.878499,29.547150145910045,0.11094356751875376,-0.035273437555555565,-35.27343755555557,-5.5192628791758604
0.880754,29.363995294205758,0.11290360329736807,-0.03500976566666667,-35.009765666666674,-5.477845395721286
0.883012,29.073083814483343,0.11516227050301492,-0.034707031222222226,-34.70703122222223,-5.430291980388524
0.885268,28.86856613273465,0.11745837202917486,-0.034433593777777785,-34.43359377777779,-5.387340527054372
0.88753,28.65556615082126,0.11956492378610102,-0.03416015622222223,-34.160156222222234,-5.344389056266928
0.889787,28.434083868743183,0.12137679503747094,-0.03389648444444445,-33.896484444444454,-5.3029715902656465
0.892044,28.085995402725434,0.12297563369753874,-0.0336230468888889,-33.623046888888894,-5.260020119478202
0.894301,27.8434644498683,0.12451176017056588,-0.03333007811111112,-33.33007811111112,-5.21400069147831
0.896562,27.592608276479154,0.12612749929971662,-0.03303710944444445,-33.03710944444445,-5.16798128093171
0.89882,27.333426882557998,0.12792296775511608,-0.032753906222222226,-32.75390622222223,-5.123495822811395
0.901076,26.92910390804099,0.12991301648950077,-0.03247070311111112,-32.47070311111111,-5.079010382144373
0.903332,26.64934508223882,0.1320495207194965,-0.03214843755555556,-32.14843755555556,-5.028389027052455
0.905594,26.361418115537315,0.13431451805728778,-0.031855468777777785,-31.855468777777784,-4.9823695990525625
0.907853,26.065323007936474,0.1367080040008182,-0.03155273444444445,-31.552734444444454,-4.934816201173093
0.91011,25.60617924161433,0.1391685585479246,-0.031259765666666675,-31.259765666666674,-4.8887967731732
0.912366,25.290135020663197,0.14153803353179664,-0.03095703122222223,-30.95703122222223,-4.841243357840438
0.914628,24.96623681807809,0.14359585133704433,-0.03061523444444445,-30.61523444444445,-4.787554045536071
0.916885,24.634327554226328,0.1451010708453045,-0.030312500000000003,-30.312500000000004,-4.7400006302033075
0.919143,24.12209087205851,0.14589872764973175,-0.030000000000000002,-30.000000000000004,-4.690913244990967
0.921399,23.77101789301985,0.14590595373430082,-0.029687500000000002,-29.687500000000004,-4.641825859778627
0.923661,23.412405091612577,0.14495843225454982,-0.029345703111111118,-29.345703111111117,-4.588136530020968
0.925918,23.046252467836688,0.14266000836718623,-0.029033203111111117,-29.033203111111117,-4.539049144808628
0.928174,22.482964905048036,0.13849537670638556,-0.028701171888888898,-28.701171888888897,-4.48689380238384
0.93043,22.098433964248645,0.13205269589218077,-0.028378906222222226,-28.378906222222227,-4.4362724298386285
0.932694,21.706677360346,0.12330529565517945,-0.028095703111111113,-28.095703111111114,-4.391786989171606
0.934951,21.307695093340094,0.11300568865193722,-0.02788085944444445,-27.88085944444445,-4.358039424928092
0.937209,20.69618408331884,0.1027158141842087,-0.027675781222222223,-27.675781222222223,-4.325825813110862
0.939467,20.279765977085514,0.09438956944159371,-0.02746093755555556,-27.46093755555556,-4.292078248867347
0.941728,19.856750526279647,0.08956075585698145,-0.027236328111111114,-27.236328111111114,-4.256796679837669
0.943986,19.426980651268565,0.08888221392006498,-0.027021484444444452,-27.02148444444445,-4.223049115594155
0.946243,18.77007362740294,0.09202435501789856,-0.02680664066666667,-26.80664066666667,-4.189301533897348
0.9485,18.324124550225868,0.09778030184806687,-0.02657226566666667,-26.57226566666667,-4.152485994988092
0.95076,17.871892287741616,0.10426096720974018,-0.02635742188888889,-26.35742188888889,-4.118738413291285
0.953017,17.181841461380618,0.10924362626417036,-0.026123046888888887,-26.123046888888886,-4.0819228743820295
0.955276,16.714372474526456,0.11064826205122498,-0.02591796877777778,-25.91796877777778,-4.049709280018093
0.962873,15.0329920863252,0.11079210621401497,-0.025195312555555557,-25.195312555555557,-3.9361947060778784
0.964943,14.54023327860964,0.10195974061570372,-0.025029296888888893,-25.029296888888894,-3.910117026138838
0.967199,13.791120510361155,0.08886705263454744,-0.024921875000000003,-24.921875000000004,-3.8932432352904343
0.969459,13.285481172765877,0.07364291042060493,-0.024824218777777782,-24.82421877777778,-3.877903431774901
0.971717,12.774815286924856,0.05863779070351968,-0.02472656255555556,-24.72656255555556,-3.862563628259368
0.973979,12.25943701210345,0.04580245983243793,-0.024609375000000003,-24.609375000000004,-3.844155850078094
0.976234,11.47780875989031,0.0363769312761324,-0.02451171877777778,-24.51171877777778,-3.8288160465625602
0.978488,10.951120751515981,0.030739775677358513,-0.02442382811111111,-24.42382811111111,-3.815010212926605
0.980748,10.420191593059306,0.02845734124077816,-0.024296875000000002,-24.296875000000004,-3.795068464865753
0.983011,9.616258033005678,0.02829536302401328,-0.02419921877777778,-24.19921877777778,-3.77972866135022
0.985267,9.075432857690195,0.028539118827807075,-0.024082031222222224,-24.082031222222223,-3.761320883168946
0.987521,8.530994850823085,0.027612690550817547,-0.02399414066666667,-23.99414066666667,-3.747515066986283
0.98978,7.983101092037025,0.024446867696821983,-0.02388671877777778,-23.88671877777778,-3.7306412761378795
0.992042,7.154977268550755,0.018599915489525685,-0.02378906255555556,-23.78906255555556,-3.7153014726223463
0.994298,6.598915368865361,0.01040618086029393,-0.023750000000000004,-23.750000000000004,-3.7091655407441575
0.996554,6.040026035791737,0.0010280012710882722,-0.023759765666666672,-23.759765666666674,-3.710699528077028
0.998816,5.478466348962561,-0.007845037641362249,-0.023779296888888888,-23.779296888888886,-3.7137674852894755
1.001072,4.631335889922073,-0.014649313085905332,-0.023779296888888888,-23.779296888888886,-3.7137674852894755
1.003333,4.063650097418398,-0.018619001443309267,-0.023769531222222227,-23.769531222222227,-3.7122334979566056
1.005588,3.4939222696898886,-0.019760580198697,-0.023769531222222227,-23.769531222222227,-3.7122334979566056
1.007844,2.9221524067365463,-0.01859027600023825,-0.023779296888888888,-23.779296888888886,-3.7137674852894755
1.010102,2.0615130992856225,-0.015886474256032786,-0.023759765666666672,-23.759765666666674,-3.710699528077028
1.012363,1.4858162455152928,-0.012513449800861847,-0.023769531222222227,-23.769531222222227,-3.7122334979566056
1.014618,0.9090198343162067,-0.009157054225908193,-0.023769531222222227,-23.769531222222227,-3.7122334979566056
1.016873,0.33096678605568475,-0.0060852295625073004,-0.023779296888888888,-23.779296888888886,-3.7137674852894755
1.019129,-0.5375265030292137,-0.0032603080499811112,-0.023769531222222227,-23.769531222222227,-3.7122334979566056
1.021392,-1.1171503476165305,-0.0005388896659871928,-0.023769531222222227,-23.769531222222227,-3.7122334979566056
1.023647,-1.6972454311018859,0.0021692680458071786,-0.023769531222222227,-23.769531222222227,-3.7122334979566056
1.025903,-2.2774975942199207,0.004890051411486098,-0.023779296888888888,-23.779296888888886,-3.7137674852894755
1.028159,-3.147875838896973,0.007502917253648866,-0.023769531222222227,-23.769531222222227,-3.7122334979566056
1.03042,-3.7276567631169693,0.009794561667970044,-0.023769531222222227,-23.769531222222227,-3.7122334979566056
1.032676,-4.306966448438927,0.011559815795438253,-0.023759765666666672,-23.759765666666674,-3.710699528077028
1.034933,-4.885333655964808,0.012710984275531254,-0.023769531222222227,-23.769531222222227,-3.7122334979566056
1.037188,-5.751313670926835,0.01315817823563878,-0.023779296888888888,-23.779296888888886,-3.7137674852894755
1.03945,-6.327010524697164,0.01266221413394893,-0.023769531222222227,-23.769531222222227,-3.7122334979566056
1.041705,-6.901293661773379,0.010693072298405645,-0.023779296888888888,-23.779296888888886,-3.7137674852894755
1.04396,-7.473848922890118,0.006555704355104143,-0.023769531222222227,-23.769531222222227,-3.7122334979566056
1.046216,-8.32914752282994,-0.00034335434674773527,-0.023759765666666672,-23.759765666666674,-3.710699528077028
1.048477,-8.896676235700935,-0.010056599020573008,-0.023847656222222225,-23.847656222222223,-3.7245053442596907
1.050734,-9.46169167444906,-0.021727194734235438,-0.02396484377777778,-23.96484377777778,-3.7429131224409646
1.052991,-10.024036759441634,-0.03375802109193105,-0.02409179688888889,-24.09179688888889,-3.762854870501816
1.055249,-10.86221367941939,-0.04449874998995731,-0.024189453111111113,-24.189453111111114,-3.7781946740173495
1.057507,-11.417018942043349,-0.05302327177754559,-0.024287109444444448,-24.287109444444447,-3.793534494986176
1.059762,-11.968525532381037,-0.05932700523095629,-0.02442382811111111,-24.42382811111111,-3.815010212926605
1.062021,-12.78895245386601,-0.06403965389220914,-0.024501953111111113,-24.501953111111114,-3.82728205922969
1.064279,-13.331034266242929,-0.06817146594533292,-0.02461914066666667,-24.61914066666667,-3.8456898374109643
1.066536,-13.86903200817018,-0.0729211228648038,-0.024736328111111112,-24.736328111111114,-3.864097598138945
1.068794,-14.402788600015088,-0.07917804115612889,-0.02484375,-24.84375,-3.880971388987349
1.071049,-15.194627028352395,-0.08685893296123004,-0.02496093755555556,-24.96093755555556,-3.899379167168623
1.073306,-15.71644556811366,-0.0946490357376068,-0.025048828111111112,-25.048828111111114,-3.913184983351286
1.081383,-17.75094097057841,-0.10232068517576376,-0.025839843777777784,-25.839843777777784,-4.037437433715008
1.083453,-18.245427654253444,-0.10527132880682386,-0.02604492188888889,-26.04492188888889,-4.069651028078944
1.085708,-18.733631152621296,-0.10519697083630503,-0.026259765666666674,-26.259765666666674,-4.103398609775752
1.087962,-19.21555146568197,-0.1028389036216711,-0.026484375,-26.484375,-4.138680161352137
1.090222,-19.9260226442913,-0.09929492010751398,-0.026699218777777783,-26.699218777777784,-4.172427743048944
1.092484,-20.391292516287955,-0.09573613813134066,-0.02691406255555556,-26.91406255555556,-4.206175324745751
1.094739,-20.84949380481402,-0.09319321155309102,-0.027158203111111112,-27.158203111111114,-4.244524833534585
1.096995,-21.30031235060416,-0.09236561431799595,-0.02738281255555556,-27.38281255555556,-4.279806402564262
1.099253,-21.96271716161357,-0.09369099524000875,-0.02761718755555556,-27.61718755555556,-4.316621941473517
1.101514,-22.394686151482162,-0.09744563109782184,-0.027822265666666676,-27.822265666666677,-4.348835535837455
1.10377,-22.818801159716784,-0.10378489069332883,-0.02805664066666667,-28.05664066666667,-4.38565107474671
1.106026,-23.43957986806613,-0.11267323497595329,-0.02834960944444445,-28.34960944444445,-4.431670502746602
1.108281,-23.84296036478706,-0.12352755484145878,-0.02869140622222223,-28.69140622222223,-4.485359815050969
1.110542,-24.237701481710616,-0.13489249778278237,-0.029033203111111117,-29.033203111111117,-4.539049144808628
1.1128,-24.62364613920412,-0.14473101588289147,-0.029335937555555566,-29.335937555555567,-4.586602560141391
1.115055,-25.185834144564016,-0.1514819734852141,-0.029677734444444454,-29.677734444444454,-4.64029188989905
1.11731,-25.549159334951675,-0.15457069073315208,-0.03001953122222223,-30.019531222222227,-4.693981202203416
1.119571,-25.903059747378563,-0.1542094170578563,-0.030332031222222226,-30.332031222222227,-4.743068587415756
1.121829,-26.247535381844685,-0.1511809245216386,-0.030644531222222233,-30.644531222222234,-4.7921559726280964
1.124087,-26.745634897071348,-0.14674195790296343,-0.030947265666666668,-30.947265666666667,-4.839709387960859
1.126341,-27.065291949574107,-0.1422381634257532,-0.03126953122222223,-31.26953122222223,-4.890330743052778
1.1286,-27.374895905585383,-0.13851531966608513,-0.031572265666666675,-31.572265666666674,-4.937884158385541
1.130858,-27.67413260583981,-0.1357351726636491,-0.03186523444444445,-31.865234444444454,-4.983903586385433
1.133115,-28.103274162320176,-0.13356454604305157,-0.032167968777777785,-32.16796877777779,-5.031456984264903
1.135371,-28.37612148428445,-0.13151805729807203,-0.03249023444444445,-32.490234444444454,-5.082078356810114
1.137632,-28.637973231961162,-0.1292341588997138,-0.03277343755555557,-32.77343755555557,-5.126563797477137
1.139887,-28.888986484982986,-0.12668748563537754,-0.03306640622222223,-33.066406222222234,-5.1725832080237355
1.142141,-29.244457693736667,-0.124162686641564,-0.03334960944444445,-33.34960944444445,-5.21706866614405
1.144396,-29.467353692508865,-0.12198142226479815,-0.033632812555555565,-33.63281255555557,-5.261554106811073
1.146657,-29.678782878095458,-0.12027446113967333,-0.03392578122222223,-33.92578122222223,-5.307573517357672
1.148914,-29.87874525049645,-0.11901789721305646,-0.03419921877777778,-34.19921877777778,-5.350524988145117
1.151169,-30.156462041073784,-0.11808031741983707,-0.034472656222222224,-34.47265622222223,-5.393476441479268
1.153424,-30.326893442531034,-0.11718153479112546,-0.03477539066666667,-34.77539066666667,-5.4410298568120306
1.155686,-30.48522971227196,-0.11598171491188343,-0.035029296888888894,-35.029296888888894,-5.480913352933735
1.157943,-30.631470850296562,-0.11435568205420192,-0.03532226566666667,-35.322265666666674,-5.526932780933627
1.160196,-30.827977470778603,-0.1125115133111367,-0.035585937555555565,-35.58593755555557,-5.568350264388201
1.162452,-30.94358808043071,-0.11079573768675978,-0.035859375000000006,-35.85937500000001,-5.611301717722352
1.164709,-31.046789399101133,-0.10947056492888914,-0.0361230468888889,-36.1230468888889,-5.652719201176927
1.16697,-31.1374243471572,-0.10871769594581127,-0.03639648444444445,-36.396484444444454,-5.695670671964371
1.169227,-31.249579204890356,-0.10880003020872103,-0.03668945311111112,-36.68945311111112,-5.74169008251097
1.171484,-31.308641146777845,-0.11004547545091058,-0.03692382811111112,-36.92382811111112,-5.7785056214202255
1.173739,-31.35482255878561,-0.1126552667714604,-0.037226562555555565,-37.22656255555557,-5.826059036752989
1.176002,-31.399904413364627,-0.11661243583414833,-0.03751953122222223,-37.51953122222223,-5.872078447299589
1.17826,-31.4138845006731,-0.1218576668463888,-0.03780273444444446,-37.80273444444446,-5.916563905419903
1.180516,-31.4146698988365,-0.1284725423307252,-0.038095703111111115,-38.09570311111111,-5.962583315966502
1.182768,-31.40257476712018,-0.13660456633740892,-0.03834960944444445,-38.349609444444454,-6.002466829541499
1.185029,-31.35984910703136,-0.14623280118884385,-0.03867187500000001,-38.67187500000001,-6.053088184633417
1.187287,-31.31492433208502,-0.15697225903621306,-0.038974609444444454,-38.974609444444454,-6.10064159996618
1.189543,-31.25696194762629,-0.16784550143035165,-0.039296875,-39.296875,-6.1512629550580975
1.191796,-31.1856477943898,-0.17725953962642582,-0.039609375,-39.609375,-6.200350340270438
1.199386,-30.768758449258435,-0.18543990714873124,-0.04075195311111112,-40.75195311111112,-6.379826090271397
1.201442,-30.631470850296562,-0.18859073236087265,-0.04108398444444446,-41.08398444444446,-6.431981450149478
1.203694,-30.480988562189612,-0.18955361912126822,-0.04146484377777779,-41.46484377777779,-6.491806694332033
1.205951,-30.31731158493758,-0.1896481223399504,-0.041865234444444455,-41.865234444444454,-6.55469991318033
1.208222,-30.04729169636154,-0.18996417738493213,-0.042265625,-42.265625,-6.617593114575333
1.210477,-29.850785075879497,-0.19118564290640297,-0.0426855468888889,-42.6855468888889,-6.683554290636077
1.212732,-29.641240845885058,-0.19360633659787346,-0.043125000000000004,-43.12500000000001,-6.752583423909269
1.214986,-29.4188160860109,-0.19716435517113978,-0.043574218777777785,-43.57421877777779,-6.823146544515332
1.217248,-29.060674523501664,-0.20158995425746093,-0.044062500000000004,-44.06250000000001,-6.899845579546291
1.219505,-28.805891359295533,-0.20653879149917148,-0.04453125000000001,-44.53125000000001,-6.9734766573648015
1.221761,-28.53838474484236,-0.21162552637193352,-0.04503906255555557,-45.039062555555574,-7.053243667061502
1.224015,-28.113013099546304,-0.21639723264606367,-0.04558593755555557,-45.58593755555557,-7.139146591183097
1.226275,-27.81377639929188,-0.2203878752802903,-0.04607421877777779,-46.07421877777779,-7.2158456262140565
1.22853,-27.501973328423087,-0.22322349628539512,-0.04661132811111112,-46.61132811111112,-7.300214563002782
1.230787,-27.177760966572624,-0.22474905793907576,-0.04712890622222223,-47.128906222222234,-7.381515542579059
1.233045,-26.668351717793037,-0.22505958501315687,-0.047675781222222234,-47.675781222222234,-7.467418466700655
1.235306,-26.31350882757007,-0.22439347580717095,-0.048212890666666675,-48.212890666666674,-7.551787420942673
1.237561,-25.94657080563078,-0.22289079479013396,-0.048740234444444454,-48.740234444444454,-7.634622387851821
1.239818,-25.567851811240534,-0.22042012226210933,-0.04926757811111112,-49.26757811111112,-7.717457337307676
1.242073,-24.97754655163101,-0.21662982677897932,-0.0497949218888889,-49.7949218888889,-7.800292304216824
1.244335,-24.5694536659297,-0.21122554811602398,-0.0502636718888889,-50.2636718888889,-7.873923382035335
1.246589,-24.15005104667546,-0.20411327692676068,-0.0507324218888889,-50.7324218888889,-7.947554459853846
1.248846,-23.7193386938683,-0.19538242730348088,-0.051171875000000006,-51.17187500000001,-8.016583593127038
1.251103,-23.052378573511184,-0.18510656627739794,-0.051621093777777786,-51.62109377777779,-8.0871467137331
1.253364,-22.594177284985115,-0.17327304854023426,-0.05205078122222223,-52.050781222222234,-8.154641859673422
1.255621,-22.125137501804158,-0.15987293914872003,-0.05248046877777779,-52.48046877777779,-8.222137023067036
1.257877,-21.645573383233675,-0.14512586808068195,-0.05280273444444445,-52.802734444444454,-8.272758395612248
1.260134,-20.906984950374717,-0.1297212053017973,-0.05302734377777779,-53.027343777777794,-8.308039947188632
1.262393,-20.401816851677477,-0.11490652960698916,-0.05328125000000001,-53.28125000000001,-8.347923443310336
1.264649,-19.88690981575411,-0.10218766270056377,-0.05352539066666668,-53.52539066666668,-8.386272969552461
1.266906,-19.362420922237295,-0.09265426110847877,-0.05375976566666668,-53.75976566666668,-8.423088508461717
1.269165,-18.55785904365295,-0.08657751019311412,-0.05397460944444445,-53.974609444444454,-8.456836090158525
1.271427,-18.009965284866887,-0.0834504662932284,-0.05419921877777779,-54.19921877777779,-8.49211764173491
1.273681,-17.453275066650775,-0.08217795211341648,-0.054423828111111114,-54.42382811111111,-8.527399193311295
1.275935,-16.887788389004612,-0.08126728575280676,-0.054658203111111116,-54.65820311111111,-8.56421473222055
1.278191,-16.0240074889001,-0.07908930625709813,-0.054843750000000004,-54.84375000000001,-8.59336036937204
1.280448,-15.437943379372923,-0.07437140412988316,-0.05505859377777779,-55.05859377777779,-8.627107951068846
1.28271,-14.844025288211773,-0.06665013118878586,-0.05527343755555557,-55.27343755555557,-8.660855532765654
1.284965,-14.24256737468201,-0.056455288354603644,-0.055410156222222236,-55.410156222222234,-8.682331250706083
1.287219,-13.326793116160582,-0.045176279861204344,-0.055488281222222234,-55.488281222222234,-8.694603097009168
1.289473,-12.707428124505356,-0.03467852002400327,-0.055576171888888894,-55.576171888888894,-8.708408930645124
1.291733,-12.081622867910268,-0.026529163486646724,-0.05566406255555557,-55.66406255555557,-8.72221476428108
1.293991,-11.449220266742643,-0.021349514602347713,-0.055781250000000004,-55.78125000000001,-8.74062252500906
1.29625,-10.489463711070961,-0.0187720380105786,-0.05586914066666668,-55.86914066666668,-8.754428358645015
1.298505,-9.842452704064144,-0.017935324601009092,-0.055957031222222224,-55.95703122222223,-8.768234174827679
1.300765,-9.190100989546222,-0.01778560035281363,-0.056054687555555566,-56.05468755555557,-8.783573995796505
1.30302,-8.201913020359553,-0.01718015596264262,-0.056162109444444455,-56.162109444444454,-8.80044778664491
1.305277,-7.537466174125312,-0.015330928840504392,-0.05625000000000001,-56.25000000000001,-8.81425360282757
1.307534,-6.868621098176044,-0.012210445142142711,-0.05634765622222224,-56.347656222222234,-8.829593406343104
1.309793,-6.195691951777111,-0.008544466919673137,-0.0563574218888889,-56.3574218888889,-8.831127393675976
1.317413,-3.4702032451552856,-0.008158868710459012,-0.05632812500000001,-56.32812500000001,-8.826525449130656
1.319472,-2.781880294753762,-0.0058763044811077055,-0.05633789066666668,-56.33789066666668,-8.828059436463526
1.32173,-2.0915153091274052,-0.005046876304395587,-0.05633789066666668,-56.33789066666668,-8.828059436463526
1.323999,-1.3994224475415735,-0.005354956396392168,-0.05634765622222224,-56.347656222222234,-8.829593406343104
1.326255,-0.35861280140727486,-0.006331789722274525,-0.05634765622222224,-56.347656222222234,-8.829593406343104
1.328511,0.3364645731994669,-0.0075464015823503575,-0.0563574218888889,-56.3574218888889,-8.831127393675976
1.330767,1.0320131867042472,-0.00876099432713818,-0.05633789066666668,-56.33789066666668,-8.828059436463526
1.333029,2.075807345859456,-0.009957173420973407,-0.05634765622222224,-56.347656222222234,-8.829593406343104
1.335288,2.7715130389969156,-0.011197321560827221,-0.05634765622222224,-56.347656222222234,-8.829593406343104
1.337543,3.4664333339709783,-0.012544448718200426,-0.0563574218888889,-56.3574218888889,-8.831127393675976
1.339799,4.160411151148963,-0.01398771797862967,-0.05632812500000001,-56.32812500000001,-8.826525449130656
1.342061,5.19886460279307,-0.015322266419130284,-0.05634765622222224,-56.347656222222234,-8.829593406343104
1.344318,5.888915429154068,-0.01604720845275264,-0.05633789066666668,-56.33789066666668,-8.828059436463526
1.346576,6.5767671406575525,-0.01544300067787463,-0.05634765622222224,-56.347656222222234,-8.829593406343104
1.348832,7.262105578038167,-0.012662828634206128,-0.05633789066666668,-56.33789066666668,-8.828059436463526
1.351094,8.284536907148965,-0.006969426297899428,-0.05633789066666668,-56.33789066666668,-8.828059436463526
1.353352,8.961864283262925,0.0018775353913491853,-0.05633789066666668,-56.33789066666668,-8.828059436463526
1.355608,9.635421748192575,0.013215912839589884,-0.0562011718888889,-56.2011718888889,-8.806583701069805
1.357865,10.30489514267256,0.025431555655358012,-0.056113281222222235,-56.113281222222234,-8.792777867433848
1.360121,11.300465854595165,0.03646382831805827,-0.05599609377777778,-55.99609377777778,-8.774370106705868
1.362384,11.95800119699151,0.0447376330937204,-0.055908203111111124,-55.90820311111112,-8.760564273069912
1.364642,12.61019583187675,0.04973208821550163,-0.055800781222222234,-55.800781222222234,-8.743690482221508
1.366899,13.256578520352852,0.05210509963402247,-0.05567382811111112,-55.67382811111112,-8.723748734160656
1.369154,14.21476427969774,0.05332849290641428,-0.05558593755555557,-55.58593755555557,-8.709942917977994
1.371413,14.84528192527321,0.0552121923841818,-0.05550781255555557,-55.50781255555557,-8.69767107167491
1.373668,15.468888067010782,0.05932177467044081,-0.05540039066666667,-55.40039066666667,-8.680797280826505
1.375925,16.08511146601242,0.06638911779708327,-0.05526367188888889,-55.263671888888894,-8.659321545432784
1.378182,16.995073778124706,0.07608447746368754,-0.055029296888888905,-55.02929688888891,-8.622506006523528
1.380442,17.591662223041407,0.0871016308294606,-0.05481445311111112,-54.81445311111112,-8.58875842482672
1.382696,18.179768367793415,0.09755376655582582,-0.054589843777777786,-54.58984377777779,-8.553476873250336
1.384954,18.758920973482695,0.10584439497012721,-0.054375,-54.375,-8.519729291553528
1.387213,19.61060674187089,0.11133228558350522,-0.05414062500000001,-54.140625000000014,-8.482913752644272
1.389477,20.16619740265824,0.1145615925274271,-0.053896484444444455,-53.896484444444454,-8.44456424385544
1.391732,20.71204912621947,0.11699292069690892,-0.05368164066666667,-53.68164066666667,-8.410816662158632
1.393987,21.24753359402385,0.12048262184358019,-0.05344726566666668,-53.44726566666668,-8.374001123249377
1.396245,22.030732642563784,0.1267692919129114,-0.05318359377777778,-53.18359377777778,-8.332583639794803
1.398506,22.539199413547294,0.13692834826944184,-0.052910156222222234,-52.910156222222234,-8.289632169007358
1.400761,23.036199371345198,0.1509728005349255,-0.05263671877777778,-52.63671877777778,-8.246680715673207
1.40302,23.75970815946693,0.16784403076988197,-0.05220703122222223,-52.20703122222223,-8.179185552279593
1.405276,24.227020066688407,0.1857660611450111,-0.0517480468888889,-51.7480468888889,-8.107088461793952
1.407535,24.68192268292821,0.2029516365006848,-0.051318359444444454,-51.318359444444454,-8.039593315853631
1.409792,25.124101848920976,0.21819222512273895,-0.050830078111111114,-50.83007811111111,-7.962894263369378
1.412051,25.762944715028457,0.23116849630890535,-0.05039062500000001,-50.39062500000001,-7.893865130096186
1.414309,26.17229423779121,0.2422937574826328,-0.04989257811111112,-49.89257811111112,-7.815632107732357
1.416568,26.56797783251084,0.25245790933548495,-0.04937500000000001,-49.37500000000001,-7.73433112815608
1.418822,26.949681339922005,0.2626636439217358,-0.04887695311111112,-48.87695311111112,-7.656098105792251
1.42108,27.49584722274859,0.2732916125586706,-0.04833007811111112,-48.33007811111112,-7.5701951816706545
1.423336,27.841736573908825,0.2834238720486342,-0.047822265666666676,-47.822265666666674,-7.490428189427248
1.425597,28.17301751922987,0.29063223829799417,-0.04722656255555557,-47.22656255555557,-7.3968553635478855
1.427854,28.48937589944636,0.2918062619204693,-0.0466699218888889,-46.6699218888889,-7.309418452093419
1.435925,29.600714300653753,0.2786479896288021,-0.044824218777777786,-44.82421877777779,-7.019496085364694
1.437982,29.839161183061215,0.264681278835702,-0.04436523444444446,-44.365234444444454,-6.9473989948790535
1.440254,30.166358057932595,0.24616349269886226,-0.04389648444444445,-43.896484444444454,-6.873767917060543
1.442511,30.36412131547607,0.22642671638704845,-0.043398437555555565,-43.39843755555557,-6.795534894696714
1.444767,30.54523413195552,0.20746918513128915,-0.042949218777777784,-42.94921877777779,-6.724971774090651
1.447023,30.78540889032246,0.19031743983285734,-0.04250976566666667,-42.509765666666674,-6.655942640817458
1.449287,30.924424365243812,0.1754005270492497,-0.042109375000000004,-42.10937500000001,-6.593049421969162
1.451545,31.046475239835775,0.16276694150112858,-0.04170898444444445,-41.708984444444454,-6.53015622057416
1.453801,31.151247354832996,0.1522577947583276,-0.04131835944444445,-41.318359444444454,-6.468796989058734
1.456057,31.275968583180507,0.14366625224495494,-0.04094726566666667,-40.94726566666667,-6.410505714755756
1.458318,31.33738671955819,0.13680884576600563,-0.04058593755555557,-40.58593755555557,-6.353748427785649
1.460574,31.381211937075765,0.13148287224218236,-0.04025390622222223,-40.253906222222234,-6.301593067907568
1.46283,31.40744423573324,0.12738880290922144,-0.03989257811111112,-39.89257811111112,-6.244835780937461
1.465088,31.41357034140774,0.12412394532388005,-0.03957031255555556,-39.57031255555556,-6.1942144258455425
1.46735,31.3955061836496,0.12125388475846166,-0.0392480468888889,-39.2480468888889,-6.143593053300331
1.469606,31.359534947765997,0.11844725905675998,-0.038935546888888894,-38.935546888888894,-6.094505668087991
1.471862,31.30581371338961,0.11561286812971758,-0.03864257811111112,-38.64257811111112,-6.048486240088098
1.47412,31.1917739000643,0.11289971587715165,-0.03833007811111112,-38.33007811111111,-5.999398854875758
1.476382,31.093442050006942,0.11054496664487176,-0.03805664066666667,-38.05664066666667,-5.956447401541606
1.478637,30.977203121824118,0.10872425313819664,-0.0377636718888889,-37.7636718888889,-5.910427973541714
1.480893,30.843057115515833,0.10752539154510582,-0.03748046877777779,-37.48046877777779,-5.865942532874692
1.48315,30.608380144292678,0.10696512066583702,-0.037207031222222235,-37.207031222222234,-5.822991062087247
1.485413,30.4297806019361,0.10693831027567302,-0.03692382811111112,-36.92382811111112,-5.7785056214202255
1.487668,30.233431061086737,0.1072219493194184,-0.03665039066666667,-36.650390666666674,-5.7355541680860735
1.489923,30.01933152174459,0.10766277578031132,-0.03637695311111112,-36.37695311111111,-5.692602697298629
1.492181,29.665274029685023,0.10826789933462883,-0.036103515666666676,-36.103515666666674,-5.6496512439644775
1.494445,29.4073492728253,0.10911194207748431,-0.03583984377777778,-35.83984377777778,-5.608233760509904
1.496701,29.132145756370832,0.11024803340442821,-0.035556640666666674,-35.556640666666674,-5.563748319842882
1.498956,28.839663480321622,0.11177092231023915,-0.035302734444444456,-35.302734444444454,-5.523864823721179
1.501214,28.368738741548512,0.11375715513698502,-0.035029296888888894,-35.029296888888894,-5.480913352933735
1.503476,28.033687885043165,0.11610237988867475,-0.03473632811111112,-34.73632811111112,-5.434893924933842
1.505732,27.681829507841105,0.11854378801152454,-0.03446289066666667,-34.46289066666667,-5.39194247159969
1.507988,27.313320689575022,0.12094910595047823,-0.03419921877777778,-34.19921877777778,-5.350524988145117
1.510247,26.72961277453804,0.12344789654096364,-0.03392578122222223,-33.92578122222223,-5.307573517357672
1.512509,26.320263251775287,0.12628286366041802,-0.033632812555555565,-33.63281255555557,-5.261554106811073
1.514765,25.89489160647923,0.12957484318089474,-0.03334960944444445,-33.34960944444445,-5.21706866614405
1.517022,25.22746024722408,0.13324682937345056,-0.03306640622222223,-33.066406222222234,-5.1725832080237355
1.519281,24.762975773390828,0.13698932234354833,-0.03277343755555557,-32.77343755555557,-5.126563797477137
1.521545,24.28341165482035,0.14031036650077466,-0.03250000000000001,-32.50000000000001,-5.083612326689692
1.523802,23.788767891512634,0.14266979375818034,-0.03217773444444445,-32.177734444444454,-5.032990971597774
1.526059,23.019391850648493,0.14370923265981955,-0.0319042968888889,-31.904296888888897,-4.9900395008103295
1.528316,22.48846269219182,0.14315497529267773,-0.03160156255555557,-31.601562555555567,-4.94248610293086
1.530578,21.94355344642667,0.1407267199349289,-0.03128906255555556,-31.28906255555556,-4.893398717718519
1.532834,21.384664113353047,0.13637884627573935,-0.031035156222222228,-31.035156222222227,-4.853515204143522
1.53509,20.52151153177925,0.13072468194247183,-0.030839843777777782,-30.839843777777784,-4.822835597112456
1.53735,19.92979255547561,0.12497765364465246,-0.030644531222222233,-30.644531222222234,-4.7921559726280964
1.539612,19.325193049292256,0.12025114146624878,-0.030449218777777783,-30.449218777777784,-4.76147636559703
1.541867,18.70849841139258,0.11677233987032692,-0.030224609444444456,-30.224609444444457,-4.726194814020645
1.544122,17.76083698743722,0.11359593260976728,-0.030009765666666674,-30.009765666666674,-4.692447232323838
1.546381,17.114768458226475,0.10894654620671504,-0.029814453111111115,-29.814453111111114,-4.6617676078394785
1.553991,14.768155825627579,0.09503166943848194,-0.029101562555555564,-29.101562555555564,-4.549787021232135
1.556048,13.72498998500309,0.08350290409968489,-0.028984375000000003,-28.984375000000004,-4.531379243050861
1.558305,13.017974558312707,0.06861728439198626,-0.028876953111111117,-28.876953111111117,-4.5145054522024575
1.560562,12.302319751824951,0.05300644101005299,-0.028789062555555564,-28.789062555555564,-4.500699636019795
1.562834,11.578182645172504,0.039025034035614116,-0.028681640666666675,-28.681640666666674,-4.48382584517139
1.565088,10.47752565898732,0.02824593896925373,-0.028544921888888887,-28.544921888888886,-4.4623501097776685
1.567343,9.734538996413335,0.0208569739562725,-0.02847656255555556,-28.47656255555556,-4.451612250807454
1.569599,8.98479790963413,0.016009188534559363,-0.02834960944444445,-28.34960944444445,-4.431670502746602
1.57186,8.228616557915066,0.012103567245335872,-0.028251953111111113,-28.251953111111114,-4.416330681777776
1.574116,7.083506035681586,0.007335420975586669,-0.028144531222222227,-28.144531222222227,-4.399456890929373
1.57637,6.313658755919408,0.0006250522224231295,-0.02811523444444445,-28.11523444444445,-4.394854963837347
1.578627,5.538942007544165,-0.00772517976832122,-0.028105468777777778,-28.105468777777777,-4.3933209765044765
1.58089,4.760141188719255,-0.016189208596296887,-0.028125000000000004,-28.125000000000004,-4.396388933716924
1.583148,3.5848713770113134,-0.02288641225365941,-0.028125000000000004,-28.125000000000004,-4.396388933716924
1.585404,2.7974311783890315,-0.026533510960239124,-0.028125000000000004,-28.125000000000004,-4.396388933716924
1.587658,2.0076347852765575,-0.02672786849622504,-0.028125000000000004,-28.125000000000004,-4.396388933716924
1.589921,1.21579635693925,-0.023876949231704515,-0.028144531222222227,-28.144531222222227,-4.399456890929373
1.592178,0.02528982086139784,-0.019060362544020507,-0.028125000000000004,-28.125000000000004,-4.396388933716924
1.594432,-0.7695331204968199,-0.013566381838522499,-0.02811523444444445,-28.11523444444445,-4.394854963837347
1.596687,-1.5646702211203967,-0.008355010012422493,-0.028125000000000004,-28.125000000000004,-4.396388933716924
1.598948,-2.359336082845935,-0.0038048100442035914,-0.028134765666666672,-28.134765666666674,-4.397922921049795
1.601203,-3.5498426189237873,0.00011975427521434948,-0.028125000000000004,-28.125000000000004,-4.396388933716924
1.603459,-4.341681047261094,0.0036178274340044323,-0.028134765666666672,-28.134765666666674,-4.397922921049795
1.605714,-5.131634520006248,0.006638200517507249,-0.028134765666666672,-28.134765666666674,-4.397922921049795
1.607974,-5.918760559363171,0.008675511848286296,-0.028125000000000004,-28.125000000000004,-4.396388933716924
1.610229,-7.093716211805754,0.008733683670102983,-0.028134765666666672,-28.134765666666674,-4.397922921049795
1.612485,-7.872202871365305,0.005733585128925502,-0.028125000000000004,-28.125000000000004,-4.396388933716924
1.614739,-8.64629130120983,-0.0009417621188855183,-0.028144531222222227,-28.144531222222227,-4.399456890929373
1.616995,-9.41535318280861,-0.01079689628489671,-0.028281250000000004,-28.281250000000004,-4.420932626323095
1.619259,-10.558735829082616,-0.022065528021479187,-0.02839843755555556,-28.39843755555556,-4.439340404504369
1.621516,-11.313346384474885,-0.03233954601044576,-0.02853515622222223,-28.53515622222223,-4.460816122444799
1.623772,-12.061202515661936,-0.03989247179407504,-0.028632812555555567,-28.632812555555567,-4.476155943413625
1.626026,-13.169242244583055,-0.044277313442596535,-0.02875,-28.75,-4.494563704141605
1.628287,-13.898091740215886,-0.04614924669592641,-0.028886718777777782,-28.886718777777784,-4.516039439535327
1.630544,-14.618301856051348,-0.04694722032496669,-0.028974609444444452,-28.97460944444445,-4.529845273171284
1.632801,-15.329558432824076,-0.0485910594647674,-0.02908203122222223,-29.08203122222223,-4.546719046566395
1.635054,-16.37837914022503,-0.052788181779696255,-0.02920898444444445,-29.20898444444445,-4.5666608120805385
1.637315,-17.064974214667078,-0.06004562941634985,-0.029453125,-29.453125,-4.605010320869371
1.639573,-17.740573714821565,-0.06928529631062083,-0.029687500000000002,-29.687500000000004,-4.641825859778627
1.641831,-18.405177640688485,-0.07853318255037088,-0.029892578111111116,-29.892578111111117,-4.674039454142564
1.644087,-19.37985676146472,-0.08606170843837677,-0.0301074218888889,-30.107421888888897,-4.707787035839371
1.646346,-20.0141443182245,-0.0912081007073045,-0.030351562555555565,-30.351562555555564,-4.746136562081498
1.648601,-20.63570842473724,-0.09455121056788135,-0.030556640666666673,-30.556640666666674,-4.778350156445434
1.650857,-21.243763682839543,-0.09776524329638102,-0.030751953111111115,-30.751953111111117,-4.8090297634765005
1.653114,-22.13000697041722,-0.10306147539800035,-0.03095703122222223,-30.95703122222223,-4.841243357840438
1.655374,-22.70287639079932,-0.11217680130127879,-0.03116210944444445,-31.16210944444445,-4.873456969657667
1.657629,-23.260823246076868,-0.1254427367679769,-0.031406250000000004,-31.406250000000004,-4.9118064784465
1.659887,-23.803533376984507,-0.14146801958730143,-0.031708984444444456,-31.708984444444457,-4.959359893779263
1.662145,-24.587831982953197,-0.15726775623506312,-0.032031250000000004,-32.03125000000001,-5.00998124887118
1.664406,-25.090486807527565,-0.16906902077184918,-0.03233398444444445,-32.33398444444445,-5.057534664203944
1.672573,-26.93020346546975,-0.1857345439820794,-0.03339843755555556,-33.39843755555556,-5.2247385679018175
1.674632,-27.345679093907,-0.18373530681106276,-0.033632812555555565,-33.63281255555557,-5.261554106811073
1.676888,-27.742619325688068,-0.17732279470873072,-0.03392578122222223,-33.92578122222223,-5.307573517357672
1.679157,-28.302608216190446,-0.1688597528614583,-0.03423828122222223,-34.23828122222223,-5.356660902570013
1.681412,-28.651953319269634,-0.15982305418862627,-0.034501953111111115,-34.50195311111111,-5.3980783860245865
1.683667,-28.981663468263882,-0.15074313615783966,-0.03479492188888889,-34.794921888888894,-5.444097814024479
1.685923,-29.291424503907837,-0.1418788218882923,-0.03504882811111112,-35.04882811111112,-5.4839813101461825
1.688185,-29.71836694553069,-0.1336147841793457,-0.035341796888888895,-35.341796888888894,-5.530000738146075
1.690441,-29.977391259819168,-0.12650546002454716,-0.03560546877777779,-35.60546877777779,-5.5714182216006485
1.692695,-30.215523982961273,-0.12102567118583943,-0.0358886718888889,-35.888671888888894,-5.615903662267671
1.694951,-30.43276511495701,-0.11742775093335388,-0.03615234377777778,-36.15234377777778,-5.6573211457222445
1.697212,-30.71896420569904,-0.11566397529346069,-0.03642578122222223,-36.425781222222234,-5.7002725990563965
1.699468,-30.882798262583744,-0.11535574981672224,-0.036699218777777785,-36.69921877777779,-5.743224069843841
1.701723,-31.02511240979136,-0.1158398737128439,-0.03697265622222223,-36.972656222222234,-5.7861755231779926
1.703978,-31.145435408423854,-0.11641011594437085,-0.037255859444444456,-37.255859444444454,-5.8306609812983075
1.706239,-31.28492212224324,-0.11662796680128254,-0.0375292968888889,-37.529296888888894,-5.8736124346324585
1.708495,-31.350267249437906,-0.1165187743273462,-0.03783203122222223,-37.83203122222223,-5.921165832511929
1.710753,-31.393149989159408,-0.1164823885116173,-0.03811523444444445,-38.115234444444454,-5.965651290632244
1.713013,-31.415926535897935,-0.11706952306295684,-0.0383886718888889,-38.3886718888889,-6.008602743966395
1.715275,-31.402888926385536,-0.11871896628337608,-0.0387011718888889,-38.7011718888889,-6.057690129178736
1.717532,-31.367388929399972,-0.12156079306404569,-0.03900390622222223,-39.003906222222234,-6.105243527058206
1.719787,-31.30942654494124,-0.12534717809947432,-0.03930664066666667,-39.30664066666667,-6.152796942390968
1.722043,-31.18015000724602,-0.1296291679306091,-0.03964843755555557,-39.64843755555557,-6.206486272148628
1.724303,-31.065796034655353,-0.134072203927033,-0.03997070311111112,-39.97070311111111,-6.257107627240545
1.726558,-30.928822594958838,-0.13861650566568634,-0.04030273444444445,-40.302734444444454,-6.309262987118627
1.728813,-30.769386767789154,-0.1433817923858591,-0.04065429688888889,-40.654296888888894,-6.364486286755864
1.731068,-30.488214225292868,-0.14854293106677774,-0.04103515622222223,-41.03515622222223,-6.424311530938419
1.733328,-30.272858048889287,-0.1543175435082173,-0.04138671877777778,-41.38671877777778,-6.4795348480289485
1.735586,-30.035353644277897,-0.16091787265864463,-0.04177734377777779,-41.77734377777779,-6.540894079544374
1.737842,-29.77554393182602,-0.1683838754420055,-0.0421875,-42.1875,-6.605321268272247
1.740097,-29.344988658651545,-0.17644485635662926,-0.0426074218888889,-42.6074218888889,-6.671282444332992
1.742358,-29.030515234027206,-0.18456951721289439,-0.04305664066666667,-43.056640666666674,-6.741845564939054
1.744613,-28.694678979358454,-0.1921780169024427,-0.04351562500000001,-43.51562500000001,-6.813942655424695
1.746869,-28.337322815012616,-0.19892879369938257,-0.04396484377777778,-43.96484377777778,-6.884505776030758
1.749126,-27.761783040874963,-0.2048404135346392,-0.04446289066666667,-44.462890666666674,-6.962738798394587
1.75138,-27.351962279214177,-0.21023199922542052,-0.0449511718888889,-44.9511718888889,-7.039437833425546
1.753641,-26.921564085672376,-0.21543747699217602,-0.045449218777777786,-45.44921877777779,-7.117670855789375
1.755897,-26.47090261951492,-0.22043183996689825,-0.045937500000000006,-45.93750000000001,-7.194369890820334
1.758154,-25.757289848251997,-0.2247347785538539,-0.04649414066666667,-46.49414066666667,-7.2818068022748
1.760413,-25.256991218167826,-0.2276903579056027,-0.04704101566666667,-47.041015666666674,-7.367709726396396
1.762674,-24.73752887289675,-0.22883338043911855,-0.04759765622222223,-47.59765622222223,-7.45514662039757
1.764927,-24.19905989207146,-0.22792740535326414,-0.04808593755555557,-48.08593755555557,-7.531845672881822
1.767183,-23.356798901644037,-0.22482458148541354,-0.048623046888888896,-48.623046888888894,-7.616214609670547
1.769439,-22.772619747709015,-0.2193834193066628,-0.0491699218888889,-49.1699218888889,-7.702117533792143
1.771699,-22.17084767491389,-0.21163752879516037,-0.0496875,-49.6875,-7.78341851336842
1.773954,-21.5519539221567,-0.20191216867943157,-0.05011718755555557,-50.11718755555557,-7.850913676762035
1.776208,-20.59219736648502,-0.19087188526285845,-0.05042968755555557,-50.42968755555557,-7.9000010619743755
1.778462,-19.931991670333126,-0.17944392820445537,-0.05072265622222223,-50.722656222222234,-7.946020472520975
1.780722,-19.25623509054596,-0.16834201724870418,-0.05102539066666667,-51.02539066666667,-7.993573887853738
1.78298,-18.565398866021564,-0.15735780377217568,-0.051318359444444454,-51.318359444444454,-8.039593315853631
1.79055,-15.659582741083684,-0.1457928299801575,-0.05228515622222223,-52.285156222222234,-8.191457398582678
1.792606,-14.900259796711032,-0.13135111774544955,-0.05251953122222223,-52.51953122222223,-8.228272937491933
1.794875,-14.128841720622058,-0.11411840791628929,-0.052763671888888905,-52.76367188888891,-8.266622463734059
1.797133,-12.950273236627847,-0.09452125660581652,-0.052890625000000004,-52.89062500000001,-8.28656421179491
1.799388,-12.151209145187282,-0.07407147596415893,-0.05297851566666668,-52.978515666666674,-8.300370045430865
1.801644,-11.34209195725523,-0.05497894705400906,-0.05311523444444445,-53.115234444444454,-8.321845780824589
1.803906,-10.523392911729731,-0.03917833635684092,-0.05321289066666668,-53.21289066666668,-8.337185584340121
1.806163,-9.279165141275493,-0.02742555421579993,-0.05335937500000001,-53.35937500000001,-8.36019528961342
1.808421,-8.43957450460362,-0.019021422322716086,-0.05348632811111112,-53.48632811111112,-8.380137037674272
1.810677,-7.592758204828492,-0.012320125053663963,-0.05357421877777779,-53.574218777777794,-8.393942871310228
1.812935,-6.739344560480825,-0.005541537110909614,-0.05369140622222224,-53.69140622222224,-8.41235063203821
1.81519,-5.448149979855419,0.0023216530098532015,-0.05366210944444445,-53.662109444444454,-8.407748704946185
1.817445,-4.581070407464637,0.010955123781191508,-0.053652343777777785,-53.65234377777779,-8.406214717613313
1.819701,-3.7094355257261484,0.01892940631535582,-0.053652343777777785,-53.65234377777779,-8.406214717613313
1.821962,-2.8341878124360322,0.024490969186661132,-0.05363281255555557,-53.63281255555557,-8.403146760400865
1.824221,-1.5161326146224343,0.026356499786576473,-0.05363281255555557,-53.63281255555557,-8.403146760400865
1.826476,-0.6349158752904973,0.024220373083859298,-0.0536230468888889,-53.6230468888889,-8.401612773067995
1.82873,0.2477145807355552,0.018840733355287444,-0.05363281255555557,-53.63281255555557,-8.403146760400865
1.83099,1.130816275659646,0.011804601242162403,-0.0536230468888889,-53.6230468888889,-8.401612773067995
1.833247,2.454997579147744,0.005050149961731058,-0.05363281255555557,-53.63281255555557,-8.403146760400865
1.835502,3.3363713981123606,0.00010741643427092992,-0.053652343777777785,-53.65234377777779,-8.406214717613313
1.837757,4.215860261484823,-0.0023255187553766947,-0.05363281255555557,-53.63281255555557,-8.403146760400865
1.840013,5.529988468481434,-0.0023664529119169298,-0.05363281255555557,-53.63281255555557,-8.403146760400865
1.842272,6.401623350219922,-0.0005433014652105571,-0.053613281222222225,-53.61328122222223,-8.400078785735126
1.844528,7.269017081876064,0.0027581226602787813,-0.0536230468888889,-53.6230468888889,-8.401612773067995
1.846787,8.131227185653783,0.007618326081423033,-0.053613281222222225,-53.61328122222223,-8.400078785735126
1.849044,9.413311147583777,0.014490826879642541,-0.05357421877777779,-53.574218777777794,-8.393942871310228
1.851304,10.259813288093547,0.023626712148169776,-0.0534667968888889,-53.466796888888894,-8.377069080461826
1.853561,11.09861852660202,0.034471678114621214,-0.05330078122222223,-53.300781222222234,-8.350991400522785
1.855816,11.929098544578483,0.0456644596204203,-0.053164062555555565,-53.16406255555557,-8.329515682582356
1.858073,13.15793251103013,0.05571577438666624,-0.05300781255555557,-53.00781255555557,-8.304971989976185
1.860335,13.964850584104669,0.06373362201609677,-0.05287109377777779,-52.87109377777779,-8.283496254582463
1.862591,14.761087242157004,0.06978319495230029,-0.052763671888888905,-52.76367188888891,-8.266622463734059
1.864845,15.546014166656414,0.07487863520438999,-0.0526074218888889,-52.6074218888889,-8.242078771127888
1.867099,16.700706546483342,0.08055014079553237,-0.05249023444444445,-52.490234444444454,-8.223671010399908
1.86936,17.454374624079534,0.08807916995297228,-0.0521386718888889,-52.1386718888889,-8.168447693309378
1.871616,18.19437677363261,0.09785557063863806,-0.05186523444444446,-51.865234444444454,-8.125496239975226
1.873871,18.92008467661185,0.10925792318050002,-0.05156250000000001,-51.562500000000014,-8.077942824642463
1.876129,19.980529276831085,0.12117561756007161,-0.05125976566666668,-51.25976566666668,-8.030389426762992
1.878393,20.667752669803853,0.13269550102056965,-0.050937500000000004,-50.93750000000001,-7.979768054217782
1.880651,21.338482701345274,0.1436317398384972,-0.050615234444444455,-50.615234444444454,-7.929146699125864
1.882906,21.99224813255731,0.15479984026790441,-0.05029296877777779,-50.29296877777779,-7.878525326580653
1.885162,22.939595397247313,0.16783503444472384,-0.049990234444444455,-49.990234444444454,-7.830971928701183
1.887423,23.548121894247654,0.18440121825181127,-0.04958984377777778,-49.58984377777778,-7.768078709852887
1.88968,24.13764175569378,0.20505473156446632,-0.04902343755555557,-49.02343755555557,-7.679107828518844
1.891936,24.70752666305497,0.2285848338427554,-0.04849609377777779,-48.49609377777779,-7.5962728616096955
1.894191,25.524497832620995,0.2523319413813077,-0.04795898444444446,-47.958984444444454,-7.51190392482097
1.896455,26.04317477972867,0.2730581167112214,-0.04738281255555556,-47.38281255555556,-7.421399056154056
1.898714,26.540645976424614,0.2875768506701473,-0.0468261718888889,-46.8261718888889,-7.333962144699589
1.900973,27.01612602454543,0.2935046800053863,-0.04626953122222223,-46.26953122222223,-7.246525233245123
1.908561,28.690909068174147,0.29404317644230105,-0.044541015666666676,-44.541015666666674,-6.975010644697672
1.910632,29.05093558627554,0.28292336941044227,-0.04407226566666667,-44.072265666666674,-6.901379566879161
1.91289,29.386457681678927,0.26729471453885256,-0.04359375,-43.59375,-6.8262145017277795
1.915148,29.843559412776244,0.24951222413223367,-0.0431542968888889,-43.1542968888889,-6.757185368454588
1.917404,30.117035053271234,0.2307295137621166,-0.04270507811111112,-42.70507811111112,-6.686622247848525
1.919663,30.365063793272146,0.21147732734425692,-0.042265625,-42.265625,-6.617593114575333
1.921921,30.587331473513625,0.19255539233184954,-0.041835937555555563,-41.83593755555556,-6.550097968635011
1.924178,30.872116847561543,0.1752497290353541,-0.04146484377777779,-41.46484377777779,-6.491806694332033
1.926434,31.029196480241033,0.16090685065861113,-0.041093750000000005,-41.09375000000001,-6.433515420029056
1.928694,31.159886734630366,0.15034812466813052,-0.04075195311111112,-40.75195311111112,-6.379826090271397
1.930952,31.263716371831507,0.14350974285492676,-0.04038085944444446,-40.38085944444446,-6.321534833421713
1.933207,31.369430964624804,0.1393621491966913,-0.040048828111111115,-40.04882811111111,-6.269379473543631
1.935464,31.406030519039124,0.13630326815212432,-0.03970703122222223,-39.70703122222223,-6.215690143785972
1.937726,31.415612376632577,0.132883380223789,-0.039384765666666675,-39.384765666666674,-6.165068788694053
1.939984,31.39801945777247,0.12843916076463563,-0.03908203122222223,-39.08203122222223,-6.117515373361291
1.942244,31.320579198861484,0.12321729200271514,-0.03875,-38.75,-6.0653600309365014
1.944499,31.234970799051162,0.1180818627480732,-0.0384667968888889,-38.4667968888889,-6.0208745902694805
1.94676,31.122030543154608,0.11399973788803884,-0.03817382811111112,-38.17382811111112,-5.974855162269588
1.949017,30.901647818505285,0.11153785089173052,-0.03791015622222223,-37.91015622222223,-5.933437678815014
1.951275,30.72084916129119,0.11048084434717213,-0.03758789066666667,-37.587890666666674,-5.8828163237230955
1.95353,30.51287572762355,0.11007823142219061,-0.03731445311111112,-37.31445311111112,-5.839864852935651
1.955792,30.27819875640039,0.10967688994966247,-0.03704101566666667,-37.04101566666667,-5.796913399601499
1.95805,29.875917817108217,0.1090696998405637,-0.03675781255555557,-36.75781255555557,-5.7524279589344784
1.960308,29.574482001996277,0.10839059145757088,-0.03650390622222223,-36.50390622222223,-5.712544445359482
1.962564,29.246813888226864,0.10796071298957048,-0.0362011718888889,-36.2011718888889,-5.664991047480012
1.964826,28.89307055543265,0.1082601707989228,-0.03595703122222223,-35.95703122222223,-5.626641521237886
1.967084,28.314075029376053,0.10970499754741649,-0.03567382811111112,-35.67382811111112,-5.582156080570863
1.969341,27.89624320644861,0.11230518960312508,-0.03541015622222223,-35.410156222222234,-5.54073859711629
1.971596,27.45343572192513,0.11563509198068561,-0.03512695311111112,-35.12695311111112,-5.496253156449267
1.973857,26.98565257580561,0.11913157969469344,-0.0348730468888889,-34.8730468888889,-5.456369660327565
1.976116,26.238581842781954,0.12229457923810337,-0.03459960944444445,-34.59960944444445,-5.413418206993413
1.978374,25.710637197346188,0.12481764081995031,-0.03430664066666667,-34.306640666666674,-5.36739877899352
1.980629,25.159287686641182,0.12662644612379464,-0.034042968777777786,-34.04296877777779,-5.325981295538946
1.982892,24.585004549564967,0.12780856204480756,-0.03375,-33.75,-5.279961867539053
1.985148,23.681325422759862,0.12828031512962798,-0.033486328111111116,-33.48632811111111,-5.23854438408448
1.987404,23.05159317534779,0.12755358598037855,-0.03320312500000001,-33.20312500000001,-5.194058943417457
1.98966,22.400655177523983,0.12480655505526095,-0.03290039066666667,-32.90039066666667,-5.146505545537988
1.991919,21.728982668186486,0.11944703347347553,-0.03263671877777779,-32.63671877777779,-5.105088062083414
1.994178,20.68377479233716,0.11173514767240633,-0.032441406222222226,-32.44140622222223,-5.074408437599055
1.996437,19.962779278338303,0.10295846500179175,-0.03224609377777778,-32.24609377777778,-5.043728830567988
1.998694,19.223248367683265,0.09497867428359079,-0.032070312555555563,-32.07031255555556,-5.0161171807493705
2.000954,18.46549621963741,0.0893723283058665,-0.03186523444444445,-31.865234444444454,-4.983903586385433
2.003209,17.296509593236646,0.08676588614340626,-0.03166015622222223,-31.660156222222227,-4.951689974568204
2.005464,16.496345944367327,0.08656675809560123,-0.031464843777777786,-31.464843777777787,-4.921010367537137
2.00772,15.680788491495415,0.08712104434522269,-0.0312792968888889,-31.279296888888897,-4.891864730385649
2.00998,14.850151393886273,0.08626322734129373,-0.031083984444444455,-31.083984444444454,-4.8611851233545815
2.012235,13.577649289549727,0.08227230039892622,-0.030898437555555568,-30.898437555555567,-4.832039486203094
2.01449,12.712768832016458,0.07471938358263433,-0.03080078122222223,-30.80078122222223,-4.8166996652342675
2.016748,11.835322003868828,0.06442879209776459,-0.0307324218888889,-30.7324218888889,-4.805961806264053
2.019012,10.497946011235655,0.05269296161116345,-0.030625,-30.625,-4.789088015415648
2.027208,6.824638801025788,0.026496755216683036,-0.03024414066666667,-30.24414066666667,-4.729262771233093
2.029214,5.886402155031196,0.014589763488310939,-0.030214843777777785,-30.214843777777784,-4.724660826687775
2.031471,4.942039403362104,0.0021221414856722846,-0.030205078111111117,-30.205078111111117,-4.723126839354904
2.033742,3.9923359441819093,-0.009619161207632721,-0.03024414066666667,-30.24414066666667,-4.729262771233093
2.035999,3.038234255286689,-0.019172910686873143,-0.030234375000000004,-30.234375000000004,-4.727728783900223
2.038253,1.6004843773713202,-0.025200358576040742,-0.030234375000000004,-30.234375000000004,-4.727728783900223
2.040509,0.6389999457401639,-0.027027068730727025,-0.030234375000000004,-30.234375000000004,-4.727728783900223
2.042769,-0.3237411229524282,-0.024925621868345876,-0.03024414066666667,-30.24414066666667,-4.729262771233093
2.045025,-1.7685595843383743,-0.02006221792801411,-0.03024414066666667,-30.24414066666667,-4.729262771233093
2.047282,-2.7306723345002486,-0.01407435538361946,-0.03024414066666667,-30.24414066666667,-4.729262771233093
2.049536,-3.6910572087026483,-0.008634091502594726,-0.030234375000000004,-30.234375000000004,-4.727728783900223
2.051795,-4.648928808782176,-0.005026755968843982,-0.03024414066666667,-30.24414066666667,-4.729262771233093
2.05405,-6.078196386532853,-0.00402350922952481,-0.030234375000000004,-30.234375000000004,-4.727728783900223
2.056306,-7.024915332692138,-0.0057944233231149115,-0.030224609444444456,-30.224609444444457,-4.726194814020645
2.058561,-7.96582233244228,-0.010108919695743148,-0.030234375000000004,-30.234375000000004,-4.727728783900223
2.060821,-8.899660748721846,-0.016474613320569417,-0.0302636718888889,-30.2636718888889,-4.732330728445541
2.063077,-10.285731427485663,-0.02417465228278052,-0.030390625000000004,-30.390625000000004,-4.752272476506393
2.065334,-11.198678252618857,-0.03229466091593043,-0.030517578111111113,-30.517578111111114,-4.772214224567245
2.067591,-12.101571981260562,-0.039890320822322134,-0.03063476566666667,-30.63476566666667,-4.790622002748519
2.069852,-12.993470135614707,-0.04636004116952791,-0.030722656222222228,-30.722656222222227,-4.804427818931182
2.072108,-14.309169138938111,-0.05171289101818222,-0.030820312555555566,-30.820312555555567,-4.819767639900008
2.074361,-15.169965526021715,-0.056551493897059255,-0.03095703122222223,-30.95703122222223,-4.841243357840438
2.076617,-16.016781825796844,-0.061763480099823465,-0.031044921888888896,-31.044921888888897,-4.855049191476393
2.078877,-16.848832640100103,-0.06804416003781492,-0.031220703111111116,-31.220703111111117,-4.882660841295011
2.081134,-18.067456430427583,-0.07536020375326195,-0.031435546888888895,-31.435546888888894,-4.916408422991819
2.08339,-18.85882361986685,-0.08281922531282768,-0.03166015622222223,-31.660156222222227,-4.951689974568204
2.085648,-19.632440810813335,-0.08924463891923948,-0.03188476566666667,-31.88476566666667,-4.986971543597881
2.087908,-20.387679684736323,-0.09399993458293701,-0.03208007811111112,-32.08007811111112,-5.017651150628947
2.090162,-21.484095520839162,-0.09729266746648939,-0.032275390666666674,-32.275390666666674,-5.048330775113307
2.092419,-22.18969723083543,-0.09989351737752115,-0.03249023444444445,-32.490234444444454,-5.082078356810114
2.094677,-22.874093190419966,-0.10281591341654582,-0.03267578122222223,-32.67578122222223,-5.1112239765083105
2.096934,-23.536655081062055,-0.10701575925381068,-0.0329199218888889,-32.9199218888889,-5.149573502750436
2.099193,-24.487929336569042,-0.11288420526422442,-0.0332324218888889,-33.2324218888889,-5.1986608879627765
2.10145,-25.09284300201776,-0.11981411684913813,-0.03352539066666667,-33.52539066666667,-5.244680315962668
2.103708,-25.67356640403383,-0.12641142203910716,-0.03381835944444445,-33.818359444444454,-5.290699743962562
2.105964,-26.229314144453863,-0.13120300010585056,-0.03410156255555556,-34.10156255555556,-5.335185184629584
2.108223,-27.01518354674935,-0.13327869333251774,-0.03439453122222223,-34.394531222222234,-5.381204595176183
2.110481,-27.506214478505434,-0.1325023567753716,-0.03466796877777779,-34.66796877777779,-5.424156065963627
2.112736,-27.97038479307333,-0.12950822384696584,-0.03494140622222223,-34.94140622222223,-5.467107519297779
2.114993,-28.40706617192231,-0.12542345188953813,-0.03521484377777779,-35.21484377777779,-5.5100589900852235
2.117254,-29.00978072251351,-0.12151284549490886,-0.03550781255555557,-35.50781255555557,-5.556078418085116
2.11951,-29.375933346289404,-0.1189467055866595,-0.03577148444444445,-35.771484444444454,-5.5974959015396895
2.121766,-29.713026238019584,-0.11854111157773213,-0.036044921888888894,-36.044921888888894,-5.640447354873841
2.124022,-30.163373544911682,-0.12054755995430044,-0.03630859377777778,-36.30859377777778,-5.681864838328415
2.126283,-30.42616777038447,-0.1246346941256335,-0.03660156255555557,-36.601562555555574,-5.727884266328308
2.128539,-30.658645626750115,-0.13020565783791865,-0.03686523444444445,-36.865234444444454,-5.769301749782882
2.130793,-30.86065003437594,-0.13665635996565492,-0.037148437555555566,-37.14843755555557,-5.813787190449903
2.133049,-31.10538010209058,-0.14334172740264522,-0.037431640666666675,-37.431640666666674,-5.858272631116925
2.135313,-31.22963009154006,-0.1493948658828917,-0.037705078111111116,-37.70507811111111,-5.901224084451076
2.137569,-31.322464154453638,-0.1537531082687853,-0.0379980468888889,-37.9980468888889,-5.94724351245097
2.145136,-31.376342468462703,-0.15251042602978637,-0.038984375,-38.984375,-6.102175569845757
2.147193,-31.310054863471958,-0.15214159677550834,-0.039277343777777786,-39.27734377777779,-6.14819499784565
2.149463,-31.211880093047277,-0.15035552221754234,-0.039599609444444454,-39.599609444444454,-6.198816370390861
2.15172,-31.08181815718866,-0.14836714588767452,-0.03993164066666667,-39.931640666666674,-6.250971712815649
2.153978,-30.919869055896108,-0.14717180613308228,-0.04027343755555556,-40.27343755555556,-6.304661042573309
2.156234,-30.617333683355408,-0.14768620016835773,-0.040605468777777785,-40.60546877777779,-6.356816384998097
2.158496,-30.37621644719239,-0.15054125042083127,-0.04094726566666667,-40.94726566666667,-6.410505714755756
2.160753,-30.103683284493478,-0.1557370245572985,-0.04134765622222223,-41.34765622222223,-6.473398916150759
2.163009,-29.636528456904674,-0.16264237474185642,-0.0417480468888889,-41.748046888888894,-6.536292134999056
2.165267,-29.28655503529477,-0.1703585591709861,-0.04216796877777778,-42.16796877777778,-6.602253311059799
2.167527,-28.90610816494505,-0.17815111837251565,-0.04254882811111112,-42.54882811111112,-6.6620785552423545
2.169783,-28.495344925488183,-0.18567031809419343,-0.042978515666666675,-42.978515666666674,-6.72957371863597
2.172039,-27.823672416150682,-0.19293481265689055,-0.04344726566666667,-43.447265666666674,-6.80320479645448
2.174296,-27.33923882896714,-0.20013312848617237,-0.04391601566666667,-43.91601566666667,-6.876835874272991
2.176561,-26.825902589370564,-0.20731764001677128,-0.044375000000000005,-44.37500000000001,-6.948932964758631
2.17882,-26.284449095524366,-0.21411818776345548,-0.0448730468888889,-44.8730468888889,-7.027165987122461
2.181077,-25.420196956521814,-0.2197730885755717,-0.045410156222222234,-45.410156222222234,-7.1115349239111865
2.183334,-24.810099663194677,-0.2233562045042026,-0.04591796877777779,-45.91796877777779,-7.191301933607886
2.185594,-24.173770071210065,-0.22401791991084755,-0.04644531255555557,-46.44531255555557,-7.274136900517034
2.18785,-23.511522339833334,-0.22114720820523898,-0.04697265622222223,-46.97265622222223,-7.356971849972889
2.190106,-22.471183932597075,-0.21452640428617606,-0.04750000000000001,-47.50000000000001,-7.439806816882037
2.192363,-21.747203905577308,-0.2043805053643405,-0.04806640622222223,-48.066406222222234,-7.528777698216081
2.194626,-20.999819013288295,-0.19137060054064817,-0.0484667968888889,-48.4667968888889,-7.591670917064377
2.196882,-20.229814653893435,-0.17656896749840775,-0.04881835944444446,-48.81835944444446,-7.646894234154907
2.199135,-19.033810330671802,-0.1612791103608471,-0.04914062500000001,-49.14062500000001,-7.697515589246824
2.20139,-18.210398896165916,-0.14666158135773152,-0.04949218755555557,-49.49218755555557,-7.752738906337354
2.203654,-17.367195427942416,-0.13331452101725005,-0.0497949218888889,-49.7949218888889,-7.800292304216824
2.205913,-16.504828244532018,-0.12119211495982021,-0.05011718755555557,-50.11718755555557,-7.850913676762035
2.20817,-15.17750534839033,-0.10977193144274795,-0.050449218777777784,-50.44921877777779,-7.903069019186823
2.210426,-14.271312947462354,-0.09830976555430193,-0.0507324218888889,-50.7324218888889,-7.947554459853846
2.21268,-13.349255503633751,-0.08619716272675058,-0.05090820311111112,-50.90820311111112,-7.975166109672464
2.214942,-12.412275494700594,-0.07344392156020506,-0.05104492188888891,-51.04492188888891,-7.996641845066186
2.217198,-10.980965881725085,-0.0607805870635621,-0.05114257811111112,-51.14257811111112,-8.011981648581719
2.219454,-10.010842070296555,-0.049040547995180615,-0.051318359444444454,-51.318359444444454,-8.039593315853631
2.221713,-9.029408525315105,-0.0385964085147407,-0.05146484377777778,-51.46484377777778,-8.06260302112693
2.223974,-8.037450644944128,-0.029283560113451124,-0.051630859444444455,-51.630859444444454,-8.088680701065972
2.226228,-6.532313604609258,-0.02056334474291591,-0.05172851566666667,-51.72851566666667,-8.104020504581504
2.228483,-5.51899289419387,-0.01176139269045022,-0.05177734377777778,-51.77734377777778,-8.111690406339271
2.230739,-4.498760679940584,-0.0025826652805689063,-0.051796875,-51.796875,-8.114758363551719
2.233,-3.4731877581761963,0.006451792340225354,-0.05173828122222224,-51.73828122222224,-8.105554474461082
2.235258,-1.9264246151812614,0.014277322812744062,-0.05175781255555556,-51.75781255555556,-8.108622449126823
2.237515,-0.8915839950887834,0.020060209027527344,-0.051767578111111115,-51.76757811111111,-8.1101564190064
2.239773,0.14514158059584845,0.023464275952617953,-0.0517480468888889,-51.7480468888889,-8.107088461793952
2.242034,1.7008582626535143,0.02455638281264342,-0.05173828122222224,-51.73828122222224,-8.105554474461082
2.244287,2.736641360542069,0.0239840903124105,-0.05173828122222224,-51.73828122222224,-8.105554474461082
2.246541,3.7703824232057905,0.023105759212314607,-0.05175781255555556,-51.75781255555556,-8.108622449126823
2.248799,4.800981893215922,0.02358919980920405,-0.051767578111111115,-51.76757811111111,-8.1101564190064
2.25106,6.33753486008669,0.026608628290123355,-0.05175781255555556,-51.75781255555556,-8.108622449126823
2.253316,7.354311322421027,0.03235477546178974,-0.05175781255555556,-51.75781255555556,-8.108622449126823
2.255571,8.364019201284787,0.040041346271962104,-0.051767578111111115,-51.76757811111111,-8.1101564190064
2.263615,12.30593258337658,0.038618918891020454,-0.051279296888888895,-51.279296888888894,-8.033457383975442
2.266174,13.734414762963858,0.0470207820335745,-0.051074218777777784,-51.07421877777779,-8.001243789611504
2.268432,14.668881497774143,0.056651483658027746,-0.050937500000000004,-50.93750000000001,-7.979768054217782
2.27069,15.587640269316479,0.06817458375781454,-0.05078125000000001,-50.78125000000001,-7.955224361611612
2.272945,16.489591520162108,0.08229895999590733,-0.05060546877777779,-50.60546877777779,-7.927612711792993
2.275204,17.80906043466982,0.09887912473255504,-0.050273437555555564,-50.27343755555557,-7.875457369368205
2.27746,18.664673193875,0.11678079775398809,-0.04990234377777779,-49.90234377777779,-7.817166095065228
2.279716,19.50002268046453,0.1342395771946603,-0.04952148444444446,-49.52148444444446,-7.757340850882673
2.281973,20.314166416642323,0.14962607971468606,-0.04917968755555557,-49.17968755555557,-7.703651521125014
2.284235,21.49336321916725,0.16233380676759507,-0.04882812500000001,-48.82812500000001,-7.6484282040344835
2.286491,22.250015809784355,0.17306985197969463,-0.04845703122222223,-48.457031222222234,-7.590136929731506
2.288745,22.982321057336133,0.1833392161996369,-0.048105468777777785,-48.10546877777779,-7.53491363009427
2.290999,23.689022324761158,0.19443596191209278,-0.04763671877777779,-47.63671877777779,-7.461282552275759
2.293262,24.699672681420996,0.20660709211179706,-0.047089843777777786,-47.08984377777779,-7.375379628154163
2.295519,25.3391438660592,0.21867350669439736,-0.04649414066666667,-46.49414066666667,-7.2818068022748
2.297775,25.95034071681509,0.22858332975452775,-0.04594726566666667,-45.94726566666667,-7.195903878153204
2.300032,26.81255082059281,0.23437526717587387,-0.04542968755555556,-45.42968755555556,-7.114602898576927
2.302296,27.349763164356666,0.2349546471849239,-0.04491210944444445,-44.912109444444454,-7.03330191900065
2.304554,27.85618790011534,0.23029355159338344,-0.0444042968888889,-44.4042968888889,-6.953534909303951
2.306809,28.331196709338116,0.22144035452025443,-0.04387695311111112,-43.87695311111111,-6.870699942394802
2.309063,28.983234264590678,0.21021730739952427,-0.043437500000000004,-43.43750000000001,-6.801670809121609
2.311323,29.37703290371816,0.1985999261333443,-0.04298828122222223,-42.98828122222223,-6.731107688515547
2.31358,29.73737358108491,0.18806267671886795,-0.042568359444444454,-42.568359444444454,-6.665146529908096
2.315834,30.063785057792888,0.1792027527315344,-0.04212890622222223,-42.12890622222223,-6.596117379181611
2.318092,30.488685464190908,0.17180875233865214,-0.041718750000000006,-41.71875000000001,-6.5316901904537366
2.320354,30.72838898365981,0.16511576952945023,-0.04131835944444445,-41.318359444444454,-6.468796989058734
2.32261,30.932749585775824,0.15828320100891147,-0.04095703122222223,-40.957031222222234,-6.412039684635334
2.324866,31.101610190906275,0.1509362486730486,-0.040605468777777785,-40.60546877777779,-6.356816384998097
2.327125,31.28727831673343,0.14329710808364166,-0.040234375,-40.234375,-6.2985251106951194
2.329387,31.365975212705855,0.13593128943251773,-0.039902343777777786,-39.90234377777779,-6.246369768270331
2.331643,31.40807255426396,0.129497976485753,-0.039599609444444454,-39.599609444444454,-6.198816370390861
2.333899,31.41372742104042,0.12454127803593773,-0.039277343777777786,-39.27734377777779,-6.14819499784565
2.336156,31.353565921724176,0.12124322743982188,-0.03894531255555556,-38.94531255555556,-6.096039655420862
2.338418,31.267643362648496,0.11924351036775638,-0.03864257811111112,-38.64257811111112,-6.048486240088098
2.340675,31.145121249158493,0.11786869281139671,-0.038339843777777785,-38.33984377777779,-6.000932842208629
2.342933,30.985999581254173,0.11663020669772682,-0.0380761718888889,-38.0761718888889,-5.959515358754055
2.345188,30.679065978998448,0.11545307427899892,-0.037783203111111115,-37.78320311111111,-5.913495930754162
2.347449,30.42915228340538,0.1145872452710867,-0.03748046877777779,-37.48046877777779,-5.865942532874692
2.349705,30.14311027229603,0.11446388274922883,-0.037216796888888896,-37.216796888888894,-5.824525049420118
2.351961,29.821411184568433,0.11564662239976138,-0.03693359377777779,-36.93359377777779,-5.780039608753096
2.35422,29.272732027618975,0.11861153742275751,-0.03667968755555556,-36.67968755555556,-5.740156112631393
2.356481,28.863225425223547,0.12335856615852084,-0.036386718777777785,-36.38671877777779,-5.6941366846315
2.358736,28.41916130363863,0.12933474268993395,-0.0361230468888889,-36.1230468888889,-5.652719201176927
2.360994,27.941167981394944,0.13592515355447563,-0.035859375000000006,-35.85937500000001,-5.611301717722352
2.363254,27.16142468477396,0.14279226289563557,-0.035585937555555565,-35.58593755555557,-5.568350264388201
2.365516,26.600807475740858,0.14976361739482644,-0.035312500000000004,-35.31250000000001,-5.525398793600756
2.367775,26.007831862375784,0.15643192141423282,-0.035029296888888894,-35.029296888888894,-5.480913352933735
2.37003,25.059856279155063,0.1618919062739588,-0.03477539066666667,-34.77539066666667,-5.4410298568120306
2.372287,24.38975456614436,0.1645950620949397,-0.03449218755555557,-34.49218755555557,-5.39654441614501
2.374549,23.689807722924556,0.1625366936545065,-0.03422851566666667,-34.22851566666667,-5.3551269326904345
2.382011,20.6099473649778,0.14441865820084385,-0.033378906222222234,-33.378906222222234,-5.221670593236077
2.384068,19.774126639490234,0.13143852774349762,-0.03319335944444445,-33.193359444444454,-5.19252497353788
2.386327,18.91380149130467,0.11528958620459838,-0.03302734377777778,-33.02734377777778,-5.166447293598839
2.388597,18.03022855748254,0.09976181795459026,-0.032822265666666676,-32.822265666666674,-5.134233699234902
2.390852,17.124036156554567,0.08684614626702078,-0.03263671877777779,-32.63671877777779,-5.105088062083414
2.393107,15.725084947911032,0.07667884427647864,-0.0324511718888889,-32.4511718888889,-5.075942424931926
2.395363,14.767684586729542,0.06811521497308458,-0.03224609377777778,-32.24609377777778,-5.043728830567988
2.397627,13.791434669626513,0.05944691530241117,-0.03205078122222223,-32.05078122222223,-5.013049206083629
2.399883,12.797905992928742,0.04939045968865996,-0.031962890666666674,-31.962890666666674,-4.999243389900966
2.402139,11.277218068958602,0.03791984336654294,-0.031875,-31.875,-4.98543755626501
2.404397,10.245204882254354,0.02617704939868066,-0.03178710944444445,-31.787109444444447,-4.971631740082348
2.406658,9.19983992677235,0.01546279627024012,-0.031708984444444456,-31.708984444444457,-4.959359893779263
2.408913,8.142536919206705,0.006405246026967848,-0.03158203122222223,-31.58203122222223,-4.939418128265118
2.411168,6.536868913956963,-0.0010739218220243325,-0.03149414066666667,-31.49414066666667,-4.925612312082455
2.413426,5.455061483693317,-0.007271972371434714,-0.03150390622222223,-31.50390622222223,-4.927146281962034
2.415687,4.366028390326415,-0.012310332964040879,-0.03151367188888889,-31.513671888888894,-4.928680269294904
2.417945,3.2707121116523337,-0.015962093125236866,-0.03151367188888889,-31.513671888888894,-4.928680269294904
2.4202,1.6193339332928591,-0.01788287488369089,-0.03151367188888889,-31.513671888888894,-4.928680269294904
2.422454,0.5147499562906876,-0.017898986834543665,-0.03152343755555556,-31.52343755555556,-4.9302142566277745
2.424713,-0.5914048170382786,-0.01597446669283441,-0.03152343755555556,-31.52343755555556,-4.9302142566277745
2.426969,-1.6975595903672447,-0.012253307860935286,-0.031533203111111116,-31.533203111111117,-4.931748226507351
2.429222,-3.3536501577071043,-0.007341557201291494,-0.03152343755555556,-31.52343755555556,-4.9302142566277745
2.431478,-4.45383590499425,-0.002365059860931231,-0.031533203111111116,-31.533203111111117,-4.931748226507351
2.433732,-5.548995104035652,0.001302353803135337,-0.03152343755555556,-31.52343755555556,-4.9302142566277745
2.435992,-6.638028197402553,0.0024276857107135077,-0.03152343755555556,-31.52343755555556,-4.9302142566277745
2.438246,-8.257205051062734,8.266149867160871e-05,-0.03151367188888889,-31.513671888888894,-4.928680269294904
2.440503,-9.324875314385224,-0.005968098257737468,-0.031533203111111116,-31.533203111111117,-4.931748226507351
2.44276,-10.381550003420152,-0.01507074030971656,-0.03166015622222223,-31.660156222222227,-4.951689974568204
2.445022,-11.9427644726216,-0.025731364590546542,-0.031777343777777786,-31.777343777777787,-4.970097752749478
2.44728,-12.966138279528476,-0.03614196212444112,-0.031894531222222224,-31.894531222222223,-4.988505513477459
2.449535,-13.97396120280008,-0.04514151432414692,-0.0319824218888889,-31.982421888888897,-5.002311347113415
2.451789,-14.964662446109621,-0.0526910627265683,-0.032089843777777786,-32.08984377777779,-5.019185137961818
2.454051,-16.416078252068104,-0.059496192379609694,-0.03219726566666667,-32.19726566666667,-5.036058928810221
2.456308,-17.3588702074104,-0.06631088870501192,-0.032373046888888896,-32.373046888888894,-5.06367057862884
2.458565,-18.28014225307561,-0.07347145344508728,-0.032578125,-32.578125,-5.095884172992776
2.460821,-19.17895191126765,-0.0807065605291545,-0.0328125,-32.8125,-5.132699711902032
2.463081,-20.482084543976697,-0.08742170147349171,-0.03298828122222223,-32.98828122222223,-5.160311361720651
2.465335,-21.319318986158375,-0.09327079732198151,-0.03319335944444445,-33.193359444444454,-5.19252497353788
2.46759,-22.12984989078454,-0.09854538006810303,-0.03339843755555556,-33.39843755555556,-5.2247385679018175
2.469846,-22.912577700426443,-0.10409675744271851,-0.03357421877777778,-33.57421877777778,-5.252350217720435
2.472107,-24.032555481431203,-0.11099251398513328,-0.03384765622222223,-33.84765622222223,-5.295301671054587
2.474362,-24.741298784081057,-0.11987391129338659,-0.03413085944444445,-34.130859444444454,-5.339787129174902
2.476621,-25.419097399093058,-0.1304222989273397,-0.034433593777777785,-34.43359377777779,-5.387340527054372
2.478878,-26.0643805301404,-0.14144348158117392,-0.0347167968888889,-34.7167968888889,-5.4318259677213945
2.481138,-26.970258771803017,-0.15166247240755812,-0.034990234444444455,-34.990234444444454,-5.474777438508839
2.483394,-27.531504299366834,-0.1601699832577331,-0.035273437555555565,-35.27343755555557,-5.5192628791758604
2.485651,-28.057249829945086,-0.16648159366822196,-0.03553710944444446,-35.53710944444446,-5.560680362630435
2.487906,-28.547338283905095,-0.17037754125648596,-0.03582031255555557,-35.82031255555557,-5.6051658032974565
2.490166,-29.213513006098808,-0.17171305588467622,-0.03609375000000001,-36.09375000000001,-5.648117256631608
2.492421,-29.61061031751256,-0.17026506198257246,-0.03636718755555557,-36.36718755555557,-5.691068727419053
2.500015,-30.812426587143335,-0.15391706366353175,-0.03730468755555557,-37.30468755555557,-5.838330883056074
2.502073,-31.013645596605762,-0.14760486500408737,-0.037539062555555565,-37.53906255555557,-5.875146421965329
2.504342,-31.17465222010224,-0.13971775781880233,-0.037851562555555565,-37.85156255555557,-5.92423380717767
2.506595,-31.29481813910205,-0.13209183929081214,-0.03814453122222223,-38.14453122222223,-5.970253217724269
2.508853,-31.374143353605188,-0.12576020212662523,-0.038408203111111115,-38.40820311111111,-6.011670701178843
2.51111,-31.415769456265256,-0.12148594249729533,-0.0387011718888889,-38.7011718888889,-6.057690129178736
2.513371,-31.392050431730652,-0.11969210783268223,-0.03900390622222223,-39.003906222222234,-6.105243527058206
2.515627,-31.326862384168663,-0.12032007597791859,-0.039355468777777784,-39.35546877777779,-6.160466844148735
2.517884,-31.220362393211968,-0.12282102089166846,-0.039667968777777785,-39.66796877777779,-6.209554229361076
2.520142,-30.98332922749862,-0.12657007453027025,-0.03999023444444445,-39.990234444444454,-6.260175601906287
2.522403,-30.77378499750418,-0.13123323050781666,-0.04032226566666667,-40.32226566666667,-6.312330944331075
2.524659,-30.523400063013074,-0.13667566025403738,-0.04066406255555557,-40.66406255555557,-6.366020274088735
2.526917,-30.23248858329066,-0.14274211639977888,-0.0410449218888889,-41.0449218888889,-6.42584551827129
2.529174,-29.720408980755522,-0.14937005118657382,-0.041416015666666674,-41.416015666666674,-6.484136792574267
2.531432,-29.329280695383595,-0.15674995645403977,-0.04180664066666667,-41.806640666666674,-6.545496024089692
2.533688,-28.89872542220911,-0.16507758165954095,-0.04220703122222223,-42.207031222222234,-6.608389225484696
2.535944,-28.429371479762796,-0.1741695379366867,-0.04264648444444446,-42.64648444444446,-6.677418376211181
2.5382,-27.653712253591475,-0.18345819524225676,-0.043076171888888896,-43.076171888888894,-6.744913522151503
2.540461,-27.089796372272108,-0.1922689310867859,-0.04352539066666668,-43.52539066666668,-6.815476642757565
2.542717,-26.48912385690574,-0.19993467116498717,-0.04397460944444446,-43.97460944444446,-6.8860397633636286
2.544974,-25.852637185288447,-0.20583263593928944,-0.04446289066666667,-44.462890666666674,-6.962738798394587
2.547232,-24.83224789140248,-0.20943816759717637,-0.04498046877777778,-44.98046877777778,-7.044039777970864
2.549494,-24.10936742181147,-0.21041722158460943,-0.04548828122222223,-45.488281222222234,-7.123806770214271
2.551749,-23.353657308990446,-0.20852895761863016,-0.045976562555555565,-45.97656255555557,-7.200505822698523
2.554006,-22.160166259891685,-0.20354406999781371,-0.0465136718888889,-46.5136718888889,-7.2848747594872485
2.556262,-21.326230489996274,-0.19534669709128605,-0.04708007811111112,-47.08007811111112,-7.373845640821292
2.558521,-20.46276374915712,-0.184208229051045,-0.047412109444444454,-47.412109444444454,-7.426001000699374
2.560782,-19.571179754068336,-0.17098948261118724,-0.04774414066666667,-47.744140666666674,-7.478156343124162
2.563036,-18.183067040079685,-0.1570667577183564,-0.04811523444444445,-48.115234444444454,-7.53644761742714
2.565292,-17.22582375853088,-0.1437201030320911,-0.048447265666666676,-48.447265666666674,-7.5886029598519285
2.567551,-16.244390213549426,-0.13152390740102712,-0.048798828111111116,-48.79882811111111,-7.643826259489165
2.569815,-15.240337201462127,-0.1202617707643953,-0.04913085944444445,-49.130859444444454,-7.695981619367247
2.572072,-13.694202376997909,-0.10926972819081959,-0.04947265622222223,-49.47265622222223,-7.749670931671613
2.574326,-12.63878432502442,-0.09777007908984024,-0.04965820311111112,-49.65820311111112,-7.7788165688231015
2.576582,-11.565616274558144,-0.0852282795261797,-0.04982421877777778,-49.82421877777778,-7.804894248762142
2.578843,-10.475797783027845,-0.07174034047893998,-0.04997070311111112,-49.97070311111112,-7.827903954035442
2.581099,-8.813109871115447,-0.0579520234614563,-0.05009765622222223,-50.097656222222234,-7.847845702096294
2.583357,-7.688576780762982,-0.0445047199552362,-0.0502636718888889,-50.2636718888889,-7.873923382035335
2.585615,-6.552262717959553,-0.03187320470180687,-0.0504199218888889,-50.4199218888889,-7.8984670746415055
2.587875,-5.4065238771953545,-0.02055783606124161,-0.05043945311111112,-50.43945311111112,-7.901535031853953
2.590129,-3.6728359713118275,-0.011106284712911058,-0.05043945311111112,-50.43945311111112,-7.901535031853953
2.592383,-2.509504211687527,-0.0038101990068212747,-0.05041015622222223,-50.410156222222234,-7.896933087308635
2.594639,-1.3419313019808803,0.0014917083998607118,-0.0504199218888889,-50.4199218888889,-7.8984670746415055
2.596901,-0.1716880385186822,0.005361831874063942,-0.05041015622222223,-50.410156222222234,-7.896933087308635
2.599158,1.5850905733687302,0.00851215384055119,-0.0504199218888889,-50.4199218888889,-7.8984670746415055
2.601413,2.7547055183002103,0.011653889939911847,-0.05041015622222223,-50.410156222222234,-7.896933087308635
2.603667,3.9211788705781006,0.015607358150422718,-0.05042968755555557,-50.42968755555557,-7.9000010619743755
2.605926,5.083096913508286,0.02135106197250151,-0.0504199218888889,-50.4199218888889,-7.8984670746415055
2.608183,6.813329067472864,0.029745856393202867,-0.05039062500000001,-50.39062500000001,-7.893865130096186
2.610439,7.956240474848831,0.0409451324196325,-0.0504199218888889,-50.4199218888889,-7.8984670746415055
2.618511,12.407248946454851,0.0551059990387652,-0.049960937555555564,-49.96093755555557,-7.826369984155865
2.620581,13.482144872880598,0.06915907005418952,-0.04980468755555557,-49.80468755555557,-7.801826291549695
2.622838,14.538348323017486,0.08355772499392568,-0.049628906222222234,-49.628906222222234,-7.774214624277783
2.625096,16.0852685456451,0.09820785084673762,-0.04947265622222223,-49.47265622222223,-7.749670931671613
2.627353,17.0893215577324,0.11337698019828932,-0.04920898444444445,-49.208984444444454,-7.708253465670332
2.629613,18.069498465652412,0.1290862974765424,-0.04882812500000001,-48.82812500000001,-7.6484282040344835
2.631867,19.02485679160907,0.14490698261722731,-0.048447265666666676,-48.447265666666674,-7.5886029598519285
2.634122,20.4077858777193,0.16017027648228874,-0.04812500000000001,-48.12500000000001,-7.537981587306717
2.636379,21.29450040419502,0.1742727355906328,-0.047714843777777786,-47.71484377777779,-7.473554398578844
2.638642,22.151369800461634,0.186889037577058,-0.04732421877777779,-47.32421877777779,-7.412195167063418
2.640899,22.97713742945771,0.1978574088293297,-0.04696289066666667,-46.962890666666674,-7.3554378800933105
2.643154,24.154920515288524,0.20705208690614235,-0.04648437500000001,-46.48437500000001,-7.280272814941929
2.645409,24.89759301859715,0.21430728229614546,-0.04592773444444445,-45.927734444444454,-7.192835920940756
2.647669,25.60523676381825,0.21937451848751688,-0.04536132811111112,-45.36132811111112,-7.103865022153419
2.649927,26.276438034257712,0.22187981826525857,-0.04484375,-44.84375,-7.022564042577142
2.652186,27.21294680429283,0.22146864960296886,-0.04436523444444446,-44.365234444444454,-6.9473989948790535
2.654445,27.788957817328516,0.21795507964167932,-0.04387695311111112,-43.87695311111111,-6.870699942394802
2.656704,28.325384762928973,0.21143345675866104,-0.043369140666666674,-43.369140666666674,-6.790932950151395
2.658959,28.821128083665442,0.20236849673482676,-0.04292968755555557,-42.92968755555557,-6.7219038168782035
2.661215,29.48714572622648,0.1915992171474256,-0.04248046877777779,-42.48046877777779,-6.651340696272141
2.663473,29.878274011598407,0.1801801178090003,-0.04208007811111111,-42.08007811111111,-6.588447477423844
2.665736,30.226205397983477,0.16911068161317544,-0.04164062500000001,-41.64062500000001,-6.519418344150652
2.667991,30.53062572611633,0.15920243718736093,-0.0412792968888889,-41.2792968888889,-6.462661057180545
2.670246,30.90400401299548,0.15096180903253442,-0.040917968777777786,-40.91796877777779,-6.405903770210438
2.672503,31.09705488155857,0.14446258244194266,-0.04055664066666667,-40.556640666666674,-6.349146483240331
2.674765,31.24486681590997,0.13921185727668786,-0.04020507811111112,-40.20507811111112,-6.293923166149801
2.677022,31.381211937075765,0.1344563388753407,-0.03985351566666667,-39.853515666666674,-6.238699866512564
2.679279,31.4146698988365,0.12978202696903618,-0.039531250000000004,-39.53125000000001,-6.188078493967353
2.681535,31.40226060785482,0.12534972718107695,-0.03922851566666667,-39.228515666666674,-6.140525096087883
2.683794,31.34382698449805,0.12159686657178434,-0.03892578122222223,-38.925781222222234,-6.09297168075512
2.686052,31.169782751489173,0.11884931625383605,-0.038613281222222226,-38.61328122222223,-6.04388429554278
2.688308,30.996366837011017,0.11717637587800714,-0.0383105468888889,-38.3105468888889,-5.99633089766331
2.690565,30.77708366979045,0.11644082437286675,-0.03801757811111112,-38.01757811111111,-5.950311469663418
2.692825,30.512404488725508,0.1163796078249705,-0.03774414066666667,-37.74414066666667,-5.907360016329266
2.69508,30.030641255297514,0.11668393041388042,-0.037470703111111114,-37.47070311111111,-5.864408545541822
2.697337,29.653650136866737,0.11712427720674808,-0.03716796877777778,-37.16796877777778,-5.816855147662351
2.699593,29.23236256202035,0.11763929187730691,-0.03688476566666667,-36.884765666666674,-5.772369706995329
2.701854,28.76756392892174,0.11840474643928012,-0.03662109377777779,-36.62109377777779,-5.730952223540756
2.70411,27.989862667525585,0.11974059679585532,-0.03636718755555557,-36.36718755555557,-5.691068727419053
2.706368,27.418878202735637,0.12191779321685046,-0.03608398444444445,-36.083984444444454,-5.64658328675203
2.708623,26.80673887418367,0.12497748742159775,-0.03582031255555557,-35.82031255555557,-5.6051658032974565
2.710884,26.154230080033066,0.12873479956376432,-0.035556640666666674,-35.556640666666674,-5.563748319842882
2.713142,25.101639461447807,0.13270192213786436,-0.03528320311111112,-35.28320311111112,-5.520796849055437
2.715401,24.35236961356664,0.13606261453889434,-0.035,-35.0,-5.4763114083884155
2.717658,23.566028972373118,0.1378139006000346,-0.03472656255555557,-34.72656255555557,-5.433359955054264
2.719919,22.74387417492867,0.13721013144666433,-0.034453125,-34.453125,-5.390408484266819
2.722176,21.446239329363404,0.13399352097864792,-0.03417968755555557,-34.17968755555557,-5.347457030932669
2.724432,20.539889848802748,0.1282869528146488,-0.03400390622222223,-34.00390622222223,-5.319845363660757
2.72669,19.601810282440837,0.12035833663729932,-0.033808593777777785,-33.80859377777779,-5.289165756629691
2.728954,18.63388558586982,0.1104414632351809,-0.03364257811111111,-33.64257811111111,-5.26308807669065
2.73652,14.489182397988806,0.08841414661491627,-0.033007812555555564,-33.00781255555557,-5.163379336386392
2.738578,13.392452402620611,0.07544813215890182,-0.03288085944444445,-32.880859444444454,-5.14343758832554
2.740834,12.274830816106041,0.06105094951220298,-0.032792968777777785,-32.79296877777779,-5.129631754689584
2.743104,10.562662819899604,0.046363559578175825,-0.03271484377777778,-32.71484377777778,-5.117359908386499
2.745361,9.39964521954066,0.032261174532221305,-0.032626953111111114,-32.62695311111111,-5.1035540747505435
2.747615,8.221862133709848,0.019169360932229346,-0.03253906255555557,-32.53906255555557,-5.089748258567881
2.749869,7.030570199468598,0.00714863015635837,-0.032421875,-32.421875,-5.071340480386606
2.752131,5.222897786593031,-0.0037058504582032255,-0.03240234377777779,-32.40234377777779,-5.0682725231741586
2.754389,4.006473111123063,-0.012931315072460942,-0.03239257811111111,-32.39257811111111,-5.066738535841288
2.756648,2.7829798521825184,-0.019854076565733743,-0.03240234377777779,-32.40234377777779,-5.0682725231741586
2.758905,1.5546171246289093,-0.0238395407188629,-0.03240234377777779,-32.40234377777779,-5.0682725231741586
2.761166,-0.29326767421260724,-0.02466178250156956,-0.03240234377777779,-32.40234377777779,-5.0682725231741586
2.76342,-1.5258715518485626,-0.022648563658966198,-0.032412109444444455,-32.412109444444454,-5.069806510507029
2.765675,-2.757061712790403,-0.018521522095369943,-0.032412109444444455,-32.412109444444454,-5.069806510507029
2.767933,-3.984481962547935,-0.013257144947141844,-0.032412109444444455,-32.412109444444454,-5.069806510507029
2.77019,-5.815088001794708,-0.008065066846157617,-0.03240234377777779,-32.40234377777779,-5.0682725231741586
2.772449,-7.025543651222855,-0.004215712701511358,-0.03240234377777779,-32.40234377777779,-5.0682725231741586
2.774703,-8.225789124526836,-0.0028504648773770083,-0.032412109444444455,-32.412109444444454,-5.069806510507029
2.776957,-9.414096545747176,-0.004710396657429731,-0.032412109444444455,-32.412109444444454,-5.069806510507029
2.779214,-11.16993267983851,-0.009954605481308266,-0.03251953122222223,-32.519531222222234,-5.08668028390214
2.781477,-12.319912670685053,-0.01788649428555772,-0.032617187555555566,-32.61718755555557,-5.102020104870967
2.783735,-13.45135726487542,-0.027037851658163095,-0.03274414066666667,-32.744140666666674,-5.121961852931817
2.785989,-14.56253858645013,-0.03600196511769317,-0.03283203122222223,-32.832031222222234,-5.135767669114481
2.788244,-16.18737030688677,-0.04428089008870734,-0.032929687555555566,-32.92968755555557,-5.151107490083307
2.790503,-17.23980384583935,-0.052225257695451235,-0.033076171888888894,-33.076171888888894,-5.174117195356606
2.79276,-18.266162165767135,-0.06029212952877737,-0.03329101566666667,-33.291015666666674,-5.207864777053413
2.795018,-19.752606729813145,-0.06857519667757064,-0.03350585944444445,-33.505859444444454,-5.241612358750221
2.797276,-20.70560886127961,-0.07693820168959445,-0.03368164066666667,-33.681640666666674,-5.269224008568838
2.799535,-21.626723827312137,-0.08537347012289921,-0.03386718755555557,-33.86718755555557,-5.298369645720328
2.801788,-22.51438083158393,-0.09407427233878855,-0.03407226566666667,-34.072265666666674,-5.330583240084264
2.804044,-23.77965727281722,-0.10324506217684173,-0.03428710944444445,-34.28710944444445,-5.364330821781072
2.806301,-24.577150567930993,-0.11270530001387435,-0.034570312555555566,-34.57031255555557,-5.408816262448094
2.808563,-25.336159353038287,-0.12166074379619475,-0.034853515666666675,-34.853515666666674,-5.453301703115116
2.810822,-26.05542699107767,-0.1287872972972472,-0.03515625,-35.15625,-5.500855100994586
2.813078,-27.057437967940135,-0.13294867963596507,-0.035449218777777784,-35.44921877777779,-5.546874528994478
2.815333,-27.67224765024766,-0.13382462630772085,-0.035703125,-35.703125,-5.586758025116182
2.817593,-28.24370335393564,-0.13195337550898883,-0.035976562555555563,-35.97656255555556,-5.629709495903627
2.819852,-28.77023428267729,-0.128368391029052,-0.03624023444444446,-36.240234444444454,-5.671126979358201
2.82211,-29.474422275979443,-0.12421875697557834,-0.0365136718888889,-36.5136718888889,-5.714078432692352
2.824366,-29.885499674701666,-0.12047018303115606,-0.03680664066666667,-36.80664066666667,-5.760097860692244
2.826626,-30.248981944722004,-0.11774576264483765,-0.03707031255555557,-37.07031255555557,-5.801515344146819
2.828882,-30.56424076750974,-0.11648739469702953,-0.03736328122222223,-37.363281222222234,-5.847534754693418
2.831137,-30.945315956390182,-0.11715588576022297,-0.037636718777777786,-37.63671877777779,-5.8904862254808625
2.833393,-31.13758142678988,-0.12026481306506102,-0.037949218777777786,-37.94921877777779,-5.939573610693203
2.835653,-31.279895573997493,-0.1261323349082747,-0.038222656222222234,-38.222656222222234,-5.982525064027355
2.837911,-31.371944238747677,-0.13469386240304604,-0.038515625000000005,-38.51562500000001,-6.028544492027247
2.840169,-31.415141137734537,-0.14556624344503044,-0.03881835944444446,-38.818359444444454,-6.07609790736001
2.842425,-31.38042653891237,-0.1581226824819837,-0.039111328111111114,-39.11132811111111,-6.122117317906609
2.844684,-31.295132298367406,-0.17125305926066248,-0.039462890666666674,-39.462890666666674,-6.1773406349971385
2.846942,-31.15894425683429,-0.18313967816234722,-0.039765625000000006,-39.76562500000001,-6.224894032876608
2.854556,-30.111223106862095,-0.19801186325652276,-0.04094726566666667,-40.94726566666667,-6.410505714755756
2.856614,-29.725278449368584,-0.2027601298007335,-0.0412792968888889,-41.2792968888889,-6.462661057180545
2.858885,-29.290324946479082,-0.20470466968237616,-0.04164062500000001,-41.64062500000001,-6.519418344150652
2.861141,-28.54828076170117,-0.20525014702496946,-0.04205078122222223,-42.05078122222223,-6.5838455328785255
2.863396,-27.99457505650597,-0.20570440972217913,-0.04246093755555557,-42.460937555555574,-6.648272739059693
2.865654,-27.394845018935676,-0.20668379849606672,-0.0429199218888889,-42.9199218888889,-6.720369829545333
2.867917,-26.749718967521016,-0.20833740962966749,-0.043359375000000006,-43.35937500000001,-6.789398962818525
2.870172,-25.699484543425946,-0.21057790269541785,-0.043789062555555563,-43.78906255555556,-6.85689412621214
2.872428,-24.945659386197075,-0.21293287379813075,-0.04427734377777778,-44.27734377777778,-6.933593161243098
2.874686,-24.15036520594082,-0.21435920778521275,-0.044794921888888894,-44.794921888888894,-7.014894140819376
2.87695,-23.31485863971861,-0.21353237982062442,-0.04529296877777778,-45.29296877777778,-7.093127163183205
2.879206,-21.98894946027104,-0.2093298796924948,-0.04579101566666667,-45.791015666666674,-7.171360185547034
2.881462,-21.058566795910426,-0.20125478631567784,-0.0462792968888889,-46.2792968888889,-7.248059220577994
2.88372,-20.092684134564244,-0.18963550177678817,-0.04665039066666667,-46.650390666666674,-7.30635049488097
2.885981,-19.093343511457327,-0.17561711202299818,-0.04701171877777778,-47.01171877777778,-7.3631077818510775
2.888235,-17.533699838582677,-0.1606539881986415,-0.04731445311111112,-47.31445311111112,-7.410661179730548
2.890493,-16.456604797299416,-0.14563575840129328,-0.0476855468888889,-47.6855468888889,-7.468952454033526
2.892752,-15.351706661031885,-0.13061791242731532,-0.04805664066666667,-48.056640666666674,-7.527243728336503
2.895013,-13.645350611234589,-0.11515413293547386,-0.04839843755555556,-48.39843755555556,-7.580933058094162
2.897267,-12.4780918607933,-0.09883103828754702,-0.04858398444444446,-48.583984444444454,-7.610078695245651
2.899522,-11.289470280307603,-0.08158351183776778,-0.048740234444444454,-48.740234444444454,-7.634622387851821
2.901778,-10.081213745736967,-0.06384997264679032,-0.0488574218888889,-48.8574218888889,-7.653030148579803
2.904034,-8.236313459916362,-0.04635101556177663,-0.04906250000000001,-49.06250000000001,-7.685243742943739
2.906296,-6.987844539379777,-0.029700103478265488,-0.04923828122222223,-49.23828122222223,-7.712855392762358
2.908554,-5.727123407494194,-0.014451378873217402,-0.04926757811111112,-49.26757811111112,-7.717457337307676
2.910809,-4.455720860586404,-0.0013587275524358025,-0.049257812555555565,-49.25781255555557,-7.715923367428099
2.913063,-2.5340086343855273,0.008567055784485163,-0.049228515666666674,-49.228515666666674,-7.711321422882779
2.915323,-1.246269805679071,0.014588644879245542,-0.049228515666666674,-49.228515666666674,-7.711321422882779
2.917582,0.04445353604829558,0.016772698766465335,-0.04923828122222223,-49.23828122222223,-7.712855392762358
2.919839,1.3359622759390597,0.01607476972798962,-0.049218750000000006,-49.21875000000001,-7.709787435549909
2.922094,3.269455474590898,0.014070430896323332,-0.04923828122222223,-49.23828122222223,-7.712855392762358
2.924354,4.5527960735823285,0.012631257659953387,-0.049257812555555565,-49.25781255555557,-7.715923367428099
2.926608,5.82953932800122,0.0135974593105741,-0.049257812555555565,-49.25781255555557,-7.715923367428099
2.928864,7.096700724826664,0.018258440143400365,-0.04923828122222223,-49.23828122222223,-7.712855392762358
2.931122,8.975687290938719,0.02716599792228521,-0.04920898444444445,-49.208984444444454,-7.708253465670332
2.933384,10.210804442697546,0.040029326721201124,-0.049052734444444454,-49.052734444444454,-7.6837097730641615
2.93564,11.429114073759669,0.05571596829530141,-0.048837890666666675,-48.837890666666674,-7.649962191367354
2.937894,12.628574148900253,0.07256865315072247,-0.04864257811111112,-48.64257811111112,-7.619282566882995
2.94015,14.387708955277857,0.08910389962294561,-0.048447265666666676,-48.447265666666674,-7.5886029598519285
2.942414,15.531248681184541,0.10470106285330376,-0.04826171877777779,-48.26171877777779,-7.55945732270044
2.94467,16.648556108433752,0.11965654155185224,-0.048076171888888894,-48.076171888888894,-7.530311685548951
2.946926,17.738060440698693,0.13473944160627055,-0.04766601566666668,-47.66601566666668,-7.465884496821077
2.949182,19.315768271331486,0.15062120399181933,-0.04728515622222223,-47.28515622222223,-7.4060592351852295
2.951442,20.32688986688936,0.1675947589159291,-0.04693359377777779,-46.93359377777779,-7.350835935547993
2.9537,21.303768102523108,0.18556323252916623,-0.04656250000000001,-46.56250000000001,-7.292544661245015
2.955959,22.24436094300789,0.20415666796129003,-0.04618164066666667,-46.18164066666667,-7.23271941706246
2.958216,23.5837789708659,0.22269748173753162,-0.04579101566666667,-45.791015666666674,-7.171360185547034
2.960476,24.42666827982404,0.24001501841828338,-0.04529296877777778,-45.29296877777778,-7.093127163183205
2.962732,25.227774406489438,0.25404617662972545,-0.044794921888888894,-44.794921888888894,-7.014894140819376
2.964988,25.985683634167977,0.2617886508626004,-0.04426757811111112,-44.26757811111112,-6.932059173910227
2.973063,28.824269676319034,0.2684028504611867,-0.042578125,-42.578125,-6.666680499787673
2.975134,29.321112554484262,0.2579797071498878,-0.0421875,-42.1875,-6.605321268272247
2.977389,29.766904552028652,0.24102335883573314,-0.041796875000000004,-41.79687500000001,-6.543962036756822
2.979646,30.16101735042149,0.22081651072665473,-0.04139648444444446,-41.39648444444446,-6.481068835361819
2.981904,30.502351392234022,0.20017837131974398,-0.041015625,-41.015625,-6.42124357372597
2.984167,30.914528348385,0.18101739126325808,-0.04062500000000001,-40.62500000000001,-6.359884342210544
2.986421,31.12155930425657,0.16450660408711387,-0.0403125,-40.3125,-6.310796956998204
2.988676,31.274083627588354,0.15113785886933384,-0.03997070311111112,-39.97070311111111,-6.257107627240545
2.990929,31.37163007948232,0.14081559557495188,-0.03964843755555557,-39.64843755555557,-6.206486272148628
2.99319,31.41435573957114,0.13301573778018536,-0.0393261718888889,-39.3261718888889,-6.155864899603417
2.995448,31.373515035074472,0.1271405039264602,-0.03900390622222223,-39.003906222222234,-6.105243527058206
2.997704,31.277225220241945,0.12277623901606682,-0.03869140622222223,-38.691406222222234,-6.056156141845865
2.999958,31.125643374706236,0.11974532728479548,-0.038408203111111115,-38.40820311111111,-6.011670701178843
3.002218,30.794676588650553,0.11796975808670951,-0.03811523444444445,-38.115234444444454,-5.965651290632244
3.004474,30.50549298488761,0.11732440041388527,-0.037822265666666674,-37.822265666666674,-5.91963186263235
3.006733,30.16180274858489,0.11757538082263395,-0.0375292968888889,-37.529296888888894,-5.8736124346324585
3.008992,29.764391277905776,0.11840419343174553,-0.037255859444444456,-37.255859444444454,-5.8306609812983075
3.011257,29.068842664400997,0.11950834069827634,-0.0369824218888889,-36.9824218888889,-5.787709510510863
3.013514,28.53979846153648,0.12067825390797864,-0.036699218777777785,-36.69921877777779,-5.743224069843841
3.015769,27.959389218785766,0.12183319808888889,-0.0364355468888889,-36.4355468888889,-5.701806586389267
3.018027,26.994920274133698,0.12294732184390965,-0.03616210944444445,-36.162109444444454,-5.658855133055115
3.020289,26.290889360464224,0.12400285677931838,-0.03590820311111112,-35.90820311111112,-5.618971619480119
3.022548,25.539263318092868,0.1249267472183712,-0.035644531222222234,-35.644531222222234,-5.577554136025546
3.024806,24.741298784081057,0.1254727799854497,-0.03536132811111112,-35.36132811111112,-5.533068695358523
3.027062,23.460785618477857,0.1251231442817146,-0.03509765622222223,-35.097656222222234,-5.49165121190395
3.029323,22.55333658048845,0.12314462324719325,-0.034814453111111116,-34.81445311111111,-5.447165771236927
3.031581,21.60473267873701,0.11868135426854165,-0.0345605468888889,-34.5605468888889,-5.407282275115224
3.03384,20.616858868815697,0.11103088417106366,-0.03430664066666667,-34.306640666666674,-5.36739877899352
3.036095,19.064440859044304,0.10024185259994997,-0.03413085944444445,-34.130859444444454,-5.339787129174902
3.038358,17.985146702903528,0.08750443772771721,-0.033974609444444456,-33.974609444444454,-5.315243436568732
3.040617,16.873022903532743,0.07465073048579754,-0.033798828111111116,-33.79882811111111,-5.28763176929682
3.042874,15.729483177626058,0.06280481680075427,-0.033603515666666674,-33.603515666666674,-5.256952162265754
3.045127,13.959981115491606,0.05198416689390716,-0.0334375,-33.4375,-5.230874482326713
3.047387,12.747640510471305,0.041741561935591934,-0.03333984377777779,-33.33984377777779,-5.2155346788111805
3.049645,11.51095256238568,0.031920012855325024,-0.0332324218888889,-33.2324218888889,-5.1986608879627765
3.051902,10.252744704622971,0.02260606668590457,-0.03314453122222223,-33.144531222222234,-5.184855054326821
3.054156,8.330090000626015,0.013846757579932045,-0.03306640622222223,-33.066406222222234,-5.1725832080237355
3.056416,7.027899845713048,0.005570295856281281,-0.03295898444444446,-32.958984444444454,-5.155709434628625
3.058671,5.711886683124283,-0.0021884866839099286,-0.03291015622222223,-32.91015622222223,-5.148039515417565
3.060927,4.385035025880634,-0.00924487854102817,-0.03291015622222223,-32.91015622222223,-5.148039515417565
3.063184,2.378656877665512,-0.01525254807193553,-0.0329199218888889,-32.9199218888889,-5.149573502750436
3.065446,1.0340552219290804,-0.019764950931263278,-0.032929687555555566,-32.92968755555557,-5.151107490083307
3.067701,-0.3130597079302229,-0.022478888842411324,-0.032929687555555566,-32.92968755555557,-5.151107490083307
3.069955,-1.6601746377895263,-0.023555022080304012,-0.032929687555555566,-32.92968755555557,-5.151107490083307
3.072211,-3.676134643598097,-0.023570467975482734,-0.032929687555555566,-32.92968755555557,-5.151107490083307
3.074472,-5.012882317700554,-0.023308819778812682,-0.032929687555555566,-32.92968755555557,-5.151107490083307
3.076727,-6.3411476916383185,-0.02364630057752947,-0.0329199218888889,-32.9199218888889,-5.149573502750436
3.078981,-7.658417491288519,-0.025280702082417835,-0.032929687555555566,-32.92968755555557,-5.151107490083307
3.081235,-9.608561131004384,-0.028538361878843926,-0.032929687555555566,-32.92968755555557,-5.151107490083307
3.083494,-10.887660579913467,-0.03333840576412857,-0.032998046888888896,-32.998046888888894,-5.161845349053522
3.091086,-15.785403526859955,-0.032872570859283703,-0.03334960944444445,-33.34960944444445,-5.21706866614405
3.093142,-16.943551658605834,-0.04039270071283192,-0.03344726566666667,-33.44726566666667,-5.232408469659584
3.095396,-18.070912182346532,-0.04901212020024734,-0.033632812555555565,-33.63281255555557,-5.261554106811073
3.097654,-19.164971823959174,-0.058272872451391455,-0.03382812500000001,-33.82812500000001,-5.292233713842139
3.099926,-20.223531468586255,-0.06754277102115464,-0.034042968777777786,-34.04296877777779,-5.325981295538946
3.102182,-21.741234879535483,-0.07648421264933643,-0.034218750000000006,-34.21875000000001,-5.353592945357565
3.104436,-22.70319055006468,-0.08534263148077521,-0.03441406255555556,-34.41406255555556,-5.384272569841924
3.106691,-23.62273471977041,-0.09449301247760075,-0.03461914066666667,-34.619140666666674,-5.41648616420586
3.108953,-24.49861075159125,-0.1040236818343665,-0.03489257811111112,-34.89257811111112,-5.459437617540012
3.111212,-25.726345160614137,-0.11345186718707319,-0.03517578122222223,-35.17578122222223,-5.503923058207034
3.113469,-26.48488270682339,-0.12183434151173374,-0.03545898444444445,-35.458984444444454,-5.548408516327349
3.115725,-27.19394016873861,-0.12812282827324767,-0.0357324218888889,-35.7324218888889,-5.591359969661501
3.117986,-27.85210382966567,-0.13169993128223256,-0.03602539066666667,-36.025390666666674,-5.637379397661393
3.120241,-28.740703311733547,-0.1326134461824951,-0.03629882811111112,-36.29882811111112,-5.680330850995545
3.122497,-29.265663444148398,-0.1314773605392896,-0.03657226566666667,-36.572265666666674,-5.723282321782989
3.124755,-29.735331545860074,-0.12917191268408382,-0.036835937555555566,-36.83593755555557,-5.764699805237563
3.127017,-30.33427618526697,-0.12661745199654667,-0.037119140666666675,-37.119140666666674,-5.809185245904585
3.129272,-30.661787219403703,-0.12456459740878967,-0.03744140622222223,-37.44140622222223,-5.859806600996503
3.131527,-30.93117878944903,-0.12339777951707791,-0.0376855468888889,-37.6855468888889,-5.898156127238629
3.133782,-31.141665497239543,-0.1231844367887406,-0.03797851566666668,-37.97851566666668,-5.944175555238521
3.136045,-31.34618317898824,-0.12379543843347622,-0.038242187555555564,-38.24218755555557,-5.985593038693096
3.138302,-31.40760131536592,-0.12505720588577002,-0.03856445311111112,-38.56445311111112,-6.036214393785013
3.140558,-31.409172111692715,-0.12687021536094822,-0.03888671877777779,-38.88671877777779,-6.086835766330224
3.142812,-31.350424329070584,-0.12928649894664723,-0.039169921888888896,-39.169921888888894,-6.131321206997247
3.145072,-31.14951947887352,-0.13245281162201675,-0.039492187555555565,-39.49218755555557,-6.181942579542458
3.147328,-30.940760647042477,-0.1365634477678125,-0.039804687555555565,-39.80468755555557,-6.231029964754798
3.149586,-30.672311554793232,-0.1417950979045625,-0.04016601566666667,-40.166015666666674,-6.287787251724905
3.151844,-30.344643441023813,-0.14816544848486574,-0.040507812555555564,-40.50781255555557,-6.341476581482564
3.154106,-29.74318552749405,-0.15544889804955261,-0.04083984377777779,-40.83984377777779,-6.3936319239073525
3.156364,-29.270218753496106,-0.16330170964632845,-0.04122070311111112,-41.22070311111112,-6.4534571680899075
3.158621,-28.740232072835507,-0.17147006476826598,-0.04158203122222223,-41.582031222222234,-6.510214455060015
3.160879,-28.15448212257369,-0.179797322480865,-0.04202148444444445,-42.021484444444454,-6.5792436057865
3.16314,-27.173362736857598,-0.18805149034170893,-0.04243164066666667,-42.431640666666674,-6.643670794514374
3.165396,-26.452681382124098,-0.19573727199499186,-0.0428417968888889,-42.8417968888889,-6.708097983242248
3.167652,-25.68016374860637,-0.20212075127497986,-0.04328125000000001,-43.28125000000001,-6.777127116515439
3.169907,-24.857223552998523,-0.20633917908193372,-0.043769531222222234,-43.769531222222234,-6.853826151546398
3.172167,-23.532099771714346,-0.20751516267387288,-0.04423828122222223,-44.238281222222234,-6.92745722936491
3.174424,-22.59025029416813,-0.20482528710035763,-0.04469726566666667,-44.697265666666674,-6.9995543373038425
3.176683,-21.60379020094093,-0.19774681185713772,-0.04519531255555557,-45.19531255555557,-7.077787359667672
3.178939,-20.574604447624914,-0.18633807919530293,-0.04558593755555557,-45.58593755555557,-7.139146591183097
3.181201,-18.9549563550667,-0.17137260840804502,-0.04592773444444445,-45.927734444444454,-7.192835920940756
3.183456,-17.827595831326,-0.15428536132649476,-0.046259765666666675,-46.259765666666674,-7.244991263365545
3.185713,-16.66489239023242,-0.13652297150025508,-0.04661132811111112,-46.61132811111112,-7.300214563002782
3.187971,-15.468573907745425,-0.11899972346897326,-0.04696289066666667,-46.962890666666674,-7.3554378800933105
3.190234,-13.616605038454242,-0.10191655246228792,-0.0472949218888889,-47.294921888888894,-7.4075932225181
3.192488,-12.347244526771284,-0.08519764184516503,-0.047480468777777785,-47.48046877777779,-7.436738859669589
3.194744,-11.05290835349229,-0.06887177259987214,-0.047656250000000004,-47.65625000000001,-7.464350509488207
3.196999,-9.735952713107448,-0.05329052728602947,-0.0478417968888889,-47.8417968888889,-7.493496146639696
3.199261,-7.723919698115867,-0.038934597773915364,-0.0479980468888889,-47.9980468888889,-7.5180398392458665
3.20152,-6.36235344205005,-0.0262769122471884,-0.0481542968888889,-48.1542968888889,-7.542583531852037
3.209692,-0.8088030286666923,-0.016968968287779367,-0.04816406255555557,-48.16406255555557,-7.5441175191849075
3.21175,0.5921902152016761,-0.008626686224080516,-0.0481542968888889,-48.1542968888889,-7.542583531852037
3.214008,2.692344904126453,-0.0025938218347279773,-0.0481542968888889,-48.1542968888889,-7.542583531852037
3.216281,4.087212042320321,0.002045451596051258,-0.048134765666666676,-48.134765666666674,-7.539515574639588
3.218534,5.474696437778253,0.006658262792578517,-0.0481542968888889,-48.1542968888889,-7.542583531852037
3.220789,6.851970657112019,0.012708674752924518,-0.048173828111111115,-48.17382811111111,-7.545651489064484
3.223045,8.89259216525127,0.021414689069324637,-0.04816406255555557,-48.16406255555557,-7.5441175191849075
3.225306,10.232324352374636,0.03332682117385173,-0.048134765666666676,-48.134765666666674,-7.539515574639588
3.227563,11.552107426147709,0.04828864421668572,-0.0479199218888889,-47.9199218888889,-7.505767992942781
3.229818,12.849428112447614,0.06559932280069977,-0.047695312555555563,-47.69531255555556,-7.470486441366396
3.232074,14.747578393746567,0.08430125119745122,-0.04750976566666667,-47.50976566666667,-7.4413408042149065
3.234336,15.977197758361612,0.10345683572291754,-0.04732421877777779,-47.32421877777779,-7.412195167063418
3.236594,17.17524411680808,0.12218325312714212,-0.04707031255555557,-47.07031255555557,-7.372311670941715
3.238854,18.339361274595777,0.13958161808021272,-0.046640625000000005,-46.64062500000001,-7.3048165075481
3.24111,20.01650051271469,0.1547892110913202,-0.04624023444444446,-46.24023444444446,-7.241923306153097
3.243369,21.085113253833256,0.16754215624007718,-0.04589843755555557,-45.89843755555557,-7.188233976395439
3.245627,22.1117857330264,0.17836126635343158,-0.04554687500000001,-45.54687500000001,-7.133010659304908
3.247885,23.093847596538573,0.18801861483747578,-0.04519531255555557,-45.19531255555557,-7.077787359667672
3.250142,24.47976119566971,0.19676638569286936,-0.04469726566666667,-44.697265666666674,-6.9995543373038425
3.252402,25.342442538345466,0.2041080803689651,-0.044199218777777785,-44.19921877777779,-6.9213213149400135
3.254657,26.154073000400388,0.2089912770476346,-0.0437011718888889,-43.701171888888894,-6.8430882925761845
3.256914,26.912924705875003,0.21032003366845645,-0.04322265622222223,-43.222656222222234,-6.767923227424803
3.259172,27.9483936444982,0.20748850388242848,-0.042734375000000005,-42.73437500000001,-6.691224192393843
3.261435,28.568072795418786,0.2007296051027948,-0.04233398444444445,-42.333984444444454,-6.62833099099884
3.263693,29.129789561880642,0.19097204290379186,-0.04192382811111112,-41.92382811111111,-6.563903784817674
3.265948,29.63213022718965,0.17951769328295444,-0.04152343755555556,-41.52343755555556,-6.501010583422671
3.268203,30.272072650725892,0.16778559734039275,-0.041162109444444456,-41.162109444444454,-6.444253296452564
3.270466,30.621417753805076,0.15697909410614383,-0.04076171877777779,-40.76171877777779,-6.381360077604268
3.272723,30.908088083445143,0.14777648865525778,-0.04041015622222223,-40.41015622222223,-6.326136760513738
3.27498,31.13145532111538,0.1401942076240519,-0.04005859377777779,-40.05859377777779,-6.270913460876502
3.277234,31.34634025862092,0.13388236198097656,-0.03974609377777779,-39.74609377777779,-6.22182607566416
3.279493,31.408857952427358,0.1283955883476761,-0.03941406255555557,-39.41406255555557,-6.169670733239372
3.281749,31.406658837569847,0.12339253257278221,-0.0390917968888889,-39.0917968888889,-6.119049360694161
3.284008,31.28178052958965,0.11875432481962275,-0.038789062555555566,-38.78906255555557,-6.071495962814692
3.286265,31.117475233806903,0.11466615980111519,-0.038486328111111114,-38.48632811111111,-6.023942547481928
3.288527,30.888610208992887,0.11156191919280183,-0.038203125000000004,-38.20312500000001,-5.979457106814905
3.290782,30.595499614412958,0.10990198693774206,-0.037919921888888895,-37.919921888888894,-5.934971666147884
3.293038,30.036924440604693,0.10982057095765663,-0.03761718755555557,-37.61718755555557,-5.887418268268415
3.295296,29.58594881518188,0.11095188952615664,-0.03735351566666667,-37.35351566666667,-5.84600078481384
3.297558,29.073240894116022,0.11266484870660658,-0.03707031255555557,-37.07031255555557,-5.801515344146819
3.299815,28.499586075570527,0.11455148115827712,-0.036777343777777784,-36.77734377777779,-5.755495916146926
3.302073,27.527577308549848,0.11667605718962906,-0.036523437555555566,-36.52343755555557,-5.715612420025223
3.304329,26.806895953816348,0.11927182240601966,-0.03625976566666667,-36.259765666666674,-5.6741949365706486
3.30659,26.02998009058359,0.12241769320971205,-0.03598632811111112,-35.98632811111112,-5.631243465783204
3.308847,25.198086355913016,0.1258935173226593,-0.035722656222222225,-35.72265622222223,-5.58982598232863
3.311103,23.850814346421032,0.12914749475078963,-0.035439453111111116,-35.43945311111111,-5.545340541661608
3.31336,22.889329914789876,0.1312667381802651,-0.03517578122222223,-35.17578122222223,-5.503923058207034
3.315621,21.878993717395396,0.1312281009905573,-0.03490234377777779,-34.90234377777779,-5.460971604872882
3.31788,20.82216194872779,0.12820281927444818,-0.034707031222222226,-34.70703122222223,-5.430291980388524
3.320137,19.15460456820233,0.12170478354099573,-0.03451171877777778,-34.51171877777778,-5.399612373357457
3.327706,14.918795193367211,0.10806344769338902,-0.03392578122222223,-33.92578122222223,-5.307573517357672
3.329776,13.631370523926114,0.09539258140310233,-0.03375976566666667,-33.759765666666674,-5.281495854871924
3.332033,11.645569807592006,0.08055228469927499,-0.033671875000000004,-33.67187500000001,-5.2676900212359685
3.334289,10.28950133866997,0.06472100971857087,-0.03359375,-33.59375,-5.255418174932883
3.336547,8.91065632300941,0.048942288288248335,-0.03350585944444445,-33.505859444444454,-5.241612358750221
3.338807,7.512333432896593,0.03419554541917537,-0.033417968777777786,-33.41796877777779,-5.227806525114265
3.341061,5.384375648987547,0.021132990357576455,-0.03334960944444445,-33.34960944444445,-5.21706866614405
3.343315,3.9499244433584475,0.010207971190650002,-0.03334960944444445,-33.34960944444445,-5.21706866614405
3.345571,2.506205539401258,0.0020739154638043204,-0.033359375000000004,-33.35937500000001,-5.218602636023628
3.347834,1.0562034501368884,-0.0025945654273646897,-0.033359375000000004,-33.35937500000001,-5.218602636023628
3.350089,-1.1232764532910307,-0.003616624606140544,-0.033359375000000004,-33.35937500000001,-5.218602636023628
3.352344,-2.574692259249515,-0.001594474700521193,-0.033378906222222234,-33.378906222222234,-5.221670593236077
3.354597,-4.021395676227615,0.002204295990799839,-0.03336914066666667,-33.369140666666674,-5.220136623356498
3.356859,-5.460088031939061,0.006098191345909923,-0.03334960944444445,-33.34960944444445,-5.21706866614405
3.359116,-7.596999354910838,0.008218628584820814,-0.03334960944444445,-33.34960944444445,-5.21706866614405
3.361372,-9.002547908126912,0.007098445830960042,-0.03334960944444445,-33.34960944444445,-5.21706866614405
3.363627,-10.389561064686806,0.002006162904570185,-0.033388671888888895,-33.388671888888894,-5.223204580568947
3.365885,-11.754740152304251,-0.006931326232657034,-0.033486328111111116,-33.48632811111111,-5.23854438408448
3.368142,-13.75546343374291,-0.0188142933373606,-0.03359375,-33.59375,-5.255418174932883
3.370401,-15.053569518206213,-0.03233372267021624,-0.03369140622222223,-33.69140622222223,-5.270757978448417
3.372656,-16.3196313576029,-0.04631077508580308,-0.03378906255555557,-33.78906255555557,-5.286097799417243
3.374916,-17.551292757442777,-0.06011023143776484,-0.03395507811111111,-33.95507811111111,-5.31217546190299
3.37717,-19.32754924378245,-0.07333669620615187,-0.034150390666666676,-34.150390666666674,-5.34285508638735
3.379427,-20.460407554666926,-0.08570559975041543,-0.034365234444444455,-34.365234444444454,-5.376602668084157
3.381685,-21.54959772766651,-0.09706984229430785,-0.03455078122222223,-34.55078122222223,-5.4057482877823535
3.383944,-22.59229232939296,-0.10755926326533893,-0.03472656255555557,-34.72656255555557,-5.433359955054264
3.3862,-24.06444264686514,-0.11730026634294542,-0.03494140622222223,-34.94140622222223,-5.467107519297779
3.388456,-24.981316462815318,-0.12618773784091408,-0.03524414066666667,-35.244140666666674,-5.514660934630541
3.390714,-25.844154885123757,-0.13384064026985587,-0.03553710944444446,-35.53710944444446,-5.560680362630435
3.392976,-26.650915878565616,-0.13962858971539527,-0.03581054688888889,-35.810546888888894,-5.603631815964586
3.395232,-27.75188702401616,-0.14287288263699638,-0.03608398444444445,-36.083984444444454,-5.64658328675203
3.397488,-28.410679003473938,-0.14341186720078053,-0.03637695311111112,-36.37695311111111,-5.692602697298629
3.399744,-29.00742452802332,-0.14182586877702064,-0.036640625,-36.640625,-5.734020180753204
3.402006,-29.783240833827318,-0.13904661641682442,-0.036914062555555564,-36.91406255555557,-5.776971651540649
3.404264,-30.21929389414558,-0.1358461459421865,-0.037207031222222235,-37.207031222222234,-5.822991062087247
3.406521,-30.58890226984042,-0.1328079638994651,-0.03746093755555557,-37.46093755555557,-5.862874575662245
3.408778,-30.891280562748438,-0.1306108124990621,-0.0377636718888889,-37.7636718888889,-5.910427973541714
3.411039,-31.21722080055838,-0.12990932148005213,-0.03805664066666667,-38.05664066666667,-5.956447401541606
3.413295,-31.348539373478435,-0.1309412481398396,-0.038339843777777785,-38.33984377777779,-6.000932842208629
3.415553,-31.410585828386832,-0.133509057407578,-0.03864257811111112,-38.64257811111112,-6.048486240088098
3.417809,-31.403046006018215,-0.13746237853499227,-0.038964843777777786,-38.96484377777779,-6.0991076126333095
3.420067,-31.261360177341317,-0.1429971616536295,-0.03926757811111112,-39.26757811111112,-6.146661010512779
3.422321,-31.080090281229182,-0.15051903894494106,-0.03957031255555556,-39.57031255555556,-6.1942144258455425
3.424578,-30.8295482671054,-0.16042848552666855,-0.039902343777777786,-39.90234377777779,-6.246369768270331
3.426835,-30.510362453500676,-0.17298010228961852,-0.040234375,-40.234375,-6.2985251106951194
3.429092,-29.904192150990525,-0.18800271206539984,-0.040605468777777785,-40.60546877777779,-6.356816384998097
3.431355,-29.41630281188803,-0.20453008423761238,-0.04094726566666667,-40.94726566666667,-6.410505714755756
3.433614,-28.86244002706015,-0.22070482601866498,-0.04131835944444445,-41.318359444444454,-6.468796989058734
3.435871,-28.244017513200998,-0.23410022189825402,-0.04169921877777778,-41.69921877777778,-6.528622233241289
3.438127,-27.197553000290238,-0.24220166881473348,-0.04212890622222223,-42.12890622222223,-6.596117379181611
3.445734,-24.229533340811283,-0.24146576806603565,-0.04358398444444445,-43.583984444444454,-6.824680531848203
3.447792,-23.25438298113701,-0.23523886560250867,-0.04397460944444446,-43.97460944444446,-6.8860397633636286
3.450048,-21.69332559156824,-0.22264794945952776,-0.04449218755555557,-44.49218755555557,-6.967340742939906
3.452305,-20.590155331260185,-0.20525800116351667,-0.04490234377777779,-44.902343777777794,-7.03176793166778
3.454575,-19.44033242004632,-0.18469246113348636,-0.04522460944444446,-45.22460944444446,-7.08238930421299
3.456832,-18.2457418135188,-0.16293410271352227,-0.045527343777777785,-45.52734377777779,-7.12994270209246
3.459089,-16.376494184632875,-0.14167107270990859,-0.045859375,-45.859375,-7.182098044517248
3.461347,-15.082786329884598,-0.12168391437355323,-0.04621093755555557,-46.21093755555557,-7.237321361607779
3.463611,-13.753892637416115,-0.10287529566050506,-0.04655273444444445,-46.552734444444454,-7.291010691365438
3.465867,-12.393111779513697,-0.08499894484656004,-0.04672851566666667,-46.728515666666674,-7.318622341184056
3.468123,-10.299397355528777,-0.06804465999819116,-0.0469042968888889,-46.9042968888889,-7.346233991002674
3.470378,-8.872485972268295,-0.05223577120620282,-0.047060546888888895,-47.060546888888894,-7.3707776836088446
3.47264,-7.4248400774941175,-0.037806077263709825,-0.047197265666666675,-47.197265666666674,-7.392253419002566
3.474898,-5.959444184227158,-0.02492787980408362,-0.047363281222222234,-47.363281222222234,-7.418331081488315
3.477155,-3.7356678243836234,-0.013719272765753764,-0.04735351566666667,-47.353515666666674,-7.416797111608736
3.479412,-2.2408980398055998,-0.004445558287908127,-0.04739257811111112,-47.39257811111112,-7.422933026033633
3.481672,-0.7401592291857553,0.00242204426226871,-0.04733398444444445,-47.33398444444445,-7.413729154396289
3.483929,0.7630928555569608,0.006537565406930339,-0.04733398444444445,-47.33398444444445,-7.413729154396289
3.486188,3.014829390017445,0.00819729424568819,-0.04734375000000001,-47.343750000000014,-7.4152631242758655
3.488448,4.50912793569743,0.008550583801474835,-0.04732421877777779,-47.32421877777779,-7.412195167063418
3.490709,5.993530464518608,0.009447825618835358,-0.04733398444444445,-47.33398444444445,-7.413729154396289
3.492963,7.4652095430927465,0.013018936503469296,-0.047373046888888895,-47.373046888888894,-7.419865068821185
3.49522,9.640605376070999,0.020905800942707824,-0.047373046888888895,-47.373046888888894,-7.419865068821185
3.497478,11.064689325943252,0.033668045603987486,-0.047197265666666675,-47.197265666666674,-7.392253419002566
3.499739,12.463797614219468,0.05055045477901772,-0.047031250000000004,-47.03125000000001,-7.366175739063525
3.501995,13.834945727878733,0.06990220248251444,-0.046787109444444454,-46.787109444444454,-7.327826230274693
3.504255,15.832213257398443,0.09002951718495478,-0.04661132811111112,-46.61132811111112,-7.300214563002782
3.506515,17.11932376757418,0.1096423170525274,-0.04642578122222223,-46.425781222222234,-7.271068925851293
3.508778,18.367478528845407,0.1278885024231772,-0.046015625000000004,-46.01562500000001,-7.206641737123419
3.511034,20.159757137718383,0.1441348292865297,-0.04567382811111111,-45.67382811111111,-7.15295240736576
3.513289,21.297484917215925,0.158069580279674,-0.04529296877777778,-45.29296877777778,-7.093127163183205
3.515547,22.38620385131747,0.16980795302678678,-0.0449511718888889,-44.9511718888889,-7.039437833425546
3.517811,23.423400665900143,0.17981874167175524,-0.04462890622222223,-44.62890622222223,-6.988816460880335
3.520068,24.877172666348816,0.18838667805966267,-0.044140625,-44.140625,-6.912117425849376
3.522322,25.77472568747942,0.19515109510755518,-0.04366210944444446,-43.66210944444446,-6.836952378151288
3.524578,26.61243136855914,0.19914736445746478,-0.043183593777777786,-43.18359377777779,-6.761787312999906
3.526839,27.388561833628497,0.19945969041374234,-0.04271484377777778,-42.71484377777778,-6.6881562351813955
3.529098,28.432513072416384,0.19589745904908173,-0.042246093777777785,-42.24609377777779,-6.614525157362885
3.531356,29.046066117662473,0.1892111085942149,-0.041816406222222234,-41.816406222222234,-6.547029993969271
3.533612,29.59160368195834,0.1808556477352826,-0.04147460944444445,-41.47460944444445,-6.493340681664904
3.535872,30.068026207875235,0.1726849922500667,-0.04110351566666667,-41.103515666666674,-6.435049407361926
3.538127,30.6503204062181,0.16659175303061105,-0.0407324218888889,-40.7324218888889,-6.376758133058949
3.540385,30.948614628676452,0.16391148457648616,-0.040361328111111115,-40.36132811111111,-6.318466858755971
3.542641,31.1741809812042,0.1651874253089775,-0.04001953122222223,-40.019531222222234,-6.264777528998312
3.544901,31.326234065637944,0.17031066059397088,-0.039697265666666676,-39.697265666666674,-6.214156173906394
3.547159,31.415769456265256,0.1786760939085273,-0.03939453122222223,-39.39453122222223,-6.166602758573632
3.549417,31.382782733402564,0.1888015761844585,-0.03905273444444445,-39.052734444444454,-6.112913446269265
3.551673,31.27534026464979,0.19803122110996094,-0.03874023444444445,-38.740234444444454,-6.063826061056925
3.561436,29.63495766057788,0.21779044900269,-0.03750976566666667,-37.50976566666667,-5.87054447742001
3.563694,29.090990892608808,0.21684309577101982,-0.037226562555555565,-37.22656255555557,-5.826059036752989
3.571284,26.23339821490353,0.21901992415246124,-0.03630859377777778,-36.30859377777778,-5.681864838328415
3.573293,25.3567367849193,0.20621825631523716,-0.03606445311111112,-36.06445311111111,-5.643515312086289
3.575563,24.418814298190068,0.19096844132724486,-0.03580078122222223,-35.80078122222223,-5.602097828631716
3.577821,23.421829869573344,0.17466050606889408,-0.035517578111111114,-35.51757811111111,-5.557612387964693
3.580078,21.821188412569345,0.15802013987253405,-0.03525390622222223,-35.25390622222223,-5.51619490451012
3.582332,20.68707346462343,0.1410204579709553,-0.035,-35.0,-5.4763114083884155
3.584595,19.502693034220076,0.12358560783114092,-0.034824218777777784,-34.82421877777779,-5.448699758569798
3.586854,18.2710316343802,0.10612692449157803,-0.034677734444444455,-34.677734444444454,-5.425690053296498
3.589112,16.34052294874927,0.08941855414218007,-0.034501953111111115,-34.50195311111111,-5.3980783860245865
3.591367,15.00267571721806,0.0741767120803083,-0.03430664066666667,-34.306640666666674,-5.36739877899352
3.593627,13.628071851639845,0.06067935156653538,-0.034140625,-34.140625,-5.341321099054479
3.595882,12.21985294466822,0.04884786510139819,-0.03407226566666667,-34.072265666666674,-5.330583240084264
3.598138,10.051682774793223,0.038288514928529374,-0.033974609444444456,-33.974609444444454,-5.315243436568732
3.600394,8.574191749809945,0.028460837944647818,-0.03388671877777778,-33.88671877777778,-5.301437602932776
3.602831,7.075494974414933,0.018473318218305893,-0.03378906255555557,-33.78906255555557,-5.286097799417243
3.605086,4.794541628276064,0.008913700153996139,-0.03375,-33.75,-5.279961867539053
3.607341,3.2575174225072567,-5.114541736515876e-05,-0.03375976566666667,-33.759765666666674,-5.281495854871924
3.609598,1.7121679962064373,-0.0072590904944622205,-0.03377929688888889,-33.779296888888894,-5.2845638120843725
3.611872,0.16163494202719486,-0.011574397100242852,-0.03375976566666667,-33.759765666666674,-5.281495854871924
3.614126,-2.165028577221406,-0.01260166501459864,-0.03375976566666667,-33.759765666666674,-5.281495854871924
3.61638,-3.711163401685623,-0.011000987325373638,-0.03377929688888889,-33.779296888888894,-5.2845638120843725
3.618635,-5.249130085250506,-0.00820366803054664,-0.03378906255555557,-33.78906255555557,-5.286097799417243
3.620896,-6.775001637099069,-0.006148438216860067,-0.033769531222222225,-33.76953122222223,-5.283029824751502
3.623153,-9.032707197601374,-0.006902648334572627,-0.03375976566666667,-33.759765666666674,-5.281495854871924
3.625408,-10.51176901891145,-0.01182867282220973,-0.03381835944444445,-33.818359444444454,-5.290699743962562
3.627665,-11.966012258258164,-0.020959424095150316,-0.0339355468888889,-33.935546888888894,-5.309107504690543
3.629923,-13.391038685926494,-0.03302479765424631,-0.03405273444444445,-34.05273444444445,-5.327515282871817
3.632185,-15.46747435031667,-0.04627825505606275,-0.03413085944444445,-34.130859444444454,-5.339787129174902
3.63444,-16.805635741113242,-0.05937178455010424,-0.0342480468888889,-34.2480468888889,-5.358194889902883
3.636695,-18.102956427413147,-0.07162308693990475,-0.034433593777777785,-34.43359377777779,-5.387340527054372
3.638952,-19.356294816562794,-0.0825740210942439,-0.034648437555555564,-34.64843755555557,-5.42108810875118
3.641216,-21.14653139021094,-0.09203355699584682,-0.03484375000000001,-34.84375000000001,-5.451767715782245
3.643472,-22.276091028809148,-0.10041142881604062,-0.03500976566666667,-35.009765666666674,-5.477845395721286
3.645727,-23.350829875602216,-0.10856206892392069,-0.035205078111111114,-35.20507811111111,-5.508525002752353
3.647982,-24.36823465646727,-0.11692145942556517,-0.03545898444444445,-35.458984444444454,-5.548408516327349
3.650246,-25.78116595241928,-0.12511280724192925,-0.035751953111111116,-35.75195311111111,-5.594427926873949
3.652503,-26.644004374727718,-0.13219372216885605,-0.036044921888888894,-36.044921888888894,-5.640447354873841
3.65476,-27.44086935131077,-0.1373069203955421,-0.03629882811111112,-36.29882811111112,-5.680330850995545
3.657015,-28.50838253500058,-0.13996102034215363,-0.03657226566666667,-36.572265666666674,-5.723282321782989
3.659274,-29.131988676738153,-0.14027353642664744,-0.036875000000000005,-36.87500000000001,-5.7708357196624585
3.661529,-29.683024028177805,-0.13910184009253676,-0.037148437555555566,-37.14843755555557,-5.813787190449903
3.663786,-30.160231952258094,-0.13782746335466026,-0.037431640666666675,-37.431640666666674,-5.858272631116925
3.666043,-30.734515089334305,-0.1377668245993682,-0.03769531255555556,-37.69531255555556,-5.8996901145714995
3.668304,-31.021656657872416,-0.13969140950777684,-0.03800781255555557,-38.00781255555557,-5.94877749978384
3.670561,-31.231200887866855,-0.14392121928290663,-0.03829101566666667,-38.291015666666674,-5.993262940450862
3.672817,-31.362362381154227,-0.1505413165308283,-0.03859375,-38.59375,-6.040816338330331
3.675073,-31.41152830618291,-0.15937164126864098,-0.03889648444444445,-38.89648444444445,-6.088369753663095
3.677334,-31.345554860457522,-0.16977316476172613,-0.03918945311111112,-39.18945311111112,-6.134389164209694
3.67959,-31.200570359494353,-0.1805978795300182,-0.039531250000000004,-39.53125000000001,-6.188078493967353
3.681845,-30.97688896255876,-0.19030403418587552,-0.03986328122222223,-39.86328122222223,-6.240233836392142
3.68944,-29.306975387543105,-0.19971617428168273,-0.04103515622222223,-41.03515622222223,-6.424311530938419
3.69151,-28.70064800540028,-0.2040491833065275,-0.04133789066666667,-41.33789066666667,-6.4718649462711815
3.693767,-28.021121514428806,-0.20634734457051165,-0.041757812555555565,-41.75781255555557,-6.537826122331927
3.696026,-26.86847116982671,-0.20721257981368013,-0.04215820311111112,-42.15820311111112,-6.6007193237269295
3.698282,-26.01395796805028,-0.2071103001104909,-0.042558593777777785,-42.55859377777779,-6.663612542575225
3.700542,-25.092685922385076,-0.20622197148360696,-0.0429980468888889,-42.9980468888889,-6.732641675848418
3.702796,-24.10716830695396,-0.20429125581430957,-0.043437500000000004,-43.43750000000001,-6.801670809121609
3.705053,-22.513752513053216,-0.20066426706471335,-0.04391601566666667,-43.91601566666667,-6.876835874272991
3.707309,-21.378380928045864,-0.19458252192694092,-0.0444042968888889,-44.4042968888889,-6.953534909303951
3.70957,-20.187874391968013,-0.18555335115805777,-0.04477539066666667,-44.775390666666674,-7.011826183606927
3.711827,-18.945374497473246,-0.17351607793760662,-0.04511718755555556,-45.11718755555556,-7.065515513364587
3.714084,-16.990361389144322,-0.1588998913965745,-0.0454199218888889,-45.4199218888889,-7.113068911244057
3.716342,-15.631151327568697,-0.14240852797062215,-0.04575195311111112,-45.75195311111112,-7.165224253668845
3.718605,-14.231257641129085,-0.12455969816895969,-0.04607421877777779,-46.07421877777779,-7.2158456262140565
3.720863,-12.794136081744433,-0.10558149616139095,-0.046328125000000005,-46.32812500000001,-7.255729122335759
3.72312,-10.576642907208079,-0.08573146219951501,-0.046533203111111116,-46.53320311111111,-7.287942716699696
3.725375,-9.062552327810478,-0.06564075189481912,-0.04665039066666667,-46.650390666666674,-7.30635049488097
3.727635,-7.524742723878274,-0.046124612302905654,-0.0468261718888889,-46.8261718888889,-7.333962144699589
3.729894,-5.966355688065056,-0.02805459259081896,-0.046923828111111114,-46.92382811111111,-7.349301948215122
3.732153,-3.600422260646583,-0.012385591857891419,-0.04689453122222223,-46.89453122222223,-7.344700003669804
3.734408,-2.0095197408687113,-0.00014589965915104246,-0.04686523444444445,-46.865234444444454,-7.340098076577778
3.736662,-0.41264819504901934,0.008076849193929122,-0.046884765666666675,-46.884765666666674,-7.343166033790226
3.738923,1.185951226730147,0.012590952649854494,-0.046875,-46.875,-7.341632046457355
3.741182,3.578116952806095,0.014623036306287189,-0.046875,-46.875,-7.341632046457355
3.743439,5.163364605807504,0.016059628539293935,-0.046855468777777784,-46.85546877777779,-7.338564089244907
3.745697,6.735888808561876,0.01916894479772702,-0.046875,-46.875,-7.341632046457355
3.74796,8.291291331354183,0.026119313333549554,-0.046884765666666675,-46.884765666666674,-7.343166033790226
3.750216,10.584339809209373,0.038198977957334034,-0.04681640622222223,-46.816406222222234,-7.332428157366719
3.752473,12.080523310481512,0.05517251866279864,-0.046572265666666675,-46.572265666666674,-7.2940786485778855
3.754728,13.545447964850434,0.07539453526957555,-0.04633789066666667,-46.337890666666674,-7.25726310966863
3.756991,14.975972179662545,0.09662220672616822,-0.046152343777777785,-46.15234377777779,-7.228117472517141
3.759252,17.04832377360305,0.11690281139033168,-0.04594726566666667,-45.94726566666667,-7.195903878153204
3.76151,18.37564666974474,0.13517350445777632,-0.045634765666666674,-45.634765666666674,-7.1468164929408635
3.763767,19.65553151681722,0.15104434614480444,-0.045244140666666675,-45.244140666666674,-7.085457261425438
3.766027,21.47875481332806,0.1644899855216456,-0.04488281255555557,-44.88281255555557,-7.028699974455332
3.768284,22.625121972622974,0.17579717523233937,-0.04455078122222223,-44.550781222222234,-6.97654461457725
3.770543,23.71258426966308,0.18544853217681093,-0.04420898444444445,-44.208984444444454,-6.922855302272883
3.772801,24.738157191427472,0.19361531087189532,-0.043671875000000006,-43.67187500000001,-6.838486348030865
3.775061,26.15438715966575,0.19984420874227624,-0.04322265622222223,-43.222656222222234,-6.767923227424803
3.777316,27.0132985911572,0.2032580326214085,-0.042734375000000005,-42.73437500000001,-6.691224192393843
3.779573,27.801524187942878,0.20321607204254355,-0.04230468755555557,-42.30468755555557,-6.623729046453522
3.781832,28.516550675899914,0.1997064090088115,-0.04188476566666667,-41.884765666666674,-6.5577678703927775
3.784094,29.44771873842393,0.19348744289069444,-0.041484375000000004,-41.48437500000001,-6.494874651544481
3.786352,29.971893472675383,0.18608369082151824,-0.04111328122222223,-41.11328122222223,-6.436583377241504
3.788608,30.416742992423703,0.17938035408917977,-0.04077148444444445,-40.771484444444454,-6.382894064937138
3.790866,30.781167740240114,0.17474221835298068,-0.04041015622222223,-40.41015622222223,-6.326136760513738
3.793127,31.17449514046956,0.17234272205529863,-0.040048828111111115,-40.04882811111111,-6.269379473543631
3.795383,31.3334597287412,0.17133175090692115,-0.03970703122222223,-39.70703122222223,-6.215690143785972
3.797638,31.409015032060037,0.17043692222402168,-0.0394042968888889,-39.4042968888889,-6.168136745906502
3.799896,31.401003970793383,0.1684061246920454,-0.03908203122222223,-39.08203122222223,-6.117515373361291
3.80796,30.534081478035276,0.1644403470152411,-0.03801757811111112,-38.01757811111111,-5.950311469663418
3.810018,29.869163392902998,0.1588361652493875,-0.03775390622222223,-37.75390622222223,-5.908893986208843
3.812277,29.325196624933927,0.15287183285681905,-0.03748046877777779,-37.48046877777779,-5.865942532874692
3.814532,28.70221880172707,0.1473291547331197,-0.03719726566666667,-37.197265666666674,-5.82145709220767
3.816802,28.002114878874586,0.14249951599596591,-0.036914062555555564,-36.91406255555557,-5.776971651540649
3.819057,26.810665865000654,0.13826854816196635,-0.03665039066666667,-36.650390666666674,-5.7355541680860735
3.821314,25.925207975586375,0.13456328684683483,-0.03636718755555557,-36.36718755555557,-5.691068727419053
3.82357,24.969692569997036,0.13122238292897417,-0.036103515666666676,-36.103515666666674,-5.6496512439644775
3.82583,23.94631876309016,0.12786896424719363,-0.03584960944444445,-35.849609444444454,-5.609767747842775
3.828087,22.290228195750302,0.12388325516051342,-0.0355761718888889,-35.576171888888894,-5.566816277055331
3.830344,21.109617676531258,0.11863428451271586,-0.03529296877777778,-35.29296877777778,-5.522330836388308
3.832601,19.87120185248616,0.11169758173505048,-0.03511718755555556,-35.11718755555556,-5.49471918656969
3.834866,18.578436475533962,0.10302843310268464,-0.03494140622222223,-34.94140622222223,-5.467107519297779
3.837126,16.545040630497965,0.093050001625417,-0.03477539066666667,-34.77539066666667,-5.4410298568120306
3.839383,15.131952254913278,0.08232248505037996,-0.03461914066666667,-34.619140666666674,-5.41648616420586
3.841638,13.676766537770487,0.07108422523330432,-0.03442382811111112,-34.42382811111111,-5.385806539721501
3.843897,12.184038788417295,0.05925512993834351,-0.03434570311111112,-34.34570311111112,-5.373534693418416
3.846154,9.882665090030093,0.04693602279109346,-0.034257812555555565,-34.25781255555557,-5.359728877235754
3.848413,8.312968320663952,0.03450174259293162,-0.0341699218888889,-34.1699218888889,-5.345923043599798
3.850668,6.719866686028568,0.02237604553144168,-0.03408203122222223,-34.082031222222234,-5.332117209963843
3.852927,5.1077584158389655,0.010967602133476508,-0.034091796888888894,-34.091796888888894,-5.333651197296713
3.855182,2.6632851720807476,0.001131235933837042,-0.03410156255555556,-34.10156255555556,-5.335185184629584
3.857439,1.0227454883761573,-0.0060074550375459335,-0.034121093777777785,-34.12109377777779,-5.338253141842031
3.859695,-0.6212499472473816,-0.009715071392513805,-0.034091796888888894,-34.091796888888894,-5.333651197296713
3.861953,-2.2643029050748438,-0.010183540458616285,-0.03410156255555556,-34.10156255555556,-5.335185184629584
3.864209,-4.717415528630434,-0.008417815267472846,-0.03411132811111112,-34.11132811111111,-5.336719154509161
3.866465,-6.3383202582500875,-0.006073530292818022,-0.034121093777777785,-34.12109377777779,-5.338253141842031
3.868722,-7.942731626438395,-0.005326970685551026,-0.03410156255555556,-34.10156255555556,-5.335185184629584
3.870984,-9.52625140348033,-0.008191524062769684,-0.034121093777777785,-34.12109377777779,-5.338253141842031
3.87324,-11.851658285667495,-0.015494893224598481,-0.03423828122222223,-34.23828122222223,-5.356660902570013
3.875498,-13.362921431676867,-0.026511139178401,-0.03435546877777779,-34.35546877777779,-5.375068680751287
3.877755,-14.838213341802632,-0.0396686795420569,-0.03444335944444445,-34.443359444444454,-5.3888745143872425
3.880015,-16.974182186978332,-0.053554095107164405,-0.03455078122222223,-34.55078122222223,-5.4057482877823535
3.88227,-18.340617911657212,-0.0672009721841242,-0.03472656255555557,-34.72656255555557,-5.433359955054264
3.884526,-19.657416472409377,-0.07995490042878167,-0.03493164066666667,-34.931640666666674,-5.465573549418201
3.886784,-20.919865480254433,-0.09140349889602287,-0.035136718777777784,-35.13671877777779,-5.497787143782138
3.889045,-22.705232585289515,-0.10170699939293022,-0.03529296877777778,-35.29296877777778,-5.522330836388308
3.891299,-23.817827623558337,-0.11143079424273715,-0.03547851566666667,-35.47851566666667,-5.551476473539797
3.893555,-24.86492045499982,-0.120896437564372,-0.03578125000000001,-35.78125000000001,-5.599029871419266
3.895814,-25.84289824806232,-0.1297082366347319,-0.036074218777777785,-36.07421877777779,-5.64504929941916
3.898075,-27.17524769244975,-0.13708032658616137,-0.03633789066666667,-36.337890666666674,-5.686466782873733
3.90033,-27.96975647454261,-0.14241394756003148,-0.03661132811111112,-36.61132811111112,-5.729418236207885
3.902586,-28.686353758826442,-0.1456805296895193,-0.036904296888888896,-36.904296888888894,-5.775437664207778
3.90484,-29.323311669341773,-0.1474382846277401,-0.03719726566666667,-37.197265666666674,-5.82145709220767
3.907101,-30.124731955272527,-0.1487456250781201,-0.03748046877777779,-37.48046877777779,-5.865942532874692
3.909357,-30.554187671018255,-0.15096854892997918,-0.037734375,-37.734375,-5.905826028996395
3.911613,-30.898192066586336,-0.1552458452190395,-0.038027343777777785,-38.02734377777779,-5.9518454569962875
3.913868,-31.155645584548022,-0.16199254481971836,-0.03833007811111112,-38.33007811111111,-5.999398854875758
3.916127,-31.377756185156816,-0.17055240966854213,-0.03863281255555557,-38.63281255555557,-6.046952270208521
3.918383,-31.415769456265256,-0.17926997774225467,-0.038935546888888894,-38.935546888888894,-6.094505668087991
3.925954,-30.852953132374644,-0.192620246408339,-0.04001953122222223,-40.019531222222234,-6.264777528998312
3.92801,-30.283382384278816,-0.19695118897540587,-0.0403417968888889,-40.3417968888889,-6.3153989015435235
3.930279,-29.796121363707037,-0.19965526922310056,-0.040673828111111116,-40.67382811111111,-6.3675542439683115
3.932535,-29.224194421121016,-0.2014805310439747,-0.04103515622222223,-41.03515622222223,-6.424311530938419
3.93479,-28.569486512112903,-0.20331121758551746,-0.04139648444444446,-41.39648444444446,-6.481068835361819
3.937046,-27.435371564166985,-0.20550439469928256,-0.041796875000000004,-41.79687500000001,-6.543962036756822
3.939307,-26.581015442023244,-0.20785566135614314,-0.04220703122222223,-42.207031222222234,-6.608389225484696
3.941562,-25.650789857295305,-0.2097353179963133,-0.04261718755555557,-42.61718755555557,-6.672816431665863
3.943818,-24.647208084106044,-0.2102304885063488,-0.04303710944444445,-43.037109444444454,-6.738777607726607
3.946074,-23.010438311585762,-0.20813776945819323,-0.043466796888888895,-43.466796888888894,-6.806272753666929
3.948335,-21.8361109776739,-0.20232360293074567,-0.04397460944444446,-43.97460944444446,-6.8860397633636286
3.950591,-20.598637631424875,-0.1923445569779901,-0.04435546877777779,-44.35546877777779,-6.945865007546184
3.952847,-19.30194526365569,-0.17867630548879204,-0.04466796877777779,-44.66796877777779,-6.994952392758524
3.955101,-17.253941012780505,-0.16236693413781544,-0.04494140622222223,-44.94140622222223,-7.037903846092676
3.957357,-15.824830514662509,-0.14445068079553114,-0.04529296877777778,-45.29296877777778,-7.093127163183205
3.959622,-14.3498527638021,-0.1255801374231697,-0.0456542968888889,-45.654296888888894,-7.149884450153312
3.961881,-12.833405989914306,-0.1060965058167599,-0.045869140666666676,-45.869140666666674,-7.183632031850119
3.964137,-10.489306631438282,-0.08624729385235433,-0.04602539066666667,-46.025390666666674,-7.208175724456289
3.966392,-8.887251457740167,-0.06653377613442882,-0.04616210944444445,-46.162109444444454,-7.229651459850012
3.968653,-7.258806905751897,-0.04755912968009081,-0.04631835944444445,-46.31835944444445,-7.254195152456182
3.970912,-5.608842444086537,-0.029850906916453764,-0.0464355468888889,-46.4355468888889,-7.272602913184164
3.973169,-3.1038935417467157,-0.013907371564370618,-0.04641601566666667,-46.416015666666674,-7.269534955971715
3.975424,-1.4204711183206251,-0.00037007977246216253,-0.04637695311111112,-46.37695311111112,-7.263399024093526
3.977686,0.2675066144531709,0.01030570419407869,-0.04642578122222223,-46.425781222222234,-7.271068925851293
3.979943,1.955798506492326,0.018271815177866222,-0.04640625,-46.40625,-7.2680009686388445
3.982201,4.477083690630814,0.02448953812849556,-0.04638671877777779,-46.38671877777779,-7.264933011426397
3.984456,6.143541513727521,0.03053814548710804,-0.046367187555555564,-46.36718755555557,-7.261865054213949
3.98672,7.793191816127521,0.03826199680369257,-0.04641601566666667,-46.416015666666674,-7.269534955971715
3.988979,9.421008049585073,0.049195784634898466,-0.046347656222222235,-46.347656222222234,-7.2587970795482075
3.991234,11.810817581170827,0.06378908727572143,-0.04611328122222223,-46.113281222222234,-7.221981540638953
3.993489,13.363235590942224,0.08118711544851116,-0.04589843755555557,-45.89843755555557,-7.188233976395439
3.995751,14.877326170339826,0.09979499453721019,-0.045703125000000004,-45.70312500000001,-7.157554351911078
3.998009,17.06717332952459,0.1180943305231639,-0.04554687500000001,-45.54687500000001,-7.133010659304908
4.000267,18.46643869743348,0.13509756877114223,-0.04519531255555557,-45.19531255555557,-7.077787359667672
4.002523,19.812296990231353,0.1501091952030339,-0.044824218777777786,-44.82421877777779,-7.019496085364694
4.004785,21.101292455999243,0.16278335811350067,-0.044472656222222226,-44.47265622222223,-6.9642727682741645
4.00704,22.918389646835582,0.17338736973456734,-0.0441699218888889,-44.1699218888889,-6.916719370394695
4.009298,24.047320966903076,0.18269403752505292,-0.043808593777777786,-43.80859377777779,-6.859962083424588
4.011555,25.106508930060873,0.19115594811260686,-0.04332031255555557,-43.32031255555557,-6.783263048393629
4.013816,26.09218362512467,0.1984594087259946,-0.04286132811111112,-42.86132811111112,-6.711165940454696
4.01607,27.427203423267652,0.20369024287770301,-0.04241210944444446,-42.412109444444454,-6.640602837301926
4.018328,28.217471055278168,0.20599166401367972,-0.04197265622222223,-41.972656222222234,-6.571573686575441
4.020588,28.924800641233908,0.20493779375837862,-0.041542968777777786,-41.54296877777779,-6.504078540635119
4.022851,29.547464305175403,0.20088170386092077,-0.041171875000000004,-41.17187500000001,-6.4457872663321405
4.025109,30.31809698310098,0.19508096706811484,-0.04083984377777779,-40.83984377777779,-6.3936319239073525
4.027367,30.720535002025834,0.1893116415710465,-0.040488281222222235,-40.488281222222234,-6.338408606816823
4.029625,31.032338072894618,0.18497634870636212,-0.04014648444444446,-40.146484444444454,-6.284719294512457
4.031886,31.252563717911265,0.18232971409992804,-0.03978515622222223,-39.78515622222223,-6.2279619900890575
4.034141,31.409329191325394,0.18046163162803414,-0.039462890666666674,-39.462890666666674,-6.1773406349971385
4.036397,31.397705298507113,0.17784466416982023,-0.03915039066666667,-39.150390666666674,-6.128253249784798
4.04399,30.625187664989383,0.1716472497154309,-0.03814453122222223,-38.14453122222223,-5.970253217724269
4.046061,29.950059403732936,0.16541824494936733,-0.03788085944444445,-37.88085944444445,-5.928835751722988
4.048321,29.388028478005722,0.1587037489489178,-0.037578125000000004,-37.57812500000001,-5.881282336390225
4.050577,28.737875878345314,0.1527466183239451,-0.03731445311111112,-37.31445311111112,-5.839864852935651
4.052832,28.00180071960923,0.14823065939605037,-0.037021484444444454,-37.021484444444454,-5.793845442389052
4.055094,26.740922508090964,0.14525951252596303,-0.03675781255555557,-36.75781255555557,-5.7524279589344784
4.057351,25.799230110177422,0.14331403634421688,-0.03649414066666667,-36.49414066666667,-5.711010475479903
4.059607,24.78009745335289,0.14139827482503706,-0.03623046877777779,-36.23046877777779,-5.66959299202533
4.061862,23.686351971005607,0.13838960793138524,-0.03594726566666667,-35.947265666666674,-5.625107551358307
4.064126,21.91245167915613,0.13341436868486295,-0.035683593777777786,-35.68359377777779,-5.583690067903734
4.066382,20.646075680494082,0.12591950282136932,-0.0354199218888889,-35.4199218888889,-5.542272584449161
4.068638,19.31733906765828,0.11573517274906181,-0.035234375000000005,-35.23437500000001,-5.513126947297671
4.070895,17.92954051293499,0.10325997503725749,-0.035058593777777786,-35.05859377777779,-5.485515297479053
4.073159,15.747547335384198,0.08939690891078916,-0.03489257811111112,-34.89257811111112,-5.459437617540012
4.075416,14.231728880027124,0.07512672677969978,-0.03472656255555557,-34.72656255555557,-5.433359955054264
4.077671,12.67208520715247,0.061029230267608196,-0.03458984377777778,-34.58984377777778,-5.411884219660542
4.079926,11.073642865005983,0.04763686085087388,-0.034531250000000006,-34.53125000000001,-5.402680330569905
4.082188,8.613147498714458,0.03557979881009432,-0.034433593777777785,-34.43359377777779,-5.387340527054372
4.084445,6.938521534718418,0.025140184109862004,-0.034335937555555564,-34.33593755555557,-5.372000723538839
4.0867,5.242375661045289,0.01577928848715233,-0.0342480468888889,-34.2480468888889,-5.358194889902883
4.088954,3.5294222666754536,0.006837074823217321,-0.0342480468888889,-34.2480468888889,-5.358194889902883
4.091216,0.9398074423213867,-0.0015921247824662917,-0.0342480468888889,-34.2480468888889,-5.358194889902883
4.093473,-0.791995507969987,-0.008652284595886323,-0.034257812555555565,-34.25781255555557,-5.359728877235754
4.09573,-2.522384741567245,-0.013720914547811087,-0.034257812555555565,-34.25781255555557,-5.359728877235754
4.097986,-4.2455483120612465,-0.016945292692476854,-0.034257812555555565,-34.25781255555557,-5.359728877235754
4.100248,-6.805632165471569,-0.01913276402222349,-0.03426757811111111,-34.26757811111111,-5.361262847115331
4.102505,-8.48889750926498,-0.021507710853699145,-0.03426757811111111,-34.26757811111111,-5.361262847115331
4.104761,-10.146558872931635,-0.02551960563284903,-0.034257812555555565,-34.25781255555557,-5.359728877235754
4.107018,-12.574695834891186,-0.03235449570940274,-0.03434570311111112,-34.34570311111112,-5.373534693418416
4.109281,-14.147848356176274,-0.04229958423115585,-0.03446289066666667,-34.46289066666667,-5.39194247159969
4.11154,-15.677646898841827,-0.05465497842457347,-0.03458007811111112,-34.58007811111112,-5.410350232327672
4.113796,-17.16032155170353,-0.06837718329208006,-0.034677734444444455,-34.677734444444454,-5.425690053296498
4.116052,-19.285766061489703,-0.08248902342953428,-0.03486328122222223,-34.86328122222223,-5.454835672994694
4.118311,-20.629739398695417,-0.09588677547232193,-0.03507812500000001,-35.07812500000001,-5.488583254691501
4.120568,-21.911352121727376,-0.10740503238177139,-0.03529296877777778,-35.29296877777778,-5.522330836388308
4.122826,-23.126206000870546,-0.11664931499258603,-0.03545898444444445,-35.458984444444454,-5.548408516327349
4.125081,-24.814497892909703,-0.12424079100232338,-0.035693359444444454,-35.693359444444454,-5.585224055236605
4.12734,-25.845725681450553,-0.1308878344908166,-0.035996093777777786,-35.99609377777779,-5.632777453116074
4.129598,-26.79778533512094,-0.13645860961324596,-0.03629882811111112,-36.29882811111112,-5.680330850995545
4.131856,-27.66722110200191,-0.1404181784711901,-0.036562500000000005,-36.56250000000001,-5.721748334450118
4.134113,-28.811074987173956,-0.1426553440026645,-0.0368261718888889,-36.8261718888889,-5.763165817904692
4.136373,-29.463269622059197,-0.14348746931304596,-0.03712890622222223,-37.12890622222223,-5.810719215784163
4.138628,-30.024200990357656,-0.14331753429763333,-0.037421875,-37.421875,-5.8567386437840545
4.140887,-30.492455375375215,-0.14286465083516348,-0.03767578122222223,-37.675781222222234,-5.896622139905759
4.143143,-31.017258428157387,-0.1435907242691189,-0.03798828122222223,-37.988281222222234,-5.945709525118099
4.145402,-31.247065930767484,-0.14717831739992485,-0.03826171877777779,-38.26171877777779,-5.988660995905543
4.14766,-31.37979822038165,-0.1545681200377847,-0.03857421877777778,-38.57421877777778,-6.037748381117884
4.149917,-31.414984058101858,-0.16535890855164068,-0.03884765622222223,-38.84765622222223,-6.0806998344520355
4.152172,-31.28429380371252,-0.17788579319668557,-0.039169921888888896,-39.169921888888894,-6.131321206997247
4.154426,-31.074906653350762,-0.18966516832857944,-0.03950195311111112,-39.50195311111112,-6.183476549422035
4.162516,-29.276816098068643,-0.20623964595655078,-0.04070312500000001,-40.70312500000001,-6.37215618851363
4.164573,-28.593519695912864,-0.21103748022904545,-0.04103515622222223,-41.03515622222223,-6.424311530938419
4.16683,-27.820216664231733,-0.21328371519499145,-0.041376953111111114,-41.37695311111111,-6.478000860696078
4.169087,-26.496663679274356,-0.21391280360610723,-0.041796875000000004,-41.79687500000001,-6.543962036756822
4.171356,-25.509261108251085,-0.21350235805017648,-0.04220703122222223,-42.207031222222234,-6.608389225484696
4.173612,-24.441276685663233,-0.2116691852019314,-0.04261718755555557,-42.61718755555557,-6.672816431665863
4.175867,-23.295694924531716,-0.20744511600492926,-0.043066406222222235,-43.066406222222234,-6.743379534818632
4.178122,-21.440270303321583,-0.19972477838295719,-0.043496093777777786,-43.49609377777779,-6.810874698212247
4.180384,-20.1175027165276,-0.18796012793015274,-0.04388671877777779,-43.886718777777794,-6.872233929727672
4.182639,-18.73001832106967,-0.17262446319237534,-0.04418945311111112,-44.18945311111111,-6.919787327607143
4.184894,-17.28331490409157,-0.1549790466558322,-0.04450195311111112,-44.50195311111112,-6.968874712819483
4.187149,-15.011158017382751,-0.13634851766130746,-0.04481445311111112,-44.81445311111112,-7.017962098031823
4.189411,-13.434706823811393,-0.11745305434494256,-0.045146484444444454,-45.146484444444454,-7.070117457909905
4.191669,-11.815372890518534,-0.09855082905370191,-0.045312500000000006,-45.31250000000001,-7.096195120395652
4.193925,-10.158025686117238,-0.07983255909693862,-0.045449218777777786,-45.44921877777779,-7.117670855789375
4.196181,-7.611293601484672,-0.06161171612826044,-0.04560546877777779,-45.60546877777779,-7.142214548395545
4.198439,-5.881846845683491,-0.04417631604000688,-0.045761718777777786,-45.76171877777779,-7.166758241001716
4.200697,-4.132765135797373,-0.02792382000873901,-0.04580078122222223,-45.800781222222234,-7.172894155426612
4.202953,-2.369075020072063,-0.013651895887904518,-0.045771484444444455,-45.771484444444454,-7.168292228334586
4.205209,0.2891836037629405,-0.0023334368961563778,-0.04578125000000001,-45.78125000000001,-7.169826198214164
4.207469,2.0630838956124173,0.005636058257607136,-0.04575195311111112,-45.75195311111112,-7.165224253668845
4.209727,3.8303868428893555,0.0109607768357666,-0.04575195311111112,-45.75195311111112,-7.165224253668845
4.211985,5.5860658973480115,0.015316832070166628,-0.04575195311111112,-45.75195311111112,-7.165224253668845
4.21424,8.186519216356963,0.020866643553708493,-0.04575195311111112,-45.75195311111112,-7.165224253668845
4.216502,9.889262434602632,0.029656431980142714,-0.04580078122222223,-45.800781222222234,-7.172894155426612
4.218757,11.56090388557776,0.04298774567428983,-0.045625000000000006,-45.62500000000001,-7.145282505607993
4.221012,13.99893686439612,0.06085708957457939,-0.0454199218888889,-45.4199218888889,-7.113068911244057
4.223267,15.569733191191016,0.08202374720997652,-0.04522460944444446,-45.22460944444446,-7.08238930421299
4.225327,17.090892354059193,0.10380227049267494,-0.045029296888888896,-45.029296888888894,-7.051709679728631
4.227587,18.558644441816345,0.12589458356869898,-0.044687500000000005,-44.68750000000001,-6.998020349970972
4.229844,19.96654918952261,0.14592422165500255,-0.044335937555555566,-44.33593755555557,-6.942797050333736
4.232099,21.957376454102462,0.1628499290563037,-0.043984375000000006,-43.98437500000001,-6.887573733243205
4.23436,23.19830555227043,0.1764451491533637,-0.043681640666666674,-43.681640666666674,-6.840020335363736
4.236619,24.364150586017605,0.1871600176863551,-0.04327148444444445,-43.271484444444454,-6.775593146635862
4.238877,25.45192704232307,0.19543823645476602,-0.04278320311111112,-42.78320311111112,-6.69889409415161
4.241134,26.92926098767367,0.2010197524999473,-0.04232421877777779,-42.32421877777779,-6.62679700366597
4.243394,27.806079497290582,0.2032436394456841,-0.04194335944444445,-41.943359444444454,-6.5669717594834145
4.245651,28.593048457014824,0.2017634400262688,-0.041513671888888895,-41.513671888888894,-6.4994765960898
4.247909,29.28796875198889,0.19681942627122623,-0.04110351566666667,-41.103515666666674,-6.435049407361926
4.250167,30.151435492828043,0.18902462009610324,-0.04075195311111112,-40.75195311111112,-6.379826090271397
4.252427,30.60539563127177,0.17945584399637415,-0.040400390666666675,-40.400390666666674,-6.32460279063416
4.254683,30.959924362229376,0.1698196129964637,-0.04008789066666667,-40.08789066666667,-6.275515405421819
4.256939,31.21376504863943,0.16202177399054196,-0.03973632811111112,-39.73632811111112,-6.22029208833129
4.259195,31.403674324548934,0.15744035282697255,-0.03942382811111112,-39.42382811111112,-6.171204703118949
4.261456,31.4024176874875,0.15649221104337357,-0.03908203122222223,-39.08203122222223,-6.117515373361291
4.263715,31.298588050286355,0.15871398001788403,-0.038798828111111114,-38.79882811111111,-6.0730299326942685
4.265972,31.092342492578187,0.16308018224140697,-0.038486328111111114,-38.48632811111111,-6.023942547481928
4.268227,30.59235802175937,0.16838587978968317,-0.03818359377777779,-38.18359377777779,-5.976389149602458
4.270489,30.133528414702578,0.17343631636139645,-0.03790039066666667,-37.900390666666674,-5.931903708935436
4.272747,29.575581559425032,0.17694537359069415,-0.03761718755555557,-37.61718755555557,-5.887418268268415
4.280341,26.392991121705894,0.18593774364312882,-0.03668945311111112,-36.68945311111112,-5.74169008251097
4.282399,25.37197350928921,0.18312689862884152,-0.036455078111111115,-36.45507811111111,-5.704874543601715
4.284669,24.267232452654362,0.17739369163418928,-0.036171875,-36.171875,-5.660389102934692
4.286927,23.08175246482225,0.16863465188466475,-0.03591796877777779,-35.91796877777779,-5.62050560681299
4.289184,21.16129687568281,0.15705330545073198,-0.035625000000000004,-35.62500000000001,-5.574486178813096
4.291442,19.7920337176157,0.1428775107112545,-0.03540039066666668,-35.400390666666674,-5.539204627236712
4.293703,18.35648295455784,0.12656056545769995,-0.03524414066666667,-35.244140666666674,-5.514660934630541
4.295962,16.859985294020344,0.10897703445009685,-0.03507812500000001,-35.07812500000001,-5.488583254691501
4.298222,14.510859387298575,0.09123741113112871,-0.034882812555555566,-34.88281255555557,-5.4579036476604355
4.30048,12.882100676044947,0.0742288450662135,-0.03472656255555557,-34.72656255555557,-5.433359955054264
4.302741,11.210773384335178,0.058304631573656014,-0.034638671888888896,-34.638671888888894,-5.419554121418309
4.304996,9.500961582618933,0.0436356408698615,-0.034570312555555566,-34.57031255555557,-5.408816262448094
4.307257,6.877574637238776,0.030286506699395793,-0.03446289066666667,-34.46289066666667,-5.39194247159969
4.309514,5.098019478612837,0.018269398578492305,-0.03439453122222223,-34.394531222222234,-5.381204595176183
4.311774,3.3008714011267957,0.00761507316908591,-0.0344042968888889,-34.4042968888889,-5.382738582509053
4.31403,0.5846503928330605,-0.0010749140390591203,-0.034433593777777785,-34.43359377777779,-5.387340527054372
4.316288,-1.2304047627784425,-0.0069989743147391235,-0.03442382811111112,-34.42382811111111,-5.385806539721501
4.318544,-3.0424754053690353,-0.010120586422049025,-0.03441406255555556,-34.41406255555556,-5.384272569841924
4.320803,-4.845435429264218,-0.011582425321331821,-0.034433593777777785,-34.43359377777779,-5.387340527054372
4.32306,-7.517988299673055,-0.013080412113415294,-0.034433593777777785,-34.43359377777779,-5.387340527054372
4.325317,-9.27052576147812,-0.016262260132728006,-0.03442382811111112,-34.42382811111111,-5.385806539721501
4.327573,-10.993061013441405,-0.022514374942257137,-0.034472656222222224,-34.47265622222223,-5.393476441479268
4.329829,-12.678996710990367,-0.03250300301301638,-0.034609375000000005,-34.60937500000001,-5.41495217687299
4.332094,-15.128182343728971,-0.045701710032336425,-0.03472656255555557,-34.72656255555557,-5.433359955054264
4.334352,-16.698978670523864,-0.060679169286596696,-0.03480468755555557,-34.80468755555557,-5.44563180135735
4.336608,-18.214168807350223,-0.07622715047978534,-0.03494140622222223,-34.94140622222223,-5.467107519297779
4.338862,-19.6687262059623,-0.09155055651775523,-0.035166015666666675,-35.166015666666674,-5.502389088327456
4.341123,-21.725998155165573,-0.10586656788397046,-0.035380859444444454,-35.380859444444454,-5.5361366700242645
4.343381,-23.007296718932174,-0.11846951339175485,-0.03553710944444446,-35.53710944444446,-5.560680362630435
4.345636,-24.21162626268582,-0.12950459224142713,-0.0357324218888889,-35.7324218888889,-5.591359969661501
4.347891,-25.33458855671149,-0.13960231143440854,-0.036005859444444455,-36.005859444444454,-5.634311440448945
4.350153,-26.857475595539142,-0.14874282630639404,-0.036318359444444455,-36.318359444444454,-5.6833988256612855
4.35241,-27.76052640381353,-0.15603783974363872,-0.03660156255555557,-36.601562555555574,-5.727884266328308
4.354667,-28.56964359174558,-0.16085746466561213,-0.03685546877777778,-36.85546877777778,-5.767767762450011
4.356921,-29.28215680557975,-0.16330880811991555,-0.03712890622222223,-37.12890622222223,-5.810719215784163
4.359181,-30.16431602270776,-0.16374791567608044,-0.0374511718888889,-37.4511718888889,-5.861340588329374
4.361439,-30.624716426091346,-0.1625468361121065,-0.03772460944444445,-37.724609444444454,-5.904292059116818
4.363695,-30.981287192273786,-0.16059249216929924,-0.0379980468888889,-37.9980468888889,-5.94724351245097
4.365951,-31.23230044529561,-0.1593064709498827,-0.03829101566666667,-38.291015666666674,-5.993262940450862
4.368212,-31.409329191325394,-0.1599139789914045,-0.038583984444444455,-38.583984444444454,-6.039282368450754
4.370468,-31.393307068792087,-0.16301325188148885,-0.03889648444444445,-38.89648444444445,-6.088369753663095
4.372723,-31.270156636771368,-0.16874256923460446,-0.039218750000000004,-39.21875000000001,-6.138991108755013
4.374978,-31.040034974895914,-0.17699433483548985,-0.039521484444444456,-39.521484444444454,-6.186544524087776
4.37724,-30.495754047661485,-0.18734687335218253,-0.039843750000000004,-39.84375000000001,-6.237165879179694
4.379497,-30.00173860288449,-0.19912209621355317,-0.04017578122222223,-40.17578122222223,-6.2893212216044825
4.381754,-29.404835998702428,-0.2116247104247711,-0.040537109444444455,-40.537109444444454,-6.346078526027883
4.384009,-28.320358214683232,-0.22404314778533618,-0.04089843755555557,-40.89843755555557,-6.40283581299799
4.386269,-27.47479855196954,-0.2349264605841705,-0.04126953122222223,-41.269531222222234,-6.461127069847675
4.388525,-26.534519870750113,-0.24179733250066804,-0.041611328111111116,-41.61132811111111,-6.514816399605333
4.390783,-25.502663763678544,-0.24157827911981627,-0.042041015666666674,-42.041015666666674,-6.582311562998948
4.398834,-20.53062215047466,-0.21824707784309805,-0.04353515622222223,-43.535156222222234,-6.8170106126371435
4.400906,-19.09789882080503,-0.2007560840970028,-0.043818359444444455,-43.818359444444454,-6.861496070757458
4.40316,-16.82558485446354,-0.1768378179655623,-0.044101562555555564,-44.10156255555557,-6.90598151142448
4.405416,-15.235467732849061,-0.15009492979087558,-0.044414062555555564,-44.41406255555557,-6.955068896636821
4.407671,-13.59225769538892,-0.12252071172277125,-0.044716796888888896,-44.716796888888894,-7.002622294516291
4.409934,-11.901452529226892,-0.0951564314528938,-0.0449511718888889,-44.9511718888889,-7.039437833425546
4.412189,-9.287804521072864,-0.06895125588260613,-0.045078125000000004,-45.07812500000001,-7.0593795814863975
4.414446,-7.503222814201183,-0.04486657170427962,-0.04523437500000001,-45.23437500000001,-7.083923274092568
4.416701,-5.691623410508628,-0.023686444052690596,-0.04533203122222223,-45.33203122222223,-7.099263077608101
4.418962,-3.8592894953023817,-0.005747255687634206,-0.045351562555555565,-45.35156255555557,-7.1023310522738425
4.421221,-1.086833978509389,0.008756812193132004,-0.045312500000000006,-45.31250000000001,-7.096195120395652
4.423475,0.7687477223334224,0.019733413276753112,-0.04530273444444445,-45.302734444444454,-7.0946611505160755
4.425728,2.62260154721676,0.027579600994307396,-0.0453417968888889,-45.341796888888894,-7.100797064940972
4.42799,4.467815992302725,0.033504082723349295,-0.045312500000000006,-45.31250000000001,-7.096195120395652
4.430249,7.205399830640871,0.039288361013715155,-0.04530273444444445,-45.302734444444454,-7.0946611505160755
4.432507,9.001605430330834,0.04661237323340652,-0.045312500000000006,-45.31250000000001,-7.096195120395652
4.434761,10.76670926275026,0.05660752010030753,-0.045214843777777784,-45.21484377777779,-7.08085531688012
4.437021,13.342972318326572,0.06963584013531669,-0.044970703111111114,-44.97070311111111,-7.0425057906379935
4.439276,15.004246513544855,0.08519755970184094,-0.04477539066666667,-44.775390666666674,-7.011826183606927
4.441532,16.613213191080867,0.10213132844769214,-0.044589843777777784,-44.58984377777779,-6.9826805464554385
4.443791,18.16453164342351,0.11909383501724419,-0.044306640666666675,-44.306640666666674,-6.938195105788417
4.446053,20.371500482570337,0.13485929273114944,-0.04394531255555557,-43.94531255555557,-6.88143781881831
4.448309,21.754586648313243,0.1484583204356809,-0.04359375,-43.59375,-6.8262145017277795
4.450564,23.061489192206597,0.15965905221906923,-0.04328125000000001,-43.28125000000001,-6.777127116515439
4.452821,24.287966964168053,0.16913484276450533,-0.042978515666666675,-42.978515666666674,-6.72957371863597
4.455084,25.96573452081768,0.1776742922107286,-0.04251953122222223,-42.519531222222234,-6.657476610697037
4.457341,26.971201249599094,0.18502790155143142,-0.042070312555555565,-42.07031255555557,-6.586913507544267
4.459595,27.881477720976736,0.1900461287114282,-0.04166015622222223,-41.66015622222223,-6.5224863013631005
4.461853,28.69326526266434,0.19174573749736543,-0.04125976566666668,-41.259765666666674,-6.459593099968097
4.464116,29.720251901122843,0.18990794067933262,-0.040878906222222226,-40.87890622222223,-6.399767838332249
4.466373,30.273800526685363,0.18487917974992982,-0.04051757811111112,-40.51757811111112,-6.343010551362141
4.468629,30.720063763127797,0.17745752902100637,-0.040185546888888896,-40.185546888888894,-6.290855208937353
4.470884,31.057470814123338,0.16906107909654336,-0.039843750000000004,-39.84375000000001,-6.237165879179694
4.473146,31.356079195847048,0.1614817250823814,-0.039521484444444456,-39.521484444444454,-6.186544524087776
4.475401,31.415926535897935,0.15607172497695718,-0.03919921877777779,-39.19921877777779,-6.135923151542565
4.477658,31.363619018215665,0.1531076007892001,-0.03887695311111112,-38.87695311111112,-6.085301778997354
4.479916,31.199470802065598,0.15203599799519918,-0.03859375,-38.59375,-6.040816338330331
4.482179,30.744725265458474,0.15206732877281565,-0.03828125,-38.28125,-5.991728953117991
4.484437,30.303645656894467,0.1525697580627619,-0.0379980468888889,-37.9980468888889,-5.94724351245097
4.486694,29.754024022148933,0.1531976449965468,-0.037714843777777785,-37.71484377777779,-5.902758071783947
4.488952,29.097902396446706,0.1538628892887479,-0.037421875,-37.421875,-5.8567386437840545
4.491214,27.918234355023735,0.1547432531858362,-0.037148437555555566,-37.14843755555557,-5.813787190449903
4.49347,27.005287529890545,0.1561471071442282,-0.03686523444444445,-36.865234444444454,-5.769301749782882
4.495727,25.995579651026784,0.15814340263832943,-0.03660156255555557,-36.601562555555574,-5.727884266328308
4.497984,24.89162399255533,0.16012335847783205,-0.03634765622222223,-36.347656222222234,-5.688000752753311
4.500248,23.068714855309853,0.16072882626893115,-0.03608398444444445,-36.083984444444454,-5.64658328675203
4.502504,21.748303463006064,0.15819221257417887,-0.03578125000000001,-35.78125000000001,-5.599029871419266
4.50476,20.348409776566452,0.15107207710085235,-0.0355761718888889,-35.576171888888894,-5.566816277055331
4.507018,18.112381205373914,0.1388620280852847,-0.0354199218888889,-35.4199218888889,-5.542272584449161
4.509282,16.537972047027388,0.12222163646482892,-0.03525390622222223,-35.25390622222223,-5.51619490451012
4.516854,10.590308835251195,0.07535517107712532,-0.03479492188888889,-34.794921888888894,-5.444097814024479
4.518912,8.791589961438358,0.05630373724068025,-0.034746093777777785,-34.74609377777779,-5.436427912266712
4.521169,6.034371169015276,0.03718838104075578,-0.034638671888888896,-34.638671888888894,-5.419554121418309
4.523438,4.166066017925425,0.01961862070955621,-0.0345605468888889,-34.5605468888889,-5.407282275115224
4.525693,2.2823670628329853,0.003956404266698299,-0.03458007811111112,-34.58007811111112,-5.410350232327672
4.52795,0.39002872794317284,-0.009151506483758638,-0.034609375000000005,-34.60937500000001,-5.41495217687299
4.530209,-2.451698906861475,-0.018738907561660356,-0.03459960944444445,-34.59960944444445,-5.413418206993413
4.532469,-4.33681157864803,-0.024585881150132903,-0.03458984377777778,-34.58984377777778,-5.411884219660542
4.534726,-6.206687526064675,-0.027679279797119125,-0.03459960944444445,-34.59960944444445,-5.413418206993413
4.536983,-8.055671882334948,-0.029796568313905217,-0.034609375000000005,-34.60937500000001,-5.41495217687299
4.53924,-10.772207049894043,-0.03295548233757761,-0.034609375000000005,-34.60937500000001,-5.41495217687299
4.541496,-12.536054245252032,-0.03887932578576048,-0.034707031222222226,-34.70703122222223,-5.430291980388524
4.543757,-14.255290824929046,-0.04829404298185041,-0.03479492188888889,-34.794921888888894,-5.444097814024479
4.546017,-16.734949906407472,-0.06067459063442207,-0.034921875000000005,-34.92187500000001,-5.46403956208533
4.548275,-18.31344313520366,-0.07492390926288864,-0.03503906255555557,-35.03906255555557,-5.482447340266606
4.550529,-19.82580583864179,-0.09000770011288078,-0.035234375000000005,-35.23437500000001,-5.513126947297671
4.55279,-21.26544067214931,-0.10492113805147324,-0.03545898444444445,-35.458984444444454,-5.548408516327349
4.555049,-23.277944926038934,-0.11861388835986943,-0.035625000000000004,-35.62500000000001,-5.574486178813096
4.557305,-24.514789953757237,-0.1306726049282686,-0.03584960944444445,-35.849609444444454,-5.609767747842775
4.559561,-25.66131419268483,-0.14127122740776288,-0.03613281255555556,-36.13281255555556,-5.654253188509797
4.561823,-26.713590652004733,-0.1503078541511855,-0.03644531255555557,-36.44531255555557,-5.703340573722137
4.564082,-28.107515312402523,-0.157113398102868,-0.036708984444444454,-36.708984444444454,-5.744758057176711
4.566339,-28.9079931205372,-0.1612834003621646,-0.0369824218888889,-36.9824218888889,-5.787709510510863
4.568593,-29.601970937715187,-0.16302944620746956,-0.03727539066666667,-37.275390666666674,-5.833728938510755
4.570853,-30.186778410180928,-0.16275147558709446,-0.03755859377777778,-37.55859377777778,-5.878214379177777
4.57311,-30.854366849068757,-0.1609169914719883,-0.037851562555555565,-37.85156255555557,-5.92423380717767
4.575366,-31.156902221609457,-0.1584717048217353,-0.03811523444444445,-38.115234444444454,-5.965651290632244
4.57762,-31.344298223396088,-0.1566937663074214,-0.038408203111111115,-38.40820311111111,-6.011670701178843
4.57988,-31.415298217367216,-0.15637533619739677,-0.038730468777777784,-38.73046877777779,-6.062292073724054
4.582136,-31.30298628000138,-0.15751145949682502,-0.03902343755555557,-39.02343755555557,-6.108311501723947
4.584392,-31.082446475719376,-0.15971898344393332,-0.039355468777777784,-39.35546877777779,-6.160466844148735
4.586647,-30.746453141417952,-0.1626918855963428,-0.03967773444444445,-39.677734444444454,-6.2110882166939465
4.588907,-30.295634595627813,-0.1661597377638645,-0.04001953122222223,-40.019531222222234,-6.264777528998312
4.591164,-29.40782051172334,-0.16983210283220346,-0.0403417968888889,-40.3417968888889,-6.3153989015435235
4.593421,-28.67802853829443,-0.17354676124252183,-0.040673828111111116,-40.67382811111111,-6.3675542439683115
4.595675,-27.840794096112752,-0.17728803069918747,-0.041054687555555566,-41.05468755555557,-6.4273795056041605
4.597936,-26.899415857464568,-0.18091552744768724,-0.04142578122222223,-41.42578122222223,-6.485670762453845
4.600195,-25.299088559725927,-0.18393210975989627,-0.04180664066666667,-41.806640666666674,-6.545496024089692
4.602451,-24.112194855199704,-0.185417656615071,-0.04220703122222223,-42.207031222222234,-6.608389225484696
4.604706,-22.834509122984734,-0.1840887570751501,-0.04259765622222223,-42.597656222222234,-6.6697484570001215
4.606966,-21.470900831694085,-0.17858895658417112,-0.043066406222222235,-43.066406222222234,-6.743379534818632
4.60922,-19.274770487202137,-0.16809804218530425,-0.04341796877777778,-43.41796877777778,-6.798602851909162
4.611476,-17.718268406981075,-0.1528390631308311,-0.043671875000000006,-43.67187500000001,-6.838486348030865
4.613732,-16.094850403238553,-0.13406128852822613,-0.043984375000000006,-43.98437500000001,-6.887573733243205
4.615994,-14.409543024220305,-0.1133230227572952,-0.04428710944444445,-44.287109444444454,-6.935127148575969
4.618255,-11.781600769492442,-0.09190393632579665,-0.0445605468888889,-44.5605468888889,-6.978078601910121
4.620513,-9.971729241759364,-0.07078334799534275,-0.04467773444444446,-44.677734444444454,-6.996486380091395
4.622767,-8.123059044754449,-0.05106768524088964,-0.044794921888888894,-44.794921888888894,-7.014894140819376
4.625027,-5.29405486019684,-0.03382629565482029,-0.044960937555555566,-44.96093755555557,-7.040971820758417
4.627282,-3.3806678545279767,-0.01946291854411724,-0.04503906255555557,-45.039062555555574,-7.053243667061502
4.634877,3.3751700673841944,-0.012888736809960413,-0.04500976566666667,-45.009765666666674,-7.048641722516183
4.636936,5.292641143502725,-0.0012166862554942436,-0.045000000000000005,-45.00000000000001,-7.047107735183312
4.639209,8.12902807079627,0.01095286943972618,-0.04500976566666667,-45.009765666666674,-7.048641722516183
4.641467,9.98460977163908,0.02536745776968871,-0.044970703111111114,-44.97070311111111,-7.0425057906379935
4.643722,11.802021121740777,0.043015159284358354,-0.04486328122222223,-44.863281222222234,-7.02563199978959
4.645978,13.575136015426857,0.06408834758439648,-0.04467773444444446,-44.677734444444454,-6.996486380091395
4.648238,16.137890222592727,0.08760078471348504,-0.044472656222222226,-44.47265622222223,-6.9642727682741645
4.650494,17.771204243194063,0.11156509899818019,-0.04421875000000001,-44.21875000000001,-6.924389272152461
4.652753,19.337288181008574,0.1338760639136245,-0.0438574218888889,-43.8574218888889,-6.867631985182355
4.65501,21.547869851707034,0.1529257388232855,-0.043505859444444454,-43.505859444444454,-6.812408685545117
4.657269,22.919803363529695,0.16811681736956363,-0.04320312500000001,-43.20312500000001,-6.764855270212354
4.659525,24.204714758847924,0.17980287326750152,-0.042890625,-42.890625,-6.715767885000013
4.661783,25.397734569048644,0.1887837881877477,-0.042451171888888896,-42.451171888888894,-6.646738751726822
4.66404,27.003873813196428,0.19545299263481097,-0.04201171877777778,-42.01171877777778,-6.577709618453629
4.666301,27.946194529640685,0.19964999589864413,-0.04157226566666667,-41.572265666666674,-6.508680485180437
4.668556,28.78185817549557,0.2010690352892057,-0.04122070311111112,-41.22070311111112,-6.4534571680899075
4.670815,29.506937759944098,0.19961270677825546,-0.04083007811111111,-40.83007811111111,-6.392097936574482
4.673073,30.381400075070818,0.19523966596799375,-0.04043945311111112,-40.43945311111112,-6.330738705059057
4.675333,30.819023931715872,0.18826759392637465,-0.040117187555555565,-40.11718755555557,-6.2801173499671386
4.67759,31.137895586055237,0.17975683876691526,-0.039804687555555565,-39.80468755555557,-6.231029964754798
4.679848,31.33675840102747,0.17121629828877385,-0.03947265622222223,-39.47265622222223,-6.178874604876716
4.682104,31.40822963389664,0.16389257989591086,-0.039140625000000005,-39.14062500000001,-6.126719262451927
4.684366,31.30408583743014,0.1584656142706232,-0.03883789066666667,-38.837890666666674,-6.079165864572458
4.686624,31.078833644167748,0.1552067659154497,-0.0385449218888889,-38.5449218888889,-6.033146436572565
4.688881,30.733101372640192,0.15386545764877554,-0.038242187555555564,-38.24218755555557,-5.985593038693096
4.691137,29.991528426760322,0.153529609350396,-0.037949218777777786,-37.94921877777779,-5.939573610693203
4.693397,29.35127184395872,0.1530491188085608,-0.03765625,-37.65625,-5.89355418269331
4.695654,28.596504208933773,0.1517950852873896,-0.03738281255555557,-37.38281255555557,-5.850602729359159
4.697913,27.73052419397175,0.1498781100691767,-0.03710937500000001,-37.10937500000001,-5.807651258571714
4.70017,26.23025662224994,0.1476617674458559,-0.036835937555555566,-36.83593755555557,-5.764699805237563
4.702431,25.100696983651734,0.14530566969805775,-0.03655273444444446,-36.552734444444454,-5.720214364570541
4.704688,23.873276733894198,0.14262698151589148,-0.036289062555555564,-36.28906255555557,-5.678796881115967
4.706946,22.55207994342701,0.13897895110874608,-0.036035156222222225,-36.03515622222223,-5.638913367540971
4.709203,20.406215081392503,0.1332027564810328,-0.035761718777777785,-35.76171877777779,-5.5959619142068195
4.711467,18.87421742386944,0.12409036313614177,-0.035556640666666674,-35.556640666666674,-5.563748319842882
4.713723,17.267921100088977,0.1113102018705429,-0.035380859444444454,-35.380859444444454,-5.5361366700242645
4.715981,15.59313805646026,0.09573988003803556,-0.03525390622222223,-35.25390622222223,-5.51619490451012
4.718239,12.967866155487949,0.07889481845964973,-0.035068359444444454,-35.068359444444454,-5.487049284811923
4.720499,11.15155436281501,0.06199981585459603,-0.03494140622222223,-34.94140622222223,-5.467107519297779
4.722755,9.291417352624494,0.045975048570784764,-0.03489257811111112,-34.89257811111112,-5.459437617540012
4.725012,6.4331963563885,0.0316802002732786,-0.034824218777777784,-34.82421877777779,-5.448699758569798
4.727269,4.493419972429481,0.019649156833226367,-0.03473632811111112,-34.73632811111112,-5.434893924933842
4.729528,2.535893589977681,0.00948584245102077,-0.034746093777777785,-34.74609377777779,-5.436427912266712
4.731783,0.5675287128709963,0.00026260528364593786,-0.034755859444444454,-34.755859444444454,-5.437961899599583
4.73404,-2.389181213055038,-0.008646592069204446,-0.034765625,-34.765625,-5.43949586947916
4.736297,-4.350163347425787,-0.017484462091235244,-0.034755859444444454,-34.755859444444454,-5.437961899599583
4.738554,-6.295123359263228,-0.026678568438169334,-0.034746093777777785,-34.74609377777779,-5.436427912266712
4.740814,-8.216678505831426,-0.03686720579163042,-0.03477539066666667,-34.77539066666667,-5.4410298568120306
4.743069,-11.035943753162906,-0.04845702942230407,-0.03477539066666667,-34.77539066666667,-5.4410298568120306
4.745325,-12.863408199756089,-0.06146484304269294,-0.03486328122222223,-34.86328122222223,-5.454835672994694
4.7534,-19.60165320280816,-0.08777433227606962,-0.035341796888888895,-35.341796888888894,-5.530000738146075
4.75547,-21.109303517265896,-0.10193389278423115,-0.03552734377777778,-35.52734377777778,-5.559146375297564
4.757726,-22.53338746713815,-0.11616986744612759,-0.0357324218888889,-35.7324218888889,-5.591359969661501
4.759983,-23.868564344913814,-0.12880331233097744,-0.03595703122222223,-35.95703122222223,-5.626641521237886
4.762239,-25.69288719885341,-0.13932869321155789,-0.0362011718888889,-36.2011718888889,-5.664991047480012
4.764499,-26.782391531118346,-0.14765222501205716,-0.03650390622222223,-36.50390622222223,-5.712544445359482
4.766758,-27.765552952059274,-0.15351462811248306,-0.03679687500000001,-36.79687500000001,-5.758563873359374
4.769017,-29.032086030353998,-0.1568103050174532,-0.03707031255555557,-37.07031255555557,-5.801515344146819
4.771273,-29.732661192104523,-0.158067813337966,-0.03735351566666667,-37.35351566666667,-5.84600078481384
4.773532,-30.314484151549355,-0.15817571771064903,-0.03764648444444445,-37.64648444444445,-5.8920202128137324
4.775789,-30.775198714198297,-0.15777263518011705,-0.03793945311111112,-37.93945311111112,-5.938039623360332
4.778046,-31.23512787868384,-0.15727448694780666,-0.038203125000000004,-38.20312500000001,-5.979457106814905
4.780301,-31.385453087158112,-0.15725983197357746,-0.03850585944444446,-38.505859444444454,-6.027010522147669
4.782561,-31.410114589488796,-0.1584312621364894,-0.03880859377777778,-38.80859377777778,-6.074563920027139
4.784819,-31.308484067145166,-0.1612483097508599,-0.039111328111111114,-39.11132811111111,-6.122117317906609
4.787076,-30.920340294794144,-0.16577520078683816,-0.03942382811111112,-39.42382811111112,-6.171204703118949
4.789332,-30.50580714415297,-0.17178678998949795,-0.03975585944444445,-39.755859444444454,-6.223360062997031
4.791593,-29.968437720756434,-0.17875294393283608,-0.040117187555555565,-40.11718755555557,-6.2801173499671386
4.793849,-29.30980282093134,-0.18584554543645707,-0.04043945311111112,-40.43945311111112,-6.330738705059057
4.796104,-28.101075047462665,-0.19231656416842471,-0.040810546888888896,-40.810546888888894,-6.389029979362034
4.79836,-27.152314066078546,-0.19770109576189632,-0.04115234377777778,-41.15234377777778,-6.442719309119693
4.80062,-26.093440262186107,-0.20155641966528515,-0.041542968777777786,-41.54296877777779,-6.504078540635119
4.802876,-24.928537706235012,-0.20318792035899502,-0.04194335944444445,-41.943359444444454,-6.5669717594834145
4.805134,-22.993630790889057,-0.20180818961296224,-0.04232421877777779,-42.32421877777779,-6.62679700366597
4.807389,-21.584783565386715,-0.1967215596409887,-0.04274414066666667,-42.744140666666674,-6.692758179726714
4.80965,-20.088600064114576,-0.18738446032427897,-0.04314453122222223,-43.14453122222223,-6.755651381121718
4.811907,-18.510106835318386,-0.1736289075939027,-0.04340820311111112,-43.40820311111112,-6.797068864576291
4.814162,-16.00248757922301,-0.1559351818808508,-0.04365234377777778,-43.65234377777778,-6.835418390818417
4.816419,-14.247279763662393,-0.13527139399787685,-0.043994140666666674,-43.994140666666674,-6.889107720576076
4.818682,-12.433638324745004,-0.11262984478079661,-0.04421875000000001,-44.21875000000001,-6.924389272152461
4.820939,-10.568317686676064,-0.08904754056033388,-0.04435546877777779,-44.35546877777779,-6.945865007546184
4.823194,-7.691247134518532,-0.06577360027444332,-0.044453125,-44.453125,-6.961204811061716
4.825448,-5.731521637209219,-0.04423697162062402,-0.044589843777777784,-44.58984377777779,-6.9826805464554385
4.82771,-3.7472917172019056,-0.025473100786468122,-0.04458007811111112,-44.58007811111112,-6.9811465591225685
4.829967,-1.7475109135593225,-0.01004522784497637,-0.04455078122222223,-44.550781222222234,-6.97654461457725
4.832222,1.2652764412332893,0.0020201595053417174,-0.04455078122222223,-44.550781222222234,-6.97654461457725
4.834477,3.269769633856257,0.01133514578934638,-0.04457031255555556,-44.57031255555556,-6.979612589242991
4.836738,5.260911057701469,0.01934000453435015,-0.04457031255555556,-44.57031255555556,-6.979612589242991
4.838996,7.232103368196384,0.027925450922208696,-0.04455078122222223,-44.550781222222234,-6.97654461457725
4.841254,10.131950467092443,0.038792973619015965,-0.044541015666666676,-44.541015666666674,-6.975010644697672
4.843509,12.015492342552202,0.053103660607823094,-0.044375000000000005,-44.37500000000001,-6.948932964758631
4.845766,13.85081077077936,0.07127509344638952,-0.04418945311111112,-44.18945311111111,-6.919787327607143
4.848026,16.49540346657125,0.09285041685976975,-0.043984375000000006,-43.98437500000001,-6.887573733243205
4.850284,18.17584137697643,0.11672769476128274,-0.04372070311111112,-43.72070311111112,-6.846156249788632
4.852544,19.78260893965493,0.14162228163370472,-0.04341796877777778,-43.41796877777778,-6.798602851909162
4.8548,21.307695093340094,0.16615572810594337,-0.043085937555555565,-43.08593755555557,-6.746447509484374
4.85706,23.429998010472676,0.18915156810485406,-0.04278320311111112,-42.78320311111112,-6.69889409415161
4.859316,24.726376218976508,0.20968950772390926,-0.04244140622222223,-42.44140622222223,-6.645204764393951
4.861575,25.92033850697331,0.22670075412214916,-0.04197265622222223,-41.972656222222234,-6.571573686575441
4.863831,27.007800804013414,0.23812625424629302,-0.041542968777777786,-41.54296877777779,-6.504078540635119
4.871421,30.20452840867371,0.2598168010734262,-0.040292968777777785,-40.29296877777779,-6.307728999785756
4.873479,30.698386773818026,0.25456985351183925,-0.03999023444444445,-39.990234444444454,-6.260175601906287
4.875733,31.064696477226597,0.24314804961671185,-0.039658203111111116,-39.65820311111111,-6.208020242028205
4.87799,31.301886722572625,0.22834451152116444,-0.039345703111111116,-39.34570311111111,-6.1589328568158646
4.880261,31.4138845006731,0.21307672797286453,-0.039033203111111116,-39.03320311111111,-6.109845471603524
4.882517,31.32482034894383,0.19919199058154854,-0.038730468777777784,-38.73046877777779,-6.062292073724054
4.884773,31.10538010209058,0.18758653365019812,-0.03841796877777778,-38.41796877777778,-6.013204688511713
4.887028,30.533139000239203,0.17871220375486319,-0.03814453122222223,-38.14453122222223,-5.970253217724269
4.88929,29.991685506393,0.17252721708821783,-0.037851562555555565,-37.85156255555557,-5.92423380717767
4.891547,29.324568306403208,0.16838702141101786,-0.03755859377777778,-37.55859377777778,-5.878214379177777
4.893803,28.534771913290733,0.16539394224619075,-0.0372949218888889,-37.2949218888889,-5.836796895723204
4.89606,27.12671008595179,0.162927069244712,-0.03699218755555556,-36.99218755555556,-5.789243497843733
4.898322,26.044588496422783,0.16071078277582984,-0.03672851566666667,-36.72851566666667,-5.747826014389159
4.90058,24.852825323283497,0.15840519122361668,-0.03647460944444445,-36.474609444444454,-5.707942518267456
4.902836,23.55676127404503,0.1552291026185404,-0.0362011718888889,-36.2011718888889,-5.664991047480012
4.905093,21.427546853074542,0.15003501720734638,-0.03591796877777779,-35.91796877777779,-5.62050560681299
4.907354,19.89350716032665,0.14180331813092742,-0.035703125,-35.703125,-5.586758025116182
4.909611,18.275586943727905,0.13017044392246488,-0.03552734377777778,-35.52734377777778,-5.559146375297564
4.911869,16.579755229320135,0.11550288466719213,-0.035371093777777786,-35.37109377777779,-5.534602682691394
4.914128,13.90625988111522,0.09854971127699337,-0.0351855468888889,-35.1855468888889,-5.505457045539905
4.916389,12.048636145047576,0.0800188291609856,-0.035029296888888894,-35.029296888888894,-5.480913352933735
4.918647,10.13901905056302,0.06066560589901039,-0.034951171888888896,-34.951171888888894,-5.468641506630649
4.920903,8.186362136724282,0.04150117650160102,-0.03490234377777779,-34.90234377777779,-5.460971604872882
4.923166,5.193052656383929,0.023561799784878934,-0.034814453111111116,-34.81445311111111,-5.447165771236927
4.925422,3.16719663371655,0.007564252150694123,-0.034814453111111116,-34.81445311111111,-5.447165771236927
4.927678,1.1278317626387357,-0.006292772925663241,-0.034824218777777784,-34.82421877777779,-5.448699758569798
4.929934,-0.9175021344808991,-0.01777203970939123,-0.03483398444444445,-34.833984444444454,-5.450233745902668
4.932194,-3.9767850605466397,-0.026819361795611014,-0.03484375000000001,-34.84375000000001,-5.451767715782245
4.934453,-5.997928694233633,-0.03409471602911795,-0.034824218777777784,-34.82421877777779,-5.448699758569798
4.936709,-7.994410825589947,-0.040931599418065276,-0.03483398444444445,-34.833984444444454,-5.450233745902668
4.938965,-9.957749154450887,-0.04863900771827858,-0.0348730468888889,-34.8730468888889,-5.456369660327565
4.941223,-12.821467937830665,-0.05801135341191561,-0.03497070311111111,-34.97070311111111,-5.471709463843097
4.943487,-14.664954506957155,-0.06922340223797815,-0.03508789066666667,-35.08789066666667,-5.490117242024371
4.945746,-16.447337098971325,-0.08187660775338128,-0.035195312555555566,-35.19531255555557,-5.506991032872776
4.948002,-18.987157679765993,-0.09531210981809898,-0.035341796888888895,-35.341796888888894,-5.530000738146075
4.950256,-20.581358871830133,-0.10874956129371667,-0.03553710944444446,-35.53710944444446,-5.560680362630435
4.952517,-22.088537947389838,-0.12133842424130549,-0.03574218755555557,-35.74218755555557,-5.592893956994372
4.954773,-23.50115508407649,-0.13242614403866684,-0.03594726566666667,-35.947265666666674,-5.625107551358307
4.957028,-25.431663769707416,-0.14209327619908282,-0.036181640666666674,-36.181640666666674,-5.661923090267563
4.959284,-26.58368579577879,-0.1507248424800158,-0.03647460944444445,-36.474609444444454,-5.707942518267456
4.961547,-27.62229632705558,-0.1582719349615173,-0.036767578111111116,-36.76757811111111,-5.753961928814055
4.963806,-28.542940054190066,-0.16438885374115803,-0.03703125,-37.03125,-5.795379412268629
4.966061,-29.693548363567327,-0.16931919290157454,-0.037324218777777786,-37.32421877777779,-5.841398840268521
4.968316,-30.301917780934993,-0.1739475977518381,-0.037607421888888895,-37.607421888888894,-5.885884280935544
4.970578,-30.780382342076717,-0.17907542939946292,-0.037929687555555563,-37.92968755555556,-5.936505653480755
4.972834,-31.126428772869634,-0.18515612120868455,-0.03818359377777779,-38.18359377777779,-5.976389149602458
4.975089,-31.393935387322802,-0.19254025534725402,-0.038476562555555566,-38.47656255555557,-6.022408577602351
4.977344,-31.403360165283576,-0.20138393852003061,-0.038798828111111114,-38.79882811111111,-6.0730299326942685
4.979606,-31.277225220241945,-0.2109015568577249,-0.0390917968888889,-39.0917968888889,-6.119049360694161
4.981862,-31.015844711463274,-0.21905894840417364,-0.0394042968888889,-39.4042968888889,-6.168136745906502
4.99005,-28.207732118052036,-0.22379017475175592,-0.04063476566666667,-40.63476566666667,-6.361418329543415
4.992593,-27.236351669562072,-0.2236992999564434,-0.0410449218888889,-41.0449218888889,-6.42584551827129
4.99486,-26.146376098399095,-0.21939234888504924,-0.041406250000000006,-41.40625000000001,-6.482602805241396
4.997116,-24.299119618088298,-0.21195344767312574,-0.041796875000000004,-41.79687500000001,-6.543962036756822
4.999371,-22.934097610103528,-0.20207574580342105,-0.04219726566666667,-42.197265666666674,-6.606855255605118
