t_s,input_rad_s,v_fused_m_s,x_fused_m,x_fused_mm,accumulated_rad
0.002241,0.1979203371761569,0.0257708098481019,-0.0,-0.0,-0.0214757353937221
0.004494,0.3963119132503524,0.0319136751234425,9.765666666666662e-06,0.0097656666666666,-0.0199417480608517
0.006752,0.5956459671206249,0.0379839779020046,9.765666666666662e-06,0.0097656666666666,-0.0199417480608517
0.009009,0.8958251451711297,0.0417936960031463,3.9062555555555566e-05,0.0390625555555555,-0.0153398035155332
0.011278,1.0968870750008763,0.0411572464355104,3.9062555555555566e-05,0.0390625555555555,-0.0153398035155332
0.013532,1.2985773233613411,0.0352931571216009,4.882811111111112e-05,0.0488281111111111,-0.0138058336359554
0.015787,1.501052969885203,0.0248952932033779,4.882811111111112e-05,0.0488281111111111,-0.0138058336359554
0.018042,1.8059445369160927,0.0118537065129495,3.9062555555555566e-05,0.0390625555555555,-0.0153398035155332
0.020303,2.0101480593994294,-0.0015968127175001,3.9062555555555566e-05,0.0390625555555555,-0.0153398035155332
0.022559,2.214979900413484,-0.0133956818263157,3.9062555555555566e-05,0.0390625555555555,-0.0153398035155332
0.024816,2.4204400599582563,-0.0225382252226841,2.9296888888888895e-05,0.0292968888888888,-0.0168737908484036
0.027071,2.7297298567041715,-0.0290147548388178,2.9296888888888895e-05,0.0292968888888888,-0.0168737908484036
0.029332,2.9369178922084185,-0.033638299675075,3.9062555555555566e-05,0.0390625555555555,-0.0153398035155332
0.031588,3.144577166610704,-0.0373822003173257,3.9062555555555566e-05,0.0390625555555555,-0.0153398035155332
0.033843,3.3527076799110276,-0.0410910716612775,4.882811111111112e-05,0.0488281111111111,-0.0138058336359554
0.036099,3.666238626739289,-0.0450539800311974,3.9062555555555566e-05,0.0390625555555555,-0.0153398035155332
0.038361,3.876097015999087,-0.0489370340656319,2.9296888888888895e-05,0.0292968888888888,-0.0168737908484036
0.040617,4.086426644156924,-0.0519559615200768,1.953122222222222e-05,0.0195312222222222,-0.0184077781812739
0.042874,4.297227511212799,-0.0535035453473001,2.9296888888888895e-05,0.0292968888888888,-0.0168737908484036
0.045129,4.614528369225368,-0.053424163367032,2.9296888888888895e-05,0.0292968888888888,-0.0168737908484036
0.047385,4.8267429529753585,-0.0521513203758925,2.9296888888888895e-05,0.0292968888888888,-0.0168737908484036
0.049646,5.039428775623388,-0.0504285367126993,2.9296888888888895e-05,0.0292968888888888,-0.0168737908484036
0.051902,5.252742916802134,-0.0488488451068722,1.953122222222222e-05,0.0195312222222222,-0.0184077781812739
0.054157,5.573499526733652,-0.0475346559167395,2.9296888888888895e-05,0.0292968888888888,-0.0168737908484036
0.056413,5.787913225341156,-0.0460604489090912,2.9296888888888895e-05,0.0292968888888888,-0.0168737908484036
0.058675,6.002798162846697,-0.0437070814550027,3.9062555555555566e-05,0.0390625555555555,-0.0153398035155332
0.06093,6.218154339250279,-0.0397947988265204,2.9296888888888895e-05,0.0292968888888888,-0.0168737908484036
0.063187,6.541895462202707,-0.0339657229905373,3.9062555555555566e-05,0.0390625555555555,-0.0153398035155332
0.065443,6.758194116402364,-0.0261637369351171,3.9062555555555566e-05,0.0390625555555555,-0.0153398035155332
0.067702,6.974964009500059,-0.0165453218672346,3.9062555555555566e-05,0.0390625555555555,-0.0153398035155332
0.069958,7.192205141495793,-0.0054226269352581,3.9062555555555566e-05,0.0390625555555555,-0.0153398035155332
0.072214,7.518616618203772,0.0066612674079903,3.9062555555555566e-05,0.0390625555555555,-0.0153398035155332
0.07447,7.736643148362904,0.018779670853104,3.9062555555555566e-05,0.0390625555555555,-0.0153398035155332
0.084232,8.831488188138948,0.0382260686643895,0.0004101563333333,0.4101563333333334,0.0429514707874442
0.086487,9.051242594257554,0.0467739484812334,0.0005371094444444,0.5371094444444445,0.0628932188482959
0.088741,9.27131115964152,0.0522925683406405,0.0006640625555555,0.6640625555555557,0.0828349669091477
0.090997,9.491536804658164,0.0548033727955021,0.0007910156666666,0.7910156666666668,0.1027767149699995
0.093255,9.822346511081168,0.0550781583096887,0.0008984375555555,0.8984375555555556,0.1196505058184031
0.095527,10.043043394995852,0.054446565388126,0.0010449218888888,1.044921888888889,0.142660211091703
0.097784,10.263897358543211,0.0542873122937745,0.0011621094444444,1.1621094444444444,0.161067989272977
0.100039,10.595492463129617,0.0554197881653331,0.0012792968888888,1.279296888888889,0.1794757500009584
0.102295,10.81666058594234,0.0580192558025464,0.00140625,1.4062500000000002,0.1994174980618102
0.104555,11.03782870875506,0.061804970403603,0.0015429687777777,1.542968777777778,0.2208932334555323
0.106813,11.25931099083314,0.0662834335045561,0.0016796875555555,1.6796875555555555,0.2423689688492544
0.109069,11.59137733431758,0.0710602057213169,0.0018261718888888,1.826171888888889,0.2653786741225544
0.111324,11.81285961639566,0.0761028567137598,0.0019726562222222,1.9726562222222224,0.2883883793958543
0.113585,12.03434189847374,0.081632451355482,0.0020800781111111,2.0800781111111113,0.3052621702442579
0.115842,12.255824180551825,0.0876494000398113,0.0022265625555555,2.2265625555555557,0.3282718929708503
0.1181,12.588047603668944,0.0935188733218826,0.0023535156666666,2.3535156666666666,0.3482136410317021
0.120357,12.809372806114345,0.0980777201178215,0.0025097656666666,2.5097656666666666,0.3727573336378724
0.133153,14.24539480807024,0.096548244018942,0.003359375,3.3593750000000004,0.5062136556389385
0.135209,14.465777532719562,0.0972173295339308,0.0034960937777777,3.4960937777777783,0.5276893910326605
0.137464,14.685846098103529,0.0977465419996729,0.0036425781111111,3.642578111111112,0.5506990963059605
0.139721,14.905600504222132,0.1001497820502079,0.0037988281111111,3.7988281111111113,0.5752427889121308
0.141991,15.12504075107538,0.1058631808730349,0.0039550781111111,3.955078111111112,0.599786481518301
0.144249,15.453808422273552,0.1154137903060372,0.0041503906666666,4.1503906666666674,0.6304661060026601
0.146506,15.672463270963403,0.1282530780526914,0.0044628906666666,4.462890666666667,0.6795534912150006
0.148762,15.890803960387892,0.1426297539715516,0.0047851562222222,4.785156222222223,0.730174846306919
0.151024,16.21768667599391,0.1561799328102645,0.0051953125555555,5.195312555555556,0.7946020524880852
0.15328,16.434927807989645,0.166894575336984,0.0055175781111111,5.517578111111112,0.8452234075800036
0.155534,16.65185478072002,0.1739369383572856,0.005859375,5.859375,0.8989127373376626
0.157788,16.868310514552356,0.1773788124429143,0.0062011718888888,6.20117188888889,0.9526020670953216
0.160045,17.192051637504786,0.1777719400152849,0.0066015625555555,6.601562555555557,1.0154952859436177
0.162307,17.40725073427569,0.1760131166222363,0.0069628906666666,6.962890666666668,1.0722525729137249
0.164562,17.62182151251587,0.1732027162242643,0.0072949218888888,7.294921888888891,1.1244079153385134
0.166816,17.835921051858016,0.1701949411236076,0.00765625,7.65625,1.1811652023086203
0.16907,18.155735183993453,0.1673565945513111,0.0080371094444444,8.037109444444445,1.2409904639444684
0.171333,18.3682639270088,0.1646821589804086,0.0083789062222222,8.378906222222223,1.294679776248835
0.173589,18.580164351493433,0.1619373620650007,0.0087109375555555,8.710937555555557,1.3468351361269162
0.175845,18.791279377814668,0.1586561480188362,0.0090917968888888,9.09179688888889,1.4066603803094715
0.178102,19.106695280235083,0.1543328793193178,0.0094335937777777,9.433593777777778,1.4603497100671303
0.180362,19.315925350964164,0.148808537622537,0.0097753906666666,9.775390666666668,1.5140390398247894
0.182616,19.524370023529848,0.1424108543089343,0.0101074218888888,10.10742188888889,1.566194382249578
0.184873,19.732186377564815,0.1356736674373463,0.0104394531111111,10.439453111111112,1.6183497246743668
0.187128,20.04210449284145,0.1291248790790334,0.0107519531111111,10.751953111111112,1.6674371098867071
0.189389,20.2477217320189,0.1231813280898293,0.0110546875555555,11.054687555555557,1.71499052521947
0.191645,20.452396493400272,0.118035732824868,0.0113476562222222,11.347656222222223,1.7610099357660698
0.193899,20.65612877698557,0.1135353828075552,0.0116601562222222,11.660156222222223,1.8100973209784104
0.196156,20.959920786587706,0.1094037054797869,0.0119335937777777,11.933593777777778,1.8530487917658545
0.198416,21.161139796050133,0.1055306562435798,0.0122167968888888,12.21679688888889,1.8975342324328768
0.200671,21.36141632771648,0.1020127672293808,0.0124902344444444,12.490234444444448,1.9404857032203209
0.202928,21.56075038158675,0.0990834304923671,0.0127734375555555,12.773437555555557,1.9849711438873427
0.205186,21.857473807718307,0.0972071848690588,0.0130273437777777,13.02734377777778,2.0248546400090466
0.207448,22.053823348567672,0.0971207955071696,0.01328125,13.281250000000002,2.06473813613075
0.209704,22.249230411620957,0.0995952270087491,0.0135253906666666,13.525390666666668,2.1030876623728756
0.211961,22.443223757980125,0.1050172675394208,0.0137695312222222,13.769531222222223,2.141437171161709
0.214219,22.732093202477703,0.1130629136837784,0.0140234375555555,14.023437555555558,2.181320684736705
0.216911,22.923102035815965,0.1241409178637892,0.0144433594444444,14.443359444444448,2.2472818607974494
0.219169,23.207259091333164,0.1336522155632574,0.0147753906666666,14.775390666666668,2.299437203222238
0.221427,23.394969252385152,0.1416058711799569,0.0151074218888888,15.10742188888889,2.3515925456470264
0.223682,23.581422776375707,0.1470686367507616,0.0154101562222222,15.410156222222223,2.399145943526497
0.225941,23.766305504039465,0.1498728408155714,0.0157226562222222,15.722656222222223,2.448233328738837
0.228196,24.041194861228572,0.1504751910858445,0.0160058594444444,16.005859444444447,2.492718786859152
0.230453,24.222464757340703,0.1498745497705944,0.0163085937777777,16.30859377777778,2.540272184738622
0.23271,24.40232093675872,0.1493315147192492,0.0165917968888888,16.59179688888889,2.5847576254056435
0.234969,24.58076339948262,0.1498674440712455,0.0168652344444444,16.86523444444445,2.6277090961930885
0.237226,24.845285500914883,0.1518012284686559,0.0171582031111111,17.15820311111111,2.6737285067396876
0.239487,25.019800972821795,0.1546432340628322,0.0174316406666666,17.43164066666667,2.716679977527132
0.241743,25.192431489136553,0.1572704972963916,0.0176953125555555,17.695312555555557,2.758097460981706
0.244005,25.44847129040412,0.1582275995225007,0.0179785156666666,17.97851566666667,2.8025829016487283
0.251573,26.03076548874699,0.1538023101076301,0.0188867187777777,18.88671877777778,2.9452431127404313
0.25363,26.1930287493049,0.1497762679515183,0.0191210937777777,19.12109377777778,2.9820586516496865
0.255887,26.35340705427066,0.1445531348664792,0.0193945312222222,19.394531222222223,3.025010104983838
0.258155,26.59059729961669,0.1394061432679316,0.0196875,19.687500000000004,3.0710295329837307
0.260412,26.746263215602067,0.1347918795033135,0.0199511718888888,19.95117188888889,3.112447016438304
0.262668,26.900044175995284,0.1306941832168884,0.020234375,20.234375000000004,3.1569324571053263
0.264925,27.051626021530993,0.1270259317459639,0.0205273437777777,20.52734377777778,3.202951885105219
0.267181,27.275464498099268,0.123800487390067,0.0208007812222222,20.800781222222223,3.2459033384393705
0.269442,27.42201979538923,0.1212162659821452,0.0210839844444444,21.08398444444445,3.2903887965596854
0.271698,27.56653305745436,0.1196775712710749,0.0213671875555555,21.36718755555556,3.3348742372267073
0.273954,27.70884720466198,0.1195113673603447,0.021640625,21.640625000000004,3.377825690560859
0.276212,27.918391434656417,0.120672473620671,0.021953125,21.953125000000004,3.426913075773199
0.278475,28.055207794720253,0.1227309832460514,0.0222460937777777,22.24609377777778,3.472932503773092
0.280731,28.189825039926575,0.1250760196902381,0.0225488281111111,22.548828111111114,3.520485901652562
0.282987,28.322086090642703,0.1271234675775517,0.0228515625555555,22.851562555555557,3.5680393169853244
0.285247,28.516393596267235,0.1285243915571751,0.0231640625555555,23.16406255555556,3.617126702197665
0.287509,28.642842700574224,0.1293669261900296,0.0234667968888888,23.46679688888889,3.664680100077135
0.289766,28.76693561039102,0.13007900177006,0.0237597656666666,23.759765666666674,3.710699528077028
0.29202,28.94851966576851,0.1310182352172829,0.0240722656666666,24.072265666666674,3.759786913289368
0.294275,29.066486469910807,0.1322431795941099,0.0243847656666666,24.384765666666674,3.808874298501709
0.296362,29.181939999930233,0.1336536218481233,0.0246875,24.687500000000004,3.856427696381179
0.298617,29.294880255826783,0.1349838411478924,0.0250292968888888,25.029296888888897,3.910117026138838
0.300874,29.405307237600468,0.1359680895794432,0.0253515625555555,25.351562555555557,3.960738398684049
0.30313,29.565999701831583,0.1363525511487436,0.0256738281111111,25.673828111111114,4.011359753775967
0.305394,29.669829339032727,0.1361235177311751,0.0259960937777777,25.99609377777778,4.061981126321178
0.307649,29.770988622478317,0.1355400238456428,0.026328125,26.328125,4.114136468745967
0.309903,29.86947755216836,0.1348831668020216,0.0266699218888888,26.66992188888889,4.167825798503626
0.312161,30.011948779008655,0.1342875718083563,0.0269921875555555,26.992187555555557,4.218447171048837
0.314423,30.1035262048608,0.1337394859853941,0.0273242187777777,27.32421877777778,4.270602513473625
0.31668,30.19227619732471,0.133166637151329,0.02765625,27.656250000000004,4.322757855898414
0.318934,30.27804167676771,0.1325147797746798,0.0279980468888888,27.99804688888889,4.3764471856560725
0.321187,30.40150626805379,0.1317770912375276,0.0283203125555555,28.32031255555556,4.427068558201284
0.323448,30.480203164026214,0.1309264873894767,0.0286523437777777,28.652343777777784,4.479223900626073
0.325704,30.55591554697773,0.1298837028794446,0.028984375,28.984375000000004,4.531379243050861
0.327961,30.62848633727565,0.1286337162145222,0.0292871094444444,29.287109444444457,4.578932658383624
0.330216,30.732001815211436,0.1273299880671096,0.0296386718888888,29.638671888888897,4.634155958020861
0.332474,30.797032783140743,0.1261728345723351,0.0299414062222222,29.94140622222223,4.681709355900331
0.334729,30.85907923804914,0.1252377757854877,0.0302636718888889,30.2636718888889,4.732330728445541
0.336986,30.91798410030395,0.1245059249890566,0.0305761718888889,30.5761718888889,4.781418113657883
0.339243,31.00045090746068,0.1240065849863986,0.0308984375555555,30.898437555555567,4.832039486203094
0.341503,31.051501788081517,0.1238547613094716,0.0312109375555555,31.210937555555564,4.881126871415434
0.34376,31.09925399641608,0.1242291123376848,0.0315039062222222,31.50390622222223,4.927146281962034
0.346017,31.16491328287611,0.1254287062936813,0.0318164062222222,31.81640622222223,4.976233667174374
0.348276,31.20449735031134,0.1278757535715683,0.0320996094444444,32.099609444444454,5.020719125294689
0.350534,31.2407827454603,0.131916415780896,0.032421875,32.421875,5.071340480386606
0.352793,31.273769468322996,0.1375576678970501,0.0327148437777777,32.71484377777778,5.117359908386499
0.355047,31.316966367309856,0.1443515538644373,0.0329980468888888,32.998046888888894,5.161845349053522
0.357304,31.341470790007858,0.1514433753882793,0.0332910156666666,33.291015666666674,5.207864777053413
0.359561,31.362519460786903,0.1575669110809993,0.0335546875555555,33.55468755555557,5.249282260507988
0.361822,31.38011237964701,0.1611115551171516,0.0338671875555555,33.86718755555557,5.298369645720328
0.370898,31.415926535897935,0.1634743687455501,0.0349707031111111,34.97070311111111,5.471709463843097
0.37293,31.41404158030578,0.1592309687662387,0.0352148437777777,35.21484377777779,5.5100589900852235
0.375187,31.404459722712332,0.1525975402452368,0.0354980468888889,35.4980468888889,5.554544430752245
0.377455,31.39346414842477,0.1450985254200938,0.03578125,35.78125000000001,5.599029871419266
0.379712,31.378855742585575,0.137836029726534,0.0360449218888888,36.044921888888894,5.640447354873841
0.381969,31.36047742556207,0.1314842615882637,0.0363085937777777,36.30859377777778,5.681864838328415
0.384224,31.326076986005265,0.1264402646803487,0.0365917968888888,36.591796888888894,5.7263502789954375
0.386485,31.298273891020997,0.1227842381881194,0.0368652344444444,36.865234444444454,5.769301749782882
0.388744,31.266857964485094,0.1203496777142473,0.0371484375555555,37.14843755555557,5.813787190449903
0.391002,31.23167212676489,0.1190015896090664,0.037421875,37.421875,5.8567386437840545
0.393256,31.171510627448647,0.1187779358557204,0.0377148437777777,37.71484377777779,5.902758071783947
0.395514,31.12674293213499,0.1196994298149206,0.0380078125555555,38.00781255555557,5.94877749978384
0.397769,31.07804824600435,0.121579671563535,0.0382910156666666,38.291015666666674,5.993262940450862
0.400023,30.99762347407245,0.12410367623853,0.0385742187777777,38.57421877777778,6.037748381117884
0.402278,30.939189850715685,0.1270621318829533,0.0388769531111111,38.87695311111112,6.085301778997354
0.404539,30.876829236541926,0.1304614353081505,0.0391992187777777,39.19921877777779,6.135923151542565
0.406793,30.810384551918503,0.1344211383296128,0.0395214844444444,39.521484444444454,6.186544524087776
0.409048,30.70341332206377,0.1390109833118417,0.0398242187777777,39.82421877777779,6.234097921967246
0.411305,30.627229700214215,0.1441928626520382,0.0401660156666666,40.166015666666674,6.287787251724905
0.413566,30.546962007915,0.1498605992340364,0.0404980468888888,40.498046888888894,6.339942594149694
0.41582,30.46261024516611,0.1558608586567965,0.0408789062222222,40.87890622222223,6.399767838332249
0.418075,30.328621318490505,0.1620573077131163,0.0412304687777777,41.23046877777779,6.454991155422778
0.420329,30.23421645925013,0.1684008944258872,0.0416015625555555,41.60156255555557,6.5132824297257566
0.422588,30.135727529560093,0.1748772200964325,0.0420214844444444,42.021484444444454,6.5792436057865
0.424844,30.033311609053065,0.181361510056434,0.0424023437777777,42.40234377777778,6.639068849969055
0.427102,29.871833746658552,0.1876345447046314,0.0428710937777777,42.87109377777779,6.712699927787566
0.42936,29.759050570394677,0.193534529090007,0.0433007812222222,43.30078122222223,6.780195073727888
0.431622,29.642183323681135,0.1990129340081342,0.0437597656666666,43.759765666666674,6.8522921816668205
0.433879,29.521074926885248,0.2040802883023276,0.0442480468888889,44.2480468888889,6.92899121669778
0.436134,29.331951049139143,0.2086864718076676,0.0447558594444444,44.755859444444454,7.008758226394479
0.438388,29.20063247621909,0.2126161489399768,0.0452832031111111,45.28320311111112,7.091593175850335
0.44065,29.06507275321669,0.2155328251324302,0.0457714844444444,45.771484444444454,7.168292228334586
0.442907,28.925428959764627,0.2171955638265207,0.0463085937777777,46.30859377777778,7.252661165123311
0.445161,28.70818782776889,0.2175755591800559,0.0468457031111111,46.84570311111112,7.3370301019120365
0.447416,28.55817677855998,0.2167653555018877,0.0473828125555555,47.38281255555556,7.421399056154056
0.449501,28.40392457926872,0.2149410538101555,0.0479003906666666,47.900390666666674,7.502700035730332
0.451757,28.245588309527793,0.2123539428982519,0.0484082031111111,48.40820311111112,7.582467027973739
0.454012,28.00022992328243,0.2093512519680869,0.0489355468888888,48.935546888888894,7.665301994882888
0.456266,27.831369318151975,0.206102820608386,0.0494433594444444,49.443359444444454,7.745069004579587
0.458527,27.658424642571863,0.2025960171538364,0.0499511718888888,49.951171888888894,7.824835996822994
0.460782,27.481238816909396,0.1988519581337673,0.0504394531111111,50.43945311111112,7.901535031853953
0.463037,27.207763176414403,0.1951268840646053,0.0508984375555555,50.898437555555574,7.973632139792887
0.465294,27.020053015362414,0.1918344191603058,0.051328125,51.32812500000001,8.041127285733207
0.467552,26.82841586349344,0.1893713234429964,0.0517871094444444,51.78710944444446,8.11322439367214
0.469813,26.632380481909436,0.1880122626946173,0.0522265625555555,52.22656255555557,8.182253526945333
0.472069,26.330787587164817,0.1878291140613725,0.0526171875555555,52.61718755555556,8.24361275846076
0.474325,26.12438494982397,0.1885854533373737,0.0530273437777777,53.027343777777794,8.308039947188632
0.47658,25.91405532166613,0.1896192651504191,0.0533886718888889,53.3886718888889,8.36479723415874
0.478841,25.699484543425942,0.1897793875906637,0.05375,53.75000000000001,8.421554521128847
0.481098,25.369774394431698,0.1875948705860135,0.0541015625555555,54.101562555555574,8.476777838219377
0.488666,24.564898356581992,0.1823434780772432,0.0551757812222222,55.175781222222234,8.645515711796827
0.490725,24.325666076011128,0.1739164391241566,0.0554589844444444,55.458984444444454,8.690001169917142
0.492994,24.08250680462328,0.1642088414056412,0.0557617187777777,55.76171877777778,8.737554567796613
0.495254,23.71007099554021,0.1546458873105923,0.0560644531111111,56.06445311111112,8.785107965676083
0.497512,23.456701548028192,0.1457982900846463,0.0563378906666666,56.33789066666668,8.828059436463526
0.499769,23.19940510969919,0.1375100854464624,0.056640625,56.640625,8.875612834342997
0.50203,22.806077709469747,0.1292941134993788,0.0569042968888889,56.9042968888889,8.917030317797572
0.504286,22.538728174649258,0.1204915503547632,0.0571777344444444,57.17773444444445,8.959981788585015
0.506542,22.267608728644458,0.1104078559408909,0.0574707031111111,57.470703111111106,9.006001199131614
0.5088,21.99256229182267,0.0986871101863533,0.0576855468888888,57.685546888888894,9.039748780828422
0.511061,21.572688433670393,0.0858504767852439,0.0578613281111111,57.86132811111111,9.06736043064704
0.513316,21.28806013925516,0.0734301366660513,0.0580175781111111,58.017578111111106,9.09190412325321
0.515574,20.999347774390255,0.0631854245403376,0.0582226563333333,58.22265633333335,9.124117735070442
0.517832,20.707022577973724,0.0563061031632345,0.0583984375555555,58.39843755555556,9.15172938488906
0.520097,20.261387660062017,0.0530929396444268,0.0585742187777777,58.57421877777779,9.179341034707678
0.522352,19.959637685684715,0.0533048106549672,0.05875,58.75000000000001,9.206952684526296
0.524608,19.654117800123107,0.0562609267054387,0.0589257813333333,58.92578133333334,9.234564351798207
0.526862,19.34498508300987,0.0607944481331684,0.0591210937777777,59.12109377777779,9.265243958829274
0.528947,19.03223953434501,0.0652748849620363,0.0592773437777777,59.27734377777778,9.289787651435445
0.531203,18.55628824732615,0.0694131815176452,0.059453125,59.453125,9.317399301254062
0.53346,18.234589159598556,0.0728370199045098,0.0596289063333333,59.62890633333333,9.345010968525973
0.535714,17.909277240319337,0.0758854846373911,0.0598144531111111,59.81445311111111,9.374156588224167
0.537972,17.580509569121165,0.078802304222275,0.0599902344444444,59.99023444444445,9.40176825549608
0.54023,17.080839257567707,0.0815046731735456,0.0601953125555555,60.19531255555556,9.433981849860016
0.542488,16.743589286204845,0.0836981866613737,0.0603710937777777,60.37109377777778,9.461593499678637
0.544746,16.40288356292303,0.0849674860140458,0.060546875,60.54687500000001,9.489205149497254
0.547005,15.885620332509468,0.0847217001620637,0.0607421875555555,60.74218755555555,9.519884773981612
0.549261,15.536746468328325,0.0822237781125425,0.0609375,60.93750000000001,9.55056438101268
0.551518,15.184573931860909,0.0769601128992368,0.0611230468888888,61.123046888888894,9.579710018164167
0.553774,14.829259802739902,0.0690665358758125,0.0612695313333333,61.26953133333334,9.60271974089076
0.556035,14.290633742281932,0.0594250766160428,0.0613867187777777,61.38671877777777,9.62112750161874
0.558292,13.92762271115963,0.0495102959793859,0.0614648437777777,61.46484377777779,9.633399347921827
0.560546,13.56147008738374,0.0409565526257911,0.0615527344444444,61.55273444444445,9.647205181557782
0.562802,13.19249003021962,0.0349991142221191,0.061640625,61.640625000000014,9.661010997740446
0.565061,12.633600697145996,0.0320827791435647,0.0617480468888888,61.74804688888889,9.677884788588848
0.567323,12.257552056511296,0.0319677564956781,0.0618359375555555,61.83593755555556,9.691690622224804
0.56958,11.878518902855689,0.0340514139677967,0.0619335937777777,61.93359377777777,9.707030425740337
0.571834,11.496972475077207,0.0375021508939812,0.0620507813333333,62.05078133333335,9.725438203921613
0.574091,10.919547745347405,0.0413991969355103,0.0621386718888888,62.13867188888889,9.739244020104271
0.576352,10.531246893363706,0.0450177828156106,0.0622363281111111,62.23632811111111,9.754583823619807
0.578607,10.140432767257137,0.047976095407092,0.0623242187777777,62.32421877777779,9.768389657255764
0.580863,9.747262446660372,0.0501431859108854,0.0624316406666666,62.431640666666674,9.785263448104168
0.583121,9.152873116601183,0.0514553545559964,0.0625292968888888,62.529296888888894,9.8006032516197
0.585381,8.753733769962599,0.0518118754960031,0.0626269531111111,62.626953111111106,9.815943055135234
0.587637,8.352395308466505,0.0508970415980671,0.0627246094444444,62.724609444444454,9.83128287610406
0.589894,7.948700652480215,0.048138933626424,0.0628125,62.81250000000001,9.845088692286724
0.592149,7.339388757316476,0.0429129171120856,0.0629199218888888,62.91992188888888,9.861962483135123
0.59441,6.930510473451763,0.0349416973542087,0.0630175781111111,63.01757811111111,9.87730228665066
0.596667,6.519747233994898,0.0247742021868576,0.0629980468888888,62.99804688888888,9.87423432943821
0.598923,6.107099038945879,0.0139763079186964,0.0629785156666666,62.97851566666668,9.871166372225764
0.607923,4.228269552466503,-0.0129927767993543,0.0629785156666666,62.97851566666668,9.871166372225764
0.609993,3.8063536590893934,-0.0190032402556166,0.0629882813333333,62.98828133333334,9.872700359558634
0.612249,3.170809465268179,-0.0221664446560966,0.0629785156666666,62.97851566666668,9.871166372225764
0.614506,2.745280740339441,-0.0231077495256562,0.0629785156666666,62.97851566666668,9.871166372225764
0.616762,2.318652457981947,-0.0229790567224813,0.0629882813333333,62.98828133333334,9.872700359558634
0.61902,1.676510919588193,-0.0224836330839835,0.0629882813333333,62.98828133333334,9.872700359558634
0.621281,1.2470552038424685,-0.0217803631001987,0.0629785156666666,62.97851566666668,9.871166372225764
0.623535,0.8166570103006668,-0.0206865218883707,0.0629785156666666,62.97851566666668,9.871166372225764
0.625789,0.3853163389627881,-0.0189340842525111,0.06296875,62.968750000000014,9.869632384892894
0.628044,-0.2632654643708247,-0.0164524725451105,0.06296875,62.968750000000014,9.869632384892894
0.630308,-0.6964910913008573,-0.0135037379371115,0.0629882813333333,62.98828133333334,9.872700359558634
0.632563,-1.1303450367616077,-0.0105855310735568,0.0629882813333333,62.98828133333334,9.872700359558634
0.634821,-1.5646702211203969,-0.008090791569239,0.0629882813333333,62.98828133333334,9.872700359558634
0.637076,-2.2171790152709967,-0.0061631276057633,0.0629882813333333,62.98828133333334,9.872700359558634
0.639335,-2.652446677425863,-0.0046125232173147,0.0629785156666666,62.97851566666668,9.871166372225764
0.641594,-3.0880284988460875,-0.0030290917818567,0.0629785156666666,62.97851566666668,9.871166372225764
0.643853,-3.523767399898992,-0.0010245866739754,0.0629785156666666,62.97851566666668,9.871166372225764
0.64611,-4.177532831111027,0.0014921610533985,0.06296875,62.968750000000014,9.869632384892894
0.64837,-4.6131146525312525,0.0042666931121715,0.0629882813333333,62.98828133333334,9.872700359558634
0.650627,-5.048696473951478,0.0068454787936442,0.0629882813333333,62.98828133333334,9.872700359558634
0.652883,-5.483964136106343,0.0087939163425197,0.0629882813333333,62.98828133333334,9.872700359558634
0.655139,-6.136315850624263,0.0097767070378404,0.0629785156666666,62.97851566666668,9.871166372225764
0.657399,-6.570483955350373,0.0095592267766423,0.06296875,62.968750000000014,9.869632384892894
0.659656,-7.004180821178444,0.0079052410345639,0.0629785156666666,62.97851566666668,9.871166372225764
0.661912,-7.437249368475798,0.0044950162382309,0.0629785156666666,62.97851566666668,9.871166372225764
0.664168,-8.085202853278693,-0.0010562668379791,0.0629785156666666,62.97851566666668,9.871166372225764
0.666428,-8.516229365351212,-0.0089480113770506,0.06296875,62.968750000000014,9.869632384892894
0.668685,-8.946156319994975,-0.0187876918490515,0.0628515625555555,62.85156255555556,9.85122462416491
0.670941,-9.374983717209982,-0.0293579811601349,0.062734375,62.73437500000001,9.832816845983638
0.673196,-10.0158686185423,-0.038878323354185,0.0626171875555555,62.61718755555555,9.814409085255654
0.675459,-10.441554423103716,-0.0457777089960748,0.0625292968888888,62.529296888888894,9.8006032516197
0.677718,-10.86566943133834,-0.0492172589016331,0.0624316406666666,62.431640666666674,9.785263448104168
0.679975,-11.288370722878843,-0.0492253650291858,0.0623046875555555,62.30468755555555,9.765321700043314
0.68223,-11.919202527719676,-0.0464927664560699,0.0622265625555555,62.22656255555556,9.75304985374023
0.684489,-12.337662669177837,-0.0422016166266344,0.0621191406666666,62.119140666666674,9.736176062891827
0.686745,-12.754080775411165,-0.0377454702383278,0.0620410156666666,62.04101566666668,9.723904216588744
0.689002,-13.375173643025866,-0.0342536010124789,0.0619140625555555,61.91406255555556,9.70396246852789
0.691257,-13.786408121380768,-0.0324062469224546,0.0618164063333333,61.81640633333335,9.688622665012357
0.693514,-14.19560056451084,-0.0325008920887119,0.06171875,61.71875,9.67328284404353
0.695774,-14.60227973351804,-0.0346828167554163,0.0616113281111111,61.61132811111111,9.656409053195128
0.698029,-15.207821717497472,-0.0391253005248944,0.0615332031111111,61.53320311111111,9.644137206892042
0.700286,-15.60837478083017,-0.0460786090466022,0.06140625,61.40625000000001,9.62419545883119
0.702545,-16.00610041077464,-0.0556569773556769,0.0612304687777777,61.23046877777778,9.596583809012571
0.704806,-16.401155686963556,-0.0673855995192688,0.0610351563333333,61.03515633333334,9.565904201981503
0.70706,-16.988162274286807,-0.0800033065135944,0.0608300781111111,60.830078111111106,9.533690590164277
0.709316,-17.37567772810711,-0.0920186533887266,0.0606445313333333,60.64453133333334,9.50454497046608
0.711575,-17.76005158927382,-0.1022437565733075,0.0604492187777777,60.44921877777778,9.47386534598172
0.713838,-18.141126778154263,-0.1099091564398601,0.0602441406666666,60.24414066666667,9.441651751617783
0.716093,-18.706613455800422,-0.1144417291461127,0.0600683594444444,60.06835944444445,9.414040101799165
0.718347,-19.079049264883498,-0.1154840754301759,0.0598925781111111,59.89257811111111,9.386428434527254
0.726399,-20.53219294680145,-0.1064731618805791,0.0592285156666666,59.228515666666674,9.282117749677678
0.728956,-20.885622120330304,-0.1012906017327447,0.0590234375555555,59.02343755555556,9.24990415531374
0.731212,-21.40806897862229,-0.0955132938102153,0.0588476563333333,58.84765633333335,9.222292505495124
0.733467,-21.750973816761615,-0.0902102008903953,0.0586621094444444,58.66210944444445,9.193146868343632
0.735725,-22.08963750481859,-0.0867517340545279,0.0584765625555555,58.47656255555555,9.164001231192143
0.737986,-22.423745883527868,-0.0864404885733366,0.05828125,58.28125000000001,9.133321606707783
0.740246,-22.91619053197807,-0.0903508634822881,0.0581152344444444,58.11523444444445,9.107243944222036
0.742503,-23.238675017869063,-0.098774667537443,0.0578320313333333,57.83203133333334,9.062758503555017
0.74476,-23.55644711477967,-0.1106033686314985,0.0575585937777777,57.55859377777778,9.01980703276757
0.747021,-24.023601942368472,-0.1233853950538125,0.057265625,57.265625000000014,8.97378760476768
0.749279,-24.32880766866472,-0.1344026130112772,0.0569921875555555,56.992187555555574,8.930836151433526
0.751537,-24.628829767082543,-0.1420731789286635,0.0567089844444444,56.70898444444446,8.886350710766504
0.753794,-24.923511157989267,-0.1461914294857843,0.0564355468888888,56.435546888888894,8.84339923997906
0.756055,-25.355637227490543,-0.1474097521399555,0.0561328125555555,56.132812555555574,8.79584584209959
0.758311,-25.63680976998683,-0.146883958643333,0.055859375,55.85937500000001,8.752894371312145
0.760567,-25.912484525339337,-0.1461202275609691,0.0555664062222222,55.566406222222234,8.706874943312254
0.762824,-26.182347334282696,-0.14647749362256,0.055234375,55.234375,8.654719600887464
0.765086,-26.57630305304286,-0.1484611713469232,0.0549023437777777,54.90234377777779,8.602564258462676
0.767341,-26.831557456147028,-0.1516496952916103,0.0545996094444444,54.59960944444446,8.555010860583206
0.769595,-27.080842833209378,-0.1552548343739889,0.0542773437777777,54.27734377777779,8.504389488037996
0.771853,-27.324002104597227,-0.1586546399930702,0.0539160156666666,53.916015666666674,8.447632201067888
0.774116,-27.6772741984934,-0.1615255026775682,0.0535449218888888,53.544921888888894,8.38934092676491
0.776373,-27.904725506613303,-0.1639475656153727,0.053203125,53.20312500000001,8.335651597007251
0.778628,-28.125893629426024,-0.16651746867245,0.0528320312222222,52.83203122222223,8.277360322704274
0.780887,-28.34062148729889,-0.1701736031567192,0.0524511718888888,52.451171888888894,8.217535078521719
0.783149,-28.65022544331016,-0.1755819115742493,0.0519824218888889,51.9824218888889,8.143904000703207
0.785405,-28.84845993975167,-0.1825791294027057,0.0515820312222222,51.58203122222223,8.081010781854912
0.787663,-29.039782932355298,-0.1902230697799555,0.0511230468888889,51.1230468888889,8.008913691369271
0.78992,-29.224194421121016,-0.1973473664436197,0.0506640625555555,50.66406255555557,7.936816600883631
0.792181,-29.48793112438988,-0.203125988800842,0.0501660156666666,50.166015666666674,7.858583578519801
0.794436,-29.654906773928175,-0.2073506623738664,0.0496875,49.6875,7.78341851336842
0.796694,-29.814813839995896,-0.2103396772576578,0.0491796875555555,49.17968755555557,7.703651521125014
0.79895,-29.96749524296036,-0.2126556928662672,0.0486523437777777,48.65234377777779,7.620816554215866
0.801212,-30.18285141936394,-0.2147112034269939,0.0481347656666666,48.134765666666674,7.539515574639588
0.803469,-30.31731158493758,-0.2164733382700383,0.0475878906666666,47.587890666666674,7.453612650517992
0.805728,-30.444231928142617,-0.2174228430277506,0.0470507812222222,47.050781222222234,7.369243696275974
0.807989,-30.5637695286117,-0.2168884461344649,0.0465039062222222,46.503906222222234,7.283340772154379
0.810255,-30.728703142925166,-0.2144661760553444,0.0459667968888889,45.9667968888889,7.198971835365652
0.812512,-30.82907702820736,-0.2102575389749042,0.0454492187777777,45.44921877777779,7.117670855789375
0.814767,-30.921754011488257,-0.2048451047754312,0.044921875,44.92187500000001,7.034835888880227
0.817023,-31.046161080570418,-0.1990672137447376,0.0444335937777777,44.43359377777779,6.958136853849268
0.819285,-31.119360189399057,-0.1937004458972865,0.043984375,43.98437500000001,6.887573733243205
0.821542,-31.18454823696105,-0.1892698213152578,0.0434570312222222,43.45703122222223,6.804738766334058
0.823799,-31.24172522325638,-0.1860085072544308,0.0430371094444444,43.037109444444454,6.738777607726607
0.826056,-31.31256813759483,-0.1838506120406274,0.042578125,42.578125,6.666680499787673
0.828321,-31.34963893090719,-0.1824601189732765,0.0421582031111111,42.15820311111112,6.6007193237269295
0.830581,-31.378541583320217,-0.1814932897555187,0.0417285156666666,41.728515666666674,6.533224177786607
0.832836,-31.39927609483391,-0.1808079685548234,0.0413671875555555,41.36718755555557,6.476466890816501
0.835094,-31.41482697846918,-0.1800963330964909,0.0409863281111111,40.98632811111112,6.416641629180652
0.837356,-31.414984058101854,-0.1783129669340341,0.0406347656666666,40.63476566666667,6.361418329543415
0.84482,-31.34932477164183,-0.1784672298492409,0.0395214844444444,39.521484444444454,6.186544524087776
0.846878,-31.31178273943143,-0.1707941922013692,0.03921875,39.21875000000001,6.138991108755013
0.849134,-31.239369028766188,-0.1607294397640799,0.0389160156666666,38.916015666666674,6.091437710875542
0.851404,-31.180464166511378,-0.1495721307023168,0.0386230468888888,38.623046888888894,6.045418282875651
0.853661,-31.11307700409188,-0.1388282518150125,0.0383105468888889,38.3105468888889,5.99633089766331
0.855916,-31.037207541507687,-0.1296004215202604,0.0380273437777777,38.02734377777779,5.9518454569962875
0.858172,-30.907302685281746,-0.1223991737913579,0.0377441406666666,37.74414066666667,5.907360016329266
0.860433,-30.809913313020463,-0.11721029933735,0.0374707031111111,37.47070311111111,5.864408545541822
0.86269,-30.70404164059449,-0.1136778659003037,0.0371875,37.1875,5.819923104874799
0.864948,-30.58953058837114,-0.1113254784618017,0.036875,36.87500000000001,5.7708357196624585
0.867205,-30.40150626805379,-0.1097784862091156,0.0366308594444444,36.63085944444445,5.732486210873626
0.869467,-30.26563238578603,-0.1088532056057868,0.0363671875555555,36.36718755555557,5.691068727419053
0.871725,-30.12096204408822,-0.1084858625089623,0.0361132812222222,36.113281222222234,5.651185213844056
0.873982,-29.96780940222572,-0.1086811480494975,0.0358007812222222,35.80078122222223,5.602097828631716
0.876238,-29.72182269744964,-0.109494737676015,0.0355371094444444,35.53710944444446,5.560680362630435
0.878499,-29.547150145910045,-0.1109435675187537,0.0352734375555555,35.27343755555557,5.5192628791758604
0.880754,-29.36399529420576,-0.112903603297368,0.0350097656666666,35.009765666666674,5.477845395721286
0.883012,-29.073083814483343,-0.1151622705030149,0.0347070312222222,34.70703122222223,5.430291980388524
0.885268,-28.86856613273465,-0.1174583720291748,0.0344335937777777,34.43359377777779,5.387340527054372
0.88753,-28.65556615082126,-0.119564923786101,0.0341601562222222,34.160156222222234,5.344389056266928
0.889787,-28.434083868743183,-0.1213767950374709,0.0338964844444444,33.896484444444454,5.3029715902656465
0.892044,-28.08599540272543,-0.1229756336975387,0.0336230468888889,33.623046888888894,5.260020119478202
0.894301,-27.8434644498683,-0.1245117601705658,0.0333300781111111,33.33007811111112,5.21400069147831
0.896562,-27.59260827647915,-0.1261274992997166,0.0330371094444444,33.03710944444445,5.16798128093171
0.89882,-27.333426882558,-0.127922967755116,0.0327539062222222,32.75390622222223,5.123495822811395
0.901076,-26.92910390804099,-0.1299130164895007,0.0324707031111111,32.47070311111111,5.079010382144373
0.903332,-26.64934508223882,-0.1320495207194965,0.0321484375555555,32.14843755555556,5.028389027052455
0.905594,-26.361418115537315,-0.1343145180572877,0.0318554687777777,31.855468777777784,4.9823695990525625
0.907853,-26.06532300793647,-0.1367080040008182,0.0315527344444444,31.552734444444457,4.934816201173093
0.91011,-25.60617924161433,-0.1391685585479246,0.0312597656666666,31.259765666666674,4.8887967731732
0.912366,-25.290135020663197,-0.1415380335317966,0.0309570312222222,30.95703122222223,4.841243357840438
0.914628,-24.96623681807809,-0.1435958513370443,0.0306152344444444,30.61523444444445,4.787554045536071
0.916885,-24.634327554226328,-0.1451010708453045,0.0303125,30.312500000000004,4.7400006302033075
0.919143,-24.12209087205851,-0.1458987276497317,0.03,30.000000000000004,4.690913244990967
0.921399,-23.77101789301985,-0.1459059537343008,0.0296875,29.687500000000004,4.641825859778627
0.923661,-23.412405091612577,-0.1449584322545498,0.0293457031111111,29.345703111111117,4.588136530020968
0.925918,-23.046252467836688,-0.1426600083671862,0.0290332031111111,29.033203111111117,4.539049144808628
0.928174,-22.482964905048036,-0.1384953767063855,0.0287011718888888,28.701171888888897,4.48689380238384
0.93043,-22.098433964248645,-0.1320526958921807,0.0283789062222222,28.378906222222227,4.4362724298386285
0.932694,-21.706677360346,-0.1233052956551794,0.0280957031111111,28.095703111111114,4.391786989171606
0.934951,-21.307695093340097,-0.1130056886519372,0.0278808594444444,27.88085944444445,4.358039424928092
0.937209,-20.69618408331884,-0.1027158141842087,0.0276757812222222,27.675781222222223,4.325825813110862
0.939467,-20.27976597708551,-0.0943895694415937,0.0274609375555555,27.46093755555556,4.292078248867347
0.941728,-19.856750526279647,-0.0895607558569814,0.0272363281111111,27.236328111111114,4.256796679837669
0.943986,-19.426980651268565,-0.0888822139200649,0.0270214844444444,27.02148444444445,4.223049115594155
0.946243,-18.77007362740294,-0.0920243550178985,0.0268066406666666,26.80664066666667,4.189301533897348
0.9485,-18.324124550225868,-0.0977803018480668,0.0265722656666666,26.57226566666667,4.152485994988092
0.95076,-17.871892287741616,-0.1042609672097401,0.0263574218888888,26.35742188888889,4.118738413291285
0.953017,-17.181841461380618,-0.1092436262641703,0.0261230468888888,26.123046888888886,4.0819228743820295
0.955276,-16.714372474526456,-0.1106482620512249,0.0259179687777777,25.91796877777778,4.049709280018093
0.962873,-15.0329920863252,-0.1107921062140149,0.0251953125555555,25.195312555555557,3.9361947060778784
0.964943,-14.54023327860964,-0.1019597406157037,0.0250292968888888,25.029296888888897,3.910117026138838
0.967199,-13.791120510361155,-0.0888670526345474,0.024921875,24.921875000000004,3.8932432352904343
0.969459,-13.285481172765875,-0.0736429104206049,0.0248242187777777,24.82421877777778,3.877903431774901
0.971717,-12.774815286924856,-0.0586377907035196,0.0247265625555555,24.72656255555556,3.862563628259368
0.973979,-12.25943701210345,-0.0458024598324379,0.024609375,24.609375000000004,3.844155850078094
0.976234,-11.47780875989031,-0.0363769312761324,0.0245117187777777,24.51171877777778,3.82881604656256
0.978488,-10.95112075151598,-0.0307397756773585,0.0244238281111111,24.42382811111111,3.815010212926605
0.980748,-10.420191593059306,-0.0284573412407781,0.024296875,24.296875000000004,3.795068464865753
0.983011,-9.616258033005678,-0.0282953630240132,0.0241992187777777,24.19921877777778,3.77972866135022
0.985267,-9.075432857690195,-0.028539118827807,0.0240820312222222,24.082031222222223,3.761320883168946
0.987521,-8.530994850823085,-0.0276126905508175,0.0239941406666666,23.99414066666667,3.747515066986283
0.98978,-7.983101092037025,-0.0244468676968219,0.0238867187777777,23.88671877777778,3.730641276137879
0.992042,-7.154977268550755,-0.0185999154895256,0.0237890625555555,23.78906255555556,3.7153014726223463
0.994298,-6.598915368865361,-0.0104061808602939,0.02375,23.750000000000004,3.7091655407441575
0.996554,-6.040026035791737,-0.0010280012710882,0.0237597656666666,23.759765666666674,3.710699528077028
0.998816,-5.478466348962561,0.0078450376413622,0.0237792968888888,23.779296888888886,3.713767485289475
1.001072,-4.631335889922073,0.0146493130859053,0.0237792968888888,23.779296888888886,3.713767485289475
1.003333,-4.063650097418398,0.0186190014433092,0.0237695312222222,23.769531222222227,3.7122334979566056
1.005588,-3.4939222696898886,0.019760580198697,0.0237695312222222,23.769531222222227,3.7122334979566056
1.007844,-2.9221524067365463,0.0185902760002382,0.0237792968888888,23.779296888888886,3.713767485289475
1.010102,-2.0615130992856225,0.0158864742560327,0.0237597656666666,23.759765666666674,3.710699528077028
1.012363,-1.4858162455152928,0.0125134498008618,0.0237695312222222,23.769531222222227,3.7122334979566056
1.014618,-0.9090198343162068,0.0091570542259081,0.0237695312222222,23.769531222222227,3.7122334979566056
1.016873,-0.3309667860556847,0.0060852295625073,0.0237792968888888,23.779296888888886,3.713767485289475
1.019129,0.5375265030292137,0.0032603080499811,0.0237695312222222,23.769531222222227,3.7122334979566056
1.021392,1.1171503476165303,0.0005388896659871,0.0237695312222222,23.769531222222227,3.7122334979566056
1.023647,1.697245431101886,-0.0021692680458071,0.0237695312222222,23.769531222222227,3.7122334979566056
1.025903,2.2774975942199207,-0.004890051411486,0.0237792968888888,23.779296888888886,3.713767485289475
1.028159,3.147875838896973,-0.0075029172536488,0.0237695312222222,23.769531222222227,3.7122334979566056
1.03042,3.7276567631169697,-0.00979456166797,0.0237695312222222,23.769531222222227,3.7122334979566056
1.032676,4.306966448438927,-0.0115598157954382,0.0237597656666666,23.759765666666674,3.710699528077028
1.034933,4.885333655964808,-0.0127109842755312,0.0237695312222222,23.769531222222227,3.7122334979566056
1.037188,5.751313670926835,-0.0131581782356387,0.0237792968888888,23.779296888888886,3.713767485289475
1.03945,6.327010524697164,-0.0126622141339489,0.0237695312222222,23.769531222222227,3.7122334979566056
1.041705,6.901293661773379,-0.0106930722984056,0.0237792968888888,23.779296888888886,3.713767485289475
1.04396,7.473848922890118,-0.0065557043551041,0.0237695312222222,23.769531222222227,3.7122334979566056
1.046216,8.32914752282994,0.0003433543467477,0.0237597656666666,23.759765666666674,3.710699528077028
1.048477,8.896676235700935,0.010056599020573,0.0238476562222222,23.847656222222223,3.7245053442596903
1.050734,9.46169167444906,0.0217271947342354,0.0239648437777777,23.96484377777778,3.7429131224409646
1.052991,10.024036759441634,0.033758021091931,0.0240917968888888,24.09179688888889,3.762854870501816
1.055249,10.86221367941939,0.0444987499899573,0.0241894531111111,24.189453111111114,3.7781946740173495
1.057507,11.417018942043349,0.0530232717775455,0.0242871094444444,24.287109444444447,3.793534494986176
1.059762,11.968525532381037,0.0593270052309562,0.0244238281111111,24.42382811111111,3.815010212926605
1.062021,12.78895245386601,0.0640396538922091,0.0245019531111111,24.501953111111114,3.82728205922969
1.064279,13.331034266242929,0.0681714659453329,0.0246191406666666,24.61914066666667,3.845689837410964
1.066536,13.86903200817018,0.0729211228648038,0.0247363281111111,24.736328111111114,3.864097598138945
1.068794,14.402788600015088,0.0791780411561288,0.02484375,24.84375,3.880971388987349
1.071049,15.194627028352397,0.08685893296123,0.0249609375555555,24.96093755555556,3.899379167168623
1.073306,15.71644556811366,0.0946490357376068,0.0250488281111111,25.048828111111114,3.913184983351286
1.081383,17.75094097057841,0.1023206851757637,0.0258398437777777,25.839843777777784,4.037437433715008
1.083453,18.245427654253444,0.1052713288068238,0.0260449218888888,26.04492188888889,4.069651028078944
1.085708,18.733631152621296,0.105196970836305,0.0262597656666666,26.259765666666674,4.103398609775752
1.087962,19.21555146568197,0.1028389036216711,0.026484375,26.484375,4.138680161352137
1.090222,19.9260226442913,0.0992949201075139,0.0266992187777777,26.699218777777784,4.172427743048944
1.092484,20.391292516287955,0.0957361381313406,0.0269140625555555,26.91406255555556,4.206175324745751
1.094739,20.84949380481402,0.093193211553091,0.0271582031111111,27.158203111111114,4.244524833534585
1.096995,21.30031235060416,0.0923656143179959,0.0273828125555555,27.38281255555556,4.279806402564262
1.099253,21.96271716161357,0.0936909952400087,0.0276171875555555,27.61718755555556,4.316621941473517
1.101514,22.39468615148216,0.0974456310978218,0.0278222656666666,27.822265666666677,4.348835535837455
1.10377,22.818801159716784,0.1037848906933288,0.0280566406666666,28.05664066666667,4.38565107474671
1.106026,23.43957986806613,0.1126732349759532,0.0283496094444444,28.34960944444445,4.431670502746602
1.108281,23.84296036478706,0.1235275548414587,0.0286914062222222,28.69140622222223,4.485359815050969
1.110542,24.237701481710616,0.1348924977827823,0.0290332031111111,29.033203111111117,4.539049144808628
1.1128,24.62364613920412,0.1447310158828914,0.0293359375555555,29.335937555555567,4.586602560141391
1.115055,25.185834144564016,0.1514819734852141,0.0296777344444444,29.677734444444457,4.64029188989905
1.11731,25.549159334951675,0.154570690733152,0.0300195312222222,30.019531222222227,4.693981202203416
1.119571,25.903059747378563,0.1542094170578563,0.0303320312222222,30.332031222222227,4.743068587415756
1.121829,26.247535381844685,0.1511809245216386,0.0306445312222222,30.64453122222223,4.792155972628096
1.124087,26.745634897071348,0.1467419579029634,0.0309472656666666,30.947265666666667,4.839709387960859
1.126341,27.065291949574107,0.1422381634257532,0.0312695312222222,31.26953122222223,4.890330743052778
1.1286,27.374895905585383,0.1385153196660851,0.0315722656666666,31.572265666666674,4.937884158385541
1.130858,27.67413260583981,0.1357351726636491,0.0318652344444444,31.865234444444457,4.983903586385433
1.133115,28.103274162320176,0.1335645460430515,0.0321679687777777,32.16796877777779,5.031456984264903
1.135371,28.37612148428445,0.131518057298072,0.0324902344444444,32.490234444444454,5.082078356810114
1.137632,28.63797323196116,0.1292341588997138,0.0327734375555555,32.77343755555557,5.126563797477137
1.139887,28.888986484982983,0.1266874856353775,0.0330664062222222,33.066406222222234,5.1725832080237355
1.142141,29.244457693736667,0.124162686641564,0.0333496094444444,33.34960944444445,5.21706866614405
1.144396,29.467353692508865,0.1219814222647981,0.0336328125555555,33.63281255555557,5.261554106811073
1.146657,29.678782878095458,0.1202744611396733,0.0339257812222222,33.92578122222223,5.307573517357672
1.148914,29.87874525049645,0.1190178972130564,0.0341992187777777,34.19921877777778,5.350524988145117
1.151169,30.156462041073784,0.118080317419837,0.0344726562222222,34.47265622222223,5.393476441479268
1.153424,30.32689344253103,0.1171815347911254,0.0347753906666666,34.77539066666667,5.4410298568120306
1.155686,30.48522971227196,0.1159817149118834,0.0350292968888888,35.029296888888894,5.480913352933735
1.157943,30.63147085029656,0.1143556820542019,0.0353222656666666,35.322265666666674,5.526932780933627
1.160196,30.827977470778603,0.1125115133111367,0.0355859375555555,35.58593755555557,5.568350264388201
1.162452,30.94358808043071,0.1107957376867597,0.035859375,35.85937500000001,5.611301717722352
1.164709,31.046789399101133,0.1094705649288891,0.0361230468888889,36.1230468888889,5.652719201176927
1.16697,31.1374243471572,0.1087176959458112,0.0363964844444444,36.396484444444454,5.695670671964371
1.169227,31.249579204890356,0.108800030208721,0.0366894531111111,36.68945311111112,5.74169008251097
1.171484,31.308641146777845,0.1100454754509105,0.0369238281111111,36.92382811111112,5.7785056214202255
1.173739,31.35482255878561,0.1126552667714604,0.0372265625555555,37.22656255555557,5.826059036752989
1.176002,31.399904413364627,0.1166124358341483,0.0375195312222222,37.51953122222223,5.872078447299589
1.17826,31.4138845006731,0.1218576668463888,0.0378027344444444,37.80273444444446,5.916563905419903
1.180516,31.4146698988365,0.1284725423307252,0.0380957031111111,38.09570311111111,5.962583315966502
1.182768,31.40257476712018,0.1366045663374089,0.0383496094444444,38.349609444444454,6.002466829541499
1.185029,31.35984910703136,0.1462328011888438,0.038671875,38.67187500000001,6.053088184633417
1.187287,31.31492433208502,0.156972259036213,0.0389746094444444,38.974609444444454,6.10064159996618
1.189543,31.25696194762629,0.1678455014303516,0.039296875,39.296875,6.1512629550580975
1.191796,31.1856477943898,0.1772595396264258,0.039609375,39.609375,6.200350340270438
1.199386,30.768758449258435,0.1854399071487312,0.0407519531111111,40.75195311111112,6.379826090271397
1.201442,30.63147085029656,0.1885907323608726,0.0410839844444444,41.08398444444446,6.431981450149478
1.203694,30.480988562189612,0.1895536191212682,0.0414648437777777,41.46484377777779,6.491806694332033
1.205951,30.31731158493758,0.1896481223399504,0.0418652344444444,41.865234444444454,6.55469991318033
1.208222,30.04729169636154,0.1899641773849321,0.042265625,42.265625,6.617593114575333
1.210477,29.850785075879497,0.1911856429064029,0.0426855468888889,42.6855468888889,6.683554290636077
1.212732,29.641240845885054,0.1936063365978734,0.043125,43.12500000000001,6.752583423909269
1.214986,29.4188160860109,0.1971643551711397,0.0435742187777777,43.57421877777779,6.823146544515332
1.217248,29.060674523501664,0.2015899542574609,0.0440625,44.06250000000001,6.899845579546291
1.219505,28.805891359295533,0.2065387914991714,0.04453125,44.53125000000001,6.9734766573648015
1.221761,28.53838474484236,0.2116255263719335,0.0450390625555555,45.039062555555574,7.053243667061502
1.224015,28.113013099546304,0.2163972326460636,0.0455859375555555,45.58593755555557,7.139146591183097
1.226275,27.81377639929188,0.2203878752802903,0.0460742187777777,46.07421877777779,7.215845626214056
1.22853,27.501973328423087,0.2232234962853951,0.0466113281111111,46.61132811111112,7.300214563002782
1.230787,27.177760966572624,0.2247490579390757,0.0471289062222222,47.128906222222234,7.381515542579059
1.233045,26.668351717793037,0.2250595850131568,0.0476757812222222,47.675781222222234,7.467418466700655
1.235306,26.31350882757007,0.2243934758071709,0.0482128906666666,48.212890666666674,7.551787420942673
1.237561,25.94657080563078,0.2228907947901339,0.0487402344444444,48.740234444444454,7.634622387851821
1.239818,25.567851811240537,0.2204201222621093,0.0492675781111111,49.26757811111112,7.717457337307676
1.242073,24.97754655163101,0.2166298267789793,0.0497949218888889,49.7949218888889,7.800292304216824
1.244335,24.5694536659297,0.2112255481160239,0.0502636718888889,50.2636718888889,7.873923382035335
1.246589,24.15005104667546,0.2041132769267606,0.0507324218888889,50.7324218888889,7.947554459853846
1.248846,23.7193386938683,0.1953824273034808,0.051171875,51.17187500000001,8.016583593127038
1.251103,23.052378573511184,0.1851065662773979,0.0516210937777777,51.62109377777779,8.0871467137331
1.253364,22.594177284985115,0.1732730485402342,0.0520507812222222,52.050781222222234,8.154641859673422
1.255621,22.12513750180416,0.15987293914872,0.0524804687777777,52.48046877777779,8.222137023067036
1.257877,21.645573383233675,0.1451258680806819,0.0528027344444444,52.802734444444454,8.272758395612248
1.260134,20.906984950374717,0.1297212053017973,0.0530273437777777,53.027343777777794,8.308039947188632
1.262393,20.401816851677477,0.1149065296069891,0.05328125,53.28125000000001,8.347923443310336
1.264649,19.88690981575411,0.1021876627005637,0.0535253906666666,53.52539066666668,8.386272969552461
1.266906,19.362420922237295,0.0926542611084787,0.0537597656666666,53.75976566666668,8.423088508461717
1.269165,18.55785904365295,0.0865775101931141,0.0539746094444444,53.974609444444454,8.456836090158525
1.271427,18.009965284866887,0.0834504662932284,0.0541992187777777,54.19921877777779,8.49211764173491
1.273681,17.453275066650775,0.0821779521134164,0.0544238281111111,54.42382811111111,8.527399193311295
1.275935,16.887788389004612,0.0812672857528067,0.0546582031111111,54.65820311111111,8.56421473222055
1.278191,16.0240074889001,0.0790893062570981,0.05484375,54.84375000000001,8.59336036937204
1.280448,15.437943379372925,0.0743714041298831,0.0550585937777777,55.05859377777779,8.627107951068846
1.28271,14.844025288211771,0.0666501311887858,0.0552734375555555,55.27343755555557,8.660855532765654
1.284965,14.24256737468201,0.0564552883546036,0.0554101562222222,55.410156222222234,8.682331250706083
1.287219,13.326793116160582,0.0451762798612043,0.0554882812222222,55.488281222222234,8.694603097009168
1.289473,12.707428124505356,0.0346785200240032,0.0555761718888888,55.576171888888894,8.708408930645124
1.291733,12.081622867910268,0.0265291634866467,0.0556640625555555,55.66406255555557,8.72221476428108
1.293991,11.449220266742644,0.0213495146023477,0.05578125,55.78125000000001,8.74062252500906
1.29625,10.48946371107096,0.0187720380105786,0.0558691406666666,55.86914066666668,8.754428358645015
1.298505,9.842452704064144,0.017935324601009,0.0559570312222222,55.95703122222223,8.768234174827679
1.300765,9.190100989546222,0.0177856003528136,0.0560546875555555,56.05468755555557,8.783573995796505
1.30302,8.201913020359553,0.0171801559626426,0.0561621094444444,56.162109444444454,8.80044778664491
1.305277,7.537466174125312,0.0153309288405043,0.05625,56.25000000000001,8.81425360282757
1.307534,6.868621098176044,0.0122104451421427,0.0563476562222222,56.347656222222234,8.829593406343104
1.309793,6.195691951777111,0.0085444669196731,0.0563574218888889,56.3574218888889,8.831127393675976
1.317413,3.4702032451552856,0.008158868710459,0.056328125,56.32812500000001,8.826525449130656
1.319472,2.781880294753762,0.0058763044811077,0.0563378906666666,56.33789066666668,8.828059436463526
1.32173,2.0915153091274052,0.0050468763043955,0.0563378906666666,56.33789066666668,8.828059436463526
1.323999,1.3994224475415735,0.0053549563963921,0.0563476562222222,56.347656222222234,8.829593406343104
1.326255,0.3586128014072748,0.0063317897222745,0.0563476562222222,56.347656222222234,8.829593406343104
1.328511,-0.3364645731994669,0.0075464015823503,0.0563574218888889,56.3574218888889,8.831127393675976
1.330767,-1.0320131867042472,0.0087609943271381,0.0563378906666666,56.33789066666668,8.828059436463526
1.333029,-2.075807345859456,0.0099571734209734,0.0563476562222222,56.347656222222234,8.829593406343104
1.335288,-2.7715130389969156,0.0111973215608272,0.0563476562222222,56.347656222222234,8.829593406343104
1.337543,-3.4664333339709783,0.0125444487182004,0.0563574218888889,56.3574218888889,8.831127393675976
1.339799,-4.160411151148963,0.0139877179786296,0.056328125,56.32812500000001,8.826525449130656
1.342061,-5.19886460279307,0.0153222664191302,0.0563476562222222,56.347656222222234,8.829593406343104
1.344318,-5.888915429154068,0.0160472084527526,0.0563378906666666,56.33789066666668,8.828059436463526
1.346576,-6.5767671406575525,0.0154430006778746,0.0563476562222222,56.347656222222234,8.829593406343104
1.348832,-7.262105578038167,0.0126628286342061,0.0563378906666666,56.33789066666668,8.828059436463526
1.351094,-8.284536907148965,0.0069694262978994,0.0563378906666666,56.33789066666668,8.828059436463526
1.353352,-8.961864283262925,-0.0018775353913491,0.0563378906666666,56.33789066666668,8.828059436463526
1.355608,-9.635421748192575,-0.0132159128395898,0.0562011718888889,56.2011718888889,8.806583701069805
1.357865,-10.30489514267256,-0.025431555655358,0.0561132812222222,56.113281222222234,8.792777867433848
1.360121,-11.300465854595164,-0.0364638283180582,0.0559960937777777,55.99609377777778,8.774370106705868
1.362384,-11.95800119699151,-0.0447376330937204,0.0559082031111111,55.90820311111112,8.760564273069912
1.364642,-12.61019583187675,-0.0497320882155016,0.0558007812222222,55.800781222222234,8.743690482221508
1.366899,-13.256578520352852,-0.0521050996340224,0.0556738281111111,55.67382811111112,8.723748734160656
1.369154,-14.21476427969774,-0.0533284929064142,0.0555859375555555,55.58593755555557,8.709942917977994
1.371413,-14.84528192527321,-0.0552121923841818,0.0555078125555555,55.50781255555557,8.69767107167491
1.373668,-15.468888067010782,-0.0593217746704408,0.0554003906666666,55.40039066666667,8.680797280826505
1.375925,-16.08511146601242,-0.0663891177970832,0.0552636718888888,55.263671888888894,8.659321545432784
1.378182,-16.995073778124706,-0.0760844774636875,0.0550292968888889,55.02929688888891,8.622506006523528
1.380442,-17.591662223041407,-0.0871016308294606,0.0548144531111111,54.81445311111112,8.58875842482672
1.382696,-18.179768367793415,-0.0975537665558258,0.0545898437777777,54.58984377777779,8.553476873250336
1.384954,-18.758920973482695,-0.1058443949701272,0.054375,54.375,8.519729291553528
1.387213,-19.61060674187089,-0.1113322855835052,0.054140625,54.140625000000014,8.482913752644272
1.389477,-20.16619740265824,-0.1145615925274271,0.0538964844444444,53.896484444444454,8.44456424385544
1.391732,-20.71204912621947,-0.1169929206969089,0.0536816406666666,53.68164066666667,8.410816662158632
1.393987,-21.24753359402385,-0.1204826218435801,0.0534472656666666,53.44726566666668,8.374001123249377
1.396245,-22.030732642563784,-0.1267692919129114,0.0531835937777777,53.18359377777778,8.332583639794803
1.398506,-22.539199413547298,-0.1369283482694418,0.0529101562222222,52.910156222222234,8.289632169007358
1.400761,-23.0361993713452,-0.1509728005349255,0.0526367187777777,52.63671877777778,8.246680715673207
1.40302,-23.75970815946693,-0.1678440307698819,0.0522070312222222,52.20703122222223,8.179185552279593
1.405276,-24.227020066688407,-0.1857660611450111,0.0517480468888889,51.7480468888889,8.107088461793952
1.407535,-24.68192268292821,-0.2029516365006848,0.0513183594444444,51.318359444444454,8.039593315853631
1.409792,-25.124101848920976,-0.2181922251227389,0.0508300781111111,50.83007811111111,7.962894263369378
1.412051,-25.762944715028457,-0.2311684963089053,0.050390625,50.39062500000001,7.893865130096186
1.414309,-26.17229423779121,-0.2422937574826328,0.0498925781111111,49.89257811111112,7.815632107732357
1.416568,-26.56797783251084,-0.2524579093354849,0.049375,49.37500000000001,7.73433112815608
1.418822,-26.949681339922005,-0.2626636439217358,0.0488769531111111,48.87695311111112,7.656098105792251
1.42108,-27.49584722274859,-0.2732916125586706,0.0483300781111111,48.33007811111112,7.5701951816706545
1.423336,-27.841736573908825,-0.2834238720486342,0.0478222656666666,47.822265666666674,7.490428189427248
1.425597,-28.17301751922987,-0.2906322382979941,0.0472265625555555,47.22656255555557,7.396855363547885
1.427854,-28.48937589944636,-0.2918062619204693,0.0466699218888889,46.6699218888889,7.309418452093419
1.435925,-29.600714300653753,-0.2786479896288021,0.0448242187777777,44.82421877777779,7.019496085364694
1.437982,-29.839161183061215,-0.264681278835702,0.0443652344444444,44.365234444444454,6.9473989948790535
1.440254,-30.166358057932595,-0.2461634926988622,0.0438964844444444,43.896484444444454,6.873767917060543
1.442511,-30.36412131547607,-0.2264267163870484,0.0433984375555555,43.39843755555557,6.795534894696714
1.444767,-30.54523413195552,-0.2074691851312891,0.0429492187777777,42.94921877777779,6.724971774090651
1.447023,-30.78540889032246,-0.1903174398328573,0.0425097656666666,42.509765666666674,6.655942640817458
1.449287,-30.924424365243812,-0.1754005270492497,0.042109375,42.10937500000001,6.593049421969162
1.451545,-31.046475239835775,-0.1627669415011285,0.0417089844444444,41.708984444444454,6.53015622057416
1.453801,-31.151247354832996,-0.1522577947583276,0.0413183594444444,41.318359444444454,6.468796989058734
1.456057,-31.275968583180507,-0.1436662522449549,0.0409472656666666,40.94726566666667,6.410505714755756
1.458318,-31.33738671955819,-0.1368088457660056,0.0405859375555555,40.58593755555557,6.353748427785649
1.460574,-31.381211937075765,-0.1314828722421823,0.0402539062222222,40.253906222222234,6.301593067907568
1.46283,-31.40744423573324,-0.1273888029092214,0.0398925781111111,39.89257811111112,6.244835780937461
1.465088,-31.41357034140774,-0.12412394532388,0.0395703125555555,39.57031255555556,6.1942144258455425
1.46735,-31.3955061836496,-0.1212538847584616,0.0392480468888889,39.2480468888889,6.143593053300331
1.469606,-31.359534947765997,-0.1184472590567599,0.0389355468888888,38.935546888888894,6.094505668087991
1.471862,-31.30581371338961,-0.1156128681297175,0.0386425781111111,38.64257811111112,6.048486240088098
1.47412,-31.1917739000643,-0.1128997158771516,0.0383300781111111,38.33007811111111,5.999398854875758
1.476382,-31.093442050006946,-0.1105449666448717,0.0380566406666666,38.05664066666667,5.956447401541606
1.478637,-30.97720312182412,-0.1087242531381966,0.0377636718888889,37.7636718888889,5.910427973541714
1.480893,-30.843057115515833,-0.1075253915451058,0.0374804687777777,37.48046877777779,5.865942532874692
1.48315,-30.60838014429268,-0.106965120665837,0.0372070312222222,37.207031222222234,5.822991062087247
1.485413,-30.4297806019361,-0.106938310275673,0.0369238281111111,36.92382811111112,5.7785056214202255
1.487668,-30.233431061086737,-0.1072219493194184,0.0366503906666666,36.650390666666674,5.7355541680860735
1.489923,-30.01933152174459,-0.1076627757803113,0.0363769531111111,36.37695311111111,5.692602697298629
1.492181,-29.665274029685023,-0.1082678993346288,0.0361035156666666,36.103515666666674,5.6496512439644775
1.494445,-29.4073492728253,-0.1091119420774843,0.0358398437777777,35.83984377777778,5.608233760509904
1.496701,-29.132145756370832,-0.1102480334044282,0.0355566406666666,35.556640666666674,5.563748319842882
1.498956,-28.839663480321622,-0.1117709223102391,0.0353027344444444,35.302734444444454,5.523864823721179
1.501214,-28.368738741548512,-0.113757155136985,0.0350292968888888,35.029296888888894,5.480913352933735
1.503476,-28.033687885043165,-0.1161023798886747,0.0347363281111111,34.73632811111112,5.434893924933842
1.505732,-27.681829507841105,-0.1185437880115245,0.0344628906666666,34.46289066666667,5.39194247159969
1.507988,-27.313320689575026,-0.1209491059504782,0.0341992187777777,34.19921877777778,5.350524988145117
1.510247,-26.72961277453804,-0.1234478965409636,0.0339257812222222,33.92578122222223,5.307573517357672
1.512509,-26.320263251775287,-0.126282863660418,0.0336328125555555,33.63281255555557,5.261554106811073
1.514765,-25.89489160647923,-0.1295748431808947,0.0333496094444444,33.34960944444445,5.21706866614405
1.517022,-25.22746024722408,-0.1332468293734505,0.0330664062222222,33.066406222222234,5.1725832080237355
1.519281,-24.762975773390828,-0.1369893223435483,0.0327734375555555,32.77343755555557,5.126563797477137
1.521545,-24.28341165482035,-0.1403103665007746,0.0325,32.50000000000001,5.083612326689692
1.523802,-23.78876789151263,-0.1426697937581803,0.0321777344444444,32.177734444444454,5.032990971597774
1.526059,-23.019391850648493,-0.1437092326598195,0.0319042968888889,31.904296888888897,4.9900395008103295
1.528316,-22.48846269219182,-0.1431549752926777,0.0316015625555555,31.601562555555567,4.94248610293086
1.530578,-21.94355344642667,-0.1407267199349289,0.0312890625555555,31.28906255555556,4.893398717718519
1.532834,-21.384664113353047,-0.1363788462757393,0.0310351562222222,31.035156222222227,4.853515204143522
1.53509,-20.52151153177925,-0.1307246819424718,0.0308398437777777,30.839843777777784,4.822835597112456
1.53735,-19.92979255547561,-0.1249776536446524,0.0306445312222222,30.64453122222223,4.792155972628096
1.539612,-19.325193049292256,-0.1202511414662487,0.0304492187777777,30.449218777777784,4.76147636559703
1.541867,-18.70849841139258,-0.1167723398703269,0.0302246094444444,30.224609444444457,4.726194814020645
1.544122,-17.76083698743722,-0.1135959326097672,0.0300097656666666,30.009765666666674,4.692447232323838
1.546381,-17.114768458226475,-0.108946546206715,0.0298144531111111,29.814453111111114,4.6617676078394785
1.553991,-14.76815582562758,-0.0950316694384819,0.0291015625555555,29.101562555555564,4.549787021232135
1.556048,-13.72498998500309,-0.0835029040996848,0.028984375,28.984375000000004,4.531379243050861
1.558305,-13.017974558312709,-0.0686172843919862,0.0288769531111111,28.876953111111117,4.5145054522024575
1.560562,-12.302319751824951,-0.0530064410100529,0.0287890625555555,28.789062555555564,4.500699636019795
1.562834,-11.578182645172504,-0.0390250340356141,0.0286816406666666,28.681640666666674,4.48382584517139
1.565088,-10.47752565898732,-0.0282459389692537,0.0285449218888888,28.544921888888886,4.4623501097776685
1.567343,-9.734538996413336,-0.0208569739562725,0.0284765625555555,28.47656255555556,4.451612250807454
1.569599,-8.98479790963413,-0.0160091885345593,0.0283496094444444,28.34960944444445,4.431670502746602
1.57186,-8.228616557915066,-0.0121035672453358,0.0282519531111111,28.251953111111114,4.416330681777776
1.574116,-7.083506035681586,-0.0073354209755866,0.0281445312222222,28.144531222222227,4.399456890929373
1.57637,-6.313658755919408,-0.0006250522224231,0.0281152344444444,28.11523444444445,4.394854963837347
1.578627,-5.538942007544165,0.0077251797683212,0.0281054687777777,28.105468777777777,4.3933209765044765
1.58089,-4.760141188719255,0.0161892085962968,0.028125,28.125000000000004,4.396388933716924
1.583148,-3.5848713770113134,0.0228864122536594,0.028125,28.125000000000004,4.396388933716924
1.585404,-2.7974311783890315,0.0265335109602391,0.028125,28.125000000000004,4.396388933716924
1.587658,-2.0076347852765575,0.026727868496225,0.028125,28.125000000000004,4.396388933716924
1.589921,-1.21579635693925,0.0238769492317045,0.0281445312222222,28.144531222222227,4.399456890929373
1.592178,-0.0252898208613978,0.0190603625440205,0.028125,28.125000000000004,4.396388933716924
1.594432,0.7695331204968199,0.0135663818385224,0.0281152344444444,28.11523444444445,4.394854963837347
1.596687,1.5646702211203969,0.0083550100124224,0.028125,28.125000000000004,4.396388933716924
1.598948,2.359336082845935,0.0038048100442035,0.0281347656666666,28.134765666666674,4.397922921049795
1.601203,3.5498426189237873,-0.0001197542752143,0.028125,28.125000000000004,4.396388933716924
1.603459,4.341681047261094,-0.0036178274340044,0.0281347656666666,28.134765666666674,4.397922921049795
1.605714,5.131634520006248,-0.0066382005175072,0.0281347656666666,28.134765666666674,4.397922921049795
1.607974,5.918760559363171,-0.0086755118482862,0.028125,28.125000000000004,4.396388933716924
1.610229,7.093716211805754,-0.0087336836701029,0.0281347656666666,28.134765666666674,4.397922921049795
1.612485,7.872202871365305,-0.0057335851289255,0.028125,28.125000000000004,4.396388933716924
1.614739,8.64629130120983,0.0009417621188855,0.0281445312222222,28.144531222222227,4.399456890929373
1.616995,9.41535318280861,0.0107968962848967,0.02828125,28.281250000000004,4.420932626323095
1.619259,10.558735829082616,0.0220655280214791,0.0283984375555555,28.39843755555556,4.439340404504369
1.621516,11.313346384474883,0.0323395460104457,0.0285351562222222,28.53515622222223,4.460816122444799
1.623772,12.061202515661936,0.039892471794075,0.0286328125555555,28.632812555555567,4.476155943413625
1.626026,13.169242244583057,0.0442773134425965,0.02875,28.75,4.494563704141605
1.628287,13.898091740215886,0.0461492466959264,0.0288867187777777,28.886718777777784,4.516039439535327
1.630544,14.618301856051348,0.0469472203249666,0.0289746094444444,28.97460944444445,4.529845273171284
1.632801,15.329558432824076,0.0485910594647674,0.0290820312222222,29.08203122222223,4.546719046566395
1.635054,16.37837914022503,0.0527881817796962,0.0292089844444444,29.20898444444445,4.5666608120805385
1.637315,17.064974214667078,0.0600456294163498,0.029453125,29.453125,4.605010320869371
1.639573,17.740573714821565,0.0692852963106208,0.0296875,29.687500000000004,4.641825859778627
1.641831,18.405177640688485,0.0785331825503708,0.0298925781111111,29.892578111111117,4.674039454142564
1.644087,19.37985676146472,0.0860617084383767,0.0301074218888889,30.107421888888897,4.707787035839371
1.646346,20.0141443182245,0.0912081007073045,0.0303515625555555,30.351562555555564,4.746136562081498
1.648601,20.63570842473724,0.0945512105678813,0.0305566406666666,30.556640666666674,4.778350156445434
1.650857,21.243763682839543,0.097765243296381,0.0307519531111111,30.751953111111117,4.8090297634765005
1.653114,22.13000697041722,0.1030614753980003,0.0309570312222222,30.95703122222223,4.841243357840438
1.655374,22.70287639079932,0.1121768013012787,0.0311621094444444,31.16210944444445,4.873456969657667
1.657629,23.260823246076868,0.1254427367679769,0.03140625,31.406250000000004,4.9118064784465
1.659887,23.803533376984507,0.1414680195873014,0.0317089844444444,31.708984444444457,4.959359893779263
1.662145,24.587831982953197,0.1572677562350631,0.03203125,32.03125000000001,5.00998124887118
1.664406,25.090486807527565,0.1690690207718491,0.0323339844444444,32.33398444444445,5.057534664203944
1.672573,26.93020346546975,0.1857345439820794,0.0333984375555555,33.39843755555556,5.2247385679018175
1.674632,27.345679093907,0.1837353068110627,0.0336328125555555,33.63281255555557,5.261554106811073
1.676888,27.742619325688068,0.1773227947087307,0.0339257812222222,33.92578122222223,5.307573517357672
1.679157,28.30260821619045,0.1688597528614583,0.0342382812222222,34.23828122222223,5.356660902570013
1.681412,28.651953319269634,0.1598230541886262,0.0345019531111111,34.50195311111111,5.3980783860245865
1.683667,28.98166346826388,0.1507431361578396,0.0347949218888888,34.794921888888894,5.444097814024479
1.685923,29.291424503907837,0.1418788218882923,0.0350488281111111,35.04882811111112,5.4839813101461825
1.688185,29.71836694553069,0.1336147841793457,0.0353417968888888,35.341796888888894,5.530000738146075
1.690441,29.977391259819168,0.1265054600245471,0.0356054687777777,35.60546877777779,5.5714182216006485
1.692695,30.215523982961273,0.1210256711858394,0.0358886718888889,35.888671888888894,5.615903662267671
1.694951,30.43276511495701,0.1174277509333538,0.0361523437777777,36.15234377777778,5.6573211457222445
1.697212,30.71896420569904,0.1156639752934606,0.0364257812222222,36.425781222222234,5.7002725990563965
1.699468,30.882798262583744,0.1153557498167222,0.0366992187777777,36.69921877777779,5.743224069843841
1.701723,31.02511240979136,0.1158398737128439,0.0369726562222222,36.972656222222234,5.7861755231779926
1.703978,31.145435408423857,0.1164101159443708,0.0372558594444444,37.255859444444454,5.8306609812983075
1.706239,31.28492212224324,0.1166279668012825,0.0375292968888889,37.529296888888894,5.8736124346324585
1.708495,31.350267249437906,0.1165187743273462,0.0378320312222222,37.83203122222223,5.921165832511929
1.710753,31.393149989159408,0.1164823885116173,0.0381152344444444,38.115234444444454,5.965651290632244
1.713013,31.415926535897935,0.1170695230629568,0.0383886718888889,38.3886718888889,6.008602743966395
1.715275,31.402888926385536,0.118718966283376,0.0387011718888889,38.7011718888889,6.057690129178736
1.717532,31.367388929399972,0.1215607930640456,0.0390039062222222,39.003906222222234,6.105243527058206
1.719787,31.30942654494124,0.1253471780994743,0.0393066406666666,39.30664066666667,6.152796942390968
1.722043,31.18015000724602,0.1296291679306091,0.0396484375555555,39.64843755555557,6.206486272148628
1.724303,31.065796034655353,0.134072203927033,0.0399707031111111,39.97070311111111,6.257107627240545
1.726558,30.92882259495884,0.1386165056656863,0.0403027344444444,40.302734444444454,6.309262987118627
1.728813,30.76938676778915,0.1433817923858591,0.0406542968888888,40.654296888888894,6.364486286755864
1.731068,30.488214225292868,0.1485429310667777,0.0410351562222222,41.03515622222223,6.424311530938419
1.733328,30.272858048889287,0.1543175435082173,0.0413867187777777,41.38671877777778,6.4795348480289485
1.735586,30.035353644277897,0.1609178726586446,0.0417773437777777,41.77734377777779,6.540894079544374
1.737842,29.77554393182602,0.1683838754420055,0.0421875,42.1875,6.605321268272247
1.740097,29.344988658651545,0.1764448563566292,0.0426074218888889,42.6074218888889,6.671282444332992
1.742358,29.03051523402721,0.1845695172128943,0.0430566406666666,43.056640666666674,6.741845564939054
1.744613,28.694678979358457,0.1921780169024427,0.043515625,43.51562500000001,6.813942655424695
1.746869,28.337322815012616,0.1989287936993825,0.0439648437777777,43.96484377777778,6.884505776030758
1.749126,27.761783040874963,0.2048404135346392,0.0444628906666666,44.462890666666674,6.962738798394587
1.75138,27.351962279214177,0.2102319992254205,0.0449511718888889,44.9511718888889,7.039437833425546
1.753641,26.921564085672376,0.215437476992176,0.0454492187777777,45.44921877777779,7.117670855789375
1.755897,26.47090261951492,0.2204318399668982,0.0459375,45.93750000000001,7.194369890820334
1.758154,25.757289848251997,0.2247347785538539,0.0464941406666666,46.49414066666667,7.2818068022748
1.760413,25.256991218167823,0.2276903579056027,0.0470410156666666,47.041015666666674,7.367709726396396
1.762674,24.73752887289675,0.2288333804391185,0.0475976562222222,47.59765622222223,7.45514662039757
1.764927,24.19905989207146,0.2279274053532641,0.0480859375555555,48.08593755555557,7.531845672881822
1.767183,23.356798901644037,0.2248245814854135,0.0486230468888888,48.623046888888894,7.616214609670547
1.769439,22.772619747709015,0.2193834193066628,0.0491699218888889,49.1699218888889,7.702117533792143
1.771699,22.17084767491389,0.2116375287951603,0.0496875,49.6875,7.78341851336842
1.773954,21.5519539221567,0.2019121686794315,0.0501171875555555,50.11718755555557,7.850913676762035
1.776208,20.59219736648502,0.1908718852628584,0.0504296875555555,50.42968755555557,7.900001061974376
1.778462,19.93199167033313,0.1794439282044553,0.0507226562222222,50.722656222222234,7.946020472520975
1.780722,19.25623509054596,0.1683420172487041,0.0510253906666666,51.02539066666667,7.993573887853738
1.78298,18.565398866021564,0.1573578037721756,0.0513183594444444,51.318359444444454,8.039593315853631
1.79055,15.659582741083684,0.1457928299801575,0.0522851562222222,52.285156222222234,8.191457398582678
1.792606,14.900259796711032,0.1313511177454495,0.0525195312222222,52.51953122222223,8.228272937491933
1.794875,14.128841720622058,0.1141184079162892,0.0527636718888889,52.76367188888891,8.266622463734059
1.797133,12.950273236627847,0.0945212566058165,0.052890625,52.89062500000001,8.28656421179491
1.799388,12.151209145187282,0.0740714759641589,0.0529785156666666,52.978515666666674,8.300370045430865
1.801644,11.34209195725523,0.054978947054009,0.0531152344444444,53.115234444444454,8.321845780824589
1.803906,10.523392911729731,0.0391783363568409,0.0532128906666666,53.21289066666668,8.337185584340121
1.806163,9.279165141275492,0.0274255542157999,0.053359375,53.35937500000001,8.36019528961342
1.808421,8.43957450460362,0.019021422322716,0.0534863281111111,53.48632811111112,8.380137037674272
1.810677,7.592758204828492,0.0123201250536639,0.0535742187777777,53.574218777777794,8.393942871310228
1.812935,6.739344560480825,0.0055415371109096,0.0536914062222222,53.69140622222224,8.41235063203821
1.81519,5.448149979855419,-0.0023216530098532,0.0536621094444444,53.662109444444454,8.407748704946185
1.817445,4.581070407464637,-0.0109551237811915,0.0536523437777777,53.65234377777779,8.406214717613313
1.819701,3.709435525726149,-0.0189294063153558,0.0536523437777777,53.65234377777779,8.406214717613313
1.821962,2.834187812436032,-0.0244909691866611,0.0536328125555555,53.63281255555557,8.403146760400865
1.824221,1.5161326146224343,-0.0263564997865764,0.0536328125555555,53.63281255555557,8.403146760400865
1.826476,0.6349158752904973,-0.0242203730838592,0.0536230468888889,53.6230468888889,8.401612773067995
1.82873,-0.2477145807355552,-0.0188407333552874,0.0536328125555555,53.63281255555557,8.403146760400865
1.83099,-1.130816275659646,-0.0118046012421624,0.0536230468888889,53.6230468888889,8.401612773067995
1.833247,-2.454997579147744,-0.005050149961731,0.0536328125555555,53.63281255555557,8.403146760400865
1.835502,-3.3363713981123606,-0.0001074164342709,0.0536523437777777,53.65234377777779,8.406214717613313
1.837757,-4.215860261484823,0.0023255187553766,0.0536328125555555,53.63281255555557,8.403146760400865
1.840013,-5.529988468481434,0.0023664529119169,0.0536328125555555,53.63281255555557,8.403146760400865
1.842272,-6.401623350219922,0.0005433014652105,0.0536132812222222,53.61328122222223,8.400078785735126
1.844528,-7.269017081876064,-0.0027581226602787,0.0536230468888889,53.6230468888889,8.401612773067995
1.846787,-8.131227185653783,-0.007618326081423,0.0536132812222222,53.61328122222223,8.400078785735126
1.849044,-9.413311147583777,-0.0144908268796425,0.0535742187777777,53.574218777777794,8.393942871310228
1.851304,-10.259813288093548,-0.0236267121481697,0.0534667968888889,53.466796888888894,8.377069080461826
1.853561,-11.09861852660202,-0.0344716781146212,0.0533007812222222,53.300781222222234,8.350991400522785
1.855816,-11.929098544578483,-0.0456644596204203,0.0531640625555555,53.16406255555557,8.329515682582356
1.858073,-13.15793251103013,-0.0557157743866662,0.0530078125555555,53.00781255555557,8.304971989976185
1.860335,-13.964850584104669,-0.0637336220160967,0.0528710937777777,52.87109377777779,8.283496254582463
1.862591,-14.761087242157004,-0.0697831949523002,0.0527636718888889,52.76367188888891,8.266622463734059
1.864845,-15.546014166656414,-0.0748786352043899,0.0526074218888889,52.6074218888889,8.242078771127888
1.867099,-16.700706546483342,-0.0805501407955323,0.0524902344444444,52.490234444444454,8.223671010399908
1.86936,-17.454374624079534,-0.0880791699529722,0.0521386718888889,52.1386718888889,8.168447693309378
1.871616,-18.19437677363261,-0.097855570638638,0.0518652344444444,51.865234444444454,8.125496239975226
1.873871,-18.92008467661185,-0.1092579231805,0.0515625,51.562500000000014,8.077942824642463
1.876129,-19.980529276831085,-0.1211756175600716,0.0512597656666666,51.25976566666668,8.030389426762992
1.878393,-20.667752669803853,-0.1326955010205696,0.0509375,50.93750000000001,7.979768054217782
1.880651,-21.33848270134527,-0.1436317398384972,0.0506152344444444,50.615234444444454,7.929146699125864
1.882906,-21.99224813255731,-0.1547998402679044,0.0502929687777777,50.29296877777779,7.878525326580653
1.885162,-22.939595397247313,-0.1678350344447238,0.0499902344444444,49.990234444444454,7.830971928701183
1.887423,-23.548121894247657,-0.1844012182518112,0.0495898437777777,49.58984377777778,7.768078709852887
1.88968,-24.13764175569378,-0.2050547315644663,0.0490234375555555,49.02343755555557,7.679107828518844
1.891936,-24.70752666305497,-0.2285848338427554,0.0484960937777777,48.49609377777779,7.596272861609696
1.894191,-25.524497832620995,-0.2523319413813077,0.0479589844444444,47.958984444444454,7.51190392482097
1.896455,-26.04317477972867,-0.2730581167112214,0.0473828125555555,47.38281255555556,7.421399056154056
1.898714,-26.540645976424617,-0.2875768506701473,0.0468261718888889,46.8261718888889,7.333962144699589
1.900973,-27.01612602454543,-0.2935046800053863,0.0462695312222222,46.26953122222223,7.246525233245123
1.908561,-28.690909068174147,-0.294043176442301,0.0445410156666666,44.541015666666674,6.975010644697672
1.910632,-29.05093558627554,-0.2829233694104422,0.0440722656666666,44.072265666666674,6.901379566879161
1.91289,-29.386457681678927,-0.2672947145388525,0.04359375,43.59375,6.8262145017277795
1.915148,-29.843559412776244,-0.2495122241322336,0.0431542968888889,43.1542968888889,6.757185368454588
1.917404,-30.11703505327123,-0.2307295137621166,0.0427050781111111,42.70507811111112,6.686622247848525
1.919663,-30.365063793272142,-0.2114773273442569,0.042265625,42.265625,6.617593114575333
1.921921,-30.587331473513625,-0.1925553923318495,0.0418359375555555,41.83593755555556,6.550097968635011
1.924178,-30.872116847561543,-0.1752497290353541,0.0414648437777777,41.46484377777779,6.491806694332033
1.926434,-31.029196480241033,-0.1609068506586111,0.04109375,41.09375000000001,6.433515420029056
1.928694,-31.15988673463037,-0.1503481246681305,0.0407519531111111,40.75195311111112,6.379826090271397
1.930952,-31.263716371831507,-0.1435097428549267,0.0403808594444444,40.38085944444446,6.321534833421713
1.933207,-31.369430964624804,-0.1393621491966913,0.0400488281111111,40.04882811111111,6.269379473543631
1.935464,-31.406030519039124,-0.1363032681521243,0.0397070312222222,39.70703122222223,6.215690143785972
1.937726,-31.415612376632577,-0.132883380223789,0.0393847656666666,39.384765666666674,6.165068788694053
1.939984,-31.39801945777247,-0.1284391607646356,0.0390820312222222,39.08203122222223,6.117515373361291
1.942244,-31.320579198861484,-0.1232172920027151,0.03875,38.75,6.0653600309365014
1.944499,-31.23497079905116,-0.1180818627480732,0.0384667968888889,38.4667968888889,6.0208745902694805
1.94676,-31.122030543154608,-0.1139997378880388,0.0381738281111111,38.17382811111112,5.974855162269588
1.949017,-30.901647818505285,-0.1115378508917305,0.0379101562222222,37.91015622222223,5.933437678815014
1.951275,-30.72084916129119,-0.1104808443471721,0.0375878906666666,37.587890666666674,5.8828163237230955
1.95353,-30.51287572762355,-0.1100782314221906,0.0373144531111111,37.31445311111112,5.839864852935651
1.955792,-30.27819875640039,-0.1096768899496624,0.0370410156666666,37.04101566666667,5.796913399601499
1.95805,-29.875917817108217,-0.1090696998405637,0.0367578125555555,36.75781255555557,5.7524279589344784
1.960308,-29.574482001996277,-0.1083905914575708,0.0365039062222222,36.50390622222223,5.712544445359482
1.962564,-29.246813888226864,-0.1079607129895704,0.0362011718888889,36.2011718888889,5.664991047480012
1.964826,-28.89307055543265,-0.1082601707989228,0.0359570312222222,35.95703122222223,5.626641521237886
1.967084,-28.314075029376053,-0.1097049975474164,0.0356738281111111,35.67382811111112,5.582156080570863
1.969341,-27.89624320644861,-0.112305189603125,0.0354101562222222,35.410156222222234,5.54073859711629
1.971596,-27.45343572192513,-0.1156350919806856,0.0351269531111111,35.12695311111112,5.496253156449267
1.973857,-26.98565257580561,-0.1191315796946934,0.0348730468888889,34.8730468888889,5.456369660327565
1.976116,-26.23858184278195,-0.1222945792381033,0.0345996094444444,34.59960944444445,5.413418206993413
1.978374,-25.710637197346188,-0.1248176408199503,0.0343066406666666,34.306640666666674,5.36739877899352
1.980629,-25.159287686641186,-0.1266264461237946,0.0340429687777777,34.04296877777779,5.325981295538946
1.982892,-24.585004549564967,-0.1278085620448075,0.03375,33.75,5.279961867539053
1.985148,-23.681325422759866,-0.1282803151296279,0.0334863281111111,33.48632811111111,5.23854438408448
1.987404,-23.05159317534779,-0.1275535859803785,0.033203125,33.20312500000001,5.194058943417457
1.98966,-22.400655177523983,-0.1248065550552609,0.0329003906666666,32.90039066666667,5.146505545537988
1.991919,-21.72898266818649,-0.1194470334734755,0.0326367187777777,32.63671877777779,5.105088062083414
1.994178,-20.68377479233716,-0.1117351476724063,0.0324414062222222,32.44140622222223,5.074408437599055
1.996437,-19.962779278338303,-0.1029584650017917,0.0322460937777777,32.24609377777778,5.043728830567988
1.998694,-19.223248367683265,-0.0949786742835907,0.0320703125555555,32.07031255555556,5.0161171807493705
2.000954,-18.46549621963741,-0.0893723283058665,0.0318652344444444,31.865234444444457,4.983903586385433
2.003209,-17.296509593236646,-0.0867658861434062,0.0316601562222222,31.660156222222227,4.951689974568204
2.005464,-16.496345944367327,-0.0865667580956012,0.0314648437777777,31.464843777777787,4.921010367537137
2.00772,-15.680788491495417,-0.0871210443452226,0.0312792968888889,31.279296888888897,4.891864730385649
2.00998,-14.850151393886271,-0.0862632273412937,0.0310839844444444,31.083984444444457,4.8611851233545815
2.012235,-13.577649289549727,-0.0822723003989262,0.0308984375555555,30.898437555555567,4.832039486203094
2.01449,-12.712768832016458,-0.0747193835826343,0.0308007812222222,30.80078122222223,4.8166996652342675
2.016748,-11.835322003868828,-0.0644287920977645,0.0307324218888889,30.7324218888889,4.805961806264053
2.019012,-10.497946011235657,-0.0526929616111634,0.030625,30.625,4.789088015415648
2.027208,-6.824638801025788,-0.026496755216683,0.0302441406666666,30.24414066666667,4.729262771233093
2.029214,-5.886402155031196,-0.0145897634883109,0.0302148437777777,30.214843777777784,4.724660826687775
2.031471,-4.942039403362104,-0.0021221414856722,0.0302050781111111,30.205078111111117,4.723126839354904
2.033742,-3.9923359441819097,0.0096191612076327,0.0302441406666666,30.24414066666667,4.729262771233093
2.035999,-3.038234255286689,0.0191729106868731,0.030234375,30.234375000000004,4.727728783900223
2.038253,-1.6004843773713202,0.0252003585760407,0.030234375,30.234375000000004,4.727728783900223
2.040509,-0.6389999457401639,0.027027068730727,0.030234375,30.234375000000004,4.727728783900223
2.042769,0.3237411229524282,0.0249256218683458,0.0302441406666666,30.24414066666667,4.729262771233093
2.045025,1.7685595843383743,0.0200622179280141,0.0302441406666666,30.24414066666667,4.729262771233093
2.047282,2.7306723345002486,0.0140743553836194,0.0302441406666666,30.24414066666667,4.729262771233093
2.049536,3.691057208702648,0.0086340915025947,0.030234375,30.234375000000004,4.727728783900223
2.051795,4.648928808782176,0.0050267559688439,0.0302441406666666,30.24414066666667,4.729262771233093
2.05405,6.078196386532853,0.0040235092295248,0.030234375,30.234375000000004,4.727728783900223
2.056306,7.024915332692138,0.0057944233231149,0.0302246094444444,30.224609444444457,4.726194814020645
2.058561,7.96582233244228,0.0101089196957431,0.030234375,30.234375000000004,4.727728783900223
2.060821,8.899660748721846,0.0164746133205694,0.0302636718888889,30.2636718888889,4.732330728445541
2.063077,10.285731427485665,0.0241746522827805,0.030390625,30.390625000000004,4.752272476506393
2.065334,11.198678252618857,0.0322946609159304,0.0305175781111111,30.517578111111114,4.772214224567245
2.067591,12.101571981260562,0.0398903208223221,0.0306347656666666,30.63476566666667,4.790622002748519
2.069852,12.993470135614707,0.0463600411695279,0.0307226562222222,30.722656222222227,4.804427818931182
2.072108,14.309169138938111,0.0517128910181822,0.0308203125555555,30.820312555555567,4.819767639900008
2.074361,15.169965526021716,0.0565514938970592,0.0309570312222222,30.95703122222223,4.841243357840438
2.076617,16.016781825796844,0.0617634800998234,0.0310449218888888,31.044921888888897,4.855049191476393
2.078877,16.848832640100103,0.0680441600378149,0.0312207031111111,31.220703111111117,4.882660841295011
2.081134,18.067456430427583,0.0753602037532619,0.0314355468888888,31.435546888888897,4.916408422991819
2.08339,18.85882361986685,0.0828192253128276,0.0316601562222222,31.660156222222227,4.951689974568204
2.085648,19.632440810813335,0.0892446389192394,0.0318847656666666,31.88476566666667,4.986971543597881
2.087908,20.387679684736323,0.093999934582937,0.0320800781111111,32.08007811111112,5.017651150628947
2.090162,21.48409552083916,0.0972926674664893,0.0322753906666666,32.275390666666674,5.048330775113307
2.092419,22.18969723083543,0.0998935173775211,0.0324902344444444,32.490234444444454,5.082078356810114
2.094677,22.874093190419966,0.1028159134165458,0.0326757812222222,32.67578122222223,5.1112239765083105
2.096934,23.536655081062055,0.1070157592538106,0.0329199218888889,32.9199218888889,5.149573502750436
2.099193,24.48792933656904,0.1128842052642244,0.0332324218888889,33.2324218888889,5.1986608879627765
2.10145,25.09284300201776,0.1198141168491381,0.0335253906666666,33.52539066666667,5.244680315962668
2.103708,25.67356640403383,0.1264114220391071,0.0338183594444444,33.818359444444454,5.290699743962562
2.105964,26.229314144453863,0.1312030001058505,0.0341015625555555,34.10156255555556,5.335185184629584
2.108223,27.01518354674935,0.1332786933325177,0.0343945312222222,34.394531222222234,5.381204595176183
2.110481,27.50621447850543,0.1325023567753716,0.0346679687777777,34.66796877777779,5.424156065963627
2.112736,27.97038479307333,0.1295082238469658,0.0349414062222222,34.94140622222223,5.467107519297779
2.114993,28.40706617192231,0.1254234518895381,0.0352148437777777,35.21484377777779,5.5100589900852235
2.117254,29.00978072251351,0.1215128454949088,0.0355078125555555,35.50781255555557,5.556078418085116
2.11951,29.375933346289404,0.1189467055866595,0.0357714844444444,35.771484444444454,5.5974959015396895
2.121766,29.713026238019584,0.1185411115777321,0.0360449218888888,36.044921888888894,5.640447354873841
2.124022,30.16337354491168,0.1205475599543004,0.0363085937777777,36.30859377777778,5.681864838328415
2.126283,30.42616777038447,0.1246346941256335,0.0366015625555555,36.601562555555574,5.727884266328308
2.128539,30.658645626750115,0.1302056578379186,0.0368652344444444,36.865234444444454,5.769301749782882
2.130793,30.86065003437594,0.1366563599656549,0.0371484375555555,37.14843755555557,5.813787190449903
2.133049,31.10538010209058,0.1433417274026452,0.0374316406666666,37.431640666666674,5.858272631116925
2.135313,31.22963009154006,0.1493948658828917,0.0377050781111111,37.70507811111111,5.901224084451076
2.137569,31.32246415445364,0.1537531082687853,0.0379980468888889,37.9980468888889,5.94724351245097
2.145136,31.376342468462703,0.1525104260297863,0.038984375,38.984375,6.102175569845757
2.147193,31.31005486347196,0.1521415967755083,0.0392773437777777,39.27734377777779,6.14819499784565
2.149463,31.211880093047277,0.1503555222175423,0.0395996094444444,39.599609444444454,6.198816370390861
2.15172,31.08181815718866,0.1483671458876745,0.0399316406666666,39.931640666666674,6.250971712815649
2.153978,30.919869055896108,0.1471718061330822,0.0402734375555555,40.27343755555556,6.304661042573309
2.156234,30.617333683355408,0.1476862001683577,0.0406054687777777,40.60546877777779,6.356816384998097
2.158496,30.37621644719239,0.1505412504208312,0.0409472656666666,40.94726566666667,6.410505714755756
2.160753,30.10368328449348,0.1557370245572985,0.0413476562222222,41.34765622222223,6.473398916150759
2.163009,29.63652845690467,0.1626423747418564,0.0417480468888889,41.748046888888894,6.536292134999056
2.165267,29.28655503529477,0.1703585591709861,0.0421679687777777,42.16796877777778,6.602253311059799
2.167527,28.90610816494505,0.1781511183725156,0.0425488281111111,42.54882811111112,6.6620785552423545
2.169783,28.495344925488183,0.1856703180941934,0.0429785156666666,42.978515666666674,6.72957371863597
2.172039,27.82367241615068,0.1929348126568905,0.0434472656666666,43.447265666666674,6.80320479645448
2.174296,27.33923882896714,0.2001331284861723,0.0439160156666666,43.91601566666667,6.876835874272991
2.176561,26.825902589370564,0.2073176400167712,0.044375,44.37500000000001,6.948932964758631
2.17882,26.28444909552437,0.2141181877634554,0.0448730468888889,44.8730468888889,7.027165987122461
2.181077,25.420196956521817,0.2197730885755717,0.0454101562222222,45.410156222222234,7.1115349239111865
2.183334,24.810099663194677,0.2233562045042026,0.0459179687777777,45.91796877777779,7.191301933607886
2.185594,24.173770071210065,0.2240179199108475,0.0464453125555555,46.44531255555557,7.274136900517034
2.18785,23.511522339833338,0.2211472082052389,0.0469726562222222,46.97265622222223,7.356971849972889
2.190106,22.471183932597075,0.214526404286176,0.0475,47.50000000000001,7.439806816882037
2.192363,21.747203905577308,0.2043805053643405,0.0480664062222222,48.066406222222234,7.528777698216081
2.194626,20.999819013288295,0.1913706005406481,0.0484667968888889,48.4667968888889,7.591670917064377
2.196882,20.229814653893435,0.1765689674984077,0.0488183594444444,48.81835944444446,7.646894234154907
2.199135,19.0338103306718,0.1612791103608471,0.049140625,49.14062500000001,7.697515589246824
2.20139,18.210398896165916,0.1466615813577315,0.0494921875555555,49.49218755555557,7.752738906337354
2.203654,17.367195427942416,0.13331452101725,0.0497949218888889,49.7949218888889,7.800292304216824
2.205913,16.504828244532018,0.1211921149598202,0.0501171875555555,50.11718755555557,7.850913676762035
2.20817,15.17750534839033,0.1097719314427479,0.0504492187777777,50.44921877777779,7.903069019186823
2.210426,14.271312947462354,0.0983097655543019,0.0507324218888889,50.7324218888889,7.947554459853846
2.21268,13.349255503633753,0.0861971627267505,0.0509082031111111,50.90820311111112,7.975166109672464
2.214942,12.412275494700594,0.073443921560205,0.0510449218888889,51.04492188888891,7.996641845066186
2.217198,10.980965881725083,0.0607805870635621,0.0511425781111111,51.14257811111112,8.011981648581719
2.219454,10.010842070296556,0.0490405479951806,0.0513183594444444,51.318359444444454,8.039593315853631
2.221713,9.029408525315104,0.0385964085147407,0.0514648437777777,51.46484377777778,8.06260302112693
2.223974,8.037450644944128,0.0292835601134511,0.0516308594444444,51.630859444444454,8.088680701065972
2.226228,6.532313604609258,0.0205633447429159,0.0517285156666666,51.72851566666667,8.104020504581504
2.228483,5.51899289419387,0.0117613926904502,0.0517773437777777,51.77734377777778,8.111690406339271
2.230739,4.498760679940584,0.0025826652805689,0.051796875,51.796875,8.114758363551719
2.233,3.4731877581761963,-0.0064517923402253,0.0517382812222222,51.73828122222224,8.105554474461082
2.235258,1.9264246151812616,-0.014277322812744,0.0517578125555555,51.75781255555556,8.108622449126823
2.237515,0.8915839950887834,-0.0200602090275273,0.0517675781111111,51.76757811111111,8.1101564190064
2.239773,-0.1451415805958484,-0.0234642759526179,0.0517480468888889,51.7480468888889,8.107088461793952
2.242034,-1.7008582626535145,-0.0245563828126434,0.0517382812222222,51.73828122222224,8.105554474461082
2.244287,-2.736641360542069,-0.0239840903124105,0.0517382812222222,51.73828122222224,8.105554474461082
2.246541,-3.7703824232057905,-0.0231057592123146,0.0517578125555555,51.75781255555556,8.108622449126823
2.248799,-4.800981893215922,-0.023589199809204,0.0517675781111111,51.76757811111111,8.1101564190064
2.25106,-6.33753486008669,-0.0266086282901233,0.0517578125555555,51.75781255555556,8.108622449126823
2.253316,-7.354311322421027,-0.0323547754617897,0.0517578125555555,51.75781255555556,8.108622449126823
2.255571,-8.364019201284787,-0.0400413462719621,0.0517675781111111,51.76757811111111,8.1101564190064
2.263615,-12.30593258337658,-0.0386189188910204,0.0512792968888888,51.279296888888894,8.033457383975442
2.266174,-13.734414762963858,-0.0470207820335745,0.0510742187777777,51.07421877777779,8.001243789611504
2.268432,-14.668881497774144,-0.0566514836580277,0.0509375,50.93750000000001,7.979768054217782
2.27069,-15.58764026931648,-0.0681745837578145,0.05078125,50.78125000000001,7.955224361611612
2.272945,-16.489591520162108,-0.0822989599959073,0.0506054687777777,50.60546877777779,7.927612711792993
2.275204,-17.80906043466982,-0.098879124732555,0.0502734375555555,50.27343755555557,7.875457369368205
2.27746,-18.664673193875,-0.116780797753988,0.0499023437777777,49.90234377777779,7.817166095065228
2.279716,-19.50002268046453,-0.1342395771946603,0.0495214844444444,49.52148444444446,7.757340850882673
2.281973,-20.314166416642323,-0.149626079714686,0.0491796875555555,49.17968755555557,7.703651521125014
2.284235,-21.49336321916725,-0.162333806767595,0.048828125,48.82812500000001,7.6484282040344835
2.286491,-22.250015809784355,-0.1730698519796946,0.0484570312222222,48.457031222222234,7.590136929731506
2.288745,-22.982321057336133,-0.1833392161996369,0.0481054687777777,48.10546877777779,7.53491363009427
2.290999,-23.68902232476116,-0.1944359619120927,0.0476367187777777,47.63671877777779,7.461282552275759
2.293262,-24.699672681420996,-0.206607092111797,0.0470898437777777,47.08984377777779,7.375379628154163
2.295519,-25.3391438660592,-0.2186735066943973,0.0464941406666666,46.49414066666667,7.2818068022748
2.297775,-25.95034071681509,-0.2285833297545277,0.0459472656666666,45.94726566666667,7.195903878153204
2.300032,-26.81255082059281,-0.2343752671758738,0.0454296875555555,45.42968755555556,7.114602898576927
2.302296,-27.349763164356663,-0.2349546471849239,0.0449121094444444,44.912109444444454,7.03330191900065
2.304554,-27.85618790011534,-0.2302935515933834,0.0444042968888889,44.4042968888889,6.953534909303951
2.306809,-28.331196709338116,-0.2214403545202544,0.0438769531111111,43.87695311111111,6.870699942394802
2.309063,-28.98323426459068,-0.2102173073995242,0.0434375,43.43750000000001,6.801670809121609
2.311323,-29.37703290371816,-0.1985999261333443,0.0429882812222222,42.98828122222223,6.731107688515547
2.31358,-29.73737358108491,-0.1880626767188679,0.0425683594444444,42.568359444444454,6.665146529908096
2.315834,-30.063785057792888,-0.1792027527315344,0.0421289062222222,42.12890622222223,6.596117379181611
2.318092,-30.488685464190908,-0.1718087523386521,0.04171875,41.71875000000001,6.5316901904537366
2.320354,-30.72838898365981,-0.1651157695294502,0.0413183594444444,41.318359444444454,6.468796989058734
2.32261,-30.932749585775824,-0.1582832010089114,0.0409570312222222,40.957031222222234,6.412039684635334
2.324866,-31.101610190906275,-0.1509362486730486,0.0406054687777777,40.60546877777779,6.356816384998097
2.327125,-31.28727831673343,-0.1432971080836416,0.040234375,40.234375,6.2985251106951194
2.329387,-31.365975212705855,-0.1359312894325177,0.0399023437777777,39.90234377777779,6.246369768270331
2.331643,-31.40807255426396,-0.129497976485753,0.0395996094444444,39.599609444444454,6.198816370390861
2.333899,-31.41372742104042,-0.1245412780359377,0.0392773437777777,39.27734377777779,6.14819499784565
2.336156,-31.353565921724176,-0.1212432274398218,0.0389453125555555,38.94531255555556,6.096039655420862
2.338418,-31.267643362648496,-0.1192435103677563,0.0386425781111111,38.64257811111112,6.048486240088098
2.340675,-31.145121249158493,-0.1178686928113967,0.0383398437777777,38.33984377777779,6.000932842208629
2.342933,-30.985999581254173,-0.1166302066977268,0.0380761718888889,38.0761718888889,5.959515358754055
2.345188,-30.679065978998448,-0.1154530742789989,0.0377832031111111,37.78320311111111,5.913495930754162
2.347449,-30.42915228340538,-0.1145872452710867,0.0374804687777777,37.48046877777779,5.865942532874692
2.349705,-30.14311027229603,-0.1144638827492288,0.0372167968888888,37.216796888888894,5.824525049420118
2.351961,-29.821411184568433,-0.1156466223997613,0.0369335937777777,36.93359377777779,5.780039608753096
2.35422,-29.272732027618975,-0.1186115374227575,0.0366796875555555,36.67968755555556,5.740156112631393
2.356481,-28.863225425223547,-0.1233585661585208,0.0363867187777777,36.38671877777779,5.6941366846315
2.358736,-28.41916130363863,-0.1293347426899339,0.0361230468888889,36.1230468888889,5.652719201176927
2.360994,-27.941167981394944,-0.1359251535544756,0.035859375,35.85937500000001,5.611301717722352
2.363254,-27.16142468477396,-0.1427922628956355,0.0355859375555555,35.58593755555557,5.568350264388201
2.365516,-26.600807475740854,-0.1497636173948264,0.0353125,35.31250000000001,5.525398793600756
2.367775,-26.007831862375784,-0.1564319214142328,0.0350292968888888,35.029296888888894,5.480913352933735
2.37003,-25.059856279155063,-0.1618919062739588,0.0347753906666666,34.77539066666667,5.4410298568120306
2.372287,-24.38975456614436,-0.1645950620949397,0.0344921875555555,34.49218755555557,5.39654441614501
2.374549,-23.689807722924556,-0.1625366936545065,0.0342285156666666,34.22851566666667,5.3551269326904345
2.382011,-20.6099473649778,-0.1444186582008438,0.0333789062222222,33.378906222222234,5.221670593236077
2.384068,-19.77412663949023,-0.1314385277434976,0.0331933594444444,33.193359444444454,5.19252497353788
2.386327,-18.91380149130467,-0.1152895862045983,0.0330273437777777,33.02734377777778,5.166447293598839
2.388597,-18.03022855748254,-0.0997618179545902,0.0328222656666666,32.822265666666674,5.134233699234902
2.390852,-17.124036156554567,-0.0868461462670207,0.0326367187777777,32.63671877777779,5.105088062083414
2.393107,-15.725084947911032,-0.0766788442764786,0.0324511718888889,32.4511718888889,5.075942424931926
2.395363,-14.767684586729542,-0.0681152149730845,0.0322460937777777,32.24609377777778,5.043728830567988
2.397627,-13.791434669626511,-0.0594469153024111,0.0320507812222222,32.05078122222223,5.013049206083629
2.399883,-12.797905992928742,-0.0493904596886599,0.0319628906666666,31.962890666666674,4.999243389900966
2.402139,-11.277218068958602,-0.0379198433665429,0.031875,31.875,4.98543755626501
2.404397,-10.245204882254354,-0.0261770493986806,0.0317871094444444,31.787109444444447,4.971631740082348
2.406658,-9.19983992677235,-0.0154627962702401,0.0317089844444444,31.708984444444457,4.959359893779263
2.408913,-8.142536919206705,-0.0064052460269678,0.0315820312222222,31.58203122222223,4.939418128265118
2.411168,-6.536868913956963,0.0010739218220243,0.0314941406666666,31.49414066666667,4.925612312082455
2.413426,-5.455061483693317,0.0072719723714347,0.0315039062222222,31.50390622222223,4.927146281962034
2.415687,-4.366028390326415,0.0123103329640408,0.0315136718888888,31.513671888888897,4.928680269294904
2.417945,-3.2707121116523337,0.0159620931252368,0.0315136718888888,31.513671888888897,4.928680269294904
2.4202,-1.6193339332928591,0.0178828748836908,0.0315136718888888,31.513671888888897,4.928680269294904
2.422454,-0.5147499562906876,0.0178989868345436,0.0315234375555555,31.52343755555556,4.9302142566277745
2.424713,0.5914048170382786,0.0159744666928344,0.0315234375555555,31.52343755555556,4.9302142566277745
2.426969,1.697559590367245,0.0122533078609352,0.0315332031111111,31.533203111111117,4.931748226507351
2.429222,3.3536501577071043,0.0073415572012914,0.0315234375555555,31.52343755555556,4.9302142566277745
2.431478,4.45383590499425,0.0023650598609312,0.0315332031111111,31.533203111111117,4.931748226507351
2.433732,5.548995104035652,-0.0013023538031353,0.0315234375555555,31.52343755555556,4.9302142566277745
2.435992,6.638028197402553,-0.0024276857107135,0.0315234375555555,31.52343755555556,4.9302142566277745
2.438246,8.257205051062734,-8.266149867160871e-05,0.0315136718888888,31.513671888888897,4.928680269294904
2.440503,9.324875314385224,0.0059680982577374,0.0315332031111111,31.533203111111117,4.931748226507351
2.44276,10.381550003420152,0.0150707403097165,0.0316601562222222,31.660156222222227,4.951689974568204
2.445022,11.9427644726216,0.0257313645905465,0.0317773437777777,31.777343777777787,4.970097752749478
2.44728,12.966138279528476,0.0361419621244411,0.0318945312222222,31.894531222222223,4.988505513477459
2.449535,13.97396120280008,0.0451415143241469,0.0319824218888889,31.982421888888897,5.002311347113415
2.451789,14.96466244610962,0.0526910627265683,0.0320898437777777,32.08984377777779,5.019185137961818
2.454051,16.416078252068104,0.0594961923796096,0.0321972656666666,32.19726566666667,5.036058928810221
2.456308,17.3588702074104,0.0663108887050119,0.0323730468888888,32.373046888888894,5.06367057862884
2.458565,18.28014225307561,0.0734714534450872,0.032578125,32.578125,5.095884172992776
2.460821,19.17895191126765,0.0807065605291545,0.0328125,32.8125,5.132699711902032
2.463081,20.482084543976697,0.0874217014734917,0.0329882812222222,32.98828122222223,5.160311361720651
2.465335,21.319318986158375,0.0932707973219815,0.0331933594444444,33.193359444444454,5.19252497353788
2.46759,22.12984989078454,0.098545380068103,0.0333984375555555,33.39843755555556,5.2247385679018175
2.469846,22.912577700426443,0.1040967574427185,0.0335742187777777,33.57421877777778,5.252350217720435
2.472107,24.032555481431203,0.1109925139851332,0.0338476562222222,33.84765622222223,5.295301671054587
2.474362,24.741298784081057,0.1198739112933865,0.0341308594444444,34.130859444444454,5.339787129174902
2.476621,25.419097399093054,0.1304222989273397,0.0344335937777777,34.43359377777779,5.387340527054372
2.478878,26.0643805301404,0.1414434815811739,0.0347167968888889,34.7167968888889,5.4318259677213945
2.481138,26.970258771803017,0.1516624724075581,0.0349902344444444,34.990234444444454,5.474777438508839
2.483394,27.531504299366834,0.1601699832577331,0.0352734375555555,35.27343755555557,5.5192628791758604
2.485651,28.05724982994509,0.1664815936682219,0.0355371094444444,35.53710944444446,5.560680362630435
2.487906,28.547338283905095,0.1703775412564859,0.0358203125555555,35.82031255555557,5.6051658032974565
2.490166,29.213513006098808,0.1717130558846762,0.03609375,36.09375000000001,5.648117256631608
2.492421,29.61061031751256,0.1702650619825724,0.0363671875555555,36.36718755555557,5.691068727419053
2.500015,30.812426587143335,0.1539170636635317,0.0373046875555555,37.30468755555557,5.838330883056074
2.502073,31.01364559660576,0.1476048650040873,0.0375390625555555,37.53906255555557,5.875146421965329
2.504342,31.17465222010224,0.1397177578188023,0.0378515625555555,37.85156255555557,5.92423380717767
2.506595,31.29481813910205,0.1320918392908121,0.0381445312222222,38.14453122222223,5.970253217724269
2.508853,31.374143353605188,0.1257602021266252,0.0384082031111111,38.40820311111111,6.011670701178843
2.51111,31.415769456265256,0.1214859424972953,0.0387011718888889,38.7011718888889,6.057690129178736
2.513371,31.392050431730652,0.1196921078326822,0.0390039062222222,39.003906222222234,6.105243527058206
2.515627,31.326862384168663,0.1203200759779185,0.0393554687777777,39.35546877777779,6.160466844148735
2.517884,31.220362393211968,0.1228210208916684,0.0396679687777777,39.66796877777779,6.209554229361076
2.520142,30.98332922749862,0.1265700745302702,0.0399902344444444,39.990234444444454,6.260175601906287
2.522403,30.77378499750418,0.1312332305078166,0.0403222656666666,40.32226566666667,6.312330944331075
2.524659,30.52340006301307,0.1366756602540373,0.0406640625555555,40.66406255555557,6.366020274088735
2.526917,30.23248858329066,0.1427421163997788,0.0410449218888889,41.0449218888889,6.42584551827129
2.529174,29.72040898075552,0.1493700511865738,0.0414160156666666,41.416015666666674,6.484136792574267
2.531432,29.329280695383595,0.1567499564540397,0.0418066406666666,41.806640666666674,6.545496024089692
2.533688,28.89872542220911,0.1650775816595409,0.0422070312222222,42.207031222222234,6.608389225484696
2.535944,28.429371479762796,0.1741695379366867,0.0426464844444444,42.64648444444446,6.677418376211181
2.5382,27.653712253591475,0.1834581952422567,0.0430761718888888,43.076171888888894,6.744913522151503
2.540461,27.089796372272108,0.1922689310867859,0.0435253906666666,43.52539066666668,6.815476642757565
2.542717,26.48912385690574,0.1999346711649871,0.0439746094444444,43.97460944444446,6.8860397633636286
2.544974,25.852637185288447,0.2058326359392894,0.0444628906666666,44.462890666666674,6.962738798394587
2.547232,24.83224789140248,0.2094381675971763,0.0449804687777777,44.98046877777778,7.044039777970864
2.549494,24.10936742181147,0.2104172215846094,0.0454882812222222,45.488281222222234,7.123806770214271
2.551749,23.35365730899045,0.2085289576186301,0.0459765625555555,45.97656255555557,7.200505822698523
2.554006,22.160166259891685,0.2035440699978137,0.0465136718888889,46.5136718888889,7.284874759487248
2.556262,21.326230489996274,0.195346697091286,0.0470800781111111,47.08007811111112,7.373845640821292
2.558521,20.46276374915712,0.184208229051045,0.0474121094444444,47.412109444444454,7.426001000699374
2.560782,19.571179754068336,0.1709894826111872,0.0477441406666666,47.744140666666674,7.478156343124162
2.563036,18.183067040079685,0.1570667577183564,0.0481152344444444,48.115234444444454,7.53644761742714
2.565292,17.22582375853088,0.1437201030320911,0.0484472656666666,48.447265666666674,7.588602959851928
2.567551,16.244390213549426,0.1315239074010271,0.0487988281111111,48.79882811111111,7.643826259489165
2.569815,15.240337201462127,0.1202617707643953,0.0491308594444444,49.130859444444454,7.695981619367247
2.572072,13.694202376997907,0.1092697281908195,0.0494726562222222,49.47265622222223,7.749670931671613
2.574326,12.63878432502442,0.0977700790898402,0.0496582031111111,49.65820311111112,7.778816568823101
2.576582,11.565616274558144,0.0852282795261797,0.0498242187777777,49.82421877777778,7.804894248762142
2.578843,10.475797783027843,0.0717403404789399,0.0499707031111111,49.97070311111112,7.827903954035442
2.581099,8.813109871115447,0.0579520234614563,0.0500976562222222,50.097656222222234,7.847845702096294
2.583357,7.688576780762982,0.0445047199552362,0.0502636718888889,50.2636718888889,7.873923382035335
2.585615,6.552262717959553,0.0318732047018068,0.0504199218888889,50.4199218888889,7.8984670746415055
2.587875,5.4065238771953545,0.0205578360612416,0.0504394531111111,50.43945311111112,7.901535031853953
2.590129,3.672835971311827,0.011106284712911,0.0504394531111111,50.43945311111112,7.901535031853953
2.592383,2.509504211687527,0.0038101990068212,0.0504101562222222,50.410156222222234,7.896933087308635
2.594639,1.3419313019808805,-0.0014917083998607,0.0504199218888889,50.4199218888889,7.8984670746415055
2.596901,0.1716880385186822,-0.0053618318740639,0.0504101562222222,50.410156222222234,7.896933087308635
2.599158,-1.5850905733687302,-0.0085121538405511,0.0504199218888889,50.4199218888889,7.8984670746415055
2.601413,-2.7547055183002103,-0.0116538899399118,0.0504101562222222,50.410156222222234,7.896933087308635
2.603667,-3.921178870578101,-0.0156073581504227,0.0504296875555555,50.42968755555557,7.900001061974376
2.605926,-5.083096913508286,-0.0213510619725015,0.0504199218888889,50.4199218888889,7.8984670746415055
2.608183,-6.813329067472864,-0.0297458563932028,0.050390625,50.39062500000001,7.893865130096186
2.610439,-7.956240474848831,-0.0409451324196325,0.0504199218888889,50.4199218888889,7.8984670746415055
2.618511,-12.407248946454851,-0.0551059990387652,0.0499609375555555,49.96093755555557,7.826369984155865
2.620581,-13.482144872880598,-0.0691590700541895,0.0498046875555555,49.80468755555557,7.801826291549695
2.622838,-14.538348323017486,-0.0835577249939256,0.0496289062222222,49.628906222222234,7.774214624277783
2.625096,-16.0852685456451,-0.0982078508467376,0.0494726562222222,49.47265622222223,7.749670931671613
2.627353,-17.0893215577324,-0.1133769801982893,0.0492089844444444,49.208984444444454,7.708253465670332
2.629613,-18.069498465652412,-0.1290862974765424,0.048828125,48.82812500000001,7.6484282040344835
2.631867,-19.02485679160907,-0.1449069826172273,0.0484472656666666,48.447265666666674,7.588602959851928
2.634122,-20.4077858777193,-0.1601702764822887,0.048125,48.12500000000001,7.537981587306717
2.636379,-21.29450040419502,-0.1742727355906328,0.0477148437777777,47.71484377777779,7.473554398578844
2.638642,-22.151369800461634,-0.186889037577058,0.0473242187777777,47.32421877777779,7.412195167063418
2.640899,-22.97713742945771,-0.1978574088293297,0.0469628906666666,46.962890666666674,7.3554378800933105
2.643154,-24.154920515288524,-0.2070520869061423,0.046484375,46.48437500000001,7.280272814941929
2.645409,-24.89759301859715,-0.2143072822961454,0.0459277344444444,45.927734444444454,7.192835920940756
2.647669,-25.60523676381825,-0.2193745184875168,0.0453613281111111,45.36132811111112,7.103865022153419
2.649927,-26.276438034257712,-0.2218798182652585,0.04484375,44.84375,7.022564042577142
2.652186,-27.21294680429283,-0.2214686496029688,0.0443652344444444,44.365234444444454,6.9473989948790535
2.654445,-27.788957817328516,-0.2179550796416793,0.0438769531111111,43.87695311111111,6.870699942394802
2.656704,-28.325384762928973,-0.211433456758661,0.0433691406666666,43.369140666666674,6.790932950151395
2.658959,-28.82112808366544,-0.2023684967348267,0.0429296875555555,42.92968755555557,6.7219038168782035
2.661215,-29.48714572622648,-0.1915992171474256,0.0424804687777777,42.48046877777779,6.651340696272141
2.663473,-29.878274011598407,-0.1801801178090003,0.0420800781111111,42.08007811111111,6.588447477423844
2.665736,-30.226205397983477,-0.1691106816131754,0.041640625,41.64062500000001,6.519418344150652
2.667991,-30.53062572611633,-0.1592024371873609,0.0412792968888889,41.2792968888889,6.462661057180545
2.670246,-30.90400401299548,-0.1509618090325344,0.0409179687777777,40.91796877777779,6.405903770210438
2.672503,-31.09705488155857,-0.1444625824419426,0.0405566406666666,40.556640666666674,6.349146483240331
2.674765,-31.24486681590997,-0.1392118572766878,0.0402050781111111,40.20507811111112,6.293923166149801
2.677022,-31.381211937075765,-0.1344563388753407,0.0398535156666666,39.853515666666674,6.238699866512564
2.679279,-31.4146698988365,-0.1297820269690361,0.03953125,39.53125000000001,6.188078493967353
2.681535,-31.40226060785482,-0.1253497271810769,0.0392285156666666,39.228515666666674,6.140525096087883
2.683794,-31.34382698449805,-0.1215968665717843,0.0389257812222222,38.925781222222234,6.09297168075512
2.686052,-31.169782751489173,-0.118849316253836,0.0386132812222222,38.61328122222223,6.04388429554278
2.688308,-30.996366837011017,-0.1171763758780071,0.0383105468888889,38.3105468888889,5.99633089766331
2.690565,-30.77708366979045,-0.1164408243728667,0.0380175781111111,38.01757811111111,5.950311469663418
2.692825,-30.512404488725508,-0.1163796078249705,0.0377441406666666,37.74414066666667,5.907360016329266
2.69508,-30.03064125529751,-0.1166839304138804,0.0374707031111111,37.47070311111111,5.864408545541822
2.697337,-29.653650136866737,-0.117124277206748,0.0371679687777777,37.16796877777778,5.816855147662351
2.699593,-29.23236256202035,-0.1176392918773069,0.0368847656666666,36.884765666666674,5.772369706995329
2.701854,-28.76756392892174,-0.1184047464392801,0.0366210937777777,36.62109377777779,5.730952223540756
2.70411,-27.989862667525585,-0.1197405967958553,0.0363671875555555,36.36718755555557,5.691068727419053
2.706368,-27.418878202735637,-0.1219177932168504,0.0360839844444444,36.083984444444454,5.64658328675203
2.708623,-26.80673887418367,-0.1249774874215977,0.0358203125555555,35.82031255555557,5.6051658032974565
2.710884,-26.154230080033063,-0.1287347995637643,0.0355566406666666,35.556640666666674,5.563748319842882
2.713142,-25.101639461447807,-0.1327019221378643,0.0352832031111111,35.28320311111112,5.520796849055437
2.715401,-24.35236961356664,-0.1360626145388943,0.035,35.0,5.4763114083884155
2.717658,-23.56602897237312,-0.1378139006000346,0.0347265625555555,34.72656255555557,5.433359955054264
2.719919,-22.74387417492867,-0.1372101314466643,0.034453125,34.453125,5.390408484266819
2.722176,-21.446239329363404,-0.1339935209786479,0.0341796875555555,34.17968755555557,5.347457030932669
2.724432,-20.539889848802748,-0.1282869528146488,0.0340039062222222,34.00390622222223,5.319845363660757
2.72669,-19.601810282440837,-0.1203583366372993,0.0338085937777777,33.80859377777779,5.289165756629691
2.728954,-18.63388558586982,-0.1104414632351809,0.0336425781111111,33.64257811111111,5.26308807669065
2.73652,-14.489182397988806,-0.0884141466149162,0.0330078125555555,33.00781255555557,5.163379336386392
2.738578,-13.392452402620613,-0.0754481321589018,0.0328808594444444,32.880859444444454,5.14343758832554
2.740834,-12.27483081610604,-0.0610509495122029,0.0327929687777777,32.79296877777779,5.129631754689584
2.743104,-10.562662819899604,-0.0463635595781758,0.0327148437777777,32.71484377777778,5.117359908386499
2.745361,-9.39964521954066,-0.0322611745322213,0.0326269531111111,32.62695311111111,5.1035540747505435
2.747615,-8.221862133709848,-0.0191693609322293,0.0325390625555555,32.53906255555557,5.089748258567881
2.749869,-7.030570199468598,-0.0071486301563583,0.032421875,32.421875,5.071340480386606
2.752131,-5.222897786593031,0.0037058504582032,0.0324023437777777,32.40234377777779,5.0682725231741586
2.754389,-4.006473111123063,0.0129313150724609,0.0323925781111111,32.39257811111111,5.066738535841288
2.756648,-2.7829798521825184,0.0198540765657337,0.0324023437777777,32.40234377777779,5.0682725231741586
2.758905,-1.554617124628909,0.0238395407188629,0.0324023437777777,32.40234377777779,5.0682725231741586
2.761166,0.2932676742126072,0.0246617825015695,0.0324023437777777,32.40234377777779,5.0682725231741586
2.76342,1.5258715518485626,0.0226485636589661,0.0324121094444444,32.412109444444454,5.069806510507029
2.765675,2.757061712790403,0.0185215220953699,0.0324121094444444,32.412109444444454,5.069806510507029
2.767933,3.984481962547935,0.0132571449471418,0.0324121094444444,32.412109444444454,5.069806510507029
2.77019,5.815088001794708,0.0080650668461576,0.0324023437777777,32.40234377777779,5.0682725231741586
2.772449,7.025543651222855,0.0042157127015113,0.0324023437777777,32.40234377777779,5.0682725231741586
2.774703,8.225789124526836,0.002850464877377,0.0324121094444444,32.412109444444454,5.069806510507029
2.776957,9.414096545747176,0.0047103966574297,0.0324121094444444,32.412109444444454,5.069806510507029
2.779214,11.16993267983851,0.0099546054813082,0.0325195312222222,32.519531222222234,5.08668028390214
2.781477,12.319912670685053,0.0178864942855577,0.0326171875555555,32.61718755555557,5.102020104870967
2.783735,13.45135726487542,0.027037851658163,0.0327441406666666,32.744140666666674,5.121961852931817
2.785989,14.56253858645013,0.0360019651176931,0.0328320312222222,32.832031222222234,5.135767669114481
2.788244,16.18737030688677,0.0442808900887073,0.0329296875555555,32.92968755555557,5.151107490083307
2.790503,17.23980384583935,0.0522252576954512,0.0330761718888888,33.076171888888894,5.174117195356606
2.79276,18.266162165767135,0.0602921295287773,0.0332910156666666,33.291015666666674,5.207864777053413
2.795018,19.752606729813145,0.0685751966775706,0.0335058594444444,33.505859444444454,5.241612358750221
2.797276,20.70560886127961,0.0769382016895944,0.0336816406666666,33.681640666666674,5.269224008568838
2.799535,21.626723827312137,0.0853734701228992,0.0338671875555555,33.86718755555557,5.298369645720328
2.801788,22.51438083158393,0.0940742723387885,0.0340722656666666,34.072265666666674,5.330583240084264
2.804044,23.77965727281722,0.1032450621768417,0.0342871094444444,34.28710944444445,5.364330821781072
2.806301,24.577150567930993,0.1127053000138743,0.0345703125555555,34.57031255555557,5.408816262448094
2.808563,25.336159353038287,0.1216607437961947,0.0348535156666666,34.853515666666674,5.453301703115116
2.810822,26.05542699107767,0.1287872972972472,0.03515625,35.15625,5.500855100994586
2.813078,27.057437967940135,0.132948679635965,0.0354492187777777,35.44921877777779,5.546874528994478
2.815333,27.67224765024766,0.1338246263077208,0.035703125,35.703125,5.586758025116182
2.817593,28.24370335393564,0.1319533755089888,0.0359765625555555,35.97656255555556,5.629709495903627
2.819852,28.77023428267729,0.128368391029052,0.0362402344444444,36.240234444444454,5.671126979358201
2.82211,29.474422275979443,0.1242187569755783,0.0365136718888889,36.5136718888889,5.714078432692352
2.824366,29.885499674701663,0.120470183031156,0.0368066406666666,36.80664066666667,5.760097860692244
2.826626,30.248981944722004,0.1177457626448376,0.0370703125555555,37.07031255555557,5.801515344146819
2.828882,30.56424076750974,0.1164873946970295,0.0373632812222222,37.363281222222234,5.847534754693418
2.831137,30.945315956390186,0.1171558857602229,0.0376367187777777,37.63671877777779,5.8904862254808625
2.833393,31.13758142678988,0.120264813065061,0.0379492187777777,37.94921877777779,5.939573610693203
2.835653,31.279895573997493,0.1261323349082747,0.0382226562222222,38.222656222222234,5.982525064027355
2.837911,31.371944238747677,0.134693862403046,0.038515625,38.51562500000001,6.028544492027247
2.840169,31.415141137734537,0.1455662434450304,0.0388183594444444,38.818359444444454,6.07609790736001
2.842425,31.38042653891237,0.1581226824819837,0.0391113281111111,39.11132811111111,6.122117317906609
2.844684,31.29513229836741,0.1712530592606624,0.0394628906666666,39.462890666666674,6.1773406349971385
2.846942,31.15894425683429,0.1831396781623472,0.039765625,39.76562500000001,6.224894032876608
2.854556,30.111223106862095,0.1980118632565227,0.0409472656666666,40.94726566666667,6.410505714755756
2.856614,29.725278449368584,0.2027601298007335,0.0412792968888889,41.2792968888889,6.462661057180545
2.858885,29.29032494647908,0.2047046696823761,0.041640625,41.64062500000001,6.519418344150652
2.861141,28.54828076170117,0.2052501470249694,0.0420507812222222,42.05078122222223,6.5838455328785255
2.863396,27.99457505650597,0.2057044097221791,0.0424609375555555,42.460937555555574,6.648272739059693
2.865654,27.394845018935676,0.2066837984960667,0.0429199218888889,42.9199218888889,6.720369829545333
2.867917,26.749718967521016,0.2083374096296674,0.043359375,43.35937500000001,6.789398962818525
2.870172,25.699484543425942,0.2105779026954178,0.0437890625555555,43.78906255555556,6.85689412621214
2.872428,24.945659386197075,0.2129328737981307,0.0442773437777777,44.27734377777778,6.933593161243098
2.874686,24.15036520594082,0.2143592077852127,0.0447949218888888,44.794921888888894,7.014894140819376
2.87695,23.31485863971861,0.2135323798206244,0.0452929687777777,45.29296877777778,7.093127163183205
2.879206,21.98894946027104,0.2093298796924948,0.0457910156666666,45.791015666666674,7.171360185547034
2.881462,21.058566795910423,0.2012547863156778,0.0462792968888889,46.2792968888889,7.248059220577994
2.88372,20.092684134564244,0.1896355017767881,0.0466503906666666,46.650390666666674,7.30635049488097
2.885981,19.093343511457327,0.1756171120229981,0.0470117187777777,47.01171877777778,7.363107781851077
2.888235,17.533699838582677,0.1606539881986415,0.0473144531111111,47.31445311111112,7.410661179730548
2.890493,16.456604797299416,0.1456357584012932,0.0476855468888889,47.6855468888889,7.468952454033526
2.892752,15.351706661031884,0.1306179124273153,0.0480566406666666,48.056640666666674,7.527243728336503
2.895013,13.645350611234589,0.1151541329354738,0.0483984375555555,48.39843755555556,7.580933058094162
2.897267,12.4780918607933,0.098831038287547,0.0485839844444444,48.583984444444454,7.610078695245651
2.899522,11.289470280307604,0.0815835118377677,0.0487402344444444,48.740234444444454,7.634622387851821
2.901778,10.081213745736967,0.0638499726467903,0.0488574218888889,48.8574218888889,7.653030148579803
2.904034,8.236313459916362,0.0463510155617766,0.0490625,49.06250000000001,7.685243742943739
2.906296,6.987844539379777,0.0297001034782654,0.0492382812222222,49.23828122222223,7.712855392762358
2.908554,5.727123407494194,0.0144513788732174,0.0492675781111111,49.26757811111112,7.717457337307676
2.910809,4.455720860586404,0.0013587275524358,0.0492578125555555,49.25781255555557,7.715923367428099
2.913063,2.5340086343855273,-0.0085670557844851,0.0492285156666666,49.228515666666674,7.711321422882779
2.915323,1.246269805679071,-0.0145886448792455,0.0492285156666666,49.228515666666674,7.711321422882779
2.917582,-0.0444535360482955,-0.0167726987664653,0.0492382812222222,49.23828122222223,7.712855392762358
2.919839,-1.3359622759390597,-0.0160747697279896,0.04921875,49.21875000000001,7.709787435549909
2.922094,-3.269455474590898,-0.0140704308963233,0.0492382812222222,49.23828122222223,7.712855392762358
2.924354,-4.5527960735823285,-0.0126312576599533,0.0492578125555555,49.25781255555557,7.715923367428099
2.926608,-5.82953932800122,-0.0135974593105741,0.0492578125555555,49.25781255555557,7.715923367428099
2.928864,-7.096700724826664,-0.0182584401434003,0.0492382812222222,49.23828122222223,7.712855392762358
2.931122,-8.975687290938719,-0.0271659979222852,0.0492089844444444,49.208984444444454,7.708253465670332
2.933384,-10.210804442697546,-0.0400293267212011,0.0490527344444444,49.052734444444454,7.6837097730641615
2.93564,-11.429114073759669,-0.0557159682953014,0.0488378906666666,48.837890666666674,7.649962191367354
2.937894,-12.628574148900253,-0.0725686531507224,0.0486425781111111,48.64257811111112,7.619282566882995
2.94015,-14.387708955277857,-0.0891038996229456,0.0484472656666666,48.447265666666674,7.588602959851928
2.942414,-15.53124868118454,-0.1047010628533037,0.0482617187777777,48.26171877777779,7.55945732270044
2.94467,-16.648556108433752,-0.1196565415518522,0.0480761718888888,48.076171888888894,7.530311685548951
2.946926,-17.738060440698693,-0.1347394416062705,0.0476660156666666,47.66601566666668,7.465884496821077
2.949182,-19.31576827133149,-0.1506212039918193,0.0472851562222222,47.28515622222223,7.406059235185229
2.951442,-20.32688986688936,-0.1675947589159291,0.0469335937777777,46.93359377777779,7.350835935547993
2.9537,-21.303768102523108,-0.1855632325291662,0.0465625,46.56250000000001,7.292544661245015
2.955959,-22.24436094300789,-0.20415666796129,0.0461816406666666,46.18164066666667,7.23271941706246
2.958216,-23.5837789708659,-0.2226974817375316,0.0457910156666666,45.791015666666674,7.171360185547034
2.960476,-24.42666827982404,-0.2400150184182833,0.0452929687777777,45.29296877777778,7.093127163183205
2.962732,-25.22777440648944,-0.2540461766297254,0.0447949218888888,44.794921888888894,7.014894140819376
2.964988,-25.985683634167977,-0.2617886508626004,0.0442675781111111,44.26757811111112,6.932059173910227
2.973063,-28.82426967631903,-0.2684028504611867,0.042578125,42.578125,6.666680499787673
2.975134,-29.321112554484262,-0.2579797071498878,0.0421875,42.1875,6.605321268272247
2.977389,-29.766904552028652,-0.2410233588357331,0.041796875,41.79687500000001,6.543962036756822
2.979646,-30.16101735042149,-0.2208165107266547,0.0413964844444444,41.39648444444446,6.481068835361819
2.981904,-30.502351392234026,-0.2001783713197439,0.041015625,41.015625,6.42124357372597
2.984167,-30.914528348385,-0.181017391263258,0.040625,40.62500000000001,6.359884342210544
2.986421,-31.12155930425657,-0.1645066040871138,0.0403125,40.3125,6.310796956998204
2.988676,-31.27408362758835,-0.1511378588693338,0.0399707031111111,39.97070311111111,6.257107627240545
2.990929,-31.37163007948232,-0.1408155955749518,0.0396484375555555,39.64843755555557,6.206486272148628
2.99319,-31.41435573957114,-0.1330157377801853,0.0393261718888889,39.3261718888889,6.155864899603417
2.995448,-31.373515035074472,-0.1271405039264602,0.0390039062222222,39.003906222222234,6.105243527058206
2.997704,-31.277225220241945,-0.1227762390160668,0.0386914062222222,38.691406222222234,6.056156141845865
2.999958,-31.125643374706236,-0.1197453272847954,0.0384082031111111,38.40820311111111,6.011670701178843
3.002218,-30.794676588650553,-0.1179697580867095,0.0381152344444444,38.115234444444454,5.965651290632244
3.004474,-30.50549298488761,-0.1173244004138852,0.0378222656666666,37.822265666666674,5.91963186263235
3.006733,-30.16180274858489,-0.1175753808226339,0.0375292968888889,37.529296888888894,5.8736124346324585
3.008992,-29.764391277905776,-0.1184041934317455,0.0372558594444444,37.255859444444454,5.8306609812983075
3.011257,-29.068842664400997,-0.1195083406982763,0.0369824218888889,36.9824218888889,5.787709510510863
3.013514,-28.53979846153648,-0.1206782539079786,0.0366992187777777,36.69921877777779,5.743224069843841
3.015769,-27.95938921878577,-0.1218331980888888,0.0364355468888889,36.4355468888889,5.701806586389267
3.018027,-26.994920274133698,-0.1229473218439096,0.0361621094444444,36.162109444444454,5.658855133055115
3.020289,-26.290889360464224,-0.1240028567793183,0.0359082031111111,35.90820311111112,5.618971619480119
3.022548,-25.539263318092868,-0.1249267472183712,0.0356445312222222,35.644531222222234,5.577554136025546
3.024806,-24.741298784081057,-0.1254727799854497,0.0353613281111111,35.36132811111112,5.533068695358523
3.027062,-23.460785618477857,-0.1251231442817146,0.0350976562222222,35.097656222222234,5.49165121190395
3.029323,-22.55333658048845,-0.1231446232471932,0.0348144531111111,34.81445311111111,5.447165771236927
3.031581,-21.60473267873701,-0.1186813542685416,0.0345605468888889,34.5605468888889,5.407282275115224
3.03384,-20.616858868815697,-0.1110308841710636,0.0343066406666666,34.306640666666674,5.36739877899352
3.036095,-19.064440859044304,-0.1002418525999499,0.0341308594444444,34.130859444444454,5.339787129174902
3.038358,-17.985146702903528,-0.0875044377277172,0.0339746094444444,33.974609444444454,5.315243436568732
3.040617,-16.873022903532743,-0.0746507304857975,0.0337988281111111,33.79882811111111,5.28763176929682
3.042874,-15.729483177626058,-0.0628048168007542,0.0336035156666666,33.603515666666674,5.256952162265754
3.045127,-13.959981115491606,-0.0519841668939071,0.0334375,33.4375,5.230874482326713
3.047387,-12.747640510471305,-0.0417415619355919,0.0333398437777777,33.33984377777779,5.2155346788111805
3.049645,-11.51095256238568,-0.031920012855325,0.0332324218888889,33.2324218888889,5.1986608879627765
3.051902,-10.252744704622971,-0.0226060666859045,0.0331445312222222,33.144531222222234,5.184855054326821
3.054156,-8.330090000626015,-0.013846757579932,0.0330664062222222,33.066406222222234,5.1725832080237355
3.056416,-7.027899845713048,-0.0055702958562812,0.0329589844444444,32.958984444444454,5.155709434628625
3.058671,-5.711886683124283,0.0021884866839099,0.0329101562222222,32.91015622222223,5.148039515417565
3.060927,-4.385035025880634,0.0092448785410281,0.0329101562222222,32.91015622222223,5.148039515417565
3.063184,-2.378656877665512,0.0152525480719355,0.0329199218888889,32.9199218888889,5.149573502750436
3.065446,-1.0340552219290804,0.0197649509312632,0.0329296875555555,32.92968755555557,5.151107490083307
3.067701,0.3130597079302229,0.0224788888424113,0.0329296875555555,32.92968755555557,5.151107490083307
3.069955,1.6601746377895263,0.023555022080304,0.0329296875555555,32.92968755555557,5.151107490083307
3.072211,3.676134643598097,0.0235704679754827,0.0329296875555555,32.92968755555557,5.151107490083307
3.074472,5.012882317700554,0.0233088197788126,0.0329296875555555,32.92968755555557,5.151107490083307
3.076727,6.3411476916383185,0.0236463005775294,0.0329199218888889,32.9199218888889,5.149573502750436
3.078981,7.658417491288519,0.0252807020824178,0.0329296875555555,32.92968755555557,5.151107490083307
3.081235,9.608561131004384,0.0285383618788439,0.0329296875555555,32.92968755555557,5.151107490083307
3.083494,10.887660579913469,0.0333384057641285,0.0329980468888888,32.998046888888894,5.161845349053522
3.091086,15.785403526859955,0.0328725708592837,0.0333496094444444,33.34960944444445,5.21706866614405
3.093142,16.943551658605834,0.0403927007128319,0.0334472656666666,33.44726566666667,5.232408469659584
3.095396,18.070912182346532,0.0490121202002473,0.0336328125555555,33.63281255555557,5.261554106811073
3.097654,19.164971823959178,0.0582728724513914,0.033828125,33.82812500000001,5.292233713842139
3.099926,20.223531468586255,0.0675427710211546,0.0340429687777777,34.04296877777779,5.325981295538946
3.102182,21.741234879535483,0.0764842126493364,0.03421875,34.21875000000001,5.353592945357565
3.104436,22.70319055006468,0.0853426314807752,0.0344140625555555,34.41406255555556,5.384272569841924
3.106691,23.62273471977041,0.0944930124776007,0.0346191406666666,34.619140666666674,5.41648616420586
3.108953,24.49861075159125,0.1040236818343665,0.0348925781111111,34.89257811111112,5.459437617540012
3.111212,25.726345160614137,0.1134518671870731,0.0351757812222222,35.17578122222223,5.503923058207034
3.113469,26.48488270682339,0.1218343415117337,0.0354589844444444,35.458984444444454,5.548408516327349
3.115725,27.19394016873861,0.1281228282732476,0.0357324218888889,35.7324218888889,5.591359969661501
3.117986,27.85210382966567,0.1316999312822325,0.0360253906666666,36.025390666666674,5.637379397661393
3.120241,28.740703311733547,0.1326134461824951,0.0362988281111111,36.29882811111112,5.680330850995545
3.122497,29.2656634441484,0.1314773605392896,0.0365722656666666,36.572265666666674,5.723282321782989
3.124755,29.73533154586007,0.1291719126840838,0.0368359375555555,36.83593755555557,5.764699805237563
3.127017,30.33427618526697,0.1266174519965466,0.0371191406666666,37.119140666666674,5.809185245904585
3.129272,30.661787219403703,0.1245645974087896,0.0374414062222222,37.44140622222223,5.859806600996503
3.131527,30.93117878944903,0.1233977795170779,0.0376855468888889,37.6855468888889,5.898156127238629
3.133782,31.141665497239543,0.1231844367887406,0.0379785156666666,37.97851566666668,5.944175555238521
3.136045,31.34618317898824,0.1237954384334762,0.0382421875555555,38.24218755555557,5.985593038693096
3.138302,31.40760131536592,0.12505720588577,0.0385644531111111,38.56445311111112,6.036214393785013
3.140558,31.409172111692715,0.1268702153609482,0.0388867187777777,38.88671877777779,6.086835766330224
3.142812,31.350424329070584,0.1292864989466472,0.0391699218888888,39.169921888888894,6.131321206997247
3.145072,31.14951947887352,0.1324528116220167,0.0394921875555555,39.49218755555557,6.181942579542458
3.147328,30.940760647042477,0.1365634477678125,0.0398046875555555,39.80468755555557,6.231029964754798
3.149586,30.672311554793232,0.1417950979045625,0.0401660156666666,40.166015666666674,6.287787251724905
3.151844,30.344643441023813,0.1481654484848657,0.0405078125555555,40.50781255555557,6.341476581482564
3.154106,29.74318552749405,0.1554488980495526,0.0408398437777777,40.83984377777779,6.3936319239073525
3.156364,29.270218753496103,0.1633017096463284,0.0412207031111111,41.22070311111112,6.4534571680899075
3.158621,28.740232072835507,0.1714700647682659,0.0415820312222222,41.582031222222234,6.510214455060015
3.160879,28.15448212257369,0.179797322480865,0.0420214844444444,42.021484444444454,6.5792436057865
3.16314,27.1733627368576,0.1880514903417089,0.0424316406666666,42.431640666666674,6.643670794514374
3.165396,26.452681382124094,0.1957372719949918,0.0428417968888889,42.8417968888889,6.708097983242248
3.167652,25.68016374860637,0.2021207512749798,0.04328125,43.28125000000001,6.777127116515439
3.169907,24.857223552998523,0.2063391790819337,0.0437695312222222,43.769531222222234,6.853826151546398
3.172167,23.532099771714343,0.2075151626738728,0.0442382812222222,44.238281222222234,6.92745722936491
3.174424,22.59025029416813,0.2048252871003576,0.0446972656666666,44.697265666666674,6.9995543373038425
3.176683,21.60379020094093,0.1977468118571377,0.0451953125555555,45.19531255555557,7.077787359667672
3.178939,20.57460444762491,0.1863380791953029,0.0455859375555555,45.58593755555557,7.139146591183097
3.181201,18.9549563550667,0.171372608408045,0.0459277344444444,45.927734444444454,7.192835920940756
3.183456,17.827595831326,0.1542853613264947,0.0462597656666666,46.259765666666674,7.244991263365545
3.185713,16.66489239023242,0.136522971500255,0.0466113281111111,46.61132811111112,7.300214563002782
3.187971,15.468573907745425,0.1189997234689732,0.0469628906666666,46.962890666666674,7.3554378800933105
3.190234,13.616605038454242,0.1019165524622879,0.0472949218888889,47.294921888888894,7.4075932225181
3.192488,12.347244526771284,0.085197641845165,0.0474804687777777,47.48046877777779,7.436738859669589
3.194744,11.05290835349229,0.0688717725998721,0.04765625,47.65625000000001,7.464350509488207
3.196999,9.735952713107448,0.0532905272860294,0.0478417968888889,47.8417968888889,7.493496146639696
3.199261,7.723919698115867,0.0389345977739153,0.0479980468888889,47.9980468888889,7.518039839245867
3.20152,6.36235344205005,0.0262769122471884,0.0481542968888889,48.1542968888889,7.542583531852037
3.209692,0.8088030286666923,0.0169689682877793,0.0481640625555555,48.16406255555557,7.5441175191849075
3.21175,-0.5921902152016761,0.0086266862240805,0.0481542968888889,48.1542968888889,7.542583531852037
3.214008,-2.692344904126453,0.0025938218347279,0.0481542968888889,48.1542968888889,7.542583531852037
3.216281,-4.087212042320321,-0.0020454515960512,0.0481347656666666,48.134765666666674,7.539515574639588
3.218534,-5.474696437778253,-0.0066582627925785,0.0481542968888889,48.1542968888889,7.542583531852037
3.220789,-6.851970657112019,-0.0127086747529245,0.0481738281111111,48.17382811111111,7.545651489064484
3.223045,-8.89259216525127,-0.0214146890693246,0.0481640625555555,48.16406255555557,7.5441175191849075
3.225306,-10.232324352374636,-0.0333268211738517,0.0481347656666666,48.134765666666674,7.539515574639588
3.227563,-11.552107426147709,-0.0482886442166857,0.0479199218888889,47.9199218888889,7.505767992942781
3.229818,-12.849428112447614,-0.0655993228006997,0.0476953125555555,47.69531255555556,7.470486441366396
3.232074,-14.747578393746569,-0.0843012511974512,0.0475097656666666,47.50976566666667,7.441340804214907
3.234336,-15.977197758361612,-0.1034568357229175,0.0473242187777777,47.32421877777779,7.412195167063418
3.236594,-17.17524411680808,-0.1221832531271421,0.0470703125555555,47.07031255555557,7.372311670941715
3.238854,-18.339361274595777,-0.1395816180802127,0.046640625,46.64062500000001,7.3048165075481
3.24111,-20.01650051271469,-0.1547892110913202,0.0462402344444444,46.24023444444446,7.241923306153097
3.243369,-21.085113253833256,-0.1675421562400771,0.0458984375555555,45.89843755555557,7.188233976395439
3.245627,-22.1117857330264,-0.1783612663534315,0.045546875,45.54687500000001,7.133010659304908
3.247885,-23.093847596538573,-0.1880186148374757,0.0451953125555555,45.19531255555557,7.077787359667672
3.250142,-24.47976119566971,-0.1967663856928693,0.0446972656666666,44.697265666666674,6.9995543373038425
3.252402,-25.342442538345463,-0.2041080803689651,0.0441992187777777,44.19921877777779,6.9213213149400135
3.254657,-26.154073000400388,-0.2089912770476346,0.0437011718888889,43.701171888888894,6.8430882925761845
3.256914,-26.912924705875003,-0.2103200336684564,0.0432226562222222,43.222656222222234,6.767923227424803
3.259172,-27.9483936444982,-0.2074885038824284,0.042734375,42.73437500000001,6.691224192393843
3.261435,-28.568072795418782,-0.2007296051027948,0.0423339844444444,42.333984444444454,6.62833099099884
3.263693,-29.12978956188064,-0.1909720429037918,0.0419238281111111,41.92382811111111,6.563903784817674
3.265948,-29.63213022718965,-0.1795176932829544,0.0415234375555555,41.52343755555556,6.501010583422671
3.268203,-30.272072650725892,-0.1677855973403927,0.0411621094444444,41.162109444444454,6.444253296452564
3.270466,-30.621417753805076,-0.1569790941061438,0.0407617187777777,40.76171877777779,6.381360077604268
3.272723,-30.908088083445143,-0.1477764886552577,0.0404101562222222,40.41015622222223,6.326136760513738
3.27498,-31.13145532111538,-0.1401942076240519,0.0400585937777777,40.05859377777779,6.270913460876502
3.277234,-31.34634025862092,-0.1338823619809765,0.0397460937777777,39.74609377777779,6.22182607566416
3.279493,-31.40885795242736,-0.1283955883476761,0.0394140625555555,39.41406255555557,6.169670733239372
3.281749,-31.406658837569847,-0.1233925325727822,0.0390917968888889,39.0917968888889,6.119049360694161
3.284008,-31.28178052958965,-0.1187543248196227,0.0387890625555555,38.78906255555557,6.071495962814692
3.286265,-31.117475233806903,-0.1146661598011151,0.0384863281111111,38.48632811111111,6.023942547481928
3.288527,-30.888610208992887,-0.1115619191928018,0.038203125,38.20312500000001,5.979457106814905
3.290782,-30.59549961441296,-0.109901986937742,0.0379199218888888,37.919921888888894,5.934971666147884
3.293038,-30.036924440604693,-0.1098205709576566,0.0376171875555555,37.61718755555557,5.887418268268415
3.295296,-29.58594881518188,-0.1109518895261566,0.0373535156666666,37.35351566666667,5.84600078481384
3.297558,-29.073240894116022,-0.1126648487066065,0.0370703125555555,37.07031255555557,5.801515344146819
3.299815,-28.499586075570527,-0.1145514811582771,0.0367773437777777,36.77734377777779,5.755495916146926
3.302073,-27.527577308549848,-0.116676057189629,0.0365234375555555,36.52343755555557,5.715612420025223
3.304329,-26.806895953816348,-0.1192718224060196,0.0362597656666666,36.259765666666674,5.6741949365706486
3.30659,-26.02998009058359,-0.122417693209712,0.0359863281111111,35.98632811111112,5.631243465783204
3.308847,-25.198086355913016,-0.1258935173226593,0.0357226562222222,35.72265622222223,5.58982598232863
3.311103,-23.850814346421032,-0.1291474947507896,0.0354394531111111,35.43945311111111,5.545340541661608
3.31336,-22.889329914789876,-0.1312667381802651,0.0351757812222222,35.17578122222223,5.503923058207034
3.315621,-21.878993717395396,-0.1312281009905573,0.0349023437777777,34.90234377777779,5.460971604872882
3.31788,-20.82216194872779,-0.1282028192744481,0.0347070312222222,34.70703122222223,5.430291980388524
3.320137,-19.15460456820233,-0.1217047835409957,0.0345117187777777,34.51171877777778,5.399612373357457
3.327706,-14.918795193367211,-0.108063447693389,0.0339257812222222,33.92578122222223,5.307573517357672
3.329776,-13.631370523926114,-0.0953925814031023,0.0337597656666666,33.759765666666674,5.281495854871924
3.332033,-11.645569807592006,-0.0805522846992749,0.033671875,33.67187500000001,5.2676900212359685
3.334289,-10.28950133866997,-0.0647210097185708,0.03359375,33.59375,5.255418174932883
3.336547,-8.91065632300941,-0.0489422882882483,0.0335058594444444,33.505859444444454,5.241612358750221
3.338807,-7.512333432896593,-0.0341955454191753,0.0334179687777777,33.41796877777779,5.227806525114265
3.341061,-5.384375648987547,-0.0211329903575764,0.0333496094444444,33.34960944444445,5.21706866614405
3.343315,-3.949924443358447,-0.01020797119065,0.0333496094444444,33.34960944444445,5.21706866614405
3.345571,-2.506205539401258,-0.0020739154638043,0.033359375,33.35937500000001,5.218602636023628
3.347834,-1.0562034501368884,0.0025945654273646,0.033359375,33.35937500000001,5.218602636023628
3.350089,1.1232764532910309,0.0036166246061405,0.033359375,33.35937500000001,5.218602636023628
3.352344,2.574692259249515,0.0015944747005211,0.0333789062222222,33.378906222222234,5.221670593236077
3.354597,4.021395676227615,-0.0022042959907998,0.0333691406666666,33.369140666666674,5.220136623356498
3.356859,5.460088031939061,-0.0060981913459099,0.0333496094444444,33.34960944444445,5.21706866614405
3.359116,7.596999354910838,-0.0082186285848208,0.0333496094444444,33.34960944444445,5.21706866614405
3.361372,9.002547908126912,-0.00709844583096,0.0333496094444444,33.34960944444445,5.21706866614405
3.363627,10.389561064686806,-0.0020061629045701,0.0333886718888888,33.388671888888894,5.223204580568947
3.365885,11.754740152304253,0.006931326232657,0.0334863281111111,33.48632811111111,5.23854438408448
3.368142,13.75546343374291,0.0188142933373606,0.03359375,33.59375,5.255418174932883
3.370401,15.053569518206212,0.0323337226702162,0.0336914062222222,33.69140622222223,5.270757978448417
3.372656,16.3196313576029,0.046310775085803,0.0337890625555555,33.78906255555557,5.286097799417243
3.374916,17.551292757442777,0.0601102314377648,0.0339550781111111,33.95507811111111,5.31217546190299
3.37717,19.32754924378245,0.0733366962061518,0.0341503906666666,34.150390666666674,5.34285508638735
3.379427,20.46040755466693,0.0857055997504154,0.0343652344444444,34.365234444444454,5.376602668084157
3.381685,21.54959772766651,0.0970698422943078,0.0345507812222222,34.55078122222223,5.4057482877823535
3.383944,22.59229232939296,0.1075592632653389,0.0347265625555555,34.72656255555557,5.433359955054264
3.3862,24.06444264686514,0.1173002663429454,0.0349414062222222,34.94140622222223,5.467107519297779
3.388456,24.98131646281532,0.126187737840914,0.0352441406666666,35.244140666666674,5.514660934630541
3.390714,25.844154885123757,0.1338406402698558,0.0355371094444444,35.53710944444446,5.560680362630435
3.392976,26.650915878565616,0.1396285897153952,0.0358105468888888,35.810546888888894,5.603631815964586
3.395232,27.75188702401616,0.1428728826369963,0.0360839844444444,36.083984444444454,5.64658328675203
3.397488,28.410679003473938,0.1434118672007805,0.0363769531111111,36.37695311111111,5.692602697298629
3.399744,29.00742452802332,0.1418258687770206,0.036640625,36.640625,5.734020180753204
3.402006,29.78324083382732,0.1390466164168244,0.0369140625555555,36.91406255555557,5.776971651540649
3.404264,30.21929389414558,0.1358461459421865,0.0372070312222222,37.207031222222234,5.822991062087247
3.406521,30.58890226984042,0.1328079638994651,0.0374609375555555,37.46093755555557,5.862874575662245
3.408778,30.89128056274844,0.1306108124990621,0.0377636718888889,37.7636718888889,5.910427973541714
3.411039,31.21722080055838,0.1299093214800521,0.0380566406666666,38.05664066666667,5.956447401541606
3.413295,31.348539373478435,0.1309412481398396,0.0383398437777777,38.33984377777779,6.000932842208629
3.415553,31.410585828386832,0.133509057407578,0.0386425781111111,38.64257811111112,6.048486240088098
3.417809,31.403046006018215,0.1374623785349922,0.0389648437777777,38.96484377777779,6.0991076126333095
3.420067,31.261360177341317,0.1429971616536295,0.0392675781111111,39.26757811111112,6.146661010512779
3.422321,31.080090281229182,0.150519038944941,0.0395703125555555,39.57031255555556,6.1942144258455425
3.424578,30.8295482671054,0.1604284855266685,0.0399023437777777,39.90234377777779,6.246369768270331
3.426835,30.510362453500676,0.1729801022896185,0.040234375,40.234375,6.2985251106951194
3.429092,29.904192150990525,0.1880027120653998,0.0406054687777777,40.60546877777779,6.356816384998097
3.431355,29.41630281188803,0.2045300842376123,0.0409472656666666,40.94726566666667,6.410505714755756
3.433614,28.86244002706015,0.2207048260186649,0.0413183594444444,41.318359444444454,6.468796989058734
3.435871,28.244017513201,0.234100221898254,0.0416992187777777,41.69921877777778,6.528622233241289
3.438127,27.19755300029024,0.2422016688147334,0.0421289062222222,42.12890622222223,6.596117379181611
3.445734,24.229533340811283,0.2414657680660356,0.0435839844444444,43.583984444444454,6.824680531848203
3.447792,23.25438298113701,0.2352388656025086,0.0439746094444444,43.97460944444446,6.8860397633636286
3.450048,21.69332559156824,0.2226479494595277,0.0444921875555555,44.49218755555557,6.967340742939906
3.452305,20.590155331260185,0.2052580011635166,0.0449023437777777,44.902343777777794,7.03176793166778
3.454575,19.44033242004632,0.1846924611334863,0.0452246094444444,45.22460944444446,7.08238930421299
3.456832,18.2457418135188,0.1629341027135222,0.0455273437777777,45.52734377777779,7.12994270209246
3.459089,16.376494184632875,0.1416710727099085,0.045859375,45.859375,7.182098044517248
3.461347,15.082786329884598,0.1216839143735532,0.0462109375555555,46.21093755555557,7.237321361607779
3.463611,13.753892637416117,0.102875295660505,0.0465527344444444,46.552734444444454,7.291010691365438
3.465867,12.393111779513696,0.08499894484656,0.0467285156666666,46.728515666666674,7.318622341184056
3.468123,10.299397355528775,0.0680446599981911,0.0469042968888889,46.9042968888889,7.346233991002674
3.470378,8.872485972268295,0.0522357712062028,0.0470605468888888,47.060546888888894,7.3707776836088446
3.47264,7.424840077494117,0.0378060772637098,0.0471972656666666,47.197265666666674,7.392253419002566
3.474898,5.959444184227158,0.0249278798040836,0.0473632812222222,47.363281222222234,7.418331081488315
3.477155,3.735667824383623,0.0137192727657537,0.0473535156666666,47.353515666666674,7.416797111608736
3.479412,2.2408980398056,0.0044455582879081,0.0473925781111111,47.39257811111112,7.422933026033633
3.481672,0.7401592291857553,-0.0024220442622687,0.0473339844444444,47.33398444444445,7.413729154396289
3.483929,-0.7630928555569608,-0.0065375654069303,0.0473339844444444,47.33398444444445,7.413729154396289
3.486188,-3.014829390017445,-0.0081972942456881,0.04734375,47.343750000000014,7.4152631242758655
3.488448,-4.50912793569743,-0.0085505838014748,0.0473242187777777,47.32421877777779,7.412195167063418
3.490709,-5.993530464518608,-0.0094478256188353,0.0473339844444444,47.33398444444445,7.413729154396289
3.492963,-7.465209543092747,-0.0130189365034692,0.0473730468888888,47.373046888888894,7.419865068821185
3.49522,-9.640605376071,-0.0209058009427078,0.0473730468888888,47.373046888888894,7.419865068821185
3.497478,-11.064689325943252,-0.0336680456039874,0.0471972656666666,47.197265666666674,7.392253419002566
3.499739,-12.463797614219468,-0.0505504547790177,0.04703125,47.03125000000001,7.366175739063525
3.501995,-13.834945727878733,-0.0699022024825144,0.0467871094444444,46.787109444444454,7.327826230274693
3.504255,-15.832213257398443,-0.0900295171849547,0.0466113281111111,46.61132811111112,7.300214563002782
3.506515,-17.11932376757418,-0.1096423170525274,0.0464257812222222,46.425781222222234,7.271068925851293
3.508778,-18.367478528845407,-0.1278885024231772,0.046015625,46.01562500000001,7.206641737123419
3.511034,-20.159757137718383,-0.1441348292865297,0.0456738281111111,45.67382811111111,7.15295240736576
3.513289,-21.297484917215925,-0.158069580279674,0.0452929687777777,45.29296877777778,7.093127163183205
3.515547,-22.38620385131747,-0.1698079530267867,0.0449511718888889,44.9511718888889,7.039437833425546
3.517811,-23.423400665900143,-0.1798187416717552,0.0446289062222222,44.62890622222223,6.988816460880335
3.520068,-24.877172666348816,-0.1883866780596626,0.044140625,44.140625,6.912117425849376
3.522322,-25.77472568747942,-0.1951510951075551,0.0436621094444444,43.66210944444446,6.836952378151288
3.524578,-26.61243136855914,-0.1991473644574647,0.0431835937777777,43.18359377777779,6.761787312999906
3.526839,-27.388561833628497,-0.1994596904137423,0.0427148437777777,42.71484377777778,6.6881562351813955
3.529098,-28.432513072416384,-0.1958974590490817,0.0422460937777777,42.24609377777779,6.614525157362885
3.531356,-29.046066117662473,-0.1892111085942149,0.0418164062222222,41.816406222222234,6.547029993969271
3.533612,-29.59160368195834,-0.1808556477352826,0.0414746094444444,41.47460944444445,6.493340681664904
3.535872,-30.068026207875235,-0.1726849922500667,0.0411035156666666,41.103515666666674,6.435049407361926
3.538127,-30.6503204062181,-0.166591753030611,0.0407324218888889,40.7324218888889,6.376758133058949
3.540385,-30.948614628676452,-0.1639114845764861,0.0403613281111111,40.36132811111111,6.318466858755971
3.542641,-31.1741809812042,-0.1651874253089775,0.0400195312222222,40.019531222222234,6.264777528998312
3.544901,-31.326234065637944,-0.1703106605939708,0.0396972656666666,39.697265666666674,6.214156173906394
3.547159,-31.415769456265256,-0.1786760939085273,0.0393945312222222,39.39453122222223,6.166602758573632
3.549417,-31.382782733402564,-0.1888015761844585,0.0390527344444444,39.052734444444454,6.112913446269265
3.551673,-31.27534026464979,-0.1980312211099609,0.0387402344444444,38.740234444444454,6.063826061056925
3.561436,-29.63495766057788,-0.21779044900269,0.0375097656666666,37.50976566666667,5.87054447742001
3.563694,-29.090990892608808,-0.2168430957710198,0.0372265625555555,37.22656255555557,5.826059036752989
3.571284,-26.23339821490353,-0.2190199241524612,0.0363085937777777,36.30859377777778,5.681864838328415
3.573293,-25.3567367849193,-0.2062182563152371,0.0360644531111111,36.06445311111111,5.643515312086289
3.575563,-24.418814298190068,-0.1909684413272448,0.0358007812222222,35.80078122222223,5.602097828631716
3.577821,-23.421829869573344,-0.174660506068894,0.0355175781111111,35.51757811111111,5.557612387964693
3.580078,-21.821188412569345,-0.158020139872534,0.0352539062222222,35.25390622222223,5.51619490451012
3.582332,-20.68707346462343,-0.1410204579709553,0.035,35.0,5.4763114083884155
3.584595,-19.502693034220076,-0.1235856078311409,0.0348242187777777,34.82421877777779,5.448699758569798
3.586854,-18.2710316343802,-0.106126924491578,0.0346777344444444,34.677734444444454,5.425690053296498
3.589112,-16.34052294874927,-0.08941855414218,0.0345019531111111,34.50195311111111,5.3980783860245865
3.591367,-15.00267571721806,-0.0741767120803083,0.0343066406666666,34.306640666666674,5.36739877899352
3.593627,-13.628071851639843,-0.0606793515665353,0.034140625,34.140625,5.341321099054479
3.595882,-12.21985294466822,-0.0488478651013981,0.0340722656666666,34.072265666666674,5.330583240084264
3.598138,-10.051682774793225,-0.0382885149285293,0.0339746094444444,33.974609444444454,5.315243436568732
3.600394,-8.574191749809945,-0.0284608379446478,0.0338867187777777,33.88671877777778,5.301437602932776
3.602831,-7.075494974414933,-0.0184733182183058,0.0337890625555555,33.78906255555557,5.286097799417243
3.605086,-4.794541628276064,-0.0089137001539961,0.03375,33.75,5.279961867539053
3.607341,-3.2575174225072567,5.114541736515876e-05,0.0337597656666666,33.759765666666674,5.281495854871924
3.609598,-1.7121679962064371,0.0072590904944622,0.0337792968888888,33.779296888888894,5.2845638120843725
3.611872,-0.1616349420271948,0.0115743971002428,0.0337597656666666,33.759765666666674,5.281495854871924
3.614126,2.165028577221406,0.0126016650145986,0.0337597656666666,33.759765666666674,5.281495854871924
3.61638,3.711163401685623,0.0110009873253736,0.0337792968888888,33.779296888888894,5.2845638120843725
3.618635,5.249130085250506,0.0082036680305466,0.0337890625555555,33.78906255555557,5.286097799417243
3.620896,6.775001637099069,0.00614843821686,0.0337695312222222,33.76953122222223,5.283029824751502
3.623153,9.032707197601374,0.0069026483345726,0.0337597656666666,33.759765666666674,5.281495854871924
3.625408,10.51176901891145,0.0118286728222097,0.0338183594444444,33.818359444444454,5.290699743962562
3.627665,11.966012258258164,0.0209594240951503,0.0339355468888889,33.935546888888894,5.309107504690543
3.629923,13.391038685926494,0.0330247976542463,0.0340527344444444,34.05273444444445,5.327515282871817
3.632185,15.46747435031667,0.0462782550560627,0.0341308594444444,34.130859444444454,5.339787129174902
3.63444,16.805635741113242,0.0593717845501042,0.0342480468888889,34.2480468888889,5.358194889902883
3.636695,18.102956427413147,0.0716230869399047,0.0344335937777777,34.43359377777779,5.387340527054372
3.638952,19.35629481656279,0.0825740210942439,0.0346484375555555,34.64843755555557,5.42108810875118
3.641216,21.14653139021094,0.0920335569958468,0.03484375,34.84375000000001,5.451767715782245
3.643472,22.276091028809148,0.1004114288160406,0.0350097656666666,35.009765666666674,5.477845395721286
3.645727,23.350829875602216,0.1085620689239206,0.0352050781111111,35.20507811111111,5.508525002752353
3.647982,24.36823465646727,0.1169214594255651,0.0354589844444444,35.458984444444454,5.548408516327349
3.650246,25.78116595241928,0.1251128072419292,0.0357519531111111,35.75195311111111,5.594427926873949
3.652503,26.64400437472772,0.132193722168856,0.0360449218888888,36.044921888888894,5.640447354873841
3.65476,27.44086935131077,0.1373069203955421,0.0362988281111111,36.29882811111112,5.680330850995545
3.657015,28.50838253500058,0.1399610203421536,0.0365722656666666,36.572265666666674,5.723282321782989
3.659274,29.131988676738153,0.1402735364266474,0.036875,36.87500000000001,5.7708357196624585
3.661529,29.683024028177805,0.1391018400925367,0.0371484375555555,37.14843755555557,5.813787190449903
3.663786,30.160231952258098,0.1378274633546602,0.0374316406666666,37.431640666666674,5.858272631116925
3.666043,30.734515089334305,0.1377668245993682,0.0376953125555555,37.69531255555556,5.8996901145714995
3.668304,31.021656657872416,0.1396914095077768,0.0380078125555555,38.00781255555557,5.94877749978384
3.670561,31.231200887866855,0.1439212192829066,0.0382910156666666,38.291015666666674,5.993262940450862
3.672817,31.362362381154227,0.1505413165308283,0.03859375,38.59375,6.040816338330331
3.675073,31.41152830618291,0.1593716412686409,0.0388964844444444,38.89648444444445,6.088369753663095
3.677334,31.34555486045752,0.1697731647617261,0.0391894531111111,39.18945311111112,6.134389164209694
3.67959,31.200570359494353,0.1805978795300182,0.03953125,39.53125000000001,6.188078493967353
3.681845,30.97688896255876,0.1903040341858755,0.0398632812222222,39.86328122222223,6.240233836392142
3.68944,29.306975387543105,0.1997161742816827,0.0410351562222222,41.03515622222223,6.424311530938419
3.69151,28.70064800540028,0.2040491833065275,0.0413378906666666,41.33789066666667,6.4718649462711815
3.693767,28.02112151442881,0.2063473445705116,0.0417578125555555,41.75781255555557,6.537826122331927
3.696026,26.86847116982671,0.2072125798136801,0.0421582031111111,42.15820311111112,6.6007193237269295
3.698282,26.01395796805028,0.2071103001104909,0.0425585937777777,42.55859377777779,6.663612542575225
3.700542,25.092685922385076,0.2062219714836069,0.0429980468888889,42.9980468888889,6.732641675848418
3.702796,24.10716830695396,0.2042912558143095,0.0434375,43.43750000000001,6.801670809121609
3.705053,22.513752513053216,0.2006642670647133,0.0439160156666666,43.91601566666667,6.876835874272991
3.707309,21.378380928045864,0.1945825219269409,0.0444042968888889,44.4042968888889,6.953534909303951
3.70957,20.187874391968013,0.1855533511580577,0.0447753906666666,44.775390666666674,7.011826183606927
3.711827,18.94537449747325,0.1735160779376066,0.0451171875555555,45.11718755555556,7.065515513364587
3.714084,16.990361389144322,0.1588998913965745,0.0454199218888889,45.4199218888889,7.113068911244057
3.716342,15.631151327568697,0.1424085279706221,0.0457519531111111,45.75195311111112,7.165224253668845
3.718605,14.231257641129083,0.1245596981689596,0.0460742187777777,46.07421877777779,7.215845626214056
3.720863,12.794136081744432,0.1055814961613909,0.046328125,46.32812500000001,7.255729122335759
3.72312,10.57664290720808,0.085731462199515,0.0465332031111111,46.53320311111111,7.287942716699696
3.725375,9.062552327810478,0.0656407518948191,0.0466503906666666,46.650390666666674,7.30635049488097
3.727635,7.524742723878274,0.0461246123029056,0.0468261718888889,46.8261718888889,7.333962144699589
3.729894,5.966355688065056,0.0280545925908189,0.0469238281111111,46.92382811111111,7.349301948215122
3.732153,3.600422260646583,0.0123855918578914,0.0468945312222222,46.89453122222223,7.344700003669804
3.734408,2.0095197408687113,0.000145899659151,0.0468652344444444,46.865234444444454,7.340098076577778
3.736662,0.4126481950490193,-0.0080768491939291,0.0468847656666666,46.884765666666674,7.343166033790226
3.738923,-1.185951226730147,-0.0125909526498544,0.046875,46.875,7.341632046457355
3.741182,-3.578116952806095,-0.0146230363062871,0.046875,46.875,7.341632046457355
3.743439,-5.163364605807504,-0.0160596285392939,0.0468554687777777,46.85546877777779,7.338564089244907
3.745697,-6.735888808561876,-0.019168944797727,0.046875,46.875,7.341632046457355
3.74796,-8.291291331354183,-0.0261193133335495,0.0468847656666666,46.884765666666674,7.343166033790226
3.750216,-10.584339809209371,-0.038198977957334,0.0468164062222222,46.816406222222234,7.332428157366719
3.752473,-12.080523310481512,-0.0551725186627986,0.0465722656666666,46.572265666666674,7.294078648577885
3.754728,-13.545447964850434,-0.0753945352695755,0.0463378906666666,46.337890666666674,7.25726310966863
3.756991,-14.975972179662543,-0.0966222067261682,0.0461523437777777,46.15234377777779,7.228117472517141
3.759252,-17.04832377360305,-0.1169028113903316,0.0459472656666666,45.94726566666667,7.195903878153204
3.76151,-18.37564666974474,-0.1351735044577763,0.0456347656666666,45.634765666666674,7.1468164929408635
3.763767,-19.65553151681722,-0.1510443461448044,0.0452441406666666,45.244140666666674,7.085457261425438
3.766027,-21.47875481332806,-0.1644899855216456,0.0448828125555555,44.88281255555557,7.028699974455332
3.768284,-22.625121972622978,-0.1757971752323393,0.0445507812222222,44.550781222222234,6.97654461457725
3.770543,-23.71258426966308,-0.1854485321768109,0.0442089844444444,44.208984444444454,6.922855302272883
3.772801,-24.738157191427472,-0.1936153108718953,0.043671875,43.67187500000001,6.838486348030865
3.775061,-26.15438715966575,-0.1998442087422762,0.0432226562222222,43.222656222222234,6.767923227424803
3.777316,-27.0132985911572,-0.2032580326214085,0.042734375,42.73437500000001,6.691224192393843
3.779573,-27.80152418794288,-0.2032160720425435,0.0423046875555555,42.30468755555557,6.623729046453522
3.781832,-28.51655067589991,-0.1997064090088115,0.0418847656666666,41.884765666666674,6.5577678703927775
3.784094,-29.44771873842393,-0.1934874428906944,0.041484375,41.48437500000001,6.494874651544481
3.786352,-29.971893472675383,-0.1860836908215182,0.0411132812222222,41.11328122222223,6.436583377241504
3.788608,-30.416742992423703,-0.1793803540891797,0.0407714844444444,40.771484444444454,6.382894064937138
3.790866,-30.78116774024011,-0.1747422183529806,0.0404101562222222,40.41015622222223,6.326136760513738
3.793127,-31.17449514046956,-0.1723427220552986,0.0400488281111111,40.04882811111111,6.269379473543631
3.795383,-31.3334597287412,-0.1713317509069211,0.0397070312222222,39.70703122222223,6.215690143785972
3.797638,-31.409015032060037,-0.1704369222240216,0.0394042968888889,39.4042968888889,6.168136745906502
3.799896,-31.401003970793383,-0.1684061246920454,0.0390820312222222,39.08203122222223,6.117515373361291
3.80796,-30.534081478035276,-0.1644403470152411,0.0380175781111111,38.01757811111111,5.950311469663418
3.810018,-29.869163392903,-0.1588361652493875,0.0377539062222222,37.75390622222223,5.908893986208843
3.812277,-29.325196624933927,-0.152871832856819,0.0374804687777777,37.48046877777779,5.865942532874692
3.814532,-28.70221880172707,-0.1473291547331197,0.0371972656666666,37.197265666666674,5.82145709220767
3.816802,-28.002114878874583,-0.1424995159959659,0.0369140625555555,36.91406255555557,5.776971651540649
3.819057,-26.810665865000654,-0.1382685481619663,0.0366503906666666,36.650390666666674,5.7355541680860735
3.821314,-25.925207975586375,-0.1345632868468348,0.0363671875555555,36.36718755555557,5.691068727419053
3.82357,-24.969692569997036,-0.1312223829289741,0.0361035156666666,36.103515666666674,5.6496512439644775
3.82583,-23.94631876309016,-0.1278689642471936,0.0358496094444444,35.849609444444454,5.609767747842775
3.828087,-22.290228195750306,-0.1238832551605134,0.0355761718888889,35.576171888888894,5.566816277055331
3.830344,-21.109617676531258,-0.1186342845127158,0.0352929687777777,35.29296877777778,5.522330836388308
3.832601,-19.87120185248616,-0.1116975817350504,0.0351171875555555,35.11718755555556,5.49471918656969
3.834866,-18.57843647553396,-0.1030284331026846,0.0349414062222222,34.94140622222223,5.467107519297779
3.837126,-16.545040630497965,-0.093050001625417,0.0347753906666666,34.77539066666667,5.4410298568120306
3.839383,-15.131952254913278,-0.0823224850503799,0.0346191406666666,34.619140666666674,5.41648616420586
3.841638,-13.676766537770488,-0.0710842252333043,0.0344238281111111,34.42382811111111,5.385806539721501
3.843897,-12.184038788417295,-0.0592551299383435,0.0343457031111111,34.34570311111112,5.373534693418416
3.846154,-9.882665090030091,-0.0469360227910934,0.0342578125555555,34.25781255555557,5.359728877235754
3.848413,-8.312968320663952,-0.0345017425929316,0.0341699218888889,34.1699218888889,5.345923043599798
3.850668,-6.719866686028568,-0.0223760455314416,0.0340820312222222,34.082031222222234,5.332117209963843
3.852927,-5.1077584158389655,-0.0109676021334765,0.0340917968888888,34.091796888888894,5.333651197296713
3.855182,-2.6632851720807476,-0.001131235933837,0.0341015625555555,34.10156255555556,5.335185184629584
3.857439,-1.0227454883761573,0.0060074550375459,0.0341210937777777,34.12109377777779,5.338253141842031
3.859695,0.6212499472473816,0.0097150713925138,0.0340917968888888,34.091796888888894,5.333651197296713
3.861953,2.264302905074844,0.0101835404586162,0.0341015625555555,34.10156255555556,5.335185184629584
3.864209,4.717415528630434,0.0084178152674728,0.0341113281111111,34.11132811111111,5.336719154509161
3.866465,6.3383202582500875,0.006073530292818,0.0341210937777777,34.12109377777779,5.338253141842031
3.868722,7.942731626438395,0.005326970685551,0.0341015625555555,34.10156255555556,5.335185184629584
3.870984,9.52625140348033,0.0081915240627696,0.0341210937777777,34.12109377777779,5.338253141842031
3.87324,11.851658285667495,0.0154948932245984,0.0342382812222222,34.23828122222223,5.356660902570013
3.875498,13.362921431676869,0.026511139178401,0.0343554687777777,34.35546877777779,5.375068680751287
3.877755,14.838213341802632,0.0396686795420569,0.0344433594444444,34.443359444444454,5.3888745143872425
3.880015,16.974182186978332,0.0535540951071644,0.0345507812222222,34.55078122222223,5.4057482877823535
3.88227,18.340617911657212,0.0672009721841242,0.0347265625555555,34.72656255555557,5.433359955054264
3.884526,19.657416472409377,0.0799549004287816,0.0349316406666666,34.931640666666674,5.465573549418201
3.886784,20.919865480254433,0.0914034988960228,0.0351367187777777,35.13671877777779,5.497787143782138
3.889045,22.705232585289515,0.1017069993929302,0.0352929687777777,35.29296877777778,5.522330836388308
3.891299,23.817827623558337,0.1114307942427371,0.0354785156666666,35.47851566666667,5.551476473539797
3.893555,24.86492045499982,0.120896437564372,0.03578125,35.78125000000001,5.599029871419266
3.895814,25.84289824806232,0.1297082366347319,0.0360742187777777,36.07421877777779,5.64504929941916
3.898075,27.17524769244975,0.1370803265861613,0.0363378906666666,36.337890666666674,5.686466782873733
3.90033,27.96975647454261,0.1424139475600314,0.0366113281111111,36.61132811111112,5.729418236207885
3.902586,28.68635375882644,0.1456805296895193,0.0369042968888888,36.904296888888894,5.775437664207778
3.90484,29.323311669341773,0.1474382846277401,0.0371972656666666,37.197265666666674,5.82145709220767
3.907101,30.124731955272527,0.1487456250781201,0.0374804687777777,37.48046877777779,5.865942532874692
3.909357,30.554187671018255,0.1509685489299791,0.037734375,37.734375,5.905826028996395
3.911613,30.898192066586336,0.1552458452190395,0.0380273437777777,38.02734377777779,5.9518454569962875
3.913868,31.155645584548022,0.1619925448197183,0.0383300781111111,38.33007811111111,5.999398854875758
3.916127,31.377756185156816,0.1705524096685421,0.0386328125555555,38.63281255555557,6.046952270208521
3.918383,31.415769456265256,0.1792699777422546,0.0389355468888888,38.935546888888894,6.094505668087991
3.925954,30.852953132374644,0.192620246408339,0.0400195312222222,40.019531222222234,6.264777528998312
3.92801,30.283382384278816,0.1969511889754058,0.0403417968888889,40.3417968888889,6.3153989015435235
3.930279,29.796121363707037,0.1996552692231005,0.0406738281111111,40.67382811111111,6.3675542439683115
3.932535,29.224194421121016,0.2014805310439747,0.0410351562222222,41.03515622222223,6.424311530938419
3.93479,28.569486512112903,0.2033112175855174,0.0413964844444444,41.39648444444446,6.481068835361819
3.937046,27.435371564166985,0.2055043946992825,0.041796875,41.79687500000001,6.543962036756822
3.939307,26.581015442023244,0.2078556613561431,0.0422070312222222,42.207031222222234,6.608389225484696
3.941562,25.650789857295305,0.2097353179963133,0.0426171875555555,42.61718755555557,6.672816431665863
3.943818,24.647208084106044,0.2102304885063488,0.0430371094444444,43.037109444444454,6.738777607726607
3.946074,23.01043831158576,0.2081377694581932,0.0434667968888888,43.466796888888894,6.806272753666929
3.948335,21.8361109776739,0.2023236029307456,0.0439746094444444,43.97460944444446,6.8860397633636286
3.950591,20.598637631424875,0.1923445569779901,0.0443554687777777,44.35546877777779,6.945865007546184
3.952847,19.30194526365569,0.178676305488792,0.0446679687777777,44.66796877777779,6.994952392758524
3.955101,17.253941012780505,0.1623669341378154,0.0449414062222222,44.94140622222223,7.037903846092676
3.957357,15.824830514662509,0.1444506807955311,0.0452929687777777,45.29296877777778,7.093127163183205
3.959622,14.3498527638021,0.1255801374231697,0.0456542968888889,45.654296888888894,7.149884450153312
3.961881,12.833405989914306,0.1060965058167599,0.0458691406666666,45.869140666666674,7.183632031850119
3.964137,10.489306631438282,0.0862472938523543,0.0460253906666666,46.025390666666674,7.208175724456289
3.966392,8.887251457740167,0.0665337761344288,0.0461621094444444,46.162109444444454,7.229651459850012
3.968653,7.258806905751897,0.0475591296800908,0.0463183594444444,46.31835944444445,7.254195152456182
3.970912,5.608842444086537,0.0298509069164537,0.0464355468888889,46.4355468888889,7.272602913184164
3.973169,3.1038935417467157,0.0139073715643706,0.0464160156666666,46.416015666666674,7.269534955971715
3.975424,1.4204711183206251,0.0003700797724621,0.0463769531111111,46.37695311111112,7.263399024093526
3.977686,-0.2675066144531709,-0.0103057041940786,0.0464257812222222,46.425781222222234,7.271068925851293
3.979943,-1.955798506492326,-0.0182718151778662,0.04640625,46.40625,7.2680009686388445
3.982201,-4.477083690630814,-0.0244895381284955,0.0463867187777777,46.38671877777779,7.264933011426397
3.984456,-6.143541513727521,-0.030538145487108,0.0463671875555555,46.36718755555557,7.261865054213949
3.98672,-7.793191816127521,-0.0382619968036925,0.0464160156666666,46.416015666666674,7.269534955971715
3.988979,-9.421008049585073,-0.0491957846348984,0.0463476562222222,46.347656222222234,7.258797079548208
3.991234,-11.810817581170827,-0.0637890872757214,0.0461132812222222,46.113281222222234,7.221981540638953
3.993489,-13.363235590942224,-0.0811871154485111,0.0458984375555555,45.89843755555557,7.188233976395439
3.995751,-14.877326170339826,-0.0997949945372101,0.045703125,45.70312500000001,7.157554351911078
3.998009,-17.06717332952459,-0.1180943305231639,0.045546875,45.54687500000001,7.133010659304908
4.000267,-18.46643869743348,-0.1350975687711422,0.0451953125555555,45.19531255555557,7.077787359667672
4.002523,-19.812296990231353,-0.1501091952030339,0.0448242187777777,44.82421877777779,7.019496085364694
4.004785,-21.101292455999243,-0.1627833581135006,0.0444726562222222,44.47265622222223,6.9642727682741645
4.00704,-22.918389646835585,-0.1733873697345673,0.0441699218888889,44.1699218888889,6.916719370394695
4.009298,-24.047320966903076,-0.1826940375250529,0.0438085937777777,43.80859377777779,6.859962083424588
4.011555,-25.106508930060873,-0.1911559481126068,0.0433203125555555,43.32031255555557,6.783263048393629
4.013816,-26.09218362512467,-0.1984594087259946,0.0428613281111111,42.86132811111112,6.711165940454696
4.01607,-27.427203423267652,-0.203690242877703,0.0424121094444444,42.412109444444454,6.640602837301926
4.018328,-28.217471055278168,-0.2059916640136797,0.0419726562222222,41.972656222222234,6.571573686575441
4.020588,-28.924800641233908,-0.2049377937583786,0.0415429687777777,41.54296877777779,6.504078540635119
4.022851,-29.547464305175403,-0.2008817038609207,0.041171875,41.17187500000001,6.4457872663321405
4.025109,-30.31809698310098,-0.1950809670681148,0.0408398437777777,40.83984377777779,6.3936319239073525
4.027367,-30.720535002025834,-0.1893116415710465,0.0404882812222222,40.488281222222234,6.338408606816823
4.029625,-31.032338072894618,-0.1849763487063621,0.0401464844444444,40.146484444444454,6.284719294512457
4.031886,-31.252563717911265,-0.182329714099928,0.0397851562222222,39.78515622222223,6.2279619900890575
4.034141,-31.40932919132539,-0.1804616316280341,0.0394628906666666,39.462890666666674,6.1773406349971385
4.036397,-31.397705298507113,-0.1778446641698202,0.0391503906666666,39.150390666666674,6.128253249784798
4.04399,-30.625187664989383,-0.1716472497154309,0.0381445312222222,38.14453122222223,5.970253217724269
4.046061,-29.950059403732936,-0.1654182449493673,0.0378808594444444,37.88085944444445,5.928835751722988
4.048321,-29.38802847800572,-0.1587037489489178,0.037578125,37.57812500000001,5.881282336390225
4.050577,-28.737875878345314,-0.1527466183239451,0.0373144531111111,37.31445311111112,5.839864852935651
4.052832,-28.00180071960923,-0.1482306593960503,0.0370214844444444,37.021484444444454,5.793845442389052
4.055094,-26.740922508090964,-0.145259512525963,0.0367578125555555,36.75781255555557,5.7524279589344784
4.057351,-25.799230110177422,-0.1433140363442168,0.0364941406666666,36.49414066666667,5.711010475479903
4.059607,-24.78009745335289,-0.141398274825037,0.0362304687777777,36.23046877777779,5.66959299202533
4.061862,-23.686351971005607,-0.1383896079313852,0.0359472656666666,35.947265666666674,5.625107551358307
4.064126,-21.91245167915613,-0.1334143686848629,0.0356835937777777,35.68359377777779,5.583690067903734
4.066382,-20.64607568049408,-0.1259195028213693,0.0354199218888889,35.4199218888889,5.542272584449161
4.068638,-19.31733906765828,-0.1157351727490618,0.035234375,35.23437500000001,5.513126947297671
4.070895,-17.92954051293499,-0.1032599750372574,0.0350585937777777,35.05859377777779,5.485515297479053
4.073159,-15.747547335384198,-0.0893969089107891,0.0348925781111111,34.89257811111112,5.459437617540012
4.075416,-14.231728880027124,-0.0751267267796997,0.0347265625555555,34.72656255555557,5.433359955054264
4.077671,-12.67208520715247,-0.0610292302676081,0.0345898437777777,34.58984377777778,5.411884219660542
4.079926,-11.073642865005985,-0.0476368608508738,0.03453125,34.53125000000001,5.402680330569905
4.082188,-8.613147498714458,-0.0355797988100943,0.0344335937777777,34.43359377777779,5.387340527054372
4.084445,-6.938521534718418,-0.025140184109862,0.0343359375555555,34.33593755555557,5.372000723538839
4.0867,-5.242375661045289,-0.0157792884871523,0.0342480468888889,34.2480468888889,5.358194889902883
4.088954,-3.5294222666754536,-0.0068370748232173,0.0342480468888889,34.2480468888889,5.358194889902883
4.091216,-0.9398074423213868,0.0015921247824662,0.0342480468888889,34.2480468888889,5.358194889902883
4.093473,0.791995507969987,0.0086522845958863,0.0342578125555555,34.25781255555557,5.359728877235754
4.09573,2.522384741567245,0.013720914547811,0.0342578125555555,34.25781255555557,5.359728877235754
4.097986,4.2455483120612465,0.0169452926924768,0.0342578125555555,34.25781255555557,5.359728877235754
4.100248,6.805632165471569,0.0191327640222234,0.0342675781111111,34.26757811111111,5.361262847115331
4.102505,8.48889750926498,0.0215077108536991,0.0342675781111111,34.26757811111111,5.361262847115331
4.104761,10.146558872931635,0.025519605632849,0.0342578125555555,34.25781255555557,5.359728877235754
4.107018,12.574695834891186,0.0323544957094027,0.0343457031111111,34.34570311111112,5.373534693418416
4.109281,14.147848356176274,0.0422995842311558,0.0344628906666666,34.46289066666667,5.39194247159969
4.11154,15.677646898841829,0.0546549784245734,0.0345800781111111,34.58007811111112,5.410350232327672
4.113796,17.16032155170353,0.06837718329208,0.0346777344444444,34.677734444444454,5.425690053296498
4.116052,19.285766061489703,0.0824890234295342,0.0348632812222222,34.86328122222223,5.454835672994694
4.118311,20.629739398695417,0.0958867754723219,0.035078125,35.07812500000001,5.488583254691501
4.120568,21.911352121727376,0.1074050323817713,0.0352929687777777,35.29296877777778,5.522330836388308
4.122826,23.126206000870543,0.116649314992586,0.0354589844444444,35.458984444444454,5.548408516327349
4.125081,24.814497892909703,0.1242407910023233,0.0356933594444444,35.693359444444454,5.585224055236605
4.12734,25.845725681450553,0.1308878344908166,0.0359960937777777,35.99609377777779,5.632777453116074
4.129598,26.79778533512094,0.1364586096132459,0.0362988281111111,36.29882811111112,5.680330850995545
4.131856,27.66722110200191,0.1404181784711901,0.0365625,36.56250000000001,5.721748334450118
4.134113,28.811074987173956,0.1426553440026645,0.0368261718888889,36.8261718888889,5.763165817904692
4.136373,29.463269622059197,0.1434874693130459,0.0371289062222222,37.12890622222223,5.810719215784163
4.138628,30.024200990357656,0.1433175342976333,0.037421875,37.421875,5.8567386437840545
4.140887,30.492455375375215,0.1428646508351634,0.0376757812222222,37.675781222222234,5.896622139905759
4.143143,31.017258428157387,0.1435907242691189,0.0379882812222222,37.988281222222234,5.945709525118099
4.145402,31.247065930767484,0.1471783173999248,0.0382617187777777,38.26171877777779,5.988660995905543
4.14766,31.37979822038165,0.1545681200377847,0.0385742187777777,38.57421877777778,6.037748381117884
4.149917,31.414984058101854,0.1653589085516406,0.0388476562222222,38.84765622222223,6.0806998344520355
4.152172,31.28429380371252,0.1778857931966855,0.0391699218888888,39.169921888888894,6.131321206997247
4.154426,31.07490665335076,0.1896651683285794,0.0395019531111111,39.50195311111112,6.183476549422035
4.162516,29.276816098068643,0.2062396459565507,0.040703125,40.70312500000001,6.37215618851363
4.164573,28.593519695912864,0.2110374802290454,0.0410351562222222,41.03515622222223,6.424311530938419
4.16683,27.820216664231733,0.2132837151949914,0.0413769531111111,41.37695311111111,6.478000860696078
4.169087,26.496663679274356,0.2139128036061072,0.041796875,41.79687500000001,6.543962036756822
4.171356,25.509261108251085,0.2135023580501764,0.0422070312222222,42.207031222222234,6.608389225484696
4.173612,24.441276685663233,0.2116691852019314,0.0426171875555555,42.61718755555557,6.672816431665863
4.175867,23.295694924531716,0.2074451160049292,0.0430664062222222,43.066406222222234,6.743379534818632
4.178122,21.440270303321583,0.1997247783829571,0.0434960937777777,43.49609377777779,6.810874698212247
4.180384,20.1175027165276,0.1879601279301527,0.0438867187777777,43.886718777777794,6.872233929727672
4.182639,18.73001832106967,0.1726244631923753,0.0441894531111111,44.18945311111111,6.919787327607143
4.184894,17.28331490409157,0.1549790466558322,0.0445019531111111,44.50195311111112,6.968874712819483
4.187149,15.011158017382751,0.1363485176613074,0.0448144531111111,44.81445311111112,7.017962098031823
4.189411,13.434706823811393,0.1174530543449425,0.0451464844444444,45.146484444444454,7.070117457909905
4.191669,11.815372890518534,0.0985508290537019,0.0453125,45.31250000000001,7.096195120395652
4.193925,10.158025686117238,0.0798325590969386,0.0454492187777777,45.44921877777779,7.117670855789375
4.196181,7.611293601484672,0.0616117161282604,0.0456054687777777,45.60546877777779,7.142214548395545
4.198439,5.881846845683491,0.0441763160400068,0.0457617187777777,45.76171877777779,7.166758241001716
4.200697,4.132765135797373,0.027923820008739,0.0458007812222222,45.800781222222234,7.172894155426612
4.202953,2.369075020072063,0.0136518958879045,0.0457714844444444,45.771484444444454,7.168292228334586
4.205209,-0.2891836037629405,0.0023334368961563,0.04578125,45.78125000000001,7.169826198214164
4.207469,-2.0630838956124173,-0.0056360582576071,0.0457519531111111,45.75195311111112,7.165224253668845
4.209727,-3.830386842889355,-0.0109607768357666,0.0457519531111111,45.75195311111112,7.165224253668845
4.211985,-5.5860658973480115,-0.0153168320701666,0.0457519531111111,45.75195311111112,7.165224253668845
4.21424,-8.186519216356963,-0.0208666435537084,0.0457519531111111,45.75195311111112,7.165224253668845
4.216502,-9.889262434602632,-0.0296564319801427,0.0458007812222222,45.800781222222234,7.172894155426612
4.218757,-11.56090388557776,-0.0429877456742898,0.045625,45.62500000000001,7.145282505607993
4.221012,-13.99893686439612,-0.0608570895745793,0.0454199218888889,45.4199218888889,7.113068911244057
4.223267,-15.569733191191016,-0.0820237472099765,0.0452246094444444,45.22460944444446,7.08238930421299
4.225327,-17.090892354059193,-0.1038022704926749,0.0450292968888888,45.029296888888894,7.051709679728631
4.227587,-18.558644441816345,-0.1258945835686989,0.0446875,44.68750000000001,6.998020349970972
4.229844,-19.96654918952261,-0.1459242216550025,0.0443359375555555,44.33593755555557,6.942797050333736
4.232099,-21.957376454102462,-0.1628499290563037,0.043984375,43.98437500000001,6.887573733243205
4.23436,-23.19830555227043,-0.1764451491533637,0.0436816406666666,43.681640666666674,6.840020335363736
4.236619,-24.364150586017605,-0.1871600176863551,0.0432714844444444,43.271484444444454,6.775593146635862
4.238877,-25.45192704232307,-0.195438236454766,0.0427832031111111,42.78320311111112,6.69889409415161
4.241134,-26.92926098767367,-0.2010197524999473,0.0423242187777777,42.32421877777779,6.62679700366597
4.243394,-27.806079497290582,-0.2032436394456841,0.0419433594444444,41.943359444444454,6.5669717594834145
4.245651,-28.593048457014824,-0.2017634400262688,0.0415136718888888,41.513671888888894,6.4994765960898
4.247909,-29.28796875198889,-0.1968194262712262,0.0411035156666666,41.103515666666674,6.435049407361926
4.250167,-30.151435492828043,-0.1890246200961032,0.0407519531111111,40.75195311111112,6.379826090271397
4.252427,-30.60539563127177,-0.1794558439963741,0.0404003906666666,40.400390666666674,6.32460279063416
4.254683,-30.959924362229376,-0.1698196129964637,0.0400878906666666,40.08789066666667,6.275515405421819
4.256939,-31.21376504863943,-0.1620217739905419,0.0397363281111111,39.73632811111112,6.22029208833129
4.259195,-31.403674324548938,-0.1574403528269725,0.0394238281111111,39.42382811111112,6.171204703118949
4.261456,-31.4024176874875,-0.1564922110433735,0.0390820312222222,39.08203122222223,6.117515373361291
4.263715,-31.298588050286355,-0.158713980017884,0.0387988281111111,38.79882811111111,6.0730299326942685
4.265972,-31.092342492578187,-0.1630801822414069,0.0384863281111111,38.48632811111111,6.023942547481928
4.268227,-30.59235802175937,-0.1683858797896831,0.0381835937777777,38.18359377777779,5.976389149602458
4.270489,-30.133528414702575,-0.1734363163613964,0.0379003906666666,37.900390666666674,5.931903708935436
4.272747,-29.575581559425032,-0.1769453735906941,0.0376171875555555,37.61718755555557,5.887418268268415
4.280341,-26.392991121705897,-0.1859377436431288,0.0366894531111111,36.68945311111112,5.74169008251097
4.282399,-25.37197350928921,-0.1831268986288415,0.0364550781111111,36.45507811111111,5.704874543601715
4.284669,-24.26723245265436,-0.1773936916341892,0.036171875,36.171875,5.660389102934692
4.286927,-23.08175246482225,-0.1686346518846647,0.0359179687777777,35.91796877777779,5.62050560681299
4.289184,-21.16129687568281,-0.1570533054507319,0.035625,35.62500000000001,5.574486178813096
4.291442,-19.7920337176157,-0.1428775107112545,0.0354003906666666,35.400390666666674,5.539204627236712
4.293703,-18.35648295455784,-0.1265605654576999,0.0352441406666666,35.244140666666674,5.514660934630541
4.295962,-16.859985294020344,-0.1089770344500968,0.035078125,35.07812500000001,5.488583254691501
4.298222,-14.510859387298575,-0.0912374111311287,0.0348828125555555,34.88281255555557,5.4579036476604355
4.30048,-12.882100676044947,-0.0742288450662135,0.0347265625555555,34.72656255555557,5.433359955054264
4.302741,-11.210773384335178,-0.058304631573656,0.0346386718888888,34.638671888888894,5.419554121418309
4.304996,-9.500961582618933,-0.0436356408698615,0.0345703125555555,34.57031255555557,5.408816262448094
4.307257,-6.877574637238776,-0.0302865066993957,0.0344628906666666,34.46289066666667,5.39194247159969
4.309514,-5.098019478612837,-0.0182693985784923,0.0343945312222222,34.394531222222234,5.381204595176183
4.311774,-3.3008714011267957,-0.0076150731690859,0.0344042968888889,34.4042968888889,5.382738582509053
4.31403,-0.5846503928330605,0.0010749140390591,0.0344335937777777,34.43359377777779,5.387340527054372
4.316288,1.2304047627784425,0.0069989743147391,0.0344238281111111,34.42382811111111,5.385806539721501
4.318544,3.0424754053690353,0.010120586422049,0.0344140625555555,34.41406255555556,5.384272569841924
4.320803,4.845435429264218,0.0115824253213318,0.0344335937777777,34.43359377777779,5.387340527054372
4.32306,7.517988299673055,0.0130804121134152,0.0344335937777777,34.43359377777779,5.387340527054372
4.325317,9.27052576147812,0.016262260132728,0.0344238281111111,34.42382811111111,5.385806539721501
4.327573,10.993061013441404,0.0225143749422571,0.0344726562222222,34.47265622222223,5.393476441479268
4.329829,12.678996710990369,0.0325030030130163,0.034609375,34.60937500000001,5.41495217687299
4.332094,15.128182343728971,0.0457017100323364,0.0347265625555555,34.72656255555557,5.433359955054264
4.334352,16.698978670523864,0.0606791692865966,0.0348046875555555,34.80468755555557,5.44563180135735
4.336608,18.214168807350223,0.0762271504797853,0.0349414062222222,34.94140622222223,5.467107519297779
4.338862,19.6687262059623,0.0915505565177552,0.0351660156666666,35.166015666666674,5.502389088327456
4.341123,21.725998155165573,0.1058665678839704,0.0353808594444444,35.380859444444454,5.5361366700242645
4.343381,23.007296718932174,0.1184695133917548,0.0355371094444444,35.53710944444446,5.560680362630435
4.345636,24.21162626268582,0.1295045922414271,0.0357324218888889,35.7324218888889,5.591359969661501
4.347891,25.33458855671149,0.1396023114344085,0.0360058594444444,36.005859444444454,5.634311440448945
4.350153,26.857475595539142,0.148742826306394,0.0363183594444444,36.318359444444454,5.6833988256612855
4.35241,27.76052640381353,0.1560378397436387,0.0366015625555555,36.601562555555574,5.727884266328308
4.354667,28.56964359174558,0.1608574646656121,0.0368554687777777,36.85546877777778,5.767767762450011
4.356921,29.28215680557975,0.1633088081199155,0.0371289062222222,37.12890622222223,5.810719215784163
4.359181,30.16431602270776,0.1637479156760804,0.0374511718888889,37.4511718888889,5.861340588329374
4.361439,30.624716426091343,0.1625468361121065,0.0377246094444444,37.724609444444454,5.904292059116818
4.363695,30.981287192273783,0.1605924921692992,0.0379980468888889,37.9980468888889,5.94724351245097
4.365951,31.23230044529561,0.1593064709498827,0.0382910156666666,38.291015666666674,5.993262940450862
4.368212,31.40932919132539,0.1599139789914045,0.0385839844444444,38.583984444444454,6.039282368450754
4.370468,31.393307068792087,0.1630132518814888,0.0388964844444444,38.89648444444445,6.088369753663095
4.372723,31.270156636771368,0.1687425692346044,0.03921875,39.21875000000001,6.138991108755013
4.374978,31.040034974895914,0.1769943348354898,0.0395214844444444,39.521484444444454,6.186544524087776
4.37724,30.495754047661485,0.1873468733521825,0.03984375,39.84375000000001,6.237165879179694
4.379497,30.00173860288449,0.1991220962135531,0.0401757812222222,40.17578122222223,6.2893212216044825
4.381754,29.404835998702428,0.2116247104247711,0.0405371094444444,40.537109444444454,6.346078526027883
4.384009,28.320358214683232,0.2240431477853361,0.0408984375555555,40.89843755555557,6.40283581299799
4.386269,27.47479855196954,0.2349264605841705,0.0412695312222222,41.269531222222234,6.461127069847675
4.388525,26.534519870750113,0.241797332500668,0.0416113281111111,41.61132811111111,6.514816399605333
4.390783,25.502663763678544,0.2415782791198162,0.0420410156666666,42.041015666666674,6.582311562998948
4.398834,20.53062215047466,0.218247077843098,0.0435351562222222,43.535156222222234,6.8170106126371435
4.400906,19.09789882080503,0.2007560840970028,0.0438183594444444,43.818359444444454,6.861496070757458
4.40316,16.82558485446354,0.1768378179655623,0.0441015625555555,44.10156255555557,6.90598151142448
4.405416,15.23546773284906,0.1500949297908755,0.0444140625555555,44.41406255555557,6.955068896636821
4.407671,13.59225769538892,0.1225207117227712,0.0447167968888888,44.716796888888894,7.002622294516291
4.409934,11.901452529226892,0.0951564314528938,0.0449511718888889,44.9511718888889,7.039437833425546
4.412189,9.287804521072864,0.0689512558826061,0.045078125,45.07812500000001,7.0593795814863975
4.414446,7.503222814201183,0.0448665717042796,0.045234375,45.23437500000001,7.083923274092568
4.416701,5.691623410508628,0.0236864440526905,0.0453320312222222,45.33203122222223,7.099263077608101
4.418962,3.8592894953023817,0.0057472556876342,0.0453515625555555,45.35156255555557,7.1023310522738425
4.421221,1.086833978509389,-0.008756812193132,0.0453125,45.31250000000001,7.096195120395652
4.423475,-0.7687477223334224,-0.0197334132767531,0.0453027344444444,45.302734444444454,7.0946611505160755
4.425728,-2.62260154721676,-0.0275796009943073,0.0453417968888889,45.341796888888894,7.100797064940972
4.42799,-4.467815992302725,-0.0335040827233492,0.0453125,45.31250000000001,7.096195120395652
4.430249,-7.205399830640871,-0.0392883610137151,0.0453027344444444,45.302734444444454,7.0946611505160755
4.432507,-9.001605430330834,-0.0466123732334065,0.0453125,45.31250000000001,7.096195120395652
4.434761,-10.76670926275026,-0.0566075201003075,0.0452148437777777,45.21484377777779,7.08085531688012
4.437021,-13.342972318326572,-0.0696358401353166,0.0449707031111111,44.97070311111111,7.0425057906379935
4.439276,-15.004246513544857,-0.0851975597018409,0.0447753906666666,44.775390666666674,7.011826183606927
4.441532,-16.613213191080867,-0.1021313284476921,0.0445898437777777,44.58984377777779,6.9826805464554385
4.443791,-18.16453164342351,-0.1190938350172441,0.0443066406666666,44.306640666666674,6.938195105788417
4.446053,-20.371500482570337,-0.1348592927311494,0.0439453125555555,43.94531255555557,6.88143781881831
4.448309,-21.754586648313243,-0.1484583204356809,0.04359375,43.59375,6.8262145017277795
4.450564,-23.061489192206597,-0.1596590522190692,0.04328125,43.28125000000001,6.777127116515439
4.452821,-24.287966964168053,-0.1691348427645053,0.0429785156666666,42.978515666666674,6.72957371863597
4.455084,-25.96573452081768,-0.1776742922107286,0.0425195312222222,42.519531222222234,6.657476610697037
4.457341,-26.971201249599098,-0.1850279015514314,0.0420703125555555,42.07031255555557,6.586913507544267
4.459595,-27.881477720976736,-0.1900461287114282,0.0416601562222222,41.66015622222223,6.5224863013631005
4.461853,-28.69326526266434,-0.1917457374973654,0.0412597656666666,41.259765666666674,6.459593099968097
4.464116,-29.720251901122843,-0.1899079406793326,0.0408789062222222,40.87890622222223,6.399767838332249
4.466373,-30.273800526685363,-0.1848791797499298,0.0405175781111111,40.51757811111112,6.343010551362141
4.468629,-30.720063763127797,-0.1774575290210063,0.0401855468888888,40.185546888888894,6.290855208937353
4.470884,-31.057470814123334,-0.1690610790965433,0.03984375,39.84375000000001,6.237165879179694
4.473146,-31.356079195847048,-0.1614817250823814,0.0395214844444444,39.521484444444454,6.186544524087776
4.475401,-31.415926535897935,-0.1560717249769571,0.0391992187777777,39.19921877777779,6.135923151542565
4.477658,-31.363619018215665,-0.1531076007892001,0.0388769531111111,38.87695311111112,6.085301778997354
4.479916,-31.1994708020656,-0.1520359979951991,0.03859375,38.59375,6.040816338330331
4.482179,-30.744725265458474,-0.1520673287728156,0.03828125,38.28125,5.991728953117991
4.484437,-30.303645656894467,-0.1525697580627619,0.0379980468888889,37.9980468888889,5.94724351245097
4.486694,-29.754024022148933,-0.1531976449965468,0.0377148437777777,37.71484377777779,5.902758071783947
4.488952,-29.097902396446703,-0.1538628892887479,0.037421875,37.421875,5.8567386437840545
4.491214,-27.918234355023735,-0.1547432531858362,0.0371484375555555,37.14843755555557,5.813787190449903
4.49347,-27.005287529890545,-0.1561471071442282,0.0368652344444444,36.865234444444454,5.769301749782882
4.495727,-25.995579651026784,-0.1581434026383294,0.0366015625555555,36.601562555555574,5.727884266328308
4.497984,-24.89162399255533,-0.160123358477832,0.0363476562222222,36.347656222222234,5.688000752753311
4.500248,-23.068714855309853,-0.1607288262689311,0.0360839844444444,36.083984444444454,5.64658328675203
4.502504,-21.748303463006064,-0.1581922125741788,0.03578125,35.78125000000001,5.599029871419266
4.50476,-20.348409776566452,-0.1510720771008523,0.0355761718888889,35.576171888888894,5.566816277055331
4.507018,-18.11238120537391,-0.1388620280852847,0.0354199218888889,35.4199218888889,5.542272584449161
4.509282,-16.537972047027388,-0.1222216364648289,0.0352539062222222,35.25390622222223,5.51619490451012
4.516854,-10.590308835251196,-0.0753551710771253,0.0347949218888888,34.794921888888894,5.444097814024479
4.518912,-8.791589961438358,-0.0563037372406802,0.0347460937777777,34.74609377777779,5.436427912266712
4.521169,-6.034371169015276,-0.0371883810407557,0.0346386718888888,34.638671888888894,5.419554121418309
4.523438,-4.166066017925425,-0.0196186207095562,0.0345605468888889,34.5605468888889,5.407282275115224
4.525693,-2.2823670628329853,-0.0039564042666982,0.0345800781111111,34.58007811111112,5.410350232327672
4.52795,-0.3900287279431728,0.0091515064837586,0.034609375,34.60937500000001,5.41495217687299
4.530209,2.451698906861475,0.0187389075616603,0.0345996094444444,34.59960944444445,5.413418206993413
4.532469,4.33681157864803,0.0245858811501329,0.0345898437777777,34.58984377777778,5.411884219660542
4.534726,6.206687526064675,0.0276792797971191,0.0345996094444444,34.59960944444445,5.413418206993413
4.536983,8.055671882334948,0.0297965683139052,0.034609375,34.60937500000001,5.41495217687299
4.53924,10.772207049894044,0.0329554823375776,0.034609375,34.60937500000001,5.41495217687299
4.541496,12.536054245252032,0.0388793257857604,0.0347070312222222,34.70703122222223,5.430291980388524
4.543757,14.255290824929046,0.0482940429818504,0.0347949218888888,34.794921888888894,5.444097814024479
4.546017,16.734949906407472,0.060674590634422,0.034921875,34.92187500000001,5.46403956208533
4.548275,18.31344313520366,0.0749239092628886,0.0350390625555555,35.03906255555557,5.482447340266606
4.550529,19.82580583864179,0.0900077001128807,0.035234375,35.23437500000001,5.513126947297671
4.55279,21.26544067214931,0.1049211380514732,0.0354589844444444,35.458984444444454,5.548408516327349
4.555049,23.277944926038938,0.1186138883598694,0.035625,35.62500000000001,5.574486178813096
4.557305,24.514789953757237,0.1306726049282686,0.0358496094444444,35.849609444444454,5.609767747842775
4.559561,25.66131419268483,0.1412712274077628,0.0361328125555555,36.13281255555556,5.654253188509797
4.561823,26.713590652004733,0.1503078541511855,0.0364453125555555,36.44531255555557,5.703340573722137
4.564082,28.107515312402523,0.157113398102868,0.0367089844444444,36.708984444444454,5.744758057176711
4.566339,28.9079931205372,0.1612834003621646,0.0369824218888889,36.9824218888889,5.787709510510863
4.568593,29.601970937715187,0.1630294462074695,0.0372753906666666,37.275390666666674,5.833728938510755
4.570853,30.186778410180928,0.1627514755870944,0.0375585937777777,37.55859377777778,5.878214379177777
4.57311,30.854366849068757,0.1609169914719883,0.0378515625555555,37.85156255555557,5.92423380717767
4.575366,31.156902221609457,0.1584717048217353,0.0381152344444444,38.115234444444454,5.965651290632244
4.57762,31.344298223396088,0.1566937663074214,0.0384082031111111,38.40820311111111,6.011670701178843
4.57988,31.415298217367216,0.1563753361973967,0.0387304687777777,38.73046877777779,6.062292073724054
4.582136,31.30298628000138,0.157511459496825,0.0390234375555555,39.02343755555557,6.108311501723947
4.584392,31.082446475719376,0.1597189834439333,0.0393554687777777,39.35546877777779,6.160466844148735
4.586647,30.746453141417952,0.1626918855963428,0.0396777344444444,39.677734444444454,6.2110882166939465
4.588907,30.295634595627813,0.1661597377638645,0.0400195312222222,40.019531222222234,6.264777528998312
4.591164,29.40782051172334,0.1698321028322034,0.0403417968888889,40.3417968888889,6.3153989015435235
4.593421,28.67802853829443,0.1735467612425218,0.0406738281111111,40.67382811111111,6.3675542439683115
4.595675,27.840794096112752,0.1772880306991874,0.0410546875555555,41.05468755555557,6.4273795056041605
4.597936,26.899415857464568,0.1809155274476872,0.0414257812222222,41.42578122222223,6.485670762453845
4.600195,25.299088559725927,0.1839321097598962,0.0418066406666666,41.806640666666674,6.545496024089692
4.602451,24.112194855199704,0.185417656615071,0.0422070312222222,42.207031222222234,6.608389225484696
4.604706,22.834509122984738,0.1840887570751501,0.0425976562222222,42.597656222222234,6.6697484570001215
4.606966,21.470900831694085,0.1785889565841711,0.0430664062222222,43.066406222222234,6.743379534818632
4.60922,19.274770487202137,0.1680980421853042,0.0434179687777777,43.41796877777778,6.798602851909162
4.611476,17.718268406981075,0.1528390631308311,0.043671875,43.67187500000001,6.838486348030865
4.613732,16.094850403238553,0.1340612885282261,0.043984375,43.98437500000001,6.887573733243205
4.615994,14.409543024220303,0.1133230227572952,0.0442871094444444,44.287109444444454,6.935127148575969
4.618255,11.781600769492442,0.0919039363257966,0.0445605468888889,44.5605468888889,6.978078601910121
4.620513,9.971729241759364,0.0707833479953427,0.0446777344444444,44.677734444444454,6.996486380091395
4.622767,8.123059044754449,0.0510676852408896,0.0447949218888888,44.794921888888894,7.014894140819376
4.625027,5.29405486019684,0.0338262956548202,0.0449609375555555,44.96093755555557,7.040971820758417
4.627282,3.3806678545279767,0.0194629185441172,0.0450390625555555,45.039062555555574,7.053243667061502
4.634877,-3.3751700673841944,0.0128887368099604,0.0450097656666666,45.009765666666674,7.048641722516183
4.636936,-5.292641143502725,0.0012166862554942,0.045,45.00000000000001,7.047107735183312
4.639209,-8.12902807079627,-0.0109528694397261,0.0450097656666666,45.009765666666674,7.048641722516183
4.641467,-9.98460977163908,-0.0253674577696887,0.0449707031111111,44.97070311111111,7.0425057906379935
4.643722,-11.802021121740776,-0.0430151592843583,0.0448632812222222,44.863281222222234,7.02563199978959
4.645978,-13.575136015426857,-0.0640883475843964,0.0446777344444444,44.677734444444454,6.996486380091395
4.648238,-16.137890222592727,-0.087600784713485,0.0444726562222222,44.47265622222223,6.9642727682741645
4.650494,-17.771204243194063,-0.1115650989981801,0.04421875,44.21875000000001,6.924389272152461
4.652753,-19.337288181008574,-0.1338760639136245,0.0438574218888889,43.8574218888889,6.867631985182355
4.65501,-21.54786985170703,-0.1529257388232855,0.0435058594444444,43.505859444444454,6.812408685545117
4.657269,-22.919803363529695,-0.1681168173695636,0.043203125,43.20312500000001,6.764855270212354
4.659525,-24.204714758847924,-0.1798028732675015,0.042890625,42.890625,6.715767885000013
4.661783,-25.397734569048644,-0.1887837881877477,0.0424511718888888,42.451171888888894,6.646738751726822
4.66404,-27.003873813196428,-0.1954529926348109,0.0420117187777777,42.01171877777778,6.577709618453629
4.666301,-27.946194529640685,-0.1996499958986441,0.0415722656666666,41.572265666666674,6.508680485180437
4.668556,-28.78185817549557,-0.2010690352892057,0.0412207031111111,41.22070311111112,6.4534571680899075
4.670815,-29.506937759944098,-0.1996127067782554,0.0408300781111111,40.83007811111111,6.392097936574482
4.673073,-30.381400075070815,-0.1952396659679937,0.0404394531111111,40.43945311111112,6.330738705059057
4.675333,-30.819023931715872,-0.1882675939263746,0.0401171875555555,40.11718755555557,6.2801173499671386
4.67759,-31.137895586055237,-0.1797568387669152,0.0398046875555555,39.80468755555557,6.231029964754798
4.679848,-31.33675840102747,-0.1712162982887738,0.0394726562222222,39.47265622222223,6.178874604876716
4.682104,-31.40822963389664,-0.1638925798959108,0.039140625,39.14062500000001,6.126719262451927
4.684366,-31.30408583743014,-0.1584656142706232,0.0388378906666666,38.837890666666674,6.079165864572458
4.686624,-31.078833644167748,-0.1552067659154497,0.0385449218888889,38.5449218888889,6.033146436572565
4.688881,-30.733101372640192,-0.1538654576487755,0.0382421875555555,38.24218755555557,5.985593038693096
4.691137,-29.99152842676032,-0.153529609350396,0.0379492187777777,37.94921877777779,5.939573610693203
4.693397,-29.35127184395872,-0.1530491188085608,0.03765625,37.65625,5.89355418269331
4.695654,-28.596504208933773,-0.1517950852873896,0.0373828125555555,37.38281255555557,5.850602729359159
4.697913,-27.73052419397175,-0.1498781100691767,0.037109375,37.10937500000001,5.807651258571714
4.70017,-26.23025662224994,-0.1476617674458559,0.0368359375555555,36.83593755555557,5.764699805237563
4.702431,-25.100696983651737,-0.1453056696980577,0.0365527344444444,36.552734444444454,5.720214364570541
4.704688,-23.8732767338942,-0.1426269815158914,0.0362890625555555,36.28906255555557,5.678796881115967
4.706946,-22.55207994342701,-0.138978951108746,0.0360351562222222,36.03515622222223,5.638913367540971
4.709203,-20.406215081392503,-0.1332027564810328,0.0357617187777777,35.76171877777779,5.5959619142068195
4.711467,-18.87421742386944,-0.1240903631361417,0.0355566406666666,35.556640666666674,5.563748319842882
4.713723,-17.267921100088977,-0.1113102018705429,0.0353808594444444,35.380859444444454,5.5361366700242645
4.715981,-15.59313805646026,-0.0957398800380355,0.0352539062222222,35.25390622222223,5.51619490451012
4.718239,-12.967866155487949,-0.0788948184596497,0.0350683594444444,35.068359444444454,5.487049284811923
4.720499,-11.15155436281501,-0.061999815854596,0.0349414062222222,34.94140622222223,5.467107519297779
4.722755,-9.291417352624494,-0.0459750485707847,0.0348925781111111,34.89257811111112,5.459437617540012
4.725012,-6.4331963563885,-0.0316802002732786,0.0348242187777777,34.82421877777779,5.448699758569798
4.727269,-4.493419972429481,-0.0196491568332263,0.0347363281111111,34.73632811111112,5.434893924933842
4.729528,-2.535893589977681,-0.0094858424510207,0.0347460937777777,34.74609377777779,5.436427912266712
4.731783,-0.5675287128709963,-0.0002626052836459,0.0347558594444444,34.755859444444454,5.437961899599583
4.73404,2.389181213055038,0.0086465920692044,0.034765625,34.765625,5.43949586947916
4.736297,4.350163347425787,0.0174844620912352,0.0347558594444444,34.755859444444454,5.437961899599583
4.738554,6.295123359263228,0.0266785684381693,0.0347460937777777,34.74609377777779,5.436427912266712
4.740814,8.216678505831426,0.0368672057916304,0.0347753906666666,34.77539066666667,5.4410298568120306
4.743069,11.035943753162906,0.048457029422304,0.0347753906666666,34.77539066666667,5.4410298568120306
4.745325,12.863408199756089,0.0614648430426929,0.0348632812222222,34.86328122222223,5.454835672994694
4.7534,19.60165320280816,0.0877743322760696,0.0353417968888888,35.341796888888894,5.530000738146075
4.75547,21.109303517265896,0.1019338927842311,0.0355273437777777,35.52734377777778,5.559146375297564
4.757726,22.53338746713815,0.1161698674461275,0.0357324218888889,35.7324218888889,5.591359969661501
4.759983,23.868564344913818,0.1288033123309774,0.0359570312222222,35.95703122222223,5.626641521237886
4.762239,25.69288719885341,0.1393286932115578,0.0362011718888889,36.2011718888889,5.664991047480012
4.764499,26.782391531118343,0.1476522250120571,0.0365039062222222,36.50390622222223,5.712544445359482
4.766758,27.765552952059274,0.153514628112483,0.036796875,36.79687500000001,5.758563873359374
4.769017,29.032086030354,0.1568103050174532,0.0370703125555555,37.07031255555557,5.801515344146819
4.771273,29.732661192104523,0.158067813337966,0.0373535156666666,37.35351566666667,5.84600078481384
4.773532,30.314484151549355,0.158175717710649,0.0376464844444444,37.64648444444445,5.8920202128137324
4.775789,30.775198714198297,0.157772635180117,0.0379394531111111,37.93945311111112,5.938039623360332
4.778046,31.23512787868384,0.1572744869478066,0.038203125,38.20312500000001,5.979457106814905
4.780301,31.385453087158112,0.1572598319735774,0.0385058594444444,38.505859444444454,6.027010522147669
4.782561,31.410114589488796,0.1584312621364894,0.0388085937777777,38.80859377777778,6.074563920027139
4.784819,31.30848406714517,0.1612483097508599,0.0391113281111111,39.11132811111111,6.122117317906609
4.787076,30.920340294794144,0.1657752007868381,0.0394238281111111,39.42382811111112,6.171204703118949
4.789332,30.50580714415297,0.1717867899894979,0.0397558594444444,39.755859444444454,6.223360062997031
4.791593,29.96843772075643,0.178752943932836,0.0401171875555555,40.11718755555557,6.2801173499671386
4.793849,29.30980282093134,0.185845545436457,0.0404394531111111,40.43945311111112,6.330738705059057
4.796104,28.101075047462665,0.1923165641684247,0.0408105468888888,40.810546888888894,6.389029979362034
4.79836,27.152314066078542,0.1977010957618963,0.0411523437777777,41.15234377777778,6.442719309119693
4.80062,26.093440262186107,0.2015564196652851,0.0415429687777777,41.54296877777779,6.504078540635119
4.802876,24.928537706235012,0.203187920358995,0.0419433594444444,41.943359444444454,6.5669717594834145
4.805134,22.993630790889057,0.2018081896129622,0.0423242187777777,42.32421877777779,6.62679700366597
4.807389,21.584783565386715,0.1967215596409887,0.0427441406666666,42.744140666666674,6.692758179726714
4.80965,20.088600064114576,0.1873844603242789,0.0431445312222222,43.14453122222223,6.755651381121718
4.811907,18.510106835318386,0.1736289075939027,0.0434082031111111,43.40820311111112,6.797068864576291
4.814162,16.00248757922301,0.1559351818808508,0.0436523437777777,43.65234377777778,6.835418390818417
4.816419,14.247279763662393,0.1352713939978768,0.0439941406666666,43.994140666666674,6.889107720576076
4.818682,12.433638324745004,0.1126298447807966,0.04421875,44.21875000000001,6.924389272152461
4.820939,10.568317686676064,0.0890475405603338,0.0443554687777777,44.35546877777779,6.945865007546184
4.823194,7.691247134518532,0.0657736002744433,0.044453125,44.453125,6.961204811061716
4.825448,5.731521637209219,0.044236971620624,0.0445898437777777,44.58984377777779,6.9826805464554385
4.82771,3.7472917172019056,0.0254731007864681,0.0445800781111111,44.58007811111112,6.9811465591225685
4.829967,1.7475109135593223,0.0100452278449763,0.0445507812222222,44.550781222222234,6.97654461457725
4.832222,-1.2652764412332893,-0.0020201595053417,0.0445507812222222,44.550781222222234,6.97654461457725
4.834477,-3.269769633856257,-0.0113351457893463,0.0445703125555555,44.57031255555556,6.979612589242991
4.836738,-5.260911057701469,-0.0193400045343501,0.0445703125555555,44.57031255555556,6.979612589242991
4.838996,-7.232103368196384,-0.0279254509222086,0.0445507812222222,44.550781222222234,6.97654461457725
4.841254,-10.131950467092445,-0.0387929736190159,0.0445410156666666,44.541015666666674,6.975010644697672
4.843509,-12.015492342552202,-0.053103660607823,0.044375,44.37500000000001,6.948932964758631
4.845766,-13.85081077077936,-0.0712750934463895,0.0441894531111111,44.18945311111111,6.919787327607143
4.848026,-16.49540346657125,-0.0928504168597697,0.043984375,43.98437500000001,6.887573733243205
4.850284,-18.17584137697643,-0.1167276947612827,0.0437207031111111,43.72070311111112,6.846156249788632
4.852544,-19.78260893965493,-0.1416222816337047,0.0434179687777777,43.41796877777778,6.798602851909162
4.8548,-21.307695093340097,-0.1661557281059433,0.0430859375555555,43.08593755555557,6.746447509484374
4.85706,-23.429998010472676,-0.189151568104854,0.0427832031111111,42.78320311111112,6.69889409415161
4.859316,-24.726376218976508,-0.2096895077239092,0.0424414062222222,42.44140622222223,6.645204764393951
4.861575,-25.92033850697331,-0.2267007541221491,0.0419726562222222,41.972656222222234,6.571573686575441
4.863831,-27.007800804013417,-0.238126254246293,0.0415429687777777,41.54296877777779,6.504078540635119
4.871421,-30.20452840867371,-0.2598168010734262,0.0402929687777777,40.29296877777779,6.307728999785756
4.873479,-30.698386773818022,-0.2545698535118392,0.0399902344444444,39.990234444444454,6.260175601906287
4.875733,-31.064696477226597,-0.2431480496167118,0.0396582031111111,39.65820311111111,6.208020242028205
4.87799,-31.301886722572625,-0.2283445115211644,0.0393457031111111,39.34570311111111,6.1589328568158646
4.880261,-31.4138845006731,-0.2130767279728645,0.0390332031111111,39.03320311111111,6.109845471603524
4.882517,-31.32482034894383,-0.1991919905815485,0.0387304687777777,38.73046877777779,6.062292073724054
4.884773,-31.10538010209058,-0.1875865336501981,0.0384179687777777,38.41796877777778,6.013204688511713
4.887028,-30.533139000239203,-0.1787122037548631,0.0381445312222222,38.14453122222223,5.970253217724269
4.88929,-29.991685506393,-0.1725272170882178,0.0378515625555555,37.85156255555557,5.92423380717767
4.891547,-29.324568306403208,-0.1683870214110178,0.0375585937777777,37.55859377777778,5.878214379177777
4.893803,-28.534771913290733,-0.1653939422461907,0.0372949218888889,37.2949218888889,5.836796895723204
4.89606,-27.12671008595179,-0.162927069244712,0.0369921875555555,36.99218755555556,5.789243497843733
4.898322,-26.044588496422783,-0.1607107827758298,0.0367285156666666,36.72851566666667,5.747826014389159
4.90058,-24.852825323283497,-0.1584051912236166,0.0364746094444444,36.474609444444454,5.707942518267456
4.902836,-23.55676127404503,-0.1552291026185404,0.0362011718888889,36.2011718888889,5.664991047480012
4.905093,-21.427546853074546,-0.1500350172073463,0.0359179687777777,35.91796877777779,5.62050560681299
4.907354,-19.89350716032665,-0.1418033181309274,0.035703125,35.703125,5.586758025116182
4.909611,-18.275586943727905,-0.1301704439224648,0.0355273437777777,35.52734377777778,5.559146375297564
4.911869,-16.579755229320135,-0.1155028846671921,0.0353710937777777,35.37109377777779,5.534602682691394
4.914128,-13.90625988111522,-0.0985497112769933,0.0351855468888889,35.1855468888889,5.505457045539905
4.916389,-12.048636145047576,-0.0800188291609856,0.0350292968888888,35.029296888888894,5.480913352933735
4.918647,-10.13901905056302,-0.0606656058990103,0.0349511718888888,34.951171888888894,5.468641506630649
4.920903,-8.186362136724282,-0.041501176501601,0.0349023437777777,34.90234377777779,5.460971604872882
4.923166,-5.193052656383929,-0.0235617997848789,0.0348144531111111,34.81445311111111,5.447165771236927
4.925422,-3.16719663371655,-0.0075642521506941,0.0348144531111111,34.81445311111111,5.447165771236927
4.927678,-1.1278317626387355,0.0062927729256632,0.0348242187777777,34.82421877777779,5.448699758569798
4.929934,0.9175021344808992,0.0177720397093912,0.0348339844444444,34.833984444444454,5.450233745902668
4.932194,3.97678506054664,0.026819361795611,0.03484375,34.84375000000001,5.451767715782245
4.934453,5.997928694233633,0.0340947160291179,0.0348242187777777,34.82421877777779,5.448699758569798
4.936709,7.994410825589947,0.0409315994180652,0.0348339844444444,34.833984444444454,5.450233745902668
4.938965,9.957749154450887,0.0486390077182785,0.0348730468888889,34.8730468888889,5.456369660327565
4.941223,12.821467937830665,0.0580113534119156,0.0349707031111111,34.97070311111111,5.471709463843097
4.943487,14.664954506957155,0.0692234022379781,0.0350878906666666,35.08789066666667,5.490117242024371
4.945746,16.447337098971325,0.0818766077533812,0.0351953125555555,35.19531255555557,5.506991032872776
4.948002,18.987157679765993,0.0953121098180989,0.0353417968888888,35.341796888888894,5.530000738146075
4.950256,20.581358871830133,0.1087495612937166,0.0355371094444444,35.53710944444446,5.560680362630435
4.952517,22.08853794738984,0.1213384242413054,0.0357421875555555,35.74218755555557,5.592893956994372
4.954773,23.50115508407649,0.1324261440386668,0.0359472656666666,35.947265666666674,5.625107551358307
4.957028,25.431663769707416,0.1420932761990828,0.0361816406666666,36.181640666666674,5.661923090267563
4.959284,26.58368579577879,0.1507248424800158,0.0364746094444444,36.474609444444454,5.707942518267456
4.961547,27.62229632705558,0.1582719349615173,0.0367675781111111,36.76757811111111,5.753961928814055
4.963806,28.542940054190066,0.164388853741158,0.03703125,37.03125,5.795379412268629
4.966061,29.693548363567327,0.1693191929015745,0.0373242187777777,37.32421877777779,5.841398840268521
4.968316,30.301917780934993,0.1739475977518381,0.0376074218888888,37.607421888888894,5.885884280935544
4.970578,30.780382342076717,0.1790754293994629,0.0379296875555555,37.92968755555556,5.936505653480755
4.972834,31.12642877286963,0.1851561212086845,0.0381835937777777,38.18359377777779,5.976389149602458
4.975089,31.3939353873228,0.192540255347254,0.0384765625555555,38.47656255555557,6.022408577602351
4.977344,31.403360165283576,0.2013839385200306,0.0387988281111111,38.79882811111111,6.0730299326942685
4.979606,31.277225220241945,0.2109015568577249,0.0390917968888889,39.0917968888889,6.119049360694161
4.981862,31.015844711463274,0.2190589484041736,0.0394042968888889,39.4042968888889,6.168136745906502
4.99005,28.207732118052036,0.2237901747517559,0.0406347656666666,40.63476566666667,6.361418329543415
4.992593,27.236351669562072,0.2236992999564434,0.0410449218888889,41.0449218888889,6.42584551827129
4.99486,26.146376098399095,0.2193923488850492,0.04140625,41.40625000000001,6.482602805241396
4.997116,24.299119618088294,0.2119534476731257,0.041796875,41.79687500000001,6.543962036756822
4.999371,22.934097610103528,0.202075745803421,0.0421972656666666,42.197265666666674,6.606855255605118
