t_s,input_rad_s,v_fused_m_s,x_fused_m,x_fused_mm,accumulated_rad
0.03246,0.0,0.0,0.0,0.0,-0.0
0.05205,0.0,0.0,0.0,0.0,-0.0
0.06211,0.0,0.0,0.0,0.0,-0.0
0.07233,0.0,0.0,0.0,0.0,-0.00153588974175501
0.09176,0.0,0.0,0.0,0.0,-0.00153588974175501
0.10197,0.0,0.0,0.0,0.0,-0.0
0.11203,0.0,0.0,0.0,0.0,-0.00153588974175501
0.12225,0.0,0.0,0.0,0.0,-0.0
0.14166,0.0,0.0,0.0,0.0,-0.0
0.15191,0.0,0.0,0.0,0.0,-0.0
0.16195,0.0,0.0,0.0,0.0,-0.00153588974175501
0.17217,0.0,0.0,0.0,0.0,-0.0
0.19159,0.0,0.0,0.0,0.0,-0.0
0.20181,0.0,0.0,0.0,0.0,-0.0
0.21187,0.0,0.0,0.0,0.0,-0.0
0.22209,0.0,0.0,0.0,0.0,-0.0
0.2415,0.0,0.0,0.0,0.0,-0.00153588974175501
0.25173,0.0,0.0,0.0,0.0,-0.0
0.2622,0.0,0.0,0.0,0.0,-0.0
0.28169,0.0,0.0,0.0,0.0,-0.0
0.29192,0.0,0.0,0.0,0.0,-0.00153588974175501
0.30197,0.0,0.0,0.0,0.0,-0.0
0.32156,0.0,0.0,0.0,0.0,-0.0
0.33161,0.0,0.0,0.0,0.0,-0.0
0.34184,0.0,0.0,0.0,0.0,-0.00153588974175501
0.36125,0.0,0.0,0.0,0.0,-0.0
0.37148,0.0,0.0,0.0,0.0,-0.0
0.38153,0.0,0.0,0.0,0.0,-0.0
0.39167,0.0,0.0,0.0,0.0,-0.0
0.41126,0.0,0.0,0.0,0.0,-0.00153588974175501
0.42131,0.0,0.0,0.0,0.0,-0.0
0.43154,0.0,0.0,0.0,0.0,-0.00153588974175501
0.44159,0.0,0.0,0.0,0.0,-0.00153588974175501
0.46118,0.0,0.0,0.0,0.0,-0.0
0.47123,0.0,0.0,0.0,0.0,-0.0
0.48146,0.0,0.0,0.0,0.0,-0.0
0.49151,0.0,0.0,0.0,0.0,-0.0
0.5111,0.0,0.0,0.0,0.0,-0.0
0.52258,0.0,0.0,0.0,0.0,0.00153588974175501
0.54135,0.0,0.0,0.0,0.0,-0.0
0.55141,0.0,0.0,0.0,0.0,-0.0
0.57099,0.0,0.0,0.0,0.0,-0.0
0.58105,0.0,0.0,0.0,0.0,-0.0
0.59127,0.0,0.0,0.0,0.0,-0.0
0.60133,0.0,0.0,0.0,0.0,-0.0
0.62092,0.0,0.0,0.0,0.0,0.00153588974175501
0.63097,0.0,0.0,0.0,0.0,0.00153588974175501
0.64119,0.0,0.0,0.0,0.0,-0.0
0.65125,0.0,0.0,0.0,0.0,0.00153588974175501
0.67084,0.0,0.0,0.0,0.0,-0.0
0.68089,0.0,0.0,0.0,0.0,-0.0
0.69111,0.0,0.0,0.0,0.0,-0.0
0.70117,0.0,0.0,0.0,0.0,-0.0
0.72075,0.0,0.0,0.0,0.0,-0.0
0.73081,0.0,0.0,0.0,0.0,-0.0
0.74103,0.0,0.0,0.0,0.0,-0.0
0.75109,0.0,0.0,0.0,0.0,-0.0
0.77068,0.0,0.0,0.0,0.0,-0.0
0.78198,0.0,0.0,0.0,0.0,-0.0
0.80091,0.0,0.0,0.0,0.0,-0.00153588974175501
0.81095,0.0,0.0,0.0,0.0,-0.0
0.83053,0.0,0.0,0.0,0.0,-0.0
0.84059,0.0,0.0,0.0,0.0,-0.00153588974175501
0.85082,0.0,0.0,0.0,0.0,-0.0
0.86087,0.0,0.0,0.0,0.0,-0.0
0.88046,0.0,0.0,0.0,0.0,-0.0
0.89051,0.0,0.0,0.0,0.0,-0.0
0.90074,0.0,0.0,0.0,0.0,-0.0
0.91088,0.0,0.0,0.0,0.0,-0.0
0.93029,0.0,0.0,0.0,0.0,-0.0
0.94051,0.0,0.0,0.0,0.0,-0.0
0.95057,0.0,0.0,0.0,0.0,-0.00153588974175501
0.96079,0.0,0.0,0.0,0.0,-0.0
0.98021,0.0,0.0,0.0,0.0,-0.00153588974175501
0.99021,0.0,0.0,0.0,0.0,-0.0
1.00044,0.0,0.0,0.0,0.0,-0.00153588974175501
1.01049,0.0,0.0,0.0,0.0,-0.00153588974175501
1.03008,0.0,0.0,0.0,0.0,-0.0
1.0406,0.0,0.0,0.0,0.0,-0.00153588974175501
1.06039,0.0,0.0,0.0,0.0,-0.0
1.07998,0.0,0.0,0.0,0.0,-0.0
1.09003,0.0,0.0,0.0,0.0,-0.0
1.10026,0.0,0.0,0.0,0.0,-0.00153588974175501
1.11031,0.0,0.0,0.0,0.0,-0.00153588974175501
1.12992,0.0,0.0,0.0,0.0,-0.00153588974175501
1.13997,0.0,0.0,0.0,0.0,-0.0
1.15018,0.0,0.0,0.0,0.0,-0.0
1.16023,0.0,0.0,0.0,0.0,-0.0
1.1704,0.0,0.0,0.0,0.0,-0.0
1.18999,0.0,0.0,0.0,0.0,-0.00153588974175501
1.20004,0.0,0.0,0.0,0.0,-0.00153588974175501
1.21027,0.0,0.0,0.0,0.0,-0.0
1.22032,0.0,0.0,0.0,0.0,-0.0
1.23991,0.0,0.0,0.0,0.0,-0.00153588974175501
1.24996,0.0,0.0,0.0,0.0,-0.00153588974175501
1.26019,0.0,0.0,0.0,0.0,-0.0
1.27024,0.0,0.0,0.0,0.0,-0.0
1.28983,0.0,0.0,0.0,0.0,-0.0
1.30018,0.0,0.0,0.0,0.0,-0.0
1.31934,0.0,0.0,0.0,0.0,-0.00153588974175501
1.32956,0.0,0.0,0.0,0.0,-0.0
1.33963,0.0,0.0,0.0,0.0,-0.00307177948351002
1.34984,0.0,0.0,0.0,0.0,-0.00153588974175501
1.35989,0.0,0.0,0.0,0.0,-0.0
1.37948,0.0,0.0,0.0,0.0,-0.0
1.38953,0.0,0.0,0.0,0.0,-0.0
1.39976,0.0,0.0,0.0,0.0,-0.0
1.40981,0.0,0.0,0.0,0.0,-0.0
1.42938,0.0,0.0,0.0,0.0,-0.0
1.43961,0.0,0.0,0.0,0.0,-0.0
1.44966,0.0,0.0004913459364294427,2.962815996669508e-06,0.002962815996669508,-0.0
1.45989,0.0,0.0012315059742898575,9.336673268192823e-06,0.009336673268192822,-0.00153588974175501
1.4793,0.0,0.0017830727177647198,2.636766883200378e-05,0.026367668832003782,-0.0
1.48953,0.0,0.0,1.5820601299202268e-05,0.015820601299202267,-0.0
1.49959,0.0,-0.0001728137326470484,8.44925708926378e-06,0.00844925708926378,-0.0
1.50981,-12.676326357234815,-0.0014687251944846711,-3.936668639021838e-06,-0.003936668639021838,-0.04141666314982544
1.52922,-12.676326357234815,-0.009482466374457592,-0.0001127948045803458,-0.1127948045803458,-0.17640042749906687
1.53945,-12.676326357234815,-0.017755548135876483,-0.0001766604372062169,-0.1766604372062169,-0.24696408915719764
1.54998,-12.676326357234815,-0.020525167946574822,-0.00023567427341018897,-0.23567427341018898,-0.32059953029883836
1.56946,-12.676326357234815,-0.028227016201652307,-0.0004713219294110283,-0.4713219294110283,-0.4694063023238749
1.57968,-12.676326357234815,-0.029008703339547345,-0.0004606745265247195,-0.4606745265247195,-0.5414884004312407
1.59909,-12.676326357234815,-0.030370829065301166,-0.0012488986319915455,-1.2488986319915454,-0.6918310621980324
1.60932,-12.676326357234815,-0.03186758516057121,-0.0019405979171164911,-1.940597917116491,-0.7746643884976832
1.61939,-12.676326357234815,-0.03636761487179679,-0.002505367466005851,-2.5053674660058514,-0.857497714797334
1.6296,-12.676326357234815,-0.03534795162850794,-0.002841037617960307,-2.841037617960307,-0.94186693083874
1.64901,-12.676326357234815,-0.0339322873492858,-0.0037886902629598418,-3.788690262959842,-1.1106053629215518
1.65924,-12.676326357234815,-0.03940186759967088,-0.0045342893962867625,-4.534289396286763,-1.1995647948957027
1.66929,-12.676326357234815,-0.040369731420235075,-0.005169333525234352,-5.169333525234352,-1.2885416801623737
1.68893,-12.676326357234815,-0.038902521905081956,-0.006123607716510715,-6.1236077165107154,-1.4649595609539605
1.69915,-12.676326357234815,-0.04228061621157502,-0.006608671950844941,-6.608671950844941,-1.5585266621533764
1.70921,-12.676326357234815,-0.04394360462287806,-0.007226718460219288,-7.226718460219288,-1.6505578736110373
1.71943,-12.676326357234815,-0.045120009401957026,-0.007818345476783985,-7.818345476783985,-1.7349270896524434
1.73884,-12.676326357234815,-0.048470414597300004,-0.008972917774959205,-8.972917774959205,-1.9113449704440302
1.74907,-12.676326357234815,-0.04748634192226659,-0.009667149024109001,-9.667149024109001,-2.000304402418181
1.75913,-12.676326357234815,-0.048755105798953834,-0.01032843740684096,-10.32843740684096,-2.086209508201342
1.76935,-12.676326357234815,-0.04783090751672147,-0.010724223742770177,-10.724223742770176,-2.167506944759238
1.78876,-12.676326357234815,-0.04304875548439775,-0.01171874852965836,-11.71874852965836,-2.3255116019422846
1.79899,-12.676326357234815,-0.04717210125913511,-0.01224789042260456,-12.24789042260456,-2.4022188225674355
1.80918,-12.676326357234815,-0.044425827727262834,-0.012547452711568185,-12.547452711568186,-2.475836810416556
1.8287,-12.676326357234815,-0.04221960748836686,-0.013378085430298291,-13.378085430298292,-2.6200359132163276
1.83876,-12.676326357234815,-0.04438889553679906,-0.01364992039209272,-13.64992039209272,-2.6921354646162134
1.84898,-12.676326357234815,-0.0443008431559597,-0.014091245917867555,-14.091245917867555,-2.7611632365325893
1.85904,-10.414379646650165,-0.04754377979822252,-0.014631908082502056,-14.631908082502056,-2.8301910084489648
1.87862,-10.414379646650165,-0.04975312514636092,-0.015765616378129187,-15.765616378129188,-2.960584556865461
1.88867,-10.414379646650165,-0.0507852298072906,-0.016423469345768514,-16.423469345768513,-3.028076439040082
1.8989,-10.414379646650165,-0.05427893455932031,-0.01684511029093925,-16.84511029093925,-3.094032431472948
1.90895,-10.414379646650165,-0.0537546154059902,-0.017331006069973162,-17.331006069973164,-3.1661319828728334
1.92855,-10.414379646650165,-0.04974794033303797,-0.018409182309687036,-18.409182309687036,-3.294989641547575
1.94595,-10.414379646650165,-0.051294014369784945,-0.019243844170782495,-19.243844170782495,-3.410041745839041
1.95848,-10.414379646650165,-0.052367106706854044,-0.019840110071204446,-19.840110071204446,-3.499018631105712
1.96853,-10.414379646650165,-0.0511020146883738,-0.020344948641574136,-20.344948641574135,-3.574172508696588
1.97876,-10.414379646650165,-0.053207900255648144,-0.02093149468732947,-20.93149468732947,-3.6478079498382283
1.98882,-10.414379646650165,-0.05096514859055385,-0.02150174024546918,-21.501740245469183,-3.722979280721624
2.00841,-10.414379646650165,-0.04901916756574602,-0.022614913584926545,-22.614913584926544,-3.868696819970631
2.01845,-10.414379646650165,-0.051216050135010176,-0.023224538589837466,-23.224538589837465,-3.9530660360120367
2.02868,-10.414379646650165,-0.05141575944270642,-0.023597378038230046,-23.597378038230048,-4.035899362311688
2.03873,-10.414379646650165,-0.05344999365792742,-0.024083688006308095,-24.083688006308094,-4.120268578353094
2.05832,-10.414379646650165,-0.054816190861423836,-0.02519530778288578,-25.19530778288578,-4.290542900177661
2.06847,-10.414379646650165,-0.05586213667847596,-0.025786147747791525,-25.786147747791524,-4.374912116219066
2.07851,-10.414379646650165,-0.05771106111063949,-0.026148102746493554,-26.148102746493553,-4.466943327676727
2.08874,-10.414379646650165,-0.05706503091189915,-0.02665169781683817,-26.65169781683817,-4.5589919924269084
2.10815,-10.414379646650165,-0.05451583983894537,-0.027703740749607568,-27.70374074960757,-4.735392419925975
2.11838,-10.414379646650165,-0.05629404154229433,-0.0283294162090081,-28.329416209008098,-4.828976974417911
2.12844,-10.414379646650165,-0.057267747868165124,-0.028881755424017545,-28.881755424017545,-4.916400516650308
2.13866,-10.414379646650165,-0.058774252769469036,-0.029572186633729625,-29.572186633729626,-5.009985071142243
2.15807,-10.414379646650165,-0.061699704523738415,-0.030516742444886093,-30.51674244488609,-5.18025939296681
2.16829,-10.414379646650165,-0.06083258447258798,-0.03100779713681301,-31.00779713681301,-5.26616449874997
2.17835,-10.414379646650165,-0.061478418594768915,-0.03152846547259368,-31.528465472593677,-5.350516261498857
2.18853,4.41393767829366,-0.04737152122077533,-0.03175912799104055,-31.759127991040554,-5.3658577056238865
2.20847,4.41393767829366,-0.03466662127992998,-0.03244166532906721,-32.44166532906721,-5.367393595365642
2.22806,4.41393767829366,-0.028320841046509004,-0.03334158872337946,-33.34158872337946,-5.3658577056238865
2.23812,4.41393767829366,-0.024765765632189546,-0.03369814575566203,-33.69814575566203,-5.364339269174652
2.24834,4.41393767829366,-0.023129840348504897,-0.03416497135923259,-34.16497135923259,-5.364339269174652
2.25839,4.41393767829366,-0.020356699931687046,-0.03423057641754106,-34.230576417541066,-5.3658577056238865
2.27799,4.41393767829366,-0.017759967359206895,-0.034509581429329056,-34.50958142932905,-5.3658577056238865
2.28804,4.41393767829366,-0.016818604793536515,-0.034485796682846216,-34.485796682846214,-5.3658577056238865
2.29826,4.41393767829366,-0.015619660247641618,-0.034465889404690024,-34.465889404690024,-5.364339269174652
2.30832,-6.53451271946677,-0.014510242974594065,-0.03448762246991062,-34.48762246991062,-5.3658577056238865
2.32781,-6.53451271946677,-0.012843253685711611,-0.03455861489525368,-34.558614895253676,-5.3658577056238865
2.33805,-6.53451271946677,-0.010746444941587188,-0.034465868945831014,-34.46586894583101,-5.3658577056238865
2.3481,-6.53451271946677,-0.008795130007820756,-0.03439722985240347,-34.39722985240347,-5.3658577056238865
2.36768,-6.53451271946677,-0.0066985145122495406,-0.03438170591088968,-34.38170591088968,-5.3658577056238865
2.37773,-6.53451271946677,-0.005529207412438155,-0.03432703851818851,-34.32703851818851,-5.3658577056238865
2.38796,-6.53451271946677,-0.00451316524044722,-0.03428859877011667,-34.28859877011667,-5.364339269174652
2.39801,5.796238445873168,-0.003870389562987382,-0.034261171562092504,-34.26117156209251,-5.3658577056238865
2.4176,5.796238445873168,-0.004054152202805366,-0.034269029293204974,-34.26902929320497,-5.364339269174652
2.42765,5.796238445873168,-0.004001688487241685,-0.034250221608458746,-34.250221608458745,-5.367393595365642
2.43788,5.796238445873168,-0.004117420888316354,-0.03424007954544543,-34.24007954544543,-5.367393595365642
2.44804,5.796238445873168,-0.004091421818327991,-0.034233662885629484,-34.233662885629485,-5.367393595365642
2.46792,5.796238445873168,-0.0038539589450251378,-0.03425084160463164,-34.25084160463164,-5.364339269174652
2.47797,5.796238445873168,-0.0033846780787241885,-0.03423558842255138,-34.23558842255138,-5.367393595365642
2.49756,5.796238445873168,-0.002529317507922108,-0.034235756502476636,-34.23575650247663,-5.3658577056238865
2.50761,5.796238445873168,-0.0018310320326565422,-0.0342171688756006,-34.2171688756006,-5.364339269174652
2.51785,5.796238445873168,-0.0013278803717267616,-0.034203133673321943,-34.20313367332194,-5.3658577056238865
2.52789,5.796238445873168,-0.0009241325951913676,-0.034192121029704294,-34.192121029704296,-5.3658577056238865
2.54748,5.796238445873168,-0.0009795292264573633,-0.034191459855308054,-34.191459855308054,-5.367393595365642
2.55753,5.796238445873168,-0.0010678661613107165,-0.034185988997095226,-34.18598899709523,-5.364339269174652
2.56776,5.796238445873168,-0.0011556483770364479,-0.034136834660999524,-34.136834660999526,-5.3658577056238865
2.59523,5.796238445873168,-0.0016082985791803068,-0.03412675666678591,-34.126756666785916,-5.3658577056238865
2.60786,5.796238445873168,-0.0013253345385951007,-0.03410424527820916,-34.10424527820916,-5.3658577056238865
2.62745,5.796238445873168,-0.0007049146505013307,-0.03408898062673163,-34.08898062673163,-5.367393595365642
2.6375,-4.806636759992384,-0.0002920686446469502,-0.03407329744297034,-34.07329744297034,-5.3658577056238865
2.64774,-4.806636759992384,-2.607261789252403e-05,-0.03406228654895068,-34.06228654895068,-5.364339269174652
2.65778,-4.806636759992384,8.657192541864687e-05,-0.03405499831309583,-34.05499831309583,-5.3658577056238865
2.67737,-4.806636759992384,-0.00025538990606043167,-0.03405414873381747,-34.05414873381747,-5.364339269174652
2.68742,-4.806636759992384,-0.0005115047289204907,-0.03405372150681002,-34.05372150681002,-5.364339269174652
2.69765,-4.806636759992384,-0.0007826733447509903,-0.034055184846080236,-34.05518484608024,-5.3658577056238865
2.71706,-4.806636759992384,-0.0010294644375447681,-0.03406324794349193,-34.06324794349193,-5.3658577056238865
2.756,-4.806636759992384,-0.0003460118840238558,-0.03406418088075763,-34.06418088075763,-5.364339269174652
2.76678,-4.806636759992384,-0.0001954875662872628,-0.03405792083503747,-34.05792083503747,-5.367393595365642
2.77701,-4.806636759992384,-0.00010949330604626077,-0.03405357246393914,-34.05357246393914,-5.3658577056238865
2.78706,-4.806636759992384,-0.00014285641519240285,-0.034074415774528015,-34.07441577452801,-5.3658577056238865
2.7973,-4.806636759992384,-0.00031813935622805947,-0.034088014984902396,-34.088014984902394,-5.3658577056238865
2.80734,-4.806636759992384,-0.0004981936775520309,-0.03409722098163593,-34.09722098163593,-5.3658577056238865
2.82693,0.0,0.0,-0.03409974346096248,-34.09974346096248,-5.3658577056238865
2.83698,0.0,0.0,-0.03410125694855841,-34.10125694855841,-5.3658577056238865
2.84721,0.0,0.0,-0.03410216504111596,-34.10216504111596,-5.3658577056238865
2.85728,0.0,0.0,-0.0341027098966505,-34.1027098966505,-5.364339269174652
2.86763,0.0,0.0,-0.03410303680997122,-34.103036809971215,-5.367393595365642
2.88724,0.0,0.0,-0.03410323295796365,-34.10323295796365,-5.3658577056238865
2.90683,0.0,0.0,-0.03410335064675911,-34.10335064675911,-5.364339269174652
2.91688,0.0,0.0,-0.03410342126003638,-34.103421260036384,-5.3658577056238865
2.92711,0.0,0.0,-0.03410346362800275,-34.10346362800275,-5.364339269174652
2.93717,0.0,0.0,-0.03410348904878257,-34.10348904878257,-5.367393595365642
2.95675,0.0,0.0,-0.03410350430125046,-34.10350430125046,-5.3658577056238865
2.9668,0.0,0.0,-0.034103513452731195,-34.10351345273119,-5.3658577056238865
2.97704,0.0,0.0,-0.03410351894361963,-34.10351894361963,-5.364339269174652
2.98708,0.0,0.0,-0.034103522238152696,-34.1035222381527,-5.3658577056238865
3.00658,0.0,0.0,-0.03410352421487254,-34.10352421487254,-5.3658577056238865
3.01682,0.0,0.0,-0.034103525400904444,-34.103525400904445,-5.3658577056238865
3.02686,0.0,0.0,-0.03410352611252358,-34.10352611252358,-5.3658577056238865
3.03709,0.0,0.0,-0.03410352653949507,-34.10352653949507,-5.3658577056238865
3.0565,0.0,0.0,-0.03410352679567796,-34.103526795677965,-5.3658577056238865
3.06673,0.0,0.0,-0.034103526949387696,-34.10352694938769,-5.3658577056238865
3.07678,0.0,0.0,-0.034103527041613534,-34.10352704161353,-5.3658577056238865
3.087,0.0,0.0,-0.03410352709694904,-34.103527096949044,-5.364339269174652
3.10642,0.0,0.0,-0.03410352713015034,-34.10352713015034,-5.3658577056238865
3.11665,0.0,0.0,-0.034103527150071124,-34.10352715007112,-5.3658577056238865
3.12682,0.0,0.0,-0.03410352716202359,-34.10352716202359,-5.3658577056238865
3.14645,0.0,0.0,-0.034103527169195076,-34.103527169195075,-5.364339269174652
3.1565,0.0,0.0,-0.03410352717349797,-34.103527173497966,-5.3658577056238865
3.16673,0.0,0.0,-0.0341035271760797,-34.1035271760797,-5.3658577056238865
3.17678,0.0,0.0,-0.03410352717762874,-34.10352717762874,-5.3658577056238865
3.19637,0.0,0.0,-0.03410352717855816,-34.10352717855816,-5.3658577056238865
3.20642,0.0,0.0,-0.034103527179115814,-34.103527179115815,-5.3658577056238865
3.21665,0.0,0.0,-0.03410352717945041,-34.10352717945041,-5.3658577056238865
3.2267,0.0,0.0,-0.034103527179651164,-34.10352717965117,-5.3658577056238865
3.24629,0.0,0.0,-0.034103527179771616,-34.10352717977162,-5.3658577056238865
3.25634,0.0,-0.00017332067209452844,-0.034104572303496616,-34.10457230349662,-5.364339269174652
3.26657,0.0,-0.0004837290462117697,-0.03410712338296454,-34.10712338296454,-5.367393595365642
3.27662,0.0,-0.0005961185498720244,-0.03410927949661537,-34.10927949661537,-5.3658577056238865
3.29623,0.0,-0.0006338131793642528,-0.034114436015818546,-34.11443601581855,-5.364339269174652
3.30626,0.0,0.0,-0.03411007248147205,-34.110072481472045,-5.3658577056238865
3.31649,0.0,0.0003477228389475032,-0.03410532003807869,-34.10532003807869,-5.3658577056238865
3.32654,13.603096190043805,0.005064336378226914,-0.034074064946467426,-34.07406494646742,-5.310635488090786
3.34613,13.603096190043805,0.015831483943972203,-0.03389976657758392,-33.899766577583925,-5.148040614974994
3.35618,13.603096190043805,0.021954977810643372,-0.03384888230233309,-33.848882302333095,-5.055991950224814
3.36641,13.603096190043805,0.027288046180009237,-0.033783246225927877,-33.783246225927876,-4.967032518250662
3.3766,13.603096190043805,0.03105833775940008,-0.03372146793047668,-33.72146793047668,-4.879591522725747
3.39617,13.603096190043805,0.03472104014472145,-0.03301994798053352,-33.01994798053352,-4.697047536259659
3.40641,13.603096190043805,0.03734761189942029,-0.032726088182688004,-32.726088182688,-4.605016324801999
3.42581,13.603096190043805,0.039606560319538534,-0.03191809243097078,-31.91809243097078,-4.424008228077667
3.43604,13.603096190043805,0.04081285925271363,-0.03140187103060824,-31.401871030608245,-4.338103122294506
3.44609,13.603096190043805,0.0429403645148741,-0.030879002907463583,-30.879002907463583,-4.24759034728608
3.45632,13.603096190043805,0.042194005319010006,-0.03029537507082279,-30.295375070822793,-4.158613462019408
3.47573,13.603096190043805,0.04201193191996637,-0.029459021445601946,-29.459021445601945,-3.9990903683871273
3.48596,13.603096190043805,0.04563885781236694,-0.02884997240627292,-28.84997240627292,-3.9131852626039665
3.49601,13.603096190043805,0.048686526613153355,-0.028308253683613067,-28.308253683613067,-3.8349596055295807
3.50624,13.603096190043805,0.049808025058829565,-0.027654704033599237,-27.654704033599238,-3.75825238490443
3.52566,13.603096190043805,0.051222502157691654,-0.026543412493087955,-26.543412493087956,-3.612517392362903
3.53588,13.603096190043805,0.05091133672230372,-0.026161293847141425,-26.161293847141426,-3.5404352942555373
3.54593,13.603096190043805,0.052247498682539896,-0.025677918386349807,-25.67791838634981,-3.466799853113897
3.55616,13.603096190043805,0.05267038500879985,-0.025156330105569474,-25.156330105569474,-3.397772081197521
3.57557,13.603096190043805,0.04894602596835831,-0.024331444581522574,-24.331444581522575,-3.2658426430392695
3.5858,13.603096190043805,0.048895002468885757,-0.0238691387748048,-23.869138774804803,-3.1968148711228936
3.59585,13.603096190043805,0.0489851468032836,-0.023359209995141246,-23.359209995141246,-3.127787099206518
3.60608,13.603096190043805,0.05017739867567882,-0.022742878158592883,-22.742878158592884,-3.0602952170318973
3.62549,13.603096190043805,0.04810737979228009,-0.021702075763092327,-21.702075763092328,-2.928365778873646
3.63604,13.603096190043805,0.04865855560230572,-0.02112512999889468,-21.125129998894682,-2.8639456761825355
3.65573,13.603096190043805,0.048551463553913515,-0.02022027067180538,-20.22027067180538,-2.727426022091539
3.66578,13.603096190043805,0.04979435763052909,-0.019741315278674683,-19.741315278674683,-2.653790580949898
3.68538,0.0,0.02844519844041743,-0.01889859575656927,-18.89859575656927,-2.6123739178000727
3.69542,0.0,0.02537553648642247,-0.018574617345171122,-18.574617345171124,-2.6108380280583177
3.70565,0.0,0.021398439580623676,-0.018122593160259277,-18.122593160259278,-2.6123739178000727
3.7157,0.0,0.01893217617845372,-0.017612668480357432,-17.61266848035743,-2.6108380280583177
3.73529,0.0,0.01334955666050284,-0.016831272596816837,-16.831272596816838,-2.6123739178000727
3.74534,0.0,0.012166634322826234,-0.016734441890025396,-16.734441890025398,-2.6123739178000727
3.75557,0.0,0.010723498473030134,-0.01647452062649874,-16.47452062649874,-2.6123739178000727
3.76576,0.0,0.01004555063609977,-0.01648581105825852,-16.48581105825852,-2.6123739178000727
3.7857,0.0,0.009716083702639152,-0.01640053982212229,-16.40053982212229,-2.6108380280583177
3.80528,0.0,0.009379631012321801,-0.01639730176288436,-16.39730176288436,-2.6108380280583177
3.81534,0.0,0.00817420381550129,-0.01642364316767651,-16.42364316767651,-2.6108380280583177
3.82556,0.0,0.0069937566949686706,-0.01644590178872862,-16.44590178872862,-2.6108380280583177
3.83563,0.0,0.005417651387778231,-0.01643684105716099,-16.43684105716099,-2.6123739178000727
3.8552,0.0,0.0036758690058764994,-0.016420976014038365,-16.420976014038363,-2.6123739178000727
3.86525,0.0,0.0,-0.01645461904203179,-16.45461904203179,-2.6123739178000727
3.87548,0.0,-2.4370719629532327e-06,-0.016474819817575558,-16.474819817575558,-2.6123739178000727
3.88554,0.0,0.0,-0.016486925324154106,-16.486925324154107,-2.6123739178000727
3.90504,0.0,0.0,-0.016494188628101238,-16.494188628101238,-2.6123739178000727
3.91526,0.0,0.0,-0.016498546610469515,-16.498546610469514,-2.6123739178000727
3.92532,0.0,0.0,-0.016501161399890482,-16.50116139989048,-2.6108380280583177
3.9449,0.0,0.0,-0.016502730273543063,-16.50273027354306,-2.6123739178000727
3.95496,0.0,0.0,-0.01650367159773461,-16.50367159773461,-2.6123739178000727
3.96518,0.0,0.0,-0.016504236392249537,-16.50423639224954,-2.6123739178000727
3.97524,0.0,0.0,-0.016504575268958495,-16.504575268958494,-2.6123739178000727
3.99482,0.0,0.0,-0.01650477859498387,-16.50477859498387,-2.6123739178000727
4.00488,0.0,0.0,-0.016504900590599093,-16.504900590599092,-2.6108380280583177
4.0151,0.0,0.0,-0.016504973787968228,-16.50497378796823,-2.6123739178000727
4.02529,0.0,0.0,-0.01650501770638971,-16.50501770638971,-2.6123739178000727
4.04522,0.0,0.0,-0.0165050440574426,-16.5050440574426,-2.6123739178000727
4.06481,0.0,0.0,-0.016505059868074334,-16.505059868074333,-2.6123739178000727
4.07486,0.0,0.0,-0.016505069354453374,-16.505069354453372,-2.6139098075418272
4.08508,0.0,0.0,-0.016505075046280796,-16.505075046280798,-2.6123739178000727
4.09515,0.0,0.0,-0.016505078461377252,-16.505078461377252,-2.6123739178000727
4.11473,0.0,0.0,-0.016505080510435123,-16.505080510435125,-2.6123739178000727
4.12478,0.0,0.0,-0.016505081739869847,-16.505081739869848,-2.6123739178000727
4.13502,0.0,0.0,-0.016505082477530682,-16.50508247753068,-2.6123739178000727
4.14507,0.0,0.0,-0.016505082920127184,-16.505082920127183,-2.6123739178000727
4.16456,0.0,0.0,-0.016505083185685082,-16.50508318568508,-2.6123739178000727
4.17479,0.0,0.0,-0.016505083345019822,-16.505083345019823,-2.6108380280583177
4.18484,0.0,0.0,-0.016505083440620665,-16.505083440620666,-2.6123739178000727
4.20442,0.0,0.0,-0.01650508349798117,-16.505083497981172,-2.6123739178000727
4.21448,0.0,0.0,-0.016505083532397474,-16.505083532397474,-2.6108380280583177
4.22472,0.0,0.0,-0.016505083553047258,-16.505083553047257,-2.6108380280583177
4.23476,0.0,0.0,-0.016505083565437128,-16.50508356543713,-2.6108380280583177
4.25434,0.0,0.0,-0.01650508357287105,-16.50508357287105,-2.6123739178000727
4.2644,0.0,0.0,-0.0165050835773314,-16.5050835773314,-2.6123739178000727
4.27463,0.0,0.0,-0.016505083580007615,-16.505083580007614,-2.6123739178000727
4.28481,0.0,0.0,-0.01650508358161334,-16.50508358161334,-2.6123739178000727
4.30396,0.0,0.0,-0.01650508358257678,-16.505083582576777,-2.6123739178000727
4.31419,0.0,0.0,-0.01650508358315484,-16.50508358315484,-2.6123739178000727
4.32424,0.0,0.0,-0.016505083583501678,-16.505083583501676,-2.6123739178000727
4.33447,0.0,0.0,-0.01650508358370978,-16.50508358370978,-2.6123739178000727
4.34452,0.0,0.0,-0.01650508358383464,-16.50508358383464,-2.6123739178000727
4.35475,0.0,0.0,-0.016505083583909556,-16.505083583909556,-2.6123739178000727
4.37416,0.0,0.0,-0.016505083583954507,-16.505083583954505,-2.6108380280583177
4.38439,0.0,0.0,-0.016505083583981478,-16.505083583981477,-2.6108380280583177
4.39444,0.0,0.0,-0.01650508358399766,-16.50508358399766,-2.6108380280583177
4.40458,0.0,0.0,-0.016505083584007367,-16.505083584007366,-2.6123739178000727
4.42417,0.0,0.0,-0.016505083584013192,-16.505083584013192,-2.6123739178000727
4.43422,0.0,0.0,-0.01650508358401669,-16.50508358401669,-2.6108380280583177
4.44445,0.0,0.0,-0.016505083584018785,-16.505083584018784,-2.6123739178000727
4.4545,0.0,0.0,-0.016505083584020044,-16.505083584020046,-2.6123739178000727
4.47409,3.5499996985564666,5.781955871204003e-05,-0.016504403972927698,-16.504403972927697,-2.6108380280583177
4.48414,3.5499996985564666,-8.749989550388635e-06,-0.01650472857980238,-16.50472857980238,-2.6123739178000727
4.49437,3.5499996985564666,-8.816531598462796e-05,-0.01650541174019971,-16.505411740199712,-2.6123739178000727
4.50442,3.5499996985564666,-0.00015822637677740577,-0.01650623458278057,-16.506234582780568,-2.6139098075418272
4.52401,3.5499996985564666,-4.9322180387638366e-05,-0.01650635391618539,-16.50635391618539,-2.6108380280583177
4.53518,3.5499996985564666,6.900210660538205e-05,-0.016505383331201537,-16.505383331201536,-2.6123739178000727
4.55409,3.5499996985564666,0.0004923324459828438,-0.016499677428397575,-16.499677428397575,-2.6123739178000727
4.56414,3.5499996985564666,0.0006174816089933106,-0.01649811647654509,-16.49811647654509,-2.6123739178000727
4.58373,5.733406592801373,0.0008603870068060195,-0.016490790330657826,-16.490790330657827,-2.6123739178000727
4.59378,5.733406592801373,0.0008582807137341881,-0.01649133219929965,-16.491332199299652,-2.6108380280583177
4.60401,5.733406592801373,0.0008210603169714906,-0.016491793084962993,-16.491793084962993,-2.6123739178000727
4.61407,5.733406592801373,0.0007324302077165662,-0.016492688335852792,-16.49268833585279,-2.6108380280583177
4.63365,0.0,0.0,-0.016497646435120448,-16.497646435120448,-2.6123739178000727
4.6437,0.0,0.0,-0.01650062129468104,-16.50062129468104,-2.6139098075418272
4.65393,0.0,0.0,-0.016502406210417396,-16.502406210417394,-2.6108380280583177
4.66407,0.0,0.0,-0.01650347715985921,-16.503477159859212,-2.6108380280583177
4.67412,0.0,0.0,-0.0165041197295243,-16.504119729524298,-2.6108380280583177
4.69371,0.0,0.0,-0.016504505271323352,-16.504505271323353,-2.6123739178000727
4.70376,0.0,0.0,-0.016504736596402784,-16.504736596402783,-2.6123739178000727
4.71399,0.0,0.0,-0.016504875391450444,-16.504875391450444,-2.6123739178000727
4.72404,0.0,0.0,-0.01650495866847904,-16.50495866847904,-2.6108380280583177
4.74363,0.0,0.0,-0.016505008634696196,-16.505008634696196,-2.6123739178000727
4.75368,0.0,0.0,-0.016505038614426492,-16.505038614426493,-2.6108380280583177
4.76391,0.0,0.0,-0.01650505660226467,-16.50505660226467,-2.6123739178000727
4.77396,0.0,0.0,-0.016505067394967574,-16.505067394967575,-2.6108380280583177
4.78436,0.0,0.0,-0.016505073870589318,-16.505073870589317,-2.6108380280583177
4.80332,0.0,0.0,-0.016505077755962362,-16.50507775596236,-2.6108380280583177
4.81337,0.0,0.0,-0.01650508008718619,-16.50508008718619,-2.6123739178000727
4.8236,0.0,0.0,-0.016505081485920486,-16.505081485920485,-2.6108380280583177
4.83365,0.0,0.0,-0.016505082325161066,-16.505082325161066,-2.6108380280583177
4.85324,0.0,0.0,-0.01650508282870541,-16.50508282870541,-2.6123739178000727
4.86329,0.0,0.0,-0.01650508313083202,-16.50508313083202,-2.6108380280583177
4.87352,0.0,0.0,-0.016505083312107986,-16.505083312107985,-2.6108380280583177
4.88357,0.0,0.0,-0.016505083420873565,-16.505083420873564,-2.6108380280583177
4.90316,0.0,0.0,-0.016505083486132912,-16.50508348613291,-2.6123739178000727
4.9133,0.0,0.0,-0.01650508352528852,-16.505083525288523,-2.6108380280583177
4.92335,0.0,0.0,-0.016505083548781885,-16.505083548781883,-2.6123739178000727
4.93358,0.0,0.0,-0.016505083562877904,-16.505083562877903,-2.6108380280583177
4.94363,0.0,0.0,-0.016505083571335514,-16.505083571335515,-2.6123739178000727
4.96322,0.0,0.0,-0.01650508357641008,-16.50508357641008,-2.6108380280583177
4.97327,0.0,0.0,-0.01650508357945482,-16.505083579454823,-2.6123739178000727
4.9835,0.0,0.0,-0.016505083581281665,-16.505083581281667,-2.6123739178000727
4.99355,0.0,0.0,-0.01650508358237777,-16.50508358237777,-2.6123739178000727
5.01314,0.0,0.0,-0.016505083583035436,-16.505083583035436,-2.6108380280583177
5.02319,0.0,0.0,-0.016505083583430034,-16.505083583430032,-2.6123739178000727
5.03354,0.0,0.0,-0.016505083583666792,-16.505083583666792,-2.6123739178000727
5.05312,0.0,0.0,-0.01650508358380885,-16.505083583808847,-2.6108380280583177
5.06334,0.0,0.0,-0.016505083583894083,-16.505083583894084,-2.6108380280583177
5.07341,0.0,0.0,-0.016505083583945222,-16.505083583945222,-2.6123739178000727
5.09298,-4.41393767829366,0.00013919628286483189,-0.01650344914122251,-16.50344914122251,-2.6108380280583177
5.10304,-4.41393767829366,0.00019683079896365115,-0.016502914847639733,-16.502914847639733,-2.6123739178000727
5.11326,-4.41393767829366,0.00017625590153423528,-0.016502701541004406,-16.502701541004406,-2.6123739178000727
5.12332,-4.41393767829366,0.00017586045576611502,-0.016502592864500412,-16.50259286450041,-2.6108380280583177
5.1429,-4.41393767829366,0.00015656582043441447,-0.01650174981705056,-16.50174981705056,-2.6123739178000727
5.15296,-4.41393767829366,0.00019435538277626192,-0.01650191019474867,-16.50191019474867,-2.6108380280583177
5.16318,-4.41393767829366,0.00024761202696559434,-0.01650166119350862,-16.50166119350862,-2.6123739178000727
5.17324,-4.41393767829366,0.00031251296865434096,-0.016501143821435145,-16.501143821435146,-2.6123739178000727
5.19284,-4.41393767829366,0.0006323513367940495,-0.01649528327474916,-16.49528327474916,-2.6108380280583177
5.20288,-4.41393767829366,0.0007489600927397373,-0.016494691662859606,-16.494691662859605,-2.6108380280583177
5.2131,-4.41393767829366,0.0008019442659327193,-0.016493930909085838,-16.493930909085837,-2.6123739178000727
5.22316,-4.41393767829366,0.0007751959837247461,-0.016493712896102512,-16.49371289610251,-2.6123739178000727
5.24274,-4.41393767829366,0.0006254797955971811,-0.016490913034631606,-16.490913034631607,-2.6123739178000727
5.2528,-4.41393767829366,0.0005258379604227667,-0.016493407296458623,-16.493407296458624,-2.6108380280583177
5.26302,-4.41393767829366,0.00045396634684743867,-0.01649529408984508,-16.49529408984508,-2.6123739178000727
5.27308,-4.41393767829366,6.45658022805033e-05,-0.016498820168333254,-16.498820168333253,-2.6108380280583177
5.28345,-4.41393767829366,-0.0004371550033588922,-0.016504045513039627,-16.504045513039628,-2.6108380280583177
5.30301,-4.41393767829366,-0.0002947869518167097,-0.01650792036109907,-16.50792036109907,-2.6123739178000727
5.3226,-4.41393767829366,-0.00011730159454226555,-0.016508164413210465,-16.508164413210466,-2.6123739178000727
5.33265,12.503538761287377,0.009234386449102,-0.016451248731246967,-16.451248731246967,-2.561741916199717
5.34288,12.503538761287377,0.018421622963389842,-0.016359710750607666,-16.359710750607665,-2.4881239283505963
5.35295,12.503538761287377,0.024170662709248565,-0.016271820739884094,-16.271820739884095,-2.4160243769507104
5.37252,12.503538761287377,0.032879695533661636,-0.015979052492582975,-15.979052492582975,-2.264163278734684
5.38257,12.503538761287377,0.03437445760178433,-0.015982186949819788,-15.982186949819788,-2.1813124991425132
5.3928,12.503538761287377,0.040689129135776825,-0.01594159572886525,-15.941595728865249,-2.098479172842862
5.40285,12.503538761287377,0.040242827165775215,-0.015924326623118306,-15.924326623118306,-2.0110556306104663
5.42219,12.503538761287377,0.03761082024945739,-0.015175839741248523,-15.175839741248522,-1.8499791939439094
5.43241,12.503538761287377,0.037707045326031044,-0.014736554944957209,-14.73655494495721,-1.7564120927444937
5.44247,12.503538761287377,0.03728210670977088,-0.014269802062230495,-14.269802062230495,-1.6658993177360675
5.45269,12.503538761287377,0.04232346110514093,-0.013620270767932374,-13.620270767932375,-1.5738681062784066
5.46275,12.503538761287377,0.042178184844967985,-0.01323549193112598,-13.23549193112598,-1.4818194415282258
5.48233,12.503538761287377,0.040106998676518346,-0.012248334020053448,-12.248334020053449,-1.3084907935126688
5.49239,12.503538761287377,0.041665000933697294,-0.011759411453341997,-11.759411453341997,-1.2179780185042428
5.50261,12.503538761287377,0.04384376848396859,-0.01111836356913704,-11.11836356913704,-1.1274826967883367
5.51268,12.503538761287377,0.047681584510905886,-0.010449294733007625,-10.449294733007624,-1.038505811521666
5.53226,12.503538761287377,0.04586920816776442,-0.009797074107389957,-9.797074107389957,-0.8728391589223642
5.54239,9.58185759344887,0.04640679752835878,-0.00942061769283843,-9.42061769283843,-0.7961319382972134
5.55245,9.58185759344887,0.046076226937678585,-0.008989321442898076,-8.989321442898076,-0.7117627222558075
5.57203,9.58185759344887,0.04924832939616287,-0.007950873058062023,-7.950873058062023,-0.5583657342980259
5.58209,9.58185759344887,0.04992962889364792,-0.007604998160904434,-7.604998160904434,-0.48473029315638516
5.59231,9.58185759344887,0.05005933720202552,-0.007080160688600326,-7.080160688600326,-0.40804052582375433
5.60237,9.58185759344887,0.05008075952606409,-0.006546609998264351,-6.54660999826435,-0.33594097442386855
5.62195,-13.430308594096367,0.009143392352796785,-0.005974701278847326,-5.974701278847326,-0.42338196994878446
5.63201,-13.430308594096367,0.00036655525106282956,-0.005736760093062354,-5.736760093062355,-0.4954815213486702
5.64223,-13.430308594096367,-0.006594534175236252,-0.0053947106112908726,-5.394710611290873,-0.5737071784230561
5.65229,-13.430308594096367,-0.009393162927124167,-0.004940542409758324,-4.940542409758324,-0.655004614980952
5.66233,-13.430308594096367,-0.010517800438120265,-0.0044839471596403516,-4.483947159640351,-0.7255682766390827
5.68184,-13.430308594096367,-0.01688593747839666,-0.0037906386642051993,-3.7906386642051992,-0.8912349292383844
5.6919,-13.430308594096367,-0.021531072396838904,-0.0040420584714754085,-4.042058471475409,-0.9817477042468103
5.70212,-13.430308594096367,-0.024591726546104222,-0.004213745270030916,-4.213745270030915,-1.0645810305464614
5.71217,-13.430308594096367,-0.027143856832587843,-0.004352901317660806,-4.352901317660806,-1.1550938055548872
5.73176,3.911282853719293,-0.018872660424887104,-0.005085426406182436,-5.085426406182436,-1.2762720155208536
5.74182,3.911282853719293,-0.012006569583007741,-0.005375583862664322,-5.375583862664322,-1.2732002360373433
5.75204,3.911282853719293,-0.011012625751070416,-0.00585180742614942,-5.85180742614942,-1.2762720155208536
5.76209,3.911282853719293,-0.009330573548679392,-0.006391473461968684,-6.391473461968684,-1.2762720155208536
5.78168,3.911282853719293,-0.006765409296419695,-0.007287536649683717,-7.287536649683717,-1.2778079052626083
5.79174,3.911282853719293,-0.007938804754080908,-0.007793572566938253,-7.793572566938253,-1.2762720155208536
5.80196,3.911282853719293,-0.009512208045573324,-0.008316971162321773,-8.316971162321774,-1.2778079052626083
5.81201,3.911282853719293,-0.009364453757856887,-0.008889694480516184,-8.889694480516184,-1.2778079052626083
5.8316,3.911282853719293,-0.009477757205838796,-0.009148684499609734,-9.148684499609734,-1.2762720155208536
5.84165,3.911282853719293,-0.010125512660007049,-0.009309564943752537,-9.309564943752537,-1.2778079052626083
5.85188,3.911282853719293,-0.009518317140286944,-0.009310407883598364,-9.310407883598364,-1.2747361257790986
5.86194,3.911282853719293,-0.00896483547327566,-0.009306601963815463,-9.306601963815462,-1.2747361257790986
5.88152,3.911282853719293,-0.006512861231977362,-0.00934067754616837,-9.34067754616837,-1.2778079052626083
5.89159,3.911282853719293,-0.00484891402643514,-0.009420916643667728,-9.420916643667729,-1.2762720155208536
5.9018,3.911282853719293,-0.0032830800833415774,-0.009459875112210173,-9.459875112210174,-1.2762720155208536
5.91196,3.911282853719293,-0.002690960562990875,-0.009423710990792821,-9.423710990792822,-1.2778079052626083
5.9319,3.911282853719293,-0.002762793464136103,-0.009427967674946053,-9.427967674946053,-1.2762720155208536
5.95149,3.911282853719293,-0.00336030197532955,-0.00946488018862322,-9.46488018862322,-1.2747361257790986
5.96155,3.911282853719293,-0.0032347909038785744,-0.009420529947353758,-9.420529947353758,-1.2762720155208536
5.97177,3.911282853719293,-0.0031194407963980294,-0.009393523015659783,-9.393523015659783,-1.2762720155208536
5.98182,0.0,0.0,-0.009395411212042726,-9.395411212042726,-1.2762720155208536
6.00141,0.0,0.0008540728948618853,-0.0093539371864988,-9.3539371864988,-1.2762720155208536
6.01146,0.0,0.001314193487030226,-0.00933116695725186,-9.33116695725186,-1.2762720155208536
6.02169,0.0,0.0,-0.009325429406430486,-9.325429406430485,-1.2762720155208536
6.03174,0.0,0.0,-0.009321986875937662,-9.321986875937661,-1.2762720155208536
6.05124,0.0,0.0,-0.009319921357641968,-9.319921357641968,-1.2778079052626083
6.06147,0.0,0.0,-0.00931868204666455,-9.31868204666455,-1.2778079052626083
6.07152,0.0,0.0,-0.0093179384600781,-9.3179384600781,-1.2778079052626083
6.09111,0.0,0.0,-0.009317492308126231,-9.317492308126232,-1.2762720155208536
6.10116,0.0,0.0,-0.00931722461695511,-9.317224616955109,-1.2778079052626083
6.11139,0.0,0.0,-0.009317064002252436,-9.317064002252437,-1.2778079052626083
6.12144,0.0,0.0,-0.009316967633430833,-9.316967633430833,-1.2762720155208536
6.14104,0.0,0.0,-0.00931690981213787,-9.31690981213787,-1.2762720155208536
6.15108,0.0,0.0,-0.009316875119362094,-9.316875119362093,-1.2747361257790986
6.16131,0.0,0.0,-0.009316854303696626,-9.316854303696626,-1.2762720155208536
6.17148,0.0,0.0,-0.009316841814297346,-9.316841814297346,-1.2762720155208536
6.19141,0.0,0.0,-0.009316834320657778,-9.316834320657778,-1.2762720155208536
6.211,0.0,0.0,-0.009316829824474036,-9.316829824474036,-1.2778079052626083
6.22105,0.0,0.0,-0.009316827126763792,-9.316827126763792,-1.2762720155208536
6.23128,0.0,0.0,-0.009316825508137646,-9.316825508137645,-1.2762720155208536
6.24134,0.0,0.0,-0.009316824536961957,-9.316824536961958,-1.2762720155208536
6.26092,0.0,0.0,-0.009316823954256545,-9.316823954256545,-1.2762720155208536
6.27098,0.0,0.0,-0.009316823604633298,-9.3168236046333,-1.2762720155208536
6.2812,0.0,0.0,-0.00931682339485935,-9.31682339485935,-1.2762720155208536
6.29125,0.0,0.0,-0.009316823268994981,-9.31682326899498,-1.2778079052626083
6.31076,0.0,0.0,-0.009316823193476358,-9.316823193476358,-1.2762720155208536
6.32098,0.0,0.0,-0.009316823148165185,-9.316823148165184,-1.2762720155208536
6.33104,0.0,0.0,-0.00931682312097848,-9.31682312097848,-1.2762720155208536
6.35062,0.0,0.0,-0.00931682310466646,-9.31682310466646,-1.2762720155208536
6.36067,0.0,0.0,-0.009316823094879247,-9.316823094879247,-1.2762720155208536
6.37092,0.0,0.0,-0.009316823089006918,-9.316823089006919,-1.2778079052626083
6.38096,0.0,0.0,-0.009316823085483521,-9.316823085483522,-1.2762720155208536
6.40054,0.0,0.0,-0.009316823083369483,-9.316823083369483,-1.2762720155208536
6.41059,0.0,0.0,-0.00931682308210106,-9.31682308210106,-1.2762720155208536
6.42084,0.0,0.0,-0.009316823081340006,-9.316823081340006,-1.2762720155208536
6.43196,0.0,0.0,-0.009316823080883375,-9.316823080883374,-1.2762720155208536
6.45083,0.0,0.0,-0.009316823080609396,-9.316823080609396,-1.2762720155208536
6.46088,0.0,0.0,-0.009316823080445008,-9.316823080445008,-1.2762720155208536
6.48046,0.0,0.0,-0.009316823080346376,-9.316823080346376,-1.2778079052626083
6.49052,0.0,0.0,-0.009316823080287195,-9.316823080287195,-1.2762720155208536
6.50074,0.0,0.0,-0.009316823080251687,-9.316823080251687,-1.2762720155208536
6.5108,0.0,0.0,-0.009316823080230383,-9.316823080230384,-1.2762720155208536
6.53039,0.0,0.0,-0.0093168230802176,-9.3168230802176,-1.2762720155208536
6.54044,0.0,0.0,-0.00931682308020993,-9.31682308020993,-1.2762720155208536
6.55066,0.0,0.0,-0.009316823080205329,-9.316823080205328,-1.2747361257790986
6.56084,0.0,0.0,-0.009316823080202567,-9.316823080202568,-1.2762720155208536
6.5805,0.0,0.0,-0.00931682308020091,-9.31682308020091,-1.2762720155208536
6.59055,0.0,0.0,-0.009316823080199916,-9.316823080199915,-1.2762720155208536
6.61014,0.0,0.0,-0.00931682308019932,-9.31682308019932,-1.2762720155208536
6.62019,0.0,0.0,-0.009316823080198962,-9.316823080198962,-1.2778079052626083
6.63043,0.0,0.0,-0.009316823080198747,-9.316823080198747,-1.2778079052626083
6.64047,0.0,0.0,-0.009316823080198619,-9.316823080198619,-1.2747361257790986
6.66006,0.0,0.0,-0.009316823080198542,-9.316823080198542,-1.2747361257790986
6.67011,0.0,0.0,-0.009316823080198496,-9.316823080198496,-1.2762720155208536
6.68035,0.0,0.0,-0.009316823080198468,-9.316823080198468,-1.2778079052626083
6.69039,0.0,0.0,-0.00931682308019845,-9.31682308019845,-1.2762720155208536
6.70998,0.0,0.0,-0.00931682308019844,-9.31682308019844,-1.2778079052626083
6.72003,0.0,0.0,-0.009316823080198435,-9.316823080198434,-1.2762720155208536
6.73026,0.0,0.0,-0.009316823080198431,-9.316823080198432,-1.2793437950043636
6.74031,0.0,0.0,-0.00931682308019843,-9.31682308019843,-1.2762720155208536
6.7599,0.0,0.0,-0.009316823080198428,-9.316823080198429,-1.2778079052626083
6.76995,0.0,0.0,-0.009316823080198428,-9.316823080198429,-1.2762720155208536
6.78018,0.0,0.0,-0.009316823080198428,-9.316823080198429,-1.2762720155208536
6.79023,0.0,0.0,-0.009316823080198428,-9.316823080198429,-1.2762720155208536
6.80982,0.0,0.0,-0.009316823080198428,-9.316823080198429,-1.2778079052626083
6.82029,0.0,0.0,-0.009316823080198428,-9.316823080198429,-1.2778079052626083
6.83999,0.0,0.0,-0.009316823080198428,-9.316823080198429,-1.2762720155208536
6.85021,0.0,0.0,-0.009316823080198428,-9.316823080198429,-1.2762720155208536
6.86962,0.0,0.0,-0.009316823080198428,-9.316823080198429,-1.2778079052626083
6.87985,0.0,0.0,-0.009316823080198428,-9.316823080198429,-1.2778079052626083
6.88991,4.743804906920588,0.000153874265145949,-0.009315894295134007,-9.315894295134008,-1.2762720155208536
6.90013,4.743804906920588,0.0003499964081931358,-0.009314119631184734,-9.314119631184735,-1.2778079052626083
6.91018,4.743804906920588,0.0005048980759938022,-0.009312156475391967,-9.312156475391967,-1.2778079052626083
6.92977,4.743804906920588,0.0007187881028088702,-0.009305574481954135,-9.305574481954135,-1.2762720155208536
6.93982,4.743804906920588,0.0007282706011479499,-0.009305682449526929,-9.305682449526929,-1.2778079052626083
6.95005,4.743804906920588,0.0006461920671209381,-0.009306172374887539,-9.30617237488754,-1.2762720155208536
6.96946,4.743804906920588,0.000459205477355461,-0.009305084750022612,-9.305084750022612,-1.2762720155208536
6.97969,4.743804906920588,0.0003487914557076916,-0.009307639200137803,-9.307639200137803,-1.2762720155208536
6.98974,4.743804906920588,0.0002867336187568904,-0.009309583748440948,-9.309583748440948,-1.2762720155208536
6.99997,4.743804906920588,0.0002856367829689843,-0.009310726242570075,-9.310726242570075,-1.2778079052626083
7.01938,4.743804906920588,0.0004491477216186978,-0.009307934203255444,-9.307934203255444,-1.2778079052626083
7.02961,4.743804906920588,0.0005054654755446042,-0.009308387206943743,-9.308387206943744,-1.2778079052626083
7.03966,4.743804906920588,0.0005543702366101034,-0.009308418703718858,-9.308418703718859,-1.2762720155208536
7.04989,4.743804906920588,0.0006001657390368845,-0.009308096637004477,-9.308096637004477,-1.2778079052626083
7.06931,4.743804906920588,0.0006274547386058045,-0.009304276111667823,-9.304276111667823,-1.2778079052626083
7.07982,4.743804906920588,0.0005362865735607308,-0.00930591307594719,-9.30591307594719,-1.2778079052626083
7.09945,4.743804906920588,0.0003235695767230508,-0.00930646607517304,-9.306466075173041,-1.2778079052626083
7.10951,4.743804906920588,0.00024589888419669116,-0.009309124631518183,-9.309124631518184,-1.2778079052626083
7.11974,4.743804906920588,0.00019364352186480524,-0.009311015427053074,-9.311015427053075,-1.2762720155208536
7.13915,4.743804906920588,0.0002964777866249376,-0.00930988570800818,-9.30988570800818,-1.2778079052626083
7.14937,4.743804906920588,0.0003495675775242331,-0.0093105171084989,-9.3105171084989,-1.2762720155208536
7.15943,4.743804906920588,0.0004322690849177582,-0.009310430320982147,-9.310430320982148,-1.2762720155208536
7.16966,4.743804906920588,0.000508688702513765,-0.009309865093412629,-9.309865093412629,-1.2762720155208536
7.18907,4.743804906920588,0.0007197704492089993,-0.00930426584147546,-9.304265841475459,-1.2778079052626083
7.19931,4.743804906920588,0.0007306928869018691,-0.00930479935986752,-9.30479935986752,-1.2778079052626083
7.20935,4.743804906920588,0.0007027599503056487,-0.009305375422059241,-9.30537542205924,-1.2762720155208536
7.21958,4.743804906920588,0.0006784744813628734,-0.009305790008948309,-9.305790008948309,-1.2747361257790986
7.23899,4.743804906920588,0.0006280116501732015,-0.009302889413770438,-9.302889413770439,-1.2747361257790986
7.24922,0.0,0.0,-0.009308462880341633,-9.308462880341633,-1.2778079052626083
7.25927,0.0,0.0,-0.009311806960284351,-9.31180696028435,-1.2762720155208536
7.26951,0.0,0.0,-0.009313813408249981,-9.313813408249981,-1.2747361257790986
7.28891,0.0,0.0,-0.00931501727702936,-9.31501727702936,-1.2762720155208536
7.29914,0.0,0.0,-0.009315739598296987,-9.315739598296986,-1.2778079052626083
7.30919,0.0,0.0,-0.009316172991057562,-9.316172991057561,-1.2778079052626083
7.31943,0.0,0.0,-0.009316433026713908,-9.316433026713907,-1.2762720155208536
7.32968,0.0,0.0,-0.009316589048107716,-9.316589048107716,-1.2778079052626083
7.34934,0.0,0.0,-0.009316682660944,-9.316682660944,-1.2762720155208536
7.36875,0.0,0.0,-0.009316738828645772,-9.316738828645772,-1.2762720155208536
7.37898,0.0,0.0,-0.009316772529266833,-9.316772529266833,-1.2762720155208536
7.38904,0.0,0.0,-0.00931679274963947,-9.31679274963947,-1.2778079052626083
7.39926,2.811725424962865,7.977632121003297e-05,-0.009316315693461393,-9.316315693461393,-1.2747361257790986
7.41867,2.811725424962865,0.00011849725216993081,-0.009315138629157435,-9.315138629157435,-1.2778079052626083
7.4289,2.811725424962865,0.00014967390718569155,-0.009314893711131526,-9.314893711131527,-1.2762720155208536
7.43897,2.811725424962865,0.0001770599523364995,-0.009314595662526268,-9.31459566252627,-1.2762720155208536
7.44918,2.811725424962865,0.00012878421929018652,-0.00931469769746776,-9.314697697467759,-1.2778079052626083
7.46868,2.811725424962865,-4.7779108353522136e-05,-0.009316106866127763,-9.316106866127763,-1.2762720155208536
7.47873,2.811725424962865,-0.00012736187969420056,-0.009317161343890584,-9.317161343890584,-1.2762720155208536
7.48896,2.811725424962865,-0.00014525531149203966,-0.00931791761551566,-9.31791761551566,-1.2762720155208536
7.49901,2.811725424962865,-0.00017891046251887176,-0.009318558631477755,-9.318558631477755,-1.2762720155208536
7.5186,2.811725424962865,-0.00011388779077729539,-0.00931920304805882,-9.31920304805882,-1.2762720155208536
7.52866,2.811725424962865,-6.018763485290127e-05,-0.009318614353478635,-9.318614353478635,-1.2778079052626083
7.53888,2.811725424962865,-2.9580550157575524e-05,-0.009318079232100117,-9.318079232100116,-1.2762720155208536
7.54893,2.811725424962865,-3.8623177317852024e-05,-0.009317809669098667,-9.317809669098667,-1.2778079052626083
7.56852,2.811725424962865,-2.289123409636443e-05,-0.009317684097104139,-9.317684097104138,-1.2762720155208536
7.57858,2.811725424962865,-5.072273384006208e-05,-0.009317645852763312,-9.317645852763313,-1.2762720155208536
7.58907,2.811725424962865,-0.00011482254563283975,-0.009318039436839572,-9.318039436839571,-1.2778079052626083
7.60866,2.811725424962865,-0.00019725666557986657,-0.00931987144903034,-9.31987144903034,-1.2747361257790986
7.61889,2.811725424962865,-0.000318644618789132,-0.009320607942167701,-9.320607942167701,-1.2762720155208536
7.63831,0.0,0.0,-0.009319093997379992,-9.319093997379992,-1.2762720155208536
7.64853,0.0,0.0,-0.009318185630507365,-9.318185630507365,-1.2762720155208536
7.65859,0.0,0.0,-0.009317640610383789,-9.317640610383789,-1.2762720155208536
7.66881,0.0,0.0,-0.009317313598309644,-9.317313598309644,-1.2762720155208536
7.68823,0.0,0.0,-0.009317117391065157,-9.317117391065157,-1.2778079052626083
7.69845,0.0,0.0,-0.009316999666718465,-9.316999666718464,-1.2762720155208536
7.70851,0.0,0.0,-0.00931692903211045,-9.31692903211045,-1.2762720155208536
7.71866,0.0,0.0,-0.00931688665134564,-9.31688665134564,-1.2778079052626083
7.73823,0.0,-0.00029602608286004057,-0.009320337161151698,-9.320337161151697,-1.2762720155208536
7.74829,0.0,-0.0007125543940905605,-0.00932323250709312,-9.32323250709312,-1.2762720155208536
7.75851,0.0,-0.0013423394694340165,-0.009328899961961812,-9.328899961961811,-1.2778079052626083
7.76857,9.25199036482194,-0.001668704999750578,-0.009334141512634953,-9.334141512634952,-1.2532685759795683
7.78815,9.25199036482194,0.011978026401562829,-0.009186496285494785,-9.186496285494785,-1.0768506951879813
7.79821,9.25199036482194,0.01953925030906525,-0.009120688088510721,-9.120688088510722,-0.9848194837303205
7.80845,9.25199036482194,0.02595823816807765,-0.00903965466988114,-9.03965466988114,-0.9004502676889145
7.8185,9.25199036482194,0.029419670790352608,-0.008973121419142218,-8.973121419142219,-0.8160810516475087
7.83807,9.25199036482194,0.03230658664828143,-0.008731258143140583,-8.731258143140582,-0.659612284206217
7.84836,-10.49291946298991,0.034435176361713025,-0.008892459212967167,-8.892459212967166,-0.6166597313146366
7.86798,-10.49291946298991,0.0005012229495604929,-0.008600349975352653,-8.600349975352653,-0.7838622736556933
7.87821,-10.49291946298991,-0.010053662486724353,-0.008492694209689684,-8.492694209689684,-0.8682314896970992
7.88826,-10.49291946298991,-0.01638974930700017,-0.008009267170324805,-8.009267170324804,-0.9541365954802601
7.90785,-10.49291946298991,-0.026917636174916448,-0.007383111754337391,-7.38311175433739,-1.122875027563072
7.9179,-10.49291946298991,-0.026371462999633853,-0.0067104706571721245,-6.710470657172125,-1.2133703492789778
7.92813,-10.49291946298991,-0.029418285486863968,-0.006328435513303534,-6.328435513303534,-1.3008113448038938
7.93818,-10.49291946298991,-0.027644112620347428,-0.006629692697821236,-6.629692697821236,-1.3974502254868197
7.95777,-10.49291946298991,-0.022232905918534142,-0.007216802503886405,-7.216802503886405,-1.5723322165366516
7.96782,-10.49291946298991,-0.022160938942230445,-0.007487899231134252,-7.487899231134252,-1.6628275382525575
7.97796,-10.49291946298991,-0.02419820077930875,-0.008236417942031306,-8.236417942031306,-1.7533403132609835
7.98819,-10.49291946298991,-0.029837956492775288,-0.008805199416297258,-8.805199416297258,-1.8423171985276545
7.99824,-15.629423451609222,-0.032205540177027675,-0.009157522331171647,-9.157522331171647,-1.9726932936516308
8.01783,-15.629423451609222,-0.0439210662535557,-0.01018879263567609,-10.18879263567609,-2.291774387501234
8.02788,-15.629423451609222,-0.053166468118808055,-0.010611900408390863,-10.611900408390863,-2.4497615913917605
8.03811,-15.629423451609222,-0.05603759011896923,-0.011205506511497699,-11.205506511497699,-2.5970324736750428
8.04816,-15.629423451609222,-0.05931839517111822,-0.011719631837749406,-11.719631837749406,-2.741231576474814
8.06776,-15.629423451609222,-0.061707990195786835,-0.012772963334744827,-12.772963334744828,-3.0004653302735314
8.0778,-15.629423451609222,-0.06536634135412,-0.01307304310855683,-13.07304310855683,-3.136984984364528
8.08803,-15.629423451609222,-0.06822275776199432,-0.014217899770331643,-14.217899770331643,-3.2735220917480445
8.09831,-15.629423451609222,-0.070088756583364,-0.015030032229948113,-15.030032229948112,-3.405434076613776
8.11794,-15.629423451609222,-0.06767848767366634,-0.016947565920068602,-16.9475659200686,-3.6968866084043093
8.13752,-15.629423451609222,-0.07257209358990603,-0.018758383315210753,-18.758383315210754,-4.000626258128882
8.14758,-15.629423451609222,-0.07759818469358092,-0.019977117572896677,-19.977117572896677,-4.170900579953449
8.1578,-15.629423451609222,-0.08359126536018298,-0.021213164107626616,-21.213164107626614,-4.342693338227251
8.16786,-15.629423451609222,-0.08736745050313367,-0.022499956241183273,-22.499956241183273,-4.528309104176848
8.18744,-15.629423451609222,-0.09270410347247099,-0.02424319782766629,-24.24319782766629,-4.882663302209256
8.1975,-15.629423451609222,-0.097707783092973,-0.025357435837743896,-25.357435837743896,-5.063671398933589
8.20772,-15.629423451609222,-0.10288383746385209,-0.026504442161133047,-26.50444216113305,-5.237017500241666
8.21778,-15.629423451609222,-0.10753204067344474,-0.02775517936939958,-27.75517936939958,-5.407274368773712
8.22921,-15.629423451609222,-0.10829747334420005,-0.029087784927561484,-29.087784927561483,-5.579084580340035
8.24729,-15.629423451609222,-0.10798097622087688,-0.03137216106585368,-31.37216106585368,-5.856731557747292
8.25734,-15.629423451609222,-0.11038007823785931,-0.03273482874066222,-32.734828740662216,-6.004002440030574
8.26757,14.4356182432451,-0.10909543126845303,-0.03407290336418324,-34.07290336418324,-6.1451297633468345
8.27762,14.4356182432451,-0.0802987172598077,-0.035239327950098695,-35.2393279500987,-6.071494322205194
8.29721,14.4356182432451,-0.04823216693871501,-0.03647320411891832,-36.473204118918325,-5.931902888630687
8.30726,14.4356182432451,-0.036518446449923136,-0.037332074741641005,-37.33207474164101,-5.855213121298057
8.3175,14.4356182432451,-0.029433052805743418,-0.0383244656929045,-38.3244656929045,-5.781577680156416
8.32754,14.4356182432451,-0.021371310426280262,-0.038867804361231995,-38.867804361232,-5.704870459531265
8.34713,14.4356182432451,-0.01097128423032443,-0.03894743568591,-38.94743568591,-5.554545251056994
8.35718,14.4356182432451,-0.005024335159647219,-0.03902682742915618,-39.026827429156185,-5.476319593982607
8.36741,14.4356182432451,-0.0008756130986354083,-0.0385470599013923,-38.5470599013923,-5.393468814390437
8.37746,14.4356182432451,0.0036292798276063958,-0.03804583648235988,-38.04583648235988,-5.3090995983490314
8.39705,14.4356182432451,0.009137022813043183,-0.03737112948284437,-37.371129482844374,-5.143432945749729
8.4071,14.4356182432451,0.013271461844371703,-0.03671451918663672,-36.71451918663672,-5.052937624033824
8.41733,14.4356182432451,0.019581688025021964,-0.03602914734978693,-36.02914734978693,-4.9639607387671525
8.42739,14.4356182432451,0.02326051529398635,-0.035355781197101664,-35.35578119710166,-4.871929527309492
8.44697,14.4356182432451,0.027384879432742572,-0.0345703827930289,-34.570382793028905,-4.698583426001415
8.45702,14.4356182432451,0.03490789276742103,-0.033903295398280124,-33.90329539828012,-4.605016324801999
8.46725,14.4356182432451,0.03793873021171758,-0.0332713028179879,-33.2713028179879,-4.511431770310063
8.50602,14.4356182432451,0.04604096633770118,-0.03183064563872746,-31.830645638727457,-4.1570950255701735
8.51684,14.4356182432451,0.049386202928204274,-0.030665154410958628,-30.66515441095863,-4.075780135719758
8.52706,14.4356182432451,0.04935307194865419,-0.029983841866518098,-29.983841866518098,-3.9960185889036173
8.53711,14.4356182432451,0.04932786402683353,-0.029347610567193386,-29.347610567193385,-3.9131852626039665
8.55669,2.2305307840487534,0.024663120514673512,-0.028485053909361704,-28.485053909361703,-3.8364780419788156
8.56675,2.2305307840487534,0.0185331916061515,-0.027773188246305924,-27.773188246305924,-3.8364780419788156
8.57697,2.2305307840487534,0.01659567266696326,-0.027356170528213396,-27.356170528213397,-3.8349596055295807
8.58703,2.2305307840487534,0.01320131256091111,-0.026997768757264076,-26.997768757264076,-3.8364780419788156
8.60662,2.2305307840487534,0.0087776199577711,-0.026424251775062954,-26.424251775062952,-3.8364780419788156
8.61667,2.2305307840487534,0.008993800164389366,-0.026189564861074262,-26.189564861074263,-3.8364780419788156
8.62681,2.2305307840487534,0.007299257081116412,-0.025835252049413757,-25.835252049413757,-3.8349596055295807
8.63704,2.2305307840487534,0.0067764169889373985,-0.025867414376379336,-25.867414376379337,-3.8349596055295807
8.6471,2.2305307840487534,0.006008401145067626,-0.02571058747470631,-25.71058747470631,-3.8364780419788156
8.66668,2.2305307840487534,0.004677416635848782,-0.025751343413622882,-25.75134341362288,-3.8364780419788156
8.67673,2.2305307840487534,0.0037223719189354975,-0.025724554640623207,-25.724554640623207,-3.8364780419788156
8.68696,2.2305307840487534,0.0032838725301175356,-0.025738686444676855,-25.738686444676855,-3.8349596055295807
8.70637,2.2305307840487534,0.0030290707455088396,-0.025732045378796704,-25.732045378796705,-3.8349596055295807
8.71659,2.2305307840487534,0.002263730493593121,-0.0257494561017841,-25.749456101784098,-3.8364780419788156
8.72665,2.2305307840487534,0.002048077551577628,-0.02576142153486193,-25.761421534861928,-3.8349596055295807
8.73689,2.2305307840487534,0.001756661588084996,-0.025737601891445264,-25.737601891445262,-3.8349596055295807
8.74706,2.2305307840487534,0.00182656648026745,-0.02572295732552987,-25.722957325529872,-3.8364780419788156
8.76671,2.2305307840487534,0.002108479405865984,-0.025700457322448064,-25.700457322448063,-3.8349596055295807
8.77677,2.2305307840487534,0.0019167239686097032,-0.025700246946919615,-25.700246946919616,-3.8364780419788156
8.79636,2.2305307840487534,0.0018174447890708949,-0.025690327821426336,-25.690327821426337,-3.8349596055295807
8.80641,2.2305307840487534,0.0018925928514164979,-0.025694326257287063,-25.694326257287063,-3.8349596055295807
8.81664,2.2305307840487534,0.0018696646261703199,-0.02569666165222211,-25.696661652222108,-3.8349596055295807
8.82669,2.2305307840487534,0.0019574788859798697,-0.025697735292976108,-25.69773529297611,-3.8364780419788156
8.84629,0.0,0.0,-0.02571018307511097,-25.71018307511097,-3.8364780419788156
8.85633,0.0,0.0,-0.025717651744391886,-25.717651744391887,-3.8364780419788156
8.86655,0.0,0.0,-0.025722132945960437,-25.722132945960436,-3.8349596055295807
8.87656,0.0,0.0,-0.025724821666901564,-25.724821666901562,-3.8364780419788156
8.89585,0.0,0.0,-0.025726434899466244,-25.726434899466245,-3.8349596055295807
8.90608,0.0,0.0,-0.02572740283900505,-25.727402839005048,-3.8364780419788156
8.91612,0.0,0.0,-0.025727983602728335,-25.727983602728337,-3.8349596055295807
8.92635,0.0,0.0,-0.025728332060962304,-25.728332060962305,-3.8349596055295807
8.9364,0.0,0.0,-0.025728541135902686,-25.728541135902685,-3.8364780419788156
8.956,0.0,0.0,-0.025728666580866914,-25.728666580866914,-3.8364780419788156
8.96604,0.0,0.0,-0.025728741847845453,-25.728741847845452,-3.8349596055295807
8.97627,0.0,0.0,-0.025728787008032578,-25.728787008032576,-3.8349596055295807
8.98632,2.5132741228718345,4.8022098065775236e-05,-0.025728524530893512,-25.728524530893512,-3.8349596055295807
9.00582,2.5132741228718345,0.00017149709346153308,-0.025726650101867914,-25.726650101867914,-3.8349596055295807
9.01605,2.5132741228718345,0.0002032295794599868,-0.025726284537287328,-25.726284537287327,-3.8364780419788156
9.0261,2.5132741228718345,0.0002490187195798025,-0.025725811038818634,-25.725811038818634,-3.8334237157878257
9.03633,2.5132741228718345,0.000309827042966449,-0.025725126804226756,-25.725126804226754,-3.8349596055295807
9.05574,2.5132741228718345,0.0005113434952327463,-0.025720662875515877,-25.720662875515877,-3.8349596055295807
9.06598,2.5132741228718345,0.0006012991242362547,-0.02572024524281552,-25.72024524281552,-3.8349596055295807
9.07602,2.5132741228718345,0.000625287526696291,-0.0257199223129538,-25.719922312953802,-3.8349596055295807
9.08625,2.5132741228718345,0.0007037109693712885,-0.025719175909167585,-25.719175909167586,-3.8349596055295807
9.10566,2.5132741228718345,0.0008658390289970754,-0.025712963883494155,-25.712963883494155,-3.8349596055295807
9.11589,2.5132741228718345,0.0008833793214419748,-0.025713898047146785,-25.713898047146785,-3.8349596055295807
9.12618,2.5132741228718345,0.0008812542837352971,-0.025714439863665596,-25.714439863665596,-3.8364780419788156
9.14598,2.5132741228718345,0.0009946595560287497,-0.02570838926199904,-25.708389261999038,-3.8349596055295807
9.16556,2.5132741228718345,0.0010239970710854422,-0.025704545538933615,-25.704545538933615,-3.8349596055295807
9.17562,2.5132741228718345,0.001005883245224905,-0.025708197711417295,-25.708197711417295,-3.8364780419788156
9.18586,2.5132741228718345,0.0009357928992292019,-0.025710711014602816,-25.710711014602815,-3.8349596055295807
9.1959,3.80132711084365,0.0008540439241899433,-0.02571282374748767,-25.712823747487672,-3.8349596055295807
9.21548,3.80132711084365,0.0008269550024305183,-0.025709521080449355,-25.709521080449356,-3.8349596055295807
9.22554,3.80132711084365,0.0007380053834354638,-0.0257127999471005,-25.7127999471005,-3.8349596055295807
9.23578,3.80132711084365,0.000620974823618708,-0.02571540659826929,-25.71540659826929,-3.8364780419788156
9.24582,3.80132711084365,0.000552635656140525,-0.025717456781094286,-25.717456781094285,-3.8349596055295807
9.25596,3.80132711084365,0.0005093202372316842,-0.025718917263658558,-25.718917263658557,-3.8349596055295807
9.27554,3.80132711084365,0.0004814596841680861,-0.025717236069150832,-25.717236069150832,-3.8364780419788156
9.2856,3.80132711084365,0.00042705959699924835,-0.025719305809088315,-25.719305809088315,-3.8364780419788156
9.29582,3.80132711084365,0.00035960404946174847,-0.025720920292746995,-25.720920292746996,-3.8364780419788156
9.30588,3.80132711084365,0.00040792952576355245,-0.025721631812355993,-25.721631812355994,-3.8349596055295807
9.32546,3.80132711084365,0.0006721600438467601,-0.02571662445054379,-25.71662445054379,-3.8349596055295807
9.33552,3.80132711084365,0.0007435539207100703,-0.025717028478186174,-25.717028478186172,-3.8349596055295807
9.34574,3.80132711084365,0.0008468049408014906,-0.025716566378340015,-25.716566378340016,-3.8349596055295807
9.3558,3.80132711084365,0.0009369503279693251,-0.025715826294149688,-25.71582629414969,-3.8349596055295807
9.37538,3.80132711084365,0.0010777907658319572,-0.025708375789898125,-25.708375789898124,-3.8364780419788156
9.3857,3.80132711084365,0.0009843875551319937,-0.0257104720455228,-25.7104720455228,-3.8364780419788156
9.40549,-4.900884539600078,0.0006861981558882158,-0.025709677209735965,-25.709677209735965,-3.8364780419788156
9.42508,-4.900884539600078,0.0004591947316837729,-0.025711950850290675,-25.711950850290677,-3.8364780419788156
9.43513,-4.900884539600078,0.00047673966320352926,-0.025715837669330593,-25.715837669330593,-3.8364780419788156
9.44536,-4.900884539600078,0.0007437303082241111,-0.02571647948429178,-25.71647948429178,-3.8349596055295807
9.45541,-4.900884539600078,0.0009517496426081317,-0.02571569053955545,-25.71569053955545,-3.8349596055295807
9.475,12.142255606124552,0.02252235980919498,-0.025456228405861307,-25.456228405861307,-3.713763942271094
9.48505,12.142255606124552,0.027739522905153496,-0.025398009619724018,-25.398009619724018,-3.6401285011294533
9.49528,12.142255606124552,0.033944729720996825,-0.025321994920132238,-25.321994920132237,-3.5665105132803325
9.50533,12.142255606124552,0.03720769785946607,-0.025260376433312033,-25.260376433312032,-3.492875072138692
9.51547,12.142255606124552,0.03934457936715375,-0.02520839533844276,-25.208395338442763,-3.420775520738806
9.53506,9.958848711879645,0.04130911971199127,-0.024326194255900085,-24.326194255900084,-3.291917862064065
9.54511,9.958848711879645,0.042752777099161,-0.023866433496519197,-23.866433496519196,-3.219818310664179
9.55535,9.958848711879645,0.04420126982317012,-0.023376742065804743,-23.37674206580474,-3.1553982079730685
9.56539,9.958848711879645,0.044671320825938096,-0.023085399772514212,-23.08539977251421,-3.0848345463149376
9.58498,9.958848711879645,0.04450740029378721,-0.022158726700039204,-22.158726700039203,-2.954440997898441
9.59503,9.958848711879645,0.044576132961427435,-0.021568607818537942,-21.56860781853794,-2.8884850054655753
9.60526,9.958848711879645,0.04530641298742794,-0.020972610018709998,-20.972610018709997,-2.817921343807445
9.61531,9.958848711879645,0.045222222281195074,-0.020620412101374466,-20.620412101374466,-2.7535012411163344
9.6349,9.958848711879645,0.04501884911511434,-0.019678067027703458,-19.67806702770346,-2.6169641337328176
9.64521,9.958848711879645,0.04589171487528081,-0.019097380023241545,-19.097380023241545,-2.541810256141942
9.66502,9.958848711879645,0.04708939267328055,-0.018259130040881966,-18.259130040881967,-2.39146759437515
9.67524,9.958848711879645,0.0462560027916469,-0.01772982403696436,-17.72982403696436,-2.3178496065260292
9.69465,9.958848711879645,0.04891492652786089,-0.01659117049292292,-16.59117049292292,-2.158309059601228
9.70488,9.958848711879645,0.05045685583336313,-0.015958570608945333,-15.958570608945333,-2.0739398435598217
9.71494,9.958848711879645,0.04976789834627634,-0.015588315825245806,-15.588315825245806,-1.9880347377766612
9.72516,9.958848711879645,0.0487307078618459,-0.01517698886122584,-15.176988861225839,-1.9021296319935
9.74457,0.0,0.04823767546437105,-0.014118227111112788,-14.118227111112787,-1.7548762030027385
9.7548,0.0,0.038011415602765546,-0.013811431960533213,-13.811431960533213,-1.7579479824862485
9.76485,0.0,0.03280318572919974,-0.013332531427737968,-13.332531427737969,-1.7594838722280037
9.775,0.0,0.028394674312085356,-0.013070070751447269,-13.070070751447268,-1.7579479824862485
9.79458,0.0,0.021377622033143587,-0.012331893262689762,-12.331893262689762,-1.7594838722280037
9.80464,0.0,0.017935353024100067,-0.011720149363938375,-11.720149363938376,-1.7579479824862485
9.81486,0.0,0.01570380544496358,-0.011648873424069141,-11.64887342406914,-1.7594838722280037
9.82492,0.0,0.014358325252975443,-0.011615736743909151,-11.615736743909151,-1.7594838722280037
9.8445,0.0,0.013486269963047321,-0.011426380375811795,-11.426380375811794,-1.7579479824862485
9.85455,0.0,0.01226000762092495,-0.011262350130459786,-11.262350130459787,-1.7579479824862485
9.86479,0.0,0.011532051756800199,-0.011306584777069629,-11.306584777069629,-1.7594838722280037
9.87484,0.0,0.011119305004015973,-0.011336929081855086,-11.336929081855086,-1.7594838722280037
9.89442,0.0,0.010665877181916873,-0.011292229752972074,-11.292229752972075,-1.7579479824862485
9.90475,0.0,0.009388386821311859,-0.011239471743349836,-11.239471743349835,-1.7594838722280037
9.92455,0.0,0.008235339416396726,-0.011196085901600317,-11.196085901600316,-1.7579479824862485
9.93477,0.0,0.0,-0.011267890228817398,-11.267890228817398,-1.7594838722280037
9.95419,0.0,-0.0002105735844384012,-0.011276205662190683,-11.276205662190684,-1.7579479824862485
9.96441,0.0,0.0,-0.01127874131880878,-11.27874131880878,-1.7579479824862485
9.97447,0.0,0.0,-0.011280262712779637,-11.280262712779637,-1.7579479824862485
9.99405,0.0,0.0008412500595424475,-0.011294555522439423,-11.294555522439422,-1.7579479824862485
10.00463,0.0,0.0012788453995302975,-0.011304896103338579,-11.30489610333858,-1.7579479824862485
10.02456,0.0,0.0,-0.011319218562474292,-11.319218562474292,-1.7594838722280037
10.04449,0.0,0.0,-0.01132781203795572,-11.32781203795572,-1.7579479824862485
10.05586,0.0,0.0,-0.011332968123244577,-11.332968123244576,-1.7579479824862485
10.07371,-4.995132319207771,-0.00030013018625104097,-0.01133927616871264,-11.33927616871264,-1.7594838722280037
10.08411,-4.995132319207771,-0.00041517070693768826,-0.01134243726691002,-11.34243726691002,-1.7594838722280037
10.10404,-4.995132319207771,6.603457774102069e-05,-0.011340953619136531,-11.340953619136531,-1.7579479824862485
10.11444,-4.995132319207771,0.00040926486869166185,-0.011338299259172426,-11.338299259172427,-1.7579479824862485
10.13437,-4.995132319207771,0.0011913206389217168,-0.011325014643774375,-11.325014643774376,-1.7579479824862485
10.15431,-4.995132319207771,0.0016765999995839356,-0.011311230844340749,-11.311230844340749,-1.7579479824862485
10.17424,-4.995132319207771,0.0016385403913085584,-0.011303425741076328,-11.303425741076328,-1.7579479824862485
10.19417,-4.995132319207771,0.0013531687438607185,-0.011302155153277855,-11.302155153277855,-1.7594838722280037
10.21411,-4.995132319207771,0.0012757332889507893,-0.01130231111936885,-11.30231111936885,-1.7564120927444937
10.23413,-4.995132319207771,0.0014945616018768057,-0.011299714898130711,-11.299714898130711,-1.7579479824862485
10.25406,-4.995132319207771,0.0019410678333721635,-0.011292898550198105,-11.292898550198105,-1.7579479824862485
10.27401,-4.995132319207771,0.0020921514973042017,-0.011286976977167278,-11.286976977167278,-1.7594838722280037
10.29393,-4.995132319207771,0.0020043176180969857,-0.011284511482600018,-11.284511482600017,-1.7594838722280037
10.31386,4.4924774946334045,0.001776629994085781,-0.011285742848561877,-11.285742848561876,-1.7579479824862485
10.33379,4.4924774946334045,0.001661245690031682,-0.011287861433646872,-11.28786143364687,-1.7610023086772386
10.35373,4.4924774946334045,0.001929764736967941,-0.011285910055346182,-11.285910055346182,-1.7579479824862485
10.37366,4.4924774946334045,0.0025607129427298748,-0.011277205928309691,-11.27720592830969,-1.7579479824862485
10.3936,4.4924774946334045,0.0031208866125706143,-0.011265266170024164,-11.265266170024164,-1.7594838722280037
10.41353,4.4924774946334045,0.002384038545248617,-0.011266932269561561,-11.266932269561561,-1.7579479824862485
10.42393,4.4924774946334045,0.0010314184657997023,-0.01129000421098149,-11.29000421098149,-1.7579479824862485
10.44362,-15.001104920891263,-0.0297965717117208,-0.011662300125262287,-11.662300125262288,-1.8361736395606343
10.46354,-15.001104920891263,-0.042322380561130114,-0.012039498068095164,-12.039498068095163,-2.0079838511269563
10.48347,-15.001104920891263,-0.050597332730671504,-0.012365022646121628,-12.365022646121629,-2.176722283209768
10.5034,-15.001104920891263,-0.05431903200058091,-0.012581578493830247,-12.581578493830246,-2.3377812665838045
10.52334,-15.001104920891263,-0.05449200001073732,-0.013118683140116869,-13.118683140116868,-2.489642364799831
10.54327,0.0,-0.05430102260332027,-0.013796585144293234,-13.796585144293234,-2.6031585793495426
10.55367,0.0,-0.04304939190284243,-0.014106431267498942,-14.106431267498943,-2.6001042531585523
10.5736,0.0,-0.029015251234936958,-0.01486385026452363,-14.86385026452363,-2.6016226896077876
10.59354,0.0,-0.02072365788760421,-0.01582411258483451,-15.82411258483451,-2.6031585793495426
10.61347,0.0,-0.017131418816046434,-0.01605942350935329,-16.059423509353287,-2.6016226896077876
10.6334,0.0,-0.016461160725715376,-0.01635543597065782,-16.35543597065782,-2.6016226896077876
10.65334,0.0,-0.01647281284767305,-0.016556544599368766,-16.556544599368767,-2.6031585793495426
10.67327,0.0,-0.01639738073769367,-0.016634335560388923,-16.634335560388923,-2.6031585793495426
10.68342,0.0,-0.01521163952641033,-0.01664735807978583,-16.647358079785832,-2.6031585793495426
10.70335,0.0,0.0,-0.016516006748754593,-16.51600674875459,-2.6031585793495426
10.72328,0.0,0.0011829289826254226,-0.016450966060133743,-16.450966060133744,-2.6016226896077876
10.74322,0.0,0.001663373031891087,-0.016406186516781922,-16.406186516781922,-2.6031585793495426
10.76315,0.0,0.0014510620694864237,-0.016381867585497457,-16.381867585497456,-2.6016226896077876
10.78308,0.0,0.0006775139474811951,-0.016376526315169716,-16.376526315169716,-2.6031585793495426
10.79314,0.0,0.0,-0.016381423264757052,-16.381423264757053,-2.6016226896077876
10.80323,0.0,8.626974657612591e-05,-0.01638383915746368,-16.383839157463683,-2.6016226896077876
10.82317,0.0,0.0,-0.016385810970133433,-16.385810970133434,-2.6016226896077876
10.8431,0.0,0.0,-0.016386994057735284,-16.386994057735283,-2.6031585793495426
10.86304,0.0,0.0,-0.016387703910296394,-16.387703910296395,-2.6031585793495426
10.88297,0.0,0.0,-0.016388129821833058,-16.388129821833058,-2.6031585793495426
10.90292,0.0,0.0,-0.016388385368755056,-16.388385368755056,-2.6016226896077876
10.92283,0.0,0.0,-0.016388538696908258,-16.38853869690826,-2.6031585793495426
10.94277,0.0,0.0,-0.01638863069380018,-16.388630693800177,-2.6016226896077876
10.9627,0.0,0.0,-0.01638868589193533,-16.38868589193533,-2.6016226896077876
10.98263,0.0,0.0,-0.01638871901081642,-16.38871901081642,-2.6016226896077876
11.00257,0.0,0.0,-0.016388738882145076,-16.388738882145077,-2.6016226896077876
11.0225,0.0,0.0,-0.01638875080494227,-16.38875080494227,-2.6016226896077876
11.04243,0.0,0.0,-0.016388757958620586,-16.388757958620587,-2.6031585793495426
11.06237,0.0,0.0,-0.016388762250827575,-16.388762250827575,-2.6031585793495426
11.0823,0.0,0.0,-0.01638876482615177,-16.388764826151768,-2.6016226896077876
11.0927,0.0,0.0,-0.016388766371346283,-16.388766371346282,-2.6016226896077876
11.11263,0.0,0.0,-0.016388767298462992,-16.38876729846299,-2.6016226896077876
11.13257,0.0,0.0,-0.01638876785473302,-16.38876785473302,-2.6031585793495426
11.1525,0.0,0.0,-0.016388768188495034,-16.388768188495032,-2.6031585793495426
11.16254,0.0,0.0,-0.016388768388752244,-16.388768388752244,-2.6016226896077876
11.18218,-7.634070148223198,-4.423381502447083e-05,-0.016389289760182817,-16.389289760182816,-2.6016226896077876
11.20212,-7.634070148223198,0.0002024160821812334,-0.016386659625757697,-16.386659625757698,-2.6016226896077876
11.22205,-7.634070148223198,0.0005677755119754163,-0.01638071379153764,-16.38071379153764,-2.6016226896077876
11.23245,-7.634070148223198,0.00069349475933926,-0.016379608343279527,-16.379608343279525,-2.6031585793495426
11.25238,-7.634070148223198,0.0007227543214176681,-0.016374629785447428,-16.37462978544743,-2.6031585793495426
11.27232,-7.634070148223198,0.0004978934049791572,-0.016374328550226507,-16.374328550226508,-2.6016226896077876
11.29225,-7.634070148223198,0.00025972110249358597,-0.016376998860847508,-16.376998860847507,-2.6016226896077876
11.31218,-7.634070148223198,0.00036823203025655575,-0.01637730347354592,-16.377303473545922,-2.6031585793495426
11.33213,-7.634070148223198,0.0006455768206250893,-0.016374162005239893,-16.374162005239892,-2.6016226896077876
11.34219,-7.634070148223198,0.0007575496956325502,-0.01637543210883632,-16.37543210883632,-2.6016226896077876
11.36189,-7.634070148223198,0.0011338657771903721,-0.016367364447470625,-16.367364447470624,-2.6031585793495426
11.38182,0.0,0.0,-0.016375926144137597,-16.375926144137598,-2.6031585793495426
11.40176,0.0,0.0,-0.01638106316213778,-16.38106316213778,-2.6016226896077876
11.42169,0.0,-0.0005180411160708531,-0.016390340108603865,-16.390340108603866,-2.6016226896077876
11.43209,0.0,-0.0009817368089174335,-0.016395837578505188,-16.395837578505187,-2.6016226896077876
11.45202,0.0,-0.0012299180660978553,-0.016407717382992733,-16.407717382992733,-2.6031585793495426
11.47195,0.0,-0.0011658180474719837,-0.016414078757662532,-16.414078757662534,-2.6031585793495426
11.4919,0.0,-0.0009669167765120079,-0.01641552872406759,-16.41552872406759,-2.6016226896077876
11.51182,0.0,-0.0006191473336006211,-0.01641222475902697,-16.41222475902697,-2.6031585793495426
11.53184,0.0,0.00013478737078268026,-0.016401223265173563,-16.401223265173563,-2.6031585793495426
11.55177,0.0,0.0011813187827783831,-0.016382115224754898,-16.382115224754898,-2.6031585793495426
11.57171,9.299114254625788,0.0027958778856044257,-0.01635132672748479,-16.35132672748479,-2.570957254650247
11.59164,9.299114254625788,0.017813017776131423,-0.016153295445579113,-16.153295445579115,-2.4221504826252107
11.61158,9.299114254625788,0.031010204520075614,-0.015876478656124505,-15.876478656124505,-2.265681715183919
11.63151,9.299114254625788,0.03507282674259377,-0.015368880272034615,-15.368880272034614,-2.1030868420681275
11.65144,9.299114254625788,0.03803613620361962,-0.0144984900663753,-14.4984900663753,-1.9358842997270707
11.67137,9.299114254625788,0.038804659202128396,-0.013780962113149303,-13.780962113149304,-1.7579479824862485
11.69131,9.299114254625788,0.03941803762814109,-0.012798520345713146,-12.798520345713147,-1.5799942119529067
11.71124,0.0,0.007928229594396315,-0.012297385978632731,-12.29738597863273,-1.4710856666284606
11.72157,0.0,-0.004238936654390752,-0.011857238692718305,-11.857238692718305,-1.4726215563702156
11.74099,0.0,-0.011728842925912199,-0.011461606888200006,-11.461606888200006,-1.4710856666284606
11.75138,0.0,-0.010342144116219861,-0.010947322039141186,-10.947322039141186,-1.4695497768867054
11.77132,0.0,-0.012346966446997893,-0.010745260288834043,-10.745260288834043,-1.4710856666284606
11.79125,0.0,-0.011601329329095909,-0.010531286103878814,-10.531286103878815,-1.4710856666284606
11.81118,11.24690169985146,-0.010086196215796237,-0.010245205757276188,-10.245205757276189,-1.4695497768867054
11.83112,11.24690169985146,0.018632188923497734,-0.009757946881457522,-9.75794688145752,-1.2977395653203838
11.85106,11.24690169985146,0.026367547661652647,-0.009419571681976586,-9.419571681976587,-1.122875027563072
11.87099,11.24690169985146,0.03218802586279647,-0.009375080683217105,-9.375080683217105,-0.9495289262549951
11.89092,11.24690169985146,0.03620985651870785,-0.008658234813219073,-8.658234813219073,-0.7853981633974483
11.91094,11.24690169985146,0.035843407061341745,-0.007728093403951742,-7.728093403951742,-0.6273935062144017
11.93087,11.24690169985146,0.03308604524008791,-0.0067768778218585506,-6.776877821858551,-0.475532407998375
11.95081,11.24690169985146,0.03412751788798585,-0.005974817775190067,-5.974817775190067,-0.32827897900761344
11.97074,11.24690169985146,0.03311149972714171,-0.004980192732588588,-4.980192732588589,-0.18561576594959694
11.98114,11.24690169985146,0.037448145542980295,-0.004313058802808873,-4.313058802808873,-0.1150521042914662
12.00107,11.24690169985146,0.04033852245950802,-0.003394236265427857,-3.394236265427857,0.02453932928304027
12.02101,11.24690169985146,0.044967430915429346,-0.0026337847898511403,-2.6337847898511404,0.16259487311579177
12.04094,11.24690169985146,0.046731700282077696,-0.0015704595057894788,-1.5704595057894788,0.30525808617380823
12.06087,11.24690169985146,0.04415077516939522,-0.0006469505237658455,-0.6469505237658455,0.4463854094900697
12.0808,11.24690169985146,0.04723953983348743,0.0004326128718138742,0.4326128718138742,0.5967106179643413
12.0909,11.24690169985146,0.04779305660239254,0.0009958428424528924,0.9958428424528925,0.6672742796224721
12.11059,11.24690169985146,0.04323391608801392,0.0021551052440904285,2.1551052440904286,0.8268148265472737
12.13052,11.24690169985146,0.04101214879817259,0.003007119115961186,3.007119115961186,0.9894096996630655
12.15045,-9.236282401553993,0.0014232133474045196,0.0033938676336149705,3.3938676336149705,0.8820370440803743
12.17038,-9.236282401553993,-0.015474637177185275,0.0039402903809186,3.9402903809186003,0.7224964971555726
12.18078,-9.236282401553993,-0.018905244773838092,0.004558545611453848,4.558545611453848,0.6442708400811868
12.20073,-9.236282401553993,-0.029599348709226384,0.004916487871291361,4.916487871291361,0.49240974186516023
12.22065,-9.236282401553993,-0.03442691401616005,0.0046739637165216456,4.673963716521645,0.3482106390653887
12.24059,-9.236282401553993,-0.038224700626507305,0.0040964339306709405,4.0964339306709405,0.2055474260073722
12.26052,-9.236282401553993,-0.03551449977445482,0.003619713136315686,3.619713136315686,0.06749188217462072
12.28054,-9.236282401553993,-0.033785480242696606,0.002933798237748238,2.933798237748238,-0.07363544114164076
12.30047,-9.236282401553993,-0.03649054814967334,0.002077645486722652,2.077645486722652,-0.21169098497439223
12.3204,-9.236282401553993,-0.040102153841138063,0.0011904319537786013,1.1904319537786012,-0.3558900877741637
12.34034,-9.236282401553993,-0.04089857816870114,0.00020633819987539854,0.20633819987539853,-0.5016076270231703
12.36027,-9.236282401553993,-0.042493227647345436,-0.0005099511827563146,-0.5099511827563146,-0.655004614980952
12.3802,-9.236282401553993,-0.042196661785666056,-0.0015131003563854028,-1.5131003563854029,-0.8130092721639987
12.40014,-9.236282401553993,-0.041525793096275514,-0.002377067323664283,-2.3770673236642827,-0.9786759247633003
12.42007,-9.236282401553993,-0.04025489022566333,-0.003433659792393509,-3.4336597923935086,-1.1535579158131322
12.44,-9.236282401553993,-0.04088151074511439,-0.0046148095140637795,-4.614809514063779,-1.331494233053954
12.45994,-9.236282401553993,-0.04759664777915356,-0.005613451346396668,-5.613451346396667,-1.5094305502947758
12.47016,-9.236282401553993,-0.05106348380208307,-0.006156373053641255,-6.156373053641255,-1.5937997663361818
12.48026,-9.236282401553993,-0.05236679575584835,-0.006732935154747866,-6.732935154747866,-1.693510426502618
12.50019,-9.236282401553993,-0.0501000252645613,-0.007574645141831374,-7.5746451418313745,-1.8714641970359598
12.52013,-9.236282401553993,-0.04853704204196127,-0.008270639013748844,-8.270639013748843,-2.0402026291187716
12.54006,0.0,-0.018866368012206664,-0.008886801094246518,-8.886801094246518,-2.1414317257344426
12.55999,0.0,-0.007983330877850078,-0.009410167328009141,-9.410167328009141,-2.1429676154761976
12.57993,0.0,-0.0035158926412652714,-0.010122088329338912,-10.122088329338911,-2.1414317257344426
12.59986,0.0,-0.0016043112217773961,-0.011042799277451103,-11.042799277451103,-2.1414317257344426
12.61979,0.0,-0.0014881318005155381,-0.011658972913933937,-11.658972913933937,-2.1429676154761976
12.63973,0.0,-0.0026541654872568278,-0.011921668960963385,-11.921668960963386,-2.1429676154761976
12.65111,0.0,-0.0036722982073567672,-0.012142395542381668,-12.142395542381667,-2.1414317257344426
12.66904,0.0,-0.0039976629821459435,-0.012185754194141571,-12.185754194141571,-2.1429676154761976
12.67944,0.0,-0.004086415939690011,-0.012250092911843508,-12.250092911843508,-2.1414317257344426
12.68984,0.0,0.0,-0.01223062873643352,-12.23062873643352,-2.1414317257344426
12.70977,0.0,0.0,-0.012218950231187528,-12.218950231187529,-2.1414317257344426
12.7297,0.0,0.00012440975128500203,-0.012210455436234068,-12.210455436234069,-2.1414317257344426
12.74964,0.0,-5.66771476363826e-05,-0.012207524336462178,-12.207524336462178,-2.1414317257344426
12.76957,0.0,0.0,-0.012205087591204724,-12.205087591204723,-2.1414317257344426
12.7895,0.0,0.0,-0.01220362554405025,-12.20362554405025,-2.1414317257344426
12.80944,0.0,0.00025229320860901185,-0.012199729879809768,-12.199729879809768,-2.1414317257344426
12.82928,10.80707872834889,0.020348207792909266,-0.011958185851646482,-11.958185851646482,-2.0248611849937417
12.84922,10.80707872834889,0.033121749632361745,-0.011659215887713728,-11.659215887713728,-1.8515150836856646
12.86915,10.80707872834889,0.03786952829836058,-0.011423258702563888,-11.423258702563889,-1.6735787664448425
12.87955,10.80707872834889,0.04103873225074612,-0.011478446521621078,-11.478446521621077,-1.5769398857619168
12.89948,10.80707872834889,0.04092026890192206,-0.010961939812686727,-10.961939812686728,-1.398986115228575
12.91943,10.80707872834889,0.04011973562284213,-0.010163299377346911,-10.163299377346911,-1.2179780185042428
12.93935,10.80707872834889,0.03973962086948393,-0.009577718103827865,-9.577718103827866,-1.0431134807469309
12.9593,10.80707872834889,0.03845950560409972,-0.008738496660369036,-8.738496660369035,-0.8743750486641192
12.97922,10.80707872834889,0.03848648098857821,-0.007825905225608139,-7.825905225608139,-0.7117627222558075
12.99916,10.80707872834889,0.04032052095207836,-0.006809296876502318,-6.809296876502318,-0.5568298445562709
13.00957,10.80707872834889,0.04252732380279522,-0.006416100915237226,-6.416100915237227,-0.48473029315638516
13.02921,15.173892516838702,0.0430242218407074,-0.005515425355402215,-5.515425355402215,-0.33440508468211355
13.04914,15.173892516838702,0.042760755578962,-0.004491466967537362,-4.491466967537362,-0.19020598188234203
13.06907,15.173892516838702,0.04049428352901299,-0.0036622594262332355,-3.6622594262332355,-0.05215043804959057
13.08901,15.173892516838702,0.04591848720979653,-0.002625031991786488,-2.625031991786488,0.08897688526667091
13.10894,15.173892516838702,0.04888985018789334,-0.001678978544237594,-1.678978544237594,0.2285683188411774
13.12887,15.173892516838702,0.04451943799737847,-0.0006192541566259458,-0.6192541566259457,0.3681597524156839
13.14881,15.173892516838702,0.050210723031353544,0.0005781132810231749,0.5781132810231749,0.5138772916646904
13.16874,15.173892516838702,0.04928767418597706,0.0014387303224281738,1.4387303224281738,0.664219953431482
13.18867,-14.90685714128357,0.047727963081470946,0.0025180239963028665,2.5180239963028663,0.7700567192724181
13.20861,-14.90685714128357,0.019129590392250536,0.0034239204951531234,3.4239204951531232,0.6059259564148713
13.22854,-14.90685714128357,-0.0005989067876087596,0.0038710081215048158,3.8710081215048158,0.45865507413158985
13.24847,-14.90685714128357,-0.015676292247711183,0.004475403455268347,4.475403455268347,0.3144734246243383
13.26841,-14.90685714128357,-0.018639091295582867,0.005142139163025145,5.142139163025145,0.17181021156632179
13.27881,-14.90685714128357,-0.017151699318888894,0.0047974218500490265,4.797421850049027,0.09817477042468103
13.29874,-14.90685714128357,-0.016587886184502784,0.004141010246776603,4.141010246776603,-0.04141666314982544
13.31868,-14.90685714128357,-0.018961833402261874,0.0037186618529827767,3.718661852982777,-0.1794722069825769
13.33861,-14.90685714128357,-0.01768563327240291,0.002917663297621805,2.9176632976218047,-0.32674308926585843
13.35854,-14.90685714128357,-0.019471505310623825,0.0018899653816970394,1.8899653816970394,-0.4694063023238749
13.37847,-14.90685714128357,-0.023613153645842162,0.0009260546704469171,0.9260546704469171,-0.6197315107981466
13.38884,-14.90685714128357,-0.03612158911340668,0.00013547525139962326,0.13547525139962327,-0.6948853883890224
13.40842,-14.90685714128357,-0.04130458130232865,-0.0011530289933521284,-1.1530289933521283,-0.8590336045390891
13.42835,-14.90685714128357,-0.04153712965455583,-0.0020911219767193404,-2.0911219767193403,-1.0231643673966357
13.44828,6.141813637768046,-0.020548051563875777,-0.0029008181210342975,-2.9008181210342974,-1.0661169202882164
13.46822,6.141813637768046,-0.0096409077773453,-0.0035400743711872552,-3.5400743711872553,-1.0676528100299711
13.48815,6.141813637768046,-0.00573098230863322,-0.004546789181608625,-4.5467891816086246,-1.0676528100299711
13.50808,6.141813637768046,-0.005362350429448975,-0.005239461883757268,-5.239461883757268,-1.0691886997717261
13.52802,6.141813637768046,-0.005605445147261325,-0.006076739685934888,-6.076739685934888,-1.0661169202882164
13.54795,6.141813637768046,-0.005695851407344176,-0.006440575938767998,-6.4405759387679975,-1.0676528100299711
13.56788,6.141813637768046,-0.006375895453586303,-0.006406464292632946,-6.406464292632946,-1.0661169202882164
13.57828,6.141813637768046,-0.006661258644971581,-0.006528119241286037,-6.528119241286037,-1.0661169202882164
13.59822,6.141813637768046,-0.005466129214451801,-0.00664820570543175,-6.64820570543175,-1.0676528100299711
13.61815,6.141813637768046,-0.004128555914497073,-0.006648398936078773,-6.648398936078773,-1.0661169202882164
13.63808,6.141813637768046,-0.002669026206664124,-0.00667758777617427,-6.677587776174271,-1.0676528100299711
13.65802,6.141813637768046,-0.0015002968738872787,-0.006681134416651466,-6.681134416651466,-1.0661169202882164
13.67795,6.141813637768046,-0.0006358070060388647,-0.006654305446135388,-6.654305446135388,-1.0676528100299711
13.69788,6.141813637768046,-0.00012493114653219534,-0.006599530839730276,-6.599530839730276,-1.0661169202882164
13.71782,6.141813637768046,-8.195066042655658e-05,-0.00656615260693832,-6.566152606938321,-1.0661169202882164
13.73776,-15.488051782197681,-0.05459651857257654,-0.007198337957764111,-7.198337957764111,-1.2916134596458837
13.75768,-15.488051782197681,-0.07472095241369678,-0.007817521243305819,-7.817521243305819,-1.6536296530945473
13.76805,-15.488051782197681,-0.08031461741310553,-0.007795683940926645,-7.795683940926645,-1.8285116441443794
13.78775,-15.488051782197681,-0.09677836218276988,-0.008426784250955156,-8.426784250955155,-2.175186393468013
13.80766,-15.488051782197681,-0.0953176847844568,-0.008683874363523117,-8.683874363523117,-2.4850521488670863
13.8276,-15.488051782197681,-0.09174352195402849,-0.00989509547299059,-9.89509547299059,-2.7657709057578543
13.84753,-15.488051782197681,-0.08306779888655674,-0.011378263603239222,-11.378263603239223,-3.032684108265347
13.86747,-15.488051782197681,-0.07702394903737468,-0.01311756823606638,-13.11756823606638,-3.3026690902563502
13.8874,-15.488051782197681,-0.075444863283097,-0.014597760552563527,-14.597760552563528,-3.577244288180098
13.90733,-15.488051782197681,-0.07776906590301227,-0.01650467166180146,-16.50467166180146,-3.879430594870396
13.92727,-15.488051782197681,-0.08079466022877473,-0.01871835941882186,-18.71835941882186,-4.209245463619764
13.9472,-15.488051782197681,-0.08739879424249287,-0.020594971714939646,-20.594971714939646,-4.560527882168663
13.95754,-15.488051782197681,-0.09434948387140393,-0.021740385875918283,-21.74038587591828,-4.735392419925975
13.97695,-15.488051782197681,-0.1003275794631778,-0.02344804916975889,-23.44804916975889,-5.0974260666671585
13.98735,-15.488051782197681,-0.10541379902275394,-0.024534283544365626,-24.534283544365625,-5.27536238390798
14.00728,-15.488051782197681,-0.10513644318753376,-0.026785771746865642,-26.78577174686564,-5.597497803948574
14.02722,-15.488051782197681,-0.10538881708408976,-0.02864279523422149,-28.64279523422149,-5.895093894706127
14.04715,-15.488051782197681,-0.10594168502770936,-0.030698159943468688,-30.69815994346869,-6.175812651596895
14.06708,-15.488051782197681,-0.10745565296289619,-0.03255897284677747,-32.55897284677747,-6.454995518745908
14.08702,-15.488051782197681,-0.10343042564831974,-0.034572424449545974,-34.57242444954598,-6.743376271052932
14.10695,-4.743804906920588,-0.051902812092749995,-0.03608957418903129,-36.08957418903129,-6.861500154827907
14.12689,-4.743804906920588,-0.026149080435890502,-0.03709218104245293,-37.092181042452935,-6.859964265086153
14.1469,-4.743804906920588,-0.014502466958566732,-0.038597195632635015,-38.597195632635014,-6.858428375344397
14.16684,-4.743804906920588,-0.010074482278219795,-0.04055393667371082,-40.55393667371082,-6.859964265086153
14.18677,3.314380249537232,-0.012600959033782597,-0.04225130761481328,-42.25130761481328,-6.858428375344397
14.19717,3.314380249537232,-0.017027606685675933,-0.04310433268638818,-43.104332686388176,-6.861500154827907
14.2171,3.314380249537232,-0.01862507087493631,-0.04385823414761157,-43.85823414761157,-6.859964265086153
14.23704,3.314380249537232,-0.0189651240442391,-0.04420774546759523,-44.20774546759523,-6.859964265086153
14.25697,3.314380249537232,-0.017367524116071592,-0.04445871811423976,-44.45871811423976,-6.859964265086153
14.2769,3.314380249537232,-0.014474038620455256,-0.04457470140266988,-44.57470140266988,-6.859964265086153
14.29684,3.314380249537232,-0.011751199638895532,-0.044611802174384305,-44.6118021743843,-6.859964265086153
14.31677,3.314380249537232,-0.009282150350637137,-0.044604467238826134,-44.60446723882613,-6.859964265086153
14.32686,3.314380249537232,-0.0072180099694230835,-0.044532768155953195,-44.53276815595319,-6.859964265086153
14.34655,0.0,-0.00748231397466524,-0.04453444693117124,-44.534446931171246,-6.861500154827907
14.36648,0.0,-0.007764977203883008,-0.0445399117364094,-44.5399117364094,-6.858428375344397
14.38642,0.0,0.0,-0.04445033702214827,-44.45033702214827,-6.858428375344397
14.39682,0.0,0.0,-0.044396592193591586,-44.39659219359159,-6.859964265086153
14.41675,0.0,0.0,-0.04436434529645758,-44.36434529645758,-6.859964265086153
14.43668,0.0,0.0,-0.04434499715817718,-44.34499715817718,-6.858428375344397
14.45661,0.0,0.0,-0.04433338827520893,-44.33338827520893,-6.859964265086153
14.47655,0.0,0.0,-0.04432642294542799,-44.32642294542799,-6.859964265086153
14.49648,0.0,0.0,-0.04432224374755942,-44.32224374755942,-6.859964265086153
14.5165,0.0,0.0,-0.04431973622883828,-44.31973622883828,-6.859964265086153
14.53644,0.0,0.0,-0.0443182317176056,-44.3182317176056,-6.858428375344397
14.55637,0.0,0.0,-0.04431732901086599,-44.31732901086599,-6.858428375344397
14.5763,0.0,-0.00024301116805856756,-0.04431969331436987,-44.31969331436987,-6.858428375344397
14.59625,0.0,-0.0007769243650325781,-0.04432750575357399,-44.32750575357399,-6.858428375344397
14.61617,0.0,-0.0011527381444437787,-0.04433667095874942,-44.33667095874942,-6.861500154827907
14.6361,0.0,-0.0011698297769304397,-0.04434238138002482,-44.34238138002482,-6.859964265086153
14.65605,0.0,-0.0008012800054757963,-0.044341410129983064,-44.34141012998306,-6.859964265086153
14.67597,0.0,-0.0007040494909807636,-0.044339650857808666,-44.339650857808664,-6.858428375344397
14.6959,0.0,-0.0019423813062894695,-0.044353407490648436,-44.353407490648436,-6.859964265086153
14.70613,-8.780751466783473,-0.0040461901726636905,-0.044363269989971504,-44.363269989971506,-6.889111263594457
14.71622,-8.780751466783473,-0.017940108387004407,-0.044452961390460455,-44.45296139046045,-6.978070695568609
14.73616,-8.780751466783473,-0.03466360992883803,-0.04481288224376752,-44.81288224376752,-7.136075352751655
14.75609,-8.780751466783473,-0.045633516002868954,-0.04506675299501836,-45.06675299501836,-7.303277895092712
14.77603,-8.780751466783473,-0.048664449203885386,-0.04571621831542197,-45.71621831542197,-7.478159886142544
14.79596,-8.780751466783473,-0.04921939416792569,-0.04654958555761224,-46.54958555761224,-7.6576320931251205
14.81589,-8.780751466783473,-0.050224490639940916,-0.0475594525966418,-47.5594525966418,-7.838640189849452
14.83582,-8.780751466783473,-0.04731129413576223,-0.04841434515977922,-48.414345159779224,-8.01505807064104
14.85576,-8.780751466783473,-0.04671409268736323,-0.04939498441842405,-49.394984418424045,-8.191458498140106
14.87569,-8.780751466783473,-0.05004302365783678,-0.05022760926059538,-50.22760926059538,-8.363268709706428
14.89554,-8.780751466783473,-0.05138904568942165,-0.051201420206898905,-51.2014202068989,-8.524327693080465
14.91547,-8.780751466783473,-0.055387526839825396,-0.052077922267829056,-52.07792226782906,-8.680796460521757
14.92587,-8.780751466783473,-0.05803353212430781,-0.05251764810547859,-52.51764810547859,-8.759022117596142
14.9458,-8.780751466783473,-0.05598487782017567,-0.053633175244642825,-53.63317524464283,-8.903221220395915
14.96574,-8.780751466783473,-0.05430150676812444,-0.05478516793203987,-54.78516793203987,-9.041276764228666
14.98567,-8.780751466783473,-0.05381862859625071,-0.05601461718631478,-56.01461718631478,-9.177813871612182
15.00561,-8.780751466783473,-0.05270650874857489,-0.05692075548481254,-56.92075548481254,-9.312797635961422
15.02554,0.0,-0.052109313087352345,-0.05791758794288192,-57.917587942881916,-9.44319118437792
15.04547,0.0,-0.02710262698117003,-0.0584399820634429,-58.4399820634429,-9.453924959277684
15.0654,0.0,-0.014503454087969143,-0.059058712014267385,-59.058712014267385,-9.45546084901944
15.0755,0.0,-0.013446657661591754,-0.05970090689824506,-59.70090689824506,-9.45546084901944
15.09519,0.0,-0.010504013986429514,-0.05997529584319139,-59.97529584319139,-9.45546084901944
15.10559,0.0,-0.0093093463608718,-0.060180934813508516,-60.180934813508514,-9.45546084901944
15.12552,0.0,-0.007990967267786312,-0.060379004627357985,-60.379004627357986,-9.456996738761195
15.14545,0.0,-0.008167644948451694,-0.06042551769464738,-60.42551769464738,-9.456996738761195
15.16538,0.0,-0.008489649469338173,-0.06045727606508178,-60.45727606508178,-9.45546084901944
15.18532,0.0,-0.007546101989394846,-0.06046509342318919,-60.46509342318919,-9.45546084901944
15.20525,0.0,-0.005582336792604186,-0.060446255857218474,-60.446255857218475,-9.45546084901944
15.22518,0.0,-0.0037822362908420987,-0.06041342771583598,-60.41342771583598,-9.45546084901944
15.24512,0.0,-0.0030159218351693074,-0.06038458533827655,-60.38458533827655,-9.45546084901944
15.25651,0.0,-0.002934250290915093,-0.060351250089393044,-60.35125008939304,-9.45546084901944
15.27444,0.0,0.0,-0.06031119627357483,-60.31119627357483,-9.45546084901944
15.28484,0.0,-0.0005513071960982297,-0.06029060414098755,-60.290604140987554,-9.456996738761195
15.30477,0.0,0.0,-0.06027480870453153,-60.27480870453153,-9.456996738761195
15.31517,0.0,0.0,-0.060265331442657916,-60.26533144265792,-9.45546084901944
15.3351,0.0,0.0,-0.06025964508553375,-60.25964508553375,-9.45546084901944
15.35504,-6.628760499074464,0.00035222153231678814,-0.06025201929284661,-60.25201929284661,-9.45546084901944
15.37497,-6.628760499074464,2.331227071369274e-05,-0.06025137902751378,-60.25137902751378,-9.45546084901944
15.3949,-6.628760499074464,-0.0008466900647291587,-0.0602613983562413,-60.2613983562413,-9.456996738761195
15.41484,-6.628760499074464,-0.0019531555259394333,-0.06028065278639612,-60.28065278639612,-9.45546084901944
15.43468,-6.628760499074464,-0.0024430328479109705,-0.0602979197547982,-60.2979197547982,-9.45546084901944
15.45462,-6.628760499074464,-0.0020259680308030593,-0.06030343675433845,-60.30343675433845,-9.45546084901944
15.47455,-6.628760499074464,-0.0013637043360941793,-0.060298815448993084,-60.29881544899308,-9.45546084901944
15.49448,-6.628760499074464,-0.0011264070108562042,-0.06029320506437067,-60.293205064370675,-9.45546084901944
15.51442,-6.628760499074464,-0.001580056060430709,-0.0602952730492684,-60.295273049268395,-9.45546084901944
15.53435,0.0,-0.0020105679903770655,-0.06030165242152897,-60.30165242152897,-9.45546084901944
15.54475,0.0,-0.001863515685366969,-0.060293066010733073,-60.29306601073307,-9.45546084901944
15.5647,0.0,-0.0018511219894878867,-0.06029844375659302,-60.29844375659302,-9.453924959277684
15.58462,0.0,-0.0013523261320291858,-0.060295675475824824,-60.29567547582482,-9.45546084901944
15.60455,0.0,-0.0007118762305916237,-0.06028636412139931,-60.28636412139931,-9.45546084901944
15.61497,0.0,0.0,-0.060272264692778584,-60.272264692778585,-9.456996738761195
15.63377,-11.042698177368123,-0.01689084346537923,-0.06045433374989563,-60.45433374989563,-9.5474920604771
15.64419,-11.042698177368123,-0.021537522256113016,-0.0605076990590216,-60.5076990590216,-9.616519832393477
15.65458,-11.042698177368123,-0.02663053681224878,-0.06057108042183951,-60.571080421839504,-9.688619383793363
15.67451,-11.042698177368123,-0.0337992765164131,-0.06084726622162598,-60.84726622162598,-9.82821081736787
15.69445,-11.042698177368123,-0.03658946817214331,-0.0609860786047865,-60.9860786047865,-9.973945809909395
15.71437,-11.042698177368123,-0.03572769796461373,-0.0614587503219449,-61.4587503219449,-10.122735128641912
15.73431,-11.042698177368123,-0.03775918200480925,-0.06218582038125435,-62.18582038125435,-10.285347455050223
15.75424,-11.042698177368123,-0.0350645735132248,-0.06295716880123864,-62.95716880123864,-10.451014107649526
15.77417,-3.6913713679680074,-0.03249172126624958,-0.06384516607400473,-63.84516607400473,-10.624342755665083
15.79411,-3.6913713679680074,-0.00649957750952879,-0.0645789749175756,-64.5789749175756,-10.638148310048356
15.81404,-3.6913713679680074,0.005987001606594405,-0.06509788390715486,-65.09788390715487,-10.638148310048356
15.83397,-3.6913713679680074,0.010689050922376805,-0.0657856936041523,-65.7856936041523,-10.639684199790112
15.85391,-3.6913713679680074,0.012322208400433528,-0.0664346689607223,-66.43466896072229,-10.641220089531867
15.87384,-3.6913713679680074,0.01121006297579972,-0.06693047905880957,-66.93047905880957,-10.639684199790112
15.89377,-3.6913713679680074,0.008841317439941213,-0.06714462827769119,-67.14462827769118,-10.641220089531867
15.91371,-3.6913713679680074,0.005760102682589324,-0.06737506475560746,-67.37506475560747,-10.639684199790112
15.92411,10.33583983031042,0.004039586817879752,-0.06755703348910816,-67.55703348910816,-10.641220089531867
15.94404,10.33583983031042,0.028797479591413096,-0.06737962966056554,-67.37962966056554,-10.472481657449055
15.96397,10.33583983031042,0.04127475617632459,-0.06712398409003756,-67.12398409003755,-10.305279115107998
15.97435,10.33583983031042,0.045386545212725164,-0.06718149287849243,-67.18149287849242,-10.227053458033613
15.99391,10.33583983031042,0.04933985677397548,-0.0669196129960508,-66.9196129960508,-10.067512911108812
16.01385,10.33583983031042,0.050128473910300446,-0.06625327800531006,-66.25327800531005,-9.91718770263454
16.03378,10.33583983031042,0.04741727795247044,-0.06590946124194966,-65.90946124194966,-9.776060379318277
16.05371,-7.979645340118076,-5.866619540064594e-05,-0.06577306077395063,-65.77306077395063,-9.869627480517694
16.07364,-7.979645340118076,-0.02535010727276033,-0.06561679528613057,-65.61679528613057,-10.01536247305922
16.09358,-7.979645340118076,-0.03669157708871663,-0.06519361785942471,-65.1936178594247,-10.168759461017002
16.11351,-7.979645340118076,-0.04049241866752216,-0.06442197762630014,-64.42197762630015,-10.332890223874548
16.13344,-7.979645340118076,-0.04007279242108985,-0.06432618325939887,-64.32618325939887,-10.500092766215605
16.15338,-7.979645340118076,-0.03854819864661848,-0.06489276505585385,-64.89276505585386,-10.674974757265437
16.16358,-7.979645340118076,-0.040212229693954486,-0.06509206386357144,-65.09206386357144,-10.759343973306844
16.1736,-7.979645340118076,-0.04067272807216131,-0.06560553938625,-65.60553938625,-10.85905463347328
16.19354,-7.979645340118076,-0.0386508272129341,-0.06660143093079364,-66.60143093079364,-11.038526840455857
16.21347,-7.979645340118076,-0.04013811579699688,-0.06763059997523146,-67.63059997523146,-11.216463157696678
16.2334,-7.979645340118076,-0.0406609187358823,-0.06846837248602358,-68.46837248602358,-11.395935364679255
16.25334,-7.979645340118076,-0.04388012423532241,-0.06954019045327713,-69.54019045327712,-11.567745576245578
16.27327,-7.979645340118076,-0.04429558777389813,-0.07067185602859498,-70.67185602859497,-11.728822012912133
16.2932,-7.979645340118076,-0.04637145721228196,-0.0718921167538143,-71.89211675381429,-11.88680921680266
16.31314,-7.979645340118076,-0.046029524275164595,-0.07284843772600197,-72.84843772600198,-12.037151878569452
16.33307,-7.979645340118076,-0.047551167376554127,-0.07373791607127797,-73.73791607127797,-12.184405307560214
16.35309,-7.979645340118076,-0.0460597607546355,-0.0746610318993354,-74.6610318993354,-12.325532630876475
16.37304,-7.979645340118076,-0.04440117144267157,-0.07570955170543825,-75.70955170543824,-12.466659954192737
16.39296,0.0,-0.041097580387197616,-0.07659614597862172,-76.59614597862172,-12.581712058484204
16.41289,0.0,-0.028205075931315673,-0.07721146294529385,-77.21146294529385,-12.58017616874245
16.43282,0.0,-0.020907634341141606,-0.0779446921109112,-77.9446921109112,-12.578640279000693
16.45277,0.0,-0.018953433378818812,-0.07890118982863592,-78.90118982863592,-12.58017616874245
16.46316,0.0,-0.01862789980943022,-0.07936434218913824,-79.36434218913824,-12.578640279000693
16.48309,0.0,-0.01780061166578354,-0.07992972341993669,-79.92972341993669,-12.58017616874245
16.50304,0.0,-0.018045117094479722,-0.08029070287891861,-80.29070287891861,-12.58017616874245
16.52296,0.0,-0.01816479257232057,-0.08042930197499024,-80.42930197499024,-12.578640279000693
16.53302,0.0,-0.017207947397168202,-0.08037130742752598,-80.37130742752598,-12.58017616874245
16.55272,0.0,0.0,-0.08026055910333026,-80.26055910333025,-12.578640279000693
16.57264,0.0,0.0004941016435959912,-0.08018820460596857,-80.18820460596856,-12.577104389258938
16.59258,-7.335618846132167,0.00028408498092278786,-0.08014729861768405,-80.14729861768404,-12.578640279000693
16.61251,4.508185457901353,-0.0006918227013772715,-0.08013442663328817,-80.13442663328817,-12.578640279000693
16.63244,4.508185457901353,-0.0024946747016294634,-0.08014826194686965,-80.14826194686965,-12.58017616874245
16.64284,4.508185457901353,-0.003367918783972879,-0.08014774762814846,-80.14774762814845,-12.578640279000693
16.66278,4.508185457901353,-0.0037363756298811725,-0.08017112522173965,-80.17112522173964,-12.578640279000693
16.68271,4.508185457901353,-0.0033001769781296542,-0.08017991329616292,-80.17991329616292,-12.578640279000693
16.70264,4.508185457901353,-0.002533016559447143,-0.08017601243653028,-80.17601243653027,-12.58017616874245
16.72258,8.278096642209105,0.028035059584891997,-0.07980797065585915,-79.80797065585915,-12.517274502500573
16.74251,8.278096642209105,0.03543434032177159,-0.07949883319876244,-79.49883319876244,-12.377683068926066
16.76244,8.278096642209105,0.03707145558649217,-0.07929377410016882,-79.29377410016882,-12.23503730916057
16.78238,8.278096642209105,0.044030909021291906,-0.07908725331138526,-79.08725331138525,-12.089302316619044
16.80231,8.278096642209105,0.044877279809154465,-0.07865571799078527,-78.65571799078528,-11.940512997886525
16.82224,8.278096642209105,0.046217211833978145,-0.078166754484686,-78.16675448468601,-11.78558012018699
16.84218,8.278096642209105,0.049153023001118845,-0.0773401472828489,-77.34014728284889,-11.622967793778678
16.86211,8.278096642209105,0.047476680179839095,-0.07628760170871736,-76.28760170871736,-11.454229361695866
16.88204,8.278096642209105,0.04477362009598245,-0.07548833593752102,-75.48833593752103,-11.279364823938554
16.90198,-10.147344271095033,-0.00030316772274440774,-0.07501741060187539,-75.01741060187538,-11.363734039979962
16.91232,-10.147344271095033,-0.006898678863183969,-0.07458327127791076,-74.58327127791075,-11.44963914576312
16.93173,-10.147344271095033,-0.020342192708219672,-0.07392136119433926,-73.92136119433926,-11.618377577845932
16.94213,-10.147344271095033,-0.02583073700977963,-0.07344849376685741,-73.44849376685741,-11.705801120078329
16.96206,-10.147344271095033,-0.039469377942261165,-0.07294516841219045,-72.94516841219045,-11.863805777261375
16.982,-10.147344271095033,-0.04267855737429354,-0.07321220055905314,-73.21220055905314,-12.015666875477402
17.00194,-10.147344271095033,-0.040403951967862256,-0.07395469651727982,-73.95469651727981,-12.16140186801893
17.02186,-10.147344271095033,-0.03744042434471941,-0.0748016331674037,-74.8016331674037,-12.304065081076946
17.0418,-10.147344271095033,-0.038942785487250164,-0.07582604644138237,-75.82604644138237,-12.445192404393207
17.06173,-10.147344271095033,-0.04463694356037912,-0.07695985328344467,-76.95985328344466,-12.584783837967713
17.08166,2.0263272615654166,-0.0495449411562955,-0.07802450892960877,-78.02450892960877,-12.693692383292158
17.10168,2.0263272615654166,-0.03946527127725282,-0.07892641360476182,-78.92641360476182,-12.692156493550405
17.12163,2.0263272615654166,-0.032937928464479474,-0.07983906836714044,-79.83906836714044,-12.69062060380865
17.14155,2.0263272615654166,-0.02833730698210727,-0.08064745822798211,-80.64745822798211,-12.692156493550405
17.16148,2.0263272615654166,-0.02548869692016567,-0.08121491338409223,-81.21491338409223,-12.69062060380865
17.17188,2.0263272615654166,-0.024044280930400373,-0.08140062895299263,-81.40062895299263,-12.69062060380865
17.19182,2.0263272615654166,-0.02295651749246549,-0.0816785471187652,-81.6785471187652,-12.692156493550405
17.21175,2.0263272615654166,-0.022868071734978727,-0.0817882714952115,-81.7882714952115,-12.692156493550405
17.23168,2.0263272615654166,-0.02190113316152239,-0.08181928049064116,-81.81928049064116,-12.692156493550405
17.25162,2.0263272615654166,-0.01940032211074832,-0.0817801820165143,-81.7801820165143,-12.692156493550405
17.27155,2.0263272615654166,-0.015631927697844685,-0.08171154406971605,-81.71154406971606,-12.692156493550405
17.28166,2.0263272615654166,-0.01268327723941792,-0.08156037146996054,-81.56037146996053,-12.69062060380865
17.30134,2.0263272615654166,-0.010473817329877174,-0.08151640598540413,-81.51640598540413,-12.692156493550405
17.32128,2.0263272615654166,-0.009991553301656741,-0.08148589080334014,-81.48589080334014,-12.69062060380865
17.34121,2.0263272615654166,-0.01033598021484714,-0.08147164040180985,-81.47164040180985,-12.692156493550405
17.36114,2.0263272615654166,-0.010354832193282206,-0.08146331559284979,-81.4633155928498,-12.69062060380865
17.38108,2.0263272615654166,-0.010867926980932396,-0.08146452150250638,-81.46452150250639,-12.69062060380865
17.39148,2.0263272615654166,-0.011478587046666391,-0.08140684755307166,-81.40684755307166,-12.692156493550405
17.41141,-10.508627426257858,-0.018987071538003494,-0.08152766420169105,-81.52766420169105,-12.736644936183739
17.43134,-10.508627426257858,-0.024127855111416456,-0.08166162768083356,-81.66162768083356,-12.8777722595
17.45128,-10.508627426257858,-0.02792403924098238,-0.0817875680823759,-81.7875680823759,-13.023489798749008
17.46176,-10.508627426257858,-0.03156829189073119,-0.0817275505372311,-81.7275505372311,-13.097125239890648
17.48052,9.220574438286043,0.004930284183018125,-0.08194467625366493,-81.94467625366494,-13.041903022357548
17.49092,9.220574438286043,0.018072916153471837,-0.0820176719654916,-82.0176719654916,-12.965213255024917
17.51085,9.220574438286043,0.03240855101088194,-0.0820146801303695,-82.0146801303695,-12.8225500419669
17.52125,9.220574438286043,0.039550480804652344,-0.08245139761296617,-82.45139761296618,-12.744306931599995
17.54119,9.220574438286043,0.044332378112096116,-0.08282064857782179,-82.82064857782179,-12.604715498025488
17.56112,9.220574438286043,0.04449063591317617,-0.08210074835355688,-82.10074835355688,-12.466659954192737
17.58105,9.220574438286043,0.04260687302722328,-0.08117954871809903,-81.17954871809903,-12.325532630876475
17.60099,9.220574438286043,0.0399323596997258,-0.08041198359588261,-80.41198359588262,-12.184405307560214
17.62092,9.220574438286043,0.03791322375528794,-0.07947800119423147,-79.47800119423147,-12.037151878569452
17.64094,9.220574438286043,0.039371655068710806,-0.0784374387784811,-78.4374387784811,-11.88680921680266
17.66088,9.220574438286043,0.04095957819750386,-0.0772888603144676,-77.28886031446761,-11.731876339103124
17.6808,9.220574438286043,0.044410427693205946,-0.07624258368374098,-76.24258368374099,-11.567745576245578
17.70074,9.220574438286043,0.04394109299563414,-0.07547566943083855,-75.47566943083855,-11.392881038488266
17.72067,9.220574438286043,0.040786333150212524,-0.07450450284003472,-74.50450284003472,-11.216463157696678
17.74061,9.220574438286043,0.03531671163323253,-0.07383346105813589,-73.83346105813588,-11.038526840455857
17.76054,9.220574438286043,0.03258733604804744,-0.07285419571332258,-72.85419571332258,-10.857518743731525
17.78048,-1.6807520696705394,0.028467438507429596,-0.07176207253694697,-71.76207253694697,-10.722517526089764
17.80041,-1.6807520696705394,0.02108328127871273,-0.07113478544255407,-71.13478544255406,-10.724053415831518
17.82034,-1.6807520696705394,0.017974893192671797,-0.07036289188168315,-70.36289188168315,-10.725589305573273
17.83175,-1.6807520696705394,0.015359989486360085,-0.0697815678359626,-69.78156783596259,-10.725589305573273
17.85053,-1.6807520696705394,0.010484441185653651,-0.06914993865714332,-69.14993865714332,-10.724053415831518
17.87047,-1.6807520696705394,0.007892205992308186,-0.06873884633109545,-68.73884633109544,-10.724053415831518
17.8904,-1.6807520696705394,0.006784789050303548,-0.068463607418337,-68.463607418337,-10.725589305573273
17.91033,-1.6807520696705394,0.00669153008230244,-0.06839728377312373,-68.39728377312373,-10.727125195315029
17.93027,-1.6807520696705394,0.006662804183487431,-0.06835314051767336,-68.35314051767335,-10.725589305573273
17.9502,-1.6807520696705394,0.005888995082423623,-0.06833594775045876,-68.33594775045876,-10.727125195315029
17.97014,-1.6807520696705394,0.004220679731773827,-0.06834555648101467,-68.34555648101467,-10.725589305573273
17.99007,-1.6807520696705394,0.0022097425509230535,-0.06837539383023523,-68.37539383023524,-10.725589305573273
18.01,-1.6807520696705394,0.0008474254739014551,-0.06840958682737458,-68.40958682737458,-10.724053415831518
18.03002,-1.6807520696705394,0.0005271696264409328,-0.0684339037779223,-68.4339037779223,-10.725589305573273
18.04996,-4.9637163926718735,0.0008552128003753318,-0.06844459454386005,-68.44459454386005,-10.725589305573273
18.06989,-4.9637163926718735,0.0009816881441173442,-0.06844950174253904,-68.44950174253904,-10.727125195315029
18.08982,-4.9637163926718735,0.0006180129673138272,-0.06845679488951065,-68.45679488951065,-10.725589305573273
18.10976,-4.9637163926718735,0.00010830416529343935,-0.06846726522572318,-68.46726522572318,-10.725589305573273
18.12015,-4.9637163926718735,0.0001686425671340622,-0.06847379186072075,-68.47379186072075,-10.727125195315029
18.14009,-4.9637163926718735,8.920398197009437e-05,-0.06847769192304252,-68.47769192304253,-10.725589305573273
18.16002,-4.9637163926718735,0.0005498304010657434,-0.06847452432493993,-68.47452432493994,-10.725589305573273
18.17995,-4.9637163926718735,0.0012658632090369163,-0.06846406144576066,-68.46406144576066,-10.725589305573273
18.19989,-4.9637163926718735,0.0009606629530675595,-0.06846142753893625,-68.46142753893625,-10.724053415831518
18.21033,-4.9637163926718735,0.00015997526646569014,-0.06847033848134297,-68.47033848134298,-10.724053415831518
18.2292,-8.874999246391166,-0.022934221628085685,-0.06873634838912933,-68.73634838912933,-10.820692296514444
18.2396,-8.874999246391166,-0.029576959076336576,-0.06882085330116432,-68.82085330116432,-10.918867066939125
18.25953,-8.874999246391166,-0.0397114592065603,-0.06916186565294105,-69.16186565294105,-11.101411053405212
18.26993,-8.874999246391166,-0.045347917247558434,-0.06917457443843968,-69.17457443843968,-11.193459718155392
18.28988,-8.874999246391166,-0.050448609350288554,-0.0699637055437773,-69.96370554377731,-11.37293192513797
18.3098,-8.874999246391166,-0.05709897845676335,-0.0706692970048188,-70.6692970048188,-11.54167035722078
18.32973,-8.874999246391166,-0.05414604494913294,-0.07163925777084969,-71.63925777084968,-11.710408789303594
18.34966,-8.874999246391166,-0.05037139222102572,-0.07239011633973172,-72.39011633973172,-11.866877556744885
18.3696,-8.874999246391166,-0.05356341283272152,-0.07354909683854371,-73.54909683854372,-12.018738654960913
18.37972,-8.874999246391166,-0.053554396252864095,-0.07414750676312937,-74.14750676312937,-12.090838206360798
18.3994,2.9530970943744057,-0.03194606956153569,-0.07490288170207227,-74.90288170207226,-12.141452754668633
18.41934,2.9530970943744057,-0.02084499652186997,-0.07564235804022959,-75.6423580402296,-12.142988644410387
18.43927,2.9530970943744057,-0.01353797661464426,-0.07617999266511313,-76.17999266511313,-12.141452754668633
18.4592,2.9530970943744057,-0.009744330470500884,-0.07675032255455894,-76.75032255455893,-12.141452754668633
18.47914,2.9530970943744057,-0.0083303311226762,-0.07704774629123975,-77.04774629123976,-12.142988644410387
18.49907,2.9530970943744057,-0.008977745180116972,-0.07732694424446747,-77.32694424446747,-12.142988644410387
18.50947,2.9530970943744057,-0.009508202263884203,-0.07739525976791801,-77.39525976791802,-12.142988644410387
18.5294,2.9530970943744057,-0.009921131821310004,-0.07749555479418091,-77.4955547941809,-12.142988644410387
18.54935,2.9530970943744057,-0.009406914191830444,-0.07754969567849565,-77.54969567849565,-12.141452754668633
18.56927,2.9530970943744057,-0.00767464637219194,-0.0775613068196487,-77.5613068196487,-12.142988644410387
18.5892,2.9530970943744057,-0.005586605910248464,-0.07754335076437487,-77.54335076437486,-12.144524534152144
18.60914,2.9530970943744057,-0.00437063839026593,-0.07751806281543694,-77.51806281543693,-12.142988644410387
18.62907,2.9530970943744057,-0.00455639525987453,-0.07750508510289063,-77.50508510289063,-12.142988644410387
18.649,2.9530970943744057,-0.005293653488378758,-0.0775061146092593,-77.5061146092593,-12.141452754668633
18.66895,2.9530970943744057,-0.005788013019761752,-0.077512713320513,-77.512713320513,-12.141452754668633
18.68887,2.9530970943744057,-0.005394405838808347,-0.07751186397000413,-77.51186397000413,-12.142988644410387
18.7088,2.9530970943744057,-0.004490948957115184,-0.07750058318874255,-77.50058318874255,-12.141452754668633
18.72874,2.9530970943744057,-0.0035520221019800244,-0.0774826083447845,-77.4826083447845,-12.141452754668633
18.74867,0.0,0.0,-0.07742932704598159,-77.42932704598158,-12.142988644410387
18.75892,0.0,-0.000704571033016806,-0.07740169137855289,-77.4016913785529,-12.141452754668633
18.76902,0.0,-0.002071768260269254,-0.07739333178189986,-77.39333178189986,-12.141452754668633
18.78895,0.0,-0.0035043594501625434,-0.07741766623855584,-77.41766623855584,-12.141452754668633
18.80889,0.0,-0.004209341446424915,-0.07744072234330943,-77.44072234330943,-12.141452754668633
18.82882,0.0,-0.003742289312708361,-0.0774489457406979,-77.4489457406979,-12.141452754668633
18.84875,0.0,-0.0024723434604255966,-0.07743869376662939,-77.43869376662938,-12.142988644410387
18.86869,0.0,-0.0009692886298375428,-0.0774145748682559,-77.4145748682559,-12.141452754668633
18.88863,15.236724369910498,0.0027745195275470647,-0.07735531260843685,-77.35531260843685,-12.066298877077756
18.90855,15.236724369910498,0.019170720384380672,-0.07712382115413885,-77.12382115413885,-11.761023337611428
18.92848,15.236724369910498,0.028708750428618094,-0.0768707554939688,-76.8707554939688,-11.423546473445805
18.94842,15.236724369910498,0.03593207330091368,-0.07673933371381322,-76.73933371381322,-11.067673838964161
18.96835,15.236724369910498,0.04356222021897405,-0.07575990327292166,-75.75990327292166,-10.705657645515497
18.98829,15.236724369910498,0.049111231806506686,-0.07406341380227276,-74.06341380227276,-10.358965442899343
19.00822,15.236724369910498,0.05088761167406401,-0.07271750151432445,-72.71750151432445,-10.04297358182577
19.02815,15.236724369910498,0.05900899119729755,-0.07072413126910368,-70.72413126910368,-9.753056939776993
19.03855,15.236724369910498,0.0658592158586768,-0.06941334870175904,-69.41334870175903,-9.610393726718977
19.05848,15.236724369910498,0.06584977536624553,-0.06724544836268423,-67.24544836268423,-9.34194463446973
19.07842,15.236724369910498,0.06710316391713742,-0.06536635342872618,-65.36635342872619,-9.073495542220481
19.09835,15.236724369910498,0.0673182606844436,-0.06330155520532518,-63.30155520532518,-8.791240895587958
19.11828,15.236724369910498,0.07650861879228488,-0.060994343235187896,-60.9943432351879,-8.48598280941415
19.12828,15.236724369910498,0.0846993679742408,-0.06001670990877808,-60.01670990877808,-8.335657600939879
19.14812,15.236724369910498,0.0823291458129791,-0.05798588744779089,-57.98588744779089,-7.973623954198694
19.16805,15.236724369910498,0.08048115998539922,-0.05620347193743131,-56.20347193743131,-7.61467954023354
19.18798,15.236724369910498,0.0797806586783147,-0.05414674372563988,-54.14674372563988,-7.264933011426397
19.20792,15.236724369910498,0.08030308626617484,-0.05191497488654102,-51.91497488654102,-6.9381899221605385
19.22785,15.236724369910498,0.0798471917608742,-0.04955362331732037,-49.55362331732037,-6.640611284695505
19.24778,3.9741147067910885,0.0380823621170034,-0.04820354479970135,-48.20354479970135,-6.560832284586844
19.25818,3.9741147067910885,0.03156383846482892,-0.04709361672786188,-47.09361672786188,-6.559296394845089
19.27812,3.9741147067910885,0.015117956191571899,-0.0454062181465386,-45.4062181465386,-6.557760505103335
19.29805,3.9741147067910885,0.006445103919810112,-0.04390204741114208,-43.90204741114208,-6.557760505103335
19.31807,3.9741147067910885,0.0039019642898343266,-0.04320654376775126,-43.206543767751256,-6.559296394845089
19.338,3.9741147067910885,0.005711152301206325,-0.04281434397550197,-42.81434397550197,-6.557760505103335
19.35794,14.561281949388693,0.008823187345895564,-0.04256502042494072,-42.56502042494072,-6.559296394845089
19.37787,14.561281949388693,0.036174610335506605,-0.042176810237729956,-42.17681023772995,-6.424312630495848
19.3978,14.561281949388693,0.04907869430804381,-0.04178957708925998,-41.789577089259986,-6.286257086663096
19.41774,14.561281949388693,0.053838895109293544,-0.04155117023937493,-41.551170239374926,-6.148201542830345
19.43767,14.561281949388693,0.05401450952137495,-0.04090852141557177,-40.90852141557177,-6.007074219514084
19.4576,0.0,0.03263074621423513,-0.04034594775394873,-40.34594775394873,-5.968711882555248
19.47754,0.0,0.02005868196348716,-0.039832938243518676,-39.832938243518676,-5.970247772297003
19.49747,0.0,0.014337393389880892,-0.03901209358369626,-39.01209358369626,-5.970247772297003
19.50764,0.0,0.014497395999048762,-0.03886776818790805,-38.86776818790805,-5.970247772297003
19.52734,0.0,0.013394308142939683,-0.038478685548804,-38.478685548804,-5.968711882555248
19.54726,0.0,0.013408180410473881,-0.0382665650943019,-38.2665650943019,-5.970247772297003
19.56719,0.0,0.013887751612774595,-0.03812417246849038,-38.124172468490386,-5.970247772297003
19.57759,0.0,0.013836151999230306,-0.03811846903831382,-38.11846903831382,-5.970247772297003
19.59752,0.0,0.012481511824075893,-0.03801025728813259,-38.01025728813259,-5.968711882555248
19.61746,0.0,0.010942765554088239,-0.037963664909327025,-37.96366490932702,-5.971783662038758
19.63739,0.0,0.009615257639616894,-0.03795164947827828,-37.951649478278284,-5.968711882555248
19.65733,0.0,0.008714374434627031,-0.037955160694767676,-37.95516069476768,-5.970247772297003
19.67726,0.0,0.0,-0.0380615262003972,-38.061526200397196,-5.970247772297003
19.68774,0.0,0.0003020780350612861,-0.03812344603709045,-38.123446037090446,-5.970247772297003
19.70737,0.0,0.0,-0.03816249740579086,-38.162497405790866,-5.968711882555248
19.7273,0.0,0.0,-0.03818592822701111,-38.18592822701111,-5.971783662038758
19.74724,0.0,0.0,-0.03819998671974326,-38.199986719743265,-5.970247772297003
19.76717,0.0,0.0,-0.03820842181538255,-38.20842181538255,-5.968711882555248
19.7871,0.0,0.0,-0.03821348287276613,-38.21348287276613,-5.970247772297003
19.80704,0.0,0.0,-0.038216519507196275,-38.216519507196274,-5.968711882555248
19.82697,0.0,0.0,-0.03821834148785436,-38.21834148785436,-5.968711882555248
19.8469,0.0,0.0,-0.038219434676249206,-38.21943467624921,-5.9671934461060125
19.86683,0.0,0.0,-0.03822009058928612,-38.220090589286116,-5.970247772297003
19.88685,0.0,0.0,-0.03822048413710827,-38.220484137108265,-5.970247772297003
19.90679,0.0,0.0,-0.03822072026580156,-38.22072026580156,-5.968711882555248
19.92672,0.0,0.0,-0.038220861943017534,-38.22086194301753,-5.968711882555248
19.94665,0.0,0.0,-0.03822094694934712,-38.22094694934712,-5.970247772297003
19.96659,0.0,0.0,-0.03822099795314487,-38.22099795314487,-5.968711882555248
19.98652,0.0,0.0,-0.03822102855542352,-38.221028555423516,-5.970247772297003
20.00646,0.0,0.0,-0.03822104691679071,-38.221046916790705,-5.970247772297003
20.02639,0.0,0.0,-0.038221057933611025,-38.22105793361102,-5.968711882555248
20.04634,0.0,0.0,-0.038221064543703206,-38.22106454370321,-5.968711882555248
20.05672,0.0,0.0,-0.038221068509758524,-38.221068509758524,-5.970247772297003
20.0672,0.0,0.0,-0.03822107088939171,-38.22107088939171,-5.968711882555248
20.08596,0.0,0.0,-0.03822107231717162,-38.22107231717162,-5.970247772297003
20.09636,0.0,0.0,-0.03822107317383956,-38.221073173839564,-5.968711882555248
20.11631,0.0,0.0,-0.038221073687840335,-38.22107368784033,-5.968711882555248
20.13623,0.0,0.0,-0.03822107399624079,-38.22107399624079,-5.968711882555248
20.15616,0.0,0.0,-0.03822107418128107,-38.22107418128107,-5.968711882555248
20.17611,0.0,0.0,-0.038221074292305236,-38.22107429230524,-5.970247772297003
20.1865,0.0,0.0,-0.038221074358919735,-38.221074358919736,-5.970247772297003
20.20643,0.0,0.0,-0.03822107439888844,-38.22107439888844,-5.970247772297003
20.22636,0.0,0.0,-0.03822107442286966,-38.221074422869656,-5.968711882555248
20.24638,0.0,0.0,-0.03822107443725839,-38.22107443725839,-5.970247772297003
20.26632,0.0,0.00010474041048359425,-0.03821982133162061,-38.21982133162061,-5.968711882555248
20.28625,0.0,3.2574903504170165e-05,-0.03821993305181286,-38.21993305181286,-5.968711882555248
20.30618,0.0,-5.628250700816351e-05,-0.038221062640843115,-38.221062640843115,-5.968711882555248
20.32612,0.0,-0.00031760457762842695,-0.03822486718920921,-38.22486718920921,-5.970247772297003
20.34605,0.0,-0.0003066594919610211,-0.03822701713126699,-38.22701713126699,-5.968711882555248
20.36598,0.0,-1.3193072339099006e-05,-0.03822479782505582,-38.22479782505582,-5.970247772297003
20.38592,0.0,0.00033038680587092815,-0.03821935573082465,-38.219355730824645,-5.970247772297003
20.40585,11.24690169985146,0.0010529183883870741,-0.03820745242394305,-38.20745242394305,-5.970247772297003
20.42578,11.24690169985146,0.02308329858695286,-0.037936871153399665,-37.936871153399665,-5.8275845592389866
20.4372,11.24690169985146,0.028847847948827346,-0.03785288702143101,-37.85288702143101,-5.749358902164601
20.45599,11.24690169985146,0.03222827150189681,-0.03763682046348284,-37.636820463482834,-5.602105473173839
20.47593,11.24690169985146,0.03406138401739438,-0.0370861514038184,-37.0861514038184,-5.445636705732547
20.49586,11.24690169985146,0.03349012351725536,-0.036762785469384565,-36.76278546938457,-5.279970053133246
20.51579,11.24690169985146,0.032526659809128715,-0.03591031321321492,-35.91031321321492,-5.108159841566923
20.53573,11.24690169985146,0.03166092456116469,-0.03493908018073,-34.939080180729995,-4.933277850517093
20.55566,7.351326809400117,0.01717834972292954,-0.03452971295670208,-34.529712956702085,-4.8964688565925325
20.57559,7.351326809400117,0.00873137973100681,-0.03380817961082472,-33.808179610824716,-4.894932966850777
20.59553,7.351326809400117,0.004850340858835631,-0.03290054923500679,-32.90054923500679,-4.894932966850777
20.61546,7.351326809400117,0.0037148386284765232,-0.03214160125325943,-32.14160125325943,-4.894932966850777
20.63548,7.351326809400117,0.004181032425219223,-0.03171765270940144,-31.717652709401438,-4.8964688565925325
20.65541,7.351326809400117,0.004811319677149973,-0.03158624506614897,-31.58624506614897,-4.894932966850777
20.67535,7.351326809400117,0.005286778121452301,-0.03143654688631681,-31.43654688631681,-4.894932966850777
20.69528,7.351326809400117,0.005207080451980782,-0.03137097570279457,-31.370975702794567,-4.8964688565925325
20.71522,7.351326809400117,0.004671714938334206,-0.03136126984218055,-31.36126984218055,-4.894932966850777
20.73515,7.351326809400117,0.004055119513143133,-0.03136284760419619,-31.362847604196194,-4.894932966850777
20.75508,7.351326809400117,0.0028578988029329937,-0.03137811062665828,-31.37811062665828,-4.894932966850777
20.76548,7.351326809400117,0.0015641153161610416,-0.03141168311444816,-31.411683114448163,-4.894932966850777
20.78542,7.351326809400117,0.0011401032076717792,-0.03142794649191835,-31.42794649191835,-4.8964688565925325
20.80535,7.351326809400117,0.0011576095102594323,-0.03143750201865336,-31.437502018653362,-4.894932966850777
20.81578,7.351326809400117,0.0012092625038464466,-0.03144951046446899,-31.44951046446899,-4.894932966850777
20.83467,7.351326809400117,0.0010154910209418464,-0.031452773521476074,-31.452773521476075,-4.8964688565925325
20.84507,-6.5816366092706176,0.0007714747277581013,-0.03146142692861047,-31.461426928610468,-4.8964688565925325
20.865,-6.5816366092706176,0.00044881269814915474,-0.03146606607294785,-31.46606607294785,-4.894932966850777
20.88493,-6.5816366092706176,0.0003977558259624179,-0.03146946009762789,-31.46946009762789,-4.894932966850777
20.90487,-6.5816366092706176,0.00048720726316768076,-0.031470423928906234,-31.470423928906236,-4.894932966850777
20.9248,-6.5816366092706176,0.000639396748718749,-0.0314691852690486,-31.469185269048598,-4.894932966850777
20.94474,-6.5816366092706176,0.0007046840936483788,-0.03146765713895879,-31.467657138958792,-4.8964688565925325
20.96467,-6.5816366092706176,0.0006916298961513612,-0.03146690059110313,-31.46690059110313,-4.8964688565925325
20.97507,-6.5816366092706176,0.0006149871575861453,-0.03147087965282458,-31.47087965282458,-4.894932966850777
20.99451,-6.5816366092706176,0.00043453106494398307,-0.03147203623937928,-31.472036239379282,-4.894932966850777
21.00491,-6.5816366092706176,0.0003087182094995376,-0.03147587216002633,-31.475872160026327,-4.894932966850777
21.02484,-6.5816366092706176,0.0002635126004173961,-0.03147694903036605,-31.476949030366047,-4.894932966850777
21.04477,-6.5816366092706176,0.00033044955224346414,-0.03147679472049994,-31.47679472049994,-4.894932966850777
21.06471,-6.5816366092706176,0.0002830636168206321,-0.03147726707721436,-31.477267077214364,-4.894932966850777
21.08464,-6.5816366092706176,0.0001686754670063885,-0.031478920043120195,-31.478920043120194,-4.894932966850777
21.10457,-6.5816366092706176,2.9852132173571616e-05,-0.03148157187210163,-31.481571872101625,-4.893397077109022
21.12451,-2.371902453460294,-0.00016693406124228778,-0.031485517140395713,-31.485517140395714,-4.894932966850777
21.14444,-2.371902453460294,-0.00027219644325023707,-0.03148914202733186,-31.489142027331855,-4.8964688565925325
21.16437,-2.371902453460294,-0.0002951845870574051,-0.03149159185171718,-31.491591851717182,-4.894932966850777
21.18431,-2.371902453460294,-0.00038768310855016495,-0.03149417016976704,-31.49417016976704,-4.893397077109022
21.1947,-2.371902453460294,-0.0004311953545789005,-0.03149376699172671,-31.49376699172671,-4.894932966850777
21.21464,-2.371902453460294,-0.0005818767993194782,-0.03149779858708912,-31.49779858708912,-4.894932966850777
21.23457,-2.371902453460294,-0.000753266907519742,-0.031502263535959626,-31.502263535959628,-4.894932966850777
21.25451,-2.371902453460294,-0.0008717411969662487,-0.03150636445128232,-31.50636445128232,-4.8964688565925325
21.27444,-2.371902453460294,-0.0008706488654018043,-0.031508806707927904,-31.508806707927903,-4.893397077109022
21.29437,-2.371902453460294,-0.0005826737669937876,-0.031506828455688494,-31.506828455688495,-4.894932966850777
21.31431,-2.371902453460294,-0.0003233953704929104,-0.03150254299365171,-31.502542993651712,-4.894932966850777
21.33424,-2.371902453460294,-0.00019776762157579513,-0.03149846751943587,-31.49846751943587,-4.894932966850777
21.35417,-2.371902453460294,-0.00019232464755040082,-0.03149595714782297,-31.495957147822967,-4.894932966850777
21.3643,-2.371902453460294,-0.000162143745955353,-0.031493136616407735,-31.493136616407735,-4.894932966850777
21.38406,-2.371902453460294,-0.00023127689436494223,-0.031493200806730265,-31.493200806730265,-4.8964688565925325
21.40401,0.0,0.0,-0.0314904973020642,-31.4904973020642,-4.894932966850777
21.42393,0.0,0.0,-0.03148887519926456,-31.488875199264562,-4.894932966850777
21.44386,0.0,0.0,-0.03148790193758477,-31.487901937584773,-4.894932966850777
21.4638,0.0,0.0,-0.0314873179805769,-31.487317980576897,-4.894932966850777
21.4742,0.0,0.0,-0.03148696760637218,-31.48696760637218,-4.894932966850777
21.49413,0.0,0.0,-0.03148675738184935,-31.486757381849348,-4.893397077109022
21.51406,0.0,0.0,-0.031486631247135646,-31.486631247135648,-4.893397077109022
21.534,0.0,0.0,-0.03148655556630743,-31.48655556630743,-4.894932966850777
21.55384,0.0,0.0,-0.031486510157810496,-31.486510157810496,-4.894932966850777
21.57378,0.0,0.0,-0.03148648291271233,-31.486482912712333,-4.893397077109022
21.59371,0.0,0.0,-0.03148646656565344,-31.486466565653437,-4.894932966850777
21.61364,0.0,0.0,-0.031486456757418096,-31.486456757418097,-4.894932966850777
21.63359,0.0,0.0,-0.031486450872476895,-31.486450872476894,-4.8964688565925325
21.65351,0.0,0.0,-0.03148644734151218,-31.486447341512182,-4.893397077109022
21.67344,0.0,0.0,-0.03148644522293335,-31.486445222933348,-4.894932966850777
21.68384,0.0,0.0,-0.03148644395178604,-31.486443951786043,-4.894932966850777
21.70378,0.0,0.0,-0.031486443189097664,-31.486443189097663,-4.8964688565925325
21.72371,0.0,0.0,-0.03148644273148464,-31.48644273148464,-4.8964688565925325
21.73373,0.0,0.0,-0.03148644245691683,-31.486442456916826,-4.894932966850777
21.75357,0.0,0.0,-0.031486442292176134,-31.486442292176132,-4.894932966850777
21.7735,0.0,0.0,-0.031486442193331715,-31.486442193331715,-4.894932966850777
21.79343,0.0,0.0,-0.03148644213402507,-31.486442134025072,-4.893397077109022
21.81337,0.0,0.0,-0.03148644209844108,-31.486442098441078,-4.893397077109022
21.8333,0.0,0.0,-0.031486442077090684,-31.486442077090686,-4.894932966850777
21.85323,0.0,0.0,-0.031486442064280445,-31.486442064280446,-4.894932966850777
21.87317,0.0,0.0,-0.0314864420565943,-31.486442056594303,-4.893397077109022
21.8931,0.0,0.0,-0.031486442051982616,-31.486442051982618,-4.894932966850777
21.91305,0.0,0.0,-0.03148644204921561,-31.486442049215608,-4.8964688565925325
21.93305,0.0,0.0,-0.03148644204755541,-31.486442047555407,-4.894932966850777
21.95299,0.0,0.0,-0.03148644204655929,-31.486442046559286,-4.894932966850777
21.97292,0.0,0.0,-0.03148644204596161,-31.486442045961613,-4.893397077109022
21.99286,0.0,0.0,-0.03148644204560301,-31.48644204560301,-4.894932966850777
22.00325,0.0,0.0,-0.03148644204538785,-31.48644204538785,-4.894932966850777
22.02319,0.0,0.0,-0.031486442045258745,-31.486442045258745,-4.893397077109022
22.04312,0.0,0.0,-0.031486442045181286,-31.486442045181285,-4.894932966850777
22.06306,0.0,0.0,-0.03148644204513481,-31.486442045134808,-4.894932966850777
22.08299,0.0,0.0,-0.03148644204510692,-31.486442045106923,-4.8964688565925325
22.10292,0.0,0.0,-0.03148644204509019,-31.486442045090193,-4.8964688565925325
22.11306,0.0,0.0,-0.03148644204508015,-31.48644204508015,-4.894932966850777
22.13284,0.0,0.0,-0.03148644204507413,-31.486442045074128,-4.8964688565925325
22.15277,0.0,0.0,-0.03148644204507052,-31.486442045070522,-4.894932966850777
22.17272,0.0,0.0,-0.031486442045068355,-31.486442045068355,-4.894932966850777
22.19264,7.037167544041138,3.527029155979964e-06,-0.031486399890014574,-31.486399890014575,-4.894932966850777
22.21259,7.037167544041138,-6.511333281271998e-05,-0.03148719615862855,-31.48719615862855,-4.893397077109022
22.2325,7.037167544041138,-0.00016259074097246253,-0.03148883682219483,-31.488836822194834,-4.893397077109022
22.25244,7.037167544041138,-0.0002504770965253088,-0.031490875619325766,-31.490875619325767,-4.894932966850777
22.27237,7.037167544041138,-0.0002936485871198274,-0.03149261363942628,-31.492613639426278,-4.894932966850777
22.28277,7.037167544041138,-0.00035604230756337585,-0.03149236670568101,-31.492366705681007,-4.894932966850777
22.30262,7.037167544041138,-0.0003526534418298219,-0.03149419694392684,-31.49419694392684,-4.894932966850777
22.32256,7.037167544041138,-0.0003138575272969149,-0.03149484997583872,-31.494849975838722,-4.894932966850777
22.34248,7.037167544041138,-0.0003865127454112516,-0.031496106403862426,-31.496106403862427,-4.8964688565925325
22.36242,7.037167544041138,-0.000523790900520231,-0.03149850729467732,-31.49850729467732,-4.893397077109022
22.38235,7.037167544041138,-0.00060649834300737,-0.03150093370201811,-31.500933702018113,-4.894932966850777
22.40228,7.037167544041138,-0.0003556251236419682,-0.03149938960446542,-31.499389604465417,-4.894932966850777
22.42222,7.037167544041138,0.0002700828876217752,-0.031490979309037784,-31.490979309037783,-4.893397077109022
22.44215,7.037167544041138,0.0008836606754546292,-0.03147859758909162,-31.47859758909162,-4.894932966850777
22.46209,7.037167544041138,0.001196430723128404,-0.0314674212743095,-31.4674212743095,-4.894932966850777
22.48202,7.037167544041138,0.0008639634078937745,-0.03146469830818015,-31.464698308180147,-4.894932966850777
22.49236,-13.697343969651499,9.199635536347726e-05,-0.03147282505754545,-31.47282505754545,-4.902594962267032
22.51192,-13.697343969651499,-0.019626755057158097,-0.0317086114499041,-31.708611449904097,-5.089746617958383
22.52231,-13.697343969651499,-0.029318116743922668,-0.03180251282775013,-31.80251282775013,-5.181795282708564
22.54224,-13.697343969651499,-0.034417001841150326,-0.03208764302269256,-32.08764302269256,-5.350516261498857
22.56218,-13.697343969651499,-0.03638434500044018,-0.03228246493522688,-32.282464935226876,-5.511592698165413
22.58211,-13.697343969651499,-0.036841282635742344,-0.0323162045168086,-32.3162045168086,-5.6695973553484595
22.60204,10.49291946298991,0.015495961825144702,-0.032371268099434795,-32.37126809943479,-5.69720846411501
22.62198,10.49291946298991,0.029807898106495912,-0.03267963446392352,-32.67963446392352,-5.543811476157228
22.64191,10.49291946298991,0.035623397038373646,-0.03325124578172285,-33.25124578172285,-5.379663260007162
22.66184,10.49291946298991,0.036178255462639794,-0.03402492158012837,-34.02492158012837,-5.212460717666104
22.67233,10.49291946298991,0.03614992901923369,-0.03487101762497047,-34.87101762497047,-5.1311632811082095
22.69196,10.49291946298991,0.03700714188363937,-0.034830693294956236,-34.830693294956234,-4.948619294642123
22.71189,10.49291946298991,0.032838589088511845,-0.034086659255294645,-34.08665925529464,-4.769147087659546
22.73183,10.49291946298991,0.03257050305143794,-0.03314542143120774,-33.14542143120774,-4.591210770418724
22.75176,10.49291946298991,0.03601481277925859,-0.03233032029325756,-32.33032029325756,-4.411721110143627
22.77169,10.49291946298991,0.03759053449681383,-0.0313059789969046,-31.3059789969046,-4.235320682644559
22.79163,10.49291946298991,0.041790107341940386,-0.030440843367166404,-30.440843367166405,-4.066582250561748
22.81156,10.49291946298991,0.049488550589011804,-0.029299558824948668,-29.29955882494867,-3.903987377445956
22.83149,10.49291946298991,0.04719280598788458,-0.028414263419585917,-28.414263419585918,-3.747518610004665
22.85143,10.49291946298991,0.045228599873099816,-0.027408475031386544,-27.408475031386544,-3.603319507204893
22.87145,-15.393804002589988,0.0479835385413549,-0.02654176150841762,-26.541761508417622,-3.5250938501305074
22.89138,-15.393804002589988,0.006547690944766206,-0.025984765854811638,-25.984765854811638,-3.8288160465625602
22.91131,-15.393804002589988,-0.012824480248968192,-0.025635633308628905,-25.635633308628904,-4.155559135828419
22.93124,-15.393804002589988,-0.02484014575177189,-0.025076661954694154,-25.076661954694153,-4.5053056646355625
22.95118,-15.393804002589988,-0.03287633713516463,-0.024595638195560317,-24.59563819556032,-4.870393637567736
22.97111,-15.393804002589988,-0.03791557382650178,-0.025102196010078244,-25.102196010078245,-5.221676056116635
22.98151,-15.393804002589988,-0.04007620276196704,-0.025258642921750667,-25.258642921750667,-5.396540593873947
23.00145,-15.393804002589988,-0.04355593909152816,-0.026419132699816137,-26.41913269981614,-5.70640634927302
23.02138,-15.393804002589988,-0.049483252695941636,-0.02811656320617356,-28.116563206173563,-5.997858881063554
23.04131,-15.393804002589988,-0.05785861892725317,-0.030230829639587904,-30.230829639587903,-6.2755233117633304
23.05275,-15.393804002589988,-0.06678808779857784,-0.03126594956915391,-31.265949569153914,-6.427384409979358
23.07066,-15.393804002589988,-0.07738494786900489,-0.03328839041281788,-33.288390412817876,-6.692761722745096
23.08106,-15.393804002589988,-0.08477410410618205,-0.03457147434246692,-34.57147434246692,-6.850766379928142
23.10099,-15.393804002589988,-0.08464490434226839,-0.03632234580686149,-36.32234580686149,-7.165222351259961
23.12092,-15.393804002589988,-0.08446859858391306,-0.03827801660133423,-38.27801660133423,-7.51036121084184
23.14086,-15.393804002589988,-0.08328742242111101,-0.04005658953877964,-40.05658953877964,-7.869323078099513
23.16079,-15.393804002589988,-0.08969171836222234,-0.0421908190519868,-42.1908190519868,-8.220605496648412
23.17119,-15.393804002589988,-0.09155278499079285,-0.04352377146972554,-43.52377146972554,-8.398541813889235
23.19112,5.796238445873168,-0.05116698778788797,-0.0447921471951665,-44.7921471951665,-8.542740916689006
23.21106,5.796238445873168,-0.033429410182207686,-0.04643927986158712,-46.439279861587124,-8.539669137205495
23.23108,5.796238445873168,-0.026100620631033314,-0.04772729610405402,-47.72729610405402,-8.54120502694725
23.25102,5.796238445873168,-0.022585507479983464,-0.0494338433230293,-49.4338433230293,-8.539669137205495
23.27094,5.796238445873168,-0.02146689727712871,-0.05098383211144135,-50.98383211144135,-8.539669137205495
23.29088,5.796238445873168,-0.022414667295839758,-0.05206499998162044,-52.06499998162044,-8.53813324746374
23.31081,5.796238445873168,-0.0240628577948298,-0.05316131409088366,-53.161314090883664,-8.53813324746374
23.33074,5.796238445873168,-0.02501231400443618,-0.05366296270516329,-53.66296270516329,-8.539669137205495
23.35068,5.796238445873168,-0.023826821973062778,-0.053903392762998235,-53.90339276299824,-8.539669137205495
23.37061,5.796238445873168,-0.020903066561812487,-0.05401254556955959,-54.01254556955959,-8.539669137205495
23.39054,5.796238445873168,-0.017229966487179123,-0.05402946172700862,-54.02946172700862,-8.539669137205495
23.41048,5.796238445873168,-0.014304155444192652,-0.05400471039795863,-54.004710397958625,-8.53813324746374
23.42092,5.796238445873168,-0.012224334729083075,-0.053895297917537305,-53.895297917537306,-8.539669137205495
23.44059,5.796238445873168,-0.01166079395434502,-0.053890697886790725,-53.890697886790726,-8.53813324746374
23.46052,5.796238445873168,-0.011364852475615094,-0.05390948106297376,-53.90948106297376,-8.539669137205495
23.48045,5.796238445873168,-0.010215390937844314,-0.05390700570761495,-53.90700570761495,-8.53813324746374
23.50039,5.796238445873168,-0.008368004629885305,-0.05388347965695684,-53.883479656956844,-8.539669137205495
23.52032,5.796238445873168,-0.006665898953787954,-0.053848960038859445,-53.848960038859445,-8.539669137205495
23.54025,0.0,0.0,-0.053748537448311595,-53.748537448311595,-8.539669137205495
23.56019,0.0,-0.0004254432482234813,-0.05369337389700463,-53.69337389700463,-8.539669137205495
23.58012,0.0,-0.0010351773776345345,-0.053667564414280465,-53.66756441428046,-8.539669137205495
23.60005,0.0,-0.001096331693552305,-0.05365281000795571,-53.65281000795571,-8.539669137205495
23.61034,0.0,-0.0006525861373608233,-0.05363487649658142,-53.63487649658142,-8.539669137205495
23.62998,0.0,-2.2054391812038153e-05,-0.053620347211897894,-53.620347211897894,-8.539669137205495
23.64991,-13.775883785991244,0.0003693695130485402,-0.053606952831497634,-53.60695283149764,-8.53813324746374
23.66031,-13.775883785991244,-0.011304749227326511,-0.05367387475907303,-53.67387475907303,-8.620966573763392
23.68024,-13.775883785991244,-0.025081532757618808,-0.05394341124915539,-53.94341124915539,-8.771309235530182
23.70018,-13.775883785991244,-0.03142975633346543,-0.05418123377926271,-54.18123377926271,-8.915490885037434
23.72011,-13.775883785991244,-0.03599029655428712,-0.0543782736587497,-54.3782736587497,-9.053546428870186
23.74004,-13.775883785991244,-0.036225962590075066,-0.054383000786014046,-54.383000786014044,-9.190083536253702
23.75998,-13.775883785991244,-0.03464109720999593,-0.05491609939259273,-54.916099392592734,-9.325067300602944
23.77991,-11.623892818282236,-0.03150132445532398,-0.055598328545756914,-55.598328545756914,-9.45546084901944
23.79976,-11.623892818282236,-0.03140463825783725,-0.05628881078498609,-56.28881078498609,-9.588908723626925
23.81969,-11.623892818282236,-0.032175429107968764,-0.05718838943927214,-57.188389439272136,-9.723909941268689
23.83962,-11.623892818282236,-0.03359966740033539,-0.05793592410095337,-57.93592410095337,-9.86503726458495
23.85956,6.644468462342413,-0.015963193400020094,-0.05879243896180897,-58.79243896180897,-9.91104414366752
23.86996,6.644468462342413,-0.015531737974616568,-0.05921228227744612,-59.21228227744612,-9.912580033409274
23.88989,6.644468462342413,-0.010055954333973835,-0.059929515924351195,-59.92951592435119,-9.91104414366752
23.90983,6.644468462342413,-0.007214569149036669,-0.06077257131222171,-60.772571312221714,-9.91104414366752
23.92976,6.644468462342413,-0.0064516886234722605,-0.061515826309358264,-61.51582630935826,-9.912580033409274
23.94969,6.644468462342413,-0.0075344056491758165,-0.06232367112248517,-62.32367112248517,-9.91104414366752
23.96962,6.644468462342413,-0.010420502771246554,-0.06284288995974704,-62.84288995974705,-9.912580033409274
23.97976,6.644468462342413,-0.01260499695132026,-0.06310650169141743,-63.106501691417435,-9.91104414366752
23.99953,6.644468462342413,-0.013234776288019667,-0.06340080199484059,-63.40080199484059,-9.912580033409274
24.01946,6.644468462342413,-0.011815381492889604,-0.06352445882609511,-63.52445882609511,-9.91104414366752
24.03939,6.644468462342413,-0.009685186911193596,-0.06357318005803993,-63.573180058039924,-9.912580033409274
24.05932,6.644468462342413,-0.007874880967386793,-0.06358076515873075,-63.58076515873075,-9.91104414366752
24.07926,6.644468462342413,-0.007183848287238038,-0.06360501152821789,-63.60501152821789,-9.91104414366752
24.09919,6.644468462342413,-0.007399364153079588,-0.06362209338554418,-63.62209338554418,-9.912580033409274
24.11912,6.644468462342413,-0.0076153516264705085,-0.06363492527814676,-63.63492527814677,-9.91104414366752
24.13906,6.644468462342413,-0.007055041186953461,-0.0636359665517197,-63.6359665517197,-9.91104414366752
24.14946,0.0,0.0,-0.06355218480310275,-63.55218480310275,-9.912580033409274
24.16939,0.0,0.0,-0.06350191575393258,-63.50191575393257,-9.91104414366752
24.18932,0.0,0.0,-0.06347175432443047,-63.47175432443047,-9.91104414366752
24.20926,-3.1573006168577424,-0.0005728257388622572,-0.06346051075386897,-63.46051075386897,-9.912580033409274
24.22921,-3.1573006168577424,-0.0016409947262305445,-0.06346655403126528,-63.466554031265275,-9.91104414366752
24.24912,-3.1573006168577424,-0.0023389347258281905,-0.06347847820506483,-63.47847820506483,-9.912580033409274
24.26907,-3.1573006168577424,-0.002434547204161611,-0.06348683332514363,-63.48683332514363,-9.912580033409274
24.28899,-3.1573006168577424,-0.0017768824440792413,-0.06348394216612874,-63.483942166128735,-9.912580033409274
24.30894,0.0,0.0,-0.06346097017174816,-63.460970171748166,-9.912580033409274
24.32886,0.0,0.0,-0.06344718697511982,-63.44718697511982,-9.912580033409274
24.34879,0.0,0.0,-0.06343891705714282,-63.43891705714282,-9.91104414366752
24.35895,0.0,0.0,-0.06343395510635662,-63.43395510635662,-9.912580033409274
24.37863,0.0,0.0,-0.0634309779358849,-63.4309779358849,-9.91104414366752
24.38903,0.0,0.0,-0.06342919163360186,-63.42919163360186,-9.91104414366752
24.40896,0.0,0.0,-0.06342811985223204,-63.42811985223204,-9.91104414366752
24.4289,0.0,0.0,-0.06342747678341015,-63.42747678341015,-9.912580033409274
24.44883,0.0,0.0,-0.06342709094211701,-63.42709094211701,-9.912580033409274
24.46877,0.0,0.0,-0.06342685943734114,-63.426859437341136,-9.91104414366752
24.4887,0.0,0.0,-0.06342672053447561,-63.426720534475606,-9.912580033409274
24.50863,0.0,0.0,-0.06342663719275629,-63.42663719275629,-9.91104414366752
24.52856,0.0,0.0,-0.0634265871877247,-63.42658718772471,-9.912580033409274
24.54859,0.0,0.0,-0.06342655718470575,-63.42655718470574,-9.91104414366752
24.56852,0.0,0.0,-0.06342653918289437,-63.42653918289437,-9.912580033409274
24.58845,0.0,0.0,-0.06342652838180754,-63.42652838180754,-9.91104414366752
24.60838,0.0,0.0,-0.06342652190115544,-63.42652190115544,-9.912580033409274
24.62832,0.0,0.0,-0.0634265180127642,-63.42651801276419,-9.91104414366752
24.64825,0.0,0.0,-0.06342651567972944,-63.42651567972944,-9.912580033409274
24.66818,0.0,0.0,-0.06342651427990859,-63.42651427990859,-9.91104414366752
24.68812,0.0,0.0,-0.06342651344001607,-63.426513440016066,-9.912580033409274
24.70805,-1.6022122533307945,0.00015936754871361986,-0.06342460721893305,-63.42460721893305,-9.912580033409274
24.72799,-1.6022122533307945,-0.0001637176937969107,-0.06342732792191934,-63.427327921919336,-9.912580033409274
24.73828,-1.6022122533307945,-0.0003984593315289252,-0.06342946171313538,-63.429461713135375,-9.91104414366752
24.74829,-1.6022122533307945,-0.0006389297876071631,-0.06343211931225652,-63.432119312256525,-9.91411592315103
24.76822,-1.6022122533307945,-0.0009896532601327889,-0.0634417107331095,-63.4417107331095,-9.91104414366752
24.78816,-1.6022122533307945,-0.0010183764217587697,-0.06344781516744655,-63.44781516744655,-9.912580033409274
24.80809,-1.6022122533307945,-0.0007571712308692729,-0.06344834822611758,-63.44834822611759,-9.91104414366752
24.82802,-1.6022122533307945,-0.0005579605590687234,-0.06344628590010681,-63.446285900106815,-9.912580033409274
24.84796,0.0,0.0,-0.06343837641213501,-63.438376412135014,-9.91104414366752
24.86789,0.0,0.0,-0.06343363071935193,-63.43363071935193,-9.91104414366752
24.88782,0.0,0.0,-0.06343078330368208,-63.430783303682084,-9.91411592315103
24.90777,0.0,0.0,-0.06342907485428018,-63.429074854280174,-9.91104414366752
24.91828,0.0,0.0,-0.06342804978463903,-63.428049784639036,-9.91104414366752
24.9379,0.0,0.0,-0.06342743474285434,-63.42743474285434,-9.912580033409274
24.95784,0.0,0.0,-0.06342706571778353,-63.427065717783535,-9.912580033409274
24.97777,0.0,0.0,-0.06342684430274104,-63.42684430274104,-9.91104414366752
24.9977,0.0,0.0,-0.06342671145371555,-63.42671145371555,-9.91104414366752
25.01763,0.0,0.0,-0.06342663174430026,-63.42663174430026,-9.91104414366752
25.03757,0.0,0.0,-0.06342658391865108,-63.42658391865108,-9.91104414366752
25.0575,0.0,0.0,-0.06342655522326157,-63.42655522326157,-9.91104414366752
25.07745,0.0,0.0,-0.06342653800602786,-63.42653800602786,-9.91411592315103
25.09737,0.0,0.0,-0.06342652767568764,-63.426527675687645,-9.912580033409274
25.11739,0.0,0.0,-0.06342652147748351,-63.42652147748351,-9.91104414366752
25.13732,0.0,0.0,-0.06342651775856104,-63.42651775856103,-9.912580033409274
25.15725,0.0,0.0,-0.06342651552720754,-63.42651552720754,-9.912580033409274
25.17719,0.0,0.0,-0.06342651418839546,-63.42651418839546,-9.912580033409274
25.18759,0.0,0.0,-0.0634265133851082,-63.4265133851082,-9.912580033409274
25.20752,0.0,0.0,-0.06342651290313585,-63.42651290313585,-9.91104414366752
25.22745,0.0,0.0,-0.06342651261395243,-63.42651261395243,-9.91104414366752
25.24739,0.0,0.0,-0.06342651244044238,-63.42651244044238,-9.912580033409274
25.26732,0.0,0.0,-0.06342651233633635,-63.42651233633635,-9.91104414366752
25.28725,0.0,0.0,-0.06342651227387273,-63.42651227387273,-9.912580033409274
25.33309,0.0,0.0,-0.06342651223639456,-63.42651223639456,-9.912580033409274
25.34707,0.0,0.0,-0.06342651221390766,-63.42651221390766,-9.912580033409274
25.367,0.0,0.0,-0.06342651220041552,-63.42651220041552,-9.912580033409274
25.38694,0.0,0.0,-0.06342651219232023,-63.42651219232023,-9.912580033409274
25.40687,0.0,0.0,-0.06342651218746306,-63.42651218746306,-9.912580033409274
25.42682,0.0,0.0,-0.06342651218454876,-63.426512184548756,-9.912580033409274
25.44674,0.0,0.0,-0.06342651218280018,-63.42651218280018,-9.912580033409274
25.46667,0.0,0.0,-0.06342651218175104,-63.426512181751036,-9.912580033409274
25.47707,0.0,0.0,-0.06342651218112154,-63.42651218112154,-9.912580033409274
25.497,0.0,-0.0003623701086752524,-0.06343084540250338,-63.43084540250338,-9.912580033409274
25.51616,0.0,-0.0010537223342566898,-0.06344122570552756,-63.44122570552756,-9.912580033409274
25.52656,0.0,-0.0016972464830454382,-0.06344593111344166,-63.44593111344166,-9.91104414366752
25.53696,0.0,-0.0022136432041151965,-0.0634519766737296,-63.45197667372959,-9.912580033409274
25.55689,0.0,-0.0023161344374283592,-0.06346948721191144,-63.469487211911435,-9.91104414366752
25.57682,0.0,0.0,-0.06345229719921779,-63.45229719921779,-9.912580033409274
25.59676,14.796901398407927,0.023330221259364115,-0.06316286042445458,-63.162860424454585,-9.7822039382853
25.61669,14.796901398407927,0.0369187028011444,-0.06282684727864761,-62.82684727864761,-9.644130941160027
25.63662,14.796901398407927,0.043584473305862646,-0.06254553010746793,-62.545530107467926,-9.50761128706903
25.65656,14.796901398407927,0.043708514133306293,-0.06237499427346084,-62.37499427346084,-9.374163412461545
25.67649,12.644910430698918,0.043491977575261104,-0.06233135551784666,-62.33135551784666,-9.242233974303293
25.68789,12.644910430698918,0.04258832388158163,-0.0621198641711866,-62.119864171186606,-9.170134422903406
25.70662,12.644910430698918,0.04114325174141634,-0.061668369974223765,-61.668369974223765,-9.038222438037675
25.72656,12.644910430698918,0.041358954344670885,-0.060904415805596385,-60.904415805596386,-8.900149440912404
25.74649,12.644910430698918,0.042635381496764546,-0.06009604104499563,-60.09604104499563,-8.752896011921642
25.76642,12.644910430698918,0.044591284448129084,-0.059164241283765545,-59.16424128376555,-8.601034913705616
25.78636,11.592476891746337,0.04737115262970141,-0.058036587019930655,-58.03658701993066,-8.443030256522569
25.80629,11.592476891746337,0.04791239453598016,-0.05712582932385771,-57.12582932385771,-8.277363603923266
25.82623,11.592476891746337,0.04812724434752807,-0.05606473123121243,-56.064731231212434,-8.104017502615191
25.84616,11.592476891746337,0.04774026738150149,-0.05498168681750154,-54.98168681750154,-7.926081185374368
25.86609,11.592476891746337,0.04899710272823791,-0.05382365577789121,-53.823655777891204,-7.748144868133546
25.88603,11.592476891746337,0.05064684530586569,-0.052759860966658176,-52.759860966658174,-7.56560088166746
25.90596,11.592476891746337,0.05308090084172406,-0.051660090115924484,-51.66009011592448,-7.390718890617628
25.92589,11.592476891746337,0.05653523895480242,-0.050479703263406506,-50.479703263406506,-7.218908679051307
25.93629,11.592476891746337,0.056453029179673105,-0.05009525263723602,-50.09525263723602,-7.13148513681891
25.95622,11.592476891746337,0.05169332721603058,-0.04905899924450448,-49.05899924450448,-6.970408700152354
25.97616,11.592476891746337,0.046498579886836595,-0.04802917483061778,-48.02917483061778,-6.817011712194573
25.99609,11.592476891746337,0.04654120041334769,-0.04714119896137856,-47.141198961378564,-6.6666865037203005
26.01604,11.592476891746337,0.044267784601639534,-0.046146545174183866,-46.14654517418386,-6.524023290662283
26.03596,11.592476891746337,0.04148347720419162,-0.04533258759105507,-45.332587591055066,-6.381360077604268
26.05589,11.592476891746337,0.04431412724240521,-0.04422388815694278,-44.22388815694278,-6.243304533771515
26.06632,11.592476891746337,0.0464845990054089,-0.043797676209464315,-43.79767620946431,-6.175812651596895
26.08596,11.592476891746337,0.04558017662493551,-0.042802557705897235,-42.802557705897236,-6.034685328280633
26.1059,11.592476891746337,0.04592764688161316,-0.04205354716395297,-42.05354716395297,-5.893558004964372
26.12583,12.566370614359174,0.04273527582852081,-0.04113545783602678,-41.13545783602678,-5.744751232939335
26.14577,12.566370614359174,0.04312805389010048,-0.03999807415646808,-39.998074156468086,-5.594426024465064
26.1657,12.566370614359174,0.04429403437999913,-0.0390739827283855,-39.073982728385495,-5.439493146765528
26.18563,12.566370614359174,0.04595776009638275,-0.038229782483288934,-38.229782483288936,-5.273826494166226
26.20556,12.566370614359174,0.04825364084759284,-0.03717937006092362,-37.17937006092362,-5.103552172341659
26.22551,12.566370614359174,0.05154820290960547,-0.03605780586378245,-36.05780586378245,-4.925615855100837
26.24543,12.566370614359174,0.05368832150329501,-0.035057797789020344,-35.05779778902034,-4.74614364811826
26.26545,12.566370614359174,0.05679584149681225,-0.03388684819404017,-33.88684819404017,-4.5666539878431625
26.28538,12.566370614359174,0.05766510330350231,-0.03271634379606848,-32.71634379606848,-4.385645891118831
26.30532,12.566370614359174,0.059570973258769346,-0.03147445520523643,-31.47445520523643,-4.209245463619764
26.32525,12.566370614359174,0.059282727111404226,-0.030384181639355176,-30.384181639355177,-4.042042921278708
26.34518,12.566370614359174,0.05828375090203124,-0.02933253482734699,-29.33253482734699,-3.879430594870396
26.36512,12.566370614359174,0.05596180209167926,-0.028245106870486692,-28.24510687048669,-3.7275694966543695
26.38505,12.566370614359174,0.05618119698456234,-0.02729259621215135,-27.292596212151352,-3.580316067663608
26.39545,12.566370614359174,0.05596049414720272,-0.026806428701649825,-26.806428701649825,-3.506680626521967
26.41539,12.566370614359174,0.052241493620702996,-0.025996969467790978,-25.99696946779098,-3.3670891929474602
26.43532,12.566370614359174,0.04961849022438025,-0.025077713671514998,-25.077713671515,-3.2321054285982194
26.44574,12.566370614359174,0.051394720726468314,-0.024467844004400535,-24.467844004400533,-3.1692037623563434
26.46531,12.566370614359174,0.04948615761765164,-0.023725860640483445,-23.725860640483447,-3.031148218523592
26.48525,12.566370614359174,0.045478899348174624,-0.02288958871990533,-22.88958871990533,-2.8992187803653406
26.50518,12.566370614359174,0.04307749190842705,-0.021946902295788277,-21.946902295788277,-2.764235016016099
26.52512,12.566370614359174,0.046905114349739985,-0.020767621614445328,-20.76762161444533,-2.6246435824415926
26.54505,12.566370614359174,0.0478159727659052,-0.020049442591385247,-20.049442591385247,-2.4789085899000662
26.56498,12.566370614359174,0.04904763340073966,-0.019087368846393442,-19.087368846393442,-2.3301192711675496
26.58491,12.566370614359174,0.049904112881723084,-0.01811836996254554,-18.11836996254554,-2.170578724242748
26.60485,12.566370614359174,0.05003853026003037,-0.01704654047953328,-17.04654047953328,-2.0049120716434463
26.62478,12.566370614359174,0.051705871704390796,-0.01617909073692008,-16.17909073692008,-1.8346377498188795
26.63497,12.566370614359174,0.05592269327776115,-0.015367391671459861,-15.367391671459862,-1.7487326440357183
26.6546,12.566370614359174,0.05552227764099765,-0.014014683293180997,-14.014683293180997,-1.5661886575696315
26.67454,12.566370614359174,0.053496678145811286,-0.01273309543221586,-12.73309543221586,-1.3867164505870546
26.68494,12.566370614359174,0.0563099601083651,-0.012252802821897103,-12.252802821897102,-1.2900775699041285
26.70487,12.566370614359174,0.059450154644970436,-0.011102616111639216,-11.102616111639216,-1.1151955788542969
26.7248,12.566370614359174,0.05202250965513106,-0.00994766496462573,-9.94766496462573,-0.94493871032225
26.74474,12.566370614359174,0.04646859862464195,-0.008757865041690429,-8.75786504169043,-0.7792546044304283
26.76467,12.566370614359174,0.04802618262430021,-0.007662735838015482,-7.662735838015482,-0.6197315107981466
26.7846,12.566370614359174,0.047346481865302534,-0.006483390256816034,-6.483390256816034,-0.4694063023238749
26.80454,12.566370614359174,0.0482405383449196,-0.005597308888850367,-5.5973088888503675,-0.32520719952410343
26.82438,12.566370614359174,0.04882963306245956,-0.004582324549932388,-4.582324549932388,-0.18100809672433193
26.84432,12.566370614359174,0.04720206984461391,-0.003487395989037926,-3.487395989037926,-0.04141666314982544
26.86425,0.0,0.02579955816542299,-0.0025702151662956464,-2.5702151662956463,0.03221877799181533
26.88418,0.0,0.014733352423691153,-0.001970785124891022,-1.970785124891022,0.03221877799181533
26.89458,0.0,0.011121446287915195,-0.0014108393810007395,-1.4108393810007396,0.03221877799181533
26.91452,0.0,0.007036775753006333,-0.0008925883257614237,-0.8925883257614238,0.03221877799181533
26.93445,0.0,0.005317730235033196,-2.0661785156894576e-05,-0.020661785156894576,0.030682888250060315
26.95438,0.0,0.005169982013244236,0.00027740276779264066,0.27740276779264067,0.03221877799181533
26.97432,0.0,0.006503575329620029,0.0005234061836404529,0.5234061836404529,0.03221877799181533
26.99425,0.0,0.007506898542300798,0.0006364409927208657,0.6364409927208657,0.030682888250060315
27.00433,0.0,0.0,0.00051213727790246,0.51213727790246,0.03221877799181533
27.02401,0.0,-0.00024335277087615266,0.0005230808596046562,0.5230808596046562,0.030682888250060315
27.04394,0.0,-0.0005863266375396232,0.00047898326625923107,0.47898326625923104,0.03221877799181533
27.06388,0.0,-0.0005999943679793705,0.0004244420967930384,0.4244420967930384,0.03221877799181533
27.08381,0.0,-0.0006427750382386433,0.00039120942382457147,0.39120942382457147,0.03221877799181533
27.09421,0.0,-0.0008074970260293177,0.0003739173425083253,0.37391734250832526,0.030682888250060315
27.11414,0.0,0.0001451323737073639,0.00033774819751830815,0.33774819751830815,0.03221877799181533
27.13409,0.0,0.0,0.0002910482386227303,0.2910482386227303,0.03221877799181533
27.15401,0.0,0.0,0.00028629124226215867,0.2862912422621587,0.03221877799181533
27.17394,0.0,0.0,0.00030670002342259077,0.3067000234225908,0.03221877799181533
27.19388,0.0,0.0,0.00031894529211885,0.31894529211885,0.03221877799181533
27.21381,0.0,0.0,0.00032629245333660556,0.32629245333660556,0.030682888250060315
27.23374,0.0,0.0,0.0003307007500672589,0.3307007500672589,0.030682888250060315
27.25368,0.0,0.0,0.00033334572810565094,0.33334572810565094,0.03221877799181533
27.27362,0.0,0.0,0.00033493271492868616,0.33493271492868615,0.03221877799181533
27.29354,0.0,0.0,0.0003358849070225073,0.3358849070225073,0.03221877799181533
27.31348,0.0,0.0,0.0003364562222787999,0.3364562222787999,0.03221877799181533
27.33341,0.0,0.0,0.0003367990114325755,0.3367990114325755,0.030682888250060315
27.35334,0.0,0.0,0.00033700468492484087,0.33700468492484087,0.03221877799181533
27.37328,0.0,0.0,0.0003371280890202001,0.3371280890202001,0.03221877799181533
27.38361,0.0,0.0,0.00033720213147741564,0.3372021314774156,0.03221877799181533
27.40304,0.0,0.0,0.00033724655695174495,0.33724655695174494,0.03221877799181533
27.41345,0.0,0.0,0.00033727321223634256,0.33727321223634255,0.03221877799181533
27.43337,0.0,0.0,0.0003372892054071011,0.3372892054071011,0.03221877799181533
27.4533,0.0,0.0,0.00033729880130955623,0.33729880130955625,0.030682888250060315
27.47324,0.0,0.0,0.00033730455885102933,0.33730455885102933,0.03221877799181533
27.49317,0.0,0.0,0.00033730801337591315,0.33730801337591315,0.03221877799181533
27.5131,0.0,0.0,0.00033731008609084345,0.33731008609084345,0.030682888250060315
27.53304,0.0,0.0,0.00033731132971980167,0.33731132971980166,0.03375466773357033
27.55297,0.0,0.0,0.00033731207589717655,0.33731207589717654,0.030682888250060315
27.57299,0.0,0.0,0.0003373125236036015,0.3373125236036015,0.03221877799181533
27.59292,0.0,0.0,0.0003373127922274565,0.33731279222745647,0.030682888250060315
27.61286,0.0,0.0,0.00033731295340176946,0.3373129534017695,0.03221877799181533
27.62326,0.0,0.0,0.0003373130501063572,0.3373130501063572,0.03221877799181533
27.64319,0.0,0.0,0.0003373131081291099,0.33731310812910986,0.03221877799181533
27.66312,0.0,0.0,0.00033731314294276147,0.3373131429427615,0.03221877799181533
27.68306,0.0,0.0,0.00033731316383095244,0.33731316383095244,0.030682888250060315
27.70299,0.0,0.0,0.00033731317636386703,0.33731317636386704,0.03221877799181533
27.72293,0.0,0.0,0.0003373131838836158,0.3373131838836158,0.03221877799181533
27.74286,0.0,0.0,0.00033731318839546503,0.33731318839546504,0.03221877799181533
27.75296,0.0,0.0,0.0003373131911025746,0.33731319110257457,0.03221877799181533
27.77264,0.0,0.0,0.00033731319272684035,0.33731319272684035,0.03221877799181533
27.79258,0.0,0.0,0.00033731319370139976,0.3373131937013998,0.030682888250060315
27.81251,0.0,0.0,0.0003373131942861354,0.33731319428613543,0.03221877799181533
27.83244,0.0,0.0,0.0003373131946369768,0.3373131946369768,0.03221877799181533
27.84284,0.0,0.0,0.00033731319484748163,0.3373131948474816,0.030682888250060315
27.86278,0.0,0.0,0.0003373131949737845,0.33731319497378454,0.03221877799181533
27.88271,0.0,0.0,0.0003373131950495663,0.3373131950495663,0.03221877799181533
27.90264,0.0,0.0,0.00033731319509503534,0.3373131950950353,0.03221877799181533
27.92258,0.0,0.0,0.00033731319512231674,0.3373131951223167,0.03221877799181533
27.9426,0.0,0.0,0.0003373131951386856,0.3373131951386856,0.03221877799181533
27.96253,0.0,0.0,0.00033731319514850695,0.33731319514850694,0.03221877799181533
27.98247,0.0,0.0,0.00033731319515439975,0.3373131951543997,0.030682888250060315
28.0024,0.0,0.0,0.0003373131951579354,0.3373131951579354,0.03221877799181533
28.02233,0.0,0.0,0.0003373131951600568,0.3373131951600568,0.03221877799181533
28.04226,0.0,0.0,0.00033731319516132964,0.3373131951613296,0.03221877799181533
28.0622,0.0,0.0,0.00033731319516209336,0.33731319516209335,0.030682888250060315
28.08213,0.0,0.0,0.0003373131951625516,0.3373131951625516,0.03221877799181533
28.10206,0.0,0.0,0.00033731319516282655,0.33731319516282654,0.030682888250060315
28.122,0.0,0.0,0.0003373131951629915,0.3373131951629915,0.03221877799181533
28.13224,0.0,0.0,0.00033731319516309044,0.33731319516309044,0.03221877799181533
28.14225,0.0,0.0,0.00033731319516314986,0.33731319516314984,0.03221877799181533
28.16219,0.0,0.0,0.00033731319516318547,0.3373131951631855,0.03221877799181533
28.18212,0.0,0.0,0.0003373131951632069,0.3373131951632069,0.03221877799181533
28.20205,0.0,0.0,0.0003373131951632197,0.33731319516321967,0.030682888250060315
28.22198,0.0,0.0,0.0003373131951632274,0.3373131951632274,0.03221877799181533
28.24192,0.0,0.0,0.000337313195163232,0.337313195163232,0.03221877799181533
28.26185,0.0,0.0,0.00033731319516323475,0.33731319516323477,0.030682888250060315
28.28179,0.0,0.0,0.00033731319516323643,0.33731319516323643,0.030682888250060315
28.30172,0.0,0.0,0.00033731319516323746,0.33731319516323743,0.03221877799181533
28.32174,0.0,0.0,0.00033731319516323806,0.33731319516323804,0.030682888250060315
28.34167,0.0,0.0,0.00033731319516323844,0.33731319516323843,0.03221877799181533
28.36162,0.0,0.0,0.00033731319516323865,0.33731319516323865,0.03221877799181533
28.38154,0.0,0.0,0.00033731319516323876,0.33731319516323877,0.03221877799181533
28.40147,0.0,0.0,0.0003373131951632388,0.3373131951632388,0.03221877799181533
28.41187,0.0,0.0,0.00033731319516323887,0.3373131951632389,0.030682888250060315
28.43182,0.0,0.0,0.00033731319516323887,0.3373131951632389,0.03221877799181533
28.45174,0.0,0.0,0.00033731319516323887,0.3373131951632389,0.03221877799181533
28.47167,0.0,0.0,0.00033731319516323887,0.3373131951632389,0.030682888250060315
28.49161,0.0,0.0,0.00033731319516323887,0.3373131951632389,0.03221877799181533
28.50297,0.0,0.0,0.00033731319516323887,0.3373131951632389,0.03221877799181533
28.52082,0.0,0.0,0.00033731319516323887,0.3373131951632389,0.03221877799181533
28.53122,0.0,0.0,0.00033731319516323887,0.3373131951632389,0.03221877799181533
28.54162,0.0,0.0,0.00033731319516323887,0.3373131951632389,0.030682888250060315
28.56156,0.0,0.0,0.00033731319516323887,0.3373131951632389,0.03221877799181533
28.58149,0.0,0.0,0.00033731319516323887,0.3373131951632389,0.03221877799181533
28.60142,0.0,0.0,0.00033731319516323887,0.3373131951632389,0.03375466773357033
28.62135,0.0,0.0,0.00033731319516323887,0.3373131951632389,0.03221877799181533
28.64129,0.0,0.0,0.00033731319516323887,0.3373131951632389,0.03221877799181533
28.66122,0.0,0.0,0.00033731319516323887,0.3373131951632389,0.03221877799181533
28.67161,0.0,0.0,0.00033731319516323887,0.3373131951632389,0.03375466773357033
28.69119,0.0,0.0,0.00033731319516323887,0.3373131951632389,0.03221877799181533
28.71112,0.0,0.0,0.00033731319516323887,0.3373131951632389,0.03221877799181533
28.73107,0.0,0.0,0.00033731319516323887,0.3373131951632389,0.03221877799181533
28.75099,0.0,0.0,0.00033731319516323887,0.3373131951632389,0.030682888250060315
28.77092,0.0,0.0,0.00033731319516323887,0.3373131951632389,0.030682888250060315
28.79086,0.0,0.0,0.00033731319516323887,0.3373131951632389,0.030682888250060315
28.81079,0.0,0.0,0.00033731319516323887,0.3373131951632389,0.03375466773357033
28.83072,0.0,0.0,0.00033731319516323887,0.3373131951632389,0.03221877799181533
28.85066,0.0,0.0,0.00033731319516323887,0.3373131951632389,0.030682888250060315
28.87068,0.0,0.0,0.00033731319516323887,0.3373131951632389,0.030682888250060315
28.89061,0.0,0.0,0.00033731319516323887,0.3373131951632389,0.03221877799181533
28.90101,0.0,0.0,0.00033731319516323887,0.3373131951632389,0.03221877799181533
28.92094,0.0,0.0,0.00033731319516323887,0.3373131951632389,0.030682888250060315
28.94088,0.0,0.0,0.00033731319516323887,0.3373131951632389,0.03221877799181533
28.96081,0.0,0.0,0.00033731319516323887,0.3373131951632389,0.03221877799181533
28.98074,0.0,0.0,0.00033731319516323887,0.3373131951632389,0.03221877799181533
29.00068,0.0,0.0,0.00033731319516323887,0.3373131951632389,0.03375466773357033
29.02061,0.0,0.0,0.00033731319516323887,0.3373131951632389,0.030682888250060315
29.04054,0.0,0.0,0.00033731319516323887,0.3373131951632389,0.03375466773357033
29.05094,0.0,0.0,0.00033731319516323887,0.3373131951632389,0.03221877799181533
29.07047,0.0,0.0,0.00033731319516323887,0.3373131951632389,0.030682888250060315
29.0904,0.0,0.0,0.00033731319516323887,0.3373131951632389,0.030682888250060315
29.11034,0.0,0.0,0.00033731319516323887,0.3373131951632389,0.03221877799181533
29.13027,0.0,0.0,0.00033731319516323887,0.3373131951632389,0.03221877799181533
29.1502,0.0,0.0,0.00033731319516323887,0.3373131951632389,0.03221877799181533
29.17014,0.0,0.0,0.00033731319516323887,0.3373131951632389,0.03221877799181533
29.19007,0.0,0.0,0.00033731319516323887,0.3373131951632389,0.030682888250060315
29.20047,0.0,0.0,0.00033731319516323887,0.3373131951632389,0.03221877799181533
29.22042,0.0,0.0,0.00033731319516323887,0.3373131951632389,0.03221877799181533
29.23956,0.0,0.0,0.00033731319516323887,0.3373131951632389,0.03221877799181533
29.24996,0.0,0.0,0.00033731319516323887,0.3373131951632389,0.03221877799181533
29.26989,0.0,0.0,0.00033731319516323887,0.3373131951632389,0.03221877799181533
29.28029,0.0,0.0,0.00033731319516323887,0.3373131951632389,0.03221877799181533
29.30022,0.0,0.0,0.00033731319516323887,0.3373131951632389,0.030682888250060315
29.32016,0.0,0.0,0.00033731319516323887,0.3373131951632389,0.03221877799181533
29.34009,0.0,0.0,0.00033731319516323887,0.3373131951632389,0.03221877799181533
29.36002,0.0,0.0,0.00033731319516323887,0.3373131951632389,0.03221877799181533
29.37997,0.0,0.0,0.00033731319516323887,0.3373131951632389,0.03221877799181533
29.39989,0.0,0.0,0.00033731319516323887,0.3373131951632389,0.03221877799181533
29.41028,0.0,0.0,0.00033731319516323887,0.3373131951632389,0.03221877799181533
29.42987,0.0,0.0,0.00033731319516323887,0.3373131951632389,0.03221877799181533
29.4498,0.0,0.0,0.00033731319516323887,0.3373131951632389,0.030682888250060315
29.46974,0.0,0.0,0.00033731319516323887,0.3373131951632389,0.03221877799181533
29.48967,0.0,0.0,0.00033731319516323887,0.3373131951632389,0.03221877799181533
29.50962,0.0,0.0,0.00033731319516323887,0.3373131951632389,0.03221877799181533
29.52954,0.0,0.0,0.00033731319516323887,0.3373131951632389,0.03221877799181533
29.54947,0.0,0.0,0.00033731319516323887,0.3373131951632389,0.03221877799181533
29.5694,0.0,0.0,0.00033731319516323887,0.3373131951632389,0.03221877799181533
29.58934,0.0,0.0,0.00033731319516323887,0.3373131951632389,0.03221877799181533
29.60936,0.0,0.0,0.00033731319516323887,0.3373131951632389,0.03221877799181533
29.62929,0.0,0.0,0.00033731319516323887,0.3373131951632389,0.03375466773357033
29.64922,0.0,0.0,0.00033731319516323887,0.3373131951632389,0.03375466773357033
29.65962,0.0,0.0,0.00033731319516323887,0.3373131951632389,0.03221877799181533
29.67955,0.0,0.0,0.00033731319516323887,0.3373131951632389,0.03221877799181533
29.69949,0.0,0.0,0.00033731319516323887,0.3373131951632389,0.03375466773357033
29.71942,0.0,0.0,0.00033731319516323887,0.3373131951632389,0.030682888250060315
29.73937,0.0,0.0,0.00033731319516323887,0.3373131951632389,0.03221877799181533
29.75929,0.0,0.0,0.00033731319516323887,0.3373131951632389,0.03221877799181533
29.77922,0.0,0.0,0.00033731319516323887,0.3373131951632389,0.030682888250060315
29.7897,0.0,0.0,0.00033731319516323887,0.3373131951632389,0.030682888250060315
29.8093,0.0,0.0,0.00033731319516323887,0.3373131951632389,0.030682888250060315
29.82924,0.0,0.0,0.00033731319516323887,0.3373131951632389,0.03221877799181533
29.84918,0.0,0.0,0.00033731319516323887,0.3373131951632389,0.03221877799181533
29.8691,0.0,0.0,0.00033731319516323887,0.3373131951632389,0.030682888250060315
29.88904,0.0,0.0,0.00033731319516323887,0.3373131951632389,0.0291469985083053
29.90897,0.0,0.0,0.00033731319516323887,0.3373131951632389,0.03221877799181533
29.9289,0.0,0.0,0.00033731319516323887,0.3373131951632389,0.030682888250060315
29.94884,0.0,0.0,0.00033731319516323887,0.3373131951632389,0.03221877799181533
29.96877,0.0,0.0,0.00033731319516323887,0.3373131951632389,0.03221877799181533
29.9888,0.0,0.0,0.00033731319516323887,0.3373131951632389,0.03221877799181533
