t_s,enc_as5600_deg,acc_deg,clar_counts,clar_deg,a_belt,v_belt,axW,ayW,azW,cmd_sps,cmd_dir,cmd_vel,cam_t_s,cam_x_mm,cam_y_mm,cam_dx_mm,cam_dy_mm,cam_vx_mm,cam_vy_mm
0.03246,255.762,0.000,0,0.000,0.004,0.007,0.008,0.004,0.010,0.0,1,0.0,0.011,0.00,0.00,0.00,0.00,0.000.00
0.05205,255.762,0.000,0,0.000,0.005,0.007,0.002,0.005,0.010,0.0,1,0.0,0.023,0.00,0.00,0.00,0.00,0.000.00
0.06211,255.762,0.000,0,0.000,0.004,0.007,0.002,0.004,0.008,0.0,1,0.0,0.034,0.00,0.00,0.00,0.00,0.000.00
0.07233,255.850,0.088,0,0.000,0.004,0.008,0.008,0.004,0.007,0.0,1,0.0,0.046,0.00,0.00,0.00,0.00,0.000.00
0.09176,255.850,0.088,0,0.000,0.005,0.008,0.007,0.005,0.014,0.0,1,0.0,0.070,0.00,0.00,0.00,0.00,0.000.00
0.10197,255.762,0.000,0,0.000,0.007,0.008,0.005,0.007,0.016,0.0,1,0.0,0.070,0.00,0.00,0.00,0.00,0.000.00
0.11203,255.850,0.088,0,0.000,0.007,0.008,0.006,0.007,0.016,0.0,1,0.0,0.087,0.00,0.00,0.00,0.00,0.000.00
0.12225,255.762,0.000,0,0.000,0.008,0.008,0.004,0.008,0.018,0.0,1,0.0,0.087,0.00,0.00,0.00,0.00,0.000.00
0.14166,255.762,0.000,0,0.000,0.005,0.008,0.004,0.005,0.016,0.0,1,0.0,0.119,0.00,0.00,0.00,0.00,0.000.00
0.15191,255.762,0.000,0,0.000,0.007,0.008,0.001,0.007,0.015,0.0,1,0.0,0.134,0.00,0.00,0.00,0.00,0.000.00
0.16195,255.850,0.088,0,0.000,0.003,0.008,0.004,0.003,0.013,0.0,1,0.0,0.144,0.00,0.00,0.00,0.00,0.000.00
0.17217,255.762,0.000,0,0.000,0.005,0.008,0.004,0.005,0.013,0.0,1,0.0,0.144,0.00,0.00,0.00,0.00,0.000.00
0.19159,255.762,0.000,0,0.000,0.007,0.008,0.005,0.007,0.010,0.0,1,0.0,0.171,0.00,0.00,0.00,0.00,0.000.00
0.20181,255.762,0.000,0,0.000,0.005,0.008,0.005,0.005,0.011,0.0,1,0.0,0.181,0.00,0.00,0.00,0.00,0.000.00
0.21187,255.762,0.000,0,0.000,0.005,0.008,0.006,0.005,0.012,0.0,1,0.0,0.181,0.00,0.00,0.00,0.00,0.000.00
0.22209,255.762,0.000,0,0.000,0.003,0.008,0.006,0.003,0.009,0.0,1,0.0,0.196,0.00,0.00,0.00,0.00,0.000.00
0.24150,255.850,0.088,0,0.000,0.003,0.008,0.008,0.003,0.014,0.0,1,0.0,0.219,0.00,0.00,0.00,0.00,0.000.00
0.25173,255.762,0.000,0,0.000,0.004,0.008,0.010,0.004,0.014,0.0,1,0.0,0.219,0.00,0.00,0.00,0.00,0.000.00
0.26220,255.762,0.000,0,0.000,0.005,0.008,0.010,0.005,0.014,0.0,1,0.0,0.233,0.00,0.00,0.00,0.00,0.000.00
0.28169,255.762,0.000,0,0.000,0.007,0.009,0.010,0.007,0.010,0.0,1,0.0,0.268,0.00,0.00,0.00,0.00,0.000.00
0.29192,255.850,0.088,0,0.000,0.007,0.009,0.011,0.007,0.008,0.0,1,0.0,0.274,0.00,0.00,0.00,0.00,0.000.00
0.30197,255.762,0.000,0,0.000,0.006,0.009,0.008,0.006,0.005,0.0,1,0.0,0.274,0.00,0.00,0.00,0.00,0.000.00
0.32156,255.762,0.000,0,0.000,0.007,0.009,0.004,0.007,0.008,0.0,1,0.0,0.296,0.00,0.00,0.00,0.00,0.000.00
0.33161,255.762,0.000,0,0.000,0.006,0.009,0.003,0.006,0.013,0.0,1,0.0,0.311,0.00,0.00,0.00,0.00,0.000.00
0.34184,255.850,0.088,0,0.000,0.008,0.009,0.003,0.008,0.011,0.0,1,0.0,0.325,0.00,0.00,0.00,0.00,0.000.00
0.36125,255.762,0.000,0,0.000,0.005,0.009,0.008,0.005,0.011,0.0,1,0.0,0.336,0.00,0.00,0.00,0.00,0.000.00
0.37148,255.762,0.000,0,0.000,0.006,0.009,0.008,0.006,0.013,0.0,1,0.0,0.347,0.00,0.00,0.00,0.00,0.000.00
0.38153,255.762,0.000,0,0.000,0.008,0.009,0.006,0.008,0.014,0.0,1,0.0,0.358,0.00,0.00,0.00,0.00,0.000.00
0.39167,255.762,0.000,0,0.000,0.008,0.009,0.005,0.008,0.011,0.0,1,0.0,0.370,0.00,0.00,0.00,0.00,0.000.00
0.41126,255.850,0.088,0,0.000,0.009,0.010,0.004,0.009,0.006,0.0,1,0.0,0.383,0.00,0.00,0.00,0.00,0.000.00
0.42131,255.762,0.000,0,0.000,0.009,0.010,0.008,0.009,0.010,0.0,1,0.0,0.398,0.00,0.00,0.00,0.00,0.000.00
0.43154,255.850,0.088,0,0.000,0.008,0.010,0.007,0.008,0.009,0.0,1,0.0,0.410,0.00,0.00,0.00,0.00,0.000.00
0.44159,255.850,0.088,0,0.000,0.011,0.010,0.007,0.011,0.010,0.0,1,0.0,0.423,0.00,0.00,0.00,0.00,0.000.00
0.46118,255.762,0.000,0,0.000,0.010,0.010,0.004,0.010,0.008,0.0,1,0.0,0.436,0.00,0.00,0.00,0.00,0.000.00
0.47123,255.762,0.000,0,0.000,0.010,0.010,0.005,0.010,0.008,0.0,1,0.0,0.453,0.00,0.00,0.00,0.00,0.000.00
0.48146,255.762,0.000,0,0.000,0.009,0.010,0.004,0.009,0.008,0.0,1,0.0,0.453,0.00,0.00,0.00,0.00,0.000.00
0.49151,255.762,0.000,0,0.000,0.012,0.010,0.005,0.012,0.005,0.0,1,0.0,0.463,0.00,0.00,0.00,0.00,0.000.00
0.51110,255.762,0.000,0,0.000,0.014,0.011,0.007,0.014,0.011,0.0,1,0.0,0.485,0.00,0.00,0.00,0.00,0.000.00
0.52258,255.674,-0.088,0,0.000,0.013,0.011,0.006,0.013,0.014,0.0,1,0.0,0.498,0.00,0.00,0.00,0.00,0.000.00
0.54135,255.762,0.000,0,0.000,0.010,0.011,0.005,0.010,0.014,0.0,1,0.0,0.527,0.00,0.00,0.00,0.00,0.000.00
0.55141,255.762,0.000,0,0.000,0.011,0.011,0.005,0.011,0.014,0.0,1,0.0,0.533,0.00,0.00,0.00,0.00,0.000.00
0.57099,255.762,0.000,0,0.000,0.010,0.011,0.003,0.010,0.008,0.0,1,0.0,0.544,0.00,0.00,0.00,0.00,0.000.00
0.58105,255.762,0.000,0,0.000,0.009,0.011,0.002,0.009,0.011,0.0,1,0.0,0.556,0.00,0.00,0.00,0.00,0.000.00
0.59127,255.762,0.000,0,0.000,0.011,0.011,0.004,0.011,0.013,0.0,1,0.0,0.568,0.00,0.00,0.00,0.00,0.000.00
0.60133,255.762,0.000,0,0.000,0.011,0.012,0.004,0.011,0.014,0.0,1,0.0,0.578,0.00,0.00,0.00,0.00,0.000.00
0.62092,255.674,-0.088,0,0.000,0.010,0.012,0.003,0.010,0.011,0.0,1,0.0,0.605,0.00,0.00,0.00,0.00,0.000.00
0.63097,255.674,-0.088,0,0.000,0.009,0.012,0.004,0.009,0.013,0.0,1,0.0,0.605,0.00,0.00,0.00,0.00,0.000.00
0.64119,255.762,0.000,0,0.000,0.007,0.012,0.005,0.007,0.014,0.0,1,0.0,0.615,0.00,0.00,0.00,0.00,0.000.00
0.65125,255.674,-0.088,0,0.000,0.006,0.012,0.007,0.006,0.014,0.0,1,0.0,0.626,0.00,0.00,0.00,0.00,0.000.00
0.67084,255.762,0.000,0,0.000,0.008,0.012,0.008,0.008,0.013,0.0,1,0.0,0.640,0.00,0.00,0.00,0.00,0.000.00
0.68089,255.762,0.000,0,0.000,0.008,0.012,0.011,0.008,0.009,0.0,1,0.0,0.653,0.00,0.00,0.00,0.00,0.000.00
0.69111,255.762,0.000,0,0.000,0.006,0.012,0.008,0.006,0.012,0.0,1,0.0,0.666,0.00,0.00,0.00,0.00,0.000.00
0.70117,255.762,0.000,0,0.000,0.005,0.012,0.007,0.005,0.011,0.0,1,0.0,0.680,0.00,0.00,0.00,0.00,0.000.00
0.72075,255.762,0.000,0,0.000,0.006,0.012,0.007,0.006,0.010,0.0,1,0.0,0.693,0.00,0.00,0.00,0.00,0.000.00
0.73081,255.762,0.000,0,0.000,0.006,0.012,0.004,0.006,0.011,0.0,1,0.0,0.709,0.00,0.00,0.00,0.00,0.000.00
0.74103,255.762,0.000,0,0.000,0.008,0.013,0.005,0.008,0.013,0.0,1,0.0,0.717,0.00,0.00,0.00,0.00,0.000.00
0.75109,255.762,0.000,0,0.000,0.011,0.013,0.007,0.011,0.011,0.0,1,0.0,0.729,0.00,0.00,0.00,0.00,0.000.00
0.77068,255.762,0.000,0,0.000,0.011,0.013,0.007,0.011,0.016,0.0,1,0.0,0.743,0.00,0.00,0.00,0.00,0.000.00
0.78198,255.762,0.000,0,0.000,0.013,0.013,0.007,0.013,0.012,0.0,1,0.0,0.757,0.00,0.00,0.00,0.00,0.000.00
0.80091,255.850,0.088,0,0.000,0.011,0.013,0.008,0.011,0.013,0.0,1,0.0,0.780,0.00,0.00,0.00,0.00,0.000.00
0.81095,255.762,0.000,0,0.000,0.007,0.013,0.010,0.007,0.008,0.0,1,0.0,0.780,0.00,0.00,0.00,0.00,0.000.00
0.83053,255.762,0.000,0,0.000,0.010,0.013,0.010,0.010,0.011,0.0,1,0.0,0.808,0.00,0.00,0.00,0.00,0.000.00
0.84059,255.850,0.088,0,0.000,0.011,0.014,0.008,0.011,0.010,0.0,1,0.0,0.808,0.00,0.00,0.00,0.00,0.000.00
0.85082,255.762,0.000,0,0.000,0.011,0.014,0.007,0.011,0.009,0.0,1,0.0,0.825,0.00,0.00,0.00,0.00,0.000.00
0.86087,255.762,0.000,0,0.000,0.009,0.014,0.008,0.009,0.010,0.0,1,0.0,0.836,0.00,0.00,0.00,0.00,0.000.00
0.88046,255.762,0.000,0,0.000,0.007,0.014,0.005,0.007,0.010,0.0,1,0.0,0.860,0.00,0.00,0.00,0.00,0.000.00
0.89051,255.762,0.000,0,0.000,0.007,0.014,0.003,0.007,0.010,0.0,1,0.0,0.870,0.00,0.00,0.00,0.00,0.000.00
0.90074,255.762,0.000,0,0.000,0.005,0.014,0.002,0.005,0.013,0.0,1,0.0,0.881,0.00,0.00,0.00,0.00,0.000.00
0.91088,255.762,0.000,0,0.000,0.006,0.014,0.001,0.006,0.013,0.0,1,0.0,0.894,0.00,0.00,0.00,0.00,0.000.00
0.93029,255.762,0.000,0,0.000,0.005,0.014,0.007,0.005,0.011,0.0,1,0.0,0.908,0.00,0.00,0.00,0.00,0.000.00
0.94051,255.762,0.000,0,0.000,0.006,0.014,0.008,0.006,0.010,0.0,1,0.0,0.920,0.00,0.00,0.00,0.00,0.000.00
0.95057,255.850,0.088,0,0.000,0.007,0.014,0.008,0.007,0.011,0.0,1,0.0,0.920,0.00,0.00,0.00,0.00,0.000.00
0.96079,255.762,0.000,0,0.000,0.007,0.014,0.007,0.007,0.010,0.0,1,0.0,0.933,0.00,0.00,0.00,0.00,0.000.00
0.98021,255.850,0.088,0,0.000,0.006,0.015,0.004,0.006,0.013,0.0,1,0.0,0.960,0.00,0.00,0.00,0.00,0.000.00
0.99021,255.762,0.000,0,0.000,0.007,0.015,0.002,0.007,0.011,0.0,1,0.0,0.971,0.00,0.00,0.00,0.00,0.000.00
1.00044,255.850,0.088,0,0.000,0.009,0.015,0.002,0.009,0.011,0.0,1,0.0,0.971,0.00,0.00,0.00,0.00,0.000.00
1.01049,255.850,0.088,0,0.000,0.008,0.015,0.002,0.008,0.013,0.0,1,0.0,0.985,0.00,0.00,0.00,0.00,0.000.00
1.03008,255.762,0.000,0,0.000,0.005,0.015,0.007,0.005,0.011,0.0,1,0.0,1.001,0.00,0.00,0.00,0.00,0.000.00
1.04060,255.850,0.088,0,0.000,0.005,0.015,0.004,0.005,0.011,0.0,1,0.0,1.014,0.00,0.00,0.00,0.00,0.000.00
1.06039,255.762,0.000,0,0.000,0.008,0.015,0.003,0.008,0.005,0.0,1,0.0,1.033,0.00,0.00,0.00,0.00,0.000.00
1.07998,255.762,0.000,0,0.000,0.005,0.015,0.004,0.005,0.004,0.0,1,0.0,1.057,0.00,0.00,0.00,0.00,0.000.00
1.09003,255.762,0.000,0,0.000,0.004,0.015,0.005,0.004,0.004,0.0,1,0.0,1.068,0.00,0.00,0.00,0.00,0.000.00
1.10026,255.850,0.088,0,0.000,0.004,0.015,0.006,0.004,0.005,0.0,1,0.0,1.078,0.00,0.00,0.00,0.00,0.000.00
1.11031,255.850,0.088,0,0.000,0.005,0.015,0.004,0.005,0.007,0.0,1,0.0,1.089,0.00,0.00,0.00,0.00,0.000.00
1.12992,255.850,0.088,0,0.000,0.004,0.015,0.005,0.004,0.010,0.0,1,0.0,1.109,0.00,0.00,0.00,0.00,0.000.00
1.13997,255.762,0.000,0,0.000,0.005,0.016,0.004,0.005,0.008,0.0,1,0.0,1.122,0.00,0.00,0.00,0.00,0.000.00
1.15018,255.762,0.000,0,0.000,0.006,0.016,0.002,0.006,0.011,0.0,1,0.0,1.122,0.00,0.00,0.00,0.00,0.000.00
1.16023,255.762,0.000,0,0.000,0.002,0.016,0.003,0.002,0.012,0.0,1,0.0,1.135,0.00,0.00,0.00,0.00,0.000.00
1.17040,255.762,0.000,0,0.000,0.003,0.016,0.002,0.003,0.010,0.0,1,0.0,1.146,0.00,0.00,0.00,0.00,0.000.00
1.18999,255.850,0.088,0,0.000,0.007,0.016,0.005,0.007,0.006,0.0,1,0.0,1.168,0.00,0.00,0.00,0.00,0.000.00
1.20004,255.850,0.088,0,0.000,0.006,0.016,0.004,0.006,0.009,0.0,1,0.0,1.180,0.00,0.00,0.00,0.00,0.000.00
1.21027,255.762,0.000,0,0.000,0.007,0.016,0.005,0.007,0.012,0.0,1,0.0,1.189,0.00,0.00,0.00,0.00,0.000.00
1.22032,255.762,0.000,0,0.000,0.008,0.016,0.005,0.008,0.009,0.0,1,0.0,1.200,0.00,0.00,0.00,0.00,0.000.00
1.23991,255.850,0.088,0,0.000,0.011,0.016,0.004,0.011,0.008,0.0,1,0.0,1.214,0.00,0.00,0.00,0.00,0.000.00
1.24996,255.850,0.088,0,0.000,0.011,0.016,0.004,0.011,0.008,0.0,1,0.0,1.229,0.00,0.00,0.00,0.00,0.000.00
1.26019,255.762,0.000,0,0.000,0.011,0.016,0.004,0.011,0.010,0.0,1,0.0,1.234,0.00,0.00,0.00,0.00,0.000.00
1.27024,255.762,0.000,0,0.000,0.010,0.016,0.006,0.010,0.010,0.0,1,0.0,1.246,0.00,0.00,0.00,0.00,0.000.00
1.28983,255.762,0.000,0,0.000,0.013,0.017,0.002,0.013,0.014,0.0,1,0.0,1.262,0.00,0.00,0.00,0.00,0.000.00
1.30018,255.762,0.000,0,0.000,0.014,0.017,0.004,0.014,0.011,0.0,1,0.0,1.274,0.00,0.00,0.00,0.00,0.000.00
1.31934,255.850,0.088,0,0.000,0.011,0.017,0.007,0.011,0.017,0.0,1,0.0,1.296,0.00,0.00,0.00,0.00,0.000.00
1.32956,255.762,0.000,0,0.000,0.011,0.017,0.008,0.011,0.011,0.0,1,0.0,1.308,0.00,0.00,0.00,0.00,0.000.00
1.33963,255.937,0.176,0,0.000,0.013,0.017,0.005,0.013,0.010,0.0,1,0.0,1.319,0.00,0.00,0.00,0.00,0.000.00
1.34984,255.850,0.088,0,0.000,0.011,0.017,0.004,0.011,0.011,0.0,1,0.0,1.319,0.00,0.00,0.00,0.00,0.000.00
1.35989,255.762,0.000,0,0.000,0.013,0.018,0.006,0.013,0.010,0.0,1,0.0,1.336,0.00,0.00,0.00,0.00,0.000.00
1.37948,255.762,0.000,0,0.000,0.012,0.018,0.008,0.012,0.007,0.0,1,0.0,1.350,0.00,0.00,0.00,0.00,0.000.00
1.38953,255.762,0.000,0,0.000,0.013,0.018,0.007,0.013,0.007,0.0,1,0.0,1.366,0.00,0.00,0.00,0.00,0.000.00
1.39976,255.762,0.000,0,0.000,0.011,0.018,0.004,0.011,0.010,0.0,1,0.0,1.377,0.00,0.00,0.00,0.00,0.000.00
1.40981,255.762,0.000,0,0.000,0.010,0.018,0.003,0.010,0.009,0.0,1,0.0,1.387,0.00,0.00,0.00,0.00,0.000.00
1.42938,255.762,0.000,0,0.000,0.010,0.018,0.005,0.010,0.010,0.0,1,0.0,1.402,0.00,0.00,0.00,0.00,0.000.00
1.43961,255.762,0.000,0,0.000,0.012,0.019,0.002,0.012,0.008,0.0,1,0.0,1.420,0.00,0.00,0.00,0.00,0.000.00
1.44966,255.762,0.000,0,0.000,0.012,0.019,0.000,0.012,0.009,0.0,1,0.0,1.428,0.00,0.00,0.00,0.00,0.000.00
1.45989,255.850,0.088,0,0.000,0.012,0.019,-0.001,0.012,0.009,0.0,1,0.0,1.442,0.00,0.00,0.00,0.00,0.000.00
1.47930,255.762,0.000,0,0.000,0.016,0.019,0.002,0.016,0.012,0.0,1,0.0,1.455,0.00,0.00,0.00,0.00,0.000.00
1.48953,255.762,0.000,0,0.000,0.015,0.019,0.002,0.015,0.011,0.0,1,0.0,1.455,0.00,0.00,0.00,0.00,0.000.00
1.49959,255.762,0.000,0,0.000,0.015,0.019,0.004,0.015,0.010,0.0,1,0.0,1.470,0.00,0.00,0.00,0.00,0.000.00
1.50981,258.135,2.373,0,0.000,-0.048,0.019,0.007,-0.048,0.008,807.0,-1,-807.0,1.483,0.00,0.00,0.00,0.00,0.000.00
1.52922,265.869,10.107,0,0.000,-0.192,0.012,-0.017,-0.192,0.006,807.0,-1,-807.0,1.495,0.00,0.00,0.00,0.00,0.000.00
1.53945,269.912,14.150,0,0.000,-0.393,0.008,0.007,-0.393,0.022,807.0,-1,-807.0,1.516,0.00,0.00,0.00,0.00,0.000.00
1.54998,274.131,18.369,0,0.000,-0.129,0.007,0.067,-0.129,0.032,807.0,-1,-807.0,1.529,0.00,0.00,0.00,0.00,0.000.00
1.56946,282.656,26.895,0,0.000,-0.183,0.002,-0.003,-0.183,0.020,807.0,-1,-807.0,1.541,0.00,0.00,0.00,0.00,0.000.00
1.57968,286.787,31.025,0,0.000,-0.008,0.002,0.005,-0.008,-0.001,807.0,-1,-807.0,1.555,0.00,0.00,0.00,0.00,0.000.00
1.59909,295.400,39.639,0,0.000,0.001,0.002,0.013,0.001,0.007,807.0,-1,-807.0,1.577,-1.33,-0.15,-0.97,-0.15,-81.14-12.75
1.60932,300.146,44.385,0,0.000,0.049,0.003,-0.021,0.049,0.008,807.0,-1,-807.0,1.588,-2.14,0.04,-0.81,0.19,-69.0116.28
1.61939,304.893,49.131,0,0.000,-0.084,0.002,0.031,-0.084,0.006,807.0,-1,-807.0,1.600,-2.41,-0.14,-0.27,-0.18,-24.10-15.71
1.62960,309.727,53.965,0,0.000,0.163,0.004,0.006,0.163,0.001,807.0,-1,-807.0,1.600,-2.41,-0.14,-0.27,-0.18,-24.10-15.71
1.64901,319.395,63.633,0,0.000,0.117,0.005,0.000,0.117,0.013,807.0,-1,-807.0,1.623,-3.63,-0.06,-0.32,0.07,-28.286.34
1.65924,324.492,68.730,0,0.000,-0.075,0.005,0.011,-0.075,0.010,807.0,-1,-807.0,1.636,-4.34,-0.06,-0.71,0.00,-55.100.00
1.66929,329.590,73.828,0,0.000,0.092,0.006,0.032,0.092,0.004,807.0,-1,-807.0,1.648,-4.74,-0.06,-0.40,0.00,-29.760.00
1.68893,339.697,83.936,0,0.000,0.110,0.006,0.021,0.110,-0.004,807.0,-1,-807.0,1.662,-5.51,-0.23,-0.77,-0.16,-77.39-16.45
1.69915,345.059,89.297,0,0.000,0.008,0.006,-0.003,0.008,0.003,807.0,-1,-807.0,1.673,-5.75,-0.14,-0.24,0.09,-19.757.60
1.70921,350.332,94.570,0,0.000,0.057,0.006,-0.028,0.057,-0.004,807.0,-1,-807.0,1.683,-6.44,-0.19,-0.68,-0.05,-60.50-4.71
1.71943,355.166,99.404,0,0.000,-0.007,0.006,-0.028,-0.007,-0.004,807.0,-1,-807.0,1.696,-6.89,-0.13,-0.45,0.06,-46.296.46
1.73884,5.273,109.512,0,0.000,-0.066,0.006,-0.035,-0.066,0.009,807.0,-1,-807.0,1.714,-7.99,-0.15,-0.40,0.07,-33.055.79
1.74907,10.371,114.609,0,0.000,0.135,0.007,0.015,0.135,0.005,807.0,-1,-807.0,1.725,-8.58,-0.15,-0.59,0.00,-61.600.00
1.75913,15.293,119.531,0,0.000,0.007,0.007,-0.004,0.007,0.012,807.0,-1,-807.0,1.740,-9.10,-0.15,-0.51,0.00,-31.590.00
1.76935,19.951,124.189,0,0.000,0.061,0.008,-0.008,0.061,0.005,807.0,-1,-807.0,1.740,-9.10,-0.15,-0.51,0.00,-31.590.00
1.78876,29.004,133.242,0,0.000,0.146,0.009,0.044,0.146,0.001,807.0,-1,-807.0,1.764,-10.28,-0.10,-0.80,0.00,-84.060.00
1.79899,33.398,137.637,0,0.000,-0.142,0.007,-0.010,-0.142,0.013,807.0,-1,-807.0,1.777,-10.59,-0.18,-0.31,-0.09,-22.07-6.08
1.80918,37.617,141.855,0,0.000,0.161,0.009,0.032,0.161,0.003,807.0,-1,-807.0,1.777,-10.59,-0.18,-0.31,-0.09,-22.07-6.08
1.82870,45.879,150.117,0,0.000,0.083,0.010,0.023,0.083,0.011,807.0,-1,-807.0,1.803,-11.51,-0.09,-0.36,0.09,-29.637.48
1.83876,50.010,154.248,0,0.000,-0.026,0.009,0.015,-0.026,0.023,807.0,-1,-807.0,1.803,-11.51,-0.09,-0.36,0.09,-29.637.48
1.84898,53.965,158.203,0,0.000,0.085,0.010,0.049,0.085,0.010,807.0,-1,-807.0,1.822,-12.10,-0.14,-0.60,-0.05,-30.56-2.83
1.85904,57.920,162.158,0,0.000,-0.148,0.009,-0.019,-0.148,0.026,663.0,-1,-663.0,1.830,-12.66,-0.14,-0.56,0.00,-56.050.00
1.87862,65.391,169.629,0,0.000,-0.040,0.009,-0.028,-0.040,0.022,663.0,-1,-663.0,1.856,-13.76,-0.14,-0.46,0.00,-39.970.00
1.88867,69.258,173.496,0,0.000,0.045,0.010,-0.014,0.045,0.003,663.0,-1,-663.0,1.868,-14.31,-0.14,-0.56,0.00,-45.790.00
1.89890,73.037,177.275,0,0.000,-0.089,0.009,-0.033,-0.089,0.025,663.0,-1,-663.0,1.868,-14.31,-0.14,-0.56,0.00,-45.790.00
1.90895,77.168,181.406,0,0.000,0.045,0.009,-0.015,0.045,0.010,663.0,-1,-663.0,1.887,-14.83,-0.14,-0.51,0.00,-28.850.00
1.92855,84.551,188.789,0,0.000,0.077,0.008,-0.003,0.077,0.006,663.0,-1,-663.0,1.908,-15.96,-0.24,-0.59,0.00,-60.470.00
1.94595,91.143,195.381,0,0.000,-0.041,0.008,-0.026,-0.041,0.014,663.0,-1,-663.0,1.920,-16.47,-0.24,-0.51,0.00,-42.420.00
1.95848,96.240,200.479,0,0.000,0.022,0.008,-0.002,0.022,0.001,663.0,-1,-663.0,1.930,-16.98,-0.24,-0.51,0.00,-53.890.00
1.96853,100.547,204.785,0,0.000,0.160,0.010,0.029,0.160,-0.017,663.0,-1,-663.0,1.933,-17.48,-0.24,-0.50,0.00,-45.760.00
1.97876,104.766,209.004,0,0.000,-0.045,0.009,-0.012,-0.045,-0.006,663.0,-1,-663.0,1.955,-18.05,-0.24,-0.57,0.00,-36.410.00
1.98882,109.072,213.311,0,0.000,0.127,0.011,0.006,0.127,-0.025,663.0,-1,-663.0,1.971,-18.56,-0.24,-0.51,0.00,-35.950.00
2.00841,117.422,221.660,0,0.000,0.074,0.011,-0.016,0.074,0.001,663.0,-1,-663.0,1.988,-19.64,-0.24,-0.61,0.00,-65.680.00
2.01845,122.256,226.494,0,0.000,-0.015,0.011,-0.023,-0.015,0.037,663.0,-1,-663.0,2.000,-20.09,-0.24,-0.45,0.00,-40.140.00
2.02868,127.002,231.240,0,0.000,0.074,0.012,-0.008,0.074,0.006,663.0,-1,-663.0,2.000,-20.09,-0.24,-0.45,0.00,-40.140.00
2.03873,131.836,236.074,0,0.000,-0.098,0.011,-0.014,-0.098,0.014,663.0,-1,-663.0,2.010,-20.64,-0.24,-0.55,0.00,-53.310.00
2.05832,141.592,245.830,0,0.000,-0.024,0.011,-0.013,-0.024,0.017,663.0,-1,-663.0,2.033,-21.71,-0.17,-0.55,-0.05,-54.33-5.51
2.06847,146.426,250.664,0,0.000,0.014,0.012,0.002,0.014,0.007,663.0,-1,-663.0,2.049,-22.20,-0.23,-0.49,-0.05,-33.80-3.76
2.07851,151.699,255.937,0,0.000,-0.065,0.011,-0.010,-0.065,0.037,663.0,-1,-663.0,2.049,-22.20,-0.23,-0.49,-0.05,-33.80-3.76
2.08874,156.973,261.211,0,0.000,-0.003,0.011,0.018,-0.003,0.010,663.0,-1,-663.0,2.060,-22.81,-0.17,-0.61,0.06,-49.375.15
2.10815,167.080,271.318,0,0.000,0.066,0.011,0.017,0.066,0.000,663.0,-1,-663.0,2.084,-23.81,-0.17,-0.44,0.00,-35.040.00
2.11838,172.441,276.680,0,0.000,-0.032,0.011,-0.017,-0.032,0.019,663.0,-1,-663.0,2.097,-24.42,-0.17,-0.61,0.00,-45.500.00
2.12844,177.451,281.689,0,0.000,0.023,0.011,-0.016,0.023,0.019,663.0,-1,-663.0,2.109,-24.80,-0.05,-0.38,0.12,-34.9910.56
2.13866,182.812,287.051,0,0.000,-0.068,0.010,-0.028,-0.068,0.030,663.0,-1,-663.0,2.121,-25.54,-0.20,-0.74,-0.15,-64.45-13.19
2.15807,192.568,296.807,0,0.000,-0.088,0.009,-0.002,-0.088,0.022,663.0,-1,-663.0,2.130,-25.91,-0.20,-0.37,0.00,-35.930.00
2.16829,197.490,301.729,0,0.000,0.053,0.010,0.007,0.053,0.005,663.0,-1,-663.0,2.144,-26.49,-0.31,-0.58,-0.11,-45.50-8.68
2.17835,202.324,306.562,0,0.000,-0.040,0.010,-0.006,-0.040,0.006,663.0,-1,-663.0,2.155,-26.98,-0.17,-0.49,0.14,-38.2411.35
2.18853,203.203,307.441,0,0.000,0.703,0.016,0.104,0.703,0.014,281.0,1,281.0,2.155,-26.98,-0.17,-0.49,0.14,-38.2411.35
2.20847,203.291,307.529,0,0.000,0.299,0.026,0.048,0.299,0.038,281.0,1,281.0,2.181,-27.88,-0.17,-0.48,0.00,-37.320.00
2.22806,203.203,307.441,0,0.000,0.177,0.032,0.046,0.177,0.026,281.0,1,281.0,2.207,-29.11,-0.22,-0.57,0.00,-48.530.00
2.23812,203.115,307.354,0,0.000,0.231,0.034,0.007,0.231,0.017,281.0,1,281.0,2.207,-29.11,-0.22,-0.57,0.00,-48.530.00
2.24834,203.115,307.354,0,0.000,0.116,0.035,0.027,0.116,0.011,281.0,1,281.0,2.222,-29.67,-0.31,-0.55,-0.09,-39.10-6.45
2.25839,203.203,307.441,0,0.000,0.144,0.037,0.009,0.144,0.020,281.0,1,281.0,2.234,-29.25,-0.23,0.42,0.09,36.377.45
2.27799,203.203,307.441,0,0.000,0.058,0.038,0.011,0.058,0.005,281.0,1,281.0,2.257,-29.58,-0.31,-0.13,-0.09,-10.95-7.02
2.28804,203.203,307.441,0,0.000,0.018,0.038,0.013,0.018,0.012,281.0,1,281.0,2.269,-29.40,-0.10,0.17,0.21,15.1718.53
2.29826,203.115,307.354,0,0.000,0.007,0.038,0.006,0.007,0.007,281.0,1,281.0,2.269,-29.40,-0.10,0.17,0.21,15.1718.53
2.30832,203.203,307.441,0,0.000,-0.009,0.038,0.008,-0.009,0.004,416.0,-1,-416.0,2.280,-29.49,-0.18,-0.09,-0.08,-8.02-6.64
2.32781,203.203,307.441,0,0.000,-0.004,0.038,0.013,-0.004,0.004,416.0,-1,-416.0,2.308,-29.48,-0.13,-0.05,0.05,-3.003.09
2.33805,203.203,307.441,0,0.000,0.002,0.038,-0.002,0.002,0.010,416.0,-1,-416.0,2.319,-29.37,-0.13,0.10,0.00,10.220.00
2.34810,203.203,307.441,0,0.000,0.021,0.038,0.013,0.021,0.011,416.0,-1,-416.0,2.319,-29.37,-0.13,0.10,0.00,10.220.00
2.36768,203.203,307.441,0,0.000,0.035,0.039,0.007,0.035,0.018,416.0,-1,-416.0,2.342,-29.37,-0.13,0.00,0.00,0.000.00
2.37773,203.203,307.441,0,0.000,0.029,0.039,-0.001,0.029,0.014,416.0,-1,-416.0,2.353,-29.37,-0.13,0.00,0.00,0.000.00
2.38796,203.115,307.354,0,0.000,0.030,0.039,0.000,0.030,0.011,416.0,-1,-416.0,2.367,-29.37,-0.13,0.00,0.00,0.000.00
2.39801,203.203,307.441,0,0.000,0.011,0.039,-0.008,0.011,0.013,369.0,1,369.0,2.376,-29.37,-0.13,0.00,0.00,0.000.00
2.41760,203.115,307.354,0,0.000,-0.009,0.039,-0.005,-0.009,0.010,369.0,1,369.0,2.387,-29.37,-0.13,0.00,0.00,0.000.00
2.42765,203.291,307.529,0,0.000,-0.013,0.039,0.006,-0.013,0.005,369.0,1,369.0,2.401,-29.37,-0.13,0.00,0.00,0.000.00
2.43788,203.291,307.529,0,0.000,-0.018,0.039,0.000,-0.018,0.005,369.0,1,369.0,2.414,-29.37,-0.13,0.00,0.00,0.000.00
2.44804,203.291,307.529,0,0.000,-0.010,0.039,0.010,-0.010,0.001,369.0,1,369.0,2.424,-29.37,-0.13,0.00,0.00,0.000.00
2.46792,203.115,307.354,0,0.000,0.003,0.039,0.009,0.003,0.003,369.0,1,369.0,2.439,-29.37,-0.13,0.00,0.00,0.000.00
2.47797,203.291,307.529,0,0.000,0.011,0.039,0.009,0.011,0.005,369.0,1,369.0,2.454,-29.37,-0.13,0.00,0.00,0.000.00
2.49756,203.203,307.441,0,0.000,0.021,0.039,0.005,0.021,0.010,369.0,1,369.0,2.465,-29.37,-0.13,0.00,0.00,0.000.00
2.50761,203.115,307.354,0,0.000,0.028,0.040,0.005,0.028,0.013,369.0,1,369.0,2.485,-29.37,-0.13,0.00,0.00,0.000.00
2.51785,203.203,307.441,0,0.000,0.020,0.040,0.004,0.020,0.010,369.0,1,369.0,2.500,-29.37,-0.13,0.00,0.00,0.000.00
2.52789,203.203,307.441,0,0.000,0.018,0.040,0.001,0.018,0.007,369.0,1,369.0,2.509,-29.37,-0.13,0.00,0.00,0.000.00
2.54748,203.291,307.529,0,0.000,0.001,0.040,-0.001,0.001,0.007,369.0,1,369.0,2.524,-29.37,-0.13,0.00,0.00,0.000.00
2.55753,203.115,307.354,0,0.000,-0.009,0.040,0.002,-0.009,0.008,369.0,1,369.0,2.532,-29.37,-0.13,0.00,0.00,0.000.00
2.56776,203.203,307.441,0,0.000,-0.008,0.040,0.005,-0.008,0.008,369.0,1,369.0,2.546,-29.27,-0.13,0.10,0.00,8.650.00
2.59523,203.203,307.441,0,0.000,-0.005,0.040,0.010,-0.005,0.010,369.0,1,369.0,2.562,-29.27,-0.13,0.00,0.00,0.000.00
2.60786,203.203,307.441,0,0.000,0.010,0.040,0.005,0.010,0.013,369.0,1,369.0,2.562,-29.27,-0.13,0.00,0.00,0.000.00
2.62745,203.291,307.529,0,0.000,0.019,0.040,0.002,0.019,0.011,369.0,1,369.0,2.606,-29.27,-0.13,0.00,0.00,0.000.00
2.63750,203.203,307.441,0,0.000,0.021,0.040,0.001,0.021,0.013,306.0,-1,-306.0,2.618,-29.27,-0.13,0.00,0.00,0.000.00
2.64774,203.115,307.354,0,0.000,0.017,0.041,-0.001,0.017,0.007,306.0,-1,-306.0,2.628,-29.27,-0.13,0.00,0.00,0.000.00
2.65778,203.203,307.441,0,0.000,0.012,0.041,0.000,0.012,0.006,306.0,-1,-306.0,2.628,-29.27,-0.13,0.00,0.00,0.000.00
2.67737,203.115,307.354,0,0.000,-0.001,0.041,0.006,-0.001,0.003,306.0,-1,-306.0,2.653,-29.27,-0.13,0.00,0.00,0.000.00
2.68742,203.115,307.354,0,0.000,-0.005,0.041,0.007,-0.005,0.002,306.0,-1,-306.0,2.667,-29.27,-0.13,0.00,0.00,0.000.00
2.69765,203.203,307.441,0,0.000,-0.006,0.041,0.008,-0.006,0.001,306.0,-1,-306.0,2.677,-29.27,-0.13,0.00,0.00,0.000.00
2.71706,203.203,307.441,0,0.000,0.000,0.041,0.007,0.000,0.007,306.0,-1,-306.0,2.688,-29.27,-0.13,0.00,0.00,0.000.00
2.75600,203.115,307.354,0,0.000,0.017,0.041,0.002,0.017,0.001,306.0,-1,-306.0,2.701,-29.27,-0.13,0.00,0.00,0.000.00
2.76678,203.291,307.529,0,0.000,0.017,0.041,0.001,0.017,0.000,306.0,-1,-306.0,2.741,-29.27,-0.13,0.00,0.00,0.000.00
2.77701,203.203,307.441,0,0.000,0.015,0.042,0.000,0.015,0.000,306.0,-1,-306.0,2.741,-29.27,-0.13,0.00,0.00,0.000.00
2.78706,203.203,307.441,0,0.000,0.009,0.042,0.000,0.009,0.002,306.0,-1,-306.0,2.765,-29.32,-0.13,-0.05,0.00,-4.510.00
2.79730,203.203,307.441,0,0.000,0.001,0.042,0.002,0.001,0.002,306.0,-1,-306.0,2.777,-29.32,-0.13,0.00,0.00,0.000.00
2.80734,203.203,307.441,0,0.000,-0.001,0.042,0.004,-0.001,0.002,306.0,-1,-306.0,2.777,-29.32,-0.13,0.00,0.00,0.000.00
2.82693,203.203,307.441,0,0.000,-0.004,0.042,0.008,-0.004,0.002,0.0,1,0.0,2.802,-29.32,-0.13,0.00,0.00,0.000.00
2.83698,203.203,307.441,0,0.000,-0.002,0.042,0.008,-0.002,0.005,0.0,1,0.0,2.814,-29.32,-0.13,0.00,0.00,0.000.00
2.84721,203.203,307.441,0,0.000,0.001,0.042,0.006,0.001,0.007,0.0,1,0.0,2.826,-29.32,-0.13,0.00,0.00,0.000.00
2.85728,203.115,307.354,0,0.000,0.006,0.042,0.004,0.006,0.008,0.0,1,0.0,2.838,-29.32,-0.13,0.00,0.00,0.000.00
2.86763,203.291,307.529,0,0.000,0.011,0.042,0.003,0.011,0.009,0.0,1,0.0,2.838,-29.32,-0.13,0.00,0.00,0.000.00
2.88724,203.203,307.441,0,0.000,0.018,0.042,0.001,0.018,0.010,0.0,1,0.0,2.865,-29.32,-0.13,0.00,0.00,0.000.00
2.90683,203.115,307.354,0,0.000,0.015,0.042,0.001,0.015,0.008,0.0,1,0.0,2.875,-29.32,-0.13,0.00,0.00,0.000.00
2.91688,203.203,307.441,0,0.000,0.012,0.043,0.002,0.012,0.004,0.0,1,0.0,2.896,-29.32,-0.13,0.00,0.00,0.000.00
2.92711,203.115,307.354,0,0.000,0.007,0.043,0.001,0.007,0.002,0.0,1,0.0,2.907,-29.32,-0.13,0.00,0.00,0.000.00
2.93717,203.291,307.529,0,0.000,0.001,0.043,0.003,0.001,0.003,0.0,1,0.0,2.918,-29.32,-0.13,0.00,0.00,0.000.00
2.95675,203.203,307.441,0,0.000,-0.002,0.043,0.002,-0.002,0.005,0.0,1,0.0,2.930,-29.32,-0.13,0.00,0.00,0.000.00
2.96680,203.203,307.441,0,0.000,-0.001,0.043,0.001,-0.001,0.008,0.0,1,0.0,2.947,-29.32,-0.13,0.00,0.00,0.000.00
2.97704,203.115,307.354,0,0.000,0.002,0.043,0.003,0.002,0.010,0.0,1,0.0,2.958,-29.32,-0.13,0.00,0.00,0.000.00
2.98708,203.203,307.441,0,0.000,0.005,0.043,0.002,0.005,0.008,0.0,1,0.0,2.958,-29.32,-0.13,0.00,0.00,0.000.00
3.00658,203.203,307.441,0,0.000,0.011,0.043,0.003,0.011,0.013,0.0,1,0.0,2.985,-29.32,-0.13,0.00,0.00,0.000.00
3.01682,203.203,307.441,0,0.000,0.012,0.043,0.002,0.012,0.014,0.0,1,0.0,2.998,-29.32,-0.13,0.00,0.00,0.000.00
3.02686,203.203,307.441,0,0.000,0.013,0.043,-0.001,0.013,0.009,0.0,1,0.0,2.998,-29.32,-0.13,0.00,0.00,0.000.00
3.03709,203.203,307.441,0,0.000,0.013,0.043,0.000,0.013,0.009,0.0,1,0.0,3.007,-29.32,-0.13,0.00,0.00,0.000.00
3.05650,203.203,307.441,0,0.000,0.007,0.043,0.001,0.007,0.002,0.0,1,0.0,3.023,-29.32,-0.13,0.00,0.00,0.000.00
3.06673,203.203,307.441,0,0.000,0.002,0.043,0.006,0.002,0.002,0.0,1,0.0,3.042,-29.32,-0.13,0.00,0.00,0.000.00
3.07678,203.203,307.441,0,0.000,0.002,0.043,0.010,0.002,0.000,0.0,1,0.0,3.053,-29.32,-0.13,0.00,0.00,0.000.00
3.08700,203.115,307.354,0,0.000,0.004,0.044,0.011,0.004,-0.004,0.0,1,0.0,3.064,-29.32,-0.13,0.00,0.00,0.000.00
3.10642,203.203,307.441,0,0.000,0.007,0.044,0.005,0.007,0.003,0.0,1,0.0,3.074,-29.32,-0.13,0.00,0.00,0.000.00
3.11665,203.203,307.441,0,0.000,0.011,0.044,0.002,0.011,0.007,0.0,1,0.0,3.087,-29.32,-0.13,0.00,0.00,0.000.00
3.12682,203.203,307.441,0,0.000,0.015,0.044,0.001,0.015,0.005,0.0,1,0.0,3.104,-29.32,-0.13,0.00,0.00,0.000.00
3.14645,203.115,307.354,0,0.000,0.013,0.044,0.005,0.013,0.008,0.0,1,0.0,3.120,-29.32,-0.13,0.00,0.00,0.000.00
3.15650,203.203,307.441,0,0.000,0.012,0.044,0.004,0.012,0.008,0.0,1,0.0,3.133,-29.32,-0.13,0.00,0.00,0.000.00
3.16673,203.203,307.441,0,0.000,0.010,0.044,0.005,0.010,0.010,0.0,1,0.0,3.145,-29.32,-0.13,0.00,0.00,0.000.00
3.17678,203.203,307.441,0,0.000,0.011,0.045,0.007,0.011,0.008,0.0,1,0.0,3.158,-29.32,-0.13,0.00,0.00,0.000.00
3.19637,203.203,307.441,0,0.000,0.007,0.045,0.007,0.007,0.010,0.0,1,0.0,3.168,-29.32,-0.13,0.00,0.00,0.000.00
3.20642,203.203,307.441,0,0.000,0.005,0.045,0.007,0.005,0.006,0.0,1,0.0,3.180,-29.32,-0.13,0.00,0.00,0.000.00
3.21665,203.203,307.441,0,0.000,0.005,0.045,0.006,0.005,0.005,0.0,1,0.0,3.189,-29.32,-0.13,0.00,0.00,0.000.00
3.22670,203.203,307.441,0,0.000,0.006,0.045,0.006,0.006,0.006,0.0,1,0.0,3.203,-29.32,-0.13,0.00,0.00,0.000.00
3.24629,203.203,307.441,0,0.000,0.011,0.045,0.002,0.011,0.005,0.0,1,0.0,3.215,-29.32,-0.13,0.00,0.00,0.000.00
3.25634,203.115,307.354,0,0.000,0.015,0.045,0.004,0.015,0.004,0.0,1,0.0,3.233,-29.32,-0.13,0.00,0.00,0.000.00
3.26657,203.291,307.529,0,0.000,0.016,0.045,0.003,0.016,0.004,0.0,1,0.0,3.243,-29.32,-0.13,0.00,0.00,0.000.00
3.27662,203.203,307.441,0,0.000,0.017,0.046,0.001,0.017,0.008,0.0,1,0.0,3.257,-29.32,-0.13,0.00,0.00,0.000.00
3.29623,203.115,307.354,0,0.000,0.013,0.046,-0.001,0.013,0.004,0.0,1,0.0,3.278,-29.32,-0.13,0.00,0.00,0.000.00
3.30626,203.203,307.441,0,0.000,0.008,0.046,0.001,0.008,0.002,0.0,1,0.0,3.278,-29.32,-0.13,0.00,0.00,0.000.00
3.31649,203.203,307.441,0,0.000,0.006,0.046,0.004,0.006,0.004,0.0,1,0.0,3.293,-29.32,-0.13,0.00,0.00,0.000.00
3.32654,200.039,304.277,0,0.000,0.238,0.048,0.024,0.238,0.005,866.0,1,866.0,3.305,-29.32,-0.13,0.00,0.00,0.000.00
3.34613,190.723,294.961,0,0.000,0.291,0.057,0.041,0.291,-0.011,866.0,1,866.0,3.327,-29.32,-0.13,0.00,0.00,0.000.00
3.35618,185.449,289.687,0,0.000,0.321,0.060,-0.014,0.321,-0.010,866.0,1,866.0,3.327,-29.32,-0.13,0.00,0.00,0.000.00
3.36641,180.352,284.590,0,0.000,0.269,0.063,0.011,0.269,0.009,866.0,1,866.0,3.338,-29.32,-0.13,0.00,0.00,0.000.00
3.37660,175.342,279.580,0,0.000,0.221,0.065,-0.039,0.221,0.016,866.0,1,866.0,3.350,-29.32,-0.13,0.00,0.00,0.000.00
3.39617,164.883,269.121,0,0.000,0.097,0.067,-0.043,0.097,0.010,866.0,1,866.0,3.380,-28.36,-0.25,1.26,0.00,126.350.00
3.40641,159.609,263.848,0,0.000,0.125,0.069,0.009,0.125,0.006,866.0,1,866.0,3.387,-28.25,-0.61,0.12,-0.36,10.00-30.14
3.42581,149.238,253.477,0,0.000,0.046,0.069,0.012,0.046,0.000,866.0,1,866.0,3.400,-27.39,-0.43,0.86,0.18,66.9714.13
3.43604,144.316,248.555,0,0.000,-0.034,0.069,-0.031,-0.034,0.026,866.0,1,866.0,3.411,-26.87,-0.48,0.52,-0.06,44.30-4.71
3.44609,139.131,243.369,0,0.000,0.003,0.069,0.003,0.003,0.014,866.0,1,866.0,3.422,-26.43,-0.53,0.44,-0.05,35.81-4.10
3.45632,134.033,238.271,0,0.000,-0.093,0.068,0.004,-0.093,0.008,866.0,1,866.0,3.435,-25.85,-0.37,0.57,0.16,60.4216.71
3.47573,124.893,229.131,0,0.000,-0.035,0.068,0.008,-0.035,0.013,866.0,1,866.0,3.447,-25.30,-0.37,0.55,0.00,41.720.00
3.48596,119.971,224.209,0,0.000,0.079,0.069,0.034,0.079,0.005,866.0,1,866.0,3.460,-24.62,-0.32,0.68,0.05,47.233.31
3.49601,115.488,219.727,0,0.000,0.078,0.070,0.017,0.078,0.001,866.0,1,866.0,3.471,-24.27,-0.40,0.35,-0.07,30.74-6.22
3.50624,111.094,215.332,0,0.000,0.053,0.070,0.022,0.053,0.010,866.0,1,866.0,3.482,-23.59,-0.29,0.68,0.10,72.4510.96
3.52566,102.744,206.982,0,0.000,0.042,0.071,0.024,0.042,0.005,866.0,1,866.0,3.508,-22.67,-0.33,0.62,0.10,55.319.36
3.53588,98.613,202.852,0,0.000,-0.058,0.070,-0.007,-0.058,0.013,866.0,1,866.0,3.508,-22.67,-0.33,0.62,0.10,55.319.36
3.54593,94.395,198.633,0,0.000,0.027,0.070,0.029,0.027,0.011,866.0,1,866.0,3.519,-22.13,-0.33,0.54,0.00,50.330.00
3.55616,90.439,194.678,0,0.000,0.022,0.070,0.011,0.022,0.014,866.0,1,866.0,3.533,-21.65,-0.33,0.49,0.00,33.150.00
3.57557,82.881,187.119,0,0.000,-0.101,0.069,0.005,-0.101,0.010,866.0,1,866.0,3.548,-21.08,-0.33,0.57,0.00,34.890.00
3.58580,78.926,183.164,0,0.000,-0.073,0.068,-0.017,-0.073,0.005,866.0,1,866.0,3.560,-20.57,-0.33,0.50,0.00,41.870.00
3.59585,74.971,179.209,0,0.000,-0.086,0.067,-0.008,-0.086,0.009,866.0,1,866.0,3.575,-20.06,-0.33,0.52,0.00,42.820.00
3.60608,71.104,175.342,0,0.000,0.018,0.067,0.001,0.018,0.004,866.0,1,866.0,3.586,-19.42,-0.33,0.63,0.00,53.000.00
3.62549,63.545,167.783,0,0.000,-0.073,0.067,-0.029,-0.073,0.005,866.0,1,866.0,3.608,-18.52,-0.37,0.45,0.05,41.784.82
3.63604,59.854,164.092,0,0.000,-0.013,0.066,0.009,-0.013,0.009,866.0,1,866.0,3.618,-18.08,-0.37,0.44,0.00,39.400.00
3.65573,52.031,156.270,0,0.000,-0.027,0.066,-0.002,-0.027,0.001,866.0,1,866.0,3.629,-17.45,-0.37,0.63,0.00,68.780.00
3.66578,47.813,152.051,0,0.000,0.021,0.066,-0.016,0.021,0.000,866.0,1,866.0,3.643,-17.00,-0.37,0.45,0.00,35.800.00
3.68538,45.439,149.678,0,0.000,-0.594,0.061,-0.029,-0.594,0.005,0.0,1,0.0,3.665,-15.88,-0.30,0.44,0.00,32.670.00
3.69542,45.352,149.590,0,0.000,-0.296,0.058,-0.026,-0.296,-0.005,0.0,1,0.0,3.665,-15.88,-0.30,0.44,0.00,32.670.00
3.70565,45.439,149.678,0,0.000,-0.315,0.055,-0.008,-0.315,0.004,0.0,1,0.0,3.678,-15.28,-0.30,0.60,0.00,47.150.00
3.71570,45.352,149.590,0,0.000,-0.196,0.053,-0.014,-0.196,0.010,0.0,1,0.0,3.690,-14.73,-0.30,0.55,0.00,48.690.00
3.73529,45.439,149.678,0,0.000,-0.161,0.049,-0.037,-0.161,0.019,0.0,1,0.0,3.708,-13.80,-0.30,0.93,0.00,50.130.00
3.74534,45.439,149.678,0,0.000,-0.103,0.048,0.020,-0.103,0.006,0.0,1,0.0,3.718,-14.42,-0.41,-0.62,-0.11,-59.17-10.28
3.75557,45.439,149.678,0,0.000,-0.090,0.047,-0.043,-0.090,0.019,0.0,1,0.0,3.730,-13.97,-0.29,0.45,0.11,35.779.02
3.76576,45.439,149.678,0,0.000,-0.027,0.047,0.035,-0.027,0.013,0.0,1,0.0,3.742,-14.32,-0.21,-0.35,0.09,-32.978.11
3.78570,45.352,149.590,0,0.000,0.020,0.047,0.029,0.020,0.006,0.0,1,0.0,3.755,-14.24,-0.08,0.08,0.13,5.338.46
3.80528,45.352,149.590,0,0.000,0.030,0.048,0.020,0.030,0.003,0.0,1,0.0,3.784,-14.33,-0.13,-0.09,-0.10,-6.39-7.90
3.81534,45.352,149.590,0,0.000,0.002,0.048,-0.016,0.002,0.007,0.0,1,0.0,3.793,-14.26,-0.13,0.07,0.00,7.120.00
3.82556,45.352,149.590,0,0.000,0.005,0.048,0.015,0.005,0.001,0.0,1,0.0,3.805,-14.26,-0.13,0.00,0.00,0.000.00
3.83563,45.439,149.678,0,0.000,-0.014,0.048,-0.004,-0.014,0.005,0.0,1,0.0,3.817,-14.19,-0.19,0.07,-0.06,5.89-5.34
3.85520,45.439,149.678,0,0.000,-0.016,0.047,0.000,-0.016,0.007,0.0,1,0.0,3.827,-14.19,-0.13,0.00,0.06,0.005.30
3.86525,45.439,149.678,0,0.000,-0.007,0.047,0.014,-0.007,0.004,0.0,1,0.0,3.842,-14.19,-0.13,0.00,0.00,0.000.00
3.87548,45.439,149.678,0,0.000,0.001,0.047,-0.005,0.001,0.006,0.0,1,0.0,3.852,-14.19,-0.13,0.00,0.00,0.000.00
3.88554,45.439,149.678,0,0.000,0.018,0.047,0.012,0.018,0.005,0.0,1,0.0,3.852,-14.19,-0.13,0.00,0.00,0.000.00
3.90504,45.439,149.678,0,0.000,0.039,0.048,0.011,0.039,0.005,0.0,1,0.0,3.880,-14.19,-0.13,0.00,0.00,0.000.00
3.91526,45.439,149.678,0,0.000,0.045,0.049,-0.003,0.045,0.005,0.0,1,0.0,3.897,-14.19,-0.13,0.00,0.00,0.000.00
3.92532,45.352,149.590,0,0.000,0.042,0.049,0.010,0.042,0.007,0.0,1,0.0,3.897,-14.19,-0.13,0.00,0.00,0.000.00
3.94490,45.439,149.678,0,0.000,0.025,0.050,0.011,0.025,0.005,0.0,1,0.0,3.922,-14.19,-0.13,0.00,0.00,0.000.00
3.95496,45.439,149.678,0,0.000,0.015,0.050,0.007,0.015,0.002,0.0,1,0.0,3.933,-14.19,-0.13,0.00,0.00,0.000.00
3.96518,45.439,149.678,0,0.000,0.001,0.050,0.013,0.001,0.007,0.0,1,0.0,3.943,-14.19,-0.13,0.00,0.00,0.000.00
3.97524,45.439,149.678,0,0.000,-0.004,0.050,0.011,-0.004,0.002,0.0,1,0.0,3.943,-14.19,-0.13,0.00,0.00,0.000.00
3.99482,45.439,149.678,0,0.000,0.000,0.050,0.009,0.000,0.002,0.0,1,0.0,3.968,-14.19,-0.13,0.00,0.00,0.000.00
4.00488,45.352,149.590,0,0.000,0.006,0.050,0.009,0.006,0.001,0.0,1,0.0,3.980,-14.19,-0.13,0.00,0.00,0.000.00
4.01510,45.439,149.678,0,0.000,0.017,0.050,0.005,0.017,0.001,0.0,1,0.0,3.994,-14.19,-0.13,0.00,0.00,0.000.00
4.02529,45.439,149.678,0,0.000,0.026,0.050,0.006,0.026,0.003,0.0,1,0.0,4.004,-14.19,-0.13,0.00,0.00,0.000.00
4.04522,45.439,149.678,0,0.000,0.041,0.051,0.005,0.041,0.003,0.0,1,0.0,4.015,-14.19,-0.13,0.00,0.00,0.000.00
4.06481,45.439,149.678,0,0.000,0.031,0.051,0.005,0.031,0.003,0.0,1,0.0,4.041,-14.19,-0.13,0.00,0.00,0.000.00
4.07486,45.527,149.766,0,0.000,0.023,0.052,0.004,0.023,0.001,0.0,1,0.0,4.052,-14.19,-0.13,0.00,0.00,0.000.00
4.08508,45.439,149.678,0,0.000,0.014,0.052,0.007,0.014,0.001,0.0,1,0.0,4.065,-14.19,-0.13,0.00,0.00,0.000.00
4.09515,45.439,149.678,0,0.000,0.007,0.052,0.008,0.007,-0.001,0.0,1,0.0,4.074,-14.19,-0.13,0.00,0.00,0.000.00
4.11473,45.439,149.678,0,0.000,0.000,0.052,0.008,0.000,-0.006,0.0,1,0.0,4.089,-14.19,-0.13,0.00,0.00,0.000.00
4.12478,45.439,149.678,0,0.000,0.004,0.052,0.009,0.004,-0.005,0.0,1,0.0,4.103,-14.19,-0.13,0.00,0.00,0.000.00
4.13502,45.439,149.678,0,0.000,0.011,0.052,0.007,0.011,-0.002,0.0,1,0.0,4.113,-14.19,-0.13,0.00,0.00,0.000.00
4.14507,45.439,149.678,0,0.000,0.019,0.052,0.006,0.019,0.002,0.0,1,0.0,4.125,-14.19,-0.13,0.00,0.00,0.000.00
4.16456,45.439,149.678,0,0.000,0.033,0.053,0.005,0.033,0.003,0.0,1,0.0,4.135,-14.19,-0.13,0.00,0.00,0.000.00
4.17479,45.352,149.590,0,0.000,0.035,0.053,0.003,0.035,0.004,0.0,1,0.0,4.149,-14.19,-0.13,0.00,0.00,0.000.00
4.18484,45.439,149.678,0,0.000,0.033,0.054,0.005,0.033,0.007,0.0,1,0.0,4.162,-14.19,-0.13,0.00,0.00,0.000.00
4.20442,45.439,149.678,0,0.000,0.020,0.054,0.006,0.020,0.006,0.0,1,0.0,4.181,-14.19,-0.13,0.00,0.00,0.000.00
4.21448,45.352,149.590,0,0.000,0.011,0.054,0.010,0.011,0.007,0.0,1,0.0,4.197,-14.19,-0.13,0.00,0.00,0.000.00
4.22472,45.352,149.590,0,0.000,0.005,0.054,0.010,0.005,0.007,0.0,1,0.0,4.206,-14.19,-0.13,0.00,0.00,0.000.00
4.23476,45.352,149.590,0,0.000,0.000,0.054,0.009,0.000,0.006,0.0,1,0.0,4.206,-14.19,-0.13,0.00,0.00,0.000.00
4.25434,45.439,149.678,0,0.000,0.002,0.054,0.010,0.002,0.006,0.0,1,0.0,4.230,-14.19,-0.13,0.00,0.00,0.000.00
4.26440,45.439,149.678,0,0.000,0.007,0.054,0.009,0.007,0.006,0.0,1,0.0,4.246,-14.19,-0.13,0.00,0.00,0.000.00
4.27463,45.439,149.678,0,0.000,0.014,0.054,0.006,0.014,0.005,0.0,1,0.0,4.246,-14.19,-0.13,0.00,0.00,0.000.00
4.28481,45.439,149.678,0,0.000,0.020,0.055,0.007,0.020,0.008,0.0,1,0.0,4.257,-14.19,-0.13,0.00,0.00,0.000.00
4.30396,45.439,149.678,0,0.000,0.027,0.055,0.007,0.027,0.007,0.0,1,0.0,4.280,-14.19,-0.13,0.00,0.00,0.000.00
4.31419,45.439,149.678,0,0.000,0.028,0.055,0.008,0.028,0.010,0.0,1,0.0,4.295,-14.19,-0.13,0.00,0.00,0.000.00
4.32424,45.439,149.678,0,0.000,0.022,0.056,0.008,0.022,0.011,0.0,1,0.0,4.304,-14.19,-0.13,0.00,0.00,0.000.00
4.33447,45.439,149.678,0,0.000,0.018,0.056,0.005,0.018,0.011,0.0,1,0.0,4.304,-14.19,-0.13,0.00,0.00,0.000.00
4.34452,45.439,149.678,0,0.000,0.010,0.056,0.007,0.010,0.010,0.0,1,0.0,4.319,-14.19,-0.13,0.00,0.00,0.000.00
4.35475,45.439,149.678,0,0.000,0.007,0.056,0.006,0.007,0.011,0.0,1,0.0,4.330,-14.19,-0.13,0.00,0.00,0.000.00
4.37416,45.352,149.590,0,0.000,0.004,0.056,0.007,0.004,0.010,0.0,1,0.0,4.354,-14.19,-0.13,0.00,0.00,0.000.00
4.38439,45.352,149.590,0,0.000,0.010,0.056,0.005,0.010,0.005,0.0,1,0.0,4.354,-14.19,-0.13,0.00,0.00,0.000.00
4.39444,45.352,149.590,0,0.000,0.013,0.056,0.005,0.013,0.007,0.0,1,0.0,4.366,-14.19,-0.13,0.00,0.00,0.000.00
4.40458,45.439,149.678,0,0.000,0.016,0.056,0.005,0.016,0.009,0.0,1,0.0,4.376,-14.19,-0.13,0.00,0.00,0.000.00
4.42417,45.439,149.678,0,0.000,0.029,0.057,0.002,0.029,0.012,0.0,1,0.0,4.398,-14.19,-0.13,0.00,0.00,0.000.00
4.43422,45.352,149.590,0,0.000,0.028,0.057,0.002,0.028,0.010,0.0,1,0.0,4.413,-14.19,-0.13,0.00,0.00,0.000.00
4.44445,45.439,149.678,0,0.000,0.023,0.057,0.005,0.023,0.013,0.0,1,0.0,4.424,-14.19,-0.13,0.00,0.00,0.000.00
4.45450,45.439,149.678,0,0.000,0.021,0.058,0.007,0.021,0.013,0.0,1,0.0,4.424,-14.19,-0.13,0.00,0.00,0.000.00
4.47409,45.352,149.590,0,0.000,0.013,0.058,0.010,0.013,0.008,226.0,1,226.0,4.449,-14.19,-0.13,0.00,0.00,0.000.00
4.48414,45.439,149.678,0,0.000,0.008,0.058,0.012,0.008,0.005,226.0,1,226.0,4.463,-14.19,-0.13,0.00,0.00,0.000.00
4.49437,45.439,149.678,0,0.000,0.007,0.058,0.015,0.007,0.004,226.0,1,226.0,4.473,-14.19,-0.13,0.00,0.00,0.000.00
4.50442,45.527,149.766,0,0.000,0.007,0.058,0.013,0.007,0.007,226.0,1,226.0,4.473,-14.19,-0.13,0.00,0.00,0.000.00
4.52401,45.352,149.590,0,0.000,0.014,0.058,0.010,0.014,0.006,226.0,1,226.0,4.499,-14.19,-0.13,0.00,0.00,0.000.00
4.53518,45.439,149.678,0,0.000,0.017,0.059,0.007,0.017,0.009,226.0,1,226.0,4.511,-14.19,-0.13,0.00,0.00,0.000.00
4.55409,45.439,149.678,0,0.000,0.024,0.059,0.003,0.024,0.011,226.0,1,226.0,4.530,-14.19,-0.13,0.00,0.00,0.000.00
4.56414,45.439,149.678,0,0.000,0.021,0.059,0.002,0.021,0.010,226.0,1,226.0,4.542,-14.19,-0.13,0.00,0.00,0.000.00
4.58373,45.439,149.678,0,0.000,0.020,0.060,0.005,0.020,0.011,365.0,1,365.0,4.565,-14.19,-0.13,0.00,0.00,0.000.00
4.59378,45.352,149.590,0,0.000,0.016,0.060,0.005,0.016,0.013,365.0,1,365.0,4.565,-14.19,-0.13,0.00,0.00,0.000.00
4.60401,45.439,149.678,0,0.000,0.014,0.060,0.005,0.014,0.010,365.0,1,365.0,4.577,-14.19,-0.13,0.00,0.00,0.000.00
4.61407,45.352,149.590,0,0.000,0.011,0.060,0.007,0.011,0.008,365.0,1,365.0,4.577,-14.19,-0.13,0.00,0.00,0.000.00
4.63365,45.439,149.678,0,0.000,0.007,0.060,0.011,0.007,0.013,0.0,1,0.0,4.612,-14.19,-0.13,0.00,0.00,0.000.00
4.64370,45.527,149.766,0,0.000,0.010,0.060,0.009,0.010,0.010,0.0,1,0.0,4.625,-14.19,-0.13,0.00,0.00,0.000.00
4.65393,45.352,149.590,0,0.000,0.014,0.060,0.007,0.014,0.005,0.0,1,0.0,4.625,-14.19,-0.13,0.00,0.00,0.000.00
4.66407,45.352,149.590,0,0.000,0.016,0.061,0.007,0.016,0.009,0.0,1,0.0,4.637,-14.19,-0.13,0.00,0.00,0.000.00
4.67412,45.352,149.590,0,0.000,0.021,0.061,0.004,0.021,0.009,0.0,1,0.0,4.652,-14.19,-0.13,0.00,0.00,0.000.00
4.69371,45.439,149.678,0,0.000,0.024,0.061,0.002,0.024,0.010,0.0,1,0.0,4.670,-14.19,-0.13,0.00,0.00,0.000.00
4.70376,45.439,149.678,0,0.000,0.028,0.062,0.002,0.028,0.010,0.0,1,0.0,4.681,-14.19,-0.13,0.00,0.00,0.000.00
4.71399,45.439,149.678,0,0.000,0.022,0.062,0.004,0.022,0.010,0.0,1,0.0,4.692,-14.19,-0.13,0.00,0.00,0.000.00
4.72404,45.352,149.590,0,0.000,0.019,0.062,0.005,0.019,0.011,0.0,1,0.0,4.702,-14.19,-0.13,0.00,0.00,0.000.00
4.74363,45.439,149.678,0,0.000,0.012,0.062,0.006,0.012,0.003,0.0,1,0.0,4.722,-14.19,-0.13,0.00,0.00,0.000.00
4.75368,45.352,149.590,0,0.000,0.012,0.062,0.005,0.012,0.008,0.0,1,0.0,4.722,-14.19,-0.13,0.00,0.00,0.000.00
4.76391,45.439,149.678,0,0.000,0.012,0.062,0.005,0.012,0.007,0.0,1,0.0,4.735,-14.19,-0.13,0.00,0.00,0.000.00
4.77396,45.352,149.590,0,0.000,0.011,0.063,0.005,0.011,0.009,0.0,1,0.0,4.750,-14.19,-0.13,0.00,0.00,0.000.00
4.78436,45.352,149.590,0,0.000,0.016,0.063,0.005,0.016,0.004,0.0,1,0.0,4.763,-14.19,-0.13,0.00,0.00,0.000.00
4.80332,45.352,149.590,0,0.000,0.022,0.063,0.005,0.022,0.005,0.0,1,0.0,4.771,-14.19,-0.13,0.00,0.00,0.000.00
4.81337,45.439,149.678,0,0.000,0.022,0.063,0.005,0.022,0.006,0.0,1,0.0,4.790,-14.19,-0.13,0.00,0.00,0.000.00
4.82360,45.352,149.590,0,0.000,0.020,0.064,0.005,0.020,0.002,0.0,1,0.0,4.799,-14.19,-0.13,0.00,0.00,0.000.00
4.83365,45.352,149.590,0,0.000,0.017,0.064,0.006,0.017,0.002,0.0,1,0.0,4.812,-14.19,-0.13,0.00,0.00,0.000.00
4.85324,45.439,149.678,0,0.000,0.013,0.064,0.004,0.013,0.000,0.0,1,0.0,4.824,-14.19,-0.13,0.00,0.00,0.000.00
4.86329,45.352,149.590,0,0.000,0.011,0.064,0.004,0.011,0.000,0.0,1,0.0,4.834,-14.19,-0.13,0.00,0.00,0.000.00
4.87352,45.352,149.590,0,0.000,0.010,0.064,0.004,0.010,0.002,0.0,1,0.0,4.847,-14.19,-0.13,0.00,0.00,0.000.00
4.88357,45.352,149.590,0,0.000,0.012,0.064,0.005,0.012,0.004,0.0,1,0.0,4.859,-14.19,-0.13,0.00,0.00,0.000.00
4.90316,45.439,149.678,0,0.000,0.017,0.065,0.001,0.017,0.001,0.0,1,0.0,4.884,-14.19,-0.13,0.00,0.00,0.000.00
4.91330,45.352,149.590,0,0.000,0.025,0.065,0.000,0.025,0.004,0.0,1,0.0,4.884,-14.19,-0.13,0.00,0.00,0.000.00
4.92335,45.439,149.678,0,0.000,0.028,0.065,0.000,0.028,0.007,0.0,1,0.0,4.896,-14.19,-0.13,0.00,0.00,0.000.00
4.93358,45.352,149.590,0,0.000,0.028,0.065,0.001,0.028,0.010,0.0,1,0.0,4.906,-14.19,-0.13,0.00,0.00,0.000.00
4.94363,45.439,149.678,0,0.000,0.026,0.066,0.001,0.026,0.008,0.0,1,0.0,4.922,-14.19,-0.13,0.00,0.00,0.000.00
4.96322,45.352,149.590,0,0.000,0.017,0.066,0.004,0.017,0.005,0.0,1,0.0,4.933,-14.19,-0.13,0.00,0.00,0.000.00
4.97327,45.439,149.678,0,0.000,0.014,0.066,0.005,0.014,0.006,0.0,1,0.0,4.949,-14.19,-0.13,0.00,0.00,0.000.00
4.98350,45.439,149.678,0,0.000,0.012,0.066,0.002,0.012,0.006,0.0,1,0.0,4.959,-14.19,-0.13,0.00,0.00,0.000.00
4.99355,45.439,149.678,0,0.000,0.010,0.066,0.003,0.010,0.004,0.0,1,0.0,4.970,-14.19,-0.13,0.00,0.00,0.000.00
5.01314,45.352,149.590,0,0.000,0.012,0.067,0.002,0.012,0.006,0.0,1,0.0,4.989,-14.19,-0.13,0.00,0.00,0.000.00
5.02319,45.439,149.678,0,0.000,0.013,0.067,0.002,0.013,0.008,0.0,1,0.0,5.000,-14.19,-0.13,0.00,0.00,0.000.00
5.03354,45.439,149.678,0,0.000,0.014,0.067,0.004,0.014,0.006,0.0,1,0.0,5.013,-14.19,-0.13,0.00,0.00,0.000.00
5.05312,45.352,149.590,0,0.000,0.017,0.067,0.005,0.017,0.006,0.0,1,0.0,5.033,-14.19,-0.13,0.00,0.00,0.000.00
5.06334,45.352,149.590,0,0.000,0.019,0.068,0.002,0.019,0.007,0.0,1,0.0,5.044,-14.19,-0.13,0.00,0.00,0.000.00
5.07341,45.439,149.678,0,0.000,0.018,0.068,0.003,0.018,0.008,0.0,1,0.0,5.054,-14.19,-0.13,0.00,0.00,0.000.00
5.09298,45.352,149.590,0,0.000,0.017,0.068,0.002,0.017,0.008,281.0,-1,-281.0,5.066,-14.19,-0.13,0.00,0.00,0.000.00
5.10304,45.439,149.678,0,0.000,0.017,0.068,0.001,0.017,0.008,281.0,-1,-281.0,5.080,-14.19,-0.13,0.00,0.00,0.000.00
5.11326,45.439,149.678,0,0.000,0.013,0.068,0.000,0.013,0.004,281.0,-1,-281.0,5.092,-14.19,-0.13,0.00,0.00,0.000.00
5.12332,45.352,149.590,0,0.000,0.014,0.068,0.000,0.014,0.006,281.0,-1,-281.0,5.102,-14.19,-0.13,0.00,0.00,0.000.00
5.14290,45.439,149.678,0,0.000,0.013,0.069,0.001,0.013,0.010,281.0,-1,-281.0,5.114,-14.19,-0.13,0.00,0.00,0.000.00
5.15296,45.352,149.590,0,0.000,0.016,0.069,0.004,0.016,0.010,281.0,-1,-281.0,5.114,-14.19,-0.13,0.00,0.00,0.000.00
5.16318,45.439,149.678,0,0.000,0.017,0.069,0.007,0.017,0.010,281.0,-1,-281.0,5.139,-14.19,-0.13,0.00,0.00,0.000.00
5.17324,45.439,149.678,0,0.000,0.018,0.069,0.007,0.018,0.010,281.0,-1,-281.0,5.149,-14.19,-0.13,0.00,0.00,0.000.00
5.19284,45.352,149.590,0,0.000,0.023,0.070,0.005,0.023,0.009,281.0,-1,-281.0,5.174,-14.19,-0.13,0.00,0.00,0.000.00
5.20288,45.352,149.590,0,0.000,0.023,0.070,0.005,0.023,0.013,281.0,-1,-281.0,5.174,-14.19,-0.13,0.00,0.00,0.000.00
5.21310,45.439,149.678,0,0.000,0.020,0.070,0.008,0.020,0.010,281.0,-1,-281.0,5.194,-14.19,-0.13,0.00,0.00,0.000.00
5.22316,45.439,149.678,0,0.000,0.016,0.070,0.008,0.016,0.010,281.0,-1,-281.0,5.205,-14.19,-0.13,0.00,0.00,0.000.00
5.24274,45.439,149.678,0,0.000,0.011,0.070,0.005,0.011,0.008,281.0,-1,-281.0,5.209,-14.19,-0.13,0.00,0.00,0.000.00
5.25280,45.352,149.590,0,0.000,0.011,0.071,0.004,0.011,0.008,281.0,-1,-281.0,5.229,-14.19,-0.13,0.00,0.00,0.000.00
5.26302,45.439,149.678,0,0.000,0.012,0.071,0.005,0.012,0.008,281.0,-1,-281.0,5.241,-14.19,-0.13,0.00,0.00,0.000.00
5.27308,45.352,149.590,0,0.000,0.014,0.071,0.006,0.014,0.008,281.0,-1,-281.0,5.251,-14.19,-0.13,0.00,0.00,0.000.00
5.28345,45.352,149.590,0,0.000,0.018,0.071,0.005,0.018,0.006,281.0,-1,-281.0,5.251,-14.19,-0.13,0.00,0.00,0.000.00
5.30301,45.439,149.678,0,0.000,0.023,0.072,0.004,0.023,0.007,281.0,-1,-281.0,5.289,-14.19,-0.13,0.00,0.00,0.000.00
5.32260,45.439,149.678,0,0.000,0.023,0.072,0.005,0.023,0.012,281.0,-1,-281.0,5.294,-14.19,-0.13,0.00,0.00,0.000.00
5.33265,42.539,146.777,0,0.000,0.519,0.077,0.044,0.519,0.017,796.0,1,796.0,5.305,-14.19,-0.13,0.00,0.00,0.000.00
5.34288,38.320,142.559,0,0.000,0.531,0.083,0.046,0.531,0.019,796.0,1,796.0,5.318,-14.19,-0.13,0.00,0.00,0.000.00
5.35295,34.189,138.428,0,0.000,0.398,0.087,0.051,0.398,0.014,796.0,1,796.0,5.334,-14.19,-0.13,0.00,0.00,0.000.00
5.37252,25.488,129.727,0,0.000,0.286,0.092,0.029,0.286,-0.019,796.0,1,796.0,5.344,-14.19,-0.13,0.00,0.00,0.000.00
5.38257,20.742,124.980,0,0.000,0.154,0.094,0.007,0.154,0.004,796.0,1,796.0,5.355,-14.19,-0.13,0.00,0.00,0.000.00
5.39280,15.996,120.234,0,0.000,0.373,0.098,0.062,0.373,-0.009,796.0,1,796.0,5.367,-14.19,-0.13,0.00,0.00,0.000.00
5.40285,10.986,115.225,0,0.000,0.038,0.098,-0.040,0.038,0.017,796.0,1,796.0,5.367,-14.19,-0.13,0.00,0.00,0.000.00
5.42219,1.758,105.996,0,0.000,-0.057,0.099,-0.044,-0.057,0.007,796.0,1,796.0,5.396,-13.02,-0.34,1.05,0.00,98.140.00
5.43241,356.396,100.635,0,0.000,-0.038,0.098,-0.019,-0.038,-0.009,796.0,1,796.0,5.408,-12.60,-0.21,0.42,0.14,35.0711.34
5.44247,351.211,95.449,0,0.000,-0.095,0.097,-0.041,-0.095,0.024,796.0,1,796.0,5.421,-12.15,-0.21,0.45,0.00,38.360.00
5.45269,345.937,90.176,0,0.000,0.171,0.099,0.035,0.171,0.004,796.0,1,796.0,5.434,-11.43,-0.09,0.71,0.12,54.098.87
5.46275,340.664,84.902,0,0.000,-0.041,0.099,-0.031,-0.041,0.007,796.0,1,796.0,5.434,-11.43,-0.09,0.71,0.12,54.098.87
5.48233,330.732,74.971,0,0.000,-0.072,0.099,-0.011,-0.072,0.019,796.0,1,796.0,5.459,-10.27,-0.26,0.81,0.00,62.140.00
5.49239,325.547,69.785,0,0.000,-0.028,0.099,-0.038,-0.028,0.007,796.0,1,796.0,5.469,-10.02,-0.12,0.26,0.13,22.2411.52
5.50261,320.361,64.600,0,0.000,0.008,0.099,0.025,0.008,0.017,796.0,1,796.0,5.482,-9.31,-0.12,0.70,0.00,62.120.00
5.51268,315.264,59.502,0,0.000,0.177,0.100,0.023,0.177,0.007,796.0,1,796.0,5.494,-8.74,-0.12,0.57,0.00,49.380.00
5.53226,305.771,50.010,0,0.000,-0.034,0.100,-0.021,-0.034,0.007,796.0,1,796.0,5.494,-8.74,-0.12,0.57,0.00,49.380.00
5.54239,301.377,45.615,0,0.000,-0.003,0.100,0.042,-0.003,0.019,610.0,1,610.0,5.516,-8.22,-0.19,0.52,-0.06,21.98-2.55
5.55245,296.543,40.781,0,0.000,-0.013,0.100,-0.053,-0.013,0.000,610.0,1,610.0,5.529,-7.77,-0.19,0.45,0.00,40.150.00
5.57203,287.754,31.992,0,0.000,0.076,0.101,-0.001,0.076,-0.014,610.0,1,610.0,5.549,-6.74,-0.19,0.45,0.00,40.640.00
5.58209,283.535,27.773,0,0.000,-0.035,0.101,-0.008,-0.035,0.002,610.0,1,610.0,5.549,-6.74,-0.19,0.45,0.00,40.640.00
5.59231,279.141,23.379,0,0.000,-0.053,0.100,0.001,-0.053,-0.011,610.0,1,610.0,5.564,-6.07,-0.19,0.67,0.00,51.270.00
5.60237,275.010,19.248,0,0.000,0.004,0.100,0.024,0.004,0.005,610.0,1,610.0,5.579,-5.59,-0.19,0.49,0.00,32.220.00
5.62195,280.020,24.258,0,0.000,-1.130,0.085,-0.141,-1.130,0.078,855.0,-1,-855.0,5.602,-4.63,-0.12,0.65,0.06,53.305.27
5.63201,284.150,28.389,0,0.000,-0.680,0.078,-0.145,-0.680,0.067,855.0,-1,-855.0,5.602,-4.63,-0.12,0.65,0.06,53.305.27
5.64223,288.633,32.871,0,0.000,-0.586,0.072,-0.038,-0.586,0.072,855.0,-1,-855.0,5.616,-4.11,-0.12,0.52,0.00,36.750.00
5.65229,293.291,37.529,0,0.000,-0.333,0.069,-0.015,-0.333,0.068,855.0,-1,-855.0,5.630,-3.54,-0.12,0.56,0.00,40.860.00
5.66233,297.334,41.572,0,0.000,-0.168,0.067,-0.022,-0.168,0.010,855.0,-1,-855.0,5.640,-3.13,-0.04,0.41,0.08,40.578.35
5.68184,306.826,51.064,0,0.000,-0.181,0.063,-0.068,-0.181,-0.014,855.0,-1,-855.0,5.665,-1.94,0.23,0.47,0.38,40.1132.29
5.69190,312.012,56.250,0,0.000,-0.245,0.061,-0.089,-0.245,0.005,855.0,-1,-855.0,5.673,-3.52,-0.07,-1.58,-0.29,-158.03-29.31
5.70212,316.758,60.996,0,0.000,-0.100,0.060,-0.028,-0.100,0.018,855.0,-1,-855.0,5.673,-3.52,-0.07,-1.58,-0.29,-158.03-29.31
5.71217,321.943,66.182,0,0.000,-0.072,0.059,-0.055,-0.072,0.019,855.0,-1,-855.0,5.685,-3.57,0.32,-0.05,0.38,-3.4224.22
5.73176,328.887,73.125,0,0.000,0.303,0.062,0.017,0.303,0.014,249.0,1,249.0,5.712,-4.84,0.36,-0.14,0.33,-9.9322.95
5.74182,328.711,72.949,0,0.000,0.601,0.068,0.077,0.601,-0.003,249.0,1,249.0,5.712,-4.84,0.36,-0.14,0.33,-9.9322.95
5.75204,328.887,73.125,0,0.000,0.317,0.072,-0.008,0.317,0.031,249.0,1,249.0,5.723,-5.50,0.36,-0.66,0.00,-56.880.00
5.76209,328.887,73.125,0,0.000,0.321,0.075,0.008,0.321,0.009,249.0,1,249.0,5.737,-6.07,0.36,-0.57,0.00,-42.560.00
5.78168,328.975,73.213,0,0.000,0.190,0.079,-0.007,0.190,0.013,249.0,1,249.0,5.762,-7.25,0.36,-0.59,0.00,-44.030.00
5.79174,328.887,73.125,0,0.000,0.186,0.081,0.045,0.186,0.003,249.0,1,249.0,5.762,-7.25,0.36,-0.59,0.00,-44.030.00
5.80196,328.975,73.213,0,0.000,0.078,0.082,-0.008,0.078,0.007,249.0,1,249.0,5.773,-7.70,0.36,-0.45,0.00,-40.250.00
5.81201,328.975,73.213,0,0.000,0.092,0.083,0.054,0.092,-0.005,249.0,1,249.0,5.785,-8.26,0.20,-0.56,-0.16,-50.22-14.00
5.83160,328.887,73.125,0,0.000,0.034,0.083,0.048,0.034,-0.006,249.0,1,249.0,5.807,-7.96,0.35,0.00,0.15,0.0013.42
5.84165,328.975,73.213,0,0.000,0.000,0.083,-0.022,0.000,0.014,249.0,1,249.0,5.820,-8.08,0.35,-0.12,0.00,-9.100.00
5.85188,328.799,73.037,0,0.000,0.036,0.083,0.043,0.036,0.004,249.0,1,249.0,5.833,-7.88,0.43,0.20,0.08,15.915.97
5.86194,328.799,73.037,0,0.000,0.023,0.084,-0.017,0.023,0.009,249.0,1,249.0,5.833,-7.88,0.43,0.20,0.08,15.915.97
5.88152,328.975,73.213,0,0.000,0.050,0.085,-0.007,0.050,0.009,249.0,1,249.0,5.859,-7.91,0.35,0.25,0.06,15.953.71
5.89159,328.887,73.125,0,0.000,0.041,0.085,0.029,0.041,0.010,249.0,1,249.0,5.872,-8.14,0.35,-0.23,0.00,-17.200.00
5.90180,328.887,73.125,0,0.000,0.051,0.086,-0.007,0.051,0.010,249.0,1,249.0,5.872,-8.14,0.35,-0.23,0.00,-17.200.00
5.91196,328.975,73.213,0,0.000,0.019,0.086,0.020,0.019,0.004,249.0,1,249.0,5.884,-8.02,0.35,0.12,0.00,11.030.00
5.93190,328.887,73.125,0,0.000,-0.001,0.086,0.020,-0.001,0.008,249.0,1,249.0,5.906,-8.04,0.35,0.06,0.00,5.600.00
5.95149,328.799,73.037,0,0.000,-0.009,0.086,0.014,-0.009,0.006,249.0,1,249.0,5.930,-8.10,0.35,-0.06,0.00,-4.790.00
5.96155,328.887,73.125,0,0.000,0.007,0.086,0.002,0.007,0.007,249.0,1,249.0,5.943,-8.00,0.35,0.10,0.00,8.980.00
5.97177,328.887,73.125,0,0.000,0.004,0.086,0.016,0.004,0.007,249.0,1,249.0,5.943,-8.00,0.35,0.10,0.00,8.980.00
5.98182,328.887,73.125,0,0.000,0.018,0.086,0.005,0.018,0.004,0.0,1,0.0,5.954,-8.08,0.35,-0.08,0.00,-6.700.00
6.00141,328.887,73.125,0,0.000,0.034,0.087,0.004,0.034,0.009,0.0,1,0.0,5.979,-8.01,0.35,0.00,0.00,0.000.00
6.01146,328.887,73.125,0,0.000,0.034,0.087,0.011,0.034,0.011,0.0,1,0.0,5.992,-8.01,0.35,0.00,0.00,0.000.00
6.02169,328.887,73.125,0,0.000,0.034,0.088,0.003,0.034,0.008,0.0,1,0.0,5.992,-8.01,0.35,0.00,0.00,0.000.00
6.03174,328.887,73.125,0,0.000,0.031,0.088,0.010,0.031,0.010,0.0,1,0.0,6.004,-8.01,0.35,0.00,0.00,0.000.00
6.05124,328.975,73.213,0,0.000,0.016,0.088,0.008,0.016,0.007,0.0,1,0.0,6.026,-8.01,0.35,0.00,0.00,0.000.00
6.06147,328.975,73.213,0,0.000,0.007,0.088,0.000,0.007,0.007,0.0,1,0.0,6.042,-8.01,0.35,0.00,0.00,0.000.00
6.07152,328.975,73.213,0,0.000,0.001,0.088,0.005,0.001,0.009,0.0,1,0.0,6.053,-8.01,0.35,0.00,0.00,0.000.00
6.09111,328.887,73.125,0,0.000,0.000,0.088,0.010,0.000,0.008,0.0,1,0.0,6.065,-8.01,0.35,0.00,0.00,0.000.00
6.10116,328.975,73.213,0,0.000,0.004,0.088,0.008,0.004,0.010,0.0,1,0.0,6.075,-8.01,0.35,0.00,0.00,0.000.00
6.11139,328.975,73.213,0,0.000,0.010,0.088,0.012,0.010,0.007,0.0,1,0.0,6.088,-8.01,0.35,0.00,0.00,0.000.00
6.12144,328.887,73.125,0,0.000,0.017,0.089,0.005,0.017,0.008,0.0,1,0.0,6.097,-8.01,0.35,0.00,0.00,0.000.00
6.14104,328.887,73.125,0,0.000,0.028,0.089,0.005,0.028,0.013,0.0,1,0.0,6.119,-8.01,0.35,0.00,0.00,0.000.00
6.15108,328.799,73.037,0,0.000,0.029,0.089,0.009,0.029,0.010,0.0,1,0.0,6.133,-8.01,0.35,0.00,0.00,0.000.00
6.16131,328.887,73.125,0,0.000,0.026,0.090,0.005,0.026,0.007,0.0,1,0.0,6.133,-8.01,0.35,0.00,0.00,0.000.00
6.17148,328.887,73.125,0,0.000,0.019,0.090,0.006,0.019,0.010,0.0,1,0.0,6.143,-8.01,0.35,0.00,0.00,0.000.00
6.19141,328.887,73.125,0,0.000,0.005,0.090,0.008,0.005,0.008,0.0,1,0.0,6.174,-8.01,0.35,0.00,0.00,0.000.00
6.21100,328.975,73.213,0,0.000,0.004,0.090,0.010,0.004,0.005,0.0,1,0.0,6.182,-8.01,0.35,0.00,0.00,0.000.00
6.22105,328.887,73.125,0,0.000,0.006,0.090,0.008,0.006,0.002,0.0,1,0.0,6.200,-8.01,0.35,0.00,0.00,0.000.00
6.23128,328.887,73.125,0,0.000,0.010,0.090,0.010,0.010,0.001,0.0,1,0.0,6.211,-8.01,0.35,0.00,0.00,0.000.00
6.24134,328.887,73.125,0,0.000,0.018,0.090,0.005,0.018,0.002,0.0,1,0.0,6.220,-8.01,0.35,0.00,0.00,0.000.00
6.26092,328.887,73.125,0,0.000,0.028,0.091,0.004,0.028,0.000,0.0,1,0.0,6.235,-8.01,0.35,0.00,0.00,0.000.00
6.27098,328.887,73.125,0,0.000,0.026,0.091,0.007,0.026,0.001,0.0,1,0.0,6.246,-8.01,0.35,0.00,0.00,0.000.00
6.28120,328.887,73.125,0,0.000,0.025,0.091,0.005,0.025,0.002,0.0,1,0.0,6.257,-8.01,0.35,0.00,0.00,0.000.00
6.29125,328.975,73.213,0,0.000,0.022,0.092,0.008,0.022,0.005,0.0,1,0.0,6.266,-8.01,0.35,0.00,0.00,0.000.00
6.31076,328.887,73.125,0,0.000,0.012,0.092,0.007,0.012,0.005,0.0,1,0.0,6.275,-8.01,0.35,0.00,0.00,0.000.00
6.32098,328.887,73.125,0,0.000,0.006,0.092,0.007,0.006,0.004,0.0,1,0.0,6.291,-8.01,0.35,0.00,0.00,0.000.00
6.33104,328.887,73.125,0,0.000,0.007,0.092,0.011,0.007,0.002,0.0,1,0.0,6.306,-8.01,0.35,0.00,0.00,0.000.00
6.35062,328.887,73.125,0,0.000,0.010,0.092,0.011,0.010,0.004,0.0,1,0.0,6.325,-8.01,0.35,0.00,0.00,0.000.00
6.36067,328.887,73.125,0,0.000,0.014,0.092,0.011,0.014,0.005,0.0,1,0.0,6.338,-8.01,0.35,0.00,0.00,0.000.00
6.37092,328.975,73.213,0,0.000,0.018,0.093,0.013,0.018,0.004,0.0,1,0.0,6.351,-8.01,0.35,0.00,0.00,0.000.00
6.38096,328.887,73.125,0,0.000,0.023,0.093,0.009,0.023,0.005,0.0,1,0.0,6.351,-8.01,0.35,0.00,0.00,0.000.00
6.40054,328.887,73.125,0,0.000,0.026,0.093,0.007,0.026,0.004,0.0,1,0.0,6.377,-8.01,0.35,0.00,0.00,0.000.00
6.41059,328.887,73.125,0,0.000,0.024,0.094,0.005,0.024,0.009,0.0,1,0.0,6.389,-8.01,0.35,0.00,0.00,0.000.00
6.42084,328.887,73.125,0,0.000,0.020,0.094,0.003,0.020,0.010,0.0,1,0.0,6.401,-8.01,0.35,0.00,0.00,0.000.00
6.43196,328.887,73.125,0,0.000,0.013,0.094,0.006,0.013,0.004,0.0,1,0.0,6.401,-8.01,0.35,0.00,0.00,0.000.00
6.45083,328.887,73.125,0,0.000,0.010,0.094,0.007,0.010,0.005,0.0,1,0.0,6.430,-8.01,0.35,0.00,0.00,0.000.00
6.46088,328.887,73.125,0,0.000,0.008,0.094,0.008,0.008,0.005,0.0,1,0.0,6.430,-8.01,0.35,0.00,0.00,0.000.00
6.48046,328.975,73.213,0,0.000,0.010,0.094,0.007,0.010,0.001,0.0,1,0.0,6.457,-8.01,0.35,0.00,0.00,0.000.00
6.49052,328.887,73.125,0,0.000,0.012,0.095,0.007,0.012,0.001,0.0,1,0.0,6.466,-8.01,0.35,0.00,0.00,0.000.00
6.50074,328.887,73.125,0,0.000,0.017,0.095,0.008,0.017,0.001,0.0,1,0.0,6.476,-8.01,0.35,0.00,0.00,0.000.00
6.51080,328.887,73.125,0,0.000,0.019,0.095,0.006,0.019,0.004,0.0,1,0.0,6.489,-8.01,0.35,0.00,0.00,0.000.00
6.53039,328.887,73.125,0,0.000,0.020,0.095,0.002,0.020,0.005,0.0,1,0.0,6.501,-8.01,0.35,0.00,0.00,0.000.00
6.54044,328.887,73.125,0,0.000,0.020,0.095,0.002,0.020,0.005,0.0,1,0.0,6.514,-8.01,0.35,0.00,0.00,0.000.00
6.55066,328.799,73.037,0,0.000,0.016,0.096,0.002,0.016,0.005,0.0,1,0.0,6.523,-8.01,0.35,0.00,0.00,0.000.00
6.56084,328.887,73.125,0,0.000,0.012,0.096,0.002,0.012,0.004,0.0,1,0.0,6.537,-8.01,0.35,0.00,0.00,0.000.00
6.58050,328.887,73.125,0,0.000,0.008,0.096,0.007,0.008,0.005,0.0,1,0.0,6.567,-8.01,0.35,0.00,0.00,0.000.00
6.59055,328.887,73.125,0,0.000,0.007,0.096,0.008,0.007,0.008,0.0,1,0.0,6.567,-8.01,0.35,0.00,0.00,0.000.00
6.61014,328.887,73.125,0,0.000,0.015,0.096,0.007,0.015,0.008,0.0,1,0.0,6.586,-8.01,0.35,0.00,0.00,0.000.00
6.62019,328.975,73.213,0,0.000,0.018,0.096,0.005,0.018,0.002,0.0,1,0.0,6.598,-8.01,0.35,0.00,0.00,0.000.00
6.63043,328.975,73.213,0,0.000,0.019,0.097,0.002,0.019,0.004,0.0,1,0.0,6.611,-8.01,0.35,0.00,0.00,0.000.00
6.64047,328.799,73.037,0,0.000,0.023,0.097,0.001,0.023,0.002,0.0,1,0.0,6.611,-8.01,0.35,0.00,0.00,0.000.00
6.66006,328.799,73.037,0,0.000,0.025,0.097,0.002,0.025,0.011,0.0,1,0.0,6.635,-8.01,0.35,0.00,0.00,0.000.00
6.67011,328.887,73.125,0,0.000,0.022,0.098,0.004,0.022,0.011,0.0,1,0.0,6.645,-8.01,0.35,0.00,0.00,0.000.00
6.68035,328.975,73.213,0,0.000,0.018,0.098,0.005,0.018,0.011,0.0,1,0.0,6.661,-8.01,0.35,0.00,0.00,0.000.00
6.69039,328.887,73.125,0,0.000,0.014,0.098,0.007,0.014,0.012,0.0,1,0.0,6.661,-8.01,0.35,0.00,0.00,0.000.00
6.70998,328.975,73.213,0,0.000,0.011,0.098,0.008,0.011,0.008,0.0,1,0.0,6.685,-8.01,0.35,0.00,0.00,0.000.00
6.72003,328.887,73.125,0,0.000,0.010,0.098,0.008,0.010,0.007,0.0,1,0.0,6.685,-8.01,0.35,0.00,0.00,0.000.00
6.73026,329.062,73.301,0,0.000,0.011,0.098,0.009,0.011,0.007,0.0,1,0.0,6.708,-8.01,0.35,0.00,0.00,0.000.00
6.74031,328.887,73.125,0,0.000,0.013,0.098,0.008,0.013,0.007,0.0,1,0.0,6.717,-8.01,0.35,0.00,0.00,0.000.00
6.75990,328.975,73.213,0,0.000,0.017,0.099,0.007,0.017,0.011,0.0,1,0.0,6.732,-8.01,0.35,0.00,0.00,0.000.00
6.76995,328.887,73.125,0,0.000,0.020,0.099,0.008,0.020,0.008,0.0,1,0.0,6.743,-8.01,0.35,0.00,0.00,0.000.00
6.78018,328.887,73.125,0,0.000,0.023,0.099,0.010,0.023,0.008,0.0,1,0.0,6.755,-8.01,0.35,0.00,0.00,0.000.00
6.79023,328.887,73.125,0,0.000,0.020,0.099,0.012,0.020,0.009,0.0,1,0.0,6.766,-8.01,0.35,0.00,0.00,0.000.00
6.80982,328.975,73.213,0,0.000,0.016,0.100,0.013,0.016,0.011,0.0,1,0.0,6.788,-8.01,0.35,0.00,0.00,0.000.00
6.82029,328.975,73.213,0,0.000,0.013,0.100,0.012,0.013,0.008,0.0,1,0.0,6.799,-8.01,0.35,0.00,0.00,0.000.00
6.83999,328.887,73.125,0,0.000,0.011,0.100,0.012,0.011,0.010,0.0,1,0.0,6.810,-8.01,0.35,0.00,0.00,0.000.00
6.85021,328.887,73.125,0,0.000,0.011,0.100,0.010,0.011,0.005,0.0,1,0.0,6.827,-8.01,0.35,0.00,0.00,0.000.00
6.86962,328.975,73.213,0,0.000,0.018,0.101,0.005,0.018,0.004,0.0,1,0.0,6.847,-8.01,0.35,0.00,0.00,0.000.00
6.87985,328.975,73.213,0,0.000,0.022,0.101,0.001,0.022,0.005,0.0,1,0.0,6.858,-8.01,0.35,0.00,0.00,0.000.00
6.88991,328.887,73.125,0,0.000,0.023,0.101,0.000,0.023,0.009,302.0,1,302.0,6.858,-8.01,0.35,0.00,0.00,0.000.00
6.90013,328.975,73.213,0,0.000,0.026,0.101,0.001,0.026,0.008,302.0,1,302.0,6.876,-8.01,0.35,0.00,0.00,0.000.00
6.91018,328.975,73.213,0,0.000,0.025,0.101,0.004,0.025,0.005,302.0,1,302.0,6.886,-8.01,0.35,0.00,0.00,0.000.00
6.92977,328.887,73.125,0,0.000,0.022,0.102,0.006,0.022,0.006,302.0,1,302.0,6.908,-8.01,0.35,0.00,0.00,0.000.00
6.93982,328.975,73.213,0,0.000,0.019,0.102,0.007,0.019,0.002,302.0,1,302.0,6.920,-8.01,0.35,0.00,0.00,0.000.00
6.95005,328.887,73.125,0,0.000,0.014,0.102,0.010,0.014,0.002,302.0,1,302.0,6.930,-8.01,0.35,0.00,0.00,0.000.00
6.96946,328.887,73.125,0,0.000,0.011,0.102,0.008,0.011,0.005,302.0,1,302.0,6.942,-8.01,0.35,0.00,0.00,0.000.00
6.97969,328.887,73.125,0,0.000,0.011,0.103,0.010,0.011,0.008,302.0,1,302.0,6.954,-8.01,0.35,0.00,0.00,0.000.00
6.98974,328.887,73.125,0,0.000,0.013,0.103,0.008,0.013,0.005,302.0,1,302.0,6.970,-8.01,0.35,0.00,0.00,0.000.00
6.99997,328.975,73.213,0,0.000,0.016,0.103,0.010,0.016,0.008,302.0,1,302.0,6.970,-8.01,0.35,0.00,0.00,0.000.00
7.01938,328.975,73.213,0,0.000,0.020,0.103,0.006,0.020,0.002,302.0,1,302.0,6.982,-8.01,0.35,0.00,0.00,0.000.00
7.02961,328.975,73.213,0,0.000,0.020,0.103,0.005,0.020,0.001,302.0,1,302.0,6.982,-8.01,0.35,0.00,0.00,0.000.00
7.03966,328.887,73.125,0,0.000,0.020,0.104,0.005,0.020,0.005,302.0,1,302.0,7.009,-8.01,0.35,0.00,0.00,0.000.00
7.04989,328.975,73.213,0,0.000,0.020,0.104,0.002,0.020,0.007,302.0,1,302.0,7.026,-8.01,0.35,0.00,0.00,0.000.00
7.06931,328.975,73.213,0,0.000,0.017,0.104,0.005,0.017,0.007,302.0,1,302.0,7.036,-8.01,0.35,0.00,0.00,0.000.00
7.07982,328.975,73.213,0,0.000,0.013,0.104,0.007,0.013,0.005,302.0,1,302.0,7.054,-8.01,0.35,0.00,0.00,0.000.00
7.09945,328.975,73.213,0,0.000,0.010,0.105,0.004,0.010,0.004,302.0,1,302.0,7.086,-8.01,0.35,0.00,0.00,0.000.00
7.10951,328.975,73.213,0,0.000,0.012,0.105,0.002,0.012,0.004,302.0,1,302.0,7.090,-8.01,0.35,0.00,0.00,0.000.00
7.11974,328.887,73.125,0,0.000,0.013,0.105,0.004,0.013,0.005,302.0,1,302.0,7.090,-8.01,0.35,0.00,0.00,0.000.00
7.13915,328.975,73.213,0,0.000,0.018,0.105,0.007,0.018,0.007,302.0,1,302.0,7.114,-8.01,0.35,0.00,0.00,0.000.00
7.14937,328.887,73.125,0,0.000,0.019,0.105,0.007,0.019,0.007,302.0,1,302.0,7.125,-8.01,0.35,0.00,0.00,0.000.00
7.15943,328.887,73.125,0,0.000,0.021,0.106,0.004,0.021,0.008,302.0,1,302.0,7.138,-8.01,0.35,0.00,0.00,0.000.00
7.16966,328.887,73.125,0,0.000,0.021,0.106,0.003,0.021,0.007,302.0,1,302.0,7.138,-8.01,0.35,0.00,0.00,0.000.00
7.18907,328.975,73.213,0,0.000,0.022,0.106,0.005,0.022,0.005,302.0,1,302.0,7.169,-8.01,0.35,0.00,0.00,0.000.00
7.19931,328.975,73.213,0,0.000,0.019,0.106,0.007,0.019,0.002,302.0,1,302.0,7.179,-8.01,0.35,0.00,0.00,0.000.00
7.20935,328.887,73.125,0,0.000,0.017,0.107,0.007,0.017,0.002,302.0,1,302.0,7.179,-8.01,0.35,0.00,0.00,0.000.00
7.21958,328.799,73.037,0,0.000,0.017,0.107,0.006,0.017,0.005,302.0,1,302.0,7.191,-8.01,0.35,0.00,0.00,0.000.00
7.23899,328.799,73.037,0,0.000,0.015,0.107,0.004,0.015,0.005,302.0,1,302.0,7.213,-8.01,0.35,0.00,0.00,0.000.00
7.24922,328.975,73.213,0,0.000,0.015,0.107,0.004,0.015,0.007,0.0,1,0.0,7.228,-8.01,0.35,0.00,0.00,0.000.00
7.25927,328.887,73.125,0,0.000,0.017,0.107,0.003,0.017,0.005,0.0,1,0.0,7.239,-8.01,0.35,0.00,0.00,0.000.00
7.26951,328.799,73.037,0,0.000,0.016,0.108,0.004,0.016,0.005,0.0,1,0.0,7.251,-8.01,0.35,0.00,0.00,0.000.00
7.28891,328.887,73.125,0,0.000,0.019,0.108,0.005,0.019,0.014,0.0,1,0.0,7.264,-8.01,0.35,0.00,0.00,0.000.00
7.29914,328.975,73.213,0,0.000,0.016,0.108,0.007,0.016,0.011,0.0,1,0.0,7.273,-8.01,0.35,0.00,0.00,0.000.00
7.30919,328.975,73.213,0,0.000,0.016,0.108,0.004,0.016,0.016,0.0,1,0.0,7.286,-8.01,0.35,0.00,0.00,0.000.00
7.31943,328.887,73.125,0,0.000,0.014,0.108,0.002,0.014,0.014,0.0,1,0.0,7.301,-8.01,0.35,0.00,0.00,0.000.00
7.32968,328.975,73.213,0,0.000,0.014,0.108,0.003,0.014,0.011,0.0,1,0.0,7.301,-8.01,0.35,0.00,0.00,0.000.00
7.34934,328.887,73.125,0,0.000,0.010,0.109,0.006,0.010,0.007,0.0,1,0.0,7.326,-8.01,0.35,0.00,0.00,0.000.00
7.36875,328.887,73.125,0,0.000,0.017,0.109,0.005,0.017,0.011,0.0,1,0.0,7.345,-8.01,0.35,0.00,0.00,0.000.00
7.37898,328.887,73.125,0,0.000,0.019,0.109,0.002,0.019,0.007,0.0,1,0.0,7.357,-8.01,0.35,0.00,0.00,0.000.00
7.38904,328.975,73.213,0,0.000,0.018,0.109,0.003,0.018,0.005,0.0,1,0.0,7.357,-8.01,0.35,0.00,0.00,0.000.00
7.39926,328.799,73.037,0,0.000,0.019,0.110,0.001,0.019,0.005,179.0,1,179.0,7.374,-8.01,0.35,0.00,0.00,0.000.00
7.41867,328.975,73.213,0,0.000,0.016,0.110,0.004,0.016,0.005,179.0,1,179.0,7.398,-8.01,0.35,0.00,0.00,0.000.00
7.42890,328.887,73.125,0,0.000,0.017,0.110,0.004,0.017,0.001,179.0,1,179.0,7.410,-8.01,0.35,0.00,0.00,0.000.00
7.43897,328.887,73.125,0,0.000,0.017,0.110,0.003,0.017,0.002,179.0,1,179.0,7.420,-8.01,0.35,0.00,0.00,0.000.00
7.44918,328.975,73.213,0,0.000,0.013,0.110,0.003,0.013,0.003,179.0,1,179.0,7.420,-8.01,0.35,0.00,0.00,0.000.00
7.46868,328.887,73.125,0,0.000,0.010,0.111,0.004,0.010,0.004,179.0,1,179.0,7.446,-8.01,0.35,0.00,0.00,0.000.00
7.47873,328.887,73.125,0,0.000,0.010,0.111,0.003,0.010,0.005,179.0,1,179.0,7.461,-8.01,0.35,0.00,0.00,0.000.00
7.48896,328.887,73.125,0,0.000,0.013,0.111,0.006,0.013,0.004,179.0,1,179.0,7.461,-8.01,0.35,0.00,0.00,0.000.00
7.49901,328.887,73.125,0,0.000,0.012,0.111,0.004,0.012,0.008,179.0,1,179.0,7.471,-8.01,0.35,0.00,0.00,0.000.00
7.51860,328.887,73.125,0,0.000,0.016,0.111,0.001,0.016,0.008,179.0,1,179.0,7.495,-8.01,0.35,0.00,0.00,0.000.00
7.52866,328.975,73.213,0,0.000,0.017,0.111,0.000,0.017,0.010,179.0,1,179.0,7.507,-8.01,0.35,0.00,0.00,0.000.00
7.53888,328.887,73.125,0,0.000,0.016,0.112,0.000,0.016,0.010,179.0,1,179.0,7.507,-8.01,0.35,0.00,0.00,0.000.00
7.54893,328.975,73.213,0,0.000,0.014,0.112,0.001,0.014,0.007,179.0,1,179.0,7.520,-8.01,0.35,0.00,0.00,0.000.00
7.56852,328.887,73.125,0,0.000,0.015,0.112,0.007,0.015,0.008,179.0,1,179.0,7.540,-8.01,0.35,0.00,0.00,0.000.00
7.57858,328.887,73.125,0,0.000,0.013,0.112,0.005,0.013,0.010,179.0,1,179.0,7.550,-8.01,0.35,0.00,0.00,0.000.00
7.58907,328.975,73.213,0,0.000,0.011,0.112,0.005,0.011,0.006,179.0,1,179.0,7.565,-8.01,0.35,0.00,0.00,0.000.00
7.60866,328.799,73.037,0,0.000,0.012,0.112,0.005,0.012,0.002,179.0,1,179.0,7.585,-8.01,0.35,0.00,0.00,0.000.00
7.61889,328.887,73.125,0,0.000,0.007,0.113,0.004,0.007,0.006,179.0,1,179.0,7.585,-8.01,0.35,0.00,0.00,0.000.00
7.63831,328.887,73.125,0,0.000,0.010,0.113,0.005,0.010,0.004,0.0,1,0.0,7.610,-8.01,0.35,0.00,0.00,0.000.00
7.64853,328.887,73.125,0,0.000,0.011,0.113,0.005,0.011,0.006,0.0,1,0.0,7.625,-8.01,0.35,0.00,0.00,0.000.00
7.65859,328.887,73.125,0,0.000,0.011,0.113,0.004,0.011,0.004,0.0,1,0.0,7.638,-8.01,0.35,0.00,0.00,0.000.00
7.66881,328.887,73.125,0,0.000,0.015,0.113,0.008,0.015,0.009,0.0,1,0.0,7.650,-8.01,0.35,0.00,0.00,0.000.00
7.68823,328.975,73.213,0,0.000,0.016,0.113,0.007,0.016,0.007,0.0,1,0.0,7.664,-8.01,0.35,0.00,0.00,0.000.00
7.69845,328.887,73.125,0,0.000,0.017,0.114,0.006,0.017,0.007,0.0,1,0.0,7.677,-8.01,0.35,0.00,0.00,0.000.00
7.70851,328.887,73.125,0,0.000,0.017,0.114,0.006,0.017,0.013,0.0,1,0.0,7.687,-8.01,0.35,0.00,0.00,0.000.00
7.71866,328.975,73.213,0,0.000,0.018,0.114,0.006,0.018,0.008,0.0,1,0.0,7.697,-8.01,0.35,0.00,0.00,0.000.00
7.73823,328.887,73.125,0,0.000,0.017,0.114,0.005,0.017,0.008,0.0,1,0.0,7.711,-8.01,0.35,0.00,0.00,0.000.00
7.74829,328.887,73.125,0,0.000,0.019,0.114,0.004,0.019,0.010,0.0,1,0.0,7.711,-8.01,0.35,0.00,0.00,0.000.00
7.75851,328.975,73.213,0,0.000,0.017,0.115,0.005,0.017,0.009,0.0,1,0.0,7.736,-8.01,0.35,0.00,0.00,0.000.00
7.76857,327.568,71.807,0,0.000,0.019,0.115,0.004,0.019,0.003,589.0,1,589.0,7.747,-8.01,0.35,0.00,0.00,0.000.00
7.78815,317.461,61.699,0,0.000,0.379,0.123,0.032,0.379,0.013,589.0,1,589.0,7.760,-8.01,0.35,0.00,0.00,0.000.00
7.79821,312.187,56.426,0,0.000,0.402,0.128,0.001,0.402,0.022,589.0,1,589.0,7.772,-8.01,0.35,0.00,0.00,0.000.00
7.80845,307.354,51.592,0,0.000,0.310,0.131,0.044,0.310,0.032,589.0,1,589.0,7.789,-8.01,0.35,0.00,0.00,0.000.00
7.81850,302.520,46.758,0,0.000,0.196,0.133,-0.018,0.196,0.028,589.0,1,589.0,7.798,-8.01,0.35,0.00,0.00,0.000.00
7.83807,293.555,37.793,0,0.000,0.090,0.136,-0.013,0.090,-0.003,589.0,1,589.0,7.810,-8.01,0.35,0.00,0.00,0.000.00
7.84836,291.094,35.332,0,0.000,0.131,0.137,0.040,0.131,-0.001,668.0,-1,-668.0,7.824,-8.31,0.25,-0.30,-0.10,-21.92-7.69
7.86798,300.674,44.912,0,0.000,-0.918,0.113,0.044,-0.918,-0.081,668.0,-1,-668.0,7.850,-7.03,0.14,-0.18,-0.11,-13.89-8.77
7.87821,305.508,49.746,0,0.000,-0.708,0.106,-0.001,-0.708,-0.068,668.0,-1,-668.0,7.850,-7.03,0.14,-0.18,-0.11,-13.89-8.77
7.88826,310.430,54.668,0,0.000,-0.511,0.101,-0.018,-0.511,-0.045,668.0,-1,-668.0,7.860,-6.05,0.33,0.98,0.19,71.7113.93
7.90785,320.098,64.336,0,0.000,-0.360,0.095,-0.074,-0.360,0.024,668.0,-1,-668.0,7.888,-4.86,0.33,0.82,0.00,48.870.00
7.91790,325.283,69.521,0,0.000,-0.137,0.093,0.053,-0.137,0.000,668.0,-1,-668.0,7.898,-4.56,0.33,0.31,0.00,32.950.00
7.92813,330.293,74.531,0,0.000,-0.276,0.091,-0.051,-0.276,0.000,668.0,-1,-668.0,7.898,-4.56,0.33,0.31,0.00,32.950.00
7.93818,335.830,80.068,0,0.000,-0.002,0.091,0.049,-0.002,0.004,668.0,-1,-668.0,7.909,-5.73,0.33,-1.17,0.00,-105.160.00
7.95777,345.850,90.088,0,0.000,0.145,0.091,0.049,0.145,0.012,668.0,-1,-668.0,7.935,-6.40,0.28,-0.73,0.29,-50.3120.16
7.96782,351.035,95.273,0,0.000,0.077,0.092,0.041,0.077,0.008,668.0,-1,-668.0,7.945,-6.50,0.37,-0.09,0.09,-9.288.42
7.97796,356.221,100.459,0,0.000,0.032,0.092,0.023,0.032,-0.001,668.0,-1,-668.0,7.957,-7.73,0.25,-1.23,-0.12,-104.08-9.98
7.98819,1.318,105.557,0,0.000,-0.138,0.091,-0.003,-0.138,0.007,668.0,-1,-668.0,7.969,-7.91,0.30,-0.19,0.05,-14.734.12
7.99824,8.789,113.027,0,0.000,-0.009,0.091,-0.009,-0.009,0.013,995.0,-1,-995.0,7.969,-7.91,0.30,-0.19,0.05,-14.734.12
8.01783,27.070,131.309,0,0.000,-0.225,0.083,-0.065,-0.225,-0.007,995.0,-1,-995.0,7.992,-8.98,0.36,-0.35,0.06,-29.305.07
8.02788,36.123,140.361,0,0.000,-0.307,0.080,0.052,-0.307,-0.001,995.0,-1,-995.0,7.992,-8.98,0.36,-0.35,0.06,-29.305.07
8.03811,44.561,148.799,0,0.000,0.005,0.080,0.074,0.005,0.001,995.0,-1,-995.0,8.014,-9.66,0.27,-0.67,-0.10,-33.59-4.86
8.04816,52.822,157.061,0,0.000,-0.092,0.079,0.091,-0.092,-0.007,995.0,-1,-995.0,8.025,-9.97,0.40,-0.31,0.13,-27.8111.59
8.06776,67.676,171.914,0,0.000,0.005,0.078,0.032,0.005,-0.013,995.0,-1,-995.0,8.048,-10.78,0.33,-0.07,0.00,-5.370.00
8.07780,75.498,179.736,0,0.000,0.035,0.078,-0.024,0.035,0.013,995.0,-1,-995.0,8.048,-10.78,0.33,-0.07,0.00,-5.370.00
8.08803,83.320,187.559,0,0.000,0.088,0.079,0.066,0.088,0.012,995.0,-1,-995.0,8.060,-12.80,0.28,-2.02,-0.05,-169.27-4.24
8.09831,90.879,195.117,0,0.000,0.045,0.080,-0.041,0.045,0.020,995.0,-1,-995.0,8.073,-13.04,0.42,-0.25,0.15,-19.2911.60
8.11794,107.578,211.816,0,0.000,0.062,0.081,-0.019,0.062,0.016,995.0,-1,-995.0,8.095,-15.33,0.46,-0.65,0.16,-70.3717.30
8.13752,124.980,229.219,0,0.000,-0.008,0.082,-0.031,-0.008,0.008,995.0,-1,-995.0,8.108,-16.63,0.32,-1.31,-0.14,-136.82-14.38
8.14758,134.736,238.975,0,0.000,0.084,0.083,0.010,0.084,-0.009,995.0,-1,-995.0,8.124,-17.74,0.32,-1.10,0.00,-74.740.00
8.15780,144.580,248.818,0,0.000,0.039,0.083,0.002,0.039,-0.022,995.0,-1,-995.0,8.137,-18.73,0.45,-1.00,0.13,-75.339.52
8.16786,155.215,259.453,0,0.000,0.013,0.083,0.024,0.013,-0.007,995.0,-1,-995.0,8.149,-19.87,0.45,-1.13,0.00,-97.910.00
8.18744,175.518,279.756,0,0.000,-0.038,0.083,0.038,-0.038,-0.015,995.0,-1,-995.0,8.159,-20.75,0.39,-0.88,-0.05,-73.02-4.44
8.19750,185.889,290.127,0,0.000,0.043,0.083,0.019,0.043,0.023,995.0,-1,-995.0,8.172,-21.97,0.39,-1.23,0.00,-120.340.00
8.20772,195.820,300.059,0,0.000,0.013,0.083,0.041,0.013,0.008,995.0,-1,-995.0,8.183,-22.91,0.39,-0.94,0.00,-75.360.00
8.21778,205.576,309.814,0,0.000,-0.034,0.083,0.010,-0.034,0.011,995.0,-1,-995.0,8.191,-24.08,0.39,-1.18,0.00,-123.890.00
8.22921,215.420,319.658,0,0.000,-0.004,0.083,-0.014,-0.004,0.030,995.0,-1,-995.0,8.204,-25.13,0.39,-1.04,0.00,-86.000.00
8.24729,231.328,335.566,0,0.000,0.058,0.084,-0.027,0.058,-0.007,995.0,-1,-995.0,8.226,-27.40,0.47,-1.32,0.08,-114.896.99
8.25734,239.766,344.004,0,0.000,0.037,0.084,-0.014,0.037,0.019,995.0,-1,-995.0,8.236,-28.47,0.47,-1.08,0.00,-106.460.00
8.26757,247.852,352.090,0,0.000,0.162,0.086,-0.008,0.162,0.026,919.0,1,919.0,8.247,-29.58,0.47,-1.11,0.00,-104.270.00
8.27762,243.633,347.871,0,0.000,1.535,0.102,-0.078,1.535,-0.016,919.0,1,919.0,8.257,-30.76,0.43,-1.18,-0.05,-129.30-5.27
8.29721,235.635,339.873,0,0.000,0.898,0.123,-0.027,0.898,0.000,919.0,1,919.0,8.266,-31.73,0.43,-0.97,0.00,-72.800.00
8.30726,231.240,335.479,0,0.000,0.775,0.131,-0.042,0.775,0.004,919.0,1,919.0,8.283,-32.73,0.43,-1.00,0.00,-74.020.00
8.31750,227.021,331.260,0,0.000,0.451,0.135,0.059,0.451,0.027,919.0,1,919.0,8.296,-33.84,0.33,-1.10,-0.09,-80.69-6.77
8.32754,222.627,326.865,0,0.000,0.442,0.140,0.011,0.442,-0.005,919.0,1,919.0,8.296,-33.84,0.33,-1.10,-0.09,-80.69-6.77
8.34713,214.014,318.252,0,0.000,0.233,0.146,-0.006,0.233,0.039,919.0,1,919.0,8.320,-33.31,0.27,1.95,-0.06,154.18-4.63
8.35718,209.531,313.770,0,0.000,0.190,0.147,0.026,0.190,0.008,919.0,1,919.0,8.335,-33.59,0.04,-0.28,-0.23,-23.91-19.58
8.36741,204.785,309.023,0,0.000,0.042,0.148,-0.036,0.042,0.021,919.0,1,919.0,8.347,-32.51,0.36,1.08,0.32,87.8626.05
8.37746,199.951,304.189,0,0.000,0.055,0.148,0.028,0.055,0.024,919.0,1,919.0,8.359,-32.11,-0.13,0.40,-0.49,34.19-41.86
8.39705,190.459,294.697,0,0.000,0.025,0.149,0.007,0.025,0.000,919.0,1,919.0,8.370,-31.49,0.01,0.62,0.14,52.3111.91
8.40710,185.273,289.512,0,0.000,-0.102,0.148,-0.017,-0.102,0.010,919.0,1,919.0,8.385,-30.89,-0.05,0.60,-0.06,41.73-4.42
8.41733,180.176,284.414,0,0.000,-0.014,0.148,0.031,-0.014,-0.007,919.0,1,919.0,8.396,-30.35,-0.05,0.53,0.00,49.110.00
8.42739,174.902,279.141,0,0.000,-0.082,0.147,0.008,-0.082,0.009,919.0,1,919.0,8.408,-29.83,0.05,0.52,0.10,42.338.26
8.44697,164.971,269.209,0,0.000,-0.001,0.148,-0.002,-0.001,0.006,919.0,1,919.0,8.420,-29.40,0.05,0.44,0.00,35.320.00
8.45702,159.609,263.848,0,0.000,0.124,0.149,0.036,0.124,-0.003,919.0,1,919.0,8.431,-28.74,0.05,0.65,0.00,64.460.00
8.46725,154.248,258.486,0,0.000,-0.015,0.149,0.009,-0.015,0.017,919.0,1,919.0,8.443,-28.29,0.05,0.45,0.00,42.560.00
8.50602,133.945,238.184,0,0.000,0.093,0.153,0.009,0.093,-0.002,919.0,1,919.0,8.453,-27.81,0.05,0.48,0.00,43.150.00
8.51684,129.287,233.525,0,0.000,0.025,0.153,0.007,0.025,0.007,919.0,1,919.0,8.488,-25.55,-0.01,0.63,0.00,61.890.00
8.52706,124.717,228.955,0,0.000,-0.144,0.151,-0.025,-0.144,0.009,919.0,1,919.0,8.488,-25.55,-0.01,0.63,0.00,61.890.00
8.53711,119.971,224.209,0,0.000,-0.066,0.151,0.008,-0.066,-0.003,919.0,1,919.0,8.517,-25.05,-0.01,0.50,0.00,44.580.00
8.55669,115.576,219.814,0,0.000,-0.702,0.143,0.042,-0.702,0.010,142.0,1,142.0,8.535,-24.00,-0.08,0.37,-0.08,29.14-5.84
8.56675,115.576,219.814,0,0.000,-0.522,0.138,0.092,-0.522,0.014,142.0,1,142.0,8.549,-23.20,-0.08,0.80,0.00,57.660.00
8.57697,115.488,219.727,0,0.000,-0.272,0.135,0.010,-0.272,0.015,142.0,1,142.0,8.549,-23.20,-0.08,0.80,0.00,57.660.00
8.58703,115.576,219.814,0,0.000,-0.291,0.132,0.040,-0.291,0.025,142.0,1,142.0,8.569,-22.92,-0.08,0.29,0.00,14.220.00
8.60662,115.576,219.814,0,0.000,-0.142,0.130,0.007,-0.142,0.007,142.0,1,142.0,8.579,-22.20,-0.08,0.71,0.00,68.050.00
8.61667,115.576,219.814,0,0.000,-0.042,0.129,-0.008,-0.042,0.007,142.0,1,142.0,8.594,-22.33,-0.08,-0.12,0.00,-8.120.00
8.62681,115.488,219.727,0,0.000,-0.082,0.128,0.007,-0.082,-0.007,142.0,1,142.0,8.604,-21.85,-0.19,0.48,-0.11,47.09-10.62
8.63704,115.488,219.727,0,0.000,-0.014,0.128,-0.005,-0.014,0.004,142.0,1,142.0,8.615,-22.37,-0.11,-0.52,0.09,-46.707.64
8.64710,115.576,219.814,0,0.000,-0.031,0.128,0.000,-0.031,-0.001,142.0,1,142.0,8.629,-21.98,0.02,0.39,0.13,32.4510.66
8.66668,115.576,219.814,0,0.000,0.000,0.128,0.000,0.000,0.004,142.0,1,142.0,8.641,-22.31,-0.11,-0.32,-0.13,-24.88-9.78
8.67673,115.576,219.814,0,0.000,0.004,0.128,-0.001,0.004,-0.001,142.0,1,142.0,8.651,-22.13,-0.05,0.18,0.06,18.456.09
8.68696,115.488,219.727,0,0.000,0.019,0.128,0.007,0.019,-0.001,142.0,1,142.0,8.666,-22.19,-0.05,-0.06,0.00,-3.940.00
8.70637,115.488,219.727,0,0.000,0.023,0.128,0.012,0.023,-0.003,142.0,1,142.0,8.677,-22.19,-0.10,0.00,-0.05,0.00-4.21
8.71659,115.576,219.814,0,0.000,0.010,0.128,-0.016,0.010,0.000,142.0,1,142.0,8.692,-22.19,-0.10,0.00,0.00,0.000.00
8.72665,115.488,219.727,0,0.000,0.026,0.129,0.009,0.026,-0.002,142.0,1,142.0,8.702,-22.19,-0.10,0.00,0.00,0.000.00
8.73689,115.488,219.727,0,0.000,0.012,0.129,-0.013,0.012,0.000,142.0,1,142.0,8.719,-22.12,-0.10,0.06,0.00,5.020.00
8.74706,115.576,219.814,0,0.000,0.029,0.129,0.008,0.029,0.001,142.0,1,142.0,8.719,-22.12,-0.10,0.06,0.00,5.020.00
8.76671,115.488,219.727,0,0.000,0.028,0.130,0.008,0.028,0.000,142.0,1,142.0,8.741,-22.12,-0.10,0.00,0.00,0.000.00
8.77677,115.576,219.814,0,0.000,0.017,0.130,-0.008,0.017,0.005,142.0,1,142.0,8.755,-22.12,-0.10,0.00,0.00,0.000.00
8.79636,115.488,219.727,0,0.000,0.017,0.130,-0.003,0.017,0.003,142.0,1,142.0,8.763,-22.12,-0.10,0.00,0.00,0.000.00
8.80641,115.488,219.727,0,0.000,0.028,0.130,0.014,0.028,0.002,142.0,1,142.0,8.778,-22.12,-0.10,0.00,0.00,0.000.00
8.81664,115.488,219.727,0,0.000,0.021,0.131,-0.004,0.021,0.003,142.0,1,142.0,8.790,-22.12,-0.10,0.00,0.00,0.000.00
8.82669,115.576,219.814,0,0.000,0.029,0.131,0.008,0.029,-0.001,142.0,1,142.0,8.802,-22.12,-0.10,0.00,0.00,0.000.00
8.84629,115.576,219.814,0,0.000,0.025,0.131,0.009,0.025,-0.001,0.0,1,0.0,8.824,-22.12,-0.10,0.00,0.00,0.000.00
8.85633,115.576,219.814,0,0.000,0.023,0.132,-0.002,0.023,0.001,0.0,1,0.0,8.824,-22.12,-0.10,0.00,0.00,0.000.00
8.86655,115.488,219.727,0,0.000,0.022,0.132,0.006,0.022,-0.001,0.0,1,0.0,8.840,-22.12,-0.10,0.00,0.00,0.000.00
8.87656,115.576,219.814,0,0.000,0.019,0.132,-0.001,0.019,-0.002,0.0,1,0.0,8.853,-22.12,-0.10,0.00,0.00,0.000.00
8.89585,115.488,219.727,0,0.000,0.018,0.132,0.001,0.018,-0.002,0.0,1,0.0,8.879,-22.12,-0.10,0.00,0.00,0.000.00
8.90608,115.576,219.814,0,0.000,0.020,0.133,0.011,0.020,-0.004,0.0,1,0.0,8.887,-22.12,-0.10,0.00,0.00,0.000.00
8.91612,115.488,219.727,0,0.000,0.019,0.133,0.005,0.019,0.000,0.0,1,0.0,8.887,-22.12,-0.10,0.00,0.00,0.000.00
8.92635,115.488,219.727,0,0.000,0.022,0.133,0.014,0.022,0.002,0.0,1,0.0,8.903,-22.12,-0.10,0.00,0.00,0.000.00
8.93640,115.576,219.814,0,0.000,0.022,0.133,0.004,0.022,0.003,0.0,1,0.0,8.912,-22.12,-0.10,0.00,0.00,0.000.00
8.95600,115.576,219.814,0,0.000,0.022,0.134,0.004,0.022,0.004,0.0,1,0.0,8.935,-22.12,-0.10,0.00,0.00,0.000.00
8.96604,115.488,219.727,0,0.000,0.021,0.134,0.008,0.021,0.003,0.0,1,0.0,8.935,-22.12,-0.10,0.00,0.00,0.000.00
8.97627,115.488,219.727,0,0.000,0.017,0.134,0.004,0.017,0.004,0.0,1,0.0,8.948,-22.12,-0.10,0.00,0.00,0.000.00
8.98632,115.488,219.727,0,0.000,0.018,0.134,0.005,0.018,0.002,160.0,1,160.0,8.960,-22.12,-0.10,0.00,0.00,0.000.00
9.00582,115.488,219.727,0,0.000,0.019,0.135,0.005,0.019,0.002,160.0,1,160.0,8.985,-22.12,-0.10,0.00,0.00,0.000.00
9.01605,115.576,219.814,0,0.000,0.018,0.135,0.001,0.018,0.007,160.0,1,160.0,8.998,-22.12,-0.10,0.00,0.00,0.000.00
9.02610,115.400,219.639,0,0.000,0.019,0.135,0.006,0.019,0.009,160.0,1,160.0,8.998,-22.12,-0.10,0.00,0.00,0.000.00
9.03633,115.488,219.727,0,0.000,0.020,0.135,0.002,0.020,0.012,160.0,1,160.0,9.009,-22.12,-0.10,0.00,0.00,0.000.00
9.05574,115.488,219.727,0,0.000,0.022,0.136,-0.001,0.022,0.004,160.0,1,160.0,9.032,-22.12,-0.10,0.00,0.00,0.000.00
9.06598,115.488,219.727,0,0.000,0.023,0.136,0.002,0.023,0.002,160.0,1,160.0,9.046,-22.12,-0.10,0.00,0.00,0.000.00
9.07602,115.488,219.727,0,0.000,0.020,0.136,0.004,0.020,0.005,160.0,1,160.0,9.057,-22.12,-0.10,0.00,0.00,0.000.00
9.08625,115.488,219.727,0,0.000,0.023,0.136,0.002,0.023,0.002,160.0,1,160.0,9.057,-22.12,-0.10,0.00,0.00,0.000.00
9.10566,115.488,219.727,0,0.000,0.022,0.137,0.000,0.022,0.007,160.0,1,160.0,9.083,-22.12,-0.10,0.00,0.00,0.000.00
9.11589,115.488,219.727,0,0.000,0.021,0.137,-0.002,0.021,0.007,160.0,1,160.0,9.083,-22.12,-0.10,0.00,0.00,0.000.00
9.12618,115.576,219.814,0,0.000,0.020,0.137,0.000,0.020,0.005,160.0,1,160.0,9.100,-22.12,-0.10,0.00,0.00,0.000.00
9.14598,115.488,219.727,0,0.000,0.021,0.138,0.002,0.021,0.008,160.0,1,160.0,9.120,-22.12,-0.10,0.00,0.00,0.000.00
9.16556,115.488,219.727,0,0.000,0.019,0.138,0.000,0.019,0.007,160.0,1,160.0,9.145,-22.12,-0.10,0.00,0.00,0.000.00
9.17562,115.576,219.814,0,0.000,0.020,0.138,-0.002,0.020,0.009,160.0,1,160.0,9.156,-22.12,-0.10,0.00,0.00,0.000.00
9.18586,115.488,219.727,0,0.000,0.017,0.138,0.001,0.017,0.006,160.0,1,160.0,9.168,-22.12,-0.10,0.00,0.00,0.000.00
9.19590,115.488,219.727,0,0.000,0.016,0.139,0.000,0.016,0.005,242.0,1,242.0,9.168,-22.12,-0.10,0.00,0.00,0.000.00
9.21548,115.488,219.727,0,0.000,0.017,0.139,0.000,0.017,0.001,242.0,1,242.0,9.193,-22.12,-0.10,0.00,0.00,0.000.00
9.22554,115.488,219.727,0,0.000,0.015,0.139,0.001,0.015,0.005,242.0,1,242.0,9.205,-22.12,-0.10,0.00,0.00,0.000.00
9.23578,115.576,219.814,0,0.000,0.013,0.139,0.000,0.013,0.006,242.0,1,242.0,9.218,-22.12,-0.10,0.00,0.00,0.000.00
9.24582,115.488,219.727,0,0.000,0.015,0.139,0.000,0.015,0.008,242.0,1,242.0,9.218,-22.12,-0.10,0.00,0.00,0.000.00
9.25596,115.488,219.727,0,0.000,0.016,0.139,0.002,0.016,0.010,242.0,1,242.0,9.230,-22.12,-0.10,0.00,0.00,0.000.00
9.27554,115.576,219.814,0,0.000,0.016,0.140,0.010,0.016,0.011,242.0,1,242.0,9.241,-22.12,-0.10,0.00,0.00,0.000.00
9.28560,115.576,219.814,0,0.000,0.015,0.140,0.010,0.015,0.013,242.0,1,242.0,9.265,-22.12,-0.10,0.00,0.00,0.000.00
9.29582,115.576,219.814,0,0.000,0.014,0.140,0.007,0.014,0.010,242.0,1,242.0,9.273,-22.12,-0.10,0.00,0.00,0.000.00
9.30588,115.488,219.727,0,0.000,0.020,0.140,0.006,0.020,0.010,242.0,1,242.0,9.285,-22.12,-0.10,0.00,0.00,0.000.00
9.32546,115.488,219.727,0,0.000,0.024,0.141,0.003,0.024,0.013,242.0,1,242.0,9.298,-22.12,-0.10,0.00,0.00,0.000.00
9.33552,115.488,219.727,0,0.000,0.023,0.141,0.001,0.023,0.013,242.0,1,242.0,9.312,-22.12,-0.10,0.00,0.00,0.000.00
9.34574,115.488,219.727,0,0.000,0.025,0.141,0.002,0.025,0.016,242.0,1,242.0,9.323,-22.12,-0.10,0.00,0.00,0.000.00
9.35580,115.488,219.727,0,0.000,0.025,0.141,0.005,0.025,0.011,242.0,1,242.0,9.323,-22.12,-0.10,0.00,0.00,0.000.00
9.37538,115.576,219.814,0,0.000,0.022,0.142,0.004,0.022,0.005,242.0,1,242.0,9.356,-22.12,-0.10,0.00,0.00,0.000.00
9.38570,115.576,219.814,0,0.000,0.024,0.142,0.003,0.024,0.003,242.0,1,242.0,9.368,-22.12,-0.10,0.00,0.00,0.000.00
9.40549,115.576,219.814,0,0.000,0.020,0.143,0.007,0.020,0.009,312.0,-1,-312.0,9.378,-22.12,-0.10,0.00,0.00,0.000.00
9.42508,115.576,219.814,0,0.000,0.020,0.143,0.007,0.020,0.008,312.0,-1,-312.0,9.404,-22.12,-0.10,0.00,0.00,0.000.00
9.43513,115.576,219.814,0,0.000,0.020,0.143,0.005,0.020,0.008,312.0,-1,-312.0,9.414,-22.12,-0.10,0.00,0.00,0.000.00
9.44536,115.488,219.727,0,0.000,0.020,0.143,0.003,0.020,0.010,312.0,-1,-312.0,9.425,-22.12,-0.10,0.00,0.00,0.000.00
9.45541,115.488,219.727,0,0.000,0.019,0.144,0.002,0.019,0.010,312.0,-1,-312.0,9.436,-22.12,-0.10,0.00,0.00,0.000.00
9.47500,108.545,212.783,0,0.000,0.603,0.152,0.057,0.603,0.007,773.0,1,773.0,9.448,-22.12,-0.10,0.00,0.00,0.000.00
9.48505,104.326,208.564,0,0.000,0.332,0.156,0.067,0.332,0.002,773.0,1,773.0,9.461,-22.12,-0.10,0.00,0.00,0.000.00
9.49528,100.107,204.346,0,0.000,0.376,0.160,0.037,0.376,-0.001,773.0,1,773.0,9.472,-22.12,-0.10,0.00,0.00,0.000.00
9.50533,95.889,200.127,0,0.000,0.230,0.162,-0.013,0.230,0.007,773.0,1,773.0,9.486,-22.12,-0.10,0.00,0.00,0.000.00
9.51547,91.758,195.996,0,0.000,0.187,0.164,0.062,0.187,0.026,773.0,1,773.0,9.486,-22.12,-0.10,0.00,0.00,0.000.00
9.53506,84.375,188.613,0,0.000,0.080,0.167,0.012,0.080,0.012,634.0,1,634.0,9.510,-20.82,-0.31,0.73,0.08,57.796.13
9.54511,80.244,184.482,0,0.000,0.073,0.167,0.017,0.073,-0.005,634.0,1,634.0,9.522,-20.48,-0.58,0.34,-0.27,31.83-25.40
9.55535,76.553,180.791,0,0.000,0.050,0.168,0.007,0.050,0.013,634.0,1,634.0,9.536,-20.05,-0.43,0.42,0.15,28.529.99
9.56539,72.510,176.748,0,0.000,0.020,0.168,0.005,0.020,0.015,634.0,1,634.0,9.536,-20.05,-0.43,0.42,0.15,28.529.99
9.58498,65.039,169.277,0,0.000,-0.025,0.168,0.000,-0.025,-0.002,634.0,1,634.0,9.558,-18.98,-0.52,0.46,-0.09,47.61-9.55
9.59503,61.260,165.498,0,0.000,-0.108,0.167,-0.031,-0.108,0.013,634.0,1,634.0,9.574,-18.36,-0.52,0.63,0.00,50.890.00
9.60526,57.217,161.455,0,0.000,-0.078,0.166,0.001,-0.078,0.012,634.0,1,634.0,9.583,-17.86,-0.44,0.50,0.08,43.726.79
9.61531,53.525,157.764,0,0.000,-0.071,0.165,-0.010,-0.071,0.021,634.0,1,634.0,9.583,-17.86,-0.44,0.50,0.08,43.726.79
9.63490,45.703,149.941,0,0.000,-0.025,0.165,-0.030,-0.025,0.015,634.0,1,634.0,9.614,-16.84,-0.51,0.40,-0.06,23.92-3.64
9.64521,41.396,145.635,0,0.000,0.005,0.165,-0.069,0.005,0.002,634.0,1,634.0,9.624,-16.28,-0.46,0.56,0.05,61.825.33
9.66502,32.783,137.021,0,0.000,0.029,0.164,-0.010,0.029,-0.010,634.0,1,634.0,9.634,-15.82,-0.53,0.45,-0.07,40.67-6.45
9.67524,28.564,132.803,0,0.000,-0.075,0.163,0.035,-0.075,-0.004,634.0,1,634.0,9.650,-15.17,-0.53,0.65,0.00,50.790.00
9.69465,19.424,123.662,0,0.000,0.053,0.164,0.017,0.053,-0.004,634.0,1,634.0,9.674,-14.02,-0.53,0.70,0.00,50.620.00
9.70488,14.590,118.828,0,0.000,-0.002,0.164,0.003,-0.002,-0.009,634.0,1,634.0,9.684,-13.57,-0.69,0.45,-0.16,39.75-14.44
9.71494,9.668,113.906,0,0.000,-0.092,0.163,-0.013,-0.092,-0.008,634.0,1,634.0,9.684,-13.57,-0.69,0.45,-0.16,39.75-14.44
9.72516,4.746,108.984,0,0.000,-0.053,0.163,-0.031,-0.053,0.000,634.0,1,634.0,9.703,-13.16,-0.51,0.41,0.19,22.8410.35
9.74457,356.309,100.547,0,0.000,0.001,0.163,-0.065,0.001,-0.001,0.0,1,0.0,9.723,-11.98,-0.51,0.54,0.00,52.200.00
9.75480,356.484,100.723,0,0.000,-0.561,0.157,-0.093,-0.561,-0.011,0.0,1,0.0,9.723,-11.98,-0.51,0.54,0.00,52.200.00
9.76485,356.572,100.811,0,0.000,-0.308,0.154,-0.074,-0.308,-0.021,0.0,1,0.0,9.745,-11.27,-0.51,0.70,0.00,35.030.00
9.77500,356.484,100.723,0,0.000,-0.232,0.152,0.023,-0.232,-0.037,0.0,1,0.0,9.745,-11.27,-0.51,0.70,0.00,35.030.00
9.79458,356.572,100.811,0,0.000,-0.175,0.148,0.068,-0.175,-0.006,0.0,1,0.0,9.768,-10.19,-0.44,0.66,0.00,46.220.00
9.80464,356.484,100.723,0,0.000,-0.196,0.146,-0.051,-0.196,0.021,0.0,1,0.0,9.786,-9.52,-0.56,0.67,-0.12,41.73-7.41
9.81486,356.572,100.811,0,0.000,-0.127,0.144,0.031,-0.127,0.001,0.0,1,0.0,9.796,-10.13,-0.50,-0.61,0.06,-60.495.90
9.82492,356.572,100.811,0,0.000,-0.069,0.144,-0.003,-0.069,-0.004,0.0,1,0.0,9.796,-10.13,-0.50,-0.61,0.06,-60.495.90
9.84450,356.484,100.723,0,0.000,0.006,0.143,0.013,0.006,0.005,0.0,1,0.0,9.818,-9.92,-0.50,-0.56,0.00,-52.460.00
9.85455,356.484,100.723,0,0.000,-0.010,0.143,0.000,-0.010,0.009,0.0,1,0.0,9.832,-9.63,-0.40,0.29,0.10,23.187.88
9.86479,356.572,100.811,0,0.000,0.022,0.143,0.011,0.022,0.013,0.0,1,0.0,9.845,-9.93,-0.40,-0.30,0.00,-23.630.00
9.87484,356.572,100.811,0,0.000,0.040,0.144,0.021,0.040,0.005,0.0,1,0.0,9.845,-9.93,-0.40,-0.30,0.00,-23.630.00
9.89442,356.484,100.723,0,0.000,0.037,0.144,0.000,0.037,0.007,0.0,1,0.0,9.866,-9.92,-0.39,-0.21,0.07,-18.066.20
9.90475,356.572,100.811,0,0.000,0.014,0.144,0.017,0.014,0.002,0.0,1,0.0,9.880,-9.72,-0.39,0.20,0.00,16.270.00
9.92455,356.484,100.723,0,0.000,0.013,0.145,0.001,0.013,0.003,0.0,1,0.0,9.908,-9.78,-0.39,0.10,0.00,8.250.00
9.93477,356.572,100.811,0,0.000,-0.002,0.145,0.000,-0.002,0.004,0.0,1,0.0,9.908,-9.78,-0.39,0.10,0.00,8.250.00
9.95419,356.484,100.723,0,0.000,0.006,0.145,0.006,0.006,0.001,0.0,1,0.0,9.929,-9.70,-0.40,0.13,0.05,13.315.10
9.96441,356.484,100.723,0,0.000,0.016,0.145,0.004,0.016,0.006,0.0,1,0.0,9.942,-9.70,-0.40,0.00,0.00,0.000.00
9.97447,356.484,100.723,0,0.000,0.023,0.145,0.011,0.023,0.004,0.0,1,0.0,9.953,-9.70,-0.40,0.00,0.00,0.000.00
9.99405,356.484,100.723,0,0.000,0.035,0.146,0.007,0.035,0.008,0.0,1,0.0,9.962,-9.75,-0.40,-0.05,0.00,-4.170.00
10.00463,356.484,100.723,0,0.000,0.035,0.146,0.005,0.035,0.010,0.0,1,0.0,9.978,-9.75,-0.40,0.00,0.00,0.000.00
10.02456,356.572,100.811,0,0.000,0.031,0.147,0.001,0.031,0.010,0.0,1,0.0,9.991,-9.75,-0.40,0.00,0.00,0.000.00
10.04449,356.484,100.723,0,0.000,0.017,0.147,-0.001,0.017,0.010,0.0,1,0.0,10.019,-9.75,-0.40,0.00,0.00,0.000.00
10.05586,356.484,100.723,0,0.000,0.011,0.147,0.002,0.011,0.003,0.0,1,0.0,10.034,-9.75,-0.40,0.00,0.00,0.000.00
10.07371,356.572,100.811,0,0.000,0.007,0.147,0.003,0.007,0.005,318.0,-1,-318.0,10.053,-9.75,-0.40,0.00,0.00,0.000.00
10.08411,356.572,100.811,0,0.000,0.010,0.147,0.005,0.010,0.004,318.0,-1,-318.0,10.053,-9.75,-0.40,0.00,0.00,0.000.00
10.10404,356.484,100.723,0,0.000,0.028,0.148,0.006,0.028,-0.001,318.0,-1,-318.0,10.079,-9.75,-0.40,0.00,0.00,0.000.00
10.11444,356.484,100.723,0,0.000,0.034,0.148,0.008,0.034,-0.001,318.0,-1,-318.0,10.093,-9.75,-0.40,0.00,0.00,0.000.00
10.13437,356.484,100.723,0,0.000,0.038,0.149,0.002,0.038,0.004,318.0,-1,-318.0,10.111,-9.75,-0.40,0.00,0.00,0.000.00
10.15431,356.484,100.723,0,0.000,0.032,0.150,-0.002,0.032,0.007,318.0,-1,-318.0,10.136,-9.75,-0.40,0.00,0.00,0.000.00
10.17424,356.484,100.723,0,0.000,0.019,0.150,0.000,0.019,0.007,318.0,-1,-318.0,10.146,-9.75,-0.40,0.00,0.00,0.000.00
10.19417,356.572,100.811,0,0.000,0.012,0.150,0.005,0.012,0.001,318.0,-1,-318.0,10.173,-9.75,-0.40,0.00,0.00,0.000.00
10.21411,356.396,100.635,0,0.000,0.017,0.151,0.010,0.017,-0.004,318.0,-1,-318.0,10.191,-9.75,-0.40,0.00,0.00,0.000.00
10.23413,356.484,100.723,0,0.000,0.025,0.151,0.011,0.025,-0.005,318.0,-1,-318.0,10.212,-9.75,-0.40,0.00,0.00,0.000.00
10.25406,356.484,100.723,0,0.000,0.032,0.152,0.007,0.032,-0.001,318.0,-1,-318.0,10.221,-9.75,-0.40,0.00,0.00,0.000.00
10.27401,356.572,100.811,0,0.000,0.025,0.152,0.004,0.025,0.002,318.0,-1,-318.0,10.255,-9.75,-0.40,0.00,0.00,0.000.00
10.29393,356.572,100.811,0,0.000,0.019,0.153,0.003,0.019,0.003,318.0,-1,-318.0,10.266,-9.75,-0.40,0.00,0.00,0.000.00
10.31386,356.484,100.723,0,0.000,0.011,0.153,0.002,0.011,0.007,286.0,1,286.0,10.290,-9.75,-0.40,0.00,0.00,0.000.00
10.33379,356.660,100.898,0,0.000,0.008,0.153,0.004,0.008,0.002,286.0,1,286.0,10.314,-9.75,-0.40,0.00,0.00,0.000.00
10.35373,356.484,100.723,0,0.000,0.018,0.153,0.004,0.018,0.002,286.0,1,286.0,10.330,-9.75,-0.40,0.00,0.00,0.000.00
10.37366,356.484,100.723,0,0.000,0.030,0.154,0.000,0.030,0.008,286.0,1,286.0,10.354,-9.75,-0.40,0.00,0.00,0.000.00
10.39360,356.572,100.811,0,0.000,0.031,0.155,-0.004,0.031,0.007,286.0,1,286.0,10.364,-9.75,-0.40,0.00,0.00,0.000.00
10.41353,356.484,100.723,0,0.000,0.025,0.155,-0.004,0.025,0.005,286.0,1,286.0,10.389,-9.75,-0.40,0.00,0.00,0.000.00
10.42393,356.484,100.723,0,0.000,0.020,0.155,-0.002,0.020,0.007,286.0,1,286.0,10.401,-9.75,-0.40,0.00,0.00,0.000.00
10.44362,0.967,105.205,0,0.000,-0.816,0.147,-0.095,-0.816,0.000,955.0,-1,-955.0,10.429,-9.75,-0.40,0.00,0.00,0.000.00
10.46354,10.811,115.049,0,0.000,-0.370,0.138,0.007,-0.370,0.007,955.0,-1,-955.0,10.434,-9.75,-0.40,0.00,0.00,0.000.00
10.48347,20.479,124.717,0,0.000,-0.277,0.132,-0.019,-0.277,0.002,955.0,-1,-955.0,10.459,-9.75,-0.40,0.00,0.00,0.000.00
10.50340,29.707,133.945,0,0.000,-0.166,0.130,-0.017,-0.166,0.001,955.0,-1,-955.0,10.479,-9.70,-0.40,0.05,0.00,4.200.00
10.52334,38.408,142.646,0,0.000,-0.072,0.129,-0.051,-0.072,0.010,955.0,-1,-955.0,10.494,-10.57,-0.48,-0.87,-0.08,-67.81-6.13
10.54327,44.912,149.150,0,0.000,-0.016,0.129,-0.084,-0.016,0.010,0.0,1,0.0,10.519,-11.34,-0.39,-0.31,-0.06,-28.87-5.40
10.55367,44.736,148.975,0,0.000,0.548,0.135,0.086,0.548,-0.016,0.0,1,0.0,10.530,-11.95,-0.39,-0.61,0.00,-58.640.00
10.57360,44.824,149.062,0,0.000,0.357,0.142,0.034,0.357,0.004,0.0,1,0.0,10.551,-13.01,-0.44,-0.59,-0.06,-54.58-5.30
10.59354,44.912,149.150,0,0.000,0.232,0.146,0.013,0.232,-0.001,0.0,1,0.0,10.572,-14.31,-0.53,-0.65,0.00,-58.190.00
10.61347,44.824,149.062,0,0.000,0.118,0.149,0.002,0.118,0.013,0.0,1,0.0,10.584,-13.67,-0.64,0.63,-0.12,57.75-10.70
10.63340,44.824,149.062,0,0.000,0.038,0.150,-0.014,0.038,0.006,0.0,1,0.0,10.611,-14.02,-0.45,0.14,0.20,12.8917.52
10.65334,44.912,149.150,0,0.000,0.010,0.151,-0.028,0.010,0.008,0.0,1,0.0,10.624,-14.07,-0.45,-0.05,0.00,-4.180.00
10.67327,44.912,149.150,0,0.000,0.010,0.152,-0.026,0.010,0.011,0.0,1,0.0,10.646,-13.98,-0.32,0.09,0.22,7.3818.37
10.68342,44.912,149.150,0,0.000,0.045,0.152,0.033,0.045,0.000,0.0,1,0.0,10.659,-14.13,-0.27,-0.14,0.05,-12.904.76
10.70335,44.912,149.150,0,0.000,0.060,0.153,0.023,0.060,0.007,0.0,1,0.0,10.684,-14.03,-0.27,0.09,0.00,4.540.00
10.72328,44.824,149.062,0,0.000,0.043,0.154,0.018,0.043,0.003,0.0,1,0.0,10.704,-14.09,-0.21,0.00,0.00,0.000.00
10.74322,44.912,149.150,0,0.000,0.022,0.154,0.013,0.022,0.002,0.0,1,0.0,10.713,-14.09,-0.21,0.00,0.00,0.000.00
10.76315,44.824,149.062,0,0.000,0.004,0.155,0.010,0.004,0.006,0.0,1,0.0,10.742,-14.09,-0.21,0.00,0.00,0.000.00
10.78308,44.912,149.150,0,0.000,0.002,0.155,0.011,0.002,0.008,0.0,1,0.0,10.762,-14.09,-0.21,0.00,0.00,0.000.00
10.79314,44.824,149.062,0,0.000,0.008,0.155,-0.002,0.008,0.008,0.0,1,0.0,10.769,-14.09,-0.21,0.00,0.00,0.000.00
10.80323,44.824,149.062,0,0.000,0.013,0.155,0.010,0.013,0.006,0.0,1,0.0,10.782,-14.09,-0.21,0.00,0.00,0.000.00
10.82317,44.824,149.062,0,0.000,0.026,0.155,0.011,0.026,0.008,0.0,1,0.0,10.798,-14.09,-0.21,0.00,0.00,0.000.00
10.84310,44.912,149.150,0,0.000,0.033,0.156,0.008,0.033,0.011,0.0,1,0.0,10.818,-14.09,-0.21,0.00,0.00,0.000.00
10.86304,44.912,149.150,0,0.000,0.023,0.156,0.007,0.023,0.007,0.0,1,0.0,10.845,-14.09,-0.21,0.00,0.00,0.000.00
10.88297,44.912,149.150,0,0.000,0.008,0.157,0.007,0.008,0.001,0.0,1,0.0,10.853,-14.09,-0.21,0.00,0.00,0.000.00
10.90292,44.824,149.062,0,0.000,0.003,0.157,0.007,0.003,0.001,0.0,1,0.0,10.882,-14.09,-0.21,0.00,0.00,0.000.00
10.92283,44.912,149.150,0,0.000,0.011,0.157,0.007,0.011,0.002,0.0,1,0.0,10.894,-14.09,-0.21,0.00,0.00,0.000.00
10.94277,44.824,149.062,0,0.000,0.025,0.157,0.007,0.025,0.001,0.0,1,0.0,10.922,-14.09,-0.21,0.00,0.00,0.000.00
10.96270,44.824,149.062,0,0.000,0.032,0.158,0.005,0.032,0.004,0.0,1,0.0,10.931,-14.09,-0.21,0.00,0.00,0.000.00
10.98263,44.824,149.062,0,0.000,0.033,0.159,0.001,0.033,0.000,0.0,1,0.0,10.955,-14.09,-0.21,0.00,0.00,0.000.00
11.00257,44.824,149.062,0,0.000,0.017,0.159,0.000,0.017,0.004,0.0,1,0.0,10.984,-14.09,-0.21,0.00,0.00,0.000.00
11.02250,44.824,149.062,0,0.000,0.007,0.159,0.004,0.007,0.000,0.0,1,0.0,11.003,-14.09,-0.21,0.00,0.00,0.000.00
11.04243,44.912,149.150,0,0.000,0.009,0.159,0.008,0.009,0.005,0.0,1,0.0,11.013,-14.09,-0.21,0.00,0.00,0.000.00
11.06237,44.912,149.150,0,0.000,0.019,0.160,0.013,0.019,0.000,0.0,1,0.0,11.036,-14.09,-0.21,0.00,0.00,0.000.00
11.08230,44.824,149.062,0,0.000,0.029,0.160,0.008,0.029,0.001,0.0,1,0.0,11.060,-14.09,-0.21,0.00,0.00,0.000.00
11.09270,44.824,149.062,0,0.000,0.031,0.161,0.006,0.031,0.004,0.0,1,0.0,11.074,-14.09,-0.21,0.00,0.00,0.000.00
11.11263,44.824,149.062,0,0.000,0.025,0.161,0.008,0.025,0.008,0.0,1,0.0,11.088,-14.09,-0.21,0.00,0.00,0.000.00
11.13257,44.912,149.150,0,0.000,0.011,0.161,0.004,0.011,0.007,0.0,1,0.0,11.110,-14.09,-0.21,0.00,0.00,0.000.00
11.15250,44.912,149.150,0,0.000,0.007,0.162,0.007,0.007,0.004,0.0,1,0.0,11.124,-14.09,-0.21,0.00,0.00,0.000.00
11.16254,44.824,149.062,0,0.000,0.007,0.162,0.008,0.007,0.007,0.0,1,0.0,11.124,-14.09,-0.21,0.00,0.00,0.000.00
11.18218,44.824,149.062,0,0.000,0.015,0.162,0.005,0.015,0.007,486.0,-1,-486.0,11.156,-14.09,-0.21,0.00,0.00,0.000.00
11.20212,44.824,149.062,0,0.000,0.023,0.162,0.008,0.023,0.005,486.0,-1,-486.0,11.184,-14.09,-0.21,0.00,0.00,0.000.00
11.22205,44.824,149.062,0,0.000,0.027,0.163,0.009,0.027,0.004,486.0,-1,-486.0,11.195,-14.09,-0.21,0.00,0.00,0.000.00
11.23245,44.912,149.150,0,0.000,0.026,0.163,0.009,0.026,0.004,486.0,-1,-486.0,11.207,-14.09,-0.21,0.00,0.00,0.000.00
11.25238,44.912,149.150,0,0.000,0.019,0.164,0.008,0.019,0.003,486.0,-1,-486.0,11.227,-14.09,-0.21,0.00,0.00,0.000.00
11.27232,44.824,149.062,0,0.000,0.012,0.164,0.011,0.012,0.002,486.0,-1,-486.0,11.250,-14.09,-0.21,0.00,0.00,0.000.00
11.29225,44.824,149.062,0,0.000,0.011,0.164,0.009,0.011,0.000,486.0,-1,-486.0,11.261,-14.09,-0.21,0.00,0.00,0.000.00
11.31218,44.912,149.150,0,0.000,0.020,0.164,0.006,0.020,0.001,486.0,-1,-486.0,11.290,-14.09,-0.21,0.00,0.00,0.000.00
11.33213,44.824,149.062,0,0.000,0.025,0.165,0.006,0.025,0.001,486.0,-1,-486.0,11.313,-14.09,-0.21,0.00,0.00,0.000.00
11.34219,44.824,149.062,0,0.000,0.026,0.165,0.007,0.026,0.001,486.0,-1,-486.0,11.313,-14.09,-0.21,0.00,0.00,0.000.00
11.36189,44.912,149.150,0,0.000,0.029,0.166,0.005,0.029,0.003,486.0,-1,-486.0,11.336,-14.09,-0.21,0.00,0.00,0.000.00
11.38182,44.912,149.150,0,0.000,0.019,0.166,0.005,0.019,0.005,0.0,1,0.0,11.359,-14.09,-0.21,0.00,0.00,0.000.00
11.40176,44.824,149.062,0,0.000,0.011,0.166,0.006,0.011,0.008,0.0,1,0.0,11.371,-14.09,-0.21,0.00,0.00,0.000.00
11.42169,44.824,149.062,0,0.000,0.009,0.167,0.008,0.009,0.010,0.0,1,0.0,11.397,-14.09,-0.21,0.00,0.00,0.000.00
11.43209,44.824,149.062,0,0.000,0.011,0.167,0.008,0.011,0.009,0.0,1,0.0,11.410,-14.09,-0.21,0.00,0.00,0.000.00
11.45202,44.912,149.150,0,0.000,0.017,0.167,0.005,0.017,0.004,0.0,1,0.0,11.425,-14.09,-0.21,0.00,0.00,0.000.00
11.47195,44.912,149.150,0,0.000,0.023,0.167,0.004,0.023,0.002,0.0,1,0.0,11.447,-14.09,-0.21,0.00,0.00,0.000.00
11.49190,44.824,149.062,0,0.000,0.023,0.168,0.002,0.023,0.002,0.0,1,0.0,11.472,-14.09,-0.21,0.00,0.00,0.000.00
11.51182,44.912,149.150,0,0.000,0.018,0.168,0.004,0.018,0.005,0.0,1,0.0,11.486,-14.09,-0.21,0.00,0.00,0.000.00
11.53184,44.912,149.150,0,0.000,0.019,0.169,0.007,0.019,0.005,0.0,1,0.0,11.509,-14.09,-0.21,0.00,0.00,0.000.00
11.55177,44.912,149.150,0,0.000,0.017,0.169,0.006,0.017,0.002,0.0,1,0.0,11.526,-14.09,-0.21,0.00,0.00,0.000.00
11.57171,43.066,147.305,0,0.000,0.021,0.169,0.005,0.021,0.003,592.0,1,592.0,11.548,-14.09,-0.21,0.00,0.00,0.000.00
11.59164,34.541,138.779,0,0.000,0.385,0.178,0.104,0.385,0.010,592.0,1,592.0,11.572,-14.09,-0.21,0.00,0.00,0.000.00
11.61158,25.576,129.814,0,0.000,0.366,0.185,0.074,0.366,-0.016,592.0,1,592.0,11.582,-14.09,-0.21,0.00,0.00,0.000.00
11.63151,16.260,120.498,0,0.000,0.139,0.188,0.048,0.139,0.002,592.0,1,592.0,11.604,-13.46,-0.32,0.74,-0.11,59.87-8.94
11.65144,6.680,110.918,0,0.000,0.111,0.190,-0.002,0.111,0.001,592.0,1,592.0,11.631,-12.32,0.00,0.81,0.19,74.1717.52
11.67137,356.484,100.723,0,0.000,0.051,0.191,-0.018,0.051,-0.003,592.0,1,592.0,11.643,-11.92,-0.07,0.40,-0.07,30.15-5.43
11.69131,346.289,90.527,0,0.000,0.053,0.192,-0.012,0.053,-0.012,592.0,1,592.0,11.667,-10.75,-0.00,0.47,-0.05,38.75-3.90
11.71124,340.049,84.287,0,0.000,-0.871,0.182,-0.094,-0.871,0.001,0.0,1,0.0,11.685,-10.13,-0.00,0.63,0.00,37.700.00
11.72157,340.137,84.375,0,0.000,-0.817,0.175,-0.098,-0.817,-0.001,0.0,1,0.0,11.693,-9.57,-0.00,0.55,0.00,53.880.00
11.74099,340.049,84.287,0,0.000,-0.320,0.167,0.004,-0.320,0.017,0.0,1,0.0,11.704,-9.05,-0.00,0.52,0.00,44.090.00
11.75138,339.961,84.199,0,0.000,-0.171,0.165,-0.031,-0.171,0.001,0.0,1,0.0,11.728,-8.61,-0.00,0.44,0.00,22.150.00
11.77132,340.049,84.287,0,0.000,-0.125,0.162,-0.050,-0.125,0.011,0.0,1,0.0,11.750,-8.66,0.05,-0.42,-0.05,-28.18-3.65
11.79125,340.049,84.287,0,0.000,-0.050,0.161,-0.007,-0.050,0.002,0.0,1,0.0,11.772,-8.48,0.25,-0.40,0.00,-32.550.00
11.81118,339.961,84.199,0,0.000,-0.025,0.160,0.025,-0.025,0.000,716.0,1,716.0,11.782,-8.18,0.40,0.30,0.14,27.8613.32
11.83112,330.117,74.355,0,0.000,0.735,0.176,0.080,0.735,0.005,716.0,1,716.0,11.808,-8.24,0.24,0.26,0.00,21.060.00
11.85106,320.098,64.336,0,0.000,0.228,0.182,0.063,0.228,-0.006,716.0,1,716.0,11.829,-8.34,0.24,0.18,0.00,15.970.00
11.87099,310.166,54.404,0,0.000,0.189,0.186,0.066,0.189,0.016,716.0,1,716.0,11.844,-8.83,0.09,-0.49,-0.15,-39.21-11.89
11.89092,300.762,45.000,0,0.000,0.142,0.190,-0.024,0.142,0.015,716.0,1,716.0,11.866,-7.45,0.36,0.00,0.17,0.0015.10
11.91094,291.709,35.947,0,0.000,0.020,0.190,-0.028,0.020,0.007,716.0,1,716.0,11.878,-6.37,0.42,1.08,0.06,82.194.72
11.93087,283.008,27.246,0,0.000,-0.060,0.190,0.002,-0.060,0.007,716.0,1,716.0,11.905,-5.45,0.42,0.59,0.00,50.880.00
11.95081,274.570,18.809,0,0.000,0.023,0.191,0.022,0.023,0.009,716.0,1,716.0,11.921,-4.98,0.58,0.47,0.16,29.299.54
11.97074,266.396,10.635,0,0.000,-0.113,0.190,-0.038,-0.113,0.010,716.0,1,716.0,11.945,-3.85,0.60,0.53,0.17,45.6114.59
11.98114,262.354,6.592,0,0.000,0.041,0.190,0.027,0.041,0.000,716.0,1,716.0,11.961,-3.35,0.43,0.50,-0.17,34.28-11.41
12.00107,254.355,-1.406,0,0.000,0.064,0.191,0.027,0.064,0.000,716.0,1,716.0,11.971,-2.77,0.59,0.58,0.16,51.6214.49
12.02101,246.445,-9.316,0,0.000,0.110,0.193,0.032,0.110,-0.001,716.0,1,716.0,11.993,-2.44,0.47,0.33,-0.12,15.25-5.46
12.04094,238.271,-17.490,0,0.000,0.037,0.193,0.008,0.037,0.000,716.0,1,716.0,12.016,-1.18,0.39,0.54,-0.16,45.74-13.26
12.06087,230.186,-25.576,0,0.000,-0.068,0.192,-0.034,-0.068,0.016,716.0,1,716.0,12.029,-0.50,0.63,0.68,0.24,52.5818.47
12.08080,221.572,-34.189,0,0.000,0.010,0.193,0.008,0.010,0.002,716.0,1,716.0,12.057,0.55,0.54,0.55,0.05,43.974.00
12.09090,217.529,-38.232,0,0.000,-0.113,0.191,0.013,-0.113,0.008,716.0,1,716.0,12.068,0.96,0.54,0.41,0.00,33.080.00
12.11059,208.389,-47.373,0,0.000,-0.095,0.191,-0.041,-0.095,0.006,716.0,1,716.0,12.095,2.25,0.56,0.65,0.07,58.356.02
12.13052,199.072,-56.689,0,0.000,-0.022,0.193,-0.060,-0.022,0.000,716.0,1,716.0,12.109,2.63,0.56,0.39,0.00,22.910.00
12.15045,205.225,-50.537,0,0.000,-1.047,0.177,-0.146,-1.047,0.042,588.0,-1,-588.0,12.118,3.38,0.48,0.75,-0.08,77.47-7.75
12.17038,214.365,-41.396,0,0.000,-0.524,0.166,-0.078,-0.524,0.047,588.0,-1,-588.0,12.141,4.49,0.54,0.74,0.00,70.700.00
12.18078,218.848,-36.914,0,0.000,-0.356,0.162,-0.060,-0.356,0.047,588.0,-1,-588.0,12.158,4.97,0.45,0.48,-0.09,36.85-7.08
12.20073,227.549,-28.213,0,0.000,-0.330,0.158,-0.151,-0.330,0.045,588.0,-1,-588.0,12.179,5.45,0.63,0.10,0.09,8.607.79
12.22065,235.811,-19.951,0,0.000,-0.172,0.155,-0.142,-0.172,0.018,588.0,-1,-588.0,12.193,4.59,0.10,-0.86,-0.53,-66.37-40.42
12.24059,243.984,-11.777,0,0.000,-0.130,0.153,-0.075,-0.130,0.004,588.0,-1,-588.0,12.219,3.76,0.19,-1.45,-0.47,-111.56-36.29
12.26052,251.895,-3.867,0,0.000,0.069,0.153,0.035,0.069,0.019,588.0,-1,-588.0,12.233,3.41,0.05,-0.35,-0.14,-25.55-10.20
12.28054,259.980,4.219,0,0.000,0.074,0.155,0.050,0.074,0.012,588.0,-1,-588.0,12.253,2.51,0.28,-0.22,-0.05,-18.09-4.41
12.30047,267.891,12.129,0,0.000,-0.026,0.156,0.069,-0.026,0.000,588.0,-1,-588.0,12.275,1.62,0.28,-0.89,0.00,-53.970.00
12.32040,276.152,20.391,0,0.000,-0.046,0.155,0.035,-0.046,0.013,588.0,-1,-588.0,12.296,0.91,0.17,-0.38,-0.05,-34.99-4.50
12.34034,284.502,28.740,0,0.000,0.029,0.156,0.008,0.029,0.011,588.0,-1,-588.0,12.321,-0.04,0.17,-0.46,-0.09,-33.90-6.35
12.36027,293.291,37.529,0,0.000,0.001,0.156,-0.007,0.001,0.000,588.0,-1,-588.0,12.330,-0.27,0.33,-0.23,0.16,-23.9716.40
12.38020,302.344,46.582,0,0.000,0.042,0.157,0.005,0.042,0.016,588.0,-1,-588.0,12.356,-1.51,0.28,-0.46,-0.05,-33.46-3.56
12.40014,311.836,56.074,0,0.000,0.041,0.158,-0.001,0.041,0.010,588.0,-1,-588.0,12.371,-2.09,0.28,-0.57,0.00,-37.020.00
12.42007,321.855,66.094,0,0.000,0.056,0.159,0.017,0.056,0.007,588.0,-1,-588.0,12.394,-3.28,0.29,-0.70,-0.06,-68.04-5.50
12.44000,332.051,76.289,0,0.000,0.015,0.161,0.019,0.015,0.007,588.0,-1,-588.0,12.422,-4.44,0.29,-0.61,0.00,-37.900.00
12.45994,342.246,86.484,0,0.000,-0.077,0.159,-0.013,-0.077,0.008,588.0,-1,-588.0,12.430,-4.89,0.38,-0.45,0.09,-44.488.40
12.47016,347.080,91.318,0,0.000,0.053,0.159,0.048,0.053,0.011,588.0,-1,-588.0,12.445,-5.32,0.32,-0.43,-0.05,-28.21-3.50
12.48026,352.793,97.031,0,0.000,0.071,0.160,0.038,0.071,0.013,588.0,-1,-588.0,12.458,-5.85,0.32,-0.53,0.00,-48.250.00
12.50019,2.988,107.227,0,0.000,0.050,0.161,0.026,0.050,0.011,588.0,-1,-588.0,12.476,-6.31,0.32,-0.46,0.00,-30.820.00
12.52013,12.656,116.895,0,0.000,0.029,0.162,0.028,0.029,0.004,588.0,-1,-588.0,12.491,-6.76,0.40,-0.46,0.07,-27.864.30
12.54006,18.457,122.695,0,0.000,0.804,0.171,0.123,0.804,0.007,0.0,1,0.0,12.517,-7.95,0.33,-0.55,-0.06,-44.03-4.90
12.55999,18.545,122.783,0,0.000,0.350,0.182,0.038,0.350,0.014,0.0,1,0.0,12.533,-8.56,0.33,-0.61,0.00,-42.330.00
12.57993,18.457,122.695,0,0.000,0.190,0.187,0.047,0.190,0.012,0.0,1,0.0,12.559,-9.53,0.33,-0.54,0.00,-44.660.00
12.59986,18.457,122.695,0,0.000,0.120,0.191,0.032,0.120,0.004,0.0,1,0.0,12.581,-10.64,0.33,-0.51,0.00,-41.030.00
12.61979,18.545,122.783,0,0.000,0.069,0.192,0.019,0.069,0.003,0.0,1,0.0,12.596,-10.78,-0.02,-0.14,-0.36,-11.22-29.65
12.63973,18.545,122.783,0,0.000,0.042,0.194,0.007,0.042,0.004,0.0,1,0.0,12.620,-10.52,0.11,0.14,-0.07,9.50-4.99
12.65111,18.457,122.695,0,0.000,0.047,0.194,0.014,0.047,0.001,0.0,1,0.0,12.630,-10.67,0.11,-0.15,0.00,-15.340.00
12.66904,18.545,122.783,0,0.000,0.026,0.195,0.008,0.026,0.003,0.0,1,0.0,12.641,-10.44,0.40,0.22,0.28,17.9822.88
12.67944,18.457,122.695,0,0.000,0.020,0.195,0.010,0.020,0.004,0.0,1,0.0,12.647,-10.56,0.33,-0.12,-0.07,-11.89-7.21
12.68984,18.457,122.695,0,0.000,0.026,0.195,-0.001,0.026,0.010,0.0,1,0.0,12.663,-10.49,0.33,0.07,0.00,5.380.00
12.70977,18.457,122.695,0,0.000,0.019,0.195,-0.002,0.019,0.003,0.0,1,0.0,12.688,-10.49,0.39,0.00,0.00,0.000.00
12.72970,18.457,122.695,0,0.000,0.016,0.196,-0.003,0.016,0.005,0.0,1,0.0,12.700,-10.49,0.39,0.00,0.00,0.000.00
12.74964,18.457,122.695,0,0.000,0.005,0.196,-0.004,0.005,0.002,0.0,1,0.0,12.727,-10.49,0.39,0.00,0.00,0.000.00
12.76957,18.457,122.695,0,0.000,0.002,0.196,-0.004,0.002,0.004,0.0,1,0.0,12.749,-10.49,0.39,0.00,0.00,0.000.00
12.78950,18.457,122.695,0,0.000,0.005,0.196,-0.005,0.005,0.004,0.0,1,0.0,12.760,-10.49,0.39,0.00,0.00,0.000.00
12.80944,18.457,122.695,0,0.000,0.009,0.196,-0.001,0.009,0.006,0.0,1,0.0,12.789,-10.49,0.39,0.00,0.00,0.000.00
12.82928,11.777,116.016,0,0.000,0.552,0.202,0.060,0.552,0.012,688.0,1,688.0,12.801,-10.49,0.39,0.00,0.00,0.000.00
12.84922,1.846,106.084,0,0.000,0.393,0.210,0.096,0.393,0.031,688.0,1,688.0,12.826,-10.49,0.39,0.00,0.00,0.000.00
12.86915,351.650,95.889,0,0.000,0.157,0.215,0.004,0.157,0.000,688.0,1,688.0,12.839,-10.49,0.39,0.00,0.00,0.000.00
12.87955,346.113,90.352,0,0.000,0.211,0.217,0.019,0.211,-0.009,688.0,1,688.0,12.849,-10.49,0.39,0.00,0.00,0.000.00
12.89948,335.918,80.156,0,0.000,0.054,0.218,-0.006,0.054,0.011,688.0,1,688.0,12.871,-9.81,0.24,0.90,-0.07,72.77-5.81
12.91943,325.547,69.785,0,0.000,0.023,0.218,0.007,0.023,0.007,688.0,1,688.0,12.898,-8.74,0.73,0.94,0.30,73.9123.67
12.93935,315.527,59.766,0,0.000,0.023,0.218,0.028,0.023,-0.002,688.0,1,688.0,12.911,-8.50,0.60,0.24,-0.13,17.72-9.78
12.95930,305.859,50.098,0,0.000,-0.017,0.218,-0.013,-0.017,-0.002,688.0,1,688.0,12.940,-7.42,0.63,0.18,-0.12,14.94-10.32
12.97922,296.543,40.781,0,0.000,0.005,0.218,-0.002,0.005,-0.006,688.0,1,688.0,12.956,-6.54,0.63,0.88,0.00,59.040.00
12.99916,287.666,31.904,0,0.000,-0.025,0.218,-0.014,-0.025,0.000,688.0,1,688.0,12.977,-5.58,0.75,0.57,0.07,47.665.85
13.00957,283.535,27.773,0,0.000,-0.045,0.218,-0.042,-0.045,-0.002,688.0,1,688.0,12.977,-5.58,0.75,0.57,0.07,47.665.85
13.02921,274.922,19.160,0,0.000,0.009,0.217,0.005,0.009,0.004,966.0,1,966.0,13.007,-4.67,0.64,0.59,0.00,53.020.00
13.04914,266.660,10.898,0,0.000,-0.010,0.217,-0.020,-0.010,0.002,966.0,1,966.0,13.027,-3.64,0.71,0.56,0.07,44.665.61
13.06907,258.750,2.988,0,0.000,-0.077,0.215,0.007,-0.077,0.004,966.0,1,966.0,13.042,-3.12,0.71,0.51,0.00,38.810.00
13.08901,250.664,-5.098,0,0.000,0.120,0.217,0.063,0.120,-0.002,966.0,1,966.0,13.068,-2.10,0.70,0.34,0.08,24.665.82
13.10894,242.666,-13.096,0,0.000,0.069,0.219,0.017,0.069,-0.004,966.0,1,966.0,13.081,-1.48,0.70,0.62,0.00,51.190.00
13.12887,234.668,-21.094,0,0.000,-0.120,0.218,0.005,-0.120,-0.002,966.0,1,966.0,13.108,-0.31,0.82,0.80,0.22,58.3016.10
13.14881,226.318,-29.443,0,0.000,0.156,0.221,0.039,0.156,-0.001,966.0,1,966.0,13.128,0.75,0.80,0.59,0.08,50.446.92
13.16874,217.705,-38.057,0,0.000,0.001,0.221,0.006,0.001,0.002,966.0,1,966.0,13.144,1.08,0.70,0.34,-0.10,24.26-6.94
13.18867,211.641,-44.121,0,0.000,0.001,0.221,-0.023,0.001,0.007,949.0,-1,-949.0,13.164,2.33,0.70,0.61,0.00,51.440.00
13.20861,221.045,-34.717,0,0.000,-0.731,0.200,0.022,-0.731,-0.113,949.0,-1,-949.0,13.184,3.62,0.70,0.78,0.00,70.970.00
13.22854,229.482,-26.279,0,0.000,-0.532,0.189,-0.042,-0.532,-0.038,949.0,-1,-949.0,13.200,3.92,0.70,0.30,0.00,26.010.00
13.24847,237.744,-18.018,0,0.000,-0.429,0.182,-0.108,-0.429,0.006,949.0,-1,-949.0,13.220,5.03,0.58,0.48,-0.12,40.95-10.18
13.26841,245.918,-9.844,0,0.000,-0.084,0.180,-0.053,-0.084,-0.018,949.0,-1,-949.0,13.245,5.76,0.96,0.73,0.38,36.6319.11
13.27881,250.137,-5.625,0,0.000,0.083,0.180,0.059,0.083,-0.012,949.0,-1,-949.0,13.254,3.91,0.34,-1.84,-0.62,-182.24-61.11
13.29874,258.135,2.373,0,0.000,0.048,0.181,-0.009,0.048,-0.011,949.0,-1,-949.0,13.277,3.14,0.70,-1.38,-0.30,-134.79-29.72
13.31868,266.045,10.283,0,0.000,-0.003,0.181,-0.005,-0.003,-0.004,949.0,-1,-949.0,13.291,3.14,0.84,0.00,0.13,0.008.94
13.33861,274.482,18.721,0,0.000,0.116,0.182,0.028,0.116,0.004,949.0,-1,-949.0,13.315,1.93,0.78,-0.05,-0.05,-4.84-4.95
13.35854,282.656,26.895,0,0.000,0.063,0.184,0.001,0.063,-0.007,949.0,-1,-949.0,13.339,0.80,0.79,-0.21,0.15,-21.5815.44
13.37847,291.270,35.508,0,0.000,0.104,0.185,0.002,0.104,-0.006,949.0,-1,-949.0,13.349,0.16,0.71,-0.64,-0.08,-60.00-7.51
13.38884,295.576,39.814,0,0.000,-0.290,0.182,-0.038,-0.290,0.007,949.0,-1,-949.0,13.365,-0.42,0.82,-0.57,0.12,-38.467.67
13.40842,304.980,49.219,0,0.000,-0.078,0.181,0.034,-0.078,0.019,949.0,-1,-949.0,13.394,-1.61,0.69,-0.68,0.00,-41.280.00
13.42835,314.385,58.623,0,0.000,0.032,0.182,0.016,0.032,0.016,949.0,-1,-949.0,13.403,-1.94,0.69,-0.33,0.00,-32.180.00
13.44828,316.846,61.084,0,0.000,0.596,0.190,0.075,0.596,-0.003,391.0,1,391.0,13.425,-3.01,0.69,-0.26,0.06,-24.525.41
13.46822,316.934,61.172,0,0.000,0.358,0.197,0.090,0.358,0.004,391.0,1,391.0,13.436,-3.62,0.44,-0.62,-0.25,-54.35-22.23
13.48815,316.934,61.172,0,0.000,0.187,0.202,0.062,0.187,0.005,391.0,1,391.0,13.462,-5.06,0.47,-0.95,-0.16,-76.90-12.49
13.50808,317.021,61.260,0,0.000,0.081,0.204,0.018,0.081,0.012,391.0,1,391.0,13.483,-5.26,0.66,-0.21,0.19,-10.199.06
13.52802,316.846,61.084,0,0.000,0.047,0.206,-0.012,0.047,0.005,391.0,1,391.0,13.492,-6.16,0.50,-0.90,-0.16,-85.14-15.44
13.54795,316.934,61.172,0,0.000,0.040,0.206,-0.013,0.040,0.005,391.0,1,391.0,13.523,-5.86,0.34,-0.51,-0.05,-49.76-4.64
13.56788,316.846,61.084,0,0.000,0.023,0.206,-0.004,0.023,0.010,391.0,1,391.0,13.535,-5.30,0.47,0.55,0.13,44.0410.12
13.57828,316.846,61.084,0,0.000,0.028,0.207,0.005,0.028,0.006,391.0,1,391.0,13.556,-5.68,0.33,-0.38,-0.14,-20.45-7.44
13.59822,316.934,61.172,0,0.000,0.038,0.207,-0.008,0.038,0.010,391.0,1,391.0,13.580,-5.73,0.29,-0.27,-0.10,-19.59-7.24
13.61815,316.846,61.084,0,0.000,0.026,0.208,-0.001,0.026,0.007,391.0,1,391.0,13.596,-5.61,0.39,0.13,0.10,6.995.43
13.63808,316.934,61.172,0,0.000,0.011,0.208,0.004,0.011,0.008,391.0,1,391.0,13.615,-5.71,0.33,0.07,0.00,6.070.00
13.65802,316.846,61.084,0,0.000,0.001,0.208,0.002,0.001,0.003,391.0,1,391.0,13.637,-5.71,0.39,0.00,0.06,0.002.95
13.67795,316.934,61.172,0,0.000,0.008,0.208,0.003,0.008,0.002,391.0,1,391.0,13.659,-5.67,0.39,-0.05,0.00,-4.320.00
13.69788,316.846,61.084,0,0.000,0.019,0.208,0.005,0.019,0.001,391.0,1,391.0,13.669,-5.60,0.39,0.07,0.00,7.610.00
13.71782,316.846,61.084,0,0.000,0.025,0.209,0.007,0.025,0.003,391.0,1,391.0,13.696,-5.60,0.39,0.00,0.00,0.000.00
13.73776,329.766,74.004,0,0.000,-1.466,0.194,-0.060,-1.466,0.005,986.0,-1,-986.0,13.718,-5.60,0.39,0.00,0.00,0.000.00
13.75768,350.508,94.746,0,0.000,-0.581,0.181,0.026,-0.581,-0.050,986.0,-1,-986.0,13.731,-5.60,0.39,0.00,0.00,0.000.00
13.76805,0.527,104.766,0,0.000,-0.420,0.177,-0.012,-0.420,-0.012,986.0,-1,-986.0,13.749,-5.60,0.39,0.00,0.00,0.000.00
13.78775,20.391,124.629,0,0.000,-0.546,0.167,-0.078,-0.546,0.006,986.0,-1,-986.0,13.775,-5.60,0.39,0.00,0.00,0.000.00
13.80766,38.145,142.383,0,0.000,-0.065,0.164,-0.033,-0.065,-0.017,986.0,-1,-986.0,13.784,-5.35,0.39,0.25,0.00,16.910.00
13.82760,54.229,158.467,0,0.000,0.021,0.165,-0.060,0.021,-0.014,986.0,-1,-986.0,13.796,-7.71,0.29,-2.37,-0.10,-183.47-7.89
13.84753,69.521,173.760,0,0.000,0.197,0.167,-0.023,0.197,0.014,986.0,-1,-986.0,13.823,-9.56,0.21,-1.70,-0.21,-156.22-19.04
13.86747,84.990,189.229,0,0.000,0.168,0.170,-0.062,0.168,-0.026,986.0,-1,-986.0,13.849,-11.54,0.47,-1.32,-0.11,-128.07-10.90
13.88740,100.723,204.961,0,0.000,0.078,0.172,-0.051,0.078,0.005,986.0,-1,-986.0,13.860,-12.52,0.47,-0.98,0.00,-78.040.00
13.90733,118.037,222.275,0,0.000,-0.015,0.172,-0.034,-0.015,-0.011,986.0,-1,-986.0,13.884,-14.65,0.55,-0.93,0.07,-76.666.05
13.92727,136.934,241.172,0,0.000,-0.026,0.172,-0.032,-0.026,-0.012,986.0,-1,-986.0,13.907,-16.87,0.57,-1.05,0.09,-96.958.77
13.94720,157.061,261.299,0,0.000,0.035,0.172,-0.002,0.035,-0.004,986.0,-1,-986.0,13.920,-17.88,0.57,-1.01,0.00,-88.640.00
13.95754,167.080,271.318,0,0.000,-0.007,0.172,0.026,-0.007,0.001,986.0,-1,-986.0,13.934,-18.91,0.49,-1.03,-0.08,-73.79-5.85
13.97695,187.822,292.061,0,0.000,0.001,0.174,0.008,0.001,0.017,986.0,-1,-986.0,13.946,-19.85,0.58,-0.94,0.09,-79.457.44
13.98735,198.018,302.256,0,0.000,0.001,0.174,-0.051,0.001,0.030,986.0,-1,-986.0,13.963,-21.08,0.53,-1.23,-0.05,-75.26-3.18
14.00728,216.475,320.713,0,0.000,-0.008,0.174,-0.016,-0.008,0.023,986.0,-1,-986.0,13.984,-23.23,0.53,-1.12,0.00,-81.710.00
14.02722,233.525,337.764,0,0.000,-0.013,0.174,-0.025,-0.013,0.008,986.0,-1,-986.0,13.994,-24.31,0.53,-1.07,0.00,-113.500.00
14.04715,249.609,353.848,0,0.000,-0.019,0.173,-0.007,-0.019,0.009,986.0,-1,-986.0,14.024,-26.32,0.65,-0.95,0.12,-58.167.26
14.06708,265.605,369.844,0,0.000,-0.056,0.172,-0.064,-0.056,0.019,986.0,-1,-986.0,14.037,-27.63,0.55,-1.31,-0.09,-110.19-7.89
14.08702,282.129,386.367,0,0.000,0.082,0.172,-0.040,0.082,0.016,986.0,-1,-986.0,14.064,-29.66,0.55,-1.22,0.00,-83.090.00
14.10695,288.896,393.135,0,0.000,1.410,0.187,-0.013,1.410,-0.019,302.0,-1,-302.0,14.089,-31.65,0.44,-1.17,-0.12,-97.33-9.70
14.12689,288.809,393.047,0,0.000,0.819,0.204,-0.031,0.819,-0.001,302.0,-1,-302.0,14.099,-32.51,0.61,-0.86,0.17,-84.4416.39
14.14690,288.721,392.959,0,0.000,0.470,0.215,-0.038,0.470,0.012,302.0,-1,-302.0,14.122,-34.75,0.53,-0.82,0.00,-65.870.00
14.16684,288.809,393.047,0,0.000,0.272,0.221,-0.059,0.272,0.004,302.0,-1,-302.0,14.143,-37.13,0.53,-1.32,0.00,-134.770.00
14.18677,288.721,392.959,0,0.000,0.124,0.225,-0.065,0.124,-0.001,211.0,1,211.0,14.155,-38.19,0.38,-1.07,-0.15,-83.21-11.58
14.19717,288.896,393.135,0,0.000,0.070,0.225,0.057,0.070,-0.014,211.0,1,211.0,14.171,-37.93,0.82,0.26,0.44,19.7433.06
14.21710,288.809,393.047,0,0.000,0.005,0.225,0.051,0.005,-0.017,211.0,1,211.0,14.199,-38.20,0.66,-0.15,0.24,-12.2118.86
14.23704,288.809,393.047,0,0.000,0.007,0.226,0.031,0.007,-0.002,211.0,1,211.0,14.210,-37.97,0.66,0.22,0.00,20.260.00
14.25697,288.809,393.047,0,0.000,0.035,0.226,0.026,0.035,0.001,211.0,1,211.0,14.236,-38.10,0.66,0.00,0.00,0.000.00
14.27690,288.809,393.047,0,0.000,0.054,0.227,0.025,0.054,0.001,211.0,1,211.0,14.248,-38.10,0.66,0.00,0.00,0.000.00
14.29684,288.809,393.047,0,0.000,0.045,0.228,0.030,0.045,0.001,211.0,1,211.0,14.273,-38.10,0.66,0.00,0.00,0.000.00
14.31677,288.809,393.047,0,0.000,0.010,0.228,0.031,0.010,0.001,211.0,1,211.0,14.295,-38.10,0.66,0.00,0.00,0.000.00
14.32686,288.809,393.047,0,0.000,-0.014,0.228,-0.010,-0.014,0.001,211.0,1,211.0,14.308,-38.10,0.66,0.00,0.00,0.000.00
14.34655,288.896,393.135,0,0.000,-0.029,0.228,-0.002,-0.029,0.004,0.0,1,0.0,14.318,-38.10,0.66,0.00,0.00,0.000.00
14.36648,288.721,392.959,0,0.000,-0.016,0.227,-0.007,-0.016,0.007,0.0,1,0.0,14.343,-38.10,0.66,0.00,0.00,0.000.00
14.38642,288.721,392.959,0,0.000,0.013,0.227,-0.007,0.013,0.005,0.0,1,0.0,14.356,-38.10,0.66,0.00,0.00,0.000.00
14.39682,288.809,393.047,0,0.000,0.031,0.228,0.016,0.031,0.005,0.0,1,0.0,14.371,-38.10,0.66,0.00,0.00,0.000.00
14.41675,288.809,393.047,0,0.000,0.040,0.228,0.013,0.040,0.010,0.0,1,0.0,14.391,-38.10,0.66,0.00,0.00,0.000.00
14.43668,288.721,392.959,0,0.000,0.022,0.229,0.010,0.022,0.010,0.0,1,0.0,14.413,-38.10,0.66,0.00,0.00,0.000.00
14.45661,288.809,393.047,0,0.000,-0.004,0.229,0.010,-0.004,0.005,0.0,1,0.0,14.435,-38.10,0.66,0.00,0.00,0.000.00
14.47655,288.809,393.047,0,0.000,-0.017,0.229,0.009,-0.017,0.001,0.0,1,0.0,14.447,-38.10,0.66,0.00,0.00,0.000.00
14.49648,288.809,393.047,0,0.000,-0.006,0.228,0.013,-0.006,0.001,0.0,1,0.0,14.472,-38.10,0.66,0.00,0.00,0.000.00
14.51650,288.809,393.047,0,0.000,0.015,0.229,0.009,0.015,0.004,0.0,1,0.0,14.495,-38.10,0.66,0.00,0.00,0.000.00
14.53644,288.721,392.959,0,0.000,0.027,0.229,0.006,0.027,0.000,0.0,1,0.0,14.518,-38.10,0.66,0.00,0.00,0.000.00
14.55637,288.721,392.959,0,0.000,0.026,0.230,0.001,0.026,0.006,0.0,1,0.0,14.528,-38.10,0.66,0.00,0.00,0.000.00
14.57630,288.721,392.959,0,0.000,0.006,0.230,0.000,0.006,0.002,0.0,1,0.0,14.556,-38.10,0.66,0.00,0.00,0.000.00
14.59625,288.721,392.959,0,0.000,-0.010,0.230,0.003,-0.010,0.000,0.0,1,0.0,14.578,-38.10,0.66,0.00,0.00,0.000.00
14.61617,288.896,393.135,0,0.000,-0.010,0.229,0.005,-0.010,0.005,0.0,1,0.0,14.589,-38.10,0.66,0.00,0.00,0.000.00
14.63610,288.809,393.047,0,0.000,0.002,0.229,0.004,0.002,0.005,0.0,1,0.0,14.612,-38.10,0.66,0.00,0.00,0.000.00
14.65605,288.809,393.047,0,0.000,0.019,0.230,0.002,0.019,0.001,0.0,1,0.0,14.635,-38.10,0.66,0.00,0.00,0.000.00
14.67597,288.721,392.959,0,0.000,0.022,0.230,0.001,0.022,0.005,0.0,1,0.0,14.649,-38.10,0.66,0.00,0.00,0.000.00
14.69590,288.809,393.047,0,0.000,0.011,0.230,0.002,0.011,0.008,0.0,1,0.0,14.674,-38.10,0.66,0.00,0.00,0.000.00
14.70613,290.479,394.717,0,0.000,0.002,0.230,0.000,0.002,0.004,559.0,-1,-559.0,14.686,-38.10,0.66,0.00,0.00,0.000.00
14.71622,295.576,399.814,0,0.000,-0.642,0.224,-0.056,-0.642,0.002,559.0,-1,-559.0,14.697,-38.10,0.66,0.00,0.00,0.000.00
14.73616,304.629,408.867,0,0.000,-0.444,0.217,-0.020,-0.444,0.007,559.0,-1,-559.0,14.712,-38.10,0.66,0.00,0.00,0.000.00
14.75609,314.209,418.447,0,0.000,-0.321,0.213,0.035,-0.321,-0.017,559.0,-1,-559.0,14.733,-37.90,0.66,0.20,0.00,14.840.00
14.77603,324.229,428.467,0,0.000,-0.119,0.212,0.013,-0.119,-0.024,559.0,-1,-559.0,14.758,-38.89,0.75,-0.12,0.00,-10.290.00
14.79596,334.512,438.750,0,0.000,-0.043,0.211,0.002,-0.043,0.014,559.0,-1,-559.0,14.771,-39.83,0.70,-0.94,-0.05,-84.39-4.35
14.81589,344.883,449.121,0,0.000,-0.042,0.211,0.020,-0.042,0.011,559.0,-1,-559.0,14.793,-40.90,0.70,-0.63,0.00,-55.030.00
14.83582,354.990,459.229,0,0.000,0.077,0.213,0.025,0.077,-0.013,559.0,-1,-559.0,14.808,-41.51,0.59,-0.61,-0.11,-44.52-7.76
14.85576,5.098,469.336,0,0.000,0.031,0.215,0.030,0.031,-0.008,559.0,-1,-559.0,14.836,-42.53,0.60,-0.57,-0.10,-34.95-6.18
14.87569,14.941,479.180,0,0.000,-0.070,0.214,0.010,-0.070,-0.004,559.0,-1,-559.0,14.848,-42.97,0.60,-0.44,0.00,-47.740.00
14.89554,24.170,488.408,0,0.000,-0.014,0.215,0.010,-0.014,-0.017,559.0,-1,-559.0,14.874,-43.96,0.84,-0.39,0.10,-25.946.49
14.91547,33.135,497.373,0,0.000,0.007,0.216,0.023,0.007,-0.008,559.0,-1,-559.0,14.886,-44.48,0.79,-0.51,-0.05,-48.07-4.64
14.92587,37.617,501.855,0,0.000,0.046,0.216,0.023,0.046,0.004,559.0,-1,-559.0,14.897,-44.94,0.79,-0.47,0.00,-40.500.00
14.94580,45.879,510.117,0,0.000,0.053,0.216,0.007,0.053,0.021,559.0,-1,-559.0,14.919,-46.11,0.79,-0.55,0.00,-47.420.00
14.96574,53.789,518.027,0,0.000,0.039,0.218,0.025,0.039,0.018,559.0,-1,-559.0,14.944,-47.19,0.74,-0.44,-0.05,-37.52-4.57
14.98567,61.611,525.850,0,0.000,0.003,0.218,0.008,0.003,0.011,559.0,-1,-559.0,14.966,-48.36,0.69,-0.68,-0.05,-58.29-4.43
15.00561,69.346,533.584,0,0.000,0.014,0.218,0.017,0.014,0.011,559.0,-1,-559.0,14.975,-48.75,0.84,-0.39,0.16,-35.1513.88
15.02554,76.816,541.055,0,0.000,-0.008,0.219,-0.002,-0.008,0.014,0.0,1,0.0,15.003,-49.74,0.78,-0.32,0.00,-25.320.00
15.04547,77.432,541.670,0,0.000,0.662,0.233,0.039,0.662,-0.002,0.0,1,0.0,15.016,-50.22,0.78,-0.49,0.00,-35.030.00
15.06540,77.520,541.758,0,0.000,0.415,0.241,0.037,0.415,0.018,0.0,1,0.0,15.041,-51.20,0.78,-0.35,0.00,-30.950.00
15.07550,77.520,541.758,0,0.000,0.218,0.243,0.028,0.218,0.027,0.0,1,0.0,15.053,-51.98,0.67,-0.78,-0.11,-64.35-9.31
15.09519,77.520,541.758,0,0.000,0.135,0.247,-0.012,0.135,0.013,0.0,1,0.0,15.066,-51.65,0.57,0.33,-0.10,23.31-6.73
15.10559,77.520,541.758,0,0.000,0.139,0.249,0.025,0.139,0.010,0.0,1,0.0,15.080,-51.88,0.66,-0.23,0.09,-22.858.78
15.12552,77.607,541.846,0,0.000,0.044,0.250,0.018,0.044,-0.007,0.0,1,0.0,15.101,-51.96,0.66,-0.16,0.00,-14.700.00
15.14545,77.607,541.846,0,0.000,-0.003,0.250,0.026,-0.003,-0.005,0.0,1,0.0,15.124,-51.80,0.66,0.07,0.00,6.040.00
15.16538,77.520,541.758,0,0.000,-0.013,0.249,0.021,-0.013,-0.002,0.0,1,0.0,15.138,-51.80,0.66,0.00,0.00,0.000.00
15.18532,77.520,541.758,0,0.000,0.015,0.250,0.016,0.015,0.002,0.0,1,0.0,15.162,-51.80,0.66,0.00,0.00,0.000.00
15.20525,77.520,541.758,0,0.000,0.041,0.250,0.016,0.041,0.010,0.0,1,0.0,15.182,-51.80,0.66,0.00,0.00,0.000.00
15.22518,77.520,541.758,0,0.000,0.040,0.251,0.017,0.040,0.005,0.0,1,0.0,15.194,-51.80,0.66,0.00,0.00,0.000.00
15.24512,77.520,541.758,0,0.000,0.015,0.251,0.014,0.015,0.007,0.0,1,0.0,15.219,-51.80,0.66,0.00,0.00,0.000.00
15.25651,77.520,541.758,0,0.000,-0.006,0.251,-0.002,-0.006,0.004,0.0,1,0.0,15.229,-51.80,0.66,0.00,0.00,0.000.00
15.27444,77.520,541.758,0,0.000,-0.028,0.251,0.001,-0.028,0.000,0.0,1,0.0,15.251,-51.80,0.66,0.00,0.00,0.000.00
15.28484,77.607,541.846,0,0.000,-0.020,0.251,0.016,-0.020,-0.004,0.0,1,0.0,15.265,-51.80,0.66,0.00,0.00,0.000.00
15.30477,77.607,541.846,0,0.000,-0.008,0.250,0.011,-0.008,0.000,0.0,1,0.0,15.280,-51.80,0.66,0.00,0.00,0.000.00
15.31517,77.520,541.758,0,0.000,0.000,0.250,0.000,0.000,0.004,0.0,1,0.0,15.289,-51.80,0.66,0.00,0.00,0.000.00
15.33510,77.520,541.758,0,0.000,0.021,0.251,-0.004,0.021,0.005,0.0,1,0.0,15.304,-51.80,0.66,0.00,0.00,0.000.00
15.35504,77.520,541.758,0,0.000,0.025,0.251,-0.002,0.025,0.007,422.0,-1,-422.0,15.333,-51.80,0.66,0.00,0.00,0.000.00
15.37497,77.520,541.758,0,0.000,0.007,0.252,-0.004,0.007,-0.002,422.0,-1,-422.0,15.352,-51.80,0.66,0.00,0.00,0.000.00
15.39490,77.607,541.846,0,0.000,-0.009,0.252,-0.002,-0.009,-0.007,422.0,-1,-422.0,15.370,-51.80,0.66,0.00,0.00,0.000.00
15.41484,77.520,541.758,0,0.000,-0.018,0.251,0.002,-0.018,-0.007,422.0,-1,-422.0,15.394,-51.80,0.66,0.00,0.00,0.000.00
15.43468,77.520,541.758,0,0.000,-0.004,0.251,0.006,-0.004,0.001,422.0,-1,-422.0,15.406,-51.80,0.66,0.00,0.00,0.000.00
15.45462,77.520,541.758,0,0.000,0.020,0.251,0.000,0.020,0.000,422.0,-1,-422.0,15.428,-51.80,0.66,0.00,0.00,0.000.00
15.47455,77.520,541.758,0,0.000,0.028,0.252,-0.002,0.028,0.005,422.0,-1,-422.0,15.448,-51.80,0.66,0.00,0.00,0.000.00
15.49448,77.520,541.758,0,0.000,0.018,0.252,0.000,0.018,0.004,422.0,-1,-422.0,15.473,-51.80,0.66,0.00,0.00,0.000.00
15.51442,77.520,541.758,0,0.000,0.000,0.252,0.002,0.000,0.000,422.0,-1,-422.0,15.495,-51.80,0.66,0.00,0.00,0.000.00
15.53435,77.520,541.758,0,0.000,-0.010,0.252,0.005,-0.010,-0.004,0.0,1,0.0,15.512,-51.80,0.66,0.00,0.00,0.000.00
15.54475,77.520,541.758,0,0.000,-0.013,0.252,0.005,-0.013,-0.005,0.0,1,0.0,15.522,-51.80,0.66,0.00,0.00,0.000.00
15.56470,77.432,541.670,0,0.000,-0.001,0.252,0.007,-0.001,0.000,0.0,1,0.0,15.544,-51.80,0.66,0.00,0.00,0.000.00
15.58462,77.520,541.758,0,0.000,0.014,0.252,0.001,0.014,0.005,0.0,1,0.0,15.557,-51.80,0.66,0.00,0.00,0.000.00
15.60455,77.520,541.758,0,0.000,0.021,0.253,-0.002,0.021,0.006,0.0,1,0.0,15.573,-51.80,0.66,0.00,0.00,0.000.00
15.61497,77.607,541.846,0,0.000,0.018,0.253,-0.003,0.018,0.002,0.0,1,0.0,15.590,-51.80,0.66,0.00,0.00,0.000.00
15.63377,82.793,547.031,0,0.000,-0.454,0.249,-0.037,-0.454,-0.009,703.0,-1,-703.0,15.610,-51.80,0.66,0.00,0.00,0.000.00
15.64419,86.748,550.986,0,0.000,-0.221,0.246,-0.061,-0.221,-0.013,703.0,-1,-703.0,15.621,-51.80,0.66,0.00,0.00,0.000.00
15.65458,90.879,555.117,0,0.000,-0.251,0.244,0.052,-0.251,-0.015,703.0,-1,-703.0,15.621,-51.80,0.66,0.00,0.00,0.000.00
15.67451,98.877,563.115,0,0.000,-0.195,0.240,0.026,-0.195,-0.031,703.0,-1,-703.0,15.652,-51.80,0.66,0.00,0.00,0.000.00
15.69445,107.227,571.465,0,0.000,-0.077,0.239,0.019,-0.077,-0.038,703.0,-1,-703.0,15.674,-51.67,0.66,0.13,0.00,11.470.00
15.71437,115.752,579.990,0,0.000,0.028,0.238,0.018,0.028,-0.028,703.0,-1,-703.0,15.691,-52.53,0.76,-0.85,0.09,-52.195.84
15.73431,125.068,589.307,0,0.000,-0.042,0.237,-0.008,-0.042,0.016,703.0,-1,-703.0,15.710,-53.43,1.07,-0.54,0.21,-50.0119.84
15.75424,134.561,598.799,0,0.000,0.089,0.238,0.036,0.089,0.016,703.0,-1,-703.0,15.723,-54.22,0.92,-0.78,-0.15,-65.20-12.43
15.77417,144.492,608.730,0,0.000,0.095,0.240,0.028,0.095,0.003,235.0,-1,-235.0,15.748,-55.20,0.97,-0.65,0.10,-70.9911.39
15.79411,145.283,609.521,0,0.000,0.753,0.256,0.072,0.753,-0.038,235.0,-1,-235.0,15.771,-56.30,0.97,-0.64,0.00,-57.780.00
15.81404,145.283,609.521,0,0.000,0.449,0.264,0.048,0.449,-0.007,235.0,-1,-235.0,15.786,-56.79,0.97,-0.49,0.00,-39.240.00
15.83397,145.371,609.609,0,0.000,0.260,0.269,0.035,0.260,-0.008,235.0,-1,-235.0,15.810,-57.72,1.03,-0.45,0.06,-42.175.85
15.85391,145.459,609.697,0,0.000,0.175,0.272,0.020,0.175,0.010,235.0,-1,-235.0,15.828,-58.27,0.96,-0.55,-0.08,-30.07-4.12
15.87384,145.371,609.609,0,0.000,0.089,0.273,0.005,0.089,0.005,235.0,-1,-235.0,15.852,-58.47,0.83,-0.35,0.00,-27.440.00
15.89377,145.459,609.697,0,0.000,0.028,0.274,0.006,0.028,0.000,235.0,-1,-235.0,15.870,-58.23,0.83,0.24,0.00,12.480.00
15.91371,145.371,609.609,0,0.000,-0.013,0.274,0.013,-0.013,-0.005,235.0,-1,-235.0,15.890,-58.37,0.76,0.13,0.00,12.770.00
15.92411,145.459,609.697,0,0.000,-0.019,0.274,-0.005,-0.019,-0.002,658.0,1,658.0,15.902,-58.37,0.76,0.00,0.00,0.000.00
15.94404,135.791,600.029,0,0.000,0.678,0.288,0.020,0.678,0.003,658.0,1,658.0,15.915,-58.44,0.76,-0.07,0.00,-5.360.00
15.96397,126.211,590.449,0,0.000,0.340,0.294,0.007,0.340,-0.001,658.0,1,658.0,15.938,-58.44,0.76,0.00,0.00,0.000.00
15.97435,121.729,585.967,0,0.000,0.245,0.296,0.045,0.245,0.026,658.0,1,658.0,15.938,-58.44,0.76,0.00,0.00,0.000.00
15.99391,112.588,576.826,0,0.000,0.175,0.300,-0.017,0.175,-0.007,658.0,1,658.0,15.968,-58.44,0.76,0.00,0.00,0.000.00
16.01385,103.975,568.213,0,0.000,0.095,0.303,0.007,0.095,-0.032,658.0,1,658.0,15.993,-57.39,0.56,1.20,-0.20,90.23-14.96
16.03378,95.889,560.127,0,0.000,0.011,0.304,0.033,0.011,-0.008,658.0,1,658.0,16.004,-57.44,0.73,-0.05,0.16,-4.2014.03
16.05371,101.250,565.488,0,0.000,-1.232,0.285,-0.185,-1.232,0.083,508.0,-1,-508.0,16.030,-56.37,0.88,0.28,-0.06,22.38-4.63
16.07364,109.600,573.838,0,0.000,-0.736,0.272,-0.005,-0.736,0.022,508.0,-1,-508.0,16.042,-55.56,0.98,0.81,0.10,67.418.23
16.09358,118.389,582.627,0,0.000,-0.403,0.266,-0.004,-0.403,0.013,508.0,-1,-508.0,16.069,-54.56,1.07,0.50,0.00,42.540.00
16.11351,127.793,592.031,0,0.000,-0.202,0.262,-0.032,-0.202,-0.016,508.0,-1,-508.0,16.086,-53.35,1.07,0.61,0.00,59.960.00
16.13344,137.373,601.611,0,0.000,-0.068,0.261,-0.011,-0.068,0.011,508.0,-1,-508.0,16.102,-54.15,1.93,-0.79,0.86,-57.3062.56
16.15338,147.393,611.631,0,0.000,0.030,0.261,-0.006,0.030,-0.013,508.0,-1,-508.0,16.125,-55.53,1.25,-1.39,-0.16,-141.78-16.60
16.16358,152.227,616.465,0,0.000,-0.018,0.261,-0.001,-0.018,0.012,508.0,-1,-508.0,16.138,-55.69,1.38,-0.16,0.13,-14.9312.55
16.17360,157.939,622.178,0,0.000,0.057,0.261,0.014,0.057,-0.017,508.0,-1,-508.0,16.151,-56.54,1.31,-0.85,-0.08,-67.90-5.95
16.19354,168.223,632.461,0,0.000,0.080,0.261,0.039,0.080,-0.015,508.0,-1,-508.0,16.172,-57.55,1.25,-0.49,0.00,-49.160.00
16.21347,178.418,642.656,0,0.000,0.007,0.261,0.026,0.007,-0.017,508.0,-1,-508.0,16.194,-58.44,1.33,-0.37,0.08,-33.787.16
16.23340,188.701,652.939,0,0.000,0.042,0.262,0.002,0.042,-0.026,508.0,-1,-508.0,16.203,-58.90,1.26,-0.46,-0.07,-47.77-7.04
16.25334,198.545,662.783,0,0.000,-0.027,0.262,-0.019,-0.027,0.012,508.0,-1,-508.0,16.227,-60.04,1.26,-0.64,0.00,-63.810.00
16.27327,207.773,672.012,0,0.000,0.045,0.262,-0.007,0.045,0.004,508.0,-1,-508.0,16.249,-61.08,1.26,-0.50,0.00,-37.030.00
16.29320,216.826,681.064,0,0.000,-0.014,0.262,-0.008,-0.014,0.000,508.0,-1,-508.0,16.272,-62.19,1.26,-0.71,0.00,-75.120.00
16.31314,225.439,689.678,0,0.000,0.039,0.263,-0.001,0.039,-0.011,508.0,-1,-508.0,16.284,-62.68,1.26,-0.49,0.00,-38.090.00
16.33307,233.877,698.115,0,0.000,-0.011,0.264,0.007,-0.011,0.002,508.0,-1,-508.0,16.305,-63.32,1.26,-0.63,0.00,-32.810.00
16.35309,241.963,706.201,0,0.000,0.062,0.265,-0.002,0.062,-0.022,508.0,-1,-508.0,16.326,-64.19,1.20,-0.49,-0.06,-40.08-5.09
16.37304,250.049,714.287,0,0.000,0.058,0.267,0.030,0.058,-0.029,508.0,-1,-508.0,16.353,-65.30,1.30,-0.61,0.05,-48.944.02
16.39296,256.641,720.879,0,0.000,0.098,0.268,0.046,0.098,-0.003,0.0,1,0.0,16.365,-65.94,1.30,-0.64,0.00,-54.730.00
16.41289,256.553,720.791,0,0.000,0.363,0.279,0.045,0.363,-0.005,0.0,1,0.0,16.386,-66.45,1.20,-0.50,-0.10,-23.67-4.81
16.43282,256.465,720.703,0,0.000,0.227,0.285,0.052,0.227,0.000,0.0,1,0.0,16.410,-67.42,1.20,-0.54,0.00,-39.220.00
16.45277,256.553,720.791,0,0.000,0.120,0.289,0.032,0.120,-0.005,0.0,1,0.0,16.432,-68.58,1.12,-0.44,-0.07,-36.10-5.88
16.46316,256.465,720.703,0,0.000,0.124,0.290,-0.007,0.124,-0.003,0.0,1,0.0,16.432,-68.58,1.12,-0.44,-0.07,-36.10-5.88
16.48309,256.553,720.791,0,0.000,0.035,0.291,-0.011,0.035,-0.004,0.0,1,0.0,16.457,-68.99,1.12,-0.15,0.00,-15.140.00
16.50304,256.553,720.791,0,0.000,-0.005,0.291,-0.001,-0.005,-0.004,0.0,1,0.0,16.483,-69.03,1.12,-0.28,-0.07,-23.00-5.68
16.52296,256.465,720.703,0,0.000,-0.010,0.291,-0.001,-0.010,-0.001,0.0,1,0.0,16.493,-68.86,1.12,0.18,0.00,17.890.00
16.53302,256.553,720.791,0,0.000,0.008,0.291,-0.008,0.008,0.005,0.0,1,0.0,16.506,-68.80,1.12,0.06,0.00,4.640.00
16.55272,256.465,720.703,0,0.000,0.029,0.291,-0.008,0.029,0.013,0.0,1,0.0,16.538,-68.86,1.12,0.00,0.00,0.000.00
16.57264,256.377,720.615,0,0.000,0.026,0.292,-0.008,0.026,0.011,0.0,1,0.0,16.546,-68.86,1.12,0.00,0.00,0.000.00
16.59258,256.465,720.703,0,0.000,0.004,0.292,-0.005,0.004,0.005,467.0,-1,-467.0,16.568,-68.86,1.12,0.00,0.00,0.000.00
16.61251,256.465,720.703,0,0.000,-0.017,0.292,-0.005,-0.017,0.000,287.0,1,287.0,16.592,-68.86,1.12,0.00,0.00,0.000.00
16.63244,256.553,720.791,0,0.000,-0.027,0.291,-0.005,-0.027,0.000,287.0,1,287.0,16.605,-68.86,1.12,0.00,0.00,0.000.00
16.64284,256.465,720.703,0,0.000,-0.017,0.291,0.006,-0.017,-0.003,287.0,1,287.0,16.605,-68.86,1.12,0.00,0.00,0.000.00
16.66278,256.465,720.703,0,0.000,0.001,0.291,0.002,0.001,0.002,287.0,1,287.0,16.637,-68.86,1.12,0.00,0.00,0.000.00
16.68271,256.465,720.703,0,0.000,0.017,0.291,-0.001,0.017,0.003,287.0,1,287.0,16.660,-68.86,1.12,0.00,0.00,0.000.00
16.70264,256.553,720.791,0,0.000,0.017,0.292,0.000,0.017,0.004,287.0,1,287.0,16.672,-68.86,1.12,0.00,0.00,0.000.00
16.72258,252.949,717.187,0,0.000,0.837,0.300,0.056,0.837,0.011,527.0,1,527.0,16.701,-68.86,1.12,0.00,0.00,0.000.00
16.74251,244.951,709.189,0,0.000,0.262,0.308,0.017,0.262,-0.008,527.0,1,527.0,16.715,-68.86,1.12,0.00,0.00,0.000.00
16.76244,236.777,701.016,0,0.000,0.107,0.311,0.009,0.107,-0.019,527.0,1,527.0,16.741,-68.86,1.12,0.00,0.00,0.000.00
16.78238,228.428,692.666,0,0.000,0.240,0.316,-0.008,0.240,-0.020,527.0,1,527.0,16.753,-68.86,1.12,0.00,0.00,0.000.00
16.80231,219.902,684.141,0,0.000,0.062,0.317,-0.089,0.062,-0.013,527.0,1,527.0,16.780,-68.22,0.93,0.63,-0.18,44.28-12.89
16.82224,211.025,675.264,0,0.000,0.062,0.317,-0.034,0.062,-0.016,527.0,1,527.0,16.793,-67.76,0.80,0.46,-0.13,35.95-10.48
16.84218,201.709,665.947,0,0.000,0.104,0.318,-0.016,0.104,-0.020,527.0,1,527.0,16.819,-66.69,0.85,0.11,-0.30,7.54-20.71
16.86211,192.041,656.279,0,0.000,-0.015,0.317,-0.039,-0.015,-0.018,527.0,1,527.0,16.840,-65.45,0.99,0.69,0.09,73.759.63
16.88204,182.021,646.260,0,0.000,-0.038,0.316,-0.044,-0.038,0.004,527.0,1,527.0,16.853,-65.02,0.99,0.43,0.00,30.250.00
16.90198,186.855,651.094,0,0.000,-1.258,0.302,-0.224,-1.258,0.042,646.0,-1,-646.0,16.878,-63.88,1.06,0.47,0.13,35.229.81
16.91232,191.777,656.016,0,0.000,-0.588,0.297,-0.130,-0.588,0.023,646.0,-1,-646.0,16.890,-63.47,1.06,0.41,0.00,37.530.00
16.93173,201.445,665.684,0,0.000,-0.453,0.283,-0.054,-0.453,0.011,646.0,-1,-646.0,16.918,-62.19,1.12,0.53,0.12,44.299.77
16.94213,206.455,670.693,0,0.000,-0.460,0.278,-0.034,-0.460,-0.008,646.0,-1,-646.0,16.918,-62.19,1.12,0.53,0.12,44.299.77
16.96206,215.508,679.746,0,0.000,-0.411,0.271,-0.041,-0.411,-0.006,646.0,-1,-646.0,16.938,-61.05,0.99,0.54,-0.14,52.06-13.12
16.98200,224.209,688.447,0,0.000,-0.123,0.268,0.028,-0.123,0.002,646.0,-1,-646.0,16.961,-62.19,0.81,0.13,-0.56,10.99-45.56
17.00194,232.559,696.797,0,0.000,0.051,0.268,0.011,0.051,0.016,646.0,-1,-646.0,16.984,-63.50,1.12,-0.10,0.31,-8.4925.24
17.02186,240.732,704.971,0,0.000,0.100,0.271,-0.019,0.100,-0.012,646.0,-1,-646.0,16.995,-64.44,0.98,-0.94,-0.15,-81.59-13.04
17.04180,248.818,713.057,0,0.000,-0.005,0.273,-0.008,-0.005,0.019,646.0,-1,-646.0,17.020,-65.51,0.96,-0.68,0.07,-55.255.45
17.06173,256.816,721.055,0,0.000,-0.119,0.272,-0.047,-0.119,0.008,646.0,-1,-646.0,17.042,-66.48,0.94,-0.54,-0.09,-45.19-7.65
17.08166,263.057,727.295,0,0.000,-0.113,0.271,-0.021,-0.113,-0.031,129.0,1,129.0,17.052,-67.18,0.71,-0.70,-0.24,-74.47-25.19
17.10168,262.969,727.207,0,0.000,0.283,0.280,0.029,0.283,0.021,129.0,1,129.0,17.079,-68.00,0.99,-0.57,0.12,-51.1910.66
17.12163,262.881,727.119,0,0.000,0.198,0.286,0.022,0.198,0.011,129.0,1,129.0,17.100,-68.97,0.93,-0.62,-0.06,-44.35-4.46
17.14155,262.969,727.207,0,0.000,0.142,0.290,-0.002,0.142,0.012,129.0,1,129.0,17.111,-69.65,0.93,-0.68,0.00,-57.680.00
17.16148,262.881,727.119,0,0.000,0.099,0.293,-0.008,0.099,0.014,129.0,1,129.0,17.139,-69.90,0.94,0.00,0.26,0.0017.97
17.17188,262.881,727.119,0,0.000,0.081,0.293,0.002,0.081,0.000,129.0,1,129.0,17.139,-69.90,0.94,0.00,0.26,0.0017.97
17.19182,262.969,727.207,0,0.000,0.002,0.294,0.013,0.002,-0.007,129.0,1,129.0,17.167,-69.99,0.98,-0.25,-0.09,-18.31-6.62
17.21175,262.969,727.207,0,0.000,-0.034,0.293,0.011,-0.034,-0.007,129.0,1,129.0,17.187,-69.87,0.98,0.11,0.00,5.970.00
17.23168,262.969,727.207,0,0.000,-0.019,0.293,0.022,-0.019,-0.005,129.0,1,129.0,17.208,-69.82,1.04,0.00,0.00,0.000.00
17.25162,262.969,727.207,0,0.000,0.020,0.293,0.020,0.020,0.000,129.0,1,129.0,17.223,-69.76,1.04,0.06,0.00,4.140.00
17.27155,262.969,727.207,0,0.000,0.048,0.294,0.014,0.048,0.002,129.0,1,129.0,17.243,-69.76,1.04,0.00,0.00,0.000.00
17.28166,262.881,727.119,0,0.000,0.044,0.294,-0.010,0.044,0.004,129.0,1,129.0,17.256,-69.76,1.04,0.00,0.00,0.000.00
17.30134,262.969,727.207,0,0.000,0.023,0.295,-0.006,0.023,0.005,129.0,1,129.0,17.284,-69.76,1.04,0.00,0.00,0.000.00
17.32128,262.881,727.119,0,0.000,-0.011,0.295,0.000,-0.011,0.000,129.0,1,129.0,17.302,-69.76,1.04,0.00,0.00,0.000.00
17.34121,262.969,727.207,0,0.000,-0.028,0.295,0.000,-0.028,-0.003,129.0,1,129.0,17.314,-69.76,1.04,0.00,0.00,0.000.00
17.36114,262.881,727.119,0,0.000,-0.017,0.294,0.005,-0.017,0.000,129.0,1,129.0,17.336,-69.76,1.04,0.00,0.00,0.000.00
17.38108,262.881,727.119,0,0.000,0.010,0.294,0.007,0.010,0.007,129.0,1,129.0,17.358,-69.76,1.04,0.00,0.00,0.000.00
17.39148,262.969,727.207,0,0.000,0.025,0.295,0.002,0.025,0.005,129.0,1,129.0,17.372,-69.76,1.04,0.00,0.00,0.000.00
17.41141,265.518,729.756,0,0.000,-0.186,0.293,-0.017,-0.186,0.000,669.0,-1,-669.0,17.384,-69.76,1.04,0.00,0.00,0.000.00
17.43134,273.604,737.842,0,0.000,-0.141,0.287,-0.042,-0.141,-0.050,669.0,-1,-669.0,17.410,-69.76,1.04,0.00,0.00,0.000.00
17.45128,281.953,746.191,0,0.000,-0.099,0.283,-0.039,-0.099,-0.038,669.0,-1,-669.0,17.419,-69.76,1.04,0.00,0.00,0.000.00
17.46176,286.172,750.410,0,0.000,-0.222,0.280,-0.018,-0.222,-0.020,669.0,-1,-669.0,17.433,-69.76,1.04,0.00,0.00,0.000.00
17.48052,283.008,747.246,0,0.000,1.031,0.290,0.107,1.031,-0.006,587.0,1,587.0,17.455,-70.85,0.96,-1.26,-0.07,-124.14-7.08
17.49092,278.613,742.852,0,0.000,0.770,0.298,0.103,0.770,-0.022,587.0,1,587.0,17.470,-70.85,1.05,0.00,0.08,0.005.87
17.51085,270.439,734.678,0,0.000,0.439,0.310,0.045,0.439,-0.036,587.0,1,587.0,17.479,-71.34,1.05,-0.49,0.00,-42.660.00
17.52125,265.957,730.195,0,0.000,0.497,0.315,-0.006,0.497,0.023,587.0,1,587.0,17.499,-71.98,0.84,-0.65,-0.21,-40.42-13.23
17.54119,257.959,722.197,0,0.000,0.211,0.320,-0.023,0.211,0.042,587.0,1,587.0,17.511,-72.82,0.94,-0.83,0.10,-55.767.00
17.56112,250.049,714.287,0,0.000,0.081,0.322,-0.002,0.081,0.053,587.0,1,587.0,17.535,-70.80,1.13,0.55,0.19,42.8114.97
17.58105,241.963,706.201,0,0.000,0.002,0.323,0.000,0.002,-0.008,587.0,1,587.0,17.561,-69.70,1.20,0.83,0.00,76.820.00
17.60099,233.877,698.115,0,0.000,-0.048,0.322,0.028,-0.048,-0.019,587.0,1,587.0,17.573,-69.17,1.20,0.53,0.00,44.680.00
17.62092,225.439,689.678,0,0.000,-0.056,0.320,0.001,-0.056,-0.014,587.0,1,587.0,17.597,-68.10,1.27,0.45,0.00,38.400.00
17.64094,216.826,681.064,0,0.000,0.016,0.320,0.014,0.016,0.008,587.0,1,587.0,17.617,-67.11,1.27,0.35,0.00,34.190.00
17.66088,207.949,672.187,0,0.000,0.013,0.321,0.005,0.013,0.036,587.0,1,587.0,17.641,-66.02,1.27,0.37,0.00,31.730.00
17.68080,198.545,662.783,0,0.000,0.064,0.322,0.013,0.064,0.013,587.0,1,587.0,17.653,-65.34,1.36,0.68,0.09,50.596.41
17.70074,188.525,652.764,0,0.000,-0.038,0.322,0.030,-0.038,0.040,587.0,1,587.0,17.666,-65.03,1.36,0.31,0.00,25.640.00
17.72067,178.418,642.656,0,0.000,-0.104,0.320,-0.006,-0.104,0.005,587.0,1,587.0,17.698,-63.85,1.47,0.66,0.11,57.469.47
17.74061,168.223,632.461,0,0.000,-0.153,0.318,-0.002,-0.153,-0.011,587.0,1,587.0,17.711,-63.52,1.47,0.33,0.00,24.980.00
17.76054,157.852,622.090,0,0.000,-0.076,0.317,0.040,-0.076,0.019,587.0,1,587.0,17.738,-62.21,1.52,0.46,0.00,28.420.00
17.78048,150.117,614.355,0,0.000,-0.117,0.317,-0.002,-0.117,0.024,107.0,-1,-107.0,17.761,-61.02,1.58,0.49,0.00,44.650.00
17.80041,150.205,614.443,0,0.000,-0.206,0.310,-0.059,-0.206,0.017,107.0,-1,-107.0,17.774,-60.89,1.51,0.14,-0.06,10.07-4.56
17.82034,150.293,614.531,0,0.000,-0.126,0.305,-0.029,-0.126,0.004,107.0,-1,-107.0,17.788,-59.96,1.58,0.93,0.07,64.124.59
17.83175,150.293,614.531,0,0.000,-0.208,0.303,-0.002,-0.208,0.005,107.0,-1,-107.0,17.803,-59.47,1.58,0.49,0.00,34.860.00
17.85053,150.205,614.443,0,0.000,-0.146,0.301,0.013,-0.146,-0.008,107.0,-1,-107.0,17.826,-58.89,1.58,0.00,0.00,0.000.00
17.87047,150.205,614.443,0,0.000,-0.073,0.299,0.002,-0.073,0.002,107.0,-1,-107.0,17.848,-58.77,1.58,-0.19,0.00,-18.860.00
17.89040,150.293,614.531,0,0.000,-0.023,0.299,0.001,-0.023,0.005,107.0,-1,-107.0,17.860,-58.68,1.44,0.09,-0.14,8.26-13.07
17.91033,150.381,614.619,0,0.000,0.015,0.299,0.003,0.015,0.005,107.0,-1,-107.0,17.886,-58.89,1.53,-0.14,0.00,-8.230.00
17.93027,150.293,614.531,0,0.000,0.028,0.299,-0.004,0.028,0.005,107.0,-1,-107.0,17.909,-58.88,1.53,-0.06,0.00,-5.450.00
17.95020,150.381,614.619,0,0.000,0.016,0.300,-0.013,0.016,0.007,107.0,-1,-107.0,17.929,-58.88,1.53,0.00,0.00,0.000.00
17.97014,150.293,614.531,0,0.000,-0.011,0.299,-0.009,-0.011,-0.004,107.0,-1,-107.0,17.940,-58.88,1.53,0.00,0.00,0.000.00
17.99007,150.293,614.531,0,0.000,-0.022,0.299,-0.007,-0.022,-0.007,107.0,-1,-107.0,17.969,-58.88,1.53,0.00,0.00,0.000.00
18.01000,150.205,614.443,0,0.000,-0.007,0.299,-0.002,-0.007,0.000,107.0,-1,-107.0,17.979,-58.88,1.53,0.00,0.00,0.000.00
18.03002,150.293,614.531,0,0.000,0.016,0.299,0.000,0.016,0.003,107.0,-1,-107.0,18.009,-58.88,1.53,0.00,0.00,0.000.00
18.04996,150.293,614.531,0,0.000,0.030,0.300,-0.003,0.030,0.004,316.0,-1,-316.0,18.022,-58.88,1.53,0.00,0.00,0.000.00
18.06989,150.381,614.619,0,0.000,0.022,0.300,-0.009,0.022,0.010,316.0,-1,-316.0,18.045,-58.88,1.53,0.00,0.00,0.000.00
18.08982,150.293,614.531,0,0.000,0.007,0.300,-0.003,0.007,0.000,316.0,-1,-316.0,18.055,-58.88,1.53,0.00,0.00,0.000.00
18.10976,150.293,614.531,0,0.000,-0.009,0.300,0.002,-0.009,-0.003,316.0,-1,-316.0,18.084,-58.88,1.53,0.00,0.00,0.000.00
18.12015,150.381,614.619,0,0.000,-0.007,0.300,0.005,-0.007,-0.004,316.0,-1,-316.0,18.094,-58.88,1.53,0.00,0.00,0.000.00
18.14009,150.293,614.531,0,0.000,0.004,0.300,0.007,0.004,-0.001,316.0,-1,-316.0,18.118,-58.88,1.53,0.00,0.00,0.000.00
18.16002,150.293,614.531,0,0.000,0.020,0.301,0.001,0.020,0.000,316.0,-1,-316.0,18.130,-58.88,1.53,0.00,0.00,0.000.00
18.17995,150.293,614.531,0,0.000,0.032,0.301,-0.005,0.032,0.004,316.0,-1,-316.0,18.158,-58.88,1.53,0.00,0.00,0.000.00
18.19989,150.205,614.443,0,0.000,0.020,0.302,-0.007,0.020,0.008,316.0,-1,-316.0,18.181,-58.88,1.53,0.00,0.00,0.000.00
18.21033,150.205,614.443,0,0.000,0.014,0.302,-0.004,0.014,0.008,316.0,-1,-316.0,18.181,-58.88,1.53,0.00,0.00,0.000.00
18.22920,155.742,619.980,0,0.000,-0.614,0.296,-0.037,-0.614,0.056,565.0,-1,-565.0,18.204,-58.88,1.53,0.00,0.00,0.000.00
18.23960,161.367,625.605,0,0.000,-0.352,0.292,-0.001,-0.352,0.029,565.0,-1,-565.0,18.219,-58.88,1.53,0.00,0.00,0.000.00
18.25953,171.826,636.064,0,0.000,-0.253,0.285,-0.004,-0.253,0.071,565.0,-1,-565.0,18.230,-58.88,1.53,0.00,0.00,0.000.00
18.26993,177.100,641.338,0,0.000,-0.291,0.282,0.016,-0.291,0.028,565.0,-1,-565.0,18.241,-58.88,1.53,0.00,0.00,0.000.00
18.28988,187.383,651.621,0,0.000,-0.164,0.278,0.017,-0.164,0.019,565.0,-1,-565.0,18.271,-59.87,1.61,-1.17,0.08,-88.076.26
18.30980,197.051,661.289,0,0.000,-0.209,0.276,0.001,-0.209,0.011,565.0,-1,-565.0,18.285,-60.20,1.61,-0.33,0.00,-23.340.00
18.32973,206.719,670.957,0,0.000,0.050,0.277,0.007,0.050,-0.011,565.0,-1,-565.0,18.309,-61.45,1.48,-0.49,-0.05,-44.17-4.73
18.34966,215.684,679.922,0,0.000,0.086,0.279,-0.026,0.086,0.010,565.0,-1,-565.0,18.322,-61.91,1.48,-0.46,0.00,-43.330.00
18.36960,224.385,688.623,0,0.000,-0.022,0.280,-0.040,-0.022,-0.020,565.0,-1,-565.0,18.350,-63.35,1.22,-0.57,-0.12,-41.34-8.46
18.37972,228.516,692.754,0,0.000,0.096,0.281,0.029,0.096,-0.017,565.0,-1,-565.0,18.360,-63.82,1.41,-0.47,0.19,-45.0318.40
18.39940,231.416,695.654,0,0.000,0.583,0.287,0.004,0.583,0.000,188.0,1,188.0,18.371,-64.56,1.41,-0.74,0.00,-55.150.00
18.41934,231.504,695.742,0,0.000,0.331,0.293,0.017,0.331,0.010,188.0,1,188.0,18.397,-65.45,1.32,-0.51,-0.09,-39.55-6.74
18.43927,231.416,695.654,0,0.000,0.241,0.297,0.010,0.241,0.017,188.0,1,188.0,18.408,-65.84,1.47,-0.39,0.15,-32.7312.41
18.45920,231.416,695.654,0,0.000,0.144,0.300,0.009,0.144,0.015,188.0,1,188.0,18.437,-66.47,1.26,0.08,-0.21,5.40-14.90
18.47914,231.504,695.742,0,0.000,0.072,0.302,0.002,0.072,0.010,188.0,1,188.0,18.458,-66.41,1.28,0.35,-0.15,34.26-14.92
18.49907,231.504,695.742,0,0.000,0.013,0.303,-0.003,0.013,0.006,188.0,1,188.0,18.472,-66.61,1.28,-0.19,0.00,-14.900.00
18.50947,231.504,695.742,0,0.000,-0.003,0.303,0.005,-0.003,-0.002,188.0,1,188.0,18.492,-66.50,1.47,0.05,0.09,5.8710.42
18.52940,231.504,695.742,0,0.000,-0.016,0.302,0.001,-0.016,-0.004,188.0,1,188.0,18.507,-66.50,1.47,0.00,0.00,0.000.00
18.54935,231.416,695.654,0,0.000,0.002,0.302,-0.004,0.002,0.005,188.0,1,188.0,18.529,-66.50,1.55,0.00,0.08,0.007.03
18.56927,231.504,695.742,0,0.000,0.034,0.303,-0.010,0.034,0.013,188.0,1,188.0,18.540,-66.50,1.55,0.00,0.00,0.000.00
18.58920,231.592,695.830,0,0.000,0.044,0.303,-0.008,0.044,0.014,188.0,1,188.0,18.568,-66.50,1.55,0.00,0.00,0.000.00
18.60914,231.504,695.742,0,0.000,0.026,0.304,-0.011,0.026,0.002,188.0,1,188.0,18.588,-66.50,1.55,0.00,0.00,0.000.00
18.62907,231.504,695.742,0,0.000,-0.008,0.304,-0.005,-0.008,0.002,188.0,1,188.0,18.600,-66.50,1.55,0.00,0.00,0.000.00
18.64900,231.416,695.654,0,0.000,-0.021,0.304,0.000,-0.021,0.001,188.0,1,188.0,18.627,-66.50,1.55,0.00,0.00,0.000.00
18.66895,231.416,695.654,0,0.000,-0.014,0.303,0.001,-0.014,-0.002,188.0,1,188.0,18.649,-66.50,1.55,0.00,0.00,0.000.00
18.68887,231.504,695.742,0,0.000,0.010,0.304,0.001,0.010,0.002,188.0,1,188.0,18.660,-66.50,1.55,0.00,0.00,0.000.00
18.70880,231.416,695.654,0,0.000,0.026,0.304,0.002,0.026,0.004,188.0,1,188.0,18.684,-66.50,1.55,0.00,0.00,0.000.00
18.72874,231.416,695.654,0,0.000,0.029,0.305,-0.004,0.029,0.010,188.0,1,188.0,18.697,-66.50,1.55,0.00,0.00,0.000.00
18.74867,231.504,695.742,0,0.000,0.013,0.305,0.000,0.013,0.004,0.0,1,0.0,18.726,-66.50,1.55,0.00,0.00,0.000.00
18.75892,231.416,695.654,0,0.000,0.002,0.305,-0.001,0.002,0.000,0.0,1,0.0,18.737,-66.50,1.55,0.00,0.00,0.000.00
18.76902,231.416,695.654,0,0.000,-0.007,0.305,0.005,-0.007,-0.002,0.0,1,0.0,18.737,-66.50,1.55,0.00,0.00,0.000.00
18.78895,231.416,695.654,0,0.000,-0.009,0.305,0.008,-0.009,-0.003,0.0,1,0.0,18.767,-66.50,1.55,0.00,0.00,0.000.00
18.80889,231.416,695.654,0,0.000,0.002,0.305,0.007,0.002,0.002,0.0,1,0.0,18.781,-66.50,1.55,0.00,0.00,0.000.00
18.82882,231.416,695.654,0,0.000,0.023,0.305,0.000,0.023,0.001,0.0,1,0.0,18.800,-66.50,1.55,0.00,0.00,0.000.00
18.84875,231.504,695.742,0,0.000,0.031,0.306,-0.004,0.031,0.003,0.0,1,0.0,18.828,-66.50,1.55,0.00,0.00,0.000.00
18.86869,231.416,695.654,0,0.000,0.023,0.306,-0.006,0.023,0.002,0.0,1,0.0,18.841,-66.50,1.55,0.00,0.00,0.000.00
18.88863,227.109,691.348,0,0.000,0.067,0.307,-0.004,0.067,0.001,970.0,1,970.0,18.868,-66.50,1.55,0.00,0.00,0.000.00
18.90855,209.619,673.857,0,0.000,0.409,0.321,0.093,0.409,-0.017,970.0,1,970.0,18.880,-66.50,1.55,0.00,0.00,0.000.00
18.92848,190.283,654.521,0,0.000,0.229,0.329,0.048,0.229,0.032,970.0,1,970.0,18.905,-66.50,1.55,0.00,0.00,0.000.00
18.94842,169.893,634.131,0,0.000,0.159,0.333,0.057,0.159,0.013,970.0,1,970.0,18.925,-66.73,1.44,-0.23,-0.12,-23.62-11.59
18.96835,149.150,613.389,0,0.000,0.167,0.336,0.004,0.167,0.043,970.0,1,970.0,18.942,-64.99,1.34,1.74,-0.10,93.95-5.61
18.98829,129.287,593.525,0,0.000,0.107,0.337,0.032,0.107,0.034,970.0,1,970.0,18.969,-62.75,1.61,1.86,0.28,158.2823.47
19.00822,111.182,575.420,0,0.000,-0.001,0.336,0.062,-0.001,0.020,970.0,1,970.0,18.980,-62.09,1.52,0.65,-0.09,56.33-7.86
19.02815,94.570,558.809,0,0.000,0.021,0.336,0.007,0.021,-0.002,970.0,1,970.0,19.005,-59.75,1.65,1.41,0.19,105.5814.36
19.03855,86.396,550.635,0,0.000,-0.029,0.336,-0.023,-0.029,-0.001,970.0,1,970.0,19.016,-58.87,1.55,0.88,-0.10,78.07-8.87
19.05848,71.016,535.254,0,0.000,-0.069,0.335,-0.032,-0.069,0.050,970.0,1,970.0,19.037,-56.71,1.55,0.99,0.00,76.060.00
19.07842,55.635,519.873,0,0.000,-0.043,0.334,0.014,-0.043,0.037,970.0,1,970.0,19.049,-55.50,1.55,1.21,0.00,114.890.00
19.09835,39.463,503.701,0,0.000,-0.072,0.334,-0.010,-0.072,0.023,970.0,1,970.0,19.072,-53.49,1.55,0.97,0.00,83.610.00
19.11828,21.973,486.211,0,0.000,-0.028,0.333,0.011,-0.028,0.002,970.0,1,970.0,19.098,-51.43,1.55,1.07,0.00,81.150.00
19.12828,13.359,477.598,0,0.000,-0.076,0.332,0.009,-0.076,-0.016,970.0,1,970.0,19.098,-51.43,1.55,1.07,0.00,81.150.00
19.14812,352.617,456.855,0,0.000,-0.099,0.331,-0.005,-0.099,-0.017,970.0,1,970.0,19.120,-49.34,1.55,0.89,0.00,69.750.00
19.16805,332.051,436.289,0,0.000,-0.090,0.329,-0.013,-0.090,-0.001,970.0,1,970.0,19.137,-48.09,1.55,1.25,0.00,89.540.00
19.18798,312.012,416.250,0,0.000,-0.051,0.328,-0.048,-0.051,-0.001,970.0,1,970.0,19.162,-45.95,1.55,1.04,0.00,78.310.00
19.20792,293.291,397.529,0,0.000,-0.001,0.328,-0.014,-0.001,-0.011,970.0,1,970.0,19.184,-43.82,1.55,1.03,0.00,105.150.00
19.22785,276.240,380.479,0,0.000,-0.001,0.328,-0.022,-0.001,-0.003,970.0,1,970.0,19.204,-41.61,1.55,1.13,0.00,121.630.00
19.24778,271.670,375.908,0,0.000,-1.228,0.315,-0.077,-1.228,-0.004,253.0,1,253.0,19.216,-40.68,1.68,0.94,0.13,74.0010.17
19.25818,271.582,375.820,0,0.000,-0.673,0.308,-0.086,-0.673,0.007,253.0,1,253.0,19.228,-39.48,1.68,1.20,0.00,92.000.00
19.27812,271.494,375.732,0,0.000,-0.497,0.295,-0.032,-0.497,-0.033,253.0,1,253.0,19.259,-37.25,1.67,1.22,0.09,84.906.12
19.29805,271.494,375.732,0,0.000,-0.315,0.287,-0.070,-0.315,0.011,253.0,1,253.0,19.271,-35.97,1.59,1.28,-0.08,125.33-8.10
19.31807,271.582,375.820,0,0.000,-0.148,0.283,-0.086,-0.148,0.002,253.0,1,253.0,19.295,-36.35,2.11,0.65,0.19,55.3316.05
19.33800,271.494,375.732,0,0.000,-0.009,0.282,-0.067,-0.009,0.005,253.0,1,253.0,19.319,-36.45,1.85,0.27,0.18,24.3216.29
19.35794,271.582,375.820,0,0.000,0.049,0.282,-0.034,0.049,0.007,927.0,1,927.0,19.327,-36.50,1.85,-0.05,0.00,-3.990.00
19.37787,263.848,368.086,0,0.000,0.749,0.299,0.013,0.749,0.022,927.0,1,927.0,19.354,-36.69,1.71,0.00,0.11,0.008.49
19.39780,255.937,360.176,0,0.000,0.430,0.307,0.020,0.430,0.016,927.0,1,927.0,19.378,-36.69,1.64,0.00,-0.07,0.00-5.86
19.41774,248.027,352.266,0,0.000,0.240,0.310,0.003,0.240,-0.002,927.0,1,927.0,19.389,-36.80,1.64,-0.12,0.00,-9.740.00
19.43767,239.941,344.180,0,0.000,0.128,0.312,0.008,0.128,0.001,927.0,1,927.0,19.414,-35.73,1.63,0.14,0.12,10.128.61
19.45760,237.744,341.982,0,0.000,-0.467,0.307,-0.019,-0.467,0.010,0.0,1,0.0,19.428,-34.80,1.75,0.94,0.12,76.069.92
19.47754,237.832,342.070,0,0.000,-0.287,0.302,0.010,-0.287,0.023,0.0,1,0.0,19.449,-34.10,1.75,0.40,0.00,36.860.00
19.49747,237.832,342.070,0,0.000,-0.186,0.298,0.010,-0.186,0.001,0.0,1,0.0,19.475,-32.85,1.81,0.60,0.00,52.510.00
19.50764,237.832,342.070,0,0.000,-0.092,0.298,-0.027,-0.092,0.007,0.0,1,0.0,19.486,-33.42,1.69,-0.57,-0.12,-48.36-10.20
19.52734,237.744,341.982,0,0.000,-0.027,0.296,-0.016,-0.027,0.008,0.0,1,0.0,19.512,-32.92,1.74,0.00,0.00,0.000.00
19.54726,237.832,342.070,0,0.000,0.010,0.296,-0.009,0.010,0.001,0.0,1,0.0,19.523,-32.97,1.68,-0.05,-0.06,-3.17-4.10
19.56719,237.832,342.070,0,0.000,0.021,0.296,-0.005,0.021,0.004,0.0,1,0.0,19.547,-32.95,1.68,-0.17,-0.07,-13.20-5.76
19.57759,237.832,342.070,0,0.000,0.018,0.297,0.014,0.018,0.000,0.0,1,0.0,19.547,-32.95,1.68,-0.17,-0.07,-13.20-5.76
19.59752,237.744,341.982,0,0.000,0.013,0.297,0.006,0.013,0.000,0.0,1,0.0,19.572,-32.86,1.77,0.00,0.09,0.007.64
19.61746,237.920,342.158,0,0.000,0.014,0.297,0.004,0.014,0.001,0.0,1,0.0,19.589,-32.86,1.69,0.00,-0.08,0.00-4.58
19.63739,237.744,341.982,0,0.000,0.017,0.297,0.003,0.017,0.005,0.0,1,0.0,19.612,-32.86,1.69,0.00,0.00,0.000.00
19.65733,237.832,342.070,0,0.000,0.025,0.298,0.009,0.025,0.006,0.0,1,0.0,19.637,-32.86,1.69,0.00,0.00,0.000.00
19.67726,237.832,342.070,0,0.000,0.029,0.298,0.007,0.029,-0.001,0.0,1,0.0,19.646,-32.86,1.69,0.00,0.00,0.000.00
19.68774,237.832,342.070,0,0.000,0.024,0.298,-0.001,0.024,-0.001,0.0,1,0.0,19.659,-32.86,1.69,0.00,0.00,0.000.00
19.70737,237.744,341.982,0,0.000,0.024,0.299,-0.007,0.024,0.001,0.0,1,0.0,19.685,-32.86,1.69,0.00,0.00,0.000.00
19.72730,237.920,342.158,0,0.000,0.019,0.299,-0.010,0.019,0.000,0.0,1,0.0,19.697,-32.86,1.69,0.00,0.00,0.000.00
19.74724,237.832,342.070,0,0.000,0.015,0.300,-0.004,0.015,0.000,0.0,1,0.0,19.720,-32.86,1.69,0.00,0.00,0.000.00
19.76717,237.744,341.982,0,0.000,0.014,0.300,0.000,0.014,0.002,0.0,1,0.0,19.744,-32.86,1.69,0.00,0.00,0.000.00
19.78710,237.832,342.070,0,0.000,0.018,0.300,0.004,0.018,0.006,0.0,1,0.0,19.767,-32.86,1.69,0.00,0.00,0.000.00
19.80704,237.744,341.982,0,0.000,0.023,0.301,0.001,0.023,0.002,0.0,1,0.0,19.786,-32.86,1.69,0.00,0.00,0.000.00
19.82697,237.744,341.982,0,0.000,0.026,0.301,0.001,0.026,-0.001,0.0,1,0.0,19.798,-32.86,1.69,0.00,0.00,0.000.00
19.84690,237.656,341.895,0,0.000,0.019,0.302,-0.003,0.019,0.000,0.0,1,0.0,19.826,-32.86,1.69,0.00,0.00,0.000.00
19.86683,237.832,342.070,0,0.000,0.014,0.302,-0.001,0.014,-0.001,0.0,1,0.0,19.836,-32.86,1.69,0.00,0.00,0.000.00
19.88685,237.832,342.070,0,0.000,0.014,0.302,-0.001,0.014,-0.002,0.0,1,0.0,19.865,-32.86,1.69,0.00,0.00,0.000.00
19.90679,237.744,341.982,0,0.000,0.014,0.303,0.002,0.014,0.001,0.0,1,0.0,19.879,-32.86,1.69,0.00,0.00,0.000.00
19.92672,237.744,341.982,0,0.000,0.023,0.303,0.004,0.023,0.002,0.0,1,0.0,19.903,-32.86,1.69,0.00,0.00,0.000.00
19.94665,237.832,342.070,0,0.000,0.026,0.304,0.002,0.026,0.000,0.0,1,0.0,19.923,-32.86,1.69,0.00,0.00,0.000.00
19.96659,237.744,341.982,0,0.000,0.023,0.304,-0.002,0.023,0.002,0.0,1,0.0,19.934,-32.86,1.69,0.00,0.00,0.000.00
19.98652,237.832,342.070,0,0.000,0.016,0.304,-0.002,0.016,0.003,0.0,1,0.0,19.961,-32.86,1.69,0.00,0.00,0.000.00
20.00646,237.832,342.070,0,0.000,0.016,0.305,0.000,0.016,0.000,0.0,1,0.0,19.976,-32.86,1.69,0.00,0.00,0.000.00
20.02639,237.744,341.982,0,0.000,0.021,0.305,0.001,0.021,-0.001,0.0,1,0.0,20.006,-32.86,1.69,0.00,0.00,0.000.00
20.04634,237.744,341.982,0,0.000,0.023,0.306,-0.001,0.023,0.000,0.0,1,0.0,20.027,-32.86,1.69,0.00,0.00,0.000.00
20.05672,237.832,342.070,0,0.000,0.023,0.306,-0.002,0.023,0.001,0.0,1,0.0,20.027,-32.86,1.69,0.00,0.00,0.000.00
20.06720,237.744,341.982,0,0.000,0.022,0.306,-0.004,0.022,0.002,0.0,1,0.0,20.038,-32.86,1.69,0.00,0.00,0.000.00
20.08596,237.832,342.070,0,0.000,0.021,0.306,-0.001,0.021,0.004,0.0,1,0.0,20.053,-32.86,1.69,0.00,0.00,0.000.00
20.09636,237.744,341.982,0,0.000,0.018,0.307,-0.002,0.018,0.002,0.0,1,0.0,20.072,-32.86,1.69,0.00,0.00,0.000.00
20.11631,237.744,341.982,0,0.000,0.016,0.307,-0.003,0.016,0.001,0.0,1,0.0,20.096,-32.86,1.69,0.00,0.00,0.000.00
20.13623,237.744,341.982,0,0.000,0.011,0.307,0.001,0.011,0.004,0.0,1,0.0,20.110,-32.86,1.69,0.00,0.00,0.000.00
20.15616,237.744,341.982,0,0.000,0.014,0.308,0.003,0.014,0.006,0.0,1,0.0,20.134,-32.86,1.69,0.00,0.00,0.000.00
20.17611,237.832,342.070,0,0.000,0.017,0.308,0.004,0.017,0.001,0.0,1,0.0,20.156,-32.86,1.69,0.00,0.00,0.000.00
20.18650,237.832,342.070,0,0.000,0.019,0.308,0.001,0.019,0.000,0.0,1,0.0,20.156,-32.86,1.69,0.00,0.00,0.000.00
20.20643,237.832,342.070,0,0.000,0.022,0.308,-0.001,0.022,0.004,0.0,1,0.0,20.178,-32.86,1.69,0.00,0.00,0.000.00
20.22636,237.744,341.982,0,0.000,0.019,0.309,-0.007,0.019,0.001,0.0,1,0.0,20.204,-32.86,1.69,0.00,0.00,0.000.00
20.24638,237.832,342.070,0,0.000,0.022,0.309,-0.001,0.022,0.005,0.0,1,0.0,20.216,-32.86,1.69,0.00,0.00,0.000.00
20.26632,237.744,341.982,0,0.000,0.023,0.310,0.002,0.023,0.005,0.0,1,0.0,20.242,-32.86,1.69,0.00,0.00,0.000.00
20.28625,237.744,341.982,0,0.000,0.020,0.310,0.003,0.020,-0.002,0.0,1,0.0,20.255,-32.86,1.69,0.00,0.00,0.000.00
20.30618,237.744,341.982,0,0.000,0.022,0.311,0.001,0.022,0.002,0.0,1,0.0,20.281,-32.86,1.69,0.00,0.00,0.000.00
20.32612,237.832,342.070,0,0.000,0.021,0.311,0.000,0.021,0.005,0.0,1,0.0,20.299,-32.86,1.69,0.00,0.00,0.000.00
20.34605,237.744,341.982,0,0.000,0.020,0.311,-0.004,0.020,0.005,0.0,1,0.0,20.321,-32.86,1.69,0.00,0.00,0.000.00
20.36598,237.832,342.070,0,0.000,0.020,0.312,-0.003,0.020,0.004,0.0,1,0.0,20.339,-32.86,1.69,0.00,0.00,0.000.00
20.38592,237.832,342.070,0,0.000,0.018,0.312,0.002,0.018,0.002,0.0,1,0.0,20.364,-32.86,1.69,0.00,0.00,0.000.00
20.40585,237.832,342.070,0,0.000,0.018,0.313,0.008,0.018,0.003,716.0,1,716.0,20.376,-32.86,1.69,0.00,0.00,0.000.00
20.42578,229.658,333.896,0,0.000,0.570,0.324,-0.006,0.570,0.011,716.0,1,716.0,20.401,-32.86,1.69,0.00,0.00,0.000.00
20.43720,225.176,329.414,0,0.000,0.271,0.327,-0.007,0.271,0.037,716.0,1,716.0,20.414,-32.86,1.69,0.00,0.00,0.000.00
20.45599,216.738,320.977,0,0.000,0.123,0.332,0.014,0.123,0.026,716.0,1,716.0,20.432,-32.86,1.69,0.00,0.00,0.000.00
20.47593,207.773,312.012,0,0.000,0.075,0.335,-0.015,0.075,0.022,716.0,1,716.0,20.456,-32.05,1.72,1.05,0.08,73.985.66
20.49586,198.281,302.520,0,0.000,0.005,0.337,-0.032,0.005,0.013,716.0,1,716.0,20.468,-32.05,1.72,0.00,0.00,0.000.00
20.51579,188.437,292.676,0,0.000,-0.012,0.337,0.000,-0.012,0.002,716.0,1,716.0,20.491,-30.61,1.86,0.33,0.00,23.840.00
20.53573,178.418,282.656,0,0.000,-0.013,0.337,-0.035,-0.013,-0.001,716.0,1,716.0,20.514,-29.60,1.81,0.47,-0.05,40.58-4.25
20.55566,176.309,280.547,0,0.000,-0.393,0.334,-0.022,-0.393,-0.011,468.0,1,468.0,20.514,-29.60,1.81,0.47,-0.05,40.58-4.25
20.57559,176.221,280.459,0,0.000,-0.260,0.330,0.005,-0.260,0.017,468.0,1,468.0,20.552,-28.36,1.81,0.61,0.00,43.000.00
20.59553,176.221,280.459,0,0.000,-0.148,0.327,0.031,-0.148,-0.003,468.0,1,468.0,20.578,-27.24,1.73,0.67,0.00,51.460.00
20.61546,176.221,280.459,0,0.000,-0.071,0.326,0.028,-0.071,-0.007,468.0,1,468.0,20.587,-26.75,1.73,0.49,0.00,47.020.00
20.63548,176.309,280.547,0,0.000,-0.015,0.325,0.026,-0.015,0.000,468.0,1,468.0,20.613,-26.83,1.86,0.39,0.26,28.9919.63
20.65541,176.221,280.459,0,0.000,0.008,0.325,0.023,0.008,0.002,468.0,1,468.0,20.634,-27.11,1.69,-0.16,-0.06,-12.92-4.54
20.67535,176.221,280.459,0,0.000,0.020,0.325,0.023,0.020,0.000,468.0,1,468.0,20.647,-26.97,1.84,0.14,0.15,11.1711.94
20.69528,176.309,280.547,0,0.000,0.021,0.326,0.020,0.021,0.004,468.0,1,468.0,20.672,-27.02,1.75,0.08,0.00,5.640.00
20.71522,176.221,280.459,0,0.000,0.019,0.326,0.019,0.019,-0.001,468.0,1,468.0,20.687,-27.07,1.75,-0.06,0.00,-3.290.00
20.73515,176.221,280.459,0,0.000,0.017,0.326,0.013,0.017,-0.001,468.0,1,468.0,20.713,-27.07,1.75,0.00,0.00,0.000.00
20.75508,176.221,280.459,0,0.000,0.019,0.326,0.013,0.019,0.000,468.0,1,468.0,20.733,-27.07,1.75,0.00,0.00,0.000.00
20.76548,176.221,280.459,0,0.000,0.015,0.326,-0.011,0.015,0.004,468.0,1,468.0,20.744,-27.07,1.75,0.00,0.00,0.000.00
20.78542,176.309,280.547,0,0.000,0.018,0.327,-0.006,0.018,0.007,468.0,1,468.0,20.766,-27.07,1.75,0.00,0.00,0.000.00
20.80535,176.221,280.459,0,0.000,0.020,0.327,-0.005,0.020,0.008,468.0,1,468.0,20.780,-27.07,1.75,0.00,0.00,0.000.00
20.81578,176.221,280.459,0,0.000,0.021,0.327,0.011,0.021,0.004,468.0,1,468.0,20.792,-27.07,1.75,0.00,0.00,0.000.00
20.83467,176.309,280.547,0,0.000,0.015,0.328,0.005,0.015,0.000,468.0,1,468.0,20.810,-27.07,1.75,0.00,0.00,0.000.00
20.84507,176.309,280.547,0,0.000,0.011,0.328,-0.005,0.011,0.004,419.0,-1,-419.0,20.810,-27.07,1.75,0.00,0.00,0.000.00
20.86500,176.221,280.459,0,0.000,0.009,0.328,-0.004,0.009,0.007,419.0,-1,-419.0,20.845,-27.07,1.75,0.00,0.00,0.000.00
20.88493,176.221,280.459,0,0.000,0.016,0.328,-0.001,0.016,0.004,419.0,-1,-419.0,20.860,-27.07,1.75,0.00,0.00,0.000.00
20.90487,176.221,280.459,0,0.000,0.020,0.329,0.000,0.020,0.003,419.0,-1,-419.0,20.883,-27.07,1.75,0.00,0.00,0.000.00
20.92480,176.221,280.459,0,0.000,0.022,0.329,0.000,0.022,0.006,419.0,-1,-419.0,20.893,-27.07,1.75,0.00,0.00,0.000.00
20.94474,176.309,280.547,0,0.000,0.020,0.330,-0.001,0.020,0.004,419.0,-1,-419.0,20.920,-27.07,1.75,0.00,0.00,0.000.00
20.96467,176.309,280.547,0,0.000,0.018,0.330,-0.003,0.018,0.008,419.0,-1,-419.0,20.942,-27.07,1.75,0.00,0.00,0.000.00
20.97507,176.221,280.459,0,0.000,0.016,0.330,0.001,0.016,0.007,419.0,-1,-419.0,20.953,-27.07,1.75,0.00,0.00,0.000.00
20.99451,176.221,280.459,0,0.000,0.013,0.330,0.002,0.013,0.006,419.0,-1,-419.0,20.965,-27.07,1.75,0.00,0.00,0.000.00
21.00491,176.221,280.459,0,0.000,0.012,0.331,0.000,0.012,0.005,419.0,-1,-419.0,20.977,-27.07,1.75,0.00,0.00,0.000.00
21.02484,176.221,280.459,0,0.000,0.016,0.331,0.000,0.016,0.000,419.0,-1,-419.0,21.001,-27.07,1.75,0.00,0.00,0.000.00
21.04477,176.221,280.459,0,0.000,0.019,0.331,0.000,0.019,0.001,419.0,-1,-419.0,21.014,-27.07,1.75,0.00,0.00,0.000.00
21.06471,176.221,280.459,0,0.000,0.016,0.332,-0.002,0.016,0.005,419.0,-1,-419.0,21.041,-27.07,1.75,0.00,0.00,0.000.00
21.08464,176.221,280.459,0,0.000,0.014,0.332,0.000,0.014,0.004,419.0,-1,-419.0,21.063,-27.07,1.75,0.00,0.00,0.000.00
21.10457,176.133,280.371,0,0.000,0.013,0.332,0.000,0.013,0.000,419.0,-1,-419.0,21.074,-27.07,1.75,0.00,0.00,0.000.00
21.12451,176.221,280.459,0,0.000,0.011,0.332,0.002,0.011,-0.004,151.0,-1,-151.0,21.104,-27.07,1.75,0.00,0.00,0.000.00
21.14444,176.309,280.547,0,0.000,0.013,0.333,0.002,0.013,0.000,151.0,-1,-151.0,21.116,-27.07,1.75,0.00,0.00,0.000.00
21.16437,176.221,280.459,0,0.000,0.015,0.333,0.007,0.015,0.000,151.0,-1,-151.0,21.140,-27.07,1.75,0.00,0.00,0.000.00
21.18431,176.133,280.371,0,0.000,0.013,0.333,0.004,0.013,0.004,151.0,-1,-151.0,21.153,-27.07,1.75,0.00,0.00,0.000.00
21.19470,176.221,280.459,0,0.000,0.012,0.333,0.002,0.012,0.006,151.0,-1,-151.0,21.163,-27.07,1.75,0.00,0.00,0.000.00
21.21464,176.221,280.459,0,0.000,0.011,0.334,0.001,0.011,0.006,151.0,-1,-151.0,21.192,-27.07,1.75,0.00,0.00,0.000.00
21.23457,176.221,280.459,0,0.000,0.010,0.334,0.002,0.010,0.004,151.0,-1,-151.0,21.209,-27.07,1.75,0.00,0.00,0.000.00
21.25451,176.309,280.547,0,0.000,0.011,0.334,0.004,0.011,0.004,151.0,-1,-151.0,21.230,-27.07,1.75,0.00,0.00,0.000.00
21.27444,176.133,280.371,0,0.000,0.014,0.334,0.004,0.014,0.005,151.0,-1,-151.0,21.241,-27.07,1.75,0.00,0.00,0.000.00
21.29437,176.221,280.459,0,0.000,0.022,0.335,0.001,0.022,0.004,151.0,-1,-151.0,21.266,-27.07,1.75,0.00,0.00,0.000.00
21.31431,176.221,280.459,0,0.000,0.022,0.335,-0.001,0.022,0.004,151.0,-1,-151.0,21.294,-27.07,1.75,0.00,0.00,0.000.00
21.33424,176.221,280.459,0,0.000,0.019,0.335,-0.003,0.019,0.011,151.0,-1,-151.0,21.317,-27.07,1.75,0.00,0.00,0.000.00
21.35417,176.221,280.459,0,0.000,0.016,0.336,0.001,0.016,0.010,151.0,-1,-151.0,21.329,-27.07,1.75,0.00,0.00,0.000.00
21.36430,176.221,280.459,0,0.000,0.017,0.336,0.004,0.017,0.005,151.0,-1,-151.0,21.341,-27.07,1.75,0.00,0.00,0.000.00
21.38406,176.309,280.547,0,0.000,0.014,0.336,0.002,0.014,0.004,151.0,-1,-151.0,21.358,-27.07,1.75,0.00,0.00,0.000.00
21.40401,176.221,280.459,0,0.000,0.015,0.336,0.004,0.015,0.001,0.0,1,0.0,21.383,-27.07,1.75,0.00,0.00,0.000.00
21.42393,176.221,280.459,0,0.000,0.021,0.337,0.004,0.021,0.008,0.0,1,0.0,21.398,-27.07,1.75,0.00,0.00,0.000.00
21.44386,176.221,280.459,0,0.000,0.016,0.337,0.003,0.016,0.008,0.0,1,0.0,21.420,-27.07,1.75,0.00,0.00,0.000.00
21.46380,176.221,280.459,0,0.000,0.013,0.337,0.003,0.013,0.008,0.0,1,0.0,21.443,-27.07,1.75,0.00,0.00,0.000.00
21.47420,176.221,280.459,0,0.000,0.009,0.338,0.005,0.009,0.005,0.0,1,0.0,21.454,-27.07,1.75,0.00,0.00,0.000.00
21.49413,176.133,280.371,0,0.000,0.010,0.338,0.002,0.010,0.000,0.0,1,0.0,21.465,-27.07,1.75,0.00,0.00,0.000.00
21.51406,176.133,280.371,0,0.000,0.009,0.338,0.002,0.009,0.003,0.0,1,0.0,21.487,-27.07,1.75,0.00,0.00,0.000.00
21.53400,176.221,280.459,0,0.000,0.016,0.338,0.001,0.016,0.000,0.0,1,0.0,21.512,-27.07,1.75,0.00,0.00,0.000.00
21.55384,176.221,280.459,0,0.000,0.017,0.339,0.002,0.017,0.001,0.0,1,0.0,21.524,-27.07,1.75,0.00,0.00,0.000.00
21.57378,176.133,280.371,0,0.000,0.019,0.339,0.002,0.019,-0.004,0.0,1,0.0,21.551,-27.07,1.75,0.00,0.00,0.000.00
21.59371,176.221,280.459,0,0.000,0.016,0.339,0.004,0.016,-0.004,0.0,1,0.0,21.573,-27.07,1.75,0.00,0.00,0.000.00
21.61364,176.221,280.459,0,0.000,0.016,0.340,0.002,0.016,-0.002,0.0,1,0.0,21.585,-27.07,1.75,0.00,0.00,0.000.00
21.63359,176.309,280.547,0,0.000,0.014,0.340,0.003,0.014,-0.001,0.0,1,0.0,21.614,-27.07,1.75,0.00,0.00,0.000.00
21.65351,176.133,280.371,0,0.000,0.017,0.340,0.001,0.017,-0.001,0.0,1,0.0,21.627,-27.07,1.75,0.00,0.00,0.000.00
21.67344,176.221,280.459,0,0.000,0.016,0.341,0.001,0.016,0.003,0.0,1,0.0,21.652,-27.07,1.75,0.00,0.00,0.000.00
21.68384,176.221,280.459,0,0.000,0.016,0.341,-0.001,0.016,0.005,0.0,1,0.0,21.664,-27.07,1.75,0.00,0.00,0.000.00
21.70378,176.309,280.547,0,0.000,0.015,0.341,-0.001,0.015,-0.002,0.0,1,0.0,21.676,-27.07,1.75,0.00,0.00,0.000.00
21.72371,176.309,280.547,0,0.000,0.011,0.341,0.000,0.011,-0.002,0.0,1,0.0,21.702,-27.07,1.75,0.00,0.00,0.000.00
21.73373,176.221,280.459,0,0.000,0.014,0.341,0.000,0.014,-0.005,0.0,1,0.0,21.702,-27.07,1.75,0.00,0.00,0.000.00
21.75357,176.221,280.459,0,0.000,0.016,0.342,0.005,0.016,0.002,0.0,1,0.0,21.727,-27.07,1.75,0.00,0.00,0.000.00
21.77350,176.221,280.459,0,0.000,0.018,0.342,0.001,0.018,0.003,0.0,1,0.0,21.753,-27.07,1.75,0.00,0.00,0.000.00
21.79343,176.133,280.371,0,0.000,0.015,0.342,0.001,0.015,0.010,0.0,1,0.0,21.768,-27.07,1.75,0.00,0.00,0.000.00
21.81337,176.133,280.371,0,0.000,0.013,0.343,0.000,0.013,0.009,0.0,1,0.0,21.794,-27.07,1.75,0.00,0.00,0.000.00
21.83330,176.221,280.459,0,0.000,0.013,0.343,0.001,0.013,0.007,0.0,1,0.0,21.806,-27.07,1.75,0.00,0.00,0.000.00
21.85323,176.221,280.459,0,0.000,0.014,0.343,0.004,0.014,0.004,0.0,1,0.0,21.829,-27.07,1.75,0.00,0.00,0.000.00
21.87317,176.133,280.371,0,0.000,0.012,0.343,0.001,0.012,0.005,0.0,1,0.0,21.841,-27.07,1.75,0.00,0.00,0.000.00
21.89310,176.221,280.459,0,0.000,0.012,0.344,0.004,0.012,0.006,0.0,1,0.0,21.867,-27.07,1.75,0.00,0.00,0.000.00
21.91305,176.309,280.547,0,0.000,0.018,0.344,0.001,0.018,0.007,0.0,1,0.0,21.893,-27.07,1.75,0.00,0.00,0.000.00
21.93305,176.221,280.459,0,0.000,0.016,0.344,0.000,0.016,0.002,0.0,1,0.0,21.910,-27.07,1.75,0.00,0.00,0.000.00
21.95299,176.221,280.459,0,0.000,0.016,0.345,0.002,0.016,0.003,0.0,1,0.0,21.934,-27.07,1.75,0.00,0.00,0.000.00
21.97292,176.133,280.371,0,0.000,0.016,0.345,0.000,0.016,-0.002,0.0,1,0.0,21.948,-27.07,1.75,0.00,0.00,0.000.00
21.99286,176.221,280.459,0,0.000,0.014,0.345,0.001,0.014,-0.009,0.0,1,0.0,21.962,-27.07,1.75,0.00,0.00,0.000.00
22.00325,176.221,280.459,0,0.000,0.014,0.345,0.000,0.014,-0.005,0.0,1,0.0,21.976,-27.07,1.75,0.00,0.00,0.000.00
22.02319,176.133,280.371,0,0.000,0.016,0.346,0.000,0.016,0.002,0.0,1,0.0,22.001,-27.07,1.75,0.00,0.00,0.000.00
22.04312,176.221,280.459,0,0.000,0.017,0.346,-0.002,0.017,0.001,0.0,1,0.0,22.025,-27.07,1.75,0.00,0.00,0.000.00
22.06306,176.221,280.459,0,0.000,0.017,0.346,-0.001,0.017,0.005,0.0,1,0.0,22.039,-27.07,1.75,0.00,0.00,0.000.00
22.08299,176.309,280.547,0,0.000,0.013,0.347,0.001,0.013,-0.001,0.0,1,0.0,22.059,-27.07,1.75,0.00,0.00,0.000.00
22.10292,176.309,280.547,0,0.000,0.016,0.347,0.002,0.016,0.000,0.0,1,0.0,22.082,-27.07,1.75,0.00,0.00,0.000.00
22.11306,176.221,280.459,0,0.000,0.017,0.347,0.002,0.017,0.001,0.0,1,0.0,22.082,-27.07,1.75,0.00,0.00,0.000.00
22.13284,176.309,280.547,0,0.000,0.016,0.347,0.005,0.016,0.005,0.0,1,0.0,22.110,-27.07,1.75,0.00,0.00,0.000.00
22.15277,176.221,280.459,0,0.000,0.014,0.348,0.005,0.014,0.004,0.0,1,0.0,22.131,-27.07,1.75,0.00,0.00,0.000.00
22.17272,176.221,280.459,0,0.000,0.014,0.348,-0.001,0.014,0.004,0.0,1,0.0,22.155,-27.07,1.75,0.00,0.00,0.000.00
22.19264,176.221,280.459,0,0.000,0.016,0.348,-0.001,0.016,0.004,448.0,1,448.0,22.165,-27.07,1.75,0.00,0.00,0.000.00
22.21259,176.133,280.371,0,0.000,0.014,0.349,0.002,0.014,-0.001,448.0,1,448.0,22.192,-27.07,1.75,0.00,0.00,0.000.00
22.23250,176.133,280.371,0,0.000,0.013,0.349,0.003,0.013,0.000,448.0,1,448.0,22.208,-27.07,1.75,0.00,0.00,0.000.00
22.25244,176.221,280.459,0,0.000,0.013,0.349,0.004,0.013,0.000,448.0,1,448.0,22.231,-27.07,1.75,0.00,0.00,0.000.00
22.27237,176.221,280.459,0,0.000,0.014,0.349,0.005,0.014,0.005,448.0,1,448.0,22.243,-27.07,1.75,0.00,0.00,0.000.00
22.28277,176.221,280.459,0,0.000,0.011,0.350,0.006,0.011,0.005,448.0,1,448.0,22.243,-27.07,1.75,0.00,0.00,0.000.00
22.30262,176.221,280.459,0,0.000,0.015,0.350,0.002,0.015,0.004,448.0,1,448.0,22.277,-27.07,1.75,0.00,0.00,0.000.00
22.32256,176.221,280.459,0,0.000,0.016,0.350,0.001,0.016,0.000,448.0,1,448.0,22.300,-27.07,1.75,0.00,0.00,0.000.00
22.34248,176.309,280.547,0,0.000,0.013,0.350,0.001,0.013,0.001,448.0,1,448.0,22.319,-27.07,1.75,0.00,0.00,0.000.00
22.36242,176.133,280.371,0,0.000,0.011,0.351,0.001,0.011,0.000,448.0,1,448.0,22.343,-27.07,1.75,0.00,0.00,0.000.00
22.38235,176.221,280.459,0,0.000,0.013,0.351,-0.001,0.013,-0.001,448.0,1,448.0,22.359,-27.07,1.75,0.00,0.00,0.000.00
22.40228,176.221,280.459,0,0.000,0.016,0.351,0.000,0.016,0.000,448.0,1,448.0,22.371,-27.07,1.75,0.00,0.00,0.000.00
22.42222,176.133,280.371,0,0.000,0.019,0.352,0.000,0.019,0.000,448.0,1,448.0,22.401,-27.07,1.75,0.00,0.00,0.000.00
22.44215,176.221,280.459,0,0.000,0.020,0.352,-0.001,0.020,-0.002,448.0,1,448.0,22.424,-27.07,1.75,0.00,0.00,0.000.00
22.46209,176.221,280.459,0,0.000,0.017,0.352,0.002,0.017,-0.002,448.0,1,448.0,22.435,-27.07,1.75,0.00,0.00,0.000.00
22.48202,176.221,280.459,0,0.000,0.016,0.353,0.002,0.016,-0.001,448.0,1,448.0,22.447,-27.07,1.75,0.00,0.00,0.000.00
22.49236,176.660,280.898,0,0.000,0.016,0.353,0.001,0.016,0.000,872.0,-1,-872.0,22.471,-27.07,1.75,0.00,0.00,0.000.00
22.51192,187.383,291.621,0,0.000,-0.461,0.341,0.001,-0.461,0.034,872.0,-1,-872.0,22.495,-27.07,1.75,0.00,0.00,0.000.00
22.52231,192.656,296.895,0,0.000,-0.427,0.337,-0.014,-0.427,0.028,872.0,-1,-872.0,22.495,-27.07,1.75,0.00,0.00,0.000.00
22.54224,202.324,306.562,0,0.000,-0.142,0.333,-0.014,-0.142,0.004,872.0,-1,-872.0,22.510,-27.07,1.75,0.00,0.00,0.000.00
22.56218,211.553,315.791,0,0.000,-0.069,0.331,0.041,-0.069,0.018,872.0,-1,-872.0,22.540,-27.07,1.75,0.00,0.00,0.000.00
22.58211,220.605,324.844,0,0.000,-0.037,0.329,0.025,-0.037,0.011,872.0,-1,-872.0,22.560,-26.88,1.75,0.20,0.00,20.510.00
22.60204,222.187,326.426,0,0.000,1.425,0.345,0.283,1.425,0.026,668.0,1,668.0,22.577,-28.30,1.81,-1.42,0.06,-91.103.57
22.62198,213.398,317.637,0,0.000,0.499,0.364,0.082,0.499,0.012,668.0,1,668.0,22.599,-29.26,1.76,-1.02,-0.05,-104.81-5.37
22.64191,203.994,308.232,0,0.000,0.287,0.374,0.055,0.287,0.063,668.0,1,668.0,22.623,-30.24,1.94,-0.68,0.00,-56.320.00
22.66184,194.414,298.652,0,0.000,0.133,0.378,0.037,0.133,-0.002,668.0,1,668.0,22.634,-31.18,1.94,-0.94,0.00,-67.570.00
22.67233,189.756,293.994,0,0.000,0.184,0.380,0.006,0.184,0.030,668.0,1,668.0,22.650,-31.56,1.94,-0.38,0.00,-27.840.00
22.69196,179.297,283.535,0,0.000,0.108,0.382,0.015,0.108,0.000,668.0,1,668.0,22.663,-30.83,1.71,0.73,-0.23,48.89-15.56
22.71189,169.014,273.252,0,0.000,-0.055,0.381,-0.017,-0.055,0.009,668.0,1,668.0,22.688,-29.19,2.26,1.49,0.24,120.5719.75
22.73183,158.818,263.057,0,0.000,0.017,0.382,0.004,0.017,-0.005,668.0,1,668.0,22.712,-28.12,2.39,0.98,0.37,90.6134.62
22.75176,148.535,252.773,0,0.000,0.082,0.383,0.004,0.082,0.003,668.0,1,668.0,22.723,-27.67,2.22,0.45,-0.17,39.03-14.99
22.77169,138.428,242.666,0,0.000,0.004,0.382,-0.021,0.004,0.000,668.0,1,668.0,22.748,-26.56,2.22,0.38,0.00,38.200.00
22.79163,128.760,232.998,0,0.000,0.063,0.383,-0.005,0.063,0.002,668.0,1,668.0,22.762,-26.13,2.22,0.42,0.00,30.340.00
22.81156,119.443,223.682,0,0.000,0.165,0.384,0.013,0.165,0.008,668.0,1,668.0,22.788,-24.99,2.17,0.54,0.00,41.690.00
22.83149,110.479,214.717,0,0.000,-0.085,0.382,-0.011,-0.085,0.006,668.0,1,668.0,22.806,-24.50,2.17,0.49,0.00,33.760.00
22.85143,102.217,206.455,0,0.000,-0.047,0.380,0.011,-0.047,0.014,668.0,1,668.0,22.830,-23.43,2.17,0.64,0.00,58.150.00
22.87145,97.734,201.973,0,0.000,0.122,0.381,0.055,0.122,-0.001,980.0,-1,-980.0,22.843,-22.94,2.09,0.49,-0.08,34.84-5.67
22.89138,115.137,219.375,0,0.000,-1.063,0.353,-0.016,-1.063,-0.044,980.0,-1,-980.0,22.868,-21.79,2.09,0.57,0.00,42.880.00
22.91131,133.857,238.096,0,0.000,-0.526,0.340,-0.037,-0.526,-0.026,980.0,-1,-980.0,22.880,-21.26,2.09,0.53,0.00,55.280.00
22.93124,153.896,258.135,0,0.000,-0.347,0.333,-0.051,-0.347,-0.010,980.0,-1,-980.0,22.903,-20.20,2.09,0.59,0.00,59.210.00
22.95118,174.814,279.053,0,0.000,-0.235,0.328,-0.020,-0.235,0.002,980.0,-1,-980.0,22.922,-19.68,2.03,0.52,-0.05,32.30-3.33
22.97111,194.941,299.180,0,0.000,-0.080,0.325,-0.039,-0.080,0.007,980.0,-1,-980.0,22.944,-21.26,2.03,-2.02,0.00,-202.240.00
22.98151,204.961,309.199,0,0.000,0.007,0.325,0.075,0.007,0.011,980.0,-1,-980.0,22.960,-21.38,1.21,-0.13,-0.82,-8.39-55.03
23.00145,222.715,326.953,0,0.000,-0.038,0.326,0.040,-0.038,0.010,980.0,-1,-980.0,22.972,-23.09,1.57,-1.71,0.35,-133.2927.58
23.02138,239.414,343.652,0,0.000,-0.086,0.325,-0.002,-0.086,0.013,980.0,-1,-980.0,22.996,-25.09,1.58,-1.69,-0.50,-155.15-46.41
23.04131,255.322,359.561,0,0.000,-0.032,0.325,0.028,-0.032,0.021,980.0,-1,-980.0,23.020,-27.23,1.89,-1.50,0.08,-149.017.98
23.05275,264.023,368.262,0,0.000,-0.093,0.324,-0.018,-0.093,0.011,980.0,-1,-980.0,23.020,-27.23,1.89,-1.50,0.08,-149.017.98
23.07066,279.229,383.467,0,0.000,-0.062,0.323,-0.011,-0.062,-0.002,980.0,-1,-980.0,23.046,-29.44,1.78,-1.47,-0.06,-119.75-4.73
23.08106,288.281,392.520,0,0.000,0.009,0.323,0.018,0.009,0.005,980.0,-1,-980.0,23.060,-30.24,1.91,-0.80,0.14,-68.5011.93
23.10099,306.299,410.537,0,0.000,0.053,0.324,0.011,0.053,-0.004,980.0,-1,-980.0,23.071,-31.31,1.81,-1.07,-0.10,-89.94-8.69
23.12092,326.074,430.312,0,0.000,0.047,0.326,0.029,0.047,0.000,980.0,-1,-980.0,23.098,-33.26,1.98,-0.74,0.08,-56.876.02
23.14086,346.641,450.879,0,0.000,0.075,0.328,0.037,0.075,-0.032,980.0,-1,-980.0,23.110,-34.59,1.84,-1.33,-0.14,-112.59-12.14
23.16079,6.768,471.006,0,0.000,-0.001,0.329,0.051,-0.001,-0.034,980.0,-1,-980.0,23.139,-36.72,1.89,-1.25,0.00,-91.490.00
23.17119,16.963,481.201,0,0.000,0.169,0.331,-0.047,0.169,0.044,980.0,-1,-980.0,23.150,-37.91,1.89,-1.19,0.00,-89.860.00
23.19112,25.225,489.463,0,0.000,1.110,0.343,-0.039,1.110,0.016,369.0,1,369.0,23.163,-38.83,1.89,-0.92,0.00,-77.670.00
23.21106,25.049,489.287,0,0.000,0.581,0.357,0.001,0.581,0.010,369.0,1,369.0,23.189,-41.19,1.93,-1.21,0.09,-92.266.90
23.23108,25.137,489.375,0,0.000,0.316,0.365,-0.027,0.316,0.023,369.0,1,369.0,23.205,-42.02,1.93,-0.82,0.00,-51.540.00
23.25102,25.049,489.287,0,0.000,0.205,0.371,-0.040,0.205,0.016,369.0,1,369.0,23.232,-44.12,2.02,-1.01,0.16,-73.8911.97
23.27094,25.049,489.287,0,0.000,0.124,0.375,-0.047,0.124,0.018,369.0,1,369.0,23.244,-45.28,2.02,-1.16,0.00,-84.520.00
23.29088,24.961,489.199,0,0.000,0.037,0.376,-0.042,0.037,0.001,369.0,1,369.0,23.269,-45.58,1.73,1.02,-0.19,95.85-17.85
23.31081,24.961,489.199,0,0.000,-0.012,0.376,-0.032,-0.012,-0.002,369.0,1,369.0,23.282,-46.50,1.81,-0.92,0.08,-69.086.01
23.33074,25.049,489.287,0,0.000,-0.021,0.376,-0.031,-0.021,-0.001,369.0,1,369.0,23.309,-46.14,2.17,-0.31,-0.11,-22.09-7.72
23.35068,25.049,489.287,0,0.000,0.016,0.376,-0.028,0.016,0.006,369.0,1,369.0,23.318,-46.04,2.17,0.10,0.00,7.750.00
23.37061,25.049,489.287,0,0.000,0.051,0.377,-0.019,0.051,0.008,369.0,1,369.0,23.347,-46.04,2.28,0.00,0.00,0.000.00
23.39054,25.049,489.287,0,0.000,0.059,0.378,-0.019,0.059,0.005,369.0,1,369.0,23.367,-46.03,2.28,-0.05,0.00,-5.110.00
23.41048,24.961,489.199,0,0.000,0.031,0.379,-0.016,0.031,0.008,369.0,1,369.0,23.383,-46.03,2.28,0.00,0.00,0.000.00
23.42092,25.049,489.287,0,0.000,0.008,0.379,0.019,0.008,0.002,369.0,1,369.0,23.394,-46.03,2.28,0.00,0.00,0.000.00
23.44059,24.961,489.199,0,0.000,-0.021,0.379,0.017,-0.021,-0.002,369.0,1,369.0,23.409,-46.03,2.28,0.00,0.00,0.000.00
23.46052,25.049,489.287,0,0.000,-0.018,0.378,0.018,-0.018,-0.001,369.0,1,369.0,23.438,-46.08,2.28,-0.05,0.00,-3.650.00
23.48045,24.961,489.199,0,0.000,0.010,0.378,0.016,0.010,0.004,369.0,1,369.0,23.461,-46.08,2.28,0.00,0.00,0.000.00
23.50039,25.049,489.287,0,0.000,0.038,0.379,0.011,0.038,0.005,369.0,1,369.0,23.477,-46.08,2.28,0.00,0.00,0.000.00
23.52032,25.049,489.287,0,0.000,0.043,0.380,0.007,0.043,0.007,369.0,1,369.0,23.490,-46.08,2.28,0.00,0.00,0.000.00
23.54025,25.049,489.287,0,0.000,0.030,0.380,-0.001,0.030,0.002,0.0,1,0.0,23.521,-46.08,2.28,0.00,0.00,0.000.00
23.56019,25.049,489.287,0,0.000,0.001,0.381,-0.002,0.001,-0.002,0.0,1,0.0,23.530,-46.08,2.28,0.00,0.00,0.000.00
23.58012,25.049,489.287,0,0.000,-0.013,0.380,0.000,-0.013,0.000,0.0,1,0.0,23.557,-46.08,2.28,0.00,0.00,0.000.00
23.60005,25.049,489.287,0,0.000,-0.005,0.380,0.003,-0.005,0.000,0.0,1,0.0,23.569,-46.08,2.28,0.00,0.00,0.000.00
23.61034,25.049,489.287,0,0.000,0.005,0.380,0.004,0.005,0.000,0.0,1,0.0,23.583,-46.08,2.28,0.00,0.00,0.000.00
23.62998,25.049,489.287,0,0.000,0.029,0.381,-0.001,0.029,0.004,0.0,1,0.0,23.608,-46.08,2.28,0.00,0.00,0.000.00
23.64991,24.961,489.199,0,0.000,0.035,0.381,-0.003,0.035,0.003,877.0,-1,-877.0,23.621,-46.08,2.28,0.00,0.00,0.000.00
23.66031,29.707,493.945,0,0.000,-0.575,0.375,0.020,-0.575,0.005,877.0,-1,-877.0,23.633,-46.08,2.28,0.00,0.00,0.000.00
23.68024,38.320,502.559,0,0.000,-0.370,0.367,-0.007,-0.370,-0.008,877.0,-1,-877.0,23.657,-46.08,2.28,0.00,0.00,0.000.00
23.70018,46.582,510.820,0,0.000,-0.192,0.362,-0.002,-0.192,-0.001,877.0,-1,-877.0,23.682,-46.08,2.28,0.00,0.00,0.000.00
23.72011,54.492,518.730,0,0.000,-0.147,0.359,0.022,-0.147,0.001,877.0,-1,-877.0,23.696,-46.08,2.28,0.00,0.00,0.000.00
23.74004,62.314,526.553,0,0.000,-0.025,0.357,0.040,-0.025,0.004,877.0,-1,-877.0,23.721,-45.83,2.33,0.25,0.05,19.874.39
23.75998,70.049,534.287,0,0.000,0.041,0.358,0.004,0.041,-0.011,877.0,-1,-877.0,23.732,-47.01,2.43,-1.18,0.09,-90.317.10
23.77991,77.520,541.758,0,0.000,0.106,0.360,0.027,0.106,0.013,740.0,-1,-740.0,23.759,-47.87,2.43,-0.72,0.06,-63.145.39
23.79976,85.166,549.404,0,0.000,0.042,0.360,0.020,0.042,0.011,740.0,-1,-740.0,23.776,-48.48,2.38,-0.61,-0.05,-41.19-3.21
23.81969,92.900,557.139,0,0.000,0.026,0.361,0.002,0.026,-0.010,740.0,-1,-740.0,23.798,-49.50,2.32,-0.54,-0.06,-56.95-6.42
23.83962,100.986,565.225,0,0.000,0.010,0.361,0.032,0.010,0.003,740.0,-1,-740.0,23.812,-49.91,2.18,-0.40,-0.14,-30.57-10.86
23.85956,103.623,567.861,0,0.000,0.609,0.367,0.051,0.609,0.001,423.0,1,423.0,23.840,-51.24,2.18,-0.53,0.00,-40.270.00
23.86996,103.711,567.949,0,0.000,0.321,0.370,0.065,0.321,0.008,423.0,1,423.0,23.840,-51.24,2.18,-0.53,0.00,-40.270.00
23.88989,103.623,567.861,0,0.000,0.233,0.376,0.075,0.233,0.020,423.0,1,423.0,23.866,-52.19,2.18,-0.51,0.00,-31.530.00
23.90983,103.623,567.861,0,0.000,0.161,0.381,0.047,0.161,0.016,423.0,1,423.0,23.893,-53.15,2.18,-0.53,0.00,-39.720.00
23.92976,103.711,567.949,0,0.000,0.091,0.384,0.028,0.091,0.009,423.0,1,423.0,23.904,-53.68,2.18,-0.53,0.00,-42.480.00
23.94969,103.623,567.861,0,0.000,0.025,0.384,0.013,0.025,0.000,423.0,1,423.0,23.929,-54.43,1.96,-0.10,-0.22,-6.46-14.59
23.96962,103.711,567.949,0,0.000,-0.014,0.384,0.013,-0.014,-0.010,423.0,1,423.0,23.944,-54.43,1.96,0.00,0.00,0.000.00
23.97976,103.623,567.861,0,0.000,-0.037,0.384,0.011,-0.037,-0.008,423.0,1,423.0,23.956,-54.43,1.96,0.00,0.00,0.000.00
23.99953,103.711,567.949,0,0.000,-0.013,0.384,0.017,-0.013,-0.006,423.0,1,423.0,23.970,-54.55,2.04,-0.12,0.08,-9.015.97
24.01946,103.623,567.861,0,0.000,0.032,0.384,0.007,0.032,0.003,423.0,1,423.0,23.995,-54.47,2.04,0.08,0.00,8.730.00
24.03939,103.711,567.949,0,0.000,0.049,0.385,0.000,0.049,0.008,423.0,1,423.0,24.019,-54.47,2.09,0.00,0.05,0.003.47
24.05932,103.623,567.861,0,0.000,0.039,0.386,-0.005,0.039,0.004,423.0,1,423.0,24.031,-54.47,2.09,0.00,0.00,0.000.00
24.07926,103.623,567.861,0,0.000,0.005,0.386,-0.001,0.005,-0.002,423.0,1,423.0,24.056,-54.53,2.09,0.00,0.00,0.000.00
24.09919,103.711,567.949,0,0.000,-0.018,0.386,0.003,-0.018,-0.007,423.0,1,423.0,24.069,-54.53,2.09,0.00,0.00,0.000.00
24.11912,103.623,567.861,0,0.000,-0.017,0.386,0.009,-0.017,-0.001,423.0,1,423.0,24.097,-54.53,2.09,0.00,0.00,0.000.00
24.13906,103.623,567.861,0,0.000,0.009,0.386,0.007,0.009,0.002,423.0,1,423.0,24.112,-54.53,2.09,0.00,0.00,0.000.00
24.14946,103.711,567.949,0,0.000,0.022,0.386,-0.005,0.022,0.001,0.0,1,0.0,24.124,-54.53,2.09,0.00,0.00,0.000.00
24.16939,103.623,567.861,0,0.000,0.038,0.387,-0.009,0.038,0.010,0.0,1,0.0,24.150,-54.53,2.09,0.00,0.00,0.000.00
24.18932,103.623,567.861,0,0.000,0.029,0.387,-0.013,0.029,0.007,0.0,1,0.0,24.162,-54.53,2.09,0.00,0.00,0.000.00
24.20926,103.711,567.949,0,0.000,0.001,0.388,-0.004,0.001,0.000,201.0,-1,-201.0,24.185,-54.53,2.09,0.00,0.00,0.000.00
24.22921,103.623,567.861,0,0.000,-0.015,0.387,-0.002,-0.015,-0.004,201.0,-1,-201.0,24.208,-54.53,2.09,0.00,0.00,0.000.00
24.24912,103.711,567.949,0,0.000,-0.008,0.387,0.006,-0.008,-0.007,201.0,-1,-201.0,24.221,-54.53,2.09,0.00,0.00,0.000.00
24.26907,103.711,567.949,0,0.000,0.007,0.387,0.002,0.007,0.001,201.0,-1,-201.0,24.248,-54.53,2.09,0.00,0.00,0.000.00
24.28899,103.711,567.949,0,0.000,0.028,0.388,-0.001,0.028,0.006,201.0,-1,-201.0,24.262,-54.53,2.09,0.00,0.00,0.000.00
24.30894,103.711,567.949,0,0.000,0.033,0.388,-0.006,0.033,0.002,0.0,1,0.0,24.289,-54.53,2.09,0.00,0.00,0.000.00
24.32886,103.711,567.949,0,0.000,0.019,0.389,-0.005,0.019,0.000,0.0,1,0.0,24.299,-54.53,2.09,0.00,0.00,0.000.00
24.34879,103.623,567.861,0,0.000,-0.002,0.389,0.000,-0.002,0.001,0.0,1,0.0,24.328,-54.53,2.09,0.00,0.00,0.000.00
24.35895,103.711,567.949,0,0.000,-0.008,0.389,0.004,-0.008,-0.002,0.0,1,0.0,24.340,-54.53,2.09,0.00,0.00,0.000.00
24.37863,103.623,567.861,0,0.000,-0.005,0.389,0.004,-0.005,-0.002,0.0,1,0.0,24.352,-54.53,2.09,0.00,0.00,0.000.00
24.38903,103.623,567.861,0,0.000,0.000,0.389,0.002,0.000,0.000,0.0,1,0.0,24.367,-54.53,2.09,0.00,0.00,0.000.00
24.40896,103.623,567.861,0,0.000,0.017,0.389,0.002,0.017,0.000,0.0,1,0.0,24.389,-54.53,2.09,0.00,0.00,0.000.00
24.42890,103.711,567.949,0,0.000,0.025,0.389,-0.005,0.025,0.004,0.0,1,0.0,24.404,-54.53,2.09,0.00,0.00,0.000.00
24.44883,103.711,567.949,0,0.000,0.020,0.390,-0.005,0.020,0.007,0.0,1,0.0,24.429,-54.53,2.09,0.00,0.00,0.000.00
24.46877,103.623,567.861,0,0.000,0.010,0.390,0.002,0.010,0.004,0.0,1,0.0,24.441,-54.53,2.09,0.00,0.00,0.000.00
24.48870,103.711,567.949,0,0.000,0.001,0.390,0.008,0.001,0.000,0.0,1,0.0,24.466,-54.53,2.09,0.00,0.00,0.000.00
24.50863,103.623,567.861,0,0.000,0.000,0.390,0.007,0.000,0.000,0.0,1,0.0,24.481,-54.53,2.09,0.00,0.00,0.000.00
24.52856,103.711,567.949,0,0.000,0.010,0.390,0.002,0.010,0.005,0.0,1,0.0,24.506,-54.53,2.09,0.00,0.00,0.000.00
24.54859,103.623,567.861,0,0.000,0.026,0.391,-0.006,0.026,0.008,0.0,1,0.0,24.522,-54.53,2.09,0.00,0.00,0.000.00
24.56852,103.711,567.949,0,0.000,0.028,0.391,-0.008,0.028,0.007,0.0,1,0.0,24.543,-54.53,2.09,0.00,0.00,0.000.00
24.58845,103.623,567.861,0,0.000,0.014,0.392,0.000,0.014,0.010,0.0,1,0.0,24.570,-54.53,2.09,0.00,0.00,0.000.00
24.60838,103.711,567.949,0,0.000,0.005,0.392,0.004,0.005,0.005,0.0,1,0.0,24.583,-54.53,2.09,0.00,0.00,0.000.00
24.62832,103.623,567.861,0,0.000,0.000,0.392,0.006,0.000,0.000,0.0,1,0.0,24.610,-54.53,2.09,0.00,0.00,0.000.00
24.64825,103.711,567.949,0,0.000,0.007,0.392,0.002,0.007,0.004,0.0,1,0.0,24.622,-54.53,2.09,0.00,0.00,0.000.00
24.66818,103.623,567.861,0,0.000,0.019,0.392,0.003,0.019,0.000,0.0,1,0.0,24.647,-54.53,2.09,0.00,0.00,0.000.00
24.68812,103.711,567.949,0,0.000,0.026,0.393,-0.001,0.026,-0.004,0.0,1,0.0,24.658,-54.53,2.09,0.00,0.00,0.000.00
24.70805,103.711,567.949,0,0.000,0.020,0.393,0.000,0.020,-0.001,102.0,-1,-102.0,24.681,-54.53,2.09,0.00,0.00,0.000.00
24.72799,103.711,567.949,0,0.000,0.007,0.393,0.004,0.007,-0.004,102.0,-1,-102.0,24.703,-54.53,2.09,0.00,0.00,0.000.00
24.73828,103.623,567.861,0,0.000,0.002,0.393,0.004,0.002,-0.003,102.0,-1,-102.0,24.712,-54.53,2.09,0.00,0.00,0.000.00
24.74829,103.799,568.037,0,0.000,0.000,0.393,0.005,0.000,-0.002,102.0,-1,-102.0,24.725,-54.53,2.09,0.00,0.00,0.000.00
24.76822,103.623,567.861,0,0.000,0.004,0.393,0.002,0.004,0.000,102.0,-1,-102.0,24.746,-54.53,2.09,0.00,0.00,0.000.00
24.78816,103.711,567.949,0,0.000,0.012,0.393,-0.002,0.012,-0.002,102.0,-1,-102.0,24.759,-54.53,2.09,0.00,0.00,0.000.00
24.80809,103.623,567.861,0,0.000,0.020,0.394,-0.002,0.020,0.001,102.0,-1,-102.0,24.789,-54.53,2.09,0.00,0.00,0.000.00
24.82802,103.711,567.949,0,0.000,0.019,0.394,-0.003,0.019,0.001,102.0,-1,-102.0,24.801,-54.53,2.09,0.00,0.00,0.000.00
24.84796,103.623,567.861,0,0.000,0.014,0.395,0.002,0.014,0.005,0.0,1,0.0,24.827,-54.53,2.09,0.00,0.00,0.000.00
24.86789,103.623,567.861,0,0.000,0.008,0.395,0.010,0.008,0.003,0.0,1,0.0,24.838,-54.53,2.09,0.00,0.00,0.000.00
24.88782,103.799,568.037,0,0.000,0.005,0.395,0.008,0.005,0.001,0.0,1,0.0,24.862,-54.53,2.09,0.00,0.00,0.000.00
24.90777,103.623,567.861,0,0.000,0.011,0.395,0.005,0.011,0.003,0.0,1,0.0,24.888,-54.53,2.09,0.00,0.00,0.000.00
24.91828,103.623,567.861,0,0.000,0.012,0.395,0.002,0.012,0.004,0.0,1,0.0,24.888,-54.53,2.09,0.00,0.00,0.000.00
24.93790,103.711,567.949,0,0.000,0.018,0.395,-0.004,0.018,0.005,0.0,1,0.0,24.911,-54.53,2.09,0.00,0.00,0.000.00
24.95784,103.711,567.949,0,0.000,0.021,0.396,-0.004,0.021,0.000,0.0,1,0.0,24.932,-54.53,2.09,0.00,0.00,0.000.00
24.97777,103.623,567.861,0,0.000,0.015,0.396,0.000,0.015,0.002,0.0,1,0.0,24.955,-54.53,2.09,0.00,0.00,0.000.00
24.99770,103.623,567.861,0,0.000,0.005,0.396,0.007,0.005,-0.001,0.0,1,0.0,24.978,-54.53,2.09,0.00,0.00,0.000.00
25.01763,103.623,567.861,0,0.000,0.006,0.396,0.006,0.006,0.001,0.0,1,0.0,24.993,-54.53,2.09,0.00,0.00,0.000.00
25.03757,103.623,567.861,0,0.000,0.012,0.397,0.005,0.012,0.002,0.0,1,0.0,25.018,-54.53,2.09,0.00,0.00,0.000.00
25.05750,103.623,567.861,0,0.000,0.020,0.397,0.000,0.020,0.000,0.0,1,0.0,25.031,-54.53,2.09,0.00,0.00,0.000.00
25.07745,103.799,568.037,0,0.000,0.019,0.397,0.000,0.019,0.001,0.0,1,0.0,25.050,-54.53,2.09,0.00,0.00,0.000.00
25.09737,103.711,567.949,0,0.000,0.016,0.398,0.000,0.016,-0.001,0.0,1,0.0,25.075,-54.53,2.09,0.00,0.00,0.000.00
25.11739,103.623,567.861,0,0.000,0.006,0.398,0.001,0.006,-0.001,0.0,1,0.0,25.086,-54.53,2.09,0.00,0.00,0.000.00
25.13732,103.711,567.949,0,0.000,0.006,0.398,0.002,0.006,-0.002,0.0,1,0.0,25.112,-54.53,2.09,0.00,0.00,0.000.00
25.15725,103.711,567.949,0,0.000,0.011,0.398,0.002,0.011,-0.004,0.0,1,0.0,25.125,-54.53,2.09,0.00,0.00,0.000.00
25.17719,103.711,567.949,0,0.000,0.016,0.399,-0.001,0.016,-0.001,0.0,1,0.0,25.155,-54.53,2.09,0.00,0.00,0.000.00
25.18759,103.711,567.949,0,0.000,0.016,0.399,-0.002,0.016,0.003,0.0,1,0.0,25.165,-54.53,2.09,0.00,0.00,0.000.00
25.20752,103.623,567.861,0,0.000,0.019,0.399,-0.004,0.019,0.004,0.0,1,0.0,25.180,-54.53,2.09,0.00,0.00,0.000.00
25.22745,103.623,567.861,0,0.000,0.016,0.399,0.001,0.016,0.008,0.0,1,0.0,25.206,-54.53,2.09,0.00,0.00,0.000.00
25.24739,103.711,567.949,0,0.000,0.014,0.400,0.002,0.014,0.005,0.0,1,0.0,25.216,-54.53,2.09,0.00,0.00,0.000.00
25.26732,103.623,567.861,0,0.000,0.010,0.400,0.000,0.010,0.000,0.0,1,0.0,25.243,-54.53,2.09,0.00,0.00,0.000.00
25.28725,103.711,567.949,0,0.000,0.011,0.400,0.002,0.011,-0.004,0.0,1,0.0,25.257,-54.53,2.09,0.00,0.00,0.000.00
25.33309,103.711,567.949,0,0.000,0.015,0.401,-0.001,0.015,0.001,0.0,1,0.0,25.272,-54.53,2.09,0.00,0.00,0.000.00
25.34707,103.711,567.949,0,0.000,0.016,0.401,-0.002,0.016,-0.002,0.0,1,0.0,25.272,-54.53,2.09,0.00,0.00,0.000.00
25.36700,103.711,567.949,0,0.000,0.009,0.401,0.004,0.009,0.002,0.0,1,0.0,25.346,-54.53,2.09,0.00,0.00,0.000.00
25.38694,103.711,567.949,0,0.000,0.005,0.401,0.008,0.005,0.001,0.0,1,0.0,25.354,-54.53,2.09,0.00,0.00,0.000.00
25.40687,103.711,567.949,0,0.000,0.005,0.401,0.006,0.005,-0.001,0.0,1,0.0,25.386,-54.53,2.09,0.00,0.00,0.000.00
25.42682,103.711,567.949,0,0.000,0.010,0.402,0.007,0.010,-0.003,0.0,1,0.0,25.408,-54.53,2.09,0.00,0.00,0.000.00
25.44674,103.711,567.949,0,0.000,0.014,0.402,0.004,0.014,-0.002,0.0,1,0.0,25.421,-54.53,2.09,0.00,0.00,0.000.00
25.46667,103.711,567.949,0,0.000,0.012,0.402,0.001,0.012,-0.002,0.0,1,0.0,25.447,-54.53,2.09,0.00,0.00,0.000.00
25.47707,103.711,567.949,0,0.000,0.010,0.402,0.004,0.010,0.000,0.0,1,0.0,25.458,-54.53,2.09,0.00,0.00,0.000.00
25.49700,103.711,567.949,0,0.000,0.008,0.402,0.005,0.008,-0.003,0.0,1,0.0,25.470,-54.53,2.09,0.00,0.00,0.000.00
25.51616,103.711,567.949,0,0.000,0.005,0.403,0.005,0.005,0.004,0.0,1,0.0,25.499,-54.53,2.09,0.00,0.00,0.000.00
25.52656,103.623,567.861,0,0.000,0.006,0.403,0.002,0.006,0.002,0.0,1,0.0,25.499,-54.53,2.09,0.00,0.00,0.000.00
25.53696,103.711,567.949,0,0.000,0.008,0.403,0.002,0.008,0.005,0.0,1,0.0,25.509,-54.53,2.09,0.00,0.00,0.000.00
25.55689,103.623,567.861,0,0.000,0.011,0.403,0.003,0.011,0.004,0.0,1,0.0,25.536,-54.53,2.09,0.00,0.00,0.000.00
25.57682,103.711,567.949,0,0.000,0.016,0.403,0.001,0.016,0.006,0.0,1,0.0,25.559,-54.53,2.09,0.00,0.00,0.000.00
25.59676,96.240,560.479,0,0.000,0.656,0.416,0.056,0.656,-0.023,942.0,1,942.0,25.572,-54.53,2.09,0.00,0.00,0.000.00
25.61669,88.330,552.568,0,0.000,0.438,0.424,0.023,0.438,0.005,942.0,1,942.0,25.595,-54.53,2.09,0.00,0.00,0.000.00
25.63662,80.508,544.746,0,0.000,0.272,0.429,0.037,0.272,-0.013,942.0,1,942.0,25.611,-54.53,2.09,0.00,0.00,0.000.00
25.65656,72.861,537.100,0,0.000,0.095,0.431,0.016,0.095,0.003,942.0,1,942.0,25.621,-54.53,2.09,0.00,0.00,0.000.00
25.67649,65.303,529.541,0,0.000,0.035,0.431,-0.002,0.035,0.010,805.0,1,805.0,25.654,-54.65,2.09,-0.11,0.00,-6.350.00
25.68789,61.172,525.410,0,0.000,-0.008,0.431,-0.019,-0.008,0.007,805.0,1,805.0,25.665,-53.76,1.91,0.88,-0.18,78.93-16.43
25.70662,53.613,517.852,0,0.000,-0.002,0.431,-0.018,-0.002,0.002,805.0,1,805.0,25.677,-53.43,1.96,0.33,0.05,27.864.15
25.72656,45.703,509.941,0,0.000,0.025,0.431,0.006,0.025,-0.002,805.0,1,805.0,25.707,-52.44,1.96,0.22,0.00,15.340.00
25.74649,37.266,501.504,0,0.000,0.040,0.431,-0.023,0.040,0.000,805.0,1,805.0,25.720,-51.72,2.06,0.72,0.10,54.937.33
25.76642,28.564,492.803,0,0.000,0.055,0.432,-0.033,0.055,0.001,805.0,1,805.0,25.742,-50.81,2.06,0.49,0.00,51.630.00
25.78636,19.512,483.750,0,0.000,0.074,0.432,0.004,0.074,0.002,738.0,1,738.0,25.769,-49.66,2.06,0.56,0.00,39.710.00
25.80629,10.020,474.258,0,0.000,0.013,0.432,-0.005,0.013,-0.005,738.0,1,738.0,25.781,-49.17,2.06,0.49,0.00,39.340.00
25.82623,0.088,464.326,0,0.000,0.002,0.432,-0.011,0.002,-0.022,738.0,1,738.0,25.809,-48.07,2.06,0.60,0.00,41.990.00
25.84616,349.893,454.131,0,0.000,-0.013,0.431,-0.008,-0.013,0.001,738.0,1,738.0,25.820,-47.10,2.06,0.97,0.00,89.050.00
25.86609,339.697,443.936,0,0.000,0.035,0.431,-0.004,0.035,0.032,738.0,1,738.0,25.844,-46.04,2.11,0.43,0.00,29.110.00
25.88603,329.238,433.477,0,0.000,0.051,0.432,0.022,0.051,-0.003,738.0,1,738.0,25.857,-45.29,2.11,0.75,0.00,56.160.00
25.90596,319.219,423.457,0,0.000,0.081,0.432,0.031,0.081,0.011,738.0,1,738.0,25.885,-44.36,2.06,0.50,0.00,35.170.00
25.92589,309.375,413.613,0,0.000,0.041,0.432,-0.007,0.041,0.013,738.0,1,738.0,25.907,-43.33,2.06,0.43,0.00,45.390.00
25.93629,304.365,408.604,0,0.000,-0.095,0.431,-0.002,-0.095,0.014,738.0,1,738.0,25.907,-43.33,2.06,0.43,0.00,45.390.00
25.95622,295.137,399.375,0,0.000,-0.087,0.430,-0.023,-0.087,-0.004,738.0,1,738.0,25.933,-42.17,2.11,0.58,0.05,50.504.48
25.97616,286.348,390.586,0,0.000,-0.115,0.430,-0.021,-0.115,0.020,738.0,1,738.0,25.959,-41.16,2.11,0.53,0.00,37.720.00
25.99609,277.734,381.973,0,0.000,0.020,0.430,-0.023,0.020,0.016,738.0,1,738.0,25.970,-40.58,2.11,0.58,0.00,53.870.00
26.01604,269.561,373.799,0,0.000,-0.039,0.430,-0.008,-0.039,0.016,738.0,1,738.0,25.996,-39.53,2.06,0.54,0.00,36.860.00
26.03596,261.387,365.625,0,0.000,-0.061,0.430,-0.001,-0.061,0.000,738.0,1,738.0,26.009,-38.99,2.01,0.54,-0.05,48.90-4.57
26.05589,253.477,357.715,0,0.000,0.013,0.431,-0.005,0.013,0.001,738.0,1,738.0,26.035,-37.73,1.96,0.85,0.06,55.873.78
26.06632,249.609,353.848,0,0.000,-0.009,0.431,0.000,-0.009,0.002,738.0,1,738.0,26.035,-37.73,1.96,0.85,0.06,55.873.78
26.08596,241.523,345.762,0,0.000,-0.006,0.430,0.008,-0.006,0.013,738.0,1,738.0,26.060,-36.67,1.96,0.84,0.00,57.780.00
26.10590,233.437,337.676,0,0.000,0.022,0.429,0.007,0.022,0.008,738.0,1,738.0,26.075,-36.37,1.84,0.30,-0.13,21.38-9.16
26.12583,224.912,329.150,0,0.000,-0.077,0.428,-0.001,-0.077,0.003,800.0,1,800.0,26.100,-35.28,2.05,0.34,0.00,35.370.00
26.14577,216.299,320.537,0,0.000,0.015,0.427,0.010,0.015,0.017,800.0,1,800.0,26.125,-34.03,2.05,0.62,0.05,55.824.39
26.16570,207.422,311.660,0,0.000,0.031,0.427,0.002,0.031,0.017,800.0,1,800.0,26.140,-33.54,2.05,0.49,0.00,38.880.00
26.18563,197.930,302.168,0,0.000,0.042,0.427,0.022,0.042,-0.001,800.0,1,800.0,26.155,-32.96,2.05,0.58,0.00,37.150.00
26.20556,188.174,292.412,0,0.000,0.059,0.427,0.013,0.059,0.004,800.0,1,800.0,26.182,-31.85,2.12,0.75,0.12,64.6310.50
26.22551,177.979,282.217,0,0.000,0.092,0.428,0.001,0.092,0.016,800.0,1,800.0,26.208,-30.88,2.05,0.44,0.00,34.670.00
26.24543,167.695,271.934,0,0.000,0.068,0.428,0.007,0.068,0.018,800.0,1,800.0,26.217,-30.23,2.05,0.65,0.00,65.380.00
26.26545,157.412,261.650,0,0.000,0.099,0.429,0.009,0.099,0.006,800.0,1,800.0,26.242,-29.09,2.05,0.57,0.00,52.220.00
26.28538,147.041,251.279,0,0.000,0.049,0.429,0.008,0.049,0.007,800.0,1,800.0,26.259,-28.10,2.13,1.00,0.08,80.486.19
26.30532,136.934,241.172,0,0.000,0.088,0.429,0.011,0.088,0.008,800.0,1,800.0,26.282,-26.99,2.15,0.51,-0.05,37.02-3.96
26.32525,127.354,231.592,0,0.000,0.041,0.429,0.019,0.041,-0.010,800.0,1,800.0,26.293,-26.24,2.21,0.75,0.06,74.185.68
26.34518,118.037,222.275,0,0.000,0.017,0.429,0.020,0.017,0.018,800.0,1,800.0,26.321,-25.36,2.15,0.40,0.00,29.900.00
26.36512,109.336,213.574,0,0.000,-0.023,0.429,0.025,-0.023,0.000,800.0,1,800.0,26.348,-24.32,2.10,0.45,-0.05,35.19-4.01
26.38505,100.898,205.137,0,0.000,-0.022,0.429,0.017,-0.022,0.014,800.0,1,800.0,26.360,-23.68,2.10,0.64,0.00,47.380.00
26.39545,96.680,200.918,0,0.000,-0.071,0.428,0.005,-0.071,0.017,800.0,1,800.0,26.373,-23.17,2.04,0.50,-0.05,38.64-3.87
26.41539,88.682,192.920,0,0.000,-0.054,0.428,0.012,-0.054,0.017,800.0,1,800.0,26.387,-22.65,2.10,0.52,0.05,39.103.96
26.43532,80.947,185.186,0,0.000,-0.097,0.427,0.020,-0.097,0.022,800.0,1,800.0,26.409,-21.65,2.14,0.44,0.00,35.260.00
26.44574,77.344,181.582,0,0.000,0.028,0.428,0.007,0.028,-0.002,800.0,1,800.0,26.425,-20.94,2.14,0.71,0.00,45.350.00
26.46531,69.434,173.672,0,0.000,-0.010,0.427,-0.014,-0.010,0.010,800.0,1,800.0,26.437,-20.69,2.04,0.25,-0.10,19.15-8.04
26.48525,61.875,166.113,0,0.000,-0.081,0.427,-0.039,-0.081,0.014,800.0,1,800.0,26.455,-19.77,2.13,0.93,0.08,62.915.71
26.50518,54.141,158.379,0,0.000,-0.054,0.426,0.008,-0.054,0.010,800.0,1,800.0,26.479,-18.76,2.06,0.90,0.09,75.597.22
26.52512,46.143,150.381,0,0.000,0.114,0.427,0.058,0.114,-0.005,800.0,1,800.0,26.505,-17.54,2.12,1.12,0.07,80.564.90
26.54505,37.793,142.031,0,0.000,0.041,0.428,0.014,0.041,-0.002,800.0,1,800.0,26.517,-17.54,2.12,0.00,0.00,0.000.00
26.56498,29.268,133.506,0,0.000,0.047,0.427,0.012,0.047,0.002,800.0,1,800.0,26.545,-16.43,2.12,0.05,0.00,4.650.00
26.58491,20.127,124.365,0,0.000,0.037,0.427,0.026,0.037,0.004,800.0,1,800.0,26.556,-15.61,2.12,0.83,0.00,70.900.00
26.60485,10.635,114.873,0,0.000,0.016,0.428,0.035,0.016,0.006,800.0,1,800.0,26.583,-14.56,2.11,0.72,-0.06,55.97-4.94
26.62478,0.879,105.117,0,0.000,-0.040,0.427,0.011,-0.040,0.001,800.0,1,800.0,26.593,-14.12,2.11,0.44,0.00,40.660.00
26.63497,355.957,100.195,0,0.000,0.053,0.427,-0.014,0.053,0.005,800.0,1,800.0,26.607,-12.90,2.11,1.22,0.00,92.160.00
26.65460,345.498,89.736,0,0.000,0.013,0.428,-0.005,0.013,0.005,800.0,1,800.0,26.632,-11.71,2.19,0.84,0.08,72.016.50
26.67454,335.215,79.453,0,0.000,-0.124,0.426,0.038,-0.124,0.014,800.0,1,800.0,26.655,-10.67,2.19,0.96,0.12,72.609.28
26.68494,329.678,73.916,0,0.000,-0.011,0.426,-0.020,-0.011,0.010,800.0,1,800.0,26.655,-10.67,2.19,0.96,0.12,72.609.28
26.70487,319.658,63.896,0,0.000,0.101,0.427,0.050,0.101,-0.002,800.0,1,800.0,26.679,-9.59,2.24,0.96,0.14,86.0112.89
26.72480,309.902,54.141,0,0.000,-0.181,0.426,0.006,-0.181,0.006,800.0,1,800.0,26.704,-8.40,2.13,0.15,-0.06,15.44-6.77
26.74474,300.410,44.648,0,0.000,-0.147,0.425,-0.014,-0.147,0.014,800.0,1,800.0,26.724,-7.19,2.08,0.38,-0.13,30.72-10.87
26.76467,291.270,35.508,0,0.000,0.031,0.426,-0.006,0.031,0.004,800.0,1,800.0,26.735,-6.41,2.22,0.78,0.15,72.4913.66
26.78460,282.656,26.895,0,0.000,-0.025,0.425,-0.030,-0.025,0.006,800.0,1,800.0,26.762,-5.27,2.32,1.31,0.23,93.5516.35
26.80454,274.395,18.633,0,0.000,0.023,0.425,0.001,0.023,0.004,800.0,1,800.0,26.774,-4.91,2.09,0.36,-0.23,30.04-19.05
26.82438,266.133,10.371,0,0.000,0.028,0.426,0.036,0.028,0.005,800.0,1,800.0,26.800,-3.88,2.17,0.47,-0.14,36.31-10.93
26.84432,258.135,2.373,0,0.000,-0.023,0.425,-0.015,-0.023,0.004,800.0,1,800.0,26.821,-2.80,2.34,0.42,-0.12,45.27-12.84
26.86425,253.916,-1.846,0,0.000,-0.570,0.421,-0.022,-0.570,-0.012,0.0,1,0.0,26.842,-1.69,2.34,0.62,0.00,55.200.00
26.88418,253.916,-1.846,0,0.000,-0.372,0.412,-0.036,-0.372,0.004,0.0,1,0.0,26.855,-1.30,2.43,0.38,0.09,40.239.31
26.89458,253.916,-1.846,0,0.000,-0.359,0.408,-0.078,-0.359,0.014,0.0,1,0.0,26.866,-0.64,2.43,0.66,0.00,46.920.00
26.91452,253.916,-1.846,0,0.000,-0.133,0.405,-0.037,-0.133,-0.016,0.0,1,0.0,26.885,-0.28,2.43,0.37,0.00,21.410.00
26.93445,254.004,-1.758,0,0.000,-0.066,0.404,-0.005,-0.066,0.001,0.0,1,0.0,26.914,0.97,2.48,0.26,-0.10,25.72-10.13
26.95438,253.916,-1.846,0,0.000,-0.013,0.404,-0.015,-0.013,0.002,0.0,1,0.0,26.926,0.49,2.57,-0.47,0.09,-32.226.03
26.97432,253.916,-1.846,0,0.000,0.041,0.404,0.011,0.041,0.005,0.0,1,0.0,26.948,0.60,2.57,0.32,0.00,23.650.00
26.99425,254.004,-1.758,0,0.000,0.050,0.405,0.002,0.050,-0.002,0.0,1,0.0,26.972,0.50,2.68,0.23,0.26,16.7018.81
27.00433,253.916,-1.846,0,0.000,0.016,0.405,0.007,0.016,0.000,0.0,1,0.0,26.985,0.28,2.50,-0.22,-0.19,-21.61-18.61
27.02401,254.004,-1.758,0,0.000,0.015,0.405,0.004,0.015,0.001,0.0,1,0.0,26.997,0.47,2.57,0.19,0.07,13.204.89
27.04394,253.916,-1.846,0,0.000,0.013,0.405,0.004,0.013,-0.002,0.0,1,0.0,27.020,0.37,2.57,0.13,0.00,9.670.00
27.06388,253.916,-1.846,0,0.000,0.023,0.406,0.011,0.023,0.002,0.0,1,0.0,27.044,0.31,2.57,0.00,0.00,0.000.00
27.08381,253.916,-1.846,0,0.000,0.031,0.406,0.007,0.031,-0.001,0.0,1,0.0,27.055,0.31,2.57,0.00,0.00,0.000.00
27.09421,254.004,-1.758,0,0.000,0.039,0.407,0.011,0.039,0.001,0.0,1,0.0,27.067,0.31,2.57,0.00,0.00,0.000.00
27.11414,253.916,-1.846,0,0.000,0.044,0.407,0.012,0.044,0.003,0.0,1,0.0,27.092,0.24,2.57,-0.07,0.00,-5.510.00
27.13409,253.916,-1.846,0,0.000,0.031,0.408,0.004,0.031,0.003,0.0,1,0.0,27.114,0.19,2.57,-0.05,0.00,-4.760.00
27.15401,253.916,-1.846,0,0.000,0.013,0.408,0.007,0.013,0.001,0.0,1,0.0,27.126,0.24,2.57,0.05,0.00,4.960.00
27.17394,253.916,-1.846,0,0.000,0.004,0.408,0.010,0.004,0.005,0.0,1,0.0,27.149,0.29,2.57,0.05,0.00,4.470.00
27.19388,253.916,-1.846,0,0.000,0.014,0.409,0.009,0.014,0.000,0.0,1,0.0,27.162,0.29,2.57,0.00,0.00,0.000.00
27.21381,254.004,-1.758,0,0.000,0.033,0.409,0.007,0.033,-0.001,0.0,1,0.0,27.192,0.29,2.57,0.00,0.00,0.000.00
27.23374,254.004,-1.758,0,0.000,0.035,0.410,0.004,0.035,0.002,0.0,1,0.0,27.206,0.29,2.57,0.00,0.00,0.000.00
27.25368,253.916,-1.846,0,0.000,0.030,0.411,0.000,0.030,0.008,0.0,1,0.0,27.228,0.29,2.57,0.00,0.00,0.000.00
27.27362,253.916,-1.846,0,0.000,0.017,0.411,0.002,0.017,0.004,0.0,1,0.0,27.255,0.29,2.57,0.00,0.00,0.000.00
27.29354,253.916,-1.846,0,0.000,0.011,0.411,0.003,0.011,0.000,0.0,1,0.0,27.266,0.29,2.57,0.00,0.00,0.000.00
27.31348,253.916,-1.846,0,0.000,0.015,0.412,0.005,0.015,0.003,0.0,1,0.0,27.293,0.29,2.57,0.00,0.00,0.000.00
27.33341,254.004,-1.758,0,0.000,0.028,0.412,0.004,0.028,0.002,0.0,1,0.0,27.317,0.29,2.57,0.00,0.00,0.000.00
27.35334,253.916,-1.846,0,0.000,0.037,0.413,0.001,0.037,0.004,0.0,1,0.0,27.328,0.29,2.57,0.00,0.00,0.000.00
27.37328,253.916,-1.846,0,0.000,0.034,0.413,0.000,0.034,0.001,0.0,1,0.0,27.351,0.29,2.57,0.00,0.00,0.000.00
27.38361,253.916,-1.846,0,0.000,0.030,0.414,-0.001,0.030,0.001,0.0,1,0.0,27.351,0.29,2.57,0.00,0.00,0.000.00
27.40304,253.916,-1.846,0,0.000,0.019,0.414,0.000,0.019,-0.001,0.0,1,0.0,27.376,0.29,2.57,0.00,0.00,0.000.00
27.41345,253.916,-1.846,0,0.000,0.019,0.414,0.001,0.019,-0.004,0.0,1,0.0,27.393,0.29,2.57,0.00,0.00,0.000.00
27.43337,253.916,-1.846,0,0.000,0.018,0.415,0.004,0.018,-0.001,0.0,1,0.0,27.404,0.29,2.57,0.00,0.00,0.000.00
27.45330,254.004,-1.758,0,0.000,0.025,0.415,0.004,0.025,-0.001,0.0,1,0.0,27.433,0.29,2.57,0.00,0.00,0.000.00
27.47324,253.916,-1.846,0,0.000,0.033,0.416,0.003,0.033,-0.001,0.0,1,0.0,27.446,0.29,2.57,0.00,0.00,0.000.00
27.49317,253.916,-1.846,0,0.000,0.035,0.416,0.001,0.035,0.000,0.0,1,0.0,27.462,0.29,2.57,0.00,0.00,0.000.00
27.51310,254.004,-1.758,0,0.000,0.025,0.417,0.004,0.025,0.000,0.0,1,0.0,27.489,0.29,2.57,0.00,0.00,0.000.00
27.53304,253.828,-1.934,0,0.000,0.016,0.417,0.003,0.016,0.000,0.0,1,0.0,27.504,0.29,2.57,0.00,0.00,0.000.00
27.55297,254.004,-1.758,0,0.000,0.015,0.418,0.005,0.015,-0.003,0.0,1,0.0,27.533,0.29,2.57,0.00,0.00,0.000.00
27.57299,253.916,-1.846,0,0.000,0.021,0.418,0.007,0.021,-0.003,0.0,1,0.0,27.542,0.29,2.57,0.00,0.00,0.000.00
27.59292,254.004,-1.758,0,0.000,0.029,0.419,0.007,0.029,-0.006,0.0,1,0.0,27.571,0.29,2.57,0.00,0.00,0.000.00
27.61286,253.916,-1.846,0,0.000,0.031,0.419,0.001,0.031,-0.004,0.0,1,0.0,27.586,0.29,2.57,0.00,0.00,0.000.00
27.62326,253.916,-1.846,0,0.000,0.029,0.419,-0.001,0.029,-0.001,0.0,1,0.0,27.600,0.29,2.57,0.00,0.00,0.000.00
27.64319,253.916,-1.846,0,0.000,0.022,0.420,0.001,0.022,0.004,0.0,1,0.0,27.614,0.29,2.57,0.00,0.00,0.000.00
27.66312,253.916,-1.846,0,0.000,0.013,0.420,0.007,0.013,0.000,0.0,1,0.0,27.641,0.29,2.57,0.00,0.00,0.000.00
27.68306,254.004,-1.758,0,0.000,0.011,0.420,0.007,0.011,0.005,0.0,1,0.0,27.654,0.29,2.57,0.00,0.00,0.000.00
27.70299,253.916,-1.846,0,0.000,0.016,0.421,0.002,0.016,0.005,0.0,1,0.0,27.682,0.29,2.57,0.00,0.00,0.000.00
27.72293,253.916,-1.846,0,0.000,0.022,0.421,0.002,0.022,0.004,0.0,1,0.0,27.693,0.29,2.57,0.00,0.00,0.000.00
27.74286,253.916,-1.846,0,0.000,0.026,0.422,-0.001,0.026,0.000,0.0,1,0.0,27.718,0.29,2.57,0.00,0.00,0.000.00
27.75296,253.916,-1.846,0,0.000,0.026,0.422,-0.001,0.026,0.004,0.0,1,0.0,27.732,0.29,2.57,0.00,0.00,0.000.00
27.77264,253.916,-1.846,0,0.000,0.020,0.422,0.000,0.020,0.001,0.0,1,0.0,27.747,0.29,2.57,0.00,0.00,0.000.00
27.79258,254.004,-1.758,0,0.000,0.017,0.423,0.001,0.017,-0.001,0.0,1,0.0,27.774,0.29,2.57,0.00,0.00,0.000.00
27.81251,253.916,-1.846,0,0.000,0.019,0.423,0.005,0.019,-0.002,0.0,1,0.0,27.787,0.29,2.57,0.00,0.00,0.000.00
27.83244,253.916,-1.846,0,0.000,0.022,0.424,0.004,0.022,0.001,0.0,1,0.0,27.802,0.29,2.57,0.00,0.00,0.000.00
27.84284,254.004,-1.758,0,0.000,0.023,0.424,0.004,0.023,0.001,0.0,1,0.0,27.819,0.29,2.57,0.00,0.00,0.000.00
27.86278,253.916,-1.846,0,0.000,0.027,0.424,-0.002,0.027,0.004,0.0,1,0.0,27.843,0.29,2.57,0.00,0.00,0.000.00
27.88271,253.916,-1.846,0,0.000,0.024,0.425,-0.002,0.024,0.006,0.0,1,0.0,27.856,0.29,2.57,0.00,0.00,0.000.00
27.90264,253.916,-1.846,0,0.000,0.017,0.425,0.000,0.017,-0.005,0.0,1,0.0,27.880,0.29,2.57,0.00,0.00,0.000.00
27.92258,253.916,-1.846,0,0.000,0.013,0.425,0.001,0.013,0.001,0.0,1,0.0,27.900,0.29,2.57,0.00,0.00,0.000.00
27.94260,253.916,-1.846,0,0.000,0.017,0.426,0.003,0.017,0.002,0.0,1,0.0,27.916,0.29,2.57,0.00,0.00,0.000.00
27.96253,253.916,-1.846,0,0.000,0.022,0.426,-0.002,0.022,0.000,0.0,1,0.0,27.941,0.29,2.57,0.00,0.00,0.000.00
27.98247,254.004,-1.758,0,0.000,0.025,0.427,-0.001,0.025,0.001,0.0,1,0.0,27.967,0.29,2.57,0.00,0.00,0.000.00
28.00240,253.916,-1.846,0,0.000,0.023,0.427,0.000,0.023,0.005,0.0,1,0.0,27.977,0.29,2.57,0.00,0.00,0.000.00
28.02233,253.916,-1.846,0,0.000,0.022,0.428,0.001,0.022,0.007,0.0,1,0.0,27.998,0.29,2.57,0.00,0.00,0.000.00
28.04226,253.916,-1.846,0,0.000,0.019,0.428,0.003,0.019,0.005,0.0,1,0.0,28.011,0.29,2.57,0.00,0.00,0.000.00
28.06220,254.004,-1.758,0,0.000,0.019,0.428,0.005,0.019,0.004,0.0,1,0.0,28.041,0.29,2.57,0.00,0.00,0.000.00
28.08213,253.916,-1.846,0,0.000,0.025,0.429,0.002,0.025,0.002,0.0,1,0.0,28.057,0.29,2.57,0.00,0.00,0.000.00
28.10206,254.004,-1.758,0,0.000,0.023,0.429,0.000,0.023,0.002,0.0,1,0.0,28.082,0.29,2.57,0.00,0.00,0.000.00
28.12200,253.916,-1.846,0,0.000,0.021,0.430,0.000,0.021,0.004,0.0,1,0.0,28.095,0.29,2.57,0.00,0.00,0.000.00
28.13224,253.916,-1.846,0,0.000,0.021,0.430,0.000,0.021,0.002,0.0,1,0.0,28.109,0.29,2.57,0.00,0.00,0.000.00
28.14225,253.916,-1.846,0,0.000,0.020,0.430,0.001,0.020,0.002,0.0,1,0.0,28.122,0.29,2.57,0.00,0.00,0.000.00
28.16219,253.916,-1.846,0,0.000,0.021,0.430,0.003,0.021,0.001,0.0,1,0.0,28.141,0.29,2.57,0.00,0.00,0.000.00
28.18212,253.916,-1.846,0,0.000,0.016,0.431,0.005,0.016,0.000,0.0,1,0.0,28.153,0.29,2.57,0.00,0.00,0.000.00
28.20205,254.004,-1.758,0,0.000,0.019,0.431,0.005,0.019,-0.001,0.0,1,0.0,28.168,0.29,2.57,0.00,0.00,0.000.00
28.22198,253.916,-1.846,0,0.000,0.022,0.432,0.004,0.022,0.002,0.0,1,0.0,28.202,0.29,2.57,0.00,0.00,0.000.00
28.24192,253.916,-1.846,0,0.000,0.029,0.432,-0.001,0.029,0.005,0.0,1,0.0,28.214,0.29,2.57,0.00,0.00,0.000.00
28.26185,254.004,-1.758,0,0.000,0.028,0.433,-0.004,0.028,-0.001,0.0,1,0.0,28.241,0.29,2.57,0.00,0.00,0.000.00
28.28179,254.004,-1.758,0,0.000,0.025,0.433,-0.001,0.025,0.001,0.0,1,0.0,28.257,0.29,2.57,0.00,0.00,0.000.00
28.30172,253.916,-1.846,0,0.000,0.018,0.434,0.002,0.018,0.001,0.0,1,0.0,28.279,0.29,2.57,0.00,0.00,0.000.00
28.32174,254.004,-1.758,0,0.000,0.018,0.434,0.004,0.018,-0.001,0.0,1,0.0,28.303,0.29,2.57,0.00,0.00,0.000.00
28.34167,253.916,-1.846,0,0.000,0.016,0.434,0.004,0.016,-0.002,0.0,1,0.0,28.314,0.29,2.57,0.00,0.00,0.000.00
28.36162,253.916,-1.846,0,0.000,0.022,0.435,0.002,0.022,0.000,0.0,1,0.0,28.342,0.29,2.57,0.00,0.00,0.000.00
28.38154,253.916,-1.846,0,0.000,0.022,0.435,0.001,0.022,-0.001,0.0,1,0.0,28.356,0.29,2.57,0.00,0.00,0.000.00
28.40147,253.916,-1.846,0,0.000,0.022,0.436,-0.001,0.022,-0.001,0.0,1,0.0,28.381,0.29,2.57,0.00,0.00,0.000.00
28.41187,254.004,-1.758,0,0.000,0.019,0.436,0.000,0.019,-0.002,0.0,1,0.0,28.392,0.29,2.57,0.00,0.00,0.000.00
28.43182,253.916,-1.846,0,0.000,0.019,0.436,0.001,0.019,0.002,0.0,1,0.0,28.414,0.29,2.57,0.00,0.00,0.000.00
28.45174,253.916,-1.846,0,0.000,0.019,0.436,0.004,0.019,-0.002,0.0,1,0.0,28.427,0.29,2.57,0.00,0.00,0.000.00
28.47167,254.004,-1.758,0,0.000,0.019,0.437,0.005,0.019,0.002,0.0,1,0.0,28.440,0.29,2.57,0.00,0.00,0.000.00
28.49161,253.916,-1.846,0,0.000,0.024,0.437,0.004,0.024,0.003,0.0,1,0.0,28.467,0.29,2.57,0.00,0.00,0.000.00
28.50297,253.916,-1.846,0,0.000,0.021,0.438,0.004,0.021,0.007,0.0,1,0.0,28.479,0.29,2.57,0.00,0.00,0.000.00
28.52082,253.916,-1.846,0,0.000,0.020,0.438,0.003,0.020,0.005,0.0,1,0.0,28.492,0.29,2.57,0.00,0.00,0.000.00
28.53122,253.916,-1.846,0,0.000,0.023,0.438,0.003,0.023,0.008,0.0,1,0.0,28.501,0.29,2.57,0.00,0.00,0.000.00
28.54162,254.004,-1.758,0,0.000,0.022,0.438,0.004,0.022,0.007,0.0,1,0.0,28.519,0.29,2.57,0.00,0.00,0.000.00
28.56156,253.916,-1.846,0,0.000,0.019,0.439,0.001,0.019,0.008,0.0,1,0.0,28.531,0.29,2.57,0.00,0.00,0.000.00
28.58149,253.916,-1.846,0,0.000,0.016,0.439,0.002,0.016,0.004,0.0,1,0.0,28.559,0.29,2.57,0.00,0.00,0.000.00
28.60142,253.828,-1.934,0,0.000,0.021,0.439,0.007,0.021,0.005,0.0,1,0.0,28.573,0.29,2.57,0.00,0.00,0.000.00
28.62135,253.916,-1.846,0,0.000,0.025,0.440,0.004,0.025,0.004,0.0,1,0.0,28.597,0.29,2.57,0.00,0.00,0.000.00
28.64129,253.916,-1.846,0,0.000,0.021,0.440,0.003,0.021,0.007,0.0,1,0.0,28.620,0.29,2.57,0.00,0.00,0.000.00
28.66122,253.916,-1.846,0,0.000,0.022,0.441,0.000,0.022,0.004,0.0,1,0.0,28.635,0.29,2.57,0.00,0.00,0.000.00
28.67161,253.828,-1.934,0,0.000,0.020,0.441,0.000,0.020,0.002,0.0,1,0.0,28.647,0.29,2.57,0.00,0.00,0.000.00
28.69119,253.916,-1.846,0,0.000,0.018,0.441,0.002,0.018,0.007,0.0,1,0.0,28.662,0.29,2.57,0.00,0.00,0.000.00
28.71112,253.916,-1.846,0,0.000,0.018,0.442,0.000,0.018,0.007,0.0,1,0.0,28.686,0.29,2.57,0.00,0.00,0.000.00
28.73107,253.916,-1.846,0,0.000,0.022,0.442,0.003,0.022,0.001,0.0,1,0.0,28.713,0.29,2.57,0.00,0.00,0.000.00
28.75099,254.004,-1.758,0,0.000,0.019,0.443,0.003,0.019,0.001,0.0,1,0.0,28.725,0.29,2.57,0.00,0.00,0.000.00
28.77092,254.004,-1.758,0,0.000,0.018,0.443,0.001,0.018,-0.002,0.0,1,0.0,28.752,0.29,2.57,0.00,0.00,0.000.00
28.79086,254.004,-1.758,0,0.000,0.014,0.443,0.003,0.014,-0.002,0.0,1,0.0,28.767,0.29,2.57,0.00,0.00,0.000.00
28.81079,253.828,-1.934,0,0.000,0.019,0.444,0.003,0.019,-0.002,0.0,1,0.0,28.780,0.29,2.57,0.00,0.00,0.000.00
28.83072,253.916,-1.846,0,0.000,0.017,0.444,0.007,0.017,0.000,0.0,1,0.0,28.811,0.29,2.57,0.00,0.00,0.000.00
28.85066,254.004,-1.758,0,0.000,0.017,0.444,0.002,0.017,0.004,0.0,1,0.0,28.824,0.29,2.57,0.00,0.00,0.000.00
28.87068,254.004,-1.758,0,0.000,0.020,0.445,0.000,0.020,0.006,0.0,1,0.0,28.850,0.29,2.57,0.00,0.00,0.000.00
28.89061,253.916,-1.846,0,0.000,0.022,0.445,0.003,0.022,0.005,0.0,1,0.0,28.867,0.29,2.57,0.00,0.00,0.000.00
28.90101,253.916,-1.846,0,0.000,0.024,0.445,0.005,0.024,0.006,0.0,1,0.0,28.880,0.29,2.57,0.00,0.00,0.000.00
28.92094,254.004,-1.758,0,0.000,0.019,0.446,0.007,0.019,0.007,0.0,1,0.0,28.890,0.29,2.57,0.00,0.00,0.000.00
28.94088,253.916,-1.846,0,0.000,0.020,0.446,0.006,0.020,0.004,0.0,1,0.0,28.916,0.29,2.57,0.00,0.00,0.000.00
28.96081,253.916,-1.846,0,0.000,0.023,0.446,0.006,0.023,0.004,0.0,1,0.0,28.941,0.29,2.57,0.00,0.00,0.000.00
28.98074,253.916,-1.846,0,0.000,0.020,0.447,0.002,0.020,0.003,0.0,1,0.0,28.956,0.29,2.57,0.00,0.00,0.000.00
29.00068,253.828,-1.934,0,0.000,0.015,0.447,0.001,0.015,0.003,0.0,1,0.0,28.980,0.29,2.57,0.00,0.00,0.000.00
29.02061,254.004,-1.758,0,0.000,0.012,0.447,0.004,0.012,-0.002,0.0,1,0.0,28.993,0.29,2.57,0.00,0.00,0.000.00
29.04054,253.828,-1.934,0,0.000,0.014,0.448,0.006,0.014,0.000,0.0,1,0.0,29.018,0.29,2.57,0.00,0.00,0.000.00
29.05094,253.916,-1.846,0,0.000,0.018,0.448,0.007,0.018,0.000,0.0,1,0.0,29.030,0.29,2.57,0.00,0.00,0.000.00
29.07047,254.004,-1.758,0,0.000,0.019,0.448,0.004,0.019,0.000,0.0,1,0.0,29.041,0.29,2.57,0.00,0.00,0.000.00
29.09040,254.004,-1.758,0,0.000,0.019,0.449,0.001,0.019,0.000,0.0,1,0.0,29.060,0.29,2.57,0.00,0.00,0.000.00
29.11034,253.916,-1.846,0,0.000,0.017,0.449,0.004,0.017,-0.001,0.0,1,0.0,29.084,0.29,2.57,0.00,0.00,0.000.00
29.13027,253.916,-1.846,0,0.000,0.017,0.449,0.007,0.017,-0.004,0.0,1,0.0,29.101,0.29,2.57,0.00,0.00,0.000.00
29.15020,253.916,-1.846,0,0.000,0.016,0.450,0.009,0.016,-0.002,0.0,1,0.0,29.128,0.29,2.57,0.00,0.00,0.000.00
29.17014,253.916,-1.846,0,0.000,0.016,0.450,0.007,0.016,0.000,0.0,1,0.0,29.151,0.29,2.57,0.00,0.00,0.000.00
29.19007,254.004,-1.758,0,0.000,0.014,0.450,0.001,0.014,0.000,0.0,1,0.0,29.165,0.29,2.57,0.00,0.00,0.000.00
29.20047,253.916,-1.846,0,0.000,0.016,0.450,0.004,0.016,-0.002,0.0,1,0.0,29.177,0.29,2.57,0.00,0.00,0.000.00
29.22042,253.916,-1.846,0,0.000,0.017,0.451,0.004,0.017,-0.004,0.0,1,0.0,29.201,0.29,2.57,0.00,0.00,0.000.00
29.23956,253.916,-1.846,0,0.000,0.020,0.451,0.008,0.020,-0.001,0.0,1,0.0,29.212,0.29,2.57,0.00,0.00,0.000.00
29.24996,253.916,-1.846,0,0.000,0.022,0.451,0.009,0.022,0.001,0.0,1,0.0,29.231,0.29,2.57,0.00,0.00,0.000.00
29.26989,253.916,-1.846,0,0.000,0.021,0.452,0.008,0.021,-0.001,0.0,1,0.0,29.239,0.29,2.57,0.00,0.00,0.000.00
29.28029,253.916,-1.846,0,0.000,0.019,0.452,0.007,0.019,-0.004,0.0,1,0.0,29.253,0.29,2.57,0.00,0.00,0.000.00
29.30022,254.004,-1.758,0,0.000,0.014,0.452,0.001,0.014,0.005,0.0,1,0.0,29.277,0.29,2.57,0.00,0.00,0.000.00
29.32016,253.916,-1.846,0,0.000,0.016,0.453,-0.001,0.016,0.003,0.0,1,0.0,29.301,0.29,2.57,0.00,0.00,0.000.00
29.34009,253.916,-1.846,0,0.000,0.019,0.453,0.001,0.019,0.002,0.0,1,0.0,29.318,0.29,2.57,0.00,0.00,0.000.00
29.36002,253.916,-1.846,0,0.000,0.022,0.453,0.005,0.022,0.004,0.0,1,0.0,29.328,0.29,2.57,0.00,0.00,0.000.00
29.37997,253.916,-1.846,0,0.000,0.023,0.454,0.004,0.023,0.000,0.0,1,0.0,29.360,0.29,2.57,0.00,0.00,0.000.00
29.39989,253.916,-1.846,0,0.000,0.023,0.454,0.002,0.023,0.002,0.0,1,0.0,29.374,0.29,2.57,0.00,0.00,0.000.00
29.41028,253.916,-1.846,0,0.000,0.020,0.455,0.000,0.020,-0.001,0.0,1,0.0,29.389,0.29,2.57,0.00,0.00,0.000.00
29.42987,253.916,-1.846,0,0.000,0.019,0.455,-0.001,0.019,-0.001,0.0,1,0.0,29.405,0.29,2.57,0.00,0.00,0.000.00
29.44980,254.004,-1.758,0,0.000,0.016,0.455,-0.002,0.016,0.000,0.0,1,0.0,29.427,0.29,2.57,0.00,0.00,0.000.00
29.46974,253.916,-1.846,0,0.000,0.016,0.456,0.002,0.016,0.005,0.0,1,0.0,29.452,0.29,2.57,0.00,0.00,0.000.00
29.48967,253.916,-1.846,0,0.000,0.020,0.456,0.008,0.020,0.004,0.0,1,0.0,29.465,0.29,2.57,0.00,0.00,0.000.00
29.50962,253.916,-1.846,0,0.000,0.021,0.456,0.009,0.021,0.005,0.0,1,0.0,29.489,0.29,2.57,0.00,0.00,0.000.00
29.52954,253.916,-1.846,0,0.000,0.015,0.457,0.004,0.015,0.002,0.0,1,0.0,29.502,0.29,2.57,0.00,0.00,0.000.00
29.54947,253.916,-1.846,0,0.000,0.016,0.457,0.000,0.016,0.008,0.0,1,0.0,29.528,0.29,2.57,0.00,0.00,0.000.00
29.56940,253.916,-1.846,0,0.000,0.014,0.457,0.003,0.014,0.004,0.0,1,0.0,29.539,0.29,2.57,0.00,0.00,0.000.00
29.58934,253.916,-1.846,0,0.000,0.014,0.458,0.005,0.014,0.000,0.0,1,0.0,29.568,0.29,2.57,0.00,0.00,0.000.00
29.60936,253.916,-1.846,0,0.000,0.015,0.458,0.005,0.015,0.005,0.0,1,0.0,29.581,0.29,2.57,0.00,0.00,0.000.00
29.62929,253.828,-1.934,0,0.000,0.014,0.458,0.004,0.014,0.002,0.0,1,0.0,29.607,0.29,2.57,0.00,0.00,0.000.00
29.64922,253.828,-1.934,0,0.000,0.016,0.458,0.003,0.016,0.000,0.0,1,0.0,29.628,0.29,2.57,0.00,0.00,0.000.00
29.65962,253.916,-1.846,0,0.000,0.014,0.459,0.004,0.014,0.001,0.0,1,0.0,29.628,0.29,2.57,0.00,0.00,0.000.00
29.67955,253.916,-1.846,0,0.000,0.013,0.459,0.004,0.013,0.000,0.0,1,0.0,29.656,0.29,2.57,0.00,0.00,0.000.00
29.69949,253.828,-1.934,0,0.000,0.016,0.459,0.002,0.016,0.002,0.0,1,0.0,29.682,0.29,2.57,0.00,0.00,0.000.00
29.71942,254.004,-1.758,0,0.000,0.016,0.459,0.003,0.016,-0.001,0.0,1,0.0,29.694,0.29,2.57,0.00,0.00,0.000.00
29.73937,253.916,-1.846,0,0.000,0.018,0.460,0.001,0.018,0.001,0.0,1,0.0,29.721,0.29,2.57,0.00,0.00,0.000.00
29.75929,253.916,-1.846,0,0.000,0.016,0.460,0.001,0.016,0.002,0.0,1,0.0,29.734,0.29,2.57,0.00,0.00,0.000.00
29.77922,254.004,-1.758,0,0.000,0.019,0.461,0.002,0.019,0.000,0.0,1,0.0,29.750,0.29,2.57,0.00,0.00,0.000.00
29.78970,254.004,-1.758,0,0.000,0.018,0.461,0.003,0.018,0.001,0.0,1,0.0,29.764,0.29,2.57,0.00,0.00,0.000.00
29.80930,254.004,-1.758,0,0.000,0.015,0.461,0.004,0.015,0.003,0.0,1,0.0,29.789,0.29,2.57,0.00,0.00,0.000.00
29.82924,253.916,-1.846,0,0.000,0.017,0.461,0.006,0.017,0.000,0.0,1,0.0,29.803,0.29,2.57,0.00,0.00,0.000.00
29.84918,253.916,-1.846,0,0.000,0.011,0.462,0.004,0.011,-0.002,0.0,1,0.0,29.831,0.29,2.57,0.00,0.00,0.000.00
29.86910,254.004,-1.758,0,0.000,0.016,0.462,0.003,0.016,0.005,0.0,1,0.0,29.843,0.29,2.57,0.00,0.00,0.000.00
29.88904,254.092,-1.670,0,0.000,0.016,0.462,0.005,0.016,0.005,0.0,1,0.0,29.868,0.29,2.57,0.00,0.00,0.000.00
29.90897,253.916,-1.846,0,0.000,0.014,0.463,0.003,0.014,0.001,0.0,1,0.0,29.891,0.29,2.57,0.00,0.00,0.000.00
29.92890,254.004,-1.758,0,0.000,0.013,0.463,0.002,0.013,0.005,0.0,1,0.0,29.904,0.29,2.57,0.00,0.00,0.000.00
29.94884,253.916,-1.846,0,0.000,0.014,0.463,0.007,0.014,0.010,0.0,1,0.0,29.927,0.29,2.57,0.00,0.00,0.000.00
29.96877,253.916,-1.846,0,0.000,0.017,0.463,0.004,0.017,0.010,0.0,1,0.0,29.950,0.29,2.57,0.00,0.00,0.000.00
29.98880,253.916,-1.846,0,0.000,0.019,0.464,0.003,0.019,0.004,0.0,1,0.0,29.972,0.29,2.57,0.00,0.00,0.000.00
