t_s,enc_as5600_deg,acc_deg,clar_counts,clar_deg,a_belt,v_belt,axW,ayW,azW,cmd_sps,cmd_dir,cmd_vel,cam_t_s,cam_x_mm,cam_y_mm,cam_dx_mm,cam_dy_mm,cam_vx_mm,cam_vy_mm
0.04974,288.545,-0.088,0,0.000,0.005,0.004,0.006,0.005,0.013,800.0,1,800.0,0.032,0.00,0.00,0.00,0.00,0.00,0.00
0.05977,288.545,-0.088,0,0.000,0.004,0.004,0.005,0.004,0.014,800.0,1,800.0,0.032,0.00,0.00,0.00,0.00,0.00,0.00
0.07000,288.633,0.000,0,0.000,0.007,0.004,0.007,0.007,0.014,800.0,1,800.0,0.044,0.00,0.00,0.00,0.00,0.00,0.00
0.08005,288.457,-0.176,0,0.000,0.006,0.004,0.008,0.006,0.015,800.0,1,800.0,0.054,0.00,0.00,0.00,0.00,0.00,0.00
0.09966,288.545,-0.088,0,0.000,0.005,0.004,0.003,0.005,0.011,800.0,1,800.0,0.082,0.00,0.00,0.00,0.00,0.00,0.00
0.10969,288.545,-0.088,0,0.000,0.003,0.004,0.005,0.003,0.008,800.0,1,800.0,0.082,0.00,0.00,0.00,0.00,0.00,0.00
0.13918,288.545,-0.088,0,0.000,0.005,0.004,0.007,0.005,0.005,800.0,1,800.0,0.105,0.00,0.00,0.00,0.00,0.00,0.00
0.14988,288.457,-0.176,0,0.000,0.007,0.004,0.008,0.007,0.007,800.0,1,800.0,0.124,0.00,0.00,0.00,0.00,0.00,0.00
0.41953,288.545,-0.088,0,0.000,0.005,0.006,0.008,0.005,0.012,800.0,1,800.0,0.147,0.00,0.00,0.00,0.00,0.00,0.00
0.43911,288.545,-0.088,0,0.000,0.005,0.006,0.006,0.005,0.010,800.0,1,800.0,0.147,0.00,0.00,0.00,0.00,0.00,0.00
0.44917,288.545,-0.088,0,0.000,0.005,0.006,0.010,0.005,0.011,800.0,1,800.0,0.425,0.00,0.00,0.00,0.00,0.00,0.00
0.45939,288.457,-0.176,0,0.000,0.005,0.006,0.008,0.005,0.011,800.0,1,800.0,0.435,0.00,0.00,0.00,0.00,0.00,0.00
0.46946,288.545,-0.088,0,0.000,0.004,0.006,0.008,0.004,0.013,800.0,1,800.0,0.450,0.00,0.00,0.00,0.00,0.00,0.00
0.48904,288.545,-0.088,0,0.000,0.003,0.006,0.008,0.003,0.007,800.0,1,800.0,0.461,0.00,0.00,0.00,0.00,0.00,0.00
0.49909,288.633,0.000,0,0.000,0.004,0.006,0.010,0.004,0.008,800.0,1,800.0,0.474,0.00,0.00,0.00,0.00,0.00,0.00
0.54260,288.545,-0.088,0,0.000,0.007,0.006,0.008,0.007,0.011,800.0,1,800.0,0.488,0.00,0.00,0.00,0.00,0.00,0.00
0.55879,288.545,-0.088,0,0.000,0.009,0.006,0.007,0.009,0.010,800.0,1,800.0,0.488,0.00,0.00,0.00,0.00,0.00,0.00
0.56902,288.457,-0.176,0,0.000,0.010,0.006,0.006,0.010,0.012,800.0,1,800.0,0.551,0.00,0.00,0.00,0.00,0.00,0.00
0.58035,288.545,-0.088,0,0.000,0.011,0.007,0.005,0.011,0.011,800.0,1,800.0,0.560,0.00,0.00,0.00,0.00,0.00,0.00
0.59911,288.545,-0.088,0,0.000,0.011,0.007,0.006,0.011,0.011,800.0,1,800.0,0.571,0.00,0.00,0.00,0.00,0.00,0.00
0.60916,288.545,-0.088,0,0.000,0.009,0.007,0.006,0.009,0.015,800.0,1,800.0,0.580,0.00,0.00,0.00,0.00,0.00,0.00
0.62875,288.545,-0.088,0,0.000,0.007,0.007,0.007,0.007,0.009,800.0,1,800.0,0.609,0.00,0.00,0.00,0.00,0.00,0.00
0.63880,288.633,0.000,0,0.000,0.006,0.007,0.004,0.006,0.008,800.0,1,800.0,0.620,0.00,0.00,0.00,0.00,0.00,0.00
0.64903,288.545,-0.088,0,0.000,0.008,0.007,0.006,0.008,0.011,800.0,1,800.0,0.620,0.00,0.00,0.00,0.00,0.00,0.00
0.65908,288.633,0.000,0,0.000,0.008,0.007,0.005,0.008,0.012,800.0,1,800.0,0.629,0.00,0.00,0.00,0.00,0.00,0.00
0.67867,288.545,-0.088,0,0.000,0.009,0.007,0.005,0.009,0.014,800.0,1,800.0,0.656,0.00,0.00,0.00,0.00,0.00,0.00
0.68872,288.545,-0.088,0,0.000,0.008,0.008,0.005,0.008,0.013,800.0,1,800.0,0.670,0.00,0.00,0.00,0.00,0.00,0.00
0.69895,288.545,-0.088,0,0.000,0.008,0.008,0.006,0.008,0.010,800.0,1,800.0,0.681,0.00,0.00,0.00,0.00,0.00,0.00
0.70903,288.633,0.000,0,0.000,0.008,0.008,0.007,0.008,0.011,800.0,1,800.0,0.681,0.00,0.00,0.00,0.00,0.00,0.00
0.72861,288.545,-0.088,0,0.000,0.007,0.008,0.011,0.007,0.010,800.0,1,800.0,0.710,0.00,0.00,0.00,0.00,0.00,0.00
0.73867,288.545,-0.088,0,0.000,0.004,0.008,0.010,0.004,0.007,800.0,1,800.0,0.718,0.00,0.00,0.00,0.00,0.00,0.00
0.74889,288.545,-0.088,0,0.000,0.007,0.008,0.011,0.007,0.009,800.0,1,800.0,0.718,0.00,0.00,0.00,0.00,0.00,0.00
0.75895,288.545,-0.088,0,0.000,0.008,0.008,0.012,0.008,0.013,800.0,1,800.0,0.728,0.00,0.00,0.00,0.00,0.00,0.00
0.77853,288.545,-0.088,0,0.000,0.005,0.008,0.008,0.005,0.013,800.0,1,800.0,0.757,0.00,0.00,0.00,0.00,0.00,0.00
0.78859,288.457,-0.176,0,0.000,0.006,0.008,0.010,0.006,0.017,800.0,1,800.0,0.757,0.00,0.00,0.00,0.00,0.00,0.00
0.79882,288.545,-0.088,0,0.000,0.007,0.008,0.009,0.007,0.019,800.0,1,800.0,0.771,0.00,0.00,0.00,0.00,0.00,0.00
0.80887,288.545,-0.088,0,0.000,0.007,0.008,0.006,0.007,0.019,800.0,1,800.0,0.784,0.00,0.00,0.00,0.00,0.00,0.00
0.82845,288.457,-0.176,0,0.000,0.008,0.009,0.008,0.008,0.020,800.0,1,800.0,0.806,0.00,0.00,0.00,0.00,0.00,0.00
0.83985,288.545,-0.088,0,0.000,0.010,0.009,0.007,0.010,0.020,800.0,1,800.0,0.818,0.00,0.00,0.00,0.00,0.00,0.00
0.85852,288.545,-0.088,0,0.000,0.008,0.009,0.008,0.008,0.013,800.0,1,800.0,0.829,0.00,0.00,0.00,0.00,0.00,0.00
0.86874,288.545,-0.088,0,0.000,0.003,0.009,0.008,0.003,0.016,800.0,1,800.0,0.844,0.00,0.00,0.00,0.00,0.00,0.00
0.87880,288.545,-0.088,0,0.000,0.001,0.009,0.009,0.001,0.016,800.0,1,800.0,0.855,0.00,0.00,0.00,0.00,0.00,0.00
0.89838,288.633,0.000,0,0.000,0.004,0.009,0.008,0.004,0.016,800.0,1,800.0,0.878,0.00,0.00,0.00,0.00,0.00,0.00
0.90844,288.545,-0.088,0,0.000,0.005,0.009,0.010,0.005,0.014,800.0,1,800.0,0.878,0.00,0.00,0.00,0.00,0.00,0.00
0.91867,288.545,-0.088,0,0.000,0.003,0.009,0.011,0.003,0.014,800.0,1,800.0,0.890,0.00,0.00,0.00,0.00,0.00,0.00
0.92872,288.545,-0.088,0,0.000,0.006,0.009,0.008,0.006,0.010,800.0,1,800.0,0.902,0.00,0.00,0.00,0.00,0.00,0.00
0.94831,288.545,-0.088,0,0.000,0.013,0.009,0.009,0.013,0.013,800.0,1,800.0,0.926,0.00,0.00,0.00,0.00,0.00,0.00
0.95836,288.545,-0.088,0,0.000,0.012,0.009,0.010,0.012,0.011,800.0,1,800.0,0.926,0.00,0.00,0.00,0.00,0.00,0.00
0.96850,288.545,-0.088,0,0.000,0.011,0.010,0.007,0.011,0.012,800.0,1,800.0,0.943,0.00,0.00,0.00,0.00,0.00,0.00
0.98808,288.545,-0.088,0,0.000,0.010,0.010,0.004,0.010,0.013,800.0,1,800.0,0.962,0.00,0.00,0.00,0.00,0.00,0.00
0.99814,288.545,-0.088,0,0.000,0.007,0.010,0.005,0.007,0.013,800.0,1,800.0,0.979,0.00,0.00,0.00,0.00,0.00,0.00
1.00837,284.941,-3.691,0,0.000,0.854,0.018,0.137,0.854,0.014,800.0,1,800.0,0.989,0.00,0.00,0.00,0.00,0.00,0.00
1.01842,280.635,-7.998,0,0.000,0.654,0.025,0.060,0.654,0.020,800.0,1,800.0,1.001,0.00,0.00,0.00,0.00,0.00,0.00
1.03800,272.549,-16.084,0,0.000,0.382,0.030,0.052,0.382,0.002,800.0,1,800.0,1.012,0.00,0.00,0.00,0.00,0.00,0.00
1.04806,268.506,-20.127,0,0.000,0.142,0.032,0.016,0.142,0.011,800.0,1,800.0,1.023,-0.28,0.00,-0.28,0.00,-23.07,0.00
1.05828,264.375,-24.258,0,0.000,0.242,0.034,0.027,0.242,0.008,800.0,1,800.0,1.038,0.90,-0.12,1.17,-0.12,90.68,-9.35
1.06834,260.156,-28.477,0,0.000,0.194,0.036,0.026,0.194,0.011,800.0,1,800.0,1.038,0.90,-0.12,1.17,-0.12,90.68,-9.35
1.08793,252.422,-36.211,0,0.000,0.068,0.038,0.037,0.068,0.018,800.0,1,800.0,1.071,1.92,0.02,0.92,0.35,69.39,26.41
1.09836,248.467,-40.166,0,0.000,0.047,0.038,0.026,0.047,0.004,800.0,1,800.0,1.071,1.92,0.02,0.92,0.35,69.39,26.41
1.11839,240.117,-48.516,0,0.000,0.104,0.040,-0.002,0.104,0.000,800.0,1,800.0,1.093,2.79,0.08,0.79,0.25,69.10,22.08
1.13780,232.031,-56.602,0,0.000,0.042,0.041,-0.032,0.042,0.001,800.0,1,800.0,1.118,4.02,0.01,0.67,0.00,55.19,0.00
1.14803,227.988,-60.645,0,0.000,-0.068,0.041,-0.005,-0.068,0.006,800.0,1,800.0,1.118,4.02,0.01,0.67,0.00,55.19,0.00
1.15808,223.594,-65.039,0,0.000,-0.018,0.040,-0.023,-0.018,0.004,800.0,1,800.0,1.130,4.36,0.01,0.34,0.00,24.12,0.00
1.16831,219.287,-69.346,0,0.000,-0.076,0.040,-0.010,-0.076,0.005,800.0,1,800.0,1.145,5.09,0.13,0.74,0.12,54.92,8.72
1.17836,214.805,-73.828,0,0.000,-0.022,0.039,-0.032,-0.022,0.004,800.0,1,800.0,1.159,5.44,0.04,0.35,-0.09,24.23,-6.02
1.19795,205.752,-82.881,0,0.000,0.019,0.040,-0.021,0.019,-0.001,800.0,1,800.0,1.170,6.10,0.11,0.66,0.07,61.84,6.26
1.20800,201.094,-87.539,0,0.000,-0.087,0.039,-0.014,-0.087,0.005,800.0,1,800.0,1.180,6.60,0.11,0.50,0.00,46.96,0.00
1.21823,196.084,-92.549,0,0.000,0.024,0.039,-0.010,0.024,0.004,800.0,1,800.0,1.195,7.18,0.20,0.58,0.09,41.86,6.50
1.23773,186.504,-102.129,0,0.000,0.032,0.039,-0.013,0.032,0.007,800.0,1,800.0,1.207,7.64,0.09,0.46,-0.11,35.35,-8.14
1.24778,181.494,-107.139,0,0.000,0.024,0.039,0.079,0.024,0.001,800.0,1,800.0,1.222,8.22,0.22,0.58,0.13,40.87,8.77
1.25801,176.221,-112.412,0,0.000,-0.013,0.039,-0.018,-0.013,-0.002,800.0,1,800.0,1.232,8.66,0.16,0.44,-0.06,40.73,-5.10
1.26806,171.035,-117.598,0,0.000,-0.047,0.039,0.055,-0.047,0.000,800.0,1,800.0,1.243,9.15,0.16,0.48,0.00,41.03,0.00
1.28766,161.016,-127.617,0,0.000,-0.002,0.039,0.027,-0.002,-0.001,800.0,1,800.0,1.269,10.69,0.32,0.77,0.16,78.42,16.74
1.29770,155.566,-133.066,0,0.000,-0.007,0.039,-0.026,-0.007,0.015,800.0,1,800.0,1.269,10.69,0.32,0.77,0.16,78.42,16.74
1.30793,150.469,-138.164,0,0.000,0.066,0.039,0.031,0.066,0.013,800.0,1,800.0,1.280,11.00,0.11,0.31,-0.22,27.31,-19.38
1.31798,145.195,-143.437,0,0.000,-0.033,0.039,-0.019,-0.033,0.020,800.0,1,800.0,1.293,11.69,0.23,0.69,0.12,58.23,10.12
1.33757,135.527,-153.105,0,0.000,0.045,0.039,0.024,0.045,0.012,800.0,1,800.0,1.317,12.73,0.17,0.68,0.10,58.71,8.99
1.34762,130.693,-157.939,0,0.000,-0.007,0.039,0.014,-0.007,0.013,800.0,1,800.0,1.317,12.73,0.17,0.68,0.10,58.71,8.99
1.35836,125.859,-162.773,0,0.000,-0.141,0.037,-0.050,-0.141,0.015,800.0,1,800.0,1.333,13.24,0.17,0.50,0.00,30.89,0.00
1.37781,116.455,-172.178,0,0.000,-0.050,0.037,-0.011,-0.050,0.022,800.0,1,800.0,1.352,14.26,0.17,0.39,0.00,36.45,0.00
1.39740,108.018,-180.615,0,0.000,0.013,0.037,-0.002,0.013,0.014,800.0,1,800.0,1.366,14.89,0.23,0.63,0.06,54.46,5.42
1.40745,103.887,-184.746,0,0.000,-0.151,0.035,-0.041,-0.151,0.000,800.0,1,800.0,1.375,15.46,0.23,0.57,0.00,45.08,0.00
1.41767,99.492,-189.141,0,0.000,0.004,0.035,-0.034,0.004,0.011,800.0,1,800.0,1.390,16.09,0.23,0.64,0.00,43.92,0.00
1.42773,95.361,-193.271,0,0.000,0.239,0.038,0.066,0.239,0.004,800.0,1,800.0,1.403,16.69,0.23,0.59,0.00,52.30,0.00
1.44732,87.803,-200.830,0,0.000,-0.066,0.037,-0.034,-0.066,0.001,800.0,1,800.0,1.423,17.66,0.37,0.76,0.14,63.25,11.57
1.45737,83.672,-204.961,0,0.000,-0.040,0.037,0.007,-0.040,0.001,800.0,1,800.0,1.438,18.02,0.22,0.36,-0.15,30.95,-12.47
1.46760,79.893,-208.740,0,0.000,0.011,0.037,0.010,0.011,0.001,800.0,1,800.0,1.438,18.02,0.22,0.36,-0.15,30.95,-12.47
1.47765,75.762,-212.871,0,0.000,-0.108,0.036,-0.038,-0.108,0.002,800.0,1,800.0,1.447,18.68,0.37,0.66,0.14,56.05,12.35
1.58241,30.322,-258.311,0,0.000,0.029,0.039,0.059,0.029,0.010,800.0,1,800.0,1.466,19.24,0.22,0.56,-0.14,38.79,-9.95
1.59441,29.268,-259.365,0,0.000,0.016,0.039,-0.005,0.016,0.004,800.0,1,800.0,1.466,19.24,0.22,0.56,-0.14,38.79,-9.95
1.60723,23.203,-265.430,0,0.000,0.181,0.041,0.063,0.181,0.002,800.0,1,800.0,1.466,19.24,0.22,0.56,-0.14,38.79,-9.95
1.61746,18.369,-270.264,0,0.000,-0.086,0.040,-0.036,-0.086,0.013,800.0,1,800.0,1.599,24.53,0.14,0.48,-0.13,23.93,-6.22
1.62751,13.535,-275.098,0,0.000,0.017,0.040,0.022,0.017,0.009,800.0,1,800.0,1.608,25.09,0.14,0.55,0.00,47.49,0.00
1.64710,4.131,-284.502,0,0.000,0.031,0.040,-0.004,0.031,0.013,800.0,1,800.0,1.620,25.48,0.18,0.39,0.05,32.07,3.97
1.65715,358.945,-289.687,0,0.000,-0.062,0.039,-0.035,-0.062,0.011,800.0,1,800.0,1.631,26.16,0.37,0.68,0.19,61.61,16.84
1.66738,353.760,-294.873,0,0.000,0.217,0.041,0.046,0.217,0.010,800.0,1,800.0,1.644,26.69,0.37,0.53,0.00,45.64,0.00
1.67743,348.398,-300.234,0,0.000,-0.102,0.040,0.019,-0.102,-0.001,800.0,1,800.0,1.653,27.04,0.27,0.35,-0.09,31.80,-8.61
1.69702,338.555,-310.078,0,0.000,-0.077,0.041,-0.011,-0.077,0.011,800.0,1,800.0,1.667,27.62,0.39,0.59,0.12,41.49,8.46
1.73081,320.537,-328.096,0,0.000,0.126,0.045,0.013,0.126,0.000,800.0,1,800.0,1.685,28.14,0.39,0.51,0.00,28.39,0.00
1.74715,313.154,-335.479,0,0.000,-0.070,0.044,-0.038,-0.070,0.011,800.0,1,800.0,1.697,28.90,1.71,30.04,0.51,0.73,0.07
1.76674,303.926,-344.707,0,0.000,0.122,0.045,0.025,0.122,0.013,800.0,1,800.0,1.744,30.88,0.52,0.61,0.08,46.46,6.22
1.77680,298.916,-349.717,0,0.000,-0.072,0.044,0.019,-0.072,0.018,800.0,1,800.0,1.756,31.39,0.41,0.51,-0.10,42.29,-8.60
1.78703,294.521,-354.111,0,0.000,0.127,0.046,0.013,0.127,0.003,800.0,1,800.0,1.766,32.12,0.54,0.72,0.12,61.55,10.42
1.79708,289.863,-358.770,0,0.000,-0.144,0.044,0.021,-0.144,0.005,800.0,1,800.0,1.766,32.12,0.54,0.72,0.12,61.55,10.42
1.81666,281.689,-366.943,0,0.000,-0.040,0.044,0.044,-0.040,0.020,800.0,1,800.0,1.792,33.09,0.66,0.36,0.07,29.40,5.97
1.82671,277.295,-371.338,0,0.000,-0.046,0.043,-0.052,-0.046,0.001,800.0,1,800.0,1.804,33.78,0.62,0.69,-0.05,57.56,-4.14
1.83694,272.988,-375.645,0,0.000,-0.081,0.042,-0.014,-0.081,-0.001,800.0,1,800.0,1.816,34.14,0.55,0.36,-0.06,30.90,-5.28
1.84700,268.857,-379.775,0,0.000,0.136,0.044,0.022,0.136,-0.006,800.0,1,800.0,1.816,34.14,0.55,0.36,-0.06,30.90,-5.28
1.85739,264.814,-383.818,0,0.000,-0.077,0.043,-0.004,-0.077,0.001,800.0,1,800.0,1.831,34.84,0.64,0.70,0.09,49.01,6.43
1.87696,257.783,-390.850,0,0.000,-0.027,0.043,0.038,-0.027,0.012,0.0,1,0.0,1.855,35.78,0.64,0.30,-0.05,24.96,-4.57
1.89655,257.871,-390.762,0,0.000,-0.483,0.032,-0.062,-0.483,-0.016,0.0,1,0.0,1.877,36.98,0.67,0.62,0.08,51.52,6.95
1.90661,257.783,-390.850,0,0.000,-0.360,0.028,0.056,-0.360,-0.013,0.0,1,0.0,1.877,36.98,0.67,0.62,0.08,51.52,6.95
1.91683,257.959,-390.674,0,0.000,-0.284,0.025,-0.046,-0.284,-0.008,0.0,1,0.0,1.890,37.58,0.67,0.60,0.00,51.38,0.00
1.92688,257.871,-390.762,0,0.000,-0.162,0.023,0.057,-0.162,-0.004,0.0,1,0.0,1.901,38.21,0.58,0.63,-0.09,57.49,-8.33
1.94648,257.871,-390.762,0,0.000,-0.154,0.021,-0.003,-0.154,0.010,0.0,1,0.0,1.926,38.02,0.47,0.26,-0.15,23.12,-13.44
1.95653,257.959,-390.674,0,0.000,-0.025,0.020,-0.002,-0.025,0.016,0.0,1,0.0,1.926,38.02,0.47,0.26,-0.15,23.12,-13.44
1.96675,257.871,-390.762,0,0.000,-0.056,0.020,-0.008,-0.056,0.003,0.0,1,0.0,1.938,37.85,0.47,-0.17,0.00,-12.23,0.00
1.97682,257.871,-390.762,0,0.000,-0.051,0.019,-0.015,-0.051,0.009,0.0,1,0.0,1.960,37.85,0.59,0.00,0.11,0.00,5.81
1.99639,257.871,-390.762,0,0.000,-0.025,0.019,-0.004,-0.025,0.004,0.0,1,0.0,1.971,38.02,0.59,0.17,0.00,15.45,0.00
2.00644,257.959,-390.674,0,0.000,0.029,0.020,-0.016,0.029,0.013,0.0,1,0.0,1.981,37.78,0.50,-0.24,-0.09,-22.13,-8.10
2.01667,257.871,-390.762,0,0.000,0.025,0.020,0.014,0.025,0.012,0.0,1,0.0,1.981,37.78,0.50,-0.24,-0.09,-22.13,-8.10
2.02672,257.871,-390.762,0,0.000,0.005,0.020,-0.020,0.005,0.007,0.0,1,0.0,2.002,38.05,0.50,0.28,0.00,13.65,0.00
2.04628,257.871,-390.762,0,0.000,0.025,0.021,-0.006,0.025,0.011,0.0,1,0.0,2.024,37.97,0.58,0.21,0.08,19.17,7.02
2.05651,257.871,-390.762,0,0.000,0.028,0.021,0.040,0.028,0.007,0.0,1,0.0,2.024,37.97,0.58,0.21,0.08,19.17,7.02
2.06657,257.871,-390.762,0,0.000,0.034,0.021,0.002,0.034,0.006,0.0,1,0.0,2.040,37.77,0.53,-0.20,-0.05,-13.62,-3.31
2.07679,257.783,-390.850,0,0.000,0.008,0.021,0.026,0.008,0.004,0.0,1,0.0,2.053,37.96,0.58,0.19,0.06,13.27,3.91
2.09621,257.871,-390.762,0,0.000,0.014,0.022,0.020,0.014,0.002,0.0,1,0.0,2.066,37.85,0.58,-0.12,0.00,-8.67,0.00
2.10643,257.783,-390.850,0,0.000,0.025,0.022,-0.003,0.025,0.005,0.0,1,0.0,2.078,37.98,0.58,0.13,0.00,9.85,0.00
2.11674,257.871,-390.762,0,0.000,0.023,0.022,0.008,0.023,0.006,0.0,1,0.0,2.093,37.88,0.58,-0.10,0.00,-8.19,0.00
2.13640,257.871,-390.762,0,0.000,0.022,0.023,-0.002,0.022,0.013,0.0,1,0.0,2.111,37.89,0.58,-0.08,0.00,-7.06,0.00
2.14664,257.871,-390.762,0,0.000,0.022,0.023,-0.014,0.022,0.011,0.0,1,0.0,2.125,37.94,0.58,0.06,0.00,4.77,0.00
2.16604,257.871,-390.762,0,0.000,0.026,0.023,0.000,0.026,0.011,0.0,1,0.0,2.136,37.94,0.58,0.00,0.00,0.00,0.00
2.17627,257.871,-390.762,0,0.000,0.022,0.024,0.012,0.022,0.011,0.0,1,0.0,2.153,37.94,0.58,0.00,0.00,0.00,0.00
2.18632,257.871,-390.762,0,0.000,0.026,0.024,0.011,0.026,0.010,0.0,1,0.0,2.163,37.94,0.58,0.00,0.00,0.00,0.00
2.19656,257.871,-390.762,0,0.000,0.025,0.024,0.022,0.025,0.011,0.0,1,0.0,2.175,37.94,0.58,0.00,0.00,0.00,0.00
2.21596,257.871,-390.762,0,0.000,0.023,0.025,0.021,0.023,0.008,0.0,1,0.0,2.188,37.94,0.58,0.00,0.00,0.00,0.00
2.22619,257.871,-390.762,0,0.000,0.025,0.025,0.019,0.025,0.007,0.0,1,0.0,2.204,37.94,0.58,0.00,0.00,0.00,0.00
2.23624,257.871,-390.762,0,0.000,0.025,0.025,0.011,0.025,0.005,0.0,1,0.0,2.217,37.94,0.58,0.00,0.00,0.00,0.00
2.24638,257.783,-390.850,0,0.000,0.026,0.025,0.007,0.026,0.009,0.0,1,0.0,2.217,37.94,0.58,0.00,0.00,0.00,0.00
2.26597,257.871,-390.762,0,0.000,0.029,0.026,0.001,0.029,0.007,0.0,1,0.0,2.247,37.94,0.58,0.00,0.00,0.00,0.00
2.27602,257.871,-390.762,0,0.000,0.023,0.026,-0.005,0.023,0.008,0.0,1,0.0,2.254,37.94,0.58,0.00,0.00,0.00,0.00
2.28625,257.871,-390.762,0,0.000,0.024,0.026,-0.004,0.024,0.011,0.0,1,0.0,2.263,37.94,0.58,0.00,0.00,0.00,0.00
2.29630,257.959,-390.674,0,0.000,0.022,0.027,-0.004,0.022,0.011,0.0,1,0.0,2.275,37.94,0.58,0.00,0.00,0.00,0.00
2.31590,257.871,-390.762,0,0.000,0.020,0.027,0.002,0.020,0.014,0.0,1,0.0,2.296,37.94,0.58,0.00,0.00,0.00,0.00
2.32596,257.871,-390.762,0,0.000,0.021,0.027,0.007,0.021,0.016,0.0,1,0.0,2.308,37.94,0.58,0.00,0.00,0.00,0.00
2.33617,257.959,-390.674,0,0.000,0.021,0.027,0.008,0.021,0.017,0.0,1,0.0,2.308,37.94,0.58,0.00,0.00,0.00,0.00
2.34622,257.871,-390.762,0,0.000,0.020,0.028,0.011,0.020,0.014,0.0,1,0.0,2.317,37.94,0.58,0.00,0.00,0.00,0.00
2.36581,257.871,-390.762,0,0.000,0.023,0.028,0.013,0.023,0.010,0.0,1,0.0,2.345,37.94,0.58,0.00,0.00,0.00,0.00
2.37609,257.871,-390.762,0,0.000,0.026,0.028,0.010,0.026,0.011,0.0,1,0.0,2.345,37.94,0.58,0.00,0.00,0.00,0.00
2.39578,257.959,-390.674,0,0.000,0.030,0.029,0.003,0.030,0.013,0.0,1,0.0,2.374,37.94,0.58,0.00,0.00,0.00,0.00
2.40600,257.871,-390.762,0,0.000,0.031,0.029,0.002,0.031,0.008,0.0,1,0.0,2.387,37.94,0.58,0.00,0.00,0.00,0.00
2.41606,257.871,-390.762,0,0.000,0.031,0.030,0.001,0.031,0.005,0.0,1,0.0,2.387,37.94,0.58,0.00,0.00,0.00,0.00
2.43565,257.783,-390.850,0,0.000,0.027,0.030,0.004,0.027,0.007,0.0,1,0.0,2.407,37.94,0.58,0.00,0.00,0.00,0.00
2.44570,257.695,-390.937,0,0.000,0.022,0.030,0.006,0.022,0.009,0.0,1,0.0,2.415,37.94,0.58,0.00,0.00,0.00,0.00
2.45592,257.871,-390.762,0,0.000,0.022,0.031,0.008,0.022,0.010,0.0,1,0.0,2.433,37.94,0.58,0.00,0.00,0.00,0.00
2.46598,257.871,-390.762,0,0.000,0.021,0.031,0.007,0.021,0.010,0.0,1,0.0,2.443,37.94,0.58,0.00,0.00,0.00,0.00
2.48558,257.783,-390.850,0,0.000,0.019,0.031,0.010,0.019,0.011,0.0,1,0.0,2.466,37.94,0.58,0.00,0.00,0.00,0.00
2.49562,257.871,-390.762,0,0.000,0.020,0.031,0.013,0.020,0.010,0.0,1,0.0,2.477,37.94,0.58,0.00,0.00,0.00,0.00
2.50602,257.871,-390.762,0,0.000,0.020,0.032,0.008,0.020,0.013,0.0,1,0.0,2.477,37.94,0.58,0.00,0.00,0.00,0.00
2.52519,257.959,-390.674,0,0.000,0.022,0.032,0.005,0.022,0.013,0.0,1,0.0,2.500,37.94,0.58,0.00,0.00,0.00,0.00
2.53541,257.871,-390.762,0,0.000,0.026,0.032,0.007,0.026,0.014,0.0,1,0.0,2.513,37.94,0.58,0.00,0.00,0.00,0.00
2.54547,257.871,-390.762,0,0.000,0.028,0.033,0.008,0.028,0.008,0.0,1,0.0,2.525,37.94,0.58,0.00,0.00,0.00,0.00
2.55570,257.783,-390.850,0,0.000,0.027,0.033,0.009,0.027,0.005,0.0,1,0.0,2.525,37.94,0.58,0.00,0.00,0.00,0.00
2.56575,257.871,-390.762,0,0.000,0.025,0.033,0.010,0.025,0.005,0.0,1,0.0,2.540,37.94,0.58,0.00,0.00,0.00,0.00
2.58534,257.783,-390.850,0,0.000,0.026,0.034,0.005,0.026,0.010,0.0,1,0.0,2.553,37.94,0.58,0.00,0.00,0.00,0.00
2.59539,257.959,-390.674,0,0.000,0.023,0.034,0.007,0.023,0.009,0.0,1,0.0,2.568,37.94,0.58,0.00,0.00,0.00,0.00
2.60561,257.783,-390.850,0,0.000,0.023,0.034,0.005,0.023,0.013,0.0,1,0.0,2.579,37.94,0.58,0.00,0.00,0.00,0.00
2.61567,257.871,-390.762,0,0.000,0.021,0.034,0.005,0.021,0.012,0.0,1,0.0,2.598,37.94,0.58,0.00,0.00,0.00,0.00
2.62581,257.871,-390.762,0,0.000,0.019,0.034,0.003,0.019,0.011,0.0,1,0.0,2.598,37.94,0.58,0.00,0.00,0.00,0.00
2.64540,257.871,-390.762,0,0.000,0.019,0.035,0.005,0.019,0.013,0.0,1,0.0,2.621,37.94,0.58,0.00,0.00,0.00,0.00
2.65545,257.783,-390.850,0,0.000,0.020,0.035,0.007,0.020,0.014,0.0,1,0.0,2.629,37.94,0.58,0.00,0.00,0.00,0.00
2.66567,257.871,-390.762,0,0.000,0.020,0.035,0.004,0.020,0.015,0.0,1,0.0,2.642,37.94,0.58,0.00,0.00,0.00,0.00
2.67573,257.871,-390.762,0,0.000,0.023,0.035,0.005,0.023,0.011,0.0,1,0.0,2.655,37.94,0.58,0.00,0.00,0.00,0.00
2.69532,257.783,-390.850,0,0.000,0.024,0.036,0.005,0.024,0.005,0.0,1,0.0,2.667,37.94,0.58,0.00,0.00,0.00,0.00
2.70537,257.871,-390.762,0,0.000,0.022,0.036,0.011,0.022,0.008,0.0,1,0.0,2.678,37.94,0.58,0.00,0.00,0.00,0.00
2.71559,257.871,-390.762,0,0.000,0.024,0.036,0.010,0.024,0.011,0.0,1,0.0,2.693,37.94,0.58,0.00,0.00,0.00,0.00
2.72565,257.871,-390.762,0,0.000,0.022,0.037,0.008,0.022,0.011,0.0,1,0.0,2.703,37.94,0.58,0.00,0.00,0.00,0.00
2.74524,257.871,-390.762,0,0.000,0.023,0.037,0.005,0.023,0.008,0.0,1,0.0,2.716,37.94,0.58,0.00,0.00,0.00,0.00
2.75557,257.871,-390.762,0,0.000,0.019,0.037,0.007,0.019,0.009,0.0,1,0.0,2.728,37.94,0.58,0.00,0.00,0.00,0.00
2.77546,257.871,-390.762,0,0.000,0.019,0.038,0.007,0.019,0.009,0.0,1,0.0,2.749,37.94,0.58,0.00,0.00,0.00,0.00
2.78551,257.871,-390.762,0,0.000,0.020,0.038,0.010,0.020,0.008,0.0,1,0.0,2.765,37.94,0.58,0.00,0.00,0.00,0.00
2.80510,257.871,-390.762,0,0.000,0.020,0.038,0.006,0.020,0.014,0.0,1,0.0,2.774,37.94,0.58,0.00,0.00,0.00,0.00
2.81515,257.871,-390.762,0,0.000,0.020,0.038,0.005,0.020,0.018,0.0,1,0.0,2.787,37.94,0.58,0.00,0.00,0.00,0.00
2.82538,257.871,-390.762,0,0.000,0.021,0.039,0.004,0.021,0.016,0.0,1,0.0,2.800,37.94,0.58,0.00,0.00,0.00,0.00
2.83543,257.871,-390.762,0,0.000,0.020,0.039,0.004,0.020,0.015,0.0,1,0.0,2.814,37.94,0.58,0.00,0.00,0.00,0.00
2.85502,257.871,-390.762,0,0.000,0.021,0.039,0.008,0.021,0.010,0.0,1,0.0,2.827,37.94,0.58,0.00,0.00,0.00,0.00
2.86507,257.871,-390.762,0,0.000,0.021,0.039,0.008,0.021,0.010,0.0,1,0.0,2.837,37.94,0.58,0.00,0.00,0.00,0.00
2.87529,257.959,-390.674,0,0.000,0.020,0.040,0.008,0.020,0.011,800.0,-1,-800.0,2.852,37.94,0.58,0.00,0.00,0.00,0.00
2.88544,262.441,-386.191,0,0.000,-0.509,0.035,0.130,-0.509,0.020,800.0,-1,-800.0,2.864,37.94,0.58,0.00,0.00,0.00,0.00
2.90485,270.527,-378.105,0,0.000,-0.179,0.027,0.080,-0.179,0.028,800.0,-1,-800.0,2.888,37.94,0.58,0.00,0.00,0.00,0.00
2.91508,274.658,-373.975,0,0.000,-0.290,0.024,-0.005,-0.290,0.041,800.0,-1,-800.0,2.888,37.94,0.58,0.00,0.00,0.00,0.00
2.92513,278.877,-369.756,0,0.000,-0.064,0.024,0.053,-0.064,0.025,800.0,-1,-800.0,2.898,37.94,0.58,0.00,0.00,0.00,0.00
2.94472,287.314,-361.318,0,0.000,-0.020,0.022,0.000,-0.020,0.024,800.0,-1,-800.0,2.920,37.94,0.58,0.00,0.00,0.00,0.00
2.95477,291.709,-356.924,0,0.000,-0.184,0.020,0.042,-0.184,0.017,800.0,-1,-800.0,2.929,36.78,0.80,-1.16,0.22,-125.46,23.67
2.96499,296.367,-352.266,0,0.000,0.077,0.021,-0.004,0.077,0.024,800.0,-1,-800.0,2.940,36.86,0.69,0.08,-0.11,5.96,-8.83
2.97505,301.025,-347.607,0,0.000,-0.095,0.020,0.032,-0.095,0.014,800.0,-1,-800.0,2.954,36.12,0.69,-0.74,0.00,-59.00,0.00
2.98528,305.859,-342.773,0,0.000,0.065,0.021,-0.017,0.065,0.005,800.0,-1,-800.0,2.954,36.12,0.69,-0.74,0.00,-59.00,0.00
3.00469,315.176,-333.457,0,0.000,0.079,0.021,0.054,0.079,0.013,800.0,-1,-800.0,2.979,35.08,0.69,-0.63,0.00,-45.06,0.00
3.01515,320.010,-328.623,0,0.000,-0.108,0.020,-0.002,-0.108,0.025,800.0,-1,-800.0,2.991,34.34,0.69,-0.74,0.00,-56.73,0.00
3.03477,330.205,-318.428,0,0.000,-0.008,0.021,0.051,-0.008,0.029,800.0,-1,-800.0,3.008,34.06,0.79,-0.28,0.10,-16.55,6.01
3.04500,335.566,-313.066,0,0.000,0.132,0.022,0.011,0.132,0.026,800.0,-1,-800.0,3.021,33.14,0.71,-0.92,-0.08,-94.89,-8.48
3.05505,340.752,-307.881,0,0.000,0.028,0.022,0.105,0.028,0.028,800.0,-1,-800.0,3.032,33.02,0.79,-0.12,0.08,-9.01,5.95
3.07464,351.035,-297.598,0,0.000,-0.260,0.021,-0.007,-0.260,0.005,800.0,-1,-800.0,3.042,32.01,0.66,-1.00,-0.13,-108.59,-14.24
3.08469,356.133,-292.500,0,0.000,0.007,0.021,0.028,0.007,-0.002,800.0,-1,-800.0,3.058,31.87,0.66,-0.14,0.00,-8.44,0.00
3.09492,1.143,-287.490,0,0.000,-0.047,0.020,-0.008,-0.047,0.010,800.0,-1,-800.0,3.070,31.06,0.66,-0.81,0.00,-78.48,0.00
3.10497,6.240,-282.393,0,0.000,0.201,0.022,0.034,0.201,0.014,800.0,-1,-800.0,3.082,30.64,0.75,-0.41,0.09,-32.46,6.66
3.12456,15.732,-272.900,0,0.000,0.040,0.023,0.029,0.040,0.007,800.0,-1,-800.0,3.104,29.87,0.56,-0.35,-0.19,-31.42,-16.52
3.13462,20.479,-268.154,0,0.000,-0.154,0.021,-0.019,-0.154,0.014,800.0,-1,-800.0,3.116,29.41,0.81,-0.47,0.25,-40.21,21.54
3.14484,25.225,-263.408,0,0.000,0.017,0.021,-0.010,0.017,0.002,800.0,-1,-800.0,3.116,29.41,0.81,-0.47,0.25,-40.21,21.54
3.15489,29.795,-258.838,0,0.000,0.069,0.022,-0.007,0.069,0.010,800.0,-1,-800.0,3.126,28.47,0.70,-0.94,-0.11,-82.23,-9.91
3.17448,38.145,-250.488,0,0.000,0.080,0.024,0.013,0.080,0.005,800.0,-1,-800.0,3.156,27.46,0.75,-0.76,-0.08,-44.77,-4.52
3.18453,42.539,-246.094,0,0.000,0.151,0.026,0.008,0.151,-0.001,800.0,-1,-800.0,3.164,27.06,0.75,-0.40,0.00,-40.87,0.00
3.19476,46.582,-242.051,0,0.000,-0.022,0.026,0.016,-0.022,0.013,800.0,-1,-800.0,3.164,27.06,0.75,-0.40,0.00,-40.87,0.00
3.20481,50.801,-237.832,0,0.000,0.160,0.027,0.002,0.160,-0.005,800.0,-1,-800.0,3.180,26.51,0.80,-0.54,0.05,-38.48,3.84
3.22440,58.271,-230.361,0,0.000,0.114,0.029,-0.020,0.114,-0.003,800.0,-1,-800.0,3.198,25.31,0.74,-0.48,0.12,-38.69,9.20
3.23445,62.314,-226.318,0,0.000,-0.016,0.028,0.038,-0.016,0.005,800.0,-1,-800.0,3.214,24.88,0.68,-0.43,-0.06,-34.69,-4.85
3.24468,66.270,-222.363,0,0.000,0.116,0.030,0.011,0.116,-0.011,800.0,-1,-800.0,3.214,24.88,0.68,-0.43,-0.06,-34.69,-4.85
3.25473,70.049,-218.584,0,0.000,-0.101,0.029,-0.002,-0.101,0.004,800.0,-1,-800.0,3.224,24.30,0.63,-0.58,-0.05,-42.99,-3.91
3.26524,73.828,-214.805,0,0.000,0.074,0.029,0.000,0.074,0.001,800.0,-1,-800.0,3.242,23.79,0.63,-0.51,0.00,-36.81,0.00
3.28412,81.299,-207.334,0,0.000,0.012,0.030,-0.060,0.012,0.001,800.0,-1,-800.0,3.261,22.89,0.70,-0.30,0.08,-29.15,7.50
3.29434,85.254,-203.379,0,0.000,0.017,0.030,0.031,0.017,0.013,800.0,-1,-800.0,3.261,22.89,0.70,-0.30,0.08,-29.15,7.50
3.30439,89.297,-199.336,0,0.000,0.102,0.031,0.006,0.102,-0.006,800.0,-1,-800.0,3.282,22.09,0.62,-0.80,-0.08,-44.13,-4.43
3.31462,93.340,-195.293,0,0.000,-0.139,0.029,-0.013,-0.139,0.010,800.0,-1,-800.0,3.291,21.77,0.62,-0.32,0.00,-30.19,0.00
3.32468,97.471,-191.162,0,0.000,0.074,0.030,0.010,0.074,0.008,800.0,-1,-800.0,3.303,21.10,0.55,-0.67,-0.08,-57.18,-6.55
3.34426,105.381,-183.252,0,0.000,0.039,0.031,-0.008,0.039,0.004,800.0,-1,-800.0,3.315,20.74,0.55,-0.36,0.00,-30.12,0.00
3.35431,109.688,-178.945,0,0.000,-0.014,0.031,0.035,-0.014,0.014,800.0,-1,-800.0,3.328,20.15,0.55,-0.59,0.00,-50.40,0.00
3.36454,114.258,-174.375,0,0.000,0.051,0.031,0.017,0.051,0.006,800.0,-1,-800.0,3.341,19.57,0.49,-0.59,-0.06,-43.94,-4.67
3.37459,118.916,-169.717,0,0.000,-0.014,0.031,0.046,-0.014,0.022,800.0,-1,-800.0,3.341,19.57,0.49,-0.59,-0.06,-43.94,-4.67
3.38602,123.838,-164.795,0,0.000,0.153,0.033,0.026,0.153,0.011,800.0,-1,-800.0,3.359,19.11,0.62,-0.46,0.14,-25.16,7.65
3.40404,132.539,-156.094,0,0.000,-0.023,0.032,-0.038,-0.023,0.001,800.0,-1,-800.0,3.381,17.99,0.68,-0.54,0.13,-53.04,13.10
3.41428,137.461,-151.172,0,0.000,-0.032,0.032,0.024,-0.032,0.011,800.0,-1,-800.0,3.394,17.40,0.61,-0.59,-0.07,-43.11,-5.45
3.42432,142.559,-146.074,0,0.000,0.116,0.033,0.018,0.116,0.015,800.0,-1,-800.0,3.394,17.40,0.61,-0.59,-0.07,-43.11,-5.45
3.44392,152.402,-136.230,0,0.000,-0.025,0.033,-0.020,-0.025,0.010,800.0,-1,-800.0,3.425,16.29,0.72,-0.62,0.11,-35.42,6.06
3.45396,157.852,-130.781,0,0.000,0.066,0.033,0.029,0.066,0.016,800.0,-1,-800.0,3.435,15.82,0.72,-0.46,0.00,-43.68,0.00
3.46419,162.861,-125.771,0,0.000,0.087,0.034,0.002,0.087,0.022,800.0,-1,-800.0,3.435,15.82,0.72,-0.46,0.00,-43.68,0.00
3.47424,168.223,-120.410,0,0.000,-0.004,0.034,0.044,-0.004,0.020,800.0,-1,-800.0,3.446,15.25,0.72,-0.58,0.00,-50.29,0.00
3.49383,178.242,-110.391,0,0.000,-0.075,0.033,0.025,-0.075,0.012,800.0,-1,-800.0,3.469,14.15,0.72,-0.58,0.00,-47.98,0.00
3.50388,183.516,-105.117,0,0.000,0.144,0.034,0.011,0.144,0.014,800.0,-1,-800.0,3.484,13.64,0.72,-0.51,0.00,-41.59,0.00
3.51402,188.613,-100.020,0,0.000,0.005,0.035,-0.008,0.005,0.013,800.0,-1,-800.0,3.484,13.64,0.72,-0.51,0.00,-41.59,0.00
3.52425,193.447,-95.186,0,0.000,0.022,0.035,-0.039,0.022,0.004,800.0,-1,-800.0,3.496,13.25,0.72,-0.38,0.00,-28.76,0.00
3.53430,198.545,-90.088,0,0.000,0.073,0.035,0.019,0.073,0.006,800.0,-1,-800.0,3.508,12.72,0.72,-0.53,0.00,-45.12,0.00
3.55389,207.949,-80.684,0,0.000,0.017,0.036,0.013,0.017,0.000,800.0,-1,-800.0,3.531,11.58,0.79,-0.40,0.08,-31.67,5.89
3.56394,212.432,-76.201,0,0.000,0.040,0.037,-0.040,0.040,0.004,800.0,-1,-800.0,3.531,11.58,0.79,-0.40,0.08,-31.67,5.89
3.57417,217.002,-71.631,0,0.000,-0.048,0.036,-0.021,-0.048,0.001,800.0,-1,-800.0,3.551,10.91,0.79,-0.67,0.00,-38.22,0.00
3.58422,221.309,-67.324,0,0.000,0.053,0.037,-0.084,0.053,-0.004,800.0,-1,-800.0,3.560,10.51,0.85,-0.40,0.06,-40.16,5.85
3.60382,229.658,-58.975,0,0.000,0.026,0.038,0.000,0.026,0.005,800.0,-1,-800.0,3.585,9.44,0.85,-0.43,0.00,-32.99,0.00
3.61386,233.965,-54.668,0,0.000,0.149,0.040,0.032,0.149,0.013,800.0,-1,-800.0,3.585,9.44,0.85,-0.43,0.00,-32.99,0.00
3.62409,238.096,-50.537,0,0.000,0.056,0.040,0.021,0.056,0.014,800.0,-1,-800.0,3.597,8.82,0.85,-0.62,0.00,-51.62,0.00
3.63429,241.963,-46.670,0,0.000,0.057,0.041,-0.010,0.057,0.016,800.0,-1,-800.0,3.608,8.55,0.85,-0.28,0.00,-24.65,0.00
3.65387,250.225,-38.408,0,0.000,-0.005,0.040,0.019,-0.005,0.010,800.0,-1,-800.0,3.629,7.49,0.85,-0.14,0.09,-13.77,8.18
3.66409,254.092,-34.541,0,0.000,-0.066,0.040,-0.054,-0.066,0.005,800.0,-1,-800.0,3.642,6.64,0.85,-0.84,0.00,-75.04,0.00
3.68351,262.090,-26.543,0,0.000,0.047,0.040,-0.026,0.047,0.008,800.0,-1,-800.0,3.656,6.30,0.96,-0.35,0.10,-21.68,6.44
3.69373,266.045,-22.588,0,0.000,0.042,0.040,-0.009,0.042,0.007,800.0,-1,-800.0,3.667,5.70,0.76,-0.59,-0.20,-53.85,-17.86
3.70378,270.088,-18.545,0,0.000,0.016,0.040,-0.030,0.016,0.018,800.0,-1,-800.0,3.676,5.40,0.76,-0.30,0.00,-30.25,0.00
3.71401,274.395,-14.238,0,0.000,0.090,0.041,0.020,0.090,0.013,800.0,-1,-800.0,3.692,4.54,0.71,-0.86,-0.05,-64.12,-4.01
3.73343,282.656,-5.977,0,0.000,0.014,0.040,-0.029,0.014,0.006,800.0,-1,-800.0,3.702,4.30,0.71,-0.24,0.00,-20.90,0.00
3.74365,286.787,-1.846,0,0.000,0.122,0.041,-0.001,0.122,-0.002,800.0,-1,-800.0,3.716,3.46,0.63,-0.84,-0.08,-59.71,-5.60
3.75371,291.357,2.725,0,0.000,0.086,0.042,-0.035,0.086,-0.013,800.0,-1,-800.0,3.732,3.04,0.71,-0.43,0.09,-28.16,5.58
3.76393,295.752,7.119,0,0.000,0.009,0.042,-0.038,0.009,-0.007,800.0,-1,-800.0,3.740,2.42,0.71,-0.62,0.00,-67.01,0.00
3.78335,304.980,16.348,0,0.000,-0.042,0.042,-0.041,-0.042,0.008,800.0,-1,-800.0,3.758,2.03,0.71,-0.38,0.00,-22.49,0.00
3.79357,309.727,21.094,0,0.000,0.017,0.042,0.018,0.017,0.010,800.0,-1,-800.0,3.768,1.35,0.66,-0.68,-0.05,-62.69,-4.80
3.80363,314.561,25.928,0,0.000,-0.011,0.042,0.001,-0.011,0.011,800.0,-1,-800.0,3.780,0.96,0.75,-0.39,0.09,-33.58,8.04
3.81385,319.746,31.113,0,0.000,0.049,0.043,0.013,0.049,0.004,800.0,-1,-800.0,3.791,0.32,0.67,-0.64,-0.08,-61.06,-7.71
3.83327,329.502,40.869,0,0.000,0.159,0.045,0.067,0.159,0.018,800.0,-1,-800.0,3.805,-0.14,0.75,-0.46,0.08,-32.74,5.70
3.84349,334.863,46.230,0,0.000,-0.142,0.043,-0.014,-0.142,0.019,800.0,-1,-800.0,3.816,-0.87,0.67,-0.74,-0.08,-69.07,-7.46
3.85354,340.137,51.504,0,0.000,0.059,0.044,-0.007,0.059,0.011,800.0,-1,-800.0,3.828,-1.30,0.72,-0.43,0.05,-37.14,4.27
3.86377,345.234,56.602,0,0.000,-0.060,0.043,-0.026,-0.060,0.014,800.0,-1,-800.0,3.839,-1.89,0.66,-0.59,-0.06,-52.18,-5.24
3.88318,355.254,66.621,0,0.000,0.022,0.044,-0.026,0.022,0.023,800.0,-1,-800.0,3.862,-2.91,0.71,-0.64,0.05,-63.31,4.74
3.89372,0.527,71.895,0,0.000,0.064,0.044,0.017,0.064,0.002,800.0,-1,-800.0,3.862,-2.91,0.71,-0.64,0.05,-63.31,4.74
3.91336,10.371,81.738,0,0.000,0.087,0.045,0.017,0.087,0.001,800.0,-1,-800.0,3.886,-3.74,0.77,-0.47,-0.06,-39.71,-4.73
3.92342,15.293,86.660,0,0.000,0.038,0.045,-0.014,0.038,0.008,800.0,-1,-800.0,3.901,-4.40,0.77,-0.66,0.00,-55.29,0.00
3.93364,19.951,91.318,0,0.000,0.010,0.045,0.002,0.010,-0.005,800.0,-1,-800.0,3.915,-4.96,0.77,-0.56,0.00,-36.16,0.00
3.95306,29.092,100.459,0,0.000,0.062,0.046,0.037,0.062,-0.006,800.0,-1,-800.0,3.924,-5.45,0.86,-0.49,0.10,-52.57,10.24
3.96328,33.311,104.678,0,0.000,-0.134,0.044,-0.035,-0.134,0.002,800.0,-1,-800.0,3.937,-5.96,0.86,-0.50,0.00,-41.00,0.00
3.97334,37.969,109.336,0,0.000,0.072,0.045,-0.001,0.072,-0.001,800.0,-1,-800.0,3.948,-6.50,0.86,-0.54,0.00,-48.57,0.00
3.98356,41.924,113.291,0,0.000,0.031,0.045,0.014,0.031,-0.001,800.0,-1,-800.0,3.959,-7.02,0.94,-0.52,0.08,-43.90,6.81
4.00298,50.010,121.377,0,0.000,-0.026,0.046,0.003,-0.026,0.004,800.0,-1,-800.0,3.985,-7.59,0.81,-0.57,-0.13,-22.40,-5.02
4.01320,53.965,125.332,0,0.000,0.053,0.047,0.037,0.053,0.002,800.0,-1,-800.0,3.985,-7.59,0.81,-0.57,-0.13,-22.40,-5.02
4.02326,58.008,129.375,0,0.000,-0.119,0.046,-0.016,-0.119,0.013,800.0,-1,-800.0,3.994,-8.10,0.81,-0.51,0.00,-48.42,0.00
4.03348,61.875,133.242,0,0.000,0.133,0.047,0.016,0.133,0.002,800.0,-1,-800.0,4.008,-8.49,0.81,-0.40,0.00,-32.52,0.00
4.05291,69.346,140.713,0,0.000,0.095,0.047,-0.019,0.095,0.010,800.0,-1,-800.0,4.033,-9.61,0.80,-0.36,-0.08,-28.69,-6.66
4.06312,73.037,144.404,0,0.000,0.035,0.048,0.013,0.035,0.016,800.0,-1,-800.0,4.033,-9.61,0.80,-0.36,-0.08,-28.69,-6.66
4.07318,77.256,148.623,0,0.000,0.218,0.050,0.045,0.218,-0.004,800.0,-1,-800.0,4.045,-10.14,0.80,-0.53,0.00,-41.72,0.00
4.08340,81.123,152.490,0,0.000,-0.071,0.049,0.019,-0.071,0.002,800.0,-1,-800.0,4.058,-10.47,0.80,-0.32,0.00,-27.23,0.00
4.10283,88.594,159.961,0,0.000,-0.002,0.051,0.016,-0.002,0.013,800.0,-1,-800.0,4.081,-11.55,0.80,-0.37,0.08,-30.69,6.71
4.11304,92.637,164.004,0,0.000,0.110,0.052,-0.018,0.110,0.012,800.0,-1,-800.0,4.095,-12.13,0.72,-0.59,-0.09,-46.36,-6.82
4.12310,96.768,168.135,0,0.000,0.045,0.053,-0.002,0.045,0.017,800.0,-1,-800.0,4.095,-12.13,0.72,-0.59,-0.09,-46.36,-6.82
4.13332,100.898,172.266,0,0.000,0.117,0.054,0.037,0.117,0.006,800.0,-1,-800.0,4.106,-12.74,0.64,-0.61,-0.08,-49.09,-6.22
4.14359,104.854,176.221,0,0.000,-0.156,0.052,-0.036,-0.156,0.019,800.0,-1,-800.0,4.119,-13.08,0.64,-0.34,0.00,-25.16,0.00
4.16320,113.643,185.010,0,0.000,0.007,0.053,-0.012,0.007,0.018,800.0,-1,-800.0,4.130,-13.79,0.72,-0.71,0.08,-67.69,8.01
4.18278,122.344,193.711,0,0.000,-0.010,0.054,-0.016,-0.010,0.010,800.0,-1,-800.0,4.161,-14.90,0.69,-0.61,-0.11,-50.63,-9.16
4.19284,127.266,198.633,0,0.000,0.087,0.055,0.039,0.087,-0.008,800.0,-1,-800.0,4.172,-15.32,0.69,-0.42,0.00,-40.65,0.00
4.20306,132.012,203.379,0,0.000,-0.091,0.054,-0.020,-0.091,0.014,800.0,-1,-800.0,4.172,-15.32,0.69,-0.42,0.00,-40.65,0.00
4.21312,137.109,208.477,0,0.000,0.031,0.054,0.024,0.031,0.011,800.0,-1,-800.0,4.185,-15.81,0.69,-0.49,0.00,-38.65,0.00
4.23270,146.689,218.057,0,0.000,0.041,0.055,0.008,0.041,0.012,800.0,-1,-800.0,4.210,-16.71,0.65,-0.35,0.06,-26.98,4.37
4.24276,151.875,223.242,0,0.000,-0.078,0.054,-0.005,-0.078,0.015,800.0,-1,-800.0,4.210,-16.71,0.65,-0.35,0.06,-26.98,4.37
4.25298,157.236,228.604,0,0.000,0.075,0.055,0.047,0.075,0.014,800.0,-1,-800.0,4.226,-17.38,0.65,-0.67,0.00,-40.03,0.00
4.26304,162.422,233.789,0,0.000,-0.122,0.053,-0.032,-0.122,0.037,800.0,-1,-800.0,4.237,-17.95,0.59,-0.57,-0.06,-57.68,-5.99
4.28251,172.441,243.809,0,0.000,0.042,0.055,-0.018,0.042,0.018,800.0,-1,-800.0,4.262,-19.03,0.59,-0.55,0.00,-58.15,0.00
4.29256,177.627,248.994,0,0.000,0.043,0.055,-0.010,0.043,0.000,800.0,-1,-800.0,4.262,-19.03,0.59,-0.55,0.00,-58.15,0.00
4.30279,182.812,254.180,0,0.000,0.039,0.056,-0.021,0.039,0.003,800.0,-1,-800.0,4.277,-19.52,0.64,-0.49,0.05,-31.71,3.32
4.31284,188.086,259.453,0,0.000,0.068,0.056,0.034,0.068,-0.008,800.0,-1,-800.0,4.287,-20.09,0.57,-0.56,-0.08,-57.87,-7.70
4.33243,197.578,268.945,0,0.000,0.112,0.057,0.058,0.112,-0.011,800.0,-1,-800.0,4.296,-20.70,0.52,-0.62,-0.05,-51.50,-3.94
4.34248,202.412,273.779,0,0.000,0.026,0.057,-0.008,0.026,0.001,800.0,-1,-800.0,4.314,-21.21,0.45,-0.50,-0.07,-30.60,-4.46
4.35271,207.158,278.525,0,0.000,0.084,0.058,0.013,0.084,-0.003,800.0,-1,-800.0,4.326,-21.73,0.54,-0.53,0.09,-48.15,8.44
4.36276,211.816,283.184,0,0.000,-0.004,0.058,-0.017,-0.004,0.005,800.0,-1,-800.0,4.341,-22.22,0.54,-0.48,0.00,-31.45,0.00
4.38236,220.518,291.885,0,0.000,-0.116,0.057,-0.035,-0.116,0.001,800.0,-1,-800.0,4.363,-23.33,0.54,-0.55,0.00,-45.57,0.00
4.39241,225.000,296.367,0,0.000,0.066,0.057,0.019,0.066,-0.004,800.0,-1,-800.0,4.363,-23.33,0.54,-0.55,0.00,-45.57,0.00
4.40254,229.307,300.674,0,0.000,-0.016,0.057,0.001,-0.016,0.000,800.0,-1,-800.0,4.373,-23.95,0.47,-0.62,-0.07,-50.33,-5.89
4.41277,233.350,304.717,0,0.000,0.041,0.058,0.016,0.041,-0.002,800.0,-1,-800.0,4.388,-24.26,0.47,-0.30,0.00,-23.65,0.00
4.42282,237.480,308.848,0,0.000,0.035,0.058,0.007,0.035,0.025,800.0,-1,-800.0,4.403,-25.02,0.39,-0.76,-0.08,-59.61,-5.88
4.44241,245.479,316.846,0,0.000,-0.144,0.057,-0.014,-0.144,0.026,800.0,-1,-800.0,4.415,-25.47,0.39,-0.45,0.00,-31.79,0.00
4.45246,249.521,320.889,0,0.000,0.086,0.058,0.019,0.086,0.008,800.0,-1,-800.0,4.429,-25.99,0.39,-0.52,0.00,-40.79,0.00
4.46269,253.564,324.932,0,0.000,0.003,0.058,0.001,0.003,0.018,800.0,-1,-800.0,4.438,-26.48,0.47,-0.49,0.08,-43.65,6.84
4.47274,257.607,328.975,0,0.000,0.090,0.059,0.013,0.090,0.006,800.0,-1,-800.0,4.450,-26.98,0.34,-0.50,-0.13,-44.80,-11.99
4.49233,265.430,336.797,0,0.000,0.060,0.060,0.020,0.060,-0.017,800.0,-1,-800.0,4.463,-27.65,0.25,-0.68,-0.09,-50.48,-6.53
4.50239,269.648,341.016,0,0.000,-0.078,0.059,0.002,-0.078,0.011,800.0,-1,-800.0,4.484,-28.12,0.44,-0.47,0.19,-23.40,9.29
4.51261,273.867,345.234,0,0.000,0.135,0.060,0.034,0.135,0.027,800.0,-1,-800.0,4.484,-28.12,0.44,-0.47,0.19,-23.40,9.29
4.53184,281.777,353.145,0,0.000,0.097,0.062,0.007,0.097,-0.009,800.0,-1,-800.0,4.505,-29.17,0.32,-0.41,0.00,-39.56,0.00
4.54207,286.260,357.627,0,0.000,-0.013,0.061,0.040,-0.013,-0.008,800.0,-1,-800.0,4.517,-29.67,0.32,-0.50,0.00,-40.71,0.00
4.55212,290.654,362.021,0,0.000,0.071,0.062,0.028,0.071,0.005,800.0,-1,-800.0,4.531,-30.32,0.32,-0.65,0.00,-46.91,0.00
4.56235,295.312,366.680,0,0.000,-0.059,0.062,0.008,-0.059,0.008,800.0,-1,-800.0,4.531,-30.32,0.32,-0.65,0.00,-46.91,0.00
4.57240,299.795,371.162,0,0.000,0.077,0.062,0.012,0.077,0.005,800.0,-1,-800.0,4.542,-30.86,0.32,-0.55,0.00,-46.42,0.00
4.59199,308.848,380.215,0,0.000,0.047,0.063,-0.001,0.047,0.029,800.0,-1,-800.0,4.569,-31.78,0.40,-0.51,0.08,-45.14,6.70
4.60204,313.945,385.312,0,0.000,-0.029,0.062,0.014,-0.029,0.028,800.0,-1,-800.0,4.580,-32.35,0.26,-0.57,-0.13,-48.89,-11.60
4.61227,319.043,390.410,0,0.000,0.013,0.063,0.016,0.013,0.007,800.0,-1,-800.0,4.580,-32.35,0.26,-0.57,-0.13,-48.89,-11.60
4.62232,324.141,395.508,0,0.000,-0.090,0.062,-0.001,-0.090,0.019,800.0,-1,-800.0,4.580,-32.35,0.26,-0.57,-0.13,-48.89,-11.60
4.64191,324.932,396.299,0,0.000,0.658,0.076,0.040,0.658,-0.002,0.0,-1,0.0,4.616,-33.55,0.17,-0.70,0.00,-55.83,0.00
4.65205,324.932,396.299,0,0.000,0.340,0.079,0.048,0.340,0.017,0.0,-1,0.0,4.633,-34.16,0.17,-0.61,0.00,-39.70,0.00
4.66210,324.932,396.299,0,0.000,0.371,0.083,0.005,0.371,0.000,0.0,-1,0.0,4.633,-34.16,0.17,-0.61,0.00,-39.70,0.00
4.67233,325.020,396.387,0,0.000,0.196,0.085,0.025,0.196,0.014,0.0,-1,0.0,4.651,-34.74,0.22,-0.58,0.05,-41.28,3.46
4.68238,324.932,396.299,0,0.000,0.239,0.087,-0.002,0.239,0.010,0.0,-1,0.0,4.659,-35.26,0.28,-0.52,0.06,-43.51,5.35
4.70197,324.932,396.299,0,0.000,0.133,0.090,0.001,0.133,0.014,0.0,-1,0.0,4.670,-35.80,0.28,-0.54,0.00,-42.28,0.00
4.71202,325.020,396.387,0,0.000,0.069,0.091,0.006,0.069,0.018,0.0,-1,0.0,4.682,-36.42,0.28,-0.62,0.00,-50.91,0.00
4.72225,324.932,396.299,0,0.000,0.065,0.091,0.002,0.065,0.016,0.0,-1,0.0,4.695,-37.11,0.28,-0.70,0.00,-59.01,0.00
4.73230,324.844,396.211,0,0.000,0.034,0.092,0.015,0.034,0.019,0.0,-1,0.0,4.708,-36.92,0.09,0.19,-0.19,15.91,-15.73
4.75189,325.020,396.387,0,0.000,0.009,0.092,0.022,0.009,0.017,0.0,-1,0.0,4.731,-37.03,0.13,0.00,-0.06,0.00,-5.72
4.76194,324.932,396.299,0,0.000,-0.007,0.092,0.006,-0.007,0.019,0.0,-1,0.0,4.741,-37.23,0.01,-0.21,-0.12,-20.50,-12.22
4.77222,324.932,396.299,0,0.000,-0.004,0.092,0.011,-0.004,0.015,0.0,-1,0.0,4.751,-37.23,0.01,0.00,0.00,0.00,0.00
4.79159,325.020,396.387,0,0.000,0.001,0.092,-0.003,0.001,0.004,0.0,-1,0.0,4.762,-37.08,0.01,0.15,0.00,12.72,0.00
4.80164,324.932,396.299,0,0.000,-0.005,0.092,-0.014,-0.005,0.008,0.0,-1,0.0,4.777,-37.15,0.01,-0.06,0.00,-4.57,0.00
4.81187,324.932,396.299,0,0.000,0.005,0.092,-0.001,0.005,0.007,0.0,-1,0.0,4.789,-37.10,0.01,0.05,0.00,3.61,0.00
4.82193,324.932,396.299,0,0.000,0.002,0.092,-0.006,0.002,0.009,0.0,-1,0.0,4.789,-37.10,0.01,0.05,0.00,3.61,0.00
4.84151,324.932,396.299,0,0.000,0.009,0.092,-0.005,0.009,0.007,0.0,-1,0.0,4.817,-37.10,0.01,0.00,0.00,0.00,0.00
4.85156,324.932,396.299,0,0.000,0.013,0.092,0.006,0.013,0.007,0.0,-1,0.0,4.829,-37.10,0.01,0.00,0.00,0.00,0.00
4.86179,325.020,396.387,0,0.000,0.013,0.092,0.001,0.013,0.007,0.0,-1,0.0,4.840,-37.10,0.01,0.00,0.00,0.00,0.00
4.87184,324.932,396.299,0,0.000,0.011,0.092,0.017,0.011,0.004,0.0,-1,0.0,4.851,-37.10,0.01,0.00,0.00,0.00,0.00
4.89143,324.932,396.299,0,0.000,0.003,0.092,0.024,0.003,0.002,0.0,-1,0.0,4.868,-37.10,0.01,0.00,0.00,0.00,0.00
4.90196,324.932,396.299,0,0.000,-0.001,0.092,0.016,-0.001,0.002,0.0,-1,0.0,4.877,-37.10,0.01,0.00,0.00,0.00,0.00
4.92159,324.932,396.299,0,0.000,-0.004,0.092,0.003,-0.004,0.007,0.0,-1,0.0,4.895,-37.10,0.01,0.00,0.00,0.00,0.00
4.93182,324.932,396.299,0,0.000,-0.004,0.092,0.004,-0.004,0.008,0.0,-1,0.0,4.910,-37.10,0.01,0.00,0.00,0.00,0.00
4.94187,324.932,396.299,0,0.000,-0.002,0.092,-0.005,-0.002,0.011,0.0,-1,0.0,4.922,-37.10,0.01,0.00,0.00,0.00,0.00
4.96146,324.932,396.299,0,0.000,-0.007,0.092,-0.007,-0.007,0.011,0.0,-1,0.0,4.936,-37.10,0.01,0.00,0.00,0.00,0.00
4.97151,324.932,396.299,0,0.000,-0.004,0.092,-0.002,-0.004,0.008,0.0,-1,0.0,4.948,-37.10,0.01,0.00,0.00,0.00,0.00
4.98174,324.932,396.299,0,0.000,-0.004,0.092,-0.004,-0.004,0.013,0.0,-1,0.0,4.958,-37.10,0.01,0.00,0.00,0.00,0.00
4.99179,324.844,396.211,0,0.000,0.000,0.092,0.000,0.000,0.008,0.0,-1,0.0,4.974,-37.10,0.01,0.00,0.00,0.00,0.00
5.01138,324.844,396.211,0,0.000,0.007,0.092,0.004,0.007,0.008,0.0,-1,0.0,4.985,-37.10,0.01,0.00,0.00,0.00,0.00
5.02143,324.932,396.299,0,0.000,0.006,0.092,0.005,0.006,0.007,0.0,-1,0.0,4.994,-37.10,0.01,0.00,0.00,0.00,0.00
5.03157,324.932,396.299,0,0.000,0.004,0.092,0.016,0.004,0.008,0.0,-1,0.0,5.004,-37.10,0.01,0.00,0.00,0.00,0.00
5.05116,325.020,396.387,0,0.000,0.007,0.092,0.014,0.007,0.009,0.0,-1,0.0,5.024,-37.10,0.01,0.00,0.00,0.00,0.00
5.06121,324.932,396.299,0,0.000,0.008,0.092,0.008,0.008,0.008,0.0,-1,0.0,5.038,-37.10,0.01,0.00,0.00,0.00,0.00
5.07144,325.020,396.387,0,0.000,0.008,0.093,0.005,0.008,0.009,0.0,-1,0.0,5.048,-37.10,0.01,0.00,0.00,0.00,0.00
5.08149,324.932,396.299,0,0.000,0.007,0.093,0.002,0.007,0.008,0.0,-1,0.0,5.057,-37.10,0.01,0.00,0.00,0.00,0.00
5.10109,325.020,396.387,0,0.000,0.008,0.093,-0.003,0.008,0.009,0.0,-1,0.0,5.082,-37.10,0.01,0.00,0.00,0.00,0.00
5.11113,324.932,396.299,0,0.000,0.006,0.093,0.000,0.006,0.010,0.0,-1,0.0,5.082,-37.10,0.01,0.00,0.00,0.00,0.00
5.12136,324.932,396.299,0,0.000,0.002,0.093,-0.003,0.002,0.010,0.0,-1,0.0,5.094,-37.10,0.01,0.00,0.00,0.00,0.00
5.13141,324.844,396.211,0,0.000,0.001,0.093,-0.002,0.001,0.007,0.0,-1,0.0,5.104,-37.10,0.01,0.00,0.00,0.00,0.00
5.15100,324.932,396.299,0,0.000,0.000,0.093,0.002,0.000,0.010,0.0,-1,0.0,5.124,-37.10,0.01,0.00,0.00,0.00,0.00
5.16223,324.932,396.299,0,0.000,0.001,0.093,0.002,0.001,0.006,0.0,-1,0.0,5.134,-37.10,0.01,0.00,0.00,0.00,0.00
5.18111,325.020,396.387,0,0.000,0.005,0.093,0.007,0.005,0.007,0.0,-1,0.0,5.155,-37.10,0.01,0.00,0.00,0.00,0.00
5.19118,324.932,396.299,0,0.000,0.008,0.093,0.010,0.008,0.010,0.0,-1,0.0,5.173,-37.10,0.01,0.00,0.00,0.00,0.00
5.20139,324.932,396.299,0,0.000,0.008,0.093,0.010,0.008,0.012,0.0,-1,0.0,5.173,-37.10,0.01,0.00,0.00,0.00,0.00
5.21145,325.020,396.387,0,0.000,0.008,0.093,0.011,0.008,0.014,0.0,-1,0.0,5.190,-37.10,0.01,0.00,0.00,0.00,0.00
5.23103,324.932,396.299,0,0.000,0.011,0.093,0.005,0.011,0.012,0.0,-1,0.0,5.210,-37.10,0.01,0.00,0.00,0.00,0.00
5.24109,324.932,396.299,0,0.000,0.010,0.094,0.002,0.010,0.010,0.0,-1,0.0,5.222,-37.10,0.01,0.00,0.00,0.00,0.00
5.25132,324.844,396.211,0,0.000,0.010,0.094,0.002,0.010,0.011,0.0,-1,0.0,5.222,-37.10,0.01,0.00,0.00,0.00,0.00
5.26137,324.932,396.299,0,0.000,0.010,0.094,0.002,0.010,0.011,0.0,-1,0.0,5.234,-37.10,0.01,0.00,0.00,0.00,0.00
5.28095,324.932,396.299,0,0.000,0.007,0.094,0.001,0.007,0.009,0.0,-1,0.0,5.248,-37.10,0.01,0.00,0.00,0.00,0.00
5.29109,325.020,396.387,0,0.000,0.004,0.094,0.000,0.004,0.009,0.0,-1,0.0,5.266,-37.10,0.01,0.00,0.00,0.00,0.00
5.30115,324.932,396.299,0,0.000,0.003,0.094,-0.001,0.003,0.010,0.0,-1,0.0,5.275,-37.10,0.01,0.00,0.00,0.00,0.00
5.32073,324.844,396.211,0,0.000,0.005,0.094,0.005,0.005,0.011,0.0,-1,0.0,5.298,-37.10,0.01,0.00,0.00,0.00,0.00
5.33079,325.020,396.387,0,0.000,0.008,0.094,0.006,0.008,0.010,0.0,-1,0.0,5.308,-37.10,0.01,0.00,0.00,0.00,0.00
5.34103,324.932,396.299,0,0.000,0.005,0.094,0.005,0.005,0.011,0.0,-1,0.0,5.320,-37.10,0.01,0.00,0.00,0.00,0.00
5.35107,325.020,396.387,0,0.000,0.009,0.094,0.005,0.009,0.010,0.0,-1,0.0,5.320,-37.10,0.01,0.00,0.00,0.00,0.00
5.37065,324.932,396.299,0,0.000,0.010,0.094,0.005,0.010,0.009,0.0,-1,0.0,5.345,-37.10,0.01,0.00,0.00,0.00,0.00
5.38071,325.020,396.387,0,0.000,0.010,0.094,0.005,0.010,0.010,0.0,-1,0.0,5.355,-37.10,0.01,0.00,0.00,0.00,0.00
5.39093,324.932,396.299,0,0.000,0.011,0.095,0.005,0.011,0.009,0.0,-1,0.0,5.368,-37.10,0.01,0.00,0.00,0.00,0.00
5.40099,324.932,396.299,0,0.000,0.010,0.095,0.005,0.010,0.011,0.0,-1,0.0,5.379,-37.10,0.01,0.00,0.00,0.00,0.00
5.41136,324.932,396.299,0,0.000,0.012,0.095,0.006,0.012,0.012,0.0,-1,0.0,5.391,-37.10,0.01,0.00,0.00,0.00,0.00
5.43096,324.932,396.299,0,0.000,0.010,0.095,0.007,0.010,0.014,0.0,-1,0.0,5.403,-37.10,0.01,0.00,0.00,0.00,0.00
5.45054,324.932,396.299,0,0.000,0.003,0.095,0.008,0.003,0.007,0.0,-1,0.0,5.429,-37.10,0.01,0.00,0.00,0.00,0.00
5.46060,324.932,396.299,0,0.000,0.004,0.095,0.008,0.004,0.003,0.0,-1,0.0,5.439,-37.10,0.01,0.00,0.00,0.00,0.00
5.47083,324.844,396.211,0,0.000,0.004,0.095,0.007,0.004,0.005,0.0,-1,0.0,5.439,-37.10,0.01,0.00,0.00,0.00,0.00
5.48088,324.932,396.299,0,0.000,0.003,0.095,0.005,0.003,0.008,0.0,-1,0.0,5.453,-37.10,0.01,0.00,0.00,0.00,0.00
5.50046,324.932,396.299,0,0.000,0.005,0.095,0.004,0.005,0.009,0.0,-1,0.0,5.478,-37.10,0.01,0.00,0.00,0.00,0.00
5.51052,325.020,396.387,0,0.000,0.007,0.095,0.004,0.007,0.011,0.0,-1,0.0,5.488,-37.10,0.01,0.00,0.00,0.00,0.00
5.52074,325.020,396.387,0,0.000,0.010,0.095,0.002,0.010,0.011,0.0,-1,0.0,5.499,-37.10,0.01,0.00,0.00,0.00,0.00
5.53080,325.020,396.387,0,0.000,0.007,0.096,0.001,0.007,0.011,0.0,-1,0.0,5.499,-37.10,0.01,0.00,0.00,0.00,0.00
5.55038,324.932,396.299,0,0.000,0.010,0.096,0.006,0.010,0.008,0.0,-1,0.0,5.527,-37.10,0.01,0.00,0.00,0.00,0.00
5.56044,325.020,396.387,0,0.000,0.007,0.096,0.007,0.007,0.013,0.0,-1,0.0,5.541,-37.10,0.01,0.00,0.00,0.00,0.00
5.57066,324.932,396.299,0,0.000,0.005,0.096,0.005,0.005,0.014,0.0,-1,0.0,5.555,-37.10,0.01,0.00,0.00,0.00,0.00
5.58072,324.932,396.299,0,0.000,0.003,0.096,0.008,0.003,0.012,0.0,-1,0.0,5.564,-37.10,0.01,0.00,0.00,0.00,0.00
5.60030,324.932,396.299,0,0.000,0.002,0.096,0.010,0.002,0.009,0.0,-1,0.0,5.577,-37.10,0.01,0.00,0.00,0.00,0.00
5.61036,324.844,396.211,0,0.000,0.000,0.096,0.009,0.000,0.011,0.0,-1,0.0,5.590,-37.10,0.01,0.00,0.00,0.00,0.00
5.62058,324.932,396.299,0,0.000,0.001,0.096,0.005,0.001,0.010,0.0,-1,0.0,5.590,-37.10,0.01,0.00,0.00,0.00,0.00
5.63064,318.516,389.883,0,0.000,0.398,0.100,0.039,0.398,0.008,1000.0,1,1000.0,5.604,-37.10,0.01,0.00,0.00,0.00,0.00
5.65022,300.059,371.426,0,0.000,0.385,0.115,0.058,0.385,0.091,1000.0,1,1000.0,5.627,-37.10,0.01,0.00,0.00,0.00,0.00
5.66028,290.479,361.846,0,0.000,0.538,0.120,-0.007,0.538,0.029,1000.0,1,1000.0,5.637,-37.10,0.01,0.00,0.00,0.00,0.00
5.67067,282.305,353.672,0,0.000,0.269,0.123,0.030,0.269,-0.007,1000.0,1,1000.0,5.651,-37.10,0.01,0.00,0.00,0.00,0.00
5.69026,265.166,336.533,0,0.000,0.193,0.129,0.072,0.193,0.012,1000.0,1,1000.0,5.663,-37.10,0.01,0.00,0.00,0.00,0.00
5.70048,256.992,328.359,0,0.000,0.185,0.131,-0.004,0.185,0.027,1000.0,1,1000.0,5.677,-35.18,-0.71,1.92,-0.72,167.24,-62.47
5.71054,248.818,320.186,0,0.000,0.111,0.132,0.067,0.111,0.026,1000.0,1,1000.0,5.691,-34.37,-0.16,0.80,0.55,47.67,32.38
5.73012,233.086,304.453,0,0.000,0.004,0.132,0.068,0.004,0.028,1000.0,1,1000.0,5.701,-33.28,-0.55,1.09,-0.39,115.63,-41.41
5.74018,224.561,295.928,0,0.000,0.005,0.132,0.037,0.005,0.016,1000.0,1,1000.0,5.713,-32.50,-0.67,0.78,-0.12,64.04,-9.45
5.75040,215.771,287.139,0,0.000,0.033,0.133,0.108,0.033,0.000,1000.0,1,1000.0,5.725,-31.17,-0.28,1.33,0.39,114.82,33.38
5.76045,206.455,277.822,0,0.000,0.022,0.133,0.047,0.022,0.020,1000.0,1,1000.0,5.735,-30.25,-0.43,0.93,-0.15,85.31,-13.89
5.78004,187.734,259.102,0,0.000,-0.125,0.131,-0.037,-0.125,0.014,1000.0,1,1000.0,5.745,-28.93,-0.32,1.32,0.11,114.14,9.52
5.79010,177.275,248.643,0,0.000,-0.087,0.130,-0.041,-0.087,0.021,1000.0,1,1000.0,5.762,-27.81,-0.22,1.12,0.10,71.86,6.25
5.80032,167.080,238.447,0,0.000,-0.011,0.130,-0.031,-0.011,0.039,1000.0,1,1000.0,5.774,-26.74,-0.22,1.07,0.00,97.90,0.00
5.81037,156.533,227.900,0,0.000,0.021,0.130,0.005,0.021,0.004,1000.0,1,1000.0,5.785,-25.68,-0.22,1.05,0.00,92.39,0.00
5.82996,136.758,208.125,0,0.000,-0.028,0.130,-0.017,-0.028,0.012,1000.0,1,1000.0,5.810,-23.52,-0.25,1.04,-0.13,86.00,-10.56
5.84002,126.826,198.193,0,0.000,-0.048,0.130,0.005,-0.048,0.016,1000.0,1,1000.0,5.810,-23.52,-0.25,1.04,-0.13,86.00,-10.56
5.85024,117.686,189.053,0,0.000,0.042,0.130,0.023,0.042,0.015,1000.0,1,1000.0,5.825,-22.51,-0.15,1.01,0.10,72.02,7.14
5.86029,108.633,180.000,0,0.000,0.092,0.131,0.024,0.092,0.009,1000.0,1,1000.0,5.835,-21.43,-0.15,1.08,0.00,94.22,0.00
5.87988,92.461,163.828,0,0.000,0.002,0.131,0.020,0.002,0.009,1000.0,1,1000.0,5.854,-20.43,-0.24,1.00,-0.09,55.03,-4.95
5.88994,84.463,155.830,0,0.000,-0.083,0.130,0.023,-0.083,0.020,1000.0,1,1000.0,5.864,-19.25,-0.12,1.17,0.12,124.19,13.01
5.90016,76.729,148.096,0,0.000,-0.109,0.129,0.019,-0.109,0.011,1000.0,1,1000.0,5.876,-18.11,-0.12,1.14,0.00,92.13,0.00
5.91021,68.906,140.273,0,0.000,-0.037,0.128,-0.001,-0.037,0.026,1000.0,1,1000.0,5.887,-17.33,-0.12,0.78,0.00,70.54,0.00
5.92068,61.348,132.715,0,0.000,-0.053,0.128,0.024,-0.053,0.015,1000.0,1,1000.0,5.901,-15.96,-0.04,1.37,0.08,94.79,5.54
5.93959,46.055,117.422,0,0.000,0.019,0.128,0.010,0.019,0.002,1000.0,1,1000.0,5.916,-15.04,-0.12,0.92,-0.09,58.82,-5.42
5.94965,37.529,108.896,0,0.000,0.035,0.128,-0.036,0.035,-0.007,1000.0,1,1000.0,5.927,-13.94,-0.12,1.09,0.00,121.31,0.00
5.95987,28.828,100.195,0,0.000,-0.047,0.128,0.004,-0.047,-0.001,1000.0,1,1000.0,5.937,-12.92,-0.12,1.03,0.00,85.75,0.00
5.96993,19.424,90.791,0,0.000,-0.028,0.128,-0.020,-0.028,0.019,1000.0,1,1000.0,5.952,-11.64,-0.12,1.28,0.00,84.82,0.00
5.98016,9.844,81.211,0,0.000,-0.033,0.127,-0.026,-0.033,0.015,1000.0,1,1000.0,5.952,-11.64,-0.12,1.28,0.00,84.82,0.00
5.99957,350.068,61.436,0,0.000,0.011,0.128,-0.034,0.011,0.011,1000.0,1,1000.0,5.978,-9.56,-0.21,1.11,0.00,71.93,0.00
6.00979,339.697,51.064,0,0.000,-0.047,0.127,-0.016,-0.047,0.007,1000.0,1,1000.0,5.989,-8.55,-0.15,1.01,0.06,99.50,5.78
6.01986,329.238,40.605,0,0.000,0.002,0.127,-0.037,0.002,0.007,1000.0,1,1000.0,6.001,-7.52,-0.15,1.03,0.00,75.12,0.00
6.03008,319.131,30.498,0,0.000,-0.135,0.126,-0.018,-0.135,-0.003,1000.0,1,1000.0,6.001,-7.52,-0.15,1.03,0.00,75.12,0.00
6.04931,300.410,11.777,0,0.000,0.031,0.127,0.010,0.031,-0.007,1000.0,1,1000.0,6.027,-5.21,-0.16,1.13,-0.07,73.59,-4.69
6.05954,291.182,2.549,0,0.000,-0.025,0.126,-0.026,-0.025,-0.003,1000.0,1,1000.0,6.043,-3.99,-0.04,1.23,0.12,113.69,10.84
6.06959,282.305,-6.328,0,0.000,0.110,0.127,-0.022,0.110,-0.015,1000.0,1,1000.0,6.049,-3.15,-0.04,0.84,0.00,71.79,0.00
6.07982,273.955,-14.678,0,0.000,0.017,0.128,0.000,0.017,-0.017,1000.0,1,1000.0,6.049,-3.15,-0.04,0.84,0.00,71.79,0.00
6.08988,265.518,-23.115,0,0.000,0.056,0.128,0.015,0.056,0.000,1000.0,1,1000.0,6.064,-1.90,-0.04,1.25,0.00,90.39,0.00
6.10946,249.961,-38.672,0,0.000,0.129,0.130,0.002,0.129,0.005,1000.0,1,1000.0,6.089,0.29,-0.01,1.30,0.09,97.20,6.80
6.11952,241.699,-46.934,0,0.000,-0.048,0.129,-0.022,-0.048,-0.001,1000.0,1,1000.0,6.100,1.34,-0.15,1.05,-0.13,83.52,-10.48
6.12974,233.525,-55.107,0,0.000,-0.022,0.129,-0.060,-0.022,0.000,1000.0,1,1000.0,6.100,1.34,-0.15,1.05,-0.13,83.52,-10.48
6.13979,224.912,-63.721,0,0.000,-0.130,0.128,-0.068,-0.130,-0.001,1000.0,1,1000.0,6.111,2.36,-0.07,1.02,0.07,84.32,6.11
6.15938,207.773,-80.859,0,0.000,0.071,0.127,0.024,0.071,0.002,1000.0,1,1000.0,6.138,4.43,-0.09,1.18,-0.11,102.10,-9.51
6.16952,198.105,-90.527,0,0.000,-0.034,0.127,-0.048,-0.034,0.005,1000.0,1,1000.0,6.149,5.59,-0.09,1.15,0.00,102.61,0.00
6.17958,188.086,-100.547,0,0.000,-0.165,0.125,-0.043,-0.165,-0.002,1000.0,1,1000.0,6.149,5.59,-0.09,1.15,0.00,102.61,0.00
6.18980,177.891,-110.742,0,0.000,-0.102,0.124,-0.028,-0.102,-0.001,1000.0,1,1000.0,6.161,6.57,-0.09,0.99,0.00,80.05,0.00
6.20922,157.764,-130.869,0,0.000,0.087,0.126,0.091,0.087,0.001,1000.0,1,1000.0,6.188,8.69,-0.17,0.77,-0.07,70.70,-6.76
6.21944,147.305,-141.328,0,0.000,-0.099,0.125,0.004,-0.099,0.011,1000.0,1,1000.0,6.198,10.08,-0.10,1.38,0.07,123.23,6.19
6.22950,137.109,-151.523,0,0.000,-0.108,0.124,0.018,-0.108,-0.003,1000.0,1,1000.0,6.213,10.94,0.00,0.86,0.10,65.40,7.54
6.23972,127.354,-161.279,0,0.000,-0.010,0.124,0.040,-0.010,0.007,1000.0,1,1000.0,6.213,10.94,0.00,0.86,0.10,65.40,7.54
6.25914,109.600,-179.033,0,0.000,0.109,0.126,0.077,0.109,0.037,1000.0,1,1000.0,6.236,13.03,0.02,0.73,0.13,50.56,9.26
6.26936,100.986,-187.646,0,0.000,-0.018,0.126,0.031,-0.018,0.016,1000.0,1,1000.0,6.248,14.56,-0.03,1.53,-0.05,119.62,-4.30
6.27942,92.813,-195.820,0,0.000,-0.046,0.125,-0.015,-0.046,0.004,1000.0,1,1000.0,6.248,14.56,-0.03,1.53,-0.05,119.62,-4.30
6.28957,85.430,-203.203,0,0.000,0.048,0.126,0.010,0.048,-0.001,1000.0,1,1000.0,6.261,15.19,-0.03,0.62,0.00,55.10,0.00
6.30908,69.785,-218.848,0,0.000,-0.060,0.125,-0.020,-0.060,0.008,1000.0,1,1000.0,6.288,17.67,-0.03,1.15,0.00,97.31,0.00
6.31913,61.875,-226.758,0,0.000,0.066,0.125,0.028,0.066,0.015,1000.0,1,1000.0,6.296,18.87,-0.03,1.21,0.00,121.06,0.00
6.32937,54.229,-234.404,0,0.000,0.071,0.126,-0.066,0.071,0.005,1000.0,1,1000.0,6.308,20.01,-0.11,1.14,-0.07,88.59,-5.74
6.33942,45.967,-242.666,0,0.000,-0.020,0.126,-0.010,-0.020,-0.010,1000.0,1,1000.0,6.308,20.01,-0.11,1.14,-0.07,88.59,-5.74
6.35900,29.443,-259.189,0,0.000,-0.034,0.125,-0.023,-0.034,0.000,1000.0,1,1000.0,6.338,21.86,-0.16,0.82,-0.05,59.04,-3.83
6.36905,20.215,-268.418,0,0.000,-0.025,0.125,-0.016,-0.025,0.000,1000.0,1,1000.0,6.345,23.05,-0.16,1.19,0.00,130.76,0.00
6.37928,10.723,-277.910,0,0.000,-0.045,0.124,-0.029,-0.045,-0.007,1000.0,1,1000.0,6.358,23.94,-0.16,0.89,0.00,72.16,0.00
6.38934,0.615,-288.018,0,0.000,-0.023,0.124,-0.014,-0.023,-0.007,1000.0,1,1000.0,6.358,23.94,-0.16,0.89,0.00,72.16,0.00
6.40892,340.752,-307.881,0,0.000,0.032,0.125,0.008,0.032,0.013,1000.0,1,1000.0,6.381,26.14,-0.17,1.15,-0.15,99.64,-13.09
6.41906,330.117,-318.516,0,0.000,-0.044,0.124,-0.048,-0.044,0.010,1000.0,1,1000.0,6.392,27.25,-0.11,1.11,0.05,103.18,5.15
6.42911,319.834,-328.799,0,0.000,-0.050,0.124,-0.027,-0.050,-0.010,1000.0,1,1000.0,6.403,28.30,-0.04,1.05,0.07,93.58,6.03
6.43934,309.990,-338.643,0,0.000,0.024,0.124,0.020,0.024,-0.001,1000.0,1,1000.0,6.420,29.53,-0.12,1.23,-0.07,94.28,-5.65
6.45876,291.797,-356.836,0,0.000,0.004,0.124,0.050,0.004,0.008,1000.0,1,1000.0,6.429,30.41,0.05,0.89,0.17,74.09,13.76
6.46898,283.008,-365.625,0,0.000,-0.023,0.124,0.007,-0.023,-0.001,1000.0,1,1000.0,6.440,31.62,-0.01,1.21,-0.05,100.46,-4.60
6.47904,274.395,-374.238,0,0.000,0.034,0.124,0.082,0.034,-0.010,1000.0,1,1000.0,6.462,32.59,0.12,0.97,0.13,48.77,6.61
6.48926,266.133,-382.500,0,0.000,-0.012,0.124,-0.004,-0.012,-0.008,1000.0,1,1000.0,6.462,32.59,0.12,0.97,0.13,48.77,6.61
6.49931,257.871,-390.762,0,0.000,0.019,0.124,0.065,0.019,0.020,1000.0,1,1000.0,6.471,33.74,0.06,1.15,-0.06,116.61,-5.99
6.51890,242.314,-406.318,0,0.000,-0.004,0.124,0.038,-0.004,0.000,1000.0,1,1000.0,6.492,34.76,0.06,1.02,0.00,48.55,0.00
6.52895,233.965,-414.668,0,0.000,0.036,0.124,0.061,0.036,-0.002,1000.0,1,1000.0,6.501,35.92,0.06,1.15,0.00,119.46,0.00
6.53911,226.055,-422.578,0,0.000,-0.063,0.124,0.024,-0.063,0.000,1000.0,1,1000.0,6.518,36.95,0.06,1.03,0.00,63.85,0.00
6.55862,208.389,-440.244,0,0.000,-0.086,0.123,0.022,-0.086,0.001,1000.0,1,1000.0,6.534,37.88,0.13,0.93,0.06,58.41,4.06
6.56867,198.809,-449.824,0,0.000,0.117,0.124,0.109,0.117,0.011,1000.0,1,1000.0,6.547,39.28,0.13,1.40,0.00,138.04,0.00
6.57890,188.965,-459.668,0,0.000,0.157,0.125,0.036,0.157,0.025,1000.0,1,1000.0,6.556,40.25,0.13,0.97,0.00,74.53,0.00
6.58895,178.594,-470.039,0,0.000,0.049,0.126,0.069,0.049,0.014,1000.0,1,1000.0,6.556,40.25,0.13,0.97,0.00,74.53,0.00
6.60854,158.643,-489.990,0,0.000,-0.010,0.126,0.036,-0.010,0.031,1000.0,1,1000.0,6.585,42.40,0.24,1.01,0.00,105.29,0.00
6.61859,148.008,-500.625,0,0.000,0.023,0.126,0.031,0.023,0.021,1000.0,1,1000.0,6.599,43.47,0.24,1.06,0.00,72.02,0.00
6.62882,137.812,-510.820,0,0.000,-0.129,0.125,0.023,-0.129,0.012,1000.0,1,1000.0,6.609,44.44,0.30,0.97,0.07,97.09,6.57
6.63887,128.057,-520.576,0,0.000,-0.035,0.125,0.012,-0.035,0.014,1000.0,1,1000.0,6.609,44.44,0.30,0.97,0.07,97.09,6.57
6.65846,110.391,-538.242,0,0.000,-0.111,0.123,-0.006,-0.111,0.029,1000.0,1,1000.0,6.638,46.81,0.32,1.05,0.08,65.81,5.15
6.66900,101.953,-546.680,0,0.000,0.001,0.123,-0.014,0.001,0.021,1000.0,1,1000.0,6.648,48.07,0.32,1.26,0.00,121.09,0.00
6.68872,85.693,-562.939,0,0.000,0.050,0.123,0.015,0.050,0.013,1000.0,1,1000.0,6.659,48.87,0.26,0.80,-0.06,67.34,-4.71
6.69877,77.783,-570.850,0,0.000,0.000,0.123,0.012,0.000,-0.007,1000.0,1,1000.0,6.676,50.18,0.26,1.31,0.00,113.31,0.00
6.71837,62.666,-585.967,0,0.000,0.004,0.123,0.044,0.004,0.014,1000.0,1,1000.0,6.699,52.56,0.35,1.42,0.14,84.99,8.06
6.72841,54.756,-593.877,0,0.000,-0.060,0.122,0.040,-0.060,0.022,1000.0,1,1000.0,6.699,52.56,0.35,1.42,0.14,84.99,8.06
6.73864,46.846,-601.787,0,0.000,-0.101,0.121,0.023,-0.101,-0.007,1000.0,1,1000.0,6.709,53.42,0.11,0.86,-0.24,67.28,-18.76
6.74869,38.408,-610.225,0,0.000,-0.033,0.121,0.004,-0.033,0.014,1000.0,1,1000.0,6.725,54.45,0.30,1.03,0.19,78.54,14.56
6.76828,21.270,-627.363,0,0.000,-0.022,0.120,-0.026,-0.022,0.006,1000.0,1,1000.0,6.747,56.53,0.24,1.29,0.07,120.13,6.71
6.77833,11.426,-637.207,0,0.000,-0.018,0.120,0.016,-0.018,0.006,1000.0,1,1000.0,6.747,56.53,0.24,1.29,0.07,120.13,6.71
6.78856,1.582,-647.051,0,0.000,-0.074,0.119,-0.075,-0.074,-0.005,1000.0,1,1000.0,6.758,57.83,0.41,1.31,0.18,102.19,13.89
6.79870,351.123,-657.510,0,0.000,-0.029,0.119,-0.044,-0.029,0.021,1000.0,1,1000.0,6.771,58.65,0.29,0.82,-0.12,69.57,-10.10
6.80875,340.664,-667.969,0,0.000,-0.037,0.119,-0.037,-0.037,-0.018,1000.0,1,1000.0,6.783,59.80,0.29,1.14,0.00,100.84,0.00
6.82833,320.889,-687.744,0,0.000,-0.011,0.116,0.029,-0.011,0.007,1000.0,1,1000.0,6.806,62.02,0.09,1.22,-0.20,103.65,-17.03
6.83839,310.781,-697.852,0,0.000,-0.069,0.116,0.014,-0.069,0.033,1000.0,1,1000.0,6.818,62.94,0.36,0.92,0.27,80.25,23.38
6.84862,301.201,-707.432,0,0.000,-0.075,0.115,0.061,-0.075,-0.008,1000.0,1,1000.0,6.818,62.94,0.36,0.92,0.27,80.25,23.38
6.85867,291.885,-716.748,0,0.000,-0.058,0.114,0.010,-0.058,-0.018,1000.0,1,1000.0,6.830,64.06,0.36,1.13,0.00,94.83,0.00
6.87825,275.273,-733.359,0,0.000,-0.030,0.114,0.011,-0.030,0.019,1000.0,1,1000.0,6.857,66.42,0.42,1.34,0.11,131.73,11.28
6.88831,266.836,-741.797,0,0.000,-0.066,0.113,-0.005,-0.066,0.062,1000.0,1,1000.0,6.857,66.42,0.42,1.34,0.11,131.73,11.28
6.89854,258.574,-750.059,0,0.000,-0.030,0.113,0.046,-0.030,0.057,1000.0,1,1000.0,6.881,68.57,0.34,1.24,0.09,136.89,10.12
6.90859,250.576,-758.057,0,0.000,0.014,0.113,0.003,0.014,0.041,1000.0,1,1000.0,6.881,68.57,0.34,1.24,0.09,136.89,10.12
6.92001,241.875,-766.758,0,0.000,-0.033,0.113,0.073,-0.033,0.101,1000.0,1,1000.0,6.891,69.65,0.41,1.08,0.07,106.84,6.74
6.93812,226.582,-782.051,0,0.000,-0.145,0.111,0.053,-0.145,0.067,1000.0,1,1000.0,6.903,70.73,0.41,1.08,0.00,92.59,0.00
6.94818,217.529,-791.104,0,0.000,-0.135,0.109,0.038,-0.135,0.027,1000.0,1,1000.0,6.925,71.88,0.41,1.15,0.00,56.44,0.00
6.95840,208.740,-799.893,0,0.000,-0.002,0.109,-0.003,-0.002,0.011,1000.0,1,1000.0,6.935,72.97,0.35,1.09,-0.06,91.32,-4.78
6.96846,199.248,-809.385,0,0.000,-0.108,0.108,0.009,-0.108,0.020,1000.0,1,1000.0,6.946,74.25,0.35,1.28,0.00,124.73,0.00
6.98805,179.912,-828.721,0,0.000,-0.193,0.106,0.019,-0.193,0.018,1000.0,1,1000.0,6.957,75.15,0.40,0.90,0.05,74.46,4.16
6.99810,169.365,-839.268,0,0.000,-0.196,0.104,-0.014,-0.196,0.054,1000.0,1,1000.0,6.970,76.28,0.40,1.12,0.00,81.46,0.00
7.00832,159.082,-849.551,0,0.000,-0.111,0.103,0.056,-0.111,0.075,1000.0,1,1000.0,6.985,77.44,0.55,1.17,0.15,86.98,10.87
7.01838,148.535,-860.098,0,0.000,-0.033,0.103,0.022,-0.033,0.089,1000.0,1,1000.0,6.985,77.44,0.55,1.17,0.15,86.98,10.87
7.03796,142.471,-866.162,0,0.000,-1.313,0.089,-0.145,-1.313,0.053,0.0,1,0.0,7.011,79.72,0.65,1.09,0.11,113.10,10.98
7.04802,142.383,-866.250,0,0.000,-0.786,0.081,-0.086,-0.786,0.063,0.0,1,0.0,7.023,80.66,0.54,0.95,-0.11,79.95,-9.44
7.05824,142.383,-866.250,0,0.000,-0.726,0.074,0.053,-0.726,0.023,0.0,1,0.0,7.036,81.77,0.54,1.10,0.00,80.88,0.00
7.06830,142.383,-866.250,0,0.000,-0.458,0.069,-0.084,-0.458,0.040,0.0,1,0.0,7.036,81.77,0.54,1.10,0.00,80.88,0.00
7.08788,142.383,-866.250,0,0.000,-0.248,0.063,-0.093,-0.248,0.031,0.0,1,0.0,7.063,83.93,0.54,0.99,0.00,80.45,0.00
7.09795,142.383,-866.250,0,0.000,-0.239,0.060,0.066,-0.239,0.015,0.0,1,0.0,7.078,85.01,0.49,1.08,-0.05,74.89,-3.57
7.10818,142.383,-866.250,0,0.000,-0.107,0.059,-0.080,-0.107,0.022,0.0,1,0.0,7.088,85.87,0.99,0.86,0.50,74.88,43.80
7.11822,142.383,-866.250,0,0.000,-0.130,0.058,0.029,-0.130,0.013,0.0,1,0.0,7.098,85.18,0.90,-0.69,-0.09,-59.59,-7.95
7.13780,142.295,-866.338,0,0.000,-0.042,0.057,0.038,-0.042,0.008,0.0,1,0.0,7.117,85.49,1.02,0.30,0.12,19.59,7.95
7.14786,142.383,-866.250,0,0.000,0.005,0.057,-0.045,0.005,0.013,0.0,1,0.0,7.130,85.62,1.15,0.13,0.13,9.89,9.86
7.15809,142.383,-866.250,0,0.000,0.014,0.057,0.029,0.014,0.010,0.0,1,0.0,7.130,85.62,1.15,0.13,0.13,9.89,9.86
7.16830,142.295,-866.338,0,0.000,0.032,0.058,-0.038,0.032,0.008,0.0,1,0.0,7.141,85.46,0.90,-0.16,-0.25,-12.47,-20.02
7.18787,142.295,-866.338,0,0.000,0.048,0.058,-0.010,0.048,0.013,0.0,1,0.0,7.174,85.46,1.07,0.00,0.07,0.00,7.55
7.19810,142.383,-866.250,0,0.000,0.059,0.059,0.036,0.059,0.007,0.0,1,0.0,7.180,85.46,1.07,0.00,0.00,0.00,0.00
7.21751,142.383,-866.250,0,0.000,0.054,0.060,0.032,0.054,0.002,0.0,1,0.0,7.192,85.36,1.14,-0.10,0.07,-8.56,5.97
7.22774,142.383,-866.250,0,0.000,0.045,0.060,0.020,0.045,0.001,0.0,1,0.0,7.205,85.44,1.14,0.08,0.00,6.20,0.00
7.23781,142.295,-866.338,0,0.000,0.043,0.061,0.026,0.043,0.000,0.0,1,0.0,7.218,85.35,1.14,-0.09,0.00,-7.96,0.00
7.25738,142.295,-866.338,0,0.000,0.037,0.062,0.014,0.037,0.004,0.0,1,0.0,7.230,85.35,1.14,0.00,0.00,0.00,0.00
7.26743,142.471,-866.162,0,0.000,0.036,0.062,0.002,0.036,0.005,0.0,1,0.0,7.243,85.42,1.14,0.08,0.00,5.50,0.00
7.27766,142.383,-866.250,0,0.000,0.034,0.062,-0.010,0.034,0.010,0.0,1,0.0,7.256,85.37,1.14,-0.05,0.00,-3.96,0.00
7.28773,142.383,-866.250,0,0.000,0.034,0.063,-0.011,0.034,0.013,0.0,1,0.0,7.268,85.42,1.14,0.05,0.00,3.97,0.00
7.30730,142.383,-866.250,0,0.000,0.038,0.063,-0.012,0.038,0.013,0.0,1,0.0,7.281,85.42,1.14,0.00,0.00,0.00,0.00
7.31737,142.295,-866.338,0,0.000,0.037,0.064,-0.014,0.037,0.013,0.0,1,0.0,7.301,85.42,1.14,0.00,0.00,0.00,0.00
7.32758,142.295,-866.338,0,0.000,0.041,0.064,-0.005,0.041,0.007,0.0,1,0.0,7.310,85.42,1.14,0.00,0.00,0.00,0.00
7.33763,142.295,-866.338,0,0.000,0.038,0.065,-0.007,0.038,0.008,0.0,1,0.0,7.310,85.42,1.14,0.00,0.00,0.00,0.00
7.35722,142.295,-866.338,0,0.000,0.044,0.065,0.009,0.044,0.008,0.0,1,0.0,7.334,85.36,1.14,0.00,0.00,0.00,0.00
7.36727,142.383,-866.250,0,0.000,0.045,0.066,0.027,0.045,0.004,0.0,1,0.0,7.346,85.36,1.14,0.00,0.00,0.00,0.00
7.37750,142.383,-866.250,0,0.000,0.048,0.066,0.023,0.048,0.002,0.0,1,0.0,7.346,85.36,1.14,0.00,0.00,0.00,0.00
7.38755,142.383,-866.250,0,0.000,0.050,0.067,0.033,0.050,0.003,0.0,1,0.0,7.359,85.27,1.21,-0.09,0.07,-6.28,4.74
7.40715,142.295,-866.338,0,0.000,0.050,0.068,0.026,0.050,0.007,0.0,1,0.0,7.389,85.27,1.21,0.00,0.00,0.00,0.00
7.41719,142.383,-866.250,0,0.000,0.052,0.068,0.007,0.052,0.007,0.0,1,0.0,7.389,85.27,1.21,0.00,0.00,0.00,0.00
7.42761,142.383,-866.250,0,0.000,0.053,0.069,0.008,0.053,0.008,0.0,1,0.0,7.400,85.27,1.21,0.00,0.00,0.00,0.00
7.44720,142.383,-866.250,0,0.000,0.044,0.070,-0.004,0.044,0.010,0.0,1,0.0,7.435,85.27,1.21,0.00,0.00,0.00,0.00
7.45742,142.383,-866.250,0,0.000,0.042,0.070,-0.016,0.042,0.014,0.0,1,0.0,7.440,85.27,1.21,0.00,0.00,0.00,0.00
7.46748,142.383,-866.250,0,0.000,0.038,0.071,-0.007,0.038,0.014,0.0,1,0.0,7.440,85.27,1.21,0.00,0.00,0.00,0.00
7.48706,142.383,-866.250,0,0.000,0.032,0.071,0.001,0.032,0.009,0.0,1,0.0,7.460,85.27,1.21,0.00,0.00,0.00,0.00
7.49712,142.383,-866.250,0,0.000,0.030,0.072,-0.001,0.030,0.009,0.0,1,0.0,7.468,85.27,1.21,0.00,0.00,0.00,0.00
7.50734,142.383,-866.250,0,0.000,0.029,0.072,0.011,0.029,0.007,0.0,1,0.0,7.484,85.27,1.21,0.00,0.00,0.00,0.00
7.51740,142.383,-866.250,0,0.000,0.026,0.072,0.005,0.026,0.003,0.0,1,0.0,7.495,85.27,1.21,0.00,0.00,0.00,0.00
7.53698,142.383,-866.250,0,0.000,0.037,0.073,0.013,0.037,0.005,0.0,1,0.0,7.517,85.27,1.21,0.00,0.00,0.00,0.00
7.54704,142.383,-866.250,0,0.000,0.039,0.073,0.020,0.039,0.005,0.0,1,0.0,7.529,85.27,1.21,0.00,0.00,0.00,0.00
7.55742,142.471,-866.162,0,0.000,0.044,0.074,0.015,0.044,0.006,0.0,1,0.0,7.529,85.27,1.21,0.00,0.00,0.00,0.00
7.57736,142.383,-866.250,0,0.000,0.051,0.075,0.005,0.051,0.002,0.0,1,0.0,7.550,85.27,1.21,0.00,0.00,0.00,0.00
7.59695,142.383,-866.250,0,0.000,0.052,0.076,0.000,0.052,0.004,0.0,1,0.0,7.569,85.27,1.21,0.00,0.00,0.00,0.00
7.60700,142.383,-866.250,0,0.000,0.049,0.076,0.002,0.049,0.002,0.0,1,0.0,7.579,85.27,1.21,0.00,0.00,0.00,0.00
7.61723,142.383,-866.250,0,0.000,0.042,0.077,-0.001,0.042,0.004,0.0,1,0.0,7.594,85.27,1.21,0.00,0.00,0.00,0.00
7.62728,142.383,-866.250,0,0.000,0.038,0.077,0.004,0.038,0.006,0.0,1,0.0,7.606,85.27,1.21,0.00,0.00,0.00,0.00
7.64687,142.383,-866.250,0,0.000,0.029,0.078,0.013,0.029,0.005,0.0,1,0.0,7.616,85.27,1.21,0.00,0.00,0.00,0.00
7.65692,142.295,-866.338,0,0.000,0.025,0.078,0.008,0.025,0.005,0.0,1,0.0,7.630,85.27,1.21,0.00,0.00,0.00,0.00
7.66715,142.295,-866.338,0,0.000,0.024,0.078,0.015,0.024,0.003,0.0,1,0.0,7.641,85.27,1.21,0.00,0.00,0.00,0.00
7.67720,142.383,-866.250,0,0.000,0.025,0.078,0.011,0.025,0.005,0.0,1,0.0,7.653,85.27,1.21,0.00,0.00,0.00,0.00
7.69670,142.383,-866.250,0,0.000,0.034,0.079,0.009,0.034,0.007,0.0,1,0.0,7.664,85.27,1.21,0.00,0.00,0.00,0.00
7.70693,142.383,-866.250,0,0.000,0.036,0.079,0.010,0.036,0.005,0.0,1,0.0,7.680,85.27,1.21,0.00,0.00,0.00,0.00
7.71698,142.295,-866.338,0,0.000,0.040,0.080,0.004,0.040,0.007,0.0,1,0.0,7.691,85.27,1.21,0.00,0.00,0.00,0.00
7.73657,142.295,-866.338,0,0.000,0.042,0.080,0.000,0.042,0.007,0.0,1,0.0,7.714,85.27,1.21,0.00,0.00,0.00,0.00
7.74662,142.295,-866.338,0,0.000,0.044,0.081,0.003,0.044,0.006,0.0,1,0.0,7.725,85.27,1.21,0.00,0.00,0.00,0.00
7.75685,142.383,-866.250,0,0.000,0.042,0.081,0.002,0.042,0.005,0.0,1,0.0,7.725,85.27,1.21,0.00,0.00,0.00,0.00
7.76690,142.383,-866.250,0,0.000,0.040,0.082,0.008,0.040,0.005,0.0,1,0.0,7.740,85.27,1.21,0.00,0.00,0.00,0.00
7.78649,142.383,-866.250,0,0.000,0.035,0.082,0.011,0.035,0.006,0.0,1,0.0,7.764,85.27,1.21,0.00,0.00,0.00,0.00
7.79654,142.471,-866.162,0,0.000,0.035,0.083,0.012,0.035,0.007,0.0,1,0.0,7.776,85.27,1.21,0.00,0.00,0.00,0.00
7.80677,142.295,-866.338,0,0.000,0.031,0.083,0.014,0.031,0.008,0.0,1,0.0,7.787,85.27,1.21,0.00,0.00,0.00,0.00
7.81697,142.383,-866.250,0,0.000,0.028,0.083,0.009,0.028,0.007,0.0,1,0.0,7.787,85.27,1.21,0.00,0.00,0.00,0.00
7.83692,142.295,-866.338,0,0.000,0.030,0.084,0.005,0.030,0.004,0.0,1,0.0,7.813,85.27,1.21,0.00,0.00,0.00,0.00
7.85651,142.383,-866.250,0,0.000,0.037,0.085,0.001,0.037,0.002,0.0,1,0.0,7.835,85.27,1.21,0.00,0.00,0.00,0.00
7.86656,142.383,-866.250,0,0.000,0.039,0.085,0.002,0.039,0.005,0.0,1,0.0,7.835,85.27,1.21,0.00,0.00,0.00,0.00
7.87678,142.383,-866.250,0,0.000,0.040,0.085,-0.001,0.040,0.004,0.0,1,0.0,7.851,85.27,1.21,0.00,0.00,0.00,0.00
7.88684,142.383,-866.250,0,0.000,0.039,0.086,0.001,0.039,0.001,0.0,1,0.0,7.863,85.27,1.21,0.00,0.00,0.00,0.00
7.90643,142.383,-866.250,0,0.000,0.041,0.087,0.011,0.041,-0.004,0.0,1,0.0,7.874,85.27,1.21,0.00,0.00,0.00,0.00
7.91648,142.383,-866.250,0,0.000,0.040,0.087,0.013,0.040,-0.004,0.0,1,0.0,7.886,85.27,1.21,0.00,0.00,0.00,0.00
7.92670,142.295,-866.338,0,0.000,0.041,0.087,0.017,0.041,-0.004,0.0,1,0.0,7.905,85.27,1.21,0.00,0.00,0.00,0.00
7.93676,142.383,-866.250,0,0.000,0.037,0.088,0.017,0.037,-0.004,0.0,1,0.0,7.916,85.27,1.21,0.00,0.00,0.00,0.00
7.95626,142.383,-866.250,0,0.000,0.033,0.088,0.018,0.033,-0.001,0.0,1,0.0,7.927,85.27,1.21,0.00,0.00,0.00,0.00
7.96649,142.383,-866.250,0,0.000,0.031,0.089,0.014,0.031,0.004,0.0,1,0.0,7.948,85.27,1.21,0.00,0.00,0.00,0.00
7.97654,142.383,-866.250,0,0.000,0.030,0.089,0.011,0.030,0.005,0.0,1,0.0,7.955,85.27,1.21,0.00,0.00,0.00,0.00
7.99612,142.295,-866.338,0,0.000,0.033,0.090,0.003,0.033,0.005,0.0,1,0.0,7.968,85.27,1.21,0.00,0.00,0.00,0.00
8.00618,142.383,-866.250,0,0.000,0.034,0.090,0.003,0.034,0.005,0.0,1,0.0,7.979,85.27,1.21,0.00,0.00,0.00,0.00
8.01641,142.383,-866.250,0,0.000,0.034,0.090,0.001,0.034,0.006,0.0,1,0.0,7.996,85.27,1.21,0.00,0.00,0.00,0.00
8.02646,143.877,-864.756,0,0.000,0.034,0.091,0.001,0.034,0.007,1000.0,-1,-1000.0,8.006,85.27,1.21,0.00,0.00,0.00,0.00
8.04606,164.531,-844.102,0,0.000,-0.942,0.068,-0.004,-0.942,-0.016,1000.0,-1,-1000.0,8.026,85.27,1.21,0.00,0.00,0.00,0.00
8.05610,175.078,-833.555,0,0.000,-0.787,0.060,0.085,-0.787,-0.029,1000.0,-1,-1000.0,8.037,85.27,1.21,0.00,0.00,0.00,0.00
8.06633,185.361,-823.271,0,0.000,-0.514,0.054,-0.101,-0.514,-0.008,1000.0,-1,-1000.0,8.037,85.27,1.21,0.00,0.00,0.00,0.00
8.07653,194.941,-813.691,0,0.000,-0.362,0.051,0.077,-0.362,-0.023,1000.0,-1,-1000.0,8.051,85.27,1.21,0.00,0.00,0.00,0.00
8.09647,214.541,-794.092,0,0.000,-0.198,0.046,-0.003,-0.198,0.036,1000.0,-1,-1000.0,8.071,85.27,1.21,0.00,0.00,0.00,0.00
8.11607,231.064,-777.568,0,0.000,-0.159,0.043,0.030,-0.159,0.013,1000.0,-1,-1000.0,8.095,85.60,1.28,0.33,0.07,26.21,5.67
8.12611,239.502,-769.131,0,0.000,-0.062,0.043,-0.041,-0.062,0.062,1000.0,-1,-1000.0,8.095,85.60,1.28,0.33,0.07,26.21,5.67
8.13634,247.676,-760.957,0,0.000,-0.055,0.042,0.030,-0.055,0.081,1000.0,-1,-1000.0,8.108,82.77,1.57,-2.83,0.29,-229.98,23.30
8.14639,255.850,-752.783,0,0.000,0.009,0.042,-0.005,0.009,0.090,1000.0,-1,-1000.0,8.120,82.46,2.16,-0.31,0.59,-27.04,51.51
8.16597,271.494,-737.139,0,0.000,0.032,0.043,0.043,0.032,0.092,1000.0,-1,-1000.0,8.144,79.96,1.52,-1.19,-0.24,-102.47,-20.79
8.17603,280.020,-728.613,0,0.000,0.066,0.044,0.017,0.066,0.070,1000.0,-1,-1000.0,8.158,79.31,1.85,-0.65,0.33,-46.65,23.63
8.18626,288.633,-720.000,0,0.000,0.108,0.045,0.111,0.108,0.056,1000.0,-1,-1000.0,8.158,79.31,1.85,-0.65,0.33,-46.65,23.63
8.19631,297.773,-710.859,0,0.000,0.040,0.046,-0.004,0.040,0.034,1000.0,-1,-1000.0,8.168,78.10,1.49,-1.21,-0.35,-115.64,-33.62
8.21590,316.318,-692.314,0,0.000,0.048,0.046,-0.031,0.048,0.001,1000.0,-1,-1000.0,8.181,77.00,1.61,-1.10,0.11,-84.04,8.53
8.22595,326.602,-682.031,0,0.000,0.098,0.047,0.075,0.098,0.014,1000.0,-1,-1000.0,8.196,75.93,1.69,-1.07,0.09,-72.56,5.82
8.23618,336.885,-671.748,0,0.000,0.080,0.048,0.045,0.080,0.047,1000.0,-1,-1000.0,8.210,74.81,1.62,-1.12,-0.07,-81.11,-5.05
8.24623,347.432,-661.201,0,0.000,-0.012,0.048,0.068,-0.012,-0.028,1000.0,-1,-1000.0,8.220,73.72,1.55,-1.09,-0.07,-111.79,-6.80
8.26582,7.207,-641.426,0,0.000,0.059,0.049,0.034,0.059,-0.001,1000.0,-1,-1000.0,8.229,72.69,1.46,-1.04,-0.09,-95.51,-8.62
8.27587,17.051,-631.582,0,0.000,0.129,0.050,-0.028,0.129,0.041,1000.0,-1,-1000.0,8.250,71.49,1.54,-1.20,0.08,-61.13,4.20
8.28609,26.367,-622.266,0,0.000,-0.060,0.050,-0.037,-0.060,0.014,1000.0,-1,-1000.0,8.260,70.58,1.62,-0.92,0.07,-82.16,6.41
8.29615,35.332,-613.301,0,0.000,0.071,0.050,-0.056,0.071,0.034,1000.0,-1,-1000.0,8.274,69.42,1.48,-1.15,-0.14,-82.44,-9.70
8.31573,51.416,-597.217,0,0.000,0.080,0.052,-0.045,0.080,0.010,1000.0,-1,-1000.0,8.285,68.46,1.48,-0.96,0.00,-85.56,0.00
8.32579,59.502,-589.131,0,0.000,0.027,0.053,-0.090,0.027,-0.007,1000.0,-1,-1000.0,8.303,67.36,1.48,-1.10,0.00,-62.20,0.00
8.33605,66.797,-581.836,0,0.000,0.110,0.054,-0.061,0.110,-0.006,1000.0,-1,-1000.0,8.315,66.01,1.35,-1.35,-0.13,-123.88,-11.93
8.34607,74.883,-573.750,0,0.000,0.092,0.055,-0.080,0.092,-0.005,1000.0,-1,-1000.0,8.325,65.20,1.35,-0.81,0.00,-80.56,0.00
8.35612,82.793,-565.840,0,0.000,0.049,0.055,-0.013,0.049,-0.013,1000.0,-1,-1000.0,8.340,64.08,1.19,-1.12,-0.16,-94.83,-13.16
8.37571,98.086,-550.547,0,0.000,0.008,0.055,0.041,0.008,-0.045,1000.0,-1,-1000.0,8.351,63.09,1.26,-0.99,0.06,-83.77,5.52
8.38576,106.523,-542.109,0,0.000,0.068,0.056,0.056,0.068,-0.025,1000.0,-1,-1000.0,8.363,61.81,1.26,-1.28,0.00,-95.11,0.00
8.39600,115.400,-533.232,0,0.000,0.187,0.058,0.011,0.187,-0.026,1000.0,-1,-1000.0,8.376,61.05,1.40,-0.76,0.14,-59.23,10.90
8.40604,124.805,-523.828,0,0.000,0.050,0.058,-0.036,0.050,-0.029,1000.0,-1,-1000.0,8.376,61.05,1.40,-0.76,0.14,-59.23,10.90
8.42563,143.525,-505.107,0,0.000,0.080,0.060,0.003,0.080,-0.026,1000.0,-1,-1000.0,8.403,57.52,1.42,-2.27,0.09,-196.31,8.07
8.43568,153.896,-494.736,0,0.000,0.196,0.062,0.008,0.196,0.017,1000.0,-1,-1000.0,8.416,56.46,1.30,-1.07,-0.12,-68.61,-7.71
8.44591,164.355,-484.277,0,0.000,0.193,0.064,0.054,0.193,0.008,1000.0,-1,-1000.0,8.427,55.33,1.30,-1.13,0.00,-114.64,0.00
8.45630,174.551,-474.082,0,0.000,0.044,0.064,-0.043,0.044,-0.009,1000.0,-1,-1000.0,8.438,54.22,1.23,-1.11,-0.06,-96.41,-5.57
8.47596,195.117,-453.516,0,0.000,0.049,0.066,-0.020,0.049,0.005,1000.0,-1,-1000.0,8.448,53.32,1.14,-0.90,-0.09,-84.51,-8.93
8.49554,213.398,-435.234,0,0.000,0.073,0.068,-0.015,0.073,0.004,1000.0,-1,-1000.0,8.472,50.99,1.15,-1.15,-0.12,-92.84,-9.37
8.50560,222.451,-426.182,0,0.000,0.008,0.068,0.054,0.008,-0.010,1000.0,-1,-1000.0,8.483,49.84,1.11,-1.15,-0.05,-99.87,-4.36
8.51582,230.889,-417.744,0,0.000,0.102,0.069,0.020,0.102,-0.013,1000.0,-1,-1000.0,8.494,49.07,1.11,-0.77,0.00,-68.37,0.00
8.53524,246.885,-401.748,0,0.000,0.063,0.070,0.030,0.063,0.008,1000.0,-1,-1000.0,8.507,48.00,1.16,-1.08,0.05,-88.04,4.15
8.54546,254.971,-393.662,0,0.000,-0.020,0.070,0.019,-0.020,-0.005,1000.0,-1,-1000.0,8.519,46.76,1.16,-1.24,0.00,-96.95,0.00
8.55552,263.145,-385.488,0,0.000,0.156,0.071,0.057,0.156,-0.005,1000.0,-1,-1000.0,8.530,45.62,1.06,-1.14,-0.09,-110.26,-8.91
8.56574,271.318,-377.314,0,0.000,0.039,0.071,0.001,0.039,0.001,1000.0,-1,-1000.0,8.539,44.68,1.30,-0.95,0.24,-85.49,21.48
8.58515,287.842,-360.791,0,0.000,0.082,0.072,0.045,0.082,0.000,1000.0,-1,-1000.0,8.566,42.50,1.19,-0.98,0.08,-73.65,5.80
8.59530,296.807,-351.826,0,0.000,-0.010,0.072,0.013,-0.010,0.013,1000.0,-1,-1000.0,8.566,42.50,1.19,-0.98,0.08,-73.65,5.80
8.60552,306.123,-342.510,0,0.000,0.177,0.074,0.062,0.177,0.017,1000.0,-1,-1000.0,8.578,41.20,1.11,-1.30,-0.08,-105.28,-6.16
8.61557,316.143,-332.490,0,0.000,0.242,0.076,0.103,0.242,0.022,1000.0,-1,-1000.0,8.589,40.35,1.17,-0.85,0.05,-74.08,4.57
8.63516,335.830,-312.803,0,0.000,0.045,0.078,0.010,0.045,0.040,1000.0,-1,-1000.0,8.610,38.81,1.01,-1.54,-0.15,-80.34,-7.98
8.64522,346.377,-302.256,0,0.000,-0.073,0.078,-0.012,-0.073,0.013,1000.0,-1,-1000.0,8.617,38.17,1.15,-0.64,0.14,-60.91,13.07
8.65544,356.660,-291.973,0,0.000,0.052,0.078,0.026,0.052,-0.007,1000.0,-1,-1000.0,8.634,36.75,1.07,-1.42,-0.08,-94.48,-5.18
8.66549,7.031,-281.602,0,0.000,0.115,0.079,0.050,0.115,0.008,1000.0,-1,-1000.0,8.645,35.79,1.07,-0.96,0.00,-90.97,0.00
8.68508,25.488,-263.145,0,0.000,0.124,0.082,0.013,0.124,0.031,1000.0,-1,-1000.0,8.661,34.99,0.95,-0.80,-0.12,-51.85,-7.77
8.69514,34.453,-254.180,0,0.000,-0.014,0.082,-0.060,-0.014,0.017,1000.0,-1,-1000.0,8.672,33.63,1.08,-1.36,0.13,-112.58,10.78
8.70536,43.066,-245.566,0,0.000,-0.008,0.082,-0.032,-0.008,-0.007,1000.0,-1,-1000.0,8.683,32.64,1.08,-0.99,0.00,-90.46,0.00
8.71661,51.680,-236.953,0,0.000,-0.108,0.081,-0.077,-0.108,0.000,1000.0,-1,-1000.0,8.696,31.47,1.02,-1.16,-0.06,-87.93,-4.79
8.73543,66.885,-221.748,0,0.000,0.129,0.083,0.001,0.129,0.017,1000.0,-1,-1000.0,8.706,30.24,1.02,-1.24,0.00,-89.88,0.00
8.75501,81.826,-206.807,0,0.000,0.064,0.083,-0.008,0.064,-0.001,1000.0,-1,-1000.0,8.733,28.12,0.97,-1.11,0.00,-90.97,0.00
8.76507,89.824,-198.809,0,0.000,0.153,0.084,0.040,0.153,0.010,1000.0,-1,-1000.0,8.743,27.07,1.04,-1.05,0.07,-108.28,7.37
8.77529,97.734,-190.898,0,0.000,0.071,0.085,-0.054,0.071,0.012,1000.0,-1,-1000.0,8.752,25.98,0.97,-1.10,-0.07,-103.53,-6.81
8.78535,106.260,-182.373,0,0.000,-0.060,0.084,-0.006,-0.060,0.003,1000.0,-1,-1000.0,8.762,24.90,0.91,-1.07,-0.05,-100.92,-5.04
8.80493,123.486,-165.146,0,0.000,0.081,0.086,0.004,0.081,0.002,1000.0,-1,-1000.0,8.776,23.87,0.98,-1.04,0.06,-77.46,4.88
8.81499,133.242,-155.391,0,0.000,0.045,0.087,0.007,0.045,-0.002,1000.0,-1,-1000.0,8.790,22.88,0.98,-0.99,0.00,-84.74,0.00
8.82521,143.086,-145.547,0,0.000,0.085,0.087,-0.007,0.085,-0.001,1000.0,-1,-1000.0,8.802,21.78,0.98,-1.10,0.00,-94.20,0.00
8.83528,153.545,-135.088,0,0.000,-0.015,0.087,-0.013,-0.015,0.004,1000.0,-1,-1000.0,8.817,20.86,0.93,-0.91,-0.05,-60.31,-3.35
8.85485,173.584,-115.049,0,0.000,-0.011,0.087,-0.014,-0.011,0.011,1000.0,-1,-1000.0,8.827,19.67,0.99,-1.19,0.06,-114.98,6.21
8.86491,184.219,-104.414,0,0.000,0.090,0.088,0.039,0.090,0.010,1000.0,-1,-1000.0,8.840,18.70,0.93,-0.97,-0.06,-76.18,-4.71
8.87513,194.150,-94.482,0,0.000,0.114,0.089,-0.004,0.114,0.018,1000.0,-1,-1000.0,8.852,17.73,0.93,-0.97,0.00,-76.45,0.00
8.88519,203.994,-84.639,0,0.000,-0.072,0.089,-0.019,-0.072,0.025,1000.0,-1,-1000.0,8.863,16.45,0.82,-1.28,-0.11,-115.11,-9.85
8.90477,221.572,-67.061,0,0.000,0.104,0.090,0.050,0.104,0.001,1000.0,-1,-1000.0,8.876,15.38,0.82,-1.07,0.00,-83.82,0.00
8.91483,230.186,-58.447,0,0.000,0.108,0.091,0.041,0.108,0.011,1000.0,-1,-1000.0,8.887,14.31,0.72,-1.07,-0.10,-89.83,-8.33
8.92505,238.535,-50.098,0,0.000,-0.024,0.091,-0.010,-0.024,0.020,1000.0,-1,-1000.0,8.902,13.34,0.95,-0.98,0.22,-76.26,17.50
8.93511,246.885,-41.748,0,0.000,-0.035,0.091,-0.003,-0.035,0.013,1000.0,-1,-1000.0,8.916,12.10,0.85,-1.24,-0.10,-84.27,-6.67
8.95469,262.441,-26.191,0,0.000,0.111,0.092,0.034,0.111,0.005,1000.0,-1,-1000.0,8.926,11.10,0.93,-1.00,0.09,-87.01,7.40
8.96475,270.703,-17.930,0,0.000,0.040,0.092,0.039,0.040,0.017,1000.0,-1,-1000.0,8.940,10.07,0.85,-1.03,-0.08,-72.27,-5.86
8.97514,278.701,-9.932,0,0.000,0.022,0.092,0.047,0.022,0.007,1000.0,-1,-1000.0,8.954,8.85,0.94,-1.22,0.09,-109.72,8.50
8.99472,296.367,7.734,0,0.000,-0.026,0.092,-0.030,-0.026,0.008,1000.0,-1,-1000.0,8.967,7.72,1.03,-1.13,0.09,-71.11,5.42
9.00494,305.596,16.963,0,0.000,0.019,0.092,-0.021,0.019,-0.001,1000.0,-1,-1000.0,8.981,6.69,1.03,-1.03,0.00,-95.07,0.00
9.01500,315.527,26.895,0,0.000,0.053,0.093,0.018,0.053,0.006,1000.0,-1,-1000.0,8.991,5.49,1.03,-1.20,0.00,-104.09,0.00
9.03458,335.303,46.670,0,0.000,0.164,0.096,0.050,0.164,0.025,1000.0,-1,-1000.0,9.003,4.61,1.03,-0.89,0.00,-68.73,0.00
9.04464,345.850,57.217,0,0.000,-0.018,0.096,-0.008,-0.018,0.025,1000.0,-1,-1000.0,9.017,3.44,0.94,-1.17,-0.09,-85.94,-6.36
9.05486,356.133,67.500,0,0.000,-0.089,0.095,-0.029,-0.089,0.017,1000.0,-1,-1000.0,9.028,2.40,0.94,-1.04,0.00,-86.20,0.00
9.06492,6.328,77.695,0,0.000,-0.057,0.094,-0.010,-0.057,0.020,1000.0,-1,-1000.0,9.039,1.28,0.89,-1.12,-0.05,-95.75,-4.21
9.08450,24.961,96.328,0,0.000,0.106,0.096,0.029,0.106,0.022,1000.0,-1,-1000.0,9.053,0.25,0.89,-1.03,0.00,-86.12,0.00
9.09456,34.014,105.381,0,0.000,-0.030,0.095,0.056,-0.030,0.000,1000.0,-1,-1000.0,9.066,-0.91,0.89,-1.15,0.00,-85.75,0.00
9.10480,42.012,113.379,0,0.000,0.061,0.096,0.026,0.061,0.010,1000.0,-1,-1000.0,9.078,-1.76,0.89,-0.85,0.00,-70.36,0.00
9.11483,50.713,122.080,0,0.000,-0.014,0.096,0.032,-0.014,0.014,1000.0,-1,-1000.0,9.096,-2.96,0.89,-1.21,0.00,-66.72,0.00
9.13423,65.918,137.285,0,0.000,0.107,0.097,0.008,0.107,0.018,1000.0,-1,-1000.0,9.104,-4.23,0.79,-1.26,-0.11,-117.61,-10.27
9.14446,73.652,145.020,0,0.000,0.032,0.097,0.056,0.032,-0.011,1000.0,-1,-1000.0,9.117,-5.15,0.79,-0.92,0.00,-88.71,0.00
9.15451,81.475,152.842,0,0.000,0.168,0.099,0.006,0.168,0.001,1000.0,-1,-1000.0,9.129,-6.13,0.79,-0.98,0.00,-88.82,0.00
9.16474,89.297,160.664,0,0.000,-0.007,0.099,0.050,-0.007,0.016,1000.0,-1,-1000.0,9.142,-7.30,0.72,-1.17,-0.06,-82.95,-4.46
9.18415,105.293,176.660,0,0.000,-0.056,0.099,0.016,-0.056,0.008,1000.0,-1,-1000.0,9.155,-8.29,0.80,-1.00,0.08,-67.33,5.30
9.19438,113.818,185.186,0,0.000,0.075,0.100,0.000,0.075,0.010,1000.0,-1,-1000.0,9.170,-9.30,0.80,-1.01,0.00,-81.95,0.00
9.20444,123.223,194.590,0,0.000,0.029,0.100,0.047,0.029,0.011,1000.0,-1,-1000.0,9.183,-10.30,0.86,-1.00,0.06,-64.58,3.68
9.21466,132.715,204.082,0,0.000,0.078,0.101,0.000,0.078,0.019,1000.0,-1,-1000.0,9.183,-10.30,0.86,-1.00,0.06,-64.58,3.68
9.23416,152.051,223.418,0,0.000,-0.023,0.101,0.004,-0.023,0.013,1000.0,-1,-1000.0,9.207,-12.39,0.89,-0.81,0.23,-66.73,19.44
9.24421,162.773,234.141,0,0.000,-0.014,0.101,0.050,-0.014,0.040,1000.0,-1,-1000.0,9.220,-13.64,0.75,-1.25,-0.13,-114.87,-12.32
9.25444,173.057,244.424,0,0.000,-0.004,0.101,0.010,-0.004,0.033,1000.0,-1,-1000.0,9.229,-14.53,0.87,-0.89,0.11,-82.38,10.43
9.26449,183.779,255.146,0,0.000,0.035,0.102,0.049,0.035,0.019,1000.0,-1,-1000.0,9.243,-15.54,0.87,-1.01,0.00,-82.34,0.00
9.28408,202.764,274.131,0,0.000,0.098,0.103,0.047,0.098,0.009,1000.0,-1,-1000.0,9.255,-16.84,0.82,-1.30,-0.05,-95.25,-3.57
9.29413,212.256,283.623,0,0.000,0.034,0.104,0.000,0.034,0.002,1000.0,-1,-1000.0,9.267,-17.73,0.90,-0.88,0.08,-68.83,6.37
9.30436,221.133,292.500,0,0.000,0.055,0.104,0.005,0.055,0.010,1000.0,-1,-1000.0,9.281,-18.87,0.90,-1.14,0.00,-97.01,0.00
9.31441,229.922,301.289,0,0.000,0.120,0.105,0.027,0.120,0.035,1000.0,-1,-1000.0,9.291,-19.98,0.90,-1.11,0.00,-89.39,0.00
9.33400,245.742,317.109,0,0.000,-0.020,0.107,-0.019,-0.020,-0.001,1000.0,-1,-1000.0,9.308,-20.85,0.90,-0.88,0.00,-58.77,0.00
9.34405,253.916,325.283,0,0.000,0.011,0.107,-0.022,0.011,0.014,1000.0,-1,-1000.0,9.318,-22.08,0.90,-1.23,0.00,-126.40,0.00
9.35441,261.738,333.105,0,0.000,0.061,0.107,0.000,0.061,0.041,1000.0,-1,-1000.0,9.330,-23.02,0.95,-0.94,0.05,-83.03,4.43
9.37434,278.613,349.980,0,0.000,0.087,0.109,0.026,0.087,-0.005,1000.0,-1,-1000.0,9.352,-25.11,0.91,-0.83,0.05,-79.43,4.61
9.39393,295.488,366.855,0,0.000,0.166,0.111,0.013,0.166,0.047,1000.0,-1,-1000.0,9.372,-26.25,0.85,-1.14,-0.05,-61.24,-2.88
9.40398,305.068,376.436,0,0.000,-0.008,0.111,-0.012,-0.008,0.014,1000.0,-1,-1000.0,9.372,-26.25,0.85,-1.14,-0.05,-61.24,-2.88
9.41421,314.561,385.928,0,0.000,-0.005,0.111,-0.020,-0.005,0.037,1000.0,-1,-1000.0,9.382,-27.41,0.85,-1.16,0.00,-87.41,0.00
9.42426,324.844,396.211,0,0.000,0.008,0.111,-0.011,0.008,-0.018,0.0,-1,0.0,9.382,-27.41,0.85,-1.16,0.00,-87.41,0.00
9.44385,324.756,396.123,0,0.000,1.028,0.134,-0.082,1.028,-0.047,0.0,-1,0.0,9.422,-29.56,0.92,-1.26,0.00,-105.79,0.00
9.45390,325.020,396.387,0,0.000,0.618,0.140,0.025,0.618,-0.016,0.0,-1,0.0,9.432,-30.37,0.92,-0.80,0.00,-73.03,0.00
9.46414,324.844,396.211,0,0.000,0.633,0.146,0.014,0.633,-0.020,0.0,-1,0.0,9.444,-31.65,1.02,-1.29,0.11,-109.66,9.09
9.47418,325.020,396.387,0,0.000,0.335,0.150,0.053,0.335,0.008,0.0,-1,0.0,9.444,-31.65,1.02,-1.29,0.11,-109.66,9.09
9.49377,325.020,396.387,0,0.000,0.203,0.155,0.024,0.203,0.004,0.0,-1,0.0,9.472,-33.65,1.09,-1.07,0.16,-104.58,15.67
9.50382,324.932,396.299,0,0.000,0.235,0.158,-0.002,0.235,0.013,0.0,-1,0.0,9.472,-33.65,1.09,-1.07,0.16,-104.58,15.67
9.51405,325.020,396.387,0,0.000,0.112,0.159,0.029,0.112,0.011,0.0,-1,0.0,9.486,-34.74,1.17,-1.09,0.08,-88.82,6.80
9.52410,325.020,396.387,0,0.000,0.117,0.160,0.007,0.117,0.016,0.0,-1,0.0,9.498,-35.94,0.77,-1.21,-0.40,-101.80,-33.55
9.54369,324.932,396.299,0,0.000,0.054,0.161,0.011,0.054,0.005,0.0,-1,0.0,9.521,-35.69,0.82,-0.66,-0.39,-54.44,-32.23
9.55374,324.844,396.211,0,0.000,0.007,0.161,0.033,0.007,0.002,0.0,-1,0.0,9.521,-35.69,0.82,-0.66,-0.39,-54.44,-32.23
9.56397,324.932,396.299,0,0.000,0.010,0.161,0.005,0.010,0.000,0.0,-1,0.0,9.535,-35.63,0.76,0.06,-0.06,4.62,-4.31
9.57402,325.107,396.475,0,0.000,-0.016,0.161,0.022,-0.016,0.000,0.0,-1,0.0,9.549,-35.63,0.76,0.00,0.00,0.00,0.00
9.59361,325.020,396.387,0,0.000,-0.019,0.161,-0.004,-0.019,0.002,0.0,-1,0.0,9.572,-35.64,0.76,0.13,0.00,11.19,0.00
9.60368,324.932,396.299,0,0.000,-0.014,0.161,-0.034,-0.014,0.011,0.0,-1,0.0,9.583,-35.64,0.76,0.00,0.00,0.00,0.00
9.61389,325.020,396.387,0,0.000,-0.008,0.161,-0.009,-0.008,0.006,0.0,-1,0.0,9.583,-35.64,0.76,0.00,0.00,0.00,0.00
9.62391,325.020,396.387,0,0.000,-0.001,0.161,-0.023,-0.001,0.007,0.0,-1,0.0,9.598,-35.70,0.81,-0.06,0.05,-4.47,4.06
9.63397,324.932,396.299,0,0.000,0.006,0.161,0.005,0.006,0.007,0.0,-1,0.0,9.617,-35.70,0.81,0.00,0.00,0.00,0.00
9.65357,325.020,396.387,0,0.000,0.010,0.161,0.014,0.010,0.001,0.0,-1,0.0,9.634,-35.70,0.81,0.00,0.00,0.00,0.00
9.66361,324.932,396.299,0,0.000,0.009,0.161,0.004,0.009,0.005,0.0,-1,0.0,9.634,-35.70,0.81,0.00,0.00,0.00,0.00
9.67384,324.932,396.299,0,0.000,0.014,0.161,0.029,0.014,0.005,0.0,-1,0.0,9.646,-35.70,0.81,0.00,0.00,0.00,0.00
9.69325,324.932,396.299,0,0.000,0.011,0.161,0.037,0.011,0.003,0.0,-1,0.0,9.676,-35.70,0.81,0.00,0.00,0.00,0.00
9.70348,324.932,396.299,0,0.000,0.004,0.161,0.019,0.004,0.009,0.0,-1,0.0,9.676,-35.70,0.81,0.00,0.00,0.00,0.00
9.71353,324.932,396.299,0,0.000,0.005,0.161,0.028,0.005,0.008,0.0,-1,0.0,9.687,-35.70,0.81,0.00,0.00,0.00,0.00
9.72375,324.932,396.299,0,0.000,0.004,0.161,0.008,0.004,0.010,0.0,-1,0.0,9.700,-35.70,0.81,0.00,0.00,0.00,0.00
9.74326,325.020,396.387,0,0.000,0.002,0.161,-0.010,0.002,0.013,0.0,-1,0.0,9.716,-35.70,0.81,0.00,0.00,0.00,0.00
9.75331,325.020,396.387,0,0.000,0.004,0.161,-0.011,0.004,0.008,0.0,-1,0.0,9.732,-35.70,0.81,0.00,0.00,0.00,0.00
9.76354,324.932,396.299,0,0.000,-0.002,0.161,-0.023,-0.002,0.012,0.0,-1,0.0,9.739,-35.70,0.81,0.00,0.00,0.00,0.00
9.77359,324.932,396.299,0,0.000,-0.002,0.161,-0.011,-0.002,0.013,0.0,-1,0.0,9.751,-35.70,0.81,0.00,0.00,0.00,0.00
9.79318,324.932,396.299,0,0.000,-0.004,0.161,-0.007,-0.004,0.008,0.0,-1,0.0,9.763,-35.70,0.81,0.00,0.00,0.00,0.00
9.80323,324.932,396.299,0,0.000,-0.005,0.161,-0.007,-0.005,0.012,0.0,-1,0.0,9.775,-35.70,0.81,0.00,0.00,0.00,0.00
9.81346,324.932,396.299,0,0.000,-0.006,0.161,0.006,-0.006,0.011,0.0,-1,0.0,9.789,-35.70,0.81,0.00,0.00,0.00,0.00
9.82351,325.020,396.387,0,0.000,-0.005,0.161,0.005,-0.005,0.008,0.0,-1,0.0,9.806,-35.70,0.81,0.00,0.00,0.00,0.00
9.84310,325.020,396.387,0,0.000,0.002,0.161,0.014,0.002,0.008,0.0,-1,0.0,9.816,-35.70,0.81,0.00,0.00,0.00,0.00
9.85315,324.932,396.299,0,0.000,0.007,0.161,0.023,0.007,0.007,0.0,-1,0.0,9.831,-35.70,0.81,0.00,0.00,0.00,0.00
9.86353,324.932,396.299,0,0.000,0.010,0.161,0.020,0.010,0.008,0.0,-1,0.0,9.840,-35.70,0.81,0.00,0.00,0.00,0.00
9.88347,325.020,396.387,0,0.000,0.014,0.162,0.011,0.014,0.010,0.0,-1,0.0,9.851,-35.70,0.81,0.00,0.00,0.00,0.00
9.90305,325.020,396.387,0,0.000,0.008,0.162,0.004,0.008,0.014,0.0,-1,0.0,9.878,-35.70,0.81,0.00,0.00,0.00,0.00
9.91311,325.020,396.387,0,0.000,0.007,0.162,0.000,0.007,0.012,0.0,-1,0.0,9.889,-35.70,0.81,0.00,0.00,0.00,0.00
9.92333,324.932,396.299,0,0.000,0.004,0.162,-0.008,0.004,0.012,0.0,-1,0.0,9.902,-35.70,0.81,0.00,0.00,0.00,0.00
9.93339,324.932,396.299,0,0.000,0.000,0.162,-0.010,0.000,0.007,0.0,-1,0.0,9.916,-35.70,0.81,0.00,0.00,0.00,0.00
9.95297,325.020,396.387,0,0.000,-0.009,0.162,-0.005,-0.009,0.005,0.0,-1,0.0,9.927,-35.70,0.81,0.00,0.00,0.00,0.00
9.96303,324.932,396.299,0,0.000,-0.008,0.162,-0.004,-0.008,0.005,0.0,-1,0.0,9.938,-35.70,0.81,0.00,0.00,0.00,0.00
9.97325,324.932,396.299,0,0.000,-0.008,0.162,0.000,-0.008,0.004,0.0,-1,0.0,9.952,-35.70,0.81,0.00,0.00,0.00,0.00
9.98330,325.107,396.475,0,0.000,-0.009,0.162,0.001,-0.009,0.001,0.0,-1,0.0,9.964,-35.70,0.81,0.00,0.00,0.00,0.00
9.99384,324.932,396.299,0,0.000,-0.002,0.161,0.003,-0.002,0.005,0.0,-1,0.0,9.964,-35.70,0.81,0.00,0.00,0.00,0.00
10.01327,324.932,396.299,0,0.000,0.007,0.162,0.007,0.007,0.013,0.0,-1,0.0,9.986,-35.70,0.81,0.00,0.00,0.00,0.00
10.03321,325.020,396.387,0,0.000,0.013,0.162,0.007,0.013,0.013,0.0,-1,0.0,10.015,-35.70,0.81,0.00,0.00,0.00,0.00
10.05314,325.020,396.387,0,0.000,0.017,0.162,0.006,0.017,0.009,0.0,-1,0.0,10.027,-35.70,0.81,0.00,0.00,0.00,0.00
10.07307,324.932,396.299,0,0.000,0.014,0.162,0.006,0.014,0.007,0.0,-1,0.0,10.052,-35.70,0.81,0.00,0.00,0.00,0.00
10.09301,324.844,396.211,0,0.000,0.008,0.163,0.008,0.008,0.005,0.0,-1,0.0,10.063,-35.70,0.81,0.00,0.00,0.00,0.00
10.11294,324.932,396.299,0,0.000,-0.005,0.163,0.004,-0.005,0.005,0.0,-1,0.0,10.091,-35.70,0.81,0.00,0.00,0.00,0.00
10.13287,324.932,396.299,0,0.000,-0.007,0.162,0.005,-0.007,0.005,0.0,-1,0.0,10.104,-35.70,0.81,0.00,0.00,0.00,0.00
10.15281,325.020,396.387,0,0.000,-0.001,0.162,0.000,-0.001,0.007,0.0,-1,0.0,10.131,-35.70,0.81,0.00,0.00,0.00,0.00
10.17274,324.932,396.299,0,0.000,0.006,0.162,-0.004,0.006,0.004,0.0,-1,0.0,10.151,-35.70,0.81,0.00,0.00,0.00,0.00
10.19259,325.020,396.387,0,0.000,0.013,0.163,0.000,0.013,0.009,0.0,-1,0.0,10.163,-35.70,0.81,0.00,0.00,0.00,0.00
10.21252,325.020,396.387,0,0.000,0.017,0.163,0.006,0.017,0.010,0.0,-1,0.0,10.188,-35.70,0.81,0.00,0.00,0.00,0.00
10.22292,324.932,396.299,0,0.000,0.016,0.163,0.010,0.016,0.010,0.0,-1,0.0,10.202,-35.70,0.81,0.00,0.00,0.00,0.00
10.24285,325.107,396.475,0,0.000,0.010,0.163,0.010,0.010,0.008,0.0,-1,0.0,10.214,-35.70,0.81,0.00,0.00,0.00,0.00
10.26279,325.020,396.387,0,0.000,0.007,0.163,0.007,0.007,0.007,0.0,-1,0.0,10.239,-35.70,0.81,0.00,0.00,0.00,0.00
10.28272,324.932,396.299,0,0.000,0.004,0.164,0.008,0.004,0.008,0.0,-1,0.0,10.253,-35.70,0.81,0.00,0.00,0.00,0.00
10.30265,325.020,396.387,0,0.000,0.005,0.164,0.002,0.005,0.001,0.0,-1,0.0,10.275,-35.70,0.81,0.00,0.00,0.00,0.00
10.32259,325.020,396.387,0,0.000,0.004,0.164,-0.003,0.004,0.000,0.0,-1,0.0,10.294,-35.70,0.81,0.00,0.00,0.00,0.00
10.34254,324.932,396.299,0,0.000,0.008,0.164,-0.002,0.008,0.001,0.0,-1,0.0,10.324,-35.70,0.81,0.00,0.00,0.00,0.00
10.36246,325.020,396.387,0,0.000,0.011,0.164,0.000,0.011,0.003,0.0,-1,0.0,10.335,-35.70,0.81,0.00,0.00,0.00,0.00
10.37299,325.020,396.387,0,0.000,0.010,0.164,0.004,0.010,0.005,0.0,-1,0.0,10.349,-35.70,0.81,0.00,0.00,0.00,0.00
10.39265,324.932,396.299,0,0.000,0.012,0.165,0.008,0.012,0.005,0.0,-1,0.0,10.369,-35.70,0.81,0.00,0.00,0.00,0.00
10.41260,325.020,396.387,0,0.000,0.011,0.165,0.014,0.011,0.005,0.0,-1,0.0,10.391,-35.70,0.81,0.00,0.00,0.00,0.00
10.43252,320.713,392.080,0,0.000,0.865,0.174,0.124,0.865,0.011,700.0,1,700.0,10.404,-35.70,0.81,0.00,0.00,0.00,0.00
10.45245,310.869,382.236,0,0.000,0.267,0.183,0.054,0.267,0.053,700.0,1,700.0,10.425,-35.70,0.81,0.00,0.00,0.00,0.00
10.47238,301.289,372.656,0,0.000,0.075,0.187,0.016,0.075,0.013,700.0,1,700.0,10.454,-35.70,0.81,0.00,0.00,0.00,0.00
10.49232,292.061,363.428,0,0.000,0.053,0.191,-0.002,0.053,0.023,700.0,1,700.0,10.469,-35.70,0.81,0.00,0.00,0.00,0.00
10.51226,283.447,354.814,0,0.000,0.007,0.192,0.007,0.007,0.014,700.0,1,700.0,10.491,-36.01,0.72,-0.31,-0.10,-26.16,-8.16
10.53218,275.098,346.465,0,0.000,0.024,0.193,0.023,0.024,0.008,700.0,1,700.0,10.503,-34.45,0.72,1.55,0.00,141.34,0.00
10.55212,266.748,338.115,0,0.000,-0.006,0.195,0.038,-0.006,-0.001,700.0,1,700.0,10.528,-33.68,0.51,0.44,0.00,36.40,0.00
10.57214,258.662,330.029,0,0.000,-0.029,0.194,0.029,-0.029,-0.002,700.0,1,700.0,10.551,-32.68,0.53,0.16,-0.11,13.60,-9.13
10.59207,250.840,322.207,0,0.000,-0.004,0.194,-0.001,-0.004,0.009,700.0,1,700.0,10.574,-31.50,0.69,0.40,0.00,36.99,0.00
10.61200,242.578,313.945,0,0.000,0.047,0.195,-0.009,0.047,0.026,700.0,1,700.0,10.586,-30.90,0.75,0.61,0.06,61.05,5.78
10.63194,234.580,305.947,0,0.000,0.019,0.196,-0.001,0.019,0.005,700.0,1,700.0,10.606,-30.01,0.62,0.34,-0.13,35.67,-13.86
10.65187,226.230,297.598,0,0.000,0.025,0.196,0.004,0.025,0.024,700.0,1,700.0,10.628,-28.97,0.68,0.41,0.00,39.52,0.00
10.67180,217.617,288.984,0,0.000,0.004,0.196,0.033,0.004,0.005,700.0,1,700.0,10.641,-28.27,0.68,0.69,0.00,62.74,0.00
10.68220,212.959,284.326,0,0.000,0.016,0.196,0.026,0.016,-0.002,700.0,1,700.0,10.653,-27.77,0.68,0.50,0.00,43.04,0.00
10.70214,203.818,275.186,0,0.000,0.025,0.197,0.026,0.025,0.003,700.0,1,700.0,10.678,-26.63,0.74,0.48,0.06,41.28,5.34
10.72207,194.238,265.605,0,0.000,0.034,0.197,0.004,0.034,0.020,700.0,1,700.0,10.703,-25.52,0.74,0.53,0.00,43.35,0.00
10.74200,184.307,255.674,0,0.000,-0.019,0.197,-0.038,-0.019,0.014,700.0,1,700.0,10.714,-25.01,0.67,0.50,-0.08,40.59,-6.16
10.75344,178.770,250.137,0,0.000,-0.007,0.197,-0.008,-0.007,0.020,700.0,1,700.0,10.725,-24.51,0.67,0.51,0.00,44.78,0.00
10.77144,169.277,240.645,0,0.000,-0.027,0.196,-0.038,-0.027,0.017,700.0,1,700.0,10.741,-23.96,0.67,0.55,0.00,35.10,0.00
10.78184,163.916,235.283,0,0.000,-0.009,0.196,-0.026,-0.009,0.015,700.0,1,700.0,10.749,-23.44,0.67,0.52,0.00,41.76,0.00
10.80177,153.545,224.912,0,0.000,-0.041,0.195,-0.006,-0.041,0.014,700.0,1,700.0,10.780,-22.31,0.67,0.53,0.00,42.07,0.00
10.82170,143.525,214.893,0,0.000,-0.011,0.196,0.057,-0.011,-0.006,700.0,1,700.0,10.791,-21.79,0.72,0.51,0.05,42.88,4.38
10.84163,133.506,204.873,0,0.000,0.004,0.196,0.048,0.004,0.000,700.0,1,700.0,10.816,-20.72,0.64,0.57,-0.08,47.66,-6.74
10.86157,124.102,195.469,0,0.000,-0.045,0.196,0.010,-0.045,0.010,700.0,1,700.0,10.838,-19.67,0.75,0.53,0.00,49.44,0.00
10.88150,114.873,186.240,0,0.000,-0.080,0.195,-0.002,-0.080,0.009,700.0,1,700.0,10.862,-18.54,0.80,0.54,0.05,47.33,4.76
10.90144,106.172,177.539,0,0.000,0.053,0.195,-0.002,0.053,0.018,700.0,1,700.0,10.873,-17.90,0.80,0.64,0.00,55.57,0.00
10.92137,97.910,169.277,0,0.000,0.040,0.196,-0.014,0.040,0.010,700.0,1,700.0,10.897,-16.92,0.87,0.55,0.06,44.86,5.11
10.93168,93.867,165.234,0,0.000,0.041,0.196,0.057,0.041,0.007,700.0,1,700.0,10.909,-16.39,0.76,0.53,-0.11,43.18,-8.75
10.95163,86.045,157.412,0,0.000,0.025,0.197,0.007,0.025,-0.009,700.0,1,700.0,10.935,-15.32,0.76,0.55,0.00,52.80,0.00
10.97155,78.135,149.502,0,0.000,0.011,0.197,0.034,0.011,0.014,700.0,1,700.0,10.947,-14.73,0.76,0.59,0.00,39.51,0.00
10.99148,70.664,142.031,0,0.000,-0.029,0.196,0.066,-0.029,-0.004,700.0,1,700.0,10.969,-13.72,0.76,0.47,0.00,44.46,0.00
11.01143,63.018,134.385,0,0.000,0.089,0.197,0.058,0.089,0.007,700.0,1,700.0,10.990,-12.61,0.71,0.48,-0.05,52.89,-5.63
11.03135,55.107,126.475,0,0.000,0.010,0.198,-0.005,0.010,0.005,700.0,1,700.0,11.013,-11.50,0.71,0.54,0.00,58.90,0.00
11.05128,47.285,118.652,0,0.000,0.046,0.197,0.010,0.046,0.000,700.0,1,700.0,11.023,-11.09,0.71,0.41,0.00,36.48,0.00
11.07121,39.023,110.391,0,0.000,0.028,0.197,0.004,0.028,0.007,700.0,1,700.0,11.047,-10.09,0.68,0.27,-0.10,25.63,-9.54
11.09115,30.410,101.777,0,0.000,0.048,0.198,0.031,0.048,0.008,700.0,1,700.0,11.069,-8.80,0.68,0.33,0.00,25.14,0.00
11.11108,21.445,92.813,0,0.000,0.094,0.198,0.042,0.094,0.002,700.0,1,700.0,11.087,-8.33,0.68,0.48,0.00,29.11,0.00
11.12148,16.875,88.242,0,0.000,-0.005,0.198,0.012,-0.005,0.008,700.0,1,700.0,11.097,-7.80,0.68,0.53,0.00,49.84,0.00
11.14108,7.031,78.398,0,0.000,-0.030,0.198,-0.005,-0.030,0.002,700.0,1,700.0,11.118,-6.57,0.83,0.64,0.15,60.49,14.61
11.16101,356.924,68.291,0,0.000,-0.081,0.196,-0.040,-0.081,0.000,700.0,1,700.0,11.131,-6.09,0.77,0.48,-0.06,37.84,-4.99
11.18094,346.816,58.184,0,0.000,0.048,0.198,0.002,0.048,0.014,700.0,1,700.0,11.160,-4.83,0.84,0.71,-0.05,47.49,-3.22
11.20088,336.533,47.900,0,0.000,0.014,0.198,-0.017,0.014,-0.002,700.0,1,700.0,11.170,-4.50,0.84,0.34,0.00,31.62,0.00
11.21128,331.172,42.539,0,0.000,-0.027,0.197,-0.004,-0.027,0.005,700.0,1,700.0,11.170,-4.50,0.84,0.34,0.00,31.62,0.00
11.23121,321.152,32.520,0,0.000,0.099,0.198,0.040,0.099,-0.005,700.0,1,700.0,11.207,-3.39,0.84,0.27,0.00,21.23,0.00
11.25115,311.309,22.676,0,0.000,0.086,0.199,0.014,0.086,-0.002,700.0,1,700.0,11.231,-2.31,0.84,0.26,0.08,27.88,8.07
11.27108,301.729,13.096,0,0.000,0.086,0.199,0.037,0.086,0.007,700.0,1,700.0,11.240,-1.56,0.97,0.75,0.13,60.69,10.17
11.29101,292.764,4.131,0,0.000,0.093,0.199,0.027,0.093,0.008,700.0,1,700.0,11.267,-0.60,0.86,0.50,0.00,46.15,0.00
11.30112,288.457,-0.176,0,0.000,-0.037,0.199,0.020,-0.037,0.017,700.0,1,700.0,11.282,-0.11,0.86,0.50,0.00,36.11,0.00
11.32088,279.668,-8.965,0,0.000,0.021,0.200,0.003,0.021,-0.001,700.0,1,700.0,11.294,0.60,0.86,0.71,0.00,55.35,0.00
11.34082,271.406,-17.227,0,0.000,-0.095,0.199,-0.023,-0.095,0.012,700.0,1,700.0,11.315,1.67,0.86,0.60,0.00,48.77,0.00
11.36075,263.232,-25.400,0,0.000,-0.057,0.199,0.007,-0.057,0.014,700.0,1,700.0,11.330,2.22,0.98,0.55,0.12,46.69,10.29
11.38068,255.322,-33.311,0,0.000,-0.007,0.199,-0.002,-0.007,0.017,700.0,1,700.0,11.357,3.21,0.97,0.38,0.08,25.08,5.57
11.40063,247.236,-41.396,0,0.000,-0.054,0.198,-0.010,-0.054,0.017,700.0,1,700.0,11.381,4.46,0.97,0.47,0.00,37.55,0.00
11.42055,239.150,-49.482,0,0.000,0.138,0.200,0.063,0.138,0.020,700.0,1,700.0,11.400,5.01,1.01,0.55,0.05,29.15,2.57
11.44049,231.064,-57.568,0,0.000,-0.056,0.201,0.019,-0.056,0.004,700.0,1,700.0,11.409,5.28,0.94,0.28,-0.08,29.03,-7.89
11.45088,226.670,-61.963,0,0.000,-0.091,0.200,-0.047,-0.091,0.000,700.0,1,700.0,11.421,6.09,1.00,0.81,0.07,60.65,4.92
11.47082,218.232,-70.400,0,0.000,0.100,0.199,0.045,0.100,0.004,700.0,1,700.0,11.447,7.13,1.06,0.65,0.06,54.12,4.68
11.49067,209.180,-79.453,0,0.000,0.089,0.200,0.037,0.089,-0.002,700.0,1,700.0,11.459,7.70,0.96,0.57,-0.10,47.38,-8.19
11.51060,199.863,-88.770,0,0.000,0.005,0.200,0.016,0.005,0.000,700.0,1,700.0,11.487,8.77,0.96,0.44,0.00,27.74,0.00
11.53053,190.283,-98.350,0,0.000,0.008,0.199,-0.002,0.008,0.001,700.0,1,700.0,11.511,9.82,0.78,0.53,-0.18,41.34,-14.35
11.55046,180.000,-108.633,0,0.000,0.076,0.200,0.007,0.076,-0.004,700.0,1,700.0,11.522,10.40,0.93,0.58,0.15,49.06,12.49
11.57040,169.717,-118.916,0,0.000,0.027,0.200,-0.011,0.027,-0.002,700.0,1,700.0,11.548,11.43,0.93,0.35,0.00,25.74,0.00
11.59033,159.521,-129.111,0,0.000,0.133,0.201,0.039,0.133,0.006,700.0,1,700.0,11.560,12.05,0.86,0.62,-0.07,49.06,-5.63
11.61026,149.238,-139.395,0,0.000,0.045,0.201,-0.037,0.045,0.009,700.0,1,700.0,11.585,13.21,0.95,0.79,0.09,58.70,7.03
11.63021,139.219,-149.414,0,0.000,0.005,0.201,-0.059,0.005,0.001,700.0,1,700.0,11.608,14.33,0.95,0.84,0.00,78.17,0.00
11.65013,129.375,-159.258,0,0.000,-0.005,0.200,0.001,-0.005,-0.001,700.0,1,700.0,11.625,14.67,0.95,0.33,0.00,22.59,0.00
11.66053,124.629,-164.004,0,0.000,0.023,0.201,-0.037,0.023,0.013,700.0,1,700.0,11.634,15.36,0.95,0.69,0.00,66.35,0.00
11.67991,115.664,-172.969,0,0.000,0.028,0.201,0.008,0.028,-0.008,700.0,1,700.0,11.658,16.43,0.95,0.64,0.00,49.04,0.00
11.69031,111.094,-177.539,0,0.000,-0.017,0.201,-0.054,-0.017,-0.004,700.0,1,700.0,11.670,16.77,0.95,0.34,0.00,34.26,0.00
11.71024,102.744,-185.889,0,0.000,0.059,0.201,-0.004,0.059,0.004,700.0,1,700.0,11.682,17.70,0.95,0.93,0.00,79.08,0.00
11.73018,94.482,-194.150,0,0.000,0.049,0.201,-0.057,0.049,0.005,700.0,1,700.0,11.706,17.94,0.85,0.24,-0.10,10.26,-4.26
11.75011,86.572,-202.061,0,0.000,0.004,0.201,-0.038,0.004,0.004,700.0,1,700.0,11.729,18.95,0.92,0.32,-0.10,31.41,-10.08
11.77004,78.838,-209.795,0,0.000,-0.007,0.201,-0.013,-0.007,-0.005,700.0,1,700.0,11.749,19.76,1.14,0.81,0.22,43.46,11.73
11.78998,71.104,-217.529,0,0.000,0.171,0.202,0.031,0.171,0.009,700.0,1,700.0,11.757,20.17,1.14,0.40,0.00,38.47,0.00
11.80991,63.457,-225.176,0,0.000,-0.072,0.202,-0.063,-0.072,0.002,700.0,1,700.0,11.784,21.29,1.14,0.26,0.00,26.28,0.00
11.82984,55.811,-232.822,0,0.000,-0.057,0.201,-0.036,-0.057,-0.002,700.0,1,700.0,11.808,22.33,1.14,0.19,0.00,18.68,0.00
11.84978,47.725,-240.908,0,0.000,0.064,0.203,-0.018,0.064,0.000,700.0,1,700.0,11.821,23.13,1.23,0.80,0.09,66.39,7.26
11.86018,43.506,-245.127,0,0.000,0.045,0.203,0.017,0.045,0.003,700.0,1,700.0,11.833,23.48,1.15,0.35,-0.07,28.73,-6.09
11.88011,35.156,-253.477,0,0.000,0.063,0.205,0.014,0.063,0.004,700.0,1,700.0,11.860,24.56,1.14,0.38,-0.07,30.69,-5.88
11.90004,26.455,-262.178,0,0.000,-0.062,0.203,-0.052,-0.062,0.016,700.0,1,700.0,11.871,25.28,1.21,0.72,0.06,50.89,4.19
11.91998,17.227,-271.406,0,0.000,0.035,0.206,-0.077,0.035,0.023,700.0,1,700.0,11.897,26.16,1.21,0.43,0.00,29.76,0.00
11.93992,7.646,-280.986,0,0.000,-0.068,0.204,-0.019,-0.068,0.006,700.0,1,700.0,11.921,27.15,1.26,0.44,0.06,33.64,4.43
11.95984,357.627,-291.006,0,0.000,-0.032,0.204,-0.021,-0.032,0.007,700.0,1,700.0,11.934,27.82,1.32,0.67,0.05,57.62,4.71
11.97978,347.256,-301.377,0,0.000,0.034,0.204,0.057,0.034,0.014,700.0,1,700.0,11.957,28.95,1.25,0.66,0.00,52.38,0.00
11.99971,337.061,-311.572,0,0.000,-0.051,0.203,0.028,-0.051,0.012,700.0,1,700.0,11.970,29.36,1.25,0.41,0.00,33.33,0.00
12.01964,327.041,-321.592,0,0.000,0.100,0.204,0.031,0.100,0.014,700.0,1,700.0,11.997,30.38,1.30,0.53,0.00,46.24,0.00
12.03958,316.934,-331.699,0,0.000,0.023,0.205,0.041,0.023,0.007,700.0,1,700.0,12.018,31.39,1.30,0.14,0.00,10.77,0.00
12.04981,312.275,-336.357,0,0.000,-0.047,0.205,-0.036,-0.047,-0.005,700.0,1,700.0,12.018,31.39,1.30,0.14,0.00,10.77,0.00
12.05985,307.002,-341.631,0,0.000,0.025,0.205,0.049,0.025,-0.002,700.0,1,700.0,12.034,32.17,1.30,0.78,0.00,48.11,0.00
12.07978,297.686,-350.947,0,0.000,0.042,0.205,-0.022,0.042,-0.014,700.0,1,700.0,12.056,32.99,1.29,0.31,-0.06,28.91,-5.91
12.09972,288.809,-359.824,0,0.000,-0.005,0.206,-0.007,-0.005,-0.001,700.0,1,700.0,12.080,34.30,1.38,0.28,0.08,28.31,8.05
12.11965,280.195,-368.437,0,0.000,0.045,0.206,0.001,0.045,0.020,700.0,1,700.0,12.093,35.10,1.38,0.80,0.00,67.64,0.00
12.13958,272.021,-376.611,0,0.000,-0.030,0.206,-0.015,-0.030,0.019,700.0,1,700.0,12.113,36.15,1.28,0.70,0.05,59.41,4.46
12.15952,263.760,-384.873,0,0.000,-0.002,0.206,0.028,-0.002,0.023,700.0,1,700.0,12.141,37.27,1.28,0.67,0.00,66.37,0.00
12.17945,255.762,-392.871,0,0.000,0.080,0.207,0.025,0.080,0.029,700.0,1,700.0,12.153,37.76,1.28,0.49,0.00,40.27,0.00
12.19938,247.852,-400.781,0,0.000,0.007,0.205,-0.001,0.007,-0.002,700.0,1,700.0,12.168,38.26,1.34,0.50,0.06,31.05,3.48
12.21931,239.766,-408.867,0,0.000,0.033,0.206,0.022,0.033,0.005,700.0,1,700.0,12.191,39.33,1.36,0.36,-0.05,37.14,-5.52
12.23934,231.592,-417.041,0,0.000,0.004,0.205,-0.001,0.004,0.006,700.0,1,700.0,12.219,40.47,1.25,0.50,-0.21,39.77,-17.15
12.25927,223.066,-425.566,0,0.000,0.034,0.206,-0.010,0.034,0.003,700.0,1,700.0,12.232,41.06,1.44,0.59,0.19,45.12,14.66
12.27920,214.453,-434.180,0,0.000,0.068,0.207,0.044,0.068,0.007,700.0,1,700.0,12.244,41.55,1.44,0.49,0.00,42.83,0.00
12.29913,205.400,-443.232,0,0.000,0.059,0.207,0.044,0.059,0.017,700.0,1,700.0,12.275,42.75,1.53,0.60,0.00,57.58,0.00
12.31907,195.732,-452.900,0,0.000,0.089,0.208,-0.021,0.089,0.002,700.0,1,700.0,12.297,43.78,1.53,0.34,0.00,28.09,0.00
12.33900,185.889,-462.744,0,0.000,0.023,0.208,-0.008,0.023,0.010,700.0,1,700.0,12.307,44.50,1.62,0.72,0.09,62.32,7.66
12.35893,175.781,-472.852,0,0.000,-0.042,0.209,-0.039,-0.042,0.004,700.0,1,700.0,12.330,45.62,1.69,0.44,0.07,38.31,6.20
12.37887,165.498,-483.135,0,0.000,0.081,0.208,0.022,0.081,0.006,700.0,1,700.0,12.348,46.22,1.57,0.60,-0.12,39.44,-7.93
12.38927,159.961,-488.672,0,0.000,-0.085,0.208,-0.011,-0.085,0.005,700.0,1,700.0,12.358,46.72,1.67,0.50,0.10,42.02,8.16
12.40920,149.766,-498.867,0,0.000,-0.131,0.207,-0.004,-0.131,0.013,700.0,1,700.0,12.385,47.81,1.67,0.56,0.21,43.78,16.54
12.42871,142.031,-506.602,0,0.000,-0.047,0.206,0.011,-0.047,0.016,0.0,1,0.0,12.410,48.99,1.74,0.92,0.07,72.50,5.21
12.43910,142.295,-506.338,0,0.000,-0.487,0.201,-0.048,-0.487,0.041,0.0,1,0.0,12.410,48.99,1.74,0.92,0.07,72.50,5.21
12.45903,142.295,-506.338,0,0.000,-0.313,0.195,0.013,-0.313,-0.022,0.0,1,0.0,12.433,50.04,1.88,1.04,0.08,86.40,6.79
12.47898,142.207,-506.426,0,0.000,-0.069,0.193,0.083,-0.069,0.005,0.0,1,0.0,12.459,51.27,1.90,1.09,0.10,108.73,10.00
12.49890,142.383,-506.250,0,0.000,-0.055,0.191,0.077,-0.055,-0.001,0.0,1,0.0,12.472,51.58,1.73,0.31,-0.17,25.42,-13.87
12.51883,142.383,-506.250,0,0.000,-0.065,0.190,0.031,-0.065,0.000,0.0,1,0.0,12.499,51.73,1.80,-0.80,-0.12,-54.38,-8.37
12.53877,142.383,-506.250,0,0.000,0.001,0.190,0.023,0.001,0.008,0.0,1,0.0,12.509,52.46,2.00,0.73,0.20,63.77,17.24
12.55870,142.295,-506.338,0,0.000,0.048,0.191,0.017,0.048,0.011,0.0,1,0.0,12.537,52.42,2.09,0.41,0.16,23.23,9.20
12.57864,142.295,-506.338,0,0.000,0.038,0.191,0.010,0.038,0.010,0.0,1,0.0,12.559,52.30,2.09,0.25,0.00,19.85,0.00
12.59857,142.383,-506.250,0,0.000,0.020,0.192,0.012,0.020,0.008,0.0,1,0.0,12.570,52.06,2.09,-0.24,0.00,-20.58,0.00
12.60909,142.295,-506.338,0,0.000,0.038,0.192,0.020,0.038,0.000,0.0,1,0.0,12.583,52.25,2.15,0.20,0.06,16.89,5.27
12.62872,142.295,-506.338,0,0.000,0.013,0.193,0.028,0.013,0.006,0.0,1,0.0,12.601,52.07,2.05,-0.18,-0.10,-8.80,-4.88
12.64865,142.383,-506.250,0,0.000,0.010,0.193,0.022,0.010,0.001,0.0,1,0.0,12.624,52.07,2.10,0.00,0.00,0.00,0.00
12.66858,142.295,-506.338,0,0.000,0.019,0.193,0.010,0.019,0.005,0.0,1,0.0,12.645,52.15,2.17,0.08,0.00,6.80,0.00
12.68852,142.295,-506.338,0,0.000,0.028,0.194,-0.001,0.028,0.005,0.0,1,0.0,12.660,52.15,2.17,0.00,0.00,0.00,0.00
12.70845,142.295,-506.338,0,0.000,0.031,0.195,0.004,0.031,0.007,0.0,1,0.0,12.684,52.23,2.11,0.00,-0.05,0.00,-3.89
12.72839,142.207,-506.426,0,0.000,0.030,0.195,0.008,0.030,0.010,0.0,1,0.0,12.698,52.23,2.11,0.00,0.00,0.00,0.00
12.74832,142.295,-506.338,0,0.000,0.030,0.196,0.017,0.030,0.007,0.0,1,0.0,12.721,52.23,2.11,0.00,0.00,0.00,0.00
12.76825,142.295,-506.338,0,0.000,0.030,0.196,0.025,0.030,0.004,0.0,1,0.0,12.734,52.23,2.11,0.00,0.00,0.00,0.00
12.78819,142.383,-506.250,0,0.000,0.026,0.197,0.024,0.026,0.002,0.0,1,0.0,12.762,52.23,2.11,0.00,0.00,0.00,0.00
12.80820,142.295,-506.338,0,0.000,0.027,0.198,0.014,0.027,-0.001,0.0,1,0.0,12.783,52.23,2.11,0.00,0.00,0.00,0.00
12.82814,142.295,-506.338,0,0.000,0.025,0.198,0.002,0.025,0.001,0.0,1,0.0,12.808,52.23,2.11,0.00,0.00,0.00,0.00
12.84807,142.295,-506.338,0,0.000,0.025,0.199,-0.003,0.025,0.000,0.0,1,0.0,12.816,52.23,2.11,0.00,0.00,0.00,0.00
12.85847,142.207,-506.426,0,0.000,0.024,0.199,-0.004,0.024,0.007,0.0,1,0.0,12.834,52.23,2.11,0.00,0.00,0.00,0.00
12.87842,142.383,-506.250,0,0.000,0.019,0.199,0.000,0.019,0.014,0.0,1,0.0,12.859,52.23,2.11,0.00,0.00,0.00,0.00
12.89834,142.295,-506.338,0,0.000,0.014,0.199,0.005,0.014,0.007,0.0,1,0.0,12.869,52.23,2.11,0.00,0.00,0.00,0.00
12.91827,142.295,-506.338,0,0.000,0.024,0.200,0.014,0.024,0.006,0.0,1,0.0,12.882,52.23,2.11,0.00,0.00,0.00,0.00
12.93821,142.295,-506.338,0,0.000,0.028,0.200,0.017,0.028,0.004,0.0,1,0.0,12.909,52.23,2.11,0.00,0.00,0.00,0.00
12.95814,142.383,-506.250,0,0.000,0.029,0.201,0.012,0.029,0.004,0.0,1,0.0,12.922,52.23,2.11,0.00,0.00,0.00,0.00
12.97807,142.295,-506.338,0,0.000,0.029,0.202,0.007,0.029,0.002,0.0,1,0.0,12.953,52.23,2.11,0.00,0.00,0.00,0.00
12.98862,142.295,-506.338,0,0.000,0.027,0.202,0.003,0.027,0.000,0.0,1,0.0,12.965,52.23,2.11,0.00,0.00,0.00,0.00
13.00743,142.383,-506.250,0,0.000,0.023,0.202,0.002,0.023,0.004,0.0,1,0.0,12.976,52.23,2.11,0.00,0.00,0.00,0.00
13.01783,142.383,-506.250,0,0.000,0.020,0.203,0.002,0.020,0.005,0.0,1,0.0,12.997,52.23,2.11,0.00,0.00,0.00,0.00
13.03776,142.383,-506.250,0,0.000,0.011,0.203,0.007,0.011,0.008,0.0,1,0.0,13.014,52.23,2.11,0.00,0.00,0.00,0.00
13.04816,142.295,-506.338,0,0.000,0.010,0.203,0.007,0.010,0.005,0.0,1,0.0,13.026,52.23,2.11,0.00,0.00,0.00,0.00
13.06809,142.383,-506.250,0,0.000,0.013,0.203,0.010,0.013,0.008,0.0,1,0.0,13.038,52.23,2.11,0.00,0.00,0.00,0.00
13.08803,142.295,-506.338,0,0.000,0.023,0.204,0.008,0.023,0.000,0.0,1,0.0,13.064,52.23,2.11,0.00,0.00,0.00,0.00
13.10798,142.295,-506.338,0,0.000,0.029,0.204,0.007,0.029,0.000,0.0,1,0.0,13.089,52.23,2.11,0.00,0.00,0.00,0.00
13.12789,142.295,-506.338,0,0.000,0.031,0.205,0.007,0.031,0.001,0.0,1,0.0,13.103,52.23,2.11,0.00,0.00,0.00,0.00
13.14783,142.295,-506.338,0,0.000,0.026,0.205,0.005,0.026,0.005,0.0,1,0.0,13.126,52.23,2.11,0.00,0.00,0.00,0.00
13.16776,142.295,-506.338,0,0.000,0.021,0.206,0.007,0.021,0.008,0.0,1,0.0,13.144,52.23,2.11,0.00,0.00,0.00,0.00
13.18769,142.295,-506.338,0,0.000,0.016,0.206,0.012,0.016,0.007,0.0,1,0.0,13.164,52.23,2.11,0.00,0.00,0.00,0.00
13.20763,142.295,-506.338,0,0.000,0.014,0.206,0.008,0.014,0.008,0.0,1,0.0,13.188,52.23,2.11,0.00,0.00,0.00,0.00
13.22756,142.383,-506.250,0,0.000,0.018,0.207,0.004,0.018,0.004,0.0,1,0.0,13.199,52.23,2.11,0.00,0.00,0.00,0.00
13.24751,142.383,-506.250,0,0.000,0.023,0.207,0.001,0.023,0.000,0.0,1,0.0,13.230,52.23,2.11,0.00,0.00,0.00,0.00
13.26743,142.295,-506.338,0,0.000,0.026,0.208,0.005,0.026,0.001,0.0,1,0.0,13.240,52.23,2.11,0.00,0.00,0.00,0.00
13.28736,142.295,-506.338,0,0.000,0.025,0.208,0.005,0.025,0.004,0.0,1,0.0,13.267,52.23,2.11,0.00,0.00,0.00,0.00
13.30729,142.295,-506.338,0,0.000,0.023,0.209,0.011,0.023,0.004,0.0,1,0.0,13.290,52.23,2.11,0.00,0.00,0.00,0.00
13.31769,142.295,-506.338,0,0.000,0.020,0.209,0.011,0.020,0.006,0.0,1,0.0,13.290,52.23,2.11,0.00,0.00,0.00,0.00
13.33763,142.295,-506.338,0,0.000,0.018,0.209,0.013,0.018,0.005,0.0,1,0.0,13.315,52.23,2.11,0.00,0.00,0.00,0.00
13.34906,142.295,-506.338,0,0.000,0.019,0.209,0.014,0.019,0.005,0.0,1,0.0,13.324,52.23,2.11,0.00,0.00,0.00,0.00
13.36699,142.295,-506.338,0,0.000,0.019,0.210,0.014,0.019,0.005,0.0,1,0.0,13.337,52.23,2.11,0.00,0.00,0.00,0.00
13.37739,142.383,-506.250,0,0.000,0.020,0.210,0.009,0.020,0.007,0.0,1,0.0,13.357,52.23,2.11,0.00,0.00,0.00,0.00
13.39732,142.295,-506.338,0,0.000,0.022,0.210,0.004,0.022,0.012,0.0,1,0.0,13.374,52.23,2.11,0.00,0.00,0.00,0.00
13.41726,142.295,-506.338,0,0.000,0.022,0.211,0.001,0.022,0.010,0.0,1,0.0,13.388,52.23,2.11,0.00,0.00,0.00,0.00
13.43719,148.799,-499.834,0,0.000,-0.529,0.205,-0.065,-0.529,0.001,700.0,-1,-700.0,13.414,52.23,2.11,0.00,0.00,0.00,0.00
13.45712,159.170,-489.463,0,0.000,-0.406,0.197,0.043,-0.406,0.002,700.0,-1,-700.0,13.439,52.23,2.11,0.00,0.00,0.00,0.00
13.47706,169.541,-479.092,0,0.000,-0.154,0.192,0.070,-0.154,-0.023,700.0,-1,-700.0,13.446,52.23,2.11,0.00,0.00,0.00,0.00
13.49699,179.912,-468.721,0,0.000,0.004,0.191,0.034,0.004,0.005,700.0,-1,-700.0,13.470,52.23,2.11,0.00,0.00,0.00,0.00
13.50739,185.186,-463.447,0,0.000,-0.021,0.191,0.040,-0.021,0.005,700.0,-1,-700.0,13.485,52.36,2.16,0.13,0.05,10.26,4.09
13.52654,194.766,-453.867,0,0.000,-0.138,0.189,-0.015,-0.138,0.002,700.0,-1,-700.0,13.508,50.80,2.17,0.00,0.08,0.00,6.69
13.53694,199.775,-448.857,0,0.000,0.039,0.189,0.007,0.039,-0.001,700.0,-1,-700.0,13.508,50.80,2.17,0.00,0.08,0.00,6.69
13.54734,204.609,-444.023,0,0.000,-0.102,0.188,-0.065,-0.102,0.008,700.0,-1,-700.0,13.520,49.88,1.93,-0.92,-0.24,-73.67,-19.36
13.56728,213.926,-434.707,0,0.000,-0.038,0.188,0.023,-0.038,0.021,700.0,-1,-700.0,13.547,49.22,2.10,-0.41,-0.08,-28.47,-5.46
13.58721,222.715,-425.918,0,0.000,0.009,0.188,0.029,0.009,-0.001,700.0,-1,-700.0,13.563,48.38,2.10,-0.84,0.00,-56.02,0.00
13.60714,231.064,-417.568,0,0.000,0.084,0.189,0.062,0.084,0.001,700.0,-1,-700.0,13.586,47.28,2.21,-0.72,0.00,-66.66,0.00
13.62708,239.238,-409.395,0,0.000,-0.027,0.190,0.057,-0.027,-0.002,700.0,-1,-700.0,13.609,46.33,2.21,-0.67,0.00,-61.71,0.00
13.64701,247.324,-401.309,0,0.000,-0.093,0.189,0.059,-0.093,0.001,700.0,-1,-700.0,13.621,45.93,2.11,-0.40,-0.09,-31.92,-7.37
13.66694,255.146,-393.486,0,0.000,-0.025,0.190,0.009,-0.025,0.020,700.0,-1,-700.0,13.647,44.97,2.04,-0.23,-0.08,-16.18,-5.51
13.68688,263.320,-385.312,0,0.000,0.000,0.191,-0.027,0.000,0.006,700.0,-1,-700.0,13.660,44.10,2.10,-0.87,0.07,-65.06,4.92
13.69731,267.363,-381.270,0,0.000,-0.017,0.191,-0.004,-0.017,0.000,700.0,-1,-700.0,13.671,43.71,2.24,-0.40,0.14,-34.47,12.04
13.71689,275.713,-372.920,0,0.000,0.028,0.191,0.013,0.028,-0.001,700.0,-1,-700.0,13.693,42.60,2.24,-0.60,0.15,-46.22,11.71
13.73682,284.062,-364.570,0,0.000,0.081,0.191,0.016,0.081,0.004,700.0,-1,-700.0,13.709,42.03,2.06,-0.57,-0.19,-49.53,-16.23
13.75675,292.764,-355.869,0,0.000,0.025,0.192,0.005,0.025,0.005,700.0,-1,-700.0,13.721,41.46,2.06,-0.57,0.00,-45.91,0.00
13.77669,301.816,-346.816,0,0.000,0.037,0.191,0.020,0.037,-0.003,700.0,-1,-700.0,13.754,40.15,2.07,-0.60,0.09,-45.13,6.51
13.79662,311.309,-337.324,0,0.000,0.167,0.193,0.048,0.167,0.008,700.0,-1,-700.0,13.778,39.04,1.97,-0.65,0.00,-63.59,0.00
13.81656,321.152,-327.480,0,0.000,0.088,0.194,-0.004,0.088,0.007,700.0,-1,-700.0,13.790,38.42,2.03,-0.63,0.06,-47.49,4.26
13.83649,331.172,-317.461,0,0.000,0.012,0.194,-0.028,0.012,-0.004,700.0,-1,-700.0,13.814,37.56,2.08,-0.33,0.00,-26.09,0.00
13.85642,341.543,-307.090,0,0.000,0.092,0.195,-0.008,0.092,-0.011,700.0,-1,-700.0,13.825,36.96,2.08,-0.60,0.00,-42.45,0.00
13.87636,351.826,-296.807,0,0.000,0.058,0.196,0.017,0.058,0.024,700.0,-1,-700.0,13.855,35.89,2.08,-0.51,0.00,-43.83,0.00
13.88673,356.660,-291.973,0,0.000,-0.006,0.196,0.024,-0.006,0.030,700.0,-1,-700.0,13.866,35.25,2.08,-0.64,0.00,-65.92,0.00
13.90622,6.855,-281.777,0,0.000,-0.062,0.196,-0.023,-0.062,-0.001,700.0,-1,-700.0,13.879,34.82,2.13,-0.43,0.05,-30.36,3.64
13.91662,12.041,-276.592,0,0.000,-0.025,0.196,0.000,-0.025,-0.008,700.0,-1,-700.0,13.893,34.07,2.07,-0.75,-0.06,-54.19,-4.40
13.93655,21.533,-267.100,0,0.000,0.007,0.196,-0.020,0.007,-0.011,700.0,-1,-700.0,13.916,33.19,2.06,-0.22,0.08,-17.83,6.04
13.95650,30.498,-258.135,0,0.000,0.099,0.198,-0.020,0.099,0.003,700.0,-1,-700.0,13.936,32.03,2.06,-0.40,0.00,-34.41,0.00
13.97643,39.023,-249.609,0,0.000,0.084,0.199,-0.019,0.084,0.004,700.0,-1,-700.0,13.960,30.88,2.01,-0.46,-0.05,-44.67,-5.27
13.99635,47.373,-241.260,0,0.000,0.150,0.200,0.056,0.150,0.017,700.0,-1,-700.0,13.968,29.95,2.01,-0.93,0.00,-101.95,0.00
14.01629,55.283,-233.350,0,0.000,0.022,0.200,-0.002,0.022,0.011,700.0,-1,-700.0,13.995,28.76,2.05,-0.44,0.12,-34.45,9.60
14.03622,63.018,-225.615,0,0.000,0.056,0.201,0.001,0.056,0.001,700.0,-1,-700.0,14.016,27.64,2.02,-0.55,0.12,-45.71,10.00
14.05615,70.664,-217.969,0,0.000,-0.006,0.200,-0.041,-0.006,0.000,700.0,-1,-700.0,14.027,27.11,2.02,-0.53,0.00,-42.68,0.00
14.07600,78.311,-210.322,0,0.000,0.041,0.202,-0.025,0.041,0.005,700.0,-1,-700.0,14.054,25.95,2.02,-0.78,0.00,-56.15,0.00
14.08640,82.178,-206.455,0,0.000,0.009,0.202,-0.015,0.009,0.005,700.0,-1,-700.0,14.054,25.95,2.02,-0.78,0.00,-56.15,0.00
14.10633,90.088,-198.545,0,0.000,0.093,0.204,0.014,0.093,0.010,700.0,-1,-700.0,14.082,24.72,1.96,-0.69,0.00,-71.79,0.00
14.12628,97.998,-190.635,0,0.000,-0.041,0.204,-0.011,-0.041,0.006,700.0,-1,-700.0,14.108,23.80,1.96,-0.50,0.00,-47.13,0.00
14.14620,106.260,-182.373,0,0.000,0.057,0.205,0.010,0.057,0.000,700.0,-1,-700.0,14.119,23.20,2.02,-0.60,0.06,-52.05,5.39
14.16613,114.961,-173.672,0,0.000,-0.005,0.206,0.014,-0.005,0.001,700.0,-1,-700.0,14.142,22.13,1.94,-0.56,-0.08,-47.61,-6.47
14.18607,124.102,-164.531,0,0.000,0.002,0.206,0.034,0.002,0.005,700.0,-1,-700.0,14.159,21.65,2.04,-0.49,0.10,-27.24,5.46
14.20600,133.506,-155.127,0,0.000,0.055,0.207,0.041,0.055,0.003,700.0,-1,-700.0,14.182,20.63,2.04,-0.39,0.00,-36.51,0.00
14.22593,143.437,-145.195,0,0.000,-0.045,0.207,-0.005,-0.045,0.004,700.0,-1,-700.0,14.207,19.45,2.04,-0.62,0.00,-49.22,0.00
14.24587,153.457,-135.176,0,0.000,0.038,0.207,-0.001,0.038,0.002,700.0,-1,-700.0,14.219,19.08,2.04,-0.38,0.00,-30.60,0.00
14.25610,158.379,-130.254,0,0.000,0.107,0.208,-0.028,0.107,0.002,700.0,-1,-700.0,14.232,18.50,1.89,-0.57,-0.14,-48.61,-12.22
14.27573,168.926,-119.707,0,0.000,-0.022,0.209,-0.022,-0.022,-0.004,700.0,-1,-700.0,14.244,18.11,1.98,-0.39,0.08,-29.55,6.25
14.29566,179.209,-109.424,0,0.000,0.101,0.210,0.007,0.101,0.016,700.0,-1,-700.0,14.272,17.08,1.96,-0.43,0.08,-44.96,8.13
14.31560,189.404,-99.229,0,0.000,0.056,0.211,-0.006,0.056,0.005,700.0,-1,-700.0,14.286,16.49,1.88,-0.58,-0.08,-40.65,-5.80
14.32600,194.326,-94.307,0,0.000,0.044,0.212,-0.002,0.044,0.009,700.0,-1,-700.0,14.296,15.88,1.88,-0.61,0.00,-49.91,0.00
14.34593,204.170,-84.463,0,0.000,-0.066,0.211,-0.016,-0.066,0.005,700.0,-1,-700.0,14.323,14.76,1.82,-0.68,-0.06,-59.50,-5.19
14.36588,213.311,-75.322,0,0.000,0.114,0.211,0.028,0.114,0.008,700.0,-1,-700.0,14.345,13.69,1.87,-0.63,0.00,-54.92,0.00
14.38580,222.100,-66.533,0,0.000,0.057,0.212,0.010,0.057,0.012,700.0,-1,-700.0,14.357,12.99,1.82,-0.70,-0.05,-56.23,-4.25
14.40573,230.713,-57.920,0,0.000,-0.087,0.212,-0.006,-0.087,0.001,700.0,-1,-700.0,14.384,12.05,1.81,-0.76,-0.09,-63.96,-8.02
14.42567,238.799,-49.834,0,0.000,0.137,0.213,0.048,0.137,-0.004,700.0,-1,-700.0,14.400,11.52,1.81,-0.53,0.00,-33.04,0.00
14.44551,246.797,-41.836,0,0.000,0.015,0.214,0.025,0.015,0.001,700.0,-1,-700.0,14.422,10.45,1.81,-0.42,0.00,-32.11,0.00
14.46546,254.883,-33.750,0,0.000,-0.013,0.215,0.043,-0.013,0.000,700.0,-1,-700.0,14.446,9.46,1.74,-0.40,0.00,-29.68,0.00
14.48538,262.881,-25.752,0,0.000,0.119,0.217,0.050,0.119,0.002,700.0,-1,-700.0,14.456,8.95,1.74,-0.51,0.00,-47.96,0.00
14.50531,270.791,-17.842,0,0.000,0.057,0.217,0.001,0.057,0.005,700.0,-1,-700.0,14.483,7.86,1.74,-0.40,0.00,-28.66,0.00
14.52524,279.229,-9.404,0,0.000,-0.046,0.215,-0.011,-0.046,0.004,700.0,-1,-700.0,14.496,7.35,1.74,-0.51,0.00,-40.43,0.00
14.53564,283.447,-5.186,0,0.000,-0.004,0.215,0.045,-0.004,0.004,700.0,-1,-700.0,14.516,6.75,1.74,-0.60,0.00,-30.50,0.00
14.55558,292.148,3.516,0,0.000,0.113,0.218,0.024,0.113,0.011,700.0,-1,-700.0,14.527,6.31,1.67,-0.43,-0.07,-39.32,-6.49
14.57551,301.201,12.568,0,0.000,-0.025,0.218,0.000,-0.025,0.016,700.0,-1,-700.0,14.552,5.17,1.67,-0.39,0.00,-31.45,0.00
14.59544,310.693,22.061,0,0.000,0.056,0.218,0.000,0.056,0.005,700.0,-1,-700.0,14.563,4.40,1.54,-0.77,-0.13,-64.17,-10.60
14.61538,320.537,31.904,0,0.000,0.005,0.218,-0.023,0.005,0.014,700.0,-1,-700.0,14.587,4.06,1.54,-0.34,0.00,-14.49,0.00
14.62539,325.195,36.563,0,0.000,0.034,0.218,0.036,0.034,0.009,700.0,-1,-700.0,14.603,3.40,1.45,-0.65,-0.10,-50.76,-7.41
14.64521,335.830,47.197,0,0.000,0.002,0.218,0.010,0.002,-0.004,700.0,-1,-700.0,14.622,2.35,1.46,-0.71,-0.12,-65.09,-10.85
14.66514,346.025,57.393,0,0.000,0.184,0.220,0.054,0.184,0.000,700.0,-1,-700.0,14.633,1.96,1.59,-0.39,0.13,-34.84,11.96
14.68508,356.221,67.588,0,0.000,0.073,0.221,0.029,0.073,0.005,700.0,-1,-700.0,14.660,0.73,1.49,-0.66,-0.05,-53.75,-4.26
14.70501,6.328,77.695,0,0.000,-0.029,0.221,-0.020,-0.029,0.013,700.0,-1,-700.0,14.683,-0.19,1.55,-0.43,0.00,-34.29,0.00
14.72494,16.172,87.539,0,0.000,0.092,0.222,0.040,0.092,0.000,700.0,-1,-700.0,14.695,-0.69,1.55,-0.51,0.00,-43.79,0.00
14.74488,25.400,96.768,0,0.000,0.086,0.222,0.023,0.086,0.009,700.0,-1,-700.0,14.723,-1.77,1.49,-0.45,0.00,-28.51,0.00
14.75528,29.971,101.338,0,0.000,-0.074,0.221,0.035,-0.074,0.014,700.0,-1,-700.0,14.731,-2.34,1.49,-0.57,0.00,-57.56,0.00
14.77521,38.584,109.951,0,0.000,-0.019,0.222,0.056,-0.019,0.000,700.0,-1,-700.0,14.745,-2.78,1.56,-0.43,0.07,-33.67,5.65
14.79514,46.758,118.125,0,0.000,-0.035,0.223,0.010,-0.035,0.009,700.0,-1,-700.0,14.770,-3.82,1.54,-0.53,0.09,-43.10,6.93
14.80564,50.801,122.168,0,0.000,0.064,0.223,-0.005,0.064,0.010,700.0,-1,-700.0,14.784,-4.55,1.54,-0.73,0.00,-48.09,0.00
14.82441,58.535,129.902,0,0.000,-0.035,0.222,-0.023,-0.035,0.011,700.0,-1,-700.0,14.796,-4.81,1.54,-0.25,0.00,-20.66,0.00
14.83481,62.402,133.770,0,0.000,-0.014,0.222,0.007,-0.014,0.002,700.0,-1,-700.0,14.812,-5.50,1.54,-0.69,0.00,-60.99,0.00
14.85474,70.049,141.416,0,0.000,0.004,0.222,-0.002,0.004,0.003,700.0,-1,-700.0,14.833,-6.56,1.46,-0.67,-0.09,-57.93,-7.62
14.87468,77.783,149.150,0,0.000,0.011,0.223,0.000,0.011,0.004,700.0,-1,-700.0,14.856,-7.61,1.49,-0.71,-0.05,-56.27,-4.31
14.88508,81.826,153.193,0,0.000,-0.065,0.222,0.011,-0.065,-0.001,700.0,-1,-700.0,14.856,-7.61,1.49,-0.71,-0.05,-56.27,-4.31
14.90501,89.561,160.928,0,0.000,0.037,0.224,0.055,0.037,-0.004,700.0,-1,-700.0,14.878,-8.47,1.49,-0.47,0.00,-43.57,0.00
14.92494,97.471,168.838,0,0.000,0.078,0.225,0.065,0.078,-0.010,700.0,-1,-700.0,14.905,-9.46,1.47,-0.34,0.07,-28.99,6.08
14.94488,105.820,177.187,0,0.000,-0.025,0.225,0.038,-0.025,-0.002,700.0,-1,-700.0,14.924,-10.05,1.40,-0.59,-0.06,-30.27,-3.12
14.96481,114.434,185.801,0,0.000,0.014,0.225,0.031,0.014,0.004,700.0,-1,-700.0,14.934,-10.56,1.48,-0.50,0.08,-50.78,7.68
14.98483,123.486,194.854,0,0.000,0.080,0.226,0.047,0.080,-0.005,700.0,-1,-700.0,14.958,-11.73,1.48,-0.62,0.00,-64.72,0.00
15.00476,132.979,204.346,0,0.000,0.037,0.227,0.031,0.037,0.005,700.0,-1,-700.0,14.987,-12.86,1.45,-0.58,-0.10,-37.54,-6.72
15.02470,142.734,214.102,0,0.000,0.127,0.228,0.033,0.127,-0.006,700.0,-1,-700.0,14.997,-13.21,1.52,-0.35,0.07,-32.17,6.64
15.04463,152.842,224.209,0,0.000,0.120,0.229,0.020,0.120,-0.007,700.0,-1,-700.0,15.024,-14.15,1.45,-0.38,0.00,-29.85,0.00
15.06456,163.213,234.580,0,0.000,0.057,0.230,0.019,0.057,-0.013,700.0,-1,-700.0,15.035,-14.80,1.45,-0.65,0.00,-66.27,0.00
15.08450,173.584,244.951,0,0.000,0.106,0.232,0.001,0.106,-0.007,700.0,-1,-700.0,15.057,-15.76,1.39,-0.41,0.00,-34.08,0.00
15.10443,183.691,255.059,0,0.000,0.130,0.234,-0.002,0.130,0.001,700.0,-1,-700.0,15.081,-16.83,1.34,-0.48,0.00,-39.94,0.00
15.12436,193.623,264.990,0,0.000,0.069,0.235,-0.022,0.069,-0.017,700.0,-1,-700.0,15.106,-17.99,1.34,-0.48,0.00,-37.52,0.00
15.14430,203.291,274.658,0,0.000,0.137,0.237,0.016,0.137,-0.008,700.0,-1,-700.0,15.122,-18.49,1.34,-0.50,0.00,-33.53,0.00
15.16424,212.432,283.799,0,0.000,0.053,0.238,0.013,0.053,-0.004,700.0,-1,-700.0,15.145,-19.66,1.34,-0.64,0.00,-52.48,0.00
15.17477,216.914,288.281,0,0.000,0.036,0.238,0.011,0.036,0.003,700.0,-1,-700.0,15.145,-19.66,1.34,-0.64,0.00,-52.48,0.00
15.19438,225.703,297.070,0,0.000,0.126,0.240,0.028,0.126,-0.002,700.0,-1,-700.0,15.167,-20.99,1.24,-0.87,-0.11,-58.87,-7.16
15.21431,233.877,305.244,0,0.000,0.139,0.242,0.010,0.139,-0.001,700.0,-1,-700.0,15.191,-21.23,1.37,-0.23,0.13,-12.64,7.13
15.23425,242.139,313.506,0,0.000,0.057,0.243,0.004,0.057,0.010,700.0,-1,-700.0,15.202,-21.99,1.37,-0.76,0.00,-70.74,0.00
15.25418,250.137,321.504,0,0.000,0.016,0.244,-0.007,0.016,0.004,700.0,-1,-700.0,15.229,-22.88,1.19,-0.61,-0.18,-59.24,-17.50
15.27411,258.223,329.590,0,0.000,-0.016,0.244,-0.005,-0.016,0.039,700.0,-1,-700.0,15.252,-24.00,1.31,-0.67,0.00,-71.44,0.00
15.29406,266.221,337.588,0,0.000,-0.042,0.244,-0.007,-0.042,0.022,700.0,-1,-700.0,15.273,-25.00,1.35,-0.48,0.10,-44.69,9.00
15.31398,274.395,345.762,0,0.000,-0.035,0.244,0.010,-0.035,0.016,700.0,-1,-700.0,15.291,-25.69,1.23,-0.69,-0.12,-42.37,-7.51
15.33391,282.656,354.023,0,0.000,-0.008,0.244,-0.005,-0.008,0.007,700.0,-1,-700.0,15.312,-26.62,1.23,-0.45,0.00,-40.01,0.00
15.35385,291.445,362.812,0,0.000,0.011,0.245,-0.020,0.011,-0.004,700.0,-1,-700.0,15.334,-27.77,1.23,-0.59,0.00,-56.86,0.00
15.37387,300.586,371.953,0,0.000,0.013,0.244,-0.022,0.013,-0.004,700.0,-1,-700.0,15.347,-28.50,1.09,-0.73,-0.13,-55.87,-10.27
15.39380,309.814,381.182,0,0.000,0.051,0.245,-0.004,0.051,-0.007,700.0,-1,-700.0,15.358,-28.86,1.18,-0.36,0.09,-32.65,7.66
15.41374,319.746,391.113,0,0.000,-0.004,0.246,-0.014,-0.004,-0.002,700.0,-1,-700.0,15.390,-29.97,1.17,-0.54,-0.08,-53.67,-8.22
15.42414,324.932,396.299,0,0.000,0.008,0.246,0.015,0.008,-0.002,0.0,-1,0.0,15.401,-30.60,1.17,-0.63,0.00,-48.99,0.00
15.44407,324.844,396.211,0,0.000,0.512,0.257,-0.001,0.512,0.017,0.0,-1,0.0,15.416,-31.08,1.10,-0.48,-0.07,-36.95,-5.11
15.46400,324.844,396.211,0,0.000,0.317,0.263,0.020,0.317,0.001,0.0,-1,0.0,15.440,-32.14,1.27,-0.39,0.17,-39.74,16.65
15.48394,324.932,396.299,0,0.000,0.198,0.267,0.028,0.198,-0.001,0.0,-1,0.0,15.451,-32.74,1.27,-0.60,0.00,-51.25,0.00
15.50387,324.844,396.211,0,0.000,0.124,0.269,0.026,0.124,0.008,0.0,-1,0.0,15.482,-33.70,1.27,-0.61,0.00,-59.77,0.00
15.52380,324.932,396.299,0,0.000,0.062,0.270,0.019,0.062,0.004,0.0,-1,0.0,15.493,-34.44,1.27,-0.74,0.00,-69.56,0.00
15.54373,324.932,396.299,0,0.000,0.025,0.271,0.017,0.025,0.001,0.0,-1,0.0,15.520,-34.61,1.20,-0.44,0.18,-34.34,13.92
15.55432,324.932,396.299,0,0.000,0.013,0.271,0.010,0.013,0.003,0.0,-1,0.0,15.533,-34.32,1.15,0.29,-0.05,23.29,-3.95
15.57311,324.932,396.299,0,0.000,0.001,0.271,0.007,0.001,0.002,0.0,-1,0.0,15.545,-34.50,1.15,-0.18,0.00,-14.30,0.00
15.58351,324.844,396.211,0,0.000,-0.001,0.271,0.003,-0.001,0.005,0.0,-1,0.0,15.562,-34.43,1.23,0.06,0.08,4.90,6.28
15.60344,325.020,396.387,0,0.000,0.000,0.271,-0.004,0.000,0.010,0.0,-1,0.0,15.581,-34.36,1.23,0.07,0.00,6.26,0.00
15.62337,324.844,396.211,0,0.000,0.004,0.271,-0.004,0.004,0.013,0.0,-1,0.0,15.607,-34.36,1.23,0.00,0.00,0.00,0.00
15.63377,325.020,396.387,0,0.000,0.015,0.271,0.000,0.015,0.013,0.0,-1,0.0,15.607,-34.36,1.23,0.00,0.00,0.00,0.00
15.65371,324.932,396.299,0,0.000,0.019,0.272,0.006,0.019,0.015,0.0,-1,0.0,15.633,-34.36,1.23,0.00,0.00,0.00,0.00
15.67364,324.932,396.299,0,0.000,0.019,0.272,0.019,0.019,0.016,0.0,-1,0.0,15.654,-34.36,1.23,0.00,0.00,0.00,0.00
15.69357,324.932,396.299,0,0.000,0.008,0.272,0.022,0.008,0.008,0.0,-1,0.0,15.665,-34.36,1.23,0.00,0.00,0.00,0.00
15.71351,324.932,396.299,0,0.000,0.002,0.272,0.020,0.002,0.001,0.0,-1,0.0,15.691,-34.36,1.23,0.00,0.00,0.00,0.00
15.72495,324.932,396.299,0,0.000,0.003,0.272,0.010,0.003,0.003,0.0,-1,0.0,15.703,-34.36,1.23,0.00,0.00,0.00,0.00
15.74280,324.932,396.299,0,0.000,0.007,0.272,-0.001,0.007,0.002,0.0,-1,0.0,15.720,-34.36,1.23,0.00,0.00,0.00,0.00
15.75320,324.932,396.299,0,0.000,0.010,0.272,-0.004,0.010,0.005,0.0,-1,0.0,15.732,-34.36,1.23,0.00,0.00,0.00,0.00
15.77314,324.932,396.299,0,0.000,0.005,0.272,-0.007,0.005,0.004,0.0,-1,0.0,15.744,-34.36,1.23,0.00,0.00,0.00,0.00
15.78353,324.932,396.299,0,0.000,0.004,0.273,-0.007,0.004,0.004,0.0,-1,0.0,15.758,-34.36,1.23,0.00,0.00,0.00,0.00
15.80347,324.932,396.299,0,0.000,0.005,0.273,0.000,0.005,0.004,0.0,-1,0.0,15.769,-34.36,1.23,0.00,0.00,0.00,0.00
15.82340,324.932,396.299,0,0.000,0.007,0.273,0.014,0.007,0.006,0.0,-1,0.0,15.799,-34.36,1.23,0.00,0.00,0.00,0.00
15.84333,324.932,396.299,0,0.000,0.008,0.273,0.020,0.008,0.007,0.0,-1,0.0,15.820,-34.36,1.23,0.00,0.00,0.00,0.00
15.86327,324.932,396.299,0,0.000,0.011,0.273,0.017,0.011,0.008,0.0,-1,0.0,15.834,-34.36,1.23,0.00,0.00,0.00,0.00
15.88320,324.932,396.299,0,0.000,0.013,0.273,0.006,0.013,0.009,0.0,-1,0.0,15.864,-34.36,1.23,0.00,0.00,0.00,0.00
15.90322,324.932,396.299,0,0.000,0.014,0.274,-0.003,0.014,0.010,0.0,-1,0.0,15.876,-34.36,1.23,0.00,0.00,0.00,0.00
15.92315,324.932,396.299,0,0.000,0.011,0.274,-0.011,0.011,0.007,0.0,-1,0.0,15.899,-34.36,1.23,0.00,0.00,0.00,0.00
15.94309,325.020,396.387,0,0.000,0.007,0.274,-0.005,0.007,0.008,0.0,-1,0.0,15.920,-34.36,1.23,0.00,0.00,0.00,0.00
15.96302,324.932,396.299,0,0.000,0.002,0.274,0.000,0.002,0.008,0.0,-1,0.0,15.932,-34.36,1.23,0.00,0.00,0.00,0.00
15.98295,324.932,396.299,0,0.000,0.000,0.274,0.006,0.000,0.008,0.0,-1,0.0,15.957,-34.36,1.23,0.00,0.00,0.00,0.00
16.00289,324.932,396.299,0,0.000,0.010,0.274,0.013,0.010,0.007,0.0,-1,0.0,15.980,-34.36,1.23,0.00,0.00,0.00,0.00
16.02283,324.932,396.299,0,0.000,0.009,0.274,0.011,0.009,0.006,0.0,-1,0.0,16.004,-34.36,1.23,0.00,0.00,0.00,0.00
16.04275,324.844,396.211,0,0.000,0.012,0.275,0.004,0.012,0.013,0.0,-1,0.0,16.017,-34.36,1.23,0.00,0.00,0.00,0.00
16.06269,325.020,396.387,0,0.000,0.013,0.275,0.000,0.013,0.011,0.0,-1,0.0,16.045,-34.36,1.23,0.00,0.00,0.00,0.00
16.08262,324.932,396.299,0,0.000,0.008,0.275,0.000,0.008,0.006,0.0,-1,0.0,16.055,-34.36,1.23,0.00,0.00,0.00,0.00
16.09303,324.932,396.299,0,0.000,0.004,0.275,0.002,0.004,0.005,0.0,-1,0.0,16.069,-34.36,1.23,0.00,0.00,0.00,0.00
16.11261,325.020,396.387,0,0.000,0.001,0.275,0.005,0.001,0.008,0.0,-1,0.0,16.087,-34.36,1.23,0.00,0.00,0.00,0.00
16.13255,325.020,396.387,0,0.000,0.001,0.275,0.007,0.001,0.007,0.0,-1,0.0,16.111,-34.36,1.23,0.00,0.00,0.00,0.00
16.15247,324.932,396.299,0,0.000,0.009,0.275,0.008,0.009,0.013,0.0,-1,0.0,16.125,-34.36,1.23,0.00,0.00,0.00,0.00
16.16287,324.844,396.211,0,0.000,0.010,0.275,0.005,0.010,0.010,0.0,-1,0.0,16.137,-34.36,1.23,0.00,0.00,0.00,0.00
16.18281,324.844,396.211,0,0.000,0.016,0.276,0.008,0.016,0.010,0.0,-1,0.0,16.163,-34.36,1.23,0.00,0.00,0.00,0.00
16.20274,324.932,396.299,0,0.000,0.019,0.276,0.007,0.019,0.008,0.0,-1,0.0,16.178,-34.36,1.23,0.00,0.00,0.00,0.00
16.22267,324.844,396.211,0,0.000,0.015,0.276,0.003,0.015,0.002,0.0,-1,0.0,16.199,-34.36,1.23,0.00,0.00,0.00,0.00
16.24261,324.932,396.299,0,0.000,0.009,0.277,0.001,0.009,0.007,0.0,-1,0.0,16.223,-34.36,1.23,0.00,0.00,0.00,0.00
16.26254,324.932,396.299,0,0.000,0.003,0.277,0.008,0.003,0.007,0.0,-1,0.0,16.230,-34.36,1.23,0.00,0.00,0.00,0.00
16.28247,324.932,396.299,0,0.000,0.006,0.277,0.004,0.006,0.008,0.0,-1,0.0,16.259,-34.36,1.23,0.00,0.00,0.00,0.00
16.30242,325.020,396.387,0,0.000,0.008,0.277,0.004,0.008,0.011,0.0,-1,0.0,16.281,-34.36,1.23,0.00,0.00,0.00,0.00
16.32234,324.844,396.211,0,0.000,0.013,0.277,0.003,0.013,0.009,0.0,-1,0.0,16.294,-34.36,1.23,0.00,0.00,0.00,0.00
16.34227,324.932,396.299,0,0.000,0.015,0.278,0.005,0.015,0.012,0.0,-1,0.0,16.321,-34.36,1.23,0.00,0.00,0.00,0.00
16.36221,324.844,396.211,0,0.000,0.013,0.278,0.002,0.013,0.009,0.0,-1,0.0,16.336,-34.36,1.23,0.00,0.00,0.00,0.00
16.38214,324.932,396.299,0,0.000,0.010,0.278,0.003,0.010,0.003,0.0,-1,0.0,16.359,-34.36,1.23,0.00,0.00,0.00,0.00
16.40207,324.932,396.299,0,0.000,0.006,0.278,0.007,0.006,-0.001,0.0,-1,0.0,16.382,-34.36,1.23,0.00,0.00,0.00,0.00
16.42201,325.020,396.387,0,0.000,0.005,0.278,0.007,0.005,0.004,0.0,-1,0.0,16.394,-34.36,1.23,0.00,0.00,0.00,0.00
16.43241,320.889,392.256,0,0.000,0.769,0.286,0.120,0.769,0.002,500.0,1,500.0,16.404,-34.36,1.23,0.00,0.00,0.00,0.00
16.45234,311.133,382.500,0,0.000,0.266,0.295,0.031,0.266,0.025,500.0,1,500.0,16.427,-34.36,1.23,0.00,0.00,0.00,0.00
16.46279,306.035,377.402,0,0.000,0.340,0.299,-0.001,0.340,-0.023,500.0,1,500.0,16.437,-34.36,1.23,0.00,0.00,0.00,0.00
16.48160,297.070,368.437,0,0.000,0.296,0.303,-0.008,0.296,0.031,500.0,1,500.0,16.468,-34.36,1.23,0.00,0.00,0.00,0.00
16.49199,292.412,363.779,0,0.000,0.135,0.304,0.002,0.135,0.010,500.0,1,500.0,16.468,-34.36,1.23,0.00,0.00,0.00,0.00
16.51192,283.799,355.166,0,0.000,0.085,0.306,0.046,0.085,-0.006,500.0,1,500.0,16.487,-33.47,0.81,0.89,-0.42,83.92,-39.49
16.53185,275.361,346.729,0,0.000,0.075,0.308,0.028,0.075,-0.019,500.0,1,500.0,16.508,-32.45,0.98,0.67,0.00,61.20,0.00
16.54226,270.967,342.334,0,0.000,0.037,0.309,0.023,0.037,-0.004,500.0,1,500.0,16.520,-32.17,0.91,0.28,-0.06,26.16,-5.95
16.56219,262.793,334.160,0,0.000,-0.006,0.308,0.003,-0.006,0.007,500.0,1,500.0,16.534,-31.50,1.13,0.67,0.22,50.55,16.70
16.58212,254.795,326.162,0,0.000,-0.021,0.308,-0.012,-0.021,0.014,500.0,1,500.0,16.561,-30.48,1.20,0.45,0.06,45.68,6.30
16.60206,246.797,318.164,0,0.000,0.035,0.308,-0.006,0.035,-0.011,500.0,1,500.0,16.571,-29.81,1.20,0.67,0.00,56.45,0.00
16.62199,238.623,309.990,0,0.000,-0.002,0.308,-0.020,-0.002,0.007,500.0,1,500.0,16.601,-28.74,1.20,0.66,0.00,45.69,0.00
16.64192,230.537,301.904,0,0.000,-0.019,0.308,-0.014,-0.019,0.016,500.0,1,500.0,16.623,-27.73,1.12,0.46,-0.07,46.87,-7.54
16.66186,222.012,293.379,0,0.000,-0.013,0.308,0.001,-0.013,0.013,500.0,1,500.0,16.635,-27.11,1.12,0.62,0.00,53.28,0.00
16.68179,213.398,284.766,0,0.000,-0.035,0.308,0.019,-0.035,0.007,500.0,1,500.0,16.661,-26.02,1.12,0.55,0.00,48.93,0.00
16.70172,204.082,275.449,0,0.000,-0.020,0.308,0.050,-0.020,-0.015,500.0,1,500.0,16.673,-25.47,1.12,0.55,0.00,45.16,0.00
16.72166,194.590,265.957,0,0.000,-0.048,0.308,0.025,-0.048,0.011,500.0,1,500.0,16.697,-24.33,1.12,0.65,0.00,54.35,0.00
16.74159,184.570,255.937,0,0.000,-0.065,0.307,-0.025,-0.065,0.015,500.0,1,500.0,16.719,-23.27,1.12,0.58,0.00,50.67,0.00
16.76152,174.551,245.918,0,0.000,-0.045,0.307,-0.025,-0.045,0.005,500.0,1,500.0,16.741,-22.23,1.05,0.50,0.00,42.56,0.00
16.78146,164.092,235.459,0,0.000,0.034,0.307,0.010,0.034,0.000,500.0,1,500.0,16.752,-21.69,1.05,0.54,0.00,47.72,0.00
16.80139,153.809,225.176,0,0.000,0.014,0.308,0.007,0.014,0.002,500.0,1,500.0,16.778,-20.61,0.96,0.76,0.00,69.26,0.00
16.81179,148.623,219.990,0,0.000,0.063,0.308,0.028,0.063,0.005,500.0,1,500.0,16.791,-20.20,0.87,0.42,-0.09,30.48,-6.53
16.82224,143.613,214.980,0,0.000,-0.005,0.308,0.001,-0.005,0.007,500.0,1,500.0,16.791,-20.20,0.87,0.42,-0.09,30.48,-6.53
16.84098,134.033,205.400,0,0.000,0.008,0.309,0.009,0.008,-0.005,500.0,1,500.0,16.817,-18.99,0.94,0.55,0.00,54.79,0.00
16.85138,128.936,200.303,0,0.000,0.005,0.309,0.028,0.005,0.001,500.0,1,500.0,16.828,-18.55,0.86,0.44,-0.08,39.81,-6.77
16.87131,119.795,191.162,0,0.000,0.044,0.308,0.044,0.044,0.000,500.0,1,500.0,16.851,-17.43,0.92,0.43,0.00,37.74,0.00
16.89124,110.742,182.109,0,0.000,0.043,0.308,-0.007,0.043,0.004,500.0,1,500.0,16.867,-16.86,0.92,0.57,0.00,37.12,0.00
16.90166,106.260,177.627,0,0.000,0.001,0.308,-0.001,0.001,0.010,500.0,1,500.0,16.880,-16.31,0.92,0.55,0.00,43.65,0.00
16.92158,97.910,169.277,0,0.000,-0.068,0.308,-0.037,-0.068,0.013,500.0,1,500.0,16.880,-16.31,0.92,0.55,0.00,43.65,0.00
16.94151,90.000,161.367,0,0.000,-0.060,0.308,-0.020,-0.060,0.014,500.0,1,500.0,16.916,-15.56,0.87,0.28,-0.05,23.27,-3.92
16.96144,82.178,153.545,0,0.000,0.022,0.308,0.008,0.022,0.005,500.0,1,500.0,16.935,-14.86,0.93,0.70,0.06,37.77,3.38
16.98138,74.531,145.898,0,0.000,-0.059,0.307,-0.006,-0.059,0.011,500.0,1,500.0,16.958,-13.78,0.93,0.49,0.00,36.46,0.00
16.99140,71.016,142.383,0,0.000,0.053,0.308,0.037,0.053,0.002,500.0,1,500.0,16.969,-13.23,0.93,0.55,0.00,46.21,0.00
17.01122,63.193,134.561,0,0.000,0.060,0.308,0.008,0.060,0.004,500.0,1,500.0,16.981,-12.78,0.93,0.44,0.00,40.28,0.00
17.03115,55.283,126.650,0,0.000,-0.005,0.308,0.016,-0.005,0.004,500.0,1,500.0,17.004,-11.70,0.92,0.41,-0.07,37.06,-6.52
17.05109,47.549,118.916,0,0.000,0.081,0.308,0.048,0.081,0.002,500.0,1,500.0,17.021,-11.12,0.92,0.58,0.00,33.04,0.00
17.07102,39.199,110.566,0,0.000,-0.006,0.308,-0.014,-0.006,0.013,500.0,1,500.0,17.041,-10.09,0.98,0.58,0.06,51.54,5.14
17.09095,30.674,102.041,0,0.000,0.010,0.308,0.054,0.010,-0.013,500.0,1,500.0,17.066,-8.94,0.93,0.82,-0.05,73.36,-4.28
17.11089,21.621,92.988,0,0.000,0.020,0.308,0.066,0.020,0.002,500.0,1,500.0,17.088,-7.76,0.93,0.79,0.00,62.51,0.00
17.12129,16.699,88.066,0,0.000,-0.023,0.308,0.000,-0.023,0.005,500.0,1,500.0,17.088,-7.76,0.93,0.79,0.00,62.51,0.00
17.14122,7.119,78.486,0,0.000,-0.039,0.307,0.016,-0.039,0.000,500.0,1,500.0,17.119,-6.76,1.01,0.69,0.07,46.80,5.00
17.16116,357.012,68.379,0,0.000,-0.016,0.307,0.056,-0.016,0.007,500.0,1,500.0,17.142,-5.95,1.02,0.41,0.13,31.93,9.81
17.18117,346.904,58.271,0,0.000,-0.051,0.307,0.007,-0.051,0.013,500.0,1,500.0,17.152,-5.13,1.02,0.82,0.00,79.84,0.00
17.20111,336.445,47.813,0,0.000,-0.027,0.307,0.014,-0.027,0.012,500.0,1,500.0,17.174,-5.01,0.93,0.12,-0.09,6.23,-4.54
17.22104,326.426,37.793,0,0.000,-0.068,0.307,-0.010,-0.068,0.007,500.0,1,500.0,17.193,-3.80,0.92,0.30,-0.13,25.33,-10.74
17.24097,316.318,27.686,0,0.000,-0.014,0.308,0.000,-0.014,0.001,500.0,1,500.0,17.217,-2.78,0.81,0.38,-0.17,30.50,-13.19
17.26091,306.650,18.018,0,0.000,-0.030,0.307,-0.018,-0.030,0.014,500.0,1,500.0,17.232,-2.31,0.87,0.46,0.06,33.47,4.34
17.28084,297.334,8.701,0,0.000,-0.069,0.306,-0.035,-0.069,0.004,500.0,1,500.0,17.256,-1.33,0.89,0.32,-0.06,24.82,-4.41
17.30077,288.545,-0.088,0,0.000,-0.030,0.307,-0.042,-0.030,0.014,500.0,1,500.0,17.279,-0.15,0.90,0.26,-0.08,26.42,-8.40
17.32071,279.844,-8.789,0,0.000,-0.095,0.306,-0.034,-0.095,0.009,500.0,1,500.0,17.302,0.82,0.90,0.36,0.00,27.53,0.00
17.34064,271.582,-17.051,0,0.000,-0.160,0.305,0.008,-0.160,0.017,500.0,1,500.0,17.316,1.69,0.97,0.87,0.07,61.14,4.97
17.36057,263.496,-25.137,0,0.000,-0.074,0.305,-0.009,-0.074,0.002,500.0,1,500.0,17.341,2.72,0.96,0.62,0.06,41.98,4.27
17.37084,259.541,-29.092,0,0.000,0.162,0.306,0.002,0.162,-0.002,500.0,1,500.0,17.341,2.72,0.96,0.62,0.06,41.98,4.27
17.39040,251.455,-37.178,0,0.000,0.070,0.307,0.011,0.070,0.001,500.0,1,500.0,17.366,3.82,0.96,0.75,0.00,58.14,0.00
17.40080,247.412,-41.221,0,0.000,-0.093,0.306,0.005,-0.093,0.001,500.0,1,500.0,17.378,4.54,1.09,0.72,0.12,55.11,9.30
17.42074,239.238,-49.395,0,0.000,-0.079,0.305,-0.002,-0.079,0.004,500.0,1,500.0,17.397,4.69,1.09,0.15,0.00,9.30,0.00
17.44067,231.064,-57.568,0,0.000,0.000,0.305,0.022,0.000,-0.001,500.0,1,500.0,17.417,6.02,1.00,0.44,0.00,34.22,0.00
17.46060,222.627,-66.006,0,0.000,-0.025,0.305,0.014,-0.025,0.005,500.0,1,500.0,17.442,7.10,1.02,0.65,-0.06,54.33,-5.00
17.48054,214.014,-74.619,0,0.000,-0.033,0.305,0.010,-0.033,0.011,500.0,1,500.0,17.453,7.63,1.02,0.53,0.00,44.53,0.00
17.50048,204.785,-83.848,0,0.000,-0.072,0.305,-0.010,-0.072,0.002,500.0,1,500.0,17.483,8.54,1.04,0.26,-0.09,22.00,-7.28
17.52040,195.293,-93.340,0,0.000,0.089,0.306,0.049,0.089,0.006,500.0,1,500.0,17.492,9.13,1.04,0.59,0.00,62.69,0.00
17.54034,185.449,-103.184,0,0.000,-0.080,0.305,-0.008,-0.080,0.007,500.0,1,500.0,17.516,10.13,0.97,0.44,-0.07,29.79,-4.85
17.56027,175.254,-113.379,0,0.000,0.047,0.306,0.033,0.047,-0.004,500.0,1,500.0,17.531,10.93,1.10,0.80,0.13,59.27,9.93
17.58020,164.883,-123.750,0,0.000,0.017,0.307,0.035,0.017,0.010,500.0,1,500.0,17.556,12.02,1.10,0.78,0.00,56.94,0.00
17.60015,154.600,-134.033,0,0.000,0.034,0.306,0.011,0.034,0.006,500.0,1,500.0,17.581,12.98,1.18,0.54,0.08,56.55,8.59
17.62007,144.316,-144.316,0,0.000,0.032,0.307,0.008,0.032,0.003,500.0,1,500.0,17.592,13.55,1.18,0.56,0.00,49.28,0.00
17.64000,134.473,-154.160,0,0.000,-0.023,0.307,0.014,-0.023,0.002,500.0,1,500.0,17.618,14.75,1.26,0.73,0.07,54.42,5.36
17.65994,125.068,-163.564,0,0.000,-0.008,0.308,-0.016,-0.008,0.005,500.0,1,500.0,17.630,15.21,1.26,0.46,0.00,37.70,0.00
17.67034,120.146,-168.486,0,0.000,0.005,0.308,-0.002,0.005,-0.002,500.0,1,500.0,17.642,15.73,1.26,0.52,0.00,44.15,0.00
17.69027,111.270,-177.363,0,0.000,0.000,0.308,0.016,0.000,0.013,500.0,1,500.0,17.664,16.36,1.26,0.63,0.00,29.23,0.00
17.71020,102.744,-185.889,0,0.000,-0.052,0.307,-0.031,-0.052,0.004,500.0,1,500.0,17.687,17.53,1.26,0.68,0.00,60.31,0.00
17.73014,94.658,-193.975,0,0.000,0.125,0.308,-0.009,0.125,0.000,500.0,1,500.0,17.699,17.90,1.26,0.37,0.00,32.20,0.00
17.74017,90.879,-197.754,0,0.000,0.032,0.308,0.017,0.032,0.009,500.0,1,500.0,17.718,18.73,1.32,0.83,0.06,44.29,3.34
17.76000,82.881,-205.752,0,0.000,-0.029,0.307,0.001,-0.029,0.007,500.0,1,500.0,17.739,19.65,1.27,0.36,0.00,29.01,0.00
17.77993,75.146,-213.486,0,0.000,0.072,0.308,0.022,0.072,0.013,500.0,1,500.0,17.752,20.32,1.27,0.67,0.00,54.38,0.00
17.79986,67.500,-221.133,0,0.000,-0.004,0.308,0.006,-0.004,0.002,500.0,1,500.0,17.776,21.40,1.35,0.66,0.08,58.99,6.78
17.81980,59.766,-228.867,0,0.000,0.032,0.308,0.027,0.032,0.002,500.0,1,500.0,17.798,22.65,1.43,0.86,0.21,71.47,17.38
17.83972,52.119,-236.514,0,0.000,-0.019,0.308,0.030,-0.019,-0.001,500.0,1,500.0,17.815,22.88,1.22,0.23,-0.20,19.61,-17.26
17.85966,43.945,-244.687,0,0.000,-0.005,0.309,-0.010,-0.005,-0.005,500.0,1,500.0,17.837,23.97,1.30,0.35,0.00,29.86,0.00
17.87959,35.596,-253.037,0,0.000,0.061,0.309,0.013,0.061,0.001,500.0,1,500.0,17.847,24.70,1.30,0.73,0.00,76.53,0.00
17.89952,26.807,-261.826,0,0.000,0.002,0.310,-0.017,0.002,-0.012,500.0,1,500.0,17.874,25.60,1.30,0.41,0.00,33.10,0.00
17.90992,21.973,-266.660,0,0.000,-0.062,0.309,-0.065,-0.062,0.004,500.0,1,500.0,17.885,26.20,1.30,0.60,0.00,60.06,0.00
17.92908,13.008,-275.625,0,0.000,-0.038,0.310,-0.046,-0.038,0.012,500.0,1,500.0,17.899,26.58,1.30,0.38,0.00,27.69,0.00
17.93948,8.174,-280.459,0,0.000,0.007,0.310,0.034,0.007,0.005,500.0,1,500.0,17.912,27.39,1.30,0.82,0.00,58.85,0.00
17.94988,2.725,-285.908,0,0.000,-0.081,0.309,0.007,-0.081,-0.001,500.0,1,500.0,17.929,27.66,1.30,0.27,0.00,16.87,0.00
17.96981,352.529,-296.104,0,0.000,0.025,0.309,0.020,0.025,0.004,500.0,1,500.0,17.950,28.78,1.38,0.35,0.14,34.24,13.52
17.98975,342.422,-306.211,0,0.000,-0.144,0.308,-0.017,-0.144,0.015,500.0,1,500.0,17.960,29.61,1.32,0.83,-0.06,84.96,-6.26
18.00968,332.227,-316.406,0,0.000,-0.122,0.307,-0.019,-0.122,-0.004,500.0,1,500.0,17.987,30.79,1.34,0.89,-0.09,60.95,-6.05
18.02961,322.031,-326.602,0,0.000,0.076,0.308,-0.007,0.076,-0.002,500.0,1,500.0,18.002,30.87,1.39,0.09,0.06,5.43,3.81
18.04954,312.012,-336.621,0,0.000,-0.060,0.308,-0.020,-0.060,-0.004,500.0,1,500.0,18.026,32.79,1.39,0.85,0.00,71.52,0.00
18.06948,302.607,-346.025,0,0.000,-0.078,0.308,0.004,-0.078,-0.001,500.0,1,500.0,18.036,33.13,1.39,0.33,0.00,31.62,0.00
18.08941,293.467,-355.166,0,0.000,-0.013,0.308,0.000,-0.013,-0.002,500.0,1,500.0,18.065,34.48,1.31,0.60,0.00,62.32,0.00
18.09959,289.248,-359.385,0,0.000,0.022,0.309,-0.010,0.022,0.002,500.0,1,500.0,18.065,34.48,1.31,0.60,0.00,62.32,0.00
18.11929,280.547,-368.086,0,0.000,0.064,0.309,-0.013,0.064,0.004,500.0,1,500.0,18.098,35.51,1.31,0.59,0.00,47.75,0.00
18.13922,272.109,-376.523,0,0.000,0.113,0.310,-0.023,0.113,-0.006,500.0,1,500.0,18.118,36.50,1.31,0.49,0.00,45.53,0.00
18.15915,264.111,-384.521,0,0.000,-0.013,0.310,-0.026,-0.013,-0.019,500.0,1,500.0,18.131,37.01,1.25,0.51,-0.06,44.48,-5.40
18.17909,256.113,-392.520,0,0.000,0.134,0.311,0.047,0.134,0.000,500.0,1,500.0,18.154,38.09,1.25,0.39,0.00,35.49,0.00
18.18949,251.807,-396.826,0,0.000,-0.016,0.311,0.014,-0.016,0.008,500.0,1,500.0,18.167,38.64,1.25,0.55,0.00,44.00,0.00
18.20942,243.809,-404.824,0,0.000,0.049,0.312,0.003,0.049,0.014,500.0,1,500.0,18.188,39.74,1.25,0.59,0.00,55.79,0.00
18.22935,235.811,-412.822,0,0.000,-0.013,0.314,-0.010,-0.013,0.013,500.0,1,500.0,18.200,40.10,1.25,0.36,0.00,29.39,0.00
18.24929,227.461,-421.172,0,0.000,0.001,0.314,-0.017,0.001,0.005,500.0,1,500.0,18.228,41.54,1.45,0.86,0.19,54.31,12.15
18.26922,218.848,-429.785,0,0.000,-0.023,0.314,-0.018,-0.023,0.016,500.0,1,500.0,18.250,42.61,1.45,0.67,0.00,65.30,0.00
18.28066,214.277,-434.355,0,0.000,-0.046,0.314,0.007,-0.046,0.000,500.0,1,500.0,18.250,42.61,1.45,0.67,0.00,65.30,0.00
18.29850,205.840,-442.793,0,0.000,0.071,0.313,0.023,0.071,0.019,500.0,1,500.0,18.276,43.57,1.52,0.67,0.00,66.06,0.00
18.30890,200.830,-447.803,0,0.000,-0.009,0.313,-0.019,-0.009,0.026,500.0,1,500.0,18.276,43.57,1.52,0.67,0.00,66.06,0.00
18.32883,191.162,-457.471,0,0.000,0.017,0.313,-0.032,0.017,0.007,500.0,1,500.0,18.304,44.53,1.27,0.63,-0.11,58.96,-10.46
18.34876,181.055,-467.578,0,0.000,-0.033,0.313,0.013,-0.033,0.013,500.0,1,500.0,18.327,45.60,1.27,0.44,0.07,41.58,6.35
18.35916,175.869,-472.764,0,0.000,0.056,0.314,0.019,0.056,0.008,500.0,1,500.0,18.327,45.60,1.27,0.44,0.07,41.58,6.35
18.37910,165.498,-483.135,0,0.000,0.044,0.313,0.013,0.044,0.010,500.0,1,500.0,18.354,46.67,1.27,0.60,0.00,62.40,0.00
18.39903,155.215,-493.418,0,0.000,-0.035,0.313,-0.004,-0.035,0.002,500.0,1,500.0,18.378,47.75,1.33,0.47,0.05,37.99,4.31
18.41896,145.020,-503.613,0,0.000,0.180,0.316,0.054,0.180,0.001,500.0,1,500.0,18.387,48.31,1.43,0.56,0.10,50.75,9.38
18.43890,135.088,-513.545,0,0.000,0.071,0.316,0.020,0.071,0.007,500.0,1,500.0,18.414,49.53,1.53,0.71,0.10,55.12,7.85
18.45892,125.420,-523.213,0,0.000,0.028,0.317,0.023,0.028,-0.001,500.0,1,500.0,18.436,50.55,1.53,0.72,0.00,64.26,0.00
18.47886,116.455,-532.178,0,0.000,0.026,0.317,0.019,0.026,-0.004,500.0,1,500.0,18.460,51.78,1.63,0.77,0.10,66.70,8.39
18.49878,107.578,-541.055,0,0.000,0.045,0.317,0.003,0.045,0.008,500.0,1,500.0,18.471,52.21,1.57,0.43,-0.06,34.75,-4.99
18.51872,99.316,-549.316,0,0.000,0.042,0.317,-0.028,0.042,0.006,500.0,1,500.0,18.495,53.32,1.69,0.38,0.00,29.36,0.00
18.53865,91.230,-557.402,0,0.000,0.048,0.317,-0.011,0.048,-0.002,500.0,1,500.0,18.509,53.82,1.62,0.51,-0.07,39.08,-5.12
18.55858,83.408,-565.225,0,0.000,0.033,0.318,-0.026,0.033,-0.017,500.0,1,500.0,18.536,55.04,1.62,0.59,0.00,62.28,0.00
18.57853,75.674,-572.959,0,0.000,0.029,0.318,-0.035,0.029,-0.002,500.0,1,500.0,18.560,56.18,1.69,0.68,0.00,51.08,0.00
18.59845,68.115,-580.518,0,0.000,0.117,0.320,0.019,0.117,0.005,500.0,1,500.0,18.573,56.50,1.69,0.32,0.00,24.75,0.00
18.61838,60.381,-588.252,0,0.000,0.079,0.320,-0.028,0.079,-0.010,500.0,1,500.0,18.587,56.91,1.74,0.41,0.06,31.75,4.36
18.63832,52.559,-596.074,0,0.000,0.029,0.320,0.000,0.029,0.016,500.0,1,500.0,18.611,57.62,1.68,0.71,-0.07,27.94,-2.58
18.64874,48.779,-599.854,0,0.000,-0.048,0.320,0.042,-0.048,0.029,500.0,1,500.0,18.626,57.96,1.68,0.34,0.00,24.62,0.00
18.66833,40.342,-608.291,0,0.000,0.073,0.321,0.010,0.073,0.001,500.0,1,500.0,18.646,59.07,1.61,0.39,-0.06,39.34,-6.44
18.68826,31.816,-616.816,0,0.000,-0.025,0.321,0.017,-0.025,0.000,500.0,1,500.0,18.658,59.92,1.69,0.85,0.07,69.31,6.07
18.70819,22.852,-625.781,0,0.000,-0.075,0.319,0.035,-0.075,0.014,500.0,1,500.0,18.681,60.97,1.66,0.47,0.14,38.07,11.57
18.72813,13.535,-635.098,0,0.000,-0.076,0.318,0.005,-0.076,0.005,500.0,1,500.0,18.704,62.53,1.72,1.08,0.06,93.18,5.48
18.73853,8.438,-640.195,0,0.000,0.035,0.319,-0.019,0.035,-0.017,500.0,1,500.0,18.720,63.36,1.72,0.83,0.00,59.83,0.00
18.75846,358.418,-650.215,0,0.000,-0.023,0.318,-0.015,-0.023,-0.002,500.0,1,500.0,18.732,63.85,1.72,0.49,0.00,40.05,0.00
18.77841,348.398,-660.234,0,0.000,-0.009,0.318,0.022,-0.009,0.002,500.0,1,500.0,18.759,64.67,1.87,0.37,0.15,26.22,10.53
18.79833,337.939,-670.693,0,0.000,0.083,0.318,0.039,0.083,0.016,500.0,1,500.0,18.768,65.29,1.78,0.62,-0.09,60.08,-9.01
18.81826,327.832,-680.801,0,0.000,0.007,0.319,0.017,0.007,0.014,500.0,1,500.0,18.796,66.39,1.71,0.66,0.00,50.63,0.00
18.83820,317.900,-690.732,0,0.000,-0.039,0.318,0.024,-0.039,-0.009,500.0,1,500.0,18.820,67.37,1.62,0.56,0.17,47.69,14.23
18.85813,308.057,-700.576,0,0.000,0.071,0.319,0.067,0.071,0.020,500.0,1,500.0,18.834,68.26,1.62,0.90,0.00,63.09,0.00
18.87806,298.828,-709.805,0,0.000,-0.089,0.318,-0.013,-0.089,-0.001,500.0,1,500.0,18.846,68.79,1.62,0.53,0.00,42.18,0.00
18.89800,289.600,-719.033,0,0.000,0.032,0.318,0.013,0.032,-0.009,500.0,1,500.0,18.880,70.02,1.68,0.62,0.00,48.74,0.00
18.91793,281.074,-727.559,0,0.000,0.023,0.319,-0.014,0.023,0.020,500.0,1,500.0,18.891,70.38,1.53,0.36,-0.14,30.94,-12.35
18.93786,272.637,-735.996,0,0.000,-0.012,0.319,-0.029,-0.012,0.003,500.0,1,500.0,18.913,71.49,1.52,0.50,-0.17,40.90,-14.07
18.95780,264.551,-744.082,0,0.000,-0.077,0.318,0.004,-0.077,0.008,500.0,1,500.0,18.925,72.20,1.76,0.71,0.24,57.37,19.35
18.97773,256.641,-751.992,0,0.000,0.016,0.318,0.026,0.016,0.008,500.0,1,500.0,18.949,73.10,1.84,0.51,0.07,45.79,6.57
18.98813,252.422,-756.211,0,0.000,-0.025,0.317,0.010,-0.025,0.026,500.0,1,500.0,18.961,73.72,1.92,0.61,0.08,53.57,7.21
19.00807,244.424,-764.209,0,0.000,-0.007,0.316,0.050,-0.007,0.035,500.0,1,500.0,18.986,74.86,2.03,0.63,0.05,50.58,3.90
19.01849,240.645,-767.988,0,0.000,-0.022,0.316,-0.027,-0.022,-0.015,500.0,1,500.0,18.986,74.86,2.03,0.63,0.05,50.58,3.90
19.03721,232.471,-776.162,0,0.000,0.083,0.318,-0.012,0.083,0.004,500.0,1,500.0,19.012,75.81,1.91,0.55,0.00,40.97,0.00
19.04761,228.252,-780.381,0,0.000,0.040,0.318,0.003,0.040,0.017,500.0,1,500.0,19.025,76.29,2.01,0.48,0.10,39.88,8.32
19.05801,223.682,-784.951,0,0.000,-0.076,0.317,-0.037,-0.076,-0.003,500.0,1,500.0,19.037,76.91,2.01,0.62,0.00,48.03,0.00
19.07794,215.156,-793.477,0,0.000,-0.137,0.316,0.024,-0.137,-0.008,500.0,1,500.0,19.047,77.32,2.13,0.41,0.12,34.83,10.17
19.09788,206.016,-802.617,0,0.000,-0.104,0.314,0.010,-0.104,0.019,500.0,1,500.0,19.070,78.00,2.13,0.68,0.00,33.91,0.00
19.11781,196.523,-812.109,0,0.000,-0.078,0.313,0.029,-0.078,0.033,500.0,1,500.0,19.091,79.03,2.09,0.68,0.09,54.88,7.56
19.13774,186.680,-821.953,0,0.000,-0.042,0.312,0.010,-0.042,0.022,500.0,1,500.0,19.112,79.69,2.09,0.67,0.00,34.32,0.00
19.15767,176.660,-831.973,0,0.000,0.049,0.314,0.001,0.049,-0.018,500.0,1,500.0,19.133,80.64,2.17,0.54,0.08,45.23,6.68
19.17762,166.377,-842.256,0,0.000,-0.087,0.313,-0.003,-0.087,0.002,500.0,1,500.0,19.157,81.69,2.17,0.90,0.00,77.49,0.00
19.18772,161.543,-847.090,0,0.000,-0.022,0.313,0.040,-0.022,0.025,500.0,1,500.0,19.169,82.25,2.17,0.56,0.00,44.63,0.00
19.20740,150.908,-857.725,0,0.000,0.119,0.313,-0.004,0.119,0.010,500.0,1,500.0,19.180,82.78,2.17,0.53,0.00,42.79,0.00
19.22734,142.207,-866.426,0,0.000,0.016,0.314,0.019,0.016,0.036,0.0,1,0.0,19.204,83.86,2.37,0.57,0.09,44.99,7.21
19.24728,142.383,-866.250,0,0.000,-0.450,0.304,-0.020,-0.450,0.025,0.0,1,0.0,19.228,85.02,2.37,0.70,0.00,61.31,0.00
19.26720,142.383,-866.250,0,0.000,-0.224,0.298,-0.027,-0.224,0.012,0.0,1,0.0,19.238,85.48,2.52,0.46,0.14,38.35,11.87
19.27760,142.383,-866.250,0,0.000,-0.206,0.296,0.046,-0.206,-0.005,0.0,1,0.0,19.253,86.08,2.43,0.60,-0.08,49.92,-6.67
19.29754,142.295,-866.338,0,0.000,-0.115,0.293,0.037,-0.115,-0.001,0.0,1,0.0,19.269,86.54,2.38,0.46,-0.06,26.52,-3.32
19.31747,142.207,-866.426,0,0.000,-0.057,0.292,0.017,-0.057,0.001,0.0,1,0.0,19.288,87.21,2.47,0.18,0.10,14.32,7.87
19.33740,142.383,-866.250,0,0.000,-0.007,0.292,0.020,-0.007,0.005,0.0,1,0.0,19.315,87.06,2.41,0.00,0.10,0.00,8.97
19.35734,142.295,-866.338,0,0.000,0.026,0.293,0.018,0.026,0.008,0.0,1,0.0,19.328,87.14,2.55,0.08,0.14,6.67,11.63
19.37736,142.295,-866.338,0,0.000,0.042,0.293,0.018,0.042,0.010,0.0,1,0.0,19.352,87.14,2.59,0.00,0.05,0.00,3.75
19.39729,142.295,-866.338,0,0.000,0.045,0.294,0.023,0.045,0.004,0.0,1,0.0,19.367,87.14,2.59,0.00,0.00,0.00,0.00
19.41722,142.383,-866.250,0,0.000,0.035,0.295,0.025,0.035,0.001,0.0,1,0.0,19.391,87.14,2.59,0.00,0.00,0.00,0.00
19.43717,142.295,-866.338,0,0.000,0.024,0.295,0.022,0.024,0.009,0.0,1,0.0,19.418,87.14,2.59,0.00,0.00,0.00,0.00
19.45709,142.295,-866.338,0,0.000,0.020,0.296,0.007,0.020,0.008,0.0,1,0.0,19.429,87.14,2.59,0.00,0.00,0.00,0.00
19.47702,142.383,-866.250,0,0.000,0.021,0.296,-0.007,0.021,0.003,0.0,1,0.0,19.452,87.14,2.59,0.00,0.00,0.00,0.00
19.49697,142.383,-866.250,0,0.000,0.028,0.297,-0.009,0.028,-0.002,0.0,1,0.0,19.478,87.14,2.59,0.00,0.00,0.00,0.00
19.51689,142.383,-866.250,0,0.000,0.033,0.297,-0.001,0.033,0.008,0.0,1,0.0,19.488,87.14,2.59,0.00,0.00,0.00,0.00
19.53684,142.383,-866.250,0,0.000,0.035,0.298,0.004,0.035,0.010,0.0,1,0.0,19.516,87.14,2.59,0.00,0.00,0.00,0.00
19.55676,142.295,-866.338,0,0.000,0.035,0.299,0.017,0.035,0.000,0.0,1,0.0,19.530,87.14,2.59,0.00,0.00,0.00,0.00
19.56702,142.295,-866.338,0,0.000,0.034,0.299,0.022,0.034,0.000,0.0,1,0.0,19.540,87.14,2.59,0.00,0.00,0.00,0.00
19.57703,142.383,-866.250,0,0.000,0.033,0.300,0.022,0.033,0.000,0.0,1,0.0,19.555,87.14,2.59,0.00,0.00,0.00,0.00
19.59696,142.383,-866.250,0,0.000,0.036,0.300,0.015,0.036,0.003,0.0,1,0.0,19.571,87.14,2.59,0.00,0.00,0.00,0.00
19.61690,142.295,-866.338,0,0.000,0.037,0.301,0.004,0.037,0.001,0.0,1,0.0,19.588,87.14,2.59,0.00,0.00,0.00,0.00
19.63683,142.383,-866.250,0,0.000,0.034,0.302,-0.005,0.034,0.000,0.0,1,0.0,19.611,87.14,2.59,0.00,0.00,0.00,0.00
19.65676,142.295,-866.338,0,0.000,0.032,0.302,-0.005,0.032,0.000,0.0,1,0.0,19.629,87.14,2.59,0.00,0.00,0.00,0.00
19.67669,142.295,-866.338,0,0.000,0.032,0.303,-0.002,0.032,-0.001,0.0,1,0.0,19.652,87.14,2.59,0.00,0.00,0.00,0.00
19.69663,142.383,-866.250,0,0.000,0.029,0.304,0.004,0.029,-0.001,0.0,1,0.0,19.664,87.14,2.59,0.00,0.00,0.00,0.00
19.71656,142.383,-866.250,0,0.000,0.028,0.304,0.007,0.028,0.002,0.0,1,0.0,19.690,87.14,2.59,0.00,0.00,0.00,0.00
19.73649,142.383,-866.250,0,0.000,0.028,0.305,0.008,0.028,0.001,0.0,1,0.0,19.715,87.14,2.59,0.00,0.00,0.00,0.00
19.75652,142.471,-866.162,0,0.000,0.031,0.305,0.007,0.031,0.000,0.0,1,0.0,19.727,87.14,2.59,0.00,0.00,0.00,0.00
19.77645,142.383,-866.250,0,0.000,0.034,0.306,0.000,0.034,0.002,0.0,1,0.0,19.752,87.14,2.59,0.00,0.00,0.00,0.00
19.79638,142.295,-866.338,0,0.000,0.035,0.307,0.000,0.035,0.007,0.0,1,0.0,19.765,87.14,2.59,0.00,0.00,0.00,0.00
19.81631,142.383,-866.250,0,0.000,0.026,0.307,0.005,0.026,0.000,0.0,1,0.0,19.791,87.14,2.59,0.00,0.00,0.00,0.00
19.83625,142.471,-866.162,0,0.000,0.020,0.308,0.008,0.020,-0.003,0.0,1,0.0,19.814,87.14,2.59,0.00,0.00,0.00,0.00
19.85618,142.383,-866.250,0,0.000,0.019,0.308,0.005,0.019,0.000,0.0,1,0.0,19.826,87.14,2.59,0.00,0.00,0.00,0.00
19.86658,142.383,-866.250,0,0.000,0.020,0.308,0.011,0.020,0.004,0.0,1,0.0,19.843,87.14,2.59,0.00,0.00,0.00,0.00
19.88652,142.383,-866.250,0,0.000,0.028,0.309,0.008,0.028,0.001,0.0,1,0.0,19.855,87.14,2.59,0.00,0.00,0.00,0.00
19.90645,142.383,-866.250,0,0.000,0.034,0.309,0.009,0.034,0.001,0.0,1,0.0,19.880,87.14,2.59,0.00,0.00,0.00,0.00
19.92638,142.383,-866.250,0,0.000,0.039,0.310,0.006,0.039,0.000,0.0,1,0.0,19.903,87.14,2.59,0.00,0.00,0.00,0.00
19.93640,142.383,-866.250,0,0.000,0.038,0.310,0.006,0.038,0.000,0.0,1,0.0,19.914,87.14,2.59,0.00,0.00,0.00,0.00
19.95621,142.295,-866.338,0,0.000,0.035,0.311,0.005,0.035,0.001,0.0,1,0.0,19.934,87.14,2.59,0.00,0.00,0.00,0.00
19.97614,142.295,-866.338,0,0.000,0.028,0.312,0.009,0.028,0.007,0.0,1,0.0,19.954,87.14,2.59,0.00,0.00,0.00,0.00
19.99608,142.295,-866.338,0,0.000,0.023,0.312,0.007,0.023,0.007,0.0,1,0.0,19.978,87.14,2.59,0.00,0.00,0.00,0.00
20.01601,142.383,-866.250,0,0.000,0.023,0.313,0.007,0.023,-0.001,0.0,1,0.0,19.992,87.14,2.59,0.00,0.00,0.00,0.00
20.03594,142.295,-866.338,0,0.000,0.025,0.313,0.003,0.025,0.000,0.0,1,0.0,20.015,87.14,2.59,0.00,0.00,0.00,0.00
20.05588,142.295,-866.338,0,0.000,0.028,0.314,0.004,0.028,0.001,0.0,1,0.0,20.036,87.14,2.59,0.00,0.00,0.00,0.00
20.07581,142.295,-866.338,0,0.000,0.032,0.314,0.006,0.032,0.000,0.0,1,0.0,20.048,87.14,2.59,0.00,0.00,0.00,0.00
20.08621,142.383,-866.250,0,0.000,0.034,0.315,0.007,0.034,-0.002,0.0,1,0.0,20.057,87.14,2.59,0.00,0.00,0.00,0.00
20.10614,142.295,-866.338,0,0.000,0.032,0.315,0.006,0.032,0.000,0.0,1,0.0,20.080,87.14,2.59,0.00,0.00,0.00,0.00
20.12617,142.295,-866.338,0,0.000,0.031,0.316,0.010,0.031,0.002,0.0,1,0.0,20.107,87.14,2.59,0.00,0.00,0.00,0.00
20.14610,142.383,-866.250,0,0.000,0.029,0.316,0.012,0.029,-0.001,0.0,1,0.0,20.122,87.14,2.59,0.00,0.00,0.00,0.00
20.16603,142.383,-866.250,0,0.000,0.026,0.317,0.008,0.026,0.000,0.0,1,0.0,20.144,87.14,2.59,0.00,0.00,0.00,0.00
20.18596,142.383,-866.250,0,0.000,0.025,0.318,0.008,0.025,-0.002,0.0,1,0.0,20.160,87.14,2.59,0.00,0.00,0.00,0.00
20.20590,142.383,-866.250,0,0.000,0.026,0.318,0.005,0.026,0.004,0.0,1,0.0,20.184,87.14,2.59,0.00,0.00,0.00,0.00
20.22583,142.646,-865.986,0,0.000,0.032,0.319,0.006,0.032,0.005,500.0,-1,-500.0,20.199,87.14,2.59,0.00,0.00,0.00,0.00
20.24577,153.018,-855.615,0,0.000,-0.467,0.308,0.036,-0.467,0.003,500.0,-1,-500.0,20.222,87.14,2.59,0.00,0.00,0.00,0.00
20.26570,163.564,-845.068,0,0.000,-0.229,0.301,0.009,-0.229,0.007,500.0,-1,-500.0,20.241,87.14,2.59,0.00,0.00,0.00,0.00
20.28563,173.936,-834.697,0,0.000,-0.041,0.299,-0.010,-0.041,0.015,500.0,-1,-500.0,20.264,87.14,2.59,0.00,0.00,0.00,0.00
20.30556,184.131,-824.502,0,0.000,-0.083,0.297,-0.003,-0.083,0.040,500.0,-1,-500.0,20.277,86.42,2.48,-0.72,-0.12,-57.74,-9.35
20.31585,188.965,-819.668,0,0.000,-0.083,0.296,0.027,-0.083,0.015,500.0,-1,-500.0,20.290,86.08,2.60,-0.34,0.12,-23.89,8.26
20.33540,198.809,-809.824,0,0.000,0.040,0.296,0.032,0.040,0.035,500.0,-1,-500.0,20.314,84.86,2.37,-0.74,-0.16,-63.98,-14.10
20.34580,203.818,-804.814,0,0.000,0.052,0.297,0.013,0.052,0.037,500.0,-1,-500.0,20.323,84.25,2.58,-0.60,0.20,-51.35,17.09
20.36574,213.135,-795.498,0,0.000,-0.045,0.296,0.060,-0.045,0.035,500.0,-1,-500.0,20.335,83.83,2.58,-0.42,0.00,-34.43,0.00
20.38567,222.012,-786.621,0,0.000,0.014,0.297,0.078,0.014,0.050,500.0,-1,-500.0,20.363,82.69,2.53,-0.52,0.00,-36.93,0.00
20.40562,230.361,-778.271,0,0.000,0.054,0.297,0.100,0.054,0.017,500.0,-1,-500.0,20.386,81.57,2.64,-0.56,0.12,-45.74,9.50
20.42554,238.623,-770.010,0,0.000,-0.067,0.297,0.071,-0.067,0.020,500.0,-1,-500.0,20.399,81.14,2.45,-0.42,-0.19,-36.05,-16.48
20.44547,246.709,-761.924,0,0.000,-0.008,0.297,0.065,-0.008,0.024,500.0,-1,-500.0,20.423,80.18,2.61,-0.49,0.09,-41.15,7.32
20.46541,254.707,-753.926,0,0.000,0.136,0.298,0.015,0.136,-0.017,500.0,-1,-500.0,20.435,79.61,2.45,-0.57,-0.16,-48.99,-13.66
20.48534,262.617,-746.016,0,0.000,0.042,0.299,-0.052,0.042,-0.022,500.0,-1,-500.0,20.457,78.44,2.52,-0.60,0.00,-47.93,0.00
20.49593,266.484,-742.148,0,0.000,0.106,0.300,-0.076,0.106,-0.015,500.0,-1,-500.0,20.471,77.94,2.39,-0.51,-0.13,-41.15,-10.53
20.51473,274.482,-734.150,0,0.000,0.113,0.302,-0.060,0.113,-0.023,500.0,-1,-500.0,20.490,76.96,2.35,-0.36,-0.09,-27.81,-6.97
20.52512,278.965,-729.668,0,0.000,0.057,0.303,0.005,0.057,-0.020,500.0,-1,-500.0,20.490,76.96,2.35,-0.36,-0.09,-27.81,-6.97
20.54505,287.490,-721.143,0,0.000,-0.006,0.303,0.032,-0.006,-0.019,500.0,-1,-500.0,20.522,75.72,2.35,-0.47,0.00,-47.67,0.00
20.55545,291.885,-716.748,0,0.000,0.034,0.303,0.018,0.034,0.001,500.0,-1,-500.0,20.534,75.17,2.35,-0.55,0.00,-42.67,0.00
20.57538,300.937,-707.695,0,0.000,-0.004,0.304,-0.001,-0.004,-0.010,500.0,-1,-500.0,20.545,74.69,2.49,-0.48,0.15,-45.49,13.76
20.59532,310.430,-698.203,0,0.000,0.082,0.305,0.002,0.082,0.006,500.0,-1,-500.0,20.573,74.10,2.49,-0.59,0.00,-21.41,0.00
20.61525,320.273,-688.359,0,0.000,0.016,0.306,-0.017,0.016,0.024,500.0,-1,-500.0,20.585,73.42,2.49,-0.68,0.00,-51.58,0.00
20.63518,330.117,-678.516,0,0.000,0.017,0.307,-0.010,0.017,0.035,500.0,-1,-500.0,20.615,72.54,2.49,-0.53,0.00,-29.51,0.00
20.65512,340.752,-667.881,0,0.000,-0.008,0.308,-0.014,-0.008,0.009,500.0,-1,-500.0,20.638,71.62,2.55,-0.35,0.05,-26.52,3.96
20.67514,351.035,-657.598,0,0.000,-0.078,0.307,-0.031,-0.078,0.001,500.0,-1,-500.0,20.650,70.74,2.41,-0.88,-0.14,-79.76,-12.23
20.69507,1.055,-647.578,0,0.000,0.096,0.309,-0.019,0.096,0.019,500.0,-1,-500.0,20.672,69.69,2.49,-0.69,0.00,-74.21,0.00
20.71500,10.986,-637.646,0,0.000,0.077,0.311,0.010,0.077,0.002,500.0,-1,-500.0,20.695,68.76,2.48,-0.57,0.07,-60.21,7.74
20.73495,20.479,-628.154,0,0.000,0.086,0.312,0.019,0.086,0.002,500.0,-1,-500.0,20.715,67.29,2.37,-0.85,-0.17,-88.34,-17.82
20.75487,29.707,-618.926,0,0.000,-0.023,0.312,-0.007,-0.023,-0.014,500.0,-1,-500.0,20.727,67.22,2.53,-0.07,0.16,-5.95,14.05
20.77480,38.232,-610.400,0,0.000,-0.086,0.313,-0.013,-0.086,-0.003,500.0,-1,-500.0,20.751,66.17,2.49,-0.35,0.12,-27.97,9.16
20.79474,46.494,-602.139,0,0.000,0.048,0.314,0.005,0.048,0.023,500.0,-1,-500.0,20.762,65.34,2.49,-0.82,0.00,-65.14,0.00
20.81467,54.404,-594.229,0,0.000,0.007,0.315,0.014,0.007,0.010,500.0,-1,-500.0,20.790,64.39,2.41,-0.56,-0.08,-53.17,-7.79
20.83460,62.314,-586.318,0,0.000,-0.001,0.316,0.046,-0.001,0.018,500.0,-1,-500.0,20.810,63.31,2.33,-0.56,-0.17,-51.18,-15.14
20.85454,69.873,-578.760,0,0.000,-0.019,0.316,0.025,-0.019,0.009,500.0,-1,-500.0,20.821,62.81,2.43,-0.49,0.10,-42.34,8.60
20.86599,74.092,-574.541,0,0.000,0.087,0.317,0.002,0.087,0.004,500.0,-1,-500.0,20.839,62.31,2.31,-0.51,-0.12,-30.79,-7.36
20.88472,81.563,-567.070,0,0.000,0.052,0.317,0.028,0.052,-0.007,500.0,-1,-500.0,20.860,61.23,2.31,-0.55,0.00,-49.74,0.00
20.90466,89.297,-559.336,0,0.000,0.075,0.318,0.004,0.075,0.020,500.0,-1,-500.0,20.883,59.96,2.32,-0.67,-0.11,-58.77,-9.92
20.92459,97.207,-551.426,0,0.000,0.096,0.319,0.018,0.096,0.025,500.0,-1,-500.0,20.895,59.50,2.40,-0.46,0.08,-40.33,7.07
20.94452,105.469,-543.164,0,0.000,-0.019,0.319,0.011,-0.019,0.011,500.0,-1,-500.0,20.927,58.32,2.30,-0.63,0.00,-48.84,0.00
20.96446,114.082,-534.551,0,0.000,0.040,0.319,0.014,0.040,0.003,500.0,-1,-500.0,20.938,57.88,2.39,-0.45,0.09,-40.28,8.47
20.98439,123.223,-525.410,0,0.000,0.065,0.320,0.010,0.065,0.002,500.0,-1,-500.0,20.954,57.12,2.29,-0.75,-0.10,-46.61,-6.04
21.00432,132.451,-516.182,0,0.000,0.037,0.321,0.043,0.037,0.009,500.0,-1,-500.0,20.979,56.25,2.39,-0.59,0.00,-62.90,0.00
21.02426,142.383,-506.250,0,0.000,0.018,0.321,0.017,0.018,0.014,500.0,-1,-500.0,21.003,55.21,2.39,-0.59,-0.08,-46.82,-6.22
21.04419,152.578,-496.055,0,0.000,0.050,0.321,-0.016,0.050,-0.001,500.0,-1,-500.0,21.019,54.60,2.39,-0.61,0.00,-37.69,0.00
21.05459,157.852,-490.781,0,0.000,0.072,0.322,-0.021,0.072,0.010,500.0,-1,-500.0,21.028,54.09,2.34,-0.51,-0.05,-55.63,-5.64
21.07452,168.223,-480.410,0,0.000,-0.002,0.323,0.001,-0.002,-0.003,500.0,-1,-500.0,21.055,53.09,2.34,-0.51,0.00,-41.24,0.00
21.09446,178.506,-470.127,0,0.000,0.014,0.324,0.016,0.014,0.003,500.0,-1,-500.0,21.071,52.39,2.26,-0.69,-0.08,-40.50,-4.90
21.11439,188.525,-460.107,0,0.000,0.083,0.325,0.005,0.083,0.019,500.0,-1,-500.0,21.093,51.26,2.23,-0.38,0.05,-32.51,4.65
21.13432,198.545,-450.088,0,0.000,-0.025,0.325,-0.013,-0.025,-0.001,500.0,-1,-500.0,21.105,50.63,2.23,-0.63,0.00,-50.74,0.00
21.15426,207.949,-440.684,0,0.000,0.000,0.325,0.020,0.000,-0.002,500.0,-1,-500.0,21.131,49.70,2.25,-0.50,-0.06,-38.22,-4.71
21.17419,216.738,-431.895,0,0.000,0.003,0.326,0.013,0.003,-0.010,500.0,-1,-500.0,21.142,49.18,2.25,-0.52,0.00,-50.57,0.00
21.19412,225.439,-423.193,0,0.000,-0.002,0.326,0.001,-0.002,0.004,500.0,-1,-500.0,21.168,48.18,2.25,-0.46,0.00,-46.58,0.00
21.21406,233.965,-414.668,0,0.000,-0.001,0.326,0.026,-0.001,0.010,500.0,-1,-500.0,21.192,47.00,2.19,-0.51,0.00,-43.76,0.00
21.23399,241.963,-406.670,0,0.000,0.072,0.327,-0.017,0.072,0.016,500.0,-1,-500.0,21.203,46.48,2.19,-0.52,0.00,-45.14,0.00
21.24441,245.830,-402.803,0,0.000,0.019,0.327,-0.005,0.019,-0.001,500.0,-1,-500.0,21.224,45.78,2.04,-0.70,-0.15,-35.69,-7.79
21.26399,254.004,-394.629,0,0.000,0.114,0.328,0.011,0.114,0.004,500.0,-1,-500.0,21.234,45.43,2.17,-0.35,0.14,-30.60,11.90
21.28392,262.002,-386.631,0,0.000,-0.117,0.327,-0.021,-0.117,-0.011,500.0,-1,-500.0,21.259,44.22,2.11,-0.58,0.00,-46.54,0.00
21.30385,270.088,-378.545,0,0.000,0.010,0.328,0.034,0.010,0.001,500.0,-1,-500.0,21.283,42.96,1.96,-0.69,-0.15,-58.54,-12.53
21.32380,278.350,-370.283,0,0.000,-0.053,0.326,-0.017,-0.053,-0.013,500.0,-1,-500.0,21.305,42.55,1.96,-0.41,0.00,-18.05,0.00
21.34372,286.787,-361.846,0,0.000,-0.005,0.326,-0.040,-0.005,0.007,500.0,-1,-500.0,21.315,42.10,1.96,-0.46,0.00,-45.03,0.00
21.36365,295.752,-352.881,0,0.000,0.074,0.327,0.005,0.074,0.015,500.0,-1,-500.0,21.341,41.04,1.87,-0.43,0.00,-33.41,0.00
21.37405,300.586,-348.047,0,0.000,-0.028,0.327,0.025,-0.028,0.004,500.0,-1,-500.0,21.352,40.42,1.87,-0.62,0.00,-53.33,0.00
21.39399,309.814,-338.818,0,0.000,0.040,0.328,0.053,0.040,0.013,500.0,-1,-500.0,21.363,39.72,1.87,-0.70,0.00,-60.74,0.00
21.41392,319.746,-328.887,0,0.000,-0.043,0.328,0.000,-0.043,-0.007,500.0,-1,-500.0,21.389,38.82,1.68,-0.47,-0.06,-36.81,-5.05
21.43334,329.502,-319.131,0,0.000,0.014,0.329,0.022,0.014,0.003,500.0,-1,-500.0,21.415,37.71,1.76,-0.57,0.08,-42.28,6.01
21.44373,334.775,-313.857,0,0.000,0.022,0.329,0.004,0.022,0.008,500.0,-1,-500.0,21.415,37.71,1.76,-0.57,0.08,-42.28,6.01
21.46367,345.059,-303.574,0,0.000,0.021,0.329,-0.009,0.021,-0.007,500.0,-1,-500.0,21.440,36.70,1.65,-0.54,0.00,-43.56,0.00
21.48360,355.254,-293.379,0,0.000,-0.037,0.329,0.016,-0.037,-0.003,500.0,-1,-500.0,21.454,36.11,1.72,-0.59,0.07,-50.29,6.14
21.50353,5.361,-283.271,0,0.000,0.047,0.329,-0.013,0.047,-0.003,500.0,-1,-500.0,21.477,35.06,1.62,-0.51,0.00,-41.99,0.00
21.52347,15.117,-273.516,0,0.000,0.201,0.331,-0.013,0.201,0.005,500.0,-1,-500.0,21.495,34.50,1.68,-0.56,0.05,-29.63,2.69
21.54340,24.346,-264.287,0,0.000,-0.040,0.331,-0.023,-0.040,-0.004,500.0,-1,-500.0,21.519,33.45,1.68,-0.42,0.00,-33.05,0.00
21.55380,29.180,-259.453,0,0.000,0.101,0.333,0.042,0.101,0.002,500.0,-1,-500.0,21.519,33.45,1.68,-0.42,0.00,-33.05,0.00
21.57373,37.881,-250.752,0,0.000,0.069,0.334,0.007,0.069,-0.007,500.0,-1,-500.0,21.550,32.19,1.68,-0.43,0.00,-40.19,0.00
21.59367,45.967,-242.666,0,0.000,0.051,0.335,0.032,0.051,0.000,500.0,-1,-500.0,21.569,31.68,1.68,-0.51,0.00,-26.55,0.00
21.61282,53.789,-234.844,0,0.000,0.115,0.336,0.068,0.115,0.009,500.0,-1,-500.0,21.589,30.59,1.54,-0.60,0.00,-49.88,0.00
21.62322,57.920,-230.713,0,0.000,-0.017,0.336,0.010,-0.017,0.002,0.0,1,0.0,21.589,30.59,1.54,-0.60,0.00,-49.88,0.00
21.63362,58.271,-230.361,0,0.000,0.603,0.342,0.056,0.603,-0.001,0.0,1,0.0,21.610,30.00,1.63,-0.59,0.09,-30.34,4.57
21.65355,58.271,-230.361,0,0.000,0.238,0.350,0.003,0.238,0.012,0.0,1,0.0,21.629,28.92,1.53,-0.50,0.00,-51.05,0.00
21.67349,58.271,-230.361,0,0.000,0.241,0.355,-0.023,0.241,-0.010,0.0,1,0.0,21.648,28.31,1.46,-0.60,-0.07,-32.41,-3.93
21.69342,58.359,-230.273,0,0.000,0.189,0.359,-0.014,0.189,0.002,0.0,1,0.0,21.672,27.37,1.57,-0.39,0.05,-28.41,4.00
21.71335,58.359,-230.273,0,0.000,0.097,0.361,0.017,0.097,0.001,0.0,1,0.0,21.682,26.81,1.57,-0.55,0.00,-55.43,0.00
21.73329,58.271,-230.361,0,0.000,0.026,0.362,0.022,0.026,0.005,0.0,1,0.0,21.704,26.90,1.63,0.88,0.27,77.92,23.62
21.75322,58.359,-230.273,0,0.000,0.014,0.362,0.010,0.014,0.002,0.0,1,0.0,21.725,26.32,1.27,-0.58,-0.36,-30.49,-18.53
21.77315,58.271,-230.361,0,0.000,0.014,0.362,-0.002,0.014,0.005,0.0,1,0.0,21.747,26.36,1.52,-0.40,-0.13,-35.83,-11.80
21.78326,58.359,-230.273,0,0.000,-0.011,0.362,-0.002,-0.011,0.001,0.0,1,0.0,21.759,26.53,1.59,0.17,0.07,14.48,6.16
21.80295,58.271,-230.361,0,0.000,0.011,0.362,-0.020,0.011,0.007,0.0,1,0.0,21.773,26.31,1.59,-0.23,0.00,-16.24,0.00
21.82288,58.271,-230.361,0,0.000,0.022,0.363,-0.025,0.022,0.002,0.0,1,0.0,21.796,26.37,1.50,-0.17,-0.15,-14.16,-12.35
21.83328,58.359,-230.273,0,0.000,0.010,0.363,0.000,0.010,0.001,0.0,1,0.0,21.812,26.37,1.57,0.00,0.07,0.00,4.83
21.85322,58.359,-230.273,0,0.000,0.025,0.363,0.007,0.025,0.001,0.0,1,0.0,21.824,26.32,1.52,-0.05,-0.05,-4.36,-4.00
21.87315,58.447,-230.186,0,0.000,0.022,0.364,0.021,0.022,-0.003,0.0,1,0.0,21.838,26.32,1.52,0.00,0.00,0.00,0.00
21.89308,58.359,-230.273,0,0.000,0.010,0.364,0.022,0.010,0.000,0.0,1,0.0,21.871,26.32,1.57,0.00,0.05,0.00,3.35
21.91302,58.359,-230.273,0,0.000,0.007,0.364,0.016,0.007,0.000,0.0,1,0.0,21.895,26.32,1.57,0.00,0.00,0.00,0.00
21.93295,58.359,-230.273,0,0.000,0.006,0.364,0.003,0.006,0.005,0.0,1,0.0,21.907,26.32,1.57,0.00,0.00,0.00,0.00
21.95290,58.359,-230.273,0,0.000,0.008,0.364,-0.010,0.008,0.004,0.0,1,0.0,21.932,26.32,1.57,0.00,0.00,0.00,0.00
21.97282,58.271,-230.361,0,0.000,0.008,0.364,-0.016,0.008,0.007,0.0,1,0.0,21.946,26.32,1.57,0.00,0.00,0.00,0.00
21.99275,58.359,-230.273,0,0.000,0.008,0.365,-0.007,0.008,0.003,0.0,1,0.0,21.970,26.37,1.57,0.00,0.00,0.00,0.00
22.01270,58.271,-230.361,0,0.000,0.007,0.365,0.005,0.007,-0.001,0.0,1,0.0,21.992,26.37,1.57,0.00,0.00,0.00,0.00
22.03262,58.359,-230.273,0,0.000,0.007,0.365,0.013,0.007,0.000,0.0,1,0.0,22.005,26.37,1.57,0.00,0.00,0.00,0.00
22.05255,58.359,-230.273,0,0.000,0.009,0.365,0.019,0.009,0.001,0.0,1,0.0,22.035,26.37,1.57,0.00,0.00,0.00,0.00
22.07248,58.359,-230.273,0,0.000,0.014,0.365,0.013,0.014,0.000,0.0,1,0.0,22.045,26.37,1.57,0.00,0.00,0.00,0.00
22.09242,58.447,-230.186,0,0.000,0.019,0.366,0.005,0.019,0.001,0.0,1,0.0,22.068,26.37,1.57,0.00,0.00,0.00,0.00
22.10282,58.271,-230.361,0,0.000,0.015,0.366,0.004,0.015,0.000,0.0,1,0.0,22.080,26.37,1.57,0.00,0.00,0.00,0.00
22.12275,58.359,-230.273,0,0.000,0.013,0.366,0.000,0.013,0.002,0.0,1,0.0,22.094,26.37,1.57,0.00,0.00,0.00,0.00
22.14268,58.359,-230.273,0,0.000,0.005,0.366,0.000,0.005,0.001,0.0,1,0.0,22.119,26.37,1.57,0.00,0.00,0.00,0.00
22.16210,58.359,-230.273,0,0.000,0.001,0.366,0.007,0.001,0.005,0.0,1,0.0,22.141,26.37,1.57,0.00,0.00,0.00,0.00
22.17250,58.271,-230.361,0,0.000,0.000,0.366,0.007,0.000,0.001,0.0,1,0.0,22.152,26.37,1.57,0.00,0.00,0.00,0.00
22.19243,58.359,-230.273,0,0.000,0.001,0.366,0.008,0.001,0.004,0.0,1,0.0,22.164,26.37,1.57,0.00,0.00,0.00,0.00
22.21236,58.271,-230.361,0,0.000,0.008,0.366,0.007,0.008,0.004,0.0,1,0.0,22.191,26.37,1.57,0.00,0.00,0.00,0.00
22.23230,58.271,-230.361,0,0.000,0.014,0.367,0.002,0.014,0.006,0.0,1,0.0,22.210,26.37,1.57,0.00,0.00,0.00,0.00
22.25224,58.359,-230.273,0,0.000,0.020,0.367,-0.001,0.020,0.008,0.0,1,0.0,22.232,26.37,1.57,0.00,0.00,0.00,0.00
22.27216,58.359,-230.273,0,0.000,0.017,0.367,-0.002,0.017,0.018,0.0,1,0.0,22.242,26.37,1.57,0.00,0.00,0.00,0.00
22.29210,58.359,-230.273,0,0.000,0.005,0.367,0.002,0.005,0.011,0.0,1,0.0,22.266,26.37,1.57,0.00,0.00,0.00,0.00
22.31203,58.359,-230.273,0,0.000,0.000,0.368,0.003,0.000,0.007,0.0,1,0.0,22.289,26.37,1.57,0.00,0.00,0.00,0.00
22.32243,58.359,-230.273,0,0.000,-0.001,0.368,0.002,-0.001,0.005,0.0,1,0.0,22.289,26.37,1.57,0.00,0.00,0.00,0.00
22.34158,58.359,-230.273,0,0.000,0.004,0.368,0.003,0.004,0.005,0.0,1,0.0,22.316,26.37,1.57,0.00,0.00,0.00,0.00
22.35198,58.359,-230.273,0,0.000,0.005,0.368,0.003,0.005,0.001,0.0,1,0.0,22.331,26.37,1.57,0.00,0.00,0.00,0.00
22.36238,58.271,-230.361,0,0.000,0.008,0.368,0.001,0.008,0.003,0.0,1,0.0,22.341,26.37,1.57,0.00,0.00,0.00,0.00
22.38232,58.359,-230.273,0,0.000,0.015,0.368,0.000,0.015,0.007,0.0,1,0.0,22.354,26.37,1.57,0.00,0.00,0.00,0.00
22.40225,58.271,-230.361,0,0.000,0.018,0.368,0.002,0.018,0.004,0.0,1,0.0,22.379,26.37,1.57,0.00,0.00,0.00,0.00
22.42218,58.271,-230.361,0,0.000,0.017,0.369,0.006,0.017,0.004,0.0,1,0.0,22.391,26.37,1.57,0.00,0.00,0.00,0.00
22.44212,58.271,-230.361,0,0.000,0.010,0.369,0.009,0.010,0.007,0.0,1,0.0,22.415,26.37,1.57,0.00,0.00,0.00,0.00
22.46205,58.359,-230.273,0,0.000,0.004,0.369,0.010,0.004,0.004,0.0,1,0.0,22.440,26.37,1.57,0.00,0.00,0.00,0.00
22.48198,58.359,-230.273,0,0.000,0.007,0.369,0.011,0.007,0.004,0.0,1,0.0,22.452,26.37,1.57,0.00,0.00,0.00,0.00
22.50192,58.271,-230.361,0,0.000,0.011,0.369,0.005,0.011,0.009,0.0,1,0.0,22.478,26.37,1.57,0.00,0.00,0.00,0.00
22.51205,58.359,-230.273,0,0.000,0.013,0.369,0.001,0.013,0.007,0.0,1,0.0,22.490,26.37,1.57,0.00,0.00,0.00,0.00
22.53173,58.271,-230.361,0,0.000,0.019,0.370,0.005,0.019,0.008,0.0,1,0.0,22.516,26.37,1.57,0.00,0.00,0.00,0.00
22.55166,58.359,-230.273,0,0.000,0.019,0.370,0.007,0.019,0.006,0.0,1,0.0,22.525,26.37,1.57,0.00,0.00,0.00,0.00
22.57160,58.271,-230.361,0,0.000,0.017,0.370,0.008,0.017,0.004,0.0,1,0.0,22.550,26.37,1.57,0.00,0.00,0.00,0.00
22.58200,58.271,-230.361,0,0.000,0.013,0.371,0.011,0.013,0.003,0.0,1,0.0,22.550,26.37,1.57,0.00,0.00,0.00,0.00
22.60193,58.359,-230.273,0,0.000,0.011,0.371,0.011,0.011,0.009,0.0,1,0.0,22.580,26.37,1.57,0.00,0.00,0.00,0.00
22.62186,58.359,-230.273,0,0.000,0.006,0.371,0.005,0.006,0.000,0.0,1,0.0,22.593,26.37,1.57,0.00,0.00,0.00,0.00
22.64180,58.271,-230.361,0,0.000,0.008,0.371,0.002,0.008,0.001,0.0,1,0.0,22.619,26.37,1.57,0.00,0.00,0.00,0.00
22.66173,58.359,-230.273,0,0.000,0.012,0.371,-0.002,0.012,0.005,0.0,1,0.0,22.640,26.37,1.57,0.00,0.00,0.00,0.00
22.68166,58.271,-230.361,0,0.000,0.014,0.372,-0.002,0.014,0.005,0.0,1,0.0,22.651,26.37,1.57,0.00,0.00,0.00,0.00
22.70168,58.359,-230.273,0,0.000,0.013,0.372,-0.003,0.013,0.008,0.0,1,0.0,22.673,26.37,1.57,0.00,0.00,0.00,0.00
22.72162,58.359,-230.273,0,0.000,0.013,0.372,0.003,0.013,0.002,0.0,1,0.0,22.696,26.37,1.57,0.00,0.00,0.00,0.00
22.74155,58.359,-230.273,0,0.000,0.010,0.372,0.009,0.010,0.005,0.0,1,0.0,22.717,26.37,1.57,0.00,0.00,0.00,0.00
22.76148,58.359,-230.273,0,0.000,0.013,0.373,0.010,0.013,0.006,0.0,1,0.0,22.739,26.37,1.57,0.00,0.00,0.00,0.00
22.78142,58.359,-230.273,0,0.000,0.015,0.373,0.005,0.015,0.004,0.0,1,0.0,22.750,26.37,1.57,0.00,0.00,0.00,0.00
22.80135,58.359,-230.273,0,0.000,0.016,0.373,0.000,0.016,0.004,0.0,1,0.0,22.779,26.37,1.57,0.00,0.00,0.00,0.00
22.82128,58.271,-230.361,0,0.000,0.016,0.374,0.001,0.016,0.007,0.0,1,0.0,22.794,26.37,1.57,0.00,0.00,0.00,0.00
22.84122,58.359,-230.273,0,0.000,0.014,0.374,0.001,0.014,0.008,0.0,1,0.0,22.818,26.37,1.57,0.00,0.00,0.00,0.00
22.86115,58.271,-230.361,0,0.000,0.012,0.374,0.005,0.012,0.006,0.0,1,0.0,22.834,26.37,1.57,0.00,0.00,0.00,0.00
22.88108,58.271,-230.361,0,0.000,0.011,0.374,0.008,0.011,-0.001,0.0,1,0.0,22.857,26.37,1.57,0.00,0.00,0.00,0.00
22.89141,58.359,-230.273,0,0.000,0.012,0.374,0.011,0.012,0.000,0.0,1,0.0,22.867,26.37,1.57,0.00,0.00,0.00,0.00
22.90142,58.359,-230.273,0,0.000,0.011,0.375,0.012,0.011,0.002,0.0,1,0.0,22.876,26.37,1.57,0.00,0.00,0.00,0.00
22.92136,58.271,-230.361,0,0.000,0.014,0.375,0.009,0.014,0.002,0.0,1,0.0,22.898,26.37,1.57,0.00,0.00,0.00,0.00
22.94129,58.271,-230.361,0,0.000,0.016,0.375,0.003,0.016,0.009,0.0,1,0.0,22.920,26.37,1.57,0.00,0.00,0.00,0.00
22.96122,58.271,-230.361,0,0.000,0.011,0.375,0.002,0.011,0.004,0.0,1,0.0,22.935,26.37,1.57,0.00,0.00,0.00,0.00
22.98116,58.359,-230.273,0,0.000,0.009,0.376,0.002,0.009,0.005,0.0,1,0.0,22.962,26.37,1.57,0.00,0.00,0.00,0.00
23.00109,58.271,-230.361,0,0.000,0.007,0.376,0.006,0.007,0.000,0.0,1,0.0,22.973,26.37,1.57,0.00,0.00,0.00,0.00
23.02102,58.271,-230.361,0,0.000,0.007,0.376,0.009,0.007,0.001,0.0,1,0.0,22.998,26.37,1.57,0.00,0.00,0.00,0.00
23.04096,58.271,-230.361,0,0.000,0.007,0.376,0.007,0.007,0.005,0.0,1,0.0,23.010,26.37,1.57,0.00,0.00,0.00,0.00
23.06089,58.271,-230.361,0,0.000,0.011,0.376,0.006,0.011,0.006,0.0,1,0.0,23.038,26.37,1.57,0.00,0.00,0.00,0.00
23.07146,58.359,-230.273,0,0.000,0.011,0.376,0.005,0.011,0.004,0.0,1,0.0,23.049,26.37,1.57,0.00,0.00,0.00,0.00
23.09034,58.271,-230.361,0,0.000,0.013,0.377,0.004,0.013,0.007,0.0,1,0.0,23.061,26.37,1.57,0.00,0.00,0.00,0.00
23.10074,58.271,-230.361,0,0.000,0.015,0.377,0.000,0.015,0.010,0.0,1,0.0,23.080,26.37,1.57,0.00,0.00,0.00,0.00
23.12067,58.359,-230.273,0,0.000,0.014,0.377,-0.001,0.014,0.005,0.0,1,0.0,23.099,26.37,1.57,0.00,0.00,0.00,0.00
23.13107,58.271,-230.361,0,0.000,0.014,0.377,0.000,0.014,0.006,0.0,1,0.0,23.111,26.37,1.57,0.00,0.00,0.00,0.00
23.15101,58.359,-230.273,0,0.000,0.011,0.377,0.002,0.011,0.006,0.0,1,0.0,23.123,26.37,1.57,0.00,0.00,0.00,0.00
23.17094,58.359,-230.273,0,0.000,0.008,0.378,0.006,0.008,0.005,0.0,1,0.0,23.149,26.37,1.57,0.00,0.00,0.00,0.00
23.19087,58.271,-230.361,0,0.000,0.008,0.378,0.004,0.008,0.009,0.0,1,0.0,23.165,26.37,1.57,0.00,0.00,0.00,0.00
23.21080,58.271,-230.361,0,0.000,0.011,0.378,0.005,0.011,0.004,0.0,1,0.0,23.189,26.37,1.57,0.00,0.00,0.00,0.00
23.23074,58.271,-230.361,0,0.000,0.012,0.378,0.003,0.012,0.005,0.0,1,0.0,23.209,26.37,1.57,0.00,0.00,0.00,0.00
23.25059,58.359,-230.273,0,0.000,0.016,0.378,0.002,0.016,0.004,0.0,1,0.0,23.220,26.37,1.57,0.00,0.00,0.00,0.00
23.27052,58.271,-230.361,0,0.000,0.011,0.379,0.002,0.011,0.007,0.0,1,0.0,23.247,26.37,1.57,0.00,0.00,0.00,0.00
23.29047,58.359,-230.273,0,0.000,0.011,0.379,0.006,0.011,0.005,0.0,1,0.0,23.269,26.37,1.57,0.00,0.00,0.00,0.00
23.31038,58.359,-230.273,0,0.000,0.008,0.379,0.005,0.008,0.010,0.0,1,0.0,23.284,26.37,1.57,0.00,0.00,0.00,0.00
23.33032,58.359,-230.273,0,0.000,0.008,0.379,0.003,0.008,0.009,0.0,1,0.0,23.296,26.37,1.57,0.00,0.00,0.00,0.00
23.34072,58.271,-230.361,0,0.000,0.012,0.379,0.006,0.012,0.010,0.0,1,0.0,23.314,26.37,1.57,0.00,0.00,0.00,0.00
23.36065,58.359,-230.273,0,0.000,0.015,0.380,0.005,0.015,0.008,0.0,1,0.0,23.337,26.37,1.57,0.00,0.00,0.00,0.00
23.38058,58.359,-230.273,0,0.000,0.019,0.380,0.004,0.019,0.003,0.0,1,0.0,23.361,26.37,1.57,0.00,0.00,0.00,0.00
23.40052,58.359,-230.273,0,0.000,0.019,0.380,0.002,0.019,0.003,0.0,1,0.0,23.367,26.37,1.57,0.00,0.00,0.00,0.00
23.42045,58.359,-230.273,0,0.000,0.022,0.381,0.005,0.022,0.006,0.0,1,0.0,23.394,26.37,1.57,0.00,0.00,0.00,0.00
23.43191,58.359,-230.273,0,0.000,0.020,0.381,0.006,0.020,0.005,0.0,1,0.0,23.411,26.37,1.57,0.00,0.00,0.00,0.00
23.44985,58.359,-230.273,0,0.000,0.016,0.381,0.007,0.016,0.002,0.0,1,0.0,23.420,26.37,1.57,0.00,0.00,0.00,0.00
23.46025,58.359,-230.273,0,0.000,0.015,0.381,0.008,0.015,-0.002,0.0,1,0.0,23.432,26.37,1.57,0.00,0.00,0.00,0.00
23.48018,58.359,-230.273,0,0.000,0.014,0.382,0.005,0.014,0.001,0.0,1,0.0,23.459,26.37,1.57,0.00,0.00,0.00,0.00
23.50012,58.359,-230.273,0,0.000,0.017,0.382,0.007,0.017,0.002,0.0,1,0.0,23.470,26.37,1.57,0.00,0.00,0.00,0.00
23.52005,58.271,-230.361,0,0.000,0.014,0.382,0.006,0.014,0.005,0.0,1,0.0,23.496,26.37,1.57,0.00,0.00,0.00,0.00
23.53998,58.359,-230.273,0,0.000,0.013,0.383,0.004,0.013,0.002,0.0,1,0.0,23.518,26.37,1.57,0.00,0.00,0.00,0.00
23.55038,58.359,-230.273,0,0.000,0.015,0.383,0.003,0.015,0.004,0.0,1,0.0,23.530,26.37,1.57,0.00,0.00,0.00,0.00
23.57032,58.359,-230.273,0,0.000,0.012,0.383,0.008,0.012,0.009,0.0,1,0.0,23.542,26.37,1.57,0.00,0.00,0.00,0.00
23.59025,58.359,-230.273,0,0.000,0.015,0.383,0.003,0.015,0.006,0.0,1,0.0,23.567,26.37,1.57,0.00,0.00,0.00,0.00
23.61011,58.359,-230.273,0,0.000,0.016,0.384,0.002,0.016,0.003,0.0,1,0.0,23.592,26.37,1.57,0.00,0.00,0.00,0.00
23.63003,58.359,-230.273,0,0.000,0.018,0.384,-0.001,0.018,0.000,0.0,1,0.0,23.609,26.37,1.57,0.00,0.00,0.00,0.00
23.64996,58.359,-230.273,0,0.000,0.013,0.384,-0.001,0.013,0.001,0.0,1,0.0,23.619,26.37,1.57,0.00,0.00,0.00,0.00
23.66990,58.359,-230.273,0,0.000,0.011,0.384,0.000,0.011,0.002,0.0,1,0.0,23.646,26.37,1.57,0.00,0.00,0.00,0.00
23.68983,58.359,-230.273,0,0.000,0.015,0.385,0.001,0.015,0.008,0.0,1,0.0,23.670,26.37,1.57,0.00,0.00,0.00,0.00
23.70976,58.359,-230.273,0,0.000,0.016,0.385,0.005,0.016,0.010,0.0,1,0.0,23.690,26.37,1.57,0.00,0.00,0.00,0.00
23.72970,58.271,-230.361,0,0.000,0.020,0.385,0.006,0.020,0.004,0.0,1,0.0,23.700,26.37,1.57,0.00,0.00,0.00,0.00
23.74963,58.359,-230.273,0,0.000,0.016,0.386,0.007,0.016,0.005,0.0,1,0.0,23.723,26.37,1.57,0.00,0.00,0.00,0.00
23.76956,58.359,-230.273,0,0.000,0.012,0.386,0.007,0.012,0.004,0.0,1,0.0,23.751,26.37,1.57,0.00,0.00,0.00,0.00
23.77996,58.359,-230.273,0,0.000,0.010,0.386,0.003,0.010,0.007,0.0,1,0.0,23.761,26.37,1.57,0.00,0.00,0.00,0.00
23.79038,58.359,-230.273,0,0.000,0.010,0.386,0.003,0.010,0.003,0.0,1,0.0,23.761,26.37,1.57,0.00,0.00,0.00,0.00
23.80909,58.359,-230.273,0,0.000,0.014,0.386,0.002,0.014,0.004,0.0,1,0.0,23.797,26.37,1.57,0.00,0.00,0.00,0.00
23.81949,58.271,-230.361,0,0.000,0.015,0.387,0.002,0.015,0.004,0.0,1,0.0,23.797,26.37,1.57,0.00,0.00,0.00,0.00
23.82989,58.359,-230.273,0,0.000,0.015,0.387,0.005,0.015,0.005,0.0,1,0.0,23.800,26.37,1.57,0.00,0.00,0.00,0.00
23.84982,58.359,-230.273,0,0.000,0.017,0.387,0.009,0.017,0.003,0.0,1,0.0,23.829,26.37,1.57,0.00,0.00,0.00,0.00
23.86976,58.359,-230.273,0,0.000,0.014,0.387,0.008,0.014,0.008,0.0,1,0.0,23.845,26.37,1.57,0.00,0.00,0.00,0.00
23.88969,58.271,-230.361,0,0.000,0.017,0.388,0.005,0.017,0.001,0.0,1,0.0,23.872,26.37,1.57,0.00,0.00,0.00,0.00
23.90963,58.271,-230.361,0,0.000,0.019,0.388,0.001,0.019,0.003,0.0,1,0.0,23.883,26.37,1.57,0.00,0.00,0.00,0.00
23.92956,58.359,-230.273,0,0.000,0.019,0.388,0.001,0.019,0.003,0.0,1,0.0,23.908,26.37,1.57,0.00,0.00,0.00,0.00
23.94949,58.271,-230.361,0,0.000,0.016,0.389,0.002,0.016,0.005,0.0,1,0.0,23.928,26.37,1.57,0.00,0.00,0.00,0.00
23.96943,58.359,-230.273,0,0.000,0.014,0.389,0.002,0.014,0.004,0.0,1,0.0,23.944,26.37,1.57,0.00,0.00,0.00,0.00
23.98936,58.359,-230.273,0,0.000,0.012,0.389,0.002,0.012,0.002,0.0,1,0.0,23.965,26.37,1.57,0.00,0.00,0.00,0.00
24.00929,58.271,-230.361,0,0.000,0.013,0.390,0.004,0.013,0.001,0.0,1,0.0,23.989,26.37,1.57,0.00,0.00,0.00,0.00
24.02922,58.359,-230.273,0,0.000,0.010,0.390,0.003,0.010,0.000,0.0,1,0.0,24.005,26.37,1.57,0.00,0.00,0.00,0.00
24.04916,58.271,-230.361,0,0.000,0.013,0.390,0.003,0.013,0.002,0.0,1,0.0,24.027,26.37,1.57,0.00,0.00,0.00,0.00
24.06909,58.359,-230.273,0,0.000,0.017,0.390,0.006,0.017,0.001,0.0,1,0.0,24.040,26.37,1.57,0.00,0.00,0.00,0.00
24.08902,58.271,-230.361,0,0.000,0.016,0.391,0.005,0.016,0.000,0.0,1,0.0,24.062,26.37,1.57,0.00,0.00,0.00,0.00
24.09942,58.271,-230.361,0,0.000,0.014,0.391,0.007,0.014,0.001,0.0,1,0.0,24.077,26.37,1.57,0.00,0.00,0.00,0.00
24.11936,58.271,-230.361,0,0.000,0.013,0.391,0.011,0.013,0.000,0.0,1,0.0,24.100,26.37,1.57,0.00,0.00,0.00,0.00
24.13929,58.359,-230.273,0,0.000,0.013,0.391,0.008,0.013,0.008,0.0,1,0.0,24.117,26.37,1.57,0.00,0.00,0.00,0.00
24.14974,58.359,-230.273,0,0.000,0.014,0.391,0.005,0.014,0.010,0.0,1,0.0,24.128,26.37,1.57,0.00,0.00,0.00,0.00
24.16846,58.447,-230.186,0,0.000,0.017,0.392,0.004,0.017,0.008,0.0,1,0.0,24.154,26.37,1.57,0.00,0.00,0.00,0.00
24.17886,58.447,-230.186,0,0.000,0.016,0.392,0.007,0.016,0.008,0.0,1,0.0,24.161,26.37,1.57,0.00,0.00,0.00,0.00
24.18926,58.271,-230.361,0,0.000,0.014,0.392,0.008,0.014,0.006,0.0,1,0.0,24.161,26.37,1.57,0.00,0.00,0.00,0.00
24.20919,58.271,-230.361,0,0.000,0.014,0.392,0.007,0.014,0.007,0.0,1,0.0,24.186,26.37,1.57,0.00,0.00,0.00,0.00
24.22912,58.271,-230.361,0,0.000,0.013,0.393,0.008,0.013,0.010,0.0,1,0.0,24.208,26.37,1.57,0.00,0.00,0.00,0.00
24.24906,58.447,-230.186,0,0.000,0.011,0.393,0.011,0.011,0.008,0.0,1,0.0,24.221,26.37,1.57,0.00,0.00,0.00,0.00
24.26899,58.359,-230.273,0,0.000,0.013,0.393,0.010,0.013,0.010,0.0,1,0.0,24.250,26.37,1.57,0.00,0.00,0.00,0.00
24.28894,58.271,-230.361,0,0.000,0.014,0.393,0.006,0.014,0.004,0.0,1,0.0,24.270,26.37,1.57,0.00,0.00,0.00,0.00
24.30886,58.359,-230.273,0,0.000,0.014,0.394,0.001,0.014,0.004,0.0,1,0.0,24.281,26.37,1.57,0.00,0.00,0.00,0.00
24.32887,58.271,-230.361,0,0.000,0.014,0.394,0.005,0.014,0.003,0.0,1,0.0,24.305,26.37,1.57,0.00,0.00,0.00,0.00
24.34881,58.271,-230.361,0,0.000,0.011,0.394,0.005,0.011,0.002,0.0,1,0.0,24.327,26.37,1.57,0.00,0.00,0.00,0.00
24.36874,58.359,-230.273,0,0.000,0.010,0.394,0.001,0.010,0.005,0.0,1,0.0,24.339,26.37,1.57,0.00,0.00,0.00,0.00
24.38867,58.359,-230.273,0,0.000,0.011,0.395,0.004,0.011,0.006,0.0,1,0.0,24.362,26.37,1.57,0.00,0.00,0.00,0.00
24.40861,58.359,-230.273,0,0.000,0.010,0.395,0.005,0.010,0.008,0.0,1,0.0,24.386,26.37,1.57,0.00,0.00,0.00,0.00
24.42854,58.359,-230.273,0,0.000,0.013,0.395,0.008,0.013,0.012,0.0,1,0.0,24.404,26.37,1.57,0.00,0.00,0.00,0.00
24.44848,58.271,-230.361,0,0.000,0.018,0.395,0.005,0.018,0.010,0.0,1,0.0,24.430,26.37,1.57,0.00,0.00,0.00,0.00
24.46841,58.359,-230.273,0,0.000,0.016,0.396,0.004,0.016,0.010,0.0,1,0.0,24.445,26.37,1.57,0.00,0.00,0.00,0.00
24.48834,58.359,-230.273,0,0.000,0.015,0.396,0.005,0.015,0.004,0.0,1,0.0,24.455,26.37,1.57,0.00,0.00,0.00,0.00
24.49874,58.359,-230.273,0,0.000,0.014,0.396,0.007,0.014,0.001,0.0,1,0.0,24.471,26.37,1.57,0.00,0.00,0.00,0.00
24.50921,58.359,-230.273,0,0.000,0.015,0.396,0.008,0.015,0.005,0.0,1,0.0,24.482,26.37,1.57,0.00,0.00,0.00,0.00
24.52795,58.359,-230.273,0,0.000,0.010,0.397,0.004,0.010,0.010,0.0,1,0.0,24.504,26.37,1.57,0.00,0.00,0.00,0.00
24.53835,58.359,-230.273,0,0.000,0.010,0.397,0.006,0.010,0.011,0.0,1,0.0,24.517,26.37,1.57,0.00,0.00,0.00,0.00
24.55828,58.359,-230.273,0,0.000,0.009,0.397,0.010,0.009,0.005,0.0,1,0.0,24.525,26.37,1.57,0.00,0.00,0.00,0.00
24.57821,58.359,-230.273,0,0.000,0.008,0.397,0.009,0.008,0.006,0.0,1,0.0,24.554,26.37,1.57,0.00,0.00,0.00,0.00
24.58861,58.359,-230.273,0,0.000,0.009,0.397,0.008,0.009,0.007,0.0,1,0.0,24.565,26.37,1.57,0.00,0.00,0.00,0.00
24.60855,58.359,-230.273,0,0.000,0.013,0.397,0.008,0.013,0.012,0.0,1,0.0,24.577,26.37,1.57,0.00,0.00,0.00,0.00
24.62848,58.359,-230.273,0,0.000,0.015,0.398,0.002,0.015,0.011,0.0,1,0.0,24.606,26.37,1.57,0.00,0.00,0.00,0.00
24.64843,58.359,-230.273,0,0.000,0.014,0.398,0.002,0.014,0.007,0.0,1,0.0,24.630,26.37,1.57,0.00,0.00,0.00,0.00
24.66835,58.447,-230.186,0,0.000,0.019,0.398,0.006,0.019,0.003,0.0,1,0.0,24.646,26.37,1.57,0.00,0.00,0.00,0.00
24.68837,58.271,-230.361,0,0.000,0.019,0.399,0.005,0.019,0.000,0.0,1,0.0,24.668,26.37,1.57,0.00,0.00,0.00,0.00
24.70830,58.271,-230.361,0,0.000,0.016,0.399,0.007,0.016,0.000,0.0,1,0.0,24.679,26.37,1.57,0.00,0.00,0.00,0.00
24.72824,58.359,-230.273,0,0.000,0.015,0.399,0.004,0.015,0.006,0.0,1,0.0,24.704,26.37,1.57,0.00,0.00,0.00,0.00
24.74817,58.359,-230.273,0,0.000,0.012,0.399,0.007,0.012,0.010,0.0,1,0.0,24.726,26.37,1.57,0.00,0.00,0.00,0.00
24.76810,58.359,-230.273,0,0.000,0.014,0.400,0.007,0.014,0.011,0.0,1,0.0,24.747,26.37,1.57,0.00,0.00,0.00,0.00
24.78804,58.271,-230.361,0,0.000,0.014,0.400,0.008,0.014,0.005,0.0,1,0.0,24.770,26.37,1.57,0.00,0.00,0.00,0.00
24.80797,58.359,-230.273,0,0.000,0.014,0.400,0.001,0.014,0.001,0.0,1,0.0,24.782,26.37,1.57,0.00,0.00,0.00,0.00
24.82790,58.447,-230.186,0,0.000,0.014,0.401,0.001,0.014,0.005,0.0,1,0.0,24.804,26.37,1.57,0.00,0.00,0.00,0.00
24.84784,58.359,-230.273,0,0.000,0.012,0.401,-0.001,0.012,0.004,0.0,1,0.0,24.830,26.37,1.57,0.00,0.00,0.00,0.00
24.86777,58.447,-230.186,0,0.000,0.011,0.401,0.000,0.011,0.010,0.0,1,0.0,24.840,26.37,1.57,0.00,0.00,0.00,0.00
24.87829,58.359,-230.273,0,0.000,0.012,0.401,0.004,0.012,0.012,0.0,1,0.0,24.840,26.37,1.57,0.00,0.00,0.00,0.00
24.89796,58.359,-230.273,0,0.000,0.013,0.401,0.002,0.013,0.010,0.0,1,0.0,24.870,26.37,1.57,0.00,0.00,0.00,0.00
24.91790,58.359,-230.273,0,0.000,0.017,0.402,0.003,0.017,0.009,0.0,1,0.0,24.896,26.37,1.57,0.00,0.00,0.00,0.00
24.93783,58.359,-230.273,0,0.000,0.017,0.402,0.007,0.017,0.008,0.0,1,0.0,24.908,26.37,1.57,0.00,0.00,0.00,0.00
24.95776,58.271,-230.361,0,0.000,0.014,0.402,0.008,0.014,0.006,0.0,1,0.0,24.933,26.37,1.57,0.00,0.00,0.00,0.00
24.97770,58.359,-230.273,0,0.000,0.016,0.403,0.006,0.016,0.001,0.0,1,0.0,24.942,26.37,1.57,0.00,0.00,0.00,0.00
24.99763,58.359,-230.273,0,0.000,0.015,0.403,0.006,0.015,0.004,0.0,1,0.0,24.973,26.37,1.57,0.00,0.00,0.00,0.00
25.01756,58.359,-230.273,0,0.000,0.013,0.403,0.007,0.013,0.006,0.0,1,0.0,24.996,26.37,1.57,0.00,0.00,0.00,0.00
25.03750,58.271,-230.361,0,0.000,0.018,0.404,0.008,0.018,0.010,0.0,1,0.0,25.009,26.37,1.57,0.00,0.00,0.00,0.00
25.05743,58.359,-230.273,0,0.000,0.020,0.404,0.007,0.020,0.011,0.0,1,0.0,25.035,26.37,1.57,0.00,0.00,0.00,0.00
25.06773,58.271,-230.361,0,0.000,0.018,0.404,0.007,0.018,0.007,0.0,1,0.0,25.048,26.37,1.57,0.00,0.00,0.00,0.00
25.08736,58.359,-230.273,0,0.000,0.019,0.405,0.005,0.019,0.000,0.0,1,0.0,25.061,26.37,1.57,0.00,0.00,0.00,0.00
25.09776,58.359,-230.273,0,0.000,0.018,0.405,0.006,0.018,0.000,0.0,1,0.0,25.074,26.37,1.57,0.00,0.00,0.00,0.00
25.11769,58.359,-230.273,0,0.000,0.017,0.405,0.005,0.017,0.008,0.0,1,0.0,25.094,26.37,1.57,0.00,0.00,0.00,0.00
25.13762,58.271,-230.361,0,0.000,0.019,0.405,0.008,0.019,0.001,0.0,1,0.0,25.117,26.37,1.57,0.00,0.00,0.00,0.00
25.15756,58.359,-230.273,0,0.000,0.016,0.406,0.007,0.016,0.000,0.0,1,0.0,25.131,26.37,1.57,0.00,0.00,0.00,0.00
25.17749,58.359,-230.273,0,0.000,0.018,0.406,0.004,0.018,0.001,0.0,1,0.0,25.154,26.37,1.57,0.00,0.00,0.00,0.00
25.19742,58.359,-230.273,0,0.000,0.020,0.407,0.000,0.020,0.000,0.0,1,0.0,25.177,26.37,1.57,0.00,0.00,0.00,0.00
25.21736,58.359,-230.273,0,0.000,0.020,0.407,-0.001,0.020,0.002,0.0,1,0.0,25.191,26.37,1.57,0.00,0.00,0.00,0.00
25.23729,58.271,-230.361,0,0.000,0.018,0.407,0.004,0.018,0.000,0.0,1,0.0,25.215,26.37,1.57,0.00,0.00,0.00,0.00
25.25714,58.359,-230.273,0,0.000,0.017,0.408,0.003,0.017,-0.001,0.0,1,0.0,25.230,26.37,1.57,0.00,0.00,0.00,0.00
25.27707,58.271,-230.361,0,0.000,0.018,0.408,0.004,0.018,0.000,0.0,1,0.0,25.255,26.37,1.57,0.00,0.00,0.00,0.00
25.29700,58.271,-230.361,0,0.000,0.018,0.408,0.003,0.018,0.002,0.0,1,0.0,25.266,26.37,1.57,0.00,0.00,0.00,0.00
25.30740,58.271,-230.361,0,0.000,0.018,0.408,0.002,0.018,0.004,0.0,1,0.0,25.278,26.37,1.57,0.00,0.00,0.00,0.00
25.32734,58.359,-230.273,0,0.000,0.019,0.409,0.000,0.019,0.005,0.0,1,0.0,25.303,26.37,1.57,0.00,0.00,0.00,0.00
25.34728,58.184,-230.449,0,0.000,0.017,0.409,0.001,0.017,0.004,0.0,1,0.0,25.327,26.37,1.57,0.00,0.00,0.00,0.00
25.36720,58.271,-230.361,0,0.000,0.018,0.410,0.004,0.018,0.005,0.0,1,0.0,25.338,26.37,1.57,0.00,0.00,0.00,0.00
25.38714,58.271,-230.361,0,0.000,0.019,0.410,0.007,0.019,0.001,0.0,1,0.0,25.365,26.37,1.57,0.00,0.00,0.00,0.00
25.40707,58.359,-230.273,0,0.000,0.019,0.410,0.006,0.019,0.002,0.0,1,0.0,25.377,26.37,1.57,0.00,0.00,0.00,0.00
25.42700,58.359,-230.273,0,0.000,0.016,0.411,0.002,0.016,-0.004,0.0,1,0.0,25.400,26.37,1.57,0.00,0.00,0.00,0.00
25.43719,58.359,-230.273,0,0.000,0.016,0.411,0.004,0.016,-0.008,0.0,1,0.0,25.414,26.37,1.57,0.00,0.00,0.00,0.00
25.45687,58.359,-230.273,0,0.000,0.013,0.411,0.003,0.013,0.000,0.0,1,0.0,25.441,26.37,1.57,0.00,0.00,0.00,0.00
25.47680,58.359,-230.273,0,0.000,0.014,0.411,0.005,0.014,-0.001,0.0,1,0.0,25.452,26.37,1.57,0.00,0.00,0.00,0.00
25.49673,58.359,-230.273,0,0.000,0.016,0.412,0.005,0.016,0.001,0.0,1,0.0,25.461,26.37,1.57,0.00,0.00,0.00,0.00
25.51667,58.359,-230.273,0,0.000,0.018,0.412,0.007,0.018,0.001,0.0,1,0.0,25.495,26.37,1.57,0.00,0.00,0.00,0.00
25.53660,58.359,-230.273,0,0.000,0.017,0.412,0.010,0.017,0.000,0.0,1,0.0,25.510,26.37,1.57,0.00,0.00,0.00,0.00
25.55653,58.359,-230.273,0,0.000,0.017,0.413,0.005,0.017,0.003,0.0,1,0.0,25.534,26.37,1.57,0.00,0.00,0.00,0.00
25.56693,58.271,-230.361,0,0.000,0.020,0.413,0.004,0.020,0.001,0.0,1,0.0,25.545,26.37,1.57,0.00,0.00,0.00,0.00
25.58687,58.271,-230.361,0,0.000,0.019,0.413,0.005,0.019,-0.001,0.0,1,0.0,25.564,26.37,1.57,0.00,0.00,0.00,0.00
25.60680,58.359,-230.273,0,0.000,0.021,0.414,0.004,0.021,0.004,0.0,1,0.0,25.585,26.37,1.57,0.00,0.00,0.00,0.00
25.62682,58.359,-230.273,0,0.000,0.017,0.414,0.004,0.017,0.005,0.0,1,0.0,25.597,26.37,1.57,0.00,0.00,0.00,0.00
25.64675,58.359,-230.273,0,0.000,0.014,0.414,0.008,0.014,0.002,0.0,1,0.0,25.623,26.37,1.57,0.00,0.00,0.00,0.00
25.66669,58.447,-230.186,0,0.000,0.017,0.415,0.007,0.017,0.000,0.0,1,0.0,25.646,26.37,1.57,0.00,0.00,0.00,0.00
25.68662,58.359,-230.273,0,0.000,0.017,0.415,0.003,0.017,0.002,0.0,1,0.0,25.658,26.37,1.57,0.00,0.00,0.00,0.00
25.70655,58.359,-230.273,0,0.000,0.021,0.415,0.000,0.021,0.008,0.0,1,0.0,25.680,26.37,1.57,0.00,0.00,0.00,0.00
25.72649,58.359,-230.273,0,0.000,0.017,0.416,0.002,0.017,0.013,0.0,1,0.0,25.707,26.37,1.57,0.00,0.00,0.00,0.00
25.74642,58.359,-230.273,0,0.000,0.017,0.416,0.002,0.017,0.008,0.0,1,0.0,25.727,26.37,1.57,0.00,0.00,0.00,0.00
25.76636,58.359,-230.273,0,0.000,0.014,0.416,0.005,0.014,0.007,0.0,1,0.0,25.750,26.37,1.57,0.00,0.00,0.00,0.00
25.78629,58.359,-230.273,0,0.000,0.009,0.417,0.004,0.009,0.005,0.0,1,0.0,25.757,26.37,1.57,0.00,0.00,0.00,0.00
25.80624,58.359,-230.273,0,0.000,0.013,0.417,0.004,0.013,0.013,0.0,1,0.0,25.784,26.37,1.57,0.00,0.00,0.00,0.00
25.85117,58.271,-230.361,0,0.000,0.016,0.418,0.006,0.016,0.005,0.0,1,0.0,25.797,26.37,1.57,0.00,0.00,0.00,0.00
25.86603,58.271,-230.361,0,0.000,0.014,0.418,0.003,0.014,0.002,0.0,1,0.0,25.797,26.37,1.57,0.00,0.00,0.00,0.00
25.87643,58.359,-230.273,0,0.000,0.017,0.418,-0.001,0.017,0.004,0.0,1,0.0,25.858,26.37,1.57,0.00,0.00,0.00,0.00
25.89638,58.359,-230.273,0,0.000,0.017,0.418,0.001,0.017,0.000,0.0,1,0.0,25.877,26.37,1.57,0.00,0.00,0.00,0.00
25.91630,58.359,-230.273,0,0.000,0.016,0.419,0.004,0.016,0.001,0.0,1,0.0,25.893,26.37,1.57,0.00,0.00,0.00,0.00
25.93624,58.359,-230.273,0,0.000,0.014,0.419,0.004,0.014,0.004,0.0,1,0.0,25.916,26.37,1.57,0.00,0.00,0.00,0.00
25.95616,58.359,-230.273,0,0.000,0.012,0.419,0.008,0.012,0.005,0.0,1,0.0,25.926,26.37,1.57,0.00,0.00,0.00,0.00
25.97610,58.359,-230.273,0,0.000,0.011,0.419,0.004,0.011,0.005,0.0,1,0.0,25.947,26.37,1.57,0.00,0.00,0.00,0.00
25.99604,58.359,-230.273,0,0.000,0.011,0.420,0.003,0.011,0.005,0.0,1,0.0,25.975,26.37,1.57,0.00,0.00,0.00,0.00
26.01596,58.271,-230.361,0,0.000,0.014,0.420,0.002,0.014,0.004,0.0,1,0.0,25.989,26.37,1.57,0.00,0.00,0.00,0.00
26.03598,58.271,-230.361,0,0.000,0.016,0.420,0.002,0.016,0.001,0.0,1,0.0,26.017,26.37,1.57,0.00,0.00,0.00,0.00
26.05592,58.271,-230.361,0,0.000,0.013,0.420,0.007,0.013,-0.001,0.0,1,0.0,26.032,26.37,1.57,0.00,0.00,0.00,0.00
26.07585,58.271,-230.361,0,0.000,0.014,0.421,0.002,0.014,0.002,0.0,1,0.0,26.057,26.37,1.57,0.00,0.00,0.00,0.00
26.09578,58.359,-230.273,0,0.000,0.016,0.421,0.005,0.016,0.001,0.0,1,0.0,26.065,26.37,1.57,0.00,0.00,0.00,0.00
26.11572,58.359,-230.273,0,0.000,0.015,0.421,0.001,0.015,-0.001,0.0,1,0.0,26.093,26.37,1.57,0.00,0.00,0.00,0.00
26.13565,58.359,-230.273,0,0.000,0.017,0.422,0.001,0.017,0.002,0.0,1,0.0,26.104,26.37,1.57,0.00,0.00,0.00,0.00
26.15558,58.359,-230.273,0,0.000,0.016,0.422,0.003,0.016,0.005,0.0,1,0.0,26.134,26.37,1.57,0.00,0.00,0.00,0.00
26.17552,58.271,-230.361,0,0.000,0.017,0.422,-0.001,0.017,0.007,0.0,1,0.0,26.156,26.37,1.57,0.00,0.00,0.00,0.00
26.18591,58.359,-230.273,0,0.000,0.017,0.422,0.000,0.017,0.009,0.0,1,0.0,26.156,26.37,1.57,0.00,0.00,0.00,0.00
26.20585,58.359,-230.273,0,0.000,0.015,0.423,0.002,0.015,0.008,0.0,1,0.0,26.179,26.37,1.57,0.00,0.00,0.00,0.00
26.21725,58.359,-230.273,0,0.000,0.015,0.423,0.001,0.015,0.008,0.0,1,0.0,26.191,26.37,1.57,0.00,0.00,0.00,0.00
26.23521,58.271,-230.361,0,0.000,0.019,0.423,0.003,0.019,0.008,0.0,1,0.0,26.213,26.37,1.57,0.00,0.00,0.00,0.00
26.24563,58.271,-230.361,0,0.000,0.014,0.423,0.005,0.014,0.007,0.0,1,0.0,26.227,26.37,1.57,0.00,0.00,0.00,0.00
26.26554,58.359,-230.273,0,0.000,0.014,0.424,0.007,0.014,0.005,0.0,1,0.0,26.237,26.37,1.57,0.00,0.00,0.00,0.00
26.28548,58.359,-230.273,0,0.000,0.014,0.424,0.003,0.014,0.001,0.0,1,0.0,26.264,26.37,1.57,0.00,0.00,0.00,0.00
26.30541,58.359,-230.273,0,0.000,0.014,0.424,0.005,0.014,0.003,0.0,1,0.0,26.289,26.37,1.57,0.00,0.00,0.00,0.00
26.32534,58.359,-230.273,0,0.000,0.014,0.425,0.005,0.014,0.008,0.0,1,0.0,26.299,26.37,1.57,0.00,0.00,0.00,0.00
26.34528,58.271,-230.361,0,0.000,0.017,0.425,0.006,0.017,0.003,0.0,1,0.0,26.323,26.37,1.57,0.00,0.00,0.00,0.00
26.36521,58.271,-230.361,0,0.000,0.017,0.425,0.008,0.017,0.005,0.0,1,0.0,26.335,26.37,1.57,0.00,0.00,0.00,0.00
26.38514,58.447,-230.186,0,0.000,0.016,0.426,0.002,0.016,0.003,0.0,1,0.0,26.366,26.37,1.57,0.00,0.00,0.00,0.00
26.39546,58.359,-230.273,0,0.000,0.017,0.426,0.002,0.017,0.001,0.0,1,0.0,26.375,26.37,1.57,0.00,0.00,0.00,0.00
26.41539,58.271,-230.361,0,0.000,0.017,0.426,0.001,0.017,0.005,0.0,1,0.0,26.396,26.37,1.57,0.00,0.00,0.00,0.00
26.43533,58.271,-230.361,0,0.000,0.017,0.426,0.005,0.017,0.005,0.0,1,0.0,26.405,26.37,1.57,0.00,0.00,0.00,0.00
26.45526,58.271,-230.361,0,0.000,0.013,0.427,0.003,0.013,0.001,0.0,1,0.0,26.431,26.37,1.57,0.00,0.00,0.00,0.00
26.47519,58.359,-230.273,0,0.000,0.014,0.427,0.002,0.014,0.004,0.0,1,0.0,26.440,26.37,1.57,0.00,0.00,0.00,0.00
26.49513,58.359,-230.273,0,0.000,0.011,0.427,0.003,0.011,0.005,0.0,1,0.0,26.469,26.37,1.57,0.00,0.00,0.00,0.00
26.51506,58.359,-230.273,0,0.000,0.011,0.427,0.007,0.011,0.005,0.0,1,0.0,26.491,26.37,1.57,0.00,0.00,0.00,0.00
26.53499,58.271,-230.361,0,0.000,0.013,0.428,0.005,0.013,0.004,0.0,1,0.0,26.515,26.37,1.57,0.00,0.00,0.00,0.00
26.55493,58.271,-230.361,0,0.000,0.016,0.428,0.005,0.016,0.000,0.0,1,0.0,26.536,26.37,1.57,0.00,0.00,0.00,0.00
26.57486,58.271,-230.361,0,0.000,0.013,0.428,0.004,0.013,0.001,0.0,1,0.0,26.550,26.37,1.57,0.00,0.00,0.00,0.00
26.58527,58.271,-230.361,0,0.000,0.012,0.428,0.003,0.012,0.005,0.0,1,0.0,26.563,26.37,1.57,0.00,0.00,0.00,0.00
26.60487,58.271,-230.361,0,0.000,0.013,0.429,0.001,0.013,0.005,0.0,1,0.0,26.576,26.37,1.57,0.00,0.00,0.00,0.00
26.62480,58.359,-230.273,0,0.000,0.012,0.429,0.002,0.012,0.010,0.0,1,0.0,26.601,26.37,1.57,0.00,0.00,0.00,0.00
26.64474,58.359,-230.273,0,0.000,0.014,0.429,0.004,0.014,0.006,0.0,1,0.0,26.613,26.37,1.57,0.00,0.00,0.00,0.00
26.66467,58.271,-230.361,0,0.000,0.017,0.429,0.009,0.017,0.004,0.0,1,0.0,26.636,26.37,1.57,0.00,0.00,0.00,0.00
26.67507,58.359,-230.273,0,0.000,0.017,0.430,0.007,0.017,0.006,0.0,1,0.0,26.648,26.37,1.57,0.00,0.00,0.00,0.00
26.69501,58.359,-230.273,0,0.000,0.017,0.430,0.004,0.017,0.009,0.0,1,0.0,26.660,26.37,1.57,0.00,0.00,0.00,0.00
26.71494,58.271,-230.361,0,0.000,0.014,0.430,0.002,0.014,0.007,0.0,1,0.0,26.676,26.37,1.57,0.00,0.00,0.00,0.00
26.73487,58.447,-230.186,0,0.000,0.013,0.431,0.000,0.013,0.004,0.0,1,0.0,26.709,26.37,1.57,0.00,0.00,0.00,0.00
26.75482,58.271,-230.361,0,0.000,0.017,0.431,0.002,0.017,0.002,0.0,1,0.0,26.734,26.37,1.57,0.00,0.00,0.00,0.00
26.77482,58.359,-230.273,0,0.000,0.017,0.431,0.004,0.017,0.003,0.0,1,0.0,26.746,26.37,1.57,0.00,0.00,0.00,0.00
26.79476,58.359,-230.273,0,0.000,0.011,0.431,0.003,0.011,0.007,0.0,1,0.0,26.772,26.37,1.57,0.00,0.00,0.00,0.00
26.81469,58.271,-230.361,0,0.000,0.015,0.432,0.003,0.015,0.001,0.0,1,0.0,26.786,26.37,1.57,0.00,0.00,0.00,0.00
26.83462,58.359,-230.273,0,0.000,0.014,0.432,0.004,0.014,0.002,0.0,1,0.0,26.807,26.37,1.57,0.00,0.00,0.00,0.00
26.85457,58.359,-230.273,0,0.000,0.015,0.432,0.002,0.015,0.010,0.0,1,0.0,26.836,26.37,1.57,0.00,0.00,0.00,0.00
26.87449,58.359,-230.273,0,0.000,0.012,0.433,0.004,0.012,0.005,0.0,1,0.0,26.845,26.37,1.57,0.00,0.00,0.00,0.00
26.89442,58.359,-230.273,0,0.000,0.011,0.433,0.005,0.011,0.007,0.0,1,0.0,26.871,26.37,1.57,0.00,0.00,0.00,0.00
26.91436,58.271,-230.361,0,0.000,0.013,0.433,0.010,0.013,0.005,0.0,1,0.0,26.883,26.37,1.57,0.00,0.00,0.00,0.00
26.93429,58.359,-230.273,0,0.000,0.016,0.433,0.010,0.016,0.004,0.0,1,0.0,26.907,26.37,1.57,0.00,0.00,0.00,0.00
26.95422,58.271,-230.361,0,0.000,0.016,0.434,0.008,0.016,0.005,0.0,1,0.0,26.930,26.37,1.57,0.00,0.00,0.00,0.00
26.96468,58.359,-230.273,0,0.000,0.011,0.434,0.010,0.011,0.006,0.0,1,0.0,26.941,26.37,1.57,0.00,0.00,0.00,0.00
26.98435,58.359,-230.273,0,0.000,0.013,0.434,0.011,0.013,0.007,0.0,1,0.0,26.952,26.37,1.57,0.00,0.00,0.00,0.00
27.00430,58.271,-230.361,0,0.000,0.013,0.434,0.008,0.013,0.008,0.0,1,0.0,26.984,26.37,1.57,0.00,0.00,0.00,0.00
27.02422,58.359,-230.273,0,0.000,0.012,0.435,0.010,0.012,0.003,0.0,1,0.0,26.995,26.37,1.57,0.00,0.00,0.00,0.00
27.04415,58.271,-230.361,0,0.000,0.013,0.435,0.008,0.013,0.000,0.0,1,0.0,27.018,26.37,1.57,0.00,0.00,0.00,0.00
27.06408,58.359,-230.273,0,0.000,0.014,0.435,0.008,0.014,0.002,0.0,1,0.0,27.040,26.37,1.57,0.00,0.00,0.00,0.00
27.08402,58.359,-230.273,0,0.000,0.011,0.435,0.007,0.011,0.003,0.0,1,0.0,27.063,26.37,1.57,0.00,0.00,0.00,0.00
27.10395,58.447,-230.186,0,0.000,0.019,0.436,0.005,0.019,0.009,0.0,1,0.0,27.074,26.37,1.57,0.00,0.00,0.00,0.00
27.12388,58.359,-230.273,0,0.000,0.019,0.436,0.005,0.019,0.011,0.0,1,0.0,27.101,26.37,1.57,0.00,0.00,0.00,0.00
27.13428,58.359,-230.273,0,0.000,0.017,0.436,0.005,0.017,0.008,0.0,1,0.0,27.101,26.37,1.57,0.00,0.00,0.00,0.00
27.15376,58.271,-230.361,0,0.000,0.017,0.437,0.005,0.017,0.006,0.0,1,0.0,27.129,26.37,1.57,0.00,0.00,0.00,0.00
27.16416,58.359,-230.273,0,0.000,0.016,0.437,0.001,0.016,0.005,0.0,1,0.0,27.139,26.37,1.57,0.00,0.00,0.00,0.00
27.18409,58.359,-230.273,0,0.000,0.014,0.437,0.004,0.014,0.003,0.0,1,0.0,27.153,26.37,1.57,0.00,0.00,0.00,0.00
27.20402,58.359,-230.273,0,0.000,0.013,0.437,0.003,0.013,0.007,0.0,1,0.0,27.176,26.37,1.57,0.00,0.00,0.00,0.00
27.22396,58.359,-230.273,0,0.000,0.013,0.438,0.009,0.013,0.006,0.0,1,0.0,27.202,26.37,1.57,0.00,0.00,0.00,0.00
27.24389,58.359,-230.273,0,0.000,0.016,0.438,0.009,0.016,0.002,0.0,1,0.0,27.218,26.37,1.57,0.00,0.00,0.00,0.00
27.26382,58.271,-230.361,0,0.000,0.014,0.438,0.008,0.014,0.002,0.0,1,0.0,27.239,26.37,1.57,0.00,0.00,0.00,0.00
27.28376,58.271,-230.361,0,0.000,0.019,0.439,0.007,0.019,0.007,0.0,1,0.0,27.265,26.37,1.57,0.00,0.00,0.00,0.00
27.30369,58.359,-230.273,0,0.000,0.019,0.439,0.002,0.019,0.006,0.0,1,0.0,27.280,26.37,1.57,0.00,0.00,0.00,0.00
27.32362,58.271,-230.361,0,0.000,0.019,0.439,0.002,0.019,0.005,0.0,1,0.0,27.302,26.37,1.57,0.00,0.00,0.00,0.00
27.33395,58.359,-230.273,0,0.000,0.017,0.439,0.005,0.017,0.005,0.0,1,0.0,27.315,26.37,1.57,0.00,0.00,0.00,0.00
27.35387,58.359,-230.273,0,0.000,0.014,0.440,0.004,0.014,0.005,0.0,1,0.0,27.327,26.37,1.57,0.00,0.00,0.00,0.00
27.37380,58.359,-230.273,0,0.000,0.014,0.440,0.005,0.014,0.001,0.0,1,0.0,27.344,26.37,1.57,0.00,0.00,0.00,0.00
27.39374,58.359,-230.273,0,0.000,0.013,0.440,0.004,0.013,0.000,0.0,1,0.0,27.367,26.37,1.57,0.00,0.00,0.00,0.00
27.41367,58.271,-230.361,0,0.000,0.013,0.441,0.002,0.013,0.002,0.0,1,0.0,27.392,26.37,1.57,0.00,0.00,0.00,0.00
27.43360,58.359,-230.273,0,0.000,0.013,0.441,0.001,0.013,0.003,0.0,1,0.0,27.403,26.37,1.57,0.00,0.00,0.00,0.00
27.45354,58.359,-230.273,0,0.000,0.016,0.441,0.004,0.016,-0.003,0.0,1,0.0,27.433,26.37,1.57,0.00,0.00,0.00,0.00
27.47347,58.271,-230.361,0,0.000,0.015,0.441,0.007,0.015,0.001,0.0,1,0.0,27.454,26.37,1.57,0.00,0.00,0.00,0.00
27.49340,58.271,-230.361,0,0.000,0.015,0.442,0.004,0.015,0.009,0.0,1,0.0,27.465,26.37,1.57,0.00,0.00,0.00,0.00
27.51334,58.359,-230.273,0,0.000,0.017,0.442,0.005,0.017,0.013,0.0,1,0.0,27.491,26.37,1.57,0.00,0.00,0.00,0.00
27.52361,58.271,-230.361,0,0.000,0.017,0.442,0.005,0.017,0.014,0.0,1,0.0,27.504,26.37,1.57,0.00,0.00,0.00,0.00
27.53362,58.447,-230.186,0,0.000,0.018,0.442,0.002,0.018,0.013,0.0,1,0.0,27.504,26.37,1.57,0.00,0.00,0.00,0.00
27.55355,58.359,-230.273,0,0.000,0.014,0.443,0.001,0.014,0.005,0.0,1,0.0,27.529,26.37,1.57,0.00,0.00,0.00,0.00
27.57348,58.447,-230.186,0,0.000,0.017,0.443,0.000,0.017,0.005,0.0,1,0.0,27.551,26.37,1.57,0.00,0.00,0.00,0.00
27.59343,58.271,-230.361,0,0.000,0.020,0.443,0.002,0.020,0.002,0.0,1,0.0,27.573,26.37,1.57,0.00,0.00,0.00,0.00
27.61335,58.271,-230.361,0,0.000,0.016,0.444,0.001,0.016,0.001,0.0,1,0.0,27.584,26.37,1.57,0.00,0.00,0.00,0.00
27.63328,58.359,-230.273,0,0.000,0.018,0.444,0.007,0.018,-0.001,0.0,1,0.0,27.607,26.37,1.57,0.00,0.00,0.00,0.00
27.65322,58.359,-230.273,0,0.000,0.017,0.444,0.004,0.017,0.000,0.0,1,0.0,27.633,26.37,1.57,0.00,0.00,0.00,0.00
27.67315,58.359,-230.273,0,0.000,0.019,0.445,0.003,0.019,0.004,0.0,1,0.0,27.645,26.37,1.57,0.00,0.00,0.00,0.00
27.69308,58.271,-230.361,0,0.000,0.019,0.445,0.004,0.019,0.002,0.0,1,0.0,27.669,26.37,1.57,0.00,0.00,0.00,0.00
27.71310,58.359,-230.273,0,0.000,0.017,0.446,0.000,0.017,-0.001,0.0,1,0.0,27.692,26.37,1.57,0.00,0.00,0.00,0.00
27.73304,58.271,-230.361,0,0.000,0.017,0.446,0.004,0.017,0.000,0.0,1,0.0,27.705,26.37,1.57,0.00,0.00,0.00,0.00
27.75297,58.359,-230.273,0,0.000,0.017,0.446,0.004,0.017,-0.002,0.0,1,0.0,27.729,26.37,1.57,0.00,0.00,0.00,0.00
27.77290,58.359,-230.273,0,0.000,0.016,0.446,0.007,0.016,-0.001,0.0,1,0.0,27.741,26.37,1.57,0.00,0.00,0.00,0.00
27.79284,58.271,-230.361,0,0.000,0.019,0.447,0.007,0.019,0.004,0.0,1,0.0,27.768,26.37,1.57,0.00,0.00,0.00,0.00
27.81277,58.359,-230.273,0,0.000,0.020,0.447,0.005,0.020,0.005,0.0,1,0.0,27.793,26.37,1.57,0.00,0.00,0.00,0.00
27.83270,58.359,-230.273,0,0.000,0.018,0.448,0.005,0.018,0.008,0.0,1,0.0,27.800,26.37,1.57,0.00,0.00,0.00,0.00
27.84310,58.359,-230.273,0,0.000,0.017,0.448,0.005,0.017,0.003,0.0,1,0.0,27.816,26.37,1.57,0.00,0.00,0.00,0.00
27.86304,58.271,-230.361,0,0.000,0.019,0.448,0.005,0.019,0.008,0.0,1,0.0,27.839,26.37,1.57,0.00,0.00,0.00,0.00
27.88297,58.359,-230.273,0,0.000,0.018,0.448,0.007,0.018,0.004,0.0,1,0.0,27.864,26.37,1.57,0.00,0.00,0.00,0.00
27.89299,58.447,-230.186,0,0.000,0.018,0.449,0.006,0.018,0.002,0.0,1,0.0,27.864,26.37,1.57,0.00,0.00,0.00,0.00
27.91290,58.359,-230.273,0,0.000,0.016,0.449,0.004,0.016,0.004,0.0,1,0.0,27.896,26.37,1.57,0.00,0.00,0.00,0.00
27.93284,58.359,-230.273,0,0.000,0.017,0.449,0.003,0.017,0.004,0.0,1,0.0,27.913,26.37,1.57,0.00,0.00,0.00,0.00
27.95277,58.359,-230.273,0,0.000,0.017,0.450,0.004,0.017,0.000,0.0,1,0.0,27.930,26.37,1.57,0.00,0.00,0.00,0.00
27.97270,58.271,-230.361,0,0.000,0.014,0.450,0.003,0.014,0.000,0.0,1,0.0,27.953,26.37,1.57,0.00,0.00,0.00,0.00
27.99264,58.447,-230.186,0,0.000,0.014,0.450,0.002,0.014,0.004,0.0,1,0.0,27.964,26.37,1.57,0.00,0.00,0.00,0.00
28.01257,58.271,-230.361,0,0.000,0.014,0.451,0.004,0.014,0.002,0.0,1,0.0,27.986,26.37,1.57,0.00,0.00,0.00,0.00
28.03250,58.359,-230.273,0,0.000,0.011,0.451,0.005,0.011,0.004,0.0,1,0.0,28.010,26.37,1.57,0.00,0.00,0.00,0.00
28.05245,58.271,-230.361,0,0.000,0.017,0.451,0.002,0.017,0.004,0.0,1,0.0,28.032,26.37,1.57,0.00,0.00,0.00,0.00
28.07237,58.271,-230.361,0,0.000,0.018,0.451,0.002,0.018,0.010,0.0,1,0.0,28.051,26.37,1.57,0.00,0.00,0.00,0.00
28.08268,58.359,-230.273,0,0.000,0.022,0.452,0.002,0.022,0.008,0.0,1,0.0,28.062,26.37,1.57,0.00,0.00,0.00,0.00
28.10262,58.271,-230.361,0,0.000,0.019,0.452,0.004,0.019,0.001,0.0,1,0.0,28.074,26.37,1.57,0.00,0.00,0.00,0.00
28.12255,58.359,-230.273,0,0.000,0.017,0.452,0.005,0.017,0.005,0.0,1,0.0,28.098,26.37,1.57,0.00,0.00,0.00,0.00
28.14250,58.271,-230.361,0,0.000,0.017,0.453,0.006,0.017,-0.003,0.0,1,0.0,28.124,26.37,1.57,0.00,0.00,0.00,0.00
28.16242,58.359,-230.273,0,0.000,0.014,0.453,0.004,0.014,-0.002,0.0,1,0.0,28.134,26.37,1.57,0.00,0.00,0.00,0.00
28.18235,58.359,-230.273,0,0.000,0.016,0.453,0.006,0.016,-0.002,0.0,1,0.0,28.160,26.37,1.57,0.00,0.00,0.00,0.00
28.20229,58.359,-230.273,0,0.000,0.010,0.454,0.004,0.010,0.001,0.0,1,0.0,28.172,26.37,1.57,0.00,0.00,0.00,0.00
28.22222,58.359,-230.273,0,0.000,0.010,0.454,0.005,0.010,0.003,0.0,1,0.0,28.198,26.37,1.57,0.00,0.00,0.00,0.00
28.24215,58.359,-230.273,0,0.000,0.015,0.454,0.002,0.015,0.007,0.0,1,0.0,28.220,26.37,1.57,0.00,0.00,0.00,0.00
28.26209,58.271,-230.361,0,0.000,0.015,0.454,0.002,0.015,0.005,0.0,1,0.0,28.236,26.37,1.57,0.00,0.00,0.00,0.00
28.27238,58.359,-230.273,0,0.000,0.017,0.455,0.003,0.017,0.005,0.0,1,0.0,28.247,26.37,1.57,0.00,0.00,0.00,0.00
28.28239,58.359,-230.273,0,0.000,0.016,0.455,0.004,0.016,0.006,0.0,1,0.0,28.257,26.37,1.57,0.00,0.00,0.00,0.00
28.30232,58.271,-230.361,0,0.000,0.014,0.455,0.005,0.014,0.002,0.0,1,0.0,28.280,26.37,1.57,0.00,0.00,0.00,0.00
28.32226,58.359,-230.273,0,0.000,0.014,0.455,0.004,0.014,0.007,0.0,1,0.0,28.294,26.37,1.57,0.00,0.00,0.00,0.00
28.34219,58.359,-230.273,0,0.000,0.016,0.456,0.002,0.016,0.007,0.0,1,0.0,28.319,26.37,1.57,0.00,0.00,0.00,0.00
28.36213,58.271,-230.361,0,0.000,0.013,0.456,0.006,0.013,0.003,0.0,1,0.0,28.344,26.37,1.57,0.00,0.00,0.00,0.00
28.38206,58.359,-230.273,0,0.000,0.014,0.456,0.004,0.014,0.004,0.0,1,0.0,28.356,26.37,1.57,0.00,0.00,0.00,0.00
28.40199,58.271,-230.361,0,0.000,0.015,0.456,0.008,0.015,0.008,0.0,1,0.0,28.377,26.37,1.57,0.00,0.00,0.00,0.00
28.42192,58.359,-230.273,0,0.000,0.012,0.457,0.005,0.012,0.007,0.0,1,0.0,28.400,26.37,1.57,0.00,0.00,0.00,0.00
28.44186,58.359,-230.273,0,0.000,0.013,0.457,0.002,0.013,0.004,0.0,1,0.0,28.424,26.37,1.57,0.00,0.00,0.00,0.00
28.46179,58.359,-230.273,0,0.000,0.013,0.457,0.005,0.013,0.005,0.0,1,0.0,28.435,26.37,1.57,0.00,0.00,0.00,0.00
28.48172,58.271,-230.361,0,0.000,0.010,0.457,0.006,0.010,0.002,0.0,1,0.0,28.456,26.37,1.57,0.00,0.00,0.00,0.00
28.50166,58.271,-230.361,0,0.000,0.014,0.458,0.004,0.014,0.005,0.0,1,0.0,28.479,26.37,1.57,0.00,0.00,0.00,0.00
28.52159,58.359,-230.273,0,0.000,0.014,0.458,0.004,0.014,0.003,0.0,1,0.0,28.490,26.37,1.57,0.00,0.00,0.00,0.00
28.54152,58.271,-230.361,0,0.000,0.014,0.458,0.003,0.014,0.000,0.0,1,0.0,28.517,26.37,1.57,0.00,0.00,0.00,0.00
28.56146,58.271,-230.361,0,0.000,0.014,0.458,0.008,0.014,-0.004,0.0,1,0.0,28.540,26.37,1.57,0.00,0.00,0.00,0.00
28.57186,58.271,-230.361,0,0.000,0.012,0.459,0.008,0.012,0.000,0.0,1,0.0,28.554,26.37,1.57,0.00,0.00,0.00,0.00
28.59179,58.359,-230.273,0,0.000,0.013,0.459,0.005,0.013,0.000,0.0,1,0.0,28.571,26.37,1.57,0.00,0.00,0.00,0.00
28.61173,58.271,-230.361,0,0.000,0.013,0.459,0.003,0.013,-0.002,0.0,1,0.0,28.593,26.37,1.57,0.00,0.00,0.00,0.00
28.63166,58.359,-230.273,0,0.000,0.015,0.459,0.008,0.015,0.000,0.0,1,0.0,28.605,26.37,1.57,0.00,0.00,0.00,0.00
28.64168,58.359,-230.273,0,0.000,0.015,0.459,0.005,0.015,0.001,0.0,1,0.0,28.618,26.37,1.57,0.00,0.00,0.00,0.00
28.66150,58.271,-230.361,0,0.000,0.016,0.460,0.003,0.016,0.002,0.0,1,0.0,28.636,26.37,1.57,0.00,0.00,0.00,0.00
28.68143,58.359,-230.273,0,0.000,0.015,0.460,0.005,0.015,0.007,0.0,1,0.0,28.658,26.37,1.57,0.00,0.00,0.00,0.00
28.70136,58.359,-230.273,0,0.000,0.013,0.460,0.005,0.013,0.009,0.0,1,0.0,28.679,26.37,1.57,0.00,0.00,0.00,0.00
28.72130,58.359,-230.273,0,0.000,0.014,0.461,0.008,0.014,0.011,0.0,1,0.0,28.690,26.37,1.57,0.00,0.00,0.00,0.00
28.74123,58.271,-230.361,0,0.000,0.014,0.461,0.006,0.014,0.005,0.0,1,0.0,28.713,26.37,1.57,0.00,0.00,0.00,0.00
28.76116,58.359,-230.273,0,0.000,0.013,0.461,0.003,0.013,0.001,0.0,1,0.0,28.738,26.37,1.57,0.00,0.00,0.00,0.00
28.78110,58.359,-230.273,0,0.000,0.011,0.461,0.001,0.011,-0.001,0.0,1,0.0,28.759,26.37,1.57,0.00,0.00,0.00,0.00
28.79150,58.359,-230.273,0,0.000,0.015,0.462,0.002,0.015,-0.001,0.0,1,0.0,28.759,26.37,1.57,0.00,0.00,0.00,0.00
28.81143,58.359,-230.273,0,0.000,0.017,0.462,0.000,0.017,-0.001,0.0,1,0.0,28.788,26.37,1.57,0.00,0.00,0.00,0.00
28.82291,58.271,-230.361,0,0.000,0.022,0.462,0.000,0.022,0.006,0.0,1,0.0,28.802,26.37,1.57,0.00,0.00,0.00,0.00
28.84077,58.359,-230.273,0,0.000,0.020,0.463,0.001,0.020,0.006,0.0,1,0.0,28.814,26.37,1.57,0.00,0.00,0.00,0.00
28.85117,58.271,-230.361,0,0.000,0.017,0.463,0.002,0.017,0.001,0.0,1,0.0,28.830,26.37,1.57,0.00,0.00,0.00,0.00
28.87110,58.359,-230.273,0,0.000,0.016,0.463,0.001,0.016,0.000,0.0,1,0.0,28.848,26.37,1.57,0.00,0.00,0.00,0.00
28.89104,58.359,-230.273,0,0.000,0.017,0.463,0.003,0.017,0.000,0.0,1,0.0,28.858,26.37,1.57,0.00,0.00,0.00,0.00
28.91097,58.359,-230.273,0,0.000,0.017,0.464,0.001,0.017,0.002,0.0,1,0.0,28.870,26.37,1.57,0.00,0.00,0.00,0.00
28.93090,58.271,-230.361,0,0.000,0.016,0.464,0.002,0.016,0.008,0.0,1,0.0,28.904,26.37,1.57,0.00,0.00,0.00,0.00
28.95085,58.359,-230.273,0,0.000,0.018,0.464,0.002,0.018,0.000,0.0,1,0.0,28.932,26.37,1.57,0.00,0.00,0.00,0.00
28.97077,58.359,-230.273,0,0.000,0.016,0.465,0.006,0.016,0.004,0.0,1,0.0,28.943,26.37,1.57,0.00,0.00,0.00,0.00
28.98117,58.447,-230.186,0,0.000,0.017,0.465,0.005,0.017,0.004,0.0,1,0.0,28.953,26.37,1.57,0.00,0.00,0.00,0.00
29.00110,58.271,-230.361,0,0.000,0.014,0.465,0.007,0.014,0.001,0.0,1,0.0,28.980,26.37,1.57,0.00,0.00,0.00,0.00
29.02105,58.271,-230.361,0,0.000,0.012,0.465,0.005,0.012,0.000,0.0,1,0.0,29.003,26.37,1.57,0.00,0.00,0.00,0.00
29.04097,58.271,-230.361,0,0.000,0.012,0.466,0.007,0.012,-0.001,0.0,1,0.0,29.016,26.37,1.57,0.00,0.00,0.00,0.00
29.06090,58.447,-230.186,0,0.000,0.010,0.466,0.007,0.010,0.004,0.0,1,0.0,29.038,26.37,1.57,0.00,0.00,0.00,0.00
29.08084,58.359,-230.273,0,0.000,0.008,0.466,0.008,0.008,0.004,0.0,1,0.0,29.047,26.37,1.57,0.00,0.00,0.00,0.00
29.10077,58.359,-230.273,0,0.000,0.011,0.466,0.008,0.011,0.004,0.0,1,0.0,29.075,26.37,1.57,0.00,0.00,0.00,0.00
29.12070,58.271,-230.361,0,0.000,0.014,0.466,0.004,0.014,0.001,0.0,1,0.0,29.098,26.37,1.57,0.00,0.00,0.00,0.00
29.14064,58.271,-230.361,0,0.000,0.014,0.467,0.006,0.014,0.002,0.0,1,0.0,29.121,26.37,1.57,0.00,0.00,0.00,0.00
29.16057,58.359,-230.273,0,0.000,0.016,0.467,0.007,0.016,-0.001,0.0,1,0.0,29.132,26.37,1.57,0.00,0.00,0.00,0.00
29.18052,58.359,-230.273,0,0.000,0.016,0.467,0.007,0.016,0.001,0.0,1,0.0,29.160,26.37,1.57,0.00,0.00,0.00,0.00
29.19092,58.359,-230.273,0,0.000,0.018,0.468,0.006,0.018,0.001,0.0,1,0.0,29.160,26.37,1.57,0.00,0.00,0.00,0.00
29.21057,58.359,-230.273,0,0.000,0.016,0.468,0.004,0.016,0.005,0.0,1,0.0,29.182,26.37,1.57,0.00,0.00,0.00,0.00
29.23051,58.184,-230.449,0,0.000,0.016,0.468,0.001,0.016,0.005,0.0,1,0.0,29.207,26.37,1.57,0.00,0.00,0.00,0.00
29.25044,58.359,-230.273,0,0.000,0.012,0.468,0.004,0.012,0.007,0.0,1,0.0,29.229,26.37,1.57,0.00,0.00,0.00,0.00
29.27038,58.271,-230.361,0,0.000,0.010,0.469,0.002,0.010,0.008,0.0,1,0.0,29.240,26.37,1.57,0.00,0.00,0.00,0.00
29.29031,58.271,-230.361,0,0.000,0.015,0.469,0.004,0.015,0.007,0.0,1,0.0,29.270,26.37,1.57,0.00,0.00,0.00,0.00
29.31024,58.271,-230.361,0,0.000,0.013,0.469,0.004,0.013,0.004,0.0,1,0.0,29.279,26.37,1.57,0.00,0.00,0.00,0.00
29.33017,58.271,-230.361,0,0.000,0.013,0.469,0.008,0.013,0.006,0.0,1,0.0,29.304,26.37,1.57,0.00,0.00,0.00,0.00
29.34057,58.359,-230.273,0,0.000,0.011,0.470,0.008,0.011,0.002,0.0,1,0.0,29.317,26.37,1.57,0.00,0.00,0.00,0.00
29.36051,58.359,-230.273,0,0.000,0.014,0.470,0.007,0.014,0.000,0.0,1,0.0,29.342,26.37,1.57,0.00,0.00,0.00,0.00
29.38037,58.359,-230.273,0,0.000,0.016,0.470,0.004,0.016,-0.001,0.0,1,0.0,29.361,26.37,1.57,0.00,0.00,0.00,0.00
29.40029,58.271,-230.361,0,0.000,0.019,0.471,0.000,0.019,-0.007,0.0,1,0.0,29.374,26.37,1.57,0.00,0.00,0.00,0.00
29.42022,58.359,-230.273,0,0.000,0.014,0.471,0.002,0.014,-0.002,0.0,1,0.0,29.397,26.37,1.57,0.00,0.00,0.00,0.00
29.44016,58.271,-230.361,0,0.000,0.016,0.471,0.002,0.016,-0.005,0.0,1,0.0,29.408,26.37,1.57,0.00,0.00,0.00,0.00
29.46009,58.359,-230.273,0,0.000,0.013,0.471,0.005,0.013,0.005,0.0,1,0.0,29.438,26.37,1.57,0.00,0.00,0.00,0.00
29.48002,58.359,-230.273,0,0.000,0.014,0.472,0.007,0.014,0.002,0.0,1,0.0,29.456,26.37,1.57,0.00,0.00,0.00,0.00
29.49996,58.359,-230.273,0,0.000,0.016,0.472,0.005,0.016,-0.001,0.0,1,0.0,29.468,26.37,1.57,0.00,0.00,0.00,0.00
29.51989,58.359,-230.273,0,0.000,0.013,0.472,0.004,0.013,0.006,0.0,1,0.0,29.495,26.37,1.57,0.00,0.00,0.00,0.00
29.53982,58.447,-230.186,0,0.000,0.011,0.472,0.002,0.011,0.004,0.0,1,0.0,29.518,26.37,1.57,0.00,0.00,0.00,0.00
29.55022,58.359,-230.273,0,0.000,0.011,0.473,0.003,0.011,0.004,0.0,1,0.0,29.528,26.37,1.57,0.00,0.00,0.00,0.00
29.56066,58.359,-230.273,0,0.000,0.012,0.473,0.007,0.012,0.002,0.0,1,0.0,29.540,26.37,1.57,0.00,0.00,0.00,0.00
29.57935,58.271,-230.361,0,0.000,0.010,0.473,0.003,0.010,-0.001,0.0,1,0.0,29.552,26.37,1.57,0.00,0.00,0.00,0.00
29.58975,58.271,-230.361,0,0.000,0.010,0.473,0.002,0.010,0.001,0.0,1,0.0,29.568,26.37,1.57,0.00,0.00,0.00,0.00
29.60015,58.359,-230.273,0,0.000,0.011,0.473,0.002,0.011,0.000,0.0,1,0.0,29.579,26.37,1.57,0.00,0.00,0.00,0.00
29.62008,58.271,-230.361,0,0.000,0.014,0.473,0.001,0.014,-0.001,0.0,1,0.0,29.596,26.37,1.57,0.00,0.00,0.00,0.00
29.64002,58.271,-230.361,0,0.000,0.014,0.474,0.005,0.014,0.003,0.0,1,0.0,29.619,26.37,1.57,0.00,0.00,0.00,0.00
29.65995,58.271,-230.361,0,0.000,0.013,0.474,0.005,0.013,-0.001,0.0,1,0.0,29.640,26.37,1.57,0.00,0.00,0.00,0.00
29.67988,58.359,-230.273,0,0.000,0.014,0.474,0.005,0.014,0.004,0.0,1,0.0,29.656,26.37,1.57,0.00,0.00,0.00,0.00
29.69982,58.271,-230.361,0,0.000,0.014,0.475,0.006,0.014,0.000,0.0,1,0.0,29.676,26.37,1.57,0.00,0.00,0.00,0.00
29.71975,58.271,-230.361,0,0.000,0.014,0.475,0.003,0.014,0.002,0.0,1,0.0,29.688,26.37,1.57,0.00,0.00,0.00,0.00
29.73968,58.359,-230.273,0,0.000,0.014,0.475,0.005,0.014,0.002,0.0,1,0.0,29.711,26.37,1.57,0.00,0.00,0.00,0.00
29.75962,58.359,-230.273,0,0.000,0.013,0.475,0.005,0.013,0.004,0.0,1,0.0,29.737,26.37,1.57,0.00,0.00,0.00,0.00
29.77955,58.359,-230.273,0,0.000,0.011,0.476,0.000,0.011,0.007,0.0,1,0.0,29.750,26.37,1.57,0.00,0.00,0.00,0.00
29.79948,58.271,-230.361,0,0.000,0.014,0.476,0.000,0.014,0.008,0.0,1,0.0,29.778,26.37,1.57,0.00,0.00,0.00,0.00
29.81942,58.271,-230.361,0,0.000,0.013,0.476,0.002,0.013,0.007,0.0,1,0.0,29.793,26.37,1.57,0.00,0.00,0.00,0.00
29.83935,58.271,-230.361,0,0.000,0.011,0.476,0.003,0.011,0.000,0.0,1,0.0,29.816,26.37,1.57,0.00,0.00,0.00,0.00
29.85928,58.271,-230.361,0,0.000,0.013,0.477,0.004,0.013,0.001,0.0,1,0.0,29.832,26.37,1.57,0.00,0.00,0.00,0.00
29.86968,58.271,-230.361,0,0.000,0.011,0.477,0.006,0.011,0.000,0.0,1,0.0,29.844,26.37,1.57,0.00,0.00,0.00,0.00
29.88962,58.271,-230.361,0,0.000,0.007,0.477,0.007,0.007,0.000,0.0,1,0.0,29.866,26.37,1.57,0.00,0.00,0.00,0.00
29.90955,58.359,-230.273,0,0.000,0.011,0.477,0.005,0.011,-0.001,0.0,1,0.0,29.888,26.37,1.57,0.00,0.00,0.00,0.00
29.92002,58.359,-230.273,0,0.000,0.013,0.477,0.004,0.013,-0.001,0.0,1,0.0,29.901,26.37,1.57,0.00,0.00,0.00,0.00
29.93876,58.359,-230.273,0,0.000,0.009,0.477,0.002,0.009,0.001,0.0,1,0.0,29.912,26.37,1.57,0.00,0.00,0.00,0.00
29.94917,58.359,-230.273,0,0.000,0.008,0.477,0.004,0.008,0.001,0.0,1,0.0,29.931,26.37,1.57,0.00,0.00,0.00,0.00
29.96910,58.271,-230.361,0,0.000,0.010,0.478,0.007,0.010,0.006,0.0,1,0.0,29.942,26.37,1.57,0.00,0.00,0.00,0.00
29.97950,58.271,-230.361,0,0.000,0.010,0.478,0.004,0.010,0.008,0.0,1,0.0,29.954,26.37,1.57,0.00,0.00,0.00,0.00
29.99943,58.359,-230.273,0,0.000,0.012,0.478,0.002,0.012,0.013,0.0,1,0.0,29.977,26.37,1.57,0.00,0.00,0.00,0.00
