t_s,enc_deg,acc_deg,a_belt,v_belt,a_raw_x,a_raw_y,a_raw_z,a_lin_x,a_lin_y,a_lin_z,cmd_sps,cmd_dir,cmd_vel
0.002241,249.0820,1.230469,-12.774611,-9.692069,-9.525331,-12.514492,1.510741,-0.530539,-12.774611,0.613124,12.60,1,12.60
0.004494,248.9941,1.142578,-14.409850,-9.720324,-8.670602,-14.149732,-0.557849,0.324191,-14.409850,-1.455466,25.23,1,25.23
0.006752,248.9941,1.142578,-19.873419,-9.762052,-8.979453,-19.613300,0.203507,0.015340,-19.873419,-0.694110,37.92,1,37.92
0.009009,248.7305,0.878906,-14.812077,-9.801238,-8.665813,-14.551958,-1.177947,0.328979,-14.812077,-2.075564,57.03,1,57.03
0.011278,248.7305,0.878906,-0.768886,-9.811822,-9.056067,-0.508768,1.088165,-0.061275,-0.768886,0.190548,69.83,1,69.83
0.013532,248.6426,0.791016,-1.476373,-9.814009,-9.337387,-1.216254,1.511938,-0.342594,-1.476373,0.614321,82.67,1,82.67
0.015787,248.6426,0.791016,0.029580,-9.815191,-10.084377,0.289698,2.418144,-1.089584,0.029580,1.520527,95.56,1,95.56
0.018042,248.7305,0.878906,4.011138,-9.808548,-9.255983,4.271256,1.619677,-0.261190,4.011138,0.722061,114.97,1,114.97
0.020303,248.7305,0.878906,3.088173,-9.798828,-8.859743,3.348291,-0.244209,0.135050,3.088173,-1.141825,127.97,1,127.97
0.022559,248.7305,0.878906,-1.398561,-9.796884,-9.052477,-1.138443,-0.318429,-0.057684,-1.398561,-1.216046,141.01,1,141.01
0.024816,248.8184,0.966797,-2.970355,-9.803258,-8.983045,-2.710236,0.374693,0.011748,-2.970355,-0.522924,154.09,1,154.09
0.027071,248.8184,0.966797,-2.213787,-9.808997,-9.770737,-1.953669,0.700304,-0.775944,-2.213787,-0.197313,173.78,1,173.78
0.029332,248.7305,0.878906,-2.738117,-9.814447,-9.603143,-2.477999,1.750161,-0.608350,-2.738117,0.852545,186.97,1,186.97
0.031588,248.7305,0.878906,-2.563340,-9.820668,-8.997410,-2.303222,1.411382,-0.002617,-2.563340,0.513765,200.19,1,200.19
0.033843,248.6426,0.791016,-1.064570,-9.824076,-8.753201,-0.804452,0.560243,0.241591,-1.064570,-0.337374,213.44,1,213.44
0.036099,248.7305,0.878906,1.950927,-9.822260,-8.750807,2.211045,0.459687,0.243986,1.950927,-0.437930,233.40,1,233.40
0.038361,248.8184,0.966797,2.246611,-9.817276,-8.991425,2.506729,1.109712,0.003368,2.246611,0.212096,246.76,1,246.76
0.040617,248.9062,1.054688,0.909449,-9.814001,-9.453506,1.169568,1.288081,-0.458713,0.909449,0.390464,260.15,1,260.15
0.042874,248.8184,0.966797,-1.043022,-9.815211,-9.668983,-0.782904,0.778116,-0.674191,-1.043022,-0.119501,273.57,1,273.57
0.045129,248.8184,0.966797,-3.255265,-9.820817,-9.300277,-2.995146,-0.238223,-0.305484,-3.255265,-1.135840,293.77,1,293.77
0.047385,248.8184,0.966797,-3.421662,-9.828492,-8.791509,-3.161543,-0.086191,0.203284,-3.421662,-0.983808,307.28,1,307.28
0.049646,248.8184,0.966797,-2.220969,-9.834667,-8.773552,-1.960851,0.293290,0.221241,-2.220969,-0.604327,320.82,1,320.82
0.051902,248.9062,1.054688,0.097815,-9.835803,-9.006987,0.357933,1.049857,-0.012194,0.097815,0.152241,334.40,1,334.40
0.054157,248.8184,0.966797,1.600177,-9.832595,-9.437943,1.860295,1.859098,-0.443151,1.600177,0.961481,354.82,1,354.82
0.056413,248.8184,0.966797,1.023174,-9.829546,-9.418790,1.283292,1.790863,-0.423997,1.023174,0.893246,368.47,1,368.47
0.058675,248.7305,0.878906,-0.116466,-9.828794,-9.216479,0.143652,0.893037,-0.221686,-0.116466,-0.004580,382.15,1,382.15
0.060930,248.8184,0.966797,-1.323144,-9.831146,-9.099164,-1.063026,-0.108936,-0.104371,-1.323144,-1.006553,395.86,1,395.86
0.063187,248.7305,0.878906,-1.721778,-9.835061,-8.768764,-1.461660,-0.102951,0.226029,-1.721778,-1.000568,416.47,1,416.47
0.065443,248.7305,0.878906,-1.344692,-9.838534,-9.021352,-1.084573,0.497994,-0.026559,-1.344692,-0.399623,430.24,1,430.24
0.067702,248.7305,0.878906,-1.020277,-9.841016,-9.415198,-0.760159,0.930147,-0.420405,-1.020277,0.032530,444.04,1,444.04
0.069958,248.7305,0.878906,-0.633614,-9.842689,-9.380483,-0.373495,1.477222,-0.385690,-0.633614,0.579606,457.87,1,457.87
0.072214,248.7305,0.878906,-0.115269,-9.843265,-9.008183,0.144849,1.115698,-0.013391,-0.115269,0.218081,478.65,1,478.65
0.074470,248.7305,0.878906,0.297731,-9.843112,-8.884883,0.557849,0.845153,0.109910,0.297731,-0.052464,492.53,1,492.53
0.084232,245.3906,-2.460938,-4.718122,-9.889175,-8.204929,-4.458004,-1.165976,0.789864,-4.718122,-2.063593,562.23,1,562.23
0.086487,244.2480,-3.603516,-1.309976,-9.895349,-8.621520,-1.049857,-0.287304,0.373273,-1.309976,-1.184921,576.22,1,576.22
0.088741,243.1055,-4.746094,-3.309134,-9.900580,-8.804677,-3.049016,1.368286,0.190116,-3.309134,0.470669,590.23,1,590.23
0.090997,241.9629,-5.888672,3.404207,-9.903745,-9.649830,3.664326,2.537854,-0.655037,3.404207,1.640237,604.25,1,604.25
0.093255,240.9961,-6.855469,4.426532,-9.893875,-9.361329,4.686650,0.596156,-0.366536,4.426532,-0.301461,625.31,1,625.31
0.095527,239.6777,-8.173828,3.819601,-9.884383,-8.876503,4.079720,-0.143652,0.118290,3.819601,-1.041269,639.36,1,639.36
0.097784,238.6230,-9.228516,-2.853039,-9.887117,-8.218098,-2.592921,0.083797,0.776695,-2.853039,-0.813820,653.42,1,653.42
0.100039,237.5684,-10.283203,-0.333141,-9.891115,-8.722076,-0.073023,0.062249,0.272717,-0.333141,-0.835368,674.53,1,674.53
0.102295,236.4258,-11.425781,0.866354,-9.890907,-9.968259,1.126472,1.170765,-0.973466,0.866354,0.273148,688.61,1,688.61
0.104555,235.1953,-12.656250,-2.538201,-9.893209,-9.387665,-2.278083,1.692701,-0.392872,-2.538201,0.795084,702.69,1,702.69
0.106813,233.9648,-13.886719,-2.428068,-9.900258,-9.520543,-2.167950,1.903390,-0.525750,-2.428068,1.005774,716.79,1,716.79
0.109069,232.6465,-15.205078,2.396249,-9.896705,-8.344990,2.656367,-0.150835,0.649803,2.396249,-1.048452,737.93,1,737.93
0.111324,231.3281,-16.523437,4.209857,-9.889009,-8.937555,4.469975,0.312443,0.057238,4.209857,-0.585174,752.03,1,752.03
0.113585,230.3613,-17.490234,-0.291243,-9.885703,-8.974665,-0.031125,1.091756,0.020128,-0.291243,0.194139,766.13,1,766.13
0.115842,229.0430,-18.808594,0.253438,-9.885697,-9.179369,0.513556,2.111686,-0.184576,0.253438,1.214069,780.23,1,780.23
0.118100,227.9004,-19.951172,0.800513,-9.886063,-9.331401,1.060631,1.040281,-0.336608,0.800513,0.142664,801.38,1,801.38
0.120357,226.4941,-21.357422,-0.135620,-9.884345,-8.804677,0.124498,0.107739,0.190116,-0.135620,-0.789878,815.47,1,815.47
0.133153,218.8477,-29.003906,1.079438,-9.870533,-8.775947,1.339556,0.969652,0.218846,1.079438,0.072035,906.89,1,906.89
0.135209,217.6172,-30.234375,1.369136,-9.867717,-9.028535,1.629254,1.067814,-0.033742,1.369136,0.170197,920.92,1,920.92
0.137464,216.2988,-31.552734,-0.535451,-9.867496,-9.182961,-0.275333,1.535880,-0.188168,-0.535451,0.638264,934.93,1,934.93
0.139721,214.8926,-32.958984,0.674818,-9.866096,-9.214086,0.934936,1.079785,-0.219293,0.674818,0.182168,948.92,1,948.92
0.141991,213.4863,-34.365234,1.130913,-9.866069,-9.033323,1.391031,0.584185,-0.038530,1.130913,-0.313432,962.89,1,962.89
0.144249,211.7285,-36.123047,0.620948,-9.862909,-8.576031,0.881066,0.463278,0.418762,0.620948,-0.434339,983.82,1,983.82
0.146506,208.9160,-38.935547,-4.798327,-9.868936,-9.333796,-4.538209,0.831985,-0.339003,-4.798327,-0.065632,997.74,1,997.74
0.148762,206.0156,-41.835937,-13.465338,-9.894545,-9.099164,-13.205219,0.726640,-0.104371,-13.465338,-0.170977,1011.64,1,1011.64
0.151024,202.3242,-45.527344,-2.791986,-9.912353,-8.101978,-2.531868,-0.164003,0.892815,-2.791986,-1.061620,1032.45,1,1032.45
0.153280,199.4238,-48.427734,2.476454,-9.912335,-8.999804,2.736573,1.015141,-0.005012,2.476454,0.117525,1046.28,1,1046.28
0.155534,196.3477,-51.503906,0.334841,-9.909032,-9.293094,0.594959,1.291672,-0.298301,0.334841,0.394055,1060.09,1,1060.09
0.157788,193.2715,-54.580078,-3.246885,-9.915236,-10.059238,-2.986767,2.673126,-1.064445,-3.246885,1.775509,1073.87,1,1073.87
0.160045,189.6680,-58.183594,2.778124,-9.914368,-8.625112,3.038242,0.336385,0.369681,2.778124,-0.561231,1094.48,1,1094.48
0.162307,186.4160,-61.435547,4.126060,-9.905988,-8.328231,4.386178,-0.617704,0.666562,4.126060,-1.515321,1108.18,1,1108.18
0.164562,183.4277,-64.423828,0.811287,-9.901742,-8.729259,1.071405,0.764947,0.265533,0.811287,-0.132669,1121.84,1,1121.84
0.166816,180.1758,-67.675781,-2.295190,-9.905415,-9.233239,-2.035071,1.674744,-0.238446,-2.295190,0.777127,1135.47,1,1135.47
0.169070,176.7480,-71.103516,0.462931,-9.909019,-9.570822,0.723049,1.589750,-0.576029,0.462931,0.692133,1155.83,1,1155.83
0.171333,173.6719,-74.179687,2.153237,-9.904961,-9.361329,2.413355,0.556652,-0.366536,2.153237,-0.340965,1169.36,1,1169.36
0.173589,170.6836,-77.167969,-1.687062,-9.906601,-9.066842,-1.426944,0.835576,-0.072049,-1.687062,-0.062040,1182.85,1,1182.85
0.175845,167.2559,-80.595703,-4.208157,-9.914756,-8.582016,-3.948039,0.939724,0.412777,-4.208157,0.042107,1196.29,1,1196.29
0.178102,164.1797,-83.671875,2.077820,-9.917004,-8.933964,2.337938,0.401029,0.060829,2.077820,-0.496588,1216.37,1,1216.37
0.180362,161.1035,-86.748047,4.460051,-9.908644,-8.980651,4.720169,1.185130,0.014142,4.460051,0.287513,1229.69,1,1229.69
0.182616,158.1152,-89.736328,-0.363069,-9.906091,-9.704897,-0.102951,1.849521,-0.710104,-0.363069,0.951904,1242.96,1,1242.96
0.184873,155.1270,-92.724609,-1.139987,-9.911312,-8.692149,-0.879869,1.704672,0.302644,-1.139987,0.807055,1256.19,1,1256.19
0.187128,152.3145,-95.537109,3.844741,-9.907443,-8.617929,4.104859,-0.193930,0.376863,3.844741,-1.091547,1275.92,1,1275.92
0.189389,149.5898,-98.261719,1.049510,-9.901124,-9.544485,1.309628,-0.582988,-0.549692,1.049510,-1.480605,1289.01,1,1289.01
0.191645,146.9531,-100.898437,-3.968737,-9.907406,-9.108741,-3.708618,1.128866,-0.113948,-3.968737,0.231249,1302.04,1,1302.04
0.193899,144.1406,-103.710937,-1.062176,-9.915496,-9.002198,-0.802058,1.395820,-0.007405,-1.062176,0.498203,1315.01,1,1315.01
0.196156,141.6797,-106.171875,2.150843,-9.913444,-9.318233,2.410961,0.999579,-0.323441,2.150843,0.101962,1334.35,1,1334.35
0.198416,139.1309,-108.720703,0.571867,-9.910612,-9.179369,0.831985,0.925359,-0.184576,0.571867,0.027742,1347.16,1,1347.16
0.200671,136.6699,-111.181641,-2.776424,-9.915147,-8.889671,-2.516306,1.140837,0.105122,-2.776424,0.243220,1359.91,1,1359.91
0.202928,134.1211,-113.730469,0.473705,-9.918197,-8.908825,0.733823,0.939724,0.085968,0.473705,0.042107,1372.60,1,1372.60
0.205186,131.8359,-116.015625,1.834808,-9.915346,-9.698911,2.094927,1.346738,-0.704118,1.834808,0.449122,1391.49,1,1391.49
0.207448,129.5508,-118.300781,0.717913,-9.912600,-9.453506,0.978031,0.606930,-0.458713,0.717913,-0.290687,1403.99,1,1403.99
0.209704,127.3535,-120.498047,-1.156747,-9.914255,-8.938752,-0.896629,0.221464,0.056041,-1.156747,-0.676153,1416.43,1,1416.43
0.211961,125.1563,-122.695312,-2.007885,-9.918307,-9.060856,-1.747767,0.883460,-0.066063,-2.007885,-0.014156,1428.78,1,1428.78
0.214219,122.8711,-124.980469,-1.992323,-9.923216,-8.975863,-1.732205,1.924938,0.018930,-1.992323,1.027321,1447.17,1,1447.17
0.216911,119.0918,-128.759766,-9.039656,-9.947541,-9.405622,-8.779537,0.675165,-0.410829,-9.039656,-0.222452,1459.33,1,1459.33
0.219169,116.1035,-131.748047,-7.179361,-9.968318,-9.718064,-6.919243,0.112527,-0.723271,-7.179361,-0.785089,1477.42,1,1477.42
0.221427,113.1152,-134.736328,-2.256882,-9.977173,-8.378509,-1.996764,0.676362,0.616284,-2.256882,-0.221255,1489.37,1,1489.37
0.223682,110.3906,-137.460937,-1.993520,-9.981283,-8.671799,-1.733402,0.672771,0.322994,-1.993520,-0.224846,1501.24,1,1501.24
0.225941,107.5781,-140.273437,-2.997888,-9.988680,-9.906010,-2.737770,1.944092,-0.911217,-2.997888,1.046475,1513.01,1,1513.01
0.228196,105.0293,-142.822266,0.570670,-9.991942,-9.515755,0.830788,0.404620,-0.520962,0.570670,-0.492997,1530.51,1,1530.51
0.230453,102.3047,-145.546875,3.841149,-9.985824,-8.626308,4.101267,0.070629,0.368484,3.841149,-0.826988,1542.05,1,1542.05
0.232710,99.7559,-148.095703,1.746223,-9.979800,-8.555679,2.006341,0.708684,0.439114,1.746223,-0.188933,1553.50,1,1553.50
0.234969,97.2949,-150.556641,-2.472361,-9.983423,-9.739613,-2.212242,1.461660,-0.744820,-2.472361,0.564043,1564.86,1,1564.86
0.237226,94.6582,-153.193359,-0.631219,-9.987104,-9.181764,-0.371101,0.871489,-0.186971,-0.631219,-0.026127,1581.70,1,1581.70
0.239487,92.1973,-155.654297,-0.055414,-9.987188,-9.095572,0.204704,0.624887,-0.100780,-0.055414,-0.272730,1592.81,1,1592.81
0.241743,89.8242,-158.027344,-0.990350,-9.988464,-8.828619,-0.730232,0.881066,0.166174,-0.990350,-0.016551,1603.80,1,1603.80
0.244005,87.2754,-160.576172,-0.240965,-9.992143,-9.271546,0.019154,1.388637,-0.276753,-0.240965,0.491020,1620.10,1,1620.10
0.251573,79.1016,-168.750000,1.460116,-9.981092,-8.428787,1.720234,0.939724,0.566006,1.460116,0.042107,1657.17,1,1657.17
0.253630,76.9922,-170.859375,3.559831,-9.974082,-9.050082,3.819949,0.483629,-0.055289,3.559831,-0.413988,1667.50,1,1667.50
0.255887,74.5313,-173.320312,-1.679880,-9.973547,-9.021352,-1.419762,0.410606,-0.026559,-1.679880,-0.487011,1677.71,1,1677.71
0.258155,71.8945,-175.957031,-3.738893,-9.980108,-9.090784,-3.478775,0.985214,-0.095991,-3.738893,0.087597,1692.81,1,1692.81
0.260412,69.5215,-178.330078,-0.559393,-9.984571,-9.259575,-0.299275,1.428141,-0.264782,-0.559393,0.530524,1702.72,1,1702.72
0.262668,66.9727,-180.878906,3.130071,-9.978529,-9.311050,3.390190,0.839168,-0.316257,3.130071,-0.058449,1712.51,1,1712.51
0.264925,64.3359,-183.515625,-3.042181,-9.982170,-8.759187,-2.782062,0.970849,0.235606,-3.042181,0.073232,1722.16,1,1722.16
0.267181,61.8750,-185.976562,1.108168,-9.984649,-7.896077,1.368286,1.555034,1.098716,1.108168,0.657417,1736.41,1,1736.41
0.269442,59.3262,-188.525391,3.713059,-9.977524,-9.319430,3.973178,0.363919,-0.324637,3.713059,-0.533698,1745.74,1,1745.74
0.271698,56.7773,-191.074219,2.493214,-9.970179,-9.757569,2.753332,0.535104,-0.762776,2.493214,-0.362513,1754.94,1,1754.94
0.273954,54.3164,-193.535156,-2.538201,-9.973151,-8.910022,-2.278083,1.491588,0.084771,-2.538201,0.593971,1764.00,1,1764.00
0.276212,51.5039,-196.347656,-0.777266,-9.977466,-8.682572,-0.517148,0.342371,0.312221,-0.777266,-0.555246,1777.34,1,1777.34
0.278475,48.8672,-198.984375,0.541939,-9.976556,-9.097966,0.802058,-0.105345,-0.103173,0.541939,-1.002962,1786.05,1,1786.05
0.280731,46.1426,-201.708984,-2.250897,-9.979206,-9.518148,-1.990779,1.517924,-0.523355,-2.250897,0.620307,1794.62,1,1794.62
0.282987,43.4180,-204.433594,-1.342297,-9.983393,-8.766370,-1.082179,1.947683,0.228423,-1.342297,1.050066,1803.04,1,1803.04
0.285247,40.6055,-207.246094,0.835229,-9.984369,-9.224859,1.095347,1.806425,-0.230066,0.835229,0.908808,1815.41,1,1815.41
0.287509,37.8809,-209.970703,5.451250,-9.974743,-9.050082,5.711368,0.442927,-0.055289,5.451250,-0.454690,1823.46,1,1823.46
0.289766,35.2441,-212.607422,-0.947254,-9.967159,-8.955511,-0.687136,-0.063446,0.039282,-0.947254,-0.961063,1831.36,1,1831.36
0.292020,32.4316,-215.419922,-3.193015,-9.973621,-8.572439,-2.932897,1.359907,0.422354,-3.193015,0.462290,1842.92,1,1842.92
0.294275,29.6191,-218.232422,3.083385,-9.972008,-8.790312,3.343503,1.148020,0.204481,3.083385,0.250403,1850.43,1,1850.43
0.296362,26.8945,-220.957031,0.901070,-9.970128,-9.684546,1.161188,0.247800,-0.689753,0.901070,-0.649817,1857.78,1,1857.78
0.298617,23.8184,-224.033203,-1.749312,-9.973304,-9.330204,-1.489193,0.932542,-0.335411,-1.749312,0.034925,1864.97,1,1864.97
0.300874,20.9180,-226.933594,-1.163929,-9.978814,-8.846576,-0.903811,1.453280,0.148217,-1.163929,0.555664,1872.00,1,1872.00
0.303130,18.0176,-229.833984,1.843188,-9.977818,-8.760384,2.103306,0.913388,0.234409,1.843188,0.015771,1882.23,1,1882.23
0.305394,15.1172,-232.734375,3.221051,-9.970887,-8.911219,3.481169,0.430956,0.083574,3.221051,-0.466661,1888.84,1,1888.84
0.307649,12.1289,-235.722656,0.824455,-9.966942,-9.114726,1.084573,0.581791,-0.119933,0.824455,-0.315826,1895.28,1,1895.28
0.309903,9.0527,-238.798828,-0.628825,-9.970252,-9.239224,-0.368707,1.370680,-0.244431,-0.628825,0.473064,1901.55,1,1901.55
0.312161,6.1523,-241.699219,0.875931,-9.969498,-9.024943,1.136049,1.438915,-0.030150,0.875931,0.541298,1910.62,1,1910.62
0.314423,3.1641,-244.687500,0.535954,-9.967801,-9.064447,0.796072,0.678756,-0.069654,0.535954,-0.218861,1916.45,1,1916.45
0.316680,0.1758,-247.675781,-0.329550,-9.968764,-8.741230,-0.069432,0.381875,0.253563,-0.329550,-0.515742,1922.10,1,1922.10
0.318934,357.0996,-250.751953,1.548701,-9.967002,-8.929175,1.808819,0.690727,0.065618,1.548701,-0.206890,1927.56,1,1927.56
0.321187,354.1992,-253.652344,1.427794,-9.963525,-9.445126,1.687912,1.042675,-0.450333,1.427794,0.145058,1935.42,1,1935.42
0.323448,351.2109,-256.640625,-3.114007,-9.967570,-9.308656,-2.853889,1.183933,-0.313863,-3.114007,0.286316,1940.43,1,1940.43
0.325704,348.2227,-259.628906,0.841215,-9.972015,-8.516175,1.101333,0.763750,0.478618,0.841215,-0.133867,1945.25,1,1945.25
0.327961,345.4980,-262.353516,2.489622,-9.967487,-8.754398,2.749741,0.921768,0.240395,2.489622,0.024151,1949.87,1,1949.87
0.330216,342.3340,-265.517578,1.122533,-9.963669,-9.103952,1.382651,0.596156,-0.109159,1.122533,-0.301461,1956.46,1,1956.46
0.332474,339.6094,-268.242187,-2.320329,-9.967087,-9.502586,-2.060210,1.406593,-0.507793,-2.320329,0.508977,1960.60,1,1960.60
0.334729,336.7090,-271.142578,-0.243359,-9.969709,-9.135077,0.016759,0.755371,-0.140284,-0.243359,-0.142246,1964.55,1,1964.55
0.336986,333.8965,-273.955078,1.257806,-9.968937,-9.271546,1.517924,0.562637,-0.276753,1.257806,-0.334979,1968.30,1,1968.30
0.339243,330.9961,-276.855469,0.279774,-9.967022,-8.829816,0.539892,0.827197,0.164977,0.279774,-0.070420,1973.55,1,1973.55
0.341503,328.1836,-279.667969,-2.145552,-9.971139,-8.957906,-1.885434,0.981623,0.036887,-2.145552,0.084006,1976.80,1,1976.80
0.343760,325.5469,-282.304687,0.490464,-9.972104,-9.030929,0.750582,0.554258,-0.036136,0.490464,-0.343359,1979.84,1,1979.84
0.346017,322.7344,-285.117187,2.298086,-9.969001,-9.120711,2.558204,1.033098,-0.125918,2.298086,0.135481,1984.02,1,1984.02
0.348276,320.1855,-287.666016,0.637707,-9.965952,-9.442732,0.897826,1.393425,-0.447939,0.637707,0.495808,1986.54,1,1986.54
0.350534,317.2852,-290.566406,-0.971196,-9.967132,-9.139865,-0.711078,0.349553,-0.145072,-0.971196,-0.548063,1988.85,1,1988.85
0.352793,314.6484,-293.203125,-1.481161,-9.970253,-8.741230,-1.221043,0.970849,0.253563,-1.481161,0.073232,1990.95,1,1990.95
0.355047,312.0996,-295.751953,-1.682274,-9.973922,-9.058462,-1.422156,1.084573,-0.063669,-1.682274,0.186957,1993.70,1,1993.70
0.357304,309.4629,-298.388672,1.594191,-9.972695,-9.084799,1.854309,0.805649,-0.090006,1.594191,-0.091968,1995.26,1,1995.26
0.359561,307.0898,-300.761719,0.595809,-9.969608,-9.033323,0.855927,0.135272,-0.038530,0.595809,-0.762344,1996.60,1,1996.60
0.361822,304.2773,-303.574219,-1.921694,-9.974575,-9.223662,-1.661576,1.124078,-0.228869,-1.921694,0.226461,1997.72,1,1997.72
0.370898,294.3457,-313.505859,-0.668330,-9.980640,-8.798691,-0.408211,1.316811,0.196102,-0.668330,0.419194,2000.00,1,2000.00
0.372930,292.1484,-315.703125,1.298507,-9.979931,-9.260772,1.558625,0.930147,-0.265979,1.298507,0.032530,1999.88,1,1999.88
0.375187,289.5996,-318.251953,0.443777,-9.977529,-9.191340,0.703895,0.593762,-0.196548,0.443777,-0.303855,1999.27,1,1999.27
0.377455,287.0508,-320.800781,-4.120769,-9.985070,-9.490616,-3.860650,1.052252,-0.495823,-4.120769,0.154635,1998.57,1,1998.57
0.379712,284.6777,-323.173828,2.079017,-9.986182,-8.450335,2.339135,0.893037,0.544458,2.079017,-0.004580,1997.64,1,1997.64
0.381969,282.3047,-325.546875,2.587785,-9.980159,-9.182961,2.847903,0.349553,-0.188168,2.587785,-0.548063,1996.47,1,1996.47
0.384224,279.7559,-328.095703,-0.583335,-9.978591,-9.414001,-0.323217,0.764947,-0.419209,-0.583335,-0.132669,1994.28,1,1994.28
0.386485,277.2949,-330.556641,-3.306740,-9.985206,-9.367314,-3.046622,1.640028,-0.372521,-3.306740,0.742411,1992.51,1,1992.51
0.388744,274.7461,-333.105469,1.753405,-9.987656,-8.993818,2.013524,0.502782,0.000975,1.753405,-0.394835,1990.51,1,1990.51
0.391002,272.2852,-335.566406,3.447303,-9.980609,-8.785523,3.707421,0.384269,0.209270,3.447303,-0.513348,1988.27,1,1988.27
0.393256,269.6484,-338.203125,0.059508,-9.978230,-9.099164,0.319626,0.927753,-0.104371,0.059508,0.030136,1984.44,1,1984.44
0.395514,267.0117,-340.839844,-1.910920,-9.981581,-8.953117,-1.650802,1.297657,0.041676,-1.910920,0.400041,1981.59,1,1981.59
0.397769,264.4629,-343.388672,-1.226179,-9.986755,-9.200917,-0.966060,1.179144,-0.206124,-1.226179,0.281528,1978.49,1,1978.49
0.400023,261.9141,-345.937500,0.417441,-9.987178,-9.148245,0.677559,0.670376,-0.153452,0.417441,-0.227240,1973.37,1,1973.37
0.402278,259.1895,-348.662109,1.627710,-9.984238,-8.617929,1.887828,0.581791,0.376863,1.627710,-0.315826,1969.65,1,1969.65
0.404539,256.2891,-351.562500,0.403076,-9.982382,-8.941146,0.663194,0.681150,0.053647,0.403076,-0.216466,1965.68,1,1965.68
0.406793,253.3887,-354.462891,-0.936480,-9.982116,-9.526528,-0.676362,1.149217,-0.531735,-0.936480,0.251600,1961.45,1,1961.45
0.409048,250.6641,-357.187500,-1.380605,-9.985846,-9.279925,-1.120486,1.468843,-0.285132,-1.380605,0.571226,1954.64,1,1954.64
0.411305,247.5879,-360.263672,1.827626,-9.983152,-8.731653,2.087744,0.756568,0.263140,1.827626,-0.141049,1949.79,1,1949.79
0.413566,244.5996,-363.251953,-0.920918,-9.981282,-9.054871,-0.660800,0.451307,-0.060078,-0.920918,-0.446310,1944.68,1,1944.68
0.415820,241.1719,-366.679687,-2.732131,-9.986068,-9.198523,-2.472013,1.408988,-0.203730,-2.732131,0.511371,1939.31,1,1939.31
0.418075,238.0078,-369.843750,2.475257,-9.986691,-8.793902,2.735375,1.468843,0.200891,2.475257,0.571226,1930.78,1,1930.78
0.420329,234.6680,-373.183594,1.809669,-9.981009,-9.308656,2.069787,0.984017,-0.313863,1.809669,0.086400,1924.77,1,1924.77
0.422588,230.8887,-376.962891,-2.303569,-9.982990,-9.276335,-2.043451,1.417367,-0.281542,-2.303569,0.519751,1918.50,1,1918.50
0.424844,227.4609,-380.390625,-0.124846,-9.986605,-8.712500,0.135272,1.316811,0.282293,-0.124846,0.419194,1911.98,1,1911.98
0.427102,223.2422,-384.609375,1.897058,-9.983625,-8.839393,2.157176,0.270545,0.155400,1.897058,-0.627072,1901.70,1,1901.70
0.429360,219.3750,-388.476562,-0.349901,-9.982981,-9.257181,-0.089783,0.214281,-0.262388,-0.349901,-0.683336,1894.52,1,1894.52
0.431622,215.2441,-392.607422,1.008809,-9.983683,-8.870518,1.268927,1.447295,0.124275,1.008809,0.549678,1887.08,1,1887.08
0.433879,210.8496,-397.001953,3.430544,-9.977904,-8.860941,3.690662,1.085770,0.133852,3.430544,0.188154,1879.37,1,1879.37
0.436134,206.2793,-401.572266,-1.945636,-9.977587,-9.568427,-1.685518,1.122881,-0.573634,-1.945636,0.225264,1867.33,1,1867.33
0.438388,201.5332,-406.318359,-2.128793,-9.982986,-9.271546,-1.868674,1.331176,-0.276753,-2.128793,0.433559,1858.97,1,1858.97
0.440650,197.1387,-410.712891,1.069861,-9.984117,-8.576031,1.329979,0.659603,0.418762,1.069861,-0.238014,1850.34,1,1850.34
0.442907,192.3047,-415.546875,3.197109,-9.978390,-8.898050,3.457227,0.294487,0.096743,3.197109,-0.603130,1841.45,1,1841.45
0.445161,187.4707,-420.380859,-0.621643,-9.976399,-9.386468,-0.361524,0.979228,-0.391675,-0.621643,0.081612,1827.62,1,1827.62
0.447416,182.6367,-425.214844,-2.616013,-9.981897,-9.300277,-2.355895,1.726219,-0.305484,-2.616013,0.828603,1818.07,1,1818.07
0.449501,177.9785,-429.873047,3.575393,-9.974442,-8.973468,3.835511,0.650026,0.021325,3.575393,-0.247591,1808.25,1,1808.25
0.451757,173.4082,-434.443359,1.710310,-9.967646,-9.076419,1.970428,0.574608,-0.081626,1.710310,-0.323008,1798.17,1,1798.17
0.454012,168.6621,-439.189453,-0.636008,-9.966750,-8.823831,-0.375890,1.049857,0.170962,-0.636008,0.152241,1782.55,1,1782.55
0.456266,164.0918,-443.759766,-2.693824,-9.971660,-8.900445,-2.433706,0.974440,0.094348,-2.693824,0.076823,1771.80,1,1771.80
0.458527,159.5215,-448.330078,0.240270,-9.974861,-9.204509,0.500388,0.963666,-0.209716,0.240270,0.066049,1760.79,1,1760.79
0.460782,155.1270,-452.724609,0.855580,-9.973370,-9.242816,1.115698,1.435324,-0.248023,0.855580,0.537707,1749.51,1,1749.51
0.463037,150.9961,-456.855469,0.576655,-9.971721,-9.089587,0.836774,1.502362,-0.094794,0.576655,0.604745,1732.10,1,1732.10
0.465294,147.1289,-460.722656,0.234284,-9.971572,-8.966286,0.494403,0.950498,0.028507,0.234284,0.052881,1720.15,1,1720.15
0.467552,142.9980,-464.853516,0.464128,-9.968780,-8.947132,0.724246,0.608127,0.047661,0.464128,-0.289490,1707.95,1,1707.95
0.469813,139.0430,-468.808594,0.161261,-9.968818,-9.218874,0.421380,0.962469,-0.224081,0.161261,0.064852,1695.47,1,1695.47
0.472069,135.5273,-472.324219,-0.110481,-9.968624,-9.046491,0.149638,1.127669,-0.051698,-0.110481,0.230052,1676.27,1,1676.27
0.474325,131.8359,-476.015625,-0.151182,-9.969065,-9.305065,0.108936,1.067814,-0.310272,-0.151182,0.170197,1663.13,1,1663.13
0.476580,128.5840,-479.267578,-0.097312,-9.969838,-9.077616,0.162806,1.180341,-0.082823,-0.097312,0.282725,1649.74,1,1649.74
0.478841,125.3320,-482.519531,-0.049428,-9.969863,-8.669404,0.210690,0.877475,0.325389,-0.049428,-0.020142,1636.08,1,1636.08
0.481098,122.1680,-485.683594,0.081056,-9.969788,-8.766370,0.341174,0.661997,0.228423,0.081056,-0.235620,1615.09,1,1615.09
0.488666,112.5000,-495.351562,2.187953,-9.953229,-8.765172,2.448071,0.608127,0.229621,2.187953,-0.289490,1563.85,1,1563.85
0.490725,109.9512,-497.900391,3.145634,-9.947156,-8.886080,3.405752,0.887052,0.108713,3.145634,-0.010565,1548.62,1,1548.62
0.492994,107.2266,-500.625000,-0.637205,-9.945187,-9.107543,-0.377087,0.969652,-0.112750,-0.637205,0.072035,1533.14,1,1533.14
0.495254,104.5020,-503.349609,-2.722555,-9.950453,-9.246407,-2.462436,0.784101,-0.251614,-2.722555,-0.113516,1509.43,1,1509.43
0.497512,102.0410,-505.810547,-0.202657,-9.954160,-9.112331,0.057461,1.063026,-0.117538,-0.202657,0.165409,1493.30,1,1493.30
0.499769,99.3164,-508.535156,0.853186,-9.953532,-9.254786,1.113304,1.444901,-0.259994,0.853186,0.547284,1476.92,1,1476.92
0.502030,96.9434,-510.908203,2.022753,-9.949871,-8.972271,2.282871,0.999579,0.022522,2.022753,0.101962,1451.88,1,1451.88
0.504286,94.4824,-513.369141,-1.488344,-9.950637,-8.951921,-1.228225,0.679953,0.042872,-1.488344,-0.217664,1434.86,1,1434.86
0.506542,91.8457,-516.005859,-1.202237,-9.955611,-9.093178,-0.942118,0.944513,-0.098385,-1.202237,0.046896,1417.60,1,1417.60
0.508800,89.9121,-517.939453,1.859948,-9.955144,-9.143456,2.120066,1.193510,-0.148664,1.859948,0.295893,1400.09,1,1400.09
0.511061,88.3301,-519.521484,11.673779,-9.937690,-8.990228,11.933898,1.199495,0.004565,11.673779,0.301878,1373.36,1,1373.36
0.513316,86.9238,-520.927734,10.908833,-9.909290,-8.588001,11.168951,0.798466,0.406792,10.908833,-0.099151,1355.24,1,1355.24
0.515574,85.0781,-522.773438,-1.278851,-9.905382,-9.939528,-1.018733,1.739388,-0.944736,-1.278851,0.841771,1336.86,1,1336.86
0.517832,83.4961,-524.355469,-0.883808,-9.909104,-9.190144,-0.623690,0.748188,-0.195351,-0.883808,-0.149429,1318.25,1,1318.25
0.520097,81.9141,-525.937500,3.902201,-9.902647,-7.808689,4.162320,-0.247800,1.186104,3.902201,-1.145417,1289.88,1,1289.88
0.522352,80.3320,-527.519531,3.722636,-9.893332,-8.129512,3.982754,0.650026,0.865281,3.722636,-0.247591,1270.67,1,1270.67
0.524608,78.7500,-529.101563,-5.867338,-9.899025,-10.105926,-5.607220,2.105700,-1.111133,-5.867338,1.208084,1251.22,1,1251.22
0.526862,76.9922,-530.859375,-5.821848,-9.913558,-9.970653,-5.561730,2.396596,-0.975860,-5.821848,1.498979,1231.54,1,1231.54
0.528947,75.5859,-532.265625,0.735870,-9.912024,-8.938752,0.995988,1.065420,0.056041,0.735870,0.167803,1211.63,1,1211.63
0.531203,74.0039,-533.847656,4.578564,-9.903268,-8.248025,4.838682,-0.161609,0.746768,4.578564,-1.059225,1181.33,1,1181.33
0.533460,72.4219,-535.429688,0.885507,-9.896086,-9.068039,1.145625,0.248997,-0.073246,0.885507,-0.648620,1160.85,1,1160.85
0.535714,70.7520,-537.099609,-0.477991,-9.896013,-9.406818,-0.217872,0.847547,-0.412025,-0.477991,-0.050069,1140.14,1,1140.14
0.537972,69.1699,-538.681641,-1.218996,-9.898149,-9.364920,-0.958878,1.523909,-0.370127,-1.218996,0.626292,1119.21,1,1119.21
0.540230,67.3242,-540.527344,-1.106468,-9.900768,-9.544485,-0.846350,1.981202,-0.549692,-1.106468,1.083585,1087.40,1,1087.40
0.542488,65.7422,-542.109375,1.578629,-9.899908,-9.060856,1.838747,0.831985,-0.066063,1.578629,-0.065632,1065.93,1,1065.93
0.544746,64.1602,-543.691406,0.315687,-9.896996,-8.293514,0.575805,0.253785,0.701279,0.315687,-0.643831,1044.24,1,1044.24
0.547005,62.4023,-545.449219,-2.936836,-9.900879,-8.689755,-2.676718,0.624887,0.305037,-2.936836,-0.272730,1011.31,1,1011.31
0.549261,60.6445,-547.207031,-2.094077,-9.907089,-9.435549,-1.833959,1.011550,-0.440756,-2.094077,0.113933,989.10,1,989.10
0.551518,58.9746,-548.876953,4.852700,-9.899846,-8.971074,5.112818,1.115698,0.023719,4.852700,0.218081,966.68,1,966.68
0.553774,57.6563,-550.195313,2.571025,-9.890703,-8.937555,2.831144,1.070208,0.057238,2.571025,0.172591,944.06,1,944.06
0.556035,56.6016,-551.250000,1.716295,-9.888449,-9.159019,1.976413,1.090559,-0.164226,1.716295,0.192942,909.77,1,909.77
0.558292,55.8984,-551.953125,10.548505,-9.868822,-8.188169,10.808623,0.899023,0.806623,10.548505,0.001406,886.66,1,886.66
0.560546,55.1074,-552.744141,4.607294,-9.851188,-9.688137,4.867412,0.928950,-0.693344,4.607294,0.031333,863.35,1,863.35
0.562802,54.3164,-553.535156,-2.680656,-9.850209,-10.395624,-2.420538,1.203086,-1.400831,-2.680656,0.305470,839.86,1,839.86
0.565061,53.3496,-554.501953,0.509618,-9.851529,-8.862138,0.769736,0.867898,0.132655,0.509618,-0.029719,804.28,1,804.28
0.567323,52.5586,-555.292969,3.959662,-9.846513,-8.184579,4.219780,0.658405,0.810214,3.959662,-0.239211,780.34,1,780.34
0.569580,51.6797,-556.171875,-2.217378,-9.842784,-8.933964,-1.957260,0.369904,0.060829,-2.217378,-0.527713,756.21,1,756.21
0.571834,50.6250,-557.226563,-4.034577,-9.851612,-9.713276,-3.774459,2.102109,-0.718483,-4.034577,1.204492,731.92,1,731.92
0.574091,49.8340,-558.017578,-0.030275,-9.854295,-9.014170,0.229843,2.452860,-0.019377,-0.030275,1.555243,695.16,1,695.16
0.576352,48.9551,-558.896484,3.497581,-9.846140,-8.984241,3.757699,-0.350751,0.010551,3.497581,-1.248367,670.44,1,670.44
0.578607,48.1641,-559.687500,-3.085276,-9.846462,-9.358934,-2.825158,-0.093374,-0.364141,-3.085276,-0.990991,645.56,1,645.56
0.580863,47.1973,-560.654297,0.628131,-9.848654,-8.935161,0.888249,0.936133,0.059632,0.628131,0.038516,620.53,1,620.53
0.583121,46.3184,-561.533203,3.222248,-9.842598,-8.773552,3.482366,0.885855,0.221241,3.222248,-0.011762,582.69,1,582.69
0.585381,45.4395,-562.412109,-2.127595,-9.839404,-9.337387,-1.867477,1.618480,-0.342594,-2.127595,0.720863,557.28,1,557.28
0.587637,44.5605,-563.291016,-0.805996,-9.843873,-9.342175,-0.545878,1.568202,-0.347383,-0.805996,0.670585,531.73,1,531.73
0.589894,43.7695,-564.082031,0.588626,-9.843226,-9.068039,0.848745,1.066617,-0.073246,0.588626,0.169000,506.03,1,506.03
0.592149,42.8027,-565.048828,-0.454049,-9.844111,-8.932767,-0.193930,0.281319,0.062026,-0.454049,-0.616298,467.24,1,467.24
0.594410,41.9238,-565.927734,-1.976761,-9.847504,-8.831013,-1.716643,0.519542,0.163780,-1.976761,-0.378075,441.21,1,441.21
0.596667,42.0996,-565.751953,6.938049,-9.844019,-8.953117,7.198167,1.059434,0.041676,6.938049,0.161817,415.06,1,415.06
0.598923,42.2754,-565.576172,15.138189,-9.815368,-8.446744,15.398308,1.314417,0.548049,15.138189,0.416800,388.79,1,388.79
0.607923,42.2754,-565.576172,1.903043,-9.798241,-8.001422,2.163161,-0.374693,0.993371,1.903043,-1.272309,269.18,1,269.18
0.609993,42.1875,-565.664063,-1.847474,-9.799937,-8.468291,-1.587356,0.104148,0.526502,-1.847474,-0.793469,242.32,1,242.32
0.612249,42.2754,-565.576172,-4.512220,-9.809484,-9.493010,-4.252102,2.048239,-0.498217,-4.512220,1.150623,201.86,1,201.86
0.614506,42.2754,-565.576172,1.229075,-9.811703,-9.672575,1.489193,1.939303,-0.677782,1.229075,1.041687,174.77,1,174.77
0.616762,42.1875,-565.664063,2.377095,-9.806957,-9.178172,2.637213,0.806846,-0.183379,2.377095,-0.090771,147.61,1,147.61
0.619020,42.1875,-565.664063,0.322870,-9.804963,-8.813056,0.582988,0.452504,0.181737,0.322870,-0.445113,106.73,1,106.73
0.621281,42.2754,-565.576172,1.270974,-9.804367,-8.699332,1.531092,-0.093374,0.295461,1.270974,-0.990991,79.39,1,79.39
0.623535,42.2754,-565.576172,2.507579,-9.799713,-8.732851,2.767697,0.149638,0.261942,2.507579,-0.747979,51.99,1,51.99
0.625789,42.3633,-565.488281,0.456945,-9.795977,-9.141062,0.717063,1.430536,-0.146269,0.456945,0.532919,24.53,1,24.53
0.628044,42.3633,-565.488281,-2.041404,-9.799416,-9.583989,-1.781286,1.872266,-0.589196,-2.041404,0.974649,16.76,-1,-16.76
0.630308,42.1875,-565.664063,-1.563761,-9.804335,-9.329007,-1.303643,1.168370,-0.334214,-1.563761,0.270754,44.34,-1,-44.34
0.632563,42.1875,-565.664063,-0.371449,-9.806379,-8.595184,-0.111330,0.639252,0.399609,-0.371449,-0.258365,71.96,-1,-71.96
0.634821,42.1875,-565.664063,-0.182307,-9.806881,-8.567651,0.077812,0.124498,0.427142,-0.182307,-0.773118,99.61,-1,-99.61
0.637076,42.1875,-565.664063,0.004441,-9.807181,-9.100361,0.264559,0.514753,-0.105568,0.004441,-0.382864,141.15,-1,-141.15
0.639335,42.2754,-565.576172,2.475257,-9.803864,-9.083601,2.735375,1.334767,-0.088808,2.475257,0.437151,168.86,-1,-168.86
0.641594,42.2754,-565.576172,1.433780,-9.799026,-9.210494,1.693898,1.074997,-0.215701,1.433780,0.177380,196.59,-1,-196.59
0.643853,42.2754,-565.576172,-1.060979,-9.799302,-9.421184,-0.800860,0.821211,-0.426391,-1.060979,-0.076406,224.33,-1,-224.33
0.646110,42.3633,-565.488281,-1.648755,-9.803090,-9.139865,-1.388637,0.746991,-0.145072,-1.648755,-0.150626,265.95,-1,-265.95
0.648370,42.1875,-565.664063,-0.505524,-9.804921,-8.628703,-0.245406,0.471658,0.366090,-0.505524,-0.425959,293.68,-1,-293.68
0.650627,42.1875,-565.664063,-0.846698,-9.806296,-8.863335,-0.586579,0.512359,0.131458,-0.846698,-0.385258,321.41,-1,-321.41
0.652883,42.1875,-565.664063,-0.843106,-9.808332,-9.321824,-0.582988,1.126472,-0.327031,-0.843106,0.228855,349.12,-1,-349.12
0.655139,42.2754,-565.576172,0.874733,-9.807454,-9.200917,1.134852,1.529895,-0.206124,0.874733,0.632278,390.65,-1,-390.65
0.657399,42.3633,-565.488281,1.263791,-9.803941,-9.150639,1.523909,1.211466,-0.155846,1.263791,0.313849,418.29,-1,-418.29
0.659656,42.2754,-565.576172,-0.116466,-9.802660,-9.144653,0.143652,0.780510,-0.149860,-0.116466,-0.117107,445.90,-1,-445.90
0.661912,42.2754,-565.576172,-0.443275,-9.803691,-8.907627,-0.183156,0.571017,0.087166,-0.443275,-0.326600,473.47,-1,-473.47
0.664168,42.2754,-565.576172,-0.051823,-9.803989,-8.835801,0.208296,0.494403,0.158992,-0.051823,-0.403214,514.72,-1,-514.72
0.666428,42.3633,-565.488281,-0.813179,-9.804965,-9.159019,-0.553061,0.615310,-0.164226,-0.813179,-0.282307,542.16,-1,-542.16
0.668685,43.4180,-564.433594,3.999167,-9.803873,-9.224859,4.259285,1.145625,-0.230066,3.999167,0.248009,569.53,-1,-569.53
0.670941,44.4727,-563.378906,13.893205,-9.774827,-8.173804,14.153323,1.170765,0.820989,13.893205,0.273148,596.83,-1,-596.83
0.673196,45.5273,-562.324219,1.718690,-9.760660,-10.241198,1.978808,1.862689,-1.246405,1.718690,0.965072,637.63,-1,-637.63
0.675459,46.3184,-561.533203,0.509618,-9.758520,-9.944317,0.769736,1.429338,-0.949524,0.509618,0.531722,664.73,-1,-664.73
0.677718,47.1973,-560.654297,2.026344,-9.756137,-7.976283,2.286463,-0.598550,1.018510,2.026344,-1.496167,691.73,-1,-691.73
0.679975,48.3398,-559.511719,0.885507,-9.752143,-7.623138,1.145625,-0.189142,1.371655,0.885507,-1.086759,718.64,-1,-718.64
0.682230,49.0430,-558.808594,-2.157523,-9.754670,-9.155427,-1.897405,0.774524,-0.160634,-2.157523,-0.123093,758.80,-1,-758.80
0.684489,50.0098,-557.841797,-4.819875,-9.763665,-10.171766,-4.559757,2.619257,-1.176973,-4.819875,1.721640,785.44,-1,-785.44
0.686745,50.7129,-557.138672,0.671226,-9.766814,-9.654618,0.931344,2.285265,-0.659825,0.671226,1.387649,811.95,-1,-811.95
0.689002,51.8555,-555.996094,0.762206,-9.764876,-9.080010,1.022324,0.726640,-0.085217,0.762206,-0.170977,851.49,-1,-851.49
0.691257,52.7344,-555.117188,0.142108,-9.762019,-8.644265,0.402226,-0.070629,0.350528,0.142108,-0.968246,877.67,-1,-877.67
0.693514,53.6133,-554.238281,2.356744,-9.760337,-8.877700,2.616863,-0.056264,0.117093,2.356744,-0.953881,903.72,-1,-903.72
0.695774,54.5801,-553.271484,1.081832,-9.756063,-8.708909,1.341950,0.696713,0.285884,1.081832,-0.200904,929.61,-1,-929.61
0.698029,55.2832,-552.568359,0.696365,-9.755425,-9.139865,0.956484,2.063802,-0.145072,0.696365,1.166185,968.16,-1,-968.16
0.700286,56.4258,-551.425781,-2.424477,-9.758012,-9.956287,-2.164358,1.939303,-0.961494,-2.424477,1.041687,993.66,-1,-993.66
0.702545,58.0078,-549.843750,1.255412,-9.759626,-9.094376,1.515530,0.666785,-0.099583,1.255412,-0.230832,1018.98,-1,-1018.98
0.704806,59.7656,-548.085938,13.457460,-9.739767,-7.939173,13.717579,0.755371,1.055620,13.457460,-0.142246,1044.13,-1,-1044.13
0.707060,61.6113,-546.240234,5.667925,-9.719859,-8.562862,5.928043,0.821211,0.431931,5.667925,-0.076406,1081.50,-1,-1081.50
0.709316,63.2813,-544.570313,0.178021,-9.717753,-10.327389,0.438139,1.313220,-1.332596,0.178021,0.415603,1106.17,-1,-1106.17
0.711575,65.0391,-542.812500,3.176758,-9.714719,-8.773552,3.436877,0.762553,0.221241,3.176758,-0.135064,1130.64,-1,-1130.64
0.713838,66.8848,-540.966797,4.375056,-9.704576,-7.362170,4.635174,0.090980,1.632623,4.375056,-0.806637,1154.90,-1,-1154.90
0.716093,68.4668,-539.384766,1.123730,-9.699800,-8.435969,1.383849,0.828394,0.558824,1.123730,-0.069223,1190.90,-1,-1190.90
0.718347,70.0488,-537.802734,-5.272379,-9.708687,-10.041282,-5.012261,2.457648,-1.046489,-5.272379,1.560031,1214.61,-1,-1214.61
0.726399,76.0254,-531.826172,1.604965,-9.695764,-8.904037,1.865083,-0.411803,0.090756,1.604965,-1.309420,1307.12,-1,-1307.12
0.728956,77.8711,-529.980469,2.445330,-9.689905,-8.650250,2.705448,0.444124,0.344543,2.445330,-0.453492,1329.62,-1,-1329.62
0.731212,79.4531,-528.398438,0.203160,-9.687335,-9.144653,0.463278,1.684321,-0.149860,0.203160,0.786704,1362.88,-1,-1362.88
0.733467,81.1230,-526.728516,-0.184701,-9.687608,-9.467871,0.075417,2.005144,-0.473078,-0.184701,1.107527,1384.71,-1,-1384.71
0.735725,82.7930,-525.058594,0.526377,-9.686820,-9.078813,0.786495,1.212663,-0.084020,0.526377,0.315046,1406.27,-1,-1406.27
0.737986,84.5508,-523.300781,-1.770859,-9.689488,-9.075222,-1.510741,0.658405,-0.080429,-1.770859,-0.239211,1427.54,-1,-1427.54
0.740246,86.0449,-521.806641,-3.103233,-9.696608,-9.076419,-2.843115,0.969652,-0.081626,-3.103233,0.072035,1458.89,-1,-1458.89
0.742503,88.5938,-519.257813,3.948889,-9.697782,-9.015367,4.209007,1.273715,-0.020574,3.948889,0.376098,1479.42,-1,-1479.42
0.744760,91.0547,-516.796875,17.581472,-9.668849,-8.157045,17.841591,1.074997,0.837748,17.581472,0.177380,1499.65,-1,-1499.65
0.747021,93.6914,-514.160156,10.900453,-9.638421,-9.258378,11.160571,1.867477,-0.263585,10.900453,0.969860,1529.39,-1,-1529.39
0.749279,96.1523,-511.699219,-2.259277,-9.635851,-10.207679,-1.999158,1.802834,-1.212886,-2.259277,0.905217,1548.82,-1,-1548.82
0.751537,98.7012,-509.150391,-1.891767,-9.641603,-8.078036,-1.631648,-0.508768,0.916757,-1.891767,-1.406385,1567.92,-1,-1567.92
0.753794,101.1621,-506.689453,3.332381,-9.637230,-7.704541,3.592500,-0.768539,1.290252,3.332381,-1.666156,1586.68,-1,-1586.68
0.756055,103.8867,-503.964844,2.831993,-9.628954,-8.452729,3.092112,0.022745,0.542064,2.831993,-0.874872,1614.19,-1,-1614.19
0.758311,106.3477,-501.503906,-7.986207,-9.639965,-10.494983,-7.726089,3.533842,-1.500190,-7.986207,2.636225,1632.09,-1,-1632.09
0.760567,108.9844,-498.867187,-5.973880,-9.657267,-10.245986,-5.713762,3.754108,-1.251193,-5.973880,2.856491,1649.64,-1,-1649.64
0.762824,111.9727,-495.878906,4.219433,-9.653725,-8.933964,4.479551,0.754174,0.060829,4.219433,-0.143443,1666.82,-1,-1666.82
0.765086,114.9609,-492.890625,6.141977,-9.637527,-7.836222,6.402095,-0.761356,1.158571,6.141977,-1.658973,1691.90,-1,-1691.90
0.767341,117.6855,-490.166016,-0.482779,-9.631091,-8.474277,-0.222661,-0.028730,0.520516,-0.482779,-0.926347,1708.15,-1,-1708.15
0.769595,120.5859,-487.265625,-2.405323,-9.635328,-9.208099,-2.145205,0.660800,-0.213306,-2.405323,-0.236817,1724.02,-1,-1724.02
0.771853,123.8379,-484.013672,1.147672,-9.635287,-9.375694,1.407791,1.691504,-0.380901,1.147672,0.793887,1739.50,-1,-1739.50
0.774116,127.1777,-480.673828,2.865512,-9.627831,-9.449914,3.125630,1.826776,-0.455121,2.865512,0.929159,1761.99,-1,-1761.99
0.776373,130.2539,-477.597656,-3.493488,-9.627886,-9.525331,-3.233369,0.689530,-0.530539,-3.493488,-0.208087,1776.47,-1,-1776.47
0.778628,133.5937,-474.257812,-7.455891,-9.641891,-8.574833,-7.195773,0.554258,0.419960,-7.455891,-0.343359,1790.55,-1,-1790.55
0.780887,137.0215,-470.830078,-2.058164,-9.650413,-8.350976,-1.798046,0.593762,0.643817,-2.058164,-0.303855,1804.22,-1,-1804.22
0.783149,141.2402,-466.611328,3.583773,-9.645749,-9.695320,3.843891,0.988805,-0.700527,3.583773,0.091188,1823.93,-1,-1823.93
0.785405,144.8437,-463.007812,3.361112,-9.637310,-9.471462,3.621230,1.171962,-0.476669,3.361112,0.274345,1836.55,-1,-1836.55
0.787663,148.9746,-458.876953,1.819246,-9.632042,-8.763975,2.079364,1.321599,0.230818,1.819246,0.423983,1848.73,-1,-1848.73
0.789920,153.1055,-454.746094,0.456945,-9.629826,-8.713697,0.717063,1.224634,0.281096,0.456945,0.327017,1860.47,-1,-1860.47
0.792181,157.5879,-450.263672,-0.955634,-9.631139,-9.196129,-0.695516,0.486023,-0.201336,-0.955634,-0.411594,1877.26,-1,-1877.26
0.794436,161.8945,-445.957031,-2.389761,-9.635294,-9.016563,-2.129642,1.003170,-0.021770,-2.389761,0.105554,1887.89,-1,-1887.89
0.796694,166.4648,-441.386719,-1.172309,-9.638605,-8.790312,-0.912191,1.227028,0.204481,-1.172309,0.329412,1898.07,-1,-1898.07
0.798950,171.2109,-436.640625,-2.954792,-9.643922,-9.381680,-2.694674,1.138443,-0.386887,-2.954792,0.240826,1907.79,-1,-1907.79
0.801212,175.8691,-431.982422,1.073452,-9.646027,-9.109938,1.333570,0.834379,-0.115145,1.073452,-0.063238,1921.50,-1,-1921.50
0.803469,180.7910,-427.060547,3.446106,-9.640371,-8.555679,3.706224,0.976834,0.439114,3.446106,0.079217,1930.06,-1,-1930.06
0.805728,185.6250,-422.226562,1.106971,-9.636147,-8.960299,1.367089,0.798466,0.034493,1.106971,-0.099151,1938.14,-1,-1938.14
0.807989,190.5469,-417.304687,0.769389,-9.634905,-9.161413,1.029507,0.541090,-0.166620,0.769389,-0.356527,1945.75,-1,-1945.75
0.810255,195.3809,-412.470703,-0.604883,-9.633994,-8.846576,-0.344765,1.181539,0.148217,-0.604883,0.283922,1956.25,-1,-1956.25
0.812512,200.0391,-407.812500,-1.282442,-9.636142,-9.234436,-1.022324,0.827197,-0.239643,-1.282442,-0.070420,1962.64,-1,-1962.64
0.814767,204.7852,-403.066406,-2.462784,-9.641266,-9.343372,-2.202666,1.039083,-0.348579,-2.462784,0.141467,1968.54,-1,-1968.54
0.817023,209.1797,-398.671875,-0.086539,-9.644528,-8.728063,0.173580,1.060631,0.266730,-0.086539,0.163015,1976.46,-1,-1976.46
0.819285,213.2227,-394.628906,0.503632,-9.643519,-9.022549,0.763750,0.634463,-0.027756,0.503632,-0.263153,1981.12,-1,-1981.12
0.821542,217.9687,-389.882812,-0.995138,-9.644487,-9.458294,-0.735020,0.852336,-0.463501,-0.995138,-0.045281,1985.27,-1,-1985.27
0.823799,221.7480,-386.103516,-0.142802,-9.645926,-9.227253,0.117316,1.089362,-0.232460,-0.142802,0.191745,1988.91,-1,-1988.91
0.826056,225.8789,-381.972656,3.489202,-9.641117,-8.754398,3.749320,0.963666,0.240395,3.489202,0.066049,1993.42,-1,-1993.42
0.828321,229.6582,-378.193359,2.392657,-9.633625,-9.290700,2.652776,0.038307,-0.295907,2.392657,-0.859310,1995.78,-1,-1995.78
0.830581,233.5254,-374.326172,-3.601227,-9.636629,-9.510966,-3.341109,1.106121,-0.516173,-3.601227,0.208504,1997.62,-1,-1997.62
0.832836,236.7773,-371.074219,-5.246043,-9.648445,-9.001001,-4.985925,1.400608,-0.006208,-5.246043,0.502991,1998.94,-1,-1998.94
0.835094,240.2051,-367.646484,1.929379,-9.650500,-9.087193,2.189497,1.108515,-0.092400,1.929379,0.210899,1999.93,-1,-1999.93
0.837356,243.3691,-364.482422,3.367097,-9.643260,-9.162610,3.627216,0.344765,-0.167817,3.367097,-0.552852,1999.94,-1,-1999.94
0.844820,253.3887,-354.462891,2.964871,-9.621130,-9.136273,3.224990,0.958878,-0.141480,2.964871,0.061261,1995.76,-1,-1995.76
0.846878,256.1133,-351.738281,3.663978,-9.612971,-8.874108,3.924097,0.287304,0.120685,3.663978,-0.610313,1993.37,-1,-1993.37
0.849134,258.8379,-349.013672,-3.282798,-9.615336,-9.050082,-3.022680,0.901417,-0.055289,-3.282798,0.003800,1988.76,-1,-1988.76
0.851404,261.4746,-346.376953,-2.924865,-9.623070,-9.127894,-2.664747,1.449689,-0.133101,-2.924865,0.552072,1985.01,-1,-1985.01
0.853661,264.2871,-343.564453,-0.434895,-9.625493,-9.160215,-0.174777,1.189918,-0.165422,-0.434895,0.292301,1980.72,-1,-1980.72
0.855916,266.8359,-341.015625,1.699536,-9.622798,-8.966286,1.959654,0.342371,0.028507,1.699536,-0.555246,1975.89,-1,-1975.89
0.858172,269.3848,-338.466797,-0.996335,-9.622108,-9.056067,-0.736217,0.948104,-0.061275,-0.996335,0.050487,1967.62,-1,-1967.62
0.860433,271.8457,-336.005859,0.303716,-9.623534,-9.252393,0.563834,1.590947,-0.257600,0.303716,0.693330,1961.42,-1,-1961.42
0.862690,274.3945,-333.457031,1.937759,-9.619766,-8.927979,2.197877,1.225831,0.066814,1.937759,0.328214,1954.68,-1,-1954.68
0.864948,277.2070,-330.644531,-0.252936,-9.616961,-9.166202,0.007183,0.715866,-0.171409,-0.252936,-0.181751,1947.39,-1,-1947.39
0.867205,279.4043,-328.447266,-0.710228,-9.618571,-9.180567,-0.450110,0.721852,-0.185774,-0.710228,-0.175765,1935.42,-1,-1935.42
0.869467,281.7773,-326.074219,-0.129634,-9.619246,-8.870518,0.130484,1.080982,0.124275,-0.129634,0.183365,1926.77,-1,-1926.77
0.871725,284.0625,-323.789062,0.350403,-9.618903,-9.097966,0.610521,0.821211,-0.103173,0.350403,-0.076406,1917.56,-1,-1917.56
0.873982,286.8750,-320.976562,-1.836700,-9.620283,-9.068039,-1.576582,0.805649,-0.073246,-1.836700,-0.091968,1907.81,-1,-1907.81
0.876238,289.2480,-318.603516,1.097394,-9.622125,-9.048885,1.357512,1.072602,-0.054092,1.097394,0.174986,1892.15,-1,-1892.15
0.878499,291.6211,-316.230469,1.944942,-9.617904,-8.919599,2.205060,0.955287,0.075194,1.944942,0.057670,1881.03,-1,-1881.03
0.880754,293.9941,-313.857422,-1.135199,-9.618605,-9.349358,-0.875081,1.029507,-0.354565,-1.135199,0.131890,1869.37,-1,-1869.37
0.883012,296.7187,-311.132812,0.766994,-9.621797,-8.905233,1.027112,1.355118,0.089560,0.766994,0.457501,1850.85,-1,-1850.85
0.885268,299.1797,-308.671875,3.535888,-9.616049,-8.853758,3.796007,0.715866,0.141035,3.535888,-0.181751,1837.83,-1,-1837.83
0.887530,301.6406,-306.210937,-0.477991,-9.613442,-9.385271,-0.217872,0.207098,-0.390478,-0.477991,-0.690518,1824.27,-1,-1824.27
0.889787,304.0137,-303.837891,-2.457995,-9.618601,-8.866926,-2.197877,1.022324,0.127867,-2.457995,0.124707,1810.17,-1,-1810.17
0.892044,306.4746,-301.376953,1.915014,-9.616853,-9.047688,2.175132,0.418985,-0.052896,1.915014,-0.478632,1788.01,-1,-1788.01
0.894301,309.1113,-298.740234,-0.968802,-9.615490,-9.534908,-0.708684,0.500388,-0.540115,-0.968802,-0.397229,1772.57,-1,-1772.57
0.896562,311.7480,-296.103516,-1.245332,-9.618596,-8.750807,-0.985214,1.677138,0.243986,-1.245332,0.779521,1756.60,-1,-1756.60
0.898820,314.2969,-293.554687,1.369136,-9.617338,-8.737639,1.629254,1.268927,0.257154,1.369136,0.371310,1740.10,-1,-1740.10
0.901076,316.8457,-291.005859,-0.078159,-9.615972,-9.416395,0.181959,0.835576,-0.421602,-0.078159,-0.062040,1714.36,-1,-1714.36
0.903332,319.7461,-288.105469,-0.756915,-9.616329,-9.103952,-0.496797,1.341950,-0.109159,-0.756915,0.444333,1696.55,-1,-1696.55
0.905594,322.3828,-285.468750,-0.947254,-9.619276,-8.985439,-0.687136,1.364695,0.009354,-0.947254,0.467078,1678.22,-1,-1678.22
0.907853,325.1074,-282.744141,1.440962,-9.617172,-8.857349,1.701080,0.500388,0.137444,1.440962,-0.397229,1659.37,-1,-1659.37
0.910110,327.7441,-280.107422,-0.774871,-9.615244,-9.270349,-0.514753,0.322020,-0.275556,-0.774871,-0.575597,1630.14,-1,-1630.14
0.912366,330.4687,-277.382812,-1.254909,-9.618425,-8.966286,-0.994791,1.486799,0.028507,-1.254909,0.589182,1610.02,-1,-1610.02
0.914628,333.5449,-274.306641,2.168799,-9.615546,-8.613141,2.428918,1.187524,0.381652,2.168799,0.289907,1589.40,-1,-1589.40
0.916885,336.2695,-271.582031,-0.195475,-9.611037,-9.477448,0.064643,0.039504,-0.482655,-0.195475,-0.858113,1568.27,-1,-1568.27
0.919143,339.0820,-268.769531,-3.330682,-9.615688,-9.114726,-3.070564,1.576582,-0.119933,-3.330682,0.678965,1535.66,-1,-1535.66
0.921399,341.8945,-265.957031,-0.724593,-9.621103,-8.643068,-0.464475,1.583764,0.351725,-0.724593,0.686148,1513.31,-1,-1513.31
0.923661,344.9707,-262.880859,2.032330,-9.617253,-9.277532,2.292448,0.450110,-0.282739,2.032330,-0.447507,1490.48,-1,-1490.48
0.925918,347.7832,-260.068359,-1.263289,-9.615973,-9.261970,-1.003170,1.250970,-0.267177,-1.263289,0.353354,1467.17,-1,-1467.17
0.928174,350.7715,-257.080078,-0.974787,-9.619255,-8.785523,-0.714669,1.109712,0.209270,-0.974787,0.212096,1431.31,-1,-1431.31
0.930430,353.6719,-254.179687,1.177600,-9.618192,-8.802282,1.437718,0.149638,0.192511,1.177600,-0.747979,1406.83,-1,-1406.83
0.932694,356.2207,-251.630859,-0.291243,-9.617664,-9.273940,-0.031125,0.829591,-0.279147,-0.291243,-0.068026,1381.89,-1,-1381.89
0.934951,358.1543,-249.697266,-9.981774,-9.630875,-9.348161,-9.721656,1.027112,-0.353368,-9.981774,0.129496,1356.49,-1,-1356.49
0.937209,0.0000,-247.851562,-8.323790,-9.653977,-9.825804,-8.063671,1.568202,-0.831011,-8.323790,0.670585,1317.56,-1,-1317.56
0.939467,1.9336,-245.917969,-3.026618,-9.664940,-8.274361,-2.766500,-0.466869,0.720432,-3.026618,-1.364486,1291.05,-1,-1291.05
0.941728,3.9551,-243.896484,-0.934086,-9.667892,-8.409634,-0.673968,0.593762,0.585159,-0.934086,-0.303855,1264.12,-1,-1264.12
0.943986,5.8887,-241.962891,-2.665094,-9.673006,-9.933543,-2.404976,2.707842,-0.938750,-2.665094,1.810225,1236.76,-1,-1236.76
0.946243,7.8223,-240.029297,0.673620,-9.675932,-9.843760,0.933739,1.028310,-0.848968,0.673620,0.130693,1194.94,-1,-1194.94
0.948500,9.9316,-237.919922,4.244573,-9.667920,-8.696938,4.504691,0.082600,0.297855,4.244573,-0.815017,1166.55,-1,-1166.55
0.950760,11.8652,-235.986328,2.130492,-9.660612,-8.362947,2.390610,0.064643,0.631846,2.130492,-0.832973,1137.76,-1,-1137.76
0.953017,13.9746,-233.876953,-2.639955,-9.665774,-9.525331,-2.379837,0.984017,-0.530539,-2.639955,0.086400,1093.83,-1,-1093.83
0.955276,15.8203,-232.031250,0.237876,-9.668671,-9.033323,0.497994,1.037886,-0.038530,0.237876,0.140270,1064.07,-1,-1064.07
0.962873,22.3242,-225.527344,1.017188,-9.660943,-8.725668,1.277307,0.373495,0.269125,1.017188,-0.524121,957.03,-1,-957.03
0.964943,23.8184,-224.033203,1.249426,-9.657646,-9.109938,1.509544,-0.019154,-0.115145,1.249426,-0.916770,925.66,-1,-925.66
0.967199,24.7852,-223.066406,-5.866141,-9.661781,-9.145850,-5.606023,0.804452,-0.151057,-5.866141,-0.093165,877.97,-1,-877.97
0.969459,25.6641,-222.187500,-11.348864,-9.683504,-9.165004,-11.088745,1.595735,-0.170211,-11.348864,0.698119,845.78,-1,-845.78
0.971717,26.5430,-221.308594,-2.651926,-9.695521,-8.941146,-2.391808,0.876278,0.053647,-2.651926,-0.021339,813.27,-1,-813.27
0.973979,27.5977,-220.253906,-2.420885,-9.699233,-9.226056,-2.160767,0.460884,-0.231263,-2.420885,-0.436733,780.46,-1,-780.46
0.976234,28.4766,-219.375000,-5.309489,-9.707148,-9.103952,-5.049371,1.306037,-0.109159,-5.309489,0.408420,730.70,-1,-730.70
0.978488,29.2676,-218.583984,-2.197027,-9.715875,-10.041282,-1.936909,2.345121,-1.046489,-2.197027,1.447504,697.17,-1,-697.17
0.980748,30.4102,-217.441406,2.529127,-9.711750,-9.039309,2.789245,0.336385,-0.044516,2.529127,-0.561231,663.37,-1,-663.37
0.983011,31.2891,-216.562500,3.886639,-9.703832,-8.548497,4.146757,0.076614,0.446296,3.886639,-0.821002,612.19,-1,-612.19
0.985267,32.3438,-215.507812,-0.655161,-9.699552,-9.005790,-0.395043,1.187524,-0.010997,-0.655161,0.289907,577.76,-1,-577.76
0.987521,33.1348,-214.716797,-1.303990,-9.703067,-9.227253,-1.043872,1.363498,-0.232460,-1.303990,0.465881,543.10,-1,-543.10
0.989780,34.1016,-213.750000,0.339629,-9.705481,-9.385271,0.599748,1.420959,-0.390478,0.339629,0.523342,508.22,-1,-508.22
0.992042,34.9805,-212.871094,0.009230,-9.703593,-9.206903,0.269348,0.689530,-0.212110,0.009230,-0.208087,455.50,-1,-455.50
0.994298,35.3320,-212.519531,-3.798748,-9.708702,-9.221268,-3.538630,1.006762,-0.226475,-3.798748,0.109145,420.10,-1,-420.10
0.996554,35.2441,-212.607422,-9.238375,-9.724139,-8.689755,-8.978256,0.598550,0.305037,-9.238375,-0.299066,384.52,-1,-384.52
0.998816,35.0684,-212.783203,-4.955148,-9.746962,-9.222465,-4.695030,0.099359,-0.227672,-4.955148,-0.798257,348.77,-1,-348.77
1.001072,35.0684,-212.783203,-0.293637,-9.753181,-8.447941,-0.033519,0.798466,0.546852,-0.293637,-0.099151,294.84,-1,-294.84
1.003333,35.1563,-212.695312,1.050707,-9.751084,-8.499416,1.310825,0.651223,0.495377,1.050707,-0.246394,258.70,-1,-258.70
1.005588,35.1563,-212.695312,-2.648335,-9.755699,-10.030508,-2.388216,2.697068,-1.035715,-2.648335,1.799451,222.43,-1,-222.43
1.007844,35.0684,-212.783203,0.831638,-9.757957,-9.156625,1.091756,1.001973,-0.161832,0.831638,0.104357,186.03,-1,-186.03
1.010102,35.2441,-212.607422,3.272526,-9.752587,-8.512584,3.532645,-0.805649,0.482209,3.272526,-1.703266,131.24,-1,-131.24
1.012363,35.1563,-212.695312,0.846003,-9.748410,-8.985439,1.106121,-0.173580,0.009354,0.846003,-1.071196,94.59,-1,-94.59
1.014618,35.1563,-212.695312,-1.951622,-9.751423,-9.010578,-1.691504,1.368286,-0.015785,-1.951622,0.470669,57.87,-1,-57.87
1.016873,35.0684,-212.783203,-0.705440,-9.755008,-9.507375,-0.445322,1.742979,-0.512582,-0.705440,0.845362,21.07,-1,-21.07
1.019129,35.1563,-212.695312,0.667635,-9.754799,-9.283517,0.927753,1.290475,-0.288724,0.667635,0.392858,34.22,1,34.22
1.021392,35.1563,-212.695312,-0.038655,-9.754256,-8.836999,0.221464,1.262941,0.157794,-0.038655,0.365324,71.12,1,71.12
1.023647,35.1563,-212.695312,-0.761703,-9.755745,-8.750807,-0.501585,0.841562,0.243986,-0.761703,-0.056055,108.05,1,108.05
1.025903,35.0684,-212.783203,0.790936,-9.755526,-8.863335,1.051055,0.089783,0.131458,0.790936,-0.807834,144.99,1,144.99
1.028159,35.1563,-212.695312,1.148870,-9.753105,-9.108741,1.408988,0.600945,-0.113948,1.148870,-0.296672,200.40,1,200.40
1.030420,35.1563,-212.695312,0.216328,-9.751958,-9.437943,0.476446,1.247379,-0.443151,0.216328,0.349762,237.31,1,237.31
1.032676,35.2441,-212.607422,-0.689877,-9.753145,-9.368511,-0.429759,1.399411,-0.373718,-0.689877,0.501794,274.19,1,274.19
1.034933,35.1563,-212.695312,-0.632416,-9.754767,-8.941146,-0.372298,1.049857,0.053647,-0.632416,0.152241,311.01,1,311.01
1.037188,35.0684,-212.783203,-0.224205,-9.755733,-8.925584,0.035913,0.670376,0.069209,-0.224205,-0.227240,366.14,1,366.14
1.039450,35.1563,-212.695312,0.110983,-9.755701,-9.083601,0.371101,0.670376,-0.088808,0.110983,-0.227240,402.79,1,402.79
1.041705,35.0684,-212.783203,0.996838,-9.754271,-9.089587,1.256956,1.030704,-0.094794,0.996838,0.133087,439.35,1,439.35
1.043960,35.1563,-212.695312,0.883113,-9.752001,-8.942344,1.143231,1.164779,0.052449,0.883113,0.267162,475.80,1,475.80
1.046216,35.2441,-212.607422,-0.055414,-9.751020,-8.936357,0.204704,1.165976,0.058435,-0.055414,0.268359,530.25,1,530.25
1.048477,34.4531,-213.398437,-0.734170,-9.752362,-9.023746,-0.474052,1.258153,-0.028954,-0.734170,0.360536,566.38,1,566.38
1.050734,33.3984,-214.453125,-12.956570,-9.767530,-9.557653,-12.696451,1.430536,-0.562860,-12.956570,0.532919,602.35,1,602.35
1.052991,32.2559,-215.595703,-6.875297,-9.790897,-9.160215,-6.615179,0.486023,-0.165422,-6.875297,-0.411594,638.15,1,638.15
1.055249,31.3770,-216.474609,-0.126043,-9.797454,-8.390480,0.134075,-0.465672,0.604313,-0.126043,-1.363289,691.51,1,691.51
1.057507,30.4980,-217.353516,0.155276,-9.794219,-8.246828,0.415394,-0.324414,0.747965,0.155276,-1.222031,726.83,1,726.83
1.059762,29.2676,-218.583984,-2.724949,-9.801092,-10.313024,-2.464831,2.343924,-1.318231,-2.724949,1.446307,761.94,1,761.94
1.062021,28.5645,-219.287109,-1.570944,-9.807521,-9.249998,-1.310825,1.598130,-0.255205,-1.570944,0.700513,814.17,1,814.17
1.064279,27.5098,-220.341797,5.637998,-9.800088,-8.100781,5.898116,-0.174777,0.894011,5.637998,-1.072394,848.68,1,848.68
1.066536,26.4551,-221.396484,3.340761,-9.792003,-8.840590,3.600879,0.338780,0.154203,3.340761,-0.558837,882.93,1,882.93
1.068794,25.4883,-222.363281,-3.189424,-9.792119,-9.319430,-2.929306,1.793257,-0.324637,-3.189424,0.895640,916.91,1,916.91
1.071049,24.4336,-223.417969,0.286957,-9.796513,-9.344569,0.547075,1.216254,-0.349776,0.286957,0.318638,967.32,1,967.32
1.073306,23.6426,-224.208984,-1.205828,-9.797287,-8.836999,-0.945710,0.700304,0.157794,-1.205828,-0.197313,1000.54,1,1000.54
1.081383,16.5234,-231.328125,-6.791500,-9.852135,-8.584411,-6.531382,0.405817,0.410382,-6.791500,-0.491800,1130.06,1,1130.06
1.083453,14.6777,-233.173828,2.274144,-9.851240,-7.880515,2.534262,-0.202310,1.114278,2.274144,-1.099927,1161.54,1,1161.54
1.085708,12.7441,-235.107422,-1.758888,-9.850115,-10.243592,-1.498770,2.475605,-1.248799,-1.758888,1.577988,1192.62,1,1192.62
1.087962,10.7227,-237.128906,-0.276878,-9.852880,-9.725247,-0.016759,1.928530,-0.730454,-0.276878,1.030913,1223.30,1,1223.30
1.090222,8.7891,-239.062500,3.265344,-9.848451,-8.801085,3.525462,0.966060,0.193707,3.265344,0.068444,1268.53,1,1268.53
1.092484,6.8555,-240.996094,0.933391,-9.844222,-8.669404,1.193510,-0.910994,0.325389,0.933391,-1.808611,1298.15,1,1298.15
1.094739,4.6582,-243.193359,-2.304766,-9.848305,-9.014170,-2.044648,0.940921,-0.019377,-2.304766,0.043304,1327.32,1,1327.32
1.096995,2.6367,-245.214844,0.427018,-9.850504,-8.972271,0.687136,1.768118,0.022522,0.427018,0.870501,1356.02,1,1356.02
1.099253,0.5273,-247.324219,-0.462428,-9.850571,-9.902418,-0.202310,1.784877,-0.907625,-0.462428,0.887261,1398.19,1,1398.19
1.101514,358.6816,-249.169922,-3.228928,-9.856081,-9.647436,-2.968810,1.540669,-0.652643,-3.228928,0.643052,1425.69,1,1425.69
1.103770,356.5723,-251.279297,2.531521,-9.856718,-8.094796,2.791639,0.569820,0.899997,2.531521,-0.327797,1452.69,1,1452.69
1.106026,353.9355,-253.916016,3.561028,-9.848625,-8.683769,3.821146,-0.402226,0.311024,3.561028,-1.299843,1492.21,1,1492.21
1.108281,350.8594,-256.992187,-11.336893,-9.863280,-9.737218,-11.076775,-0.008380,-0.742425,-11.336893,-0.905997,1517.89,1,1517.89
1.110542,347.7832,-260.068359,-13.640115,-9.897856,-9.842564,-13.379996,1.438915,-0.847771,-13.640115,0.541298,1543.02,1,1543.02
1.112800,345.0586,-262.792969,1.390684,-9.904016,-8.348581,1.650802,1.033098,0.646212,1.390684,0.135481,1567.59,1,1567.59
1.115055,341.9824,-265.869141,1.840794,-9.898710,-9.625888,2.100912,0.664391,-0.631095,1.840794,-0.233226,1603.38,1,1603.38
1.117310,338.9062,-268.945312,-5.159852,-9.906486,-10.484209,-4.899734,2.147599,-1.489416,-5.159852,1.249982,1626.51,1,1626.51
1.119571,336.0937,-271.757812,-1.081329,-9.917356,-8.825027,-0.821211,1.115698,0.169765,-1.081329,0.218081,1649.04,1,1649.04
1.121829,333.2812,-274.570312,5.760102,-9.911385,-8.348581,6.020220,-0.814029,0.646212,5.760102,-1.711645,1670.97,1,1670.97
1.124087,330.5566,-277.294922,3.689117,-9.899533,-8.639477,3.949236,-0.879869,0.355316,3.689117,-1.777486,1702.68,1,1702.68
1.126341,327.6562,-280.195312,-0.911341,-9.899055,-8.672996,-0.651223,1.130063,0.321797,-0.911341,0.232446,1723.03,1,1723.03
1.128600,324.9316,-282.919922,-2.398140,-9.905002,-9.637859,-2.138022,2.336741,-0.643066,-2.398140,1.439124,1742.74,1,1742.74
1.130858,322.2949,-285.556641,0.224708,-9.907625,-9.599552,0.484826,1.957260,-0.604759,0.224708,1.059643,1761.79,1,1761.79
1.133115,319.5703,-288.281250,-0.033866,-9.906960,-9.112331,0.226252,1.394622,-0.117538,-0.033866,0.497006,1789.11,1,1789.11
1.135371,316.6699,-291.181641,-3.086473,-9.912708,-8.805874,-2.826355,0.032322,0.188919,-3.086473,-0.865295,1806.48,1,1806.48
1.137632,314.1211,-293.730469,1.128519,-9.915976,-8.488642,1.388637,-0.746991,0.506151,1.128519,-1.644608,1823.15,1,1823.15
1.139887,311.4844,-296.367187,3.379068,-9.910756,-8.736442,3.639187,0.578200,0.258351,3.379068,-0.319417,1839.13,1,1839.13
1.142141,308.9355,-298.916016,0.580247,-9.906452,-9.537302,0.840365,1.498770,-0.542509,0.580247,0.601153,1861.76,1,1861.76
1.144396,306.3867,-301.464844,-2.789592,-9.912100,-9.730036,-2.529474,2.056619,-0.735243,-2.789592,1.159002,1875.95,1,1875.95
1.146657,303.7500,-304.101562,0.902267,-9.913134,-9.090784,1.162385,1.326388,-0.095991,0.902267,0.428771,1889.41,1,1889.41
1.148914,301.2891,-306.562500,2.062257,-9.908757,-8.835801,2.322376,0.286107,0.158992,2.062257,-0.611510,1902.14,1,1902.14
1.151169,298.8281,-309.023437,-2.192239,-9.910099,-9.275137,-1.932121,0.502782,-0.280344,-2.192239,-0.394835,1919.82,1,1919.82
1.153424,296.1035,-311.748047,-2.558552,-9.916142,-9.033323,-2.298434,0.380678,-0.038530,-2.558552,-0.516939,1930.67,1,1930.67
1.155686,293.8184,-314.033203,0.726293,-9.917964,-8.840590,0.986411,1.235408,0.154203,0.726293,0.337791,1940.75,1,1940.75
1.157943,291.1816,-316.669922,2.919382,-9.913223,-8.756793,3.179500,1.007959,0.238000,2.919382,0.110342,1950.06,1,1950.06
1.160196,288.8086,-319.042969,0.984867,-9.909772,-9.290700,1.244985,1.284489,-0.295907,0.984867,0.386872,1962.57,1,1962.57
1.162452,286.3477,-321.503906,-1.272865,-9.911259,-9.538500,-1.012747,1.613692,-0.543707,-1.272865,0.716075,1969.93,1,1969.93
1.164709,283.9746,-323.876953,-0.063794,-9.913682,-8.797494,0.196325,0.660800,0.197299,-0.063794,-0.236817,1976.50,1,1976.50
1.166970,281.5137,-326.337891,0.855580,-9.912725,-8.694544,1.115698,-0.155623,0.300249,0.855580,-1.053240,1982.27,1,1982.27
1.169227,278.8770,-328.974609,2.197530,-9.908238,-8.965088,2.457648,0.181959,0.029705,2.197530,-0.715658,1989.41,1,1989.41
1.171484,276.7676,-331.083984,0.116969,-9.906395,-9.467871,0.377087,0.921768,-0.473078,0.116969,0.024151,1993.17,1,1993.17
1.173739,274.0430,-333.808594,-2.086894,-9.910278,-9.295488,-1.826776,1.674744,-0.300695,-2.086894,0.777127,1996.11,1,1996.11
1.176002,271.4062,-336.445312,-1.440460,-9.915252,-9.075222,-1.180341,1.495179,-0.080429,-1.440460,0.597562,1998.98,1,1998.98
1.178260,268.8574,-338.994141,2.138872,-9.911817,-8.844181,2.398990,0.612916,0.150612,2.138872,-0.284701,1999.87,1,1999.87
1.180516,266.2207,-341.630859,0.149290,-9.909669,-8.850166,0.409408,0.640449,0.144627,0.149290,-0.257168,1999.92,1,1999.92
1.182768,263.9355,-343.916016,-0.221811,-9.910237,-8.875306,0.038307,1.508347,0.119487,-0.221811,0.610730,1999.15,1,1999.15
1.185029,261.0352,-346.816406,2.257385,-9.907528,-8.979453,2.517503,0.693121,0.015340,2.257385,-0.204495,1996.43,1,1996.43
1.187287,258.3105,-349.541016,-0.219417,-9.906301,-9.327810,0.040701,0.755371,-0.333017,-0.219417,-0.142246,1993.57,1,1993.57
1.189543,255.4102,-352.441406,-0.141605,-9.907792,-8.957906,0.118513,0.994791,0.036887,-0.141605,0.097174,1989.88,1,1989.88
1.191796,252.5977,-355.253906,-0.912538,-9.908668,-9.016563,-0.652420,1.128866,-0.021770,-0.912538,0.231249,1985.34,1,1985.34
1.199386,242.3145,-365.537109,-0.756915,-9.914412,-9.151836,-0.496797,0.495600,-0.157043,-0.756915,-0.402017,1958.80,1,1958.80
1.201442,239.3262,-368.525391,0.817273,-9.913933,-9.208099,1.077391,1.480814,-0.213306,0.817273,0.583197,1950.06,1,1950.06
1.203694,235.8984,-371.953125,-1.096892,-9.914551,-9.555259,-0.836774,1.177947,-0.560466,-1.096892,0.280330,1940.48,1,1940.48
1.205951,232.2949,-375.556641,0.547925,-9.915473,-9.002198,0.808043,1.161188,-0.007405,0.547925,0.263571,1930.06,1,1930.06
1.208222,228.6914,-379.160156,1.417020,-9.912492,-8.688558,1.677138,0.769736,0.306235,1.417020,-0.127881,1912.87,1,1912.87
1.210477,224.9121,-382.939453,-0.262512,-9.910358,-8.955511,-0.002394,0.719458,0.039282,-0.262512,-0.178159,1900.36,1,1900.36
1.212732,220.9570,-386.894531,-0.286454,-9.911510,-9.036914,-0.026336,0.855927,-0.042121,-0.286454,-0.041690,1887.02,1,1887.02
1.214986,216.9141,-390.937500,-0.571364,-9.912435,-9.396045,-0.311246,1.242591,-0.401252,-0.571364,0.344974,1872.86,1,1872.86
1.217248,212.5195,-395.332031,1.035145,-9.911259,-9.404425,1.295263,1.270124,-0.409632,1.035145,0.372507,1850.06,1,1850.06
1.219505,208.3008,-399.550781,0.395893,-9.908870,-8.921992,0.656011,0.956484,0.072801,0.395893,0.058867,1833.84,1,1833.84
1.221761,203.7305,-404.121094,-0.489962,-9.909085,-8.814254,-0.229843,0.499191,0.180539,-0.489962,-0.398426,1816.81,1,1816.81
1.224015,198.8086,-409.042969,-0.877822,-9.910704,-8.801085,-0.617704,0.685939,0.193707,-0.877822,-0.211678,1789.73,1,1789.73
1.226275,194.4141,-413.437500,-0.914932,-9.912926,-9.222465,-0.654814,1.023521,-0.227672,-0.914932,0.125904,1770.68,1,1770.68
1.228530,189.5801,-418.271484,1.109365,-9.912325,-9.143456,1.369483,0.794875,-0.148664,1.109365,-0.102742,1750.83,1,1750.83
1.230787,184.9219,-422.929687,0.485676,-9.910689,-9.003395,0.745794,0.910994,-0.008602,0.485676,0.013377,1730.19,1,1730.19
1.233045,180.0000,-427.851562,2.390263,-9.906747,-8.943541,2.650381,0.851139,0.051252,2.390263,-0.046478,1697.76,1,1697.76
1.235306,175.1660,-432.685547,0.337235,-9.904843,-9.069236,0.597353,0.671574,-0.074443,0.337235,-0.226043,1675.17,1,1675.17
1.237561,170.4199,-437.431641,-1.139987,-9.906956,-9.112331,-0.879869,1.362301,-0.117538,-1.139987,0.464684,1651.81,1,1651.81
1.239818,165.6738,-442.177734,-2.383775,-9.910644,-9.030929,-2.123657,0.997185,-0.036136,-2.383775,0.099568,1627.70,1,1627.70
1.242073,160.9277,-446.923828,-1.075344,-9.914427,-9.229648,-0.815226,1.235408,-0.234855,-1.075344,0.337791,1590.12,1,1590.12
1.244335,156.7090,-451.142578,1.269777,-9.912723,-9.060856,1.529895,0.714669,-0.066063,1.269777,-0.182948,1564.14,1,1564.14
1.246589,152.4902,-455.361328,0.532363,-9.910321,-9.050082,0.792481,0.851139,-0.055289,0.532363,-0.046478,1537.44,1,1537.44
1.248846,148.5352,-459.316406,1.117745,-9.908118,-8.860941,1.377863,1.180341,0.133852,1.117745,0.282725,1510.02,1,1510.02
1.251103,144.4922,-463.359375,0.112180,-9.907740,-9.269152,0.372298,0.855927,-0.274359,0.112180,-0.041690,1467.56,1,1467.56
1.253364,140.6250,-467.226562,-0.081750,-9.907441,-9.405622,0.178368,0.820014,-0.410829,-0.081750,-0.077603,1438.39,1,1438.39
1.255621,136.7578,-471.093750,-0.254133,-9.908092,-8.882488,0.005986,0.859518,0.112305,-0.254133,-0.038098,1408.53,1,1408.53
1.257877,133.8574,-473.994141,-1.580520,-9.910307,-8.966286,-1.320402,1.086968,0.028507,-1.580520,0.189351,1378.00,1,1378.00
1.260134,131.8359,-476.015625,6.695038,-9.901842,-8.923190,6.955156,0.913388,0.071603,6.695038,0.015771,1330.98,1,1330.98
1.262393,129.5508,-478.300781,9.315492,-9.876585,-9.001001,9.575610,1.783680,-0.006208,9.315492,0.886063,1298.82,1,1298.82
1.264649,127.3535,-480.498047,1.298507,-9.864454,-9.830592,1.558625,0.949301,-0.835799,1.298507,0.051684,1266.04,1,1266.04
1.266906,125.2441,-482.607422,-1.005912,-9.865820,-9.544485,-0.745794,0.800860,-0.549692,-1.005912,-0.096756,1232.65,1,1232.65
1.269165,123.3105,-484.541016,1.195557,-9.863899,-8.188169,1.455675,0.383072,0.806623,1.195557,-0.514545,1181.43,1,1181.43
1.271427,121.2891,-486.562500,1.050707,-9.860304,-8.668207,1.310825,0.353145,0.326586,1.050707,-0.544472,1146.55,1,1146.55
1.273681,119.2676,-488.583984,-2.760862,-9.862101,-9.381680,-2.500744,1.272518,-0.386887,-2.760862,0.374901,1111.11,1,1111.11
1.275935,117.1582,-490.693359,-4.299136,-9.870894,-9.659407,-4.039018,2.416947,-0.664614,-4.299136,1.519330,1075.11,1,1075.11
1.278191,115.4883,-492.363281,-0.404967,-9.874383,-9.309854,-0.144849,1.419762,-0.315061,-0.404967,0.522145,1020.12,1,1020.12
1.280448,113.5547,-494.296875,2.316043,-9.870397,-8.917204,2.576161,0.313640,0.077589,2.316043,-0.583976,982.81,1,982.81
1.282710,111.6211,-496.230469,1.517577,-9.865956,-8.810662,1.777695,0.259771,0.184131,1.517577,-0.637846,945.00,1,945.00
1.284965,110.3906,-497.460937,0.873536,-9.863668,-8.961497,1.133654,0.416591,0.033296,0.873536,-0.481026,906.71,1,906.71
1.287219,109.6875,-498.164062,11.303876,-9.845372,-8.653842,11.563994,1.356315,0.340951,11.303876,0.458698,848.41,1,848.41
1.289473,108.8965,-498.955078,6.978751,-9.820272,-9.585187,7.238869,2.305616,-0.590394,6.978751,1.407999,808.98,1,808.98
1.291733,108.1055,-499.746094,-2.803957,-9.815662,-10.515334,-2.543839,1.586159,-1.520541,-2.803957,0.688542,769.14,1,769.14
1.293991,107.0508,-500.800781,-1.837897,-9.821875,-9.449914,-1.577779,0.784101,-0.455121,-1.837897,-0.113516,728.88,1,728.88
1.296250,106.2598,-501.591797,2.764956,-9.816558,-7.526173,3.025074,-0.318429,1.468620,2.764956,-1.216046,667.78,1,667.78
1.298505,105.4688,-502.382812,0.607780,-9.811934,-8.541314,0.867898,-0.248997,0.453479,0.607780,-1.146614,626.59,1,626.59
1.300765,104.5898,-503.261719,-5.223298,-9.818511,-9.925163,-4.963180,2.262521,-0.930370,-5.223298,1.364904,585.06,1,585.06
1.303020,103.6230,-504.228516,-2.043798,-9.824923,-9.471462,-1.783680,2.911349,-0.476669,-2.043798,2.013732,522.15,1,522.15
1.305277,102.8320,-505.019531,2.237034,-9.823134,-9.139865,2.497152,1.710657,-0.145072,2.237034,0.813040,479.85,1,479.85
1.307534,101.9531,-505.898437,2.695524,-9.813232,-8.583213,2.955642,0.093374,0.411580,2.695524,-0.804243,437.27,1,437.27
1.309793,101.8652,-505.986328,0.158867,-9.811217,-9.109938,0.418985,-0.162806,-0.115145,0.158867,-1.060423,394.43,1,394.43
1.317413,102.1289,-505.722656,0.823258,-9.804945,-9.983821,1.083376,1.456872,-0.989028,0.823258,0.559255,220.92,1,220.92
1.319472,102.0410,-505.810547,0.671226,-9.802753,-8.335413,0.931344,0.047884,0.659380,0.671226,-0.849733,177.10,1,177.10
1.321730,102.0410,-505.810547,-0.495947,-9.802877,-7.921216,-0.235829,0.952892,1.073576,-0.495947,0.055275,133.15,1,133.15
1.323999,101.9531,-505.898437,-1.022671,-9.804728,-8.348581,-0.762553,-0.183156,0.646212,-1.022671,-1.080773,89.09,1,89.09
1.326255,101.9531,-505.898437,-1.280048,-9.807701,-9.651027,-1.019930,1.387440,-0.656234,-1.280048,0.489823,22.83,1,22.83
1.328511,101.8652,-505.986328,1.675594,-9.806677,-9.660604,1.935712,2.152387,-0.665811,1.675594,1.254771,21.42,-1,-21.42
1.330767,102.0410,-505.810547,1.597782,-9.802528,-8.716091,1.857901,0.897826,0.278702,1.597782,0.000209,65.70,-1,-65.70
1.333029,101.9531,-505.898437,-0.026683,-9.801634,-8.610746,0.233435,0.377087,0.384047,-0.026683,-0.520530,132.15,-1,-132.15
1.335288,101.9531,-505.898437,0.569473,-9.801941,-9.087193,0.829591,0.312443,-0.092400,0.569473,-0.585174,176.44,-1,-176.44
1.337543,101.8652,-505.986328,1.397867,-9.799508,-9.214086,1.657985,0.762553,-0.219293,1.397867,-0.135064,220.68,-1,-220.68
1.339799,102.1289,-505.722656,0.413850,-9.797212,-9.267955,0.673968,1.788469,-0.273162,0.413850,0.890852,264.86,-1,-264.86
1.342061,101.9531,-505.898437,-0.677906,-9.798352,-9.257181,-0.417788,1.509544,-0.262388,-0.677906,0.611927,330.97,-1,-330.97
1.344318,102.0410,-505.810547,0.130137,-9.799056,-8.992621,0.390255,0.545878,0.002172,0.130137,-0.351739,374.90,-1,-374.90
1.346576,101.9531,-505.898437,0.034369,-9.798672,-8.695741,0.294487,0.863110,0.299052,0.034369,-0.034507,418.69,-1,-418.69
1.348832,102.0410,-505.810547,-0.580941,-9.799498,-8.932767,-0.320823,1.294066,0.062026,-0.580941,0.396449,462.32,-1,-462.32
1.351094,102.0410,-505.810547,0.088238,-9.799938,-9.314642,0.348356,1.514333,-0.319849,0.088238,0.616716,527.41,-1,-527.41
1.353352,102.0410,-505.810547,2.210698,-9.796533,-9.008183,2.470816,0.853533,-0.013391,2.210698,-0.044084,570.53,-1,-570.53
1.355608,103.2715,-504.580078,7.275632,-9.788161,-8.676587,7.535750,0.628478,0.318206,7.275632,-0.269139,613.41,-1,-613.41
1.357865,104.0625,-503.789062,12.395632,-9.762774,-7.927202,12.655750,0.687136,1.067591,12.395632,-0.210481,656.03,-1,-656.03
1.360121,105.1172,-502.734375,3.751367,-9.750506,-10.022128,4.011485,1.683124,-1.027335,3.751367,0.785507,719.41,-1,-719.41
1.362384,105.9082,-501.943359,0.174429,-9.747403,-9.821015,0.434548,1.145625,-0.826222,0.174429,0.248009,761.27,-1,-761.27
1.364642,106.8750,-500.976562,1.401458,-9.746259,-8.300697,1.661576,-0.096965,0.694096,1.401458,-0.994582,802.79,-1,-802.79
1.366899,108.0176,-499.833984,-0.443275,-9.745111,-7.945158,-0.183156,0.736217,1.049634,-0.443275,-0.161400,843.94,-1,-843.94
1.369154,108.8086,-499.042969,-2.226955,-9.749801,-8.607155,-1.966837,0.472855,0.387638,-2.226955,-0.424762,904.94,-1,-904.94
1.371413,109.5117,-498.339844,-2.735723,-9.757077,-9.807847,-2.475605,2.455254,-0.813054,-2.735723,1.557637,945.08,-1,-945.08
1.373668,110.4785,-497.373047,2.436950,-9.756686,-9.211691,2.697068,1.356315,-0.216898,2.436950,0.458698,984.78,-1,-984.78
1.375925,111.7090,-496.142578,1.150067,-9.753411,-9.156625,1.410185,0.761356,-0.161832,1.150067,-0.136261,1024.01,-1,-1024.01
1.378182,113.8184,-494.033203,3.106129,-9.748055,-8.850166,3.366248,0.314838,0.144627,3.106129,-0.582779,1081.94,-1,-1081.94
1.380442,115.7520,-492.099609,13.036080,-9.720014,-8.105570,13.296199,0.016759,0.889223,13.036080,-0.880857,1119.92,-1,-1119.92
1.382696,117.7734,-490.078125,4.306822,-9.700825,-10.096349,4.566940,1.580173,-1.101556,4.306822,0.682556,1157.36,-1,-1157.36
1.384954,119.7070,-488.144531,0.005638,-9.698885,-9.712079,0.265756,2.012326,-0.717286,0.005638,1.114710,1194.23,-1,-1194.23
1.387213,121.8164,-486.035156,0.364768,-9.699143,-8.431181,0.624887,0.377087,0.563612,0.364768,-0.520530,1248.45,-1,-1248.45
1.389477,124.0137,-483.837891,-0.990350,-9.699771,-8.790312,-0.730232,0.420182,0.204481,-0.990350,-0.477434,1283.82,-1,-1283.82
1.391732,125.9473,-481.904297,-2.346665,-9.703504,-8.752005,-2.086547,0.077812,0.242788,-2.346665,-0.819805,1318.57,-1,-1318.57
1.393987,128.0566,-479.794922,-3.325894,-9.710794,-9.028535,-3.065775,1.513135,-0.033742,-3.325894,0.615519,1352.66,-1,-1352.66
1.396245,130.4297,-477.421875,0.320476,-9.713687,-9.795877,0.580594,1.744176,-0.801084,0.320476,0.846559,1402.52,-1,-1402.52
1.398506,132.8906,-474.960937,2.202318,-9.710879,-9.299079,2.462436,0.769736,-0.304286,2.202318,-0.127881,1434.89,-1,-1434.89
1.400761,135.3516,-472.500000,2.687144,-9.704945,-8.497022,2.947262,0.609324,0.497771,2.687144,-0.288293,1466.53,-1,-1466.53
1.403020,139.2187,-468.632812,5.039447,-9.696702,-8.750807,5.299565,0.208296,0.243986,5.039447,-0.689321,1512.59,-1,-1512.59
1.405276,143.3496,-464.501953,8.943192,-9.672246,-8.742428,9.203311,0.575805,0.252365,8.943192,-0.321811,1542.34,-1,-1542.34
1.407535,147.2168,-460.634766,1.540322,-9.661470,-9.868899,1.800440,2.149993,-0.874106,1.540322,1.252376,1571.30,-1,-1571.30
1.409792,151.6113,-456.240234,-0.092524,-9.660680,-9.894038,0.167594,2.069787,-0.899245,-0.092524,1.172170,1599.45,-1,-1599.45
1.412051,155.5664,-452.285156,1.831217,-9.657834,-8.801085,2.091335,-0.222661,0.193707,1.831217,-1.120278,1640.12,-1,-1640.12
1.414309,160.0488,-447.802734,-0.910144,-9.654383,-8.027759,-0.650026,0.735020,0.967034,-0.910144,-0.162597,1666.18,-1,-1666.18
1.416568,164.7070,-443.144531,-5.455536,-9.662479,-9.449914,-5.195418,1.468843,-0.455121,-5.455536,0.571226,1691.37,-1,-1691.37
1.418822,169.1895,-438.662109,-3.390537,-9.672153,-9.910798,-3.130419,2.176329,-0.916005,-3.390537,1.278713,1715.67,-1,-1715.67
1.421080,174.1113,-433.740234,1.466101,-9.672036,-9.343372,1.726219,1.903390,-0.348579,1.466101,1.005774,1750.44,-1,-1750.44
1.423336,178.6816,-429.169922,4.756932,-9.660790,-8.336611,5.017050,-0.391452,0.658182,4.756932,-1.289069,1772.46,-1,-1772.46
1.425597,184.0430,-423.808594,-0.237373,-9.655755,-8.795100,0.022745,-0.847547,0.199693,-0.237373,-1.745164,1793.55,-1,-1793.55
1.427854,189.0527,-418.798828,-0.857471,-9.658276,-9.029732,-0.597353,0.398635,-0.034939,-0.857471,-0.498982,1813.69,-1,-1813.69
1.435925,205.6641,-402.187500,-3.002676,-9.682510,-9.014170,-2.742558,0.849942,-0.019377,-3.002676,-0.047675,1884.44,-1,-1884.44
1.437982,209.7949,-398.056641,-2.164706,-9.688058,-8.333019,-1.904588,1.037886,0.661774,-2.164706,0.140270,1899.62,-1,-1899.62
1.440254,214.0137,-393.837891,1.681579,-9.686809,-8.809465,1.941698,0.554258,0.185328,1.681579,-0.343359,1920.45,-1,-1920.45
1.442511,218.4961,-389.355469,1.662426,-9.682758,-9.429564,1.922544,0.248997,-0.434771,1.662426,-0.648620,1933.04,-1,-1933.04
1.444767,222.5391,-385.312500,0.404273,-9.680885,-9.464279,0.664391,0.889446,-0.469486,0.404273,-0.008171,1944.57,-1,-1944.57
1.447023,226.4941,-381.357422,0.037960,-9.680376,-8.965088,0.298078,1.588553,0.029705,0.037960,0.690936,1959.86,-1,-1959.86
1.449287,230.0977,-377.753906,1.085423,-9.679486,-8.905233,1.345541,0.756568,0.089560,1.085423,-0.141049,1968.71,-1,-1968.71
1.451545,233.7012,-374.150391,0.009230,-9.678024,-8.930372,0.269348,0.256180,0.064421,0.009230,-0.641437,1976.48,-1,-1976.48
1.453801,237.2168,-370.634766,0.446171,-9.677608,-9.038112,0.706290,0.705092,-0.043319,0.446171,-0.192524,1983.15,-1,-1983.15
1.456057,240.5566,-367.294922,-0.804799,-9.677967,-9.254786,-0.544681,1.291672,-0.259994,-0.804799,0.394055,1991.09,-1,-1991.09
1.458318,243.8086,-364.042969,0.042748,-9.680500,-9.303867,0.302867,0.993594,-0.309074,0.042748,0.095977,1995.00,-1,-1995.00
1.460574,246.7969,-361.054687,0.246255,-9.680001,-9.012972,0.506374,0.667982,-0.018179,0.246255,-0.229635,1997.79,-1,-1997.79
1.462830,250.0488,-357.802734,0.629328,-9.678607,-8.841787,0.889446,0.794875,0.153006,0.629328,-0.102742,1999.46,-1,-1999.46
1.465088,252.9492,-354.902344,1.153658,-9.676898,-8.791509,1.413776,1.230620,0.203284,1.153658,0.333003,1999.85,-1,-1999.85
1.467350,255.8496,-352.001953,1.351180,-9.671925,-8.986636,1.611298,0.879869,0.008157,1.351180,-0.017748,1998.70,-1,-1998.70
1.469606,258.6621,-349.189453,-0.656359,-9.671372,-9.193734,-0.396240,0.636858,-0.198941,-0.656359,-0.260759,1996.41,-1,-1996.41
1.471862,261.2988,-346.552734,-1.473978,-9.674389,-9.548077,-1.213860,0.881066,-0.553284,-1.473978,-0.016551,1992.99,-1,-1992.99
1.474120,264.1113,-343.740234,-0.621643,-9.677663,-8.730456,-0.361524,0.523133,0.264337,-0.621643,-0.374484,1985.73,-1,-1985.73
1.476382,266.5723,-341.279297,1.054299,-9.677050,-8.456321,1.314417,0.636858,0.538472,1.054299,-0.260759,1979.47,-1,-1979.47
1.478637,269.2090,-338.642578,-0.129634,-9.675169,-9.175778,0.130484,0.829591,-0.180985,-0.129634,-0.068026,1972.07,-1,-1972.07
1.480893,271.7578,-336.093750,-1.224981,-9.678241,-9.490616,-0.964863,1.769315,-0.495823,-1.224981,0.871698,1963.53,-1,-1963.53
1.483150,274.2187,-333.632812,0.544334,-9.677941,-9.071630,0.804452,1.493982,-0.076838,0.544334,0.596365,1948.59,-1,-1948.59
1.485413,276.7676,-331.083984,2.553069,-9.674473,-9.351752,2.813187,0.778116,-0.356959,2.553069,-0.119501,1937.22,-1,-1937.22
1.487668,279.2285,-328.623047,0.435397,-9.671268,-9.132683,0.695516,-0.112527,-0.137890,0.435397,-1.010144,1924.72,-1,-1924.72
1.489923,281.6895,-326.162109,-2.699810,-9.676177,-8.774749,-2.439692,0.422577,0.220044,-2.699810,-0.475040,1911.09,-1,-1911.09
1.492181,284.1504,-323.701172,1.154855,-9.678531,-8.863335,1.414973,0.893037,0.131458,1.154855,-0.004580,1888.55,-1,-1888.55
1.494445,286.5234,-321.328125,1.988037,-9.674036,-9.390059,2.248155,0.762553,-0.395267,1.988037,-0.135064,1872.13,-1,-1872.13
1.496701,289.0723,-318.779297,-1.576929,-9.674723,-9.440337,-1.316811,1.644817,-0.445544,-1.576929,0.747200,1854.61,-1,-1854.61
1.498956,291.3574,-316.494141,-1.798393,-9.678538,-9.064447,-1.538275,1.541866,-0.069654,-1.798393,0.644249,1835.99,-1,-1835.99
1.501214,293.8184,-314.033203,1.086620,-9.681079,-8.675390,1.346738,0.831985,0.319403,1.086620,-0.065632,1806.01,-1,-1806.01
1.503476,296.4551,-311.396484,3.525115,-9.674620,-8.623915,3.785233,0.396240,0.370878,3.525115,-0.501377,1784.68,-1,-1784.68
1.505732,298.9160,-308.935547,-0.275680,-9.672670,-9.240421,-0.015562,0.357933,-0.245628,-0.275680,-0.539684,1762.28,-1,-1762.28
1.507988,301.2891,-306.562500,-2.849447,-9.678496,-9.326612,-2.589329,1.307234,-0.331820,-2.849447,0.409617,1738.82,-1,-1738.82
1.510247,303.7500,-304.101562,-0.143999,-9.681109,-9.133880,0.116119,1.070208,-0.139087,-0.143999,0.172591,1701.66,-1,-1701.66
1.512509,306.3867,-301.464844,0.383922,-9.680601,-9.267955,0.644040,0.246603,-0.273162,0.383922,-0.651014,1675.60,-1,-1675.60
1.514765,308.9355,-298.916016,0.484479,-9.679582,-8.798691,0.744597,0.623690,0.196102,0.484479,-0.273927,1648.52,-1,-1648.52
1.517022,311.4844,-296.367187,-0.084144,-9.679099,-8.791509,0.175974,0.651223,0.203284,-0.084144,-0.246394,1606.03,-1,-1606.03
1.519281,314.1211,-293.730469,1.843188,-9.678721,-9.026140,2.103306,1.604115,-0.031347,1.843188,0.706498,1576.46,-1,-1576.46
1.521545,316.5820,-291.269531,2.465680,-9.672805,-9.077616,2.725799,1.124078,-0.082823,2.465680,0.226461,1545.93,-1,-1545.93
1.523802,319.4824,-288.369141,-2.891346,-9.675856,-9.688137,-2.631228,1.065420,-0.693344,-2.891346,0.167803,1514.44,-1,-1514.44
1.526059,321.9434,-285.908203,-1.739735,-9.684581,-8.786720,-1.479617,1.771709,0.208073,-1.739735,0.874092,1465.46,-1,-1465.46
1.528316,324.6680,-283.183594,2.165208,-9.683655,-8.568848,2.425326,0.804452,0.425945,2.165208,-0.093165,1431.66,-1,-1431.66
1.530578,327.4805,-280.371094,2.252596,-9.678061,-9.291897,2.512715,0.385466,-0.297104,2.252596,-0.512150,1396.97,-1,-1396.97
1.532834,329.7656,-278.085937,-2.912894,-9.681914,-9.405622,-2.652776,0.689530,-0.410829,-2.912894,-0.208087,1361.39,-1,-1361.39
1.535090,331.5234,-276.328125,-10.224786,-9.696940,-8.801085,-9.964667,0.721852,0.193707,-10.224786,-0.175765,1306.44,-1,-1306.44
1.537350,333.2812,-274.570312,-6.576022,-9.717671,-9.651027,-6.315904,0.347159,-0.656234,-6.576022,-0.550458,1268.77,-1,-1268.77
1.539612,335.0391,-272.812500,-0.810785,-9.724141,-8.350976,-0.550666,-0.005986,0.643817,-0.810785,-0.903602,1230.28,-1,-1230.28
1.541867,337.0605,-270.791016,-2.145552,-9.727030,-8.398860,-1.885434,1.758541,0.595933,-2.145552,0.860924,1191.02,-1,-1191.02
1.544122,338.9941,-268.857422,-4.161470,-9.736890,-10.398018,-3.901352,2.364274,-1.403225,-4.161470,1.466657,1130.69,-1,-1130.69
1.546381,340.7520,-267.099609,1.201542,-9.740744,-9.491813,1.461660,1.388637,-0.497020,1.201542,0.491020,1089.56,-1,-1089.56
1.553991,347.1680,-260.683594,0.066690,-9.740236,-9.161413,0.326809,1.904588,-0.166620,0.066690,1.006971,940.17,-1,-940.17
1.556048,348.2227,-259.628906,-1.360254,-9.740227,-10.059238,-1.100136,0.702698,-1.064445,-1.360254,-0.194919,873.76,-1,-873.76
1.558305,349.1895,-258.662109,-13.705956,-9.757896,-10.366894,-13.445837,1.479617,-1.372101,-13.705956,0.582000,828.75,-1,-828.75
1.560562,349.9805,-257.871094,-10.756299,-9.785536,-8.526949,-10.496181,0.986411,0.467844,-10.756299,0.088794,783.19,-1,-783.19
1.562834,350.9473,-256.904297,-0.359478,-9.793544,-7.839813,-0.099359,0.520739,1.154980,-0.359478,-0.376878,737.09,-1,-737.09
1.565088,352.1777,-255.673828,-1.992323,-9.789193,-9.418790,-1.732205,1.018733,-0.423997,-1.992323,0.121116,667.02,-1,-667.02
1.567343,352.7930,-255.058594,-3.414479,-9.796643,-10.366894,-3.154361,1.902193,-1.372101,-3.414479,1.004576,619.72,-1,-619.72
1.569599,353.9355,-253.916016,0.083450,-9.799867,-8.838196,0.343568,1.562217,0.156597,0.083450,0.664600,571.99,-1,-571.99
1.571860,354.8145,-253.037109,6.552583,-9.787390,-8.097190,6.812701,-0.025139,0.897603,6.552583,-0.922756,523.85,-1,-523.85
1.574116,355.7812,-252.070312,-1.211813,-9.785265,-9.853337,-0.951695,0.375890,-0.858544,-1.211813,-0.521727,450.95,-1,-450.95
1.576370,356.0449,-251.806641,-4.364977,-9.791833,-8.911219,-4.104859,1.138443,0.083574,-4.364977,0.240826,401.94,-1,-401.94
1.578627,356.1328,-251.718750,-11.286614,-9.810658,-9.185355,-11.026496,1.386243,-0.190562,-11.286614,0.488626,352.62,-1,-352.62
1.580890,355.9570,-251.894531,-7.701297,-9.832913,-10.302250,-7.441179,0.791284,-1.307457,-7.701297,-0.106333,303.04,-1,-303.04
1.583148,355.9570,-251.894531,-0.038655,-9.838100,-8.165425,0.221464,1.240196,0.829368,-0.038655,0.342580,228.22,-1,-228.22
1.585404,355.9570,-251.894531,-3.831070,-9.841758,-8.534132,-3.570952,0.780510,0.460661,-3.831070,-0.117107,178.09,-1,-178.09
1.587658,355.9570,-251.894531,-2.444827,-9.849067,-10.038888,-2.184709,1.855506,-1.044095,-2.444827,0.957889,127.81,-1,-127.81
1.589921,355.7812,-252.070312,3.041486,-9.845681,-9.270349,3.301604,1.464054,-0.275556,3.041486,0.566437,77.40,-1,-77.40
1.592178,355.9570,-251.894531,2.572222,-9.836086,-8.385692,2.832341,-0.582988,0.609101,2.572222,-1.480605,1.61,-1,-1.61
1.594432,356.0449,-251.806641,-0.941269,-9.834620,-8.833407,-0.681150,0.064643,0.161386,-0.941269,-0.832973,48.99,1,48.99
1.596687,355.9570,-251.894531,-1.302793,-9.837826,-8.980651,-1.042675,0.928950,0.014142,-1.302793,0.031333,99.61,1,99.61
1.598948,355.8691,-251.982422,-1.485949,-9.840261,-9.777920,-1.225831,1.211466,-0.783127,-1.485949,0.313849,150.20,1,150.20
1.601203,355.9570,-251.894531,-2.113230,-9.844516,-9.696517,-1.853112,1.590947,-0.701724,-2.113230,0.693330,225.99,1,225.99
1.603459,355.8691,-251.982422,-0.883808,-9.848164,-9.154230,-0.623690,1.589750,-0.159437,-0.883808,0.692133,276.40,1,276.40
1.605714,355.8691,-251.982422,0.642496,-9.847388,-8.716091,0.902614,0.650026,0.278702,0.642496,-0.247591,326.69,1,326.69
1.607974,355.9570,-251.894531,1.019583,-9.845340,-8.578424,1.279701,0.635661,0.416368,1.019583,-0.261956,376.80,1,376.80
1.610229,355.8691,-251.982422,1.610950,-9.842410,-8.888474,1.871069,1.128866,0.106319,1.610950,0.231249,451.60,1,451.60
1.612485,355.9570,-251.894531,1.354771,-9.839004,-9.332599,1.614889,1.209072,-0.337806,1.354771,0.311455,501.16,1,501.16
1.614739,355.7812,-252.070312,-0.566576,-9.839042,-9.141062,-0.306458,1.154005,-0.146269,-0.566576,0.256388,550.44,1,550.44
1.616995,354.5508,-253.300781,-9.549621,-9.848690,-8.999804,-9.289502,0.632069,-0.005012,-9.549621,-0.265548,599.40,1,599.40
1.619259,353.4961,-254.355469,-15.815247,-9.879991,-9.927557,-15.555128,0.682347,-0.932764,-15.815247,-0.215269,672.19,1,672.19
1.621516,352.2656,-255.585937,-2.417294,-9.897245,-8.931569,-2.157176,-0.541090,0.063224,-2.417294,-1.438706,720.23,1,720.23
1.623772,351.3867,-256.464844,3.630460,-9.892122,-8.052897,3.890578,0.657208,0.941895,3.630460,-0.240408,767.84,1,767.84
1.626026,350.3320,-257.519531,-6.566445,-9.894070,-10.196905,-6.306327,2.694674,-1.202112,-6.566445,1.797057,838.38,1,838.38
1.628287,349.1016,-258.750000,-1.227376,-9.905061,-10.541670,-0.967257,2.505532,-1.546877,-1.227376,1.607915,884.78,1,884.78
1.630544,348.3105,-259.541016,3.510749,-9.900815,-8.145074,3.770868,0.270545,0.849719,3.510749,-0.627072,930.63,1,930.63
1.632801,347.3437,-260.507812,6.592087,-9.886486,-7.754819,6.852205,-1.388637,1.239974,6.592087,-2.286254,975.91,1,975.91
1.635054,346.2012,-261.650391,-3.576088,-9.890145,-9.616311,-3.315969,1.857901,-0.621518,-3.576088,0.960284,1042.68,1,1042.68
1.637315,344.0039,-263.847656,-8.652992,-9.901098,-9.434352,-8.392874,1.868674,-0.439559,-8.652992,0.971058,1086.39,1,1086.39
1.639573,341.8945,-265.957031,-13.003257,-9.931906,-10.800244,-12.743138,1.273715,-1.805451,-13.003257,0.376098,1129.40,1,1129.40
1.641831,340.0488,-267.802734,-4.045351,-9.945560,-8.631097,-3.785233,0.204704,0.363696,-4.045351,-0.692913,1171.71,1,1171.71
1.644087,338.1152,-269.736328,-0.559393,-9.945373,-8.161834,-0.299275,-0.023942,0.832959,-0.559393,-0.921559,1233.76,1,1233.76
1.646346,335.9180,-271.933594,-5.541727,-9.953446,-9.897630,-5.281609,1.340753,-0.902837,-5.541727,0.443136,1274.14,1,1274.14
1.648601,334.0723,-273.779297,0.321673,-9.957412,-9.241618,0.581791,1.458069,-0.246825,0.321673,0.560452,1313.71,1,1313.71
1.650857,332.3145,-275.537109,7.914884,-9.942046,-8.568848,8.175002,-0.481235,0.425945,7.914884,-1.378851,1352.42,1,1352.42
1.653114,330.4687,-277.382812,-0.815573,-9.933573,-9.404425,-0.555455,0.076614,-0.409632,-0.815573,-0.821002,1408.84,1,1408.84
1.655374,328.6230,-279.228516,-5.309489,-9.941734,-8.884883,-5.049371,1.714248,0.109910,-5.309489,0.816632,1445.31,1,1445.31
1.657629,326.4258,-281.425781,-1.198645,-9.947924,-8.916007,-0.938527,1.944092,0.078786,-1.198645,1.046475,1480.83,1,1480.83
1.659887,323.7012,-284.150391,-6.759179,-9.950397,-9.744401,-6.499061,0.126893,-0.749608,-6.759179,-0.770724,1515.38,1,1515.38
1.662145,320.8008,-287.050781,-14.953334,-9.978034,-10.277111,-14.693215,1.046266,-1.282318,-14.953334,0.148649,1565.31,1,1565.31
1.664406,318.0762,-289.775391,-6.184570,-10.000011,-8.051701,-5.924452,0.991199,0.943092,-6.184570,0.093583,1597.31,1,1597.31
1.672573,308.4961,-299.355469,2.645246,-9.978408,-8.645462,2.905364,2.030283,0.349331,2.645246,1.132666,1714.43,1,1714.43
1.674632,306.3867,-301.464844,5.857067,-9.966580,-8.428787,6.117185,-0.574608,0.566006,5.857067,-1.472225,1740.88,1,1740.88
1.676888,303.7500,-304.101562,-2.845856,-9.964072,-9.064447,-2.585738,0.441730,-0.069654,-2.845856,-0.455887,1766.15,1,1766.15
1.679157,300.9375,-306.914062,-4.771991,-9.973205,-9.105149,-4.511873,1.009156,-0.110356,-4.771991,0.111539,1801.80,1,1801.80
1.681412,298.5645,-309.287109,-3.080488,-9.981877,-9.950302,-2.820370,1.112107,-0.955509,-3.080488,0.214490,1824.04,1,1824.04
1.683667,295.9277,-311.923828,0.195977,-9.982875,-9.789890,0.456095,1.376666,-0.795097,0.195977,0.479049,1845.03,1,1845.03
1.685923,293.6426,-314.208984,1.576235,-9.981444,-8.425196,1.836353,1.540669,0.569597,1.576235,0.643052,1864.75,1,1864.75
1.688185,291.0059,-316.845703,2.205909,-9.976581,-8.273164,2.466028,-0.472855,0.721629,2.205909,-1.370472,1891.93,1,1891.93
1.690441,288.6328,-319.218750,0.512012,-9.973983,-9.100361,0.772130,0.056264,-0.105568,0.512012,-0.841353,1908.42,1,1908.42
1.692695,286.0840,-321.767578,0.083450,-9.973829,-8.871715,0.343568,1.307234,0.123078,0.083450,0.409617,1923.58,1,1923.58
1.694951,283.7109,-324.140625,0.879522,-9.972068,-9.232041,1.139640,1.770512,-0.237248,0.879522,0.872895,1937.41,1,1937.41
1.697212,281.2500,-326.601562,-1.080132,-9.972531,-9.315839,-0.820014,0.264559,-0.321046,-1.080132,-0.633058,1955.63,1,1955.63
1.699468,278.7891,-329.062500,-1.514680,-9.975304,-8.943541,-1.254562,0.202310,0.051252,-1.514680,-0.695307,1966.06,1,1966.06
1.701723,276.3281,-331.523437,-2.762059,-9.981151,-8.878897,-2.501941,0.810437,0.115896,-2.762059,-0.087180,1975.12,1,1975.12
1.703978,273.7793,-334.072266,0.021201,-9.983666,-9.388862,0.281319,0.817620,-0.394069,0.021201,-0.079997,1982.78,1,1982.78
1.706239,271.3184,-336.533203,1.664820,-9.981697,-9.330204,1.924938,0.779313,-0.335411,1.664820,-0.118304,1991.66,1,1991.66
1.708495,268.5937,-339.257812,0.837623,-9.978832,-9.210494,1.097741,1.385046,-0.215701,0.837623,0.487429,1995.82,1,1995.82
1.710753,266.0449,-341.806641,1.253017,-9.976954,-8.865729,1.513135,1.473631,0.129064,1.253017,0.576014,1998.55,1,1998.55
1.713013,263.5840,-344.267578,0.901070,-9.973498,-8.765172,1.161188,0.709881,0.229621,0.901070,-0.187736,2000.00,1,2000.00
1.715275,260.7715,-347.080078,1.151264,-9.971018,-9.253590,1.411382,0.572214,-0.258797,1.151264,-0.325403,1999.17,1,1999.17
1.717532,258.0469,-349.804687,-2.444827,-9.974364,-9.180567,-2.184709,0.960075,-0.185774,-2.444827,0.062458,1996.91,1,1996.91
1.719787,255.3223,-352.529297,-2.059361,-9.980202,-8.966286,-1.799243,0.797269,0.028507,-2.059361,-0.100348,1993.22,1,1993.22
1.722043,252.2461,-355.605469,-0.053020,-9.982886,-8.852561,0.207098,0.660800,0.142232,-0.053020,-0.236817,1984.99,1,1984.99
1.724303,249.3457,-358.505859,1.658835,-9.980387,-8.919599,1.918953,1.148020,0.075194,1.658835,0.250403,1977.71,1,1977.71
1.726558,246.3574,-361.494141,0.512012,-9.978743,-9.251195,0.772130,0.872687,-0.256402,0.512012,-0.024930,1968.99,1,1968.99
1.728813,243.1934,-364.658203,-1.125622,-9.980012,-9.016563,-0.865504,0.932542,-0.021770,-1.125622,0.034925,1958.84,1,1958.84
1.731068,239.7656,-368.085937,1.354771,-9.979639,-8.881291,1.614889,0.709881,0.113502,1.354771,-0.187736,1940.94,1,1940.94
1.733328,236.6016,-371.250000,0.941771,-9.977017,-9.135077,1.201889,0.764947,-0.140284,0.941771,-0.132669,1927.23,1,1927.23
1.735586,233.0859,-374.765625,1.482861,-9.974083,-9.168595,1.742979,0.638055,-0.173802,1.482861,-0.259562,1912.11,1,1912.11
1.737842,229.3945,-378.457031,-1.232164,-9.974154,-9.042900,-0.972046,1.432930,-0.048107,-1.232164,0.535313,1895.57,1,1895.57
1.740097,225.6152,-382.236328,-1.512286,-9.977339,-9.040505,-1.252167,0.945710,-0.045712,-1.512286,0.048093,1868.16,1,1868.16
1.742358,221.5723,-386.279297,-0.382222,-9.979237,-9.306262,-0.122104,0.708684,-0.311469,-0.382222,-0.188933,1848.14,1,1848.14
1.744613,217.4414,-390.410156,-1.017883,-9.980867,-9.133880,-0.757765,0.912191,-0.139087,-1.017883,0.014574,1826.76,1,1826.76
1.746869,213.3984,-394.453125,2.173588,-9.979081,-8.522161,2.433706,0.980426,0.472632,2.173588,0.082809,1804.01,1,1804.01
1.749126,208.9160,-398.935547,1.735449,-9.974322,-8.906430,1.995567,0.913388,0.088363,1.735449,0.015771,1767.37,1,1767.37
1.751380,204.5215,-403.330078,2.761364,-9.969103,-9.295488,3.021482,0.816423,-0.300695,2.761364,-0.081194,1741.28,1,1741.28
1.753641,200.0391,-407.812500,0.272592,-9.966322,-9.214086,0.532710,1.060631,-0.219293,0.272592,0.163015,1713.88,1,1713.88
1.755897,195.6445,-412.207031,-2.452010,-9.971047,-9.088389,-2.191892,0.863110,-0.093596,-2.452010,-0.034507,1685.19,1,1685.19
1.758154,190.6348,-417.216797,-0.969999,-9.975286,-9.034520,-0.709881,0.773327,-0.039727,-0.969999,-0.124290,1639.76,1,1639.76
1.760413,185.7129,-422.138672,1.207528,-9.973469,-9.064447,1.467646,0.621295,-0.069654,1.207528,-0.276322,1607.91,1,1607.91
1.762674,180.7031,-427.148437,1.393078,-9.970411,-9.160215,1.653196,0.865504,-0.165422,1.393078,-0.032113,1574.84,1,1574.84
1.764927,176.3086,-431.542969,-1.068161,-9.971003,-8.884883,-0.808043,1.517924,0.109910,-1.068161,0.620307,1540.56,1,1540.56
1.767183,171.4746,-436.376953,0.764600,-9.971649,-9.090784,1.024718,1.253365,-0.095991,0.764600,0.355748,1486.94,1,1486.94
1.769439,166.5527,-441.298828,1.181191,-9.968824,-9.194932,1.441309,0.700304,-0.200139,1.181191,-0.197313,1449.75,1,1449.75
1.771699,161.8945,-445.957031,-0.081750,-9.967276,-8.899248,0.178368,0.782904,0.095545,-0.081750,-0.114713,1411.44,1,1411.44
1.773954,158.0273,-449.824219,-1.104074,-9.968882,-9.111135,-0.843956,0.727837,-0.116342,-1.104074,-0.169780,1372.04,1,1372.04
1.776208,155.2148,-452.636719,4.771297,-9.966750,-9.077616,5.031415,1.154005,-0.082823,4.771297,0.256388,1310.94,1,1310.94
1.778462,152.5781,-455.273437,12.303455,-9.940910,-8.554482,12.563574,1.193510,0.440310,12.303455,0.295893,1268.91,1,1268.91
1.780722,149.8535,-457.998047,3.508355,-9.923817,-9.938332,3.768473,1.290475,-0.943539,3.508355,0.392858,1225.89,1,1225.89
1.782980,147.2168,-460.634766,-0.643190,-9.921508,-9.223662,-0.383072,0.969652,-0.228869,-0.643190,0.072035,1181.91,1,1181.91
1.790550,138.5156,-469.335937,-0.879019,-9.928161,-8.643068,-0.618901,0.866701,0.351725,-0.879019,-0.030916,996.92,1,996.92
1.792606,136.4062,-471.445312,-4.194989,-9.935357,-9.815030,-3.934870,2.806004,-0.820237,-4.194989,1.908387,948.58,1,948.58
1.794875,134.2090,-473.642578,-0.805996,-9.941193,-9.317036,-0.545878,1.195904,-0.322243,-0.805996,0.298287,899.47,1,899.47
1.797133,133.0664,-474.785156,7.294785,-9.935918,-8.510190,7.554904,0.349553,0.484603,7.294785,-0.548063,824.44,1,824.44
1.799388,132.2754,-475.576172,14.290643,-9.903913,-7.937976,14.550761,-0.227449,1.056817,14.290643,-1.125066,773.57,1,773.57
1.801644,131.0449,-476.806641,7.195426,-9.884442,-9.782708,7.455544,1.136049,-0.787915,7.195426,0.238432,722.06,1,722.06
1.803906,130.1660,-477.685547,1.809669,-9.878343,-9.442732,2.069787,1.602918,-0.447939,1.809669,0.705301,669.94,1,669.94
1.806163,128.8477,-479.003906,1.225484,-9.873226,-8.202535,1.485602,0.246603,0.792258,1.225484,-0.651014,590.73,1,590.73
1.808421,127.7051,-480.146484,-0.894582,-9.875619,-9.080010,-0.634463,1.449689,-0.085217,-0.894582,0.552072,537.28,1,537.28
1.810677,126.9141,-480.937500,-4.007044,-9.880607,-9.033323,-3.746926,1.387440,-0.038530,-4.007044,0.489823,483.37,1,483.37
1.812935,125.8594,-481.992187,0.405470,-9.884534,-9.188946,0.665588,1.489193,-0.194153,0.405470,0.591577,429.04,1,429.04
1.815190,126.1230,-481.728516,5.298021,-9.878017,-9.464279,5.558139,1.388637,-0.469486,5.298021,0.491020,346.84,1,346.84
1.817445,126.2109,-481.640625,11.045302,-9.852630,-8.348581,11.305421,0.416591,0.646212,11.045302,-0.481026,291.64,1,291.64
1.819701,126.2109,-481.640625,5.132821,-9.837385,-9.556456,5.392939,1.313220,-0.561663,5.132821,0.415603,236.15,1,236.15
1.821962,126.3867,-481.464844,3.581378,-9.828502,-9.028535,3.841497,0.773327,-0.033742,3.581378,-0.124290,180.43,1,180.43
1.824221,126.3867,-481.464844,2.828402,-9.821087,-7.915231,3.088520,-0.633266,1.079562,2.828402,-1.530883,96.52,1,96.52
1.826476,126.4746,-481.376953,-0.504327,-9.820430,-8.820239,-0.244209,0.973243,0.174554,-0.504327,0.075626,40.42,1,40.42
1.828730,126.3867,-481.464844,-4.291954,-9.828781,-9.273940,-4.031836,2.047042,-0.279147,-4.291954,1.149426,15.77,-1,-15.77
1.830990,126.4746,-481.376953,-3.257659,-9.837378,-9.919178,-2.997540,1.874660,-0.924385,-3.257659,0.977043,71.99,-1,-71.99
1.833247,126.3867,-481.464844,-1.447642,-9.842291,-9.672575,-1.187524,0.928950,-0.677782,-1.447642,0.031333,156.29,-1,-156.29
1.835502,126.2109,-481.640625,0.564684,-9.842100,-8.725668,0.824802,0.325611,0.269125,0.564684,-0.572005,212.40,-1,-212.40
1.837757,126.3867,-481.464844,3.212671,-9.836408,-8.725668,3.472790,0.335188,0.269125,3.212671,-0.562429,268.39,-1,-268.39
1.840013,126.3867,-481.464844,3.739396,-9.828454,-9.062054,3.999514,0.784101,-0.067261,3.739396,-0.113516,352.05,-1,-352.05
1.842272,126.5625,-481.289062,2.569828,-9.821691,-8.820239,2.829947,1.053449,0.174554,2.569828,0.155832,407.54,-1,-407.54
1.844528,126.4746,-481.376953,0.386316,-9.819550,-8.889671,0.646434,1.681927,0.105122,0.386316,0.784310,462.76,-1,-462.76
1.846787,126.5625,-481.289062,-2.052178,-9.822806,-9.490616,-1.792060,1.173159,-0.495823,-2.052178,0.275542,517.65,-1,-517.65
1.849044,126.9141,-480.937500,-2.726146,-9.828271,-9.244013,-2.466028,0.661997,-0.249220,-2.726146,-0.235620,599.27,-1,-599.27
1.851304,127.8809,-479.970703,4.371465,-9.825027,-8.716091,4.631583,0.866701,0.278702,4.371465,-0.030916,653.16,-1,-653.16
1.853561,129.3750,-478.476562,12.404012,-9.798864,-7.935582,12.664130,0.675165,1.059211,12.404012,-0.222452,706.56,-1,-706.56
1.855816,130.6055,-477.246094,3.592152,-9.783277,-10.704475,3.852271,2.025495,-1.709682,3.592152,1.127878,759.43,-1,-759.43
1.858073,132.0117,-475.839844,3.856712,-9.776882,-9.876082,4.116830,1.763330,-0.881289,3.856712,0.865713,837.66,-1,-837.66
1.860335,133.2422,-474.609375,4.172747,-9.765965,-7.219715,4.432865,-0.614113,1.775078,4.172747,-1.511730,889.03,-1,-889.03
1.862591,134.2090,-473.642578,-1.187871,-9.763413,-8.548497,-0.927753,-0.052672,0.446296,-1.187871,-0.950289,939.72,-1,-939.72
1.864845,135.6152,-472.236328,-5.501026,-9.772429,-9.139865,-5.240908,1.412579,-0.145072,-5.501026,0.514962,989.69,-1,-989.69
1.867099,136.6699,-471.181641,-2.739314,-9.781149,-9.714474,-2.479196,2.774880,-0.719681,-2.739314,1.877263,1063.20,-1,-1063.20
1.869360,139.8340,-468.017578,2.415402,-9.781570,-10.048465,2.675520,2.088941,-1.053672,2.415402,1.191324,1111.18,-1,-1111.18
1.871616,142.2949,-465.556641,8.421257,-9.756878,-8.050503,8.681376,0.305261,0.944290,8.421257,-0.592356,1158.29,-1,-1158.29
1.873871,145.0195,-462.832031,5.924105,-9.741454,-10.023325,6.184223,1.199495,-1.028532,5.924105,0.301878,1204.49,-1,-1204.49
1.876129,147.7441,-460.107422,2.260976,-9.733668,-9.618706,2.521094,0.501585,-0.623913,2.260976,-0.396032,1272.00,-1,-1272.00
1.878393,150.6445,-457.207031,4.990366,-9.723681,-7.945158,5.250484,-1.127669,1.049634,4.990366,-2.025286,1315.75,-1,-1315.75
1.880651,153.5449,-454.306641,1.560672,-9.716222,-8.090008,1.820790,1.971625,0.904785,1.560672,1.074008,1358.45,-1,-1358.45
1.882906,156.4453,-451.406250,-4.228508,-9.718840,-9.507375,-3.968389,2.243367,-0.512582,-4.228508,1.345750,1400.07,-1,-1400.07
1.885162,159.1699,-448.681641,-6.202527,-9.731714,-10.910378,-5.942409,2.408567,-1.915585,-6.202527,1.510950,1460.38,-1,-1460.38
1.887423,162.7734,-445.078125,-2.551369,-9.739794,-9.319430,-2.291251,1.339556,-0.324637,-2.551369,0.441939,1499.12,-1,-1499.12
1.889680,167.8711,-439.980469,11.920382,-9.726603,-7.880515,12.180501,-0.214281,1.114278,11.920382,-1.111898,1536.65,-1,-1536.65
1.891936,172.6172,-435.234375,8.157895,-9.701301,-9.129091,8.418014,-0.266953,-0.134298,8.157895,-1.164570,1572.93,-1,-1572.93
1.894191,177.4512,-430.400391,6.030647,-9.686539,-10.062830,6.290765,1.714248,-1.068037,6.030647,0.816632,1624.94,-1,-1624.94
1.896455,182.6367,-425.214844,6.981145,-9.671594,-8.967483,7.241263,1.753753,0.027310,6.981145,0.856136,1657.96,-1,-1657.96
1.898714,187.6465,-420.205078,2.131689,-9.659321,-8.202535,2.391808,-0.463278,0.792258,2.131689,-1.360895,1689.63,-1,-1689.63
1.900973,192.6562,-415.195312,-4.239281,-9.661921,-8.842984,-3.979163,1.191115,0.151809,-4.239281,0.293499,1719.90,-1,-1719.90
1.908561,208.2129,-399.638672,0.133728,-9.660906,-9.399636,0.393846,0.745794,-0.404843,0.133728,-0.151823,1826.52,-1,-1826.52
1.910632,212.4316,-395.419922,2.533915,-9.657181,-8.816648,2.794033,0.463278,0.178145,2.533915,-0.434339,1849.44,-1,-1849.44
1.912890,216.7383,-391.113281,4.371465,-9.649178,-8.635885,4.631583,0.433351,0.358908,4.371465,-0.464266,1870.80,-1,-1870.80
1.915148,220.6934,-387.158203,5.535047,-9.637768,-8.680179,5.795165,0.518345,0.314614,5.535047,-0.379272,1899.90,-1,-1899.90
1.917404,224.7363,-383.115234,3.418573,-9.627602,-8.422802,3.678691,0.446519,0.571991,3.418573,-0.451098,1917.31,-1,-1917.31
1.919663,228.6914,-379.160156,-3.351033,-9.632302,-9.519346,-3.090914,2.078167,-0.524553,-3.351033,1.180550,1933.10,-1,-1933.10
1.921921,232.5586,-375.292969,-4.063308,-9.640548,-9.531317,-3.803190,1.680730,-0.536524,-4.063308,0.783113,1947.25,-1,-1947.25
1.924178,235.8984,-371.953125,-2.165903,-9.647272,-9.326612,-1.905785,0.810437,-0.331820,-2.165903,-0.087180,1965.38,-1,-1965.38
1.926434,239.2383,-368.613281,-1.877401,-9.650798,-8.640674,-1.617283,0.166397,0.354119,-1.877401,-0.731220,1975.38,-1,-1975.38
1.928694,242.3145,-365.537109,-0.637205,-9.654065,-8.936357,-0.377087,0.198719,0.058435,-0.637205,-0.698898,1983.70,-1,-1983.70
1.930952,245.6543,-362.197266,3.057048,-9.651953,-9.415198,3.317167,1.018733,-0.420405,3.057048,0.121116,1990.31,-1,-1990.31
1.933207,248.6426,-359.208984,6.116838,-9.639027,-8.962694,6.376956,1.431733,0.032099,6.116838,0.534116,1997.04,-1,-1997.04
1.935464,251.7187,-356.132812,2.718269,-9.630610,-8.925584,2.978387,1.350330,0.069209,2.718269,0.452713,1999.37,-1,-1999.37
1.937726,254.6191,-353.232422,-2.078514,-9.631262,-9.071630,-1.818396,0.735020,-0.076838,-2.078514,-0.162597,1999.98,-1,-1999.98
1.939984,257.3437,-350.507812,-2.498697,-9.637141,-9.066842,-2.238579,0.918176,-0.072049,-2.498697,0.020559,1998.86,-1,-1998.86
1.942244,260.3320,-347.519531,-1.145973,-9.640759,-8.814254,-0.885855,0.893037,0.180539,-1.145973,-0.004580,1993.93,-1,-1993.93
1.944499,262.8809,-344.970703,-3.878954,-9.644035,-9.465476,-3.618836,0.985214,-0.470683,-3.878954,0.087597,1988.48,-1,-1988.48
1.946760,265.5176,-342.333984,-2.880572,-9.653248,-9.670180,-2.620454,1.399411,-0.675387,-2.880572,0.501794,1981.29,-1,-1981.29
1.949017,267.8906,-339.960937,2.855935,-9.651504,-8.931569,3.116054,1.013944,0.063224,2.855935,0.116328,1967.26,-1,-1967.26
1.951275,270.7910,-337.060547,5.919317,-9.639888,-8.795100,6.179435,0.830788,0.199693,5.919317,-0.066829,1955.75,-1,-1955.75
1.953530,273.2520,-334.599609,-1.069358,-9.631722,-9.290700,-0.809240,0.323217,-0.295907,-1.069358,-0.574400,1942.51,-1,-1942.51
1.955792,275.7129,-332.138672,-3.675447,-9.638863,-9.326612,-3.415329,1.004368,-0.331820,-3.675447,0.106751,1927.57,-1,-1927.57
1.958050,278.2617,-329.589844,1.185980,-9.640418,-8.687361,1.446098,1.175553,0.307432,1.185980,0.277936,1901.96,-1,-1901.96
1.960308,280.5469,-327.304687,1.865933,-9.635299,-9.028535,2.126051,0.308852,-0.033742,1.865933,-0.588765,1882.77,-1,-1882.77
1.962564,283.2715,-324.580078,-4.758823,-9.643581,-9.229648,-4.498705,1.593341,-0.234855,-4.758823,0.695724,1861.91,-1,-1861.91
1.964826,285.4687,-322.382812,-1.714596,-9.651281,-8.752005,-1.454478,1.318008,0.242788,-1.714596,0.420391,1839.39,-1,-1839.39
1.967084,288.0176,-319.833984,1.900649,-9.650026,-8.969876,2.160767,0.665588,0.024917,1.900649,-0.232029,1802.53,-1,-1802.53
1.969341,290.3906,-317.460937,3.462865,-9.642287,-9.044097,3.722984,0.402226,-0.049304,3.462865,-0.495391,1775.93,-1,-1775.93
1.971596,292.9395,-314.912109,-0.981970,-9.641885,-9.070433,-0.721852,1.022324,-0.075640,-0.981970,0.124707,1747.74,-1,-1747.74
1.973857,295.2246,-312.626953,0.819667,-9.642346,-8.869320,1.079785,0.767342,0.125473,0.819667,-0.130275,1717.96,-1,-1717.96
1.976116,297.6855,-310.166016,1.116548,-9.640076,-9.537302,1.376666,0.852336,-0.542509,1.116548,-0.045281,1670.40,-1,-1670.40
1.978374,300.3223,-307.529297,-0.981970,-9.640605,-9.206903,-0.721852,0.894234,-0.212110,-0.981970,-0.003383,1636.79,-1,-1636.79
1.980629,302.6953,-305.156250,-2.163509,-9.645536,-8.838196,-1.903390,1.595735,0.156597,-2.163509,0.698119,1601.69,-1,-1601.69
1.982892,305.3320,-302.519531,-1.430883,-9.649790,-9.759963,-1.170765,0.897826,-0.765170,-1.430883,0.000209,1565.13,-1,-1565.13
1.985148,307.7051,-300.146484,0.216328,-9.650267,-9.199720,0.476446,0.360327,-0.204927,0.216328,-0.537290,1507.60,-1,-1507.60
1.987404,310.2539,-297.597656,3.243796,-9.645410,-8.384495,3.503914,0.784101,0.610298,3.243796,-0.113516,1467.51,-1,-1467.51
1.989660,312.9785,-294.873047,1.190768,-9.639340,-9.361329,1.450886,-0.094571,-0.366536,1.190768,-0.992188,1426.07,-1,-1426.07
1.991919,315.3516,-292.500000,-2.584888,-9.641642,-9.431957,-2.324770,1.168370,-0.437164,-2.584888,0.270754,1383.31,-1,-1383.31
1.994178,317.1094,-290.742187,-4.971907,-9.650538,-8.851364,-4.711789,1.871069,0.143429,-4.971907,0.973452,1316.77,-1,-1316.77
1.996437,318.8672,-288.984375,-10.670108,-9.673885,-10.022128,-10.409989,0.699107,-1.027335,-10.670108,-0.198510,1270.87,-1,-1270.87
1.998694,320.4492,-287.402344,-4.417649,-9.690748,-8.342596,-4.157531,-0.348356,0.652197,-4.417649,-1.245973,1223.79,-1,-1223.79
2.000954,322.2949,-285.556641,-0.671921,-9.695361,-8.012196,-0.411803,0.830788,0.982597,-0.671921,-0.066829,1175.55,-1,-1175.55
2.003209,324.1406,-283.710937,-2.917682,-9.699612,-9.429564,-2.657564,1.606509,-0.434771,-2.917682,0.708892,1101.13,-1,-1101.13
2.005464,325.8984,-281.953125,2.727845,-9.703443,-9.689334,2.987964,1.452083,-0.694541,2.727845,0.554466,1050.19,-1,-1050.19
2.007720,327.5684,-280.283203,6.288023,-9.691831,-8.384495,6.548141,-0.280122,0.610298,6.288023,-1.177738,998.27,-1,-998.27
2.009980,329.3262,-278.525391,0.494055,-9.685319,-8.672996,0.754174,-0.329203,0.321797,0.494055,-1.226820,945.39,-1,-945.39
2.012235,330.9961,-276.855469,-3.209775,-9.692013,-8.881291,-2.949656,1.071405,0.113502,-3.209775,0.173788,864.38,-1,-864.38
2.014490,331.8750,-275.976562,-8.308228,-9.701345,-9.593566,-8.048109,0.957681,-0.598773,-8.308228,0.060064,809.32,-1,-809.32
2.016748,332.4902,-275.361328,-11.251899,-9.725691,-10.562021,-10.991780,1.312023,-1.567228,-11.251899,0.414406,753.46,-1,-753.46
2.019012,333.4570,-274.394531,-6.775938,-9.745284,-8.231265,-6.515820,0.289698,0.763528,-6.775938,-0.607919,668.32,-1,-668.32
2.027208,336.8848,-270.966797,2.444133,-9.725254,-9.029732,2.704251,1.441309,-0.034939,2.444133,0.543693,434.47,-1,-434.47
2.029214,337.1484,-270.703125,6.782426,-9.712198,-8.288726,7.042544,0.119710,0.706067,6.782426,-0.777907,374.74,-1,-374.74
2.031471,337.2363,-270.615234,-12.377173,-9.724140,-9.460688,-12.117055,0.650026,-0.465895,-12.377173,-0.247591,314.62,-1,-314.62
2.033742,336.8848,-270.966797,-9.405969,-9.751132,-9.302670,-9.145850,0.221464,-0.307878,-9.405969,-0.676153,254.16,-1,-254.16
2.035999,336.9727,-270.878906,-3.541372,-9.764028,-8.762778,-3.281253,0.502782,0.232015,-3.541372,-0.394835,193.42,-1,-193.42
2.038253,336.9727,-270.878906,-4.136331,-9.771729,-8.900445,-3.876213,1.066617,0.094348,-4.136331,0.169000,101.89,-1,-101.89
2.040509,336.9727,-270.878906,-0.896976,-9.779250,-10.283096,-0.636858,3.080141,-1.288303,-0.896976,2.182524,40.68,-1,-40.68
2.042769,336.8848,-270.966797,3.212671,-9.775935,-9.573215,3.472790,0.058658,-0.578423,3.212671,-0.838959,20.61,1,20.61
2.045025,336.8848,-270.966797,1.296113,-9.771382,-8.091205,1.556231,-1.108515,0.903588,1.296113,-2.006132,112.59,1,112.59
2.047282,336.8848,-270.966797,1.031554,-9.769639,-7.659051,1.291672,0.353145,1.335742,1.031554,-0.544472,173.84,1,173.84
2.049536,336.9727,-270.878906,2.244217,-9.764035,-9.314642,2.504335,1.171962,-0.319849,2.244217,0.274345,234.98,1,234.98
2.051795,336.8848,-270.966797,-1.432080,-9.762889,-9.895236,-1.171962,1.715446,-0.900443,-1.432080,0.817829,295.96,1,295.96
2.054050,336.9727,-270.878906,-2.995494,-9.769463,-9.337387,-2.735375,2.088941,-0.342594,-2.995494,1.191324,386.95,1,386.95
2.056306,337.0605,-270.791016,-0.899370,-9.773133,-9.360131,-0.639252,1.041478,-0.365338,-0.899370,0.143861,447.22,1,447.22
2.058561,336.9727,-270.878906,-1.797196,-9.776018,-9.684546,-1.537078,-0.435745,-0.689753,-1.797196,-1.333362,507.12,1,507.12
2.060821,336.7090,-271.142578,-1.160338,-9.779869,-8.860941,-0.900220,-0.503979,0.133852,-1.160338,-1.401596,566.57,1,566.57
2.063077,335.5664,-272.285156,-2.452010,-9.782903,-8.270770,-2.191892,0.620098,0.724023,-2.452010,-0.277519,654.81,1,654.81
2.065334,334.4238,-273.427734,-9.314989,-9.802851,-10.079589,-9.054871,1.547851,-1.084796,-9.314989,0.650235,712.93,1,712.93
2.067591,333.3691,-274.482422,-2.680656,-9.814897,-8.694544,-2.420538,0.620098,0.300249,-2.680656,-0.277519,770.41,1,770.41
2.069852,332.5781,-275.273437,-0.608474,-9.818635,-8.492233,-0.348356,2.134431,0.502560,-0.608474,1.236814,827.19,1,827.19
2.072108,331.6992,-276.152344,-2.666291,-9.821827,-8.917204,-2.406173,2.153584,0.077589,-2.666291,1.255968,910.95,1,910.95
2.074361,330.4687,-277.382812,1.762982,-9.824533,-10.020931,2.023100,-0.215478,-1.026138,1.762982,-1.113095,965.75,1,965.75
2.076617,329.6777,-278.173828,-0.012318,-9.822639,-8.415619,0.247800,-0.147243,0.579174,-0.012318,-1.044860,1019.66,1,1019.66
2.078877,328.0957,-279.755859,1.298507,-9.820172,-7.758410,1.558625,-0.408211,1.236382,1.298507,-1.305828,1072.63,1,1072.63
2.081134,326.1621,-281.689453,-10.415125,-9.837460,-9.633071,-10.155006,0.628478,-0.638278,-10.415125,-0.269139,1150.21,1,1150.21
2.083390,324.1406,-283.710937,-8.110705,-9.861866,-9.783905,-7.850587,1.736993,-0.789112,-8.110705,0.839376,1200.59,1,1200.59
2.085648,322.1191,-285.732422,0.424624,-9.869802,-8.232463,0.684742,1.318008,0.762330,0.424624,0.420391,1249.84,1,1249.84
2.087908,320.3613,-287.490234,1.041131,-9.867522,-8.372523,1.301249,1.139640,0.622270,1.041131,0.242023,1297.92,1,1297.92
2.090162,318.6035,-289.248047,-3.208578,-9.872459,-10.084377,-2.948459,1.747767,-1.089584,-3.208578,0.850150,1367.72,1,1367.72
2.092419,316.6699,-291.181641,-0.282863,-9.876676,-9.461885,-0.022745,0.489614,-0.467093,-0.282863,-0.408003,1412.64,1,1412.64
2.094677,315.0000,-292.851562,3.265344,-9.873622,-8.008605,3.525462,-0.731429,0.986188,3.265344,-1.629045,1456.21,1,1456.21
2.096934,312.8027,-295.048828,2.816431,-9.865534,-8.158242,3.076549,-0.441730,0.836551,2.816431,-1.339347,1498.39,1,1498.39
2.099193,309.9902,-297.861328,-7.939520,-9.875965,-9.279925,-7.679402,1.010353,-0.285132,-7.939520,0.112736,1558.95,1,1558.95
2.101450,307.3535,-300.498047,-9.340129,-9.902872,-9.793482,-9.080010,1.978808,-0.798689,-9.340129,1.081191,1597.46,1,1597.46
2.103708,304.7168,-303.134766,-2.181465,-9.915071,-8.422802,-1.921347,0.380678,0.571991,-2.181465,-0.516939,1634.43,1,1634.43
2.105964,302.1680,-305.683594,-2.492711,-9.919341,-8.848969,-2.232593,0.937330,0.145823,-2.492711,0.039713,1669.81,1,1669.81
2.108223,299.5312,-308.320312,-3.898108,-9.928912,-9.952697,-3.637990,1.940500,-0.957904,-3.898108,1.042884,1719.84,1,1719.84
2.110481,297.0703,-310.781250,3.449697,-9.925114,-9.196129,3.709816,-0.428562,-0.201336,3.449697,-1.326179,1751.10,1,1751.10
2.112736,294.6094,-313.242187,2.021556,-9.918279,-8.111555,2.281674,-0.939724,0.883238,2.021556,-1.837341,1780.65,1,1780.65
2.114993,292.1484,-315.703125,-0.354689,-9.918512,-8.277952,-0.094571,1.179144,0.716841,-0.354689,0.281528,1808.45,1,1808.45
2.117254,289.5117,-318.339844,1.699536,-9.917416,-9.811439,1.959654,2.365471,-0.816646,1.699536,1.467854,1846.82,1,1846.82
2.119510,287.1387,-320.712891,3.119298,-9.911078,-9.376891,3.379416,1.073799,-0.382098,3.119298,0.176183,1870.13,1,1870.13
2.121766,284.6777,-323.173828,-1.446445,-9.908976,-9.236830,-1.186327,0.924162,-0.242037,-1.446445,0.026545,1891.59,1,1891.59
2.124022,282.3047,-325.546875,-3.990284,-9.917325,-8.919599,-3.730166,0.920571,0.075194,-3.990284,0.022954,1920.26,1,1920.26
2.126283,279.6680,-328.183594,-0.365463,-9.922525,-9.307459,-0.105345,0.180762,-0.312666,-0.365463,-0.716855,1936.99,1,1936.99
2.128539,277.2949,-330.556641,1.106971,-9.921016,-8.870518,1.367089,-0.463278,0.124275,1.106971,-1.360895,1951.79,1,1951.79
2.130793,274.7461,-333.105469,-0.336733,-9.920598,-8.746018,-0.076614,1.315614,0.248775,-0.336733,0.417997,1964.65,1,1964.65
2.133049,272.1973,-335.654297,-0.336733,-9.921335,-9.126697,-0.076614,2.229002,-0.131904,-0.336733,1.331385,1980.23,1,1980.23
2.135313,269.7363,-338.115234,1.656440,-9.920944,-9.433155,1.916559,1.279701,-0.438362,1.656440,0.382084,1988.14,1,1988.14
2.137569,267.0996,-340.751953,1.936562,-9.915844,-8.541314,2.196680,0.555455,0.453479,1.936562,-0.342162,1994.05,1,1994.05
2.145136,258.2227,-349.628906,0.258226,-9.913890,-9.380483,0.518345,1.262941,-0.385690,0.258226,0.365324,1997.48,1,1997.48
2.147193,255.5859,-352.265625,-0.754521,-9.913517,-9.425972,-0.494403,1.787272,-0.431179,-0.754521,0.889655,1993.26,1,1993.26
2.149463,252.6855,-355.166016,-2.690233,-9.917882,-9.394848,-2.430115,1.618480,-0.400055,-2.690233,0.720863,1987.01,1,1987.01
2.151720,249.6973,-358.154297,0.562290,-9.920929,-8.724471,0.822408,1.247379,0.270322,0.562290,0.349762,1978.73,1,1978.73
2.153978,246.6211,-361.230469,3.412587,-9.914165,-8.494628,3.672705,0.614113,0.500165,3.412587,-0.283504,1968.42,1,1968.42
2.156234,243.6328,-364.218750,1.421809,-9.908165,-9.088389,1.681927,-0.173580,-0.093596,1.421809,-1.071196,1949.16,1,1949.16
2.158496,240.5566,-367.294922,-0.661147,-9.907674,-9.271546,-0.401029,0.671574,-0.276753,-0.661147,-0.226043,1933.81,1,1933.81
2.160753,236.9531,-370.898437,-2.763256,-9.911952,-8.943541,-2.503138,1.308431,0.051252,-2.763256,0.410814,1916.46,1,1916.46
2.163009,233.3496,-374.501953,-3.108021,-9.919664,-9.477448,-2.847903,2.019509,-0.482655,-3.108021,1.121892,1886.72,1,1886.72
2.165267,229.5703,-378.281250,-0.128437,-9.920485,-9.026140,0.131681,0.860716,-0.031347,-0.128437,-0.036901,1864.44,1,1864.44
2.167527,226.1426,-381.708984,0.565881,-9.920877,-8.714894,0.826000,0.955287,0.279899,0.565881,0.057670,1840.22,1,1840.22
2.169783,222.2754,-385.576172,1.547504,-9.917890,-8.655039,1.807622,0.739808,0.339754,1.547504,-0.157809,1814.07,1,1814.07
2.172039,218.0566,-389.794922,2.171194,-9.913711,-9.133880,2.431312,0.465672,-0.139087,2.171194,-0.431945,1771.31,1,1771.31
2.174296,213.8379,-394.013672,1.215907,-9.909147,-9.297882,1.476025,0.785298,-0.303089,1.215907,-0.112319,1740.47,1,1740.47
2.176561,209.7070,-398.144531,-1.187871,-9.909114,-8.959103,-0.927753,0.889446,0.035690,-1.187871,-0.008171,1707.79,1,1707.79
2.178820,205.2246,-402.626953,-1.123228,-9.912320,-8.765172,-0.863110,1.605312,0.229621,-1.123228,0.707695,1673.32,1,1673.32
2.181077,200.3906,-407.460937,-0.256527,-9.912931,-8.932767,0.003591,1.270124,0.062026,-0.256527,0.372507,1618.30,1,1618.30
2.183334,195.8203,-412.031250,-1.396167,-9.916110,-9.261970,-1.136049,0.876278,-0.267177,-1.396167,-0.021339,1579.46,1,1579.46
2.185594,191.0742,-416.777344,0.616160,-9.916754,-8.661025,0.876278,0.287304,0.333768,0.616160,-0.610313,1538.95,1,1538.95
2.187850,186.3281,-421.523437,1.056693,-9.914752,-8.947132,1.316811,0.647632,0.047661,1.056693,-0.249985,1496.79,1,1496.79
2.190106,181.5820,-426.269531,2.413008,-9.909988,-9.570822,2.673126,1.599327,-0.576029,2.413008,0.701710,1430.56,1,1430.56
2.192363,176.4844,-431.367187,0.091829,-9.906871,-9.184157,0.351948,0.855927,-0.189364,0.091829,-0.041690,1384.47,1,1384.47
2.194626,172.8809,-434.970703,-0.857471,-9.908660,-8.647857,-0.597353,0.909797,0.346936,-0.857471,0.012180,1336.89,1,1336.89
2.196882,169.7168,-438.134766,8.212961,-9.896685,-8.562862,8.473080,1.170765,0.431931,8.212961,0.273148,1287.87,1,1287.87
2.199135,166.8164,-441.035156,6.169511,-9.873035,-9.348161,6.429629,1.162385,-0.353368,6.169511,0.264768,1211.73,1,1211.73
2.201390,163.6523,-444.199219,0.051128,-9.866803,-10.143036,0.311246,1.183933,-1.148243,0.051128,0.286316,1159.31,1,1159.31
2.203654,160.9277,-446.923828,1.175206,-9.866680,-9.102755,1.435324,0.703895,-0.107962,1.175206,-0.193722,1105.63,1,1105.63
2.205913,158.0273,-449.824219,5.343511,-9.856009,-7.886500,5.603629,-0.079009,1.108293,5.343511,-0.976626,1050.73,1,1050.73
2.208170,155.0391,-452.812500,-1.790013,-9.852643,-8.890868,-1.529895,0.790087,0.103925,-1.790013,-0.107530,966.23,1,966.23
2.210426,152.4902,-455.361328,-4.302728,-9.860572,-9.453506,-4.042610,1.520318,-0.458713,-4.302728,0.622701,908.54,1,908.54
2.212680,150.9082,-456.943359,2.129295,-9.861847,-9.190144,2.389413,2.225410,-0.195351,2.129295,1.327794,849.84,1,849.84
2.214942,149.6777,-458.173828,12.631460,-9.839233,-8.862138,12.891579,1.562217,0.132655,12.631460,0.664600,790.19,1,790.19
2.217198,148.7988,-459.052734,2.851147,-9.818401,-9.804255,3.111265,1.169568,-0.809463,2.851147,0.271951,699.07,1,699.07
2.219454,147.2168,-460.634766,2.359138,-9.813417,-9.421184,2.619257,-0.198719,-0.426391,2.359138,-1.096336,637.31,1,637.31
2.221713,145.8984,-461.953125,2.087397,-9.808637,-8.344990,2.347515,-0.441730,0.649803,2.087397,-1.339347,574.83,1,574.83
2.223974,144.4043,-463.447266,4.030292,-9.799948,-8.054094,4.290410,0.142455,0.940699,4.030292,-0.755162,511.68,1,511.68
2.226228,143.5254,-464.326172,-3.888531,-9.804214,-9.562442,-3.628413,2.281674,-0.567649,-3.888531,1.384057,415.86,1,415.86
2.228483,143.0859,-464.765625,-2.793184,-9.811787,-9.867702,-2.533065,2.468422,-0.872910,-2.793184,1.570805,351.35,1,351.35
2.230739,142.9102,-464.941406,11.710890,-9.799173,-9.501390,11.971008,1.872266,-0.506597,11.710890,0.974649,286.40,1,286.40
2.233000,143.4375,-464.414062,9.638708,-9.771844,-7.947553,9.898827,0.446519,1.047240,9.638708,-0.451098,221.11,1,221.11
2.235258,143.2617,-464.589844,-0.798814,-9.766053,-9.518148,-0.538695,0.161609,-0.523355,-0.798814,-0.736008,122.64,1,122.64
2.237515,143.1738,-464.677734,1.138096,-9.767882,-9.421184,1.398214,0.260968,-0.426391,1.138096,-0.636649,56.76,1,56.76
2.239773,143.3496,-464.501953,6.446041,-9.755285,-7.618350,6.706159,-0.427365,1.376443,6.446041,-1.324982,9.24,-1,-9.24
2.242034,143.4375,-464.414062,3.966845,-9.743677,-8.451532,4.226963,1.455675,0.543261,3.966845,0.558058,108.28,-1,-108.28
2.244287,143.4375,-464.414062,-6.740025,-9.752549,-10.047267,-6.479907,2.109292,-1.052474,-6.740025,1.211675,174.22,-1,-174.22
2.246541,143.2617,-464.589844,-4.576864,-9.766467,-9.651027,-4.316746,1.861492,-0.656234,-4.576864,0.963875,240.03,-1,-240.03
2.248799,143.1738,-464.677734,1.184783,-9.766794,-8.997410,1.444901,0.810437,-0.002617,1.184783,-0.087180,305.64,-1,-305.64
2.251060,143.2617,-464.589844,0.957333,-9.762401,-8.859743,1.217452,-0.187945,0.135050,0.957333,-1.085562,403.46,-1,-403.46
2.253316,143.2617,-464.589844,-0.511509,-9.762279,-8.907627,-0.251391,0.330400,0.087166,-0.511509,-0.567217,468.19,-1,-468.19
2.255571,143.1738,-464.677734,1.056693,-9.761971,-9.003395,1.316811,0.817620,-0.008602,1.056693,-0.079997,532.47,-1,-532.47
2.263615,147.5684,-460.283203,4.693485,-9.724212,-10.091560,4.953603,1.419762,-1.096767,4.693485,0.522145,783.42,-1,-783.42
2.266174,149.4141,-458.437500,-3.455180,-9.728903,-9.652225,-3.195062,0.548272,-0.657432,-3.455180,-0.349345,874.36,-1,-874.36
2.268432,150.6445,-457.207031,1.566658,-9.729940,-7.691373,1.826776,-0.896629,1.303420,1.566658,-1.794245,933.85,-1,-933.85
2.270690,152.0508,-455.800781,2.187953,-9.726034,-8.360553,2.448071,0.553061,0.634240,2.187953,-0.344556,992.34,-1,-992.34
2.272945,153.6328,-454.218750,0.350403,-9.721495,-8.638280,0.610521,0.629675,0.356513,0.350403,-0.267942,1049.76,-1,-1049.76
2.275204,156.6211,-451.230469,4.758129,-9.721797,-9.846154,5.018247,3.181894,-0.851361,4.758129,2.284277,1133.76,-1,-1133.76
2.277460,159.9609,-447.890625,11.843768,-9.702035,-9.054871,12.103887,2.661155,-0.060078,11.843768,1.763538,1188.23,-1,-1188.23
2.279716,163.3887,-444.462891,9.775178,-9.677703,-9.051279,10.035296,0.051475,-0.056486,9.775178,-0.846142,1241.41,-1,-1241.41
2.281973,166.4648,-441.386719,3.453289,-9.666327,-9.422380,3.713407,-0.480037,-0.427588,3.453289,-1.377654,1293.24,-1,-1293.24
2.284235,169.6289,-438.222656,-2.177874,-9.666939,-8.159439,-1.917756,-0.833182,0.835354,-2.177874,-1.730799,1368.31,-1,-1368.31
2.286491,172.9687,-434.882812,-1.643967,-9.671921,-8.597578,-1.383849,1.152808,0.397215,-1.643967,0.255191,1416.48,-1,-1416.48
2.288745,176.1328,-431.718750,-0.653964,-9.673074,-8.880095,-0.393846,2.096124,0.114698,-0.653964,1.198507,1463.10,-1,-1463.10
2.290999,180.3516,-427.500000,-2.006688,-9.678712,-10.293870,-1.746570,3.090914,-1.299077,-2.006688,2.193298,1508.09,-1,-1508.09
2.293262,185.2734,-422.578125,9.544137,-9.670918,-9.115923,9.804255,1.231817,-0.121130,9.544137,0.334200,1572.43,-1,-1572.43
2.295519,190.6348,-417.216797,13.037278,-9.643510,-7.423223,13.297397,-0.458490,1.571570,13.037278,-1.356107,1613.14,-1,-1613.14
2.297775,195.5566,-412.294922,5.134018,-9.626750,-9.349358,5.394136,0.099359,-0.354565,5.134018,-0.798257,1652.05,-1,-1652.05
2.300032,200.2148,-407.636719,2.343576,-9.621646,-9.422380,2.603694,-0.123301,-0.427588,2.343576,-1.020918,1706.94,-1,-1706.94
2.302296,204.8730,-402.978516,3.139648,-9.614779,-8.054094,3.399766,0.769736,0.940699,3.139648,-0.127881,1741.14,-1,-1741.14
2.304554,209.4434,-398.408203,0.431806,-9.611287,-8.558074,0.691924,2.313996,0.436719,0.431806,1.416379,1773.38,-1,-1773.38
2.306809,214.1895,-393.662109,-4.600806,-9.618807,-9.515755,-4.340688,2.054225,-0.520962,-4.600806,1.156608,1803.62,-1,-1803.62
2.309063,218.1445,-389.707031,-3.437224,-9.631769,-9.793482,-3.177106,2.003947,-0.798689,-3.437224,1.106330,1845.13,-1,-1845.13
2.311323,222.1875,-385.664062,1.223090,-9.633483,-9.139865,1.483208,0.256180,-0.145072,1.223090,-0.641437,1870.20,-1,-1870.20
2.313580,225.9668,-381.884766,0.363571,-9.631579,-8.846576,0.623690,-0.914585,0.148217,0.363571,-1.812202,1893.14,-1,-1893.14
2.315834,229.9219,-377.929687,-0.996335,-9.633799,-8.653842,-0.736217,-0.347159,0.340951,-0.996335,-1.244776,1913.92,-1,-1913.92
2.318092,233.6133,-374.238281,6.120430,-9.625545,-8.823831,6.380548,1.061828,0.170962,6.120430,0.164212,1940.97,-1,-1940.97
2.320354,237.2168,-370.634766,3.740593,-9.613203,-9.168595,4.000711,1.612495,-0.173802,3.740593,0.714878,1956.23,-1,-1956.23
2.322610,240.4687,-367.382812,-1.585309,-9.612265,-9.170990,-1.325191,2.061408,-0.176197,-1.585309,1.163791,1969.24,-1,-1969.24
2.324866,243.6328,-364.218750,-4.369765,-9.621683,-9.244013,-4.109647,2.139219,-0.249220,-4.369765,1.241602,1979.99,-1,-1979.99
2.327125,246.9727,-360.878906,1.991629,-9.621151,-8.956709,2.251747,-0.205901,0.038084,1.991629,-1.103518,1991.81,-1,-1991.81
2.329387,249.9609,-357.890625,-0.533057,-9.618401,-8.908825,-0.272939,-0.391452,0.085968,-0.533057,-1.289069,1996.82,-1,-1996.82
2.331643,252.6855,-355.166016,-4.034577,-9.626190,-9.484630,-3.774459,0.881066,-0.489837,-4.034577,-0.016551,1999.50,-1,-1999.50
2.333899,255.5859,-352.265625,-1.408138,-9.631785,-9.151836,-1.148020,1.444901,-0.157043,-1.408138,0.547284,1999.86,-1,-1999.86
2.336156,258.5742,-349.277344,4.197886,-9.625604,-9.088389,4.458004,1.708263,-0.093596,4.197886,0.810646,1996.03,-1,-1996.03
2.338418,261.2988,-346.552734,3.849529,-9.615438,-8.821436,4.109647,0.921768,0.173357,3.849529,0.024151,1990.56,-1,-1990.56
2.340675,264.0234,-343.828125,-0.784448,-9.615040,-8.696938,-0.524330,0.984017,0.297855,-0.784448,0.086400,1982.76,-1,-1982.76
2.342933,266.3965,-341.455078,-1.699033,-9.618743,-9.095572,-1.438915,-0.160412,-0.100780,-1.699033,-1.058028,1972.63,-1,-1972.63
2.345188,269.0332,-338.818359,-0.694666,-9.621992,-9.285912,-0.434548,0.167594,-0.291119,-0.694666,-0.730023,1953.09,-1,-1953.09
2.347449,271.7578,-336.093750,1.820443,-9.620152,-9.062054,2.080561,1.412579,-0.067261,1.820443,0.514962,1937.18,-1,-1937.18
2.349705,274.1309,-333.720703,-1.009503,-9.620307,-9.591172,-0.749385,1.283292,-0.596379,-1.009503,0.385675,1918.97,-1,-1918.97
2.351961,276.6797,-331.171875,-5.128727,-9.629940,-8.990228,-4.868609,1.484405,0.004565,-5.128727,0.586788,1898.49,-1,-1898.49
2.354220,278.9648,-328.886719,3.083385,-9.632679,-8.479065,3.343503,1.278504,0.515728,3.083385,0.380887,1863.56,-1,-1863.56
2.356481,281.6016,-326.250000,5.787635,-9.621233,-8.753201,6.047753,0.471658,0.241591,5.787635,-0.425959,1837.49,-1,-1837.49
2.358736,283.9746,-323.876953,1.857553,-9.614407,-9.119514,2.117671,0.198719,-0.124722,1.857553,-0.698898,1809.22,-1,-1809.22
2.360994,286.3477,-321.503906,-3.740090,-9.619269,-9.370906,-3.479972,1.473631,-0.376113,-3.740090,0.576014,1778.79,-1,-1778.79
2.363254,288.8086,-319.042969,-0.686286,-9.624657,-9.318233,-0.426168,1.118092,-0.323441,-0.686286,0.220475,1729.15,-1,-1729.15
2.365516,291.2695,-316.582031,1.564264,-9.622696,-9.307459,1.824382,1.161188,-0.312666,1.564264,0.263571,1693.46,-1,-1693.46
2.367775,293.8184,-314.033203,-2.042601,-9.624847,-9.282320,-1.782483,0.887052,-0.287527,-2.042601,-0.010565,1655.71,-1,-1655.71
2.370030,296.1035,-311.748047,-0.800011,-9.629888,-8.481460,-0.539892,0.600945,0.513333,-0.800011,-0.296672,1595.36,-1,-1595.36
2.372287,298.6523,-309.199219,1.124928,-9.629344,-8.921992,1.385046,0.772130,0.072801,1.124928,-0.125487,1552.70,-1,-1552.70
2.374549,301.0254,-306.826172,2.529127,-9.624732,-9.539697,2.789245,0.863110,-0.544904,2.529127,-0.034507,1508.14,-1,-1508.14
2.382011,308.6719,-299.179687,-4.133936,-9.655580,-9.696517,-3.873818,1.332373,-0.701724,-4.133936,0.434756,1312.07,-1,-1312.07
2.384068,310.3418,-297.509766,-15.227470,-9.679702,-9.557653,-14.967352,1.753753,-0.562860,-15.227470,0.856136,1258.86,-1,-1258.86
2.386327,311.8359,-296.015625,-9.439487,-9.709621,-8.902839,-9.179369,0.792481,0.091954,-9.439487,-0.105136,1204.09,-1,-1204.09
2.388597,313.6816,-294.169922,-0.558196,-9.715746,-8.289924,-0.298078,-0.391452,0.704869,-0.558196,-1.289069,1147.84,-1,-1147.84
2.390852,315.3516,-292.500000,-1.864233,-9.713120,-8.950723,-1.604115,0.867898,0.044070,-1.864233,-0.029719,1090.15,-1,-1090.15
2.393107,317.0215,-290.830078,-2.575311,-9.719862,-10.275913,-2.315193,2.742558,-1.281120,-2.575311,1.844941,1001.09,-1,-1001.09
2.395363,318.8672,-288.984375,3.316819,-9.719012,-9.357738,3.576937,1.397017,-0.362945,3.316819,0.499400,940.14,-1,-940.14
2.397627,320.6250,-287.226562,4.232602,-9.708981,-8.908825,4.492720,0.068235,0.085968,4.232602,-0.829382,877.99,-1,-877.99
2.399883,321.4160,-286.435547,-7.826993,-9.711061,-8.974665,-7.566875,0.863110,0.020128,-7.826993,-0.034507,814.74,-1,-814.74
2.402139,322.2070,-285.644531,-15.524351,-9.741498,-9.581595,-15.264233,1.581370,-0.586802,-15.524351,0.683753,717.93,-1,-717.93
2.404397,322.9980,-284.853516,-5.061689,-9.761319,-8.742428,-4.801571,-0.189142,0.252365,-5.061689,-1.086759,652.23,-1,-652.23
2.406658,323.7012,-284.150391,0.811287,-9.763766,-9.026140,1.071405,1.121683,-0.031347,0.811287,0.224067,585.68,-1,-585.68
2.408913,324.8437,-283.007812,-5.946347,-9.767797,-9.679757,-5.686229,2.722207,-0.684964,-5.946347,1.824590,518.37,-1,-518.37
2.411168,325.6348,-282.216797,0.659255,-9.773871,-9.884461,0.919373,1.657985,-0.889668,0.659255,0.760368,416.15,-1,-416.15
2.413426,325.5469,-282.304687,1.104577,-9.770841,-9.028535,1.364695,0.045490,-0.033742,1.104577,-0.852127,347.28,-1,-347.28
2.415687,325.4590,-282.392578,-12.041986,-9.791884,-8.889671,-11.781867,-0.180762,0.105122,-12.041986,-1.078379,277.95,-1,-277.95
2.417945,325.4590,-282.392578,-2.633969,-9.806379,-7.653066,-2.373851,-0.618901,1.341727,-2.633969,-1.516518,208.22,-1,-208.22
2.420200,325.4590,-282.392578,2.846359,-9.803864,-8.024167,3.106477,0.204704,0.970626,2.846359,-0.692913,103.09,-1,-103.09
2.422454,325.3711,-282.480469,-4.779174,-9.808002,-10.322600,-4.519056,1.895011,-1.327807,-4.779174,0.997394,32.77,-1,-32.77
2.424713,325.3711,-282.480469,-6.768755,-9.823728,-10.842142,-6.508637,3.372233,-1.847349,-6.768755,2.474616,37.65,1,37.65
2.426969,325.2832,-282.568359,4.041065,-9.821769,-8.664616,4.301183,0.788889,0.330177,4.041065,-0.108727,108.07,1,108.07
2.429222,325.3711,-282.480469,2.404628,-9.813503,-8.929175,2.664747,-1.720234,0.065618,2.404628,-2.617851,213.50,1,213.50
2.431478,325.2832,-282.568359,-1.357860,-9.814914,-8.561666,-1.097741,-0.729034,0.433127,-1.357860,-1.626651,283.54,1,283.54
2.433732,325.3711,-282.480469,0.563487,-9.815434,-7.936779,0.823605,2.033874,1.058014,0.563487,1.136257,353.26,1,353.26
2.435992,325.3711,-282.480469,1.502014,-9.810872,-9.882068,1.762132,1.344344,-0.887275,1.502014,0.446727,422.59,1,422.59
2.438246,325.4590,-282.392578,-1.513483,-9.810842,-10.017340,-1.253365,1.954866,-1.022547,-1.513483,1.057249,525.67,1,525.67
2.440503,325.2832,-282.568359,-2.651926,-9.816601,-9.094376,-2.391808,2.560599,-0.099583,-2.651926,1.662982,593.64,1,593.64
2.442760,324.1406,-283.710937,-3.689812,-9.823530,-8.906430,-3.429694,0.274136,0.088363,-3.689812,-0.623481,660.91,1,660.91
2.445022,323.0859,-284.765625,-16.416191,-9.854238,-9.619903,-16.156073,-0.368707,-0.625110,-16.416191,-1.266324,760.30,1,760.30
2.447280,322.0312,-285.820312,-3.026618,-9.877206,-8.344990,-2.766500,-0.053870,0.649803,-3.026618,-0.951486,825.45,1,825.45
2.449535,321.2402,-286.611328,4.761720,-9.870485,-7.879318,5.021838,0.588974,1.115475,4.761720,-0.308643,889.61,1,889.61
2.451789,320.2734,-287.578125,-5.220904,-9.867476,-10.881647,-4.960786,3.615245,-1.886854,-5.220904,2.717628,952.68,1,952.68
2.454051,319.3066,-288.544922,0.089435,-9.875035,-10.477027,0.349553,2.543839,-1.482234,0.089435,1.646222,1045.08,1,1045.08
2.456308,317.7246,-290.126953,1.876707,-9.871415,-8.350976,2.136825,-0.046687,0.643817,1.876707,-0.944304,1105.10,1,1105.10
2.458565,315.8789,-291.972656,-8.922340,-9.883430,-8.141483,-8.662222,-1.711854,0.853310,-8.922340,-2.609471,1163.75,1,1163.75
2.460821,313.7695,-294.082031,-7.160207,-9.907615,-8.613141,-6.900089,-0.549469,0.381652,-7.160207,-1.447086,1220.97,1,1220.97
2.463081,312.1875,-295.664062,-1.669106,-9.918331,-8.419210,-1.408988,2.020706,0.575583,-1.669106,1.123089,1303.93,1,1303.93
2.465335,310.3418,-297.509766,-0.990350,-9.920250,-9.393650,-0.730232,2.388216,-0.398857,-0.990350,1.490599,1357.23,1,1357.23
2.467590,308.4961,-299.355469,-3.244491,-9.926893,-11.268311,-2.984372,3.331532,-2.273518,-3.244491,2.433915,1408.83,1,1408.83
2.469846,306.9141,-300.937500,2.915790,-9.929474,-8.382100,3.175909,1.482011,0.612693,2.915790,0.584394,1458.66,1,1458.66
2.472107,304.4531,-303.398437,3.948889,-9.919488,-7.527370,4.209007,-2.033874,1.467423,3.948889,-2.931491,1529.96,1,1529.96
2.474362,301.9043,-305.947266,-10.429490,-9.930383,-9.143456,-10.169372,-1.804031,-0.148664,-10.429490,-2.701648,1575.08,1,1575.08
2.476621,299.1797,-308.671875,-11.572721,-9.958920,-9.403227,-11.312603,0.333991,-0.408434,-11.572721,-0.563626,1618.23,1,1618.23
2.478878,296.6309,-311.220703,0.200766,-9.965119,-8.664616,0.460884,2.309207,0.330177,0.200766,1.411591,1659.31,1,1659.31
2.481138,294.1699,-313.681641,-3.999861,-9.968429,-10.170568,-3.739743,2.116474,-1.175776,-3.999861,1.218858,1716.98,1,1716.98
2.483394,291.6211,-316.230469,-3.238505,-9.977252,-10.608707,-2.978387,2.885013,-1.613914,-3.238505,1.987396,1752.71,1,1752.71
2.485651,289.2480,-318.603516,0.745447,-9.977183,-8.979453,1.005565,0.940921,0.015340,0.745447,0.043304,1786.18,1,1786.18
2.487906,286.6992,-321.152344,1.742632,-9.974071,-8.044518,2.002750,-1.674744,0.950275,1.742632,-2.572361,1817.38,1,1817.38
2.490166,284.2383,-323.613281,2.051483,-9.970282,-8.348581,2.311602,-0.147243,0.646212,2.051483,-1.044860,1859.79,1,1859.79
2.492421,281.7773,-326.074219,4.651587,-9.960816,-8.726865,4.911705,1.847127,0.267928,4.651587,0.949510,1885.07,1,1885.07
2.500015,273.3398,-334.511719,-2.764453,-9.981807,-8.471883,-2.504335,1.221043,0.522910,-2.764453,0.323426,1961.58,1,1961.58
2.502073,271.2305,-336.621094,1.640878,-9.981176,-8.425196,1.900996,-0.912191,0.569597,1.640878,-1.809808,1974.39,1,1974.39
2.504342,268.4180,-339.433594,2.823614,-9.975397,-9.309854,3.083732,-1.252167,-0.315061,2.823614,-2.149784,1984.64,1,1984.64
2.506595,265.7812,-342.070312,-1.208222,-9.975897,-9.101558,-0.948104,1.164779,-0.106765,-1.208222,0.267162,1992.29,1,1992.29
2.508853,263.4082,-344.443359,1.704324,-9.976190,-9.095572,1.964442,2.047042,-0.100780,1.704324,1.149426,1997.34,1,1997.34
2.511110,260.7715,-347.080078,4.940088,-9.968116,-9.417592,5.200206,0.792481,-0.422799,4.940088,-0.105136,1999.99,1,1999.99
2.513371,258.0469,-349.804687,0.551516,-9.962971,-9.046491,0.811634,0.852336,-0.051698,0.551516,-0.045281,1998.48,1,1998.48
2.515627,254.8828,-352.968750,-5.582428,-9.973009,-9.004593,-5.322310,1.578976,-0.009800,-5.582428,0.681359,1994.33,1,1994.33
2.517884,252.0703,-355.781250,-1.135199,-9.981312,-8.860941,-0.875081,0.806846,0.133852,-1.135199,-0.090771,1987.55,1,1987.55
2.520142,249.1699,-358.681641,4.732990,-9.976919,-9.202114,4.993108,0.056264,-0.207321,4.732990,-0.841353,1972.46,1,1972.46
2.522403,246.1816,-361.669922,1.644469,-9.969943,-9.041702,1.904588,0.292093,-0.046909,1.644469,-0.605524,1959.12,1,1959.12
2.524659,243.1055,-364.746094,-3.603621,-9.975562,-9.020155,-3.343503,2.014721,-0.025362,-3.603621,1.117104,1943.18,1,1943.18
2.526917,239.6777,-368.173828,0.210342,-9.980958,-9.467871,0.470461,0.939724,-0.473078,0.210342,0.042107,1924.66,1,1924.66
2.529174,236.3379,-371.513672,4.464839,-9.975006,-8.841787,4.724957,0.707487,0.153006,4.464839,-0.190130,1892.06,1,1892.06
2.531432,232.8223,-375.029297,3.464062,-9.965974,-8.699332,3.724181,0.985214,0.295461,3.464062,0.087597,1867.16,1,1867.16
2.533688,229.2187,-378.632812,-3.880151,-9.967368,-9.232041,-3.620033,0.535104,-0.237248,-3.880151,-0.362513,1839.75,1,1839.75
2.535944,225.2637,-382.587891,-1.025066,-9.974185,-9.115923,-0.764947,1.102530,-0.121130,-1.025066,0.204913,1809.87,1,1809.87
2.538200,221.3965,-386.455078,0.981275,-9.973397,-9.187749,1.241394,1.387440,-0.192956,0.981275,0.489823,1760.49,1,1760.49
2.540461,217.3535,-390.498047,0.340826,-9.972111,-9.747993,0.600945,1.163582,-0.753200,0.340826,0.265965,1724.59,1,1724.59
2.542717,213.3105,-394.541016,-0.641993,-9.974022,-8.713697,-0.381875,0.949301,0.281096,-0.641993,0.051684,1686.35,1,1686.35
2.544974,208.9160,-398.935547,0.215131,-9.974406,-8.240842,0.475249,1.043872,0.753951,0.215131,0.146255,1645.83,1,1645.83
2.547232,204.2578,-403.593750,2.828402,-9.970330,-9.108741,3.088520,0.645237,-0.113948,2.828402,-0.252379,1580.87,1,1580.87
2.549494,199.6875,-408.164062,1.208725,-9.965702,-9.323022,1.468843,-0.083797,-0.328229,1.208725,-0.981414,1534.85,1,1534.85
2.551749,195.2930,-412.558594,-0.108086,-9.967518,-8.889671,0.152032,1.513135,0.105122,-0.108086,0.615519,1486.74,1,1486.74
2.554006,190.4590,-417.392578,2.053878,-9.964301,-9.108741,2.313996,1.408988,-0.113948,2.053878,0.511371,1410.76,1,1410.76
2.556262,185.3613,-422.490234,-1.910920,-9.965019,-9.767146,-1.650802,1.205481,-0.772353,-1.910920,0.307864,1357.67,1,1357.67
2.558521,182.3730,-425.478516,-1.174703,-9.969830,-9.145850,-0.914585,1.168370,-0.151057,-1.174703,0.270754,1302.70,1,1302.70
2.560782,179.3848,-428.466797,14.118259,-9.944276,-7.461530,14.378378,0.708684,1.533263,14.118259,-0.188933,1245.94,1,1245.94
2.563036,176.0449,-431.806641,5.667925,-9.921334,-9.982624,5.928043,1.629254,-0.987831,5.667925,0.731637,1157.57,1,1157.57
2.565292,173.0566,-434.794922,-1.930074,-9.919695,-10.649409,-1.669956,0.826000,-1.654616,-1.930074,-0.071617,1096.63,1,1096.63
2.567551,169.8926,-437.958984,1.944942,-9.918934,-8.981848,2.205060,0.644040,0.012945,1.944942,-0.253577,1034.15,1,1034.15
2.569815,166.9043,-440.947266,3.504764,-9.909724,-8.062474,3.764882,0.128090,0.932319,3.504764,-0.769527,970.23,1,970.23
2.572072,163.8281,-444.023437,-2.584888,-9.908161,-9.030929,-2.324770,0.065841,-0.036136,-2.584888,-0.831776,871.80,1,871.80
2.574326,162.1582,-445.693359,-5.278365,-9.919883,-9.617508,-5.018247,2.104503,-0.622715,-5.278365,1.206887,804.61,1,804.61
2.576582,160.6641,-447.187500,9.626738,-9.909052,-8.756793,9.886856,2.772485,0.238000,9.626738,1.874869,736.29,1,736.29
2.578843,159.3457,-448.505859,9.162262,-9.881113,-9.667787,9.422380,1.094150,-0.672994,9.162262,0.196533,666.91,1,666.91
2.581099,158.2031,-449.648437,-0.142802,-9.871809,-10.664971,0.117316,1.046266,-1.670178,-0.142802,0.148649,561.06,1,561.06
2.583357,156.7090,-451.142578,1.907832,-9.869367,-8.905233,2.167950,0.693121,0.089560,1.907832,-0.204495,489.47,1,489.47
2.585615,155.3027,-452.548828,6.200635,-9.859294,-7.918822,6.460753,-1.186327,1.075971,6.200635,-2.083944,417.13,1,417.13
2.587875,155.1270,-452.724609,0.855580,-9.850793,-8.123527,1.115698,-0.062249,0.871266,0.855580,-0.959866,344.19,1,344.19
2.590129,155.1270,-452.724609,7.012269,-9.842111,-8.832211,7.272388,3.246537,0.162582,7.012269,2.348921,233.82,1,233.82
2.592383,155.3906,-452.460937,1.439765,-9.835953,-10.711658,1.699883,4.210204,-1.716866,1.439765,3.312587,159.76,1,159.76
2.594639,155.3027,-452.548828,0.411455,-9.832870,-9.983821,0.671574,0.239420,-0.989028,0.411455,-0.658197,85.43,1,85.43
2.596901,155.3906,-452.460937,3.150422,-9.829424,-7.829040,3.410540,-0.804452,1.165753,3.150422,-1.702069,10.93,1,10.93
2.599158,155.3027,-452.548828,3.825587,-9.821110,-7.456741,4.085705,-1.236605,1.538052,3.825587,-2.134222,100.91,-1,-100.91
2.601413,155.3906,-452.460937,1.968884,-9.815155,-8.670602,2.229002,-0.864307,0.324191,1.968884,-1.761924,175.37,-1,-175.37
2.603667,155.2148,-452.636719,-1.859445,-9.817013,-9.305065,-1.599327,3.462016,-0.310272,-1.859445,2.564399,249.63,-1,-249.63
2.605926,155.3027,-452.548828,-0.974787,-9.820426,-9.392453,-0.714669,3.512294,-0.397660,-0.974787,2.614677,323.60,-1,-323.60
2.608183,155.5664,-452.285156,0.104998,-9.821039,-10.084377,0.365116,1.388637,-1.089584,0.104998,0.491020,433.75,-1,-433.75
2.610439,155.3027,-452.548828,-0.135620,-9.821058,-9.578004,0.124498,0.336385,-0.583211,-0.135620,-0.561231,506.51,-1,-506.51
2.618511,159.4336,-448.417969,14.018901,-9.707911,-8.433576,14.279019,1.742979,0.561217,14.018901,0.845362,789.87,-1,-789.87
2.620581,160.8398,-447.011719,1.136899,-9.694190,-10.680533,1.397017,3.268085,-1.685740,1.136899,2.370468,858.30,-1,-858.30
2.622838,162.4219,-445.429687,0.476099,-9.695295,-9.247604,0.736217,1.528698,-0.252811,0.476099,0.631081,925.54,-1,-925.54
2.625096,163.8281,-444.023437,1.062678,-9.692405,-7.229292,1.322796,-1.811214,1.765501,1.062678,-2.708830,1024.02,-1,-1024.02
2.627353,166.2012,-441.650391,0.837623,-9.691707,-8.014590,1.097741,-1.104924,0.980203,0.837623,-2.002541,1087.94,-1,-1087.94
2.629613,169.6289,-438.222656,6.155146,-9.685665,-8.874108,6.415264,2.334347,0.120685,6.155146,1.436730,1150.34,-1,-1150.34
2.631867,173.0566,-434.794922,8.026214,-9.667027,-10.113108,8.286332,4.446033,-1.118315,8.026214,3.548416,1211.16,-1,-1211.16
2.634122,175.9570,-431.894531,3.716651,-9.655231,-11.440693,3.976769,3.096900,-2.445900,3.716651,2.199283,1299.20,-1,-1299.20
2.636379,179.6484,-428.203125,0.962122,-9.652009,-9.240421,1.222240,-0.140061,-0.245628,0.962122,-1.037678,1355.65,-1,-1355.65
2.638642,183.1641,-424.687500,4.440897,-9.644542,-6.664260,4.701015,-2.284068,2.330533,4.440897,-3.181685,1410.20,-1,-1410.20
2.640899,186.4160,-421.435547,3.437726,-9.634579,-7.892486,3.697845,-1.092953,1.102307,3.437726,-1.990570,1462.77,-1,-1462.77
2.643154,190.7227,-417.128906,-3.371383,-9.636670,-9.600749,-3.111265,1.732205,-0.605956,-3.371383,0.834588,1537.75,-1,-1537.75
2.645409,195.7324,-412.119141,4.548636,-9.633073,-10.297462,4.808754,4.224569,-1.302669,4.548636,3.326952,1585.03,-1,-1585.03
2.647669,200.8301,-407.021484,5.970792,-9.615798,-10.216059,6.230910,2.425326,-1.221266,5.970792,1.527709,1630.08,-1,-1630.08
2.649927,205.4883,-402.363281,2.791292,-9.606090,-9.453506,3.051410,0.509965,-0.458713,2.791292,-0.387652,1672.81,-1,-1672.81
2.652186,209.7949,-398.056641,2.090988,-9.601244,-8.021772,2.351106,-1.364695,0.973021,2.090988,-2.262312,1732.43,-1,-1732.43
2.654445,214.1895,-393.662109,1.715098,-9.597104,-7.657854,1.975216,-1.739388,1.336939,1.715098,-2.637004,1769.10,-1,-1769.10
2.656704,218.7598,-389.091797,1.296113,-9.594387,-8.927979,1.556231,1.502362,0.066814,1.296113,0.604745,1803.25,-1,-1803.25
2.658959,222.7148,-385.136719,-0.609672,-9.593192,-9.569624,-0.349553,3.452439,-0.574831,-0.609672,2.554822,1834.81,-1,-1834.81
2.661215,226.7578,-381.093750,-3.468349,-9.599702,-9.747993,-3.208230,3.475184,-0.753200,-3.468349,2.577567,1877.21,-1,-1877.21
2.663473,230.3613,-377.490234,0.315687,-9.602067,-9.646238,0.575805,0.332794,-0.651445,0.315687,-0.564823,1902.11,-1,-1902.11
2.665736,234.3164,-373.535156,0.765797,-9.598168,-8.333019,1.025915,-0.900220,0.661774,0.765797,-1.797837,1924.26,-1,-1924.26
2.667991,237.5684,-370.283203,-1.912117,-9.599660,-9.017760,-1.651999,0.840365,-0.022967,-1.912117,-0.057252,1943.64,-1,-1943.64
2.670246,240.8203,-367.031250,-2.966763,-9.606208,-9.962274,-2.706645,1.756147,-0.967481,-2.966763,0.858530,1967.41,-1,-1967.41
2.672503,244.0723,-363.779297,5.281262,-9.603263,-9.020155,5.541380,1.865083,-0.025362,5.281262,0.967466,1979.70,-1,-1979.70
2.674765,247.2363,-360.615234,4.315201,-9.591215,-8.324639,4.575319,0.677559,0.670154,4.315201,-0.220058,1989.11,-1,-1989.11
2.677022,250.4004,-357.451172,-1.508694,-9.589499,-8.689755,-1.248576,-0.201113,0.305037,-1.508694,-1.098730,1997.79,-1,-1997.79
2.679279,253.3008,-354.550781,-2.809943,-9.596374,-8.862138,-2.549825,0.507571,0.132655,-2.809943,-0.390046,1999.92,-1,-1999.92
2.681535,256.0254,-351.826172,-1.052599,-9.599082,-9.532514,-0.792481,1.529895,-0.537721,-1.052599,0.632278,1999.13,-1,-1999.13
2.683794,258.7500,-349.101562,-0.008727,-9.600733,-9.770737,0.251391,1.210269,-0.775944,-0.008727,0.312652,1995.41,-1,-1995.41
2.686052,261.5625,-346.289062,0.490464,-9.599812,-9.024943,0.750582,0.969652,-0.030150,0.490464,0.072035,1984.33,-1,-1984.33
2.688308,264.2871,-343.564453,-0.124846,-9.599840,-8.519767,0.135272,0.973243,0.475026,-0.124846,0.075626,1973.29,-1,-1973.29
2.690565,266.9238,-340.927734,1.272171,-9.598636,-8.633492,1.532289,0.226252,0.361301,1.272171,-0.671365,1959.33,-1,-1959.33
2.692825,269.3848,-338.466797,0.464128,-9.595800,-8.977059,0.724246,0.549469,0.017734,0.464128,-0.348148,1942.48,-1,-1942.48
2.695080,271.8457,-336.005859,-1.035840,-9.597295,-9.601946,-0.775721,1.352724,-0.607153,-1.035840,0.455107,1911.81,-1,-1911.81
2.697337,274.5703,-333.281250,1.130913,-9.595836,-9.388862,1.391031,1.164779,-0.394069,1.130913,0.267162,1887.81,-1,-1887.81
2.699593,277.1191,-330.732422,-0.705440,-9.595968,-9.276335,-0.445322,0.392649,-0.281542,-0.705440,-0.504968,1860.99,-1,-1860.99
2.701854,279.4922,-328.359375,-2.454404,-9.599403,-8.667010,-2.194286,0.866701,0.327783,-2.454404,-0.030916,1831.40,-1,-1831.40
2.704110,281.7773,-326.074219,-0.926903,-9.602903,-8.585608,-0.666785,1.203086,0.409185,-0.926903,0.305470,1781.89,-1,-1781.89
2.706368,284.3262,-323.525391,1.077044,-9.601617,-9.414001,1.337162,1.261744,-0.419209,1.077044,0.364127,1745.54,-1,-1745.54
2.708623,286.6992,-321.152344,-0.108086,-9.598114,-9.433155,0.152032,1.205481,-0.438362,-0.108086,0.307864,1706.57,-1,-1706.57
2.710884,289.0723,-318.779297,-2.982326,-9.603333,-9.176975,-2.722207,1.496376,-0.182182,-2.982326,0.598759,1665.03,-1,-1665.03
2.713142,291.5332,-316.318359,2.208304,-9.601093,-8.379706,2.468422,0.294487,0.615087,2.208304,-0.603130,1598.02,-1,-1598.02
2.715401,294.0820,-313.769531,3.895019,-9.592754,-8.525752,4.155137,-0.295684,0.469041,3.895019,-1.193301,1550.32,-1,-1550.32
2.717658,296.5430,-311.308594,-2.878178,-9.592495,-9.570822,-2.618060,1.352724,-0.576029,-2.878178,0.455107,1500.26,-1,-1500.26
2.719919,299.0039,-308.847656,-4.688194,-9.602395,-9.576807,-4.428076,2.251747,-0.582014,-4.688194,1.354130,1447.92,-1,-1447.92
2.722176,301.4648,-306.386719,-0.206249,-9.605236,-9.369708,0.053870,1.556231,-0.374915,-0.206249,0.658614,1365.31,-1,-1365.31
2.724432,303.0469,-304.804687,-3.738893,-9.607045,-8.900445,-3.478775,0.696713,0.094348,-3.738893,-0.200904,1307.61,-1,-1307.61
2.726690,304.8047,-303.046875,-10.495331,-9.624581,-9.096769,-10.235212,0.276530,-0.101976,-10.495331,-0.621087,1247.89,-1,-1247.89
2.728954,306.2988,-301.552734,-6.051692,-9.642316,-8.944737,-5.791574,-1.183933,0.050056,-6.051692,-2.081550,1186.27,-1,-1186.27
2.736520,312.0117,-295.839844,-0.002741,-9.642337,-10.138247,0.257377,1.732205,-1.143455,-0.002741,0.834588,922.41,-1,-922.41
2.738578,313.1543,-294.697266,1.709113,-9.639140,-8.519767,1.969231,0.706290,0.475026,1.709113,-0.191327,852.59,-1,-852.59
2.740834,313.9453,-293.906250,-8.414769,-9.644293,-7.861362,-8.154651,-0.875081,1.133431,-8.414769,-1.772698,781.44,-1,-781.44
2.743104,314.6484,-293.203125,-10.388789,-9.671136,-9.380483,-10.128671,0.313640,-0.385690,-10.388789,-0.583976,672.44,-1,-672.44
2.745361,315.4395,-292.412109,-2.089288,-9.678835,-8.337808,-1.829170,-1.003170,0.656985,-2.089288,-1.900787,598.40,-1,-598.40
2.747615,316.2305,-291.621094,0.025989,-9.675582,-9.216479,0.286107,1.414973,-0.221686,0.025989,0.517356,523.42,-1,-523.42
2.749869,317.2852,-290.566406,-8.506947,-9.687299,-10.741586,-8.246828,3.720589,-1.746793,-8.506947,2.822973,447.58,-1,-447.58
2.752131,317.4609,-290.390625,-2.138369,-9.696461,-9.889250,-1.878251,2.911349,-0.894457,-2.138369,2.013732,332.50,-1,-332.50
2.754389,317.5488,-290.302734,-6.781923,-9.699587,-8.421604,-6.521805,-1.335965,0.573189,-6.781923,-2.233582,255.06,-1,-255.06
2.756648,317.4609,-290.390625,-7.333787,-9.717685,-8.695741,-7.073669,-1.314417,0.299052,-7.333787,-2.212034,177.17,-1,-177.17
2.758905,317.4609,-290.390625,-2.894937,-9.730127,-7.443573,-2.634819,-1.280898,1.551220,-2.894937,-2.178515,98.97,-1,-98.97
2.761166,317.4609,-290.390625,1.431385,-9.727848,-8.374918,1.691504,1.096544,0.619875,1.431385,0.198928,18.67,1,18.67
2.763420,317.3730,-290.478516,-3.540174,-9.731582,-11.670536,-3.280056,3.582923,-2.675743,-3.540174,2.685306,97.14,1,97.14
2.765675,317.3730,-290.478516,-1.275260,-9.737837,-9.773131,-1.015141,2.964022,-0.778338,-1.275260,2.066405,175.52,1,175.52
2.767933,317.3730,-290.478516,2.100565,-9.735705,-7.951144,2.360683,0.814029,1.043649,2.100565,-0.083588,253.66,1,253.66
2.770190,317.4609,-290.390625,0.899873,-9.732571,-8.553286,1.159991,-1.764527,0.441507,0.899873,-2.662143,370.20,1,370.20
2.772449,317.4609,-290.390625,-0.941269,-9.733981,-8.392874,-0.681150,0.283713,0.601919,-0.941269,-0.613904,447.26,1,447.26
2.774703,317.3730,-290.478516,0.243861,-9.734832,-8.628703,0.503979,1.884237,0.366090,0.243861,0.986620,523.67,1,523.67
2.776957,317.3730,-290.478516,0.794528,-9.733428,-10.036493,1.054646,1.884237,-1.041700,0.794528,0.986620,599.32,1,599.32
2.779214,316.4062,-291.445312,-0.541437,-9.733234,-10.008960,-0.281319,1.854309,-1.014167,-0.541437,0.956692,711.10,1,711.10
2.781477,315.5273,-292.324219,-15.514774,-9.760678,-9.894038,-15.254656,2.236184,-0.899245,-15.514774,1.338567,784.31,1,784.31
2.783735,314.3848,-293.466797,-7.409204,-9.787114,-8.203732,-7.149086,-1.325191,0.791060,-7.409204,-2.222807,856.34,1,856.34
2.785989,313.5937,-294.257812,1.297310,-9.791864,-7.667431,1.557428,-0.754174,1.327362,1.297310,-1.651790,927.08,1,927.08
2.788244,312.7148,-295.136719,2.028738,-9.784005,-8.046912,2.288857,-0.329203,0.947881,2.028738,-1.226820,1030.52,1,1030.52
2.790503,311.3965,-296.455078,-3.024224,-9.794588,-11.328165,-2.764106,3.889381,-2.333372,-3.024224,2.991764,1097.52,1,1097.52
2.792760,309.4629,-298.388672,-7.210485,-9.803016,-9.078813,-6.950367,1.966837,-0.084020,-7.210485,1.069220,1162.86,1,1162.86
2.795018,307.5293,-300.322266,-6.497014,-9.820758,-9.240421,-6.236896,-0.441730,-0.245628,-6.497014,-1.339347,1257.49,1,1257.49
2.797276,305.9473,-301.904297,-3.627563,-9.830102,-7.936779,-3.367445,-1.777695,1.058014,-3.627563,-2.675312,1318.16,1,1318.16
2.799535,304.2773,-303.574219,-1.398561,-9.830664,-7.623138,-1.138443,-0.452504,1.371655,-1.398561,-1.350121,1376.80,1,1376.80
2.801788,302.4316,-305.419922,-5.029368,-9.838827,-10.530896,-4.769250,2.981978,-1.536103,-5.029368,2.084361,1433.31,1,1433.31
2.804044,300.4980,-307.353516,-0.647979,-9.843998,-10.506954,-0.387861,2.932897,-1.512161,-0.647979,2.035280,1513.86,1,1513.86
2.806301,297.9492,-309.902344,-5.615947,-9.843991,-8.503007,-5.355829,0.520739,0.491786,-5.615947,-0.376878,1564.63,1,1564.63
2.808563,295.4004,-312.451172,-11.540400,-9.865760,-9.431957,-11.280281,-0.275333,-0.437164,-11.540400,-1.172950,1612.95,1,1612.95
2.810822,292.6758,-315.175781,-6.848961,-9.887080,-8.271967,-6.588843,-0.360327,0.722826,-6.848961,-1.257944,1658.74,1,1658.74
2.813078,290.0391,-317.812500,0.999232,-9.889127,-7.522582,1.259350,0.028730,1.472211,0.999232,-0.868886,1722.53,1,1722.53
2.815333,287.7539,-320.097656,-1.248923,-9.888254,-10.849325,-0.988805,2.636016,-1.854532,-1.248923,1.738399,1761.67,1,1761.67
2.817593,285.2930,-322.558594,-0.572562,-9.890853,-10.565612,-0.312443,2.329558,-1.570819,-0.572562,1.431942,1798.05,1,1798.05
2.819852,282.9199,-324.931641,2.344773,-9.888004,-9.212888,2.604892,2.121263,-0.218095,2.344773,1.223646,1831.57,1,1831.57
2.822110,280.4590,-327.392578,1.095000,-9.884610,-8.470686,1.355118,-0.350751,0.524107,1.095000,-1.248367,1876.40,1,1876.40
2.824366,277.8223,-330.029297,-2.519047,-9.885715,-8.573636,-2.258929,-0.794875,0.421157,-2.519047,-1.692492,1902.57,1,1902.57
2.826626,275.4492,-332.402344,-0.743747,-9.890336,-8.167819,-0.483629,0.756568,0.826974,-0.743747,-0.141049,1925.71,1,1925.71
2.828882,272.8125,-335.039062,1.002823,-9.889373,-9.080010,1.262941,2.005144,-0.085217,1.002823,1.107527,1945.78,1,1945.78
2.831137,270.3516,-337.500000,2.682356,-9.884139,-9.593566,2.942474,1.917756,-0.598773,2.682356,1.020139,1970.04,1,1970.04
2.833393,267.5391,-340.312500,-1.015489,-9.883836,-9.398438,-0.755371,2.201468,-0.403646,-1.015489,1.303852,1982.28,1,1982.28
2.835653,265.0781,-342.773437,-2.820717,-9.887890,-9.144653,-2.560599,-0.217872,-0.149860,-2.820717,-1.115489,1991.34,1,1991.34
2.837911,262.4414,-345.410156,-2.080909,-9.893848,-8.923190,-1.820790,0.077812,0.071603,-2.080909,-0.819805,1997.20,1,1997.20
2.840169,259.7168,-348.134766,2.484834,-9.890116,-8.251616,2.744952,0.615310,0.743176,2.484834,-0.282307,1999.95,1,1999.95
2.842425,257.0801,-350.771484,0.532363,-9.887124,-9.524135,0.792481,0.991199,-0.529342,0.532363,0.093583,1997.74,1,1997.74
2.844684,253.9160,-353.935547,-2.432856,-9.889119,-9.338584,-2.172738,2.033874,-0.343791,-2.432856,1.136257,1992.31,1,1992.31
2.846942,251.1914,-356.660156,-1.169915,-9.893535,-9.534908,-0.909797,2.310405,-0.540115,-1.169915,1.412788,1983.64,1,1983.64
2.854556,240.5566,-367.294922,-4.870153,-9.930616,-9.670180,-4.610035,1.550246,-0.675387,-4.870153,0.652629,1916.94,1,1916.94
2.856614,237.5684,-370.283203,-0.815573,-9.936376,-9.288305,-0.555455,2.516306,-0.293512,-0.815573,1.618689,1892.37,1,1892.37
2.858885,234.3164,-373.535156,5.514697,-9.929056,-8.514978,5.774815,1.535880,0.479815,5.514697,0.638264,1864.68,1,1864.68
2.861141,230.6250,-377.226562,2.768547,-9.919716,-9.214086,3.028665,0.144849,-0.219293,2.768547,-0.752768,1817.44,1,1817.44
2.863396,226.9336,-380.917969,-5.010214,-9.927728,-8.917204,-4.750096,1.175553,0.077589,-5.010214,0.277936,1782.19,1,1782.19
2.865654,222.8027,-385.048828,0.813681,-9.933826,-8.354567,1.073799,1.247379,0.640226,0.813681,0.349762,1744.01,1,1744.01
2.867917,218.8477,-389.003906,5.473995,-9.922593,-9.039309,5.734113,-0.213084,-0.044516,5.473995,-1.110701,1702.94,1,1702.94
2.870172,214.9805,-392.871094,0.957333,-9.917323,-9.835381,1.217452,0.490811,-0.840588,0.957333,-0.406806,1636.08,1,1636.08
2.872428,210.5859,-397.265625,-3.172665,-9.922770,-8.749610,-2.912546,2.177526,0.245183,-3.172665,1.279910,1588.09,1,1588.09
2.874686,205.9277,-401.923828,-0.981970,-9.928068,-9.252393,-0.721852,1.826776,-0.257600,-0.981970,0.929159,1537.46,1,1537.46
2.876950,201.4453,-406.406250,1.584614,-9.925298,-9.169792,1.844732,0.513556,-0.174999,1.584614,-0.384061,1484.27,1,1484.27
2.879206,196.9629,-410.888672,-0.753324,-9.923442,-8.858546,-0.493206,0.967257,0.136247,-0.753324,0.069641,1399.86,1,1399.86
2.881462,192.5684,-415.283203,1.262594,-9.923445,-9.006987,1.522712,0.847547,-0.012194,1.262594,-0.050069,1340.63,1,1340.63
2.883720,189.2285,-418.623047,5.557792,-9.916752,-8.884883,5.817910,0.360327,0.109910,5.557792,-0.537290,1279.14,1,1279.14
2.885981,185.9766,-421.875000,12.429151,-9.890701,-8.322245,12.689269,0.841562,0.672548,12.429151,-0.056055,1215.52,1,1215.52
2.888235,183.2520,-424.599609,1.786924,-9.877068,-10.163386,2.047042,2.185906,-1.168593,1.786924,1.288289,1116.23,1,1116.23
2.890493,179.9121,-427.939453,0.740658,-9.875292,-9.832987,1.000776,1.482011,-0.838194,0.740658,0.584394,1047.66,1,1047.66
2.892752,176.5723,-431.279297,3.523917,-9.869491,-8.301894,3.784036,0.000000,0.692899,3.523917,-0.897617,977.32,1,977.32
2.895013,173.4961,-434.355469,1.467298,-9.864556,-8.057686,1.727417,0.043096,0.937107,1.467298,-0.854521,868.69,1,868.69
2.897267,171.8262,-436.025391,-2.077317,-9.867396,-8.893262,-1.817199,0.816423,0.101531,-2.077317,-0.081194,794.38,1,794.38
2.899522,170.4199,-437.431641,12.826588,-9.854942,-9.414001,13.086706,2.352303,-0.419209,12.826588,1.454686,718.71,1,718.71
2.901778,169.3652,-438.486328,7.663493,-9.832541,-9.591172,7.923611,2.482787,-0.596379,7.663493,1.585170,641.79,1,641.79
2.904034,167.5195,-440.332031,3.950085,-9.821222,-9.878476,4.210204,1.097741,-0.883683,3.950085,0.200125,524.34,1,524.34
2.906296,165.9375,-441.914062,-0.406164,-9.824475,-8.694544,-0.146046,-0.114922,0.300249,-0.406164,-1.012539,444.86,1,444.86
2.908554,165.6738,-442.177734,3.760944,-9.819074,-7.597999,4.021062,-0.837971,1.396794,3.760944,-1.735587,364.60,1,364.60
2.910809,165.7617,-442.089844,13.611886,-9.797721,-7.916428,13.872005,0.306458,1.078365,13.611886,-0.591159,283.66,1,283.66
2.913063,166.0254,-441.826172,4.987972,-9.778383,-8.875306,5.248090,2.486378,0.119487,4.987972,1.588762,161.32,1,161.32
2.915323,166.0254,-441.826172,-0.051823,-9.775764,-10.967838,0.208296,2.995146,-1.973045,-0.051823,2.097529,79.34,1,79.34
2.917582,165.9375,-441.914062,2.937338,-9.772923,-9.045294,3.197456,0.049081,-0.050501,2.937338,-0.848536,2.83,-1,-2.83
2.919839,166.1133,-441.738281,0.806499,-9.768975,-7.608773,1.066617,-1.258153,1.386020,0.806499,-2.155770,85.05,-1,-85.05
2.922094,165.9375,-441.914062,-1.482358,-9.771162,-7.733272,-1.222240,-0.770933,1.261521,-1.482358,-1.668550,208.14,-1,-208.14
2.924354,165.7617,-442.089844,-1.433277,-9.776193,-9.761160,-1.173159,1.583764,-0.766367,-1.433277,0.686148,289.84,-1,-289.84
2.926608,165.7617,-442.089844,1.310478,-9.776256,-9.835381,1.570596,2.995146,-0.840588,1.310478,2.097529,371.12,-1,-371.12
2.928864,165.9375,-441.914062,2.342379,-9.771164,-9.329007,2.602497,2.331953,-0.334214,2.342379,1.434336,451.79,-1,-451.79
2.931122,166.2012,-441.650391,0.951348,-9.767385,-9.327810,1.211466,0.281319,-0.333017,0.951348,-0.616298,571.41,-1,-571.41
2.933384,167.6074,-440.244141,2.506382,-9.765133,-8.822633,2.766500,-0.446519,0.172160,2.506382,-1.344136,650.04,-1,-650.04
2.935640,169.5410,-438.310547,13.625054,-9.746100,-7.781156,13.885173,0.040701,1.213637,13.625054,-0.856915,727.60,-1,-727.60
2.937894,171.2988,-436.552734,8.843834,-9.721953,-8.924387,9.103952,1.595735,0.070406,8.843834,0.698119,803.96,-1,-803.96
2.940150,173.0566,-434.794922,1.012400,-9.715672,-10.615891,1.272518,2.562993,-1.621098,1.012400,1.665376,915.95,-1,-915.95
2.942414,174.7266,-433.125000,1.677988,-9.710980,-8.122330,1.938106,-0.389058,0.872463,1.677988,-1.286675,988.75,-1,-988.75
2.944670,176.3965,-431.455078,-1.118439,-9.711635,-8.376115,-0.858321,-0.070629,0.618678,-1.118439,-0.968246,1059.88,-1,-1059.88
2.946926,180.0879,-427.763672,0.315687,-9.712399,-7.934384,0.575805,0.475249,1.060409,0.315687,-0.422368,1129.24,-1,-1129.24
2.949182,183.5156,-424.335937,9.413653,-9.695272,-9.074024,9.673772,2.209848,-0.079231,9.413653,1.312231,1229.68,-1,-1229.68
2.951442,186.6797,-421.171875,2.842767,-9.681964,-11.530476,3.102885,3.177106,-2.535683,2.842767,2.279489,1294.05,-1,-1294.05
2.953700,190.0195,-417.832031,2.676370,-9.676126,-9.528923,2.936488,0.785298,-0.534130,2.676370,-0.112319,1356.24,-1,-1356.24
2.955959,193.4473,-414.404297,4.280486,-9.667116,-7.568071,4.540604,-0.772130,1.426722,4.280486,-1.669747,1416.12,-1,-1416.12
2.958216,196.9629,-410.888672,0.874733,-9.661088,-8.297106,1.134852,-1.077391,0.697687,0.874733,-1.975008,1501.39,-1,-1501.39
2.960476,201.4453,-406.406250,-1.927680,-9.663420,-9.357738,-1.667562,0.624887,-0.362945,-1.927680,-0.272730,1555.05,-1,-1555.05
2.962732,205.9277,-401.923828,8.347036,-9.653836,-9.411607,8.607155,3.511097,-0.416814,8.347036,2.613480,1606.05,-1,-1606.05
2.964988,210.6738,-397.177734,9.632723,-9.631077,-9.455899,9.892841,3.763685,-0.461106,9.632723,2.866068,1654.30,-1,-1654.30
2.973063,225.8789,-381.972656,0.213934,-9.629349,-8.093599,0.474052,-0.069432,0.901194,0.213934,-0.967049,1835.01,-1,-1835.01
2.975134,229.3945,-378.457031,1.567855,-9.627063,-9.096769,1.827973,1.472434,-0.101976,1.567855,0.574817,1866.64,-1,-1866.64
2.977389,232.9102,-374.941406,-1.779239,-9.627762,-10.870872,-1.519121,4.584896,-1.876080,-1.779239,3.687279,1895.02,-1,-1895.02
2.979646,236.5137,-371.337891,-0.387011,-9.630024,-10.016143,-0.126893,2.656367,-1.021350,-0.387011,1.758750,1920.11,-1,-1920.11
2.981904,239.9414,-367.910156,1.907832,-9.626532,-8.625112,2.167950,-0.290895,0.369681,1.907832,-1.188512,1941.84,-1,-1941.84
2.984167,243.4570,-364.394531,-1.611645,-9.626804,-7.971495,-1.351527,-1.444901,1.023298,-1.611645,-2.342518,1968.08,-1,-1968.08
2.986421,246.2695,-361.582031,-0.876625,-9.630152,-8.610746,-0.616507,-0.398635,0.384047,-0.876625,-1.296251,1981.26,-1,-1981.26
2.988676,249.3457,-358.505859,0.764600,-9.629839,-9.482236,1.024718,1.121683,-0.487443,0.764600,0.224067,1990.97,-1,-1990.97
2.990929,252.2461,-355.605469,1.827626,-9.626349,-9.850943,2.087744,2.782062,-0.856150,1.827626,1.884445,1997.18,-1,-1997.18
2.993190,255.1465,-352.705078,0.241467,-9.624486,-9.481039,0.501585,2.359486,-0.486246,0.241467,1.461869,1999.90,-1,-1999.90
2.995448,258.0469,-349.804687,-0.652767,-9.624498,-8.747216,-0.392649,0.199916,0.247577,-0.652767,-0.697701,1997.30,-1,-1997.30
2.997704,260.8594,-346.992187,-0.606080,-9.626177,-8.548497,-0.345962,-0.271742,0.446296,-0.606080,-1.169359,1991.17,-1,-1991.17
2.999958,263.4082,-344.443359,-0.408559,-9.626985,-8.519767,-0.148441,-0.577003,0.475026,-0.408559,-1.474619,1981.52,-1,-1981.52
3.002218,266.0449,-341.806641,-0.195475,-9.628819,-9.712079,0.064643,1.440112,-0.717286,-0.195475,0.542495,1960.45,-1,-1960.45
3.004474,268.6816,-339.169922,0.453354,-9.627885,-9.600749,0.713472,1.702277,-0.605956,0.453354,0.804661,1942.04,-1,-1942.04
3.006733,271.3184,-336.533203,1.002823,-9.626561,-9.012972,1.262941,1.464054,-0.018179,1.002823,0.566437,1920.16,-1,-1920.16
3.008992,273.7793,-334.072266,1.077044,-9.623244,-8.382100,1.337162,0.817620,0.612693,1.077044,-0.079997,1894.86,-1,-1894.86
3.011257,276.2402,-331.611328,-0.950845,-9.624602,-9.016563,-0.690727,0.484826,-0.021770,-0.950845,-0.412791,1850.58,-1,-1850.58
3.013514,278.7891,-329.062500,-0.451654,-9.626345,-9.112331,-0.191536,0.556652,-0.117538,-0.451654,-0.340965,1816.90,-1,-1816.90
3.015769,281.1621,-326.689453,0.351600,-9.626056,-9.343372,0.611719,0.720655,-0.348579,0.351600,-0.176962,1779.95,-1,-1779.95
3.018027,283.6230,-324.228516,-0.225402,-9.626156,-9.074024,0.034716,0.699107,-0.079231,-0.225402,-0.198510,1718.55,-1,-1718.55
3.020289,285.9082,-321.943359,-2.064149,-9.628384,-8.884883,-1.804031,0.767342,0.109910,-2.064149,-0.130275,1673.73,-1,-1673.73
3.022548,288.2812,-319.570312,-1.258500,-9.633383,-9.112331,-0.998382,1.156399,-0.117538,-1.258500,0.258783,1625.88,-1,-1625.88
3.024806,290.8301,-317.021484,1.603768,-9.630360,-8.674192,1.863886,0.645237,0.320601,1.603768,-0.252379,1575.08,-1,-1575.08
3.027062,293.2031,-314.648437,-1.359057,-9.629224,-9.333796,-1.098939,1.071405,-0.339003,-1.359057,0.173788,1493.56,-1,-1493.56
3.029323,295.7520,-312.099609,-2.230546,-9.634517,-9.502586,-1.970428,1.350330,-0.507793,-2.230546,0.452713,1435.79,-1,-1435.79
3.031581,298.0371,-309.814453,3.089370,-9.632074,-8.737639,3.349488,0.418985,0.257154,3.089370,-0.478632,1375.40,-1,-1375.40
3.033840,300.3223,-307.529297,3.678344,-9.623269,-8.550891,3.938462,0.306458,0.443902,3.678344,-0.591159,1312.51,-1,-1312.51
3.036095,301.9043,-305.947266,-14.897071,-9.638521,-9.536105,-14.636952,0.737414,-0.541312,-14.897071,-0.160203,1213.68,-1,-1213.68
3.038358,303.3105,-304.541016,-14.571459,-9.675356,-9.933543,-14.311340,1.570596,-0.938750,-14.571459,0.672979,1144.97,-1,-1144.97
3.040617,304.8926,-302.958984,-1.428489,-9.690152,-8.281544,-1.168370,1.112107,0.713249,-1.428489,0.214490,1074.17,-1,-1074.17
3.042874,306.6504,-301.201172,5.047827,-9.679948,-8.437167,5.307945,0.735020,0.557626,5.047827,-0.162597,1001.37,-1,-1001.37
3.045127,308.1445,-299.707031,-5.621933,-9.685254,-10.660183,-5.361814,2.324770,-1.665390,-5.621933,1.427153,888.72,-1,-888.72
3.047387,309.0234,-298.828125,-5.279562,-9.698180,-9.536105,-5.019444,1.692701,-0.541312,-5.279562,0.795084,811.54,-1,-811.54
3.049645,309.9902,-297.861328,-6.675382,-9.712288,-8.385692,-6.415264,-1.183933,0.609101,-6.675382,-2.081550,732.81,-1,-732.81
3.051902,310.7812,-297.070312,-2.896134,-9.721148,-8.186973,-2.636016,-1.896208,0.807820,-2.896134,-2.793825,652.71,-1,-652.71
3.054156,311.4844,-296.367187,-0.495947,-9.725176,-9.022549,-0.235829,2.384625,-0.027756,-0.495947,1.487008,530.31,-1,-530.31
3.056416,312.4512,-295.400391,-7.194923,-9.733270,-10.678140,-6.934805,3.246537,-1.683347,-7.194923,2.348921,447.41,-1,-447.41
3.058671,312.8906,-294.960937,-1.778042,-9.741955,-10.699687,-1.517924,2.747346,-1.704894,-1.778042,1.849730,363.63,-1,-363.63
3.060927,312.8906,-294.960937,-0.334338,-9.740951,-8.222886,-0.074220,0.575805,0.771907,-0.334338,-0.321811,279.16,-1,-279.16
3.063184,312.8027,-295.048828,-9.670528,-9.761775,-8.734048,-9.410410,-1.487996,0.260745,-9.670528,-2.385613,151.43,-1,-151.43
3.065446,312.7148,-295.136719,-4.408072,-9.778192,-8.154651,-4.147954,-0.573411,0.840142,-4.408072,-1.471028,65.83,-1,-65.83
3.067701,312.7148,-295.136719,2.225063,-9.776043,-8.647857,2.485181,2.161964,0.346936,2.225063,1.264347,19.93,1,19.93
3.069955,312.7148,-295.136719,-2.723752,-9.776942,-11.276690,-2.463634,2.874239,-2.281897,-2.723752,1.976622,105.69,1,105.69
3.072211,312.7148,-295.136719,-1.742129,-9.782934,-10.053253,-1.482011,1.638831,-1.058460,-1.742129,0.741214,234.03,1,234.03
3.074472,312.7148,-295.136719,2.207107,-9.782071,-7.846996,2.467225,0.314838,1.147797,2.207107,-0.582779,319.13,1,319.13
3.076727,312.8027,-295.048828,0.930997,-9.778535,-7.728483,1.191115,-1.078588,1.266310,0.930997,-1.976205,403.69,1,403.69
3.078981,312.7148,-295.136719,-1.388984,-9.780944,-9.334992,-1.128866,0.659603,-0.340199,-1.388984,-0.238014,487.55,1,487.55
3.081235,312.7148,-295.136719,0.557502,-9.781896,-9.580399,0.817620,2.030283,-0.585606,0.557502,1.132666,611.70,1,611.70
3.083494,312.0996,-295.751953,0.265409,-9.780753,-9.785102,0.525527,1.861492,-0.790309,0.265409,0.963875,693.13,1,693.13
3.091086,308.9355,-298.916016,0.610174,-9.776121,-8.687361,0.870292,0.509965,0.307432,0.610174,-0.387652,1004.93,1,1004.93
3.093142,308.0566,-299.794922,-3.013450,-9.777227,-9.750386,-2.753332,1.672350,-0.755593,-3.013450,0.774733,1078.66,1,1078.66
3.095396,306.3867,-301.464844,-5.817060,-9.788522,-11.105505,-5.556942,3.110068,-2.110712,-5.817060,2.212451,1150.43,1,1150.43
3.097654,304.6289,-303.222656,-8.396813,-9.805492,-9.313444,-8.136695,1.017536,-0.318651,-8.396813,0.119919,1220.08,1,1220.08
3.099926,302.6953,-305.156250,-2.074923,-9.818068,-7.444770,-1.814805,-2.170344,1.550023,-2.074923,-3.067961,1287.47,1,1287.47
3.102182,301.1133,-306.738281,-1.472781,-9.821901,-8.404845,-1.212663,0.433351,0.589948,-1.472781,-0.464266,1384.09,1,1384.09
3.104436,299.3555,-308.496094,-2.818323,-9.826016,-8.974665,-2.558204,1.508347,0.020128,-2.818323,0.610730,1445.33,1,1445.33
3.106691,297.5098,-310.341797,-3.706572,-9.835052,-11.334151,-3.446453,3.718195,-2.339358,-3.706572,2.820578,1503.87,1,1503.87
3.108953,295.0488,-312.802734,-2.666291,-9.838768,-9.351752,-2.406173,1.590947,-0.356959,-2.666291,0.693330,1559.63,1,1559.63
3.111212,292.5000,-315.351562,-8.880442,-9.852528,-8.415619,-8.620323,0.414197,0.579174,-8.880442,-0.483420,1637.79,1,1637.79
3.113469,289.9512,-317.900391,-7.412796,-9.870704,-7.705738,-7.152678,-2.185906,1.289055,-7.412796,-3.083523,1686.08,1,1686.08
3.115725,287.4902,-320.361328,-1.981549,-9.879635,-7.795521,-1.721431,-0.192733,1.199272,-1.981549,-1.090350,1731.22,1,1731.22
3.117986,284.8535,-322.998047,-0.616854,-9.878958,-10.287885,-0.356736,3.821146,-1.293092,-0.616854,2.923529,1773.12,1,1773.12
3.120241,282.3926,-325.458984,-1.001124,-9.881001,-11.569980,-0.741005,3.245340,-2.575187,-1.001124,2.347723,1829.69,1,1829.69
3.122497,279.9316,-327.919922,-0.841909,-9.883380,-9.956287,-0.581791,2.141613,-0.961494,-0.841909,1.243997,1863.11,1,1863.11
3.124755,277.5586,-330.292969,2.806854,-9.878326,-7.474698,3.066972,-0.851139,1.520095,2.806854,-1.748756,1893.01,1,1893.01
3.127017,275.0098,-332.841797,0.799316,-9.874919,-8.403648,1.059434,-1.461660,0.591145,0.799316,-2.359277,1931.14,1,1931.14
3.129272,272.1094,-335.742187,-2.392155,-9.877048,-9.266758,-2.132037,1.088165,-0.271965,-2.392155,0.190548,1951.99,1,1951.99
3.131527,269.9121,-337.939453,-0.732973,-9.879851,-9.794679,-0.472855,2.868254,-0.799886,-0.732973,1.970637,1969.14,1,1969.14
3.133782,267.2754,-340.576172,0.978881,-9.878562,-10.186131,1.238999,2.980781,-1.191339,0.978881,2.083164,1982.54,1,1982.54
3.136045,264.9023,-342.949219,-1.658332,-9.879983,-8.844181,-1.398214,1.479617,0.150612,-1.658332,0.582000,1995.56,1,1995.56
3.138302,262.0020,-345.849609,0.179218,-9.882343,-8.119935,0.439336,-0.117316,0.874858,0.179218,-1.014933,1999.47,1,1999.47
3.140558,259.1016,-348.750000,1.377516,-9.878641,-7.821857,1.637634,-1.286883,1.172936,1.377516,-2.184500,1999.57,1,1999.57
3.142812,256.5527,-351.298828,-1.629601,-9.881423,-8.895657,-1.369483,0.113725,0.099136,-1.629601,-0.783892,1995.83,1,1995.83
3.145072,253.6523,-354.199219,0.580247,-9.881663,-9.811439,0.840365,2.983175,-0.816646,0.580247,2.085558,1983.04,1,1983.04
3.147328,250.8398,-357.011719,2.878680,-9.877235,-9.727641,3.138798,1.747767,-0.732848,2.878680,0.850150,1969.75,1,1969.75
3.149586,247.5879,-360.263672,-1.072950,-9.877189,-9.242816,-0.812831,1.003170,-0.248023,-1.072950,0.105554,1952.66,1,1952.66
3.151844,244.5117,-363.339844,-2.544187,-9.882015,-8.700529,-2.284068,0.769736,0.294264,-2.544187,-0.127881,1931.80,1,1931.80
3.154106,241.5234,-366.328125,-0.389405,-9.885974,-9.144653,-0.129287,0.599748,-0.149860,-0.389405,-0.297869,1893.51,1,1893.51
3.156364,238.0957,-369.755859,0.775374,-9.884665,-9.284714,1.035492,0.775721,-0.289921,0.775374,-0.121895,1863.40,1,1863.40
3.158621,234.8437,-373.007812,1.464904,-9.882709,-9.603143,1.725022,1.799243,-0.608350,1.464904,0.901626,1829.66,1,1829.66
3.160879,230.8887,-376.962891,0.585035,-9.877447,-8.898050,0.845153,1.157596,0.096743,0.585035,0.259980,1792.37,1,1792.37
3.163140,227.1973,-380.654297,-1.860642,-9.878767,-8.503007,-1.600524,0.694318,0.491786,-1.860642,-0.203298,1729.91,1,1729.91
3.165396,223.5059,-384.345703,-1.467993,-9.883001,-8.658630,-1.207875,0.976834,0.336163,-1.467993,0.079217,1684.03,1,1684.03
3.167652,219.5508,-388.300781,2.646443,-9.878710,-8.750807,2.906561,0.730232,0.243986,2.646443,-0.167385,1634.85,1,1634.85
3.169907,215.1562,-392.695312,-0.876625,-9.877836,-9.631873,-0.616507,1.037886,-0.637080,-0.876625,0.140270,1582.46,1,1582.46
3.172167,210.9375,-396.914062,-0.764098,-9.879551,-9.290700,-0.503979,1.272518,-0.295907,-0.764098,0.374901,1498.10,1,1498.10
3.174424,206.8066,-401.044922,1.111759,-9.879038,-8.991425,1.371878,1.134852,0.003368,1.111759,0.237235,1438.14,1,1438.14
3.176683,202.3242,-405.527344,2.757773,-9.872516,-8.722076,3.017891,0.737414,0.272717,2.757773,-0.160203,1375.34,1,1375.34
3.178939,198.8086,-409.042969,0.118166,-9.873010,-9.273940,0.378284,1.034295,-0.279147,0.118166,0.136678,1309.82,1,1309.82
3.181201,195.7324,-412.119141,11.588786,-9.860492,-8.708909,11.848905,1.437718,0.285884,11.588786,0.540101,1206.71,1,1206.71
3.183456,192.7441,-415.107422,9.911648,-9.834871,-8.799889,10.171766,1.656788,0.194904,9.911648,0.759171,1134.94,1,1134.94
3.185713,189.5801,-418.271484,1.931774,-9.825762,-10.317812,2.191892,1.912967,-1.323019,1.931774,1.015350,1060.92,1,1060.92
3.187971,186.4160,-421.435547,1.745026,-9.824477,-8.084022,2.005144,-0.610521,0.910771,1.745026,-1.508138,984.76,1,984.76
3.190234,183.4277,-424.423828,1.755800,-9.820045,-7.800309,2.015918,0.244209,1.194484,1.755800,-0.653408,866.86,1,866.86
3.192488,181.7578,-426.093750,0.830441,-9.818040,-8.689755,1.090559,0.812831,0.305037,0.830441,-0.084785,786.05,1,786.05
3.194744,180.1758,-427.675781,10.610754,-9.800435,-9.303867,10.870872,2.255338,-0.309074,10.610754,1.357721,703.65,1,703.65
3.196999,178.5059,-429.345703,2.362730,-9.785906,-10.544065,2.622848,3.037045,-1.549272,2.362730,2.139428,619.81,1,619.81
3.199261,177.0996,-430.751953,-0.315185,-9.785446,-9.688137,-0.055067,0.835576,-0.693344,-0.315185,-0.062040,491.72,1,491.72
3.201520,175.6934,-432.158203,5.457236,-9.775587,-7.596802,5.717354,-0.768539,1.397991,5.457236,-1.666156,405.04,1,405.04
3.209692,175.6055,-432.246094,1.221893,-9.765603,-11.307815,1.482011,4.841076,-2.313022,1.221893,3.943459,51.49,1,51.49
3.211750,175.6934,-432.158203,1.894663,-9.765939,-9.283517,2.154782,0.511162,-0.288724,1.894663,-0.386455,37.70,-1,-37.70
3.214008,175.6934,-432.158203,2.247808,-9.761058,-6.890512,2.507926,-1.707066,2.104280,2.247808,-2.604683,171.40,-1,-171.40
3.216281,175.8691,-431.982422,-0.082947,-9.757957,-7.545327,0.177171,-0.987608,1.449466,-0.082947,-1.885225,260.20,-1,-260.20
3.218534,175.6934,-432.158203,-2.046193,-9.762053,-8.844181,-1.786075,-0.002394,0.150612,-2.046193,-0.900011,348.53,-1,-348.53
3.220789,175.5176,-432.333984,1.202739,-9.763119,-10.296265,1.462857,3.301604,-1.301472,1.202739,2.403987,436.21,-1,-436.21
3.223045,175.6055,-432.246094,2.046695,-9.758863,-9.695320,2.306813,2.413355,-0.700527,2.046695,1.515738,566.12,-1,-566.12
3.225306,175.8691,-431.982422,0.948954,-9.755789,-8.920795,1.209072,1.004368,0.073997,0.948954,0.106751,651.41,-1,-651.41
3.227563,177.8027,-430.048828,2.217880,-9.752778,-8.336611,2.477999,-0.210690,0.658182,2.217880,-1.108307,735.43,-1,-735.43
3.229818,179.8242,-428.027344,11.139873,-9.728230,-7.590816,11.399991,-0.618901,1.403976,11.139873,-1.516518,818.02,-1,-818.02
3.232074,181.4941,-426.357422,3.407799,-9.713191,-10.283096,3.667917,1.551443,-1.288303,3.407799,0.653826,938.86,-1,-938.86
3.234336,183.1641,-424.687500,1.220696,-9.708508,-10.903194,1.480814,2.461239,-1.908401,1.220696,1.563622,1017.14,-1,-1017.14
3.236594,185.4492,-422.402344,1.935365,-9.705383,-9.137471,2.195483,0.742203,-0.142678,1.935365,-0.155414,1093.41,-1,-1093.41
3.238854,189.3164,-418.535156,12.656600,-9.687627,-7.631518,12.916718,1.091756,1.363275,12.656600,0.194139,1167.52,-1,-1167.52
3.241110,192.9199,-414.931641,5.282459,-9.663243,-8.031349,5.542577,0.184354,0.963444,5.282459,-0.713263,1274.29,-1,-1274.29
3.243369,195.9961,-411.855469,-3.357018,-9.664556,-11.142614,-3.096900,2.972401,-2.147821,-3.357018,2.074785,1342.32,-1,-1342.32
3.245627,199.1602,-408.691406,0.389908,-9.667071,-10.090364,0.650026,2.261323,-1.095571,0.389908,1.363707,1407.68,-1,-1407.68
3.247885,202.3242,-405.527344,6.053392,-9.653461,-7.433996,6.313510,-1.502362,1.560797,6.053392,-2.399978,1470.20,-1,-1470.20
3.250142,206.8066,-401.044922,0.790936,-9.646529,-8.574833,1.051055,0.190339,0.419960,0.790936,-0.707278,1558.43,-1,-1558.43
3.252402,211.2891,-396.562500,7.688632,-9.634346,-8.684967,7.948750,0.896629,0.309826,7.688632,-0.000988,1613.35,-1,-1613.35
3.254657,215.7715,-392.080078,8.226130,-9.614172,-9.354146,8.486248,2.776077,-0.359353,8.226130,1.878460,1665.02,-1,-1665.02
3.256914,220.0781,-387.773437,2.697918,-9.603776,-10.418368,2.958036,1.398214,-1.423575,2.697918,0.500597,1713.33,-1,-1713.33
3.259172,224.4727,-383.378906,-0.319973,-9.601722,-8.851364,-0.059855,-0.444124,0.143429,-0.319973,-1.341741,1779.25,-1,-1779.25
3.261435,228.0762,-379.775391,0.191189,-9.601784,-7.606379,0.451307,-0.565032,1.388414,0.191189,-1.462648,1818.70,-1,-1818.70
3.263693,231.7676,-376.083984,1.191965,-9.598300,-8.550891,1.452083,-0.745794,0.443902,1.191965,-1.643411,1854.46,-1,-1854.46
3.265948,235.3711,-372.480469,-4.409269,-9.602034,-9.795877,-4.149151,2.238579,-0.801084,-4.409269,1.340962,1886.44,-1,-1886.44
3.268203,238.6230,-369.228516,-3.226534,-9.611876,-10.046070,-2.966416,3.827132,-1.051277,-3.226534,2.929515,1927.18,-1,-1927.18
3.270466,242.2266,-365.625000,1.822837,-9.610297,-9.458294,2.082955,1.516727,-0.463501,1.822837,0.619110,1949.42,-1,-1949.42
3.272723,245.3906,-362.460937,1.877904,-9.605285,-8.335413,2.138022,-0.444124,0.659380,1.877904,-1.341741,1967.67,-1,-1967.67
3.274980,248.5547,-359.296875,0.788542,-9.601795,-8.115147,1.048660,-0.260968,0.879646,0.788542,-1.158585,1981.89,-1,-1981.89
3.277234,251.3672,-356.484375,0.297731,-9.601136,-9.221268,0.557849,-0.281319,-0.226475,0.297731,-1.178936,1995.57,-1,-1995.57
3.279493,254.3555,-353.496094,0.840018,-9.598883,-9.482236,1.100136,0.803255,-0.487443,0.840018,-0.094362,1999.55,-1,-1999.55
3.281749,257.2559,-350.595703,0.243861,-9.598399,-9.325416,0.503979,2.224213,-0.330623,0.243861,1.326596,1999.41,-1,-1999.41
3.284008,259.9805,-347.871094,-0.178715,-9.598149,-9.513360,0.081403,1.284489,-0.518567,-0.178715,0.386872,1991.46,-1,-1991.46
3.286265,262.7051,-345.146484,-1.139987,-9.599786,-8.947132,-0.879869,-0.061052,0.047661,-1.139987,-0.958669,1981.00,-1,-1981.00
3.288527,265.2539,-342.597656,-2.654320,-9.605488,-8.620323,-2.394202,0.258574,0.374470,-2.654320,-0.639043,1966.43,-1,-1966.43
3.290782,267.8027,-340.048828,-0.008727,-9.607159,-8.993818,0.251391,0.541090,0.000975,-0.008727,-0.356527,1947.77,-1,-1947.77
3.293038,270.5273,-337.324219,2.582996,-9.604777,-9.121908,2.843115,1.183933,-0.127115,2.582996,0.286316,1912.21,-1,-1912.21
3.295296,272.9004,-334.951172,5.210633,-9.594780,-8.796297,5.470751,0.757765,0.198496,5.210633,-0.139852,1883.50,-1,-1883.50
3.297558,275.4492,-332.402344,-0.606080,-9.591823,-9.253590,-0.345962,0.602142,-0.258797,-0.606080,-0.295475,1850.86,-1,-1850.86
3.299815,278.0859,-329.765625,-3.863392,-9.601568,-8.836999,-3.603274,1.157596,0.157794,-3.863392,0.259980,1814.34,-1,-1814.34
3.302073,280.3711,-327.480469,1.024371,-9.604852,-8.622718,1.284489,0.598550,0.372075,1.024371,-0.299066,1752.46,-1,-1752.46
3.304329,282.7441,-325.107422,1.994023,-9.599852,-9.068039,2.254141,0.164003,-0.073246,1.994023,-0.733614,1706.58,-1,-1706.58
3.306590,285.2051,-322.646484,-2.049784,-9.601620,-9.475053,-1.789666,0.623690,-0.480260,-2.049784,-0.273927,1657.12,-1,-1657.12
3.308847,287.5781,-320.273437,-0.540240,-9.609123,-9.200917,-0.280122,1.741782,-0.206124,-0.540240,0.844165,1604.16,-1,-1604.16
3.311103,290.1270,-317.724609,4.495964,-9.603806,-8.807071,4.756082,0.523133,0.187722,4.495964,-0.374484,1518.39,-1,-1518.39
3.313360,292.5000,-315.351562,1.466101,-9.597473,-9.312247,1.726219,0.220267,-0.317454,1.466101,-0.677350,1457.18,-1,-1457.18
3.315621,294.9609,-312.890625,-3.370186,-9.604278,-9.066842,-3.110068,1.137246,-0.072049,-3.370186,0.239629,1392.86,-1,-1392.86
3.317880,296.7187,-311.132812,1.044722,-9.606325,-8.310274,1.304840,0.786495,0.684519,1.044722,-0.111122,1325.58,-1,-1325.58
3.320137,298.4766,-309.375000,-7.569616,-9.611743,-9.349358,-7.309498,0.460884,-0.354565,-7.569616,-0.436733,1219.42,-1,-1219.42
3.327706,303.7500,-304.101562,-3.430041,-9.637705,-9.809045,-3.169923,1.643619,-0.814252,-3.430041,0.746003,949.76,-1,-949.76
3.329776,305.2441,-302.607422,0.780162,-9.640871,-10.202890,1.040281,2.206257,-1.208097,0.780162,1.308640,867.80,-1,-867.80
3.332033,306.0352,-301.816406,2.383080,-9.634203,-8.868123,2.643199,1.054646,0.126670,2.383080,0.157029,741.38,-1,-741.38
3.334289,306.7383,-301.113281,-13.343234,-9.657296,-9.564836,-13.083116,-0.786495,-0.570043,-13.343234,-1.684112,655.05,-1,-655.05
3.336547,307.5293,-300.322266,-7.992192,-9.678791,-8.672996,-7.732074,-1.552640,0.321797,-7.992192,-2.450257,567.27,-1,-567.27
3.338807,308.3203,-299.531250,3.684329,-9.680076,-7.660248,3.944447,1.151611,1.334545,3.684329,0.253994,478.25,-1,-478.25
3.341061,308.9355,-298.916016,-4.418846,-9.679457,-10.614694,-4.158728,2.311602,-1.619901,-4.418846,1.413985,342.78,-1,-342.78
3.343315,308.9355,-298.916016,-7.740801,-9.697027,-11.669339,-7.480683,2.212242,-2.674546,-7.740801,1.314626,251.46,-1,-251.46
3.345571,308.8477,-299.003906,-7.818613,-9.716482,-8.333019,-7.558495,1.431733,0.661774,-7.818613,0.534116,159.55,-1,-159.55
3.347834,308.8477,-299.003906,-1.281245,-9.725760,-7.709330,-1.021127,-2.057816,1.285463,-1.281245,-2.955433,67.24,-1,-67.24
3.350089,308.8477,-299.003906,0.503632,-9.726348,-8.324639,0.763750,-1.228225,0.670154,0.503632,-2.125842,71.51,1,71.51
3.352344,308.6719,-299.179687,-2.958384,-9.730534,-8.875306,-2.698265,1.777695,0.119487,-2.958384,0.880078,163.91,1,163.91
3.354597,308.7598,-299.091797,1.310478,-9.734406,-10.075998,1.570596,2.308010,-1.081205,1.310478,1.410393,256.01,1,256.01
3.356859,308.9355,-298.916016,3.400616,-9.728138,-9.676167,3.660734,0.700304,-0.681374,3.400616,-0.197313,347.60,1,347.60
3.359116,308.9355,-298.916016,-0.347507,-9.725448,-8.798691,-0.087388,0.671574,0.196102,-0.347507,-0.226043,483.64,1,483.64
3.361372,308.9355,-298.916016,-3.623972,-9.732315,-8.613141,-3.363853,0.506374,0.381652,-3.623972,-0.391243,573.12,1,573.12
3.363627,308.5840,-299.267578,-0.230191,-9.737412,-8.984241,0.029928,-0.160412,0.010551,-0.230191,-1.058028,661.42,1,661.42
3.365885,307.7051,-300.146484,-7.106338,-9.742648,-9.226056,-6.846220,0.984017,-0.231263,-7.106338,0.086400,748.33,1,748.33
3.368142,306.7383,-301.113281,-11.105852,-9.765996,-10.395624,-10.845734,2.261323,-1.400831,-11.105852,1.363707,875.70,1,875.70
3.370401,305.8594,-301.992187,-6.671790,-9.783573,-8.501810,-6.411672,0.984017,0.492983,-6.671790,0.086400,958.34,1,958.34
3.372656,304.9805,-302.871094,0.113377,-9.781165,-7.897274,0.373495,0.148441,1.097518,0.113377,-0.749176,1038.94,1,1038.94
3.374916,303.4863,-304.365234,-3.881348,-9.787341,-10.285490,-3.621230,1.941698,-1.290697,-3.881348,1.044081,1117.35,1,1117.35
3.377170,301.7285,-306.123047,-12.044379,-9.806915,-9.531317,-11.784261,1.338359,-0.536524,-12.044379,0.440742,1230.43,1,1230.43
3.379427,299.7949,-308.056641,-4.438000,-9.823667,-10.023325,-4.177882,0.641646,-1.028532,-4.438000,-0.255971,1302.55,1,1302.55
3.381685,298.1250,-309.726562,-0.183504,-9.824248,-7.911640,0.076614,-0.629675,1.083153,-0.183504,-1.527292,1371.89,1,1371.89
3.383944,296.5430,-311.308594,-6.726857,-9.831156,-8.258799,-6.466739,1.077391,0.735994,-6.726857,0.179774,1438.27,1,1438.27
3.386200,294.6094,-313.242187,-4.155484,-9.844411,-10.066422,-3.895366,2.813187,-1.071629,-4.155484,1.915570,1531.99,1,1531.99
3.388456,291.8848,-315.966797,-0.813179,-9.846205,-10.572795,-0.553061,1.480814,-1.578002,-0.813179,0.583197,1590.36,1,1590.36
3.390714,289.2480,-318.603516,-7.799459,-9.860635,-9.036914,-7.539341,1.569399,-0.042121,-7.799459,0.671782,1645.29,1,1645.29
3.392976,286.7871,-321.064453,-7.938323,-9.878723,-7.545327,-7.678205,0.239420,1.449466,-7.938323,-0.658197,1696.65,1,1696.65
3.395232,284.3262,-323.525391,-2.728540,-9.888045,-8.250419,-2.468422,-0.503979,0.744374,-2.728540,-1.401596,1766.74,1,1766.74
3.397488,281.6895,-326.162109,4.524694,-9.885252,-9.724051,4.784812,2.572570,-0.729258,4.524694,1.674953,1808.68,1,1808.68
3.399744,279.3164,-328.535156,1.241046,-9.877387,-9.806650,1.501164,1.357512,-0.811857,1.241046,0.459895,1846.67,1,1846.67
3.402006,276.8555,-330.996094,-3.811916,-9.880595,-9.422380,-3.551798,1.590947,-0.427588,-3.811916,0.693330,1896.06,1,1896.06
3.404264,274.2187,-333.632812,-3.151117,-9.889714,-8.657434,-2.890999,0.909797,0.337359,-3.151117,0.012180,1923.82,1,1923.82
3.406521,271.9336,-335.917969,5.009520,-9.884141,-8.841787,5.269638,0.061052,0.153006,5.009520,-0.836565,1947.35,1,1947.35
3.408778,269.2090,-338.642578,3.936918,-9.873005,-9.332599,4.197036,0.627281,-0.337806,3.936918,-0.270336,1966.60,1,1966.60
3.411039,266.5723,-341.279297,-4.086052,-9.875209,-9.721656,-3.825934,1.830367,-0.726863,-4.086052,0.932750,1987.35,1,1987.35
3.413295,264.0234,-343.828125,-4.922826,-9.887138,-9.309854,-4.662708,2.322376,-0.315061,-4.922826,1.424759,1995.71,1,1995.71
3.415553,261.2988,-346.552734,1.783333,-9.889953,-8.847773,2.043451,1.620875,0.147020,1.783333,0.723258,1999.66,1,1999.66
3.417809,258.3984,-349.453125,1.774953,-9.884876,-9.045294,2.035071,-0.077812,-0.050501,1.774953,-0.975428,1999.18,1,1999.18
3.420067,255.6738,-352.177734,-1.221390,-9.885342,-8.986636,-0.961272,0.106542,0.008157,-1.221390,-0.791075,1990.16,1,1990.16
3.422321,252.9492,-354.902344,-0.918524,-9.887403,-8.248025,-0.658405,1.256956,0.746768,-0.918524,0.359339,1978.62,1,1978.62
3.424578,249.9609,-357.890625,2.859527,-9.885295,-9.683349,3.119645,1.698686,-0.688556,2.859527,0.801069,1962.67,1,1962.67
3.426835,246.9727,-360.878906,1.766574,-9.879047,-9.345766,2.026692,0.742203,-0.350973,1.766574,-0.155414,1942.35,1,1942.35
3.429092,243.6328,-364.218750,-1.994717,-9.880277,-8.852561,-1.734599,0.505177,0.142232,-1.994717,-0.392440,1903.76,1,1903.76
3.431355,240.5566,-367.294922,-4.187806,-9.889061,-9.159019,-3.927688,1.189918,-0.164226,-4.187806,0.292301,1872.70,1,1872.70
3.433614,237.2168,-370.634766,-0.014712,-9.893591,-9.097966,0.245406,1.437718,-0.103173,-0.014712,0.540101,1837.44,1,1837.44
3.435871,233.7891,-374.062500,5.151975,-9.887807,-8.950723,5.412093,1.438915,0.044070,5.151975,0.541298,1798.07,1,1798.07
3.438127,229.9219,-377.929687,4.176338,-9.876077,-8.852561,4.436456,0.703895,0.142232,4.176338,-0.193722,1731.45,1,1731.45
3.445734,216.8262,-391.025391,1.784530,-9.862504,-9.192537,2.044648,0.604536,-0.197744,1.784530,-0.293081,1542.50,1,1542.50
3.447792,213.3105,-394.541016,0.261818,-9.860764,-9.228451,0.521936,0.409408,-0.233658,0.261818,-0.488208,1480.42,1,1480.42
3.450048,208.6523,-399.199219,-1.669106,-9.862884,-8.906430,-1.408988,1.159991,0.088363,-1.669106,0.262374,1381.04,1,1381.04
3.452305,204.9609,-402.890625,-0.929298,-9.866359,-9.021352,-0.669179,1.932121,-0.026559,-0.929298,1.034504,1310.81,1,1310.81
3.454575,202.0605,-405.791016,13.479008,-9.849428,-9.009381,13.739126,1.043872,-0.014588,13.479008,0.146255,1237.61,1,1237.61
3.456832,199.3359,-408.515625,10.475482,-9.819251,-8.506598,10.735600,1.070208,0.488194,10.475482,0.172591,1161.56,1,1161.56
3.459089,196.3477,-411.503906,0.022398,-9.813913,-9.690532,0.282516,1.975216,-0.695739,0.022398,1.077600,1042.56,1,1042.56
3.461347,193.1836,-414.667969,-1.633193,-9.818768,-9.792285,-1.373075,1.889025,-0.797492,-1.633193,0.991408,960.20,1,960.20
3.463611,190.1074,-417.744141,6.226972,-9.806910,-7.661446,6.487090,-0.456095,1.333347,6.226972,-1.353712,875.60,1,875.60
3.465867,188.5254,-419.326172,1.904240,-9.798345,-8.573636,2.164358,0.181959,0.421157,1.904240,-0.715658,788.97,1,788.97
3.468123,186.9434,-420.908203,7.631171,-9.784089,-8.851364,7.891289,1.319205,0.143429,7.631171,0.421588,655.68,1,655.68
3.470378,185.5371,-422.314453,3.708271,-9.773201,-9.915586,3.968389,4.359841,-0.920794,3.708271,3.462224,564.84,1,564.84
3.472640,184.3066,-423.544922,3.978816,-9.761603,-9.701305,4.238934,0.056264,-0.706512,3.978816,-0.841353,472.68,1,472.68
3.474898,182.8125,-425.039062,1.992826,-9.755498,-8.440758,2.252944,-1.200692,0.554035,1.992826,-2.098309,379.39,1,379.39
3.477155,182.9004,-424.951172,-0.736564,-9.755363,-7.169437,-0.476446,-0.164003,1.825356,-0.736564,-1.061620,237.82,1,237.82
3.479412,182.5488,-425.302734,11.105157,-9.736752,-7.758410,11.365275,0.539892,1.236382,11.105157,-0.357724,142.66,1,142.66
3.481672,183.0762,-424.775391,4.188309,-9.721448,-11.976994,4.448427,4.568137,-2.982201,4.188309,3.670520,47.12,1,47.12
3.483929,183.0762,-424.775391,1.634892,-9.715245,-10.086772,1.895011,2.873042,-1.091979,1.634892,1.975425,48.58,-1,-48.58
3.486188,182.9883,-424.863281,1.236258,-9.712835,-8.623915,1.496376,0.556652,0.370878,1.236258,-0.340965,191.93,-1,-191.93
3.488448,183.1641,-424.687500,-0.246950,-9.710889,-8.215703,0.013168,-0.836774,0.779090,-0.246950,-1.734390,287.06,-1,-287.06
3.490709,183.0762,-424.775391,-2.199422,-9.713568,-8.537724,-1.939303,-0.772130,0.457069,-2.199422,-1.669747,381.56,-1,-381.56
3.492963,182.7246,-425.126953,-2.399338,-9.719151,-9.628283,-2.139219,1.873463,-0.633490,-2.399338,0.975846,475.25,-1,-475.25
3.495220,182.7246,-425.126953,1.195557,-9.718782,-9.598354,1.455675,2.735375,-0.603561,1.195557,1.837759,613.74,-1,-613.74
3.497478,184.3066,-423.544922,4.402590,-9.710649,-9.214086,4.662708,1.544260,-0.219293,4.402590,0.646643,704.40,-1,-704.40
3.499739,185.8008,-422.050781,13.009745,-9.690311,-8.646660,13.269863,0.809240,0.348133,13.009745,-0.088377,793.47,-1,-793.47
3.501995,187.9980,-419.853516,6.193453,-9.670365,-8.599973,6.453571,0.356736,0.394820,6.193453,-0.540881,880.76,-1,-880.76
3.504255,189.5801,-418.271484,2.098171,-9.662366,-9.301474,2.358289,0.556652,-0.306681,2.098171,-0.340965,1007.91,-1,-1007.91
3.506515,191.2500,-416.601562,5.037053,-9.655366,-8.645462,5.297171,0.119710,0.349331,5.037053,-0.777907,1089.85,-1,-1089.85
3.508778,194.9414,-412.910156,2.614121,-9.648253,-8.652645,2.874239,0.842759,0.342148,2.614121,-0.054858,1169.31,-1,-1169.31
3.511034,198.0176,-409.833984,10.859752,-9.625537,-8.299500,11.119870,1.725022,0.695292,10.859752,0.827405,1283.41,-1,-1283.41
3.513289,201.4453,-406.406250,3.447303,-9.615661,-10.016143,3.707421,3.367445,-1.021350,3.447303,2.469828,1355.84,-1,-1355.84
3.515547,204.5215,-403.330078,-0.916129,-9.611651,-9.923966,-0.656011,0.833182,-0.929173,-0.916129,-0.064435,1425.15,-1,-1425.15
3.517811,207.4219,-400.429687,1.214710,-9.611695,-7.899669,1.474828,-2.254141,1.095124,1.214710,-3.151758,1491.18,-1,-1491.18
3.520068,211.8164,-396.035156,3.458077,-9.605759,-7.137115,3.718195,-1.264138,1.857677,3.458077,-2.161755,1583.73,-1,-1583.73
3.522322,216.1230,-391.728516,12.074809,-9.582889,-8.573636,12.334928,1.357512,0.421157,12.074809,0.459895,1640.87,-1,-1640.87
3.524578,220.4297,-387.421875,5.034659,-9.564082,-11.249157,5.294777,4.375403,-2.254364,5.034659,3.477787,1694.20,-1,-1694.20
3.526839,224.6484,-383.203125,-0.013515,-9.558566,-10.560823,0.246603,3.068170,-1.566031,-0.013515,2.170553,1743.61,-1,-1743.61
3.529098,228.8672,-378.984375,1.518774,-9.556981,-8.582016,1.778892,-0.456095,0.412777,1.518774,-1.353712,1810.07,-1,-1810.07
3.531356,232.7344,-375.117187,2.164011,-9.551407,-7.660248,2.424129,-0.798466,1.334545,2.164011,-1.696083,1849.13,-1,-1849.13
3.533612,235.8105,-372.041016,-2.419688,-9.550626,-8.295909,-2.159570,-0.477643,0.698884,-2.419688,-1.375260,1883.86,-1,-1883.86
3.535872,239.1504,-368.701172,-6.057677,-9.561840,-10.641029,-5.797559,2.110489,-1.646236,-6.057677,1.212872,1914.19,-1,-1914.19
3.538127,242.4902,-365.361328,-1.448839,-9.568907,-10.323798,-1.188721,3.078943,-1.329005,-1.448839,2.181327,1951.26,-1,-1951.26
3.540385,245.8301,-362.021484,5.864250,-9.559011,-8.471883,6.124368,0.451307,0.522910,5.864250,-0.446310,1970.25,-1,-1970.25
3.542641,248.9062,-358.945312,-0.486370,-9.551988,-8.713697,-0.226252,-0.331597,0.281096,-0.486370,-1.229214,1984.61,-1,-1984.61
3.544901,251.8066,-356.044922,-4.370962,-9.559204,-8.483853,-4.110844,-0.209493,0.510940,-4.370962,-1.107110,1994.29,-1,-1994.29
3.547159,254.5312,-353.320312,-0.164350,-9.562737,-8.489840,0.095768,0.173580,0.504953,-0.164350,-0.724037,1999.99,-1,-1999.99
3.549417,257.6074,-350.244141,2.579405,-9.555698,-9.813833,2.839523,1.033098,-0.819040,2.579405,0.135481,1997.89,-1,-1997.89
3.551673,260.4199,-347.431641,1.646864,-9.551173,-9.561244,1.906982,1.625663,-0.566451,1.646864,0.728046,1991.05,-1,-1991.05
3.561436,271.4941,-336.357422,3.632854,-9.515709,-9.052477,3.892972,1.064223,-0.057684,3.632854,0.166606,1886.62,-1,-1886.62
3.563694,274.0430,-333.808594,2.905016,-9.507320,-9.283517,3.165135,0.117316,-0.288724,2.905016,-0.780301,1851.99,-1,-1851.99
3.571284,282.3047,-325.546875,-0.734170,-9.512893,-9.502586,-0.474052,0.463278,-0.507793,-0.734170,-0.434339,1670.07,-1,-1670.07
3.573293,284.5020,-323.349609,-2.950004,-9.516391,-9.139865,-2.689886,1.438915,-0.145072,-2.950004,0.541298,1614.26,-1,-1614.26
3.575563,286.8750,-320.976562,-0.858669,-9.520800,-8.973468,-0.598550,1.006762,0.021325,-0.858669,0.109145,1554.55,-1,-1554.55
3.577821,289.4238,-318.427734,1.472087,-9.519554,-8.819042,1.732205,-0.166397,0.175751,1.472087,-1.064014,1491.08,-1,-1491.08
3.580078,291.7969,-316.054687,0.899873,-9.516434,-8.941146,1.159991,-0.717063,0.053647,0.899873,-1.614680,1389.18,-1,-1389.18
3.582332,294.0820,-313.769531,-0.791631,-9.518319,-9.071630,-0.531513,1.447295,-0.076838,-0.791631,0.549678,1316.98,-1,-1316.98
3.584595,295.6641,-312.187500,-5.844594,-9.523798,-9.297882,-5.584476,1.770512,-0.303089,-5.844594,0.872895,1241.58,-1,-1241.58
3.586854,296.9824,-310.869141,-10.555185,-9.544715,-10.483012,-10.295067,1.137246,-1.488219,-10.555185,0.239629,1163.17,-1,-1163.17
3.589112,298.5645,-309.287109,-6.064860,-9.561255,-8.839393,-5.804742,-0.826000,0.155400,-6.064860,-1.723616,1040.27,-1,-1040.27
3.591367,300.3223,-307.529297,-2.115624,-9.565594,-7.357382,-1.855506,-0.555455,1.637411,-2.115624,-1.453072,955.10,-1,-955.10
3.593627,301.8164,-306.035156,-4.599608,-9.573641,-9.654618,-4.339490,1.406593,-0.659825,-4.599608,0.508977,867.59,-1,-867.59
3.595882,302.4316,-305.419922,-3.883743,-9.583007,-10.430340,-3.623624,1.989582,-1.435547,-3.883743,1.091965,777.94,-1,-777.94
3.598138,303.3105,-304.541016,-5.722489,-9.594172,-9.825804,-5.462371,1.310825,-0.831011,-5.722489,0.413209,639.91,-1,-639.91
3.600394,304.1016,-303.750000,-1.385393,-9.602155,-8.608353,-1.125275,-0.363919,0.386440,-1.385393,-1.261536,545.85,-1,-545.85
3.602831,304.9805,-302.871094,-3.901699,-9.611663,-8.012196,-3.641581,-1.011550,0.982597,-3.901699,-1.909167,450.44,-1,-450.44
3.605086,305.3320,-302.519531,-2.448419,-9.617657,-8.080431,-2.188300,0.166397,0.914362,-2.448419,-0.731220,305.23,-1,-305.23
3.607341,305.2441,-302.607422,-12.481321,-9.635400,-10.467450,-12.221203,1.363498,-1.472657,-12.481321,0.465881,207.38,-1,-207.38
3.609598,305.0684,-302.783203,-8.265132,-9.660850,-10.413580,-8.005013,1.321599,-1.418787,-8.265132,0.423983,109.00,-1,-109.00
3.611872,305.2441,-302.607422,0.015215,-9.668205,-7.945158,0.275333,0.706290,1.049634,0.015215,-0.191327,10.29,-1,-10.29
3.614126,305.2441,-302.607422,1.285339,-9.663696,-7.941567,1.545457,0.086191,1.053226,1.285339,-0.811426,137.83,1,137.83
3.616380,305.0684,-302.783203,-4.375751,-9.671768,-10.529699,-4.115633,1.063026,-1.534906,-4.375751,0.165409,236.26,1,236.26
3.618635,304.9805,-302.871094,1.768968,-9.675540,-8.677784,2.029086,1.686715,0.317009,1.768968,0.789098,334.17,1,334.17
3.620896,305.1562,-302.695312,4.715033,-9.665255,-7.740454,4.975151,0.034716,1.254339,4.715033,-0.862901,431.31,1,431.31
3.623153,305.2441,-302.607422,0.557502,-9.661086,-9.560047,0.817620,-0.190339,-0.565254,0.557502,-1.087956,575.04,1,575.04
3.625408,304.7168,-303.134766,-3.106824,-9.666880,-9.379285,-2.846706,1.640028,-0.384492,-3.106824,0.742411,669.20,1,669.20
3.627665,303.6621,-304.189453,-11.213592,-9.681247,-9.271546,-10.953473,1.284489,-0.276753,-11.213592,0.386872,761.78,1,761.78
3.629923,302.6074,-305.244141,-13.871155,-9.714693,-10.074800,-13.611036,0.858321,-1.080008,-13.871155,-0.039296,852.50,1,852.50
3.632185,301.9043,-305.947266,0.893887,-9.722825,-7.419631,1.154005,-0.172383,1.575162,0.893887,-1.069999,984.69,1,984.69
3.634440,300.8496,-307.001953,0.186400,-9.719523,-8.015787,0.446519,0.427365,0.979006,0.186400,-0.470252,1069.88,1,1069.88
3.636695,299.1797,-308.671875,-9.348508,-9.731028,-10.479421,-9.088389,2.528277,-1.484628,-9.348508,1.630660,1152.47,1,1152.47
3.638952,297.2461,-310.605469,-12.148527,-9.757683,-10.315418,-11.888409,2.325967,-1.320625,-12.148527,1.428350,1232.26,1,1232.26
3.641216,295.4883,-312.363281,3.248584,-9.765265,-8.428787,3.508703,-1.076194,0.566006,3.248584,-1.973811,1346.23,1,1346.23
3.643472,293.9941,-313.857422,1.614542,-9.758718,-7.892486,1.874660,-1.796848,1.102307,1.614542,-2.694465,1418.14,1,1418.14
3.645727,292.2363,-315.615234,-5.624327,-9.765092,-8.249222,-5.364209,0.274136,0.745571,-5.624327,-0.623481,1486.56,1,1486.56
3.647982,289.9512,-317.900391,-6.477860,-9.780853,-10.320207,-6.217742,3.192668,-1.325414,-6.477860,2.295051,1551.33,1,1551.33
3.650246,287.3145,-320.537109,-6.780726,-9.794896,-10.427945,-6.520608,1.580173,-1.433152,-6.780726,0.682556,1641.28,1,1641.28
3.652503,284.6777,-323.173828,-3.999861,-9.806779,-8.839393,-3.739743,1.070208,0.155400,-3.999861,0.172591,1696.21,1,1696.21
3.654760,282.3926,-325.458984,-3.889728,-9.815807,-7.831434,-3.629610,0.120907,1.163359,-3.889728,-0.776710,1746.94,1,1746.94
3.657015,279.9316,-327.919922,-3.412085,-9.823435,-7.756016,-3.151967,-0.368707,1.238777,-3.412085,-1.266324,1814.90,1,1814.90
3.659274,277.2070,-330.644531,0.696365,-9.825417,-9.896433,0.956484,2.002750,-0.901640,0.696365,1.105133,1854.60,1,1854.60
3.661529,274.7461,-333.105469,4.230207,-9.820107,-9.718064,4.490325,1.379060,-0.723271,4.230207,0.481443,1889.68,1,1889.68
3.663786,272.1973,-335.654297,1.989234,-9.812869,-8.851364,2.249352,0.948104,0.143429,1.989234,0.050487,1920.06,1,1920.06
3.666043,269.8242,-338.027344,-4.685800,-9.820095,-9.288305,-4.425682,1.247379,-0.293512,-4.685800,0.349762,1956.62,1,1956.62
3.668304,267.0117,-340.839844,-0.212234,-9.826331,-8.923190,0.047884,0.623690,0.071603,-0.212234,-0.273927,1974.90,1,1974.90
3.670561,264.4629,-343.388672,2.642851,-9.823084,-9.144653,2.902970,0.593762,-0.149860,2.642851,-0.303855,1988.24,1,1988.24
3.672817,261.7383,-346.113281,0.506026,-9.819733,-9.257181,0.766145,1.031901,-0.262388,0.506026,0.134284,1996.59,1,1996.59
3.675073,259.0137,-348.837891,-3.231323,-9.825892,-9.102755,-2.971204,2.786851,-0.107962,-3.231323,1.889234,1999.72,1,1999.72
3.677334,256.3770,-351.474609,1.954518,-9.825658,-9.001001,2.214637,1.175553,-0.006208,1.954518,0.277936,1995.52,1,1995.52
3.679590,253.3008,-354.550781,2.322028,-9.820033,-9.094376,2.582147,-0.105345,-0.099583,2.322028,-1.002962,1986.29,1,1986.29
3.681845,250.3125,-357.539062,-1.587703,-9.821289,-8.852561,-1.327585,0.793678,0.142232,-1.587703,-0.103939,1972.05,1,1972.05
3.689440,239.7656,-368.085937,0.898675,-9.814463,-9.368511,1.158794,1.225831,-0.373718,0.898675,0.328214,1865.74,1,1865.74
3.691510,237.0410,-370.810547,-1.825926,-9.816217,-9.422380,-1.565808,1.788469,-0.427588,-1.825926,0.890852,1827.14,1,1827.14
3.693767,233.2617,-374.589844,-3.142737,-9.823241,-9.342175,-2.882619,1.598130,-0.347383,-3.142737,0.700513,1783.88,1,1783.88
3.696026,229.6582,-378.193359,0.859171,-9.823682,-8.786720,1.119289,0.824802,0.208073,0.859171,-0.072814,1710.50,1,1710.50
3.698282,226.0547,-381.796875,3.539480,-9.817997,-9.062054,3.799598,1.280898,-0.067261,3.539480,0.383281,1656.10,1,1656.10
3.700542,222.0996,-385.751953,-0.467217,-9.813272,-9.035717,-0.207098,0.845153,-0.040924,-0.467217,-0.052464,1597.45,1,1597.45
3.702796,218.1445,-389.707031,-2.724949,-9.819272,-9.066842,-2.464831,1.341950,-0.072049,-2.724949,0.444333,1534.71,1,1534.71
3.705053,213.8379,-394.013672,1.144081,-9.819491,-9.062054,1.404199,1.775301,-0.067261,1.144081,0.877684,1433.27,1,1433.27
3.707309,209.4434,-398.408203,1.403852,-9.813048,-9.114726,1.663970,0.707487,-0.119933,1.403852,-0.190130,1360.99,1,1360.99
3.709570,206.1035,-401.748047,-3.524612,-9.815967,-9.305065,-3.264494,0.684742,-0.310272,-3.524612,-0.212875,1285.20,1,1285.20
3.711827,203.0273,-404.824219,6.920093,-9.809152,-8.623915,7.180211,1.045069,0.370878,6.920093,0.147452,1206.10,1,1206.10
3.714084,200.3027,-407.548828,9.690184,-9.780855,-9.154230,9.950302,2.396596,-0.159437,9.690184,1.498979,1081.64,1,1081.64
3.716342,197.3145,-410.537109,1.891072,-9.768433,-10.635044,2.151190,1.806425,-1.640251,1.891072,0.908808,995.11,1,995.11
3.718605,194.4141,-413.437500,0.274986,-9.766807,-9.334992,0.535104,1.238999,-0.340199,0.274986,0.341383,905.99,1,905.99
3.720863,192.1289,-415.722656,2.005994,-9.763153,-7.809886,2.266112,0.779313,1.184907,2.005994,-0.118304,814.50,1,814.50
3.723120,190.2832,-417.568359,11.668991,-9.749640,-8.085219,11.929110,0.029928,0.909574,11.668991,-0.867689,673.33,1,673.33
3.725375,189.2285,-418.623047,3.933326,-9.731438,-9.563639,4.193444,2.612074,-0.568846,3.933326,1.714457,576.94,1,576.94
3.727635,187.6465,-420.205078,3.581378,-9.723203,-10.978612,3.841497,4.056975,-1.983819,3.581378,3.159358,479.04,1,479.04
3.729894,186.7676,-421.083984,2.004797,-9.718774,-9.878476,2.264915,1.173159,-0.883683,2.004797,0.275542,379.83,1,379.83
3.732153,187.0312,-420.820312,11.952704,-9.701945,-7.343017,12.212823,-0.529119,1.651776,11.952704,-1.426735,229.21,1,229.21
3.734408,187.2949,-420.556641,7.030226,-9.677756,-7.430405,7.290344,-0.057461,1.564388,7.030226,-0.955078,127.93,1,127.93
3.736662,187.1191,-420.732422,-1.465599,-9.674504,-10.313024,-1.205481,2.639607,-1.318231,-1.465599,1.741991,26.27,1,26.27
3.738923,187.2070,-420.644531,1.402655,-9.674597,-10.609905,1.662773,3.239355,-1.615112,1.402655,2.341738,75.50,-1,-75.50
3.741182,187.2070,-420.644531,3.206686,-9.664237,-7.831434,3.466804,0.888249,1.163359,3.206686,-0.009368,227.79,-1,-227.79
3.743439,187.3828,-420.468750,-2.805155,-9.663756,-8.889671,-2.545036,0.598550,0.105122,-2.805155,-0.299066,328.71,-1,-328.71
3.745697,187.2070,-420.644531,-3.686221,-9.672802,-9.366117,-3.426103,0.337582,-0.371325,-3.686221,-0.560034,428.82,-1,-428.82
3.747960,187.1191,-420.732422,0.029580,-9.674946,-9.058462,0.289698,1.304840,-0.063669,0.029580,0.407223,527.84,-1,-527.84
3.750216,187.7344,-420.117187,1.628907,-9.671385,-9.355343,1.889025,1.241394,-0.360550,1.628907,0.343777,673.82,-1,-673.82
3.752473,189.9316,-417.919922,9.733279,-9.660743,-9.042900,9.993398,1.441309,-0.048107,9.733279,0.543693,769.07,-1,-769.07
3.754728,192.0410,-415.810547,15.335711,-9.625736,-8.170214,15.595830,1.304840,0.824579,15.335711,0.407223,862.33,-1,-862.33
3.756991,193.7109,-414.140625,4.528286,-9.610388,-10.268731,4.788404,1.906982,-1.273938,4.528286,1.009365,953.40,-1,-953.40
3.759252,195.5566,-412.294922,-0.406164,-9.606085,-8.349778,-0.146046,-0.057461,0.645015,-0.406164,-0.955078,1085.33,-1,-1085.33
3.761510,198.3691,-409.482422,2.444133,-9.604502,-8.249222,2.704251,-0.454898,0.745571,2.444133,-1.352515,1169.83,-1,-1169.83
3.763767,201.8848,-405.966797,10.785531,-9.585607,-8.233660,11.045650,0.861913,0.761133,10.785531,-0.035704,1251.31,-1,-1251.31
3.766027,205.1367,-402.714844,1.428991,-9.570572,-10.502166,1.689109,4.595670,-1.507373,1.428991,3.698053,1367.38,-1,-1367.38
3.768284,208.1250,-399.726562,-0.748535,-9.570321,-10.836157,-0.488417,2.345121,-1.841364,-0.748535,1.447504,1440.36,-1,-1440.36
3.770543,211.2012,-396.650391,1.474481,-9.568879,-8.542512,1.734599,-0.985214,0.452281,1.474481,-1.882831,1509.59,-1,-1509.59
3.772801,216.0352,-391.816406,4.855094,-9.561245,-7.386112,5.115212,-0.827197,1.608681,4.855094,-1.724813,1574.88,-1,-1574.88
3.775061,220.0781,-387.773437,12.281907,-9.531854,-8.015787,12.542026,0.241814,0.979006,12.281907,-0.655802,1665.04,-1,-1665.04
3.777316,224.4727,-383.378906,0.265409,-9.518984,-11.617864,0.525527,3.691859,-2.623071,0.265409,2.794242,1719.72,-1,-1719.72
3.779573,228.3398,-379.511719,2.126901,-9.516544,-9.931149,2.387019,2.148796,-0.936356,2.126901,1.251179,1769.90,-1,-1769.90
3.781832,232.1191,-375.732422,4.935300,-9.506173,-7.441179,5.195418,-0.978031,1.553614,4.935300,-1.875648,1815.42,-1,-1815.42
3.784094,235.7227,-372.128906,-3.152314,-9.506105,-8.859743,-2.892196,0.785298,0.135050,-3.152314,-0.112319,1874.70,-1,-1874.70
3.786352,239.0625,-368.789062,-7.272735,-9.518332,-8.889671,-7.012617,0.890643,0.105122,-7.272735,-0.006974,1908.07,-1,-1908.07
3.788608,242.1387,-365.712891,-3.185833,-9.529633,-9.792285,-2.925714,2.302025,-0.797492,-3.185833,1.404408,1936.39,-1,-1936.39
3.790866,245.3906,-362.460937,4.282880,-9.524269,-9.628283,4.542998,1.487996,-0.633490,4.282880,0.590379,1959.59,-1,-1959.59
3.793127,248.6426,-359.208984,4.761720,-9.508720,-8.677784,5.021838,0.547075,0.317009,4.761720,-0.350542,1984.63,-1,-1984.63
3.795383,251.7187,-356.132812,-3.014647,-9.507382,-8.710106,-2.754529,0.245406,0.284687,-3.014647,-0.652211,1994.75,-1,-1994.75
3.797638,254.4434,-353.408203,-3.455180,-9.516004,-8.505402,-3.195062,0.110133,0.489391,-3.455180,-0.787484,1999.56,-1,-1999.56
3.799896,257.3437,-350.507812,0.370754,-9.517730,-8.959103,0.630872,0.384269,0.035690,0.370754,-0.513348,1999.05,-1,-1999.05
3.807960,266.9238,-340.927734,-1.467993,-9.529568,-8.523358,-1.207875,-0.135272,0.471435,-1.467993,-1.032889,1943.86,-1,-1943.86
3.810018,269.2969,-338.554687,0.601794,-9.530767,-8.901642,0.861913,0.017957,0.093151,0.601794,-0.879660,1901.53,-1,-1901.53
3.812277,271.7578,-336.093750,2.793686,-9.526690,-8.759187,3.053804,0.037110,0.235606,2.793686,-0.860507,1866.90,-1,-1866.90
3.814532,274.3066,-333.544922,2.144857,-9.521215,-9.238028,2.404976,1.151611,-0.243235,2.144857,0.253994,1827.24,-1,-1827.24
3.816802,276.8555,-330.996094,0.806499,-9.518402,-9.370906,1.066617,1.199495,-0.376113,0.806499,0.301878,1782.67,-1,-1782.67
3.819057,279.2285,-328.623047,-1.815152,-9.521627,-9.123106,-1.555034,0.933739,-0.128313,-1.815152,0.036122,1706.82,-1,-1706.82
3.821314,281.7773,-326.074219,-1.587703,-9.525139,-8.899248,-1.327585,0.171185,0.095545,-1.587703,-0.726431,1650.45,-1,-1650.45
3.823570,284.1504,-323.701172,0.527574,-9.526229,-9.081207,0.787692,0.166397,-0.086414,0.527574,-0.731220,1589.62,-1,-1589.62
3.825830,286.4355,-321.416016,0.625736,-9.523392,-8.746018,0.885855,0.368707,0.248775,0.625736,-0.528910,1524.47,-1,-1524.47
3.828087,288.8965,-318.955078,-2.220969,-9.527402,-9.283517,-1.960851,0.994791,-0.288724,-2.220969,0.097174,1419.04,-1,-1419.04
3.830344,291.4453,-316.406250,-0.146394,-9.531107,-9.528923,0.113725,0.876278,-0.534130,-0.146394,-0.021339,1343.88,-1,-1343.88
3.832601,293.0273,-314.824219,0.808893,-9.528195,-8.793902,1.069011,0.332794,0.200891,0.808893,-0.564823,1265.04,-1,-1265.04
3.834866,294.6094,-313.242187,-8.681723,-9.541722,-9.040505,-8.421604,0.456095,-0.045712,-8.681723,-0.441521,1182.74,-1,-1182.74
3.837126,296.1035,-311.748047,-9.009728,-9.565838,-8.829816,-8.749610,-0.581791,0.164977,-9.009728,-1.479408,1053.29,-1,-1053.29
3.839383,297.5098,-310.341797,-1.068161,-9.578043,-8.043321,-0.808043,0.317232,0.951472,-1.068161,-0.580385,963.33,-1,-963.33
3.841638,299.2676,-308.583984,2.064651,-9.573375,-8.599973,2.324770,0.517148,0.394820,2.064651,-0.380469,870.69,-1,-870.69
3.843897,299.9707,-307.880859,-8.536874,-9.580299,-10.812215,-8.276755,2.006341,-1.817422,-8.536874,1.108724,775.66,-1,-775.66
3.846154,300.7617,-307.089844,-11.540400,-9.606879,-9.888053,-11.280281,1.871069,-0.893260,-11.540400,0.973452,629.15,-1,-629.15
3.848413,301.5527,-306.298828,-2.121610,-9.620461,-7.453150,-1.861492,-2.408567,1.541643,-2.121610,-3.306184,529.22,-1,-529.22
3.850668,302.3437,-305.507812,0.812484,-9.621295,-7.957129,1.072602,-1.959654,1.037663,0.812484,-2.857271,427.80,-1,-427.80
3.852927,302.2559,-305.595703,-9.377238,-9.627496,-9.455899,-9.117120,1.823185,-0.461106,-9.377238,0.925568,325.17,-1,-325.17
3.855182,302.1680,-305.683594,-15.006007,-9.658175,-11.397597,-14.745889,3.314772,-2.402804,-15.006007,2.417156,169.55,-1,-169.55
3.857439,301.9922,-305.859375,-2.823111,-9.675060,-9.889250,-2.562993,1.561020,-0.894457,-2.823111,0.663403,65.11,-1,-65.11
3.859695,302.2559,-305.595703,2.093382,-9.672029,-7.911640,2.353500,-0.462081,1.083153,2.093382,-1.359698,39.55,1,39.55
3.861953,302.1680,-305.683594,-5.396878,-9.675037,-8.743625,-5.136760,-0.476446,0.251168,-5.396878,-1.374063,144.15,1,144.15
3.864209,302.0801,-305.771484,-3.497079,-9.686808,-9.574412,-3.236961,0.913388,-0.579619,-3.497079,0.015771,300.32,1,300.32
3.866465,301.9922,-305.859375,5.287247,-9.682421,-9.343372,5.547365,1.327585,-0.348579,5.287247,0.429968,403.51,1,403.51
3.868722,302.1680,-305.683594,6.073742,-9.667022,-8.769960,6.333860,0.064643,0.224833,6.073742,-0.832973,505.65,1,505.65
3.870984,301.9922,-305.859375,-5.029368,-9.671488,-9.375694,-4.769250,1.204283,-0.380901,-5.029368,0.306667,606.46,1,606.46
3.873240,300.9375,-306.914062,-9.726792,-9.687381,-8.948329,-9.466674,1.223437,0.046464,-9.726792,0.325820,754.50,1,754.50
3.875498,299.8828,-307.968750,-13.361190,-9.715436,-9.651027,-13.101071,0.571017,-0.656234,-13.361190,-0.326600,850.71,1,850.71
3.877755,299.0918,-308.759766,-2.938033,-9.727694,-9.137471,-2.677915,-0.730232,-0.142678,-2.938033,-1.627848,944.63,1,944.63
3.880015,298.1250,-309.726562,-0.899370,-9.731026,-8.212111,-0.639252,0.711078,0.782681,-0.899370,-0.186539,1080.61,1,1080.61
3.882270,296.5430,-311.308594,-8.680526,-9.741490,-9.700109,-8.420407,1.875857,-0.705316,-8.680526,0.978240,1167.60,1,1167.60
3.884526,294.6973,-313.154297,-12.282602,-9.767596,-10.903194,-12.022484,2.463634,-1.908401,-12.282602,1.566017,1251.43,1,1251.43
3.886784,292.8516,-315.000000,-1.875007,-9.780115,-9.293094,-1.614889,0.490811,-0.298301,-1.875007,-0.406806,1331.80,1,1331.80
3.889045,291.4453,-316.406250,3.376674,-9.770372,-7.659051,3.636792,-2.132037,1.335742,3.376674,-3.029654,1445.46,1,1445.46
3.891299,289.7754,-318.076172,-6.605949,-9.773674,-8.520964,-6.345831,-0.667982,0.473829,-6.605949,-1.565599,1516.29,1,1516.29
3.893555,287.0508,-320.800781,-7.160207,-9.791142,-10.378864,-6.900089,3.918111,-1.384071,-7.160207,3.020494,1582.95,1,1582.95
3.895814,284.4141,-323.437500,-7.923958,-9.808508,-10.560823,-7.663840,0.877475,-1.566031,-7.923958,-0.020142,1645.21,1,1645.21
3.898075,282.0410,-325.810547,-4.326670,-9.820909,-8.060080,-4.066552,-0.775721,0.934713,-4.326670,-1.673338,1730.03,1,1730.03
3.900330,279.5801,-328.271484,-0.249344,-9.826505,-8.142680,0.010774,1.104924,0.852113,-0.249344,0.207307,1780.61,1,1780.61
3.902586,276.9434,-330.908203,-2.599253,-9.830515,-8.300697,-2.339135,0.654814,0.694096,-2.599253,-0.242803,1826.23,1,1826.23
3.904840,274.3066,-333.544922,-0.931692,-9.836416,-9.963470,-0.671574,0.811634,-0.968678,-0.931692,-0.085983,1866.78,1,1866.78
3.907101,271.7578,-336.093750,4.503146,-9.831329,-8.955511,4.763264,0.731429,0.039282,4.503146,-0.166188,1917.80,1,1917.80
3.909357,269.4727,-338.378906,1.212316,-9.825660,-8.783129,1.472434,0.711078,0.211664,1.212316,-0.186539,1945.14,1,1945.14
3.911613,266.8359,-341.015625,0.479690,-9.824214,-8.979453,0.739808,0.641646,0.015340,0.479690,-0.255971,1967.04,1,1967.04
3.913868,264.1113,-343.740234,-0.377434,-9.824763,-9.053674,-0.117316,0.492008,-0.058881,-0.377434,-0.405608,1983.43,1,1983.43
3.916127,261.3867,-346.464844,-1.150761,-9.826005,-8.846576,-0.890643,0.302867,0.148217,-1.150761,-0.594750,1997.57,1,1997.57
3.918383,258.6621,-349.189453,-4.368568,-9.833387,-9.496601,-4.108450,1.620875,-0.501808,-4.368568,0.723258,1999.99,1,1999.99
3.925954,248.9062,-358.945312,-0.120057,-9.834296,-8.822633,0.140061,-0.464475,0.172160,-0.120057,-1.362092,1964.16,1,1964.16
3.928010,246.0059,-361.845703,-4.172244,-9.840714,-8.930372,-3.912126,0.867898,0.064421,-4.172244,-0.029719,1927.90,1,1927.90
3.930279,243.0176,-364.833984,-0.316382,-9.846865,-8.899248,-0.056264,1.801637,0.095545,-0.316382,0.904020,1896.88,1,1896.88
3.932535,239.7656,-368.085937,2.861921,-9.841183,-9.112331,3.122039,1.064223,-0.117538,2.861921,0.166606,1860.47,1,1860.47
3.934790,236.5137,-371.337891,-1.260894,-9.839975,-9.266758,-1.000776,1.301249,-0.271965,-1.260894,0.403632,1818.79,1,1818.79
3.937046,232.9102,-374.941406,-2.349059,-9.844548,-9.387665,-2.088941,1.884237,-0.392872,-2.349059,0.986620,1746.59,1,1746.59
3.939307,229.2187,-378.632812,0.265409,-9.847397,-9.209297,0.525527,1.608904,-0.214504,0.265409,0.711287,1692.20,1,1692.20
3.941562,225.5273,-382.324219,3.539480,-9.841169,-8.777143,3.799598,0.974440,0.217649,3.539480,0.076823,1632.98,1,1632.98
3.943818,221.7480,-386.103516,-3.189424,-9.837897,-9.168595,-2.929306,0.225055,-0.173802,-3.189424,-0.672562,1569.09,1,1569.09
3.946074,217.8809,-389.970703,-2.517850,-9.846143,-9.072827,-2.257732,1.483208,-0.078034,-2.517850,0.585591,1464.89,1,1464.89
3.948335,213.3105,-394.541016,4.614477,-9.841785,-8.635885,4.874595,1.707066,0.358908,4.614477,0.809449,1390.13,1,1390.13
3.950591,209.8828,-397.968750,2.906214,-9.832562,-9.402030,3.166332,1.216254,-0.407237,2.906214,0.318638,1311.35,1,1311.35
3.952847,207.0703,-400.781250,7.304362,-9.826321,-9.166202,7.564480,1.515530,-0.171409,7.304362,0.617913,1228.80,1,1228.80
3.955101,204.6094,-403.242187,8.564909,-9.806893,-8.243237,8.825027,1.753753,0.751556,8.564909,0.856136,1098.42,1,1098.42
3.957357,201.4453,-406.406250,5.448856,-9.791605,-9.543288,5.708974,1.860295,-0.548495,5.448856,0.962678,1007.44,1,1007.44
3.959622,198.1934,-409.658203,0.927406,-9.787401,-10.072407,1.187524,0.920571,-1.077614,0.927406,0.022954,913.54,1,913.54
3.961881,196.2598,-411.591797,0.269000,-9.787778,-7.967903,0.529119,0.769736,1.026890,0.269000,-0.127881,817.00,1,817.00
3.964137,194.8535,-412.998047,13.015730,-9.774385,-7.753622,13.275848,1.148020,1.241171,13.015730,0.250403,667.77,1,667.77
3.966392,193.6230,-414.228516,8.113602,-9.750314,-8.556877,8.373720,1.379060,0.437916,8.113602,0.481443,565.78,1,565.78
3.968653,192.2168,-415.634766,-0.136817,-9.746320,-11.792641,0.123301,4.437653,-2.797848,-0.136817,3.540036,462.11,1,462.11
3.970912,191.1621,-416.689453,3.832770,-9.743093,-8.690952,4.092888,0.660800,0.303841,3.832770,-0.236817,357.07,1,357.07
3.973169,191.3379,-416.513672,10.438372,-9.729482,-7.321469,10.698490,-1.596933,1.673324,10.438372,-2.494549,197.60,1,197.60
3.975424,191.6895,-416.162109,9.315492,-9.702503,-6.872556,9.575610,-0.809240,2.122237,9.315492,-1.706857,90.43,1,90.43
3.977686,191.2500,-416.601562,0.252241,-9.700020,-10.189722,0.512359,2.711433,-1.194929,0.252241,1.813817,17.03,-1,-17.03
3.979943,191.4258,-416.425781,3.126480,-9.697668,-10.115502,3.386598,2.782062,-1.120709,3.126480,1.884445,124.51,-1,-124.51
3.982201,191.6016,-416.250000,3.491596,-9.688397,-7.770381,3.751714,0.610521,1.224411,3.491596,-0.287095,285.02,-1,-285.02
3.984456,191.7773,-416.074219,-1.098089,-9.688456,-8.817844,-0.837971,1.780089,0.176949,-1.098089,0.882472,391.11,-1,-391.11
3.986720,191.3379,-416.513672,-2.953595,-9.694897,-9.144653,-2.693477,0.506374,-0.149860,-2.953595,-0.391243,496.13,-1,-496.13
3.988979,191.9531,-415.898437,0.276183,-9.697916,-8.979453,0.536301,0.984017,0.015340,0.276183,0.086400,599.76,-1,-599.76
3.991234,194.0625,-413.789062,8.751657,-9.689869,-8.901642,9.011775,1.587356,0.093151,8.751657,0.689739,751.90,-1,-751.90
3.993489,195.9961,-411.855469,16.455000,-9.654142,-8.248025,16.715118,1.985990,0.746768,16.455000,1.088373,850.73,-1,-850.73
3.995751,197.7539,-410.097656,0.101406,-9.637503,-11.384429,0.361524,2.582147,-2.389636,0.101406,1.684530,947.12,-1,-947.12
3.998009,199.1602,-408.691406,0.765797,-9.638802,-9.283517,1.025915,0.727837,-0.288724,0.765797,-0.169780,1086.53,-1,-1086.53
4.000267,202.3242,-405.527344,4.075781,-9.632055,-6.671443,4.335899,-2.239776,2.323350,4.075781,-3.137393,1175.61,-1,-1175.61
4.002523,205.6641,-402.187500,15.308178,-9.605218,-7.704541,15.568296,0.697910,1.290252,15.308178,-0.199707,1261.29,-1,-1261.29
4.004785,208.8281,-399.023437,-3.007465,-9.595819,-10.767922,-2.747346,4.262876,-1.773129,-3.007465,3.365259,1343.35,-1,-1343.35
4.007040,211.5527,-396.298828,-3.145131,-9.604465,-11.866860,-2.885013,5.609614,-2.872067,-3.145131,4.711998,1459.03,-1,-1459.03
4.009298,214.8047,-393.046875,4.840729,-9.600355,-8.941146,5.100847,0.149638,0.053647,4.840729,-0.747979,1530.90,-1,-1530.90
4.011555,219.1992,-388.652344,4.905372,-9.588612,-6.977901,5.165490,-2.038663,2.016892,4.905372,-2.936280,1598.33,-1,-1598.33
4.013816,223.3301,-384.521484,10.209725,-9.564496,-7.174225,10.469844,-0.672771,1.820568,10.209725,-1.570388,1661.08,-1,-1661.08
4.016070,227.3730,-380.478516,2.755379,-9.551410,-11.249157,3.015497,3.343503,-2.254364,2.755379,2.445886,1746.07,-1,-1746.07
4.018328,231.3281,-376.523437,4.097329,-9.543591,-10.608707,4.357447,3.017891,-1.613914,4.097329,2.120274,1796.38,-1,-1796.38
4.020588,235.1953,-372.656250,5.730175,-9.530849,-8.213309,5.990293,0.526724,0.781484,5.730175,-0.370892,1841.41,-1,-1841.41
4.022851,238.5352,-369.316406,-2.742905,-9.529413,-8.929175,-2.482787,0.457293,0.065618,-2.742905,-0.440324,1881.05,-1,-1881.05
4.025109,241.5234,-366.328125,-7.215274,-9.541766,-9.329007,-6.955156,1.150414,-0.334214,-7.215274,0.252797,1930.11,-1,-1930.11
4.027367,244.6875,-363.164062,-5.038945,-9.555285,-9.249998,-4.778827,2.274492,-0.255205,-5.038945,1.376875,1955.73,-1,-1955.73
4.029625,247.7637,-360.087891,4.869459,-9.550092,-8.790312,5.129577,1.358709,0.204481,4.869459,0.461093,1975.58,-1,-1975.58
4.031886,251.0156,-356.835937,0.568276,-9.542198,-9.892841,0.828394,1.309628,-0.898048,0.568276,0.412012,1989.60,-1,-1989.60
4.034141,253.9160,-353.935547,-1.958804,-9.544635,-9.358934,-1.698686,1.413776,-0.364141,-1.958804,0.516159,1999.58,-1,-1999.58
4.036397,256.7285,-351.123047,1.346391,-9.544006,-7.910442,1.606509,0.579397,1.084351,1.346391,-0.318220,1998.84,-1,-1998.84
4.043990,265.7812,-342.070312,-3.497079,-9.570560,-9.469068,-3.236961,2.597709,-0.474275,-3.497079,1.700092,1949.66,-1,-1949.66
4.046061,268.1543,-339.697266,-0.724593,-9.573417,-8.675390,-0.464475,0.574608,0.319403,-0.724593,-0.323008,1906.68,-1,-1906.68
4.048321,270.8789,-336.972656,2.101762,-9.570684,-8.712500,2.361880,0.028730,0.282293,2.101762,-0.868886,1870.90,-1,-1870.90
4.050577,273.2520,-334.599609,0.792134,-9.566773,-8.921992,1.052252,0.043096,0.072801,0.792134,-0.854521,1829.51,-1,-1829.51
4.052832,275.8887,-331.962891,-2.970355,-9.573029,-9.287108,-2.710236,1.474828,-0.292315,-2.970355,0.577211,1782.65,-1,-1782.65
4.055094,278.2617,-329.589844,1.578629,-9.574973,-9.143456,1.838747,2.252944,-0.148664,1.578629,1.355327,1702.38,-1,-1702.38
4.057351,280.6348,-327.216797,4.169155,-9.566091,-8.968679,4.429273,0.276530,0.026114,4.169155,-0.621087,1642.43,-1,-1642.43
4.059607,283.0078,-324.843750,-1.125622,-9.563408,-8.943541,-0.865504,0.347159,0.051252,-1.125622,-0.550458,1577.55,-1,-1577.55
4.061862,285.5566,-322.294922,-3.124781,-9.568426,-8.894460,-2.864662,0.633266,0.100333,-3.124781,-0.264351,1507.92,-1,-1507.92
4.064126,287.9297,-319.921875,-1.919300,-9.574670,-9.040505,-1.659182,1.144428,-0.045712,-1.919300,0.246812,1394.99,-1,-1394.99
4.066382,290.3027,-317.548828,0.939377,-9.573915,-9.288305,1.199495,1.007959,-0.293512,0.939377,0.110342,1314.37,-1,-1314.37
4.068638,291.9727,-315.878906,-4.212945,-9.575002,-9.548077,-3.952827,1.039083,-0.553284,-4.212945,0.141467,1229.78,-1,-1229.78
4.070895,293.5547,-314.296875,-14.054312,-9.597220,-9.819818,-13.794193,1.515530,-0.825026,-14.054312,0.617913,1141.43,-1,-1141.43
4.073159,295.0488,-312.802734,-6.305477,-9.619066,-8.798691,-6.045359,0.313640,0.196102,-6.305477,-0.583976,1002.52,-1,-1002.52
4.075416,296.5430,-311.308594,1.982052,-9.618339,-7.466318,2.242170,-1.356315,1.528475,1.982052,-2.253932,906.02,-1,-906.02
4.077671,297.7734,-310.078125,-6.239637,-9.619246,-9.430760,-5.979519,0.611719,-0.435967,-6.239637,-0.285898,806.73,-1,-806.73
4.079926,298.3008,-309.550781,-15.952913,-9.646253,-11.129447,-15.692795,3.107674,-2.134654,-15.952913,2.210057,704.97,-1,-704.97
4.082188,299.1797,-308.671875,-7.363714,-9.671670,-9.892841,-7.103596,2.300828,-0.898048,-7.363714,1.403211,548.33,-1,-548.33
4.084445,300.0586,-307.792969,5.800804,-9.663908,-7.696161,6.060922,-1.410185,1.298632,5.800804,-2.307802,441.72,-1,-441.72
4.086700,300.8496,-307.001953,-1.220193,-9.659174,-8.651448,-0.960075,-1.145625,0.343345,-1.220193,-2.043242,333.74,-1,-333.74
4.088954,300.8496,-307.001953,-9.936285,-9.672050,-9.417592,-9.676167,1.041478,-0.422799,-9.936285,0.143861,224.69,-1,-224.69
4.091216,300.8496,-307.001953,-14.061494,-9.701239,-10.198102,-13.801375,2.694674,-1.203309,-14.061494,1.797057,59.83,-1,-59.83
4.093473,300.7617,-307.089844,-2.964369,-9.714750,-9.872491,-2.704251,1.261744,-0.877698,-2.964369,0.364127,50.42,1,50.42
4.095730,300.7617,-307.089844,1.148870,-9.711061,-8.040926,1.408988,-0.606930,0.953867,1.148870,-1.504547,160.58,1,160.58
4.097986,300.7617,-307.089844,-5.960712,-9.717114,-8.725668,-5.700594,0.331597,0.269125,-5.960712,-0.566020,270.28,1,270.28
4.100248,300.6738,-307.177734,-4.229704,-9.728852,-9.634268,-3.969586,1.297657,-0.639475,-4.229704,0.400041,433.26,1,433.26
4.102505,300.6738,-307.177734,3.222248,-9.725899,-9.233239,3.482366,1.060631,-0.238446,3.222248,0.163015,540.42,1,540.42
4.104761,300.7617,-307.089844,1.631301,-9.718203,-9.136273,1.891419,-0.135272,-0.141480,1.631301,-1.032889,645.95,1,645.95
4.107018,299.9707,-307.880859,-3.561722,-9.719767,-9.471462,-3.301604,0.600945,-0.476669,-3.561722,-0.296672,800.53,1,800.53
4.109281,298.9160,-308.935547,-15.043117,-9.747663,-9.490616,-14.782998,1.446098,-0.495823,-15.043117,0.548481,900.68,1,900.68
4.111540,297.8613,-309.990234,-3.744879,-9.770939,-8.408437,-3.484761,-0.591368,0.586356,-3.744879,-1.488985,998.07,1,998.07
4.113796,296.9824,-310.869141,1.366742,-9.773416,-7.718906,1.626860,-1.103727,1.275887,1.366742,-2.001344,1092.46,1,1092.46
4.116052,295.3125,-312.539062,-5.751220,-9.773736,-8.511387,-5.491102,-0.142455,0.483406,-5.751220,-1.040072,1227.77,1,1227.77
4.118311,293.3789,-314.472656,-19.623224,-9.815254,-11.747150,-19.363106,3.199851,-2.752357,-19.623224,2.302234,1313.33,1,1313.33
4.120568,291.4453,-316.406250,-1.973169,-9.837369,-8.087613,-1.713051,0.515950,0.907180,-1.973169,-0.381666,1394.92,1,1394.92
4.122826,289.9512,-317.900391,10.178601,-9.825689,-7.365762,10.438720,-1.765724,1.629031,10.178601,-2.663341,1472.26,1,1472.26
4.125081,287.8418,-320.009766,0.423426,-9.815471,-8.985439,0.683545,-1.018733,0.009354,0.423426,-1.916350,1579.74,1,1579.74
4.127340,285.1172,-322.734375,-16.223457,-9.843071,-10.540473,-15.963340,1.679533,-1.545680,-16.223457,0.781916,1645.39,1,1645.39
4.129598,282.3926,-325.458984,-6.117532,-9.874626,-9.090784,-5.857414,1.419762,-0.095991,-6.117532,0.522145,1706.00,1,1706.00
4.131856,280.0195,-327.832031,5.332737,-9.874886,-8.149862,5.592855,-0.853533,0.844931,5.332737,-1.751150,1761.35,1,1761.35
4.134113,277.6465,-330.205078,2.969660,-9.864633,-8.184579,3.229778,-1.479617,0.810214,2.969660,-2.377234,1834.17,1,1834.17
4.136373,274.9219,-332.929687,-10.423505,-9.880862,-10.080787,-10.163386,1.744176,-1.085994,-10.423505,0.846559,1875.69,1,1875.69
4.138628,272.2852,-335.566406,-0.319973,-9.897453,-9.162610,-0.059855,2.294842,-0.167817,-0.319973,1.397225,1911.40,1,1911.40
4.140887,270.0000,-337.851562,9.138320,-9.885143,-7.556100,9.398438,-0.702698,1.438693,9.138320,-1.600315,1941.21,1,1941.21
4.143143,267.1875,-340.664062,7.659901,-9.866131,-8.835801,7.920019,-0.572214,0.158992,7.659901,-1.469831,1974.62,1,1974.62
4.145402,264.7266,-343.125000,-2.667488,-9.865779,-9.781511,-2.407370,0.762553,-0.786718,-2.667488,-0.135064,1989.25,1,1989.25
4.147660,261.9141,-345.937500,-1.169915,-9.872650,-8.880095,-0.909797,1.586159,0.114698,-1.169915,0.688542,1997.70,1,1997.70
4.149917,259.4531,-348.398437,-0.061399,-9.874090,-9.038112,0.198719,1.016339,-0.043319,-0.061399,0.118722,1999.94,1,1999.94
4.152172,256.5527,-351.298828,-0.396588,-9.874105,-8.841787,-0.136469,-0.197522,0.153006,-0.396588,-1.095139,1991.62,1,1991.62
4.154426,253.5645,-354.287109,-3.000282,-9.879501,-9.331401,-2.740164,1.113304,-0.336608,-3.000282,0.215687,1978.29,1,1978.29
4.162516,242.7539,-365.097656,-0.601292,-9.884366,-9.415198,-0.341174,0.938527,-0.420405,-0.601292,0.040910,1863.82,1,1863.82
4.164573,239.7656,-368.085937,0.728687,-9.884815,-8.814254,0.988805,1.370680,0.180539,0.728687,0.473064,1820.32,1,1820.32
4.166830,236.6895,-371.162109,1.918605,-9.880822,-8.165425,2.178724,0.743400,0.829368,1.918605,-0.154217,1771.09,1,1771.09
4.169087,232.9102,-374.941406,-0.926903,-9.880589,-9.236830,-0.666785,0.994791,-0.242037,-0.926903,0.097174,1686.83,1,1686.83
4.171356,229.2187,-378.632812,-0.120057,-9.881761,-9.520543,0.140061,0.817620,-0.525750,-0.120057,-0.079997,1623.97,1,1623.97
4.173612,225.5273,-382.324219,-1.989929,-9.884220,-9.226056,-1.729811,1.404199,-0.231263,-1.989929,0.506582,1555.98,1,1555.98
4.175867,221.4844,-386.367187,-1.756494,-9.888333,-9.047688,-1.496376,1.200692,-0.052896,-1.756494,0.303075,1483.05,1,1483.05
4.178122,217.6172,-390.234375,1.004020,-9.888637,-8.863335,1.264138,0.707487,0.131458,1.004020,-0.190130,1364.93,1,1364.93
4.180384,214.1016,-393.750000,3.386251,-9.881391,-8.740033,3.646369,0.638055,0.254760,3.386251,-0.259562,1280.72,1,1280.72
4.182639,211.3770,-396.474609,12.336974,-9.863545,-8.869320,12.597093,1.535880,0.125473,12.336974,0.638264,1192.39,1,1192.39
4.184894,208.5645,-399.287109,8.713349,-9.837419,-8.838196,8.973468,1.865083,0.156597,8.713349,0.967466,1100.29,1,1100.29
4.187149,205.7520,-402.099609,1.358362,-9.830789,-9.812635,1.618480,1.466449,-0.817842,1.358362,0.568832,955.64,1,955.64
4.189411,202.7637,-405.087891,-0.479188,-9.831947,-9.923966,-0.219069,1.315614,-0.929173,-0.479188,0.417997,855.28,1,855.28
4.191669,201.2695,-406.582031,7.064942,-9.822661,-7.906851,7.325060,-0.022745,1.087942,7.064942,-0.920362,752.19,1,752.19
4.193925,200.0391,-407.812500,12.344156,-9.797997,-7.557298,12.604275,0.492008,1.437495,12.344156,-0.405608,646.68,1,646.68
4.196181,198.6328,-409.218750,0.030777,-9.791180,-9.120711,0.290895,1.575385,-0.125918,0.030777,0.677768,484.55,1,484.55
4.198439,197.2266,-410.625000,2.810446,-9.792199,-10.647015,3.070564,3.428497,-1.652222,2.810446,2.530880,374.45,1,374.45
4.200697,196.8750,-410.976562,7.027832,-9.779348,-8.413225,7.287950,-0.174777,0.581568,7.027832,-1.072394,263.10,1,263.10
4.202953,197.1387,-410.712891,14.870039,-9.755135,-7.618350,15.130157,0.250194,1.376443,14.870039,-0.647423,150.82,1,150.82
4.205209,197.0508,-410.800781,2.950506,-9.739984,-8.038532,3.210624,0.494403,0.956261,2.950506,-0.403214,18.41,-1,-18.41
4.207469,197.3145,-410.537109,-0.201460,-9.739134,-10.657789,0.058658,2.474407,-1.662996,-0.201460,1.576791,131.34,-1,-131.34
4.209727,197.3145,-410.537109,3.958465,-9.734192,-9.245210,4.218584,1.134852,-0.250417,3.958465,0.237235,243.85,-1,-243.85
4.211985,197.3145,-410.537109,0.458142,-9.730031,-7.839813,0.718261,0.414197,1.154980,0.458142,-0.483420,355.62,-1,-355.62
4.214240,197.3145,-410.537109,-1.994717,-9.733460,-8.611943,-1.734599,1.194707,0.382850,-1.994717,0.297090,521.17,-1,-521.17
4.216502,196.8750,-410.976562,-0.415741,-9.737051,-9.822212,-0.155623,1.552640,-0.827419,-0.415741,0.655023,629.57,-1,-629.57
4.218757,198.4570,-409.394531,2.500396,-9.735150,-9.308656,2.760514,1.502362,-0.313863,2.500396,0.604745,735.99,-1,-735.99
4.221012,200.3027,-407.548828,14.417535,-9.712455,-8.153454,14.677653,1.799243,0.841339,14.417535,0.901626,891.20,-1,-891.20
4.223267,202.0605,-405.791016,8.907280,-9.688737,-9.081207,9.167398,1.983596,-0.086414,8.907280,1.085979,991.20,-1,-991.20
4.225327,203.8184,-404.033203,3.710665,-9.681093,-10.532093,3.970783,1.693898,-1.537300,3.710665,0.796281,1088.04,-1,-1088.04
4.227587,206.8945,-400.957031,5.970792,-9.675430,-7.623138,6.230910,-0.070629,1.371655,5.970792,-0.968246,1181.48,-1,-1181.48
4.229844,210.0586,-397.792969,14.670123,-9.650789,-7.261614,14.930242,-0.395043,1.733179,14.670123,-1.292660,1271.11,-1,-1271.11
4.232099,213.2227,-394.628906,5.342314,-9.631635,-8.621520,5.602432,0.943315,0.373273,5.342314,0.045699,1397.85,-1,-1397.85
4.234360,215.9473,-391.904297,-4.839029,-9.635904,-11.541249,-4.578911,3.632004,-2.546456,-4.839029,2.734387,1476.85,-1,-1476.85
4.236619,219.6387,-388.212891,1.199148,-9.641356,-8.918402,1.459266,1.375469,0.076391,1.199148,0.477852,1551.07,-1,-1551.07
4.238877,224.0332,-383.818359,13.908767,-9.624952,-6.920440,14.168885,0.543484,2.074353,13.908767,-0.354133,1620.32,-1,-1620.32
4.241134,228.1641,-379.687500,11.842571,-9.593292,-7.690176,12.102690,-0.214281,1.304617,11.842571,-1.111898,1714.37,-1,-1714.37
4.243394,231.5918,-376.259766,-2.914091,-9.587111,-11.004948,-2.653973,2.427721,-2.010155,-2.914091,1.530104,1770.19,-1,-1770.19
4.245651,235.4590,-372.392578,1.250623,-9.591520,-9.203311,1.510741,2.341529,-0.208518,1.250623,1.443913,1820.29,-1,-1820.29
4.247909,239.1504,-368.701172,7.853832,-9.578721,-6.931214,8.113950,-1.082179,2.063579,7.853832,-1.979796,1864.53,-1,-1864.53
4.250167,242.3145,-365.537109,1.983249,-9.569713,-8.635885,2.243367,0.657208,0.358908,1.983249,-0.240408,1919.50,-1,-1919.50
4.252427,245.4785,-362.373047,-6.971066,-9.578453,-10.304645,-6.710948,2.384625,-1.309852,-6.971066,1.487008,1948.40,-1,-1948.40
4.254683,248.2910,-359.560547,-3.974722,-9.591594,-9.481039,-3.714604,2.130840,-0.486246,-3.974722,1.233223,1970.97,-1,-1970.97
4.256939,251.4551,-356.396484,-0.031472,-9.594919,-8.696938,0.228646,1.395820,0.297855,-0.031472,0.498203,1987.13,-1,-1987.13
4.259195,254.2676,-353.583984,2.325620,-9.590461,-8.650250,2.585738,0.159214,0.344543,2.325620,-0.738402,1999.22,-1,-1999.22
4.261456,257.3437,-350.507812,1.247032,-9.588112,-9.221268,1.507150,0.931344,-0.226475,1.247032,0.033728,1999.14,-1,-1999.14
4.263715,259.8926,-347.958984,3.936918,-9.582192,-8.632295,4.197036,1.047463,0.362498,3.936918,0.149846,1992.53,-1,-1992.53
4.265972,262.7051,-345.146484,2.284918,-9.575052,-8.804677,2.545036,1.200692,0.190116,2.284918,0.303075,1979.40,-1,-1979.40
4.268227,265.4297,-342.421875,-2.140764,-9.577918,-9.597157,-1.880645,0.829591,-0.602365,-2.140764,-0.068026,1947.57,-1,-1947.57
4.270489,267.9785,-339.873047,-0.223008,-9.580899,-9.099164,0.037110,1.683124,-0.104371,-0.223008,0.785507,1918.36,-1,-1918.36
4.272747,270.5273,-337.324219,-0.656359,-9.581603,-9.108741,-0.396240,1.022324,-0.113948,-0.656359,0.124707,1882.84,-1,-1882.84
4.280341,278.8770,-328.974609,3.041486,-9.558509,-9.369708,3.301604,1.341950,-0.374915,3.041486,0.444333,1680.23,-1,-1680.23
4.282399,280.9863,-326.865234,2.861921,-9.551847,-8.919599,3.122039,1.106121,0.075194,2.861921,0.208504,1615.23,-1,-1615.23
4.284669,283.5352,-324.316406,-0.492356,-9.549655,-8.755595,-0.232238,0.657208,0.239198,-0.492356,-0.240408,1544.90,-1,-1544.90
4.286927,285.8203,-322.031250,-1.636784,-9.552438,-8.823831,-1.376666,0.391452,0.170962,-1.636784,-0.506165,1469.43,-1,-1469.43
4.289184,288.4570,-319.394531,-2.540595,-9.557388,-9.283517,-2.280477,0.641646,-0.288724,-2.540595,-0.255971,1347.17,-1,-1347.17
4.291442,290.4785,-317.373047,1.126125,-9.558133,-8.943541,1.386243,1.057040,0.051252,1.126125,0.159423,1260.00,-1,-1260.00
4.293703,291.8848,-315.966797,-7.738407,-9.563646,-9.163807,-7.478289,0.855927,-0.169014,-7.738407,-0.041690,1168.61,-1,-1168.61
4.295962,293.3789,-314.472656,-13.527587,-9.593925,-10.055647,-13.267468,0.708684,-1.060854,-13.527587,-0.188933,1073.34,-1,-1073.34
4.298222,295.1367,-312.714844,-4.330261,-9.609152,-8.286332,-4.070143,0.029928,0.708461,-4.330261,-0.867689,923.79,-1,-923.79
4.300480,296.5430,-311.308594,1.292522,-9.606797,-8.341399,1.552640,1.420959,0.653394,1.292522,0.523342,820.10,-1,-820.10
4.302741,297.3340,-310.517578,-8.031697,-9.613317,-10.643424,-7.771579,1.940500,-1.648631,-8.031697,1.042884,713.70,-1,-713.70
4.304996,297.9492,-309.902344,-12.829678,-9.642104,-10.462662,-12.569559,1.222240,-1.467869,-12.829678,0.324623,604.85,-1,-604.85
4.307257,298.9160,-308.935547,-0.170336,-9.653255,-7.544129,0.089783,-1.587356,1.450664,-0.170336,-2.484972,437.84,-1,-437.84
4.309514,299.5312,-308.320312,2.855935,-9.648924,-8.324639,3.116054,-0.234632,0.670154,2.855935,-1.132249,324.55,-1,-324.55
4.311774,299.4434,-308.408203,-11.821718,-9.655931,-9.374496,-11.561600,0.833182,-0.379704,-11.821718,-0.064435,210.14,-1,-210.14
4.314030,299.1797,-308.671875,-17.934116,-9.698203,-11.568783,-17.673998,2.859874,-2.573990,-17.934116,1.962257,37.22,-1,-37.22
4.316288,299.2676,-308.583984,3.416178,-9.710840,-8.237251,3.676297,0.770933,0.757542,3.416178,-0.126684,78.33,1,78.33
4.318544,299.3555,-308.496094,5.124442,-9.697727,-7.429208,5.384560,-0.196325,1.565585,5.124442,-1.093941,193.69,1,193.69
4.320803,299.1797,-308.671875,-5.352585,-9.700988,-9.985018,-5.092467,1.315614,-0.990225,-5.352585,0.417997,308.47,1,308.47
4.323060,299.1797,-308.671875,-5.978669,-9.716442,-9.898827,-5.718551,1.076194,-0.904034,-5.978669,0.178577,478.61,1,478.61
4.325317,299.2676,-308.583984,5.598494,-9.713367,-8.095993,5.858612,-0.371101,0.898800,5.598494,-1.268718,590.18,1,590.18
4.327573,298.8281,-309.023437,2.593770,-9.702365,-9.315839,2.853889,-0.207098,-0.321046,2.593770,-1.104715,699.84,1,699.84
4.329829,297.5977,-310.253906,-13.582654,-9.718605,-9.780313,-13.322536,1.016339,-0.785521,-13.582654,0.118722,807.17,1,807.17
4.332094,296.5430,-311.308594,-17.782084,-9.761065,-9.767146,-17.521965,1.634043,-0.772353,-17.782084,0.736426,963.09,1,963.09
4.334352,295.8398,-312.011719,1.792910,-9.767886,-7.388506,2.053028,-0.776918,1.606287,1.792910,-1.674535,1063.09,1,1063.09
4.336608,294.6094,-313.242187,4.002758,-9.758099,-8.441956,4.262876,0.954089,0.552837,4.002758,0.056473,1159.55,1,1159.55
4.338862,292.5879,-315.263672,-16.805250,-9.778392,-11.637017,-16.545132,3.039439,-2.642224,-16.805250,2.141822,1252.15,1,1252.15
4.341123,290.6543,-317.197266,-16.715467,-9.819788,-11.499351,-16.455349,1.848324,-2.504558,-16.715467,0.950707,1383.12,1,1383.12
4.343381,289.2480,-318.603516,8.283590,-9.817725,-5.992687,8.543709,-1.837550,3.002106,8.283590,-2.735167,1464.69,1,1464.69
4.345636,287.4902,-320.361328,5.790030,-9.799116,-7.190985,6.050148,-1.320402,1.803808,5.790030,-2.218019,1541.36,1,1541.36
4.347891,285.0293,-322.822266,-10.015293,-9.811767,-10.791864,-9.755175,1.215057,-1.797071,-10.015293,0.317441,1612.85,1,1612.85
4.350153,282.2168,-325.634766,-18.847504,-9.852854,-11.654974,-18.587385,3.323152,-2.660181,-18.847504,2.425535,1709.80,1,1709.80
4.352410,279.6680,-328.183594,1.511591,-9.865712,-7.584831,1.771709,-0.222661,1.409962,1.511591,-1.120278,1767.29,1,1767.29
4.354667,277.3828,-330.468750,8.420060,-9.852430,-7.878121,8.680179,-0.284910,1.116672,8.420060,-1.182527,1818.80,1,1818.80
4.356921,274.9219,-332.929687,-6.271958,-9.856052,-9.204509,-6.011840,-0.268151,-0.209716,-6.271958,-1.165767,1864.16,1,1864.16
4.359181,272.0215,-335.830078,-11.275841,-9.882244,-11.153389,-11.015722,2.822764,-2.158596,-11.275841,1.925147,1920.32,1,1920.32
4.361439,269.5605,-338.291016,8.391330,-9.879204,-7.900866,8.651448,1.070208,1.093927,8.391330,0.172591,1949.63,1,1949.63
4.363695,267.0996,-340.751953,7.931643,-9.857677,-8.090008,8.191761,-1.255759,0.904785,7.931643,-2.153376,1972.33,1,1972.33
4.365951,264.4629,-343.388672,-2.859024,-9.858263,-9.807847,-2.598906,0.028730,-0.813054,-2.859024,-0.868886,1988.31,1,1988.31
4.368212,261.8262,-346.025391,-2.862616,-9.869219,-8.822633,-2.602497,1.430536,0.172160,-2.862616,0.532919,1999.58,1,1999.58
4.370468,259.0137,-348.837891,2.073031,-9.869288,-8.699332,2.333150,0.556652,0.295461,2.073031,-0.340965,1998.56,1,1998.56
4.372723,256.1133,-351.738281,1.889875,-9.864188,-9.457097,2.149993,0.940921,-0.462304,1.889875,0.043304,1990.72,1,1990.72
4.374978,253.3887,-354.462891,-3.109218,-9.868013,-9.962274,-2.849100,1.514333,-0.967481,-3.109218,0.616716,1976.07,1,1976.07
4.377240,250.4883,-357.363281,-2.320329,-9.877948,-8.659827,-2.060210,0.845153,0.334966,-2.320329,-0.052464,1941.42,1,1941.42
4.379497,247.5000,-360.351562,2.627289,-9.877126,-7.988254,2.887407,0.322020,1.006539,2.627289,-0.575597,1909.97,1,1909.97
4.381754,244.2480,-363.603516,5.148384,-9.867535,-8.640674,5.408502,0.221464,0.354119,5.148384,-0.676153,1871.97,1,1871.97
4.384009,240.9961,-366.855469,1.126125,-9.861371,-9.821015,1.386243,0.737414,-0.826222,1.126125,-0.160203,1802.93,1,1802.93
4.386269,237.6562,-370.195312,-2.559749,-9.867593,-8.997410,-2.299631,1.739388,-0.002617,-2.559749,0.841771,1749.10,1,1749.10
4.388525,234.5801,-373.271484,1.776150,-9.868861,-7.957129,2.036268,1.508347,1.037663,1.776150,0.610730,1689.24,1,1689.24
4.390783,230.7129,-377.138672,5.428505,-9.859327,-8.744822,5.688623,0.111330,0.249971,5.428505,-0.786286,1623.55,1,1623.55
4.398834,217.2656,-390.585937,2.539901,-9.838881,-8.428787,2.800019,1.107318,0.566006,2.539901,0.209701,1307.02,1,1307.02
4.400906,214.7168,-393.134766,9.556108,-9.822919,-9.113529,9.816227,0.441730,-0.118736,9.556108,-0.455887,1215.81,1,1215.81
4.403160,212.1680,-395.683594,8.898900,-9.795472,-8.605958,9.159019,1.180341,0.388835,8.898900,0.282725,1071.15,1,1071.15
4.405416,209.3555,-398.496094,0.020003,-9.786656,-9.441534,0.280122,2.838326,-0.446741,0.020003,1.940709,969.92,1,969.92
4.407671,206.6309,-401.220703,1.395472,-9.786551,-9.853337,1.655591,1.656788,-0.858544,1.395472,0.759171,865.31,1,865.31
4.409934,204.5215,-403.330078,5.612859,-9.775126,-8.669404,5.872977,-0.612916,0.325389,5.612859,-1.510532,757.67,1,757.67
4.412189,203.3789,-404.472656,12.308244,-9.756484,-8.067263,12.568362,0.056264,0.927530,12.308244,-0.841353,591.28,1,591.28
4.414446,201.9727,-405.878906,4.379845,-9.736737,-8.525752,4.639963,1.613692,0.469041,4.379845,0.716075,477.67,1,477.67
4.416701,201.0937,-406.757812,-1.349480,-9.734976,-11.106702,-1.089362,4.473566,-2.111909,-1.349480,3.575949,362.34,1,362.34
4.418962,200.9180,-406.933594,5.611661,-9.731023,-10.181343,5.871779,1.716643,-1.186550,5.611661,0.819026,245.69,1,245.69
4.421221,201.2695,-406.582031,11.252400,-9.699557,-6.525397,11.512519,-1.553837,2.469396,11.252400,-2.451454,69.19,1,69.19
4.423475,201.3574,-406.494141,5.147187,-9.679833,-9.210494,5.407305,1.210269,-0.215701,5.147187,0.312652,48.94,-1,-48.94
4.425728,201.0059,-406.845703,-3.108021,-9.680926,-10.608707,-2.847903,2.725799,-1.613914,-3.108021,1.828182,166.96,-1,-166.96
4.427990,201.2695,-406.582031,-1.392576,-9.685002,-9.170990,-1.132457,1.355118,-0.176197,-1.392576,0.457501,284.43,-1,-284.43
4.430249,201.3574,-406.494141,3.807630,-9.679129,-8.336611,4.067749,0.401029,0.658182,3.807630,-0.496588,458.71,-1,-458.71
4.432507,201.2695,-406.582031,-0.303214,-9.674482,-9.220071,-0.043096,0.627281,-0.225278,-0.303214,-0.270336,573.06,-1,-573.06
4.434761,202.1484,-405.703125,-4.396101,-9.682790,-9.160215,-4.135983,1.291672,-0.165422,-4.396101,0.394055,685.43,-1,-685.43
4.437021,204.3457,-403.505859,8.860593,-9.673841,-8.678981,9.120711,1.370680,0.315812,8.860593,0.473064,849.44,-1,-849.44
4.439276,206.1035,-401.748047,10.435978,-9.637359,-9.549273,10.696096,0.726640,-0.554481,10.435978,-0.170977,955.20,-1,-955.20
4.441532,207.7734,-400.078125,0.831638,-9.626769,-11.508927,1.091756,3.315969,-2.514134,0.831638,2.418353,1057.63,-1,-1057.63
4.443791,210.3223,-397.529297,0.574261,-9.626407,-8.802282,0.834379,1.835156,0.192511,0.574261,0.937539,1156.39,-1,-1156.39
4.446053,213.5742,-394.277344,13.555622,-9.603952,-6.805518,13.815741,-1.593341,2.189275,13.555622,-2.490958,1296.89,-1,-1296.89
4.448309,216.7383,-391.113281,8.476323,-9.575071,-7.718906,8.736442,0.451307,1.275887,8.476323,-0.446310,1384.94,-1,-1384.94
4.450564,219.5508,-388.300781,-7.417584,-9.574418,-11.076775,-7.157466,4.201824,-2.081982,-7.417584,3.304207,1468.14,-1,-1468.14
4.452821,222.2754,-385.576172,-5.445959,-9.590995,-11.988965,-5.185841,3.779247,-2.994172,-5.445959,2.881630,1546.22,-1,-1546.22
4.455084,226.4062,-381.445312,12.680542,-9.579907,-6.957550,12.940660,-0.730232,2.037243,12.680542,-1.627848,1653.03,-1,-1653.03
4.457341,230.4492,-377.402344,15.883984,-9.543170,-6.442797,16.144102,-1.486799,2.551996,15.883984,-2.384416,1717.04,-1,-1717.04
4.459595,234.1406,-373.710937,0.476099,-9.525347,-10.319010,0.736217,1.092953,-1.324217,0.476099,0.195336,1774.99,-1,-1774.99
4.461853,237.7441,-370.107422,-3.281601,-9.533089,-11.251551,-3.021482,3.623624,-2.256758,-3.281601,2.726007,1826.67,-1,-1826.67
4.464116,241.1719,-366.679687,7.343867,-9.524130,-7.212533,7.603985,-0.630872,1.782260,7.343867,-1.528489,1892.05,-1,-1892.05
4.466373,244.4238,-363.427734,4.418152,-9.509631,-8.085219,4.678270,0.719458,0.909574,4.418152,-0.178159,1927.29,-1,-1927.29
4.468629,247.4121,-360.439453,-4.542148,-9.511933,-9.673772,-4.282030,0.995988,-0.678979,-4.542148,0.098371,1955.70,-1,-1955.70
4.470884,250.4883,-357.363281,-8.534479,-9.530714,-9.975441,-8.274361,1.856703,-0.980648,-8.534479,0.959087,1977.18,-1,-1977.18
4.473146,253.3887,-354.462891,0.783754,-9.539273,-8.716091,1.043872,1.195904,0.278702,0.783754,0.298287,1996.19,-1,-1996.19
4.475401,256.2891,-351.562500,4.515117,-9.532212,-8.732851,4.775235,0.622492,0.261942,4.515117,-0.275124,2000.00,-1,-2000.00
4.477658,259.1895,-348.662109,2.594967,-9.524644,-9.546879,2.855086,0.869095,-0.552086,2.594967,-0.028522,1996.67,-1,-1996.67
4.479916,261.7383,-346.113281,1.680382,-9.519994,-9.148245,1.940500,0.539892,-0.153452,1.680382,-0.357724,1986.22,-1,-1986.22
4.482179,264.5508,-343.300781,-0.487567,-9.521227,-8.526949,-0.227449,0.585382,0.467844,-0.487567,-0.312235,1957.27,-1,-1957.27
4.484437,267.0996,-340.751953,0.777768,-9.520511,-8.626308,1.037886,0.846350,0.368484,0.777768,-0.051267,1929.19,-1,-1929.19
4.486694,269.6484,-338.203125,0.654467,-9.519154,-9.421184,0.914585,1.813608,-0.426391,0.654467,0.915991,1894.20,-1,-1894.20
4.488952,272.2852,-335.566406,-0.232585,-9.518595,-9.609129,0.027533,1.996764,-0.614336,-0.232585,1.099147,1852.43,-1,-1852.43
4.491214,274.7461,-333.105469,-3.777200,-9.525614,-9.228451,-3.517082,0.660800,-0.233658,-3.777200,-0.236817,1777.33,-1,-1777.33
4.493470,277.2949,-330.556641,-1.615236,-9.532207,-8.305486,-1.355118,0.543484,0.689307,-1.615236,-0.354133,1719.21,-1,-1719.21
4.495727,279.6680,-328.183594,2.244217,-9.528620,-8.765172,2.504335,0.149638,0.229621,2.244217,-0.747979,1654.93,-1,-1654.93
4.497984,281.9531,-325.898437,-0.124846,-9.527440,-9.586384,0.135272,0.620098,-0.591591,-0.124846,-0.277519,1584.65,-1,-1584.65
4.500248,284.3262,-323.525391,2.790095,-9.523664,-8.483853,3.050213,1.747767,0.510940,2.790095,0.850150,1468.60,-1,-1468.60
4.502504,287.0508,-320.800781,1.032751,-9.518572,-9.005790,1.292869,1.065420,-0.010997,1.032751,0.167803,1384.54,-1,-1384.54
4.504760,288.8965,-318.955078,-1.988732,-9.521806,-9.810242,-1.728614,0.353145,-0.815449,-1.988732,-0.544472,1295.42,-1,-1295.42
4.507018,290.3027,-317.548828,-13.805315,-9.539256,-9.228451,-13.545197,1.345541,-0.233658,-13.805315,0.447924,1153.07,-1,-1153.07
4.509282,291.7969,-316.054687,-8.279497,-9.566402,-8.974665,-8.019379,1.217452,0.020128,-8.279497,0.319835,1052.84,-1,-1052.84
4.516854,295.9277,-311.923828,-10.993324,-9.649644,-10.522516,-10.733206,3.514688,-1.527723,-10.993324,2.617071,674.20,-1,-674.20
4.518912,296.3672,-311.484375,-9.128242,-9.672679,-10.390836,-8.868123,2.434903,-1.396043,-9.128242,1.537286,559.69,-1,-559.69
4.521169,297.3340,-310.517578,3.173167,-9.667535,-7.147889,3.433285,-2.804807,1.846904,3.173167,-3.702424,384.16,-1,-384.16
4.523438,298.0371,-309.814453,-0.134423,-9.662307,-8.262390,0.125696,-1.207875,0.732403,-0.134423,-2.105492,265.22,-1,-265.22
4.525693,297.8613,-309.990234,-13.278590,-9.684264,-10.029311,-13.018472,1.971625,-1.034518,-13.278590,1.074008,145.30,-1,-145.30
4.527950,297.5977,-310.253906,-16.681948,-9.724221,-11.241974,-16.421829,3.919308,-2.247181,-16.681948,3.021691,24.83,-1,-24.83
4.530209,297.6855,-310.166016,1.636090,-9.729896,-8.055291,1.896208,-0.156820,0.939502,1.636090,-1.054437,156.08,1,156.08
4.532469,297.7734,-310.078125,2.432162,-9.724001,-8.097190,2.692280,-0.683545,0.897603,2.432162,-1.581161,276.09,1,276.09
4.534726,297.6855,-310.166016,-5.770373,-9.732361,-8.887277,-5.510255,0.008380,0.107516,-5.770373,-0.889237,395.13,1,395.13
4.536983,297.5977,-310.253906,0.221116,-9.741735,-9.327810,0.481235,1.830367,-0.333017,0.221116,0.932750,512.84,1,512.84
4.539240,297.5977,-310.253906,5.976778,-9.733565,-8.750807,6.236896,0.155623,0.243986,5.976778,-0.741994,685.78,1,685.78
4.541496,296.7187,-311.132812,-1.738538,-9.726049,-9.105149,-1.478420,-0.398635,-0.110356,-1.738538,-1.296251,798.07,1,798.07
4.543757,295.9277,-311.923828,-18.721807,-9.760617,-10.332177,-18.461689,1.722628,-1.337384,-18.721807,0.825011,907.52,1,907.52
4.546017,294.7852,-313.066406,-3.871772,-9.787403,-8.295909,-3.611653,0.566229,0.698884,-3.871772,-0.331388,1065.38,1,1065.38
4.548275,293.7305,-314.121094,3.850726,-9.786640,-7.994239,4.110844,-0.187945,1.000554,3.850726,-1.085562,1165.87,1,1165.87
4.550529,291.9727,-315.878906,-10.342102,-9.795212,-8.827422,-10.081984,-0.574608,0.167371,-10.342102,-1.472225,1262.15,1,1262.15
4.552790,289.9512,-317.900391,-18.796028,-9.838939,-12.022484,-18.535910,3.134010,-3.027691,-18.796028,2.236393,1353.80,1,1353.80
4.555049,288.4570,-319.394531,2.435753,-9.850263,-7.254431,2.695871,0.499191,1.740362,2.435753,-0.398426,1481.92,1,1481.92
4.557305,286.4355,-321.416016,7.851437,-9.834034,-7.183802,8.111555,-1.476025,1.810991,7.851437,-2.373642,1560.66,1,1560.66
4.559561,283.8867,-323.964844,-11.443435,-9.842808,-9.664195,-11.183316,-0.475249,-0.669402,-11.443435,-1.372866,1633.65,1,1633.65
4.561823,281.0742,-326.777344,-16.993195,-9.882355,-11.373655,-16.733076,2.744952,-2.378862,-16.993195,1.847335,1700.64,1,1700.64
4.564082,278.7012,-329.150391,2.626092,-9.890657,-8.037335,2.886210,1.010353,0.957458,2.626092,0.112736,1789.38,1,1789.38
4.566339,276.2402,-331.611328,5.624830,-9.878865,-7.878121,5.884948,-0.282516,1.116672,5.624830,-1.180133,1840.34,1,1840.34
4.568593,273.6035,-334.248047,-7.065636,-9.886105,-9.294291,-6.805518,-0.671574,-0.299498,-7.065636,-1.569191,1884.52,1,1884.52
4.570853,271.0547,-336.796875,-9.043247,-9.908791,-10.967838,-8.783129,2.584541,-1.973045,-9.043247,1.686924,1921.75,1,1921.75
4.573110,268.4180,-339.433594,8.933616,-9.902431,-7.827842,9.193734,0.410606,1.166951,8.933616,-0.487011,1964.25,1,1964.25
4.575366,266.0449,-341.806641,6.792003,-9.882209,-7.821857,7.052121,-0.159214,1.172936,6.792003,-1.056831,1983.51,1,1983.51
4.577620,263.4082,-344.443359,-1.962396,-9.882143,-9.587581,-1.702277,0.685939,-0.592788,-1.962396,-0.211678,1995.44,1,1995.44
4.579880,260.5078,-347.343750,-6.252805,-9.894432,-9.800665,-5.992687,1.479617,-0.805872,-6.252805,0.582000,1999.96,1,1999.96
4.582136,257.8711,-349.980469,1.109365,-9.900086,-8.639477,1.369483,1.564611,0.355316,1.109365,0.666994,1992.81,1,1992.81
4.584392,254.8828,-352.968750,4.612082,-9.892367,-8.346188,4.872200,0.675165,0.648605,4.612082,-0.222452,1978.77,1,1978.77
4.586647,251.9824,-355.869141,-1.869022,-9.891764,-9.416395,-1.608904,-0.458490,-0.421602,-1.869022,-1.356107,1957.38,1,1957.38
4.588907,248.9062,-358.945312,-3.413282,-9.904304,-9.351752,-3.153164,1.498770,-0.356959,-3.413282,0.601153,1928.68,1,1928.68
4.591164,246.0059,-361.845703,3.599335,-9.902818,-7.965509,3.859453,1.438915,1.029284,3.599335,0.541298,1872.16,1,1872.16
4.593421,243.0176,-364.833984,3.971633,-9.893620,-8.951921,4.231751,0.482432,0.042872,3.971633,-0.415185,1825.70,1,1825.70
4.595675,239.5898,-368.261719,-0.373843,-9.891640,-9.803059,-0.113725,0.954089,-0.808266,-0.373843,0.056473,1772.40,1,1772.40
4.597936,236.2500,-371.601562,0.362374,-9.893853,-8.693346,0.622492,1.655591,0.301447,0.362374,0.757974,1712.47,1,1712.47
4.600195,232.8223,-375.029297,1.862342,-9.891468,-8.668207,2.122460,1.144428,0.326586,1.862342,0.246812,1610.59,1,1610.59
4.602451,229.2187,-378.632812,-0.051823,-9.889481,-8.740033,0.208296,0.320823,0.254760,-0.051823,-0.576794,1535.03,1,1535.03
4.604706,225.7031,-382.148437,-2.570523,-9.894739,-9.446322,-2.310405,0.578200,-0.451530,-2.570523,-0.319417,1453.69,1,1453.69
4.606966,221.4844,-386.367187,0.820864,-9.894986,-9.069236,1.080982,1.143231,-0.074443,0.820864,0.245614,1366.88,1,1366.88
4.609220,218.3203,-389.531250,0.971699,-9.894187,-8.888474,1.231817,1.423353,0.106319,0.971699,0.525736,1227.07,1,1227.07
4.611476,216.0352,-391.816406,13.427532,-9.874883,-8.559271,13.687651,1.276109,0.435522,13.427532,0.378493,1127.98,1,1127.98
4.613732,213.2227,-394.628906,11.519354,-9.844891,-8.980651,11.779472,0.931344,0.014142,11.519354,0.033728,1024.63,1,1024.63
4.615994,210.4980,-397.353516,-2.108442,-9.840783,-9.958682,-1.848324,1.787272,-0.963889,-2.108442,0.889655,917.34,1,917.34
4.618255,208.0371,-399.814453,0.665241,-9.844051,-8.845378,0.925359,1.054646,0.149415,0.665241,0.157029,750.04,1,750.04
4.620513,206.9824,-400.869141,9.931998,-9.827530,-7.469909,10.192117,-0.386664,1.524884,9.931998,-1.284280,634.82,1,634.82
4.622767,205.9277,-401.923828,13.315005,-9.796063,-7.933187,13.575124,-0.311246,1.061605,13.315005,-1.208863,517.13,1,517.13
4.625027,204.4336,-403.417969,-2.213787,-9.791152,-10.990582,-1.953669,3.952827,-1.995790,-2.213787,3.055210,337.03,1,337.03
4.627282,203.7305,-404.121094,-1.679880,-9.798124,-10.153810,-1.419762,3.666720,-1.159017,-1.679880,2.769103,215.22,1,215.22
4.634877,203.9941,-403.857422,-0.862260,-9.804672,-11.030087,-0.602142,3.965995,-2.035295,-0.862260,3.068378,214.87,-1,-214.87
4.636936,204.0820,-403.769531,3.545465,-9.799208,-8.659827,3.805584,0.705092,0.334966,3.545465,-0.192524,336.94,-1,-336.94
4.639209,203.9941,-403.857422,1.594191,-9.793199,-8.127118,1.854309,0.260968,0.867675,1.594191,-0.636649,517.51,-1,-517.51
4.641467,204.3457,-403.505859,-0.829938,-9.792989,-8.434772,-0.569820,0.233435,0.560020,-0.829938,-0.664182,635.64,-1,-635.64
4.643722,205.3125,-402.539062,-2.596859,-9.797956,-9.604341,-2.336741,1.669956,-0.609548,-2.596859,0.772339,751.34,-1,-751.34
4.645978,206.9824,-400.869141,14.496544,-9.780442,-8.198944,14.756662,1.487996,0.795849,14.496544,0.590379,864.22,-1,-864.22
4.648238,208.8281,-399.023437,8.570894,-9.753286,-9.042900,8.831013,1.131260,-0.048107,8.570894,0.233643,1027.37,-1,-1027.37
4.650494,211.1133,-396.738281,6.073742,-9.738710,-10.734404,6.333860,2.032677,-1.739611,6.073742,1.135060,1131.35,-1,-1131.35
4.652753,214.3652,-393.486328,9.335842,-9.720933,-9.384073,9.595961,0.454898,-0.389280,9.335842,-0.442719,1231.05,-1,-1231.05
4.655010,217.5293,-390.322266,9.032975,-9.692199,-6.841431,9.293094,-0.345962,2.153362,9.032975,-1.243579,1371.78,-1,-1371.78
4.657269,220.2539,-387.597656,0.374345,-9.682249,-8.492233,0.634463,1.996764,0.502560,0.374345,1.099147,1459.12,-1,-1459.12
4.659525,223.0664,-384.785156,-3.759244,-9.689678,-10.904391,-3.499126,2.822764,-1.909598,-3.759244,1.925147,1540.92,-1,-1540.92
4.661783,227.0215,-380.830078,6.517867,-9.687517,-8.566454,6.777985,0.725443,0.428339,6.517867,-0.172174,1616.87,-1,-1616.87
4.664040,230.9766,-376.875000,14.202057,-9.661732,-6.975507,14.462175,0.901417,2.019286,14.202057,0.003800,1719.12,-1,-1719.12
4.666301,234.9316,-372.919922,0.167247,-9.644381,-9.045294,0.427365,0.395043,-0.050501,0.167247,-0.502574,1779.11,-1,-1779.11
4.668556,238.0957,-369.755859,-1.488344,-9.649102,-11.013328,-1.228225,1.781286,-2.018535,-1.488344,0.883669,1832.31,-1,-1832.31
4.670815,241.6113,-366.240234,10.562870,-9.636320,-7.763199,10.822989,-0.337582,1.231594,10.562870,-1.235199,1878.47,-1,-1878.47
4.673073,245.1270,-362.724609,4.291259,-9.617726,-7.551312,4.551377,-0.008380,1.443481,4.291259,-0.905997,1934.14,-1,-1934.14
4.675333,248.0273,-359.824219,-5.669817,-9.622294,-9.442732,-5.409699,1.335965,-0.447939,-5.669817,0.438348,1962.00,-1,-1962.00
4.677590,250.8398,-357.011719,-7.155419,-9.639083,-9.776723,-6.895301,1.237802,-0.781930,-7.155419,0.340185,1982.30,-1,-1982.30
4.679848,253.8281,-354.023437,4.093738,-9.640796,-8.868123,4.353856,1.210269,0.126670,4.093738,0.312652,1994.96,-1,-1994.96
4.682104,256.8164,-351.035156,2.137675,-9.632257,-8.791509,2.397793,0.900220,0.203284,2.137675,0.002603,1999.51,-1,-1999.51
4.684366,259.5410,-348.310547,-4.072885,-9.636399,-9.481039,-3.812766,0.746991,-0.486246,-4.072885,-0.150626,1992.88,-1,-1992.88
4.686624,262.1777,-345.673828,-2.373001,-9.643975,-9.318233,-2.112883,1.139640,-0.323441,-2.373001,0.242023,1978.54,-1,-1978.54
4.688881,264.9023,-342.949219,7.054168,-9.633718,-8.348581,7.314286,0.492008,0.646212,7.054168,-0.405608,1956.53,-1,-1956.53
4.691137,267.5391,-340.312500,6.298798,-9.617199,-8.775947,6.558916,0.312443,0.218846,6.298798,-0.585174,1909.32,-1,-1909.32
4.693397,270.1758,-337.675781,-3.710163,-9.616765,-9.422380,-3.450045,1.478420,-0.427588,-3.710163,0.580803,1868.56,-1,-1868.56
4.695654,272.6367,-335.214844,-5.516588,-9.630120,-9.493010,-5.256470,1.491588,-0.498217,-5.516588,0.593971,1820.51,-1,-1820.51
4.697913,275.0977,-332.753906,0.424624,-9.632504,-8.860941,0.684742,0.098162,0.133852,0.424624,-0.799455,1765.38,-1,-1765.38
4.700170,277.5586,-330.292969,0.520392,-9.631260,-9.080010,0.780510,0.379481,-0.085217,0.520392,-0.518136,1669.87,-1,-1669.87
4.702431,280.1074,-327.744141,-3.155905,-9.635566,-9.050082,-2.895787,0.652420,-0.055289,-3.155905,-0.245197,1597.96,-1,-1597.96
4.704688,282.4805,-325.371094,-2.313146,-9.642683,-9.508572,-2.053028,1.350330,-0.513779,-2.313146,0.452713,1519.82,-1,-1519.82
4.706946,284.7656,-323.085937,3.483216,-9.639033,-8.853758,3.743334,1.466449,0.141035,3.483216,0.568832,1435.71,-1,-1435.71
4.709203,287.2266,-320.625000,3.186335,-9.630936,-8.880095,3.446453,1.122881,0.114698,3.186335,0.225264,1299.10,-1,-1299.10
4.711467,289.0723,-318.779297,1.129716,-9.626534,-9.095572,1.389834,0.281319,-0.100780,1.129716,-0.616298,1201.57,-1,-1201.57
4.713723,290.6543,-317.197266,-16.508368,-9.646685,-9.818622,-16.248249,0.517148,-0.823829,-16.508368,-0.380469,1099.31,-1,-1099.31
4.715981,291.7969,-316.054687,-10.157748,-9.678989,-9.232041,-9.897630,0.733823,-0.237248,-10.157748,-0.163794,992.69,-1,-992.69
4.718239,293.4668,-314.384766,0.229496,-9.690381,-7.541735,0.489614,-0.028730,1.453058,0.229496,-0.926347,825.56,-1,-825.56
4.720499,294.6094,-313.242187,1.541519,-9.684223,-8.009802,1.801637,-0.105345,0.984991,1.541519,-1.002962,709.93,-1,-709.93
4.722755,295.0488,-312.802734,-18.014320,-9.711111,-12.085930,-17.754202,2.662352,-3.091137,-18.014320,1.764735,591.51,-1,-591.51
4.725012,295.6641,-312.187500,-9.435897,-9.743960,-9.080010,-9.175778,2.021903,-0.085217,-9.435897,1.124286,409.55,-1,-409.55
4.727269,296.4551,-311.396484,6.959597,-9.742088,-7.080852,7.219715,-0.338780,1.913941,6.959597,-1.236396,286.06,-1,-286.06
4.729528,296.3672,-311.484375,4.468431,-9.726254,-8.133103,4.728549,-1.887828,0.861690,4.468431,-2.785445,161.44,-1,-161.44
4.731783,296.2793,-311.572266,-15.439357,-9.751842,-11.295844,-15.179238,1.181539,-2.301051,-15.439357,0.283922,36.13,-1,-36.13
4.734040,296.1914,-311.660156,-6.370121,-9.777331,-8.315063,-6.110003,0.468066,0.679730,-6.370121,-0.429550,152.10,1,152.10
4.736297,296.2793,-311.572266,3.750170,-9.776543,-8.009802,4.010288,1.327585,0.984991,3.750170,0.429968,276.94,1,276.94
4.738554,296.3672,-311.484375,-0.039852,-9.774072,-9.673772,0.220267,1.228225,-0.678979,-0.039852,0.330609,400.76,1,400.76
4.740814,296.1035,-311.748047,-6.789106,-9.786714,-10.670957,-6.528988,2.407370,-1.676164,-6.789106,1.509753,523.09,1,523.09
4.743069,296.1035,-311.748047,0.574261,-9.794385,-8.358158,0.834379,1.046266,0.636635,0.574261,0.148649,702.57,1,702.57
4.745325,295.3125,-312.539062,2.565040,-9.789205,-7.354988,2.825158,-1.375469,1.639805,2.565040,-2.273086,818.91,1,818.91
4.753400,291.0059,-316.845703,0.023595,-9.789014,-8.719683,0.283713,1.632846,0.275110,0.023595,0.735229,1247.88,1,1247.88
4.755470,289.3359,-318.515625,-19.643576,-9.821583,-11.288661,-19.383457,1.855506,-2.293868,-19.643576,0.957889,1343.86,1,1343.86
4.757726,287.4902,-320.361328,-8.603911,-9.856067,-9.063251,-8.343793,1.140837,-0.068458,-8.603911,0.243220,1434.52,1,1434.52
4.759983,285.4687,-322.382812,7.268449,-9.856036,-6.791153,7.528567,-1.078588,2.203640,7.268449,-1.976205,1519.52,1,1519.52
4.762239,283.2715,-324.580078,-0.736564,-9.849249,-7.926005,-0.476446,-1.361104,1.068788,-0.736564,-2.258720,1635.66,1,1635.66
4.764499,280.5469,-327.304687,-14.704337,-9.876722,-10.710462,-14.444219,1.119289,-1.715669,-14.704337,0.221672,1705.02,1,1705.02
4.766758,277.9102,-329.941406,-3.810719,-9.896358,-9.011775,-3.550601,0.896629,-0.016982,-3.810719,-0.000988,1767.61,1,1767.61
4.769017,275.4492,-332.402344,6.444844,-9.892887,-8.452729,6.704962,1.216254,0.542064,6.444844,0.318638,1848.24,1,1848.24
4.771273,272.9004,-334.951172,2.454906,-9.882836,-8.304289,2.715025,1.071405,0.690504,2.454906,0.173788,1892.84,1,1892.84
4.773532,270.2637,-337.587891,-6.866918,-9.893194,-10.099940,-6.606800,1.139640,-1.105147,-6.866918,0.242023,1929.88,1,1929.88
4.775789,267.6270,-340.224609,-1.925285,-9.907678,-9.261970,-1.665167,0.979228,-0.267177,-1.925285,0.081612,1959.21,1,1959.21
4.778046,265.2539,-342.597656,4.791647,-9.903339,-7.624335,5.051765,0.231040,1.370458,4.791647,-0.666576,1988.49,1,1988.49
4.780301,262.5293,-345.322266,4.759326,-9.891257,-8.585608,5.019444,0.089783,0.409185,4.759326,-0.807834,1998.06,1,1998.06
4.782561,259.8047,-348.046875,-2.976340,-9.893515,-9.752781,-2.716222,0.614113,-0.757988,-2.976340,-0.283504,1999.63,1,1999.63
4.784819,257.0801,-350.771484,-1.149564,-9.901415,-9.301474,-0.889446,1.687912,-0.306681,-1.149564,0.790295,1993.16,1,1993.16
4.787076,254.2676,-353.583984,4.558213,-9.897033,-8.810662,4.818331,1.892616,0.184131,4.558213,0.995000,1968.45,1,1968.45
4.789332,251.2793,-356.572266,0.216328,-9.891953,-9.052477,0.476446,0.802058,-0.057684,0.216328,-0.095559,1942.06,1,1942.06
4.791593,248.0273,-359.824219,-6.989022,-9.905557,-9.566033,-6.728904,0.225055,-0.571240,-6.989022,-0.672562,1907.85,1,1907.85
4.793849,245.1270,-362.724609,1.479269,-9.909886,-8.113950,1.739388,0.745794,0.880843,1.479269,-0.151823,1865.92,1,1865.92
4.796104,241.7871,-366.064453,6.024662,-9.900420,-8.937555,6.284780,0.906205,0.057238,6.024662,0.008588,1788.97,1,1788.97
4.798360,238.7109,-369.140625,0.625736,-9.894941,-9.876082,0.885855,1.126472,-0.881289,0.625736,0.228855,1728.57,1,1728.57
4.800620,235.1953,-372.656250,-2.838674,-9.901572,-8.779537,-2.578555,1.734599,0.215256,-2.838674,0.836982,1661.16,1,1661.16
4.802876,231.5918,-376.259766,2.833190,-9.901741,-8.428787,3.093309,0.842759,0.566006,2.833190,-0.054858,1587.00,1,1587.00
4.805134,228.1641,-379.687500,4.961636,-9.892188,-8.599973,5.221754,0.379481,0.394820,4.961636,-0.518136,1463.82,1,1463.82
4.807389,224.3848,-383.466797,0.772980,-9.887155,-9.050082,1.033098,0.802058,-0.055289,0.772980,-0.095559,1374.13,1,1374.13
4.809650,220.7812,-387.070312,-4.150696,-9.894167,-9.555259,-3.890578,1.509544,-0.560466,-4.150696,0.611927,1278.88,1,1278.88
4.811907,218.4082,-389.443359,11.850951,-9.887356,-8.901642,12.111070,1.622072,0.093151,11.850951,0.724455,1178.39,1,1178.39
4.814162,216.2109,-391.640625,12.626672,-9.857941,-8.440758,12.886790,1.224634,0.554035,12.626672,0.327017,1018.75,1,1018.75
4.816419,213.1348,-394.716797,2.847556,-9.845260,-9.993398,3.107674,1.717840,-0.998605,2.847556,0.820223,907.01,1,907.01
4.818682,211.1133,-396.738281,-0.922115,-9.849376,-8.947132,-0.661997,0.948104,0.047661,-0.922115,0.050487,791.55,1,791.55
4.820939,209.8828,-397.968750,15.648154,-9.835183,-7.746439,15.908273,0.138864,1.248353,15.648154,-0.758753,672.80,1,672.80
4.823194,209.0039,-398.847656,13.677727,-9.800027,-7.410054,13.937845,0.574608,1.584739,13.677727,-0.323008,489.64,1,489.64
4.825448,207.7734,-400.078125,0.921420,-9.792641,-10.672154,1.181539,2.686294,-1.677361,0.921420,1.788677,364.88,1,364.88
4.827710,207.8613,-399.990234,3.526312,-9.795141,-10.084377,3.786430,2.048239,-1.089584,3.526312,1.150623,238.56,1,238.56
4.829967,208.1250,-399.726562,14.659349,-9.770319,-6.643910,14.919468,-0.032322,2.350883,14.659349,-0.929939,111.25,1,111.25
4.832222,208.1250,-399.726562,6.416113,-9.748746,-8.051701,6.676231,1.034295,0.943092,6.416113,0.136678,80.55,-1,-80.55
4.834477,207.9492,-399.902344,-4.179426,-9.752847,-10.155006,-3.919308,1.246182,-1.160213,-4.179426,0.348565,208.16,-1,-208.16
4.836738,207.9492,-399.902344,2.885863,-9.753563,-8.445546,3.145981,0.586579,0.549247,2.885863,-0.311037,334.92,-1,-334.92
4.838996,208.1250,-399.726562,4.958045,-9.743725,-8.497022,5.218163,1.510741,0.497771,4.958045,0.613124,460.41,-1,-460.41
4.841254,208.2129,-399.638672,0.137319,-9.740106,-8.972271,0.397437,1.057040,0.022522,0.137319,0.159423,645.02,-1,-645.02
4.843509,209.7070,-398.144531,-1.739735,-9.744364,-9.756371,-1.479617,1.886631,-0.761579,-1.739735,0.989014,764.93,-1,-764.93
4.845766,211.3770,-396.474609,15.302193,-9.719915,-8.125920,15.562311,0.738611,0.868873,15.302193,-0.159006,881.77,-1,-881.77
4.848026,213.2227,-394.628906,7.251690,-9.693374,-9.397242,7.511808,1.578976,-0.402449,7.251690,0.681359,1050.13,-1,-1050.13
4.850284,215.5957,-392.255859,0.027186,-9.690348,-9.864111,0.287304,2.149993,-0.869318,0.027186,1.252376,1157.11,-1,-1157.11
4.852544,218.3203,-389.531250,14.161355,-9.677375,-8.149862,14.421474,-0.533907,0.844931,14.161355,-1.431524,1259.40,-1,-1259.40
4.854800,221.3086,-386.542969,12.539284,-9.642843,-7.133524,12.799402,0.344765,1.861269,12.539284,-0.552852,1356.49,-1,-1356.49
4.857060,224.0332,-383.818359,-1.938454,-9.631366,-9.836577,-1.678335,3.416526,-0.841784,-1.938454,2.518909,1491.60,-1,-1491.60
4.859316,227.1094,-380.742187,-4.163864,-9.642522,-10.972627,-3.903746,3.994725,-1.977834,-4.163864,3.097109,1574.13,-1,-1574.13
4.861575,231.3281,-376.523437,16.619003,-9.624998,-7.429208,16.879122,-1.381454,1.565585,16.619003,-2.279071,1650.14,-1,-1650.14
4.863831,235.1953,-372.656250,8.721729,-9.592894,-7.772776,8.981848,-0.233435,1.222017,8.721729,-1.131052,1719.37,-1,-1719.37
4.871421,246.4453,-361.406250,9.777572,-9.518672,-7.754819,10.037690,-1.277307,1.239974,9.777572,-2.174923,1922.88,-1,-1922.88
4.873479,249.1699,-358.681641,2.446527,-9.508781,-8.341399,2.706645,0.709881,0.653394,2.446527,-0.187736,1954.32,-1,-1954.32
4.875733,252.1582,-355.693359,-9.160563,-9.525821,-10.085575,-8.900445,3.288436,-1.090782,-9.160563,2.390819,1977.64,-1,-1977.64
4.877990,254.9707,-352.880859,-1.107666,-9.538559,-9.349358,-0.847547,1.552640,-0.354565,-1.107666,0.655023,1992.74,-1,-1992.74
4.880261,257.7832,-350.068359,7.430058,-9.525336,-8.227674,7.690176,-0.624887,0.767118,7.430058,-1.522503,1999.87,-1,-1999.87
4.882517,260.5078,-347.343750,-0.713819,-9.516112,-9.265560,-0.453701,0.885855,-0.270767,-0.713819,-0.011762,1994.20,-1,-1994.20
4.884773,263.3203,-344.531250,-5.247240,-9.523615,-9.362526,-4.987122,1.586159,-0.367733,-5.247240,0.688542,1980.23,-1,-1980.23
4.887028,265.7812,-342.070312,-0.772477,-9.532028,-9.236830,-0.512359,1.347936,-0.242037,-0.772477,0.450319,1943.80,-1,-1943.80
4.889290,268.4180,-339.433594,5.305204,-9.522152,-8.759187,5.565322,1.104924,0.235606,5.305204,0.207307,1909.33,-1,-1909.33
4.891547,271.0547,-336.796875,1.346391,-9.514316,-9.299079,1.606509,1.004368,-0.304286,1.346391,0.106751,1866.86,-1,-1866.86
4.893803,273.4277,-334.423828,-2.763256,-9.515868,-9.300277,-2.503138,1.171962,-0.305484,-2.763256,0.274345,1816.58,-1,-1816.58
4.896060,276.1523,-331.699219,-3.021830,-9.522867,-8.769960,-2.761712,0.640449,0.224833,-3.021830,-0.257168,1726.94,-1,-1726.94
4.898322,278.5254,-329.326172,-1.584112,-9.527306,-8.953117,-1.323994,0.623690,0.041676,-1.584112,-0.273927,1658.05,-1,-1658.05
4.900580,280.8105,-327.041016,0.474902,-9.527296,-9.366117,0.735020,0.758962,-0.371325,0.474902,-0.138655,1582.18,-1,-1582.18
4.902836,283.2715,-324.580078,1.977263,-9.524294,-9.130288,2.237381,1.513135,-0.135495,1.977263,0.615519,1499.67,-1,-1499.67
4.905093,285.8203,-322.031250,0.212737,-9.522113,-8.973468,0.472855,1.403002,0.021325,0.212737,0.505385,1364.12,-1,-1364.12
4.907354,287.7539,-320.097656,-2.141961,-9.526115,-9.045294,-1.881842,0.845153,-0.050501,-2.141961,-0.052464,1266.46,-1,-1266.46
4.909611,289.3359,-318.515625,-8.821784,-9.536173,-9.008183,-8.561666,-0.280122,-0.013391,-8.821784,-1.177738,1163.46,-1,-1163.46
4.911869,290.7422,-317.109375,-9.541242,-9.559449,-9.678560,-9.281123,0.593762,-0.683767,-9.541242,-0.303855,1055.50,-1,-1055.50
4.914128,292.4121,-315.439453,-3.623972,-9.570375,-8.192958,-3.363853,0.041899,0.801835,-3.623972,-0.855718,885.30,-1,-885.30
4.916389,293.8184,-314.033203,-0.662344,-9.573324,-8.884883,-0.402226,0.949301,0.109910,-0.662344,0.051684,767.04,-1,-767.04
4.918647,294.5215,-313.330078,-14.919815,-9.589276,-10.134656,-14.659697,2.140416,-1.139863,-14.919815,1.242800,645.47,-1,-645.47
4.920903,294.9609,-312.890625,-13.292955,-9.626150,-10.727221,-13.032837,2.074576,-1.732428,-13.292955,1.176959,521.16,-1,-521.16
4.923166,295.7520,-312.099609,-1.245332,-9.634582,-7.904457,-0.985214,-0.331597,1.090336,-1.245332,-1.229214,330.60,-1,-330.60
4.925422,295.7520,-312.099609,-0.012318,-9.626168,-7.869741,0.247800,-1.610101,1.125052,-0.012318,-2.507718,201.63,-1,-201.63
4.927678,295.6641,-312.187500,-16.224655,-9.649076,-11.056423,-15.964537,0.836774,-2.061630,-16.224655,-0.060843,71.80,-1,-71.80
4.929934,295.5762,-312.275391,-10.581522,-9.679283,-9.861717,-10.321404,1.266533,-0.866924,-10.581522,0.368916,58.41,1,58.41
4.932194,295.4883,-312.363281,2.463286,-9.681872,-8.796297,2.723404,2.319981,0.198496,2.463286,1.422364,253.17,1,253.17
4.934453,295.6641,-312.187500,-0.031472,-9.675025,-9.631873,0.228646,0.587777,-0.637080,-0.031472,-0.309840,381.84,1,381.84
4.936709,295.5762,-312.275391,-5.886492,-9.682519,-10.126276,-5.626374,0.948104,-1.131483,-5.886492,0.050487,508.94,1,508.94
4.938965,295.2246,-312.626953,-1.648755,-9.690445,-8.935161,-1.388637,1.242591,0.059632,-1.648755,0.344974,633.93,1,633.93
4.941223,294.3457,-313.505859,-2.381381,-9.692810,-8.134300,-2.121263,-0.413000,0.860493,-2.381381,-1.310617,816.24,1,816.24
4.943487,293.2910,-314.560547,-11.536808,-9.715252,-9.659407,-11.276690,0.150835,-0.664614,-11.536808,-0.746782,933.60,1,933.60
4.945746,292.3242,-315.527344,-3.718543,-9.733639,-8.677784,-3.458424,0.392649,0.317009,-3.718543,-0.504968,1047.07,1,1047.07
4.948002,291.0059,-316.845703,1.117745,-9.734078,-8.160637,1.377863,0.615310,0.834156,1.117745,-0.282307,1208.76,1,1208.76
4.950256,289.2480,-318.603516,-13.435410,-9.753529,-9.827001,-13.175292,1.465251,-0.832208,-13.435410,0.567635,1310.25,1,1310.25
4.952517,287.4023,-320.449219,-9.617856,-9.789421,-10.037690,-9.357738,1.272518,-1.042897,-9.617856,0.374901,1406.20,1,1406.20
4.954773,285.5566,-322.294922,4.691091,-9.794872,-7.406463,4.951209,-0.963666,1.588330,4.691091,-1.861283,1496.13,1,1496.13
4.957028,283.4473,-324.404297,5.520682,-9.781111,-7.754819,5.780800,-1.904588,1.239974,5.520682,-2.802204,1619.03,1,1619.03
4.959284,280.8105,-327.041016,-14.924603,-9.802950,-10.307038,-14.664485,0.764947,-1.312245,-14.924603,-0.132669,1692.37,1,1692.37
4.961547,278.1738,-329.677734,-10.012899,-9.837829,-8.832211,-9.752781,1.013944,0.162582,-10.012899,0.116328,1758.49,1,1758.49
4.963806,275.8008,-332.050781,5.281262,-9.843398,-8.382100,5.541380,0.171185,0.612693,5.281262,-0.726431,1817.10,1,1817.10
4.966061,273.1641,-334.687500,7.024240,-9.825406,-8.459911,7.284359,0.579397,0.534882,7.024240,-0.318220,1890.35,1,1890.35
4.968316,270.6152,-337.236328,-6.572431,-9.831468,-9.872491,-6.312313,1.980005,-0.877698,-6.572431,1.082388,1929.08,1,1929.08
4.970578,267.7148,-340.136719,-5.230481,-9.851650,-9.953894,-4.970363,1.470040,-0.959101,-5.230481,0.572423,1959.54,1,1959.54
4.972834,265.4297,-342.421875,5.318372,-9.851114,-7.869741,5.578490,-0.709881,1.125052,5.318372,-1.607498,1981.57,1,1981.57
4.975089,262.7930,-345.058594,7.619200,-9.833341,-7.696161,7.879318,-1.071405,1.298632,7.619200,-1.969022,1998.60,1,1998.60
4.977344,259.8926,-347.958984,-1.064570,-9.830064,-8.913613,-0.804452,0.592565,0.081180,-1.064570,-0.305052,1999.20,1,1999.20
4.979606,257.2559,-350.595703,-3.487502,-9.840753,-9.794679,-3.227384,1.914164,-0.799886,-3.487502,1.016547,1991.17,1,1991.17
4.981862,254.4434,-353.408203,1.257806,-9.842854,-9.475053,1.517924,0.914585,-0.480260,1.257806,0.016968,1974.53,1,1974.53
4.990050,243.3691,-364.482422,0.504829,-9.838720,-8.406042,0.764947,1.005565,0.588751,0.504829,0.107948,1795.76,1,1795.76
4.992593,239.6777,-368.173828,0.369557,-9.834129,-9.756371,0.629675,1.070208,-0.761579,0.369557,0.172591,1733.92,1,1733.92
4.994860,236.4258,-371.425781,-0.566576,-9.834921,-9.888053,-0.306458,1.647211,-0.893260,-0.566576,0.749594,1664.53,1,1664.53
4.997116,232.9102,-374.941406,1.695945,-9.832816,-8.817844,1.956063,1.329979,0.176949,1.695945,0.432362,1546.93,1,1546.93
4.999371,229.3066,-378.544922,2.715874,-9.825196,-8.134300,2.975993,-0.117316,0.860493,2.715874,-1.014933,1460.03,1,1460.03
5.001626,225.7031,-382.148437,-0.767689,-9.822867,-9.178172,-0.507571,0.172383,-0.183379,-0.767689,-0.725234,1366.75,1,1366.75
5.003886,222.4512,-385.400391,-3.202592,-9.828570,-9.661801,-2.942474,1.444901,-0.667008,-3.202592,0.547284,1267.47,1,1267.47
5.006143,220.0781,-387.773437,8.124376,-9.818524,-9.118318,8.384495,1.981202,-0.123525,8.124376,1.083585,1108.29,1,1108.29
5.008396,217.5293,-390.322266,9.815880,-9.789939,-9.034520,10.075998,1.686715,-0.039727,9.815880,0.789098,995.99,1,995.99
5.010652,214.8047,-393.046875,0.385119,-9.778494,-10.032902,0.645237,1.286883,-1.038109,0.385119,0.389266,879.27,1,879.27
5.012914,213.1348,-394.716797,-1.277654,-9.781103,-9.305065,-1.017536,0.937330,-0.310272,-1.277654,0.039713,758.71,1,758.71
5.015173,211.6406,-396.210937,13.931512,-9.759208,-7.393295,14.191630,0.017957,1.601498,13.931512,-0.879660,571.70,1,571.70
5.017427,210.7617,-397.089844,8.903688,-9.726550,-8.456321,9.163807,0.641646,0.538472,8.903688,-0.255971,443.71,1,443.71
5.019683,209.0918,-398.759766,-6.367726,-9.724192,-11.218032,-6.107608,2.995146,-2.223239,-6.367726,2.097529,313.79,1,313.79
5.021945,209.0918,-398.759766,-2.827899,-9.735270,-10.418368,-2.567781,2.688689,-1.423575,-2.827899,1.791072,182.41,1,182.41
5.024203,209.0918,-398.759766,16.047987,-9.709990,-7.508216,16.308105,0.357933,1.486577,16.047987,-0.539684,16.08,-1,-16.08
5.026459,209.3555,-398.496094,5.021491,-9.682491,-8.379706,5.281609,0.101754,0.615087,5.021491,-0.795863,148.47,-1,-148.47
5.028714,209.2676,-398.583984,-4.599608,-9.683347,-10.450690,-4.339490,2.199074,-1.455897,-4.599608,1.301457,280.28,-1,-280.28
5.030978,209.1797,-398.671875,1.256609,-9.685648,-9.636662,1.516727,1.728614,-0.641869,1.256609,0.830997,410.90,-1,-410.90
5.033236,209.3555,-398.496094,6.308374,-9.672760,-7.833828,6.568492,-0.459687,1.160965,6.308374,-1.357304,603.34,-1,-603.34
5.035491,209.7070,-398.144531,-0.515101,-9.667264,-8.572439,-0.254982,1.114501,0.422354,-0.515101,0.216884,728.48,-1,-728.48
5.037746,211.4648,-396.386719,3.300060,-9.667913,-9.566033,3.560178,2.766500,-0.571240,3.300060,1.868883,850.49,-1,-850.49
5.040006,213.0469,-394.804687,13.249165,-9.640322,-8.835801,13.509283,1.426944,0.158992,13.249165,0.529327,1026.33,-1,-1026.33
5.042261,215.2441,-392.607422,3.528706,-9.623741,-9.640253,3.788824,1.335965,-0.645460,3.528706,0.438348,1138.08,-1,-1138.08
5.044521,218.2324,-389.619141,8.569697,-9.613443,-8.814254,8.829816,0.932542,0.180539,8.569697,0.034925,1244.84,-1,-1244.84
5.046778,221.2207,-386.630859,15.219593,-9.583168,-7.439982,15.479712,-0.653617,1.554811,15.219593,-1.551234,1346.11,-1,-1346.11
5.049038,224.0332,-383.818359,7.061351,-9.562455,-9.418790,7.321469,1.357512,-0.423997,7.061351,0.459895,1486.82,-1,-1486.82
5.051295,227.3730,-380.478516,-1.815152,-9.561155,-9.227253,-1.555034,1.977611,-0.232460,-1.815152,1.079994,1572.50,-1,-1572.50
5.053554,231.0645,-376.787109,9.252045,-9.554542,-8.147469,9.512163,1.353921,0.847324,9.252045,0.456304,1651.25,-1,-1651.25
5.055809,235.1074,-372.744141,10.416824,-9.530420,-8.061277,10.676943,1.209072,0.933516,10.416824,0.311455,1722.70,-1,-1722.70
5.058069,238.5352,-369.316406,3.005573,-9.519011,-10.687716,3.265691,2.088941,-1.692924,3.005573,1.191324,1815.51,-1,-1815.51
5.060326,241.9629,-365.888672,-2.361030,-9.524051,-9.095572,-2.100912,1.090559,-0.100780,-2.361030,0.192942,1867.37,-1,-1867.37
5.062584,245.1270,-362.724609,4.341537,-9.521770,-7.283162,4.601655,-1.144428,1.711631,4.341537,-2.042045,1910.96,-1,-1910.96
5.064841,248.2031,-359.648437,5.853476,-9.509328,-8.512584,6.113594,-0.809240,0.482209,5.853476,-1.706857,1946.06,-1,-1946.06
5.067101,251.1914,-356.660156,-0.293637,-9.505726,-9.199720,-0.033519,1.385046,-0.204927,-0.293637,0.487429,1982.43,-1,-1982.43
5.069355,254.1797,-353.671875,-3.244491,-9.514172,-9.443929,-2.984372,3.230975,-0.449136,-3.244491,2.333358,1995.66,-1,-1995.66
5.071613,256.9922,-350.859375,1.564264,-9.516394,-9.446322,1.824382,1.513135,-0.451530,1.564264,0.615519,2000.00,-1,-2000.00
5.073870,259.8926,-347.958984,3.637642,-9.509506,-8.813056,3.897760,0.216675,0.181737,3.637642,-0.680942,1995.41,-1,-1995.41
5.076130,262.4414,-345.410156,-0.497144,-9.507455,-9.036914,-0.237026,0.174777,-0.042121,-0.497144,-0.722840,1971.82,-1,-1971.82
5.078386,265.0781,-342.773437,-2.114427,-9.515109,-8.746018,-1.854309,0.754174,0.248775,-2.114427,-0.143443,1945.04,-1,-1945.04
5.080644,267.6270,-340.224609,4.161973,-9.512139,-8.476671,4.422091,1.094150,0.518122,4.161973,0.196533,1909.57,-1,-1909.57
5.082900,270.3516,-337.500000,2.565040,-9.504935,-9.611523,2.825158,1.997961,-0.616730,2.565040,1.100344,1865.50,-1,-1865.50
5.085162,272.8125,-335.039062,1.139293,-9.501225,-9.587581,1.399411,1.690306,-0.592788,1.139293,0.792690,1783.80,-1,-1783.80
5.087420,275.2734,-332.578125,-2.617210,-9.506316,-8.789114,-2.357092,0.824802,0.205679,-2.617210,-0.072814,1719.24,-1,-1719.24
5.089677,277.8223,-330.029297,-0.282863,-9.509562,-8.439561,-0.022745,0.252588,0.555232,-0.282863,-0.645029,1646.94,-1,-1646.94
5.091934,280.1953,-327.656250,2.087397,-9.506162,-8.895657,2.347515,0.135272,0.099136,2.087397,-0.762344,1567.21,-1,-1567.21
5.094188,282.5684,-325.283203,-2.904514,-9.506002,-9.582792,-2.644396,0.823605,-0.587999,-2.904514,-0.074012,1434.49,-1,-1434.49
5.096450,284.8535,-322.998047,-4.279983,-9.515329,-9.175778,-4.019865,1.954866,-0.180985,-4.279983,1.057249,1337.80,-1,-1337.80
5.098707,287.0508,-320.800781,1.758194,-9.518465,-8.631097,2.018312,1.899799,0.363696,1.758194,1.002182,1235.04,-1,-1235.04
5.100963,288.6328,-319.218750,-2.908105,-9.519567,-8.989030,-2.647987,0.402226,0.005763,-2.908105,-0.495391,1126.71,-1,-1126.71
5.108439,292.5879,-315.263672,-8.348928,-9.581976,-8.783129,-8.088810,0.829591,0.211664,-8.348928,-0.068026,647.31,-1,-647.31
5.110696,293.1152,-314.736328,-13.878338,-9.609274,-11.569980,-13.618219,1.863886,-2.575187,-13.878338,0.966269,518.63,-1,-518.63
5.112955,293.8184,-314.033203,-3.139146,-9.623495,-9.591172,-2.879028,0.733823,-0.596379,-3.139146,-0.163794,387.55,-1,-387.55
5.115212,294.4336,-313.417969,3.209080,-9.619325,-7.418434,3.469198,0.554258,1.576359,3.209080,-0.343359,187.74,-1,-187.74
5.117467,294.2578,-313.593750,-12.120994,-9.625699,-9.276335,-11.860875,-0.252588,-0.281542,-12.120994,-1.150205,53.31,-1,-53.31
5.119734,293.9941,-313.857422,-14.078254,-9.658522,-11.172543,-13.818135,1.086968,-2.177750,-14.078254,0.189351,81.43,1,81.43
5.121992,293.9941,-313.857422,-2.125201,-9.669505,-7.839813,-1.865083,-0.392649,1.154980,-2.125201,-1.290266,215.83,1,215.83
5.124251,294.2578,-313.593750,5.283656,-9.659672,-8.321048,5.543774,-0.508768,0.673745,5.283656,-1.406385,415.52,1,415.52
5.126507,294.1699,-313.681641,-4.065702,-9.658147,-10.388441,-3.805584,1.957260,-1.393648,-4.065702,1.059643,546.46,1,546.46
5.128767,294.0820,-313.769531,-8.449486,-9.674149,-10.670957,-8.189367,3.384204,-1.676164,-8.449486,2.486587,674.97,1,674.97
5.131023,293.2031,-314.648437,-2.988311,-9.684810,-9.502586,-2.728193,1.407791,-0.507793,-2.988311,0.510174,861.84,1,861.84
5.133281,292.3242,-315.527344,-9.178520,-9.700809,-8.667010,-8.918402,-0.815226,0.327783,-9.178520,-1.712842,981.71,1,981.71
5.135539,291.3574,-316.494141,-6.313857,-9.717572,-7.560889,-6.053739,-2.136825,1.433904,-6.313857,-3.034442,1097.14,1,1097.14
5.137800,289.5117,-318.339844,-2.015068,-9.725790,-8.769960,-1.754950,0.606930,0.224833,-2.015068,-0.290687,1207.57,1,1207.57
5.140054,287.9297,-319.921875,-15.700325,-9.752516,-9.558850,-15.440207,1.613692,-0.564057,-15.700325,0.716075,1362.81,1,1362.81
5.142310,285.9082,-321.943359,-8.174152,-9.778720,-10.284293,-7.914034,1.933318,-1.289500,-8.174152,1.035701,1458.65,1,1458.65
5.144566,284.3262,-323.525391,2.015570,-9.786073,-8.629900,2.275689,1.273715,0.364893,2.015570,0.376098,1547.85,1,1547.85
5.146826,281.6895,-326.162109,-0.443275,-9.782311,-8.036138,-0.183156,-1.458069,0.958655,-0.443275,-2.355686,1629.99,1,1629.99
5.149081,279.0527,-328.798828,-13.345628,-9.806132,-9.949105,-13.085509,-0.975637,-0.954312,-13.345628,-1.873254,1739.13,1,1739.13
5.151337,276.5039,-331.347656,-5.806286,-9.829793,-8.242040,-5.546168,0.972046,0.752753,-5.806286,0.074429,1802.01,1,1802.01
5.153594,273.9551,-333.896484,3.920158,-9.830492,-8.312668,4.180276,0.966060,0.682125,3.920158,0.068444,1856.65,1,1856.65
5.155854,271.6699,-336.181641,0.014018,-9.826791,-10.079589,0.274136,1.482011,-1.084796,0.014018,0.584394,1902.76,1,1902.76
5.158109,268.8574,-338.994141,-3.874166,-9.835319,-10.222044,-3.614048,3.319561,-1.227251,-3.874166,2.421944,1955.50,1,1955.50
5.160365,266.2207,-341.630859,1.279354,-9.838217,-8.107965,1.539472,0.187945,0.886828,1.279354,-0.709672,1979.45,1,1979.45
5.162622,263.7598,-344.091797,3.086976,-9.832628,-7.827842,3.347094,-2.167950,1.166951,3.086976,-3.065567,1994.29,1,1994.29
5.164882,260.9473,-346.904297,-0.127240,-9.830634,-8.312668,0.132878,-1.235408,0.682125,-0.127240,-2.133025,1999.94,1,1999.94
5.167137,258.3984,-349.453125,-4.308713,-9.839238,-9.822212,-4.048595,2.278083,-0.827419,-4.308713,1.380466,1991.12,1,1991.12
5.169393,255.2344,-352.617187,3.746578,-9.839993,-9.558850,4.006697,2.246958,-0.564057,3.746578,1.349341,1973.73,1,1973.73
5.171651,252.5098,-355.341797,2.968463,-9.831772,-9.613917,3.228581,1.733402,-0.619124,2.968463,0.835785,1947.22,1,1947.22
5.173914,249.6094,-358.242187,-2.715372,-9.834943,-9.595961,-2.455254,1.271321,-0.601168,-2.715372,0.373704,1911.70,1,1911.70
5.176170,246.6211,-361.230469,-2.501091,-9.842525,-8.212111,-2.240973,-0.338780,0.782681,-2.501091,-1.236396,1841.84,1,1841.84
5.178426,243.1934,-364.658203,0.298928,-9.844745,-8.392874,0.559046,-0.926556,0.601919,0.298928,-1.824173,1784.55,1,1784.55
5.180680,239.9414,-367.910156,-0.579744,-9.845266,-8.900445,-0.319626,0.208296,0.094348,-0.579744,-0.689321,1718.96,1,1718.96
5.182941,236.7773,-371.074219,1.158446,-9.843781,-9.414001,1.418565,2.215834,-0.419209,1.158446,1.318217,1645.35,1,1645.35
5.185197,233.3496,-374.501953,2.225063,-9.838428,-9.789890,2.485181,1.715446,-0.795097,2.225063,0.817829,1520.72,1,1520.72
5.187454,229.9219,-377.929687,-0.009924,-9.836020,-8.738836,0.250194,1.168370,0.255957,-0.009924,0.270754,1428.68,1,1428.68
5.189709,225.9668,-381.884766,-1.039431,-9.837422,-8.086416,-0.779313,0.464475,0.908377,-1.039431,-0.433142,1329.93,1,1329.93
5.191968,223.0664,-384.785156,-1.351874,-9.841193,-8.973468,-1.091756,-0.026336,0.021325,-1.351874,-0.923953,1224.97,1,1224.97
5.194223,220.6934,-387.158203,15.127416,-9.819651,-8.596381,15.387534,0.940921,0.398412,15.127416,0.043304,1056.94,1,1056.94
5.196479,218.3203,-389.531250,9.311900,-9.789983,-9.223662,9.572019,2.299631,-0.228869,9.311900,1.402014,938.59,1,938.59
5.198734,215.6836,-392.167969,-1.380605,-9.787466,-10.386047,-1.120486,1.946486,-1.391254,-1.380605,1.048869,815.85,1,815.85
5.200996,214.1895,-393.662109,-1.841488,-9.793748,-9.522937,-1.581370,1.297657,-0.528144,-1.841488,0.400041,689.24,1,689.24
5.203254,213.3984,-394.453125,18.257835,-9.760991,-6.312313,18.517954,-0.087388,2.682480,18.257835,-0.985005,493.36,1,493.36
5.205509,211.8164,-396.035156,6.177890,-9.731053,-8.874108,6.438008,0.799663,0.120685,6.177890,-0.097953,359.74,1,359.74
5.207763,211.6406,-396.210937,-6.522152,-9.741234,-11.182119,-6.262034,2.179921,-2.187326,-6.522152,1.282304,224.35,1,224.35
5.210028,211.6406,-396.210937,12.023334,-9.727692,-9.260772,12.283452,2.129642,-0.265979,12.023334,1.232026,19.44,1,19.44
5.212286,211.9922,-395.859375,9.633920,-9.699570,-9.339781,9.894038,1.137246,-0.344988,9.633920,0.239629,117.47,-1,-117.47
5.214540,211.8164,-396.035156,-1.731355,-9.689514,-9.866506,-1.471237,1.217452,-0.871713,-1.731355,0.319835,253.89,-1,-253.89
5.216798,211.6406,-396.210937,-3.176256,-9.698221,-9.320627,-2.916138,1.444901,-0.325834,-3.176256,0.547284,389.17,-1,-389.17
5.219061,211.8164,-396.035156,3.918961,-9.695819,-8.039729,4.179079,0.749385,0.955064,3.918961,-0.148232,588.50,-1,-588.50
5.226667,217.0020,-390.849609,5.961215,-9.650478,-9.666590,6.221333,2.138022,-0.671797,5.961215,1.240405,1026.35,-1,-1026.35
5.228727,218.3203,-389.531250,3.462865,-9.643557,-9.786300,3.722984,1.210269,-0.791507,3.462865,0.312652,1141.75,-1,-1141.75
5.230985,221.1328,-386.718750,2.158026,-9.638778,-8.048109,2.418144,-0.786495,0.946684,2.158026,-1.684112,1251.79,-1,-1251.79
5.233255,224.2969,-383.554687,15.443451,-9.604378,-6.789956,15.703569,-0.428562,2.204837,15.443451,-1.326179,1405.66,-1,-1405.66
5.235512,226.8457,-381.005859,2.614121,-9.584487,-9.639056,2.874239,2.530671,-0.644263,2.614121,1.633054,1500.11,-1,-1500.11
5.237766,230.2734,-377.578125,-5.801498,-9.594315,-11.212047,-5.541380,4.384980,-2.217254,-5.801498,3.487363,1587.49,-1,-1587.49
5.240023,233.9648,-373.886719,17.340855,-9.581040,-7.242460,17.600973,-0.280122,1.752333,17.340855,-1.177738,1704.41,-1,-1704.41
5.242284,237.9199,-369.931641,11.910806,-9.544856,-8.062474,12.170924,-0.317232,0.932319,11.910806,-1.214849,1772.35,-1,-1772.35
5.244539,241.3477,-366.503906,-1.876204,-9.533855,-9.728839,-1.616086,0.986411,-0.734046,-1.876204,0.088794,1831.92,-1,-1831.92
5.246797,244.4238,-363.427734,-2.400535,-9.541896,-9.549273,-2.140416,2.358289,-0.554481,-2.400535,1.460672,1882.82,-1,-1882.82
5.249056,247.5000,-360.351562,6.941641,-9.532273,-7.762002,7.201759,-0.986411,1.232791,6.941641,-1.884028,1942.39,-1,-1942.39
5.251319,250.8398,-357.011719,0.901070,-9.521749,-9.114726,1.161188,0.930147,-0.119933,0.901070,0.032530,1970.61,-1,-1970.61
5.253574,253.4766,-354.375000,-5.709321,-9.529760,-10.187328,-5.449203,3.275268,-1.192535,-5.709321,2.377651,1989.47,-1,-1989.47
5.255830,256.3770,-351.474609,-3.154708,-9.538939,-8.989030,-2.894590,3.051410,0.005763,-3.154708,2.153793,1998.87,-1,-1998.87
5.258087,259.1895,-348.662109,5.197465,-9.535021,-8.737639,5.457583,-0.924162,0.257154,5.197465,-1.821779,1995.12,-1,-1995.12
5.260347,261.9141,-345.937500,1.318858,-9.526512,-8.786720,1.578976,-0.646434,0.208073,1.318858,-1.544051,1980.72,-1,-1980.72
5.262603,264.7266,-343.125000,-2.331103,-9.528996,-8.983045,-2.070984,1.477222,0.011748,-2.331103,0.579606,1956.87,-1,-1956.87
5.264859,267.2754,-340.576172,-0.291243,-9.531727,-9.338584,-0.031125,1.564611,-0.343791,-0.291243,0.666994,1923.68,-1,-1923.68
5.267116,269.8242,-338.027344,3.088173,-9.525088,-8.657434,3.348291,1.346738,0.337359,3.088173,0.449122,1856.68,-1,-1856.68
5.269378,272.2852,-335.566406,2.401037,-9.518991,-8.907627,2.661155,1.636437,0.087166,2.401037,0.738820,1800.86,-1,-1800.86
5.271635,274.9219,-332.929687,-0.803602,-9.518426,-9.447520,-0.543484,0.877475,-0.452727,-0.803602,-0.020142,1736.40,-1,-1736.40
5.273891,277.3828,-330.468750,-3.131963,-9.525227,-9.378088,-2.871845,0.551863,-0.383295,-3.131963,-0.345753,1663.58,-1,-1663.58
5.276148,279.6680,-328.183594,-0.406164,-9.528052,-8.500613,-0.146046,0.972046,0.494180,-0.406164,0.074429,1539.51,-1,-1539.51
5.278411,282.1289,-325.722656,2.292101,-9.525687,-9.032125,2.552219,0.088585,-0.037333,2.292101,-0.809031,1447.45,-1,-1447.45
5.280667,284.4141,-323.437500,-0.907750,-9.525324,-9.385271,-0.647632,0.289698,-0.390478,-0.907750,-0.607919,1348.39,-1,-1348.39
5.282922,286.4355,-321.416016,-1.169915,-9.528494,-9.072827,-0.909797,1.721431,-0.078034,-1.169915,0.823814,1242.83,-1,-1242.83
5.285181,288.0176,-319.833984,-9.094723,-9.539824,-9.288305,-8.834604,1.131260,-0.293512,-9.094723,0.233643,1073.39,-1,-1073.39
5.287444,289.3359,-318.515625,-9.178520,-9.562442,-9.734824,-8.918402,-0.423774,-0.740031,-9.178520,-1.321391,953.79,-1,-953.79
5.289700,290.8301,-317.021484,-3.487502,-9.573518,-8.237251,-3.227384,-0.148441,0.757542,-3.487502,-1.046057,829.57,-1,-829.57
5.291956,291.7090,-316.142578,-8.547647,-9.581120,-9.045294,-8.287529,1.168370,-0.050501,-8.547647,0.270754,701.33,-1,-701.33
5.294213,292.2363,-315.615234,-14.525970,-9.610229,-11.274296,-14.265851,1.873463,-2.279503,-14.525970,0.975846,502.69,-1,-502.69
5.296475,292.9395,-314.912109,-6.407231,-9.634316,-8.975863,-6.147113,0.422577,0.018930,-6.407231,-0.475040,367.07,-1,-367.07
5.298733,293.5547,-314.296875,4.534271,-9.629947,-7.909245,4.794389,0.688333,1.085547,4.534271,-0.209284,229.64,-1,-229.64
5.300988,293.6426,-314.208984,-12.134162,-9.631591,-9.832987,-11.874043,0.618901,-0.838194,-12.134162,-0.278716,91.00,-1,-91.00
5.303245,293.2910,-314.560547,-12.726727,-9.663951,-10.795456,-12.466608,0.970849,-1.800663,-12.726727,0.073232,117.60,1,117.60
5.305508,293.2910,-314.560547,-1.416517,-9.677002,-7.916428,-1.156399,0.009577,1.078365,-1.416517,-0.888040,256.17,1,256.17
5.307766,293.3789,-314.472656,5.473995,-9.666284,-7.607576,5.734113,-0.344765,1.387217,5.473995,-1.242382,393.57,1,393.57
5.310021,293.2910,-314.560547,-6.659819,-9.671968,-11.265916,-6.399701,2.251747,-2.271123,-6.659819,1.354130,595.92,1,595.92
5.312276,293.2031,-314.648437,-5.328643,-9.687419,-10.182540,-5.068525,2.601300,-1.187747,-5.328643,1.703683,727.39,1,727.39
5.314537,292.3242,-315.527344,-0.930495,-9.692251,-8.146272,-0.670376,-0.043096,0.848521,-0.930495,-0.940713,855.41,1,855.41
5.316794,291.3574,-316.494141,-11.901924,-9.713350,-8.832211,-11.641806,-1.472434,0.162582,-11.901924,-2.370051,979.28,1,979.28
5.319052,290.3027,-317.548828,-5.437579,-9.730910,-8.080431,-5.177461,0.001197,0.914362,-5.437579,-0.896420,1156.10,1,1156.10
5.321307,288.5449,-319.306641,-6.683761,-9.742325,-8.645462,-6.423643,1.671153,0.349331,-6.683761,0.773536,1267.08,1,1267.08
5.323567,286.6992,-321.152344,-15.351969,-9.774581,-10.896012,-15.091850,1.861492,-1.901219,-15.351969,0.963875,1371.94,1,1371.94
5.325823,284.7656,-323.085937,-7.390051,-9.796343,-10.320207,-7.129933,0.961272,-1.325414,-7.390051,0.063655,1470.14,1,1470.14
5.328080,283.0957,-324.755859,4.721019,-9.792609,-8.010999,4.981137,0.424971,0.983794,4.721019,-0.472646,1603.95,1,1603.95
5.330335,280.6348,-327.216797,-8.228022,-9.793750,-9.033323,-7.967903,-1.442507,-0.038530,-8.228022,-2.340123,1683.47,1,1683.47
5.332595,277.7344,-330.117187,-17.728214,-9.831860,-10.084377,-17.468096,-0.361524,-1.089584,-17.728214,-1.259141,1754.81,1,1754.81
5.334854,275.1855,-332.666016,-6.567642,-9.854875,-8.267179,-6.307524,0.456095,0.727614,-6.567642,-0.441521,1817.57,1,1817.57
5.337110,272.7246,-335.126953,8.016637,-9.839950,-8.337808,8.276755,0.596156,0.656985,8.016637,-0.301461,1895.00,1,1895.00
5.345329,263.2324,-344.619141,6.787215,-9.784165,-7.699753,7.047333,-2.021903,1.295040,6.787215,-2.919520,1997.95,1,1997.95
5.347400,260.9473,-346.904297,6.416113,-9.767684,-8.058883,6.676231,-2.372654,0.935910,6.416113,-3.270271,1999.38,1,1999.38
5.349654,258.0469,-349.804687,-6.242031,-9.774298,-9.285912,-5.981913,0.764947,-0.291119,-6.242031,-0.132669,1990.99,1,1990.99
5.351909,255.0586,-352.792969,-2.967960,-9.790429,-9.897630,-2.707842,3.274071,-0.902837,-2.967960,2.376454,1972.81,1,1972.81
5.354167,252.2461,-355.605469,4.865868,-9.787480,-9.405622,5.125986,1.553837,-0.410829,4.865868,0.656220,1927.35,1,1927.35
5.356428,249.4336,-358.417969,3.116903,-9.778193,-9.144653,3.377022,0.537498,-0.149860,3.116903,-0.360119,1885.13,1,1885.13
5.358683,246.2695,-361.582031,-4.311107,-9.783642,-9.093178,-4.050989,0.274136,-0.098385,-4.311107,-0.623481,1833.60,1,1833.60
5.360937,243.1934,-364.658203,-2.398140,-9.795153,-8.058883,-2.138022,-0.052672,0.935910,-2.398140,-0.950289,1772.99,1,1772.99
5.363192,239.7656,-368.085937,3.557436,-9.792826,-8.774749,3.817555,-0.025139,0.220044,3.557436,-0.922756,1665.76,1,1665.76
5.365447,236.6895,-371.162109,1.232667,-9.787913,-9.961076,1.492785,1.386243,-0.966283,1.232667,0.488626,1583.86,1,1583.86
5.367707,233.1738,-374.677734,-0.365463,-9.787895,-9.751583,-0.105345,2.249352,-0.756790,-0.365463,1.351736,1494.10,1,1494.10
5.369962,229.5703,-378.281250,0.401879,-9.787728,-8.595184,0.661997,1.116895,0.399609,0.401879,0.219278,1396.96,1,1396.96
5.372218,226.2305,-381.621094,-0.479188,-9.787755,-8.598776,-0.219069,0.604536,0.396017,-0.479188,-0.293081,1238.29,1,1238.29
5.374472,223.9453,-383.906250,6.288023,-9.780411,-8.732851,6.548141,0.415394,0.261942,6.288023,-0.482223,1124.71,1,1124.71
5.376732,221.4844,-386.367187,12.642235,-9.752522,-8.729259,12.902353,0.768539,0.265533,12.642235,-0.129078,1005.52,1,1005.52
5.378987,218.8477,-389.003906,2.318437,-9.739614,-10.066422,2.578555,1.711854,-1.071629,2.318437,0.814237,881.26,1,881.26
5.381248,217.2656,-390.585937,0.503632,-9.737634,-9.154230,0.763750,1.325191,-0.159437,0.503632,0.427574,686.85,1,686.85
5.383508,216.2988,-391.552734,13.246771,-9.716090,-8.062474,13.506889,0.650026,0.932319,13.246771,-0.247591,552.77,1,552.77
5.385767,215.0684,-392.783203,11.574421,-9.686387,-7.862558,11.834539,0.707487,1.132235,11.574421,-0.190130,415.87,1,415.87
5.388022,214.1895,-393.662109,-4.410467,-9.686935,-10.741586,-4.150349,2.780865,-1.746793,-4.410467,1.883248,206.79,1,206.79
5.390279,214.1895,-393.662109,10.529351,-9.683950,-9.199720,10.789470,1.516727,-0.204927,10.529351,0.619110,65.94,1,65.94
5.392537,214.7168,-393.134766,13.577170,-9.650853,-6.782773,13.837289,-0.948104,2.212019,13.577170,-1.845721,75.34,-1,-75.34
5.394796,214.5410,-393.310547,-1.078935,-9.637253,-10.068815,-0.818817,1.408988,-1.074022,-1.078935,0.511371,216.24,-1,-216.24
5.397053,214.4531,-393.398437,-2.346665,-9.643081,-10.083180,-2.086547,2.528277,-1.088387,-2.346665,1.630660,425.47,-1,-425.47
5.399313,214.5410,-393.310547,1.606162,-9.643806,-8.061277,1.866280,0.770933,0.933516,1.606162,-0.126684,562.53,-1,-562.53
5.401570,214.9805,-392.871094,2.761364,-9.637426,-8.301894,3.021482,0.638055,0.692899,2.761364,-0.259562,696.80,-1,-696.80
5.403830,216.5625,-391.289062,8.810314,-9.629800,-9.216479,9.070433,2.236184,-0.221686,8.810314,1.338567,827.59,-1,-827.59
5.406086,218.2324,-389.619141,11.437951,-9.603067,-8.863335,11.698070,2.313996,0.131458,11.437951,1.416379,1015.97,-1,-1015.97
5.408342,219.8145,-388.037109,4.981987,-9.586761,-10.606314,5.242105,2.145205,-1.611521,4.981987,1.247588,1135.34,-1,-1135.34
5.410600,222.4512,-385.400391,3.132466,-9.579482,-9.082404,3.392584,0.186748,-0.087611,3.132466,-0.710869,1249.03,-1,-1249.03
5.412862,225.6152,-382.236328,16.593864,-9.553854,-7.158663,16.853983,-0.492008,1.836130,16.593864,-1.389625,1356.54,-1,-1356.54
5.415120,228.3398,-379.511719,6.242534,-9.527761,-9.160215,6.502652,1.717840,-0.165422,6.242534,0.820223,1504.89,-1,-1504.89
5.417375,231.2402,-376.611328,-2.419688,-9.525905,-10.384850,-2.159570,3.213019,-1.390057,-2.419688,2.315402,1594.45,-1,-1594.45
5.419634,234.8437,-373.007812,4.725807,-9.523090,-9.569624,4.985925,3.107674,-0.574831,4.725807,2.210057,1676.07,-1,-1676.07
5.421894,238.8867,-368.964844,10.840598,-9.492427,-8.282741,11.100717,0.421380,0.712052,10.840598,-0.476237,1749.24,-1,-1749.24
5.424151,242.1387,-365.712891,-0.950845,-9.482020,-10.023325,-0.690727,1.323994,-1.028532,-0.950845,0.426377,1842.42,-1,-1842.42
5.426407,245.2148,-362.636719,-0.656359,-9.484719,-9.364920,-0.396240,2.013524,-0.370127,-0.656359,1.115907,1893.01,-1,-1893.01
5.428665,248.3789,-359.472656,6.307177,-9.473773,-7.815871,6.567295,-0.287304,1.178922,6.307177,-1.184921,1934.06,-1,-1934.06
5.430927,251.4551,-356.396484,-0.559393,-9.467042,-9.004593,-0.299275,0.025139,-0.009800,-0.559393,-0.872478,1965.35,-1,-1965.35
5.433181,254.3555,-353.496094,-3.325894,-9.472787,-9.728839,-3.065775,3.302801,-0.734046,-3.325894,2.405184,1993.65,-1,-1993.65
5.435437,257.1680,-350.683594,-1.107666,-9.476916,-9.290700,-0.847547,3.743334,-0.295907,-1.107666,2.845717,1999.93,-1,-1999.93
5.437694,259.9805,-347.871094,2.638063,-9.472993,-9.321824,2.898181,1.082179,-0.327031,2.638063,0.184562,1996.08,-1,-1996.08
5.439955,262.6172,-345.234375,0.269000,-9.468994,-8.809465,0.529119,-0.568623,0.185328,0.269000,-1.466240,1982.12,-1,-1982.12
5.442212,265.3418,-342.509766,0.495252,-9.468459,-8.262390,0.755371,1.010353,0.732403,0.495252,0.112736,1942.36,-1,-1942.36
5.444467,267.8027,-340.048828,1.060284,-9.466142,-9.193734,1.320402,1.174356,-0.198941,1.060284,0.276739,1903.48,-1,-1903.48
5.446724,270.5273,-337.324219,0.160064,-9.465983,-9.301474,0.420182,1.655591,-0.306681,0.160064,0.757974,1854.94,-1,-1854.94
5.448987,272.9883,-334.863281,3.170773,-9.461643,-8.318654,3.430891,2.127248,0.676139,3.170773,1.229631,1796.94,-1,-1796.94
5.451247,275.5371,-332.314453,0.714322,-9.457181,-9.279925,0.974440,1.722628,-0.285132,0.714322,0.825011,1692.86,-1,-1692.86
5.453504,277.9102,-329.941406,-1.643967,-9.459229,-9.555259,-1.383849,0.450110,-0.560466,-1.643967,-0.447507,1612.62,-1,-1612.62
5.455761,280.3711,-327.480469,1.075846,-9.461864,-7.979874,1.335965,0.390255,1.014919,1.075846,-0.507362,1524.13,-1,-1524.13
5.463370,287.1387,-320.712891,-10.319357,-9.540383,-9.036914,-10.059238,1.716643,-0.042121,-10.319357,0.819026,1097.22,-1,-1097.22
5.465430,288.3691,-319.482422,-6.361741,-9.556714,-8.961497,-6.101623,1.216254,0.033296,-6.361741,0.318638,974.91,-1,-974.91
5.467687,289.8633,-317.988281,-0.567773,-9.562721,-8.713697,-0.307655,0.278924,0.281096,-0.567773,-0.618692,847.61,-1,-847.61
5.469943,290.9180,-316.933594,-2.841068,-9.564876,-8.736442,-2.580950,0.730232,0.258351,-2.841068,-0.167385,715.92,-1,-715.92
5.472213,291.7090,-316.142578,-15.587798,-9.585261,-10.438720,-15.327680,2.318784,-1.443927,-15.587798,1.421167,511.63,-1,-511.63
5.474469,292.1484,-315.703125,-9.191688,-9.613358,-10.392033,-8.931569,1.426944,-1.397240,-9.191688,0.529327,371.97,-1,-371.97
5.476727,292.8516,-315.000000,3.982407,-9.613332,-7.484274,4.242526,-0.816423,1.510519,3.982407,-1.714040,230.36,-1,-230.36
5.478983,292.7637,-315.087891,-6.210907,-9.610383,-8.243237,-5.950788,-0.739808,0.751556,-6.210907,-1.637425,87.49,-1,-87.49
5.481245,292.5879,-315.263672,-18.365072,-9.644287,-11.394006,-18.104954,2.573767,-2.399213,-18.365072,1.676150,127.47,1,127.47
5.483501,292.5000,-315.351562,-8.444697,-9.668747,-9.283517,-8.184579,1.641225,-0.288724,-8.444697,0.743608,270.18,1,270.18
5.485757,292.5000,-315.351562,7.577301,-9.663522,-7.720103,7.837419,-0.597353,1.274690,7.577301,-1.494970,411.57,1,411.57
5.488012,292.6758,-315.175781,0.348009,-9.653479,-9.871294,0.608127,0.148441,-0.876501,0.348009,-0.749176,619.50,1,619.50
5.490273,292.5879,-315.263672,-5.580034,-9.661514,-10.096349,-5.319916,0.910994,-1.101556,-5.580034,0.013377,754.37,1,754.37
5.492530,291.5332,-316.318359,-4.985075,-9.672776,-9.033323,-4.724957,1.338359,-0.038530,-4.985075,0.440742,885.36,1,885.36
5.494787,290.6543,-317.197266,-8.573984,-9.695645,-9.714474,-8.313866,-0.128090,-0.719681,-8.573984,-1.025707,1011.81,1,1011.81
5.497045,289.5996,-318.251953,-4.056125,-9.709227,-8.299500,-3.796007,-0.600945,0.695292,-4.056125,-1.498562,1191.63,1,1191.63
5.499305,287.8418,-320.009766,-3.193015,-9.715539,-8.131907,-2.932897,1.163582,0.862886,-3.193015,0.265965,1303.96,1,1303.96
5.501561,285.9961,-321.855469,-19.873419,-9.753538,-10.546458,-19.613300,2.325967,-1.551665,-19.873419,1.428350,1409.58,1,1409.58
5.503819,283.9746,-323.876953,-7.006979,-9.781046,-9.338584,-6.746861,1.377863,-0.343791,-7.006979,0.480246,1507.96,1,1507.96
5.506075,281.8652,-325.986328,5.183100,-9.781449,-7.654263,5.443218,0.086191,1.340530,5.183100,-0.811426,1640.79,1,1640.79
5.508335,279.2285,-328.623047,-7.722845,-9.788996,-9.060856,-7.462727,-1.783680,-0.066063,-7.722845,-2.681297,1718.82,1,1718.82
5.510590,276.6797,-331.171875,-12.889532,-9.817993,-10.296265,-12.629414,-1.238999,-1.301472,-12.889532,-2.136616,1787.99,1,1787.99
5.512847,274.2187,-333.632812,1.509197,-9.829405,-7.747637,1.769315,2.135628,1.247156,1.509197,1.238011,1847.88,1,1847.88
5.515104,271.6699,-336.181641,3.693906,-9.821401,-8.644265,3.954024,0.881066,0.350528,3.693906,-0.016551,1919.66,1,1919.66
5.517363,269.0332,-338.818359,-2.915288,-9.823608,-11.625047,-2.655170,1.217452,-2.630254,-2.915288,0.319835,1955.12,1,1955.12
5.519618,266.3086,-341.542969,-3.600030,-9.834581,-8.729259,-3.339911,2.331953,0.265533,-3.600030,1.434336,1980.41,1,1980.41
5.521875,263.9355,-343.916016,1.809669,-9.836608,-7.447165,2.069787,-0.678756,1.547628,1.809669,-1.576373,1995.39,1,1995.39
5.524134,261.1230,-346.728516,3.565816,-9.829446,-8.437167,3.825934,-2.280477,0.557626,3.565816,-3.178094,1998.37,1,1998.37
5.526393,258.3984,-349.453125,-2.139566,-9.830660,-9.258378,-1.879448,0.284910,-0.263585,-2.139566,-0.612707,1987.33,1,1987.33
5.528647,255.3223,-352.529297,-3.968737,-9.840156,-9.526528,-3.708618,2.060210,-0.531735,-3.968737,1.162594,1965.91,1,1965.91
5.530903,252.5098,-355.341797,0.368360,-9.845227,-9.482236,0.628478,2.003947,-0.487443,0.368360,1.106330,1934.21,1,1934.21
5.533160,249.7852,-358.066406,3.403010,-9.839532,-9.136273,3.663129,0.899023,-0.141480,3.403010,0.001406,1867.77,1,1867.77
5.535422,246.5332,-361.318359,0.118166,-9.836908,-9.404425,0.378284,0.538695,-0.409632,0.118166,-0.358921,1811.19,1,1811.19
5.537678,243.4570,-364.394531,-4.060914,-9.843456,-8.629900,-3.800795,0.271742,0.364893,-4.060914,-0.625875,1745.10,1,1745.10
5.539932,240.2930,-367.558594,0.525180,-9.848286,-8.517372,0.785298,-0.424971,0.477421,0.525180,-1.322588,1669.87,1,1669.87
5.542188,237.1289,-370.722656,2.993602,-9.843107,-9.042900,3.253720,0.292093,-0.048107,2.993602,-0.605524,1540.69,1,1540.69
5.544447,233.6133,-374.238281,-1.102877,-9.842761,-9.967062,-0.842759,1.918953,-0.972269,-1.102877,1.021336,1444.30,1,1444.30
5.546702,229.9219,-377.929687,-1.112454,-9.848213,-8.948329,-0.852336,1.572991,0.046464,-1.112454,0.675374,1340.35,1,1340.35
5.548960,227.1973,-380.654297,0.624539,-9.848546,-8.219295,0.884658,0.867898,0.775498,0.624539,-0.029719,1229.29,1,1229.29
5.551216,224.6484,-383.203125,11.716875,-9.832296,-8.784326,11.976994,0.386664,0.210467,11.716875,-0.510953,1050.71,1,1050.71
5.553477,222.2754,-385.576172,10.220499,-9.805374,-9.051279,10.480618,0.760159,-0.056486,10.220499,-0.137458,924.57,1,924.57
5.555732,220.0781,-387.773437,-0.042246,-9.799003,-9.507375,0.217872,1.074997,-0.512582,-0.042246,0.177380,793.53,1,793.53
5.557991,218.5840,-389.267578,6.288023,-9.794436,-8.623915,6.548141,0.403423,0.370878,6.288023,-0.494194,658.23,1,658.23
5.560247,217.6172,-390.234375,15.025662,-9.764137,-7.417237,15.285781,0.363919,1.577556,15.025662,-0.533698,448.98,1,448.98
5.562501,216.7383,-391.113281,6.131204,-9.742247,-9.076419,6.391322,1.516727,-0.081626,6.131204,0.619110,306.29,1,306.29
5.564760,216.6504,-391.201172,4.026700,-9.744799,-10.706870,4.286818,2.777274,-1.712077,4.026700,1.879657,161.90,1,161.90
5.567017,217.1777,-390.673828,11.692933,-9.724152,-7.237672,11.953052,0.639252,1.757121,11.692933,-0.258365,56.08,-1,-56.08
5.569274,217.1777,-390.673828,8.179442,-9.701824,-8.601170,8.439561,0.312443,0.393623,8.179442,-0.585174,201.26,-1,-201.26
5.571529,217.0020,-390.849609,-1.001124,-9.700639,-9.874885,-0.741005,-0.037110,-0.880092,-1.001124,-0.934727,345.43,-1,-345.43
5.573791,217.0020,-390.849609,0.804105,-9.701511,-8.386889,1.064223,0.889446,0.607904,0.804105,-0.008171,487.78,-1,-487.78
5.581429,220.8691,-386.982422,14.343315,-9.591971,-8.652645,14.603434,2.246958,0.342148,14.343315,1.349341,1024.53,-1,-1024.53
5.583485,222.2754,-385.576172,4.859882,-9.576912,-9.823410,5.120000,2.127248,-0.828617,4.859882,1.229631,1146.97,-1,-1146.97
5.585743,225.1758,-382.675781,6.460406,-9.568351,-8.437167,6.720524,-0.621295,0.557626,6.460406,-1.518912,1263.31,-1,-1263.31
5.588014,228.1641,-379.687500,19.352583,-9.538022,-6.687006,19.612701,-1.215057,2.307787,19.352583,-2.112674,1425.13,-1,-1425.13
5.590269,230.8008,-377.050781,5.454842,-9.514536,-8.676587,5.714960,0.799663,0.318206,5.454842,-0.097953,1523.69,-1,-1523.69
5.592524,233.6133,-374.238281,-2.727343,-9.518716,-10.748769,-2.467225,3.937265,-1.753976,-2.727343,3.039648,1614.15,-1,-1614.15
5.594781,237.1289,-370.722656,12.532102,-9.509295,-8.246828,12.792220,1.775301,0.747965,12.532102,0.877684,1696.02,-1,-1696.02
5.597043,240.9961,-366.855469,11.053681,-9.477838,-7.453150,11.313800,-0.320823,1.541643,11.053681,-1.218440,1801.83,-1,-1801.83
5.599298,244.4238,-363.427734,-0.794025,-9.474695,-9.690532,-0.533907,1.526304,-0.695739,-0.794025,0.628687,1860.41,-1,-1860.41
5.601554,247.3242,-360.527344,2.800869,-9.475013,-9.440337,3.060987,1.134852,-0.445544,2.800869,0.237235,1909.07,-1,-1909.07
5.603816,250.3125,-357.539062,5.576946,-9.465042,-7.437588,5.837064,-0.708684,1.557205,5.576946,-1.606301,1947.55,-1,-1947.55
5.606079,253.3887,-354.462891,1.988037,-9.457082,-8.523358,2.248155,0.396240,0.471435,1.988037,-0.501377,1985.68,-1,-1985.68
5.608334,256.2891,-351.562500,-2.808746,-9.460773,-9.373300,-2.548628,1.231817,-0.378507,-2.808746,0.334200,1997.83,-1,-1997.83
5.610589,259.0137,-348.837891,-0.276878,-9.468004,-9.606734,-0.016759,4.055778,-0.611941,-0.276878,3.158161,1999.29,-1,-1999.29
5.612846,261.7383,-346.113281,6.271264,-9.460199,-8.748413,6.531382,0.518345,0.246380,6.271264,-0.379272,1990.01,-1,-1990.01
5.615109,264.3750,-343.476562,2.506382,-9.450666,-8.906430,2.766500,-0.586579,0.088363,2.506382,-1.484196,1956.09,-1,-1956.09
5.617365,267.0996,-340.751953,-3.574891,-9.455985,-8.945934,-3.314772,0.233435,0.048859,-3.574891,-0.664182,1920.29,-1,-1920.29
5.619621,269.5605,-338.291016,1.657637,-9.458942,-8.827422,1.917756,1.100136,0.167371,1.657637,0.202519,1874.17,-1,-1874.17
5.621879,272.1973,-335.654297,5.168735,-9.450579,-9.054871,5.428853,0.730232,-0.060078,5.168735,-0.167385,1817.95,-1,-1817.95
5.624141,274.5703,-333.281250,3.600532,-9.440638,-8.966286,3.860650,1.605312,0.028507,3.600532,0.707695,1715.31,-1,-1715.31
5.626396,277.2070,-330.644531,-3.122386,-9.444073,-9.357738,-2.862268,2.193089,-0.362945,-3.122386,1.295472,1635.24,-1,-1635.24
5.628655,279.5801,-328.271484,-1.122031,-9.451117,-8.761581,-0.861913,1.297657,0.233212,-1.122031,0.400041,1546.31,-1,-1546.31
5.630913,281.9531,-325.898437,4.164367,-9.446696,-8.368932,4.424485,0.518345,0.625861,4.164367,-0.379272,1449.02,-1,-1449.02
5.633174,284.3262,-323.525391,-0.518692,-9.444439,-9.082404,-0.258574,-0.167594,-0.087611,-0.518692,-1.065211,1288.52,-1,-1288.52
5.635429,285.9961,-321.855469,-2.343074,-9.449454,-9.169792,-2.082955,1.100136,-0.174999,-2.343074,0.202519,1172.64,-1,-1172.64
5.637688,287.6660,-320.185547,-9.438291,-9.464626,-9.768343,-9.178172,1.110910,-0.773550,-9.438291,0.213293,1050.41,-1,-1050.41
5.639947,289.1602,-318.691406,-5.122742,-9.482115,-9.230844,-4.862624,-0.057461,-0.236052,-5.122742,-0.955078,922.41,-1,-922.41
5.642208,290.3027,-317.548828,-0.527072,-9.485670,-7.830236,-0.266953,1.531092,1.164557,-0.527072,0.633475,721.21,-1,-721.21
5.644462,291.0059,-316.845703,-13.485688,-9.498073,-10.380061,-13.225570,1.511938,-1.385268,-13.485688,0.614321,582.02,-1,-582.02
5.646720,291.6211,-316.230469,-13.186414,-9.531396,-11.046846,-12.926295,1.031901,-2.052053,-13.186414,0.134284,439.59,-1,-439.59
5.648979,291.9727,-315.878906,2.004797,-9.544111,-7.807492,2.264915,0.442927,1.187301,2.004797,-0.454690,294.71,-1,-294.71
5.651241,292.0605,-315.791016,-3.370186,-9.543833,-7.135918,-3.110068,-0.842759,1.858875,-3.370186,-1.740376,74.61,-1,-74.61
5.653496,291.8848,-315.966797,-12.538782,-9.572772,-10.728417,-12.278664,0.666785,-1.733624,-12.538782,-0.230832,72.85,1,72.85
5.655754,291.8848,-315.966797,-0.487567,-9.589030,-9.123106,-0.227449,2.387019,-0.128313,-0.487567,1.489402,220.01,1,220.01
5.658011,291.8848,-315.966797,5.584128,-9.580229,-7.745243,5.844246,1.388637,1.249550,5.584128,0.491020,438.29,1,438.29
5.660271,291.8848,-315.966797,-1.858248,-9.579307,-10.064027,-1.598130,0.773327,-1.069234,-1.858248,-0.124290,581.05,1,581.05
5.662527,291.3574,-316.494141,-4.278786,-9.590994,-9.323022,-4.018668,1.154005,-0.328229,-4.278786,0.256388,720.70,1,720.70
5.664784,290.3027,-317.548828,-9.087541,-9.604180,-7.703344,-8.827422,-0.617704,1.291449,-9.087541,-1.515321,856.45,1,856.45
5.667042,289.3359,-318.515625,-9.300624,-9.626552,-9.489418,-9.040505,-1.128866,-0.494625,-9.300624,-2.026483,1051.18,1,1051.18
5.669305,288.2812,-319.570312,-2.457995,-9.634276,-8.446744,-2.197877,-0.556652,0.548049,-2.457995,-1.454269,1174.03,1,1174.03
5.671561,286.4355,-321.416016,-13.757431,-9.650325,-9.429564,-13.497313,2.565387,-0.434771,-13.757431,1.667770,1290.47,1,1290.47
5.673817,284.5898,-323.261719,-17.670753,-9.690403,-12.376825,-17.410635,4.066552,-3.382032,-17.670753,3.168935,1399.89,1,1399.89
5.676073,282.9199,-324.931641,-1.670303,-9.707913,-8.954314,-1.410185,-0.058658,0.040479,-1.670303,-0.956275,1549.56,1,1549.56
5.678333,280.5469,-327.304687,8.287182,-9.693226,-6.537368,8.547300,-1.301249,2.457425,8.287182,-2.198865,1638.86,1,1638.86
5.680587,277.9980,-329.853516,-17.041079,-9.709766,-10.638636,-16.780960,-0.257377,-1.643843,-17.041079,-1.154994,1719.21,1,1719.21
5.682844,275.2734,-332.578125,-12.635747,-9.747169,-10.632649,-12.375628,0.632069,-1.637856,-12.635747,-0.265548,1790.16,1,1790.16
5.685102,272.7246,-335.126953,1.560672,-9.751028,-7.963115,1.820790,1.298854,1.031678,1.560672,0.401238,1878.05,1,1878.05
5.687363,270.2637,-337.587891,6.693841,-9.736588,-8.042124,6.953959,0.851139,0.952669,6.693841,-0.046478,1923.85,1,1923.85
5.689619,267.5391,-340.312500,-7.089578,-9.742064,-10.979809,-6.829460,1.831564,-1.985016,-7.089578,0.933947,1959.08,1,1959.08
5.691874,264.9023,-342.949219,-5.554895,-9.758230,-9.607931,-5.294777,3.245340,-0.613138,-5.554895,2.347723,1983.53,1,1983.53
5.700091,254.8828,-352.968750,-3.658688,-9.788290,-9.749189,-3.398569,2.005144,-0.754396,-3.658688,1.107527,1957.80,1,1957.80
5.702162,252.4219,-355.429687,0.963319,-9.788582,-9.111135,1.223437,1.999158,-0.116342,0.963319,1.101542,1922.02,1,1922.02
5.704419,249.2578,-358.593750,-0.298425,-9.784857,-9.453506,-0.038307,0.861913,-0.458713,-0.298425,-0.035704,1875.63,1,1875.63
5.706675,246.2695,-361.582031,-5.055704,-9.791173,-9.531317,-4.795586,0.574608,-0.536524,-5.055704,-0.323008,1818.85,1,1818.85
5.708932,243.1055,-364.746094,-3.957963,-9.801670,-8.908825,-3.697845,0.817620,0.085968,-3.957963,-0.079997,1751.97,1,1751.97
5.711195,239.9414,-367.910156,3.034303,-9.798613,-8.207323,3.294421,0.074220,0.787470,3.034303,-0.823397,1633.57,1,1633.57
5.713451,236.4258,-371.425781,0.631722,-9.792934,-9.506178,0.891840,0.153229,-0.511385,0.631722,-0.744388,1543.19,1,1543.19
5.715707,233.0859,-374.765625,-2.574114,-9.795547,-9.662998,-2.313996,1.535880,-0.668205,-2.574114,0.638264,1444.18,1,1444.18
5.717962,229.5703,-378.281250,-0.811982,-9.799094,-9.464279,-0.551863,1.775301,-0.469486,-0.811982,0.877684,1337.19,1,1337.19
5.720223,226.8457,-381.005859,0.252241,-9.798987,-9.069236,0.512359,1.300052,-0.074443,0.252241,0.402435,1162.85,1,1162.85
5.722478,224.2090,-383.642578,12.133467,-9.780590,-8.306683,12.393585,0.609324,0.688110,12.133467,-0.288293,1038.38,1,1038.38
5.724734,222.0996,-385.751953,6.514276,-9.758507,-9.418790,6.774394,1.310825,-0.423997,6.514276,0.413209,908.11,1,908.11
5.726989,219.8145,-388.037109,0.272592,-9.752707,-10.001778,0.532710,0.839168,-1.006985,0.272592,-0.058449,772.73,1,772.73
5.729255,218.4961,-389.355469,5.075360,-9.747055,-9.276335,5.335478,1.024718,-0.281542,5.075360,0.127101,561.70,1,561.70
5.731512,217.6172,-390.234375,13.500556,-9.716105,-7.432799,13.760674,0.574608,1.561994,13.500556,-0.323008,416.94,1,416.94
5.733766,216.9141,-390.937500,0.286957,-9.700062,-10.166978,0.547075,1.863886,-1.172185,0.286957,0.966269,269.77,1,269.77
5.736021,216.9141,-390.937500,1.600177,-9.702013,-11.112687,1.860295,2.740164,-2.117894,1.600177,1.842547,46.35,1,46.35
5.738283,217.0898,-390.761719,11.473864,-9.678410,-7.632715,11.733982,1.028310,1.362078,11.473864,0.130693,103.14,-1,-103.14
5.740540,217.0898,-390.761719,2.837979,-9.660867,-8.729259,3.098097,-0.353145,0.265533,2.837979,-1.250762,252.12,-1,-252.12
5.742796,217.0020,-390.849609,-3.141540,-9.663289,-9.829395,-2.881422,-0.041899,-0.834602,-3.141540,-0.939515,399.71,-1,-399.71
5.745053,216.9141,-390.937500,-0.322367,-9.666234,-8.713697,-0.062249,0.577003,0.281096,-0.322367,-0.320614,616.75,-1,-616.75
5.747315,217.4414,-390.410156,3.011558,-9.660081,-8.752005,3.271677,1.786075,0.242788,3.011558,0.888458,757.37,-1,-757.37
5.749569,219.1113,-388.740234,6.356258,-9.652209,-9.891644,6.616376,2.120066,-0.896852,6.356258,1.222449,893.73,-1,-893.73
5.751823,220.2539,-387.597656,10.675398,-9.629871,-8.814254,10.935516,1.703475,0.180539,10.675398,0.805858,1025.16,-1,-1025.16
5.754079,222.2754,-385.576172,3.910581,-9.617971,-9.916783,4.170700,2.276886,-0.921990,3.910581,1.379269,1211.39,-1,-1211.39
5.756341,225.3516,-382.500000,11.787504,-9.605783,-8.456321,12.047623,-0.010774,0.538472,11.787504,-0.908391,1327.18,-1,-1327.18
5.758597,228.2520,-379.599609,16.854832,-9.568792,-6.639122,17.114950,-1.340753,2.355671,16.854832,-2.238370,1435.57,-1,-1435.57
5.760854,230.8887,-376.962891,4.755734,-9.547805,-10.113108,5.015852,1.584962,-1.118315,4.755734,0.687345,1535.94,-1,-1535.94
5.763111,234.6680,-373.183594,-0.700651,-9.548853,-10.517728,-0.440533,2.797625,-1.522935,-0.700651,1.900008,1670.13,-1,-1670.13
5.765373,238.5352,-369.316406,12.342959,-9.529874,-7.376535,12.603078,1.704672,1.618258,12.342959,0.807055,1747.98,-1,-1747.98
5.767629,241.8750,-365.976562,5.016703,-9.508394,-9.133880,5.276821,2.043451,-0.139087,5.016703,1.145834,1815.99,-1,-1815.99
5.769888,245.1270,-362.724609,-3.437224,-9.509855,-10.188525,-3.177106,0.306458,-1.193732,-3.437224,-0.591159,1873.77,-1,-1873.77
5.772146,248.1152,-359.736328,0.476099,-9.511733,-8.726865,0.736217,0.452504,0.267928,0.476099,-0.445113,1940.55,-1,-1940.55
5.774409,251.2793,-356.572266,4.395407,-9.503421,-7.988254,4.655525,0.371101,1.006539,4.395407,-0.526516,1971.43,-1,-1971.43
5.776664,254.1797,-353.671875,1.156052,-9.496599,-9.502586,1.416170,0.995988,-0.507793,1.156052,0.098371,1991.17,-1,-1991.17
5.778918,256.9922,-350.859375,-2.080909,-9.498565,-10.329783,-1.820790,2.831144,-1.334991,-2.080909,1.933527,1999.65,-1,-1999.65
5.781174,259.7168,-348.134766,-1.709807,-9.503869,-9.351752,-1.449689,2.348712,-0.356959,-1.709807,1.451095,1991.14,-1,-1991.14
5.783436,262.3535,-345.498047,2.610530,-9.499139,-8.026561,2.870648,-0.057461,0.968232,2.610530,-0.955078,1971.35,-1,-1971.35
5.785694,265.2539,-342.597656,2.362730,-9.493321,-8.775947,2.622848,0.413000,0.218846,2.362730,-0.484617,1940.37,-1,-1940.37
5.787948,267.7148,-340.136719,0.273789,-9.491575,-9.567230,0.533907,0.982820,-0.572437,0.273789,0.085203,1898.36,-1,-1898.36
5.790204,270.2637,-337.587891,-0.215825,-9.492051,-9.555259,0.044293,1.405396,-0.560466,-0.215825,0.507779,1815.22,-1,-1815.22
5.792465,272.7246,-335.126953,1.766574,-9.490334,-8.615535,2.026692,1.612495,0.379258,1.766574,0.714878,1746.80,-1,-1746.80
5.794722,275.2734,-332.578125,2.290904,-9.485065,-8.627506,2.551022,1.198298,0.367287,2.290904,0.300681,1668.40,-1,-1668.40
5.796982,277.8223,-330.029297,-1.099286,-9.485858,-9.091981,-0.839168,0.741005,-0.097188,-1.099286,-0.156611,1580.52,-1,-1580.52
5.799240,280.1953,-327.656250,2.085002,-9.484597,-8.428787,2.345121,0.938527,0.566006,2.085002,0.040910,1431.89,-1,-1431.89
5.801497,282.5684,-325.283203,1.006415,-9.480706,-8.886080,1.266533,1.083376,0.108713,1.006415,0.185759,1322.46,-1,-1322.46
5.803760,284.3262,-323.525391,-1.687062,-9.481416,-9.689334,-1.426944,1.526304,-0.694541,-1.687062,0.628687,1205.47,-1,-1205.47
5.806015,285.9961,-321.855469,-10.449841,-9.498691,-9.789890,-10.189722,1.410185,-0.795097,-10.449841,0.512568,1017.16,-1,-1017.16
5.808273,287.4023,-320.449219,-4.429620,-9.521633,-7.955932,-4.169502,-0.439336,1.038861,-4.429620,-1.336953,884.18,-1,-884.18
5.810529,288.7207,-319.130859,2.336394,-9.523330,-7.419631,2.596512,0.331597,1.575162,2.336394,-0.566020,746.12,-1,-746.12
5.818156,290.5664,-317.285156,2.877483,-9.501383,-7.903260,3.137601,0.629675,1.091533,2.877483,-0.267942,158.93,-1,-158.93
5.820213,290.6543,-317.197266,-9.510117,-9.498754,-8.255207,-9.249998,-0.235829,0.739586,-9.510117,-1.133446,7.58,-1,-7.58
5.822468,290.4785,-317.373047,-13.354008,-9.527528,-11.142614,-13.093889,0.767342,-2.147821,-13.354008,-0.130275,143.85,1,143.85
5.824727,290.3906,-317.460937,-3.716148,-9.549207,-8.796297,-3.456030,1.653196,0.198496,-3.716148,0.755579,294.46,1,294.46
5.826996,290.4785,-317.373047,5.525470,-9.539090,-7.297527,5.785588,0.754174,1.697266,5.525470,-0.143443,443.49,1,443.49
5.829254,290.5664,-317.285156,-2.876981,-9.535938,-10.996569,-2.616863,1.416170,-2.001776,-2.876981,0.518553,662.04,1,662.04
5.831509,289.7754,-318.076172,-4.299136,-9.544991,-9.981427,-4.039018,1.498770,-0.986634,-4.299136,0.601153,803.17,1,803.17
5.833765,289.0723,-318.779297,-12.235915,-9.565106,-8.030152,-11.975797,-0.275333,0.964641,-12.235915,-1.172950,939.77,1,939.77
5.836028,287.9297,-319.921875,-7.749181,-9.588599,-8.860941,-7.489063,-0.954089,0.133852,-7.749181,-1.851706,1134.34,1,1134.34
5.838285,286.3477,-321.503906,-1.288428,-9.594177,-8.493430,-1.028310,1.493982,0.501363,-1.288428,0.596365,1256.07,1,1256.07
5.840539,284.5898,-323.261719,-16.432951,-9.612333,-9.906010,-16.172832,1.926135,-0.911217,-16.432951,1.028518,1370.60,1,1370.60
5.842795,282.6562,-325.195312,-12.937416,-9.646343,-11.816583,-12.677298,2.268506,-2.821790,-12.937416,1.370889,1477.26,1,1477.26
5.845055,280.9863,-326.865234,-0.476793,-9.655176,-8.467094,-0.216675,1.212663,0.527699,-0.476793,0.315046,1621.12,1,1621.12
5.847312,278.3496,-329.501953,-7.362517,-9.653605,-8.222886,-7.102399,-1.158794,0.771907,-7.362517,-2.056410,1705.44,1,1705.44
5.849567,275.6250,-332.226562,-15.556673,-9.682942,-10.855310,-15.296555,-1.620875,-1.860518,-15.556673,-2.518491,1779.94,1,1779.94
5.851825,272.9883,-334.863281,-6.570036,-9.706334,-8.631097,-6.309918,-0.020351,0.363696,-6.570036,-0.917968,1844.13,1,1844.13
5.854088,270.5273,-337.324219,6.552583,-9.697601,-7.168240,6.812701,1.458069,1.826553,6.552583,0.560452,1920.34,1,1920.34
5.856345,267.8906,-339.960937,-0.523480,-9.689907,-11.134235,-0.263362,1.495179,-2.139442,-0.523480,0.597562,1957.31,1,1957.31
5.858600,265.1660,-342.685547,-8.969028,-9.701631,-11.245565,-8.708909,3.064578,-2.250772,-8.969028,2.166961,1982.92,1,1982.92
5.860855,262.4414,-345.410156,-3.105627,-9.713978,-8.368932,-2.845509,1.808819,0.625861,-3.105627,0.911203,1997.02,1,1997.02
5.863118,260.0684,-347.783203,5.032265,-9.706156,-7.231686,5.292383,-1.331176,1.763107,5.032265,-2.228793,1996.42,1,1996.42
5.865372,257.3437,-350.507812,-1.891767,-9.703063,-9.085996,-1.631648,-0.957681,-0.091203,-1.891767,-1.855298,1981.50,1,1981.50
5.867627,254.1797,-353.671875,-5.485463,-9.712408,-9.791088,-5.225345,1.593341,-0.796295,-5.485463,0.695724,1955.05,1,1955.05
5.869884,251.1914,-356.660156,0.655664,-9.715347,-9.423578,0.915782,1.569399,-0.428785,0.655664,0.671782,1917.20,1,1917.20
5.872147,248.2910,-359.560547,1.061481,-9.708728,-9.385271,1.321599,1.417367,-0.390478,1.061481,0.519751,1839.53,1,1839.53
5.874402,245.3027,-362.548828,-5.526165,-9.714286,-9.788693,-5.266047,1.146823,-0.793900,-5.526165,0.249206,1774.26,1,1774.26
5.876659,242.0508,-365.800781,-3.409691,-9.725875,-8.670602,-3.149572,0.222661,0.324191,-3.409691,-0.674956,1698.63,1,1698.63
5.878916,238.8867,-368.964844,2.762561,-9.722721,-7.923611,3.022680,-0.828394,1.071182,2.762561,-1.726011,1613.01,1,1613.01
5.881176,235.5469,-372.304687,0.984867,-9.715791,-9.300277,1.244985,0.395043,-0.305484,0.984867,-0.502574,1467.09,1,1467.09
5.883431,232.1191,-375.732422,-2.399338,-9.717879,-10.035296,-2.139219,1.995567,-1.040504,-2.399338,1.097950,1358.92,1,1358.92
5.885686,229.0430,-378.808594,-3.863392,-9.725536,-9.848549,-3.603274,2.138022,-0.853756,-3.863392,1.240405,1242.73,1,1242.73
5.887943,226.6699,-381.181641,8.599625,-9.715938,-9.008183,8.859743,1.491588,-0.013391,8.599625,0.593971,1119.26,1,1119.26
5.890203,224.4727,-383.378906,8.641523,-9.686710,-8.631097,8.901642,0.785298,0.363696,8.641523,-0.112319,921.93,1,921.93
5.892457,221.9238,-385.927734,-1.126819,-9.678385,-9.661801,-0.866701,0.551863,-0.667008,-1.126819,-0.345753,783.35,1,783.35
5.894715,220.6934,-387.158203,-1.244135,-9.682492,-9.652225,-0.984017,0.173580,-0.657432,-1.244135,-0.724037,640.18,1,640.18
5.896971,219.5508,-388.300781,16.656113,-9.654373,-7.661446,16.916231,-0.016759,1.333347,16.656113,-0.914376,493.22,1,493.22
5.899232,218.5840,-389.267578,2.978040,-9.636200,-9.627085,3.238158,2.728193,-0.632292,2.978040,1.830576,267.45,1,267.45
5.901487,218.1445,-389.707031,-2.820717,-9.636246,-11.073183,-2.560599,2.381034,-2.078390,-2.820717,1.483417,114.77,1,114.77
5.903745,218.0566,-389.794922,11.504989,-9.624271,-9.734824,11.765107,1.497573,-0.740031,11.504989,0.599956,38.61,-1,-38.61
5.906002,218.4961,-389.355469,8.818694,-9.598119,-6.521805,9.078813,-0.846350,2.472988,8.818694,-1.743967,268.16,-1,-268.16
5.908261,218.3203,-389.531250,-2.580100,-9.594599,-9.281123,-2.319981,0.594959,-0.286330,-2.580100,-0.302658,419.43,-1,-419.43
5.910517,218.4082,-389.443359,1.061481,-9.598586,-10.240001,1.321599,1.327585,-1.245208,1.061481,0.429968,568.24,-1,-568.24
5.912774,218.8477,-389.003906,2.073031,-9.592692,-8.650250,2.333150,0.043096,0.344543,2.073031,-0.854521,713.83,-1,-713.83
5.915029,220.3418,-387.509766,4.722216,-9.586247,-8.937555,4.982334,1.872266,0.057238,4.722216,0.974649,924.03,-1,-924.03
5.917289,222.0117,-385.839844,7.999877,-9.563633,-8.956709,8.259995,2.551022,0.038084,7.999877,1.653405,1057.57,-1,-1057.57
5.919546,224.1211,-383.730469,4.999943,-9.548311,-10.698490,5.260061,2.275689,-1.703697,4.999943,1.378072,1184.94,-1,-1184.94
5.921802,226.9336,-380.917969,10.115154,-9.532776,-9.756371,10.375273,0.420182,-0.761579,10.115154,-0.477434,1305.29,-1,-1305.29
5.924059,229.7461,-378.105469,11.903624,-9.501621,-6.216545,12.163742,-2.037466,2.778248,11.903624,-2.935082,1471.20,-1,-1471.20
5.926321,232.1191,-375.732422,2.208304,-9.493423,-9.542090,2.468422,2.318784,-0.547297,2.208304,1.421167,1571.09,-1,-1571.09
5.928577,235.9863,-371.865234,4.264923,-9.488945,-10.366894,4.525041,1.952471,-1.372101,4.264923,1.054855,1661.67,-1,-1661.67
5.936645,247.8516,-360.000000,2.551872,-9.468356,-10.056845,2.811990,1.367089,-1.062052,2.551872,0.469472,1921.11,-1,-1921.11
5.938703,250.5762,-357.275391,4.446883,-9.459074,-7.829040,4.707001,-1.258153,1.165753,4.446883,-2.155770,1958.27,-1,-1958.27
5.940973,253.6523,-354.199219,1.739040,-9.453112,-8.078036,1.999158,-0.365116,0.916757,1.739040,-1.262733,1983.78,-1,-1983.78
5.943227,256.3770,-351.474609,-3.613198,-9.459550,-9.479841,-3.353080,2.430115,-0.485048,-3.613198,1.532498,1999.86,-1,-1999.86
5.945482,259.3652,-348.486328,1.072255,-9.463149,-9.823410,1.332373,2.877831,-0.828617,1.072255,1.980214,1995.70,-1,-1995.70
5.947739,262.0898,-345.761719,6.400551,-9.450703,-9.534908,6.660669,1.009156,-0.540115,6.400551,0.111539,1979.62,-1,-1979.62
5.950002,264.7266,-343.125000,1.108168,-9.443802,-8.607155,1.368286,0.063446,0.387638,1.108168,-0.834171,1933.39,-1,-1933.39
5.952259,267.2754,-340.576172,-3.392931,-9.452155,-8.461109,-3.132813,1.000776,0.533684,-3.392931,0.103159,1888.07,-1,-1888.07
5.954516,269.8242,-338.027344,0.540742,-9.456038,-9.091981,0.800860,0.805649,-0.097188,0.540742,-0.091968,1831.43,-1,-1831.43
5.956771,272.3730,-335.478516,6.395763,-9.444165,-9.387665,6.655881,0.921768,-0.392872,6.395763,0.024151,1763.84,-1,-1763.84
5.959032,274.7461,-333.105469,1.183586,-9.433672,-8.939949,1.443704,1.871069,0.054844,1.183586,0.973452,1642.75,-1,-1642.75
5.961290,277.4707,-330.380859,-4.584046,-9.438474,-9.161413,-4.323928,2.214637,-0.166620,-4.584046,1.317020,1549.57,-1,-1549.57
5.963548,279.7559,-328.095703,-0.835924,-9.445636,-8.920795,-0.575805,0.999579,0.073997,-0.835924,0.101962,1447.09,-1,-1447.09
5.965805,282.3047,-325.546875,2.883469,-9.440272,-8.526949,3.143587,0.469264,0.467844,2.883469,-0.428353,1335.90,-1,-1335.90
5.968067,283.8867,-323.964844,-2.044996,-9.437958,-9.245210,-1.784877,0.810437,-0.250417,-2.044996,-0.087180,1154.18,-1,-1154.18
5.970323,285.3809,-322.470703,-12.796159,-9.455454,-9.336189,-12.536040,0.922965,-0.341396,-12.796159,0.025348,1024.19,-1,-1024.19
5.972582,286.8750,-320.976562,-7.581587,-9.478092,-9.156625,-7.321469,1.040281,-0.161832,-7.581587,0.142664,888.01,-1,-888.01
5.974839,288.0176,-319.833984,1.926985,-9.478895,-8.026561,2.187103,0.621295,0.968232,1.926985,-0.276322,746.46,-1,-746.46
5.977100,288.8965,-318.955078,-14.710322,-9.485714,-9.378088,-14.450204,1.101333,-0.383295,-14.710322,0.203716,525.82,-1,-525.82
5.979356,289.1602,-318.691406,-11.271052,-9.519000,-11.048044,-11.010934,2.124854,-2.053251,-11.271052,1.227237,374.58,-1,-374.58
5.981615,289.7754,-318.076172,-3.645519,-9.533476,-8.134300,-3.385401,0.198719,0.860493,-3.645519,-0.698898,221.02,-1,-221.02
5.983870,289.8633,-317.988281,3.553845,-9.527876,-7.801506,3.813963,-0.107739,1.193287,3.553845,-1.005356,66.05,-1,-66.05
5.986130,289.8633,-317.988281,-10.893966,-9.546077,-10.723629,-10.633847,1.551443,-1.728836,-10.893966,0.653826,166.92,1,166.92
5.988387,289.6875,-318.164062,-4.748049,-9.564106,-8.811859,-4.487931,1.181539,0.182934,-4.748049,0.283922,321.21,1,321.21
5.990645,289.6875,-318.164062,2.198727,-9.565188,-8.524555,2.458845,1.446098,0.470238,2.198727,0.548481,473.68,1,473.68
5.992900,289.7754,-318.076172,2.428570,-9.558002,-8.876503,2.688689,0.233435,0.118290,2.428570,-0.664182,623.24,1,623.24
5.995161,289.3359,-318.515625,-2.831491,-9.561965,-9.648633,-2.571373,1.924938,-0.653840,-2.831491,1.027321,840.35,1,840.35
5.997418,288.4570,-319.394531,-11.218380,-9.576677,-9.024943,-10.958261,0.418985,-0.030150,-11.218380,-0.478632,979.02,1,979.02
5.999676,287.1387,-320.712891,-8.323790,-9.599540,-9.018958,-8.063671,-1.493982,-0.024165,-8.323790,-2.391599,1111.74,1,1111.74
6.001934,285.4687,-322.382812,-5.721292,-9.613190,-8.078036,-5.461174,-0.623690,0.916757,-5.721292,-1.521306,1237.74,1,1237.74
6.004193,283.8867,-323.964844,-15.363940,-9.637610,-9.753978,-15.103822,2.043451,-0.759185,-15.363940,1.145834,1412.57,1,1412.57
6.006449,281.6895,-326.162109,-8.870865,-9.666577,-10.929531,-8.610746,2.366668,-1.934738,-8.870865,1.469052,1518.55,1,1518.55
6.008705,279.5801,-328.271484,-1.509891,-9.674214,-9.355343,-1.249773,1.997961,-0.360550,-1.509891,1.100344,1615.32,1,1615.32
6.010960,277.2949,-330.556641,-9.362873,-9.680395,-8.735245,-9.102755,-0.349553,0.259548,-9.362873,-1.247170,1702.35,1,1702.35
6.013223,274.6582,-333.193359,-9.146198,-9.704270,-9.512163,-8.886080,-1.649605,-0.517370,-9.146198,-2.547222,1813.30,1,1813.30
6.015481,271.8457,-336.005859,-0.637205,-9.714757,-8.027759,-0.377087,-0.972046,0.967034,-0.637205,-1.869663,1873.59,1,1873.59
6.017737,269.3848,-338.466797,3.229431,-9.709090,-8.271967,3.489549,1.073799,0.722826,3.229431,0.176183,1922.49,1,1922.49
6.019992,266.8359,-341.015625,-5.487857,-9.710223,-11.046846,-5.227739,2.912546,-2.052053,-5.487857,2.014930,1959.65,1,1959.65
6.022254,264.1992,-343.652344,-3.570102,-9.722683,-10.799047,-3.309984,3.234566,-1.804254,-3.570102,2.336950,1992.95,1,1992.95
6.024511,261.5625,-346.289062,4.021912,-9.719778,-8.213309,4.282030,0.594959,0.781484,4.021912,-0.302658,1999.97,1,1999.97
6.026766,258.6621,-349.189453,1.233864,-9.713512,-7.714118,1.493982,-1.613692,1.280675,1.233864,-2.511309,1994.76,1,1994.76
6.029021,255.7617,-352.089844,-6.209709,-9.724930,-8.997410,-5.949591,0.356736,-0.002617,-6.209709,-0.540881,1964.10,1,1964.10
6.031278,252.9492,-354.902344,1.031554,-9.731391,-8.968679,1.291672,0.688333,0.026114,1.031554,-0.209284,1928.57,1,1928.57
6.033539,250.1367,-357.714844,5.294430,-9.722492,-9.679757,5.554548,0.906205,-0.684964,5.294430,0.008588,1881.24,1,1881.24
6.035795,247.1484,-360.703125,-2.066543,-9.721642,-10.121488,-1.806425,2.024297,-1.126695,-2.066543,1.126681,1822.36,1,1822.36
6.038052,243.8965,-363.955078,-2.519047,-9.732115,-8.780735,-2.258929,1.679533,0.214058,-2.519047,0.781916,1713.15,1,1713.15
6.040308,240.7324,-367.119141,2.441738,-9.731629,-8.473080,2.701857,-0.931344,0.521713,2.441738,-1.828961,1627.09,1,1627.09
6.042569,237.3926,-370.458984,-0.579744,-9.729516,-8.857349,-0.319626,-1.592144,0.137444,-0.579744,-2.489761,1531.03,1,1531.03
6.044823,234.1406,-373.710937,-4.548133,-9.739264,-8.829816,-4.288015,0.751779,0.164977,-4.548133,-0.145838,1425.48,1,1425.48
6.047080,230.8887,-376.962891,2.802066,-9.737086,-9.275137,3.062184,1.509544,-0.280344,2.802066,0.611927,1250.94,1,1250.94
6.054668,222.9785,-384.873047,3.205489,-9.712763,-9.198523,3.465607,1.501164,-0.203730,3.205489,0.603548,780.54,1,780.54
6.056739,221.7480,-386.103516,1.977263,-9.708692,-9.071630,2.237381,-0.609324,-0.076838,1.977263,-1.506941,633.61,1,633.61
6.058995,220.8691,-386.982422,12.309441,-9.685946,-7.137115,12.569559,-0.511162,1.857677,12.309441,-1.408779,482.71,1,482.71
6.061253,220.5176,-387.333984,2.764956,-9.668756,-9.018958,3.025074,2.420538,-0.024165,2.764956,1.522921,251.02,1,251.02
6.063508,220.5176,-387.333984,6.007902,-9.659997,-11.079168,6.268020,3.360262,-2.084375,6.007902,2.462645,94.33,1,94.33
6.065770,220.6055,-387.246094,9.332251,-9.637795,-9.709685,9.592369,1.364695,-0.714892,9.332251,0.467078,62.98,-1,-62.98
6.068027,220.6934,-387.158203,2.648837,-9.624571,-7.857770,2.908955,-0.086191,1.137023,2.648837,-0.983808,297.99,-1,-297.99
6.070282,220.6055,-387.246094,-3.977116,-9.627406,-8.667010,-3.716998,-0.198719,0.327783,-3.977116,-1.096336,452.62,-1,-452.62
6.072537,220.5176,-387.333984,-1.421306,-9.633103,-8.924387,-1.161188,-0.016759,0.070406,-1.421306,-0.914376,604.50,-1,-604.50
6.074798,221.6602,-386.191406,2.136478,-9.630143,-9.096769,2.396596,1.598130,-0.101976,2.136478,0.700513,752.66,-1,-752.66
6.077053,223.4180,-384.433594,12.868486,-9.609782,-9.196129,13.128605,2.229002,-0.201336,12.868486,1.331385,965.94,-1,-965.94
6.079308,225.0879,-382.763672,6.080925,-9.586800,-9.829395,6.341043,2.335544,-0.834602,6.080925,1.437927,1100.87,-1,-1100.87
6.081565,227.2852,-380.566406,0.236679,-9.584273,-10.001778,0.496797,1.687912,-1.006985,0.236679,0.790295,1229.01,-1,-1229.01
6.083827,229.7461,-378.105469,10.391685,-9.569159,-8.391677,10.651803,-0.684742,0.603116,10.391685,-1.582359,1349.53,-1,-1349.53
6.086083,232.5586,-375.292969,9.366966,-9.536428,-7.744045,9.627085,-0.247800,1.250748,9.366966,-1.145417,1514.41,-1,-1514.41
6.088336,235.4590,-372.392578,-3.030210,-9.530936,-10.259154,-2.770091,3.460819,-1.264361,-3.030210,2.563202,1612.74,-1,-1612.74
6.090592,238.7988,-369.052734,5.155566,-9.527671,-10.212467,5.415684,3.746926,-1.217674,5.155566,2.849309,1701.02,-1,-1701.02
6.092856,242.7539,-365.097656,13.006153,-9.494663,-8.176199,13.266272,0.000000,0.818594,13.006153,-0.897617,1778.74,-1,-1778.74
6.095113,246.0059,-361.845703,-0.610869,-9.481028,-9.378088,-0.350751,1.332373,-0.383295,-0.610869,0.434756,1874.40,-1,-1874.40
6.097367,248.8184,-359.033203,-5.510602,-9.489135,-9.460688,-5.250484,1.357512,-0.465895,-5.510602,0.459895,1923.62,-1,-1923.62
6.099626,251.7187,-356.132812,-0.243359,-9.494705,-8.821436,0.016759,0.480037,0.173357,-0.243359,-0.417579,1960.85,-1,-1960.85
6.101887,254.8828,-352.968750,6.315557,-9.480422,-7.969100,6.575675,-0.350751,1.025692,6.315557,-1.248367,1985.84,-1,-1985.84
6.104141,257.5195,-350.332031,-2.955989,-9.476690,-9.770737,-2.695871,2.231396,-0.775944,-2.955989,1.333779,2000.00,-1,-2000.00
6.106395,260.3320,-347.519531,-3.991482,-9.485728,-9.847352,-3.731363,3.732560,-0.852559,-3.991482,2.834944,1993.79,-1,-1993.79
6.108654,263.1445,-344.707031,2.663202,-9.483243,-8.795100,2.923320,0.924162,0.199693,2.663202,0.026545,1975.09,-1,-1975.09
6.110914,265.6055,-342.246094,2.565040,-9.475611,-8.795100,2.825158,-0.226252,0.199693,2.565040,-1.123869,1943.99,-1,-1943.99
6.113168,268.3301,-339.521484,-2.405323,-9.474724,-8.705317,-2.145205,0.814029,0.289475,-2.405323,-0.083588,1874.54,-1,-1874.54
6.115423,270.8789,-336.972656,-2.388564,-9.481043,-9.621099,-2.128445,2.230199,-0.626307,-2.388564,1.332582,1813.44,-1,-1813.44
6.117683,273.3398,-334.511719,3.901004,-9.475403,-8.992621,4.161122,0.889446,0.002172,3.901004,-0.008171,1740.93,-1,-1740.93
6.119946,275.7129,-332.138672,3.102538,-9.464963,-8.838196,3.362656,1.572991,0.156597,3.102538,0.675374,1657.45,-1,-1657.45
6.122202,278.4375,-329.414062,-2.833885,-9.464872,-9.419987,-2.573767,1.620875,-0.425194,-2.833885,0.723258,1512.82,-1,-1512.82
6.124460,280.8105,-327.041016,-1.082526,-9.469455,-9.072827,-0.822408,1.280898,-0.078034,-1.082526,0.383281,1404.31,-1,-1404.31
6.126719,283.0078,-324.843750,0.739461,-9.468358,-8.236053,0.999579,0.446519,0.758739,0.739461,-0.451098,1286.95,-1,-1286.95
6.128982,284.5020,-323.349609,-5.161049,-9.470005,-9.210494,-4.900931,0.766145,-0.215701,-5.161049,-0.131472,1161.40,-1,-1161.40
6.131238,285.9961,-321.855469,-10.932273,-9.491044,-9.896433,-10.672154,1.148020,-0.901640,-10.932273,0.250403,959.59,-1,-959.59
6.133497,287.5781,-320.273437,-4.827058,-9.505186,-8.178593,-4.566940,-0.299275,0.816200,-4.827058,-1.196892,817.23,-1,-817.23
6.135753,288.2812,-319.570312,1.251820,-9.505739,-8.209718,1.511938,1.301249,0.785075,1.251820,0.403632,669.63,-1,-669.63
6.138013,289.0723,-318.779297,-16.148041,-9.533568,-11.288661,-15.887922,3.254917,-2.293868,-16.148041,2.357300,440.56,-1,-440.56
6.140269,289.4238,-318.427734,-4.604397,-9.556539,-9.543288,-4.344279,0.039504,-0.548495,-4.604397,-0.858113,284.11,-1,-284.11
6.142526,289.8633,-317.988281,4.190703,-9.552759,-7.831434,4.450821,-0.064643,1.163359,4.190703,-0.962260,125.79,-1,-125.79
6.144782,289.9512,-317.900391,-15.808064,-9.560027,-9.206903,-15.547946,0.824802,-0.212110,-15.808064,-0.072814,33.40,1,33.40
6.147043,289.5996,-318.251953,-7.059651,-9.587857,-10.296265,-6.799533,1.704672,-1.301472,-7.059651,0.807055,271.45,1,271.45
6.149300,289.6875,-318.164062,0.850791,-9.595447,-8.382100,1.110910,1.273715,0.612693,0.850791,0.376098,428.34,1,428.34
6.151555,289.5996,-318.251953,5.245349,-9.583323,-8.322245,5.505467,-0.171185,0.672548,5.245349,-1.068802,582.51,1,582.51
6.153814,289.3359,-318.515625,-4.761217,-9.587260,-10.085575,-4.501099,2.631228,-1.090782,-4.761217,1.733611,733.04,1,733.04
6.156074,288.6328,-319.218750,-10.887980,-9.603898,-8.993818,-10.627861,1.770512,0.000975,-10.887980,0.872895,949.88,1,949.88
6.158330,287.4023,-320.449219,-6.895648,-9.624193,-9.281123,-6.635530,-0.976834,-0.286330,-6.895648,-1.874451,1087.14,1,1087.14
6.160588,286.2598,-321.591797,-2.062952,-9.630815,-7.881712,-1.802834,-2.179921,1.113081,-2.062952,-3.077538,1217.51,1,1217.51
6.162844,284.4141,-323.437500,-14.330842,-9.639591,-8.078036,-14.070724,1.357512,0.916757,-14.330842,0.459895,1340.19,1,1340.19
6.165104,282.5684,-325.283203,-14.451749,-9.676757,-12.172121,-14.191630,3.409343,-3.177328,-14.451749,2.511726,1508.00,1,1508.00
6.172715,274.3066,-333.544922,-10.831717,-9.759197,-10.031705,-10.571598,-0.691924,-1.036912,-10.831717,-1.589541,1812.10,1,1812.10
6.174773,271.8457,-336.005859,2.974448,-9.765486,-8.441956,3.234566,0.873884,0.552837,2.974448,-0.023733,1873.92,1,1873.92
6.177028,269.3848,-338.466797,3.696300,-9.755754,-8.768764,3.956418,1.356315,0.226029,3.696300,0.458698,1944.11,1,1944.11
6.179296,266.7480,-341.103516,-3.840647,-9.757860,-11.067198,-3.580529,1.763330,-2.072405,-3.840647,0.865713,1975.43,1,1975.43
6.181552,264.3750,-343.476562,-4.712136,-9.769647,-10.119094,-4.452018,2.637213,-1.124301,-4.712136,1.739596,1994.10,1,1994.10
6.183809,261.5625,-346.289062,5.446462,-9.766335,-7.497443,5.706580,-0.984017,1.497350,5.446462,-1.881634,1999.99,1,1999.99
6.186066,258.7500,-349.101562,-0.215825,-9.759153,-8.591593,0.044293,-1.242591,0.403200,-0.215825,-2.140208,1984.79,1,1984.79
6.188326,255.8496,-352.001953,-6.403640,-9.768643,-9.143456,-6.143522,0.725443,-0.148664,-6.403640,-0.172174,1958.72,1,1958.72
6.190581,252.9492,-354.902344,-5.052113,-9.782257,-9.229648,-4.791995,1.477222,-0.234855,-5.052113,0.579606,1920.04,1,1920.04
6.192837,250.2246,-357.626953,5.049024,-9.776278,-9.415198,5.309142,1.092953,-0.420405,5.049024,0.195336,1869.04,1,1869.04
6.195093,247.1484,-360.703125,0.647284,-9.768606,-9.392453,0.907402,1.073799,-0.397660,0.647284,0.176183,1770.06,1,1770.06
6.197354,243.8965,-363.955078,-4.964725,-9.775491,-9.166202,-4.704607,1.010353,-0.171409,-4.964725,0.112736,1689.73,1,1689.73
6.199612,240.8203,-367.031250,-1.218996,-9.781686,-8.560468,-0.958878,-0.090980,0.434325,-1.218996,-0.988597,1598.49,1,1598.49
6.201868,237.4805,-370.371094,1.711507,-9.775059,-8.787917,1.971625,-0.408211,0.206876,1.711507,-1.305828,1496.91,1,1496.91
6.204122,234.1406,-373.710937,-1.561367,-9.775596,-9.540894,-1.301249,0.934936,-0.546101,-1.561367,0.037319,1326.64,1,1326.64
6.206381,230.8008,-377.050781,-3.463560,-9.782338,-9.540894,-3.203442,2.014721,-0.546101,-3.463560,1.117104,1202.23,1,1202.23
6.208639,228.6035,-379.248047,4.400196,-9.779325,-9.107543,4.660314,1.859098,-0.112750,4.400196,0.961481,1069.98,1,1069.98
6.210895,226.5820,-381.269531,8.487098,-9.753829,-9.029732,8.747216,0.922965,-0.034939,8.487098,0.025348,930.79,1,930.79
6.213151,224.4727,-383.378906,2.920579,-9.742178,-9.721656,3.180697,1.612495,-0.726863,2.920579,0.714878,711.03,1,711.03
6.215415,223.5059,-384.345703,6.361047,-9.731265,-8.959103,6.621165,0.549469,0.035690,6.361047,-0.348148,558.42,1,558.42
6.217671,222.1875,-385.664062,11.255992,-9.703966,-7.836222,11.516110,-0.503979,1.158571,11.255992,-1.401596,402.20,1,402.20
6.219924,221.6602,-386.191406,-0.798814,-9.693515,-9.667787,-0.538695,1.833959,-0.672994,-0.798814,0.936342,243.35,1,243.35
6.222180,221.5723,-386.279297,5.921711,-9.691624,-10.205285,6.181829,2.760514,-1.210492,5.921711,1.862898,2.32,1,2.32
6.224436,221.7480,-386.103516,9.663848,-9.667820,-8.540117,9.923966,0.841562,0.454676,9.663848,-0.056055,158.65,-1,-158.65
6.226695,221.9238,-385.927734,-0.603686,-9.659083,-9.209297,-0.343568,0.966060,-0.214504,-0.603686,0.068444,318.65,-1,-318.65
6.228955,221.9238,-385.927734,-1.790013,-9.663711,-8.835801,-1.529895,0.683545,0.158992,-1.790013,-0.214072,476.66,-1,-476.66
6.231213,221.7480,-386.103516,2.209501,-9.661874,-8.115147,2.469619,-0.469264,0.879646,2.209501,-1.366880,707.55,-1,-707.55
6.233470,222.9785,-384.873047,1.494832,-9.657380,-9.014170,1.754950,0.392649,-0.019377,1.494832,-0.504968,856.03,-1,-856.03
6.235728,224.2969,-383.554687,11.763562,-9.644879,-8.816648,12.023681,2.340332,0.178145,11.763562,1.442715,998.96,-1,-998.96
6.237983,226.5820,-381.269531,6.185073,-9.624092,-9.763555,6.445191,3.526659,-0.768762,6.185073,2.629042,1135.41,-1,-1135.41
6.240240,229.3066,-378.544922,10.303100,-9.605139,-10.591949,10.563218,1.966837,-1.597156,10.303100,1.069220,1326.08,-1,-1326.08
6.242496,231.7676,-376.083984,13.071994,-9.575733,-8.210915,13.332112,-1.070208,0.783878,13.071994,-1.967825,1442.58,-1,-1442.58
6.244759,234.5801,-373.271484,1.539124,-9.562436,-8.099585,1.799243,0.720655,0.895208,1.539124,-0.176962,1549.68,-1,-1549.68
6.247016,238.2715,-369.580078,2.899031,-9.560131,-9.695320,3.159149,1.238999,-0.700527,2.899031,0.341383,1691.25,-1,-1691.25
6.249273,241.6992,-366.152344,14.758709,-9.536453,-9.012972,15.018827,1.600524,-0.018179,14.758709,0.702907,1771.97,-1,-1771.97
6.251529,245.0391,-362.812500,6.405340,-9.514759,-9.489418,6.665458,2.974796,-0.494625,6.405340,2.077179,1841.11,-1,-1841.11
6.253791,248.1152,-359.736328,-2.612422,-9.517194,-9.907207,-2.352303,1.862689,-0.912414,-2.612422,0.965072,1898.24,-1,-1898.24
6.256050,251.1914,-356.660156,-1.818743,-9.523178,-8.398860,-1.558625,-0.090980,0.595933,-1.818743,-0.988597,1960.55,-1,-1960.55
6.258307,254.0918,-353.759766,4.154790,-9.516912,-7.593211,4.414908,-0.621295,1.401582,4.154790,-1.518912,1986.09,-1,-1986.09
6.260562,256.9922,-350.859375,2.487228,-9.509274,-8.230068,2.747346,-0.717063,0.764725,2.487228,-1.614680,1998.63,-1,-1998.63
6.262821,259.5410,-348.310547,-4.557710,-9.515674,-10.141838,-4.297592,3.047819,-1.147045,-4.557710,2.150202,1998.06,-1,-1998.06
6.265077,262.1777,-345.673828,-0.899370,-9.522690,-9.634268,-0.639252,3.211822,-0.639475,-0.899370,2.314205,1972.63,-1,-1972.63
6.267335,265.2539,-342.597656,5.125638,-9.514497,-9.038112,5.385756,0.922965,-0.043319,5.125638,0.025348,1939.43,-1,-1939.43
6.269594,267.6270,-340.224609,7.250493,-9.498140,-8.386889,7.510611,-0.210690,0.607904,7.250493,-1.108307,1893.48,-1,-1893.48
6.271855,270.1758,-337.675781,-5.024580,-9.500264,-9.192537,-4.764462,0.849942,-0.197744,-5.024580,-0.047675,1835.06,-1,-1835.06
6.274113,272.7246,-335.126953,-3.829873,-9.511578,-9.173384,-3.569755,1.023521,-0.178591,-3.829873,0.125904,1724.87,-1,-1724.87
6.276369,275.0977,-332.753906,1.583417,-9.511109,-8.804677,1.843535,1.630451,0.190116,1.583417,0.732834,1637.10,-1,-1637.10
6.278629,277.9102,-329.941406,3.144437,-9.504216,-9.761160,3.404555,1.821988,-0.766367,3.144437,0.924371,1538.49,-1,-1538.49
6.280894,280.1074,-327.744141,2.421388,-9.497051,-8.949526,2.681506,0.958878,0.045267,2.421388,0.061261,1429.70,-1,-1429.70
6.283151,282.5684,-325.283203,-3.203789,-9.499545,-8.615535,-2.943671,1.414973,0.379258,-3.203789,0.517356,1249.04,-1,-1249.04
6.291245,287.9297,-319.921875,-0.716214,-9.505342,-8.086416,-0.456095,0.040701,0.908377,-0.716214,-0.856915,684.21,-1,-684.21
6.293253,288.4570,-319.394531,-6.443144,-9.513798,-8.954314,-6.183026,1.640028,0.040479,-6.443144,0.742411,529.13,-1,-529.13
6.295522,289.0723,-318.779297,-18.700260,-9.553061,-10.455479,-18.440142,3.101688,-1.460686,-18.700260,2.204072,370.54,-1,-370.54
6.297779,289.1602,-318.691406,-0.053020,-9.562305,-8.372523,0.207098,-0.885855,0.622270,-0.053020,-1.783471,209.40,-1,-209.40
6.300035,289.0723,-318.779297,-7.034512,-9.569213,-8.483853,-6.774394,-0.483629,0.510940,-7.034512,-1.381246,34.66,1,34.66
6.302291,289.0723,-318.779297,-11.418296,-9.593987,-8.944737,-11.158177,0.463278,0.050056,-11.418296,-0.434339,197.33,1,197.33
6.304553,288.9844,-318.867187,2.252596,-9.603585,-8.312668,2.512715,1.490391,0.682125,2.252596,0.592774,358.73,1,358.73
6.306811,288.9844,-318.867187,4.558213,-9.594471,-9.835381,4.818331,1.956063,-0.840588,4.558213,1.058446,517.86,1,517.86
6.309067,288.8086,-319.042969,-0.130831,-9.589142,-10.149021,0.129287,0.673968,-1.154228,-0.130831,-0.223649,749.77,1,749.77
6.311325,287.6660,-320.185547,-6.807063,-9.599623,-8.541314,-6.546945,1.092953,0.453479,-6.807063,0.195336,898.41,1,898.41
6.313588,286.6992,-321.152344,-10.893966,-9.628689,-9.170990,-10.633847,-0.490811,-0.176197,-10.893966,-1.388428,1041.18,1,1041.18
6.315846,285.2051,-322.646484,-0.142802,-9.639070,-8.206126,0.117316,-0.993594,0.788667,-0.142802,-1.891211,1176.98,1,1176.98
6.318100,283.5352,-324.316406,-10.265488,-9.652120,-8.754398,-10.005369,1.527501,0.240395,-10.265488,0.629884,1365.77,1,1365.77
6.320355,281.6016,-326.250000,-16.905806,-9.690113,-10.923545,-16.645687,3.465607,-1.928752,-16.905806,2.567990,1480.50,1,1480.50
6.322618,279.8437,-328.007812,3.729819,-9.703485,-8.865729,3.989937,0.696713,0.129064,3.729819,-0.200904,1585.35,1,1585.35
6.324876,277.4707,-330.380859,1.713901,-9.692664,-7.891289,1.974019,-0.562637,1.103504,1.713901,-1.460254,1679.63,1,1679.63
6.327130,274.6582,-333.193359,-16.100157,-9.714873,-9.682152,-15.840038,-0.424971,-0.687359,-16.100157,-1.322588,1799.90,1,1799.90
6.329388,272.0215,-335.830078,-9.359282,-9.742037,-9.261970,-9.099164,-0.326809,-0.267177,-9.359282,-1.224425,1865.14,1,1865.14
6.331651,269.4727,-338.378906,8.020228,-9.734036,-7.891289,8.280347,0.232238,1.103504,8.020228,-0.665379,1917.93,1,1917.93
6.333907,266.9238,-340.927734,0.428215,-9.722624,-9.756371,0.688333,0.702698,-0.761579,0.428215,-0.194919,1957.88,1,1957.88
6.336162,264.3750,-343.476562,-8.477018,-9.734730,-11.027693,-8.216900,3.147178,-2.032900,-8.477018,2.249561,1993.16,1,1993.16
6.338420,261.3867,-346.464844,-4.434409,-9.749369,-9.782708,-4.174291,2.932897,-0.787915,-4.434409,2.035280,2000.00,1,2000.00
6.340682,258.9258,-348.925781,5.165143,-9.740539,-7.943961,5.425261,-1.679533,1.050832,5.165143,-2.577149,1993.42,1,1993.42
6.342937,256.0254,-351.826172,-0.254133,-9.734246,-8.774749,0.005986,-0.818817,0.220044,-0.254133,-1.716434,1973.45,1,1973.45
6.345191,253.0371,-354.814453,-4.749246,-9.743155,-9.121908,-4.489128,1.152808,-0.127115,-4.749246,0.255191,1918.67,1,1918.67
6.347448,250.1367,-357.714844,-1.210616,-9.749421,-9.260772,-0.950498,1.499967,-0.265979,-1.210616,0.602350,1865.95,1,1865.95
6.349710,247.1484,-360.703125,2.238231,-9.741478,-9.168595,2.498349,1.030704,-0.173802,2.238231,0.133087,1800.66,1,1800.66
6.351966,244.1602,-363.691406,-3.260053,-9.742754,-9.892841,-2.999935,2.030283,-0.898048,-3.260053,1.132666,1723.23,1,1723.23
6.354221,240.9082,-366.943359,-4.038168,-9.753036,-9.228451,-3.778050,0.907402,-0.233658,-4.038168,0.009786,1585.45,1,1585.45
6.356479,237.6562,-370.195312,1.236258,-9.752352,-8.385692,1.496376,-0.580594,0.609101,1.236258,-1.478211,1480.07,1,1480.07
6.358739,234.2285,-373.623047,1.065073,-9.749749,-8.766370,1.325191,-0.161609,0.228423,1.065073,-1.059225,1364.66,1,1364.66
6.360993,231.4160,-376.435547,-1.554184,-9.750102,-9.439140,-1.294066,1.199495,-0.444347,-1.554184,0.301878,1240.00,1,1240.00
6.363250,228.9551,-378.896484,7.207397,-9.741617,-9.402030,7.467515,2.349909,-0.407237,7.207397,1.452292,1037.53,1,1037.53
6.365507,227.1094,-380.742187,8.907280,-9.715179,-9.633071,9.167398,1.896208,-0.638278,8.907280,0.998591,893.50,1,893.50
6.367768,225.3516,-382.500000,1.403852,-9.703282,-9.785102,1.663970,0.775721,-0.790309,1.403852,-0.121895,743.46,1,743.46
6.370025,223.9453,-383.906250,7.651522,-9.693026,-8.672996,7.911640,0.293290,0.321797,7.651522,-0.604327,509.13,1,509.13
6.372282,223.1543,-384.697266,10.267186,-9.667649,-6.810307,10.527305,-1.103727,2.184486,10.267186,-2.001344,348.33,1,348.33
6.374536,222.8906,-384.960937,0.045143,-9.656134,-9.708488,0.305261,1.461660,-0.713695,0.045143,0.564043,185.12,1,185.12
6.376795,222.8906,-384.960937,9.703352,-9.647599,-10.090364,9.963470,2.844312,-1.095571,9.703352,1.946695,20.62,1,20.62
6.379052,223.0664,-384.785156,5.676305,-9.630447,-8.580819,5.936423,1.592144,0.413974,5.676305,0.694527,226.15,-1,-226.15
6.381308,223.1543,-384.697266,1.985643,-9.622529,-9.445126,2.245761,0.816423,-0.450333,1.985643,-0.081194,389.02,-1,-389.02
6.383565,222.8027,-385.048828,-0.078159,-9.626202,-8.914810,0.181959,0.250194,0.079983,-0.078159,-0.647423,549.31,-1,-549.31
6.385827,223.4180,-384.433594,0.714322,-9.625177,-7.912837,0.974440,-0.095768,1.081956,0.714322,-0.993385,705.96,-1,-705.96
6.388082,225.0879,-382.763672,6.823128,-9.615916,-8.869320,7.083246,0.320823,0.125473,6.823128,-0.576794,931.56,-1,-931.56
6.390337,226.7578,-381.093750,14.391199,-9.585754,-8.995016,14.651318,1.734599,-0.000223,14.391199,0.836982,1074.32,-1,-1074.32
6.392593,228.7793,-379.072266,0.307308,-9.573520,-10.990582,0.567426,3.478775,-1.995790,0.307308,2.581158,1209.84,-1,-1209.84
6.394851,231.3281,-376.523437,9.960729,-9.565884,-9.436746,10.220847,0.829591,-0.441953,9.960729,-0.068026,1337.10,-1,-1337.10
6.397115,234.3164,-373.535156,11.931156,-9.535571,-6.653487,12.191275,-2.214637,2.341306,11.931156,-3.112253,1510.72,-1,-1510.72
6.399369,237.0410,-370.810547,3.265344,-9.523244,-8.282741,3.525462,0.201113,0.712052,3.265344,-0.696504,1613.79,-1,-1613.79
6.401624,240.3809,-367.470703,8.307532,-9.518780,-10.090364,8.567651,3.481169,-1.095571,8.307532,2.583552,1705.85,-1,-1705.85
6.409213,251.3672,-356.484375,-1.195054,-9.527849,-9.277532,-0.934936,0.773327,-0.282739,-1.195054,-0.124290,1952.55,-1,-1952.55
6.411286,253.8281,-354.023437,1.716295,-9.525687,-8.347384,1.976413,-0.447716,0.647408,1.716295,-1.345333,1981.69,-1,-1981.69
6.413542,256.8164,-351.035156,-0.303214,-9.522501,-8.423999,-0.043096,0.414197,0.570794,-0.303214,-0.483420,1997.23,-1,-1997.23
6.415796,259.6289,-348.222656,-3.224140,-9.527208,-9.873688,-2.964022,2.063802,-0.878895,-3.224140,1.166185,1999.09,-1,-1999.09
6.418052,262.2656,-345.585937,-0.460034,-9.531010,-9.667787,-0.199916,2.889802,-0.672994,-0.460034,1.992185,1976.15,-1,-1976.15
6.420315,265.1660,-342.685547,3.825587,-9.524280,-9.048885,4.085705,1.290475,-0.054092,3.825587,0.392858,1943.86,-1,-1943.86
6.422572,267.6270,-340.224609,-0.546225,-9.519325,-8.704121,-0.286107,-0.168791,0.290672,-0.546225,-1.066408,1898.21,-1,-1898.21
6.424827,270.2637,-337.587891,-2.443630,-9.524168,-8.613141,-2.183512,1.092953,0.381652,-2.443630,0.195336,1839.48,-1,-1839.48
6.427089,272.6367,-335.214844,1.894663,-9.522466,-8.947132,2.154782,0.682347,0.047661,1.894663,-0.215269,1727.76,-1,-1727.76
6.429346,275.1855,-332.666016,4.430123,-9.513077,-9.384073,4.690241,1.176750,-0.389280,4.430123,0.279133,1638.29,-1,-1638.29
6.431601,277.6465,-330.205078,-3.513838,-9.514084,-9.338584,-3.253720,2.491167,-0.343791,-3.513838,1.593550,1537.47,-1,-1537.47
6.433859,280.1074,-327.744141,-0.328353,-9.519827,-8.953117,-0.068235,1.350330,0.041676,-0.328353,0.452713,1426.02,-1,-1426.02
6.436116,282.3926,-325.458984,2.134084,-9.515464,-8.467094,2.394202,0.535104,0.527699,2.134084,-0.362513,1240.63,-1,-1240.63
6.438380,283.7988,-324.052734,-8.565604,-9.519341,-9.266758,-8.305486,0.046687,-0.271965,-8.565604,-0.850930,1106.09,-1,-1106.09
6.440639,285.1172,-322.734375,-13.686802,-9.548232,-10.132261,-13.426683,1.170765,-1.137468,-13.686802,0.273148,963.86,-1,-963.86
6.442897,286.6113,-321.240234,-2.938033,-9.567360,-7.885303,-2.677915,0.445322,1.109489,-2.938033,-0.452295,814.96,-1,-814.96
6.445154,287.3145,-320.537109,1.269777,-9.563513,-7.805098,1.529895,0.812831,1.189695,1.269777,-0.084785,581.25,-1,-581.25
6.447413,287.9297,-319.921875,-12.306544,-9.584364,-11.292253,-12.046426,2.234987,-2.297460,-12.306544,1.337370,420.13,-1,-420.13
6.449670,288.6328,-319.218750,-6.974657,-9.607039,-8.712500,-6.714539,0.671574,0.282293,-6.974657,-0.226043,256.07,-1,-256.07
6.451927,288.5449,-319.306641,-1.657135,-9.613477,-7.892486,-1.397017,0.172383,1.102307,-1.657135,-0.725234,90.15,-1,-90.15
6.454183,288.2812,-319.570312,-10.006913,-9.634665,-9.580399,-9.746795,0.446519,-0.585606,-10.006913,-0.451098,159.59,1,159.59
6.456444,288.1055,-319.746094,-1.440460,-9.646583,-8.939949,-1.180341,1.116895,0.054844,-1.440460,0.219278,324.96,1,324.96
6.458700,288.1934,-319.658203,2.778124,-9.642580,-8.200141,3.038242,0.754174,0.794652,2.778124,-0.143443,488.18,1,488.18
6.460956,288.3691,-319.482422,-0.267301,-9.641053,-9.398438,-0.007183,1.331176,-0.403646,-0.267301,0.433559,648.03,1,648.03
6.463213,287.4902,-320.361328,-0.716214,-9.641924,-9.442732,-0.456095,1.241394,-0.447939,-0.716214,0.343777,879.09,1,879.09
6.465476,286.4355,-321.416016,-13.415060,-9.662989,-9.578004,-13.154942,0.585382,-0.583211,-13.415060,-0.312235,1025.77,1,1025.77
6.467734,285.2930,-322.558594,-7.870088,-9.688858,-8.841787,-7.609970,-0.979228,0.153006,-7.870088,-1.876845,1165.36,1,1165.36
6.469990,283.7109,-324.140625,-1.690654,-9.696741,-7.806294,-1.430536,0.179565,1.188498,-1.690654,-0.718052,1296.86,1,1296.86
6.472246,282.0410,-325.810547,-13.938192,-9.722197,-9.089587,-13.678074,1.991976,-0.094794,-13.938192,1.094359,1476.97,1,1476.97
6.474507,279.7559,-328.095703,-5.799104,-9.743236,-10.524911,-5.538986,0.869095,-1.530118,-5.799104,-0.028522,1584.35,1,1584.35
6.476763,277.3828,-330.468750,-1.025066,-9.748790,-8.232463,-0.764947,0.156820,0.762330,-1.025066,-0.740797,1680.73,1,1680.73
6.479018,274.9219,-332.929687,-11.868405,-9.769910,-8.152257,-11.608287,0.555455,0.842536,-11.868405,-0.342162,1803.14,1,1803.14
6.481275,272.1094,-335.742187,-6.404837,-9.788770,-9.885659,-6.144719,-0.318429,-0.890866,-6.404837,-1.216046,1869.13,1,1869.13
6.483536,269.4727,-338.378906,2.202318,-9.791300,-8.827422,2.462436,0.635661,0.167371,2.202318,-0.261956,1922.05,1,1922.05
6.485793,266.8359,-341.015625,1.235061,-9.785211,-8.277952,1.495179,1.072602,0.716841,1.235061,0.174986,1961.54,1,1961.54
6.488047,264.3750,-343.476562,-2.679459,-9.789949,-10.360908,-2.419341,1.810017,-1.366115,-2.679459,0.912400,1994.98,1,1994.98
6.490305,261.7383,-346.113281,0.922618,-9.793395,-9.178172,1.182736,1.629254,-0.183379,0.922618,0.731637,1999.83,1,1999.83
6.492566,259.1016,-348.750000,2.079017,-9.789036,-8.182184,2.339135,-0.466869,0.812609,2.079017,-1.364486,1990.66,1,1990.66
6.494821,256.2012,-351.650391,-1.630799,-9.788136,-9.153033,-1.370680,-0.299275,-0.158240,-1.630799,-1.196892,1967.53,1,1967.53
6.497076,253.2129,-354.638672,-4.420043,-9.797118,-9.259575,-4.159925,1.344344,-0.264782,-4.420043,0.446727,1906.96,1,1906.96
6.499334,250.3125,-357.539062,3.091764,-9.799066,-8.777143,3.351882,0.672771,0.217649,3.091764,-0.224846,1849.76,1,1849.76
6.501595,247.3242,-360.527344,1.377516,-9.792343,-9.318233,1.637634,0.465672,-0.323441,1.377516,-0.431945,1779.55,1,1779.55
6.503852,244.4238,-363.427734,-3.412085,-9.796282,-9.531317,-3.151967,1.860295,-0.536524,-3.412085,0.962678,1696.78,1,1696.78
6.506109,240.9961,-366.855469,-1.763677,-9.802453,-9.303867,-1.503559,1.708263,-0.309074,-1.763677,0.810646,1550.40,1,1550.40
6.508366,237.9199,-369.931641,0.318082,-9.799352,-8.875306,0.578200,-1.092953,0.119487,0.318082,-1.990570,1439.02,1,1439.02
6.510627,234.4922,-373.359375,-1.106468,-9.801060,-8.907627,-0.846350,0.049081,0.087166,-1.106468,-0.848536,1317.38,1,1317.38
6.512881,231.3281,-376.523437,-2.351454,-9.805193,-8.892065,-2.091335,0.969652,0.102728,-2.351454,0.072035,1186.46,1,1186.46
6.515137,229.1309,-378.720703,7.187047,-9.797030,-9.099164,7.447165,1.844732,-0.104371,7.187047,0.947116,974.65,1,974.65
6.517393,227.1973,-380.654297,9.672227,-9.769217,-9.527725,9.932345,2.006341,-0.532932,9.672227,1.108724,824.50,1,824.50
6.519655,225.6152,-382.236328,2.071834,-9.756261,-10.314221,2.331953,1.303643,-1.319428,2.071834,0.406026,668.57,1,668.57
6.527851,222.9785,-384.873047,0.956136,-9.748424,-10.164583,1.216254,1.861492,-1.169790,0.956136,0.963875,8.47,1,8.47
6.529907,223.0664,-384.785156,10.500621,-9.728409,-9.005790,10.760739,1.507150,-0.010997,10.500621,0.609533,159.79,-1,-159.79
6.532161,222.8906,-384.960937,3.991984,-9.717938,-9.364920,4.252102,2.045845,-0.370127,3.991984,1.148228,409.78,-1,-409.78
6.534432,223.0664,-384.785156,-2.319132,-9.719418,-9.282320,-2.059013,0.475249,-0.287527,-2.319132,-0.422368,573.10,-1,-573.10
6.536689,223.5059,-384.345703,1.705521,-9.719402,-8.289924,1.965640,-0.802058,0.704869,1.705521,-1.699674,732.44,-1,-732.44
6.538945,224.9121,-382.939453,7.541388,-9.708444,-8.352173,7.801506,0.487220,0.642620,7.541388,-0.410397,886.58,-1,-886.58
6.541199,226.7578,-381.093750,10.953125,-9.681242,-7.989451,11.213243,0.656011,1.005342,10.953125,-0.241606,1105.69,-1,-1105.69
6.543460,228.7793,-379.072266,3.893821,-9.668833,-11.024101,4.153940,4.116830,-2.029308,3.893821,3.219213,1242.22,-1,-1242.22
6.545718,231.2402,-376.611328,10.646667,-9.656882,-9.982624,10.906786,1.401805,-0.987831,10.646667,0.504188,1369.95,-1,-1369.95
6.547975,234.1406,-373.710937,10.683778,-9.627463,-6.751649,10.943896,-2.604892,2.243144,10.683778,-3.502508,1487.95,-1,-1487.95
6.550231,237.2168,-370.634766,3.620883,-9.618044,-8.890868,3.881001,1.745373,0.103925,3.620883,0.847756,1644.88,-1,-1644.88
6.552494,240.7324,-367.119141,11.718073,-9.600759,-9.525331,11.978191,2.480393,-0.530539,11.718073,1.582776,1735.02,-1,-1735.02
6.554750,244.4238,-363.427734,9.079662,-9.575682,-9.941922,9.339781,1.716643,-0.947129,9.079662,0.819026,1812.80,-1,-1812.80
6.557006,247.5000,-360.351562,2.177179,-9.566921,-9.648633,2.437297,2.036268,-0.653840,2.177179,1.138652,1905.10,-1,-1905.10
6.559265,250.5762,-357.275391,-1.849868,-9.568769,-8.474277,-1.589750,0.664391,0.520516,-1.849868,-0.233226,1949.71,-1,-1949.71
6.561528,253.3008,-354.550781,0.149290,-9.571051,-8.520964,0.409408,0.156820,0.473829,0.149290,-0.740797,1980.40,-1,-1980.40
6.563783,256.4648,-351.386719,-1.056190,-9.572127,-8.543709,-0.796072,-0.599748,0.451084,-1.056190,-1.497364,1996.92,-1,-1996.92
6.566039,259.1016,-348.750000,-0.620445,-9.574423,-9.051279,-0.360327,1.456872,-0.056486,-0.620445,0.559255,1994.89,-1,-1994.89
6.568294,261.7383,-346.113281,-0.149985,-9.574694,-9.939528,0.110133,2.473210,-0.944736,-0.149985,1.575593,1975.67,-1,-1975.67
6.570556,264.4629,-343.388672,1.733055,-9.572840,-9.157822,1.993173,0.424971,-0.163029,1.733055,-0.472646,1942.27,-1,-1942.27
6.572816,267.1875,-340.664062,1.620527,-9.568919,-8.350976,1.880645,0.355539,0.643817,1.620527,-0.542078,1894.92,-1,-1894.92
6.575072,269.8242,-338.027344,0.704745,-9.566608,-8.479065,0.964863,0.380678,0.515728,0.704745,-0.516939,1798.53,-1,-1798.53
6.577328,272.1973,-335.654297,3.559831,-9.562816,-9.097966,3.819949,0.683545,-0.103173,3.559831,-0.214072,1717.98,-1,-1717.98
6.579589,274.6582,-333.193359,0.727490,-9.556403,-9.344569,0.987608,1.657985,-0.349776,0.727490,0.760368,1625.05,-1,-1625.05
6.581846,277.2070,-330.644531,-4.078870,-9.562028,-9.372103,-3.818752,1.892616,-0.377310,-4.078870,0.995000,1520.43,-1,-1520.43
6.584103,279.6680,-328.183594,-1.897752,-9.568136,-8.966286,-1.637634,1.935712,0.028507,-1.897752,1.038095,1343.17,-1,-1343.17
6.586361,281.6895,-326.162109,3.887836,-9.564241,-8.840590,4.147954,0.652420,0.154203,3.887836,-0.245197,1212.67,-1,-1212.67
6.588624,283.3594,-324.492187,-4.880927,-9.562324,-9.070433,-4.620809,-0.064643,-0.075640,-4.880927,-0.962260,1073.41,-1,-1073.41
6.590882,284.6777,-323.173828,-12.838058,-9.590071,-9.819818,-12.577939,0.787692,-0.825026,-12.838058,-0.109924,926.36,-1,-926.36
6.593140,285.9082,-321.943359,-5.468704,-9.606898,-8.088810,-5.208586,0.524330,0.905983,-5.468704,-0.373287,693.54,-1,-693.54
6.595395,286.6113,-321.240234,-3.872969,-9.610224,-8.468291,-3.612850,0.603339,0.526502,-3.872969,-0.294278,531.73,-1,-531.73
6.597656,287.3145,-320.537109,-13.480900,-9.631896,-10.717644,-13.220781,1.954866,-1.722851,-13.480900,1.057249,366.12,-1,-366.12
6.599913,287.6660,-320.185547,-5.991837,-9.650553,-9.451111,-5.731719,0.955287,-0.456318,-5.991837,0.057670,197.77,-1,-197.77
6.602167,287.6660,-320.185547,-8.245978,-9.659212,-8.008605,-7.985860,-0.019154,0.986188,-8.245978,-0.916770,57.15,1,57.15
6.604422,287.5781,-320.273437,-7.852131,-9.679494,-9.740809,-7.592013,0.432153,-0.746017,-7.852131,-0.465463,226.87,1,226.87
6.606684,287.4902,-320.361328,-0.595306,-9.690168,-8.944737,-0.335188,0.336385,0.050056,-0.595306,-0.561231,395.03,1,395.03
6.608940,287.4902,-320.361328,2.513564,-9.683855,-8.280347,2.773683,0.918176,0.714446,2.513564,0.020559,560.36,1,560.36
6.611195,287.4023,-320.449219,-1.462007,-9.684443,-9.975441,-1.201889,1.854309,-0.980648,-1.462007,0.956692,800.44,1,800.44
6.613452,286.4355,-321.416016,-4.354203,-9.689661,-9.081207,-4.094085,1.756147,-0.086414,-4.354203,0.858530,953.52,1,953.52
6.615715,285.4687,-322.382812,-11.589481,-9.710601,-9.279925,-11.329363,0.682347,-0.285132,-11.589481,-0.215269,1099.78,1,1099.78
6.617973,284.0625,-323.789062,-4.449971,-9.724465,-8.534132,-4.189853,-2.147599,0.460661,-4.449971,-3.045216,1238.02,1,1238.02
6.620228,282.3047,-325.546875,-13.971711,-9.745287,-8.742428,-13.711593,1.191115,0.252365,-13.971711,0.293499,1428.30,1,1428.30
6.622484,280.2832,-327.568359,-13.346825,-9.778233,-9.671378,-13.086706,2.337938,-0.676585,-13.346825,1.440321,1542.46,1,1542.46
6.624747,278.2617,-329.589844,-1.381802,-9.791815,-9.879673,-1.121683,1.580173,-0.884880,-1.381802,0.682556,1645.36,1,1645.36
6.627004,275.7129,-332.138672,-1.514680,-9.791891,-9.429564,-1.254562,1.465251,-0.434771,-1.514680,0.567635,1777.09,1,1777.09
6.629260,272.8125,-335.039062,-10.205632,-9.814408,-9.271546,-9.945514,0.033519,-0.276753,-10.205632,-0.864098,1848.90,1,1848.90
6.631519,270.4395,-337.412109,-3.398917,-9.830393,-8.415619,-3.138798,-1.078588,0.579174,-3.398917,-1.976205,1907.21,1,1907.21
6.633781,267.7148,-340.136719,5.554201,-9.825219,-7.910442,5.814319,-0.754174,1.084351,5.554201,-1.651790,1951.64,1,1951.64
6.636035,265.1660,-342.685547,0.430609,-9.819618,-9.072827,0.690727,0.599748,-0.078034,0.430609,-0.297869,1991.53,1,1991.53
6.638289,262.4414,-345.410156,-2.334694,-9.824878,-10.330980,-2.074576,2.553416,-1.336187,-2.334694,1.655799,1999.96,1,1999.96
6.645880,252.9492,-354.902344,-0.276878,-9.826980,-8.773552,-0.016759,-0.244209,0.221241,-0.276878,-1.141825,1914.81,1,1914.81
6.647950,250.4004,-357.451172,-1.156747,-9.828885,-8.742428,-0.896629,0.475249,0.252365,-1.156747,-0.422368,1858.43,1,1858.43
6.650203,247.1484,-360.703125,-1.020277,-9.830452,-9.388862,-0.760159,0.735020,-0.394069,-1.020277,-0.162597,1748.39,1,1748.39
6.652460,244.4238,-363.427734,-1.725370,-9.834234,-9.378088,-1.465251,1.923741,-0.383295,-1.725370,1.026124,1658.89,1,1658.89
6.654717,241.2598,-366.591797,2.092185,-9.832910,-9.546879,2.352303,1.642422,-0.552086,2.092185,0.744805,1557.16,1,1557.16
6.656980,238.0078,-369.843750,1.578629,-9.827995,-9.276335,1.838747,-0.080206,-0.281542,1.578629,-0.977823,1443.94,1,1443.94
6.659235,234.4922,-373.359375,-2.837476,-9.831497,-8.823831,-2.577358,0.051475,0.170962,-2.837476,-0.846142,1254.50,1,1254.50
6.661489,232.0312,-375.820312,-1.094497,-9.837898,-8.354567,-0.834379,0.252588,0.640226,-1.094497,-0.645029,1116.40,1,1116.40
6.663746,229.6582,-378.193359,11.953901,-9.822040,-8.796297,12.214020,1.564611,0.198496,11.953901,0.666994,970.06,1,970.06
6.666006,227.7246,-380.126953,9.922421,-9.795824,-9.591172,10.182540,2.208651,-0.596379,9.922421,1.311034,737.49,1,737.49
6.668262,226.3184,-381.533203,2.654822,-9.789669,-9.740809,2.914941,1.448492,-0.746017,2.654822,0.550875,575.29,1,575.29
6.670520,225.3516,-382.500000,12.408800,-9.773178,-7.967903,12.668919,-0.167594,1.026890,12.408800,-1.065211,408.82,1,408.82
6.672775,224.1211,-383.730469,8.858199,-9.747690,-7.745243,9.118318,-0.735020,1.249550,8.858199,-1.632637,239.34,1,239.34
6.675029,224.1211,-383.730469,-0.726987,-9.744929,-9.792285,-0.466869,1.425747,-0.797492,-0.726987,0.528130,17.96,-1,-17.96
6.677291,224.0332,-383.818359,11.702510,-9.727003,-7.991845,11.962628,1.278504,1.002948,11.702510,0.380887,189.64,-1,-189.64
6.679546,224.2969,-383.554687,4.925723,-9.708708,-9.566033,5.185841,1.893813,-0.571240,4.925723,0.996197,359.95,-1,-359.95
6.681804,224.4727,-383.378906,-2.098865,-9.709154,-9.821015,-1.838747,1.467646,-0.826222,-2.098865,0.570029,527.66,-1,-527.66
6.684061,224.3848,-383.466797,0.034369,-9.712032,-8.178593,0.294487,-0.448913,0.816200,0.034369,-1.346530,771.64,-1,-771.64
6.686322,225.8789,-381.972656,4.828758,-9.708866,-8.216900,5.088876,0.337582,0.777893,4.828758,-0.560034,927.38,-1,-927.38
6.688578,227.2852,-380.566406,11.537311,-9.687651,-8.252813,11.797429,0.481235,0.741980,11.537311,-0.416382,1076.36,-1,-1076.36
6.690833,229.6582,-378.193359,6.975160,-9.670348,-10.516531,7.235278,3.727772,-1.521738,6.975160,2.830155,1217.41,-1,-1217.41
6.693089,232.4707,-375.380859,15.619424,-9.641898,-8.991425,15.879542,0.369904,0.003368,15.619424,-0.527713,1411.75,-1,-1411.75
6.695353,234.9316,-372.919922,6.321542,-9.615277,-8.245630,6.581660,-1.368286,0.749163,6.321542,-2.265903,1528.49,-1,-1528.49
6.697610,237.8320,-370.019531,-2.404126,-9.613944,-8.376115,-2.144008,1.012747,0.618678,-2.404126,0.115130,1633.89,-1,-1633.89
6.699866,241.5234,-366.328125,4.097329,-9.611407,-8.767567,4.357447,1.957260,0.227226,4.097329,1.059643,1727.15,-1,-1727.15
6.702122,244.9512,-362.900391,12.603928,-9.582234,-9.561244,12.864046,1.592144,-0.566451,12.603928,0.694527,1842.86,-1,-1842.86
6.704384,248.0273,-359.824219,1.591797,-9.565588,-10.195708,1.851915,2.458845,-1.200915,1.591797,1.561228,1902.98,-1,-1902.98
6.706641,251.0156,-356.835937,-7.287100,-9.575304,-9.454702,-7.026982,2.264915,-0.459909,-7.287100,1.367298,1948.95,-1,-1948.95
6.708901,253.7402,-354.111328,0.361177,-9.580595,-8.145074,0.621295,0.505177,0.849719,0.361177,-0.392440,1980.41,-1,-1980.41
6.711159,256.9043,-350.947266,5.537441,-9.567668,-8.513782,5.797559,-1.134852,0.481011,5.537441,-2.032468,1999.89,-1,-1999.89
6.713420,259.6289,-348.222656,-0.242162,-9.560704,-9.063251,0.017957,0.154426,-0.068458,-0.242162,-0.743191,1994.24,-1,-1994.24
6.715675,262.1777,-345.673828,-6.955503,-9.571169,-9.504981,-6.695385,2.961627,-0.510188,-6.955503,2.064011,1973.70,-1,-1973.70
6.717931,264.9902,-342.861328,-2.156326,-9.580105,-9.489418,-1.896208,2.887407,-0.494625,-2.156326,1.989790,1938.42,-1,-1938.42
6.720188,267.7148,-340.136719,6.351470,-9.569781,-8.931569,6.611588,-0.229843,0.063224,6.351470,-1.127460,1858.40,-1,-1858.40
6.722450,270.1758,-337.675781,2.195136,-9.559064,-8.383297,2.455254,0.172383,0.611496,2.195136,-0.725234,1787.59,-1,-1787.59
6.724706,272.6367,-335.214844,-1.041825,-9.560329,-8.878897,-0.781707,0.854730,0.115896,-1.041825,-0.042887,1703.39,-1,-1703.39
6.726962,274.9219,-332.929687,-2.382578,-9.564965,-9.295488,-2.122460,0.860716,-0.300695,-2.382578,-0.036901,1606.38,-1,-1606.38
6.729220,277.3828,-330.468750,2.673976,-9.564839,-9.062054,2.934094,2.395399,-0.067261,2.673976,1.497782,1438.51,-1,-1438.51
6.731483,280.0195,-327.832031,2.463286,-9.557682,-8.937555,2.723404,1.103727,0.057238,2.463286,0.206110,1312.91,-1,-1312.91
6.733741,282.0410,-325.810547,0.458142,-9.555880,-8.965088,0.718261,0.695516,0.029705,0.458142,-0.202101,1177.40,-1,-1177.40
6.735999,283.5352,-324.316406,-14.114166,-9.570353,-9.143456,-13.854048,0.871489,-0.148664,-14.114166,-0.026127,1033.04,-1,-1033.04
6.738260,284.7656,-323.085937,-11.693628,-9.602468,-9.720459,-11.433510,0.719458,-0.725666,-11.693628,-0.178159,802.23,-1,-802.23
6.740523,285.6445,-322.207031,-2.040207,-9.614941,-8.373720,-1.780089,0.265756,0.621073,-2.040207,-0.631860,640.49,-1,-640.49
6.742780,286.1719,-321.679687,-3.833464,-9.620993,-8.547300,-3.573346,0.502782,0.447493,-3.833464,-0.394835,473.90,-1,-473.90
6.745034,286.9629,-320.888672,-11.330907,-9.641533,-9.937134,-11.070788,1.723825,-0.942341,-11.330907,0.826208,217.67,-1,-217.67
6.747289,286.9629,-320.888672,-4.360188,-9.658096,-8.838196,-4.100070,1.625663,0.156597,-4.360188,0.728046,44.45,-1,-44.45
6.749551,286.8750,-320.976562,-8.515326,-9.674747,-9.095572,-8.255207,0.447716,-0.100780,-8.515326,-0.449901,129.13,1,129.13
6.751807,286.7871,-321.064453,-2.204210,-9.682145,-9.102755,-1.944092,-1.185130,-0.107962,-2.204210,-2.082747,301.77,1,301.77
6.754062,286.7871,-321.064453,1.807275,-9.680964,-8.115147,2.067393,1.041478,0.879646,1.807275,0.143861,556.17,1,556.17
6.756319,286.7871,-321.064453,-2.499894,-9.682418,-9.519346,-2.239776,2.172738,-0.524553,-2.499894,1.275121,720.89,1,720.89
6.763950,283.5352,-324.316406,-7.481030,-9.739506,-8.257602,-7.220912,-0.227449,0.737191,-7.481030,-1.125066,1246.92,1,1246.92
6.766007,281.7773,-326.074219,-11.159721,-9.757117,-8.762778,-10.899603,0.409408,0.232015,-11.159721,-0.488208,1439.88,1,1439.88
6.768262,279.8437,-328.007812,-12.417874,-9.786396,-10.402806,-12.157756,2.395399,-1.408013,-12.417874,1.497782,1555.13,1,1555.13
6.770520,277.2949,-330.556641,-4.818678,-9.803370,-9.540894,-4.558560,1.229423,-0.546101,-4.818678,0.331806,1658.63,1,1658.63
6.772789,274.6582,-333.193359,-7.740801,-9.818398,-9.138668,-7.480683,1.284489,-0.143875,-7.740801,0.386872,1749.55,1,1749.55
6.775046,272.1094,-335.742187,-5.140698,-9.834137,-8.637083,-4.880580,-1.072602,0.357710,-5.140698,-1.970219,1860.95,1,1860.95
6.777303,269.4727,-338.378906,-0.176321,-9.840086,-8.531737,0.083797,-0.323217,0.463056,-0.176321,-1.220834,1917.68,1,1917.68
6.779559,266.8359,-341.015625,2.177179,-9.836831,-9.094376,2.437297,1.175553,-0.099583,2.177179,0.277936,1959.85,1,1959.85
6.781819,264.2871,-343.564453,-1.276457,-9.837434,-10.117896,-1.016339,1.235408,-1.123103,-1.276457,0.337791,1987.14,1,1987.14
6.784076,261.5625,-346.289062,1.084226,-9.836754,-8.807071,1.344344,1.334767,0.187722,1.084226,0.437151,1999.70,1,1999.70
6.786333,259.0137,-348.837891,0.355192,-9.835486,-8.623915,0.615310,0.949301,0.370878,0.355192,0.051684,1989.05,1,1989.05
6.788588,256.1133,-351.738281,-0.661147,-9.835708,-8.856153,-0.401029,-0.172383,0.138640,-0.661147,-1.069999,1963.25,1,1963.25
6.790849,252.9492,-354.902344,-2.333497,-9.840577,-9.427169,-2.073379,1.004368,-0.432376,-2.333497,0.106751,1922.49,1,1922.49
6.793104,250.2246,-357.626953,-1.837897,-9.845446,-9.135077,-1.577779,1.213860,-0.140284,-1.837897,0.316243,1833.95,1,1833.95
6.795360,247.0605,-360.791016,0.138516,-9.846969,-9.105149,0.398635,0.396240,-0.110356,0.138516,-0.501377,1757.33,1,1757.33
6.797617,244.2480,-363.603516,-0.146394,-9.847552,-9.258378,0.113725,1.596933,-0.263585,-0.146394,0.699316,1667.26,1,1667.26
6.799881,241.0840,-366.767578,2.275341,-9.843699,-9.056067,2.535460,0.925359,-0.061275,2.275341,0.027742,1564.41,1,1564.41
6.802136,237.5684,-370.283203,-3.143934,-9.845218,-9.360131,-2.883816,-0.073023,-0.365338,-3.143934,-0.970640,1387.96,1,1387.96
6.804393,234.4043,-373.447266,-2.303569,-9.852245,-9.215282,-2.043451,0.590171,-0.220490,-2.303569,-0.307446,1256.82,1,1256.82
6.806651,231.8555,-375.996094,3.604123,-9.848475,-8.914810,3.864242,0.738611,0.079983,3.604123,-0.159006,1115.99,1,1115.99
6.808913,229.6582,-378.193359,11.217685,-9.824596,-8.707711,11.477803,1.074997,0.287082,11.217685,0.177380,966.61,1,966.61
6.811168,228.1641,-379.687500,1.442159,-9.810884,-9.939528,1.702277,2.541445,-0.944736,1.442159,1.643828,728.94,1,728.94
6.813425,226.7578,-381.093750,8.355416,-9.802726,-9.598354,8.615535,1.817199,-0.603561,8.355416,0.919582,563.21,1,563.21
6.815683,225.7910,-382.060547,12.793069,-9.774228,-7.790732,13.053187,-0.470461,1.204061,12.793069,-1.368078,393.09,1,393.09
6.817944,225.0879,-382.763672,0.629328,-9.757773,-8.908825,0.889446,0.441730,0.085968,0.629328,-0.455887,219.96,1,219.96
6.820200,225.3516,-382.500000,8.127967,-9.753112,-9.641450,8.388085,2.232593,-0.646657,8.127967,1.334976,42.68,-1,-42.68
6.822455,225.5273,-382.324219,8.376965,-9.732176,-8.323442,8.637083,1.406593,0.671350,8.376965,0.508977,217.67,-1,-217.67
6.824711,225.4395,-382.412109,2.841570,-9.722966,-9.897630,3.101688,1.660379,-0.902837,2.841570,0.762762,391.01,-1,-391.01
6.826974,225.3516,-382.500000,-0.518692,-9.726866,-9.354146,-0.258574,0.861913,-0.359353,-0.518692,-0.035704,561.47,-1,-561.47
6.829233,225.7031,-382.148437,-0.140408,-9.726117,-7.868544,0.119710,-0.444124,1.126249,-0.140408,-1.341741,808.65,-1,-808.65
6.831489,227.1094,-380.742187,2.077820,-9.724657,-8.875306,2.337938,0.408211,0.119487,2.077820,-0.489405,965.93,-1,-965.93
6.833745,228.6914,-379.160156,10.898059,-9.702445,-8.455123,11.158177,1.039083,0.539670,10.898059,0.141467,1115.90,-1,-1115.90
6.836004,230.8887,-376.962891,11.009389,-9.679290,-10.398018,11.269507,3.055001,-1.403225,11.009389,2.157384,1324.36,-1,-1324.36
6.838260,233.4375,-374.414062,12.451896,-9.653337,-9.908403,12.712014,1.016339,-0.913610,12.451896,0.118722,1450.79,-1,-1450.79
6.840517,236.3379,-371.513672,7.066139,-9.632807,-7.520187,7.326257,-0.907402,1.474606,7.066139,-1.805019,1566.09,-1,-1566.09
6.842774,239.8535,-367.998047,2.955295,-9.624942,-7.930793,3.215413,0.900220,1.064000,2.955295,0.002603,1669.30,-1,-1669.30
6.845034,243.2812,-364.570312,13.471826,-9.602302,-9.156625,13.731944,0.735020,-0.161832,13.471826,-0.162597,1799.74,-1,-1799.74
6.847288,246.4453,-361.406250,5.482375,-9.578890,-9.860519,5.742493,1.872266,-0.865726,5.482375,0.974649,1869.45,-1,-1869.45
6.849544,249.4336,-358.417969,-4.029788,-9.583714,-10.129868,-3.769670,2.865860,-1.135075,-4.029788,1.968243,1924.70,-1,-1924.70
6.851802,252.5977,-355.253906,-4.421240,-9.594800,-9.051279,-4.161122,1.871069,-0.056486,-4.421240,0.973452,1965.05,-1,-1965.05
6.854065,255.4102,-352.441406,5.002337,-9.588976,-7.745243,5.262455,-0.723049,1.249550,5.002337,-1.620666,1996.96,-1,-1996.96
6.856320,258.3105,-349.541016,2.702706,-9.579569,-8.665813,2.962825,-0.481235,0.328979,2.702706,-1.378851,1998.91,-1,-1998.91
6.858575,260.7715,-347.080078,-2.982326,-9.582829,-9.549273,-2.722207,1.164779,-0.554481,-2.982326,0.267162,1985.34,-1,-1985.34
6.860829,263.4961,-344.355469,-0.306805,-9.590097,-9.411607,-0.046687,2.442086,-0.416814,-0.306805,1.544469,1956.34,-1,-1956.34
6.863090,266.3086,-341.542969,4.227813,-9.585384,-8.992621,4.487931,0.745794,0.002172,4.227813,-0.151823,1884.43,-1,-1884.43
6.865348,269.0332,-338.818359,4.120074,-9.574843,-8.463503,4.380192,-0.199916,0.531290,4.120074,-1.097533,1818.05,-1,-1818.05
6.867605,271.5820,-336.269531,-0.488764,-9.573536,-8.689755,-0.228646,0.737414,0.305037,-0.488764,-0.160203,1737.51,-1,-1737.51
6.869860,273.7793,-334.072266,-1.629601,-9.576871,-9.397242,-1.369483,1.487996,-0.402449,-1.629601,0.590379,1643.43,-1,-1643.43
6.872122,276.3281,-331.523437,-1.547001,-9.581131,-9.564836,-1.286883,1.608904,-0.570043,-1.547001,0.711287,1478.49,-1,-1478.49
6.874381,278.8770,-328.974609,1.624119,-9.579979,-8.978256,1.884237,1.572991,0.016537,1.624119,0.675374,1353.91,-1,-1353.91
6.882601,284.6777,-323.173828,-4.552922,-9.617409,-8.565256,-4.292804,0.403423,0.429537,-4.552922,-0.494194,760.48,-1,-760.48
6.884659,285.2930,-322.558594,1.577432,-9.616757,-8.682572,1.837550,1.574188,0.312221,1.577432,0.676571,594.13,-1,-594.13
6.886927,286.1719,-321.679687,-16.130083,-9.642304,-11.219229,-15.869966,2.682703,-2.224436,-16.130083,1.785086,423.04,-1,-423.04
6.889183,286.1719,-321.679687,-5.587217,-9.666517,-9.178172,-5.327099,0.494403,-0.183379,-5.587217,-0.403214,160.55,-1,-160.55
6.891440,286.2598,-321.591797,-6.040918,-9.679000,-7.631518,-5.780800,0.168791,1.363275,-6.040918,-0.728826,16.31,1,16.31
6.893696,286.0840,-321.767578,-7.543280,-9.695780,-8.676587,-7.283162,-1.055843,0.318206,-7.543280,-1.953460,193.16,1,193.16
6.895951,285.9961,-321.855469,-1.375816,-9.705955,-9.064447,-1.115698,1.315614,-0.069654,-1.375816,0.417997,368.50,1,368.50
6.898212,285.9961,-321.855469,1.493635,-9.705185,-8.945934,1.753753,2.783259,0.048859,1.493635,1.885643,625.83,1,625.83
6.900468,285.6445,-322.207031,1.174009,-9.702139,-10.066422,1.434127,1.077391,-1.071629,1.174009,0.179774,791.49,1,791.49
6.902724,284.4141,-323.437500,-5.948741,-9.709404,-9.461885,-5.688623,0.008380,-0.467093,-5.948741,-0.889237,951.03,1,951.03
6.904982,283.7109,-324.140625,-10.465404,-9.740293,-8.499416,-10.205285,0.784101,0.495377,-10.465404,-0.113516,1103.10,1,1103.10
6.907247,282.0410,-325.810547,-0.530663,-9.751012,-7.571663,-0.270545,-0.741005,1.423130,-0.530663,-1.638622,1314.74,1,1314.74
6.909501,280.1953,-327.656250,-7.463074,-9.760888,-8.801085,-7.202956,0.791284,0.193707,-7.463074,-0.106333,1443.14,1,1443.14
6.911755,278.0859,-329.765625,-11.990510,-9.791068,-11.309011,-11.730392,2.555810,-2.314219,-11.990510,1.658193,1560.24,1,1560.24
6.914011,275.8008,-332.050781,-7.490607,-9.811527,-8.920795,-7.230489,1.307234,0.073997,-7.490607,0.409617,1712.59,1,1712.59
6.916271,273.0762,-334.775391,-6.435961,-9.828044,-8.147469,-6.175843,-0.056264,0.847324,-6.435961,-0.953881,1797.48,1,1797.48
6.918527,270.5273,-337.324219,-4.381736,-9.839413,-8.349778,-4.121618,-1.885434,0.645015,-4.381736,-2.783051,1868.22,1,1868.22
6.920782,267.7148,-340.136719,0.349206,-9.840093,-8.700529,0.609324,0.436942,0.294264,0.349206,-0.460675,1924.22,1,1924.22
6.923036,265.1660,-342.685547,-2.326314,-9.842544,-9.946711,-2.066196,2.087744,-0.951918,-2.326314,1.190127,1979.64,1,1979.64
6.925295,262.6172,-345.234375,-0.572562,-9.845910,-10.139444,-0.312443,2.240973,-1.144651,-0.572562,1.343356,1997.10,1,1997.10
6.927554,259.8926,-347.958984,4.163170,-9.838706,-9.040505,4.423288,1.684321,-0.045712,4.163170,0.786704,1998.77,1,1998.77
6.929809,257.2559,-350.595703,-1.852262,-9.833463,-9.142260,-1.592144,-0.667982,-0.147467,-1.852262,-1.565599,1984.62,1,1984.62
6.932066,254.0918,-353.759766,-5.783541,-9.843439,-8.942344,-5.523423,0.488417,0.052449,-5.783541,-0.409200,1933.99,1,1933.99
6.934328,251.1914,-356.660156,-1.950425,-9.851431,-8.246828,-1.690306,1.628057,0.747965,-1.950425,0.730440,1881.02,1,1881.02
6.936588,248.2031,-359.648437,3.563422,-9.846153,-9.172187,3.823540,0.718261,-0.177394,3.563422,-0.179356,1813.12,1,1813.12
6.938845,245.2148,-362.636719,-2.388564,-9.843953,-9.932345,-2.128445,0.919373,-0.937552,-2.388564,0.021757,1730.78,1,1730.78
6.941101,242.0508,-365.800781,-3.880151,-9.852617,-8.864532,-3.620033,2.165555,0.130261,-3.880151,1.267939,1581.76,1,1581.76
6.943363,238.6230,-369.228516,2.204712,-9.852871,-8.474277,2.464831,0.857124,0.520516,2.204712,-0.040493,1466.52,1,1466.52
6.945619,235.5469,-372.304687,2.385475,-9.846663,-9.366117,2.645593,-0.970849,-0.371325,2.385475,-1.868466,1339.57,1,1339.57
6.947874,232.3828,-375.468750,-0.614460,-9.845791,-9.054871,-0.354342,0.889446,-0.060078,-0.614460,-0.008171,1201.92,1,1201.92
6.950128,230.1855,-377.666016,6.730951,-9.841189,-8.826224,6.991069,2.249352,0.168569,6.730951,1.351736,977.89,1,977.89
6.952388,228.3398,-379.511719,9.404077,-9.818633,-8.910022,9.664195,1.693898,0.084771,9.404077,0.796281,818.42,1,818.42
6.954647,226.5820,-381.269531,5.706233,-9.803824,-10.235212,5.966351,1.217452,-1.240419,5.706233,0.319835,652.42,1,652.42
6.956902,225.6152,-382.236328,8.515828,-9.790642,-8.291121,8.775947,0.186748,0.703672,8.515828,-0.710869,481.23,1,481.23
6.959159,225.1758,-382.675781,9.435202,-9.767219,-7.116765,9.695320,0.374693,1.878028,9.435202,-0.522924,217.53,1,217.53
6.961419,225.0879,-382.763672,10.286340,-9.748500,-9.627085,10.546458,1.978808,-0.632292,10.286340,1.081191,39.21,1,39.21
6.963675,225.5273,-382.324219,5.342314,-9.727538,-10.199299,5.602432,2.369063,-1.204506,5.342314,1.471446,139.44,-1,-139.44
6.965934,225.5273,-382.324219,1.479269,-9.718242,-8.978256,1.739388,0.939724,0.016537,1.479269,0.042107,317.08,-1,-317.08
6.968191,225.5273,-382.324219,-1.202237,-9.719473,-8.859743,-0.942118,0.055067,0.135050,-1.202237,-0.842550,578.38,-1,-578.38
6.970454,226.2305,-381.621094,-1.807970,-9.722924,-8.240842,-1.547851,-0.058658,0.753951,-1.807970,-0.956275,747.17,-1,-747.17
6.972710,227.7246,-380.126953,12.412391,-9.710783,-8.026561,12.672509,0.572214,0.968232,12.412391,-0.325403,909.99,-1,-909.99
6.974965,229.3066,-378.544922,8.301547,-9.685931,-10.230424,8.561666,2.589329,-1.235631,8.301547,1.691712,1065.57,-1,-1065.57
6.977222,231.6797,-376.171875,-0.230191,-9.679334,-11.063606,0.029928,3.078943,-2.068813,-0.230191,2.181327,1282.68,-1,-1282.68
6.979485,234.2285,-373.623047,14.309796,-9.658573,-8.686164,14.569915,1.114501,0.308629,14.309796,0.216884,1414.80,-1,-1414.80
6.981742,236.8652,-370.986328,8.894112,-9.626757,-8.134300,9.154230,-1.007959,0.860493,8.894112,-1.905576,1535.63,-1,-1535.63
6.983996,240.1172,-367.734375,-0.971196,-9.617543,-9.587581,-0.711078,1.165976,-0.592788,-0.971196,0.268359,1644.16,-1,-1644.16
6.986254,243.2812,-364.570312,6.764470,-9.610531,-9.745598,7.024588,2.291251,-0.750805,6.764470,1.393634,1782.02,-1,-1782.02
6.988513,246.7090,-361.142578,9.508224,-9.587563,-8.446744,9.768343,2.427721,0.548049,9.508224,1.530104,1856.17,-1,-1856.17
6.990768,249.7852,-358.066406,0.747841,-9.578146,-10.013748,1.007959,1.400608,-1.018955,0.747841,0.502991,1915.44,-1,-1915.44
6.993028,252.8613,-354.990234,-2.817126,-9.582077,-9.452309,-2.557007,0.385466,-0.457516,-2.817126,-0.512150,1975.34,-1,-1975.34
7.000614,262.4414,-345.410156,-1.622419,-9.594386,-10.011354,-1.362301,3.270479,-1.016562,-1.622419,2.372863,1975.36,-1,-1975.36
7.002685,264.7266,-343.125000,-1.037037,-9.597417,-9.508572,-0.776918,2.900575,-0.513779,-1.037037,2.002959,1939.32,-1,-1939.32
7.004943,267.3633,-340.488281,1.261397,-9.597316,-8.807071,1.521515,0.239420,0.187722,1.261397,-0.658197,1887.59,-1,-1887.59
7.007201,270.0879,-337.763672,1.783333,-9.593462,-8.091205,2.043451,-0.339977,0.903588,1.783333,-1.237594,1781.57,-1,-1781.57
7.009459,272.4609,-335.390625,2.549477,-9.588368,-8.778340,2.809596,0.023942,0.216453,2.549477,-0.873675,1692.72,-1,-1692.72
7.011720,274.7461,-333.105469,-1.787619,-9.588720,-9.575610,-1.527501,1.115698,-0.580817,-1.787619,0.218081,1590.16,-1,-1590.16
7.013976,277.2949,-330.556641,-1.616433,-9.593775,-9.406818,-1.356315,2.663549,-0.412025,-1.616433,1.765933,1474.72,-1,-1474.72
7.016233,279.6680,-328.183594,0.591021,-9.593971,-8.986636,0.851139,1.971625,0.008157,0.591021,1.074008,1279.43,-1,-1279.43
7.018490,281.3379,-326.513672,0.919026,-9.591963,-9.077616,1.179144,1.356315,-0.082823,0.919026,0.458698,1135.97,-1,-1135.97
7.020754,283.0078,-324.843750,-12.122190,-9.610584,-9.147048,-11.862072,0.168791,-0.152255,-12.122190,-0.728826,983.30,-1,-983.30
7.023013,284.2383,-323.613281,-6.667002,-9.632284,-8.322245,-6.406884,-0.208296,0.672548,-6.667002,-1.105912,739.62,-1,-739.62
7.025269,285.1172,-322.734375,-0.609672,-9.637617,-8.303091,-0.349553,1.455675,0.691702,-0.609672,0.558058,569.39,-1,-569.39
7.027522,285.8203,-322.031250,-11.371609,-9.652724,-9.354146,-11.111490,1.080982,-0.359353,-11.371609,0.183365,394.48,-1,-394.48
7.029784,286.0840,-321.767578,-5.667423,-9.675342,-10.016143,-5.407305,0.878672,-1.021350,-5.667423,-0.018945,216.30,-1,-216.30
7.032042,286.1719,-321.679687,-6.498210,-9.687323,-7.527370,-6.238092,0.523133,1.467423,-6.498210,-0.374484,53.93,1,53.93
7.034298,286.0840,-321.767578,-8.715241,-9.706812,-8.140285,-8.455123,-0.397437,0.854507,-8.715241,-1.295054,233.89,1,233.89
7.036554,285.9961,-321.855469,-4.080067,-9.719410,-9.344569,-3.819949,-0.056264,-0.349776,-4.080067,-0.953881,412.02,1,412.02
7.038814,285.9961,-321.855469,1.688762,-9.717308,-9.355343,1.948880,2.043451,-0.360550,1.688762,1.145834,586.80,1,586.80
7.041069,285.5566,-322.294922,0.070282,-9.715365,-9.767146,0.330400,1.195904,-0.772353,0.070282,0.298287,839.62,1,839.62
7.043327,284.7656,-323.085937,-6.748405,-9.724628,-9.196129,-6.488286,0.373495,-0.201336,-6.748405,-0.524121,1000.03,1,1000.03
7.045585,283.5352,-324.316406,-7.210485,-9.749120,-8.408437,-6.950367,-0.067038,0.586356,-7.210485,-0.964655,1152.27,1,1152.27
7.047849,281.9531,-325.898437,-6.270761,-9.762026,-7.773973,-6.010643,-0.575805,1.220820,-6.270761,-1.473422,1295.11,1,1295.11
7.050104,280.1074,-327.744141,-12.641732,-9.784966,-9.188946,-12.381614,1.547851,-0.194153,-12.641732,0.650235,1489.35,1,1489.35
7.052359,278.2617,-329.589844,-11.831295,-9.814423,-10.345345,-11.571177,2.821567,-1.350553,-11.831295,1.923950,1603.82,1,1603.82
7.054615,275.8887,-331.962891,-0.946057,-9.824512,-9.436746,-0.685939,1.492785,-0.441953,-0.946057,0.595168,1705.22,1,1705.22
7.056876,273.0762,-334.775391,-7.985010,-9.833994,-9.364920,-7.724892,0.209493,-0.370127,-7.985010,-0.688124,1792.71,1,1792.71
7.059134,270.4395,-337.412109,-6.250411,-9.850245,-8.590396,-5.990293,-1.394622,0.404397,-6.250411,-2.292239,1896.24,1,1896.24
7.061391,267.9785,-339.873047,-1.287231,-9.856282,-7.969100,-1.027112,-0.664391,1.025692,-1.287231,-1.562008,1945.98,1,1945.98
7.063647,265.4297,-342.421875,1.073452,-9.850897,-8.692149,1.333570,-0.405817,0.302644,1.073452,-1.303434,1979.77,1,1979.77
7.065906,262.4414,-345.410156,-3.143934,-9.854218,-11.003751,-2.883816,3.128025,-2.008958,-3.143934,2.230408,1997.32,1,1997.32
7.068161,259.8047,-348.046875,-1.533833,-9.859351,-9.902418,-1.273715,2.886210,-0.907625,-1.533833,1.988593,1992.92,1,1992.92
7.070420,257.0801,-350.771484,1.777347,-9.857138,-8.488642,2.037466,0.679953,0.506151,1.777347,-0.217664,1969.50,1,1969.50
7.072675,254.2676,-353.583984,-2.176677,-9.857193,-8.805874,-1.916559,-0.776918,0.188919,-2.176677,-1.674535,1929.87,1,1929.87
7.074934,251.3672,-356.484375,-2.702204,-9.863254,-8.702923,-2.442086,0.462081,0.291870,-2.702204,-0.435536,1874.38,1,1874.38
7.077190,248.2910,-359.560547,-0.281666,-9.865772,-8.923190,-0.021548,1.270124,0.071603,-0.281666,0.372507,1762.37,1,1762.37
7.079448,245.2148,-362.636719,2.922973,-9.860352,-9.301474,3.183091,1.072602,-0.306681,2.922973,0.174986,1669.39,1,1669.39
7.081704,242.3145,-365.537109,-0.560591,-9.858819,-9.613917,-0.300472,1.692701,-0.619124,-0.560591,0.795084,1562.65,1,1562.65
7.083966,238.9746,-368.876953,-2.484332,-9.862615,-9.014170,-2.224213,0.805649,-0.019377,-2.484332,-0.091968,1442.98,1,1442.98
7.086223,235.3711,-372.480469,0.411455,-9.863744,-8.780735,0.671574,-0.104148,0.214058,0.411455,-1.001765,1241.44,1,1241.44
7.088480,232.9980,-374.853516,0.814878,-9.861657,-8.933964,1.074997,-0.259771,0.060829,0.814878,-1.157388,1094.01,1,1094.01
7.090735,230.8008,-377.050781,12.383660,-9.842701,-8.682572,12.643779,1.258153,0.312221,12.383660,0.360536,937.49,1,937.49
7.092989,229.3066,-378.544922,5.459630,-9.821336,-9.679757,5.719748,2.272097,-0.684964,5.459630,1.374480,773.14,1,773.14
7.095254,228.2520,-379.599609,4.075781,-9.813338,-10.392033,4.335899,1.896208,-1.397240,4.075781,0.998591,515.12,1,515.12
7.097512,227.0215,-380.830078,13.725611,-9.789657,-7.656657,13.985729,-0.089783,1.338136,13.725611,-0.987399,337.34,1,337.34
7.099767,226.3184,-381.533203,3.163590,-9.770416,-8.379706,3.423708,0.430956,0.615087,3.163590,-0.466661,156.79,1,156.79
7.102022,226.4941,-381.357422,3.392236,-9.766864,-9.629479,3.652355,0.966060,-0.634686,3.392236,0.068444,116.18,-1,-116.18
7.104283,226.6699,-381.181641,9.192190,-9.746585,-8.208521,9.452309,1.097741,0.786272,9.192190,0.200125,297.27,-1,-297.27
7.106538,226.6699,-381.181641,1.938956,-9.732490,-9.815030,2.199074,2.421735,-0.820237,1.938956,1.524118,475.95,-1,-475.95
7.108795,226.5820,-381.269531,-1.991126,-9.734113,-9.865308,-1.731008,0.561440,-0.870515,-1.991126,-0.336177,650.75,-1,-650.75
7.111053,227.1973,-380.654297,-1.159141,-9.737471,-8.149862,-0.899023,-0.580594,0.844931,-1.159141,-1.478211,902.48,-1,-902.48
7.118524,234.2285,-373.623047,16.891943,-9.611288,-9.457097,17.152061,2.456451,-0.462304,16.891943,1.558834,1417.06,-1,-1417.06
7.120582,236.7773,-371.074219,9.316689,-9.586276,-8.992621,9.576807,-0.008380,0.002172,9.316689,-0.905997,1539.79,-1,-1539.79
7.122841,239.8535,-367.998047,0.728687,-9.574341,-7.894880,0.988805,-0.779313,1.099913,0.728687,-1.676929,1649.76,-1,-1649.76
7.125099,243.1934,-364.658203,7.468365,-9.565110,-8.410830,7.728483,0.863110,0.583962,7.468365,-0.034507,1788.69,-1,-1788.69
7.127368,246.5332,-361.318359,11.925171,-9.536725,-7.943961,12.185289,0.763750,1.050832,11.925171,-0.133867,1862.85,-1,-1862.85
7.129623,249.6973,-358.154297,-3.862195,-9.533043,-11.143812,-3.602077,3.090914,-2.149019,-3.862195,2.193298,1921.51,-1,-1921.51
7.131880,252.5977,-355.253906,-5.325052,-9.546062,-10.031705,-5.064934,2.846706,-1.036912,-5.325052,1.949089,1964.13,-1,-1964.13
7.134139,255.5859,-352.265625,3.301257,-9.543023,-7.507020,3.561375,0.064643,1.487773,3.301257,-0.832973,1997.24,-1,-1997.24
7.136402,258.4863,-349.365234,5.046630,-9.531860,-7.803900,5.306748,-0.685939,1.190893,5.046630,-1.583556,1998.49,-1,-1998.49
7.138656,261.1230,-346.728516,-1.554184,-9.527411,-9.154230,-1.294066,0.080206,-0.159437,-1.554184,-0.817411,1983.02,-1,-1983.02
7.140912,263.7598,-344.091797,-4.611579,-9.535773,-9.981427,-4.351461,2.821567,-0.986634,-4.611579,1.923950,1950.97,-1,-1950.97
7.143168,266.4844,-341.367187,0.097815,-9.539208,-9.722853,0.357933,2.825158,-0.728060,0.097815,1.927541,1872.35,-1,-1872.35
7.145430,268.9453,-338.906250,6.211409,-9.527653,-8.675390,6.471527,0.017957,0.319403,6.211409,-0.879660,1800.21,-1,-1800.21
7.147688,271.5820,-336.269531,1.485255,-9.518417,-8.579621,1.745373,0.150835,0.415172,1.485255,-0.746782,1712.98,-1,-1712.98
7.149944,273.9551,-333.896484,-4.898884,-9.522091,-8.773552,-4.638766,0.445322,0.221241,-4.898884,-0.452295,1611.32,-1,-1611.32
7.152200,276.5039,-331.347656,-6.236045,-9.537091,-9.386468,-5.975927,1.407791,-0.391675,-6.236045,0.510174,1433.81,-1,-1433.81
7.154461,278.8770,-328.974609,3.784886,-9.536898,-8.979453,4.045004,1.762132,0.015340,3.784886,0.864516,1300.14,-1,-1300.14
7.156719,280.6348,-327.216797,4.086555,-9.527040,-9.548077,4.346673,2.086547,-0.553284,4.086555,1.188930,1155.48,-1,-1155.48
7.158976,282.4805,-325.371094,-9.389210,-9.535994,-9.235633,-9.129091,0.821211,-0.240840,-9.389210,-0.076406,1001.10,-1,-1001.10
7.161234,283.7988,-324.052734,-11.919881,-9.564892,-9.136273,-11.659762,1.181539,-0.141480,-11.919881,0.283922,754.11,-1,-754.11
7.163496,284.6777,-323.173828,-2.821914,-9.577896,-7.941567,-2.561796,-0.152032,1.053226,-2.821914,-1.049649,581.11,-1,-581.11
7.165752,285.2930,-322.558594,-11.481742,-9.593681,-8.948329,-11.221623,0.458490,0.046464,-11.481742,-0.439127,403.26,-1,-403.26
7.168007,285.3809,-322.470703,-9.948256,-9.618121,-10.947487,-9.688137,2.439692,-1.952694,-9.948256,1.542075,130.44,-1,-130.44
7.170262,285.3809,-322.470703,-7.367306,-9.634180,-9.651027,-7.107188,1.861492,-0.656234,-7.367306,0.963875,53.24,1,53.24
7.172522,285.3809,-322.470703,-5.231678,-9.651948,-8.457518,-4.971560,-0.041899,0.537275,-5.231678,-0.939515,236.44,1,236.44
7.174777,285.3809,-322.470703,-0.829938,-9.659414,-8.632295,-0.569820,-0.806846,0.362498,-0.829938,-1.704463,417.73,1,417.73
7.177032,285.3809,-322.470703,2.116127,-9.656599,-8.609550,2.376245,0.597353,0.385243,2.116127,-0.300264,682.67,1,682.67
7.179288,284.5020,-323.349609,1.005217,-9.653192,-9.119514,1.265336,1.580173,-0.124722,1.005217,0.682556,852.43,1,852.43
7.181549,283.5352,-324.316406,-14.767784,-9.677156,-10.460267,-14.507666,0.636858,-1.465474,-14.767784,-0.260759,1015.03,1,1015.03
7.183807,282.4805,-325.371094,-6.378500,-9.702514,-8.724471,-6.118382,1.072602,0.270322,-6.378500,0.174986,1169.10,1,1169.10
7.186066,280.7227,-327.128906,1.059087,-9.701976,-7.642292,1.319205,1.106121,1.352501,1.059087,0.208504,1381.30,1,1381.30
7.188321,278.9648,-328.886719,-14.175219,-9.724484,-8.863335,-13.915100,0.322020,0.131458,-14.175219,-0.575597,1508.47,1,1508.47
7.190581,276.5918,-331.259766,-10.982551,-9.755011,-9.803059,-10.722432,1.173159,-0.808266,-10.982551,0.275542,1622.87,1,1622.87
7.192837,273.9551,-333.896484,-6.203724,-9.772881,-8.541314,-5.943606,1.217452,0.453479,-6.203724,0.319835,1723.51,1,1723.51
7.195093,271.2305,-336.621094,-7.291888,-9.789810,-9.520543,-7.031770,0.149638,-0.525750,-7.291888,-0.747979,1846.88,1,1846.88
7.197349,268.6816,-339.169922,-0.079356,-9.797367,-8.380903,0.180762,-0.766145,0.613890,-0.079356,-1.663761,1909.70,1,1909.70
7.199610,266.1328,-341.718750,3.216263,-9.793347,-8.119935,3.476381,1.368286,0.874858,3.216263,0.470669,1956.29,1,1956.29
7.201866,263.4961,-344.355469,1.667214,-9.787078,-9.692925,1.927332,0.626084,-0.698133,1.667214,-0.271533,1986.28,1,1986.28
7.204122,260.7715,-347.080078,-2.197027,-9.790243,-10.502166,-1.936909,1.104924,-1.507373,-2.197027,0.207307,1999.55,1,1999.55
7.206378,258.1348,-349.716797,-1.507497,-9.794220,-8.503007,-1.247379,0.979228,0.491786,-1.507497,0.081612,1987.13,1,1987.13
7.208638,255.1465,-352.705078,-0.317579,-9.796638,-8.999804,-0.057461,-0.141258,-0.005012,-0.317579,-1.038875,1957.79,1,1957.79
7.210894,252.2461,-355.605469,-0.948451,-9.798040,-8.900445,-0.688333,0.096965,0.094348,-0.948451,-0.800652,1911.75,1,1911.75
7.213150,249.1699,-358.681641,0.076267,-9.798990,-8.713697,0.336385,1.410185,0.281096,0.076267,0.512568,1812.29,1,1812.29
7.215405,246.0937,-361.757812,-1.113651,-9.799290,-9.501390,-0.853533,1.408988,-0.506597,-1.113651,0.511371,1726.49,1,1726.49
7.217666,243.2812,-364.570312,-1.482358,-9.802375,-9.340978,-1.222240,1.215057,-0.346185,-1.482358,0.317441,1625.95,1,1625.95
7.219923,240.0293,-367.822266,2.011979,-9.801211,-8.705317,2.272097,1.028310,0.289475,2.011979,0.130693,1511.49,1,1511.49
7.222181,236.6895,-371.162109,1.573840,-9.796106,-8.955511,1.833959,-0.026336,0.039282,1.573840,-0.923953,1315.85,1,1315.85
7.224436,233.6133,-374.238281,-2.223364,-9.798791,-9.342175,-1.963245,-0.070629,-0.347383,-2.223364,-0.968246,1171.08,1,1171.08
7.226695,231.4160,-376.435547,7.755669,-9.795431,-8.681376,8.015787,1.124078,0.313417,7.755669,0.226461,1016.27,1,1016.27
7.228951,229.3066,-378.544922,11.852148,-9.770014,-8.305486,12.112267,1.205481,0.689307,11.852148,0.307864,852.70,1,852.70
7.237172,226.3184,-381.533203,4.480402,-9.733180,-8.227674,4.740520,0.967257,0.767118,4.480402,0.069641,47.32,1,47.32
7.239229,226.3184,-381.533203,9.778769,-9.716004,-9.264363,10.038888,1.310825,-0.269570,9.778769,0.413209,137.99,-1,-137.99
7.241500,226.5820,-381.269531,6.070151,-9.697186,-9.400833,6.330269,1.616086,-0.406040,6.070151,0.718469,322.15,-1,-322.15
7.243757,226.6699,-381.181641,-1.060979,-9.691475,-9.418790,-0.800860,1.043872,-0.423997,-1.060979,0.146255,503.50,-1,-503.50
7.246016,227.0215,-380.830078,-2.631575,-9.697580,-8.971074,-2.371457,0.274136,0.023719,-2.631575,-0.623481,767.12,-1,-767.12
7.248272,228.6035,-379.248047,3.559831,-9.695008,-8.476671,3.819949,1.148020,0.518122,3.559831,0.250403,935.02,-1,-935.02
7.250530,230.0098,-377.841797,8.598428,-9.667319,-8.467094,8.858546,0.463278,0.527699,8.598428,-0.434339,1094.83,-1,-1094.83
7.252786,232.1191,-375.732422,1.383501,-9.659409,-11.529279,1.643619,3.435679,-2.534486,1.383501,2.538063,1245.25,-1,-1245.25
7.255042,234.8437,-373.007812,13.394013,-9.637849,-9.051279,13.654132,1.997961,-0.056486,13.394013,1.100344,1450.55,-1,-1450.55
7.257300,237.4805,-370.371094,7.448014,-9.605332,-8.254010,7.708132,-1.175553,0.740783,7.448014,-2.073170,1572.02,-1,-1572.02
7.259562,240.9961,-366.855469,1.557081,-9.597635,-9.648633,1.817199,1.739388,-0.653840,1.557081,0.841771,1679.97,-1,-1679.97
7.261819,244.3359,-363.515625,10.261201,-9.582049,-8.779537,10.521319,1.714248,0.215256,10.261201,0.816632,1773.47,-1,-1773.47
7.264074,247.5000,-360.351562,10.555688,-9.556421,-8.890868,10.815806,1.362301,0.103925,10.555688,0.464684,1884.77,-1,-1884.77
7.266329,250.5762,-357.275391,-4.677420,-9.553338,-9.939528,-4.417302,1.478420,-0.944736,-4.677420,0.580803,1938.76,-1,-1938.76
7.268593,253.6523,-354.199219,-3.442012,-9.564440,-9.052477,-3.181894,1.709460,-0.057684,-3.442012,0.811843,1976.01,-1,-1976.01
7.270851,256.4648,-351.386719,1.935365,-9.564366,-7.995437,2.195483,0.608127,0.999356,1.935365,-0.289490,1996.16,-1,-1996.16
7.273107,259.0137,-348.837891,4.361888,-9.555533,-8.391677,4.622006,-0.369904,0.603116,4.361888,-1.267521,1993.97,-1,-1993.97
7.275362,261.8262,-346.025391,-3.321105,-9.556303,-10.093954,-3.060987,2.372654,-1.099161,-3.321105,1.475037,1970.91,-1,-1970.91
7.277623,264.6387,-343.212891,-1.706216,-9.563101,-9.434352,-1.446098,2.995146,-0.439559,-1.706216,2.097529,1930.76,-1,-1930.76
7.279881,267.2754,-340.576172,2.590179,-9.560852,-8.877700,2.850297,1.069011,0.117093,2.590179,0.171394,1873.85,-1,-1873.85
7.282138,269.8242,-338.027344,3.182744,-9.552809,-8.652645,3.442862,-0.276530,0.342148,3.182744,-1.174147,1758.13,-1,-1758.13
7.284396,272.3730,-335.478516,-0.363069,-9.552597,-9.014170,-0.102951,0.488417,-0.019377,-0.363069,-0.409200,1661.77,-1,-1661.77
7.286658,274.7461,-333.105469,-1.293216,-9.554208,-9.020155,-1.033098,0.094571,-0.025362,-1.293216,-0.803046,1550.91,-1,-1550.91
7.288914,277.3828,-330.468750,0.021201,-9.555716,-9.411607,0.281319,1.511938,-0.416814,0.021201,0.614321,1426.53,-1,-1426.53
7.291169,279.4043,-328.447266,0.162458,-9.554233,-8.995016,0.422577,1.895011,-0.000223,0.162458,0.997394,1217.06,-1,-1217.06
7.293425,280.9863,-326.865234,-6.497014,-9.561373,-9.139865,-6.236896,1.347936,-0.145072,-6.497014,0.450319,1063.82,-1,-1063.82
7.295688,282.3926,-325.458984,-12.512445,-9.585134,-9.688137,-12.252327,0.849942,-0.693344,-12.512445,-0.047675,901.29,-1,-901.29
7.297947,283.7988,-324.052734,-3.767624,-9.599134,-7.696161,-3.507505,-1.252167,1.298632,-3.767624,-2.149784,730.90,-1,-730.90
7.300203,284.5020,-323.349609,0.194780,-9.599010,-7.672219,0.454898,0.888249,1.322574,0.194780,-0.009368,463.76,-1,-463.76
7.302458,284.8535,-322.998047,-14.527166,-9.623343,-11.093534,-14.267048,2.073379,-2.098741,-14.527166,1.175762,280.18,-1,-280.18
7.304720,284.7656,-323.085937,-12.859605,-9.653493,-10.084377,-12.599486,1.146823,-1.089584,-12.859605,0.249206,94.15,-1,-94.15
7.306979,284.5020,-323.349609,-6.030144,-9.673686,-9.190144,-5.770026,2.282871,-0.195351,-6.030144,1.385254,92.77,1,92.77
7.309235,284.5898,-323.261719,-1.373422,-9.675838,-8.376115,-1.113304,-0.609324,0.618678,-1.373422,-1.506941,371.18,1,371.18
7.311489,284.5020,-323.349609,-3.889728,-9.681118,-9.295488,-3.629610,0.622492,-0.300695,-3.889728,-0.275124,553.14,1,553.14
7.313746,284.3262,-323.525391,-1.051402,-9.688299,-9.678560,-0.791284,2.565387,-0.683767,-1.051402,1.667770,730.30,1,730.30
7.316008,283.5352,-324.316406,0.934589,-9.685106,-8.978256,1.194707,0.034716,0.016537,0.934589,-0.862901,983.71,1,983.71
7.318266,282.4805,-325.371094,-10.115849,-9.701190,-9.583989,-9.855731,0.513556,-0.589196,-10.115849,-0.384061,1142.20,1,1142.20
7.320524,280.6348,-327.216797,-8.412375,-9.719889,-8.067263,-8.152257,0.387861,0.927530,-8.412375,-0.509756,1290.71,1,1290.71
7.322780,278.7891,-329.062500,-13.873549,-9.747256,-8.626308,-13.613431,1.557428,0.368484,-13.873549,0.659811,1427.98,1,1427.98
7.325041,277.0312,-330.820312,-10.124229,-9.772975,-9.384073,-9.864111,1.369483,-0.389280,-10.124229,0.471866,1610.08,1,1610.08
7.327297,274.6582,-333.193359,-1.507497,-9.779069,-9.349358,-1.247379,1.098939,-0.354565,-1.507497,0.201322,1714.08,1,1714.08
7.329553,272.0215,-335.830078,-11.509275,-9.793365,-9.980229,-11.249157,1.731008,-0.985436,-11.509275,0.833391,1803.03,1,1803.03
7.331809,269.2090,-338.642578,-8.178941,-9.816008,-9.504981,-7.918822,-0.803255,-0.510188,-8.178941,-1.700871,1876.16,1,1876.16
7.334071,266.6602,-341.191406,1.124928,-9.818141,-7.528567,1.385046,-1.537078,1.466226,1.124928,-2.434694,1954.79,1,1954.79
7.336326,264.1992,-343.652344,4.523497,-9.806181,-8.311471,4.783615,-0.148441,0.683322,4.523497,-1.046057,1985.81,1,1985.81
7.338580,261.4746,-346.376953,-3.195410,-9.805022,-11.019313,-2.935291,1.990779,-2.024520,-3.195410,1.093162,1999.36,1,1999.36
7.340834,258.5742,-349.277344,-4.872548,-9.815828,-10.570400,-4.612430,3.045424,-1.575607,-4.872548,2.147808,1995.30,1,1995.30
7.343095,255.8496,-352.001953,-1.155550,-9.821330,-8.734048,-0.895431,1.957260,0.260745,-1.155550,1.059643,1956.27,1,1956.27
7.345353,253.0371,-354.814453,1.370333,-9.817680,-8.643068,1.630451,-0.775721,0.351725,1.370333,-1.673338,1908.64,1,1908.64
7.347610,249.9609,-357.890625,-0.081750,-9.816315,-8.652645,0.178368,-0.626084,0.342148,-0.081750,-1.523701,1844.13,1,1844.13
7.355222,239.5898,-368.261719,2.326817,-9.798600,-9.403227,2.586935,1.381454,-0.408434,2.326817,0.483837,1430.83,1,1430.83
7.357294,236.6895,-371.162109,-1.821138,-9.799611,-9.587581,-1.561020,0.761356,-0.592788,-1.821138,-0.136261,1293.22,1,1293.22
7.359549,233.6133,-374.238281,-1.473978,-9.803950,-8.901642,-1.213860,-0.039504,0.093151,-1.473978,-0.937121,1144.05,1,1144.05
7.361804,231.4160,-376.435547,8.716941,-9.792243,-8.228871,8.977059,-0.080206,0.765922,8.716941,-0.977823,984.79,1,984.79
7.364059,229.2187,-378.632812,10.316268,-9.765840,-8.176199,10.576386,0.268151,0.818594,10.316268,-0.629466,729.92,1,729.92
7.366319,227.9883,-379.863281,0.758615,-9.760752,-10.861296,1.018733,2.413355,-1.866503,0.758615,1.515738,551.49,1,551.49
7.368576,226.7578,-381.093750,15.863632,-9.742807,-9.003395,16.123751,1.344344,-0.008602,15.863632,0.446727,368.17,1,368.17
7.370832,226.5820,-381.269531,9.194584,-9.715847,-7.454347,9.454702,0.135272,1.540446,9.194584,-0.762344,181.53,1,181.53
7.373087,226.3184,-381.533203,5.049024,-9.703930,-8.972271,5.309142,1.165976,0.022522,5.049024,0.268359,101.04,-1,-101.04
7.375349,226.5820,-381.269531,7.772429,-9.685879,-8.966286,8.032547,1.061828,0.028507,7.772429,0.164212,288.70,-1,-288.70
7.377605,226.4941,-381.357422,4.761720,-9.671234,-8.854955,5.021838,1.647211,0.139838,4.761720,0.749594,473.83,-1,-473.83
7.379861,226.6699,-381.181641,-0.692272,-9.669973,-9.459491,-0.432153,0.980426,-0.464698,-0.692272,0.082809,654.83,-1,-654.83
7.382120,227.4609,-380.390625,-1.815152,-9.674466,-8.811859,-1.555034,0.905008,0.182934,-1.815152,0.007391,914.92,-1,-914.92
7.384381,228.8672,-378.984375,9.867354,-9.666698,-8.402451,10.127473,1.204283,0.592342,9.867354,0.306667,1078.52,-1,-1078.52
7.386637,230.9766,-376.875000,5.915725,-9.645920,-8.676587,6.175843,0.823605,0.318206,5.915725,-0.074012,1232.56,-1,-1232.56
7.388892,233.4375,-374.414062,14.601889,-9.621939,-10.381259,14.862007,3.089717,-1.386466,14.601889,2.192101,1375.63,-1,-1375.63
7.391149,236.3379,-371.513672,9.493859,-9.586997,-9.846154,9.753978,0.782904,-0.851361,9.493859,-0.114713,1566.92,-1,-1566.92
7.393413,239.7656,-368.085937,4.719821,-9.571791,-8.623915,4.979939,-0.179565,0.370878,4.719821,-1.077182,1677.25,-1,-1677.25
7.395671,243.2812,-364.570312,11.313453,-9.552647,-7.905654,11.573571,0.432153,1.089139,11.313453,-0.465463,1772.61,-1,-1772.61
7.397927,246.4453,-361.406250,9.807500,-9.527543,-8.251616,10.067618,0.574608,0.743176,9.807500,-0.323008,1852.15,-1,-1852.15
7.400182,249.4336,-358.417969,-4.774385,-9.524483,-10.603919,-4.514267,2.440889,-1.609126,-4.774385,1.543272,1940.28,-1,-1940.28
7.402443,252.5098,-355.341797,-5.011411,-9.537600,-9.929952,-4.751293,2.820370,-0.935159,-5.011411,1.922753,1977.43,-1,-1977.43
7.404701,255.4102,-352.441406,2.317240,-9.538469,-8.210915,2.577358,1.189918,0.783878,2.317240,0.292301,1996.90,-1,-1996.90
7.406957,258.2227,-349.628906,1.162038,-9.533636,-8.137892,1.422156,-0.520739,0.856901,1.162038,-1.418356,1998.48,-1,-1998.48
7.409212,260.7715,-347.080078,-1.713399,-9.536980,-9.096769,-1.453280,0.551863,-0.101976,-1.713399,-0.345753,1967.31,-1,-1967.31
7.411471,263.5840,-344.267578,0.679606,-9.538854,-9.135077,0.939724,1.736993,-0.140284,0.679606,0.839376,1924.42,-1,-1924.42
7.413728,266.3965,-341.455078,5.412943,-9.530506,-9.186552,5.673061,1.473631,-0.191759,5.412943,0.576014,1864.24,-1,-1864.24
7.415987,269.0332,-338.818359,3.768126,-9.520041,-9.241618,4.028244,1.224634,-0.246825,3.768126,0.327017,1787.32,-1,-1787.32
7.418247,271.4941,-336.357422,-3.459969,-9.523305,-9.064447,-3.199851,0.852336,-0.069654,-3.459969,-0.045281,1642.04,-1,-1642.04
7.420511,273.8672,-333.984375,-2.565734,-9.530867,-8.797494,-2.305616,0.685939,0.197299,-2.565734,-0.211678,1526.52,-1,-1526.52
7.422769,276.5039,-331.347656,0.911844,-9.530821,-8.819042,1.171962,0.323217,0.175751,0.911844,-0.574400,1397.24,-1,-1397.24
7.425024,278.7012,-329.150391,1.509197,-9.526665,-9.017760,1.769315,0.956484,-0.022967,1.509197,0.058867,1180.10,-1,-1180.10
7.427279,280.1074,-327.744141,-9.947059,-9.538320,-9.713276,-9.686940,2.057816,-0.718483,-9.947059,1.160199,1021.73,-1,-1021.73
7.429542,281.4258,-326.425781,-11.846858,-9.565901,-9.390059,-11.586740,1.249773,-0.395267,-11.846858,0.352156,854.09,-1,-854.09
7.431800,282.6562,-325.195312,-0.741353,-9.573875,-7.874529,-0.481235,-0.171185,1.120264,-0.741353,-1.068802,678.72,-1,-678.72
7.434057,283.3594,-324.492187,-7.423570,-9.578651,-8.826224,-7.163452,0.873884,0.168569,-7.423570,-0.023733,404.66,-1,-404.66
7.436312,283.8867,-323.964844,-13.114588,-9.603007,-10.644621,-12.854469,1.535880,-1.649828,-13.114588,0.638264,216.95,-1,-216.95
7.438571,283.9746,-323.876953,-6.556869,-9.628263,-9.775525,-6.296751,1.968034,-0.780732,-6.556869,1.070417,27.22,-1,-27.22
7.440828,284.0625,-323.789062,-5.137107,-9.636021,-7.977480,-4.876989,0.991199,1.017313,-5.137107,0.093583,162.78,1,162.78
7.443083,283.8867,-323.964844,-3.268433,-9.650623,-9.514558,-3.008314,-1.188721,-0.519765,-3.268433,-2.086338,444.56,1,444.56
7.445338,283.8867,-323.964844,-2.201816,-9.657098,-8.528147,-1.941698,0.290895,0.466646,-2.201816,-0.606721,627.82,1,627.82
7.447599,283.6230,-324.228516,0.919026,-9.657277,-8.148665,1.179144,1.229423,0.846128,0.919026,0.331806,805.45,1,805.45
7.449854,282.8320,-325.019531,-4.684603,-9.662874,-9.962274,-4.424485,1.897405,-0.967481,-4.684603,0.999788,975.76,1,975.76
7.452114,281.6895,-326.162109,-7.888045,-9.685390,-9.742006,-7.627927,0.667982,-0.747213,-7.888045,-0.229635,1214.37,1,1214.37
7.454370,279.6680,-328.183594,-8.852908,-9.702233,-7.797915,-8.592790,-0.384269,1.196878,-8.852908,-1.281886,1360.01,1,1360.01
7.456632,277.9102,-329.941406,-10.625814,-9.725568,-8.863335,-10.365696,0.659603,0.131458,-10.625814,-0.238014,1493.35,1,1493.35
7.458887,276.0645,-331.787109,-7.838964,-9.744155,-8.975863,-7.578846,1.555034,0.018930,-7.838964,0.657417,1613.19,1,1613.19
7.461142,273.3398,-334.511719,-11.333302,-9.761582,-9.094376,-11.073183,1.065420,-0.099583,-11.333302,0.167803,1765.20,1,1765.20
7.463398,270.4395,-337.412109,-13.127755,-9.792727,-11.274296,-12.867637,2.353500,-2.279503,-13.127755,1.455884,1846.70,1,1846.70
7.465660,267.7148,-340.136719,-0.012318,-9.804077,-9.069236,0.247800,-0.518345,-0.074443,-0.012318,-1.415962,1911.46,1,1911.46
7.473730,258.5742,-349.277344,-3.311528,-9.830798,-10.414778,-3.051410,2.724602,-1.419985,-3.311528,1.826985,1993.10,1,1993.10
7.475789,255.8496,-352.001953,4.246967,-9.824825,-8.311471,4.507085,0.926556,0.683322,4.246967,0.028939,1968.18,1,1968.18
7.478047,252.9492,-354.902344,-0.947254,-9.819318,-9.263166,-0.687136,-0.336385,-0.268373,-0.947254,-1.234002,1897.24,1,1897.24
7.480316,249.9609,-357.890625,-4.655872,-9.827011,-8.791509,-4.395754,1.278504,0.203284,-4.655872,0.380887,1828.21,1,1828.21
7.482573,246.7969,-361.054687,-2.211393,-9.833962,-8.757990,-1.951274,1.332373,0.236803,-2.211393,0.434756,1742.46,1,1742.46
7.484828,243.8086,-364.042969,-0.753324,-9.837127,-9.443929,-0.493206,0.494403,-0.449136,-0.753324,-0.403214,1640.77,1,1640.77
7.487085,240.5566,-367.294922,3.887836,-9.829780,-8.438364,4.147954,1.125275,0.556429,3.887836,0.227658,1460.41,1,1460.41
7.489348,237.5684,-370.283203,0.203160,-9.824936,-9.472659,0.463278,1.057040,-0.477866,0.203160,0.159423,1323.20,1,1323.20
7.491604,234.4922,-373.359375,-0.850289,-9.826309,-9.810242,-0.590171,0.646434,-0.815449,-0.850289,-0.251182,1173.84,1,1173.84
7.493860,232.3828,-375.468750,7.311545,-9.816658,-8.797494,7.571663,0.592565,0.197299,7.311545,-0.305052,1013.71,1,1013.71
7.496116,230.1855,-377.666016,5.013111,-9.795696,-8.863335,5.273229,1.058237,0.131458,5.013111,0.160620,756.49,1,756.49
7.498377,229.0430,-378.808594,0.745447,-9.790782,-10.400413,1.005565,1.887828,-1.405620,0.745447,0.990211,575.97,1,575.97
7.500634,227.9883,-379.863281,14.050025,-9.767164,-9.176975,14.310143,0.990002,-0.182182,14.050025,0.092386,390.07,1,390.07
7.502889,227.5488,-380.302734,9.728491,-9.740930,-7.698555,9.988609,-0.225055,1.296237,9.728491,-1.122672,200.60,1,200.60
7.505146,227.4609,-380.390625,8.367388,-9.728923,-9.613917,8.627506,1.885434,-0.619124,8.367388,0.987817,86.60,-1,-86.60
7.507401,227.7246,-380.126953,9.102407,-9.706154,-9.259575,9.362526,1.118092,-0.264782,9.102407,0.220475,277.53,-1,-277.53
7.509661,227.8125,-380.039062,5.090923,-9.692846,-9.440337,5.351041,1.868674,-0.445544,5.090923,0.971058,465.88,-1,-465.88
7.511920,227.8125,-380.039062,-2.879375,-9.693411,-8.746018,-2.619257,0.509965,0.248775,-2.879375,-0.387652,650.10,-1,-650.10
7.514178,228.6914,-379.160156,-1.075344,-9.698172,-8.334216,-0.815226,0.017957,0.660577,-1.075344,-0.879660,914.68,-1,-914.68
7.516434,229.8340,-378.017578,10.717297,-9.688599,-8.635885,10.977415,0.972046,0.358908,10.717297,0.074429,1080.94,-1,-1080.94
7.518694,232.0312,-375.820312,6.741725,-9.668386,-9.185355,7.001843,1.306037,-0.190562,6.741725,0.408420,1237.31,-1,-1237.31
7.520949,234.7559,-373.095703,16.176077,-9.645736,-9.402030,16.436195,2.729390,-0.407237,16.176077,1.831773,1382.29,-1,-1382.29
7.523206,237.5684,-370.283203,12.244797,-9.611666,-9.076419,12.504915,0.705092,-0.081626,12.244797,-0.192524,1575.57,-1,-1575.57
7.525464,240.6445,-367.207031,5.251334,-9.594319,-9.208099,5.511452,-0.345962,-0.213306,5.251334,-1.243579,1686.49,-1,-1686.49
7.527727,244.2480,-363.603516,8.949179,-9.577109,-8.463503,9.209297,0.142455,0.531290,8.949179,-0.755162,1781.89,-1,-1781.89
7.529980,247.4121,-360.439453,4.339143,-9.559583,-8.562862,4.599261,1.884237,0.431931,4.339143,0.986620,1860.84,-1,-1860.84
7.532235,250.6641,-357.187500,-1.878598,-9.557154,-10.552444,-1.618480,2.885013,-1.557652,-1.878598,1.987396,1946.90,-1,-1946.90
7.534493,253.4766,-354.375000,-2.218575,-9.562423,-10.699687,-1.958457,2.073379,-1.704894,-2.218575,1.175762,1981.87,-1,-1981.87
7.536757,256.2891,-351.562500,0.759812,-9.561975,-8.566454,1.019930,1.587356,0.428339,0.759812,0.689739,1998.52,-1,-1998.52
7.539014,259.1016,-348.750000,-0.955634,-9.562704,-8.261193,-0.695516,-0.730232,0.733600,-0.955634,-1.627848,1988.79,-1,-1988.79
7.541268,261.9141,-345.937500,-2.827899,-9.567176,-8.743625,-2.567781,-0.397437,0.251168,-2.827899,-1.295054,1959.26,-1,-1959.26
7.543523,264.4629,-343.388672,1.610950,-9.567716,-9.032125,1.871069,1.999158,-0.037333,1.610950,1.101542,1911.54,-1,-1911.54
7.545784,267.0996,-340.751953,6.092896,-9.556337,-9.244013,6.353014,2.213439,-0.249220,6.092896,1.315823,1846.10,-1,-1846.10
7.548041,269.8242,-338.027344,1.408641,-9.546033,-9.263166,1.668759,0.865504,-0.268373,1.408641,-0.032113,1716.01,-1,-1716.01
7.550298,272.1094,-335.742187,-3.281601,-9.549258,-9.258378,-3.021482,1.007959,-0.263585,-3.281601,0.110342,1609.16,-1,-1609.16
7.552557,274.7461,-333.105469,-3.525809,-9.557468,-8.793902,-3.265691,0.232238,0.200891,-3.525809,-0.665379,1487.34,-1,-1487.34
7.554820,277.1191,-330.732422,0.483281,-9.558839,-9.064447,0.743400,0.399832,-0.069654,0.483281,-0.497785,1351.66,-1,-1351.66
7.557076,278.7891,-329.062500,-2.647137,-9.559347,-9.299079,-2.387019,1.662773,-0.304286,-2.647137,0.765156,1124.93,-1,-1124.93
7.559330,280.3711,-327.480469,-14.765389,-9.579492,-10.034100,-14.505271,2.619257,-1.039307,-14.765389,1.721640,960.35,-1,-960.35
7.561588,281.6016,-326.250000,-7.026132,-9.602572,-9.345766,-6.766014,1.403002,-0.350973,-7.026132,0.505385,786.82,-1,-786.82
7.563851,282.5684,-325.283203,-0.352295,-9.603088,-7.718906,-0.092177,0.232238,1.275887,-0.352295,-0.665379,605.83,-1,-605.83
7.566106,283.2715,-324.580078,-12.518431,-9.619493,-9.491813,-12.258312,0.900220,-0.497020,-12.518431,0.002603,324.33,-1,-324.33
7.568361,283.3594,-324.492187,-8.559619,-9.643677,-9.973047,-8.299500,0.924162,-0.978254,-8.559619,0.026545,132.43,-1,-132.43
7.570619,283.3594,-324.492187,-9.529270,-9.663763,-9.106346,-9.269152,1.116895,-0.111553,-9.529270,0.219278,60.76,1,60.76
7.572881,283.3594,-324.492187,-4.503840,-9.679610,-8.759187,-4.243722,0.395043,0.235606,-4.503840,-0.502574,253.41,1,253.41
7.575136,283.2715,-324.580078,-1.707413,-9.687010,-9.137471,-1.447295,0.746991,-0.142678,-1.707413,-0.150626,537.48,1,537.48
7.577393,283.1836,-324.667969,-1.100483,-9.689764,-8.995016,-0.840365,1.596933,-0.000223,-1.100483,0.699316,721.01,1,721.01
7.579650,282.3047,-325.546875,-1.769662,-9.692554,-9.502586,-1.509544,0.934936,-0.507793,-1.769662,0.037319,897.85,1,897.85
7.581915,281.1621,-326.689453,-12.498080,-9.713407,-9.487024,-12.237962,0.354342,-0.492231,-12.498080,-0.543275,1066.30,1,1066.30
7.584173,279.4922,-328.359375,-2.133581,-9.729021,-7.916428,-1.873463,-0.604536,1.078365,-2.133581,-1.502153,1299.95,1,1299.95
7.591760,272.1973,-335.654297,-10.079937,-9.805497,-8.845378,-9.819818,1.824382,0.149415,-10.079937,0.926765,1731.43,1,1731.43
7.593793,269.9121,-337.939453,-10.297809,-9.826950,-9.627085,-10.037690,2.067393,-0.632292,-10.297809,1.169776,1820.16,1,1820.16
7.596062,266.8359,-341.015625,0.892690,-9.833212,-8.671799,1.152808,-1.728614,0.322994,0.892690,-2.626230,1921.06,1,1921.06
7.598319,264.5508,-343.300781,3.027121,-9.828490,-7.443573,3.287239,-0.617704,1.551220,3.027121,-1.515321,1965.90,1,1965.90
7.600573,261.8262,-346.025391,1.946139,-9.823030,-8.832211,2.206257,1.084573,0.162582,1.946139,0.186957,1992.28,1,1992.28
7.602828,259.1895,-348.662109,0.381528,-9.821537,-10.512939,0.641646,1.164779,-1.518147,0.381528,0.267162,1999.92,1,1999.92
7.605092,256.2891,-351.562500,1.856356,-9.818906,-8.707711,2.116474,1.119289,0.287082,1.856356,0.221672,1976.12,1,1976.12
7.607349,253.3887,-354.462891,-3.269630,-9.819713,-8.890868,-3.009511,0.919373,0.103925,-3.269630,0.021757,1936.95,1,1936.95
7.609605,250.3125,-357.539062,-4.526586,-9.830226,-9.165004,-4.266468,0.573411,-0.170211,-4.526586,-0.324206,1879.51,1,1879.51
7.611861,247.3242,-360.527344,0.565881,-9.834558,-8.753201,0.826000,0.773327,0.241591,0.565881,-0.124290,1804.34,1,1804.34
7.614122,244.4238,-363.427734,0.410258,-9.832558,-9.521740,0.670376,0.500388,-0.526947,0.410258,-0.397229,1659.94,1,1659.94
7.616379,241.2598,-366.591797,-0.042246,-9.832751,-9.290700,0.217872,1.037886,-0.295907,-0.042246,0.140270,1543.84,1,1543.84
7.618635,237.8320,-370.019531,0.794528,-9.830467,-8.341399,1.054646,1.453280,0.653394,0.794528,0.555664,1413.12,1,1413.12
7.620893,234.7559,-373.095703,2.907411,-9.828658,-9.518148,3.167529,0.345962,-0.523355,2.907411,-0.551655,1269.05,1,1269.05
7.623156,232.4707,-375.380859,7.771231,-9.817365,-8.850166,8.031349,-0.027533,0.144627,7.771231,-0.925150,1030.83,1,1030.83
7.625412,230.3613,-377.490234,10.829823,-9.794101,-8.273164,11.089942,0.456095,0.721629,10.829823,-0.441521,859.47,1,859.47
7.627667,228.7793,-379.072266,-0.303214,-9.789606,-9.762358,-0.043096,2.116474,-0.767565,-0.303214,1.218858,679.90,1,679.90
7.629924,227.9004,-379.951172,11.130296,-9.775164,-9.003395,11.390414,0.598550,-0.008602,11.130296,-0.299066,493.87,1,493.87
7.632187,226.7578,-381.093750,12.760748,-9.743910,-7.887698,13.020866,-0.964863,1.107095,12.760748,-1.862480,206.55,1,206.55
7.634442,226.5820,-381.269531,-0.689877,-9.739352,-9.200917,-0.429759,1.086968,-0.206124,-0.689877,0.189351,12.12,1,12.12
7.636697,226.3184,-381.533203,5.470404,-9.734508,-9.408015,5.730522,2.656367,-0.413222,5.470404,1.758750,182.51,-1,-182.51
7.638954,226.5820,-381.269531,8.417665,-9.712047,-9.185355,8.677784,1.647211,-0.190562,8.417665,0.749594,375.41,-1,-375.41
7.641215,226.6699,-381.181641,1.895861,-9.699240,-9.731233,2.155979,1.148020,-0.736440,1.895861,0.250403,657.63,-1,-657.63
7.643473,226.9336,-380.917969,-2.016265,-9.703149,-9.145850,-1.756147,0.482432,-0.151057,-2.016265,-0.415185,838.41,-1,-838.41
7.645732,228.4277,-379.423828,2.549477,-9.701524,-7.708132,2.809596,-0.205901,1.286661,2.549477,-1.103518,1011.24,-1,-1011.24
7.647987,230.0977,-377.753906,7.080504,-9.676805,-8.626308,7.340622,0.353145,0.368484,7.080504,-0.544472,1174.52,-1,-1174.52
7.650248,232.8223,-375.029297,8.849819,-9.664361,-11.009736,9.109938,3.572149,-2.014943,8.849819,2.674532,1398.09,-1,-1398.09
7.652503,235.4590,-372.392578,16.724348,-9.626694,-8.637083,16.984467,2.070984,0.357710,16.724348,1.173368,1530.81,-1,-1530.81
7.654760,238.5352,-369.316406,4.487584,-9.605639,-9.087193,4.747702,-0.095768,-0.092400,4.487584,-0.993385,1648.99,-1,-1648.99
7.657019,242.2266,-365.625000,7.804750,-9.594497,-8.293514,8.064868,0.883460,0.701279,7.804750,-0.014156,1796.56,-1,-1796.56
7.659280,245.7422,-362.109375,8.769613,-9.572945,-7.487866,9.029732,0.144849,1.506927,8.769613,-0.752768,1873.71,-1,-1873.71
7.661536,248.6426,-359.208984,4.491175,-9.560869,-10.035296,4.751293,2.036268,-1.040504,4.491175,1.138652,1933.03,-1,-1933.03
7.663791,251.6309,-356.220703,-3.928035,-9.562188,-10.548853,-3.667917,1.932121,-1.554060,-3.928035,1.034504,1973.89,-1,-1973.89
7.666049,254.4434,-353.408203,-2.716569,-9.570355,-8.517372,-2.456451,1.985990,0.477421,-2.716569,1.088373,1999.77,-1,-1999.77
7.668310,257.5195,-350.332031,-0.669527,-9.573369,-7.735666,-0.409408,0.270545,1.259127,-0.669527,-0.627072,1993.16,-1,-1993.16
7.670566,260.2441,-347.607422,1.193162,-9.572407,-9.088389,1.453280,-0.226252,-0.093596,1.193162,-1.123869,1967.49,-1,-1967.49
7.672821,262.7930,-345.058594,1.118942,-9.567649,-9.214086,1.379060,1.376666,-0.219293,1.118942,0.479049,1922.99,-1,-1922.99
7.675076,265.5176,-342.333984,1.363151,-9.565271,-9.210494,1.623269,2.051831,-0.215701,1.363151,1.154214,1821.87,-1,-1821.87
7.677339,268.3301,-339.521484,0.903464,-9.562586,-9.334992,1.163582,1.128866,-0.340199,0.903464,0.231249,1732.49,-1,-1732.49
7.679597,270.7031,-337.148437,0.168444,-9.562181,-9.156625,0.428562,0.798466,-0.161832,0.168444,-0.099151,1626.48,-1,-1626.48
7.681857,273.1641,-334.687500,0.525180,-9.560659,-8.376115,0.785298,0.407014,0.618678,0.525180,-0.490603,1504.84,-1,-1504.84
7.684114,275.5371,-332.314453,-0.768886,-9.560318,-9.105149,-0.508768,0.336385,-0.110356,-0.768886,-0.561231,1295.64,-1,-1295.64
7.686373,277.5586,-330.292969,-2.860221,-9.566495,-9.817424,-2.600103,1.891419,-0.822631,-2.860221,0.993802,1140.34,-1,-1140.34
7.688629,279.2285,-328.623047,-8.147816,-9.579828,-9.226056,-7.887698,1.602918,-0.231263,-8.147816,0.705301,973.99,-1,-973.99
7.690888,280.5469,-327.304687,-6.911211,-9.604300,-9.538500,-6.651093,1.098939,-0.543707,-6.911211,0.201322,798.25,-1,-798.25
7.693146,281.4258,-326.425781,1.867130,-9.609490,-7.758410,2.127248,-0.960075,1.236382,1.867130,-1.857692,520.77,-1,-520.77
7.695408,282.3047,-325.546875,-5.754811,-9.614557,-7.813477,-5.494693,-0.175974,1.181316,-5.754811,-1.073591,329.08,-1,-329.08
7.697662,282.7441,-325.107422,-13.734686,-9.643353,-10.196905,-13.474567,1.644817,-1.202112,-13.734686,0.747200,134.13,-1,-134.13
7.699918,282.6562,-325.195312,-9.664543,-9.667542,-9.108741,-9.404425,1.784877,-0.113948,-9.664543,0.887261,62.07,1,62.07
7.702176,282.5684,-325.283203,-7.502578,-9.689453,-9.246407,-7.242460,1.344344,-0.251614,-7.502578,0.446727,354.84,1,354.84
7.709812,281.3379,-326.513672,-11.611029,-9.778115,-9.722853,-11.350910,0.697910,-0.728060,-11.611029,-0.199707,997.77,1,997.77
7.711871,280.1953,-327.656250,-13.160077,-9.809647,-10.024523,-12.899959,0.855927,-1.029730,-13.160077,-0.041690,1163.11,1,1163.11
7.714128,278.5254,-329.326172,-6.583205,-9.829897,-7.629124,-6.323087,-0.746991,1.365669,-6.583205,-1.644608,1389.68,1,1389.68
7.716385,276.6797,-331.171875,-7.442723,-9.847243,-8.680179,-7.182605,-0.179565,0.314614,-7.442723,-1.077182,1524.24,1,1524.24
7.718654,274.3066,-333.544922,-6.629891,-9.859780,-9.495404,-6.369773,1.972822,-0.500611,-6.629891,1.075205,1644.07,1,1644.07
7.720909,271.6699,-336.181641,-17.555832,-9.886503,-9.713276,-17.295713,2.549825,-0.718483,-17.555832,1.652208,1748.02,1,1748.02
7.723165,268.7695,-339.082031,-14.286550,-9.926346,-10.575189,-14.026431,2.370260,-1.580396,-14.286550,1.472643,1872.00,1,1872.00
7.725423,266.2207,-341.630859,0.998035,-9.931691,-8.416816,1.258153,-0.823605,0.577977,0.998035,-1.721222,1932.16,1,1932.16
7.727684,263.5840,-344.267578,7.981922,-9.915697,-7.560889,8.242040,-1.039083,1.433904,7.981922,-1.936700,1973.59,1,1973.59
7.729939,261.0352,-346.816406,-0.528269,-9.907147,-9.578004,-0.268151,0.651223,-0.583211,-0.528269,-0.246394,1995.89,1,1995.89
7.732193,258.2227,-349.628906,-5.388498,-9.915583,-10.356119,-5.128380,1.137246,-1.361326,-5.388498,0.239629,1993.00,1,1993.00
7.734452,255.3223,-352.529297,0.320476,-9.919757,-9.190144,0.580594,1.620875,-0.195351,0.320476,0.723258,1966.85,1,1966.85
7.736714,252.6855,-355.166016,1.606162,-9.912155,-9.166202,1.866280,0.187945,-0.171409,1.606162,-0.709672,1921.59,1,1921.59
7.738969,249.4336,-358.417969,-3.177453,-9.914227,-9.294291,-2.917335,0.774524,-0.299498,-3.177453,-0.123093,1857.64,1,1857.64
7.741226,246.2695,-361.582031,-5.846988,-9.925385,-8.746018,-5.586870,1.516727,0.248775,-5.846988,0.619110,1728.04,1,1728.04
7.743483,243.3691,-364.482422,-2.552566,-9.933969,-8.908825,-2.292448,0.743400,0.085968,-2.552566,-0.154217,1620.38,1,1620.38
7.745746,240.0293,-367.822266,5.208239,-9.926121,-9.131485,5.468357,0.899023,-0.136692,5.208239,0.001406,1496.94,1,1496.94
7.748002,236.8652,-370.986328,1.788121,-9.917974,-9.147048,2.048239,1.334767,-0.152255,1.788121,0.437151,1284.76,1,1284.76
7.750260,233.8770,-373.974609,0.452157,-9.915879,-9.107543,0.712275,0.724246,-0.112750,0.452157,-0.173371,1127.36,1,1127.36
7.752518,231.6797,-376.171875,4.568987,-9.910276,-8.990228,4.829105,0.641646,0.004565,4.568987,-0.255971,958.85,1,958.85
7.754773,229.6582,-378.193359,6.411325,-9.888238,-8.397662,6.671443,0.214281,0.597131,6.411325,-0.683336,780.96,1,780.96
7.757033,228.6035,-379.248047,5.927696,-9.877341,-10.188525,6.187814,2.074576,-1.193732,5.927696,1.176959,500.37,1,500.37
7.759289,227.8125,-380.039062,13.584352,-9.848506,-9.196129,13.844471,1.027112,-0.201336,13.584352,0.129496,306.74,1,306.74
7.761547,227.6367,-380.214844,7.955585,-9.826224,-8.738836,8.215703,0.357933,0.255957,7.955585,-0.539684,109.99,1,109.99
7.763803,227.4609,-380.390625,9.132335,-9.813365,-9.081207,9.392453,1.199495,-0.086414,9.132335,0.301878,87.80,-1,-87.80
7.766065,227.8125,-380.039062,5.416534,-9.796554,-8.921992,5.676652,1.522712,0.072801,5.416534,0.625095,382.37,-1,-382.37
7.768321,227.9004,-379.951172,4.993958,-9.784045,-9.211691,5.254076,2.068590,-0.216898,4.993958,1.170973,574.55,-1,-574.55
7.770578,228.0762,-379.775391,-1.757691,-9.783411,-9.283517,-1.497573,0.563834,-0.288724,-1.757691,-0.333782,761.11,-1,-761.11
7.772835,229.4824,-378.369141,4.196689,-9.783251,-8.451532,4.456807,0.465672,0.543261,4.196689,-0.431945,940.26,-1,-940.26
7.775094,230.9766,-376.875000,11.428374,-9.762469,-7.668628,11.688493,0.051475,1.326165,11.428374,-0.846142,1191.33,-1,-1191.33
7.777351,233.3496,-374.501953,5.008323,-9.748392,-10.146626,5.268441,1.831564,-1.151834,5.008323,0.933947,1344.43,-1,-1344.43
7.779608,236.2500,-371.601562,16.312546,-9.724592,-8.925584,16.572664,1.567005,0.069209,16.312546,0.669388,1484.38,-1,-1484.38
7.781866,238.8867,-368.964844,8.493083,-9.694643,-8.561666,8.753201,0.450110,0.433127,8.493083,-0.447507,1609.81,-1,-1609.81
7.784129,242.3145,-365.537109,1.873116,-9.685604,-9.427169,2.133234,1.221043,-0.432376,1.873116,0.323426,1767.94,-1,-1767.94
7.786388,245.6543,-362.197266,10.532943,-9.667459,-8.595184,10.793061,0.730232,0.399609,10.532943,-0.167385,1851.88,-1,-1851.88
7.788644,248.9062,-358.945312,5.617647,-9.645966,-9.060856,5.877765,1.906982,-0.066063,5.617647,1.009365,1917.60,-1,-1917.60
7.790899,251.8066,-356.044922,-4.388919,-9.645098,-10.180145,-4.128801,1.155202,-1.185352,-4.388919,0.257585,1964.47,-1,-1964.47
7.793162,254.7070,-353.144531,-4.658267,-9.656344,-9.736021,-4.398149,1.267730,-0.741228,-4.658267,0.370113,1998.41,-1,-1998.41
7.795420,257.5195,-350.332031,1.189571,-9.656590,-7.976283,1.449689,1.345541,1.018510,1.189571,0.447924,1996.46,-1,-1996.46
7.797677,260.2441,-347.607422,1.883890,-9.650407,-9.088389,2.144008,0.154426,-0.093596,1.883890,-0.743191,1974.83,-1,-1974.83
7.799931,262.9687,-344.882812,-3.957963,-9.653242,-10.001778,-3.697845,1.525106,-1.006985,-3.957963,0.627490,1933.68,-1,-1933.68
7.802193,265.6055,-342.246094,1.130913,-9.655633,-8.708909,1.391031,2.499547,0.285884,1.130913,1.601930,1836.36,-1,-1836.36
7.804450,268.3301,-339.521484,4.403787,-9.646388,-8.663419,4.663905,0.974440,0.331374,4.403787,0.076823,1748.64,-1,-1748.64
7.806707,270.7031,-337.148437,0.666438,-9.641417,-9.220071,0.926556,0.116119,-0.225278,0.666438,-0.781498,1643.60,-1,-1643.60
7.808965,273.2520,-334.599609,-2.145552,-9.643069,-8.555679,-1.885434,0.899023,0.439114,-2.145552,0.001406,1522.29,-1,-1522.29
7.811227,275.7129,-332.138672,-0.869442,-9.646022,-8.995016,-0.609324,0.533907,-0.000223,-0.869442,-0.363710,1312.46,-1,-1312.46
7.813483,277.7344,-330.117187,-1.799590,-9.649776,-9.728839,-1.539472,1.345541,-0.734046,-1.799590,0.447924,1155.96,-1,-1155.96
7.815739,279.2285,-328.623047,-10.064374,-9.661177,-9.004593,-9.804255,1.830367,-0.009800,-10.064374,0.932750,988.00,-1,-988.00
7.817997,280.5469,-327.304687,-10.667713,-9.687661,-9.976639,-10.407595,1.850718,-0.981846,-10.667713,0.953101,810.26,-1,-810.26
7.820261,281.6016,-326.250000,-2.428068,-9.697674,-8.076839,-2.167950,-0.505177,0.917953,-2.428068,-1.402793,528.98,-1,-528.98
7.828353,282.6562,-325.195312,-8.532085,-9.766715,-8.583213,-8.271967,0.750582,0.411580,-8.532085,-0.147035,261.38,1,261.38
7.830410,282.4805,-325.371094,-4.247661,-9.778455,-9.062054,-3.987543,0.969652,-0.067261,-4.247661,0.072035,457.54,1,457.54
7.832666,282.4805,-325.371094,-1.178295,-9.784995,-9.131485,-0.918176,1.080982,-0.136692,-1.178295,0.183365,649.20,1,649.20
7.834935,282.0410,-325.810547,-0.189489,-9.785752,-8.948329,0.070629,1.437718,0.046464,-0.189489,0.540101,834.44,1,834.44
7.837191,281.1621,-326.689453,-8.500960,-9.797842,-9.856929,-8.240842,0.931344,-0.862136,-8.500960,0.033728,1096.22,1,1096.22
7.839449,279.6680,-328.183594,-11.388368,-9.825700,-10.025720,-11.128249,0.338780,-1.030927,-11.388368,-0.558837,1257.56,1,1257.56
7.841707,278.1738,-329.677734,-9.099511,-9.842175,-7.438785,-8.839393,-0.735020,1.556008,-9.099511,-1.632637,1406.33,1,1406.33
7.843968,276.0645,-331.787109,-8.293862,-9.863125,-9.344569,-8.033744,0.525527,-0.349776,-8.293862,-0.372090,1541.14,1,1541.14
7.846223,273.6035,-334.248047,-7.459483,-9.879802,-9.554062,-7.199365,2.020706,-0.559269,-7.459483,1.123089,1714.24,1,1714.24
7.848480,270.9668,-336.884766,-15.827218,-9.907812,-10.110714,-15.567100,3.074155,-1.115921,-15.827218,2.176538,1808.50,1,1808.50
7.850736,268.1543,-339.697266,-5.061689,-9.932586,-9.830592,-4.801571,0.256180,-0.835799,-5.061689,-0.641437,1884.69,1,1884.69
7.852995,265.6934,-342.158203,3.096553,-9.934331,-7.947553,3.356671,-1.242591,1.047240,3.096553,-2.140208,1942.12,1,1942.12
7.855254,262.9687,-344.882812,6.187467,-9.920266,-7.412448,6.447585,-0.477643,1.582345,6.187467,-1.375260,1991.70,1,1991.70
7.857508,260.2441,-347.607422,-2.589677,-9.919511,-10.530896,-2.329558,0.648829,-1.536103,-2.589677,-0.248788,1999.92,1,1999.92
7.859765,257.6953,-350.156250,-2.204210,-9.925683,-9.688137,-1.944092,1.605312,-0.693344,-2.204210,0.707695,1988.12,1,1988.12
7.862030,254.7949,-353.056641,4.208660,-9.921494,-8.341399,4.468778,0.882263,0.653394,4.208660,-0.015354,1933.19,1,1933.19
7.864287,251.7187,-356.132812,-0.201460,-9.918119,-9.212888,0.058658,0.052672,-0.218095,-0.201460,-0.844944,1872.25,1,1872.25
7.866543,248.6426,-359.208984,-4.410467,-9.926328,-9.052477,-4.150349,1.526304,-0.057684,-4.410467,0.628687,1792.53,1,1792.53
7.868799,245.6543,-362.197266,-2.564537,-9.934772,-8.747216,-2.304419,1.015141,0.247577,-2.564537,0.117525,1694.79,1,1694.79
7.871059,242.6660,-365.185547,1.711507,-9.934688,-9.132683,1.971625,0.264559,-0.137890,1.711507,-0.633058,1516.64,1,1516.64
7.873316,239.4141,-368.437500,3.088173,-9.927370,-9.088389,3.348291,0.954089,-0.093596,3.088173,0.056473,1378.52,1,1378.52
7.875572,236.2500,-371.601562,-1.216602,-9.928194,-9.360131,-0.956484,1.252167,-0.365338,-1.216602,0.354551,1226.53,1,1226.53
7.877829,233.8770,-373.974609,4.748552,-9.925778,-8.492233,5.008670,0.215478,0.502560,4.748552,-0.682139,1062.16,1,1062.16
7.880091,231.6797,-376.171875,14.372046,-9.900403,-8.192958,14.632164,0.181959,0.801835,14.372046,-0.715658,796.05,1,796.05
7.882347,230.0098,-377.841797,3.568210,-9.885691,-9.713276,3.828329,1.284489,-0.718483,3.568210,0.386872,608.22,1,608.22
7.884603,228.8672,-378.984375,10.645471,-9.873586,-9.667787,10.905589,1.794454,-0.672994,10.645471,0.896837,414.21,1,414.21
7.886860,228.6035,-379.248047,11.769548,-9.845521,-7.870938,12.029667,-0.575805,1.123855,11.769548,-1.473422,215.97,1,215.97
7.889122,228.6914,-379.160156,9.094028,-9.826450,-8.858546,9.354146,0.741005,0.136247,9.094028,-0.156611,84.91,-1,-84.91
7.891378,228.9551,-378.896484,6.826719,-9.807688,-8.865729,7.086837,1.526304,0.129064,6.826719,0.628687,284.89,-1,-284.89
7.893634,228.7793,-379.072266,3.250978,-9.795768,-9.508572,3.511097,1.929727,-0.513779,3.250978,1.032110,482.09,-1,-482.09
7.895891,228.7793,-379.072266,-0.934086,-9.794312,-9.308656,-0.673968,1.349133,-0.313863,-0.934086,0.451516,674.45,-1,-674.45
7.898154,230.0098,-377.841797,-0.870640,-9.796738,-8.259995,-0.610521,-0.114922,0.734797,-0.870640,-1.012539,949.71,-1,-949.71
7.900411,231.5918,-376.259766,13.744764,-9.777140,-7.642292,14.004883,-0.059855,1.352501,13.744764,-0.957472,1121.63,-1,-1121.63
7.902665,233.8770,-373.974609,4.211054,-9.757885,-10.248381,4.471172,2.284068,-1.253588,4.211054,1.386451,1282.31,-1,-1282.31
7.904921,236.4258,-371.425781,12.801449,-9.739571,-10.017340,13.061567,2.207454,-1.022547,12.801449,1.309837,1429.95,-1,-1429.95
7.907182,239.2383,-368.613281,11.485835,-9.710766,-8.556877,11.745954,0.811634,0.437916,11.485835,-0.085983,1624.06,-1,-1624.06
7.909439,242.6660,-365.185547,7.400130,-9.693761,-9.216479,7.660248,1.127669,-0.221686,7.400130,0.230052,1733.13,-1,-1733.13
7.911695,246.0059,-361.845703,11.725255,-9.671446,-8.726865,11.985373,0.663194,0.267928,11.725255,-0.234423,1824.73,-1,-1824.73
7.913952,249.0820,-358.769531,5.367453,-9.653282,-9.002198,5.627571,1.795651,-0.007405,5.367453,0.898034,1897.81,-1,-1897.81
7.916215,252.3340,-355.517578,-2.472361,-9.654906,-9.641450,-2.212242,1.493982,-0.646657,-2.472361,0.596365,1971.20,-1,-1971.20
7.918473,255.0586,-352.792969,-2.402929,-9.663986,-8.985439,-2.142811,0.671574,0.009354,-2.402929,-0.226043,1995.23,-1,-1995.23
7.920728,258.1348,-349.716797,0.161261,-9.665996,-8.562862,0.421380,1.323994,0.431931,0.161261,0.426377,1998.99,-1,-1998.99
7.922985,260.5957,-347.255859,0.613765,-9.664704,-9.034520,0.873884,0.712275,-0.039727,0.613765,-0.185342,1982.46,-1,-1982.46
7.925247,263.3203,-344.531250,-2.477149,-9.668908,-9.740809,-2.217031,1.364695,-0.746017,-2.477149,0.467078,1919.95,-1,-1919.95
7.927502,266.0449,-341.806641,1.765376,-9.668200,-8.726865,2.025495,1.575385,0.267928,1.765376,0.677768,1853.76,-1,-1853.76
7.929760,268.6816,-339.169922,2.896637,-9.662726,-8.939949,3.156755,1.019930,0.054844,2.896637,0.122313,1768.70,-1,-1768.70
7.932019,271.1426,-336.708984,3.990787,-9.654675,-8.987833,4.250905,0.476446,0.006960,3.990787,-0.421171,1607.59,-1,-1607.59
7.934281,273.6914,-334.160156,1.911423,-9.648065,-8.639477,2.171541,0.202310,0.355316,1.911423,-0.695307,1479.45,-1,-1479.45
7.936536,276.1523,-331.699219,-4.416452,-9.655183,-9.507375,-4.156334,1.127669,-0.512582,-4.416452,0.230052,1336.22,-1,-1336.22
7.938793,277.9980,-329.853516,-2.185056,-9.663198,-9.422380,-1.924938,1.782483,-0.427588,-2.185056,0.884866,1179.27,-1,-1179.27
7.946403,281.9531,-325.898437,-5.204144,-9.702796,-7.971495,-4.944026,0.310049,1.023298,-5.204144,-0.587568,448.61,-1,-448.61
7.948472,282.5684,-325.283203,-11.661307,-9.725014,-9.724051,-11.401189,1.312023,-0.729258,-11.661307,0.414406,249.54,-1,-249.54
7.950729,282.5684,-325.283203,-6.318645,-9.746621,-9.804255,-6.058527,1.205481,-0.809463,-6.318645,0.307864,47.83,-1,-47.83
7.952988,282.7441,-325.107422,-7.493001,-9.761522,-8.313866,-7.232883,0.912191,0.680927,-7.493001,0.014574,154.44,1,154.44
7.955248,282.3926,-325.458984,-4.174638,-9.773986,-9.095572,-3.914520,0.664391,-0.100780,-4.174638,-0.233226,454.27,1,454.27
7.957503,282.4805,-325.371094,-1.111257,-9.780701,-9.372103,-0.851139,0.867898,-0.377310,-1.111257,-0.029719,648.89,1,648.89
7.959763,282.1289,-325.722656,-0.128437,-9.781114,-8.610746,0.131681,1.490391,0.384047,-0.128437,0.592774,836.83,1,836.83
7.962019,281.2500,-326.601562,-8.109509,-9.792454,-9.865308,-7.849391,1.693898,-0.870515,-8.109509,0.796281,1102.16,1,1102.16
7.964277,279.8437,-328.007812,-13.110996,-9.822989,-10.595540,-12.850878,1.124078,-1.600747,-13.110996,0.226461,1265.38,1,1265.38
7.966534,278.0859,-329.765625,-9.028882,-9.840932,-7.444770,-8.768764,-0.666785,1.550023,-9.028882,-1.564402,1415.61,1,1415.61
7.968796,276.3281,-331.523437,-7.212880,-9.860888,-8.693346,-6.952762,-0.604536,0.301447,-7.212880,-1.502153,1551.33,1,1551.33
7.971052,273.8672,-333.984375,-5.192173,-9.872810,-8.912416,-4.932055,0.274136,0.082377,-5.192173,-0.623481,1724.72,1,1724.72
7.973308,271.2305,-336.621094,-18.023897,-9.900061,-10.066422,-17.763779,2.948459,-1.071629,-18.023897,2.050843,1818.42,1,1818.42
7.975562,268.3301,-339.521484,-7.567222,-9.931247,-10.155006,-7.307104,1.810017,-1.160213,-7.567222,0.912400,1893.40,1,1893.40
7.977823,265.7812,-342.070312,6.180285,-9.932236,-8.094796,6.440403,-0.487220,0.899997,6.180285,-1.384837,1948.94,1,1948.94
7.980080,263.3203,-344.531250,7.823904,-9.912562,-7.953538,8.084022,-1.103727,1.041255,7.823904,-2.001344,1994.50,1,1994.50
7.982334,260.3320,-347.519531,-6.844172,-9.916945,-10.314221,-6.584054,1.353921,-1.319428,-6.844172,0.456304,1999.25,1,1999.25
7.984590,257.7832,-350.068359,-3.046969,-9.929934,-9.293094,-2.786851,1.540669,-0.298301,-3.046969,0.643052,1983.38,1,1983.38
7.986854,254.7070,-353.144531,6.704615,-9.922765,-8.343793,6.964733,0.207098,0.651000,6.704615,-0.690518,1947.06,1,1947.06
7.989111,251.9824,-355.869141,3.672358,-9.910918,-9.312247,3.932476,0.174777,-0.317454,3.672358,-0.722840,1855.06,1,1855.06
7.991366,248.9062,-358.945312,-7.384065,-9.918429,-9.349358,-7.123947,1.478420,-0.354565,-7.384065,0.580803,1769.59,1,1769.59
7.993622,245.8301,-362.021484,-5.583625,-9.934587,-8.735245,-5.323507,1.423353,0.259548,-5.583625,0.525736,1665.86,1,1665.86
7.995885,243.0176,-364.833984,3.084582,-9.935201,-8.684967,3.344700,0.354342,0.309826,3.084582,-0.543275,1544.90,1,1544.90
7.998141,239.6777,-368.173828,5.688276,-9.921824,-9.155427,5.948394,0.333991,-0.160634,5.688276,-0.563626,1333.79,1,1333.79
8.000396,236.8652,-370.986328,-1.774451,-9.922122,-9.221268,-1.514333,1.473631,-0.226475,-1.774451,0.576014,1175.48,1,1175.48
8.002654,234.8437,-373.007812,8.709758,-9.916992,-8.756793,8.969876,0.913388,0.238000,8.709758,0.015771,1004.99,1,1004.99
8.004916,232.8223,-375.029297,11.660612,-9.891171,-8.121132,11.920731,0.098162,0.873661,11.660612,-0.799455,824.06,1,824.06
8.007172,231.1523,-376.699219,3.112115,-9.879579,-9.944317,3.372233,1.577779,-0.949524,3.112115,0.680162,537.08,1,537.08
8.009428,230.0098,-377.841797,12.437531,-9.863537,-9.102755,12.697649,0.252588,-0.107962,12.437531,-0.645029,338.38,1,338.38
8.011684,229.5703,-378.281250,8.989880,-9.838517,-7.813477,9.249998,0.507571,1.181316,8.989880,-0.390046,136.09,1,136.09
8.013945,229.7461,-378.105469,4.478007,-9.827559,-8.960299,4.738125,1.733402,0.034493,4.478007,0.835785,67.78,-1,-67.78
8.016201,229.7461,-378.105469,8.367388,-9.808961,-9.811439,8.627506,1.122881,-0.816646,8.367388,0.225264,371.41,-1,-371.41
8.018455,229.7461,-378.105469,4.377450,-9.797086,-8.971074,4.637568,1.916559,0.023719,4.377450,1.018942,569.50,-1,-569.50
8.020713,229.9219,-377.929687,-0.026683,-9.792426,-8.610746,0.233435,1.142034,0.384047,-0.026683,0.244417,761.91,-1,-761.91
8.022974,231.2402,-376.611328,0.806499,-9.791969,-8.829816,1.066617,-0.076614,0.164977,0.806499,-0.974231,946.30,-1,-946.30
8.025230,232.6465,-375.205078,10.036146,-9.772839,-7.748834,10.296265,0.371101,1.245959,10.036146,-0.526516,1203.85,-1,-1203.85
8.027485,235.1953,-372.656250,7.991498,-9.754972,-10.049662,8.251616,2.200271,-1.054869,7.991498,1.302655,1360.42,-1,-1360.42
8.029741,237.8320,-370.019531,14.559990,-9.728282,-9.713276,14.820108,2.379837,-0.718483,14.559990,1.482220,1502.78,-1,-1502.78
8.032004,240.9961,-366.855469,9.684198,-9.703313,-9.214086,9.944317,1.690306,-0.219293,9.684198,0.792690,1686.56,-1,-1686.56
8.034261,244.4238,-363.427734,10.639484,-9.679789,-8.483853,10.899603,-0.603339,0.510940,10.639484,-1.500956,1787.46,-1,-1787.46
8.036519,247.6758,-360.175781,6.310769,-9.660295,-8.593987,6.570887,0.653617,0.400805,6.310769,-0.244000,1869.67,-1,-1869.67
8.038775,250.9277,-356.923828,0.822061,-9.653799,-8.985439,1.082179,2.719813,0.009354,0.822061,1.822196,1932.37,-1,-1932.37
8.041038,253.6523,-354.199219,-1.040628,-9.655624,-9.643845,-0.780510,1.006762,-0.649052,-1.040628,0.109145,1988.48,-1,-1988.48
8.043295,256.5527,-351.298828,-0.166744,-9.657567,-9.028535,0.093374,1.271321,-0.033742,-0.166744,0.373704,1999.97,-1,-1999.97
8.045551,259.3652,-348.486328,-2.801563,-9.660219,-8.845378,-2.541445,1.792060,0.149415,-2.801563,0.894443,1990.56,-1,-1990.56
8.047807,261.9141,-345.937500,-3.735302,-9.668111,-9.484630,-3.475184,0.915782,-0.489837,-3.735302,0.018165,1960.32,-1,-1960.32
8.050069,264.7266,-343.125000,-1.202237,-9.673049,-8.980651,-0.942118,0.501585,0.014142,-1.202237,-0.396032,1876.61,-1,-1876.61
8.052326,267.2754,-340.576172,6.656731,-9.662234,-8.740033,6.916849,0.943315,0.254760,6.656731,0.045699,1796.11,-1,-1796.11
8.054584,269.9121,-337.939453,2.769744,-9.651018,-9.448717,3.029862,1.091756,-0.453924,2.769744,0.194139,1696.75,-1,-1696.75
8.056841,272.3730,-335.478516,-0.600095,-9.649603,-9.145850,-0.339977,1.379060,-0.151057,-0.600095,0.481443,1579.58,-1,-1579.58
8.065058,279.8437,-328.007812,-9.392801,-9.726774,-9.066842,-9.132683,1.143231,-0.072049,-9.392801,0.245614,868.47,-1,-868.47
8.067115,280.7227,-327.128906,-16.015162,-9.759448,-9.957485,-15.755044,2.367866,-0.962692,-16.015162,1.470249,679.39,-1,-679.39
8.069373,281.6016,-326.250000,-7.883256,-9.779741,-8.037335,-7.623138,-0.062249,0.957458,-7.883256,-0.959866,483.12,-1,-483.12
8.071630,281.9531,-325.898437,-4.257238,-9.793490,-8.644265,-3.997120,1.149217,0.350528,-4.257238,0.251600,281.78,-1,-281.78
8.073899,281.8652,-325.986328,-10.660531,-9.811353,-9.477448,-10.400413,1.126472,-0.482655,-10.660531,0.228855,77.44,-1,-77.44
8.076154,281.6895,-326.162109,-13.692787,-9.844386,-10.378864,-13.432669,2.042254,-1.384071,-13.692787,1.144637,230.11,1,230.11
8.078411,281.7773,-326.074219,2.208304,-9.851928,-8.190564,2.468422,0.586579,0.804229,2.208304,-0.311037,432.59,1,432.59
8.080667,281.7773,-326.074219,2.568631,-9.844121,-8.573636,2.828749,-0.794875,0.421157,2.568631,-1.692492,630.50,1,630.50
8.082927,281.1621,-326.689453,-1.186674,-9.844854,-10.038888,-0.926556,0.997185,-1.044095,-1.186674,0.099568,821.86,1,821.86
8.085184,280.0195,-327.832031,-16.279722,-9.866550,-9.439140,-16.019604,1.218649,-0.444347,-16.279722,0.321032,1092.14,1,1092.14
8.087442,278.5254,-329.326172,-4.554119,-9.893058,-8.804677,-4.294001,0.342371,0.190116,-4.554119,-0.555246,1258.31,1,1258.31
8.089699,277.0312,-330.820312,-3.544963,-9.898837,-7.754819,-3.284845,-0.350751,1.239974,-3.544963,-1.248367,1411.25,1,1411.25
8.091960,275.0098,-332.841797,-12.056351,-9.921231,-9.753978,-11.796232,1.449689,-0.759185,-12.056351,0.552072,1549.31,1,1549.31
8.094216,272.5488,-335.302734,-8.775097,-9.950188,-9.484630,-8.514978,2.064999,-0.489837,-8.775097,1.167382,1725.34,1,1725.34
8.096472,269.9121,-337.939453,-9.763902,-9.969714,-8.977059,-9.503783,1.377863,0.017734,-9.763902,0.480246,1820.13,1,1820.13
8.098726,266.7480,-341.103516,-5.771570,-9.986744,-9.442732,-5.511452,-0.227449,-0.447939,-5.771570,-1.125066,1895.67,1,1895.67
8.100986,264.5508,-343.300781,-0.382222,-9.990965,-8.614338,-0.122104,-0.841562,0.380455,-0.382222,-1.739179,1951.17,1,1951.17
8.103243,261.8262,-346.025391,2.894243,-9.981675,-8.033744,3.154361,0.123301,0.961049,2.894243,-0.774315,1995.52,1,1995.52
8.105499,259.1016,-348.750000,-1.490738,-9.980384,-10.202890,-1.230620,1.619677,-1.208097,-1.490738,0.722061,1998.70,1,1998.70
8.107755,256.2891,-351.562500,-0.679103,-9.983339,-9.840169,-0.418985,1.272518,-0.845376,-0.679103,0.374901,1980.66,1,1980.66
8.110018,253.3887,-354.462891,3.896216,-9.975835,-8.689755,4.156334,0.543484,0.305037,3.896216,-0.354133,1914.32,1,1914.32
8.112275,250.6641,-357.187500,-3.827479,-9.977774,-9.703699,-3.567361,0.264559,-0.708906,-3.827479,-0.633058,1844.52,1,1844.52
8.114531,247.5000,-360.351562,-7.084790,-9.990622,-8.809465,-6.824672,0.507571,0.185328,-7.084790,-0.390046,1755.13,1,1755.13
8.116788,244.1602,-363.691406,-2.153932,-10.000005,-8.672996,-1.893813,1.679533,0.321797,-2.153932,0.781916,1647.07,1,1647.07
8.125959,232.7344,-375.117187,8.124376,-9.925505,-8.986636,8.384495,0.798466,0.008157,8.124376,-0.099151,964.27,1,964.27
8.128215,231.1523,-376.699219,8.692999,-9.896949,-8.992621,8.953117,0.262165,0.002172,8.692999,-0.635452,682.30,1,682.30
8.130468,230.1855,-377.666016,7.111629,-9.880641,-9.840169,7.371747,1.839944,-0.845376,7.111629,0.942327,484.76,1,484.76
8.132724,229.4824,-378.369141,10.937563,-9.859091,-8.984241,11.197681,1.431733,0.010551,10.937563,0.534116,281.97,1,281.97
8.134994,229.8340,-378.017578,10.798699,-9.836241,-8.692149,11.058818,0.518345,0.302644,10.798699,-0.379272,76.20,1,76.20
8.137253,229.8340,-378.017578,3.088173,-9.815464,-9.131485,3.348291,0.926556,-0.136692,3.088173,0.028939,233.49,-1,-233.49
8.139508,229.9219,-377.929687,0.344418,-9.812147,-9.481039,0.604536,2.270900,-0.486246,0.344418,1.373283,437.31,-1,-437.31
8.141763,229.8340,-378.017578,1.439765,-9.810940,-8.996213,1.699883,2.009932,-0.001420,1.439765,1.112315,636.51,-1,-636.51
8.144020,231.1523,-376.699219,2.067046,-9.805058,-8.664616,2.327164,-0.331597,0.330177,2.067046,-1.229214,922.02,-1,-922.02
8.146279,232.4707,-375.380859,12.002983,-9.787776,-8.101978,12.263102,0.994791,0.892815,12.002983,0.097174,1100.47,-1,-1100.47
8.148534,234.5801,-373.271484,6.916502,-9.766020,-9.299079,7.176620,2.031480,-0.304286,6.916502,1.133863,1267.20,-1,-1267.20
8.150789,237.2168,-370.634766,10.043328,-9.746737,-10.102334,10.303447,1.412579,-1.107541,10.043328,0.514962,1420.34,-1,-1420.34
8.153048,239.7656,-368.085937,12.775113,-9.717186,-8.822633,13.035232,0.514753,0.172160,12.775113,-0.382864,1621.17,-1,-1621.17
8.155311,242.8418,-365.009766,1.806078,-9.706746,-8.620323,2.066196,1.331176,0.374470,1.806078,0.433559,1733.61,-1,-1733.61
8.157567,246.2695,-361.582031,11.117128,-9.693718,-8.960299,11.377247,1.238999,0.034493,11.117128,0.341383,1827.48,-1,-1827.48
8.159823,249.5215,-358.330078,9.830245,-9.668015,-9.052477,10.090364,1.240196,-0.057684,9.830245,0.342580,1901.79,-1,-1901.79
8.162079,252.4219,-355.429687,-1.757691,-9.661885,-9.611523,-1.497573,2.019509,-0.616730,-1.757691,1.121892,1974.72,-1,-1974.72
8.167633,259.4531,-348.398437,0.576655,-9.658683,-8.383297,0.836774,0.071826,0.611496,0.576655,-0.825791,1989.96,-1,-1989.96
8.169888,262.0898,-345.761719,0.137319,-9.657994,-8.827422,0.397437,0.372298,0.167371,0.137319,-0.525319,1958.52,-1,-1958.52
8.172142,264.8145,-343.037109,-0.691074,-9.660640,-9.646238,-0.430956,2.586935,-0.651445,-0.691074,1.689318,1871.96,-1,-1871.96
8.174398,267.3633,-340.488281,4.090147,-9.656359,-8.990228,4.350265,1.557428,0.004565,4.090147,0.659811,1788.88,-1,-1788.88
8.176670,270.1758,-337.675781,2.132886,-9.649591,-9.064447,2.393005,0.320823,-0.069654,2.132886,-0.576794,1686.53,-1,-1686.53
8.178928,272.5488,-335.302734,0.534757,-9.647429,-8.684967,0.794875,0.433351,0.309826,0.534757,-0.464266,1565.87,-1,-1565.87
8.181184,274.9219,-332.929687,-2.084500,-9.651158,-8.944737,-1.824382,0.725443,0.050056,-2.084500,-0.172174,1353.74,-1,-1353.74
8.183440,276.9434,-330.908203,-1.093300,-9.654905,-9.531317,-0.833182,1.063026,-0.536524,-1.093300,0.165409,1193.68,-1,-1193.68
8.185699,278.4375,-329.414062,-6.907619,-9.664888,-9.566033,-6.647501,1.612495,-0.571240,-6.907619,0.714878,1020.58,-1,-1020.58
8.193311,281.8652,-325.986328,-9.763902,-9.739202,-9.493010,-9.503783,0.870292,-0.498217,-9.763902,-0.027325,238.20,-1,-238.20
8.195367,281.8652,-325.986328,-6.233651,-9.754259,-10.025720,-5.973533,0.824802,-1.030927,-6.233651,-0.072814,30.58,-1,-30.58
8.197624,281.9531,-325.898437,-9.753128,-9.772625,-9.069236,-9.493010,1.340753,-0.074443,-9.753128,0.443136,177.41,1,177.41
8.199894,281.8652,-325.986328,-6.823822,-9.791495,-8.856153,-6.563704,1.264138,0.138640,-6.823822,0.366522,383.66,1,383.66
8.202150,281.6895,-326.162109,1.333223,-9.794466,-8.765172,1.593341,0.296881,0.229621,1.333223,-0.600736,684.43,1,684.43
8.204407,281.6016,-326.250000,-0.428909,-9.792783,-9.040505,-0.168791,1.296460,-0.045712,-0.428909,0.398843,876.24,1,876.24
8.206662,280.6348,-327.216797,-7.291888,-9.802343,-9.617508,-7.031770,0.618901,-0.622715,-7.291888,-0.278716,1058.54,1,1058.54
8.208926,278.9648,-328.886719,-16.534704,-9.837575,-10.268731,-16.274586,1.283292,-1.273938,-16.534704,0.385675,1229.37,1,1229.37
8.211184,277.2070,-330.644531,-10.791015,-9.862902,-7.447165,-10.530896,-1.064223,1.547628,-10.791015,-1.961840,1460.14,1,1460.14
8.213441,275.2734,-332.578125,-2.584888,-9.879060,-8.683769,-2.324770,-0.471658,0.311024,-2.584888,-1.369275,1594.51,1,1594.51
8.215694,272.7246,-335.126953,-4.398496,-9.885815,-8.910022,-4.138378,1.400608,0.084771,-4.398496,0.502991,1711.60,1,1711.60
8.217954,270.1758,-337.675781,-17.572592,-9.916940,-10.141838,-17.312473,2.959233,-1.147045,-17.572592,2.061616,1810.06,1,1810.06
8.220211,267.0996,-340.751953,-5.578837,-9.947078,-9.805453,-5.318719,1.381454,-0.810660,-5.578837,0.483837,1920.58,1,1920.58
8.222468,264.7266,-343.125000,6.272461,-9.945229,-7.402872,6.532579,-1.328782,1.591921,6.272461,-2.226399,1968.28,1,1968.28
8.224722,261.9141,-345.937500,7.386962,-9.926614,-7.709330,7.647080,-1.728614,1.285463,7.386962,-2.626230,1994.54,1,1994.54
8.226981,259.3652,-348.486328,-4.856985,-9.930195,-10.225636,-4.596867,1.563414,-1.230843,-4.856985,0.665797,1999.07,1,1999.07
8.229238,256.5527,-351.298828,1.733055,-9.934301,-9.150639,1.993173,1.843535,-0.155846,1.733055,0.945918,1965.00,1,1965.00
8.231496,253.5645,-354.287109,3.935720,-9.926483,-9.375694,4.195838,0.450110,-0.380901,3.935720,-0.447507,1915.40,1,1915.40
8.233754,250.8398,-357.011719,-3.498276,-9.929632,-9.607931,-3.238158,0.664391,-0.613138,-3.498276,-0.233226,1844.88,1,1844.88
8.236015,247.6758,-360.175781,-3.537780,-9.940231,-8.512584,-3.277662,1.410185,0.482209,-3.537780,0.512568,1701.57,1,1701.57
8.238271,244.5996,-363.251953,-1.442854,-9.945969,-8.839393,-1.182736,0.089783,0.155400,-1.442854,-0.807834,1582.52,1,1582.52
8.240527,241.3477,-366.503906,2.153237,-9.944179,-8.747216,2.413355,-0.787692,0.247577,2.153237,-1.685309,1446.14,1,1446.14
8.242782,238.0957,-369.755859,1.493635,-9.939798,-8.810662,1.753753,1.012747,0.184131,1.493635,0.115130,1293.89,1,1293.89
8.245045,235.6348,-372.216797,4.494767,-9.934411,-9.448717,4.754885,1.328782,-0.453924,4.494767,0.431165,1039.40,1,1039.40
8.247300,233.5254,-374.326172,13.015730,-9.914756,-8.975863,13.275848,0.408211,0.018930,13.015730,-0.489405,855.15,1,855.15
8.249556,232.1191,-375.732422,6.171905,-9.893850,-8.380903,6.432023,1.132457,0.613890,6.171905,0.234841,661.45,1,661.45
8.251814,231.0645,-376.787109,6.543006,-9.882305,-9.880871,6.803124,1.831564,-0.886078,6.543006,0.933947,460.35,1,460.35
8.254076,230.8008,-377.050781,10.306691,-9.858276,-8.864532,10.566810,-0.069432,0.130261,10.306691,-0.967049,150.05,1,150.05
8.256332,230.7129,-377.138672,13.961440,-9.830838,-8.213309,14.221559,0.150835,0.781484,13.961440,-0.746782,59.43,-1,-59.43
8.258588,230.9766,-376.875000,3.182744,-9.814326,-9.016563,3.442862,1.254562,-0.021770,3.182744,0.356945,268.49,-1,-268.49
8.260844,230.9766,-376.875000,0.984867,-9.811136,-9.870096,1.244985,1.930924,-0.875303,0.984867,1.033307,474.46,-1,-474.46
8.263106,230.9766,-376.875000,2.876286,-9.804982,-9.271546,3.136404,1.045069,-0.276753,2.876286,0.147452,773.11,-1,-773.11
8.265362,232.3828,-375.468750,0.182809,-9.803218,-8.582016,0.442927,1.100136,0.412777,0.182809,0.202519,962.05,-1,-962.05
8.267620,233.9648,-373.886719,12.874472,-9.781572,-7.291541,13.134590,0.669179,1.703252,12.874472,-0.228437,1140.42,-1,-1140.42
8.269874,236.1621,-371.689453,7.767641,-9.758681,-8.742428,8.027759,0.665588,0.252365,7.767641,-0.232029,1306.35,-1,-1306.35
8.272134,238.7109,-369.140625,12.105933,-9.735898,-9.889250,12.366052,0.875081,-0.894457,12.105933,-0.022536,1527.78,-1,-1527.78
8.274391,241.4355,-366.416016,7.640748,-9.713322,-8.321048,7.900866,0.776918,0.673745,7.640748,-0.120698,1654.67,-1,-1654.67
8.276650,244.8633,-362.988281,6.752499,-9.699302,-8.492233,7.012617,1.268927,0.502560,6.752499,0.371310,1763.35,-1,-1763.35
8.278907,248.0273,-359.824219,10.389291,-9.673277,-9.076419,10.649409,0.830788,-0.081626,10.389291,-0.066829,1852.60,-1,-1852.60
8.281168,251.3672,-356.484375,1.923394,-9.660097,-9.806650,2.183512,2.509123,-0.811857,1.923394,1.611506,1947.97,-1,-1947.97
8.283424,254.1797,-353.671875,-2.529821,-9.660866,-9.159019,-2.269703,1.751359,-0.164226,-2.529821,0.853742,1984.77,-1,-1984.77
8.285683,257.1680,-350.683594,-1.568549,-9.665960,-8.811859,-1.308431,0.521936,0.182934,-1.568549,-0.375681,1999.67,-1,-1999.67
8.287941,259.8926,-347.958984,-0.179912,-9.666878,-8.566454,0.080206,0.031125,0.428339,-0.179912,-0.866492,1992.45,-1,-1992.45
8.290200,262.3535,-345.498047,-1.767268,-9.668370,-9.293094,-1.507150,0.982820,-0.298301,-1.767268,0.085203,1940.39,-1,-1940.39
8.292454,265.1660,-342.685547,-1.651149,-9.672942,-9.689334,-1.391031,2.296039,-0.694541,-1.651149,1.398422,1878.74,-1,-1878.74
8.294710,267.7148,-340.136719,3.057048,-9.667655,-8.747216,3.317167,1.637634,0.247577,3.057048,0.740017,1796.28,-1,-1796.28
8.296967,270.4395,-337.412109,0.737067,-9.664610,-9.276335,0.997185,0.699107,-0.281542,0.737067,-0.198510,1693.85,-1,-1693.85
8.299229,272.7246,-335.126953,1.674397,-9.661632,-8.492233,1.934515,0.682347,0.502560,1.674397,-0.215269,1505.42,-1,-1505.42
8.301486,275.3613,-332.490234,0.939377,-9.658874,-8.820239,1.199495,0.215478,0.174554,0.939377,-0.682139,1358.60,-1,-1358.60
8.303742,277.7344,-330.117187,-0.999926,-9.659783,-9.398438,-0.739808,0.846350,-0.403646,-0.999926,-0.051267,1196.59,-1,-1196.59
8.311357,281.6016,-326.250000,-8.359703,-9.723434,-7.204153,-8.099585,-0.610521,1.790640,-8.359703,-1.508138,435.68,-1,-435.68
8.313427,282.1289,-325.722656,-4.599608,-9.735662,-8.149862,-4.339490,0.687136,0.844931,-4.599608,-0.210481,227.68,-1,-227.68
8.315682,282.0410,-325.810547,-7.211683,-9.746852,-9.340978,-6.951565,0.617704,-0.346185,-7.211683,-0.279913,17.11,-1,-17.11
8.317936,281.6895,-326.162109,-10.623421,-9.777673,-10.848128,-10.363302,2.676718,-1.853335,-10.623421,1.779101,193.73,1,193.73
8.320193,281.7773,-326.074219,0.587429,-9.790219,-8.528147,0.847547,1.393425,0.466646,0.587429,0.495808,505.19,1,505.19
8.322454,281.6895,-326.162109,4.314004,-9.782048,-7.344213,4.574122,-1.280898,1.650579,4.314004,-2.178515,706.41,1,706.41
8.324709,280.7227,-327.128906,-4.241675,-9.786023,-9.542090,-3.981557,0.386664,-0.547297,-4.241675,-0.510953,899.82,1,899.82
8.326966,279.5801,-328.271484,-17.725821,-9.823126,-9.995792,-17.465702,1.001973,-1.000999,-17.725821,0.104357,1083.21,1,1083.21
8.329225,277.9980,-329.853516,0.216328,-9.842329,-7.851785,0.476446,0.374693,1.143008,0.216328,-0.522924,1335.08,1,1335.08
8.331488,276.4160,-331.435547,-3.626366,-9.846365,-8.348581,-3.366248,0.831985,0.646212,-3.626366,-0.065632,1484.76,1,1484.76
8.333742,274.3066,-333.544922,-12.899109,-9.869559,-10.498574,-12.638990,1.189918,-1.503781,-12.899109,0.292301,1617.87,1,1617.87
8.335999,271.4941,-336.357422,-11.153736,-9.899079,-9.352949,-10.893618,2.254141,-0.358156,-11.153736,1.356524,1732.97,1,1732.97
8.338258,268.8574,-338.994141,-8.550042,-9.922760,-8.860941,-8.289924,1.570596,0.133852,-8.550042,0.672979,1869.01,1,1869.01
8.340519,266.2207,-341.630859,-1.035840,-9.928138,-7.923611,-0.775721,-2.488773,1.071182,-1.035840,-3.386389,1933.75,1,1933.75
8.342775,263.4961,-344.355469,1.348785,-9.927020,-8.537724,1.608904,-0.879869,0.457069,1.348785,-1.777486,1976.87,1,1976.87
8.345029,260.7715,-347.080078,0.403076,-9.924180,-9.534908,0.663194,1.884237,-0.540115,0.403076,0.986620,1999.96,1,1999.96
8.347285,258.0469,-349.804687,-0.373843,-9.924040,-10.378864,-0.113725,1.885434,-1.384071,-0.373843,0.987817,1987.36,1,1987.36
8.349542,255.2344,-352.617187,2.347167,-9.921187,-9.532514,2.607286,1.704672,-0.537721,2.347167,0.807055,1952.48,1,1952.48
8.351803,252.5098,-355.341797,-0.646782,-9.916684,-8.481460,-0.386664,-0.471658,0.513333,-0.646782,-1.369275,1895.71,1,1895.71
8.354058,249.4336,-358.417969,-3.768821,-9.922270,-9.352949,-3.508703,0.011971,-0.358156,-3.768821,-0.885646,1770.85,1,1770.85
8.356314,246.3574,-361.494141,-4.689391,-9.932153,-8.700529,-4.429273,0.829591,0.294264,-4.689391,-0.068026,1662.54,1,1662.54
8.358570,243.1934,-364.658203,-1.705019,-9.937966,-8.889671,-1.444901,1.353921,0.105122,-1.705019,0.456304,1535.54,1,1535.54
8.360832,240.1172,-367.734375,3.728622,-9.933369,-9.595961,3.988740,0.656011,-0.601168,3.728622,-0.241606,1391.25,1,1391.25
8.363088,237.3926,-370.458984,1.500817,-9.927176,-9.157822,1.760935,1.672350,-0.163029,1.500817,0.774733,1145.92,1,1145.92
8.365346,235.1953,-372.656250,5.749328,-9.919062,-8.525752,6.009446,1.314417,0.469041,5.749328,0.416800,965.87,1,965.87
8.367602,233.0859,-374.765625,12.990591,-9.890982,-7.784747,13.250710,-0.248997,1.210046,12.990591,-1.146614,774.84,1,774.84
8.369859,231.9434,-375.908203,5.721795,-9.873868,-10.190920,5.981913,1.001973,-1.196127,5.721795,0.104357,575.03,1,575.03
8.372114,230.9766,-376.875000,11.429571,-9.853114,-9.340978,11.689690,1.176750,-0.346185,11.429571,0.279133,263.88,1,263.88
8.374372,230.8887,-376.962891,6.361047,-9.834184,-8.559271,6.621165,1.110910,0.435522,6.361047,0.213293,52.19,1,52.19
8.376629,230.8008,-377.050781,9.847004,-9.815969,-8.933964,10.107122,0.757765,0.060829,9.847004,-0.139852,160.22,-1,-160.22
8.378889,230.9766,-376.875000,4.011138,-9.801082,-9.539697,4.271256,1.640028,-0.544904,4.011138,0.742411,370.79,-1,-370.79
8.381145,230.8887,-376.962891,-0.591715,-9.797464,-9.379285,-0.331597,2.397793,-0.384492,-0.591715,1.500176,678.11,-1,-678.11
8.383401,231.0645,-376.787109,0.728687,-9.797173,-9.026140,0.988805,0.990002,-0.031347,0.728687,0.092386,874.09,-1,-874.09
8.385658,232.7344,-375.117187,4.566593,-9.790827,-8.708909,4.826711,0.446519,0.285884,4.566593,-0.451098,1060.14,-1,-1060.14
8.387919,235.0195,-372.832031,10.912424,-9.761362,-8.078036,11.172543,0.561440,0.916757,10.912424,-0.336177,1234.25,-1,-1234.25
8.390174,237.6562,-370.195312,14.085938,-9.734893,-10.166978,14.346057,1.903390,-1.172185,14.085938,1.005774,1468.69,-1,-1468.69
8.392430,240.2930,-367.558594,9.520195,-9.709178,-9.690532,9.780313,1.545457,-0.695739,9.520195,0.647840,1604.61,-1,-1604.61
8.394689,243.6328,-364.218750,5.596099,-9.695140,-9.074024,5.856217,1.312023,-0.079231,5.596099,0.414406,1722.41,-1,-1722.41
8.396953,246.7969,-361.054687,13.341341,-9.671185,-8.246828,13.601460,-0.477643,0.747965,13.341341,-1.375260,1820.70,-1,-1820.70
8.399207,250.1367,-357.714844,3.321608,-9.651485,-8.641871,3.581726,1.231817,0.352921,3.321608,0.334200,1929.22,-1,-1929.22
8.401461,252.7734,-355.078125,-2.496303,-9.654469,-10.097546,-2.236184,3.484761,-1.102753,-2.496303,2.587144,1974.36,-1,-1974.36
8.403719,255.6738,-352.177734,-0.834727,-9.660163,-9.295488,-0.574608,0.805649,-0.300695,-0.834727,-0.091968,1997.12,-1,-1997.12
8.405983,258.8379,-349.013672,-0.328353,-9.661113,-8.208521,-0.068235,0.501585,0.786272,-0.328353,-0.396032,1997.20,-1,-1997.20
8.408239,261.2988,-346.552734,1.172812,-9.660249,-8.726865,1.432930,0.164003,0.267928,1.172812,-0.733614,1954.87,-1,-1954.87
8.410493,264.1113,-343.740234,-0.853880,-9.660655,-9.191340,-0.593762,0.639252,-0.196548,-0.853880,-0.258365,1898.77,-1,-1898.77
8.412747,266.4844,-341.367187,0.764600,-9.661550,-9.206903,1.024718,1.564611,-0.212110,0.764600,0.666994,1821.07,-1,-1821.07
8.415007,269.2969,-338.554687,1.096197,-9.659260,-9.159019,1.356315,0.945710,-0.164226,1.096197,0.048093,1665.96,-1,-1665.96
8.417263,271.8457,-336.005859,3.379068,-9.653702,-8.847773,3.639187,0.985214,0.147020,3.379068,0.087597,1538.61,-1,-1538.61
8.419521,274.2187,-333.632812,2.280130,-9.647170,-8.637083,2.540248,0.992397,0.357710,2.280130,0.094780,1393.67,-1,-1393.67
8.421778,276.5039,-331.347656,-4.230902,-9.650242,-9.587581,-3.970783,0.729034,-0.592788,-4.230902,-0.168582,1232.73,-1,-1232.73
8.430017,280.8105,-327.041016,-9.451459,-9.728103,-8.481460,-9.191340,0.894234,0.513333,-9.451459,-0.003383,364.43,-1,-364.43
8.432073,281.2500,-326.601562,-9.176126,-9.748774,-8.815451,-8.916007,1.090559,0.179342,-9.176126,0.192942,152.49,-1,-152.49
8.434328,281.0742,-326.777344,-3.680235,-9.761613,-9.388862,-3.420117,0.995988,-0.394069,-3.680235,0.098371,61.25,1,61.25
8.436583,280.9863,-326.865234,-10.823337,-9.781836,-9.390059,-10.563218,0.707487,-0.395267,-10.823337,-0.190130,274.38,1,274.38
8.438852,280.9863,-326.865234,-2.965566,-9.794517,-8.753201,-2.705448,0.203507,0.241591,-2.965566,-0.694110,484.37,1,484.37
8.441107,280.9863,-326.865234,3.623277,-9.793113,-8.319851,3.883395,0.174777,0.674942,3.623277,-0.722840,788.33,1,788.33
8.443362,280.4590,-327.392578,-0.141605,-9.790538,-8.902839,0.118513,0.969652,0.091954,-0.141605,0.072035,980.24,1,980.24
8.445619,279.4043,-328.447266,-12.044379,-9.809308,-9.858126,-11.784261,0.365116,-0.863333,-12.044379,-0.532501,1160.95,1,1160.95
8.447882,277.6465,-330.205078,-11.911501,-9.840973,-8.811859,-11.651382,1.162385,0.182934,-11.911501,0.264768,1328.39,1,1328.39
8.450140,275.5371,-332.314453,-10.012899,-9.866917,-8.054094,-9.752781,-0.296881,0.940699,-10.012899,-1.194498,1550.51,1,1550.51
8.452395,273.6035,-334.248047,-4.986272,-9.880077,-8.749610,-4.726154,-0.229843,0.245183,-4.986272,-1.127460,1676.79,1,1676.79
8.454649,270.8789,-336.972656,-13.094236,-9.896546,-9.720459,-12.834118,2.558204,-0.725666,-13.094236,1.660588,1783.84,1,1783.84
8.456910,267.9785,-339.873047,-16.180363,-9.933364,-11.298238,-15.920244,2.856283,-2.303445,-16.180363,1.958666,1870.35,1,1870.35
8.459166,265.5176,-342.333984,-1.171112,-9.953571,-8.548497,-0.910994,-0.566229,0.446296,-1.171112,-1.463845,1959.66,1,1959.66
8.461422,262.7930,-345.058594,10.930380,-9.934354,-6.918046,11.190498,-1.337162,2.076747,10.930380,-2.234778,1991.19,1,1991.19
8.463678,260.0684,-347.783203,-2.297584,-9.922827,-10.091560,-2.037466,0.955287,-1.096767,-2.297584,0.057670,1999.82,1,1999.82
8.465936,257.2559,-350.595703,-5.705730,-9.933726,-10.474632,-5.445612,1.930924,-1.479839,-5.705730,1.033307,1985.44,1,1985.44
8.468192,254.2676,-353.583984,2.968463,-9.934684,-8.749610,3.228581,0.900220,0.245183,2.968463,0.002603,1921.12,1,1921.12
8.470450,251.5430,-356.308594,2.401037,-9.927017,-8.475474,2.661155,-0.136469,0.519319,2.401037,-1.034086,1850.45,1,1850.45
8.472707,248.4668,-359.384766,-3.664673,-9.929767,-9.334992,-3.404555,0.808043,-0.340199,-3.664673,-0.089574,1758.45,1,1758.45
8.474969,245.3027,-362.548828,-3.565314,-9.939235,-8.985439,-3.305195,1.672350,0.009354,-3.565314,0.774733,1646.16,1,1646.16
8.477226,242.3145,-365.537109,1.230272,-9.940388,-8.676587,1.490391,0.444124,0.318206,1.230272,-0.453492,1442.46,1,1442.46
8.479482,239.1504,-368.701172,0.192386,-9.938831,-9.187749,0.452504,0.213084,-0.192956,0.192386,-0.684533,1285.54,1,1285.54
8.481739,236.5137,-371.337891,1.603768,-9.937737,-9.009381,1.863886,1.625663,-0.014588,1.603768,0.728046,1113.73,1,1113.73
8.484000,234.4043,-373.447266,14.944260,-9.919840,-8.571242,15.204378,0.659603,0.423551,14.944260,-0.238014,928.99,1,928.99
8.486258,232.7344,-375.117187,9.818274,-9.891736,-8.486248,10.078392,0.427365,0.508545,9.818274,-0.470252,632.36,1,632.36
8.488512,231.6797,-376.171875,3.289286,-9.882699,-9.732430,3.549404,1.140837,-0.737637,3.289286,0.243220,424.96,1,424.96
8.490769,230.7129,-377.138672,10.744829,-9.858798,-8.494628,11.004948,0.150835,0.500165,10.744829,-0.746782,212.58,1,212.58
8.493030,230.8008,-377.050781,5.487163,-9.841131,-8.767567,5.747281,0.506374,0.227226,5.487163,-0.391243,110.02,-1,-110.02
8.495287,230.8887,-376.962891,8.773205,-9.822286,-8.857349,9.033323,0.968455,0.137444,8.773205,0.070838,323.97,-1,-323.97
8.497542,230.8887,-376.962891,4.894598,-9.809791,-9.170990,5.154716,1.734599,-0.176197,4.894598,0.836982,534.21,-1,-534.21
8.499799,230.8008,-377.050781,0.777768,-9.805561,-9.837775,1.037886,1.681927,-0.842982,0.777768,0.784310,738.30,-1,-738.30
8.502057,232.2070,-375.644531,2.338788,-9.802629,-9.044097,2.598906,0.231040,-0.049304,2.338788,-0.666576,1027.87,-1,-1027.87
8.504318,233.7012,-374.150391,13.965031,-9.777133,-7.678205,14.225149,1.030704,1.316588,13.965031,0.133087,1206.47,-1,-1206.47
8.506574,236.4258,-371.425781,4.645601,-9.759880,-8.262390,4.905719,0.820014,0.732403,4.645601,-0.077603,1371.07,-1,-1371.07
8.508829,238.7988,-369.052734,14.077559,-9.730891,-9.363723,14.337677,0.814029,-0.368930,14.077559,-0.083588,1519.94,-1,-1519.94
8.511088,242.3145,-365.537109,9.218526,-9.706336,-9.738416,9.478644,1.569399,-0.743623,9.218526,0.671782,1709.44,-1,-1709.44
8.513353,245.5664,-362.285156,11.880878,-9.680525,-8.080431,12.140997,0.851139,0.914362,11.880878,-0.046478,1811.32,-1,-1811.32
8.515608,248.8184,-359.033203,3.165984,-9.662020,-8.972271,3.426103,0.648829,0.022522,3.165984,-0.248788,1892.15,-1,-1892.15
8.517865,251.7187,-356.132812,0.314490,-9.659053,-9.719262,0.574608,2.547431,-0.724469,0.314490,1.649814,1950.93,-1,-1950.93
8.520124,254.6191,-353.232422,-0.217023,-9.659070,-9.178172,0.043096,0.931344,-0.183379,-0.217023,0.033728,1996.40,-1,-1996.40
8.522386,257.6074,-350.244141,-1.536228,-9.661185,-8.807071,-1.276109,0.890643,0.187722,-1.536228,-0.006974,1997.69,-1,-1997.69
8.524641,260.2441,-347.607422,-2.199422,-9.667356,-8.785523,-1.939303,0.790087,0.209270,-2.199422,-0.107530,1975.70,-1,-1975.70
8.526897,262.8809,-344.970703,-2.246109,-9.672812,-9.651027,-1.985990,0.926556,-0.656234,-2.246109,0.028939,1930.66,-1,-1930.66
8.529153,265.6934,-342.158203,4.184718,-9.668960,-9.064447,4.444836,0.907402,-0.069654,4.184718,0.009786,1821.06,-1,-1821.06
8.531412,268.1543,-339.697266,4.006350,-9.658490,-8.888474,4.266468,1.351527,0.106319,4.006350,0.453910,1721.21,-1,-1721.21
8.533667,270.7031,-337.148437,-0.817967,-9.656957,-9.130288,-0.557849,0.896629,-0.135495,-0.817967,-0.000988,1601.27,-1,-1601.27
8.535924,273.2520,-334.599609,-1.508694,-9.660433,-8.911219,-1.248576,0.885855,0.083574,-1.508694,-0.011762,1462.54,-1,-1462.54
8.538180,275.6250,-332.226562,1.815655,-9.659053,-8.671799,2.075773,0.608127,0.322994,1.815655,-0.289490,1222.85,-1,-1222.85
8.540440,277.4707,-330.380859,0.318082,-9.656995,-9.182961,0.578200,0.586579,-0.188168,0.318082,-0.311037,1044.82,-1,-1044.82
8.548030,280.5469,-327.304687,-7.257173,-9.712077,-8.779537,-6.997055,1.139640,0.215256,-7.257173,0.242023,232.55,-1,-232.55
8.550088,280.4590,-327.392578,-3.421662,-9.718023,-8.299500,-3.161543,0.148441,0.695292,-3.421662,-0.749176,16.34,-1,-16.34
8.552342,280.2832,-327.568359,-14.774966,-9.746744,-9.919178,-14.514848,1.419762,-0.924385,-14.774966,0.522145,200.03,1,200.03
8.554612,280.1953,-327.656250,-3.116401,-9.767534,-9.246407,-2.856283,1.692701,-0.251614,-3.116401,0.795084,414.08,1,414.08
8.556867,280.3711,-327.480469,5.847490,-9.762239,-7.890092,6.107608,-0.152032,1.104701,5.847490,-1.049649,623.37,1,623.37
8.559123,279.4922,-328.359375,0.186400,-9.756380,-9.090784,0.446519,0.415394,-0.095991,0.186400,-0.482223,922.92,1,922.92
8.561380,278.5254,-329.326172,-15.806868,-9.782293,-10.043676,-15.546749,-0.081403,-1.048883,-15.806868,-0.979020,1109.56,1,1109.56
8.563642,277.0312,-330.820312,-3.938809,-9.810278,-8.678981,-3.678691,0.927753,0.315812,-3.938809,0.030136,1283.23,1,1283.23
8.565900,275.1855,-332.666016,-4.125557,-9.817038,-7.350199,-3.865439,0.155623,1.644594,-4.125557,-0.741994,1441.81,1,1441.81
8.568155,273.0762,-334.775391,-11.165708,-9.835879,-9.601946,-10.905589,0.846350,-0.607153,-11.165708,-0.051267,1647.43,1,1647.43
8.570412,270.4395,-337.412109,-15.378305,-9.869285,-10.742783,-15.118187,2.817975,-1.747990,-15.378305,1.920358,1760.62,1,1760.62
8.572673,267.6270,-340.224609,-8.901990,-9.899949,-9.052477,-8.641871,1.459266,-0.057684,-8.901990,0.561649,1853.07,1,1853.07
8.574929,264.8145,-343.037109,2.380686,-9.905756,-7.782352,2.640805,-0.879869,1.212440,2.380686,-1.777486,1923.75,1,1923.75
8.577187,262.2656,-345.585937,3.711862,-9.897383,-8.482656,3.971981,-0.714669,0.512136,3.711862,-1.612286,1987.00,1,1987.00
8.579441,259.6289,-348.222656,-0.394193,-9.894989,-9.398438,-0.134075,0.890643,-0.403646,-0.394193,-0.006974,1999.97,1,1999.97
8.581702,256.8164,-351.035156,1.378713,-9.897128,-9.619903,1.638831,0.972046,-0.625110,1.378713,0.074429,1989.32,1,1989.32
8.583961,254.0039,-353.847656,3.837558,-9.890277,-8.553286,4.097676,0.627281,0.441507,3.837558,-0.270336,1955.18,1,1955.18
8.586220,251.0156,-356.835937,1.327238,-9.885186,-9.002198,1.587356,0.043096,-0.007405,1.327238,-0.854521,1860.83,1,1860.83
8.588476,247.9395,-359.912109,-6.707703,-9.894242,-9.460688,-6.447585,0.679953,-0.465895,-6.707703,-0.217664,1770.26,1,1770.26
8.590738,244.8633,-362.988281,-4.142316,-9.907641,-8.712500,-3.882198,1.760935,0.282293,-4.142316,0.863318,1658.69,1,1658.69
8.592994,241.7871,-366.064453,3.710665,-9.908276,-8.723274,3.970783,0.830788,0.271519,3.710665,-0.066829,1527.49,1,1527.49
8.595254,238.4473,-369.404297,4.539059,-9.896235,-9.372103,4.799177,0.169988,-0.377310,4.539059,-0.727629,1297.25,1,1297.25
8.597510,235.7227,-372.128906,-1.623616,-9.897853,-9.142260,-1.363498,1.502362,-0.147467,-1.623616,0.604745,1124.15,1,1124.15
8.599773,233.4375,-374.414062,11.642655,-9.888423,-8.058883,11.902774,1.120486,0.935910,11.642655,0.222870,937.62,1,937.62
8.602027,231.7676,-376.083984,12.588365,-9.859047,-8.104373,12.848483,0.537498,0.890420,12.588365,-0.360119,637.74,1,637.74
8.604282,230.7129,-377.138672,5.429702,-9.844280,-10.056845,5.689820,0.785298,-1.062052,5.429702,-0.112319,427.76,1,427.76
8.606539,229.6582,-378.193359,8.661874,-9.824265,-8.836999,8.921992,0.952892,0.157794,8.661874,0.055275,212.64,1,212.64
8.608801,229.7461,-378.105469,5.870235,-9.807596,-8.244433,6.130353,0.788889,0.750360,5.870235,-0.108727,4.98,-1,-4.98
8.611059,229.5703,-378.281250,10.887284,-9.787825,-9.120711,11.147403,0.507571,-0.125918,10.887284,-0.390046,330.63,-1,-330.63
8.613313,229.8340,-378.017578,4.606097,-9.772480,-9.217676,4.866215,0.760159,-0.222883,4.606097,-0.137458,543.44,-1,-543.44
8.615568,229.9219,-377.929687,-1.555381,-9.771555,-9.218874,-1.295263,2.200271,-0.224081,-1.555381,1.302655,749.78,-1,-749.78
8.617828,231.1523,-376.699219,3.012755,-9.771550,-9.162610,3.272874,1.237802,-0.167817,3.012755,0.340185,947.26,-1,-947.26
8.620086,232.5586,-375.292969,14.753921,-9.747638,-7.905654,15.014039,0.518345,1.089139,14.753921,-0.379272,1221.83,-1,-1221.83
8.622341,235.1074,-372.744141,7.278026,-9.726065,-8.678981,7.538144,1.089362,0.315812,7.278026,0.191745,1387.12,-1,-1387.12
8.624596,237.4805,-370.371094,12.981014,-9.701802,-9.915586,13.241133,1.083376,-0.920794,12.981014,0.185759,1535.87,-1,-1535.87
8.626860,240.9082,-366.943359,8.276407,-9.677393,-9.106346,8.536526,1.085770,-0.111553,8.276407,0.188154,1666.41,-1,-1666.41
8.629119,244.3359,-363.515625,12.661388,-9.652733,-8.397662,12.921507,1.101333,0.597131,12.661388,0.203716,1824.54,-1,-1824.54
8.631377,247.6758,-360.175781,10.341407,-9.626016,-8.477868,10.601525,0.174777,0.516925,10.341407,-0.722840,1903.02,-1,-1903.02
8.633632,250.6641,-357.187500,-1.880993,-9.621505,-9.850943,-1.620875,2.507926,-0.856150,-1.880993,1.610309,1958.80,-1,-1958.80
8.635894,253.4766,-354.375000,-3.046969,-9.628205,-9.428367,-2.786851,1.426944,-0.433574,-3.046969,0.529327,1991.17,-1,-1991.17
8.638153,256.3770,-351.474609,-1.147170,-9.631703,-8.558074,-0.887052,1.092953,0.436719,-1.147170,0.195336,1995.09,-1,-1995.09
8.640409,259.1016,-348.750000,-1.870219,-9.634723,-8.939949,-1.610101,0.562637,0.054844,-1.870219,-0.334979,1967.87,-1,-1967.87
8.642663,261.8262,-346.025391,-0.243359,-9.637355,-9.733627,0.016759,0.860716,-0.738834,-0.243359,-0.036901,1917.09,-1,-1917.09
8.644924,264.5508,-343.300781,1.212316,-9.636140,-9.032125,1.472434,1.187524,-0.037333,1.212316,0.289907,1843.37,-1,-1843.37
8.647180,267.0996,-340.751953,3.823193,-9.628896,-8.588001,4.083311,1.412579,0.406792,3.823193,0.514962,1691.68,-1,-1691.68
8.649435,269.8242,-338.027344,-0.838318,-9.625468,-9.572019,-0.578200,0.483629,-0.577226,-0.838318,-0.413988,1564.94,-1,-1564.94
8.651694,272.1973,-335.654297,0.225905,-9.626757,-8.883685,0.486023,0.791284,0.111108,0.225905,-0.106333,1419.41,-1,-1419.41
8.653956,274.3945,-333.457031,0.571867,-9.625564,-8.480263,0.831985,1.218649,0.514530,0.571867,0.321032,1256.85,-1,-1256.85
8.656214,276.0645,-331.787109,-3.383354,-9.629408,-9.265560,-3.123236,0.499191,-0.270767,-3.383354,-0.398426,985.26,-1,-985.26
8.658469,277.5586,-330.292969,-12.674054,-9.656207,-10.250774,-12.413936,1.598130,-1.255981,-12.674054,0.700513,788.94,-1,-788.94
8.665923,278.9648,-328.886719,-15.402247,-9.771015,-9.967062,-15.142129,0.732626,-0.972269,-15.402247,-0.164991,43.19,-1,-43.19
8.667996,278.7891,-329.062500,-9.804604,-9.798098,-9.872491,-9.544485,1.618480,-0.877698,-9.804604,0.720863,176.03,1,176.03
8.670254,278.9648,-328.886719,0.491661,-9.800341,-7.183802,0.751779,-0.231040,1.810991,0.491661,-1.128657,500.21,1,500.21
8.672509,278.7891,-329.062500,-0.771280,-9.794509,-9.326612,-0.511162,0.464475,-0.331820,-0.771280,-0.433142,709.39,1,709.39
8.674763,277.7344,-330.117187,-8.272314,-9.804219,-10.613496,-8.012196,2.444480,-1.618703,-8.272314,1.546863,910.09,1,910.09
8.676843,276.9434,-330.908203,-17.719835,-9.841077,-9.932345,-17.459717,1.209072,-0.937552,-17.719835,0.311455,1099.84,1,1099.84
8.679100,275.2734,-332.578125,-3.048166,-9.858030,-8.491036,-2.788048,-0.830788,0.503757,-3.048166,-1.728405,1358.98,1,1358.98
8.681356,273.4277,-334.423828,-7.894030,-9.866946,-8.443152,-7.633912,0.563834,0.551641,-7.894030,-0.333782,1511.73,1,1511.73
8.683611,271.0547,-336.796875,-12.683631,-9.890583,-9.649830,-12.423512,1.358709,-0.655037,-12.683631,0.461093,1646.28,1,1646.28
8.685871,268.2422,-339.609375,-13.878338,-9.920588,-10.359711,-13.618219,2.700660,-1.364918,-13.878338,1.803043,1760.98,1,1760.98
8.688126,265.4297,-342.421875,-9.863261,-9.947340,-9.830592,-9.603143,2.400187,-0.835799,-9.863261,1.502570,1892.75,1,1892.75
8.690382,262.7930,-345.058594,4.152396,-9.947444,-8.267179,4.412514,-0.816423,0.727614,4.152396,-1.714040,1952.25,1,1952.25
8.692638,260.2441,-347.607422,2.647640,-9.938131,-8.566454,2.907758,-0.894234,0.428339,2.647640,-1.791851,1988.16,1,1988.16
8.694897,257.4316,-350.419922,-5.809877,-9.944257,-9.233239,-5.549759,0.689530,-0.238446,-5.809877,-0.208087,2000.00,1,2000.00
8.697153,254.4434,-353.408203,-1.344692,-9.951512,-9.585187,-1.084573,1.088165,-0.590394,-1.344692,0.190548,1972.42,1,1972.42
8.699411,251.7187,-356.132812,6.887771,-9.942421,-8.937555,7.147889,0.949301,0.057238,6.887771,0.051684,1924.06,1,1924.06
8.701668,248.7305,-359.121094,1.274565,-9.931231,-9.379285,1.534683,0.517148,-0.384492,1.274565,-0.380469,1852.41,1,1852.41
8.703928,245.3906,-362.460937,-8.651795,-9.942733,-10.000581,-8.391677,1.132457,-1.005788,-8.651795,0.234841,1758.27,1,1758.27
8.706185,242.4902,-365.361328,-5.496237,-9.959056,-8.485051,-5.236119,1.482011,0.509742,-5.496237,0.584394,1577.45,1,1577.45
8.708442,239.0625,-368.789062,6.586102,-9.948001,-8.522161,6.846220,-0.742203,0.472632,6.586102,-1.639819,1432.67,1,1432.67
8.710697,235.8984,-371.953125,-0.995138,-9.941686,-10.205285,-0.735020,0.324414,-1.210492,-0.995138,-0.573202,1270.46,1,1270.46
8.712954,233.3496,-374.501953,-1.610448,-9.945371,-8.844181,-1.350330,1.941698,0.150612,-1.610448,1.044081,1092.75,1,1092.75
8.715212,230.9766,-376.875000,12.005377,-9.928196,-8.385692,12.265495,1.890222,0.609101,12.005377,0.992605,801.89,1,801.89
8.717468,229.3066,-378.544922,5.688276,-9.903365,-9.727641,5.948394,0.853533,-0.732848,5.688276,-0.044084,595.26,1,595.26
8.719722,228.4277,-379.423828,7.870591,-9.891736,-10.143036,8.130709,1.292869,-1.148243,7.870591,0.395252,381.40,1,381.40
8.721983,228.8672,-378.984375,12.990591,-9.863544,-7.945158,13.250710,0.436942,1.049634,12.990591,-0.460675,162.81,1,162.81
8.724240,228.6914,-379.160156,17.658087,-9.824404,-8.088810,17.918205,0.160412,0.905983,17.658087,-0.737205,168.05,-1,-168.05
8.726495,228.7793,-379.072266,0.950151,-9.813963,-10.378864,1.210269,1.571793,-1.384071,0.950151,0.674177,386.66,-1,-386.66
8.728754,228.8672,-378.984375,-0.692272,-9.814792,-9.548077,-0.432153,1.911770,-0.553284,-0.692272,1.014153,600.64,-1,-600.64
8.731012,229.9219,-377.929687,2.968463,-9.809357,-8.589199,3.228581,1.057040,0.405594,2.968463,0.159423,907.17,-1,-907.17
8.733272,231.1523,-376.699219,11.494215,-9.790618,-7.954735,11.754333,1.158794,1.040058,11.494215,0.261177,1098.23,-1,-1098.23
8.735528,233.6133,-374.238281,4.478007,-9.775906,-9.580399,4.738125,3.080141,-0.585606,4.478007,2.182524,1275.93,-1,-1275.93
8.737783,236.2500,-371.601562,12.295075,-9.756041,-9.969456,12.555194,1.401805,-0.974663,12.295075,0.504188,1438.14,-1,-1438.14
8.740039,239.0625,-368.789062,13.289866,-9.724948,-8.905233,13.549985,-1.308431,0.089560,13.289866,-2.206048,1647.88,-1,-1647.88
8.742301,242.4902,-365.361328,6.201832,-9.709463,-8.180987,6.461950,1.826776,0.813806,6.201832,0.929159,1762.94,-1,-1762.94
8.744556,245.7422,-362.109375,12.097553,-9.687782,-8.779537,12.357672,1.704672,0.215256,12.097553,0.807055,1856.49,-1,-1856.49
8.746814,249.2578,-358.593750,6.760879,-9.667230,-10.302250,7.020997,1.312023,-1.307457,6.760879,0.414406,1927.31,-1,-1927.31
8.749070,252.0703,-355.781250,-2.092880,-9.667215,-9.861717,-1.832761,1.419762,-0.866924,-2.092880,0.522145,1989.10,-1,-1989.10
8.751134,254.7070,-353.144531,-4.420043,-9.676343,-8.629900,-4.159925,2.055422,0.364893,-4.420043,1.157805,1999.96,-1,-1999.96
8.753392,257.6074,-350.244141,-2.501091,-9.682453,-8.327033,-2.240973,-0.123301,0.667760,-2.501091,-1.020918,1986.30,-1,-1986.30
8.755648,260.1562,-347.695312,-0.221811,-9.686011,-9.072827,0.038307,-0.640449,-0.078034,-0.221811,-1.538066,1948.29,-1,-1948.29
8.757903,262.7930,-345.058594,1.035145,-9.684685,-9.454702,1.295263,1.577779,-0.459909,1.035145,0.680162,1886.37,-1,-1886.37
8.760162,265.4297,-342.421875,3.618489,-9.677822,-9.133880,3.878607,2.488773,-0.139087,3.618489,1.591156,1750.35,-1,-1750.35
8.762420,268.1543,-339.697266,0.697563,-9.673523,-9.539697,0.957681,1.007959,-0.544904,0.697563,0.110342,1632.58,-1,-1632.58
8.764681,270.7031,-337.148437,-0.199066,-9.672913,-8.990228,0.061052,0.247800,0.004565,-0.199066,-0.649817,1494.73,-1,-1494.73
8.766938,273.1641,-334.687500,0.474902,-9.672407,-8.281544,0.735020,0.251391,0.713249,0.474902,-0.646226,1338.44,-1,-1338.44
8.769199,274.9219,-332.929687,-0.541437,-9.672627,-8.571242,-0.281319,0.405817,0.423551,-0.541437,-0.491800,1073.72,-1,-1073.72
8.771455,276.5039,-331.347656,-13.840031,-9.692182,-10.117896,-13.579912,1.466449,-1.123103,-13.840031,0.568832,880.22,-1,-880.22
8.773714,277.8223,-330.029297,-9.672922,-9.720986,-10.111911,-9.412804,2.303222,-1.117118,-9.672922,1.405605,675.88,-1,-675.88
8.775971,278.5254,-329.326172,-5.386104,-9.733743,-8.425196,-5.125986,0.998382,0.569597,-5.386104,0.100765,463.17,-1,-463.17
8.783626,278.7891,-329.062500,-4.760020,-9.770181,-9.573215,-4.499902,1.314417,-0.578423,-4.760020,0.416800,418.15,1,418.15
8.785687,278.8770,-328.974609,0.362374,-9.771944,-8.585608,0.622492,0.111330,0.409185,0.362374,-0.786286,632.56,1,632.56
8.787943,278.6133,-329.238281,2.375898,-9.766509,-8.582016,2.636016,0.666785,0.412777,2.375898,-0.230832,839.10,1,839.10
8.790198,277.5586,-330.292969,-15.135294,-9.780497,-10.398018,-14.875175,1.584962,-1.403225,-15.135294,0.687345,1128.89,1,1128.89
8.792470,276.0645,-331.787109,-11.153736,-9.814332,-10.216059,-10.893618,0.602142,-1.221266,-11.153736,-0.295475,1305.13,1,1305.13
8.794728,274.3066,-333.544922,-9.134227,-9.833365,-6.918046,-8.874108,-1.318008,2.076747,-9.134227,-2.215625,1465.29,1,1465.29
8.796988,272.2852,-335.566406,-7.233231,-9.854094,-8.311471,-6.973113,0.482432,0.683322,-7.233231,-0.415185,1607.49,1,1607.49
8.799244,269.5605,-338.291016,-13.313306,-9.871567,-10.222044,-13.053187,1.900996,-1.227251,-13.313306,1.003379,1782.86,1,1782.86
8.801504,266.5723,-341.279297,-16.037907,-9.906753,-10.960655,-15.777789,2.741361,-1.965862,-16.037907,1.843744,1872.51,1,1872.51
8.803760,263.8477,-344.003906,-4.178229,-9.926857,-9.234436,-3.918111,2.245761,-0.239643,-4.178229,1.348144,1939.01,1,1939.01
8.806016,261.2109,-346.640625,7.601243,-9.915533,-7.653066,7.861362,-0.757765,1.341727,7.601243,-1.655382,1993.52,1,1993.52
8.808269,258.7500,-349.101562,-0.353492,-9.904527,-9.367314,-0.093374,-0.254982,-0.372521,-0.353492,-1.152599,1999.05,1,1999.05
8.810529,255.6738,-352.177734,-2.639955,-9.908928,-9.819818,-2.379837,0.448913,-0.825026,-2.639955,-0.448704,1979.77,1,1979.77
8.812788,252.7734,-355.078125,0.747841,-9.910570,-8.537724,1.007959,1.168370,0.457069,0.747841,0.270754,1935.92,1,1935.92
8.815049,250.0488,-357.802734,3.739396,-9.902752,-8.498219,3.999514,0.215478,0.496574,3.739396,-0.682139,1825.32,1,1825.32
8.817305,246.8848,-360.966797,-2.844659,-9.901571,-10.012551,-2.584541,1.174356,-1.017758,-2.844659,0.276739,1722.95,1,1722.95
8.819566,243.6328,-364.218750,-8.350126,-9.915663,-9.762358,-8.090008,2.529474,-0.767565,-8.350126,1.631857,1599.24,1,1599.24
8.821823,240.3809,-367.470703,0.314490,-9.923303,-8.374918,0.574608,1.216254,0.619875,0.314490,0.318638,1455.53,1,1455.53
8.824081,237.3047,-370.546875,5.168735,-9.911829,-7.920019,5.428853,-0.924162,1.074774,5.168735,-1.821779,1206.61,1,1206.61
8.826336,235.0195,-372.832031,1.965292,-9.906727,-9.609129,2.225410,0.766145,-0.614336,1.965292,-0.131472,1021.41,1,1021.41
8.828595,232.7344,-375.117187,12.467458,-9.890313,-8.643068,12.727576,1.618480,0.351725,12.467458,0.720863,823.49,1,823.49
8.830851,231.4160,-376.435547,8.014242,-9.867878,-8.566454,8.274361,1.607706,0.428339,8.014242,0.710090,615.21,1,615.21
8.833108,230.3613,-377.490234,8.688210,-9.851773,-9.928755,8.948329,1.333570,-0.933962,8.688210,0.435953,289.19,1,289.19
8.835366,229.7461,-378.105469,10.465905,-9.826247,-9.125500,10.726024,0.582988,-0.130707,10.465905,-0.314629,66.75,1,66.75
8.837627,229.9219,-377.929687,3.312031,-9.811269,-8.536526,3.572149,0.131681,0.458267,3.312031,-0.765936,156.65,-1,-156.65
8.839881,229.6582,-378.193359,7.809538,-9.794683,-8.591593,8.069656,0.323217,0.403200,7.809538,-0.574400,378.04,-1,-378.04
8.842136,229.8340,-378.017578,3.962056,-9.785069,-9.648633,4.222175,2.116474,-0.653840,3.962056,1.218858,700.65,-1,-700.65
8.844392,230.1855,-377.666016,0.003244,-9.781217,-9.854534,0.263362,1.622072,-0.859741,0.003244,0.724455,905.41,-1,-905.41
8.846653,231.5918,-376.259766,6.641169,-9.776028,-9.179369,6.901287,1.033098,-0.184576,6.641169,0.135481,1098.79,-1,-1098.79
8.848908,233.8770,-373.974609,11.315846,-9.750258,-7.168240,11.575965,1.306037,1.826553,11.315846,0.408420,1278.49,-1,-1278.49
8.851162,236.6895,-371.162109,16.601048,-9.718164,-9.252393,16.861166,1.219846,-0.257600,16.601048,0.322229,1517.59,-1,-1517.59
8.853417,239.5020,-368.349609,7.884956,-9.689904,-10.109517,8.145074,0.286107,-1.114724,7.884956,-0.611510,1653.60,-1,-1653.60
8.855681,243.0176,-364.833984,8.970726,-9.671845,-8.834604,9.230844,0.663194,0.160189,8.970726,-0.234423,1769.00,-1,-1769.00
8.857939,246.4453,-361.406250,12.933130,-9.642764,-7.553706,13.193249,-0.161609,1.441087,12.933130,-1.059225,1862.21,-1,-1862.21
8.860194,249.6094,-358.242187,-2.480740,-9.632488,-10.497377,-2.220622,2.610877,-1.502584,-2.480740,1.713260,1957.97,-1,-1957.97
8.862450,252.5977,-355.253906,-4.496658,-9.642485,-10.218452,-4.236540,2.621651,-1.223660,-4.496658,1.724034,1991.31,-1,-1991.31
8.864714,255.3223,-352.529297,2.153237,-9.643229,-8.578424,2.413355,0.632069,0.416368,2.153237,-0.265548,1999.65,-1,-1999.65
8.866969,258.3105,-349.541016,-0.454049,-9.641466,-7.894880,-0.193930,0.428562,1.099913,-0.454049,-0.469055,1982.89,-1,-1982.89
8.869224,260.8594,-346.992187,-3.420465,-9.648784,-9.478644,-3.160346,1.446098,-0.483851,-3.420465,0.548481,1911.16,-1,-1911.16
8.871480,263.6719,-344.179687,1.711507,-9.651851,-9.589975,1.971625,1.080982,-0.595182,1.711507,0.183365,1833.18,-1,-1833.18
8.873740,266.3086,-341.542969,6.248519,-9.640931,-9.057265,6.508637,0.587777,-0.062472,6.248519,-0.309840,1732.14,-1,-1732.14
8.875996,268.7695,-339.082031,1.591797,-9.634130,-8.975863,1.851915,0.869095,0.018930,1.591797,-0.028522,1609.29,-1,-1609.29
8.878254,271.3184,-336.533203,-2.764453,-9.639268,-8.710106,-2.504335,1.383849,0.284687,-2.764453,0.486232,1387.49,-1,-1387.49
8.880510,273.7793,-334.072266,1.276959,-9.640909,-8.791509,1.537078,0.453701,0.203284,1.276959,-0.443916,1217.32,-1,-1217.32
8.882771,275.3613,-332.490234,0.213934,-9.638341,-9.151836,0.474052,0.286107,-0.157043,0.213934,-0.611510,1031.87,-1,-1031.87
8.885027,276.8555,-330.996094,-13.227115,-9.659953,-9.740809,-12.966996,1.309628,-0.746017,-13.227115,0.412012,729.90,-1,-729.90
8.887286,277.7344,-330.117187,-11.693628,-9.691314,-9.103952,-11.433510,1.098939,-0.109159,-11.693628,0.201322,516.57,-1,-516.57
8.889545,278.1738,-329.677734,-8.764323,-9.714273,-8.759187,-8.504205,0.545878,0.235606,-8.764323,-0.351739,296.66,-1,-296.66
8.891806,278.2617,-329.589844,-7.363714,-9.732247,-8.817844,-7.103596,0.493206,0.176949,-7.363714,-0.404411,72.89,-1,-72.89
8.894060,278.2617,-329.589844,-12.714756,-9.753574,-9.241618,-12.454638,2.060210,-0.246825,-12.714756,1.162594,263.67,1,263.67
8.914219,264.9023,-342.949219,-11.617014,-9.987761,-10.285490,-11.356895,2.375048,-1.290697,-11.617014,1.477431,1902.96,1,1902.96
8.916276,262.5293,-345.322266,2.304072,-9.993477,-8.186973,2.564190,-0.517148,0.807820,2.304072,-1.414764,1960.11,1,1960.11
8.918546,259.7168,-348.134766,9.092831,-9.977919,-7.960721,9.352949,-0.741005,1.034072,9.092831,-1.638622,1992.38,1,1992.38
8.920800,257.0801,-350.771484,0.761009,-9.970885,-9.350554,1.021127,0.196325,-0.355762,0.761009,-0.701292,1999.35,1,1999.35
8.923056,254.0918,-353.759766,-1.598477,-9.976330,-9.303867,-1.338359,1.001973,-0.309074,-1.598477,0.104357,1962.23,1,1962.23
8.925314,251.4551,-356.396484,2.954098,-9.974180,-8.336611,3.214216,0.266953,0.658182,2.954098,-0.630663,1906.21,1,1906.21
8.927577,248.2031,-359.648437,3.600532,-9.966346,-9.285912,3.860650,0.284910,-0.291119,3.600532,-0.612707,1825.95,1,1825.95
8.929833,245.1270,-362.724609,-2.879375,-9.968208,-9.611523,-2.619257,1.095347,-0.616730,-2.879375,0.197730,1722.44,1,1722.44
8.932089,242.0508,-365.800781,-4.809101,-9.981717,-9.075222,-4.548983,1.873463,-0.080429,-4.809101,0.975846,1526.45,1,1526.45
8.934346,238.8867,-368.964844,2.061060,-9.984518,-8.459911,2.321178,0.586579,0.534882,2.061060,-0.311037,1371.13,1,1371.13
8.936607,235.7227,-372.128906,3.357521,-9.977786,-9.095572,3.617639,-0.049081,-0.100780,3.357521,-0.946698,1198.34,1,1198.34
8.938862,233.5254,-374.326172,2.476454,-9.972052,-9.135077,2.736573,0.769736,-0.140284,2.476454,-0.127881,1010.13,1,1010.13
8.941119,231.0645,-376.787109,10.790319,-9.949283,-8.014590,11.050438,1.395820,0.980203,10.790319,0.498203,704.47,1,704.47
8.943374,230.0977,-377.753906,6.671096,-9.930870,-9.554062,6.931214,1.282095,-0.559269,6.671096,0.384478,488.84,1,488.84
8.945635,229.3066,-378.544922,15.717587,-9.903098,-9.589975,15.977705,0.296881,-0.595182,15.717587,-0.600736,266.97,1,266.97
8.947889,229.7461,-378.105469,11.949113,-9.875423,-8.728063,12.209231,0.948104,0.266730,11.949113,0.050487,41.63,1,41.63
8.950146,230.0098,-377.841797,2.318437,-9.854087,-8.948329,2.578555,0.539892,0.046464,2.318437,-0.357724,296.68,-1,-296.68
8.952403,229.9219,-377.929687,4.280486,-9.848113,-9.920375,4.540604,0.888249,-0.925582,4.280486,-0.009368,518.00,-1,-518.00
8.954661,230.2734,-377.578125,1.177600,-9.843445,-8.562862,1.437718,0.298078,0.431931,1.177600,-0.599539,732.93,-1,-732.93
8.956923,231.6797,-376.171875,1.973672,-9.840598,-9.075222,2.233790,1.092953,-0.080429,1.973672,0.195336,938.37,-1,-938.37
8.959180,233.2617,-374.589844,10.198952,-9.819307,-8.184579,10.459070,2.518700,0.810214,10.198952,1.621083,1223.34,-1,-1223.34
8.961434,235.6348,-372.216797,6.398157,-9.802253,-9.854534,6.658275,3.172317,-0.859741,6.398157,2.274700,1394.35,-1,-1394.35
8.963691,238.2715,-369.580078,15.559569,-9.772807,-9.416395,15.819688,0.701501,-0.421602,15.559569,-0.196116,1547.49,-1,-1547.49
8.965953,241.3477,-366.503906,11.742015,-9.741073,-7.994239,12.002133,-1.344344,1.000554,11.742015,-2.241961,1680.82,-1,-1680.82
8.968209,244.7754,-363.076172,6.692644,-9.728483,-9.130288,6.952762,0.726640,-0.135495,6.692644,-0.170977,1839.96,-1,-1839.96
8.970463,248.1152,-359.736328,6.997904,-9.712120,-8.779537,7.258022,1.080982,0.215256,6.997904,0.183365,1916.81,-1,-1916.81
8.972720,251.2793,-356.572266,5.124442,-9.698896,-9.550470,5.384560,2.637213,-0.555677,5.124442,1.739596,1969.08,-1,-1969.08
8.974982,254.0039,-353.847656,-2.167100,-9.698272,-9.864111,-1.906982,1.010353,-0.869318,-2.167100,0.112736,1996.08,-1,-1996.08
8.977239,256.8164,-351.035156,-4.501446,-9.706211,-8.494628,-4.241328,1.818396,0.500165,-4.501446,0.920779,1988.45,-1,-1988.45
8.979495,259.8047,-348.046875,-1.667909,-9.713704,-8.228871,-1.407791,1.138443,0.765922,-1.667909,0.240826,1951.37,-1,-1951.37
8.981753,262.4414,-345.410156,0.555107,-9.713363,-8.681376,0.815226,-0.956484,0.313417,0.555107,-1.854100,1889.19,-1,-1889.19
8.984014,265.0781,-342.773437,1.145278,-9.711143,-9.429564,1.405396,1.847127,-0.434771,1.145278,0.949510,1750.61,-1,-1750.61
8.986269,267.4512,-340.400391,2.763758,-9.706755,-9.211691,3.023877,2.310405,-0.216898,2.763758,1.412788,1629.75,-1,-1629.75
8.988528,270.2637,-337.587891,1.572643,-9.701959,-9.048885,1.832761,1.215057,-0.054092,1.572643,0.317441,1487.89,-1,-1487.89
8.990788,272.6367,-335.214844,1.496029,-9.699163,-8.863335,1.756147,0.160412,0.131458,1.496029,-0.737205,1326.82,-1,-1326.82
8.993048,274.3945,-333.457031,-4.599608,-9.702188,-8.957906,-4.339490,0.490811,0.036887,-4.599608,-0.406806,1053.71,-1,-1053.71
8.995303,275.8887,-331.962891,-14.903056,-9.724549,-9.695320,-14.642938,0.822408,-0.700527,-14.903056,-0.075209,854.14,-1,-854.14
8.997560,277.0312,-330.820312,-7.871285,-9.749668,-9.868899,-7.611167,1.918953,-0.874106,-7.871285,1.021336,643.55,-1,-643.55
8.999818,277.9102,-329.941406,-6.280338,-9.760807,-8.212111,-6.020220,0.468066,0.782681,-6.280338,-0.429550,424.59,-1,-424.59
9.002078,278.2617,-329.589844,-12.308939,-9.788735,-9.600749,-12.048820,1.288081,-0.605956,-12.308939,0.390464,86.58,-1,-86.58
9.004334,278.1738,-329.677734,-7.422372,-9.812191,-9.587581,-7.162254,1.946486,-0.592788,-7.422372,1.048869,140.76,1,140.76
9.006588,278.0859,-329.765625,-6.736434,-9.826387,-8.203732,-6.476315,0.685939,0.791060,-6.736434,-0.211678,366.33,1,366.33
9.008845,278.0859,-329.765625,-2.827899,-9.836174,-9.478644,-2.567781,1.262941,-0.483851,-2.827899,0.365324,587.41,1,587.41
9.011104,277.9980,-329.853516,0.968107,-9.836411,-9.004593,1.228225,0.736217,-0.009800,0.968107,-0.161400,903.60,1,903.60
9.013360,277.2070,-330.644531,-3.140343,-9.836418,-8.817844,-2.880225,0.816423,0.176949,-3.140343,-0.081194,1100.57,1,1100.57
9.015620,275.8008,-332.050781,-12.408298,-9.861395,-10.111911,-12.148179,0.360327,-1.117118,-12.408298,-0.537290,1283.22,1,1283.22
9.017878,273.7793,-334.072266,-13.573077,-9.890369,-9.058462,-13.312959,-0.602142,-0.063669,-13.573077,-1.499759,1449.25,1,1449.25
9.020142,271.5820,-336.269531,-10.555185,-9.922119,-8.531737,-10.295067,1.253365,0.463056,-10.555185,0.355748,1662.61,1,1662.61
9.022399,269.0332,-338.818359,-8.500960,-9.941420,-8.738836,-8.240842,1.878251,0.255957,-8.500960,0.980634,1778.22,1,1778.22
9.024655,266.0449,-341.806641,-14.725885,-9.971697,-10.433931,-14.465767,2.182315,-1.439138,-14.725885,1.284698,1870.82,1,1870.82
9.032246,257.0801,-350.771484,-1.288428,-9.981476,-9.338584,-1.028310,0.235829,-0.343791,-1.288428,-0.661788,1991.01,1,1991.01
9.034290,254.2676,-353.583984,-2.380184,-9.987544,-10.163386,-2.120066,1.223437,-1.168593,-2.380184,0.325820,1956.48,1,1956.48
9.036549,251.3672,-356.484375,3.326396,-9.983324,-9.142260,3.586514,1.035492,-0.147467,3.326396,0.137875,1896.49,1,1896.49
9.038807,248.4668,-359.384766,3.612503,-9.973746,-9.028535,3.872621,0.275333,-0.033742,3.612503,-0.622284,1811.80,1,1811.80
9.041063,245.3906,-362.460937,-8.778688,-9.985503,-9.545682,-8.518570,1.501164,-0.550889,-8.778688,0.603548,1640.91,1,1640.91
9.043324,242.1387,-365.712891,-3.984299,-10.001947,-8.822633,-3.724181,2.188300,0.172160,-3.984299,1.290684,1499.93,1,1499.93
9.045581,238.9746,-368.876953,5.567369,-9.993636,-8.459911,5.827487,-0.062249,0.534882,5.567369,-0.959866,1339.37,1,1339.37
9.047836,236.6016,-371.250000,4.317595,-9.981889,-9.117120,4.577713,-0.208296,-0.122327,4.317595,-1.105912,1161.25,1,1161.25
9.050092,234.4922,-373.359375,9.864961,-9.968776,-8.674192,10.125079,1.989582,0.320601,9.864961,1.091965,866.36,1,866.36
9.052353,232.3828,-375.468750,7.926855,-9.946922,-8.809465,8.186973,2.067393,0.185328,7.926855,1.169776,655.08,1,655.08
9.054611,230.9766,-376.875000,4.268515,-9.935874,-9.747993,4.528633,0.489614,-0.753200,4.268515,-0.408003,435.19,1,435.19
9.056866,230.6250,-377.226562,14.464222,-9.911399,-7.599196,14.724340,-0.837971,1.395597,14.464222,-1.735587,209.55,1,209.55
9.059121,230.7129,-377.138672,13.453869,-9.881337,-8.719683,13.713987,1.630451,0.275110,13.453869,0.732834,133.23,-1,-133.23
9.061382,230.8887,-376.962891,2.199924,-9.862168,-10.127473,2.460042,1.655591,-1.132680,2.199924,0.757974,360.23,-1,-360.23
9.063639,230.9766,-376.875000,2.925367,-9.857116,-10.437522,3.185485,1.544260,-1.442729,2.925367,0.646643,582.58,-1,-582.58
9.065896,231.5918,-376.259766,4.833546,-9.849029,-7.722497,5.093664,-0.592565,1.272295,4.833546,-1.490182,797.30,-1,-797.30
9.068153,232.8223,-375.029297,8.025017,-9.836714,-8.398860,8.285135,0.897826,0.595933,8.025017,0.000209,1099.11,-1,-1099.11
9.070413,234.9316,-372.919922,4.640813,-9.821547,-8.510190,4.900931,2.682703,0.484603,4.640813,1.785086,1282.91,-1,-1282.91
9.072669,237.3047,-370.546875,12.135860,-9.803590,-10.260351,12.395979,4.292804,-1.265558,12.135860,3.395187,1449.89,-1,-1449.89
9.074926,240.3809,-367.470703,11.904820,-9.766259,-9.507375,12.164939,-0.338780,-0.512582,11.904820,-1.236396,1597.98,-1,-1597.98
9.077184,243.8965,-363.955078,7.847847,-9.744795,-8.847773,8.107965,-0.143652,0.147020,7.847847,-1.041269,1780.16,-1,-1780.16
9.079445,247.0605,-360.791016,8.155500,-9.726682,-7.382521,8.415619,-0.120907,1.612272,8.155500,-1.018524,1872.78,-1,-1872.78
9.081700,250.2246,-357.626953,4.365479,-9.714529,-8.872911,4.625597,0.378284,0.121881,4.365479,-0.519333,1940.79,-1,-1940.79
9.083956,253.3008,-354.550781,0.490464,-9.709703,-10.207679,0.750582,1.611298,-1.212886,0.490464,0.713681,1983.32,-1,-1983.32
9.086213,256.0254,-351.826172,-2.554960,-9.712134,-9.263166,-2.294842,2.147599,-0.268373,-2.554960,1.249982,1998.16,-1,-1998.16
9.088476,259.0137,-348.837891,-3.975919,-9.721055,-8.671799,-3.715801,2.712631,0.322994,-3.975919,1.815014,1975.19,-1,-1975.19
9.090733,261.5625,-346.289062,-0.857471,-9.724671,-8.835801,-0.597353,0.439336,0.158992,-0.857471,-0.458281,1926.25,-1,-1926.25
9.092989,264.1113,-343.740234,1.778545,-9.724035,-8.981848,2.038663,0.389058,0.012945,1.778545,-0.508559,1851.92,-1,-1851.92
9.095247,266.8359,-341.015625,2.837979,-9.717956,-8.705317,3.098097,1.154005,0.289475,2.837979,0.256388,1695.05,-1,-1695.05
9.097507,269.3848,-338.466797,1.625316,-9.713681,-9.478644,1.885434,1.303643,-0.483851,1.625316,0.406026,1562.21,-1,-1562.21
9.099762,271.8457,-336.005859,-1.445248,-9.715256,-9.442732,-1.185130,1.140837,-0.447939,-1.445248,0.243220,1408.78,-1,-1408.78
9.102019,274.2187,-333.632812,0.672423,-9.714766,-8.336611,0.932542,0.582988,0.658182,0.672423,-0.314629,1144.33,-1,-1144.33
9.104276,275.8008,-332.050781,-3.627563,-9.716949,-8.937555,-3.367445,0.503979,0.057238,-3.627563,-0.393637,948.62,-1,-948.62
9.106537,277.1191,-330.732422,-12.875167,-9.741978,-9.921572,-12.615048,0.936133,-0.926779,-12.875167,0.038516,740.39,-1,-740.39
9.108794,277.8223,-330.029297,-11.820521,-9.767402,-8.718486,-11.560403,0.372298,0.276307,-11.820521,-0.525319,522.33,-1,-522.33
9.111050,278.4375,-329.414062,-12.900307,-9.796161,-8.905233,-12.640188,1.459266,0.089560,-12.900307,0.561649,183.11,-1,-183.11
9.113306,278.2617,-329.589844,-9.279077,-9.820952,-9.324219,-9.018958,1.685518,-0.329426,-9.279077,0.787901,46.73,1,46.73
9.115566,278.2617,-329.589844,-13.055929,-9.849167,-9.275137,-12.795811,1.033098,-0.280344,-13.055929,0.135481,276.01,1,276.01
9.117822,277.9102,-329.941406,-0.211037,-9.859355,-8.500613,0.049081,0.957681,0.494180,-0.211037,0.060064,501.65,1,501.65
9.120080,277.7344,-330.117187,3.596941,-9.855212,-8.637083,3.857059,0.202310,0.357710,3.596941,-0.695307,826.99,1,826.99
9.122335,276.9434,-330.908203,-6.444341,-9.859900,-8.996213,-6.184223,0.017957,-0.001420,-6.444341,-0.879660,1030.73,1,1030.73
9.124597,275.5371,-332.314453,-12.827283,-9.888431,-9.861717,-12.567164,0.470461,-0.866924,-12.827283,-0.427156,1220.91,1,1220.91
9.126854,273.6914,-334.160156,-3.777200,-9.903236,-8.724471,-3.517082,-0.199916,0.270322,-3.777200,-1.097533,1395.00,1,1395.00
9.129112,271.8457,-336.005859,-10.816154,-9.919498,-8.822633,-10.556035,0.834379,0.172160,-10.816154,-0.063238,1620.67,1,1620.67
9.131368,269.4727,-338.378906,-10.861644,-9.944036,-9.838972,-10.601525,2.712631,-0.844179,-10.861644,1.815014,1744.70,1,1744.70
9.133628,266.6602,-341.191406,-17.974817,-9.980183,-9.770737,-17.714699,2.436100,-0.775944,-17.974817,1.538483,1845.67,1,1845.67
9.135887,263.6719,-344.179687,-5.657846,-10.008490,-8.862138,-5.397728,0.482432,0.132655,-5.657846,-0.415185,1922.04,1,1922.04
9.138144,260.9473,-346.904297,7.153528,-10.006235,-8.061277,7.413646,-0.891840,0.933516,7.153528,-1.789457,1988.54,1,1988.54
9.140399,258.4863,-349.365234,4.867065,-9.991979,-8.444349,5.127183,-0.129287,0.550444,4.867065,-1.026904,1999.93,1,1999.93
9.142658,255.4980,-352.353516,-0.486370,-9.990895,-9.861717,-0.226252,1.203086,-0.866924,-0.486370,0.305470,1984.71,1,1984.71
9.150269,245.6543,-362.197266,-4.718122,-10.026805,-9.721656,-4.458004,0.368707,-0.726863,-4.718122,-0.528910,1666.83,1,1666.83
9.152327,242.8418,-365.009766,-7.725239,-10.043086,-9.094376,-7.465121,1.174356,-0.099583,-7.725239,0.276739,1528.26,1,1528.26
9.154584,239.3262,-368.525391,0.277380,-10.047398,-8.480263,0.537498,1.468843,0.514530,0.277380,0.571226,1369.30,1,1369.30
9.156854,236.2500,-371.601562,3.095356,-10.041468,-9.727641,3.355474,0.697910,-0.732848,3.095356,-0.199707,1192.11,1,1192.11
9.159110,234.4043,-373.447266,8.171062,-10.030104,-8.881291,8.431181,0.966060,0.113502,8.171062,0.068444,897.11,1,897.11
9.161366,232.2070,-375.644531,12.196913,-10.004895,-7.955932,12.457031,1.314417,1.038861,12.196913,0.416800,684.89,1,684.89
9.163622,231.1523,-376.699219,5.394987,-9.989390,-9.378088,5.655105,1.417367,-0.383295,5.394987,0.519751,463.46,1,463.46
9.165883,230.5371,-377.314453,12.342959,-9.963113,-8.474277,12.603078,-0.593762,0.520516,12.342959,-1.491379,235.84,1,235.84
9.168139,230.6250,-377.226562,14.424718,-9.935668,-8.761581,14.684836,1.119289,0.233212,14.424718,0.221672,110.72,-1,-110.72
9.170393,231.1523,-376.699219,8.101631,-9.911111,-8.898050,8.361750,0.924162,0.096743,8.101631,0.026545,340.62,-1,-340.62
9.172649,230.9766,-376.875000,4.322384,-9.900211,-10.162189,4.582502,1.353921,-1.167397,4.322384,0.456304,565.95,-1,-565.95
9.174914,231.1523,-376.699219,-1.705019,-9.901254,-9.232041,-1.444901,0.913388,-0.237248,-1.705019,0.015771,783.77,-1,-783.77
9.177170,232.9980,-374.853516,4.276894,-9.900405,-8.451532,4.537012,0.463278,0.543261,4.276894,-0.434339,1090.10,-1,-1090.10
9.179425,235.0195,-372.832031,13.835744,-9.871486,-7.338228,14.095862,1.176750,1.656565,13.835744,0.279133,1276.56,-1,-1276.56
9.181682,237.4805,-370.371094,15.836100,-9.848691,-11.069592,16.096218,4.141969,-2.074799,15.836100,3.244352,1446.00,-1,-1446.00
9.183944,240.2051,-367.646484,10.452737,-9.816177,-8.916007,10.712855,0.240617,0.078786,10.452737,-0.657000,1596.05,-1,-1596.05
9.186201,243.9844,-363.867187,10.607163,-9.794424,-9.160215,10.867282,-0.165200,-0.165422,10.607163,-1.062817,1780.56,-1,-1780.56
9.188460,247.2363,-360.615234,11.074033,-9.769311,-7.020997,11.334151,-0.609324,1.973796,11.074033,-1.506941,1873.97,-1,-1873.97
9.190716,250.4004,-357.451172,1.015991,-9.755738,-10.214862,1.276109,1.636437,-1.220069,1.015991,0.738820,1942.22,-1,-1942.22
9.192977,253.1250,-354.726562,-3.385749,-9.758837,-10.728417,-3.125630,2.329558,-1.733624,-3.385749,1.431942,1984.42,-1,-1984.42
9.195233,255.9375,-351.914062,-2.580100,-9.765715,-8.756793,-2.319981,1.170765,0.238000,-2.580100,0.273148,1997.59,-1,-1997.59
9.197491,259.0137,-348.837891,-1.144776,-9.769099,-8.297106,-0.884658,1.606509,0.697687,-1.144776,0.708892,1972.78,-1,-1972.78
9.199748,261.5625,-346.289062,-1.448839,-9.769735,-9.034520,-1.188721,0.208296,-0.039727,-1.448839,-0.689321,1921.40,-1,-1921.40
9.202008,264.1992,-343.652344,-0.298425,-9.773073,-9.634268,-0.038307,1.306037,-0.639475,-0.298425,0.408420,1796.13,-1,-1796.13
9.204262,266.8359,-341.015625,3.488004,-9.768167,-8.716091,3.748123,0.967257,0.278702,3.488004,0.069641,1682.01,-1,-1682.01
9.206518,269.4727,-338.378906,2.952900,-9.760751,-9.004593,3.213019,0.920571,-0.009800,2.952900,0.022954,1545.28,-1,-1545.28
9.208774,271.9336,-335.917969,-0.706637,-9.761152,-9.300277,-0.446519,1.309628,-0.305484,-0.706637,0.412012,1387.72,-1,-1387.72
9.211035,274.3066,-333.544922,1.284142,-9.760407,-8.407239,1.544260,0.938527,0.587554,1.284142,0.040910,1116.81,-1,-1116.81
9.213291,275.7129,-332.138672,-3.963948,-9.763790,-8.979453,-3.703830,0.772130,0.015340,-3.963948,-0.125487,916.84,-1,-916.84
9.215547,277.0312,-330.820312,-15.235850,-9.793391,-10.214862,-14.975732,0.581791,-1.220069,-15.235850,-0.315826,704.45,-1,-704.45
9.217806,277.9102,-329.941406,-11.856435,-9.822515,-8.604761,-11.596316,1.200692,0.390032,-11.856435,0.303075,482.42,-1,-482.42
9.220068,278.3496,-329.501953,-10.178099,-9.847090,-8.730456,-9.917980,1.006762,0.264337,-10.178099,0.109145,138.12,-1,-138.12
9.222323,278.1738,-329.677734,-5.759599,-9.863365,-9.497798,-5.499481,0.889446,-0.503005,-5.759599,-0.008171,94.46,1,94.46
9.224579,278.0859,-329.765625,-12.706376,-9.886572,-8.737639,-12.446258,0.429759,0.257154,-12.706376,-0.467858,325.83,1,325.83
9.226834,277.9980,-329.853516,-2.550172,-9.901125,-8.659827,-2.290054,1.405396,0.334966,-2.550172,0.507779,552.78,1,552.78
9.229093,277.9980,-329.853516,3.690315,-9.900239,-8.805874,3.950433,0.567426,0.188919,3.690315,-0.330191,878.42,1,878.42
9.231349,277.2070,-330.644531,0.895084,-9.893804,-8.960299,1.155202,0.215478,0.034493,0.895084,-0.682139,1081.29,1,1081.29
9.233605,275.7129,-332.138672,-13.277393,-9.916610,-10.157401,-13.017275,0.164003,-1.162608,-13.277393,-0.733614,1269.46,1,1269.46
9.235861,273.6914,-334.160156,-14.984459,-9.948013,-8.455123,-14.724340,-0.617704,0.539670,-14.984459,-1.515321,1440.52,1,1440.52
9.238121,271.5820,-336.269531,-8.508143,-9.976203,-8.461109,-8.248025,0.513556,0.533684,-8.508143,-0.384061,1659.89,1,1659.89
9.240380,268.9453,-338.906250,-7.475045,-9.990904,-8.963891,-7.214927,2.091335,0.030902,-7.475045,1.193718,1778.37,1,1778.37
9.242636,266.1328,-341.718750,-18.496754,-10.027684,-10.690110,-18.236635,2.585738,-1.695317,-18.496754,1.688121,1872.76,1,1872.76
9.244893,263.3203,-344.531250,-4.026197,-10.054980,-9.396045,-3.766079,1.783680,-0.401252,-4.026197,0.886063,1941.75,1,1941.75
9.247149,260.6836,-347.167969,9.866158,-10.043592,-7.741651,10.126276,-0.683545,1.253142,9.866158,-1.581161,1995.51,1,1995.51
9.249412,258.0469,-349.804687,4.286471,-10.028430,-8.221688,4.546589,-1.104924,0.773105,4.286471,-2.002541,1997.53,1,1997.53
9.251666,255.1465,-352.705078,-0.761703,-10.030699,-9.604341,-0.501585,0.961272,-0.609548,-0.761703,0.063655,1972.37,1,1972.37
9.253923,252.1582,-355.693359,3.857908,-10.027211,-8.876503,4.118027,0.588974,0.118290,3.857908,-0.308643,1920.37,1,1920.37
9.256180,249.4336,-358.417969,4.122468,-10.017503,-8.890868,4.382586,0.119710,0.103925,4.122468,-0.777907,1793.64,1,1793.64
9.258442,246.0937,-361.757812,-4.634325,-10.022017,-9.900024,-4.374207,1.843535,-0.905231,-4.634325,0.945918,1678.29,1,1678.29
9.260699,243.0176,-364.833984,-6.145066,-10.040442,-9.279925,-5.884948,1.956063,-0.285132,-6.145066,1.058446,1540.06,1,1540.06
9.268795,233.7012,-374.150391,11.600757,-9.946523,-8.084022,11.860875,1.454478,0.910771,11.600757,0.556861,799.82,1,799.82
9.270853,232.5586,-375.292969,7.969950,-9.927511,-9.501390,8.230068,2.302025,-0.506597,7.969950,1.404408,580.36,1,580.36
9.273123,231.5039,-376.347656,13.933907,-9.902372,-9.890448,14.194025,1.262941,-0.895655,13.933907,0.365324,237.44,1,237.44
9.275380,231.9434,-375.908203,9.878129,-9.875284,-8.239645,10.138247,0.050278,0.755148,9.878129,-0.847339,4.05,1,4.05
9.277634,231.8555,-375.996094,7.378582,-9.848032,-8.068460,7.638700,0.274136,0.926333,7.378582,-0.623481,229.57,-1,-229.57
9.279890,232.1191,-375.732422,3.683132,-9.838264,-10.594342,3.943250,1.006762,-1.599549,3.683132,0.109145,459.99,-1,-459.99
9.282155,232.2070,-375.644531,0.910647,-9.833255,-8.943541,1.170765,0.104148,0.051252,0.910647,-0.793469,792.89,-1,-792.89
9.284413,233.4375,-374.414062,-1.354268,-9.836355,-8.967483,-1.094150,0.879869,0.027310,-1.354268,-0.017748,1002.13,-1,-1002.13
9.286670,235.1953,-372.656250,12.822997,-9.816616,-7.964312,13.083116,1.722628,1.030481,12.822997,0.825011,1197.48,-1,-1197.48
9.288926,237.7441,-370.107422,10.916015,-9.791160,-9.709685,11.176133,3.639187,-0.714892,10.916015,2.741570,1376.47,-1,-1376.47
9.291187,240.1172,-367.734375,14.622239,-9.760177,-9.994595,14.882358,2.492364,-0.999802,14.622239,1.594747,1609.00,-1,-1609.00
9.293445,243.6328,-364.218750,7.673069,-9.739574,-8.756793,7.933187,-0.169988,0.238000,7.673069,-1.067605,1736.88,-1,-1736.88
9.295702,246.8848,-360.966797,12.108328,-9.713119,-7.131130,12.368446,-1.893813,1.863663,12.108328,-2.791430,1840.93,-1,-1840.93
9.297957,250.2246,-357.626953,4.826364,-9.693646,-9.303867,5.086482,0.386664,-0.309074,4.826364,-0.510953,1919.73,-1,-1919.73
9.300218,253.0371,-354.814453,-0.351098,-9.691929,-10.443508,-0.090980,2.999935,-1.448715,-0.351098,2.102318,1988.28,-1,-1988.28
9.302475,255.9375,-351.914062,-2.308358,-9.696569,-10.031705,-2.048239,2.421735,-1.036912,-2.308358,1.524118,1999.92,-1,-1999.92
9.304732,258.9258,-348.925781,-3.175059,-9.703082,-9.107543,-2.914941,1.408988,-0.112750,-3.175059,0.511371,1984.07,-1,-1984.07
9.306989,261.4746,-346.376953,-2.374198,-9.709473,-8.318654,-2.114080,0.053870,0.676139,-2.374198,-0.843747,1940.92,-1,-1940.92
9.309254,264.0234,-343.828125,0.893887,-9.709625,-8.468291,1.154005,0.428562,0.526502,0.893887,-0.469055,1826.35,-1,-1826.35
9.311509,266.5723,-341.279297,3.398222,-9.703956,-9.427169,3.658340,0.824802,-0.432376,3.398222,-0.072814,1718.30,-1,-1718.30
9.313763,269.2969,-338.554687,2.076623,-9.697009,-9.058462,2.336741,0.942118,-0.063669,2.076623,0.044501,1586.52,-1,-1586.52
9.316019,271.9336,-335.917969,-0.904158,-9.696084,-9.182961,-0.644040,1.752556,-0.188168,-0.904158,0.854939,1348.43,-1,-1348.43
9.318281,274.1309,-333.720703,0.698760,-9.695668,-8.883685,0.958878,1.083376,0.111108,0.698760,0.185759,1165.99,-1,-1165.99
9.320536,275.8887,-331.962891,-3.073305,-9.696662,-9.070433,-2.813187,0.395043,-0.075640,-3.073305,-0.502574,967.42,-1,-967.42
9.322793,277.2949,-330.556641,-16.780109,-9.719082,-9.730036,-16.519991,0.673968,-0.735243,-16.780109,-0.223649,755.44,-1,-755.44
9.325052,277.7344,-330.117187,-15.731450,-9.756206,-9.709685,-15.471332,1.150414,-0.714892,-15.731450,0.252797,418.70,-1,-418.70
9.327316,278.4375,-329.414062,-12.460970,-9.787047,-8.981848,-12.200851,0.914585,0.012945,-12.460970,0.016968,186.38,-1,-186.38
9.329572,278.2617,-329.589844,-6.397654,-9.799403,-8.140285,-6.137536,0.197522,0.854507,-6.397654,-0.700095,48.75,1,48.75
9.331826,278.1738,-329.677734,-12.369990,-9.825109,-10.447099,-12.109872,2.454057,-1.452306,-12.369990,1.556440,283.09,1,283.09
9.334081,277.9980,-329.853516,-6.269564,-9.843653,-9.080010,-6.009446,1.668759,-0.085217,-6.269564,0.771142,626.30,1,626.30
9.336342,277.7344,-330.117187,3.780097,-9.842104,-8.711303,4.040215,1.461660,0.283490,3.780097,0.564043,845.19,1,845.19
9.338599,276.6797,-331.171875,-9.332946,-9.844912,-9.493010,-9.072827,0.028730,-0.498217,-9.332946,-0.868886,1052.26,1,1052.26
9.340857,275.4492,-332.402344,-13.613778,-9.873904,-9.658210,-13.353660,-0.480037,-0.663417,-13.613778,-1.377654,1244.81,1,1244.81
9.343115,273.5156,-334.335937,-7.101549,-9.895185,-8.019379,-6.841431,0.141258,0.975414,-7.101549,-0.756359,1500.63,1,1500.63
9.345378,271.6699,-336.181641,-9.139015,-9.913984,-8.541314,-8.878897,0.411803,0.453479,-9.139015,-0.485814,1645.65,1,1645.65
9.347632,269.1211,-338.730469,-8.748760,-9.932850,-10.064027,-8.488642,2.614468,-1.069234,-8.748760,1.716851,1767.85,1,1767.85
9.349888,266.1328,-341.718750,-15.484847,-9.960349,-10.035296,-15.224729,2.826355,-1.040504,-15.484847,1.928738,1865.56,1,1865.56
9.352145,263.4961,-344.355469,-10.327737,-9.988484,-9.733627,-10.067618,1.049857,-0.738834,-10.327737,0.152241,1963.31,1,1963.31
9.354405,260.6836,-347.167969,3.284497,-9.989552,-7.803900,3.544616,-1.084573,1.190893,3.284497,-1.982190,1994.54,1,1994.54
9.356660,258.0469,-349.804687,3.705877,-9.976500,-8.439561,3.965995,0.317232,0.555232,3.705877,-0.580385,1998.06,1,1998.06
9.358915,255.2344,-352.617187,0.428215,-9.972283,-10.485406,0.688333,0.964863,-1.490613,0.428215,0.067246,1973.81,1,1973.81
9.361172,252.4219,-355.429687,0.794528,-9.971171,-9.691729,1.054646,1.080982,-0.696936,0.794528,0.183365,1886.14,1,1886.14
9.363436,249.3457,-358.505859,0.506026,-9.968636,-8.719683,0.766145,1.188721,0.275110,0.506026,0.291104,1794.68,1,1794.68
9.365694,246.2695,-361.582031,-2.119216,-9.969742,-9.624691,-1.859098,0.312443,-0.629898,-2.119216,-0.585174,1678.24,1,1678.24
9.367950,243.3691,-364.482422,-5.457930,-9.979203,-9.390059,-5.197812,0.628478,-0.395267,-5.457930,-0.269139,1538.40,1,1538.40
9.370206,239.9414,-367.910156,-2.550172,-9.986702,-8.350976,-2.290054,0.688333,0.643817,-2.550172,-0.209284,1288.96,1,1288.96
9.372466,237.2168,-370.634766,3.289286,-9.985430,-9.151836,3.549404,0.984017,-0.157043,3.289286,0.086400,1099.74,1,1099.74
9.374722,235.1074,-372.744141,13.830956,-9.967684,-9.473856,14.091074,1.341950,-0.479063,13.830956,0.444333,895.14,1,895.14
9.376978,233.5254,-374.326172,13.067205,-9.935442,-8.409634,13.327324,1.404199,0.585159,13.067205,0.506582,677.94,1,677.94
9.379233,232.4707,-375.380859,6.228168,-9.919904,-9.664195,6.488286,2.118869,-0.669402,6.228168,1.221252,335.37,1,335.37
9.386872,231.9434,-375.908203,5.489557,-9.877969,-9.449914,5.749675,0.369904,-0.455121,5.489557,-0.527713,486.12,-1,-486.12
9.388930,232.1191,-375.732422,-0.078159,-9.875436,-10.077195,0.181959,2.389413,-1.082402,-0.078159,1.491796,711.89,-1,-711.89
9.391189,232.9980,-374.853516,-2.252094,-9.879991,-9.234436,-1.991976,1.629254,-0.239643,-2.252094,0.731637,1030.75,-1,-1030.75
9.393448,234.5801,-373.271484,14.969398,-9.865158,-8.057686,15.229517,0.026336,0.937107,14.969398,-0.871281,1225.96,-1,-1225.96
9.395717,237.2168,-370.634766,11.500200,-9.836038,-8.708909,11.760319,2.036268,0.285884,11.500200,1.138652,1404.18,-1,-1404.18
9.397972,239.5020,-368.349609,13.913555,-9.805920,-9.004593,14.173674,2.349909,-0.009800,13.913555,1.452292,1562.62,-1,-1562.62
9.400229,242.8418,-365.009766,8.239298,-9.784922,-9.756371,8.499416,1.948880,-0.761579,8.239298,1.051263,1758.67,-1,-1758.67
9.402488,246.1816,-361.669922,15.147766,-9.758386,-7.870938,15.407885,-1.525106,1.123855,15.147766,-2.422723,1858.96,-1,-1858.96
9.404750,249.4336,-358.417969,5.807986,-9.732907,-8.344990,6.068104,0.063446,0.649803,5.807986,-0.834171,1933.16,-1,-1933.16
9.407005,252.4219,-355.429687,-3.103233,-9.732600,-10.114305,-2.843115,2.808398,-1.119513,-3.103233,1.910782,1993.37,-1,-1993.37
9.409261,255.0586,-352.792969,-4.622354,-9.743475,-10.078392,-4.362236,2.522291,-1.083599,-4.622354,1.624675,1998.62,-1,-1998.62
9.411519,258.1348,-349.716797,0.373148,-9.745262,-8.552089,0.633266,0.797269,0.442704,0.373148,-0.100348,1975.77,-1,-1975.77
9.413781,260.9473,-346.904297,-0.112875,-9.744455,-8.719683,0.147243,0.565032,0.275110,-0.112875,-0.332585,1925.15,-1,-1925.15
9.416034,263.5840,-344.267578,-3.635943,-9.750787,-9.354146,-3.375824,0.845153,-0.359353,-3.635943,-0.052464,1798.75,-1,-1798.75
9.418289,266.0449,-341.806641,1.401458,-9.752289,-8.900445,1.661576,1.452083,0.094348,1.401458,0.554466,1682.56,-1,-1682.56
9.420546,268.5937,-339.257812,4.825166,-9.738770,-9.179369,5.085284,0.130484,-0.184576,4.825166,-0.767133,1542.63,-1,-1542.63
9.422805,271.1426,-336.708984,-0.231388,-9.734097,-9.738416,0.028730,0.934936,-0.743623,-0.231388,0.037319,1380.98,-1,-1380.98
9.425061,273.6035,-334.248047,-2.429265,-9.738318,-8.759187,-2.169147,1.934515,0.235606,-2.429265,1.036898,1102.73,-1,-1102.73
9.427316,274.9219,-332.929687,-4.258435,-9.746504,-8.737639,-3.998317,1.705869,0.257154,-4.258435,0.808252,897.14,-1,-897.14
9.429572,276.3281,-331.523437,-13.040367,-9.774614,-10.157401,-12.780249,0.178368,-1.162608,-13.040367,-0.719249,678.90,-1,-678.90
9.431834,276.9434,-330.908203,-8.074793,-9.796265,-8.321048,-7.814674,-0.464475,0.673745,-8.074793,-1.362092,451.08,-1,-451.08
9.434089,277.7344,-330.117187,-10.449841,-9.819814,-9.240421,-10.189722,1.989582,-0.245628,-10.449841,1.091965,98.26,-1,-98.26
9.436346,277.5586,-330.292969,-10.806577,-9.840824,-9.895236,-10.546458,1.659182,-0.900443,-10.806577,0.761565,139.38,1,139.38
9.438601,277.2949,-330.556641,-10.947835,-9.868292,-9.940725,-10.687716,1.898602,-0.945932,-10.947835,1.000985,375.17,1,375.17
9.440862,277.2949,-330.556641,-2.039010,-9.882475,-8.303091,-1.778892,0.790087,0.691702,-2.039010,-0.107530,605.66,1,605.66
9.443118,277.2070,-330.644531,3.553845,-9.877089,-7.960721,3.813963,-0.440533,1.034072,3.553845,-1.338150,934.52,1,934.52
9.445373,276.3281,-331.523437,-7.533703,-9.877768,-9.611523,-7.273585,1.374272,-0.616730,-7.533703,0.476655,1137.82,1,1137.82
9.447630,274.8340,-333.017578,-14.640891,-9.906011,-10.411186,-14.380773,0.651223,-1.416393,-14.640891,-0.246394,1325.07,1,1325.07
9.449894,272.8125,-335.039062,-13.518010,-9.936970,-8.756793,-13.257892,-1.122881,0.238000,-13.518010,-2.020497,1493.77,1,1493.77
9.452153,270.8789,-336.972656,-10.028461,-9.964100,-8.603564,-9.768343,0.661997,0.391229,-10.028461,-0.235620,1706.26,1,1706.26
9.454410,268.1543,-339.697266,-11.630182,-9.980371,-9.081207,-11.370064,2.161964,-0.086414,-11.630182,1.264347,1818.21,1,1818.21
9.456666,265.2539,-342.597656,-15.538716,-10.013004,-10.844537,-15.278598,2.811990,-1.849744,-15.538716,1.914373,1904.36,1,1904.36
9.458927,262.3535,-345.498047,-5.412440,-10.034746,-9.774328,-5.152322,1.268927,-0.779535,-5.412440,0.371310,1963.51,1,1963.51
9.461182,259.8926,-347.958984,5.163946,-10.027309,-7.393295,5.424064,-1.452083,1.601498,5.163946,-2.349700,1999.84,1,1999.84
9.463438,257.2559,-350.595703,2.657217,-10.019452,-9.145850,2.917335,0.976834,-0.151057,2.657217,0.079217,1988.62,1,1988.62
9.465695,254.0918,-353.759766,1.991629,-10.014586,-9.882068,2.251747,0.296881,-0.887275,1.991629,-0.600736,1949.14,1,1949.14
9.467959,251.2793,-356.572266,4.293653,-10.006833,-9.211691,4.553771,0.768539,-0.216898,4.293653,-0.129078,1881.97,1,1881.97
9.470217,248.3789,-359.472656,-0.785645,-10.004492,-8.464700,-0.525527,0.349553,0.530093,-0.785645,-0.548063,1731.40,1,1731.40
9.472474,245.4785,-362.373047,-4.935994,-10.014970,-9.362526,-4.675876,1.296460,-0.367733,-4.935994,0.398843,1599.88,1,1599.88
9.474730,242.0508,-365.800781,-1.214208,-10.022599,-9.540894,-0.954089,1.962048,-0.546101,-1.214208,1.064431,1445.63,1,1445.63
9.476992,238.7988,-369.052734,-0.659950,-10.023584,-9.071630,-0.399832,-0.047884,-0.076838,-0.659950,-0.945501,1270.69,1,1270.69
9.479248,236.4258,-371.425781,-1.129213,-10.026561,-8.749610,-0.869095,-0.009577,0.245183,-1.129213,-0.907194,975.11,1,975.11
9.481504,234.4043,-373.447266,17.146925,-10.002612,-8.354567,17.407043,1.383849,0.640226,17.146925,0.486232,760.08,1,760.08
9.483760,233.0859,-374.765625,11.568435,-9.968302,-9.677363,11.828553,1.765724,-0.682570,11.568435,0.868107,534.16,1,534.16
9.486021,232.2070,-375.644531,9.120364,-9.946947,-9.715671,9.380483,1.198298,-0.720878,9.120364,0.300681,181.95,1,181.95
9.488282,231.7676,-376.083984,7.646733,-9.925795,-7.846996,7.906851,0.490811,1.147797,7.646733,-0.406806,56.86,-1,-56.86
9.490539,231.9434,-375.908203,10.838203,-9.907819,-9.257181,11.098322,0.442927,-0.262388,10.838203,-0.454690,294.92,-1,-294.92
9.492794,232.1191,-375.732422,5.658349,-9.886467,-9.433155,5.918467,0.286107,-0.438362,5.658349,-0.611510,528.78,-1,-528.78
9.495052,232.2070,-375.644531,1.297310,-9.882100,-9.829395,1.557428,1.792060,-0.834602,1.297310,0.894443,864.55,-1,-864.55
9.497310,233.5254,-374.326172,5.233378,-9.880315,-8.989030,5.493496,0.673968,0.005763,5.233378,-0.223649,1073.66,-1,-1073.66
9.505505,243.1055,-364.746094,8.222538,-9.812931,-9.136273,8.482656,0.503979,-0.141480,8.222538,-0.393637,1730.34,-1,-1730.34
9.507563,246.2695,-361.582031,13.613083,-9.789733,-7.559692,13.873201,-1.387440,1.435101,13.613083,-2.285057,1837.77,-1,-1837.77
9.509832,249.6094,-358.242187,8.483506,-9.764864,-7.835025,8.743625,-0.410606,1.159768,8.483506,-1.308222,1918.91,-1,-1918.91
9.512087,252.5977,-355.253906,-1.928877,-9.763688,-10.162189,-1.668759,1.958457,-1.167397,-1.928877,1.060840,1988.77,-1,-1988.77
9.514343,255.3223,-352.529297,-4.493067,-9.776793,-9.813833,-4.232949,2.061408,-0.819040,-4.493067,1.163791,1999.81,-1,-1999.81
9.516602,258.2227,-349.628906,0.218722,-9.780663,-8.452729,0.478840,1.112107,0.542064,0.218722,0.214490,1982.16,-1,-1982.16
9.518865,260.9473,-346.904297,0.714322,-9.779353,-8.677784,0.974440,0.729034,0.317009,0.714322,-0.168582,1936.03,-1,-1936.03
9.521122,263.7598,-344.091797,-2.120413,-9.782469,-9.260772,-1.860295,0.294487,-0.265979,-2.120413,-0.603130,1815.00,-1,-1815.00
9.523377,266.3086,-341.542969,2.531521,-9.782571,-8.722076,2.791639,1.134852,0.272717,2.531521,0.237235,1701.45,-1,-1701.45
9.525632,268.6816,-339.169922,4.290062,-9.773700,-8.455123,4.550180,0.542287,0.539670,4.290062,-0.355330,1563.38,-1,-1563.38
9.527893,271.3184,-336.533203,1.654046,-9.768758,-9.442732,1.914164,0.988805,-0.447939,1.654046,0.091188,1402.73,-1,-1402.73
9.530148,273.5156,-334.335937,-0.088933,-9.767643,-9.294291,0.171185,1.213860,-0.299498,-0.088933,0.316243,1124.91,-1,-1124.91
9.532404,275.0098,-332.841797,-8.539268,-9.776948,-8.948329,-8.279149,0.826000,0.046464,-8.539268,-0.071617,918.70,-1,-918.70
9.534661,276.3281,-331.523437,-14.529561,-9.805681,-9.682152,-14.269443,0.709881,-0.687359,-14.529561,-0.187736,699.15,-1,-699.15
9.536924,277.1191,-330.732422,-10.248728,-9.829819,-8.596381,-9.988609,-0.475249,0.398412,-10.248728,-1.372866,469.57,-1,-469.57
9.539180,277.7344,-330.117187,-11.704403,-9.856658,-9.568427,-11.444284,1.698686,-0.573634,-11.704403,0.801069,113.58,-1,-113.58
9.541436,277.5586,-330.292969,-10.479769,-9.877580,-9.641450,-10.219650,1.710657,-0.646657,-10.479769,0.813040,126.69,1,126.69
9.543694,277.3828,-330.468750,-9.204856,-9.902959,-9.800665,-8.944737,1.984793,-0.805872,-9.204856,1.087176,365.07,1,365.07
9.545955,277.2949,-330.556641,-0.913735,-9.908456,-8.225280,-0.653617,0.523133,0.769513,-0.913735,-0.374484,598.19,1,598.19
9.548211,277.3828,-330.468750,1.705521,-9.905121,-8.368932,1.965640,-0.293290,0.625861,1.705521,-1.190907,930.99,1,930.99
9.550466,276.3281,-331.523437,-6.097182,-9.908467,-9.422380,-5.837064,1.561020,-0.427588,-6.097182,0.663403,1136.59,1,1136.59
9.552723,274.6582,-333.193359,-13.043959,-9.932408,-10.146626,-12.783840,0.815226,-1.151834,-13.043959,-0.082391,1325.87,1,1325.87
9.554987,272.7246,-335.126953,-13.896295,-9.961896,-9.205706,-13.636176,-0.624887,-0.210913,-13.896295,-1.522503,1495.99,1,1495.99
9.557248,270.7910,-337.060547,-7.609120,-9.992552,-8.554482,-7.349002,1.495179,0.440310,-7.609120,0.597562,1710.02,1,1710.02
9.559506,268.0664,-339.785156,-10.061980,-10.009645,-8.631097,-9.801862,1.426944,0.363696,-10.061980,0.529327,1822.22,1,1822.22
9.561760,265.1660,-342.685547,-15.035934,-10.040171,-10.884041,-14.775816,2.365471,-1.889248,-15.035934,1.467854,1908.03,1,1908.03
9.564021,262.3535,-345.498047,-5.430397,-10.059929,-9.928755,-5.170279,1.655591,-0.933962,-5.430397,0.757974,1984.71,1,1984.71
9.566277,259.6289,-348.222656,5.846293,-10.048450,-7.264008,6.106411,-1.096544,1.730785,5.846293,-1.994161,1999.99,1,1999.99
9.568532,257.1680,-350.683594,1.092606,-10.041321,-9.551667,1.352724,0.997185,-0.556874,1.092606,0.099568,1986.28,1,1986.28
9.570789,254.1797,-353.671875,-0.590518,-10.041322,-10.058042,-0.330400,1.035492,-1.063249,-0.590518,0.137875,1943.76,1,1943.76
9.573052,251.2793,-356.572266,4.042263,-10.035528,-8.963891,4.302381,1.066617,0.030902,4.042263,0.169000,1827.38,1,1827.38
9.575310,248.2031,-359.648437,0.920223,-10.027508,-8.973468,1.180341,0.080206,0.021325,0.920223,-0.817411,1716.34,1,1716.34
9.577566,245.3027,-362.548828,-7.848540,-10.034887,-10.064027,-7.588422,0.950498,-1.069234,-7.848540,0.052881,1580.35,1,1580.35
9.579823,242.0508,-365.800781,-6.179782,-10.052347,-9.405622,-5.919664,2.291251,-0.410829,-6.179782,1.393634,1421.26,1,1421.26
9.582084,239.0625,-368.789062,1.063875,-10.053253,-8.598776,1.323994,1.059434,0.396017,1.063875,0.161817,1144.84,1,1144.84
9.584340,237.0410,-370.810547,12.285499,-10.036682,-9.187749,12.545617,0.333991,-0.192956,12.285499,-0.563626,939.12,1,939.12
9.586594,235.2832,-372.568359,11.388870,-10.006645,-8.482656,11.648989,0.986411,0.512136,11.388870,0.088794,719.62,1,719.62
9.588851,234.3164,-373.535156,4.668346,-9.994123,-9.425972,4.928464,2.505532,-0.431179,4.668346,1.607915,489.58,1,489.58
9.591107,233.7891,-374.062500,16.178471,-9.964248,-8.817844,16.438589,0.591368,0.176949,16.178471,-0.306249,132.33,1,132.33
9.593368,233.9648,-373.886719,17.647314,-9.929892,-9.113529,17.907433,0.980426,-0.118736,17.647314,0.082809,109.22,-1,-109.22
9.595622,234.3164,-373.535156,1.039933,-9.906791,-9.324219,1.300052,1.137246,-0.329426,1.039933,0.239629,349.05,-1,-349.05
9.597878,234.2285,-373.623047,2.928958,-9.902534,-10.169372,3.189077,1.452083,-1.174579,2.928958,0.554466,583.92,-1,-583.92
9.600135,234.9316,-372.919922,0.103801,-9.902493,-8.626308,0.363919,-0.081403,0.368484,0.103801,-0.979020,919.26,-1,-919.26
9.602396,236.3379,-371.513672,8.804329,-9.893991,-8.123527,9.064447,0.162806,0.871266,8.804329,-0.734811,1126.79,-1,-1126.79
9.604652,238.1836,-369.667969,8.575683,-9.871403,-8.507795,8.835801,1.668759,0.486998,8.575683,0.771142,1317.91,-1,-1317.91
9.606907,240.5566,-367.294922,10.270778,-9.852777,-10.283096,10.530896,3.980360,-1.288303,10.270778,3.082743,1489.78,-1,-1489.78
9.609165,243.7207,-364.130859,11.640261,-9.822163,-9.099164,11.900379,0.278924,-0.104371,11.640261,-0.618692,1706.13,-1,-1706.13
9.611428,246.8848,-360.966797,14.155370,-9.793007,-7.353790,14.415488,-0.770933,1.641003,14.155370,-1.668550,1819.62,-1,-1819.62
9.613686,250.3125,-357.539062,8.724123,-9.768118,-7.547721,8.984241,-0.536301,1.447072,8.724123,-1.433918,1906.53,-1,-1906.53
9.615943,253.1250,-354.726562,2.057469,-9.759855,-9.923966,2.317587,0.967257,-0.929173,2.057469,0.069641,1965.54,-1,-1965.54
9.623529,262.6172,-345.234375,-5.316672,-9.800187,-8.918402,-5.056554,-0.193930,0.076391,-5.316672,-1.091547,1911.52,-1,-1911.52
9.625599,264.9902,-342.861328,-5.908040,-9.814782,-9.214086,-5.647922,0.882263,-0.219293,-5.908040,-0.015354,1826.38,-1,-1826.38
9.627855,267.4512,-340.400391,3.756155,-9.811871,-8.246828,4.016273,1.306037,0.747965,3.756155,0.408420,1714.45,-1,-1714.45
9.630112,270.0879,-337.763672,8.405695,-9.793203,-8.828619,8.665813,0.099359,0.166174,8.405695,-0.798257,1499.92,-1,-1499.92
9.632367,272.6367,-335.214844,0.332447,-9.783195,-9.654618,0.592565,1.417367,-0.659825,0.332447,0.519751,1328.85,-1,-1328.85
9.634627,274.6582,-333.193359,-4.738472,-9.789803,-9.405622,-4.478354,2.013524,-0.410829,-4.738472,1.115907,1138.31,-1,-1138.31
9.636886,276.2402,-331.611328,-10.038038,-9.808901,-8.957906,-9.777920,1.407791,0.036887,-10.038038,0.510174,930.95,-1,-930.95
9.639145,277.2949,-330.556641,-9.665740,-9.836237,-8.992621,-9.405622,-0.533907,0.002172,-9.665740,-1.431524,595.12,-1,-595.12
9.641401,277.9980,-329.853516,-10.561172,-9.857470,-8.704121,-10.301053,0.023942,0.290672,-10.561172,-0.873675,359.63,-1,-359.63
9.643660,278.4375,-329.414062,-12.894320,-9.884893,-9.378088,-12.634202,1.703475,-0.383295,-12.894320,0.805858,118.79,-1,-118.79
9.645914,278.0859,-329.765625,-10.246334,-9.908320,-10.013748,-9.986216,1.934515,-1.018955,-10.246334,1.036898,124.04,1,124.04
9.648168,277.9980,-329.853516,-3.852618,-9.930318,-9.726444,-3.592500,1.543063,-0.731651,-3.852618,0.645446,483.54,1,483.54
9.650424,277.9980,-329.853516,2.004797,-9.930760,-7.832631,2.264915,-0.142455,1.162162,2.004797,-1.040072,715.11,1,715.11
9.652685,277.9102,-329.941406,3.418573,-9.923899,-8.304289,3.678691,-0.140061,0.690504,3.418573,-1.037678,936.26,1,936.26
9.654939,276.9434,-330.908203,-5.511799,-9.929244,-9.160215,-5.251681,1.404199,-0.165422,-5.511799,0.506582,1143.59,1,1143.59
9.657197,275.0977,-332.753906,-12.714756,-9.957389,-9.467871,-12.454638,-0.284910,-0.473078,-12.714756,-1.182527,1422.08,1,1422.08
9.659454,273.1641,-334.687500,-16.748985,-9.991406,-9.251195,-16.488867,-0.080206,-0.256402,-16.748985,-0.977823,1582.21,1,1582.21
9.661718,270.9668,-336.884766,-6.995008,-10.014024,-8.365341,-6.734890,0.701501,0.629452,-6.995008,-0.196116,1718.94,1,1718.94
9.663972,268.3301,-339.521484,-7.981419,-10.027858,-8.677784,-7.721301,2.305616,0.317009,-7.981419,1.407999,1830.24,1,1830.24
9.666227,265.4297,-342.421875,-16.780109,-10.064241,-11.083957,-16.519991,1.914164,-2.089164,-16.780109,1.016547,1946.21,1,1946.21
9.668484,262.6172,-345.234375,-4.034577,-10.090216,-8.951921,-3.774459,1.025915,0.042872,-4.034577,0.128299,1987.73,1,1987.73
9.670748,259.9805,-347.871094,10.293523,-10.072999,-7.193379,10.553641,-0.545878,1.801414,10.293523,-1.443495,1999.88,1,1999.88
9.673003,257.3437,-350.507812,3.304848,-10.054656,-9.574412,3.564966,0.244209,-0.579619,3.304848,-0.653408,1962.66,1,1962.66
9.675259,254.4434,-353.408203,-1.713399,-10.053767,-10.002975,-1.453280,0.689530,-1.008182,-1.713399,-0.208087,1901.41,1,1901.41
9.677517,251.3672,-356.484375,-0.683892,-10.057043,-8.777143,-0.423774,1.388637,0.217649,-0.683892,0.491020,1811.97,1,1811.97
9.679781,248.5547,-359.296875,2.134084,-10.053384,-8.859743,2.394202,0.980426,0.135050,2.134084,0.082809,1695.69,1,1695.69
9.682037,245.4785,-362.373047,-5.145486,-10.056549,-9.929952,-4.885368,0.940921,-0.935159,-5.145486,0.043304,1474.65,1,1474.65
9.684292,242.4023,-365.449219,-4.637916,-10.068666,-9.230844,-4.377798,1.711854,-0.236052,-4.637916,0.814237,1299.49,1,1299.49
9.686548,239.5898,-368.261719,1.306887,-10.070823,-8.622718,1.567005,0.270545,0.372075,1.306887,-0.627072,1105.00,1,1105.00
9.688809,237.6562,-370.195312,10.482664,-10.054074,-8.678981,10.742783,0.281319,0.315812,10.482664,-0.616298,894.01,1,894.01
9.691064,235.9863,-371.865234,9.141912,-10.023014,-9.058462,9.402030,1.641225,-0.063669,9.141912,0.743608,553.65,1,553.65
9.693319,235.1074,-372.744141,8.590048,-10.006493,-10.058042,8.850166,2.296039,-1.063249,8.590048,1.398422,315.70,1,315.70
9.695577,235.1074,-372.744141,12.394435,-9.980537,-7.782352,12.654553,0.159214,1.212440,12.394435,-0.738402,72.93,1,72.93
9.697837,235.1953,-372.656250,18.948563,-9.941998,-8.237251,19.208681,0.681150,0.757542,18.948563,-0.216466,170.87,-1,-170.87
9.700093,235.3711,-372.480469,2.021556,-9.929437,-10.821792,2.281674,1.672350,-1.826999,2.021556,0.774733,530.85,-1,-530.85
9.702350,235.4590,-372.392578,-2.588479,-9.928567,-9.568427,-2.328361,0.721852,-0.573634,-2.588479,-0.175765,761.75,-1,-761.75
9.704609,236.7773,-371.074219,2.225063,-9.928918,-8.700529,2.485181,0.426168,0.294264,2.225063,-0.471449,981.48,-1,-981.48
9.706871,238.3594,-369.492187,16.684845,-9.898949,-7.864953,16.944963,-0.050278,1.129840,16.684845,-0.947895,1186.41,-1,-1186.41
9.709126,240.8203,-367.031250,6.307177,-9.879022,-10.530896,6.567295,3.386598,-1.536103,6.307177,2.488981,1459.92,-1,-1459.92
9.711382,243.4570,-364.394531,9.100013,-9.859325,-10.044873,9.360131,2.918532,-1.050080,9.100013,2.020915,1615.69,-1,-1615.69
9.713641,246.6211,-361.230469,13.403590,-9.834085,-8.093599,13.663709,0.488417,0.901194,13.403590,-0.409200,1747.35,-1,-1747.35
9.715904,249.9609,-357.890625,16.482534,-9.795965,-6.849811,16.742653,-1.158794,2.144982,16.482534,-2.056410,1852.97,-1,-1852.97
9.718159,253.1250,-354.726562,1.332026,-9.782144,-9.842564,1.592144,1.039083,-0.847771,1.332026,0.141467,1959.18,-1,-1959.18
9.720415,255.7617,-352.089844,-3.394128,-9.785176,-10.486604,-3.134010,2.624045,-1.491811,-3.394128,1.726428,1993.59,-1,-1993.59
9.722671,258.6621,-349.189453,-1.029854,-9.789843,-9.487024,-0.769736,2.055422,-0.492231,-1.029854,1.157805,1998.22,-1,-1998.22
9.724933,261.3867,-346.464844,-2.070135,-9.789916,-8.780735,-1.810017,0.620098,0.214058,-2.070135,-0.277519,1972.98,-1,-1972.98
9.727189,264.1992,-343.652344,-6.050495,-9.799223,-8.984241,-5.790377,-0.084994,0.010551,-6.050495,-0.982611,1879.99,-1,-1879.99
9.729446,266.6602,-341.191406,-2.091682,-9.810232,-8.877700,-1.831564,0.469264,0.117093,-2.091682,-0.428353,1782.61,-1,-1782.61
9.731702,269.2969,-338.554687,5.883404,-9.800706,-8.573636,6.143522,0.982820,0.421157,5.883404,0.085203,1658.55,-1,-1658.55
9.733960,271.7578,-336.093750,2.991208,-9.788290,-9.615114,3.251326,1.116895,-0.620321,2.991208,0.219278,1509.59,-1,-1509.59
9.741574,277.8223,-330.029297,-13.089448,-9.887940,-9.198523,-12.829329,-0.553061,-0.203730,-13.089448,-1.450677,714.33,-1,-714.33
9.743629,278.5254,-329.326172,-12.550753,-9.914243,-8.783129,-12.290634,-0.063446,0.211664,-12.550753,-0.961063,480.53,-1,-480.53
9.745887,279.0527,-328.798828,-14.877917,-9.947520,-8.942344,-14.617799,1.768118,0.052449,-14.877917,0.870501,239.46,-1,-239.46
9.748155,278.8770,-328.974609,-9.111483,-9.968757,-9.843760,-8.851364,1.052252,-0.848968,-9.111483,0.154635,127.73,1,127.73
9.750413,278.7891,-329.062500,-11.148948,-9.994542,-10.444705,-10.888829,2.166753,-1.449912,-11.148948,1.269136,371.02,1,371.02
9.752668,278.7012,-329.150391,-2.327511,-10.003823,-8.593987,-2.067393,1.063026,0.400805,-2.327511,0.165409,608.73,1,608.73
9.754925,278.7891,-329.062500,4.072190,-9.998414,-7.951144,4.332308,-0.855927,1.043649,4.072190,-1.753544,837.29,1,837.29
9.757185,277.9980,-329.853516,-4.047745,-9.996861,-9.373300,-3.787627,1.074997,-0.378507,-4.047745,0.177380,1155.70,1,1155.70
9.759441,276.5918,-331.259766,-14.223103,-10.019491,-9.909601,-13.962984,1.284489,-0.914808,-14.223103,0.386872,1346.90,1,1346.90
9.761700,274.3945,-333.457031,-13.023608,-10.048553,-9.107543,-12.763490,-0.339977,-0.112750,-13.023608,-1.237594,1517.86,1,1517.86
9.763959,272.1973,-335.654297,-9.393998,-10.078357,-8.741230,-9.133880,0.551863,0.253563,-9.393998,-0.345753,1666.03,1,1666.03
9.766220,269.7363,-338.115234,-14.609766,-10.103343,-8.820239,-14.349648,1.731008,0.174554,-14.609766,0.833391,1840.51,1,1840.51
9.768475,266.4844,-341.367187,-13.079871,-10.135132,-10.437522,-12.819753,2.499547,-1.442729,-13.079871,1.601930,1922.57,1,1922.57
9.770732,263.9355,-343.916016,-7.994586,-10.157098,-9.902418,-7.734468,2.164358,-0.907625,-7.994586,1.266742,1975.65,1,1975.65
9.772988,261.1230,-346.728516,6.977554,-10.147068,-7.947553,7.237672,-1.213860,1.047240,6.977554,-2.111477,1998.89,1,1998.89
9.775250,258.6621,-349.189453,3.879456,-10.135078,-8.797494,4.139575,0.232238,0.197299,3.879456,-0.665379,1977.20,1,1977.20
9.777508,255.8496,-352.001953,3.731016,-10.126637,-8.978256,3.991134,0.961272,0.016537,3.731016,0.063655,1925.31,1,1925.31
9.779765,252.8613,-354.990234,4.201477,-10.117023,-8.993818,4.461595,0.020351,0.000975,4.201477,-0.877266,1844.32,1,1844.32
9.782021,249.9609,-357.890625,-2.240123,-10.115421,-9.530120,-1.980005,1.635240,-0.535327,-2.240123,0.737623,1671.09,1,1671.09
9.784284,247.0605,-360.791016,-7.321816,-10.127375,-9.649830,-7.061698,1.927332,-0.655037,-7.321816,1.029716,1523.46,1,1523.46
9.786541,243.8965,-363.955078,-5.993034,-10.141873,-9.334992,-5.732916,1.568202,-0.340199,-5.993034,0.670585,1352.82,1,1352.82
9.788798,240.8203,-367.031250,-0.189489,-10.146788,-9.495404,0.070629,0.962469,-0.500611,-0.189489,0.064852,1161.69,1,1161.69
9.791054,238.7109,-369.140625,8.473929,-10.133636,-8.258799,8.734048,-0.377087,0.735994,8.473929,-1.274704,842.90,1,842.90
9.793315,237.3926,-370.458984,16.053972,-10.103718,-8.025364,16.314091,0.390255,0.969429,16.053972,-0.507362,613.63,1,613.63
9.795570,236.6016,-371.250000,12.419574,-10.074619,-9.498995,12.679692,2.653973,-0.504202,12.419574,1.756356,375.12,1,375.12
9.797826,236.0742,-371.777344,13.629843,-10.043878,-10.059238,13.889961,2.172738,-1.064445,13.629843,1.275121,130.80,1,130.80
9.800084,236.2500,-371.601562,13.718429,-10.019750,-8.682572,13.978547,0.958878,0.312221,13.718429,0.061261,238.35,-1,-238.35
9.802347,236.6895,-371.162109,5.869038,-9.994255,-7.220912,6.129156,-1.508347,1.773880,5.869038,-2.405964,480.69,-1,-480.69
9.804602,236.6016,-371.250000,-0.291243,-9.992787,-9.697714,-0.031125,0.972046,-0.702921,-0.291243,0.074429,715.79,-1,-715.79
9.806858,237.2168,-370.634766,-1.112454,-9.999724,-9.824607,-0.852336,1.921347,-0.829814,-1.112454,1.023730,940.13,-1,-940.13
9.809115,238.5352,-369.316406,14.148188,-9.983653,-8.385692,14.408306,0.287304,0.609101,14.148188,-0.610313,1248.89,-1,-1248.89
9.811376,241.1719,-366.679687,9.807500,-9.956985,-9.035717,10.067618,1.617283,-0.040924,9.807500,0.719666,1431.65,-1,-1431.65
9.813632,243.5449,-364.306641,13.275501,-9.930415,-9.756371,13.535620,3.049016,-0.761579,13.275501,2.151399,1592.68,-1,-1592.68
9.815890,247.0605,-360.791016,16.109039,-9.899482,-8.383297,16.369158,0.198719,0.611496,16.109039,-0.698898,1729.48,-1,-1729.48
9.818147,250.3125,-357.539062,15.141781,-9.860628,-7.022193,15.401899,-1.680730,1.972600,15.141781,-2.578346,1884.91,-1,-1884.91
9.820408,253.3008,-354.550781,5.742146,-9.840158,-9.168595,6.002264,0.575805,-0.173802,5.742146,-0.321811,1952.92,-1,-1952.92
9.822666,256.3770,-351.474609,-3.917261,-9.842738,-9.913192,-3.657143,1.977611,-0.918399,-3.917261,1.079994,1991.19,-1,-1991.19
9.824923,258.9258,-348.925781,-2.776424,-9.855066,-9.223662,-2.516306,1.630451,-0.228869,-2.776424,0.732834,1999.12,-1,-1999.12
9.827182,261.7383,-346.113281,-0.442077,-9.858111,-8.799889,-0.181959,0.372298,0.194904,-0.442077,-0.525319,1953.95,-1,-1953.95
9.829444,264.5508,-343.300781,-2.039010,-9.860798,-8.845378,-1.778892,0.065841,0.149415,-2.039010,-0.831776,1886.39,-1,-1886.39
9.831699,267.0117,-340.839844,-5.011411,-9.871570,-9.554062,-4.751293,1.435324,-0.559269,-5.011411,0.537707,1790.06,-1,-1790.06
9.833956,269.4727,-338.378906,4.731792,-9.868810,-8.866926,4.991910,0.954089,0.127867,4.731792,0.056473,1666.40,-1,-1666.40
9.836215,272.1094,-335.742187,8.348234,-9.853378,-8.469488,8.608353,0.319626,0.525305,8.348234,-0.577991,1433.73,-1,-1433.73
9.838474,274.4824,-333.369141,3.503567,-9.841338,-8.602366,3.763685,0.900220,0.392426,3.503567,0.002603,1250.69,-1,-1250.69
9.840728,276.5918,-331.259766,-4.098023,-9.847054,-9.514558,-3.837905,1.479617,-0.519765,-4.098023,0.582000,1048.54,-1,-1048.54
9.842987,277.9980,-329.853516,-11.980933,-9.866795,-8.905233,-11.720815,0.707487,0.089560,-11.980933,-0.190130,830.24,-1,-830.24
9.845245,278.6133,-329.238281,-8.983393,-9.891816,-9.045294,-8.723274,0.489614,-0.050501,-8.983393,-0.408003,480.08,-1,-480.08
9.847505,279.1406,-328.710937,-18.975594,-9.926936,-8.790312,-18.715475,-0.359130,0.204481,-18.975594,-1.256747,236.58,-1,-236.58
9.849760,278.9648,-328.886719,-14.789331,-9.963361,-9.818622,-14.529213,1.274912,-0.823829,-14.789331,0.377295,10.55,1,10.55
9.852016,278.7891,-329.062500,-7.349349,-9.996454,-10.457873,-7.089231,2.683900,-1.463080,-7.349349,1.786283,379.81,1,379.81
9.860238,276.6797,-331.171875,-10.135003,-10.079774,-8.991425,-9.874885,-0.987608,0.003368,-10.135003,-1.885225,1268.21,1,1268.21
9.862309,274.9219,-332.929687,-3.940006,-10.090042,-7.997831,-3.679888,-1.804031,0.996962,-3.940006,-2.701648,1449.82,1,1449.82
9.864567,272.9883,-334.863281,-13.359993,-10.114348,-8.288726,-13.099874,0.678756,0.706067,-13.359993,-0.218861,1609.08,1,1609.08
9.866823,270.4395,-337.412109,-15.676383,-10.148145,-10.307038,-15.416265,2.285265,-1.312245,-15.676383,1.387649,1743.72,1,1743.72
9.869080,267.4512,-340.400391,-15.234653,-10.183906,-10.376471,-14.974535,1.883040,-1.381678,-15.234653,0.985423,1894.86,1,1894.86
9.871342,264.8145,-343.037109,-7.054862,-10.207195,-9.346964,-6.794744,1.825579,-0.352171,-7.054862,0.927962,1959.49,1,1959.49
9.873598,262.1777,-345.673828,2.283721,-10.207367,-8.176199,2.543839,0.165200,0.818594,2.283721,-0.732417,1994.00,1,1994.00
9.875855,259.5410,-348.310547,2.624895,-10.199238,-9.060856,2.885013,0.954089,-0.066063,2.624895,0.056473,1997.82,1,1997.82
9.878113,256.6406,-351.210937,3.134860,-10.193267,-9.376891,3.394978,0.360327,-0.382098,3.134860,-0.537290,1945.97,1,1945.97
9.880376,253.7402,-354.111328,6.103670,-10.181930,-9.058462,6.363788,0.196325,-0.063669,6.103670,-0.701292,1873.78,1,1873.78
9.882634,251.1035,-356.748047,2.192741,-10.173495,-8.445546,2.452860,0.306458,0.549247,2.192741,-0.591159,1772.66,1,1772.66
9.884890,247.9395,-359.912109,-5.102391,-10.181118,-9.599552,-4.842273,1.177947,-0.604759,-5.102391,0.280330,1644.20,1,1644.20
9.887148,244.7754,-363.076172,-5.677000,-10.194459,-9.738416,-5.416882,1.435324,-0.743623,-5.677000,0.537707,1404.64,1,1404.64
9.889411,241.8750,-365.976562,-0.153576,-10.197711,-9.062054,0.106542,1.333570,-0.067261,-0.153576,0.435953,1217.25,1,1217.25
9.891666,239.6777,-368.173828,2.240625,-10.194089,-8.828619,2.500744,0.439336,0.166174,2.240625,-0.458281,1011.01,1,1011.01
9.893921,237.8320,-370.019531,13.628646,-10.168128,-8.232463,13.888764,0.262165,0.762330,13.628646,-0.635452,789.15,1,789.15
9.896178,236.6895,-371.162109,7.566527,-10.143909,-9.633071,7.826645,1.622072,-0.638278,7.566527,0.724455,434.49,1,434.49
9.898441,235.8984,-371.953125,14.544428,-10.117921,-9.336189,14.804546,1.580173,-0.341396,14.544428,0.682556,188.80,1,188.80
9.900696,236.2500,-371.601562,17.154108,-10.084312,-8.866926,17.414227,1.502362,0.127867,17.154108,0.604745,59.75,-1,-59.75
9.902954,236.4258,-371.425781,6.225774,-10.052765,-8.352173,6.485892,0.131681,0.642620,6.225774,-0.765936,307.56,-1,-307.56
9.905210,236.4258,-371.425781,1.510394,-10.047250,-10.629059,1.770512,1.651999,-1.634266,1.510394,0.754382,669.16,-1,-669.16
9.907473,237.0410,-370.810547,-2.776424,-10.050903,-8.895657,-2.516306,0.604536,0.099136,-2.776424,-0.293081,898.04,-1,-898.04
9.909729,238.5352,-369.316406,13.571185,-10.040168,-8.049306,13.831304,-0.470461,0.945487,13.571185,-1.368078,1113.23,-1,-1113.23
9.911985,240.6445,-367.207031,8.161486,-10.013021,-9.242816,8.421604,1.424550,-0.248023,8.161486,0.526933,1311.00,-1,-1311.00
9.914241,242.8418,-365.009766,10.170221,-9.993142,-10.644621,10.430340,3.940856,-1.649828,10.170221,3.043239,1568.85,-1,-1568.85
9.916503,246.0059,-361.845703,11.251204,-9.967025,-9.414001,11.511322,2.687491,-0.419209,11.251204,1.789875,1710.94,-1,-1710.94
9.918762,249.3457,-358.505859,15.151358,-9.935258,-7.235278,15.411476,-1.454478,1.759515,15.151358,-2.352094,1826.42,-1,-1826.42
9.921019,252.4219,-355.429687,7.777217,-9.908996,-8.007407,8.037335,-0.711078,0.987386,7.777217,-1.608695,1946.14,-1,-1946.14
9.923275,255.2344,-352.617187,-0.182307,-9.902573,-9.647436,0.077812,1.762132,-0.652643,-0.182307,0.864516,1988.37,-1,-1988.37
9.925536,258.2227,-349.628906,-1.944439,-9.907702,-10.317812,-1.684321,2.790442,-1.323019,-1.944439,1.892825,1999.71,-1,-1999.71
9.927794,260.9473,-346.904297,-1.223784,-9.908142,-9.277532,-0.963666,0.718261,-0.282739,-1.223784,-0.179356,1979.97,-1,-1979.97
9.930052,263.6719,-344.179687,-5.806286,-9.915835,-9.028535,-5.546168,0.824802,-0.033742,-5.806286,-0.072814,1892.82,-1,-1892.82
9.932309,266.1328,-341.718750,-4.561301,-9.928102,-8.607155,-4.301183,0.618901,0.387638,-4.561301,-0.278716,1797.68,-1,-1797.68
9.934570,268.5937,-339.257812,1.979658,-9.927027,-8.820239,2.239776,0.865504,0.174554,1.979658,-0.032113,1674.54,-1,-1674.54
9.936825,271.1426,-336.708984,6.311965,-9.913026,-9.035717,6.572083,0.535104,-0.040924,6.311965,-0.362513,1525.25,-1,-1525.25
9.939080,273.6914,-334.160156,1.110562,-9.904699,-8.938752,1.370680,1.440112,0.056041,1.110562,0.542495,1257.56,-1,-1257.56
9.941335,275.9766,-331.875000,-3.663476,-9.910425,-9.192537,-3.403358,1.537078,-0.197744,-3.663476,0.639461,1053.96,-1,-1053.96
9.943595,277.3828,-330.468750,-3.922050,-9.919392,-9.330204,-3.661932,1.824382,-0.335411,-3.922050,0.926765,833.93,-1,-833.93
9.945855,278.2617,-329.589844,-12.255069,-9.941766,-9.554062,-11.994950,0.262165,-0.559269,-12.255069,-0.635452,600.78,-1,-600.78
9.948113,278.8770,-328.974609,-19.471193,-9.976727,-8.655039,-19.211075,-1.717840,0.339754,-19.471193,-2.615457,234.54,-1,-234.54
9.950369,278.9648,-328.886719,-11.564342,-10.011184,-9.074024,-11.304223,1.399411,-0.079231,-11.564342,0.501794,14.98,1,14.98
9.952628,278.8770,-328.974609,-9.713624,-10.029661,-9.646238,-9.453506,2.036268,-0.651445,-9.713624,1.138652,264.38,1,264.38
9.954883,278.6133,-329.238281,-7.381671,-10.048473,-10.870872,-7.121553,1.778892,-1.876080,-7.381671,0.881275,509.84,1,509.84
9.957139,278.7012,-329.150391,0.721505,-10.058014,-9.103952,0.981623,1.746570,-0.109159,0.721505,0.848953,861.61,1,861.61
9.959394,277.9102,-329.941406,4.345129,-10.046826,-7.022193,4.605247,-0.433351,1.972600,4.345129,-1.330967,1080.12,1,1080.12
9.961655,276.5918,-331.259766,-12.322106,-10.063115,-10.168175,-12.061988,-0.240617,-1.173382,-12.322106,-1.138234,1281.97,1,1281.97
9.963914,274.3945,-333.457031,-16.747789,-10.094645,-9.028535,-16.487671,0.129287,-0.033742,-16.747789,-0.768330,1463.61,1,1463.61
9.966172,272.2852,-335.566406,-13.054732,-10.129107,-9.105149,-12.794614,1.956063,-0.110356,-13.054732,1.058446,1692.35,1,1692.35
9.968430,269.6484,-338.203125,-8.409981,-10.147590,-8.269572,-8.149862,0.961272,0.725221,-8.409981,0.063655,1812.34,1,1812.34
9.970694,266.7480,-341.103516,-12.271829,-10.173660,-10.433931,-12.011710,1.970428,-1.439138,-12.271829,1.072811,1903.82,1,1903.82
9.978282,257.8711,-349.980469,4.621659,-10.138586,-8.459911,4.881777,0.330400,0.534882,4.621659,-0.567217,1964.01,1,1964.01
9.980339,255.0586,-352.792969,0.759812,-10.135450,-10.479421,1.019930,1.520318,-1.484628,0.759812,0.622701,1901.34,1,1901.34
9.982599,252.1582,-355.693359,1.310478,-10.132174,-8.613141,1.570596,0.919373,0.381652,1.310478,0.021757,1808.76,1,1808.76
9.984871,249.4336,-358.417969,-0.460034,-10.131166,-8.412027,-0.199916,1.115698,0.582766,-0.460034,0.218081,1687.75,1,1687.75
9.987129,246.4453,-361.406250,-2.489120,-10.134571,-9.203311,-2.229002,0.056264,-0.208518,-2.489120,-0.841353,1457.14,1,1457.14
9.989387,243.1934,-364.658203,-3.427647,-10.142007,-9.556456,-3.167529,0.861913,-0.561663,-3.427647,-0.035704,1274.13,1,1274.13
9.991644,240.3809,-367.470703,-0.803602,-10.146926,-9.358934,-0.543484,0.932542,-0.364141,-0.803602,0.034925,1071.11,1,1071.11
9.993904,238.5352,-369.316406,11.473864,-10.136951,-8.461109,11.733982,0.640449,0.533684,11.473864,-0.257168,851.18,1,851.18
9.996160,237.6562,-370.195312,14.124246,-10.105563,-8.391677,14.384364,1.898602,0.603116,14.124246,1.000985,497.13,1,497.13
9.998416,236.6016,-371.250000,15.713995,-10.073322,-10.232818,15.974113,1.990779,-1.238025,15.713995,1.093162,250.46,1,250.46
