t_s,enc_deg,acc_deg,a_belt,v_belt,a_raw_x,a_raw_y,a_raw_z,a_lin_x,a_lin_y,a_lin_z,cmd_sps,cmd_dir,cmd_vel
0.002240,162.5977,-0.791016,-0.115523,-0.012649,-9.082404,0.130484,0.877475,-0.087989,-0.115523,0.007798,2500.00,1,2500.00
0.004492,156.1816,-7.207031,-12.120050,-0.023931,-9.515755,-11.874043,1.349133,-0.521339,-12.120050,0.479456,2500.00,1,2500.00
0.006751,148.7988,-14.589844,-19.859306,-0.064327,-9.959879,-19.613300,0.877475,-0.965464,-19.859306,0.007798,2500.00,1,2500.00
0.009011,141.7676,-21.621094,-19.859306,-0.109190,-9.771935,-19.613300,-1.083376,-0.777519,-19.859306,-1.953053,2500.00,1,2500.00
0.011282,134.7363,-28.652344,-15.797544,-0.152016,-6.478710,-15.551538,-0.973243,2.515706,-15.797544,-1.842920,2500.00,1,2500.00
0.013537,128.8477,-34.541016,-10.128075,-0.181652,-11.580753,-9.882068,2.582147,-2.586338,-10.128075,1.712470,2500.00,1,2500.00
0.015791,123.4863,-39.902344,-2.398394,-0.189003,-9.113529,-2.152387,0.635661,-0.119114,-2.398394,-0.234016,2500.00,1,2500.00
0.018047,118.3008,-45.087891,0.001793,-0.193340,-8.293514,0.247800,1.680730,0.700901,0.001793,0.811053,2500.00,1,2500.00
0.020309,113.4668,-49.921875,14.138357,-0.169207,-10.405201,14.384364,0.292093,-1.410786,14.138357,-0.577584,2500.00,1,2500.00
0.022568,109.2480,-54.140625,14.220957,-0.134030,-8.547300,14.466964,0.644040,0.447115,14.220957,-0.225636,2500.00,1,2500.00
0.024826,104.6777,-58.710937,0.900816,-0.124722,-9.848549,1.146823,4.170700,-0.854134,0.900816,3.301023,2500.00,1,2500.00
0.027083,100.1953,-63.193359,-5.264253,-0.135379,-7.693767,-5.018247,-1.751359,1.300648,-5.264253,-2.621035,2500.00,1,2500.00
0.029343,96.1523,-67.236328,-5.022439,-0.147677,-7.836222,-4.776433,-0.946907,1.158193,-5.022439,-1.816584,2500.00,1,2500.00
0.031599,91.7578,-71.630859,-4.483744,-0.158471,-8.440758,-4.237737,2.244564,0.553658,-4.483744,1.374887,2500.00,1,2500.00
0.033855,87.8027,-75.585937,-2.202070,-0.164476,-10.675745,-1.956063,1.920150,-1.681330,-2.202070,1.050473,2500.00,1,2500.00
0.036112,83.6719,-79.716797,-1.511342,-0.169125,-11.280281,-1.265336,1.200692,-2.285866,-1.511342,0.331015,2500.00,1,2500.00
0.038374,79.5410,-83.847656,-0.642247,-0.171571,-8.984241,-0.396240,-0.033519,0.010174,-0.642247,-0.903196,2500.00,1,2500.00
0.040628,75.4980,-87.890625,3.032852,-0.168078,-7.080852,3.278859,0.102951,1.913564,3.032852,-0.766726,2500.00,1,2500.00
0.042884,71.2793,-92.109375,4.026446,-0.158933,-7.235278,4.272453,1.550246,1.759138,4.026446,0.680569,2500.00,1,2500.00
0.045141,67.3242,-96.064453,0.472254,-0.153037,-9.096769,0.718261,1.259350,-0.102354,0.472254,0.389673,2500.00,1,2500.00
0.047402,63.1055,-100.283203,-1.510145,-0.154323,-9.463082,-1.264138,1.195904,-0.468667,-1.510145,0.326227,2500.00,1,2500.00
0.049658,58.9746,-104.414062,-2.021307,-0.158749,-10.037690,-1.775301,0.353145,-1.043275,-2.021307,-0.516532,2500.00,1,2500.00
0.051916,54.4922,-108.896484,-1.158198,-0.161634,-10.496181,-0.912191,0.754174,-1.501765,-1.158198,-0.115503,2500.00,1,2500.00
0.054173,50.0098,-113.378906,-5.143346,-0.167921,-9.023746,-4.897339,0.000000,-0.029331,-5.143346,-0.869677,2500.00,1,2500.00
0.056435,45.4395,-117.949219,-5.891534,-0.181496,-8.769960,-5.645528,0.089783,0.224455,-5.891534,-0.779894,2500.00,1,2500.00
0.058692,40.9570,-122.431641,0.693717,-0.186114,-7.885303,0.939724,0.934936,1.109112,0.693717,0.065259,2500.00,1,2500.00
0.060948,36.5625,-126.826172,6.717529,-0.173039,-8.596381,6.963536,2.250550,0.398034,6.717529,1.380873,2500.00,1,2500.00
0.063204,31.6406,-131.748047,2.047638,-0.162561,-9.937134,2.293645,1.853112,-0.942719,2.047638,0.983435,2500.00,1,2500.00
0.065463,26.9824,-136.406250,-1.116299,-0.162340,-9.074024,-0.870292,1.663970,-0.079609,-1.116299,0.794293,2500.00,1,2500.00
0.067722,22.0605,-141.328125,-1.684922,-0.165784,-8.589199,-1.438915,-0.381875,0.405216,-1.684922,-1.251552,2500.00,1,2500.00
0.069979,17.3145,-146.074219,-0.807447,-0.168255,-8.827422,-0.561440,-0.951695,0.166993,-0.807447,-1.821372,2500.00,1,2500.00
0.072233,12.0410,-151.347656,-3.597889,-0.174233,-9.421184,-3.351882,0.956484,-0.426768,-3.597889,0.086807,2500.00,1,2500.00
0.081975,350.6836,-172.705078,1.414372,-0.160454,-8.564059,1.660379,-0.444124,0.430356,1.414372,-1.313801,2500.00,1,2500.00
0.084229,345.8496,-177.539062,1.428738,-0.158408,-8.568848,1.674744,0.963666,0.425568,1.428738,0.093989,2500.00,1,2500.00
0.086485,341.1035,-182.285156,0.115518,-0.155983,-9.145850,0.361524,1.669956,-0.151435,0.115518,0.800279,2500.00,1,2500.00
0.088741,336.5332,-186.855469,-0.882864,-0.157721,-9.521740,-0.636858,2.357092,-0.527325,-0.882864,1.487415,2500.00,1,2500.00
0.091013,331.5234,-191.865234,-1.959058,-0.161047,-9.218874,-1.713051,0.605733,-0.224459,-1.959058,-0.263944,2500.00,1,2500.00
0.093270,326.8652,-196.523437,-3.476982,-0.167570,-8.541314,-3.230975,-0.418985,0.453101,-3.476982,-1.288662,2500.00,1,2500.00
0.095526,322.2949,-201.093750,0.599147,-0.171315,-8.045714,0.845153,0.317232,0.948701,0.599147,-0.552445,2500.00,1,2500.00
0.097782,317.8125,-205.576172,3.210023,-0.164648,-9.075222,3.456030,0.669179,-0.080807,3.210023,-0.200497,2500.00,1,2500.00
0.123562,309.8145,-213.574219,-6.298548,-0.327031,-11.435905,-6.052542,1.956063,-2.441489,-6.298548,1.086386,0.00,1,0.00
0.125819,309.8145,-213.574219,-0.447120,-0.332568,-10.684125,-0.201113,-0.995988,-1.689710,-0.447120,-1.865665,0.00,1,0.00
0.128074,309.9902,-213.398437,7.104193,-0.320464,-7.439982,7.350199,-1.229423,1.554433,7.104193,-2.099099,0.00,1,0.00
0.130328,309.9023,-213.486328,6.297347,-0.304913,-9.483433,6.543353,-0.311246,-0.489017,6.297347,-1.180923,0.00,1,0.00
0.132582,309.9023,-213.486328,5.514443,-0.291967,-9.337387,5.760449,2.701857,-0.342972,5.514443,1.832180,0.00,1,0.00
0.134842,309.9902,-213.398437,4.944623,-0.280189,-8.726865,5.190629,2.699462,0.267550,4.944623,1.829786,0.00,1,0.00
0.137099,310.0781,-213.310547,0.187344,-0.275601,-8.202535,0.433351,0.738611,0.791881,0.187344,-0.131066,0.00,1,0.00
0.139356,310.0781,-213.310547,-3.052011,-0.278967,-8.459911,-2.806004,-0.332794,0.534504,-3.052011,-1.202471,0.00,1,0.00
0.141613,310.1660,-213.222656,-5.140952,-0.289667,-9.640253,-4.894945,0.556652,-0.645838,-5.140952,-0.313025,0.00,1,0.00
0.150691,309.9023,-213.486328,5.614999,-0.238694,-8.062474,5.861006,0.940921,0.931941,5.614999,0.071244,0.00,1,0.00
0.158325,310.0781,-213.310547,-2.161368,-0.255194,-10.234015,-1.915361,1.392228,-1.239600,-2.161368,0.522551,0.00,1,0.00
0.160382,309.9902,-213.398437,-4.672885,-0.263634,-9.940725,-4.426879,1.482011,-0.946310,-4.672885,0.612334,0.00,1,0.00
0.162636,309.9902,-213.398437,-3.220802,-0.272110,-9.210494,-2.974796,-0.264559,-0.216079,-3.220802,-1.134236,0.00,1,0.00
0.164903,309.9902,-213.398437,-0.386067,-0.275228,-8.595184,-0.140061,-0.079009,0.399231,-0.386067,-0.948685,0.00,1,0.00
0.167158,309.9023,-213.486328,0.316631,-0.275293,-8.435969,0.562637,1.018733,0.558446,0.316631,0.149056,0.00,1,0.00
0.169413,310.0781,-213.310547,1.835752,-0.273085,-9.113529,2.081758,1.890222,-0.119114,1.835752,1.020545,0.00,1,0.00
0.171669,309.9023,-213.486328,3.825333,-0.265453,-9.489418,4.071340,1.960851,-0.495003,3.825333,1.091174,0.00,1,0.00
0.173928,310.0781,-213.310547,2.688087,-0.257210,-8.945934,2.934094,1.052252,0.048481,2.688087,0.182575,0.00,1,0.00
0.176183,309.9902,-213.398437,0.283112,-0.253902,-8.674192,0.529119,-0.025139,0.320223,0.283112,-0.894816,0.00,1,0.00
0.178439,309.9902,-213.398437,-1.247980,-0.255455,-8.540117,-1.001973,0.122104,0.454298,-1.247980,-0.747572,0.00,1,0.00
0.180695,310.0781,-213.310547,-2.565988,-0.260480,-8.925584,-2.319981,0.596156,0.068831,-2.565988,-0.273521,0.00,1,0.00
0.182950,310.0781,-213.310547,-3.533246,-0.268184,-9.825804,-3.287239,1.391031,-0.831388,-3.533246,0.521354,0.00,1,0.00
0.185211,309.9023,-213.486328,-1.779493,-0.274418,-9.349358,-1.533486,1.666364,-0.354942,-1.779493,0.796688,0.00,1,0.00
0.187466,309.9902,-213.398437,0.421976,-0.275327,-9.029732,0.667982,1.028310,-0.035316,0.421976,0.158633,0.00,1,0.00
0.189721,309.9902,-213.398437,2.352899,-0.271054,-9.038112,2.598906,0.494403,-0.043696,2.352899,-0.375274,0.00,1,0.00
0.191975,309.9902,-213.398437,3.245936,-0.263670,-8.607155,3.491943,-0.003591,0.387260,3.245936,-0.873268,0.00,1,0.00
0.194363,310.0781,-213.310547,1.328181,-0.260499,-8.826224,1.574188,-0.071826,0.168191,1.328181,-0.941503,0.00,1,0.00
0.196619,310.0781,-213.310547,-1.525707,-0.262307,-9.235633,-1.279701,0.780510,-0.241218,-1.525707,-0.089167,0.00,1,0.00
0.198874,309.9902,-213.398437,-3.453040,-0.269085,-9.467871,-3.207033,1.432930,-0.473455,-3.453040,0.563253,0.00,1,0.00
0.201129,309.9902,-213.398437,-3.004127,-0.276474,-9.170990,-2.758120,1.286883,-0.176575,-3.004127,0.417207,0.00,1,0.00
0.203398,309.9023,-213.486328,-1.945890,-0.281829,-8.708909,-1.699883,1.107318,0.285506,-1.945890,0.237642,0.00,1,0.00
0.205653,309.9902,-213.398437,-0.461485,-0.283827,-8.842984,-0.215478,0.746991,0.151431,-0.461485,-0.122686,0.00,1,0.00
0.207909,309.9902,-213.398437,2.603093,-0.280697,-9.253590,2.849100,0.490811,-0.259174,2.603093,-0.378865,0.00,1,0.00
0.210165,309.9902,-213.398437,2.538450,-0.274550,-9.060856,2.784456,0.622492,-0.066441,2.538450,-0.247184,0.00,1,0.00
0.212421,309.9023,-213.486328,0.800260,-0.271206,-9.297882,1.046266,0.731429,-0.303467,0.800260,-0.138248,0.00,1,0.00
0.214682,310.0781,-213.310547,-0.899624,-0.272343,-9.402030,-0.653617,0.641646,-0.407615,-0.899624,-0.228031,0.00,1,0.00
0.216939,310.0781,-213.310547,-2.726400,-0.277301,-9.006987,-2.480393,0.805649,-0.012571,-2.726400,-0.064028,0.00,1,0.00
0.219194,309.9902,-213.398437,-3.020886,-0.283941,-8.901642,-2.774880,0.757765,0.092773,-3.020886,-0.111912,0.00,1,0.00
0.221449,310.0781,-213.310547,-2.002154,-0.289409,-9.011775,-1.756147,0.804452,-0.017360,-2.002154,-0.065225,0.00,1,0.00
0.223710,309.9902,-213.398437,-0.571618,-0.291507,-9.215282,-0.325611,0.933739,-0.220867,-0.571618,0.064062,0.00,1,0.00
0.225966,309.9902,-213.398437,1.352123,-0.289759,-9.009381,1.598130,0.955287,-0.014966,1.352123,0.085610,0.00,1,0.00
0.228221,310.0781,-213.310547,1.674143,-0.286197,-8.895657,1.920150,0.614113,0.098759,1.674143,-0.255564,0.00,1,0.00
0.230479,309.9902,-213.398437,1.162981,-0.283094,-9.017760,1.408988,0.512359,-0.023345,1.162981,-0.357318,0.00,1,0.00
0.232740,310.0781,-213.310547,0.077211,-0.282212,-9.040505,0.323217,0.696713,-0.046090,0.077211,-0.172964,0.00,1,0.00
0.234995,309.9902,-213.398437,-1.895612,-0.285268,-9.162610,-1.649605,0.964863,-0.168195,-1.895612,0.095187,0.00,1,0.00
0.237253,310.0781,-213.310547,-1.870472,-0.289681,-9.214086,-1.624466,0.837971,-0.219670,-1.870472,-0.031706,0.00,1,0.00
0.239510,310.0781,-213.310547,-1.085174,-0.292603,-9.224859,-0.839168,0.772130,-0.230444,-1.085174,-0.097547,0.00,1,0.00
0.241593,310.0781,-213.310547,-0.529720,-0.293707,-9.230844,-0.283713,0.944513,-0.236429,-0.529720,0.074836,0.00,1,0.00
0.243849,310.0781,-213.310547,0.556051,-0.293579,-8.918402,0.802058,0.970849,0.076014,0.556051,0.101172,0.00,1,0.00
0.246104,309.9023,-213.486328,1.099535,-0.291637,-8.995016,1.345541,0.802058,-0.000601,1.099535,-0.067619,0.00,1,0.00
0.248360,309.9902,-213.398437,1.074396,-0.289157,-9.186552,1.320402,0.743400,-0.192137,1.074396,-0.126277,0.00,1,0.00
0.250614,309.9902,-213.398437,0.509364,-0.287615,-9.101558,0.755371,0.867898,-0.107142,0.509364,-0.001779,0.00,1,0.00
0.252873,310.0781,-213.310547,-0.699708,-0.288181,-8.983045,-0.453701,0.647632,0.011371,-0.699708,-0.222045,0.00,1,0.00
0.255128,309.9902,-213.398437,-0.666189,-0.289820,-8.981848,-0.420182,0.484826,0.012568,-0.666189,-0.384851,0.00,1,0.00
0.257384,310.0781,-213.310547,-0.595560,-0.291175,-9.144653,-0.349553,0.785298,-0.150238,-0.595560,-0.084379,0.00,1,0.00
0.259639,310.0781,-213.310547,-0.496201,-0.292431,-9.143456,-0.250194,1.110910,-0.149041,-0.496201,0.241233,0.00,1,0.00
0.261899,309.9902,-213.398437,0.441129,-0.292210,-9.009381,0.687136,1.182736,-0.014966,0.441129,0.313059,0.00,1,0.00
0.264154,309.9902,-213.398437,0.977430,-0.290574,-8.913613,1.223437,0.975637,0.080802,0.977430,0.105960,0.00,1,0.00
0.266407,309.9902,-213.398437,1.220442,-0.288054,-8.833407,1.466449,0.865504,0.161008,1.220442,-0.004173,0.00,1,0.00
0.268660,309.9902,-213.398437,0.987007,-0.285561,-9.150639,1.233014,0.918176,-0.156223,0.987007,0.048500,0.00,1,0.00
0.276164,310.0781,-213.310547,-0.903215,-0.292338,-9.099164,-0.657208,0.633266,-0.104749,-0.903215,-0.236410,0.00,1,0.00
0.278219,309.9902,-213.398437,-0.400433,-0.293658,-8.920795,-0.154426,1.031901,0.073620,-0.400433,0.162224,0.00,1,0.00
0.280475,309.9902,-213.398437,0.308251,-0.293330,-8.985439,0.554258,1.237802,0.008976,0.308251,0.368125,0.00,1,0.00
0.282730,310.0781,-213.310547,1.121083,-0.291579,-9.027337,1.367089,1.270124,-0.032922,1.121083,0.400447,0.00,1,0.00
0.284999,309.9902,-213.398437,1.403598,-0.288630,-8.917204,1.649605,0.991199,0.077211,1.403598,0.121523,0.00,1,0.00
0.287256,309.9902,-213.398437,0.931941,-0.285915,-9.030929,1.177947,0.762553,-0.036513,0.931941,-0.107124,0.00,1,0.00
0.289511,310.0781,-213.310547,0.383668,-0.284769,-8.996213,0.629675,0.861913,-0.001798,0.383668,-0.007764,0.00,1,0.00
0.291765,309.9902,-213.398437,-0.025740,-0.284537,-9.176975,0.220267,0.883460,-0.182560,-0.025740,0.013784,0.00,1,0.00
0.294021,309.9902,-213.398437,-0.115523,-0.284706,-9.283517,0.130484,0.854730,-0.289102,-0.115523,-0.014947,0.00,1,0.00
0.296281,310.0781,-213.310547,-0.067639,-0.284910,-9.033323,0.178368,0.938527,-0.038908,-0.067639,0.068850,0.00,1,0.00
0.298536,310.0781,-213.310547,0.060451,-0.284861,-8.953117,0.306458,0.970849,0.041298,0.060451,0.101172,0.00,1,0.00
0.300793,309.9902,-213.398437,0.508167,-0.284173,-9.038112,0.754174,1.010353,-0.043696,0.508167,0.140676,0.00,1,0.00
0.303049,309.9902,-213.398437,0.787091,-0.282682,-9.052477,1.033098,1.125275,-0.058062,0.787091,0.255598,0.00,1,0.00
0.305310,310.0781,-213.310547,0.808639,-0.280859,-9.085996,1.054646,1.079785,-0.091580,0.808639,0.210108,0.00,1,0.00
0.307566,309.9902,-213.398437,0.535700,-0.279439,-9.018958,0.781707,1.024718,-0.024543,0.535700,0.155042,0.00,1,0.00
0.309821,309.9902,-213.398437,-0.339381,-0.279584,-8.947132,-0.093374,0.905008,0.047283,-0.339381,0.035331,0.00,1,0.00
0.312075,309.9902,-213.398437,-0.382476,-0.280488,-8.981848,-0.136469,0.836774,0.012568,-0.382476,-0.032903,0.00,1,0.00
0.314336,310.0781,-213.310547,-0.097566,-0.280952,-8.990228,0.148441,0.913388,0.004188,-0.097566,0.043711,0.00,1,0.00
0.316592,310.0781,-213.310547,0.065240,-0.280887,-9.106346,0.311246,0.967257,-0.111931,0.065240,0.097581,0.00,1,0.00
0.318847,309.9902,-213.398437,0.408808,-0.280251,-9.106346,0.654814,1.003170,-0.111931,0.408808,0.133494,0.00,1,0.00
0.321104,310.0781,-213.310547,0.426764,-0.279249,-8.972271,0.672771,0.968455,0.022144,0.426764,0.098778,0.00,1,0.00
0.323360,310.0781,-213.310547,0.064042,-0.278869,-9.009381,0.310049,0.903811,-0.014966,0.064042,0.034134,0.00,1,0.00
0.325441,310.0781,-213.310547,-0.151436,-0.279185,-9.074024,0.094571,1.007959,-0.079609,-0.151436,0.138282,0.00,1,0.00
0.327698,310.0781,-213.310547,-0.086792,-0.279379,-9.130288,0.159214,1.095347,-0.135873,-0.086792,0.225671,0.00,1,0.00
0.329954,309.9023,-213.486328,-0.374096,-0.279876,-9.143456,-0.128090,0.919373,-0.149041,-0.374096,0.049697,0.00,1,0.00
0.332208,310.0781,-213.310547,-0.481835,-0.280903,-9.070433,-0.235829,0.763750,-0.076017,-0.481835,-0.105926,0.00,1,0.00
0.334468,310.0781,-213.310547,-0.275934,-0.281660,-8.992621,-0.029928,0.757765,0.001794,-0.275934,-0.111912,0.00,1,0.00
0.336722,309.9902,-213.398437,-0.083201,-0.281972,-9.120711,0.162806,0.986411,-0.126296,-0.083201,0.116734,0.00,1,0.00
0.338977,309.9902,-213.398437,0.036509,-0.282027,-9.138668,0.282516,1.130063,-0.144253,0.036509,0.260386,0.00,1,0.00
0.341232,309.9902,-213.398437,0.041298,-0.281920,-9.132683,0.287304,1.055843,-0.138268,0.041298,0.186166,0.00,1,0.00
0.343493,310.0781,-213.310547,-0.242415,-0.282264,-9.078813,0.003591,0.936133,-0.084397,-0.242415,0.066456,0.00,1,0.00
0.345748,310.0781,-213.310547,-0.539296,-0.283338,-8.979453,-0.293290,0.992397,0.014962,-0.539296,0.122720,0.00,1,0.00
0.348003,309.9023,-213.486328,-0.486624,-0.284504,-9.178172,-0.240617,1.017536,-0.183757,-0.486624,0.147859,0.00,1,0.00
0.350258,309.9902,-213.398437,-0.372899,-0.285450,-9.271546,-0.126893,0.980426,-0.277131,-0.372899,0.110749,0.00,1,0.00
0.352519,310.0781,-213.310547,-0.187349,-0.285961,-9.142260,0.058658,0.835576,-0.147844,-0.187349,-0.034100,0.00,1,0.00
0.354774,310.0781,-213.310547,-0.417192,-0.286594,-9.032125,-0.171185,0.812831,-0.037710,-0.417192,-0.056845,0.00,1,0.00
0.357029,309.9902,-213.398437,-0.504580,-0.287708,-9.111135,-0.258574,0.893037,-0.116719,-0.504580,0.023360,0.00,1,0.00
0.359285,309.9902,-213.398437,-0.178969,-0.288403,-9.181764,0.067038,0.990002,-0.187348,-0.178969,0.120326,0.00,1,0.00
0.361540,309.9023,-213.486328,-0.089186,-0.288583,-9.148245,0.156820,1.108515,-0.153830,-0.089186,0.238839,0.00,1,0.00
0.363799,310.0781,-213.310547,-0.471062,-0.289356,-9.099164,-0.225055,0.958878,-0.104749,-0.471062,0.089201,0.00,1,0.00
0.366054,309.9902,-213.398437,-0.484230,-0.290486,-9.084799,-0.238223,0.888249,-0.090384,-0.484230,0.018572,0.00,1,0.00
0.368309,309.9902,-213.398437,-0.393250,-0.291402,-9.038112,-0.147243,0.843956,-0.043696,-0.393250,-0.025721,0.00,1,0.00
0.370563,309.9902,-213.398437,-0.394447,-0.292288,-9.069236,-0.148441,0.875081,-0.074821,-0.394447,0.005404,0.00,1,0.00
0.372823,309.9902,-213.398437,-0.146647,-0.292854,-9.145850,0.099359,0.949301,-0.151435,-0.146647,0.079624,0.00,1,0.00
0.375079,309.9902,-213.398437,-0.072427,-0.293063,-9.149442,0.173580,0.926556,-0.155026,-0.072427,0.056879,0.00,1,0.00
0.377334,309.9902,-213.398437,-0.210094,-0.293450,-9.143456,0.035913,0.903811,-0.149041,-0.210094,0.034134,0.00,1,0.00
0.379588,309.9902,-213.398437,-0.255583,-0.294028,-9.109938,-0.009577,0.866701,-0.115522,-0.255583,-0.002976,0.00,1,0.00
0.381848,309.9902,-213.398437,-0.172983,-0.294472,-9.016563,0.073023,0.885855,-0.022148,-0.172983,0.016178,0.00,1,0.00
0.384102,309.9023,-213.486328,-0.146647,-0.294856,-9.081207,0.099359,1.027112,-0.086792,-0.146647,0.157436,0.00,1,0.00
0.386356,309.9902,-213.398437,-0.103552,-0.295092,-9.153033,0.142455,1.071405,-0.158618,-0.103552,0.201729,0.00,1,0.00
0.393707,309.9902,-213.398437,0.105941,-0.294314,-9.018958,0.351948,0.888249,-0.024543,0.105941,0.018572,0.00,1,0.00
0.395776,309.9902,-213.398437,0.079605,-0.294124,-9.082404,0.325611,0.961272,-0.087989,0.079605,0.091595,0.00,1,0.00
0.398030,309.9902,-213.398437,0.099955,-0.293926,-9.108741,0.345962,0.956484,-0.114326,0.099955,0.086807,0.00,1,0.00
0.400285,310.0781,-213.310547,0.071225,-0.293731,-9.045294,0.317232,0.861913,-0.050879,0.071225,-0.007764,0.00,1,0.00
0.402540,310.0781,-213.310547,-0.065244,-0.293800,-9.016563,0.180762,0.831985,-0.022148,-0.065244,-0.037692,0.00,1,0.00
0.404795,310.0781,-213.310547,-0.025740,-0.293975,-9.022549,0.220267,0.879869,-0.028133,-0.025740,0.010192,0.00,1,0.00
0.407055,310.0781,-213.310547,0.165796,-0.293816,-9.044097,0.411803,0.973243,-0.049682,0.165796,0.103566,0.00,1,0.00
0.409311,309.9902,-213.398437,0.255579,-0.293270,-9.076419,0.501585,1.000776,-0.082004,0.255579,0.131100,0.00,1,0.00
0.411566,309.9902,-213.398437,0.262761,-0.292686,-9.066842,0.508768,0.869095,-0.072427,0.262761,-0.000582,0.00,1,0.00
0.413821,309.9902,-213.398437,0.255579,-0.292095,-9.039309,0.501585,0.811634,-0.044893,0.255579,-0.058042,0.00,1,0.00
0.416081,309.9902,-213.398437,0.225651,-0.291554,-8.992621,0.471658,0.817620,0.001794,0.225651,-0.052057,0.00,1,0.00
0.418336,309.9902,-213.398437,0.205300,-0.291072,-9.005790,0.451307,0.877475,-0.011374,0.205300,0.007798,0.00,1,0.00
0.420590,310.0781,-213.310547,0.183753,-0.290665,-9.064447,0.429759,0.888249,-0.070032,0.183753,0.018572,0.00,1,0.00
0.422845,309.9902,-213.398437,0.195724,-0.290233,-9.059659,0.441730,0.938527,-0.065244,0.195724,0.068850,0.00,1,0.00
0.425106,309.9902,-213.398437,0.192132,-0.289797,-9.040505,0.438139,0.962469,-0.046090,0.192132,0.092792,0.00,1,0.00
0.427361,310.0781,-213.310547,0.266353,-0.289249,-9.036914,0.512359,0.885855,-0.042499,0.266353,0.016178,0.00,1,0.00
0.429615,309.9902,-213.398437,0.375289,-0.288474,-9.041702,0.621295,0.858321,-0.047287,0.375289,-0.011355,0.00,1,0.00
0.431870,309.9902,-213.398437,0.309448,-0.287685,-9.052477,0.555455,0.845153,-0.058062,0.309448,-0.024524,0.00,1,0.00
0.434124,310.0781,-213.310547,0.184950,-0.287163,-9.068039,0.430956,0.857124,-0.073624,0.184950,-0.012553,0.00,1,0.00
0.436386,309.9902,-213.398437,0.174176,-0.286788,-9.058462,0.420182,0.858321,-0.064047,0.174176,-0.011355,0.00,1,0.00
0.438642,310.0781,-213.310547,0.308251,-0.286156,-9.003395,0.554258,0.836774,-0.008980,0.308251,-0.032903,0.00,1,0.00
0.440897,309.9023,-213.486328,0.171782,-0.285598,-9.038112,0.417788,0.834379,-0.043696,0.171782,-0.035297,0.00,1,0.00
0.443154,310.0781,-213.310547,0.138263,-0.285274,-9.016563,0.384269,0.922965,-0.022148,0.138263,0.053288,0.00,1,0.00
0.445414,309.9902,-213.398437,0.240016,-0.284781,-9.032125,0.486023,0.981623,-0.037710,0.240016,0.111946,0.00,1,0.00
0.447669,310.0781,-213.310547,0.169387,-0.284338,-9.069236,0.415394,0.870292,-0.074821,0.169387,0.000616,0.00,1,0.00
0.449924,309.9902,-213.398437,0.137066,-0.283997,-9.057265,0.383072,0.912191,-0.062850,0.137066,0.042514,0.00,1,0.00
0.452180,309.9902,-213.398437,0.087985,-0.283767,-9.093178,0.333991,0.905008,-0.098763,0.087985,0.035331,0.00,1,0.00
0.454441,310.0781,-213.310547,0.080802,-0.283593,-9.062054,0.326809,0.869095,-0.067638,0.080802,-0.000582,0.00,1,0.00
0.456695,309.9902,-213.398437,0.098758,-0.283354,-9.056067,0.344765,0.840365,-0.061652,0.098758,-0.029312,0.00,1,0.00
0.458952,309.9902,-213.398437,0.041298,-0.283195,-9.062054,0.287304,0.809240,-0.067638,0.041298,-0.060437,0.00,1,0.00
0.461207,309.9902,-213.398437,-0.002995,-0.283186,-9.075222,0.243011,0.888249,-0.080807,-0.002995,0.018572,0.00,1,0.00
0.463462,309.9902,-213.398437,0.002990,-0.283178,-9.042900,0.248997,0.937330,-0.048485,0.002990,0.067653,0.00,1,0.00
0.465722,310.0781,-213.310547,-0.016163,-0.283210,-9.042900,0.229843,0.895431,-0.048485,-0.016163,0.025755,0.00,1,0.00
0.467978,310.0781,-213.310547,-0.024543,-0.283252,-9.051279,0.221464,0.875081,-0.056864,-0.024543,0.005404,0.00,1,0.00
0.470234,309.9902,-213.398437,-0.060456,-0.283367,-9.072827,0.185551,0.878672,-0.078412,-0.060456,0.008995,0.00,1,0.00
0.472489,309.9902,-213.398437,-0.087989,-0.283542,-9.038112,0.158017,0.872687,-0.043696,-0.087989,0.003010,0.00,1,0.00
0.474750,310.0781,-213.310547,-0.126297,-0.283788,-9.046491,0.119710,0.823605,-0.052075,-0.126297,-0.046071,0.00,1,0.00
0.477005,309.9902,-213.398437,-0.104749,-0.284052,-9.088389,0.141258,0.772130,-0.093974,-0.104749,-0.097547,0.00,1,0.00
0.479260,310.0781,-213.310547,-0.146647,-0.284344,-9.083601,0.099359,0.818817,-0.089186,-0.146647,-0.050860,0.00,1,0.00
0.481517,309.9902,-213.398437,-0.177772,-0.284753,-9.087193,0.068235,0.864307,-0.092777,-0.177772,-0.005370,0.00,1,0.00
0.483778,310.0781,-213.310547,-0.158618,-0.285135,-9.090784,0.087388,0.859518,-0.096369,-0.158618,-0.010158,0.00,1,0.00
0.486034,310.0781,-213.310547,-0.169392,-0.285505,-9.081207,0.076614,0.843956,-0.086792,-0.169392,-0.025721,0.00,1,0.00
0.488289,309.9902,-213.398437,-0.198123,-0.285932,-9.075222,0.047884,0.857124,-0.080807,-0.198123,-0.012553,0.00,1,0.00
0.490545,309.9902,-213.398437,-0.237627,-0.286429,-9.062054,0.008380,0.890643,-0.067638,-0.237627,0.020966,0.00,1,0.00
0.492804,309.9902,-213.398437,-0.224459,-0.286959,-9.089587,0.021548,0.876278,-0.095172,-0.224459,0.006601,0.00,1,0.00
0.495060,309.9902,-213.398437,-0.196926,-0.287425,-9.101558,0.049081,0.830788,-0.107142,-0.196926,-0.038889,0.00,1,0.00
0.497316,309.9902,-213.398437,-0.196926,-0.287867,-9.088389,0.049081,0.821211,-0.093974,-0.196926,-0.048466,0.00,1,0.00
0.499572,309.9902,-213.398437,-0.210094,-0.288339,-9.113529,0.035913,0.835576,-0.119114,-0.210094,-0.034100,0.00,1,0.00
0.501827,309.9902,-213.398437,-0.178969,-0.288783,-9.101558,0.067038,0.836774,-0.107142,-0.178969,-0.032903,0.00,1,0.00
0.504088,310.0781,-213.310547,-0.178969,-0.289184,-9.089587,0.067038,0.829591,-0.095172,-0.178969,-0.040086,0.00,1,0.00
0.512201,309.9902,-213.398437,-0.208897,-0.290879,-9.077616,0.037110,0.888249,-0.083200,-0.208897,0.018572,0.00,1,0.00
0.514258,310.0781,-213.310547,-0.162210,-0.291238,-9.082404,0.083797,0.802058,-0.087989,-0.162210,-0.067619,0.00,1,0.00
0.516514,309.9902,-213.398437,-0.127494,-0.291535,-9.080010,0.118513,0.830788,-0.085595,-0.127494,-0.038889,0.00,1,0.00
0.518783,310.0781,-213.310547,-0.126297,-0.291828,-9.052477,0.119710,0.846350,-0.058062,-0.126297,-0.023326,0.00,1,0.00
0.521039,309.9902,-213.398437,-0.113128,-0.292094,-9.053674,0.132878,0.847547,-0.059258,-0.113128,-0.022129,0.00,1,0.00
0.523294,309.9902,-213.398437,-0.086792,-0.292309,-9.084799,0.159214,0.845153,-0.090384,-0.086792,-0.024524,0.00,1,0.00
0.525551,309.9902,-213.398437,-0.059259,-0.292460,-9.096769,0.186748,0.878672,-0.102354,-0.059259,0.008995,0.00,1,0.00
0.527813,310.0781,-213.310547,-0.052076,-0.292586,-9.094376,0.193930,0.876278,-0.099960,-0.052076,0.006601,0.00,1,0.00
0.530069,310.0781,-213.310547,-0.052076,-0.292705,-9.088389,0.193930,0.815226,-0.093974,-0.052076,-0.054451,0.00,1,0.00
0.532324,310.0781,-213.310547,-0.012572,-0.292763,-9.083601,0.233435,0.818817,-0.089186,-0.012572,-0.050860,0.00,1,0.00
0.534579,309.9902,-213.398437,0.024538,-0.292718,-9.078813,0.270545,0.872687,-0.084397,0.024538,0.003010,0.00,1,0.00
0.536839,309.9902,-213.398437,0.055663,-0.292632,-9.081207,0.301669,0.865504,-0.086792,0.055663,-0.004173,0.00,1,0.00
0.539094,309.9902,-213.398437,0.066437,-0.292482,-9.089587,0.312443,0.876278,-0.095172,0.066437,0.006601,0.00,1,0.00
0.541349,309.9902,-213.398437,0.076014,-0.292319,-9.072827,0.322020,0.847547,-0.078412,0.076014,-0.022129,0.00,1,0.00
0.543605,309.9902,-213.398437,0.109532,-0.292086,-9.053674,0.355539,0.859518,-0.059258,0.109532,-0.010158,0.00,1,0.00
0.545861,309.9902,-213.398437,0.093970,-0.291854,-9.066842,0.339977,0.906205,-0.072427,0.093970,0.036529,0.00,1,0.00
0.548122,309.9023,-213.486328,0.095167,-0.291644,-9.051279,0.341174,0.931344,-0.056864,0.095167,0.061668,0.00,1,0.00
0.550378,309.9023,-213.486328,0.126292,-0.291390,-9.056067,0.372298,0.969652,-0.061652,0.126292,0.099975,0.00,1,0.00
0.552633,309.9902,-213.398437,0.126292,-0.291106,-9.048885,0.372298,0.912191,-0.054470,0.126292,0.042514,0.00,1,0.00
0.554889,310.0781,-213.310547,0.137066,-0.290807,-9.024943,0.383072,0.914585,-0.030528,0.137066,0.044908,0.00,1,0.00
0.557149,310.0781,-213.310547,0.152628,-0.290473,-9.020155,0.398635,0.916979,-0.025740,0.152628,0.047302,0.00,1,0.00
0.559404,310.0781,-213.310547,0.182555,-0.290086,-9.036914,0.428562,0.914585,-0.042499,0.182555,0.044908,0.00,1,0.00
0.561660,309.9902,-213.398437,0.166993,-0.289693,-9.054871,0.413000,0.912191,-0.060455,0.166993,0.042514,0.00,1,0.00
0.563915,310.0781,-213.310547,0.159811,-0.289327,-9.053674,0.405817,0.914585,-0.059258,0.159811,0.044908,0.00,1,0.00
0.566174,309.9902,-213.398437,0.156219,-0.288970,-9.023746,0.402226,0.925359,-0.029331,0.156219,0.055682,0.00,1,0.00
0.568429,309.9902,-213.398437,0.174176,-0.288604,-9.033323,0.420182,0.928950,-0.038908,0.174176,0.059273,0.00,1,0.00
0.570685,310.0781,-213.310547,0.190935,-0.288191,-9.024943,0.436942,0.924162,-0.030528,0.190935,0.054485,0.00,1,0.00
0.572941,309.9902,-213.398437,0.196921,-0.287751,-9.030929,0.442927,0.930147,-0.036513,0.196921,0.060471,0.00,1,0.00
0.575195,309.9902,-213.398437,0.147840,-0.287384,-9.056067,0.393846,0.928950,-0.061652,0.147840,0.059273,0.00,1,0.00
0.577456,310.0781,-213.310547,0.153825,-0.287050,-9.078813,0.399832,0.909797,-0.084397,0.153825,0.040120,0.00,1,0.00
0.579711,309.9902,-213.398437,0.149037,-0.286705,-9.097966,0.395043,0.920571,-0.103551,0.149037,0.050894,0.00,1,0.00
0.581967,310.0781,-213.310547,0.133474,-0.286389,-9.105149,0.379481,0.915782,-0.110734,0.133474,0.046105,0.00,1,0.00
0.584222,309.9902,-213.398437,0.101153,-0.286140,-9.101558,0.347159,0.922965,-0.107142,0.101153,0.053288,0.00,1,0.00
0.586482,309.9902,-213.398437,0.076014,-0.285978,-9.107543,0.322020,0.940921,-0.113128,0.076014,0.071244,0.00,1,0.00
0.588738,309.9902,-213.398437,0.080802,-0.285794,-9.093178,0.326809,0.975637,-0.098763,0.080802,0.105960,0.00,1,0.00
0.590993,309.9902,-213.398437,0.065240,-0.285638,-9.072827,0.311246,1.003170,-0.078412,0.065240,0.133494,0.00,1,0.00
0.593249,309.9902,-213.398437,0.042495,-0.285524,-9.066842,0.288501,0.984017,-0.072427,0.042495,0.114340,0.00,1,0.00
0.595510,309.9902,-213.398437,0.000596,-0.285487,-9.091981,0.246603,0.972046,-0.097566,0.000596,0.102369,0.00,1,0.00
0.597766,309.9902,-213.398437,0.002990,-0.285495,-9.096769,0.248997,0.958878,-0.102354,0.002990,0.089201,0.00,1,0.00
0.600022,309.9902,-213.398437,0.010173,-0.285468,-9.089587,0.256180,0.949301,-0.095172,0.010173,0.079624,0.00,1,0.00
0.602278,310.0781,-213.310547,-0.044894,-0.285535,-9.094376,0.201113,0.920571,-0.099960,-0.044894,0.050894,0.00,1,0.00
0.604534,309.9902,-213.398437,-0.040105,-0.285645,-9.088389,0.205901,0.919373,-0.093974,-0.040105,0.049697,0.00,1,0.00
0.606794,309.9902,-213.398437,-0.053273,-0.285743,-9.074024,0.192733,0.939724,-0.079609,-0.053273,0.070047,0.00,1,0.00
0.609050,309.9902,-213.398437,-0.079610,-0.285910,-9.060856,0.166397,0.943315,-0.066441,-0.079610,0.073639,0.00,1,0.00
0.611305,309.9902,-213.398437,-0.078413,-0.286084,-9.062054,0.167594,0.931344,-0.067638,-0.078413,0.061668,0.00,1,0.00
0.613561,309.9902,-213.398437,-0.103552,-0.286291,-9.082404,0.142455,0.902614,-0.087989,-0.103552,0.032937,0.00,1,0.00
0.615821,309.9902,-213.398437,-0.101157,-0.286522,-9.091981,0.144849,0.897826,-0.097566,-0.101157,0.028149,0.00,1,0.00
0.618078,310.0781,-213.310547,-0.119114,-0.286779,-9.093178,0.126893,0.920571,-0.098763,-0.119114,0.050894,0.00,1,0.00
0.620334,310.0781,-213.310547,-0.144253,-0.287085,-9.076419,0.101754,0.960075,-0.082004,-0.144253,0.090398,0.00,1,0.00
0.622589,309.9023,-213.486328,-0.158618,-0.287435,-9.081207,0.087388,0.952892,-0.086792,-0.158618,0.083216,0.00,1,0.00
0.630122,310.0781,-213.310547,-0.135873,-0.288458,-9.077616,0.110133,0.956484,-0.083200,-0.135873,0.086807,0.00,1,0.00
0.632178,310.0781,-213.310547,-0.143056,-0.288748,-9.101558,0.102951,0.934936,-0.107142,-0.143056,0.065259,0.00,1,0.00
0.634434,309.9902,-213.398437,-0.127494,-0.289053,-9.078813,0.118513,0.909797,-0.084397,-0.127494,0.040120,0.00,1,0.00
0.636689,309.9902,-213.398437,-0.145450,-0.289352,-9.076419,0.100556,0.899023,-0.082004,-0.145450,0.029346,0.00,1,0.00
0.638945,310.0781,-213.310547,-0.165801,-0.289725,-9.076419,0.080206,0.895431,-0.082004,-0.165801,0.025755,0.00,1,0.00
0.641215,309.9023,-213.486328,-0.152633,-0.290076,-9.081207,0.093374,0.901417,-0.086792,-0.152633,0.031740,0.00,1,0.00
0.643470,309.9902,-213.398437,-0.137070,-0.290410,-9.091981,0.108936,0.918176,-0.097566,-0.137070,0.048500,0.00,1,0.00
0.645726,310.0781,-213.310547,-0.122705,-0.290701,-9.099164,0.123301,0.934936,-0.104749,-0.122705,0.065259,0.00,1,0.00
0.647982,309.9023,-213.486328,-0.129888,-0.290988,-9.077616,0.116119,0.944513,-0.083200,-0.129888,0.074836,0.00,1,0.00
0.650243,309.9902,-213.398437,-0.119114,-0.291274,-9.095572,0.126893,0.920571,-0.101157,-0.119114,0.050894,0.00,1,0.00
0.652499,310.0781,-213.310547,-0.095172,-0.291516,-9.087193,0.150835,0.921768,-0.092777,-0.095172,0.052091,0.00,1,0.00
0.654754,309.9902,-213.398437,-0.070033,-0.291709,-9.076419,0.175974,0.933739,-0.082004,-0.070033,0.064062,0.00,1,0.00
0.657010,309.9902,-213.398437,-0.040105,-0.291811,-9.081207,0.205901,0.919373,-0.086792,-0.040105,0.049697,0.00,1,0.00
0.659270,309.9902,-213.398437,-0.054471,-0.291911,-9.101558,0.191536,0.938527,-0.107142,-0.054471,0.068850,0.00,1,0.00
0.661526,309.9902,-213.398437,-0.044894,-0.292030,-9.077616,0.201113,0.905008,-0.083200,-0.044894,0.035331,0.00,1,0.00
0.663782,309.9902,-213.398437,-0.020952,-0.292097,-9.056067,0.225055,0.895431,-0.061652,-0.020952,0.025755,0.00,1,0.00
0.666037,309.9902,-213.398437,-0.002995,-0.292115,-9.068039,0.243011,0.919373,-0.073624,-0.002995,0.049697,0.00,1,0.00
0.668295,309.9023,-213.486328,0.029327,-0.292068,-9.064447,0.275333,0.894234,-0.070032,0.029327,0.024558,0.00,1,0.00
0.670551,309.9902,-213.398437,0.020947,-0.292015,-9.072827,0.266953,0.902614,-0.078412,0.020947,0.032937,0.00,1,0.00
0.672807,309.9902,-213.398437,0.038903,-0.291945,-9.075222,0.284910,0.932542,-0.080807,0.038903,0.062865,0.00,1,0.00
0.675062,310.0781,-213.310547,0.068831,-0.291805,-9.080010,0.314838,0.948104,-0.085595,0.068831,0.078427,0.00,1,0.00
0.677319,309.9902,-213.398437,0.064042,-0.291652,-9.072827,0.310049,0.940921,-0.078412,0.064042,0.071244,0.00,1,0.00
0.679579,310.0781,-213.310547,0.054466,-0.291518,-9.062054,0.300472,0.926556,-0.067638,0.054466,0.056879,0.00,1,0.00
0.681834,310.0781,-213.310547,0.047283,-0.291406,-9.051279,0.293290,0.914585,-0.056864,0.047283,0.044908,0.00,1,0.00
0.684089,310.0781,-213.310547,0.066437,-0.291274,-9.048885,0.312443,0.930147,-0.054470,0.066437,0.060471,0.00,1,0.00
0.686345,309.9023,-213.486328,0.081999,-0.291087,-9.054871,0.328006,0.915782,-0.060455,0.081999,0.046105,0.00,1,0.00
0.688604,310.0781,-213.310547,0.097561,-0.290892,-9.069236,0.343568,0.902614,-0.074821,0.097561,0.032937,0.00,1,0.00
0.690860,310.0781,-213.310547,0.134671,-0.290607,-9.070433,0.380678,0.889446,-0.076017,0.134671,0.019769,0.00,1,0.00
0.693115,309.9902,-213.398437,0.150234,-0.290270,-9.048885,0.396240,0.903811,-0.054470,0.150234,0.034134,0.00,1,0.00
0.695369,310.0781,-213.310547,0.115518,-0.289992,-9.038112,0.361524,0.901417,-0.043696,0.115518,0.031740,0.00,1,0.00
0.697628,309.9902,-213.398437,0.129883,-0.289716,-9.059659,0.375890,0.895431,-0.065244,0.129883,0.025755,0.00,1,0.00
0.699884,309.9902,-213.398437,0.120306,-0.289435,-9.045294,0.366313,0.908600,-0.050879,0.120306,0.038923,0.00,1,0.00
0.702141,310.0781,-213.310547,0.105941,-0.289190,-9.056067,0.351948,0.925359,-0.061652,0.105941,0.055682,0.00,1,0.00
0.704396,309.9902,-213.398437,0.107138,-0.288954,-9.075222,0.353145,0.894234,-0.080807,0.107138,0.024558,0.00,1,0.00
0.706653,310.0781,-213.310547,0.108335,-0.288712,-9.071630,0.354342,0.891840,-0.077215,0.108335,0.022163,0.00,1,0.00
0.708914,310.0781,-213.310547,0.103547,-0.288466,-9.065644,0.349553,0.888249,-0.071229,0.103547,0.018572,0.00,1,0.00
0.711169,309.9902,-213.398437,0.089182,-0.288270,-9.076419,0.335188,0.905008,-0.082004,0.089182,0.035331,0.00,1,0.00
0.713424,310.0781,-213.310547,0.087985,-0.288066,-9.109938,0.333991,0.908600,-0.115522,0.087985,0.038923,0.00,1,0.00
0.715680,309.9902,-213.398437,0.071225,-0.287885,-9.082404,0.317232,0.907402,-0.087989,0.071225,0.037726,0.00,1,0.00
0.725033,310.0781,-213.310547,0.048480,-0.287432,-9.077616,0.294487,0.851139,-0.083200,0.048480,-0.018538,0.00,1,0.00
0.727288,310.0781,-213.310547,0.024538,-0.287352,-9.050082,0.270545,0.847547,-0.055667,0.024538,-0.022129,0.00,1,0.00
0.729543,309.9902,-213.398437,0.025735,-0.287299,-9.056067,0.271742,0.843956,-0.061652,0.025735,-0.025721,0.00,1,0.00
0.731799,309.9902,-213.398437,0.013764,-0.287257,-9.058462,0.259771,0.854730,-0.064047,0.013764,-0.014947,0.00,1,0.00
0.734068,309.9902,-213.398437,-0.014966,-0.287268,-9.057265,0.231040,0.881066,-0.062850,-0.014966,0.011389,0.00,1,0.00
0.736323,309.9023,-213.486328,-0.028134,-0.287344,-9.091981,0.217872,0.885855,-0.097566,-0.028134,0.016178,0.00,1,0.00
0.738580,310.0781,-213.310547,-0.037711,-0.287413,-9.103952,0.208296,0.870292,-0.109537,-0.037711,0.000616,0.00,1,0.00
0.740835,309.9902,-213.398437,-0.042499,-0.287511,-9.106346,0.203507,0.872687,-0.111931,-0.042499,0.003010,0.00,1,0.00
0.743091,309.9902,-213.398437,-0.040105,-0.287600,-9.101558,0.205901,0.866701,-0.107142,-0.040105,-0.002976,0.00,1,0.00
0.767764,309.9902,-213.398437,-0.127494,-0.290745,-9.106346,0.118513,0.835576,-0.111931,-0.127494,-0.034100,0.00,1,0.00
0.770020,310.0781,-213.310547,-0.113128,-0.291006,-9.095572,0.132878,0.852336,-0.101157,-0.113128,-0.017341,0.00,1,0.00
0.777529,309.9902,-213.398437,-0.082004,-0.291622,-9.074024,0.164003,0.842759,-0.079609,-0.082004,-0.026918,0.00,1,0.00
0.779587,309.9902,-213.398437,-0.073624,-0.291775,-9.065644,0.172383,0.863110,-0.071229,-0.073624,-0.006567,0.00,1,0.00
0.781855,310.0781,-213.310547,-0.084398,-0.291962,-9.076419,0.161609,0.882263,-0.082004,-0.084398,0.012587,0.00,1,0.00
0.784111,309.9902,-213.398437,-0.043697,-0.292103,-9.068039,0.202310,0.861913,-0.073624,-0.043697,-0.007764,0.00,1,0.00
0.786365,309.9902,-213.398437,-0.046091,-0.292203,-9.077616,0.199916,0.876278,-0.083200,-0.046091,0.006601,0.00,1,0.00
0.788621,309.9902,-213.398437,-0.042499,-0.292304,-9.068039,0.203507,0.865504,-0.073624,-0.042499,-0.004173,0.00,1,0.00
0.791108,310.0781,-213.310547,-0.019755,-0.292353,-9.064447,0.226252,0.871489,-0.070032,-0.019755,0.001813,0.00,1,0.00
0.793364,310.0781,-213.310547,-0.032923,-0.292409,-9.038112,0.213084,0.897826,-0.043696,-0.032923,0.028149,0.00,1,0.00
0.795619,310.0781,-213.310547,-0.022149,-0.292471,-9.051279,0.223858,0.928950,-0.056864,-0.022149,0.059273,0.00,1,0.00
0.797875,309.9902,-213.398437,-0.018557,-0.292510,-9.047688,0.227449,0.891840,-0.053273,-0.018557,0.022163,0.00,1,0.00
0.800144,309.9902,-213.398437,0.005385,-0.292535,-9.045294,0.251391,0.878672,-0.050879,0.005385,0.008995,0.00,1,0.00
0.802399,310.0781,-213.310547,0.010173,-0.292502,-9.042900,0.256180,0.885855,-0.048485,0.010173,0.016178,0.00,1,0.00
0.804654,309.9902,-213.398437,-0.019755,-0.292524,-9.058462,0.226252,0.877475,-0.064047,-0.019755,0.007798,0.00,1,0.00
0.806910,309.9902,-213.398437,0.001793,-0.292536,-9.066842,0.247800,0.839168,-0.072427,0.001793,-0.030509,0.00,1,0.00
0.809165,309.9902,-213.398437,0.036509,-0.292475,-9.057265,0.282516,0.882263,-0.062850,0.036509,0.012587,0.00,1,0.00
0.811426,309.9902,-213.398437,0.049677,-0.292380,-9.063251,0.295684,0.893037,-0.068835,0.049677,0.023360,0.00,1,0.00
0.813682,309.9902,-213.398437,0.073619,-0.292232,-9.065644,0.319626,0.896629,-0.071229,0.073619,0.026952,0.00,1,0.00
0.815937,309.9902,-213.398437,0.073619,-0.292068,-9.076419,0.319626,0.907402,-0.082004,0.073619,0.037726,0.00,1,0.00
0.818193,310.0781,-213.310547,0.077211,-0.291883,-9.052477,0.323217,0.893037,-0.058062,0.077211,0.023360,0.00,1,0.00
0.820453,309.9902,-213.398437,0.076014,-0.291714,-9.045294,0.322020,0.894234,-0.050879,0.076014,0.024558,0.00,1,0.00
0.822709,309.9902,-213.398437,0.079605,-0.291541,-9.062054,0.325611,0.930147,-0.067638,0.079605,0.060471,0.00,1,0.00
0.824964,310.0781,-213.310547,0.109532,-0.291310,-9.071630,0.355539,0.928950,-0.077215,0.109532,0.059273,0.00,1,0.00
0.827219,309.9902,-213.398437,0.110729,-0.291053,-9.066842,0.356736,0.907402,-0.072427,0.110729,0.037726,0.00,1,0.00
0.829480,309.9902,-213.398437,0.093970,-0.290828,-9.051279,0.339977,0.906205,-0.056864,0.093970,0.036529,0.00,1,0.00
0.831735,309.9902,-213.398437,0.098758,-0.290608,-9.052477,0.344765,0.919373,-0.058062,0.098758,0.049697,0.00,1,0.00
0.833990,310.0781,-213.310547,0.127489,-0.290343,-9.075222,0.373495,0.946907,-0.080807,0.127489,0.077230,0.00,1,0.00
0.836247,309.9902,-213.398437,0.127489,-0.290050,-9.068039,0.373495,0.948104,-0.073624,0.127489,0.078427,0.00,1,0.00
0.838502,310.0781,-213.310547,0.104744,-0.289783,-9.046491,0.350751,0.914585,-0.052075,0.104744,0.044908,0.00,1,0.00
0.840761,310.0781,-213.310547,0.085590,-0.289587,-9.044097,0.331597,0.933739,-0.049682,0.085590,0.064062,0.00,1,0.00
0.843016,309.9902,-213.398437,0.081999,-0.289397,-9.065644,0.328006,0.893037,-0.071229,0.081999,0.023360,0.00,1,0.00
0.845270,309.9902,-213.398437,0.079605,-0.289215,-9.070433,0.325611,0.903811,-0.076017,0.079605,0.034134,0.00,1,0.00
0.847524,309.9902,-213.398437,0.077211,-0.289042,-9.060856,0.323217,0.909797,-0.066441,0.077211,0.040120,0.00,1,0.00
0.849786,310.0781,-213.310547,0.064042,-0.288886,-9.058462,0.310049,0.926556,-0.064047,0.064042,0.056879,0.00,1,0.00
0.852041,309.9902,-213.398437,0.068831,-0.288739,-9.070433,0.314838,0.943315,-0.076017,0.068831,0.073639,0.00,1,0.00
0.854296,309.9902,-213.398437,0.053269,-0.288593,-9.077616,0.299275,0.950498,-0.083200,0.053269,0.080821,0.00,1,0.00
0.856553,310.0781,-213.310547,0.031721,-0.288505,-9.089587,0.277727,0.943315,-0.095172,0.031721,0.073639,0.00,1,0.00
0.858814,309.9902,-213.398437,0.019750,-0.288452,-9.081207,0.265756,0.925359,-0.086792,0.019750,0.055682,0.00,1,0.00
0.861069,309.9902,-213.398437,0.013764,-0.288416,-9.071630,0.259771,0.920571,-0.077215,0.013764,0.050894,0.00,1,0.00
0.863323,309.9902,-213.398437,0.016158,-0.288385,-9.072827,0.262165,0.906205,-0.078412,0.016158,0.036529,0.00,1,0.00
0.865578,309.9902,-213.398437,0.006582,-0.288359,-9.078813,0.252588,0.899023,-0.084397,0.006582,0.029346,0.00,1,0.00
0.867833,310.0781,-213.310547,-0.012572,-0.288379,-9.084799,0.233435,0.906205,-0.090384,-0.012572,0.036529,0.00,1,0.00
0.870093,310.0781,-213.310547,-0.056865,-0.288478,-9.106346,0.189142,0.950498,-0.111931,-0.056865,0.080821,0.00,1,0.00
0.872349,310.0781,-213.310547,-0.050879,-0.288604,-9.095572,0.195127,0.968455,-0.101157,-0.050879,0.098778,0.00,1,0.00
0.874605,310.0781,-213.310547,-0.049682,-0.288716,-9.082404,0.196325,0.951695,-0.087989,-0.049682,0.082018,0.00,1,0.00
0.876861,309.9902,-213.398437,-0.056865,-0.288839,-9.091981,0.189142,0.945710,-0.097566,-0.056865,0.076033,0.00,1,0.00
0.879121,309.9902,-213.398437,-0.060456,-0.288979,-9.081207,0.185551,0.942118,-0.086792,-0.060456,0.072442,0.00,1,0.00
0.881376,310.0781,-213.310547,-0.049682,-0.289100,-9.065644,0.196325,0.926556,-0.071229,-0.049682,0.056879,0.00,1,0.00
0.883632,310.0781,-213.310547,-0.083201,-0.289268,-9.059659,0.162806,0.927753,-0.065244,-0.083201,0.058076,0.00,1,0.00
0.885889,310.0781,-213.310547,-0.080807,-0.289453,-9.046491,0.165200,0.957681,-0.052075,-0.080807,0.088004,0.00,1,0.00
0.888149,310.0781,-213.310547,-0.091581,-0.289640,-9.026140,0.154426,0.964863,-0.031725,-0.091581,0.095187,0.00,1,0.00
0.895816,309.9902,-213.398437,-0.108340,-0.290471,-9.062054,0.137667,0.942118,-0.067638,-0.108340,0.072442,0.00,1,0.00
0.897872,310.0781,-213.310547,-0.087989,-0.290659,-9.062054,0.158017,0.956484,-0.067638,-0.087989,0.086807,0.00,1,0.00
0.900127,310.0781,-213.310547,-0.104749,-0.290891,-9.072827,0.141258,0.976834,-0.078412,-0.104749,0.107158,0.00,1,0.00
0.902396,310.0781,-213.310547,-0.091581,-0.291113,-9.071630,0.154426,0.978031,-0.077215,-0.091581,0.108355,0.00,1,0.00
0.904653,309.9902,-213.398437,-0.090384,-0.291316,-9.075222,0.155623,0.949301,-0.080807,-0.090384,0.079624,0.00,1,0.00
0.906908,309.9902,-213.398437,-0.086792,-0.291527,-9.085996,0.159214,0.920571,-0.091580,-0.086792,0.050894,0.00,1,0.00
0.909164,310.0781,-213.310547,-0.067639,-0.291699,-9.082404,0.178368,0.937330,-0.087989,-0.067639,0.067653,0.00,1,0.00
0.911420,309.9902,-213.398437,-0.065244,-0.291849,-9.064447,0.180762,0.930147,-0.070032,-0.065244,0.060471,0.00,1,0.00
0.913681,309.9902,-213.398437,-0.062850,-0.291991,-9.060856,0.183156,0.946907,-0.066441,-0.062850,0.077230,0.00,1,0.00
0.915936,310.0781,-213.310547,-0.052076,-0.292130,-9.070433,0.193930,0.932542,-0.076017,-0.052076,0.062865,0.00,1,0.00
0.918192,309.9902,-213.398437,-0.054471,-0.292243,-9.084799,0.191536,0.944513,-0.090384,-0.054471,0.074836,0.00,1,0.00
0.920448,309.9902,-213.398437,-0.044894,-0.292353,-9.091981,0.201113,0.951695,-0.097566,-0.044894,0.082018,0.00,1,0.00
0.922708,309.9902,-213.398437,-0.040105,-0.292453,-9.088389,0.205901,0.926556,-0.093974,-0.040105,0.056879,0.00,1,0.00
0.924963,310.0781,-213.310547,-0.008981,-0.292501,-9.054871,0.237026,0.897826,-0.060455,-0.008981,0.028149,0.00,1,0.00
0.927219,309.9902,-213.398437,-0.000601,-0.292506,-9.052477,0.245406,0.903811,-0.058062,-0.000601,0.034134,0.00,1,0.00
0.929474,310.0781,-213.310547,0.006582,-0.292500,-9.042900,0.252588,0.903811,-0.048485,0.006582,0.034134,0.00,1,0.00
0.931734,309.9902,-213.398437,0.005385,-0.292485,-9.047688,0.251391,0.907402,-0.053273,0.005385,0.037726,0.00,1,0.00
0.933988,309.9902,-213.398437,0.013764,-0.292462,-9.075222,0.259771,0.884658,-0.080807,0.013764,0.014981,0.00,1,0.00
0.936245,309.9902,-213.398437,0.013764,-0.292427,-9.059659,0.259771,0.879869,-0.065244,0.013764,0.010192,0.00,1,0.00
0.938499,310.0781,-213.310547,0.008976,-0.292404,-9.062054,0.254982,0.885855,-0.067638,0.008976,0.016178,0.00,1,0.00
0.940754,310.0781,-213.310547,0.016158,-0.292370,-9.057265,0.262165,0.896629,-0.062850,0.016158,0.026952,0.00,1,0.00
0.943014,309.9902,-213.398437,0.041298,-0.292313,-9.063251,0.287304,0.912191,-0.068835,0.041298,0.042514,0.00,1,0.00
0.945269,309.9023,-213.486328,0.050874,-0.292204,-9.065644,0.296881,0.908600,-0.071229,0.050874,0.038923,0.00,1,0.00
0.947524,310.0781,-213.310547,0.050874,-0.292093,-9.082404,0.296881,0.906205,-0.087989,0.050874,0.036529,0.00,1,0.00
0.949779,310.0781,-213.310547,0.071225,-0.291942,-9.077616,0.317232,0.916979,-0.083200,0.071225,0.047302,0.00,1,0.00
0.952039,309.9902,-213.398437,0.087985,-0.291748,-9.082404,0.333991,0.908600,-0.087989,0.087985,0.038923,0.00,1,0.00
0.954294,310.1660,-213.222656,0.078408,-0.291567,-9.060856,0.324414,0.894234,-0.066441,0.078408,0.024558,0.00,1,0.00
0.956549,310.0781,-213.310547,0.084393,-0.291376,-9.059659,0.330400,0.896629,-0.065244,0.084393,0.026952,0.00,1,0.00
0.958803,310.0781,-213.310547,0.086787,-0.291185,-9.045294,0.332794,0.885855,-0.050879,0.086787,0.016178,0.00,1,0.00
0.961064,310.0781,-213.310547,0.087985,-0.290979,-9.052477,0.333991,0.866701,-0.058062,0.087985,-0.002976,0.00,1,0.00
0.963320,309.9023,-213.486328,0.076014,-0.290792,-9.074024,0.322020,0.859518,-0.079609,0.076014,-0.010158,0.00,1,0.00
0.965576,309.9902,-213.398437,0.071225,-0.290632,-9.075222,0.317232,0.881066,-0.080807,0.071225,0.011389,0.00,1,0.00
0.967830,309.9902,-213.398437,0.041298,-0.290500,-9.068039,0.287304,0.877475,-0.073624,0.041298,0.007798,0.00,1,0.00
0.970086,310.0781,-213.310547,0.052071,-0.290402,-9.075222,0.298078,0.885855,-0.080807,0.052071,0.016178,0.00,1,0.00
0.972347,309.9902,-213.398437,0.066437,-0.290264,-9.066842,0.312443,0.903811,-0.072427,0.066437,0.034134,0.00,1,0.00
0.974601,310.0781,-213.310547,0.061648,-0.290120,-9.060856,0.307655,0.884658,-0.066441,0.061648,0.014981,0.00,1,0.00
0.976856,309.9902,-213.398437,0.024538,-0.290028,-9.066842,0.270545,0.881066,-0.072427,0.024538,0.011389,0.00,1,0.00
0.979113,310.0781,-213.310547,0.036509,-0.289963,-9.068039,0.282516,0.876278,-0.073624,0.036509,0.006601,0.00,1,0.00
0.981372,309.9902,-213.398437,0.035312,-0.289881,-9.070433,0.281319,0.878672,-0.076017,0.035312,0.008995,0.00,1,0.00
0.983627,310.0781,-213.310547,0.026932,-0.289817,-9.056067,0.272939,0.860716,-0.061652,0.026932,-0.008961,0.00,1,0.00
0.985883,309.9902,-213.398437,0.012567,-0.289766,-9.071630,0.258574,0.889446,-0.077215,0.012567,0.019769,0.00,1,0.00
0.988138,309.9902,-213.398437,0.001793,-0.289752,-9.074024,0.247800,0.871489,-0.079609,0.001793,0.001813,0.00,1,0.00
0.997771,309.9902,-213.398437,0.016158,-0.289596,-9.069236,0.262165,0.878672,-0.074821,0.016158,0.008995,0.00,1,0.00
1.000027,310.0781,-213.310547,0.001793,-0.289574,-9.080010,0.247800,0.863110,-0.085595,0.001793,-0.006567,0.00,1,0.00
1.002282,310.0781,-213.310547,-0.005389,-0.289581,-9.081207,0.240617,0.836774,-0.086792,-0.005389,-0.032903,0.00,1,0.00
1.004537,309.9902,-213.398437,-0.017360,-0.289612,-9.080010,0.228646,0.845153,-0.085595,-0.017360,-0.024524,0.00,1,0.00
1.006792,309.9902,-213.398437,-0.031726,-0.289666,-9.069236,0.214281,0.841562,-0.074821,-0.031726,-0.028115,0.00,1,0.00
1.009060,310.0781,-213.310547,-0.046091,-0.289747,-9.048885,0.199916,0.848745,-0.054470,-0.046091,-0.020932,0.00,1,0.00
1.011316,309.9902,-213.398437,-0.078413,-0.289899,-9.056067,0.167594,0.854730,-0.061652,-0.078413,-0.014947,0.00,1,0.00
1.013571,309.9902,-213.398437,-0.064047,-0.290055,-9.071630,0.181959,0.858321,-0.077215,-0.064047,-0.011355,0.00,1,0.00
1.021188,310.0781,-213.310547,-0.067639,-0.290570,-9.070433,0.178368,0.865504,-0.076017,-0.067639,-0.004173,0.00,1,0.00
1.023260,310.0781,-213.310547,-0.073624,-0.290722,-9.088389,0.172383,0.863110,-0.093974,-0.073624,-0.006567,0.00,1,0.00
1.025514,309.9902,-213.398437,-0.062850,-0.290867,-9.070433,0.183156,0.834379,-0.076017,-0.062850,-0.035297,0.00,1,0.00
1.027770,309.9902,-213.398437,-0.074821,-0.291022,-9.078813,0.171185,0.861913,-0.084397,-0.074821,-0.007764,0.00,1,0.00
1.030026,309.9902,-213.398437,-0.068836,-0.291179,-9.082404,0.177171,0.857124,-0.087989,-0.068836,-0.012553,0.00,1,0.00
1.032287,309.9902,-213.398437,-0.080807,-0.291352,-9.094376,0.165200,0.867898,-0.099960,-0.080807,-0.001779,0.00,1,0.00
1.034543,309.9902,-213.398437,-0.066442,-0.291514,-9.099164,0.179565,0.883460,-0.104749,-0.066442,0.013784,0.00,1,0.00
1.036799,309.9902,-213.398437,-0.035317,-0.291621,-9.084799,0.210690,0.891840,-0.090384,-0.035317,0.022163,0.00,1,0.00
1.039054,310.0781,-213.310547,-0.034120,-0.291692,-9.075222,0.211887,0.918176,-0.080807,-0.034120,0.048500,0.00,1,0.00
1.041515,309.9902,-213.398437,-0.066442,-0.291856,-9.063251,0.179565,0.893037,-0.068835,-0.066442,0.023360,0.00,1,0.00
1.043770,309.9902,-213.398437,-0.052076,-0.292004,-9.069236,0.193930,0.863110,-0.074821,-0.052076,-0.006567,0.00,1,0.00
1.046026,309.9902,-213.398437,-0.036514,-0.292099,-9.063251,0.209493,0.851139,-0.068835,-0.036514,-0.018538,0.00,1,0.00
1.048281,309.9902,-213.398437,-0.024543,-0.292166,-9.045294,0.221464,0.837971,-0.050879,-0.024543,-0.031706,0.00,1,0.00
1.050536,310.0781,-213.310547,-0.026937,-0.292226,-9.052477,0.219069,0.843956,-0.058062,-0.026937,-0.025721,0.00,1,0.00
1.052804,309.9902,-213.398437,-0.007784,-0.292264,-9.065644,0.238223,0.864307,-0.071229,-0.007784,-0.005370,0.00,1,0.00
1.055059,309.9902,-213.398437,0.011370,-0.292255,-9.080010,0.257377,0.859518,-0.085595,0.011370,-0.010158,0.00,1,0.00
1.057314,309.9023,-213.486328,0.001793,-0.292241,-9.062054,0.247800,0.891840,-0.067638,0.001793,0.022163,0.00,1,0.00
1.059568,309.9902,-213.398437,-0.007784,-0.292258,-9.058462,0.238223,0.894234,-0.064047,-0.007784,0.024558,0.00,1,0.00
1.061828,309.9902,-213.398437,-0.004192,-0.292270,-9.066842,0.241814,0.884658,-0.072427,-0.004192,0.014981,0.00,1,0.00
1.064084,310.0781,-213.310547,0.022144,-0.292250,-9.056067,0.268151,0.869095,-0.061652,0.022144,-0.000582,0.00,1,0.00
1.066339,310.0781,-213.310547,0.037706,-0.292178,-9.058462,0.283713,0.872687,-0.064047,0.037706,0.003010,0.00,1,0.00
1.068594,310.0781,-213.310547,0.032918,-0.292099,-9.045294,0.278924,0.879869,-0.050879,0.032918,0.010192,0.00,1,0.00
1.070854,309.9902,-213.398437,0.029327,-0.292029,-9.028535,0.275333,0.900220,-0.034120,0.029327,0.030543,0.00,1,0.00
1.073109,310.0781,-213.310547,0.024538,-0.291967,-9.036914,0.270545,0.899023,-0.042499,0.024538,0.029346,0.00,1,0.00
1.075365,310.0781,-213.310547,0.043692,-0.291883,-9.050082,0.289698,0.884658,-0.055667,0.043692,0.014981,0.00,1,0.00
1.077620,309.9902,-213.398437,0.050874,-0.291771,-9.048885,0.296881,0.890643,-0.054470,0.050874,0.020966,0.00,1,0.00
1.079880,309.9902,-213.398437,0.078408,-0.291621,-9.059659,0.324414,0.910994,-0.065244,0.078408,0.041317,0.00,1,0.00
1.082136,309.9902,-213.398437,0.089182,-0.291429,-9.063251,0.335188,0.906205,-0.068835,0.089182,0.036529,0.00,1,0.00
1.084391,309.9902,-213.398437,0.073619,-0.291253,-9.060856,0.319626,0.902614,-0.066441,0.073619,0.032937,0.00,1,0.00
1.086646,310.0781,-213.310547,0.065240,-0.291105,-9.053674,0.311246,0.903811,-0.059258,0.065240,0.034134,0.00,1,0.00
1.088901,309.9023,-213.486328,0.058057,-0.290962,-9.060856,0.304064,0.877475,-0.066441,0.058057,0.007798,0.00,1,0.00
1.091161,309.9902,-213.398437,0.053269,-0.290842,-9.058462,0.299275,0.869095,-0.064047,0.053269,-0.000582,0.00,1,0.00
1.093417,309.9902,-213.398437,0.067634,-0.290695,-9.082404,0.313640,0.887052,-0.087989,0.067634,0.017375,0.00,1,0.00
1.095674,310.0781,-213.310547,0.054466,-0.290562,-9.074024,0.300472,0.878672,-0.079609,0.054466,0.008995,0.00,1,0.00
1.097928,310.0781,-213.310547,0.053269,-0.290443,-9.071630,0.299275,0.902614,-0.077215,0.053269,0.032937,0.00,1,0.00
1.100189,310.0781,-213.310547,0.060451,-0.290310,-9.064447,0.306458,0.883460,-0.070032,0.060451,0.013784,0.00,1,0.00
1.102446,309.9902,-213.398437,0.046086,-0.290199,-9.064447,0.292093,0.895431,-0.070032,0.046086,0.025755,0.00,1,0.00
1.104700,310.0781,-213.310547,0.046086,-0.290098,-9.068039,0.292093,0.888249,-0.073624,0.046086,0.018572,0.00,1,0.00
1.106955,309.9902,-213.398437,0.041298,-0.290001,-9.063251,0.287304,0.884658,-0.068835,0.041298,0.014981,0.00,1,0.00
1.109215,310.0781,-213.310547,0.031721,-0.289921,-9.057265,0.277727,0.885855,-0.062850,0.031721,0.016178,0.00,1,0.00
1.111469,309.9902,-213.398437,0.026932,-0.289856,-9.040505,0.272939,0.894234,-0.046090,0.026932,0.024558,0.00,1,0.00
1.113724,309.9902,-213.398437,-0.002995,-0.289842,-9.075222,0.243011,0.905008,-0.080807,-0.002995,0.035331,0.00,1,0.00
1.115979,309.9902,-213.398437,0.005385,-0.289844,-9.072827,0.251391,0.899023,-0.078412,0.005385,0.029346,0.00,1,0.00
1.118233,309.9902,-213.398437,0.016158,-0.289815,-9.082404,0.262165,0.913388,-0.087989,0.016158,0.043711,0.00,1,0.00
1.120494,310.0781,-213.310547,-0.006586,-0.289817,-9.066842,0.239420,0.921768,-0.072427,-0.006586,0.052091,0.00,1,0.00
1.122749,310.0781,-213.310547,-0.005389,-0.289836,-9.057265,0.240617,0.910994,-0.062850,-0.005389,0.041317,0.00,1,0.00
1.125004,309.9902,-213.398437,-0.036514,-0.289881,-9.044097,0.209493,0.920571,-0.049682,-0.036514,0.050894,0.00,1,0.00
1.127259,309.9902,-213.398437,-0.040105,-0.289972,-9.046491,0.205901,0.918176,-0.052075,-0.040105,0.048500,0.00,1,0.00
1.129520,309.9902,-213.398437,-0.024543,-0.290035,-9.057265,0.221464,0.916979,-0.062850,-0.024543,0.047302,0.00,1,0.00
1.131775,309.9902,-213.398437,-0.024543,-0.290078,-9.087193,0.221464,0.913388,-0.092777,-0.024543,0.043711,0.00,1,0.00
1.139416,310.0781,-213.310547,-0.065244,-0.290577,-9.078813,0.180762,0.918176,-0.084397,-0.065244,0.048500,0.00,1,0.00
1.141472,309.9902,-213.398437,-0.060456,-0.290706,-9.069236,0.185551,0.902614,-0.074821,-0.060456,0.032937,0.00,1,0.00
1.143741,310.0781,-213.310547,-0.065244,-0.290855,-9.068039,0.180762,0.920571,-0.073624,-0.065244,0.050894,0.00,1,0.00
1.145996,310.0781,-213.310547,-0.048485,-0.290985,-9.052477,0.197522,0.944513,-0.058062,-0.048485,0.074836,0.00,1,0.00
1.148253,309.9902,-213.398437,-0.056865,-0.291105,-9.033323,0.189142,0.931344,-0.038908,-0.056865,0.061668,0.00,1,0.00
1.150510,309.9902,-213.398437,-0.056865,-0.291235,-9.034520,0.189142,0.940921,-0.040105,-0.056865,0.071244,0.00,1,0.00
1.152766,310.0781,-213.310547,-0.043697,-0.291346,-9.040505,0.202310,0.912191,-0.046090,-0.043697,0.042514,0.00,1,0.00
1.155027,310.0781,-213.310547,-0.038908,-0.291441,-9.051279,0.207098,0.925359,-0.056864,-0.038908,0.055682,0.00,1,0.00
1.157283,309.9902,-213.398437,-0.032923,-0.291519,-9.047688,0.213084,0.936133,-0.053273,-0.032923,0.066456,0.00,1,0.00
1.159538,309.9902,-213.398437,-0.049682,-0.291603,-9.057265,0.196325,0.920571,-0.062850,-0.049682,0.050894,0.00,1,0.00
1.161794,310.0781,-213.310547,-0.049682,-0.291718,-9.048885,0.196325,0.934936,-0.054470,-0.049682,0.065259,0.00,1,0.00
1.164055,310.0781,-213.310547,-0.036514,-0.291816,-9.054871,0.209493,0.896629,-0.060455,-0.036514,0.026952,0.00,1,0.00
1.166310,309.9902,-213.398437,-0.037711,-0.291900,-9.060856,0.208296,0.901417,-0.066441,-0.037711,0.031740,0.00,1,0.00
1.168566,309.9902,-213.398437,-0.037711,-0.291984,-9.070433,0.208296,0.896629,-0.076017,-0.037711,0.026952,0.00,1,0.00
1.170821,309.9902,-213.398437,-0.040105,-0.292071,-9.080010,0.205901,0.887052,-0.085595,-0.040105,0.017375,0.00,1,0.00
1.173081,310.0781,-213.310547,-0.036514,-0.292157,-9.083601,0.209493,0.882263,-0.089186,-0.036514,0.012587,0.00,1,0.00
1.175336,310.0781,-213.310547,-0.036514,-0.292236,-9.080010,0.209493,0.915782,-0.085595,-0.036514,0.046105,0.00,1,0.00
1.177592,310.0781,-213.310547,-0.044894,-0.292338,-9.070433,0.201113,0.925359,-0.076017,-0.044894,0.055682,0.00,1,0.00
1.179847,309.9902,-213.398437,-0.036514,-0.292430,-9.072827,0.209493,0.943315,-0.078412,-0.036514,0.073639,0.00,1,0.00
1.182108,310.0781,-213.310547,-0.028134,-0.292500,-9.054871,0.217872,0.928950,-0.060455,-0.028134,0.059273,0.00,1,0.00
1.184363,310.0781,-213.310547,-0.008981,-0.292533,-9.054871,0.237026,0.930147,-0.060455,-0.008981,0.060471,0.00,1,0.00
1.186620,309.9902,-213.398437,0.006582,-0.292530,-9.059659,0.252588,0.933739,-0.065244,0.006582,0.064062,0.00,1,0.00
1.188875,309.9023,-213.486328,0.008976,-0.292511,-9.066842,0.254982,0.926556,-0.072427,0.008976,0.056879,0.00,1,0.00
1.191130,310.0781,-213.310547,0.011370,-0.292489,-9.063251,0.257377,0.957681,-0.068835,0.011370,0.088004,0.00,1,0.00
1.193391,309.9902,-213.398437,0.014961,-0.292455,-9.057265,0.260968,0.938527,-0.062850,0.014961,0.068850,0.00,1,0.00
1.195647,309.9902,-213.398437,0.024538,-0.292413,-9.078813,0.270545,0.924162,-0.084397,0.024538,0.054485,0.00,1,0.00
1.197901,309.9902,-213.398437,0.023341,-0.292363,-9.082404,0.269348,0.936133,-0.087989,0.023341,0.066456,0.00,1,0.00
1.200156,309.9902,-213.398437,0.036509,-0.292290,-9.064447,0.282516,0.915782,-0.070032,0.036509,0.046105,0.00,1,0.00
1.202416,310.0781,-213.310547,0.029327,-0.292220,-9.063251,0.275333,0.915782,-0.068835,0.029327,0.046105,0.00,1,0.00
1.204670,309.9902,-213.398437,0.040100,-0.292139,-9.062054,0.286107,0.920571,-0.067638,0.040100,0.050894,0.00,1,0.00
1.206926,309.9902,-213.398437,0.041298,-0.292049,-9.084799,0.287304,0.930147,-0.090384,0.041298,0.060471,0.00,1,0.00
1.209182,310.0781,-213.310547,0.044889,-0.291945,-9.074024,0.290895,0.927753,-0.079609,0.044889,0.058076,0.00,1,0.00
1.211441,310.0781,-213.310547,0.044889,-0.291842,-9.065644,0.290895,0.900220,-0.071229,0.044889,0.030543,0.00,1,0.00
1.213696,309.9023,-213.486328,0.053269,-0.291740,-9.075222,0.299275,0.879869,-0.080807,0.053269,0.010192,0.00,1,0.00
1.215952,309.9902,-213.398437,0.054466,-0.291619,-9.062054,0.300472,0.882263,-0.067638,0.054466,0.012587,0.00,1,0.00
1.218207,310.0781,-213.310547,0.040100,-0.291512,-9.069236,0.286107,0.893037,-0.074821,0.040100,0.023360,0.00,1,0.00
1.220463,310.0781,-213.310547,0.034115,-0.291454,-9.069236,0.280122,0.903811,-0.074821,0.034115,0.034134,0.00,1,0.00
1.222723,310.0781,-213.310547,0.030524,-0.291378,-9.078813,0.276530,0.907402,-0.084397,0.030524,0.037726,0.00,1,0.00
1.224979,309.9902,-213.398437,0.036509,-0.291301,-9.063251,0.282516,0.915782,-0.068835,0.036509,0.046105,0.00,1,0.00
1.227234,309.9902,-213.398437,0.044889,-0.291209,-9.045294,0.290895,0.934936,-0.050879,0.044889,0.065259,0.00,1,0.00
1.229489,309.9902,-213.398437,0.050874,-0.291092,-9.042900,0.296881,0.932542,-0.048485,0.050874,0.062865,0.00,1,0.00
1.231749,309.9902,-213.398437,0.054466,-0.290980,-9.058462,0.300472,0.915782,-0.064047,0.054466,0.046105,0.00,1,0.00
1.234003,310.0781,-213.310547,0.067634,-0.290835,-9.053674,0.313640,0.906205,-0.059258,0.067634,0.036529,0.00,1,0.00
1.236259,310.0781,-213.310547,0.036509,-0.290733,-9.065644,0.282516,0.893037,-0.071229,0.036509,0.023360,0.00,1,0.00
1.238514,310.0781,-213.310547,0.020947,-0.290678,-9.050082,0.266953,0.888249,-0.055667,0.020947,0.018572,0.00,1,0.00
1.240776,310.0781,-213.310547,0.026932,-0.290623,-9.042900,0.272939,0.888249,-0.048485,0.026932,0.018572,0.00,1,0.00
1.243030,309.9902,-213.398437,0.020947,-0.290571,-9.059659,0.266953,0.894234,-0.065244,0.020947,0.024558,0.00,1,0.00
1.245286,310.0781,-213.310547,0.023341,-0.290525,-9.069236,0.269348,0.889446,-0.074821,0.023341,0.019769,0.00,1,0.00
1.247541,309.9902,-213.398437,-0.006586,-0.290500,-9.071630,0.239420,0.877475,-0.077215,-0.006586,0.007798,0.00,1,0.00
1.249796,309.9902,-213.398437,-0.001798,-0.290518,-9.083601,0.244209,0.870292,-0.089186,-0.001798,0.000616,0.00,1,0.00
1.258907,310.0781,-213.310547,0.011370,-0.290415,-9.040505,0.257377,0.893037,-0.046090,0.011370,0.023360,0.00,1,0.00
1.260963,309.9902,-213.398437,-0.011375,-0.290426,-9.040505,0.234632,0.901417,-0.046090,-0.011375,0.031740,0.00,1,0.00
1.263219,309.9902,-213.398437,-0.028134,-0.290480,-9.048885,0.217872,0.895431,-0.054470,-0.028134,0.025755,0.00,1,0.00
1.265474,309.9902,-213.398437,-0.040105,-0.290571,-9.081207,0.205901,0.895431,-0.086792,-0.040105,0.025755,0.00,1,0.00
1.267743,309.9023,-213.486328,-0.062850,-0.290687,-9.094376,0.183156,0.877475,-0.099960,-0.062850,0.007798,0.00,1,0.00
1.269999,310.0781,-213.310547,-0.073624,-0.290844,-9.088389,0.172383,0.864307,-0.093974,-0.073624,-0.005370,0.00,1,0.00
1.272256,309.9902,-213.398437,-0.073624,-0.291011,-9.071630,0.172383,0.863110,-0.077215,-0.073624,-0.006567,0.00,1,0.00
1.274513,309.9902,-213.398437,-0.058062,-0.291157,-9.064447,0.187945,0.846350,-0.070032,-0.058062,-0.023326,0.00,1,0.00
1.276773,309.9902,-213.398437,-0.049682,-0.291276,-9.065644,0.196325,0.837971,-0.071229,-0.049682,-0.031706,0.00,1,0.00
1.279027,310.0781,-213.310547,-0.056865,-0.291398,-9.062054,0.189142,0.863110,-0.067638,-0.056865,-0.006567,0.00,1,0.00
1.281283,309.9902,-213.398437,-0.061653,-0.291534,-9.051279,0.184354,0.885855,-0.056864,-0.061653,0.016178,0.00,1,0.00
1.283539,309.9902,-213.398437,-0.060456,-0.291682,-9.060856,0.185551,0.877475,-0.066441,-0.060456,0.007798,0.00,1,0.00
1.285794,309.9902,-213.398437,-0.047288,-0.291805,-9.060856,0.198719,0.863110,-0.066441,-0.047288,-0.006567,0.00,1,0.00
1.288054,309.9902,-213.398437,-0.040105,-0.291898,-9.069236,0.205901,0.845153,-0.074821,-0.040105,-0.024524,0.00,1,0.00
1.290310,309.9902,-213.398437,-0.042499,-0.291993,-9.093178,0.203507,0.878672,-0.098763,-0.042499,0.008995,0.00,1,0.00
1.292566,310.0781,-213.310547,-0.023346,-0.292068,-9.077616,0.222661,0.890643,-0.083200,-0.023346,0.020966,0.00,1,0.00
1.294821,309.9902,-213.398437,-0.008981,-0.292102,-9.070433,0.237026,0.889446,-0.076017,-0.008981,0.019769,0.00,1,0.00
1.297081,309.9902,-213.398437,-0.002995,-0.292116,-9.047688,0.243011,0.854730,-0.053273,-0.002995,-0.014947,0.00,1,0.00
1.299336,309.9902,-213.398437,-0.017360,-0.292141,-9.048885,0.228646,0.871489,-0.054470,-0.017360,0.001813,0.00,1,0.00
1.301591,310.0781,-213.310547,-0.014966,-0.292185,-9.064447,0.231040,0.854730,-0.070032,-0.014966,-0.014947,0.00,1,0.00
1.303847,309.9902,-213.398437,-0.031726,-0.292229,-9.053674,0.214281,0.869095,-0.059258,-0.031726,-0.000582,0.00,1,0.00
1.306107,309.9902,-213.398437,-0.018557,-0.292289,-9.054871,0.227449,0.873884,-0.060455,-0.018557,0.004207,0.00,1,0.00
1.308362,310.0781,-213.310547,0.005385,-0.292291,-9.072827,0.251391,0.876278,-0.078412,0.005385,0.006601,0.00,1,0.00
1.310618,309.9902,-213.398437,0.006582,-0.292277,-9.075222,0.252588,0.894234,-0.080807,0.006582,0.024558,0.00,1,0.00
1.312874,309.9902,-213.398437,0.013764,-0.292255,-9.072827,0.259771,0.896629,-0.078412,0.013764,0.026952,0.00,1,0.00
1.315134,309.9902,-213.398437,0.004187,-0.292238,-9.050082,0.250194,0.867898,-0.055667,0.004187,-0.001779,0.00,1,0.00
1.317389,309.9902,-213.398437,0.026932,-0.292201,-9.054871,0.272939,0.866701,-0.060455,0.026932,-0.002976,0.00,1,0.00
1.319645,310.0781,-213.310547,0.029327,-0.292134,-9.076419,0.275333,0.877475,-0.082004,0.029327,0.007798,0.00,1,0.00
1.321899,310.0781,-213.310547,0.014961,-0.292089,-9.064447,0.260968,0.858321,-0.070032,0.014961,-0.011355,0.00,1,0.00
1.324155,310.0781,-213.310547,0.022144,-0.292039,-9.056067,0.268151,0.848745,-0.061652,0.022144,-0.020932,0.00,1,0.00
1.326416,310.0781,-213.310547,0.037706,-0.291982,-9.053674,0.283713,0.867898,-0.059258,0.037706,-0.001779,0.00,1,0.00
1.328672,310.1660,-213.222656,0.038903,-0.291901,-9.050082,0.284910,0.902614,-0.055667,0.038903,0.032937,0.00,1,0.00
1.330928,310.0781,-213.310547,0.040100,-0.291810,-9.040505,0.286107,0.888249,-0.046090,0.040100,0.018572,0.00,1,0.00
1.333183,309.9902,-213.398437,0.020947,-0.291749,-9.042900,0.266953,0.883460,-0.048485,0.020947,0.013784,0.00,1,0.00
1.335442,310.0781,-213.310547,0.043692,-0.291681,-9.057265,0.289698,0.895431,-0.062850,0.043692,0.025755,0.00,1,0.00
1.337697,309.9902,-213.398437,0.049677,-0.291571,-9.071630,0.295684,0.878672,-0.077215,0.049677,0.008995,0.00,1,0.00
1.339952,310.0781,-213.310547,0.034115,-0.291479,-9.071630,0.280122,0.877475,-0.077215,0.034115,0.007798,0.00,1,0.00
1.342207,309.9902,-213.398437,0.029327,-0.291414,-9.093178,0.275333,0.894234,-0.098763,0.029327,0.024558,0.00,1,0.00
1.344468,310.0781,-213.310547,0.023341,-0.291360,-9.094376,0.269348,0.885855,-0.099960,0.023341,0.016178,0.00,1,0.00
1.346722,310.0781,-213.310547,0.024538,-0.291303,-9.088389,0.270545,0.906205,-0.093974,0.024538,0.036529,0.00,1,0.00
1.348978,309.9902,-213.398437,0.016158,-0.291261,-9.070433,0.262165,0.927753,-0.076017,0.016158,0.058076,0.00,1,0.00
1.351233,310.0781,-213.310547,0.030524,-0.291204,-9.068039,0.276530,0.931344,-0.073624,0.030524,0.061668,0.00,1,0.00
1.353488,309.9902,-213.398437,0.029327,-0.291117,-9.077616,0.275333,0.934936,-0.083200,0.029327,0.065259,0.00,1,0.00
1.355748,309.9902,-213.398437,0.017356,-0.291070,-9.076419,0.263362,0.915782,-0.082004,0.017356,0.046105,0.00,1,0.00
1.358002,309.9902,-213.398437,0.025735,-0.291017,-9.054871,0.271742,0.915782,-0.060455,0.025735,0.046105,0.00,1,0.00
1.360256,309.9902,-213.398437,0.026932,-0.290956,-9.041702,0.272939,0.903811,-0.047287,0.026932,0.034134,0.00,1,0.00
1.362511,309.9902,-213.398437,0.007779,-0.290923,-9.054871,0.253785,0.894234,-0.060455,0.007779,0.024558,0.00,1,0.00
1.364771,310.0781,-213.310547,0.007779,-0.290907,-9.039309,0.253785,0.870292,-0.044893,0.007779,0.000616,0.00,1,0.00
1.367027,309.9902,-213.398437,0.010173,-0.290887,-9.030929,0.256180,0.890643,-0.036513,0.010173,0.020966,0.00,1,0.00
1.369281,309.9902,-213.398437,0.035312,-0.290836,-9.032125,0.281319,0.891840,-0.037710,0.035312,0.022163,0.00,1,0.00
1.376919,310.0781,-213.310547,0.026932,-0.290630,-9.059659,0.272939,0.925359,-0.065244,0.026932,0.055682,0.00,1,0.00
1.378988,309.9902,-213.398437,0.018553,-0.290583,-9.050082,0.264559,0.914585,-0.055667,0.018553,0.044908,0.00,1,0.00
1.381244,309.9902,-213.398437,-0.026937,-0.290605,-9.052477,0.219069,0.902614,-0.058062,-0.026937,0.032937,0.00,1,0.00
1.383499,310.0781,-213.310547,-0.032923,-0.290679,-9.032125,0.213084,0.901417,-0.037710,-0.032923,0.031740,0.00,1,0.00
1.385754,309.9902,-213.398437,-0.025740,-0.290746,-9.039309,0.220267,0.895431,-0.044893,-0.025740,0.025755,0.00,1,0.00
1.388009,309.9902,-213.398437,-0.016163,-0.290785,-9.047688,0.229843,0.915782,-0.053273,-0.016163,0.046105,0.00,1,0.00
1.390268,309.9902,-213.398437,-0.008981,-0.290814,-9.058462,0.237026,0.933739,-0.064047,-0.008981,0.064062,0.00,1,0.00
1.392523,309.9023,-213.486328,-0.041302,-0.290865,-9.078813,0.204704,0.912191,-0.084397,-0.041302,0.042514,0.00,1,0.00
1.394778,309.9902,-213.398437,-0.056865,-0.290983,-9.083601,0.189142,0.906205,-0.089186,-0.056865,0.036529,0.00,1,0.00
1.397034,310.0781,-213.310547,-0.048485,-0.291097,-9.063251,0.197522,0.899023,-0.068835,-0.048485,0.029346,0.00,1,0.00
1.399293,309.9902,-213.398437,-0.047288,-0.291215,-9.072827,0.198719,0.899023,-0.078412,-0.047288,0.029346,0.00,1,0.00
1.401548,310.0781,-213.310547,-0.026937,-0.291296,-9.077616,0.219069,0.914585,-0.083200,-0.026937,0.044908,0.00,1,0.00
1.403802,309.9902,-213.398437,-0.034120,-0.291367,-9.081207,0.211887,0.927753,-0.086792,-0.034120,0.058076,0.00,1,0.00
1.406056,310.0781,-213.310547,-0.019755,-0.291420,-9.088389,0.226252,0.924162,-0.093974,-0.019755,0.054485,0.00,1,0.00
1.408318,310.0781,-213.310547,-0.048485,-0.291507,-9.085996,0.197522,0.936133,-0.091580,-0.048485,0.066456,0.00,1,0.00
1.410573,309.9902,-213.398437,-0.061653,-0.291632,-9.078813,0.184354,0.920571,-0.084397,-0.061653,0.050894,0.00,1,0.00
1.412828,310.0781,-213.310547,-0.058062,-0.291768,-9.084799,0.187945,0.912191,-0.090384,-0.058062,0.042514,0.00,1,0.00
1.415084,309.9023,-213.486328,-0.040105,-0.291867,-9.063251,0.205901,0.916979,-0.068835,-0.040105,0.047302,0.00,1,0.00
1.417345,309.9902,-213.398437,-0.043697,-0.291954,-9.068039,0.202310,0.893037,-0.073624,-0.043697,0.023360,0.00,1,0.00
1.419600,309.9902,-213.398437,-0.046091,-0.292061,-9.065644,0.199916,0.924162,-0.071229,-0.046091,0.054485,0.00,1,0.00
1.421856,310.0781,-213.310547,-0.048485,-0.292166,-9.069236,0.197522,0.939724,-0.074821,-0.048485,0.070047,0.00,1,0.00
1.424112,309.9902,-213.398437,-0.042499,-0.292269,-9.046491,0.203507,0.945710,-0.052075,-0.042499,0.076033,0.00,1,0.00
1.426367,309.9902,-213.398437,-0.023346,-0.292337,-9.046491,0.222661,0.928950,-0.052075,-0.023346,0.059273,0.00,1,0.00
1.428627,310.0781,-213.310547,-0.022149,-0.292387,-9.072827,0.223858,0.933739,-0.078412,-0.022149,0.064062,0.00,1,0.00
1.430882,310.0781,-213.310547,-0.023346,-0.292437,-9.075222,0.222661,0.934936,-0.080807,-0.023346,0.065259,0.00,1,0.00
1.433137,310.0781,-213.310547,-0.019755,-0.292488,-9.087193,0.226252,0.913388,-0.092777,-0.019755,0.043711,0.00,1,0.00
1.435393,309.9902,-213.398437,-0.017360,-0.292520,-9.112331,0.228646,0.920571,-0.117916,-0.017360,0.050894,0.00,1,0.00
1.437653,309.9023,-213.486328,-0.013769,-0.292562,-9.111135,0.232238,0.902614,-0.116719,-0.013769,0.032937,0.00,1,0.00
1.439909,309.9023,-213.486328,0.004187,-0.292560,-9.091981,0.250194,0.877475,-0.097566,0.004187,0.007798,0.00,1,0.00
1.442164,309.9902,-213.398437,0.024538,-0.292528,-9.084799,0.270545,0.907402,-0.090384,0.024538,0.037726,0.00,1,0.00
1.444418,310.0781,-213.310547,0.007779,-0.292487,-9.091981,0.253785,0.922965,-0.097566,0.007779,0.053288,0.00,1,0.00
1.446681,309.9902,-213.398437,-0.007784,-0.292487,-9.076419,0.238223,0.934936,-0.082004,-0.007784,0.065259,0.00,1,0.00
1.448936,310.0781,-213.310547,-0.011375,-0.292512,-9.081207,0.234632,0.970849,-0.086792,-0.011375,0.101172,0.00,1,0.00
1.451192,310.0781,-213.310547,0.000596,-0.292529,-9.087193,0.246603,0.930147,-0.092777,0.000596,0.060471,0.00,1,0.00
1.453448,309.9902,-213.398437,0.004187,-0.292520,-9.085996,0.250194,0.915782,-0.091580,0.004187,0.046105,0.00,1,0.00
1.455703,309.9902,-213.398437,0.005385,-0.292510,-9.101558,0.251391,0.895431,-0.107142,0.005385,0.025755,0.00,1,0.00
1.457963,309.9902,-213.398437,0.031721,-0.292455,-9.108741,0.277727,0.884658,-0.114326,0.031721,0.014981,0.00,1,0.00
1.460218,310.0781,-213.310547,0.012567,-0.292392,-9.101558,0.258574,0.928950,-0.107142,0.012567,0.059273,0.00,1,0.00
1.462474,309.9902,-213.398437,0.005385,-0.292375,-9.094376,0.251391,0.920571,-0.099960,0.005385,0.050894,0.00,1,0.00
1.464728,309.9902,-213.398437,0.017356,-0.292347,-9.084799,0.263362,0.903811,-0.090384,0.017356,0.034134,0.00,1,0.00
1.466988,309.9902,-213.398437,0.020947,-0.292301,-9.078813,0.266953,0.889446,-0.084397,0.020947,0.019769,0.00,1,0.00
1.469245,309.9902,-213.398437,0.018553,-0.292262,-9.076419,0.264559,0.875081,-0.082004,0.018553,0.005404,0.00,1,0.00
1.471500,309.9902,-213.398437,0.014961,-0.292225,-9.085996,0.260968,0.896629,-0.091580,0.014961,0.026952,0.00,1,0.00
1.473754,310.0781,-213.310547,0.013764,-0.292191,-9.099164,0.259771,0.899023,-0.104749,0.013764,0.029346,0.00,1,0.00
1.476015,309.9902,-213.398437,0.011370,-0.292173,-9.109938,0.257377,0.913388,-0.115522,0.011370,0.043711,0.00,1,0.00
1.478270,310.0781,-213.310547,0.014961,-0.292138,-9.095572,0.260968,0.942118,-0.101157,0.014961,0.072442,0.00,1,0.00
1.480526,309.9902,-213.398437,0.017356,-0.292099,-9.080010,0.263362,0.913388,-0.085595,0.017356,0.043711,0.00,1,0.00
1.482782,310.0781,-213.310547,0.026932,-0.292046,-9.078813,0.272939,0.914585,-0.084397,0.026932,0.044908,0.00,1,0.00
1.485036,310.0781,-213.310547,0.031721,-0.291972,-9.074024,0.277727,0.921768,-0.079609,0.031721,0.052091,0.00,1,0.00
1.487297,309.9902,-213.398437,0.006582,-0.291939,-9.080010,0.252588,0.922965,-0.085595,0.006582,0.053288,0.00,1,0.00
1.495390,309.9902,-213.398437,0.029327,-0.291702,-9.062054,0.275333,0.910994,-0.067638,0.029327,0.041317,0.00,1,0.00
1.497933,309.9902,-213.398437,0.011370,-0.291663,-9.051279,0.257377,0.893037,-0.056864,0.011370,0.023360,0.00,1,0.00
1.500188,309.9902,-213.398437,0.016158,-0.291632,-9.072827,0.262165,0.896629,-0.078412,0.016158,0.026952,0.00,1,0.00
1.502456,309.9902,-213.398437,0.014961,-0.291593,-9.077616,0.260968,0.889446,-0.083200,0.014961,0.019769,0.00,1,0.00
1.504711,309.9902,-213.398437,0.001793,-0.291579,-9.072827,0.247800,0.879869,-0.078412,0.001793,0.010192,0.00,1,0.00
1.506966,310.0781,-213.310547,-0.002995,-0.291587,-9.074024,0.243011,0.878672,-0.079609,-0.002995,0.008995,0.00,1,0.00
1.509221,309.9902,-213.398437,-0.007784,-0.291591,-9.068039,0.238223,0.889446,-0.073624,-0.007784,0.019769,0.00,1,0.00
1.511481,310.1660,-213.222656,-0.032923,-0.291639,-9.065644,0.213084,0.888249,-0.071229,-0.032923,0.018572,0.00,1,0.00
1.513735,309.9902,-213.398437,-0.037711,-0.291727,-9.046491,0.208296,0.872687,-0.052075,-0.037711,0.003010,0.00,1,0.00
1.515989,309.9902,-213.398437,-0.036514,-0.291802,-9.046491,0.209493,0.857124,-0.052075,-0.036514,-0.012553,0.00,1,0.00
1.518246,309.9902,-213.398437,-0.050879,-0.291922,-9.040505,0.195127,0.851139,-0.046090,-0.050879,-0.018538,0.00,1,0.00
1.520507,310.0781,-213.310547,-0.034120,-0.292016,-9.042900,0.211887,0.885855,-0.048485,-0.034120,0.016178,0.00,1,0.00
1.522762,310.0781,-213.310547,-0.055668,-0.292127,-9.054871,0.190339,0.894234,-0.060455,-0.055668,0.024558,0.00,1,0.00
1.525018,309.9902,-213.398437,-0.034120,-0.292225,-9.050082,0.211887,0.889446,-0.055667,-0.034120,0.019769,0.00,1,0.00
1.527273,309.9902,-213.398437,-0.008981,-0.292256,-9.053674,0.237026,0.865504,-0.059258,-0.008981,-0.004173,0.00,1,0.00
1.529528,309.9902,-213.398437,-0.023346,-0.292288,-9.070433,0.222661,0.865504,-0.076017,-0.023346,-0.004173,0.00,1,0.00
1.531789,309.9902,-213.398437,-0.043697,-0.292381,-9.063251,0.202310,0.867898,-0.068835,-0.043697,-0.001779,0.00,1,0.00
1.534046,309.9902,-213.398437,-0.022149,-0.292449,-9.064447,0.223858,0.867898,-0.070032,-0.022149,-0.001779,0.00,1,0.00
1.536301,309.9902,-213.398437,-0.031726,-0.292510,-9.066842,0.214281,0.869095,-0.072427,-0.031726,-0.000582,0.00,1,0.00
1.538556,309.9902,-213.398437,-0.038908,-0.292588,-9.064447,0.207098,0.846350,-0.070032,-0.038908,-0.023326,0.00,1,0.00
1.540816,309.9902,-213.398437,-0.038908,-0.292683,-9.064447,0.207098,0.861913,-0.070032,-0.038908,-0.007764,0.00,1,0.00
1.543072,310.0781,-213.310547,-0.032923,-0.292767,-9.065644,0.213084,0.841562,-0.071229,-0.032923,-0.028115,0.00,1,0.00
1.545327,309.9902,-213.398437,-0.016163,-0.292820,-9.080010,0.229843,0.815226,-0.085595,-0.016163,-0.054451,0.00,1,0.00
1.547583,309.9902,-213.398437,-0.010178,-0.292849,-9.078813,0.235829,0.818817,-0.084397,-0.010178,-0.050860,0.00,1,0.00
1.549843,309.9902,-213.398437,-0.008981,-0.292865,-9.068039,0.237026,0.851139,-0.073624,-0.008981,-0.018538,0.00,1,0.00
1.552099,309.9902,-213.398437,-0.024543,-0.292904,-9.080010,0.221464,0.845153,-0.085595,-0.024543,-0.024524,0.00,1,0.00
1.554355,309.9902,-213.398437,-0.023346,-0.292958,-9.075222,0.222661,0.863110,-0.080807,-0.023346,-0.006567,0.00,1,0.00
1.556610,309.9902,-213.398437,-0.034120,-0.293026,-9.080010,0.211887,0.876278,-0.085595,-0.034120,0.006601,0.00,1,0.00
1.558870,309.9902,-213.398437,-0.011375,-0.293067,-9.080010,0.234632,0.876278,-0.085595,-0.011375,0.006601,0.00,1,0.00
1.561125,309.9902,-213.398437,-0.010178,-0.293092,-9.081207,0.235829,0.875081,-0.086792,-0.010178,0.005404,0.00,1,0.00
1.563380,309.9902,-213.398437,-0.007784,-0.293112,-9.062054,0.238223,0.860716,-0.067638,-0.007784,-0.008961,0.00,1,0.00
1.565635,309.9902,-213.398437,-0.011375,-0.293136,-9.064447,0.234632,0.857124,-0.070032,-0.011375,-0.012553,0.00,1,0.00
1.567889,310.0781,-213.310547,-0.018557,-0.293168,-9.056067,0.227449,0.876278,-0.061652,-0.018557,0.006601,0.00,1,0.00
1.570149,309.9902,-213.398437,-0.010178,-0.293209,-9.046491,0.235829,0.873884,-0.052075,-0.010178,0.004207,0.00,1,0.00
1.572404,310.0781,-213.310547,-0.004192,-0.293230,-9.044097,0.241814,0.884658,-0.049682,-0.004192,0.014981,0.00,1,0.00
1.574660,310.0781,-213.310547,0.025735,-0.293184,-9.040505,0.271742,0.895431,-0.046090,0.025735,0.025755,0.00,1,0.00
1.576914,309.9902,-213.398437,0.032918,-0.293115,-9.053674,0.278924,0.897826,-0.059258,0.032918,0.028149,0.00,1,0.00
1.579174,309.9902,-213.398437,0.040100,-0.293028,-9.089587,0.286107,0.885855,-0.095172,0.040100,0.016178,0.00,1,0.00
1.581428,310.0781,-213.310547,0.022144,-0.292955,-9.071630,0.268151,0.897826,-0.077215,0.022144,0.028149,0.00,1,0.00
1.583685,309.9902,-213.398437,0.029327,-0.292897,-9.068039,0.275333,0.901417,-0.073624,0.029327,0.031740,0.00,1,0.00
1.585940,310.0781,-213.310547,0.026932,-0.292833,-9.052477,0.272939,0.883460,-0.058062,0.026932,0.013784,0.00,1,0.00
1.588199,309.9902,-213.398437,0.012567,-0.292792,-9.054871,0.258574,0.903811,-0.060455,0.012567,0.034134,0.00,1,0.00
1.590454,309.9902,-213.398437,0.017356,-0.292761,-9.063251,0.263362,0.895431,-0.068835,0.017356,0.025755,0.00,1,0.00
1.592709,309.9902,-213.398437,0.052071,-0.292664,-9.054871,0.298078,0.885855,-0.060455,0.052071,0.016178,0.00,1,0.00
1.594965,310.0781,-213.310547,0.030524,-0.292570,-9.038112,0.276530,0.910994,-0.043696,0.030524,0.041317,0.00,1,0.00
1.597220,310.0781,-213.310547,0.028129,-0.292501,-9.038112,0.274136,0.902614,-0.043696,0.028129,0.032937,0.00,1,0.00
1.599480,309.9902,-213.398437,0.018553,-0.292454,-9.050082,0.264559,0.877475,-0.055667,0.018553,0.007798,0.00,1,0.00
1.601734,309.9902,-213.398437,0.035312,-0.292384,-9.056067,0.281319,0.876278,-0.061652,0.035312,0.006601,0.00,1,0.00
1.603989,309.9902,-213.398437,0.068831,-0.292255,-9.075222,0.314838,0.878672,-0.080807,0.068831,0.008995,0.00,1,0.00
1.606246,310.0781,-213.310547,0.068831,-0.292096,-9.080010,0.314838,0.872687,-0.085595,0.068831,0.003010,0.00,1,0.00
1.613777,309.9902,-213.398437,0.036509,-0.291821,-9.063251,0.282516,0.942118,-0.068835,0.036509,0.072442,0.00,1,0.00
1.615833,310.0781,-213.310547,0.044889,-0.291727,-9.072827,0.290895,0.918176,-0.078412,0.044889,0.048500,0.00,1,0.00
1.618087,310.0781,-213.310547,0.028129,-0.291660,-9.060856,0.274136,0.913388,-0.066441,0.028129,0.043711,0.00,1,0.00
1.620342,309.9902,-213.398437,0.012567,-0.291615,-9.059659,0.258574,0.899023,-0.065244,0.012567,0.029346,0.00,1,0.00
1.622611,309.9902,-213.398437,0.016158,-0.291581,-9.047688,0.262165,0.873884,-0.053273,0.016158,0.004207,0.00,1,0.00
1.624866,309.9902,-213.398437,0.002990,-0.291566,-9.044097,0.248997,0.883460,-0.049682,0.002990,0.013784,0.00,1,0.00
1.627122,309.9902,-213.398437,0.002990,-0.291555,-9.052477,0.248997,0.902614,-0.058062,0.002990,0.032937,0.00,1,0.00
1.629377,310.0781,-213.310547,-0.010178,-0.291567,-9.053674,0.235829,0.931344,-0.059258,-0.010178,0.061668,0.00,1,0.00
1.631632,310.0781,-213.310547,-0.011375,-0.291590,-9.069236,0.234632,0.896629,-0.074821,-0.011375,0.026952,0.00,1,0.00
1.633892,309.9902,-213.398437,-0.012572,-0.291618,-9.063251,0.233435,0.860716,-0.068835,-0.012572,-0.008961,0.00,1,0.00
1.636148,310.0781,-213.310547,-0.012572,-0.291645,-9.064447,0.233435,0.872687,-0.070032,-0.012572,0.003010,0.00,1,0.00
1.638402,309.9902,-213.398437,-0.018557,-0.291684,-9.064447,0.227449,0.896629,-0.070032,-0.018557,0.026952,0.00,1,0.00
1.640657,309.9902,-213.398437,0.000596,-0.291693,-9.081207,0.246603,0.885855,-0.086792,0.000596,0.016178,0.00,1,0.00
1.642916,309.9902,-213.398437,-0.002995,-0.291705,-9.078813,0.243011,0.899023,-0.084397,-0.002995,0.029346,0.00,1,0.00
1.645171,310.0781,-213.310547,-0.000601,-0.291704,-9.085996,0.245406,0.881066,-0.091580,-0.000601,0.011389,0.00,1,0.00
1.647426,309.9902,-213.398437,-0.012572,-0.291723,-9.081207,0.233435,0.881066,-0.086792,-0.012572,0.011389,0.00,1,0.00
1.649681,309.9902,-213.398437,-0.026937,-0.291773,-9.097966,0.219069,0.890643,-0.103551,-0.026937,0.020966,0.00,1,0.00
1.651942,309.9902,-213.398437,-0.044894,-0.291860,-9.114726,0.201113,0.879869,-0.120311,-0.044894,0.010192,0.00,1,0.00
1.654197,309.9902,-213.398437,-0.037711,-0.291956,-9.089587,0.208296,0.887052,-0.095172,-0.037711,0.017375,0.00,1,0.00
1.656453,309.9902,-213.398437,-0.028134,-0.292027,-9.070433,0.217872,0.901417,-0.076017,-0.028134,0.031740,0.00,1,0.00
1.658708,309.9902,-213.398437,-0.031726,-0.292097,-9.080010,0.214281,0.937330,-0.085595,-0.031726,0.067653,0.00,1,0.00
1.660967,310.0781,-213.310547,-0.026937,-0.292152,-9.069236,0.219069,0.936133,-0.074821,-0.026937,0.066456,0.00,1,0.00
1.663223,310.0781,-213.310547,-0.047288,-0.292242,-9.068039,0.198719,0.907402,-0.073624,-0.047288,0.037726,0.00,1,0.00
1.665479,309.9902,-213.398437,-0.049682,-0.292350,-9.080010,0.196325,0.919373,-0.085595,-0.049682,0.049697,0.00,1,0.00
1.667734,310.0781,-213.310547,-0.030528,-0.292434,-9.095572,0.215478,0.905008,-0.101157,-0.030528,0.035331,0.00,1,0.00
1.669989,310.0781,-213.310547,-0.048485,-0.292521,-9.093178,0.197522,0.921768,-0.098763,-0.048485,0.052091,0.00,1,0.00
1.672250,310.0781,-213.310547,-0.056865,-0.292650,-9.078813,0.189142,0.902614,-0.084397,-0.056865,0.032937,0.00,1,0.00
1.674507,309.9902,-213.398437,-0.025740,-0.292735,-9.076419,0.220267,0.884658,-0.082004,-0.025740,0.014981,0.00,1,0.00
1.676761,310.0781,-213.310547,-0.006586,-0.292751,-9.088389,0.239420,0.888249,-0.093974,-0.006586,0.018572,0.00,1,0.00
1.679017,310.0781,-213.310547,-0.041302,-0.292823,-9.091981,0.204704,0.906205,-0.097566,-0.041302,0.036529,0.00,1,0.00
1.681278,310.0781,-213.310547,-0.041302,-0.292919,-9.089587,0.204704,0.913388,-0.095172,-0.041302,0.043711,0.00,1,0.00
1.683534,309.9902,-213.398437,-0.029331,-0.292991,-9.081207,0.216675,0.893037,-0.086792,-0.029331,0.023360,0.00,1,0.00
1.685788,309.9902,-213.398437,-0.040105,-0.293073,-9.075222,0.205901,0.910994,-0.080807,-0.040105,0.041317,0.00,1,0.00
1.688043,309.9902,-213.398437,-0.019755,-0.293121,-9.070433,0.226252,0.895431,-0.076017,-0.019755,0.025755,0.00,1,0.00
1.690304,310.0781,-213.310547,-0.020952,-0.293171,-9.084799,0.225055,0.882263,-0.090384,-0.020952,0.012587,0.00,1,0.00
1.692559,310.0781,-213.310547,-0.008981,-0.293202,-9.084799,0.237026,0.901417,-0.090384,-0.008981,0.031740,0.00,1,0.00
1.694814,309.9902,-213.398437,-0.002995,-0.293198,-9.083601,0.243011,0.939724,-0.089186,-0.002995,0.070047,0.00,1,0.00
1.697068,309.9902,-213.398437,-0.007784,-0.293214,-9.084799,0.238223,0.927753,-0.090384,-0.007784,0.058076,0.00,1,0.00
1.699323,310.0781,-213.310547,0.017356,-0.293207,-9.087193,0.263362,0.927753,-0.092777,0.017356,0.058076,0.00,1,0.00
1.701583,309.9902,-213.398437,0.019750,-0.293159,-9.080010,0.265756,0.905008,-0.085595,0.019750,0.035331,0.00,1,0.00
1.703837,310.1660,-213.222656,0.006582,-0.293125,-9.047688,0.252588,0.916979,-0.053273,0.006582,0.047302,0.00,1,0.00
1.706093,309.9902,-213.398437,0.017356,-0.293103,-9.059659,0.263362,0.915782,-0.065244,0.017356,0.046105,0.00,1,0.00
1.708348,310.0781,-213.310547,0.013764,-0.293070,-9.048885,0.259771,0.915782,-0.054470,0.013764,0.046105,0.00,1,0.00
1.710608,309.9902,-213.398437,0.016158,-0.293030,-9.042900,0.262165,0.924162,-0.048485,0.016158,0.054485,0.00,1,0.00
1.712863,310.0781,-213.310547,0.013764,-0.292994,-9.052477,0.259771,0.912191,-0.058062,0.013764,0.042514,0.00,1,0.00
1.715119,309.9902,-213.398437,0.011370,-0.292965,-9.074024,0.257377,0.893037,-0.079609,0.011370,0.023360,0.00,1,0.00
1.717374,309.9902,-213.398437,0.010173,-0.292942,-9.091981,0.256180,0.915782,-0.097566,0.010173,0.046105,0.00,1,0.00
1.719633,309.9902,-213.398437,-0.008981,-0.292953,-9.093178,0.237026,0.913388,-0.098763,-0.008981,0.043711,0.00,1,0.00
1.721888,309.9902,-213.398437,0.010173,-0.292947,-9.085996,0.256180,0.899023,-0.091580,0.010173,0.029346,0.00,1,0.00
1.724143,310.0781,-213.310547,0.005385,-0.292931,-9.084799,0.251391,0.899023,-0.090384,0.005385,0.029346,0.00,1,0.00
1.731784,309.9902,-213.398437,-0.001798,-0.292945,-9.082404,0.244209,0.916979,-0.087989,-0.001798,0.047302,0.00,1,0.00
1.733854,309.9902,-213.398437,0.024538,-0.292929,-9.064447,0.270545,0.896629,-0.070032,0.024538,0.026952,0.00,1,0.00
1.736110,309.9023,-213.486328,0.036509,-0.292856,-9.046491,0.282516,0.887052,-0.052075,0.036509,0.017375,0.00,1,0.00
1.738365,309.9023,-213.486328,0.034115,-0.292777,-9.041702,0.280122,0.912191,-0.047287,0.034115,0.042514,0.00,1,0.00
1.740620,310.0781,-213.310547,0.036509,-0.292698,-9.065644,0.282516,0.899023,-0.071229,0.036509,0.029346,0.00,1,0.00
1.742875,310.0781,-213.310547,0.028129,-0.292621,-9.083601,0.274136,0.888249,-0.089186,0.028129,0.018572,0.00,1,0.00
1.745134,309.9902,-213.398437,0.026932,-0.292555,-9.060856,0.272939,0.900220,-0.066441,0.026932,0.030543,0.00,1,0.00
1.747389,310.0781,-213.310547,0.010173,-0.292518,-9.063251,0.256180,0.896629,-0.068835,0.010173,0.026952,0.00,1,0.00
1.749645,310.0781,-213.310547,0.006582,-0.292501,-9.059659,0.252588,0.894234,-0.065244,0.006582,0.024558,0.00,1,0.00
1.751900,309.9902,-213.398437,0.000596,-0.292500,-9.076419,0.246603,0.865504,-0.082004,0.000596,-0.004173,0.00,1,0.00
1.754160,309.9902,-213.398437,-0.001798,-0.292506,-9.057265,0.244209,0.882263,-0.062850,-0.001798,0.012587,0.00,1,0.00
1.756416,310.0781,-213.310547,0.010173,-0.292484,-9.068039,0.256180,0.890643,-0.073624,0.010173,0.020966,0.00,1,0.00
1.758671,309.9023,-213.486328,0.005385,-0.292468,-9.053674,0.251391,0.893037,-0.059258,0.005385,0.023360,0.00,1,0.00
1.760926,309.9902,-213.398437,-0.006586,-0.292483,-9.053674,0.239420,0.873884,-0.059258,-0.006586,0.004207,0.00,1,0.00
1.763186,309.9023,-213.486328,0.005385,-0.292486,-9.045294,0.251391,0.878672,-0.050879,0.005385,0.008995,0.00,1,0.00
1.765442,309.9902,-213.398437,0.007779,-0.292470,-9.041702,0.253785,0.869095,-0.047287,0.007779,-0.000582,0.00,1,0.00
1.767697,310.0781,-213.310547,0.011370,-0.292441,-9.045294,0.257377,0.877475,-0.050879,0.011370,0.007798,0.00,1,0.00
1.769953,309.9902,-213.398437,-0.008981,-0.292442,-9.056067,0.237026,0.897826,-0.061652,-0.008981,0.028149,0.00,1,0.00
1.772208,309.9902,-213.398437,-0.005389,-0.292464,-9.053674,0.240617,0.894234,-0.059258,-0.005389,0.024558,0.00,1,0.00
1.774468,309.9902,-213.398437,0.011370,-0.292444,-9.042900,0.257377,0.879869,-0.048485,0.011370,0.010192,0.00,1,0.00
1.776723,310.0781,-213.310547,-0.014966,-0.292450,-9.065644,0.231040,0.879869,-0.071229,-0.014966,0.010192,0.00,1,0.00
1.778979,309.9902,-213.398437,-0.040105,-0.292513,-9.064447,0.205901,0.881066,-0.070032,-0.040105,0.011389,0.00,1,0.00
1.781234,309.9902,-213.398437,-0.034120,-0.292598,-9.063251,0.211887,0.887052,-0.068835,-0.034120,0.017375,0.00,1,0.00
1.783493,310.0781,-213.310547,-0.035317,-0.292678,-9.051279,0.210690,0.879869,-0.056864,-0.035317,0.010192,0.00,1,0.00
1.785748,309.9902,-213.398437,-0.037711,-0.292749,-9.052477,0.208296,0.889446,-0.058062,-0.037711,0.019769,0.00,1,0.00
1.788003,310.0781,-213.310547,-0.032923,-0.292831,-9.054871,0.213084,0.861913,-0.060455,-0.032923,-0.007764,0.00,1,0.00
1.790260,309.9902,-213.398437,-0.031726,-0.292903,-9.052477,0.214281,0.857124,-0.058062,-0.031726,-0.012553,0.00,1,0.00
1.792520,310.0781,-213.310547,-0.041302,-0.292992,-9.078813,0.204704,0.845153,-0.084397,-0.041302,-0.024524,0.00,1,0.00
1.794776,310.0781,-213.310547,-0.007784,-0.293040,-9.083601,0.238223,0.871489,-0.089186,-0.007784,0.001813,0.00,1,0.00
1.797032,310.0781,-213.310547,-0.010178,-0.293057,-9.090784,0.235829,0.902614,-0.096369,-0.010178,0.032937,0.00,1,0.00
1.799288,310.0781,-213.310547,-0.023346,-0.293098,-9.111135,0.222661,0.909797,-0.116719,-0.023346,0.040120,0.00,1,0.00
1.801544,310.0781,-213.310547,-0.022149,-0.293150,-9.101558,0.223858,0.889446,-0.107142,-0.022149,0.019769,0.00,1,0.00
1.803803,309.9902,-213.398437,-0.041302,-0.293232,-9.077616,0.204704,0.879869,-0.083200,-0.041302,0.010192,0.00,1,0.00
1.806060,309.9902,-213.398437,-0.040105,-0.293320,-9.070433,0.205901,0.891840,-0.076017,-0.040105,0.022163,0.00,1,0.00
1.808315,309.9902,-213.398437,-0.037711,-0.293410,-9.087193,0.208296,0.896629,-0.092777,-0.037711,0.026952,0.00,1,0.00
1.810570,309.9023,-213.486328,-0.028134,-0.293475,-9.083601,0.217872,0.914585,-0.089186,-0.028134,0.044908,0.00,1,0.00
1.812829,309.9902,-213.398437,-0.032923,-0.293526,-9.068039,0.213084,0.900220,-0.073624,-0.032923,0.030543,0.00,1,0.00
1.815086,309.9902,-213.398437,-0.028134,-0.293603,-9.069236,0.217872,0.889446,-0.074821,-0.028134,0.019769,0.00,1,0.00
1.817342,310.0781,-213.310547,-0.004192,-0.293623,-9.077616,0.241814,0.885855,-0.083200,-0.004192,0.016178,0.00,1,0.00
1.819598,310.0781,-213.310547,-0.002995,-0.293628,-9.058462,0.243011,0.875081,-0.064047,-0.002995,0.005404,0.00,1,0.00
1.821859,309.9902,-213.398437,-0.002995,-0.293649,-9.053674,0.243011,0.839168,-0.059258,-0.002995,-0.030509,0.00,1,0.00
1.824115,310.0781,-213.310547,0.002990,-0.293643,-9.080010,0.248997,0.821211,-0.085595,0.002990,-0.048466,0.00,1,0.00
1.826369,309.9902,-213.398437,0.008976,-0.293630,-9.085996,0.254982,0.853533,-0.091580,0.008976,-0.016144,0.00,1,0.00
1.828624,309.9902,-213.398437,0.016158,-0.293602,-9.069236,0.262165,0.853533,-0.074821,0.016158,-0.016144,0.00,1,0.00
1.830886,309.9902,-213.398437,0.020947,-0.293562,-9.072827,0.266953,0.858321,-0.078412,0.020947,-0.011355,0.00,1,0.00
1.833142,309.9902,-213.398437,0.031721,-0.293506,-9.077616,0.277727,0.858321,-0.083200,0.031721,-0.011355,0.00,1,0.00
1.835397,309.9902,-213.398437,0.014961,-0.293456,-9.071630,0.260968,0.885855,-0.077215,0.014961,0.016178,0.00,1,0.00
1.837653,309.9902,-213.398437,0.030524,-0.293406,-9.057265,0.276530,0.881066,-0.062850,0.030524,0.011389,0.00,1,0.00
1.839909,310.0781,-213.310547,0.018553,-0.293350,-9.057265,0.264559,0.879869,-0.062850,0.018553,0.010192,0.00,1,0.00
1.842169,310.0781,-213.310547,0.014961,-0.293314,-9.052477,0.260968,0.877475,-0.058062,0.014961,0.007798,0.00,1,0.00
1.850267,310.0781,-213.310547,0.024538,-0.293116,-9.048885,0.270545,0.895431,-0.054470,0.024538,0.025755,0.00,1,0.00
1.852323,310.0781,-213.310547,0.011370,-0.293089,-9.053674,0.257377,0.913388,-0.059258,0.011370,0.043711,0.00,1,0.00
1.854579,309.9902,-213.398437,0.024538,-0.293040,-9.042900,0.270545,0.909797,-0.048485,0.024538,0.040120,0.00,1,0.00
1.856848,309.9902,-213.398437,0.014961,-0.293004,-9.075222,0.260968,0.896629,-0.080807,0.014961,0.026952,0.00,1,0.00
1.859103,309.9902,-213.398437,0.017356,-0.292967,-9.078813,0.263362,0.885855,-0.084397,0.017356,0.016178,0.00,1,0.00
1.861359,309.9902,-213.398437,0.029327,-0.292914,-9.074024,0.275333,0.871489,-0.079609,0.029327,0.001813,0.00,1,0.00
1.863614,309.9902,-213.398437,0.020947,-0.292849,-9.059659,0.266953,0.893037,-0.065244,0.020947,0.023360,0.00,1,0.00
1.865875,310.0781,-213.310547,0.010173,-0.292812,-9.074024,0.256180,0.890643,-0.079609,0.010173,0.020966,0.00,1,0.00
1.868129,309.9902,-213.398437,0.004187,-0.292796,-9.063251,0.250194,0.873884,-0.068835,0.004187,0.004207,0.00,1,0.00
1.870385,309.9902,-213.398437,0.000596,-0.292795,-9.066842,0.246603,0.842759,-0.072427,0.000596,-0.026918,0.00,1,0.00
1.872640,309.9902,-213.398437,0.013764,-0.292779,-9.056067,0.259771,0.845153,-0.061652,0.013764,-0.024524,0.00,1,0.00
1.874895,310.0781,-213.310547,0.016158,-0.292743,-9.066842,0.262165,0.840365,-0.072427,0.016158,-0.029312,0.00,1,0.00
1.877155,310.0781,-213.310547,0.008976,-0.292717,-9.072827,0.254982,0.860716,-0.078412,0.008976,-0.008961,0.00,1,0.00
1.879411,309.9902,-213.398437,-0.004192,-0.292719,-9.078813,0.241814,0.872687,-0.084397,-0.004192,0.003010,0.00,1,0.00
1.881666,310.0781,-213.310547,0.002990,-0.292717,-9.076419,0.248997,0.897826,-0.082004,0.002990,0.028149,0.00,1,0.00
1.883920,309.9902,-213.398437,-0.005389,-0.292721,-9.085996,0.240617,0.876278,-0.091580,-0.005389,0.006601,0.00,1,0.00
1.886182,309.9902,-213.398437,-0.019755,-0.292751,-9.077616,0.226252,0.871489,-0.083200,-0.019755,0.001813,0.00,1,0.00
1.888436,309.9902,-213.398437,-0.022149,-0.292806,-9.062054,0.223858,0.860716,-0.067638,-0.022149,-0.008961,0.00,1,0.00
1.890691,309.9902,-213.398437,0.001793,-0.292820,-9.074024,0.247800,0.879869,-0.079609,0.001793,0.010192,0.00,1,0.00
1.892947,310.0781,-213.310547,0.008976,-0.292809,-9.047688,0.254982,0.883460,-0.053273,0.008976,0.013784,0.00,1,0.00
1.895208,310.0781,-213.310547,0.007779,-0.292789,-9.045294,0.253785,0.884658,-0.050879,0.007779,0.014981,0.00,1,0.00
1.897462,309.9902,-213.398437,0.008976,-0.292771,-9.052477,0.254982,0.915782,-0.058062,0.008976,0.046105,0.00,1,0.00
1.899718,310.0781,-213.310547,-0.010178,-0.292775,-9.059659,0.235829,0.895431,-0.065244,-0.010178,0.025755,0.00,1,0.00
1.901973,310.0781,-213.310547,-0.036514,-0.292829,-9.058462,0.209493,0.916979,-0.064047,-0.036514,0.047302,0.00,1,0.00
1.904227,309.9902,-213.398437,-0.031726,-0.292910,-9.063251,0.214281,0.900220,-0.068835,-0.031726,0.030543,0.00,1,0.00
1.906488,310.0781,-213.310547,-0.030528,-0.292978,-9.066842,0.215478,0.900220,-0.072427,-0.030528,0.030543,0.00,1,0.00
1.908743,309.9902,-213.398437,-0.028134,-0.293043,-9.054871,0.217872,0.901417,-0.060455,-0.028134,0.031740,0.00,1,0.00
1.910997,309.9902,-213.398437,-0.024543,-0.293103,-9.064447,0.221464,0.894234,-0.070032,-0.024543,0.024558,0.00,1,0.00
1.913253,310.0781,-213.310547,-0.011375,-0.293141,-9.082404,0.234632,0.878672,-0.087989,-0.011375,0.008995,0.00,1,0.00
1.915514,309.9902,-213.398437,-0.001798,-0.293147,-9.074024,0.244209,0.922965,-0.079609,-0.001798,0.053288,0.00,1,0.00
1.917769,309.9902,-213.398437,-0.018557,-0.293165,-9.084799,0.227449,0.908600,-0.090384,-0.018557,0.038923,0.00,1,0.00
1.920023,310.0781,-213.310547,-0.030528,-0.293225,-9.083601,0.215478,0.897826,-0.089186,-0.030528,0.028149,0.00,1,0.00
1.922279,310.0781,-213.310547,-0.037711,-0.293303,-9.075222,0.208296,0.883460,-0.080807,-0.037711,0.013784,0.00,1,0.00
1.924540,309.9902,-213.398437,-0.043697,-0.293395,-9.085996,0.202310,0.924162,-0.091580,-0.043697,0.054485,0.00,1,0.00
1.926794,309.9902,-213.398437,-0.035317,-0.293487,-9.085996,0.210690,0.928950,-0.091580,-0.035317,0.059273,0.00,1,0.00
1.929050,310.0781,-213.310547,-0.029331,-0.293558,-9.087193,0.216675,0.940921,-0.092777,-0.029331,0.071244,0.00,1,0.00
1.931305,309.9902,-213.398437,-0.030528,-0.293624,-9.074024,0.215478,0.930147,-0.079609,-0.030528,0.060471,0.00,1,0.00
1.933566,310.0781,-213.310547,-0.004192,-0.293652,-9.070433,0.241814,0.903811,-0.076017,-0.004192,0.034134,0.00,1,0.00
1.935821,310.0781,-213.310547,-0.012572,-0.293672,-9.074024,0.233435,0.901417,-0.079609,-0.012572,0.031740,0.00,1,0.00
1.938076,309.9902,-213.398437,-0.016163,-0.293705,-9.060856,0.229843,0.910994,-0.066441,-0.016163,0.041317,0.00,1,0.00
1.940332,310.0781,-213.310547,-0.000601,-0.293723,-9.054871,0.245406,0.915782,-0.060455,-0.000601,0.046105,0.00,1,0.00
1.942587,310.0781,-213.310547,-0.012572,-0.293719,-9.052477,0.233435,0.912191,-0.058062,-0.012572,0.042514,0.00,1,0.00
1.944848,309.9902,-213.398437,-0.020952,-0.293756,-9.048885,0.225055,0.900220,-0.054470,-0.020952,0.030543,0.00,1,0.00
1.947102,310.0781,-213.310547,-0.022149,-0.293808,-9.054871,0.223858,0.913388,-0.060455,-0.022149,0.043711,0.00,1,0.00
1.949357,309.9902,-213.398437,-0.004192,-0.293826,-9.075222,0.241814,0.930147,-0.080807,-0.004192,0.060471,0.00,1,0.00
1.951613,310.0781,-213.310547,-0.010178,-0.293841,-9.093178,0.235829,0.932542,-0.098763,-0.010178,0.062865,0.00,1,0.00
1.953874,310.0781,-213.310547,-0.002995,-0.293859,-9.085996,0.243011,0.949301,-0.091580,-0.002995,0.079624,0.00,1,0.00
1.956129,309.9902,-213.398437,0.011370,-0.293842,-9.071630,0.257377,0.922965,-0.077215,0.011370,0.053288,0.00,1,0.00
1.958386,309.9902,-213.398437,0.006582,-0.293830,-9.057265,0.252588,0.934936,-0.062850,0.006582,0.065259,0.00,1,0.00
1.960641,309.9902,-213.398437,-0.004192,-0.293820,-9.058462,0.241814,0.937330,-0.064047,-0.004192,0.067653,0.00,1,0.00
1.968282,309.9902,-213.398437,-0.004192,-0.293852,-9.062054,0.241814,0.922965,-0.067638,-0.004192,0.053288,0.00,1,0.00
1.970339,309.9902,-213.398437,-0.007784,-0.293864,-9.063251,0.238223,0.903811,-0.068835,-0.007784,0.034134,0.00,1,0.00
1.972594,309.9902,-213.398437,0.020947,-0.293847,-9.074024,0.266953,0.879869,-0.079609,0.020947,0.010192,0.00,1,0.00
1.974849,310.0781,-213.310547,0.037706,-0.293778,-9.082404,0.283713,0.905008,-0.087989,0.037706,0.035331,0.00,1,0.00
1.977104,309.9902,-213.398437,0.038903,-0.293692,-9.068039,0.284910,0.893037,-0.073624,0.038903,0.023360,0.00,1,0.00
1.979373,309.9902,-213.398437,0.005385,-0.293655,-9.068039,0.251391,0.885855,-0.073624,0.005385,0.016178,0.00,1,0.00
1.981628,310.0781,-213.310547,-0.004192,-0.293658,-9.054871,0.241814,0.924162,-0.060455,-0.004192,0.054485,0.00,1,0.00
1.983883,310.0781,-213.310547,0.006582,-0.293660,-9.064447,0.252588,0.930147,-0.070032,0.006582,0.060471,0.00,1,0.00
1.986139,309.9902,-213.398437,0.013764,-0.293628,-9.053674,0.259771,0.925359,-0.059258,0.013764,0.055682,0.00,1,0.00
1.988399,310.0781,-213.310547,0.004187,-0.293612,-9.050082,0.250194,0.903811,-0.055667,0.004187,0.034134,0.00,1,0.00
1.990654,309.9902,-213.398437,0.004187,-0.293611,-9.066842,0.250194,0.916979,-0.072427,0.004187,0.047302,0.00,1,0.00
1.992909,309.9902,-213.398437,0.023341,-0.293582,-9.064447,0.269348,0.918176,-0.070032,0.023341,0.048500,0.00,1,0.00
1.995165,310.0781,-213.310547,0.013764,-0.293540,-9.069236,0.259771,0.930147,-0.074821,0.013764,0.060471,0.00,1,0.00
1.997426,309.9902,-213.398437,0.010173,-0.293515,-9.065644,0.256180,0.934936,-0.071229,0.010173,0.065259,0.00,1,0.00
1.999682,310.0781,-213.310547,0.010173,-0.293492,-9.057265,0.256180,0.922965,-0.062850,0.010173,0.053288,0.00,1,0.00
2.001937,310.0781,-213.310547,0.012567,-0.293468,-9.047688,0.258574,0.915782,-0.053273,0.012567,0.046105,0.00,1,0.00
2.004192,309.9902,-213.398437,0.006582,-0.293450,-9.035717,0.252588,0.909797,-0.041302,0.006582,0.040120,0.00,1,0.00
2.006448,310.0781,-213.310547,-0.001798,-0.293440,-9.048885,0.244209,0.907402,-0.054470,-0.001798,0.037726,0.00,1,0.00
2.008708,310.0781,-213.310547,0.006582,-0.293438,-9.070433,0.252588,0.894234,-0.076017,0.006582,0.024558,0.00,1,0.00
2.010963,309.9902,-213.398437,0.004187,-0.293424,-9.064447,0.250194,0.903811,-0.070032,0.004187,0.034134,0.00,1,0.00
2.013219,310.0781,-213.310547,-0.004192,-0.293432,-9.078813,0.241814,0.889446,-0.084397,-0.004192,0.019769,0.00,1,0.00
2.015475,309.9902,-213.398437,-0.012572,-0.293448,-9.065644,0.233435,0.919373,-0.071229,-0.012572,0.049697,0.00,1,0.00
2.017735,310.0781,-213.310547,0.006582,-0.293458,-9.060856,0.252588,0.916979,-0.066441,0.006582,0.047302,0.00,1,0.00
2.019991,310.0781,-213.310547,-0.010178,-0.293465,-9.076419,0.235829,0.927753,-0.082004,-0.010178,0.058076,0.00,1,0.00
2.022247,309.9902,-213.398437,-0.024543,-0.293512,-9.059659,0.221464,0.912191,-0.065244,-0.024543,0.042514,0.00,1,0.00
2.024502,309.9902,-213.398437,-0.043697,-0.293602,-9.036914,0.202310,0.897826,-0.042499,-0.043697,0.028149,0.00,1,0.00
2.026761,309.9902,-213.398437,-0.040105,-0.293699,-9.069236,0.205901,0.905008,-0.074821,-0.040105,0.035331,0.00,1,0.00
2.029017,309.9902,-213.398437,-0.032923,-0.293780,-9.080010,0.213084,0.913388,-0.085595,-0.032923,0.043711,0.00,1,0.00
2.031272,309.9902,-213.398437,-0.018557,-0.293827,-9.071630,0.227449,0.900220,-0.077215,-0.018557,0.030543,0.00,1,0.00
2.033527,310.0781,-213.310547,-0.018557,-0.293870,-9.053674,0.227449,0.890643,-0.059258,-0.018557,0.020966,0.00,1,0.00
2.035787,309.9902,-213.398437,0.000596,-0.293890,-9.070433,0.246603,0.888249,-0.076017,0.000596,0.018572,0.00,1,0.00
2.038043,310.0781,-213.310547,0.004187,-0.293880,-9.065644,0.250194,0.891840,-0.071229,0.004187,0.022163,0.00,1,0.00
2.040299,309.9902,-213.398437,-0.013769,-0.293900,-9.070433,0.232238,0.875081,-0.076017,-0.013769,0.005404,0.00,1,0.00
2.042554,310.0781,-213.310547,-0.026937,-0.293945,-9.070433,0.219069,0.882263,-0.076017,-0.026937,0.012587,0.00,1,0.00
2.044809,310.0781,-213.310547,-0.031726,-0.294012,-9.069236,0.214281,0.876278,-0.074821,-0.031726,0.006601,0.00,1,0.00
2.047068,309.9023,-213.486328,-0.018557,-0.294064,-9.063251,0.227449,0.871489,-0.068835,-0.018557,0.001813,0.00,1,0.00
2.049323,309.9902,-213.398437,-0.010178,-0.294092,-9.078813,0.235829,0.879869,-0.084397,-0.010178,0.010192,0.00,1,0.00
2.051579,309.9902,-213.398437,-0.006586,-0.294105,-9.077616,0.239420,0.871489,-0.083200,-0.006586,0.001813,0.00,1,0.00
2.053834,310.0781,-213.310547,-0.016163,-0.294133,-9.059659,0.229843,0.855927,-0.065244,-0.016163,-0.013750,0.00,1,0.00
2.056095,310.0781,-213.310547,-0.002995,-0.294149,-9.074024,0.243011,0.851139,-0.079609,-0.002995,-0.018538,0.00,1,0.00
2.058352,309.9023,-213.486328,-0.008981,-0.294162,-9.070433,0.237026,0.871489,-0.076017,-0.008981,0.001813,0.00,1,0.00
2.060607,310.0781,-213.310547,-0.006586,-0.294180,-9.065644,0.239420,0.910994,-0.071229,-0.006586,0.041317,0.00,1,0.00
2.062862,310.0781,-213.310547,-0.016163,-0.294204,-9.060856,0.229843,0.912191,-0.066441,-0.016163,0.042514,0.00,1,0.00
2.065122,309.9023,-213.486328,-0.013769,-0.294238,-9.057265,0.232238,0.907402,-0.062850,-0.013769,0.037726,0.00,1,0.00
2.067377,309.9902,-213.398437,-0.014966,-0.294270,-9.059659,0.231040,0.913388,-0.065244,-0.014966,0.043711,0.00,1,0.00
2.069633,309.9902,-213.398437,-0.012572,-0.294303,-9.077616,0.233435,0.914585,-0.083200,-0.012572,0.044908,0.00,1,0.00
2.071888,309.9902,-213.398437,-0.019755,-0.294340,-9.082404,0.226252,0.914585,-0.087989,-0.019755,0.044908,0.00,1,0.00
2.074149,309.9902,-213.398437,-0.017360,-0.294384,-9.095572,0.228646,0.883460,-0.101157,-0.017360,0.013784,0.00,1,0.00
2.076404,310.0781,-213.310547,-0.002995,-0.294403,-9.083601,0.243011,0.863110,-0.089186,-0.002995,-0.006567,0.00,1,0.00
2.078659,310.0781,-213.310547,0.001793,-0.294405,-9.080010,0.247800,0.863110,-0.085595,0.001793,-0.006567,0.00,1,0.00
2.086303,309.9902,-213.398437,-0.004192,-0.294437,-9.060856,0.241814,0.871489,-0.066441,-0.004192,0.001813,0.00,1,0.00
2.088360,309.9902,-213.398437,0.013764,-0.294431,-9.064447,0.259771,0.866701,-0.070032,0.013764,-0.002976,0.00,1,0.00
2.090628,310.0781,-213.310547,0.014961,-0.294393,-9.064447,0.260968,0.870292,-0.070032,0.014961,0.000616,0.00,1,0.00
2.092885,310.0781,-213.310547,0.002990,-0.294376,-9.057265,0.248997,0.865504,-0.062850,0.002990,-0.004173,0.00,1,0.00
2.095140,309.9902,-213.398437,0.000596,-0.294378,-9.064447,0.246603,0.896629,-0.070032,0.000596,0.026952,0.00,1,0.00
2.097395,309.9902,-213.398437,0.007779,-0.294368,-9.075222,0.253785,0.910994,-0.080807,0.007779,0.041317,0.00,1,0.00
2.099656,310.0781,-213.310547,0.036509,-0.294315,-9.064447,0.282516,0.925359,-0.070032,0.036509,0.055682,0.00,1,0.00
2.101912,309.9902,-213.398437,0.031721,-0.294240,-9.064447,0.277727,0.920571,-0.070032,0.031721,0.050894,0.00,1,0.00
2.104167,310.0781,-213.310547,0.026932,-0.294172,-9.070433,0.272939,0.870292,-0.076017,0.026932,0.000616,0.00,1,0.00
2.106422,310.0781,-213.310547,0.031721,-0.294110,-9.066842,0.277727,0.889446,-0.072427,0.031721,0.019769,0.00,1,0.00
2.108681,309.9902,-213.398437,0.019750,-0.294046,-9.066842,0.265756,0.915782,-0.072427,0.019750,0.046105,0.00,1,0.00
2.110936,310.0781,-213.310547,0.010173,-0.294023,-9.065644,0.256180,0.905008,-0.071229,0.010173,0.035331,0.00,1,0.00
2.113190,309.9902,-213.398437,0.012567,-0.293992,-9.063251,0.258574,0.905008,-0.068835,0.012567,0.035331,0.00,1,0.00
2.115445,309.9902,-213.398437,0.029327,-0.293955,-9.071630,0.275333,0.878672,-0.077215,0.029327,0.008995,0.00,1,0.00
2.117700,309.9902,-213.398437,0.046086,-0.293870,-9.066842,0.292093,0.887052,-0.072427,0.046086,0.017375,0.00,1,0.00
2.119961,309.9023,-213.486328,0.028129,-0.293791,-9.064447,0.274136,0.924162,-0.070032,0.028129,0.054485,0.00,1,0.00
2.122216,309.9902,-213.398437,0.030524,-0.293728,-9.048885,0.276530,0.925359,-0.054470,0.030524,0.055682,0.00,1,0.00
2.124471,309.9902,-213.398437,0.019750,-0.293678,-9.054871,0.265756,0.921768,-0.060455,0.019750,0.052091,0.00,1,0.00
2.126726,310.0781,-213.310547,0.004187,-0.293650,-9.071630,0.250194,0.887052,-0.077215,0.004187,0.017375,0.00,1,0.00
2.128987,309.9902,-213.398437,-0.000601,-0.293645,-9.064447,0.245406,0.888249,-0.070032,-0.000601,0.018572,0.00,1,0.00
2.131243,310.0781,-213.310547,0.000596,-0.293659,-9.059659,0.246603,0.887052,-0.065244,0.000596,0.017375,0.00,1,0.00
2.133499,309.9023,-213.486328,-0.000601,-0.293662,-9.057265,0.245406,0.897826,-0.062850,-0.000601,0.028149,0.00,1,0.00
2.135754,310.0781,-213.310547,-0.005389,-0.293663,-9.044097,0.240617,0.885855,-0.049682,-0.005389,0.016178,0.00,1,0.00
2.138014,310.0781,-213.310547,-0.007784,-0.293687,-9.056067,0.238223,0.884658,-0.061652,-0.007784,0.014981,0.00,1,0.00
2.140269,309.9902,-213.398437,0.013764,-0.293665,-9.074024,0.259771,0.903811,-0.079609,0.013764,0.034134,0.00,1,0.00
2.142524,309.9023,-213.486328,0.017356,-0.293625,-9.069236,0.263362,0.896629,-0.074821,0.017356,0.026952,0.00,1,0.00
2.144779,309.9902,-213.398437,0.001793,-0.293609,-9.053674,0.247800,0.896629,-0.059258,0.001793,0.026952,0.00,1,0.00
2.147034,309.9902,-213.398437,-0.012572,-0.293630,-9.064447,0.233435,0.891840,-0.070032,-0.012572,0.022163,0.00,1,0.00
2.149294,310.0781,-213.310547,0.008976,-0.293633,-9.057265,0.254982,0.864307,-0.062850,0.008976,-0.005370,0.00,1,0.00
2.151549,310.0781,-213.310547,0.007779,-0.293617,-9.051279,0.253785,0.893037,-0.056864,0.007779,0.023360,0.00,1,0.00
2.153804,309.9902,-213.398437,0.001793,-0.293607,-9.070433,0.247800,0.909797,-0.076017,0.001793,0.040120,0.00,1,0.00
2.156059,309.9023,-213.486328,-0.013769,-0.293626,-9.084799,0.232238,0.918176,-0.090384,-0.013769,0.048500,0.00,1,0.00
2.158319,310.0781,-213.310547,-0.035317,-0.293695,-9.095572,0.210690,0.919373,-0.101157,-0.035317,0.049697,0.00,1,0.00
2.160575,309.9902,-213.398437,-0.028134,-0.293768,-9.088389,0.217872,0.896629,-0.093974,-0.028134,0.026952,0.00,1,0.00
2.162831,309.9902,-213.398437,-0.026937,-0.293828,-9.089587,0.219069,0.876278,-0.095172,-0.026937,0.006601,0.00,1,0.00
2.165087,309.9902,-213.398437,-0.036514,-0.293901,-9.078813,0.209493,0.883460,-0.084397,-0.036514,0.013784,0.00,1,0.00
2.167346,309.9902,-213.398437,-0.020952,-0.293956,-9.080010,0.225055,0.943315,-0.085595,-0.020952,0.073639,0.00,1,0.00
2.169601,310.0781,-213.310547,-0.018557,-0.294005,-9.076419,0.227449,0.958878,-0.082004,-0.018557,0.089201,0.00,1,0.00
2.171856,309.9902,-213.398437,-0.018557,-0.294041,-9.082404,0.227449,0.928950,-0.087989,-0.018557,0.059273,0.00,1,0.00
2.174112,309.9023,-213.486328,-0.022149,-0.294095,-9.070433,0.223858,0.909797,-0.076017,-0.022149,0.040120,0.00,1,0.00
2.176367,309.9902,-213.398437,-0.024543,-0.294146,-9.065644,0.221464,0.918176,-0.071229,-0.024543,0.048500,0.00,1,0.00
2.178628,310.0781,-213.310547,-0.023346,-0.294203,-9.069236,0.222661,0.894234,-0.074821,-0.023346,0.024558,0.00,1,0.00
2.180883,309.9902,-213.398437,-0.018557,-0.294248,-9.069236,0.227449,0.910994,-0.074821,-0.018557,0.041317,0.00,1,0.00
2.183139,310.0781,-213.310547,-0.013769,-0.294279,-9.080010,0.232238,0.918176,-0.085595,-0.013769,0.048500,0.00,1,0.00
2.185394,310.0781,-213.310547,-0.025740,-0.294334,-9.062054,0.220267,0.926556,-0.067638,-0.025740,0.056879,0.00,1,0.00
2.187654,309.9902,-213.398437,-0.029331,-0.294396,-9.039309,0.216675,0.913388,-0.044893,-0.029331,0.043711,0.00,1,0.00
2.189910,309.9902,-213.398437,-0.017360,-0.294442,-9.054871,0.228646,0.907402,-0.060455,-0.017360,0.037726,0.00,1,0.00
2.192166,309.9902,-213.398437,-0.011375,-0.294479,-9.057265,0.234632,0.930147,-0.062850,-0.011375,0.060471,0.00,1,0.00
2.194422,310.0781,-213.310547,-0.008981,-0.294506,-9.068039,0.237026,0.913388,-0.073624,-0.008981,0.043711,0.00,1,0.00
2.196683,309.9902,-213.398437,-0.013769,-0.294527,-9.083601,0.232238,0.902614,-0.089186,-0.013769,0.032937,0.00,1,0.00
2.204803,310.0781,-213.310547,0.013764,-0.294416,-9.077616,0.259771,0.876278,-0.083200,0.013764,0.006601,0.00,1,0.00
2.206860,310.0781,-213.310547,0.012567,-0.294391,-9.084799,0.258574,0.871489,-0.090384,0.012567,0.001813,0.00,1,0.00
2.209116,310.0781,-213.310547,0.011370,-0.294354,-9.085996,0.257377,0.918176,-0.091580,0.011370,0.048500,0.00,1,0.00
2.211385,309.9902,-213.398437,0.018553,-0.294324,-9.069236,0.264559,0.933739,-0.074821,0.018553,0.064062,0.00,1,0.00
2.213640,309.9902,-213.398437,0.031721,-0.294264,-9.066842,0.277727,0.940921,-0.072427,0.031721,0.071244,0.00,1,0.00
2.215895,310.0781,-213.310547,0.030524,-0.294194,-9.075222,0.276530,0.931344,-0.080807,0.030524,0.061668,0.00,1,0.00
2.218150,309.9902,-213.398437,0.013764,-0.294140,-9.068039,0.259771,0.896629,-0.073624,0.013764,0.026952,0.00,1,0.00
2.220405,309.9902,-213.398437,-0.004192,-0.294133,-9.064447,0.241814,0.896629,-0.070032,-0.004192,0.026952,0.00,1,0.00
2.222666,309.9902,-213.398437,0.005385,-0.294132,-9.066842,0.251391,0.897826,-0.072427,0.005385,0.028149,0.00,1,0.00
2.224921,310.0781,-213.310547,0.012567,-0.294101,-9.070433,0.258574,0.916979,-0.076017,0.012567,0.047302,0.00,1,0.00
2.227177,310.0781,-213.310547,0.010173,-0.294078,-9.082404,0.256180,0.913388,-0.087989,0.010173,0.043711,0.00,1,0.00
2.229432,310.0781,-213.310547,0.011370,-0.294057,-9.075222,0.257377,0.912191,-0.080807,0.011370,0.042514,0.00,1,0.00
2.231693,309.9902,-213.398437,0.044889,-0.293983,-9.069236,0.290895,0.918176,-0.074821,0.044889,0.048500,0.00,1,0.00
2.233948,309.9902,-213.398437,0.025735,-0.293914,-9.071630,0.271742,0.912191,-0.077215,0.025735,0.042514,0.00,1,0.00
2.236203,310.0781,-213.310547,0.022144,-0.293858,-9.064447,0.268151,0.899023,-0.070032,0.022144,0.029346,0.00,1,0.00
2.238460,310.0781,-213.310547,0.010173,-0.293823,-9.074024,0.256180,0.896629,-0.079609,0.010173,0.026952,0.00,1,0.00
2.240720,309.9902,-213.398437,-0.004192,-0.293817,-9.075222,0.241814,0.933739,-0.080807,-0.004192,0.064062,0.00,1,0.00
2.242976,309.9902,-213.398437,-0.004192,-0.293833,-9.076419,0.241814,0.916979,-0.082004,-0.004192,0.047302,0.00,1,0.00
2.245231,309.9902,-213.398437,-0.024543,-0.293862,-9.094376,0.221464,0.888249,-0.099960,-0.024543,0.018572,0.00,1,0.00
2.247487,309.9902,-213.398437,-0.014966,-0.293917,-9.093178,0.231040,0.873884,-0.098763,-0.014966,0.004207,0.00,1,0.00
2.249743,309.9902,-213.398437,-0.002995,-0.293925,-9.095572,0.243011,0.888249,-0.101157,-0.002995,0.018572,0.00,1,0.00
2.252002,310.0781,-213.310547,-0.001798,-0.293926,-9.100361,0.244209,0.883460,-0.105946,-0.001798,0.013784,0.00,1,0.00
2.254258,309.9902,-213.398437,-0.002995,-0.293959,-9.099164,0.243011,0.891840,-0.104749,-0.002995,0.022163,0.00,1,0.00
2.256513,309.9902,-213.398437,-0.001798,-0.293958,-9.089587,0.244209,0.888249,-0.095172,-0.001798,0.018572,0.00,1,0.00
2.258768,309.9902,-213.398437,-0.002995,-0.293966,-9.082404,0.243011,0.864307,-0.087989,-0.002995,-0.005370,0.00,1,0.00
2.261028,309.9902,-213.398437,-0.001798,-0.293970,-9.064447,0.244209,0.877475,-0.070032,-0.001798,0.007798,0.00,1,0.00
2.263283,309.9902,-213.398437,-0.022149,-0.294005,-9.060856,0.223858,0.934936,-0.066441,-0.022149,0.065259,0.00,1,0.00
2.265537,309.9902,-213.398437,-0.022149,-0.294056,-9.064447,0.223858,0.916979,-0.070032,-0.022149,0.047302,0.00,1,0.00
2.267793,309.9902,-213.398437,-0.034120,-0.294125,-9.069236,0.211887,0.893037,-0.074821,-0.034120,0.023360,0.00,1,0.00
2.270054,310.0781,-213.310547,-0.007784,-0.294172,-9.081207,0.238223,0.899023,-0.086792,-0.007784,0.029346,0.00,1,0.00
2.272310,309.9902,-213.398437,0.007779,-0.294166,-9.100361,0.253785,0.913388,-0.105946,0.007779,0.043711,0.00,1,0.00
2.274565,309.9902,-213.398437,-0.005389,-0.294164,-9.090784,0.240617,0.920571,-0.096369,-0.005389,0.050894,0.00,1,0.00
2.276820,309.9902,-213.398437,0.006582,-0.294162,-9.083601,0.252588,0.908600,-0.089186,0.006582,0.038923,0.00,1,0.00
2.279080,309.9902,-213.398437,-0.006586,-0.294152,-9.081207,0.239420,0.893037,-0.086792,-0.006586,0.023360,0.00,1,0.00
2.281335,310.0781,-213.310547,-0.008981,-0.294174,-9.077616,0.237026,0.905008,-0.083200,-0.008981,0.035331,0.00,1,0.00
2.283590,309.9902,-213.398437,-0.020952,-0.294210,-9.075222,0.225055,0.918176,-0.080807,-0.020952,0.048500,0.00,1,0.00
2.285847,310.0781,-213.310547,-0.023346,-0.294264,-9.068039,0.222661,0.946907,-0.073624,-0.023346,0.077230,0.00,1,0.00
2.288101,310.0781,-213.310547,-0.026937,-0.294315,-9.053674,0.219069,0.924162,-0.059258,-0.026937,0.054485,0.00,1,0.00
2.290361,309.9902,-213.398437,-0.013769,-0.294361,-9.062054,0.232238,0.908600,-0.067638,-0.013769,0.038923,0.00,1,0.00
2.292617,309.9902,-213.398437,-0.024543,-0.294405,-9.062054,0.221464,0.894234,-0.067638,-0.024543,0.024558,0.00,1,0.00
2.294872,309.9902,-213.398437,-0.017360,-0.294451,-9.062054,0.228646,0.897826,-0.067638,-0.017360,0.028149,0.00,1,0.00
2.297128,310.0781,-213.310547,-0.013769,-0.294479,-9.048885,0.232238,0.894234,-0.054470,-0.013769,0.024558,0.00,1,0.00
2.299389,309.9023,-213.486328,-0.026937,-0.294523,-9.058462,0.219069,0.913388,-0.064047,-0.026937,0.043711,0.00,1,0.00
2.301644,310.0781,-213.310547,-0.014966,-0.294567,-9.066842,0.231040,0.906205,-0.072427,-0.014966,0.036529,0.00,1,0.00
2.303899,309.9902,-213.398437,-0.031726,-0.294627,-9.065644,0.214281,0.906205,-0.071229,-0.031726,0.036529,0.00,1,0.00
2.306155,309.9902,-213.398437,-0.020952,-0.294706,-9.068039,0.225055,0.861913,-0.073624,-0.020952,-0.007764,0.00,1,0.00
2.308416,310.0781,-213.310547,-0.011375,-0.294738,-9.070433,0.234632,0.853533,-0.076017,-0.011375,-0.016144,0.00,1,0.00
2.310671,310.0781,-213.310547,-0.001798,-0.294747,-9.082404,0.244209,0.881066,-0.087989,-0.001798,0.011389,0.00,1,0.00
2.312927,310.0781,-213.310547,-0.007784,-0.294760,-9.085996,0.238223,0.861913,-0.091580,-0.007784,-0.007764,0.00,1,0.00
2.315183,310.0781,-213.310547,0.000596,-0.294763,-9.064447,0.246603,0.872687,-0.070032,0.000596,0.003010,0.00,1,0.00
2.322805,310.0781,-213.310547,-0.006586,-0.294814,-9.078813,0.239420,0.867898,-0.084397,-0.006586,-0.001779,0.00,1,0.00
2.324875,310.0781,-213.310547,-0.006586,-0.294827,-9.093178,0.239420,0.877475,-0.098763,-0.006586,0.007798,0.00,1,0.00
2.327130,310.0781,-213.310547,-0.029331,-0.294870,-9.095572,0.216675,0.864307,-0.101157,-0.029331,-0.005370,0.00,1,0.00
2.329386,310.0781,-213.310547,-0.022149,-0.294936,-9.078813,0.223858,0.884658,-0.084397,-0.022149,0.014981,0.00,1,0.00
2.331642,310.0781,-213.310547,-0.013769,-0.294974,-9.101558,0.232238,0.894234,-0.107142,-0.013769,0.024558,0.00,1,0.00
2.333902,309.9902,-213.398437,-0.004192,-0.294983,-9.087193,0.241814,0.891840,-0.092777,-0.004192,0.022163,0.00,1,0.00
2.336156,310.0781,-213.310547,0.016158,-0.294970,-9.069236,0.262165,0.906205,-0.074821,0.016158,0.036529,0.00,1,0.00
2.338413,310.0781,-213.310547,0.011370,-0.294932,-9.075222,0.257377,0.897826,-0.080807,0.011370,0.028149,0.00,1,0.00
2.340668,309.9902,-213.398437,-0.006586,-0.294944,-9.091981,0.239420,0.897826,-0.097566,-0.006586,0.028149,0.00,1,0.00
2.342929,309.9902,-213.398437,0.010173,-0.294934,-9.078813,0.256180,0.924162,-0.084397,0.010173,0.054485,0.00,1,0.00
2.345185,309.9902,-213.398437,-0.019755,-0.294946,-9.072827,0.226252,0.889446,-0.078412,-0.019755,0.019769,0.00,1,0.00
2.347441,309.9902,-213.398437,-0.010178,-0.294985,-9.085996,0.235829,0.901417,-0.091580,-0.010178,0.031740,0.00,1,0.00
2.349695,310.0781,-213.310547,-0.005389,-0.294995,-9.075222,0.240617,0.916979,-0.080807,-0.005389,0.047302,0.00,1,0.00
2.351955,310.1660,-213.222656,0.004187,-0.295001,-9.099164,0.250194,0.908600,-0.104749,0.004187,0.038923,0.00,1,0.00
2.354211,309.9902,-213.398437,0.002990,-0.294993,-9.085996,0.248997,0.901417,-0.091580,0.002990,0.031740,0.00,1,0.00
2.356466,309.9902,-213.398437,0.011370,-0.294974,-9.062054,0.257377,0.889446,-0.067638,0.011370,0.019769,0.00,1,0.00
2.358720,309.9902,-213.398437,0.010173,-0.294952,-9.062054,0.256180,0.875081,-0.067638,0.010173,0.005404,0.00,1,0.00
2.360976,309.9902,-213.398437,0.019750,-0.294903,-9.066842,0.265756,0.866701,-0.072427,0.019750,-0.002976,0.00,1,0.00
2.363235,309.9902,-213.398437,0.005385,-0.294877,-9.065644,0.251391,0.876278,-0.071229,0.005385,0.006601,0.00,1,0.00
2.365489,309.9023,-213.486328,0.012567,-0.294856,-9.078813,0.258574,0.903811,-0.084397,0.012567,0.034134,0.00,1,0.00
2.367746,309.9902,-213.398437,0.002990,-0.294841,-9.103952,0.248997,0.893037,-0.109537,0.002990,0.023360,0.00,1,0.00
2.370002,310.0781,-213.310547,0.014961,-0.294828,-9.069236,0.260968,0.888249,-0.074821,0.014961,0.018572,0.00,1,0.00
2.372262,310.0781,-213.310547,0.019750,-0.294792,-9.052477,0.265756,0.883460,-0.058062,0.019750,0.013784,0.00,1,0.00
2.374517,310.0781,-213.310547,0.020947,-0.294745,-9.045294,0.266953,0.903811,-0.050879,0.020947,0.034134,0.00,1,0.00
2.376771,309.9902,-213.398437,-0.004192,-0.294738,-9.036914,0.241814,0.897826,-0.042499,-0.004192,0.028149,0.00,1,0.00
2.379026,309.9902,-213.398437,-0.000601,-0.294742,-9.056067,0.245406,0.897826,-0.061652,-0.000601,0.028149,0.00,1,0.00
2.381287,310.1660,-213.222656,-0.004192,-0.294752,-9.057265,0.241814,0.877475,-0.062850,-0.004192,0.007798,0.00,1,0.00
2.383543,310.0781,-213.310547,0.001793,-0.294753,-9.069236,0.247800,0.864307,-0.074821,0.001793,-0.005370,0.00,1,0.00
2.385798,309.9902,-213.398437,0.014961,-0.294725,-9.071630,0.260968,0.872687,-0.077215,0.014961,0.003010,0.00,1,0.00
2.388054,309.9902,-213.398437,-0.001798,-0.294706,-9.064447,0.244209,0.936133,-0.070032,-0.001798,0.066456,0.00,1,0.00
2.390309,310.0781,-213.310547,-0.010178,-0.294725,-9.064447,0.235829,0.931344,-0.070032,-0.010178,0.061668,0.00,1,0.00
2.392568,309.9902,-213.398437,-0.006586,-0.294740,-9.078813,0.239420,0.907402,-0.084397,-0.006586,0.037726,0.00,1,0.00
2.394824,309.9902,-213.398437,-0.007784,-0.294757,-9.063251,0.238223,0.896629,-0.068835,-0.007784,0.026952,0.00,1,0.00
2.397079,310.0781,-213.310547,-0.008981,-0.294779,-9.064447,0.237026,0.902614,-0.070032,-0.008981,0.032937,0.00,1,0.00
2.399335,309.9902,-213.398437,0.010173,-0.294779,-9.047688,0.256180,0.875081,-0.053273,0.010173,0.005404,0.00,1,0.00
2.401594,309.9902,-213.398437,0.005385,-0.294757,-9.044097,0.251391,0.869095,-0.049682,0.005385,-0.000582,0.00,1,0.00
2.403852,310.0781,-213.310547,-0.017360,-0.294769,-9.039309,0.228646,0.883460,-0.044893,-0.017360,0.013784,0.00,1,0.00
2.406107,310.0781,-213.310547,-0.019755,-0.294819,-9.046491,0.226252,0.905008,-0.052075,-0.019755,0.035331,0.00,1,0.00
2.408362,310.0781,-213.310547,-0.018557,-0.294856,-9.063251,0.227449,0.901417,-0.068835,-0.018557,0.031740,0.00,1,0.00
2.410622,310.0781,-213.310547,-0.029331,-0.294919,-9.056067,0.216675,0.897826,-0.061652,-0.029331,0.028149,0.00,1,0.00
2.412877,309.9902,-213.398437,-0.010178,-0.294972,-9.047688,0.235829,0.879869,-0.053273,-0.010178,0.010192,0.00,1,0.00
2.415134,309.9902,-213.398437,0.000596,-0.294977,-9.053674,0.246603,0.883460,-0.059258,0.000596,0.013784,0.00,1,0.00
2.417389,309.9902,-213.398437,-0.007784,-0.294989,-9.064447,0.238223,0.893037,-0.070032,-0.007784,0.023360,0.00,1,0.00
2.419649,309.9902,-213.398437,-0.002995,-0.294996,-9.070433,0.243011,0.867898,-0.076017,-0.002995,-0.001779,0.00,1,0.00
2.421904,309.9902,-213.398437,0.011370,-0.294993,-9.071630,0.257377,0.912191,-0.077215,0.011370,0.042514,0.00,1,0.00
2.424159,309.9902,-213.398437,0.012567,-0.294963,-9.062054,0.258574,0.913388,-0.067638,0.012567,0.043711,0.00,1,0.00
2.426415,309.9902,-213.398437,0.017356,-0.294928,-9.053674,0.263362,0.902614,-0.059258,0.017356,0.032937,0.00,1,0.00
2.428670,310.0781,-213.310547,0.006582,-0.294905,-9.054871,0.252588,0.893037,-0.060455,0.006582,0.023360,0.00,1,0.00
2.430929,309.9902,-213.398437,-0.005389,-0.294914,-9.062054,0.240617,0.889446,-0.067638,-0.005389,0.019769,0.00,1,0.00
2.433186,309.9902,-213.398437,-0.004192,-0.294925,-9.050082,0.241814,0.902614,-0.055667,-0.004192,0.032937,0.00,1,0.00
2.440853,309.9902,-213.398437,-0.012572,-0.295022,-9.070433,0.233435,0.926556,-0.076017,-0.012572,0.056879,0.00,1,0.00
2.442910,309.9023,-213.486328,-0.016163,-0.295048,-9.046491,0.229843,0.925359,-0.052075,-0.016163,0.055682,0.00,1,0.00
2.445179,310.0781,-213.310547,-0.036514,-0.295111,-9.059659,0.209493,0.907402,-0.065244,-0.036514,0.037726,0.00,1,0.00
2.447434,310.0781,-213.310547,-0.023346,-0.295176,-9.057265,0.222661,0.888249,-0.062850,-0.023346,0.018572,0.00,1,0.00
2.449689,309.9023,-213.486328,-0.017360,-0.295213,-9.060856,0.228646,0.914585,-0.066441,-0.017360,0.044908,0.00,1,0.00
2.451945,310.0781,-213.310547,-0.004192,-0.295256,-9.047688,0.241814,0.926556,-0.053273,-0.004192,0.056879,0.00,1,0.00
2.454205,310.0781,-213.310547,0.017356,-0.295236,-9.065644,0.263362,0.913388,-0.071229,0.017356,0.043711,0.00,1,0.00
2.456461,310.1660,-213.222656,-0.008981,-0.295236,-9.070433,0.237026,0.915782,-0.076017,-0.008981,0.046105,0.00,1,0.00
2.458717,310.0781,-213.310547,-0.007784,-0.295261,-9.087193,0.238223,0.915782,-0.092777,-0.007784,0.046105,0.00,1,0.00
2.460973,310.0781,-213.310547,-0.002995,-0.295262,-9.094376,0.243011,0.925359,-0.099960,-0.002995,0.055682,0.00,1,0.00
2.463228,309.9902,-213.398437,-0.001798,-0.295267,-9.078813,0.244209,0.920571,-0.084397,-0.001798,0.050894,0.00,1,0.00
2.465489,309.9902,-213.398437,-0.005389,-0.295275,-9.075222,0.240617,0.932542,-0.080807,-0.005389,0.062865,0.00,1,0.00
2.467746,310.0781,-213.310547,-0.002995,-0.295284,-9.088389,0.243011,0.926556,-0.093974,-0.002995,0.056879,0.00,1,0.00
2.470002,309.9902,-213.398437,-0.000601,-0.295289,-9.072827,0.245406,0.924162,-0.078412,-0.000601,0.054485,0.00,1,0.00
2.472257,309.9902,-213.398437,0.004187,-0.295287,-9.065644,0.250194,0.906205,-0.071229,0.004187,0.036529,0.00,1,0.00
2.474518,309.9902,-213.398437,-0.000601,-0.295284,-9.044097,0.245406,0.920571,-0.049682,-0.000601,0.050894,0.00,1,0.00
2.476773,309.9902,-213.398437,0.014961,-0.295270,-9.059659,0.260968,0.890643,-0.065244,0.014961,0.020966,0.00,1,0.00
2.479028,310.0781,-213.310547,0.018553,-0.295239,-9.066842,0.264559,0.888249,-0.072427,0.018553,0.018572,0.00,1,0.00
2.481283,309.9902,-213.398437,0.029327,-0.295181,-9.080010,0.275333,0.893037,-0.085595,0.029327,0.023360,0.00,1,0.00
2.483542,310.0781,-213.310547,0.008976,-0.295149,-9.094376,0.254982,0.922965,-0.099960,0.008976,0.053288,0.00,1,0.00
2.485799,310.0781,-213.310547,-0.010178,-0.295151,-9.082404,0.235829,0.932542,-0.087989,-0.010178,0.062865,0.00,1,0.00
2.488055,310.0781,-213.310547,-0.019755,-0.295186,-9.076419,0.226252,0.932542,-0.082004,-0.019755,0.062865,0.00,1,0.00
2.490311,309.9902,-213.398437,-0.026937,-0.295242,-9.064447,0.219069,0.901417,-0.070032,-0.026937,0.031740,0.00,1,0.00
2.492570,309.9902,-213.398437,-0.008981,-0.295274,-9.057265,0.237026,0.884658,-0.062850,-0.008981,0.014981,0.00,1,0.00
2.494826,309.9902,-213.398437,0.001793,-0.295267,-9.072827,0.247800,0.869095,-0.078412,0.001793,-0.000582,0.00,1,0.00
2.497081,309.9902,-213.398437,0.008976,-0.295255,-9.072827,0.254982,0.891840,-0.078412,0.008976,0.022163,0.00,1,0.00
2.499336,309.9902,-213.398437,-0.011375,-0.295263,-9.071630,0.234632,0.902614,-0.077215,-0.011375,0.032937,0.00,1,0.00
2.501590,310.0781,-213.310547,0.000596,-0.295269,-9.077616,0.246603,0.887052,-0.083200,0.000596,0.017375,0.00,1,0.00
2.503852,309.9902,-213.398437,-0.007784,-0.295291,-9.112331,0.238223,0.906205,-0.117916,-0.007784,0.036529,0.00,1,0.00
2.506108,309.9902,-213.398437,0.004187,-0.295293,-9.096769,0.250194,0.936133,-0.102354,0.004187,0.066456,0.00,1,0.00
2.508363,309.9902,-213.398437,-0.004192,-0.295295,-9.095572,0.241814,0.957681,-0.101157,-0.004192,0.088004,0.00,1,0.00
2.510619,309.9902,-213.398437,-0.005389,-0.295305,-9.095572,0.240617,0.956484,-0.101157,-0.005389,0.086807,0.00,1,0.00
2.512880,309.9902,-213.398437,-0.004192,-0.295318,-9.075222,0.241814,0.955287,-0.080807,-0.004192,0.085610,0.00,1,0.00
2.515135,310.0781,-213.310547,-0.013769,-0.295337,-9.042900,0.232238,0.910994,-0.048485,-0.013769,0.041317,0.00,1,0.00
2.517391,309.9902,-213.398437,-0.024543,-0.295386,-9.066842,0.221464,0.891840,-0.072427,-0.024543,0.022163,0.00,1,0.00
2.519647,310.0781,-213.310547,-0.024543,-0.295445,-9.060856,0.221464,0.893037,-0.066441,-0.024543,0.023360,0.00,1,0.00
2.521906,310.0781,-213.310547,-0.016163,-0.295480,-9.075222,0.229843,0.901417,-0.080807,-0.016163,0.031740,0.00,1,0.00
2.524161,309.9902,-213.398437,-0.024543,-0.295525,-9.082404,0.221464,0.885855,-0.087989,-0.024543,0.016178,0.00,1,0.00
2.526417,309.9902,-213.398437,-0.035317,-0.295600,-9.077616,0.210690,0.893037,-0.083200,-0.035317,0.023360,0.00,1,0.00
2.528671,309.9902,-213.398437,-0.030528,-0.295675,-9.056067,0.215478,0.899023,-0.061652,-0.030528,0.029346,0.00,1,0.00
2.530926,309.9902,-213.398437,-0.007784,-0.295696,-9.056067,0.238223,0.919373,-0.061652,-0.007784,0.049697,0.00,1,0.00
2.533187,309.9023,-213.486328,-0.026937,-0.295736,-9.036914,0.219069,0.924162,-0.042499,-0.026937,0.054485,0.00,1,0.00
2.535441,309.9902,-213.398437,-0.022149,-0.295789,-9.032125,0.223858,0.903811,-0.037710,-0.022149,0.034134,0.00,1,0.00
2.537695,310.0781,-213.310547,-0.029331,-0.295851,-9.048885,0.216675,0.866701,-0.054470,-0.029331,-0.002976,0.00,1,0.00
2.539950,309.9902,-213.398437,-0.019755,-0.295905,-9.046491,0.226252,0.870292,-0.052075,-0.019755,0.000616,0.00,1,0.00
2.542212,309.9902,-213.398437,-0.023346,-0.295955,-9.056067,0.222661,0.902614,-0.061652,-0.023346,0.032937,0.00,1,0.00
2.544467,309.9902,-213.398437,-0.016163,-0.295999,-9.080010,0.229843,0.915782,-0.085595,-0.016163,0.046105,0.00,1,0.00
2.546722,309.9902,-213.398437,-0.008981,-0.296026,-9.050082,0.237026,0.902614,-0.055667,-0.008981,0.032937,0.00,1,0.00
2.548979,310.0781,-213.310547,-0.004192,-0.296039,-9.063251,0.241814,0.881066,-0.068835,-0.004192,0.011389,0.00,1,0.00
2.551238,309.9902,-213.398437,-0.017360,-0.296065,-9.068039,0.228646,0.885855,-0.073624,-0.017360,0.016178,0.00,1,0.00
2.559361,310.0781,-213.310547,-0.020952,-0.296236,-9.083601,0.225055,0.909797,-0.089186,-0.020952,0.040120,0.00,1,0.00
2.561420,309.9902,-213.398437,-0.018557,-0.296281,-9.088389,0.227449,0.902614,-0.093974,-0.018557,0.032937,0.00,1,0.00
2.563675,310.0781,-213.310547,-0.020952,-0.296322,-9.081207,0.225055,0.900220,-0.086792,-0.020952,0.030543,0.00,1,0.00
2.565944,309.9902,-213.398437,-0.016163,-0.296362,-9.083601,0.229843,0.887052,-0.089186,-0.016163,0.017375,0.00,1,0.00
2.568199,309.9902,-213.398437,-0.000601,-0.296379,-9.078813,0.245406,0.884658,-0.084397,-0.000601,0.014981,0.00,1,0.00
2.570455,309.9902,-213.398437,0.018553,-0.296341,-9.078813,0.264559,0.870292,-0.084397,0.018553,0.000616,0.00,1,0.00
2.572711,309.9902,-213.398437,0.016158,-0.296327,-9.063251,0.262165,0.896629,-0.068835,0.016158,0.026952,0.00,1,0.00
2.574966,310.0781,-213.310547,0.014961,-0.296286,-9.068039,0.260968,0.889446,-0.073624,0.014961,0.019769,0.00,1,0.00
2.577226,310.0781,-213.310547,0.014961,-0.296253,-9.065644,0.260968,0.884658,-0.071229,0.014961,0.014981,0.00,1,0.00
2.579481,309.9902,-213.398437,0.002990,-0.296236,-9.068039,0.248997,0.920571,-0.073624,0.002990,0.050894,0.00,1,0.00
2.581736,309.9902,-213.398437,0.007779,-0.296226,-9.056067,0.253785,0.890643,-0.061652,0.007779,0.020966,0.00,1,0.00
2.583992,309.9902,-213.398437,0.006582,-0.296210,-9.064447,0.252588,0.872687,-0.070032,0.006582,0.003010,0.00,1,0.00
2.586253,309.9902,-213.398437,-0.000601,-0.296205,-9.062054,0.245406,0.876278,-0.067638,-0.000601,0.006601,0.00,1,0.00
2.588509,309.9902,-213.398437,-0.010178,-0.296223,-9.076419,0.235829,0.885855,-0.082004,-0.010178,0.016178,0.00,1,0.00
2.590763,309.9902,-213.398437,0.024538,-0.296191,-9.051279,0.270545,0.879869,-0.056864,0.024538,0.010192,0.00,1,0.00
2.593019,310.0781,-213.310547,0.040100,-0.296118,-9.062054,0.286107,0.889446,-0.067638,0.040100,0.019769,0.00,1,0.00
2.595280,310.0781,-213.310547,0.044889,-0.296019,-9.071630,0.290895,0.870292,-0.077215,0.044889,0.000616,0.00,1,0.00
2.597535,309.9902,-213.398437,0.023341,-0.295950,-9.062054,0.269348,0.866701,-0.067638,0.023341,-0.002976,0.00,1,0.00
2.599790,309.9902,-213.398437,-0.022149,-0.295978,-9.081207,0.223858,0.896629,-0.086792,-0.022149,0.026952,0.00,1,0.00
2.602046,309.9902,-213.398437,-0.006586,-0.296011,-9.080010,0.239420,0.885855,-0.085595,-0.006586,0.016178,0.00,1,0.00
2.604301,310.0781,-213.310547,0.001793,-0.296015,-9.072827,0.247800,0.895431,-0.078412,0.001793,0.025755,0.00,1,0.00
2.606561,309.9902,-213.398437,0.011370,-0.295991,-9.083601,0.257377,0.876278,-0.089186,0.011370,0.006601,0.00,1,0.00
2.608816,309.9902,-213.398437,0.000596,-0.295972,-9.071630,0.246603,0.863110,-0.077215,0.000596,-0.006567,0.00,1,0.00
2.611072,309.9902,-213.398437,-0.007784,-0.295985,-9.064447,0.238223,0.851139,-0.070032,-0.007784,-0.018538,0.00,1,0.00
2.613327,310.0781,-213.310547,-0.013769,-0.296010,-9.068039,0.232238,0.840365,-0.073624,-0.013769,-0.029312,0.00,1,0.00
2.615587,309.9902,-213.398437,0.019750,-0.296009,-9.071630,0.265756,0.859518,-0.077215,0.019750,-0.010158,0.00,1,0.00
2.617842,309.9902,-213.398437,0.018553,-0.295959,-9.064447,0.264559,0.853533,-0.070032,0.018553,-0.016144,0.00,1,0.00
2.620097,309.9902,-213.398437,0.012567,-0.295928,-9.070433,0.258574,0.843956,-0.076017,0.012567,-0.025721,0.00,1,0.00
2.622353,309.9902,-213.398437,0.008976,-0.295905,-9.085996,0.254982,0.858321,-0.091580,0.008976,-0.011355,0.00,1,0.00
2.624613,309.9902,-213.398437,0.026932,-0.295861,-9.069236,0.272939,0.855927,-0.074821,0.026932,-0.013750,0.00,1,0.00
2.626868,309.9902,-213.398437,0.010173,-0.295822,-9.060856,0.256180,0.879869,-0.066441,0.010173,0.010192,0.00,1,0.00
2.629123,310.0781,-213.310547,0.024538,-0.295779,-9.071630,0.270545,0.891840,-0.077215,0.024538,0.022163,0.00,1,0.00
2.631379,309.9902,-213.398437,0.035312,-0.295705,-9.065644,0.281319,0.875081,-0.071229,0.035312,0.005404,0.00,1,0.00
2.633634,309.9902,-213.398437,0.023341,-0.295634,-9.065644,0.269348,0.872687,-0.071229,0.023341,0.003010,0.00,1,0.00
2.635894,309.9902,-213.398437,0.010173,-0.295597,-9.069236,0.256180,0.883460,-0.074821,0.010173,0.013784,0.00,1,0.00
2.638150,310.0781,-213.310547,0.000596,-0.295587,-9.069236,0.246603,0.865504,-0.074821,0.000596,-0.004173,0.00,1,0.00
2.640406,309.9902,-213.398437,-0.005389,-0.295595,-9.062054,0.240617,0.858321,-0.067638,-0.005389,-0.011355,0.00,1,0.00
2.642661,309.9902,-213.398437,-0.023346,-0.295630,-9.054871,0.222661,0.883460,-0.060455,-0.023346,0.013784,0.00,1,0.00
2.644921,309.9902,-213.398437,-0.026937,-0.295691,-9.057265,0.219069,0.901417,-0.062850,-0.026937,0.031740,0.00,1,0.00
2.647176,309.9902,-213.398437,-0.017360,-0.295738,-9.053674,0.228646,0.906205,-0.059258,-0.017360,0.036529,0.00,1,0.00
2.649431,310.0781,-213.310547,-0.029331,-0.295801,-9.056067,0.216675,0.891840,-0.061652,-0.029331,0.022163,0.00,1,0.00
2.651687,309.9902,-213.398437,-0.011375,-0.295829,-9.065644,0.234632,0.883460,-0.071229,-0.011375,0.013784,0.00,1,0.00
2.653947,309.9902,-213.398437,-0.023346,-0.295873,-9.065644,0.222661,0.897826,-0.071229,-0.023346,0.028149,0.00,1,0.00
2.656201,309.9902,-213.398437,-0.022149,-0.295923,-9.060856,0.223858,0.910994,-0.066441,-0.022149,0.041317,0.00,1,0.00
2.658456,309.9902,-213.398437,-0.025740,-0.295980,-9.074024,0.220267,0.894234,-0.079609,-0.025740,0.024558,0.00,1,0.00
2.660712,309.9902,-213.398437,-0.006586,-0.296010,-9.094376,0.239420,0.869095,-0.099960,-0.006586,-0.000582,0.00,1,0.00
2.662974,309.9902,-213.398437,0.000596,-0.296013,-9.083601,0.246603,0.863110,-0.089186,0.000596,-0.006567,0.00,1,0.00
2.665228,310.0781,-213.310547,-0.011375,-0.296029,-9.066842,0.234632,0.878672,-0.072427,-0.011375,0.008995,0.00,1,0.00
2.667484,309.9902,-213.398437,-0.001798,-0.296060,-9.084799,0.244209,0.931344,-0.090384,-0.001798,0.061668,0.00,1,0.00
2.669740,309.9902,-213.398437,-0.014966,-0.296077,-9.082404,0.231040,0.908600,-0.087989,-0.014966,0.038923,0.00,1,0.00
2.677379,309.9902,-213.398437,-0.024543,-0.296264,-9.072827,0.221464,0.877475,-0.078412,-0.024543,0.007798,0.00,1,0.00
2.679450,310.0781,-213.310547,-0.007784,-0.296288,-9.066842,0.238223,0.893037,-0.072427,-0.007784,0.023360,0.00,1,0.00
2.681705,309.9902,-213.398437,0.010173,-0.296270,-9.074024,0.256180,0.899023,-0.079609,0.010173,0.029346,0.00,1,0.00
2.683960,309.9902,-213.398437,-0.001798,-0.296259,-9.083601,0.244209,0.881066,-0.089186,-0.001798,0.011389,0.00,1,0.00
2.686216,310.0781,-213.310547,-0.001798,-0.296265,-9.091981,0.244209,0.893037,-0.097566,-0.001798,0.023360,0.00,1,0.00
2.688476,309.9902,-213.398437,-0.002995,-0.296278,-9.082404,0.243011,0.909797,-0.087989,-0.002995,0.040120,0.00,1,0.00
2.690732,309.9902,-213.398437,0.016158,-0.296264,-9.058462,0.262165,0.925359,-0.064047,0.016158,0.055682,0.00,1,0.00
2.692988,309.9902,-213.398437,0.019750,-0.296222,-9.051279,0.265756,0.925359,-0.056864,0.019750,0.055682,0.00,1,0.00
2.695245,310.0781,-213.310547,0.024538,-0.296167,-9.060856,0.270545,0.883460,-0.066441,0.024538,0.013784,0.00,1,0.00
2.697505,309.9902,-213.398437,0.007779,-0.296139,-9.065644,0.253785,0.864307,-0.071229,0.007779,-0.005370,0.00,1,0.00
2.699761,310.0781,-213.310547,-0.004192,-0.296132,-9.076419,0.241814,0.876278,-0.082004,-0.004192,0.006601,0.00,1,0.00
2.702017,309.9902,-213.398437,-0.023346,-0.296169,-9.076419,0.222661,0.882263,-0.082004,-0.023346,0.012587,0.00,1,0.00
2.704271,310.0781,-213.310547,-0.019755,-0.296218,-9.064447,0.226252,0.890643,-0.070032,-0.019755,0.020966,0.00,1,0.00
2.706527,309.9902,-213.398437,-0.010178,-0.296243,-9.063251,0.235829,0.939724,-0.068835,-0.010178,0.070047,0.00,1,0.00
2.708788,309.9902,-213.398437,-0.016163,-0.296275,-9.065644,0.229843,0.940921,-0.071229,-0.016163,0.071244,0.00,1,0.00
2.711046,309.9902,-213.398437,-0.012572,-0.296306,-9.057265,0.233435,0.919373,-0.062850,-0.012572,0.049697,0.00,1,0.00
2.713300,309.9902,-213.398437,-0.004192,-0.296321,-9.070433,0.241814,0.895431,-0.076017,-0.004192,0.025755,0.00,1,0.00
2.715555,309.9902,-213.398437,-0.023346,-0.296359,-9.084799,0.222661,0.875081,-0.090384,-0.023346,0.005404,0.00,1,0.00
2.717815,309.9902,-213.398437,-0.016163,-0.296409,-9.106346,0.229843,0.882263,-0.111931,-0.016163,0.012587,0.00,1,0.00
2.720070,309.9902,-213.398437,-0.006586,-0.296429,-9.095572,0.239420,0.900220,-0.101157,-0.006586,0.030543,0.00,1,0.00
2.722326,309.9902,-213.398437,0.004187,-0.296430,-9.093178,0.250194,0.918176,-0.098763,0.004187,0.048500,0.00,1,0.00
2.724582,309.9902,-213.398437,0.002990,-0.296416,-9.064447,0.248997,0.903811,-0.070032,0.002990,0.034134,0.00,1,0.00
2.726842,309.9902,-213.398437,0.026932,-0.296381,-9.058462,0.272939,0.895431,-0.064047,0.026932,0.025755,0.00,1,0.00
2.729097,310.0781,-213.310547,0.017356,-0.296334,-9.056067,0.263362,0.907402,-0.061652,0.017356,0.037726,0.00,1,0.00
2.731353,310.0781,-213.310547,0.024538,-0.296285,-9.062054,0.270545,0.921768,-0.067638,0.024538,0.052091,0.00,1,0.00
2.733608,309.9902,-213.398437,0.004187,-0.296257,-9.066842,0.250194,0.922965,-0.072427,0.004187,0.053288,0.00,1,0.00
2.735868,309.9902,-213.398437,-0.002995,-0.296261,-9.080010,0.243011,0.922965,-0.085595,-0.002995,0.053288,0.00,1,0.00
2.738122,310.0781,-213.310547,0.001793,-0.296256,-9.081207,0.247800,0.921768,-0.086792,0.001793,0.052091,0.00,1,0.00
2.740380,309.9902,-213.398437,-0.005389,-0.296265,-9.083601,0.240617,0.920571,-0.089186,-0.005389,0.050894,0.00,1,0.00
2.742634,309.9902,-213.398437,0.002990,-0.296270,-9.082404,0.248997,0.903811,-0.087989,0.002990,0.034134,0.00,1,0.00
2.744889,310.0781,-213.310547,0.011370,-0.296255,-9.080010,0.257377,0.921768,-0.085595,0.011370,0.052091,0.00,1,0.00
2.747150,309.9902,-213.398437,0.002990,-0.296240,-9.058462,0.248997,0.922965,-0.064047,0.002990,0.053288,0.00,1,0.00
2.749407,309.9902,-213.398437,0.006582,-0.296226,-9.051279,0.252588,0.914585,-0.056864,0.006582,0.044908,0.00,1,0.00
2.751661,309.9902,-213.398437,0.008976,-0.296207,-9.053674,0.254982,0.925359,-0.059258,0.008976,0.055682,0.00,1,0.00
2.753917,309.9902,-213.398437,0.022144,-0.296176,-9.065644,0.268151,0.936133,-0.071229,0.022144,0.066456,0.00,1,0.00
2.756178,309.9902,-213.398437,0.022144,-0.296120,-9.066842,0.268151,0.913388,-0.072427,0.022144,0.043711,0.00,1,0.00
2.758433,309.9902,-213.398437,0.008976,-0.296096,-9.058462,0.254982,0.890643,-0.064047,0.008976,0.020966,0.00,1,0.00
2.760688,309.9902,-213.398437,0.011370,-0.296073,-9.054871,0.257377,0.897826,-0.060455,0.011370,0.028149,0.00,1,0.00
2.762943,310.1660,-213.222656,0.004187,-0.296055,-9.052477,0.250194,0.871489,-0.058062,0.004187,0.001813,0.00,1,0.00
2.765203,310.0781,-213.310547,-0.014966,-0.296087,-9.063251,0.231040,0.889446,-0.068835,-0.014966,0.019769,0.00,1,0.00
2.767459,310.0781,-213.310547,-0.001798,-0.296093,-9.077616,0.244209,0.901417,-0.083200,-0.001798,0.031740,0.00,1,0.00
2.769714,310.0781,-213.310547,0.011370,-0.296090,-9.077616,0.257377,0.916979,-0.083200,0.011370,0.047302,0.00,1,0.00
2.771968,309.9902,-213.398437,0.008976,-0.296065,-9.082404,0.254982,0.919373,-0.087989,0.008976,0.049697,0.00,1,0.00
2.774223,309.9902,-213.398437,0.008976,-0.296048,-9.075222,0.254982,0.915782,-0.080807,0.008976,0.046105,0.00,1,0.00
2.776483,309.9902,-213.398437,-0.010178,-0.296057,-9.054871,0.235829,0.883460,-0.060455,-0.010178,0.013784,0.00,1,0.00
2.778737,309.9902,-213.398437,-0.005389,-0.296072,-9.060856,0.240617,0.879869,-0.066441,-0.005389,0.010192,0.00,1,0.00
2.780993,310.0781,-213.310547,-0.008981,-0.296089,-9.035717,0.237026,0.900220,-0.041302,-0.008981,0.030543,0.00,1,0.00
2.783250,309.9902,-213.398437,0.006582,-0.296085,-9.048885,0.252588,0.938527,-0.054470,0.006582,0.068850,0.00,1,0.00
2.785512,310.0781,-213.310547,0.012567,-0.296060,-9.063251,0.258574,0.924162,-0.068835,0.012567,0.054485,0.00,1,0.00
2.787767,309.9902,-213.398437,0.007779,-0.296038,-9.060856,0.253785,0.928950,-0.066441,0.007779,0.059273,0.00,1,0.00
2.795991,309.9902,-213.398437,-0.018557,-0.296191,-9.087193,0.227449,0.919373,-0.092777,-0.018557,0.049697,0.00,1,0.00
2.798535,309.9902,-213.398437,-0.020952,-0.296249,-9.083601,0.225055,0.915782,-0.089186,-0.020952,0.046105,0.00,1,0.00
2.800803,309.9902,-213.398437,-0.031726,-0.296306,-9.088389,0.214281,0.908600,-0.093974,-0.031726,0.038923,0.00,1,0.00
2.803060,310.0781,-213.310547,-0.055668,-0.296417,-9.060856,0.190339,0.888249,-0.066441,-0.055668,0.018572,0.00,1,0.00
2.805315,309.9902,-213.398437,-0.050879,-0.296543,-9.048885,0.195127,0.899023,-0.054470,-0.050879,0.029346,0.00,1,0.00
2.807569,310.0781,-213.310547,-0.030528,-0.296633,-9.058462,0.215478,0.918176,-0.064047,-0.030528,0.048500,0.00,1,0.00
2.809824,309.9902,-213.398437,-0.012572,-0.296681,-9.062054,0.233435,0.896629,-0.067638,-0.012572,0.026952,0.00,1,0.00
2.812086,310.1660,-213.222656,-0.012572,-0.296710,-9.053674,0.233435,0.885855,-0.059258,-0.012572,0.016178,0.00,1,0.00
2.814341,310.0781,-213.310547,-0.012572,-0.296742,-9.047688,0.233435,0.910994,-0.053273,-0.012572,0.041317,0.00,1,0.00
2.816596,310.0781,-213.310547,-0.008981,-0.296766,-9.048885,0.237026,0.899023,-0.054470,-0.008981,0.029346,0.00,1,0.00
2.818853,309.9902,-213.398437,-0.007784,-0.296785,-9.048885,0.238223,0.884658,-0.054470,-0.007784,0.014981,0.00,1,0.00
2.821113,309.9023,-213.486328,-0.002995,-0.296795,-9.048885,0.243011,0.889446,-0.054470,-0.002995,0.019769,0.00,1,0.00
2.823368,310.0781,-213.310547,-0.016163,-0.296814,-9.052477,0.229843,0.899023,-0.058062,-0.016163,0.029346,0.00,1,0.00
2.825624,310.0781,-213.310547,-0.014966,-0.296848,-9.047688,0.231040,0.887052,-0.053273,-0.014966,0.017375,0.00,1,0.00
2.827880,309.9902,-213.398437,-0.017360,-0.296885,-9.046491,0.228646,0.881066,-0.052075,-0.017360,0.011389,0.00,1,0.00
2.830140,309.9902,-213.398437,-0.000601,-0.296901,-9.040505,0.245406,0.918176,-0.046090,-0.000601,0.048500,0.00,1,0.00
2.832395,310.0781,-213.310547,-0.019755,-0.296917,-9.064447,0.226252,0.908600,-0.070032,-0.019755,0.038923,0.00,1,0.00
2.834652,310.0781,-213.310547,-0.020952,-0.296963,-9.082404,0.225055,0.882263,-0.087989,-0.020952,0.012587,0.00,1,0.00
2.836907,309.9902,-213.398437,-0.018557,-0.297007,-9.081207,0.227449,0.896629,-0.086792,-0.018557,0.026952,0.00,1,0.00
2.839167,309.9902,-213.398437,0.000596,-0.297018,-9.063251,0.246603,0.872687,-0.068835,0.000596,0.003010,0.00,1,0.00
2.841422,310.0781,-213.310547,0.017356,-0.296983,-9.077616,0.263362,0.878672,-0.083200,0.017356,0.008995,0.00,1,0.00
2.843678,309.9902,-213.398437,0.013764,-0.296947,-9.081207,0.259771,0.876278,-0.086792,0.013764,0.006601,0.00,1,0.00
2.845933,309.9902,-213.398437,0.012567,-0.296920,-9.065644,0.258574,0.887052,-0.071229,0.012567,0.017375,0.00,1,0.00
2.848188,309.9902,-213.398437,0.016158,-0.296883,-9.070433,0.262165,0.910994,-0.076017,0.016158,0.041317,0.00,1,0.00
2.850448,309.9902,-213.398437,0.017356,-0.296850,-9.044097,0.263362,0.927753,-0.049682,0.017356,0.058076,0.00,1,0.00
2.852703,310.0781,-213.310547,0.023341,-0.296802,-9.051279,0.269348,0.925359,-0.056864,0.023341,0.055682,0.00,1,0.00
2.854958,310.0781,-213.310547,0.020947,-0.296754,-9.058462,0.266953,0.908600,-0.064047,0.020947,0.038923,0.00,1,0.00
2.857213,309.9902,-213.398437,0.012567,-0.296719,-9.053674,0.258574,0.897826,-0.059258,0.012567,0.028149,0.00,1,0.00
2.859474,309.9902,-213.398437,0.016158,-0.296686,-9.058462,0.262165,0.858321,-0.064047,0.016158,-0.011355,0.00,1,0.00
2.861729,309.9902,-213.398437,0.014961,-0.296654,-9.048885,0.260968,0.846350,-0.054470,0.014961,-0.023326,0.00,1,0.00
2.863986,309.9902,-213.398437,0.020947,-0.296607,-9.057265,0.266953,0.871489,-0.062850,0.020947,0.001813,0.00,1,0.00
2.866242,310.0781,-213.310547,0.010173,-0.296573,-9.071630,0.256180,0.908600,-0.077215,0.010173,0.038923,0.00,1,0.00
2.868502,310.0781,-213.310547,-0.000601,-0.296564,-9.058462,0.245406,0.916979,-0.064047,-0.000601,0.047302,0.00,1,0.00
2.870756,310.0781,-213.310547,-0.011375,-0.296575,-9.048885,0.234632,0.922965,-0.054470,-0.011375,0.053288,0.00,1,0.00
2.873014,310.0781,-213.310547,-0.014966,-0.296610,-9.064447,0.231040,0.934936,-0.070032,-0.014966,0.065259,0.00,1,0.00
2.875268,310.0781,-213.310547,-0.014966,-0.296639,-9.075222,0.231040,0.919373,-0.080807,-0.014966,0.049697,0.00,1,0.00
2.877523,309.9902,-213.398437,0.006582,-0.296648,-9.060856,0.252588,0.894234,-0.066441,0.006582,0.024558,0.00,1,0.00
2.879783,309.9902,-213.398437,0.006582,-0.296631,-9.060856,0.252588,0.887052,-0.066441,0.006582,0.017375,0.00,1,0.00
2.882037,309.9902,-213.398437,0.010173,-0.296612,-9.045294,0.256180,0.878672,-0.050879,0.010173,0.008995,0.00,1,0.00
2.884293,309.9023,-213.486328,0.008976,-0.296581,-9.068039,0.254982,0.881066,-0.073624,0.008976,0.011389,0.00,1,0.00
2.886549,310.0781,-213.310547,-0.005389,-0.296579,-9.065644,0.240617,0.891840,-0.071229,-0.005389,0.022163,0.00,1,0.00
2.888809,309.9902,-213.398437,0.005385,-0.296577,-9.083601,0.251391,0.888249,-0.089186,0.005385,0.018572,0.00,1,0.00
2.891065,309.9902,-213.398437,0.011370,-0.296554,-9.090784,0.257377,0.896629,-0.096369,0.011370,0.026952,0.00,1,0.00
2.893320,309.9902,-213.398437,0.006582,-0.296536,-9.091981,0.252588,0.882263,-0.097566,0.006582,0.012587,0.00,1,0.00
2.895575,309.9902,-213.398437,0.020947,-0.296508,-9.101558,0.266953,0.876278,-0.107142,0.020947,0.006601,0.00,1,0.00
2.897834,310.0781,-213.310547,0.012567,-0.296470,-9.105149,0.258574,0.896629,-0.110734,0.012567,0.026952,0.00,1,0.00
2.900089,309.9902,-213.398437,-0.012572,-0.296485,-9.097966,0.233435,0.891840,-0.103551,-0.012572,0.022163,0.00,1,0.00
2.902346,309.9023,-213.486328,-0.014966,-0.296525,-9.096769,0.231040,0.873884,-0.102354,-0.014966,0.004207,0.00,1,0.00
2.904600,310.0781,-213.310547,-0.013769,-0.296555,-9.091981,0.232238,0.851139,-0.097566,-0.013769,-0.018538,0.00,1,0.00
2.906855,309.9902,-213.398437,-0.022149,-0.296595,-9.094376,0.223858,0.884658,-0.099960,-0.022149,0.014981,0.00,1,0.00
2.914381,310.0781,-213.310547,-0.023346,-0.296771,-9.063251,0.222661,0.931344,-0.068835,-0.023346,0.061668,0.00,1,0.00
2.916437,309.9902,-213.398437,-0.002995,-0.296784,-9.047688,0.243011,0.944513,-0.053273,-0.002995,0.074836,0.00,1,0.00
2.918693,309.9902,-213.398437,-0.005389,-0.296795,-9.062054,0.240617,0.907402,-0.067638,-0.005389,0.037726,0.00,1,0.00
2.920949,310.0781,-213.310547,0.016158,-0.296768,-9.065644,0.262165,0.900220,-0.071229,0.016158,0.030543,0.00,1,0.00
2.923218,309.9902,-213.398437,-0.000601,-0.296752,-9.075222,0.245406,0.879869,-0.080807,-0.000601,0.010192,0.00,1,0.00
2.925473,309.9023,-213.486328,0.000596,-0.296758,-9.056067,0.246603,0.864307,-0.061652,0.000596,-0.005370,0.00,1,0.00
2.927728,309.9902,-213.398437,0.012567,-0.296738,-9.053674,0.258574,0.878672,-0.059258,0.012567,0.008995,0.00,1,0.00
2.929984,309.9902,-213.398437,0.006582,-0.296715,-9.052477,0.252588,0.888249,-0.058062,0.006582,0.018572,0.00,1,0.00
2.932246,309.9902,-213.398437,0.000596,-0.296721,-9.052477,0.246603,0.885855,-0.058062,0.000596,0.016178,0.00,1,0.00
2.934500,309.9902,-213.398437,0.001793,-0.296714,-9.054871,0.247800,0.891840,-0.060455,0.001793,0.022163,0.00,1,0.00
2.936755,309.9902,-213.398437,-0.000601,-0.296713,-9.065644,0.245406,0.887052,-0.071229,-0.000601,0.017375,0.00,1,0.00
2.939010,309.9902,-213.398437,0.006582,-0.296705,-9.065644,0.252588,0.882263,-0.071229,0.006582,0.012587,0.00,1,0.00
2.941269,309.9902,-213.398437,-0.005389,-0.296698,-9.066842,0.240617,0.885855,-0.072427,-0.005389,0.016178,0.00,1,0.00
2.943524,309.9902,-213.398437,-0.019755,-0.296723,-9.058462,0.226252,0.884658,-0.064047,-0.019755,0.014981,0.00,1,0.00
2.945780,310.0781,-213.310547,-0.030528,-0.296785,-9.063251,0.215478,0.908600,-0.068835,-0.030528,0.038923,0.00,1,0.00
2.948035,310.0781,-213.310547,-0.031726,-0.296857,-9.047688,0.214281,0.903811,-0.053273,-0.031726,0.034134,0.00,1,0.00
2.950291,309.9902,-213.398437,-0.010178,-0.296901,-9.056067,0.235829,0.930147,-0.061652,-0.010178,0.060471,0.00,1,0.00
2.952553,309.9902,-213.398437,-0.002995,-0.296916,-9.062054,0.243011,0.908600,-0.067638,-0.002995,0.038923,0.00,1,0.00
2.954809,309.9902,-213.398437,0.002990,-0.296914,-9.060856,0.248997,0.900220,-0.066441,0.002990,0.030543,0.00,1,0.00
2.957064,309.9902,-213.398437,0.010173,-0.296893,-9.068039,0.256180,0.901417,-0.073624,0.010173,0.031740,0.00,1,0.00
2.959320,310.0781,-213.310547,0.016158,-0.296876,-9.063251,0.262165,0.893037,-0.068835,0.016158,0.023360,0.00,1,0.00
2.961580,310.0781,-213.310547,0.025735,-0.296826,-9.077616,0.271742,0.881066,-0.083200,0.025735,0.011389,0.00,1,0.00
2.963835,310.0781,-213.310547,0.025735,-0.296764,-9.071630,0.271742,0.901417,-0.077215,0.025735,0.031740,0.00,1,0.00
2.966090,309.9902,-213.398437,-0.002995,-0.296728,-9.076419,0.243011,0.888249,-0.082004,-0.002995,0.018572,0.00,1,0.00
2.968346,310.1660,-213.222656,-0.006586,-0.296743,-9.065644,0.239420,0.872687,-0.071229,-0.006586,0.003010,0.00,1,0.00
2.970606,309.9902,-213.398437,0.014961,-0.296735,-9.083601,0.260968,0.897826,-0.089186,0.014961,0.028149,0.00,1,0.00
2.972861,309.9902,-213.398437,0.010173,-0.296708,-9.096769,0.256180,0.906205,-0.102354,0.010173,0.036529,0.00,1,0.00
2.975116,310.0781,-213.310547,-0.000601,-0.296698,-9.074024,0.245406,0.889446,-0.079609,-0.000601,0.019769,0.00,1,0.00
2.977371,309.9902,-213.398437,0.004187,-0.296694,-9.068039,0.250194,0.861913,-0.073624,0.004187,-0.007764,0.00,1,0.00
2.979627,309.9902,-213.398437,0.002990,-0.296687,-9.053674,0.248997,0.887052,-0.059258,0.002990,0.017375,0.00,1,0.00
2.981887,310.0781,-213.310547,0.013764,-0.296661,-9.048885,0.259771,0.897826,-0.054470,0.013764,0.028149,0.00,1,0.00
2.984142,309.9902,-213.398437,0.010173,-0.296638,-9.077616,0.256180,0.907402,-0.083200,0.010173,0.037726,0.00,1,0.00
2.986397,309.9902,-213.398437,0.024538,-0.296597,-9.060856,0.270545,0.915782,-0.066441,0.024538,0.046105,0.00,1,0.00
2.988652,309.9902,-213.398437,0.020947,-0.296547,-9.071630,0.266953,0.915782,-0.077215,0.020947,0.046105,0.00,1,0.00
2.990913,309.9902,-213.398437,0.022144,-0.296492,-9.063251,0.268151,0.899023,-0.068835,0.022144,0.029346,0.00,1,0.00
2.993169,310.0781,-213.310547,0.025735,-0.296443,-9.064447,0.271742,0.896629,-0.070032,0.025735,0.026952,0.00,1,0.00
2.995423,309.9902,-213.398437,0.020947,-0.296387,-9.066842,0.266953,0.887052,-0.072427,0.020947,0.017375,0.00,1,0.00
2.997680,310.0781,-213.310547,0.019750,-0.296343,-9.050082,0.265756,0.881066,-0.055667,0.019750,0.011389,0.00,1,0.00
2.999939,310.1660,-213.222656,0.019750,-0.296292,-9.046491,0.265756,0.899023,-0.052075,0.019750,0.029346,0.00,1,0.00
3.002194,309.9902,-213.398437,0.020947,-0.296260,-9.050082,0.266953,0.894234,-0.055667,0.020947,0.024558,0.00,1,0.00
3.004449,310.0781,-213.310547,0.007779,-0.296221,-9.045294,0.253785,0.906205,-0.050879,0.007779,0.036529,0.00,1,0.00
3.006704,309.9902,-213.398437,0.002990,-0.296214,-9.039309,0.248997,0.912191,-0.044893,0.002990,0.042514,0.00,1,0.00
3.008960,309.9023,-213.486328,-0.004192,-0.296224,-9.036914,0.241814,0.922965,-0.042499,-0.004192,0.053288,0.00,1,0.00
3.011220,309.9902,-213.398437,0.007779,-0.296205,-9.054871,0.253785,0.931344,-0.060455,0.007779,0.061668,0.00,1,0.00
3.013475,310.0781,-213.310547,-0.005389,-0.296206,-9.063251,0.240617,0.925359,-0.068835,-0.005389,0.055682,0.00,1,0.00
3.015731,309.9902,-213.398437,-0.028134,-0.296255,-9.054871,0.217872,0.915782,-0.060455,-0.028134,0.046105,0.00,1,0.00
3.017987,310.0781,-213.310547,-0.034120,-0.296334,-9.064447,0.211887,0.906205,-0.070032,-0.034120,0.036529,0.00,1,0.00
3.020249,309.9902,-213.398437,-0.016163,-0.296374,-9.059659,0.229843,0.913388,-0.065244,-0.016163,0.043711,0.00,1,0.00
3.022504,310.0781,-213.310547,-0.012572,-0.296403,-9.074024,0.233435,0.894234,-0.079609,-0.012572,0.024558,0.00,1,0.00
3.024760,309.9902,-213.398437,-0.005389,-0.296422,-9.071630,0.240617,0.893037,-0.077215,-0.005389,0.023360,0.00,1,0.00
3.032406,309.9023,-213.486328,0.005385,-0.296381,-9.091981,0.251391,0.876278,-0.097566,0.005385,0.006601,0.00,1,0.00
3.034476,309.9902,-213.398437,0.007779,-0.296355,-9.096769,0.253785,0.884658,-0.102354,0.007779,0.014981,0.00,1,0.00
3.036732,310.0781,-213.310547,0.012567,-0.296338,-9.091981,0.258574,0.894234,-0.097566,0.012567,0.024558,0.00,1,0.00
3.038988,310.0781,-213.310547,0.000596,-0.296308,-9.093178,0.246603,0.920571,-0.098763,0.000596,0.050894,0.00,1,0.00
3.041245,309.9902,-213.398437,0.005385,-0.296304,-9.083601,0.251391,0.916979,-0.089186,0.005385,0.047302,0.00,1,0.00
3.043500,309.9902,-213.398437,0.005385,-0.296291,-9.075222,0.251391,0.914585,-0.080807,0.005385,0.044908,0.00,1,0.00
3.045761,309.9902,-213.398437,0.012567,-0.296268,-9.085996,0.258574,0.900220,-0.091580,0.012567,0.030543,0.00,1,0.00
3.048017,310.0781,-213.310547,-0.012572,-0.296266,-9.075222,0.233435,0.888249,-0.080807,-0.012572,0.018572,0.00,1,0.00
3.050272,309.9902,-213.398437,-0.014966,-0.296297,-9.062054,0.231040,0.901417,-0.067638,-0.014966,0.031740,0.00,1,0.00
3.052527,309.9902,-213.398437,0.001793,-0.296308,-9.056067,0.247800,0.909797,-0.061652,0.001793,0.040120,0.00,1,0.00
3.054787,309.9902,-213.398437,-0.000601,-0.296308,-9.056067,0.245406,0.897826,-0.061652,-0.000601,0.028149,0.00,1,0.00
3.057043,309.9902,-213.398437,-0.013769,-0.296322,-9.059659,0.232238,0.887052,-0.065244,-0.013769,0.017375,0.00,1,0.00
3.059299,310.0781,-213.310547,-0.008981,-0.296347,-9.065644,0.237026,0.873884,-0.071229,-0.008981,0.004207,0.00,1,0.00
3.061555,309.9902,-213.398437,-0.004192,-0.296360,-9.051279,0.241814,0.871489,-0.056864,-0.004192,0.001813,0.00,1,0.00
3.063815,309.9902,-213.398437,-0.012572,-0.296383,-9.058462,0.233435,0.881066,-0.064047,-0.012572,0.011389,0.00,1,0.00
3.066070,309.9902,-213.398437,0.012567,-0.296377,-9.064447,0.258574,0.918176,-0.070032,0.012567,0.048500,0.00,1,0.00
3.068326,309.9902,-213.398437,0.018553,-0.296340,-9.044097,0.264559,0.924162,-0.049682,0.018553,0.054485,0.00,1,0.00
3.070582,309.9902,-213.398437,0.016158,-0.296301,-9.039309,0.262165,0.899023,-0.044893,0.016158,0.029346,0.00,1,0.00
3.072836,309.9902,-213.398437,0.023341,-0.296254,-9.050082,0.269348,0.901417,-0.055667,0.023341,0.031740,0.00,1,0.00
3.075097,309.9902,-213.398437,0.029327,-0.296203,-9.033323,0.275333,0.896629,-0.038908,0.029327,0.026952,0.00,1,0.00
3.077353,309.9902,-213.398437,0.013764,-0.296152,-9.032125,0.259771,0.913388,-0.037710,0.013764,0.043711,0.00,1,0.00
3.079608,310.0781,-213.310547,0.001793,-0.296145,-9.042900,0.247800,0.918176,-0.048485,0.001793,0.048500,0.00,1,0.00
3.081864,309.9902,-213.398437,0.013764,-0.296121,-9.065644,0.259771,0.930147,-0.071229,0.013764,0.060471,0.00,1,0.00
3.084124,309.9023,-213.486328,0.005385,-0.296098,-9.075222,0.251391,0.944513,-0.080807,0.005385,0.074836,0.00,1,0.00
3.086380,309.9902,-213.398437,-0.008981,-0.296102,-9.059659,0.237026,0.909797,-0.065244,-0.008981,0.040120,0.00,1,0.00
3.088635,310.0781,-213.310547,-0.020952,-0.296144,-9.058462,0.225055,0.878672,-0.064047,-0.020952,0.008995,0.00,1,0.00
3.090890,309.9902,-213.398437,-0.023346,-0.296198,-9.060856,0.222661,0.888249,-0.066441,-0.023346,0.018572,0.00,1,0.00
3.093150,309.9902,-213.398437,-0.011375,-0.296234,-9.081207,0.234632,0.885855,-0.086792,-0.011375,0.016178,0.00,1,0.00
3.095406,309.9902,-213.398437,0.002990,-0.296245,-9.071630,0.248997,0.883460,-0.077215,0.002990,0.013784,0.00,1,0.00
3.097661,309.9902,-213.398437,-0.000601,-0.296241,-9.075222,0.245406,0.876278,-0.080807,-0.000601,0.006601,0.00,1,0.00
3.099916,309.9023,-213.486328,0.006582,-0.296224,-9.059659,0.252588,0.908600,-0.065244,0.006582,0.038923,0.00,1,0.00
3.102176,309.9902,-213.398437,0.012567,-0.296203,-9.064447,0.258574,0.896629,-0.070032,0.012567,0.026952,0.00,1,0.00
3.104432,310.0781,-213.310547,0.006582,-0.296184,-9.068039,0.252588,0.881066,-0.073624,0.006582,0.011389,0.00,1,0.00
3.106688,310.0781,-213.310547,0.012567,-0.296161,-9.081207,0.258574,0.912191,-0.086792,0.012567,0.042514,0.00,1,0.00
3.108943,309.9902,-213.398437,0.011370,-0.296129,-9.077616,0.257377,0.900220,-0.083200,0.011370,0.030543,0.00,1,0.00
3.111198,309.9902,-213.398437,0.025735,-0.296089,-9.075222,0.271742,0.879869,-0.080807,0.025735,0.010192,0.00,1,0.00
3.113460,309.9902,-213.398437,0.034115,-0.296016,-9.063251,0.280122,0.859518,-0.068835,0.034115,-0.010158,0.00,1,0.00
3.115716,310.0781,-213.310547,0.022144,-0.295958,-9.052477,0.268151,0.835576,-0.058062,0.022144,-0.034100,0.00,1,0.00
3.117971,309.9902,-213.398437,0.018553,-0.295934,-9.068039,0.264559,0.867898,-0.073624,0.018553,-0.001779,0.00,1,0.00
3.120226,309.9902,-213.398437,0.018553,-0.295880,-9.054871,0.264559,0.881066,-0.060455,0.018553,0.011389,0.00,1,0.00
3.122487,310.0781,-213.310547,0.000596,-0.295866,-9.040505,0.246603,0.887052,-0.046090,0.000596,0.017375,0.00,1,0.00
3.124743,309.9902,-213.398437,-0.010178,-0.295884,-9.050082,0.235829,0.875081,-0.055667,-0.010178,0.005404,0.00,1,0.00
3.126998,309.9023,-213.486328,-0.018557,-0.295920,-9.072827,0.227449,0.895431,-0.078412,-0.018557,0.025755,0.00,1,0.00
3.129255,309.9902,-213.398437,-0.017360,-0.295959,-9.070433,0.228646,0.895431,-0.076017,-0.017360,0.025755,0.00,1,0.00
3.131515,309.9902,-213.398437,-0.000601,-0.295976,-9.077616,0.245406,0.909797,-0.083200,-0.000601,0.040120,0.00,1,0.00
3.133770,310.0781,-213.310547,0.002990,-0.295970,-9.070433,0.248997,0.909797,-0.076017,0.002990,0.040120,0.00,1,0.00
3.136026,309.9902,-213.398437,0.016158,-0.295947,-9.058462,0.262165,0.895431,-0.064047,0.016158,0.025755,0.00,1,0.00
3.138281,309.9902,-213.398437,0.014961,-0.295911,-9.077616,0.260968,0.883460,-0.083200,0.014961,0.013784,0.00,1,0.00
3.140536,310.0781,-213.310547,0.010173,-0.295877,-9.074024,0.256180,0.897826,-0.079609,0.010173,0.028149,0.00,1,0.00
3.142795,309.9902,-213.398437,-0.008981,-0.295889,-9.063251,0.237026,0.906205,-0.068835,-0.008981,0.036529,0.00,1,0.00
3.151018,310.0781,-213.310547,-0.005389,-0.295934,-9.042900,0.240617,0.897826,-0.048485,-0.005389,0.028149,0.00,1,0.00
3.153074,309.9902,-213.398437,-0.005389,-0.295952,-9.046491,0.240617,0.908600,-0.052075,-0.005389,0.038923,0.00,1,0.00
3.155329,310.0781,-213.310547,-0.001798,-0.295958,-9.054871,0.244209,0.894234,-0.060455,-0.001798,0.024558,0.00,1,0.00
3.157599,309.9902,-213.398437,-0.007784,-0.295972,-9.064447,0.238223,0.882263,-0.070032,-0.007784,0.012587,0.00,1,0.00
3.159854,310.0781,-213.310547,-0.000601,-0.295995,-9.074024,0.245406,0.879869,-0.079609,-0.000601,0.010192,0.00,1,0.00
3.162110,309.9902,-213.398437,0.002990,-0.295983,-9.064447,0.248997,0.903811,-0.070032,0.002990,0.034134,0.00,1,0.00
3.164366,309.9902,-213.398437,0.002990,-0.295985,-9.059659,0.248997,0.910994,-0.065244,0.002990,0.041317,0.00,1,0.00
3.166627,309.9902,-213.398437,0.008976,-0.295964,-9.071630,0.254982,0.899023,-0.077215,0.008976,0.029346,0.00,1,0.00
3.168882,309.9902,-213.398437,0.016158,-0.295947,-9.077616,0.262165,0.901417,-0.083200,0.016158,0.031740,0.00,1,0.00
3.171138,310.0781,-213.310547,0.022144,-0.295900,-9.068039,0.268151,0.901417,-0.073624,0.022144,0.031740,0.00,1,0.00
3.173393,309.9902,-213.398437,-0.002995,-0.295883,-9.058462,0.243011,0.879869,-0.064047,-0.002995,0.010192,0.00,1,0.00
3.175648,309.9902,-213.398437,0.000596,-0.295891,-9.066842,0.246603,0.895431,-0.072427,0.000596,0.025755,0.00,1,0.00
3.177908,309.9902,-213.398437,-0.013769,-0.295901,-9.072827,0.232238,0.857124,-0.078412,-0.013769,-0.012553,0.00,1,0.00
3.180163,309.9902,-213.398437,-0.004192,-0.295921,-9.078813,0.241814,0.872687,-0.084397,-0.004192,0.003010,0.00,1,0.00
3.182419,309.9902,-213.398437,-0.012572,-0.295942,-9.089587,0.233435,0.871489,-0.095172,-0.012572,0.001813,0.00,1,0.00
3.184675,309.9902,-213.398437,-0.008981,-0.295965,-9.097966,0.237026,0.884658,-0.103551,-0.008981,0.014981,0.00,1,0.00
3.186935,309.9902,-213.398437,-0.004192,-0.295976,-9.078813,0.241814,0.889446,-0.084397,-0.004192,0.019769,0.00,1,0.00
3.189190,309.9902,-213.398437,-0.018557,-0.296007,-9.062054,0.227449,0.891840,-0.067638,-0.018557,0.022163,0.00,1,0.00
3.191447,309.9902,-213.398437,-0.005389,-0.296030,-9.048885,0.240617,0.867898,-0.054470,-0.005389,-0.001779,0.00,1,0.00
3.193702,309.9902,-213.398437,-0.006586,-0.296043,-9.062054,0.239420,0.866701,-0.067638,-0.006586,-0.002976,0.00,1,0.00
3.195963,310.0781,-213.310547,-0.000601,-0.296054,-9.065644,0.245406,0.901417,-0.071229,-0.000601,0.031740,0.00,1,0.00
3.198219,309.9902,-213.398437,0.014961,-0.296036,-9.060856,0.260968,0.913388,-0.066441,0.014961,0.043711,0.00,1,0.00
3.200473,309.9902,-213.398437,0.014961,-0.295997,-9.051279,0.260968,0.913388,-0.056864,0.014961,0.043711,0.00,1,0.00
3.202728,309.9902,-213.398437,0.008976,-0.295975,-9.057265,0.254982,0.899023,-0.062850,0.008976,0.029346,0.00,1,0.00
3.204987,309.9902,-213.398437,-0.010178,-0.295976,-9.056067,0.235829,0.872687,-0.061652,-0.010178,0.003010,0.00,1,0.00
3.207245,310.0781,-213.310547,-0.004192,-0.295996,-9.057265,0.241814,0.899023,-0.062850,-0.004192,0.029346,0.00,1,0.00
3.209499,309.9902,-213.398437,-0.018557,-0.296027,-9.065644,0.227449,0.908600,-0.071229,-0.018557,0.038923,0.00,1,0.00
3.211754,310.0781,-213.310547,-0.024543,-0.296082,-9.069236,0.221464,0.910994,-0.074821,-0.024543,0.041317,0.00,1,0.00
3.214009,309.9023,-213.486328,-0.012572,-0.296124,-9.072827,0.233435,0.891840,-0.078412,-0.012572,0.022163,0.00,1,0.00
3.216269,310.0781,-213.310547,-0.016163,-0.296153,-9.076419,0.229843,0.866701,-0.082004,-0.016163,-0.002976,0.00,1,0.00
3.218526,309.9902,-213.398437,-0.025740,-0.296205,-9.058462,0.220267,0.883460,-0.064047,-0.025740,0.013784,0.00,1,0.00
3.220781,309.9902,-213.398437,-0.020952,-0.296257,-9.042900,0.225055,0.890643,-0.048485,-0.020952,0.020966,0.00,1,0.00
3.223036,309.9902,-213.398437,-0.007784,-0.296291,-9.060856,0.238223,0.893037,-0.066441,-0.007784,0.023360,0.00,1,0.00
3.225296,309.9902,-213.398437,-0.002995,-0.296302,-9.078813,0.243011,0.903811,-0.084397,-0.002995,0.034134,0.00,1,0.00
3.227552,309.9023,-213.486328,0.010173,-0.296283,-9.077616,0.256180,0.906205,-0.083200,0.010173,0.036529,0.00,1,0.00
3.229808,309.9902,-213.398437,0.005385,-0.296262,-9.065644,0.251391,0.907402,-0.071229,0.005385,0.037726,0.00,1,0.00
3.232063,310.0781,-213.310547,0.010173,-0.296243,-9.062054,0.256180,0.908600,-0.067638,0.010173,0.038923,0.00,1,0.00
3.234323,309.9902,-213.398437,-0.004192,-0.296240,-9.071630,0.241814,0.927753,-0.077215,-0.004192,0.058076,0.00,1,0.00
3.236580,309.9902,-213.398437,0.010173,-0.296228,-9.072827,0.256180,0.931344,-0.078412,0.010173,0.061668,0.00,1,0.00
3.238834,310.0781,-213.310547,0.012567,-0.296201,-9.074024,0.258574,0.872687,-0.079609,0.012567,0.003010,0.00,1,0.00
3.241089,309.9902,-213.398437,0.010173,-0.296176,-9.080010,0.256180,0.867898,-0.085595,0.010173,-0.001779,0.00,1,0.00
3.243345,309.9902,-213.398437,0.006582,-0.296158,-9.082404,0.252588,0.857124,-0.087989,0.006582,-0.012553,0.00,1,0.00
3.245607,309.9902,-213.398437,0.006582,-0.296139,-9.066842,0.252588,0.863110,-0.072427,0.006582,-0.006567,0.00,1,0.00
3.247862,310.0781,-213.310547,-0.013769,-0.296172,-9.044097,0.232238,0.881066,-0.049682,-0.013769,0.011389,0.00,1,0.00
3.250120,310.0781,-213.310547,0.006582,-0.296184,-9.040505,0.252588,0.889446,-0.046090,0.006582,0.019769,0.00,1,0.00
3.252376,310.0781,-213.310547,0.019750,-0.296142,-9.048885,0.265756,0.891840,-0.054470,0.019750,0.022163,0.00,1,0.00
3.254636,309.9902,-213.398437,0.007779,-0.296115,-9.054871,0.253785,0.894234,-0.060455,0.007779,0.024558,0.00,1,0.00
3.256890,309.9902,-213.398437,-0.010178,-0.296126,-9.046491,0.235829,0.896629,-0.052075,-0.010178,0.026952,0.00,1,0.00
3.259146,309.9902,-213.398437,-0.016163,-0.296155,-9.063251,0.229843,0.900220,-0.068835,-0.016163,0.030543,0.00,1,0.00
3.261401,309.9902,-213.398437,-0.036514,-0.296227,-9.060856,0.209493,0.896629,-0.066441,-0.036514,0.026952,0.00,1,0.00
3.269046,309.9902,-213.398437,0.008976,-0.296159,-9.078813,0.254982,0.893037,-0.084397,0.008976,0.023360,0.00,1,0.00
3.271103,309.9902,-213.398437,0.013764,-0.296132,-9.074024,0.259771,0.900220,-0.079609,0.013764,0.030543,0.00,1,0.00
3.273360,310.0781,-213.310547,0.020947,-0.296090,-9.077616,0.266953,0.879869,-0.083200,0.020947,0.010192,0.00,1,0.00
3.275616,310.0781,-213.310547,0.022144,-0.296042,-9.077616,0.268151,0.875081,-0.083200,0.022144,0.005404,0.00,1,0.00
3.277871,309.9902,-213.398437,-0.008981,-0.296043,-9.069236,0.237026,0.925359,-0.074821,-0.008981,0.055682,0.00,1,0.00
3.280141,310.0781,-213.310547,-0.005389,-0.296061,-9.064447,0.240617,0.942118,-0.070032,-0.005389,0.072442,0.00,1,0.00
3.282397,309.9023,-213.486328,-0.002995,-0.296068,-9.074024,0.243011,0.931344,-0.079609,-0.002995,0.061668,0.00,1,0.00
3.284653,309.9902,-213.398437,0.004187,-0.296071,-9.062054,0.250194,0.899023,-0.067638,0.004187,0.029346,0.00,1,0.00
3.286909,309.9902,-213.398437,-0.002995,-0.296069,-9.072827,0.243011,0.903811,-0.078412,-0.002995,0.034134,0.00,1,0.00
3.289168,309.9902,-213.398437,-0.000601,-0.296073,-9.088389,0.245406,0.926556,-0.093974,-0.000601,0.056879,0.00,1,0.00
3.291423,309.9902,-213.398437,-0.006586,-0.296079,-9.087193,0.239420,0.930147,-0.092777,-0.006586,0.060471,0.00,1,0.00
3.293679,309.9902,-213.398437,-0.000601,-0.296094,-9.074024,0.245406,0.912191,-0.079609,-0.000601,0.042514,0.00,1,0.00
3.295934,310.0781,-213.310547,-0.000601,-0.296097,-9.085996,0.245406,0.877475,-0.091580,-0.000601,0.007798,0.00,1,0.00
3.298195,309.9023,-213.486328,-0.004192,-0.296103,-9.091981,0.241814,0.883460,-0.097566,-0.004192,0.013784,0.00,1,0.00
3.300451,309.9902,-213.398437,-0.005389,-0.296114,-9.080010,0.240617,0.861913,-0.085595,-0.005389,-0.007764,0.00,1,0.00
3.302706,309.9023,-213.486328,-0.018557,-0.296148,-9.059659,0.227449,0.888249,-0.065244,-0.018557,0.018572,0.00,1,0.00
3.304961,310.0781,-213.310547,-0.018557,-0.296190,-9.052477,0.227449,0.881066,-0.058062,-0.018557,0.011389,0.00,1,0.00
3.307221,309.9902,-213.398437,-0.043697,-0.296266,-9.045294,0.202310,0.871489,-0.050879,-0.043697,0.001813,0.00,1,0.00
3.309476,309.9902,-213.398437,-0.038908,-0.296358,-9.051279,0.207098,0.867898,-0.056864,-0.038908,-0.001779,0.00,1,0.00
3.311732,310.0781,-213.310547,-0.028134,-0.296443,-9.059659,0.217872,0.870292,-0.065244,-0.028134,0.000616,0.00,1,0.00
3.313987,310.0781,-213.310547,-0.023346,-0.296498,-9.068039,0.222661,0.878672,-0.073624,-0.023346,0.008995,0.00,1,0.00
3.316244,309.9902,-213.398437,-0.025740,-0.296554,-9.081207,0.220267,0.890643,-0.086792,-0.025740,0.020966,0.00,1,0.00
3.318505,309.9902,-213.398437,-0.019755,-0.296603,-9.089587,0.226252,0.890643,-0.095172,-0.019755,0.020966,0.00,1,0.00
3.320760,310.0781,-213.310547,-0.020952,-0.296647,-9.071630,0.225055,0.876278,-0.077215,-0.020952,0.006601,0.00,1,0.00
3.323016,309.9902,-213.398437,-0.004192,-0.296674,-9.096769,0.241814,0.889446,-0.102354,-0.004192,0.019769,0.00,1,0.00
3.325271,310.0781,-213.310547,0.004187,-0.296673,-9.091981,0.250194,0.900220,-0.097566,0.004187,0.030543,0.00,1,0.00
3.327532,309.9902,-213.398437,0.011370,-0.296648,-9.093178,0.257377,0.882263,-0.098763,0.011370,0.012587,0.00,1,0.00
3.329788,309.9902,-213.398437,0.002990,-0.296637,-9.083601,0.248997,0.899023,-0.089186,0.002990,0.029346,0.00,1,0.00
3.332043,309.9902,-213.398437,0.001793,-0.296633,-9.064447,0.247800,0.920571,-0.070032,0.001793,0.050894,0.00,1,0.00
3.334297,309.9902,-213.398437,0.000596,-0.296629,-9.065644,0.246603,0.907402,-0.071229,0.000596,0.037726,0.00,1,0.00
3.336556,310.0781,-213.310547,-0.023346,-0.296667,-9.065644,0.222661,0.913388,-0.071229,-0.023346,0.043711,0.00,1,0.00
3.338813,309.9902,-213.398437,-0.024543,-0.296728,-9.063251,0.221464,0.895431,-0.068835,-0.024543,0.025755,0.00,1,0.00
3.341068,310.0781,-213.310547,-0.025740,-0.296785,-9.054871,0.220267,0.879869,-0.060455,-0.025740,0.010192,0.00,1,0.00
3.343323,309.9902,-213.398437,-0.017360,-0.296830,-9.036914,0.228646,0.895431,-0.042499,-0.017360,0.025755,0.00,1,0.00
3.345584,309.9902,-213.398437,-0.011375,-0.296859,-9.038112,0.234632,0.903811,-0.043696,-0.011375,0.034134,0.00,1,0.00
3.347840,310.0781,-213.310547,-0.011375,-0.296882,-9.041702,0.234632,0.936133,-0.047287,-0.011375,0.066456,0.00,1,0.00
3.350095,310.0781,-213.310547,-0.006586,-0.296905,-9.047688,0.239420,0.905008,-0.053273,-0.006586,0.035331,0.00,1,0.00
3.352351,310.0781,-213.310547,0.008976,-0.296897,-9.050082,0.254982,0.871489,-0.055667,0.008976,0.001813,0.00,1,0.00
3.354607,309.9902,-213.398437,0.007779,-0.296870,-9.065644,0.253785,0.885855,-0.071229,0.007779,0.016178,0.00,1,0.00
3.356867,309.9902,-213.398437,-0.004192,-0.296866,-9.058462,0.241814,0.915782,-0.064047,-0.004192,0.046105,0.00,1,0.00
3.359123,309.9902,-213.398437,-0.013769,-0.296888,-9.071630,0.232238,0.924162,-0.077215,-0.013769,0.054485,0.00,1,0.00
3.361380,310.0781,-213.310547,-0.007784,-0.296912,-9.062054,0.238223,0.896629,-0.067638,-0.007784,0.026952,0.00,1,0.00
3.363635,309.9902,-213.398437,0.004187,-0.296915,-9.059659,0.250194,0.902614,-0.065244,0.004187,0.032937,0.00,1,0.00
3.365896,310.0781,-213.310547,0.018553,-0.296888,-9.057265,0.264559,0.900220,-0.062850,0.018553,0.030543,0.00,1,0.00
3.368153,309.9902,-213.398437,-0.006586,-0.296880,-9.056067,0.239420,0.890643,-0.061652,-0.006586,0.020966,0.00,1,0.00
3.370408,309.9902,-213.398437,-0.001798,-0.296890,-9.064447,0.244209,0.879869,-0.070032,-0.001798,0.010192,0.00,1,0.00
3.372663,309.9023,-213.486328,0.010173,-0.296885,-9.087193,0.256180,0.864307,-0.092777,0.010173,-0.005370,0.00,1,0.00
3.374925,309.9902,-213.398437,0.006582,-0.296868,-9.077616,0.252588,0.871489,-0.083200,0.006582,0.001813,0.00,1,0.00
3.377181,309.9902,-213.398437,0.002990,-0.296855,-9.062054,0.248997,0.869095,-0.067638,0.002990,-0.000582,0.00,1,0.00
3.379436,309.9023,-213.486328,-0.005389,-0.296864,-9.068039,0.240617,0.891840,-0.073624,-0.005389,0.022163,0.00,1,0.00
3.387079,309.9902,-213.398437,-0.028134,-0.297079,-9.069236,0.217872,0.884658,-0.074821,-0.028134,0.014981,0.00,1,0.00
3.389135,309.9902,-213.398437,-0.024543,-0.297134,-9.069236,0.221464,0.894234,-0.074821,-0.024543,0.024558,0.00,1,0.00
3.391404,309.9902,-213.398437,-0.022149,-0.297178,-9.062054,0.223858,0.883460,-0.067638,-0.022149,0.013784,0.00,1,0.00
3.393659,309.9902,-213.398437,-0.017360,-0.297234,-9.066842,0.228646,0.863110,-0.072427,-0.017360,-0.006567,0.00,1,0.00
3.395915,310.0781,-213.310547,-0.012572,-0.297265,-9.053674,0.233435,0.887052,-0.059258,-0.012572,0.017375,0.00,1,0.00
3.398170,309.9902,-213.398437,-0.006586,-0.297285,-9.056067,0.239420,0.906205,-0.061652,-0.006586,0.036529,0.00,1,0.00
3.400430,309.9902,-213.398437,-0.001798,-0.297296,-9.058462,0.244209,0.907402,-0.064047,-0.001798,0.037726,0.00,1,0.00
3.402686,310.0781,-213.310547,-0.007784,-0.297302,-9.070433,0.238223,0.930147,-0.076017,-0.007784,0.060471,0.00,1,0.00
3.404942,310.0781,-213.310547,-0.012572,-0.297323,-9.052477,0.233435,0.912191,-0.058062,-0.012572,0.042514,0.00,1,0.00
3.407198,309.9902,-213.398437,-0.013769,-0.297353,-9.065644,0.232238,0.902614,-0.071229,-0.013769,0.032937,0.00,1,0.00
3.409459,309.9902,-213.398437,-0.005389,-0.297375,-9.087193,0.240617,0.903811,-0.092777,-0.005389,0.034134,0.00,1,0.00
3.411715,310.0781,-213.310547,0.000596,-0.297367,-9.072827,0.246603,0.883460,-0.078412,0.000596,0.013784,0.00,1,0.00
3.413971,310.0781,-213.310547,-0.008981,-0.297378,-9.068039,0.237026,0.876278,-0.073624,-0.008981,0.006601,0.00,1,0.00
3.416226,309.9902,-213.398437,-0.000601,-0.297385,-9.072827,0.245406,0.851139,-0.078412,-0.000601,-0.018538,0.00,1,0.00
3.418487,309.9902,-213.398437,0.022144,-0.297361,-9.034520,0.268151,0.841562,-0.040105,0.022144,-0.028115,0.00,1,0.00
3.420743,309.9902,-213.398437,0.028129,-0.297301,-9.057265,0.274136,0.843956,-0.062850,0.028129,-0.025721,0.00,1,0.00
3.422999,309.9902,-213.398437,0.014961,-0.297249,-9.068039,0.260968,0.858321,-0.073624,0.014961,-0.011355,0.00,1,0.00
3.425256,309.9023,-213.486328,0.007779,-0.297234,-9.081207,0.253785,0.873884,-0.086792,0.007779,0.004207,0.00,1,0.00
3.427512,310.0781,-213.310547,0.002990,-0.297217,-9.089587,0.248997,0.884658,-0.095172,0.002990,0.014981,0.00,1,0.00
3.429771,309.9902,-213.398437,-0.023346,-0.297236,-9.078813,0.222661,0.866701,-0.084397,-0.023346,-0.002976,0.00,1,0.00
3.432027,310.0781,-213.310547,-0.031726,-0.297304,-9.095572,0.214281,0.871489,-0.101157,-0.031726,0.001813,0.00,1,0.00
3.434282,309.9902,-213.398437,-0.019755,-0.297350,-9.082404,0.226252,0.855927,-0.087989,-0.019755,-0.013750,0.00,1,0.00
3.436537,309.9902,-213.398437,-0.036514,-0.297414,-9.062054,0.209493,0.857124,-0.067638,-0.036514,-0.012553,0.00,1,0.00
3.438799,310.0781,-213.310547,-0.041302,-0.297506,-9.077616,0.204704,0.852336,-0.083200,-0.041302,-0.017341,0.00,1,0.00
3.441055,310.0781,-213.310547,-0.047288,-0.297607,-9.080010,0.198719,0.867898,-0.085595,-0.047288,-0.001779,0.00,1,0.00
3.443311,309.9902,-213.398437,-0.035317,-0.297693,-9.070433,0.210690,0.873884,-0.076017,-0.035317,0.004207,0.00,1,0.00
3.445567,309.9902,-213.398437,-0.008981,-0.297738,-9.084799,0.237026,0.873884,-0.090384,-0.008981,0.004207,0.00,1,0.00
3.447827,309.9902,-213.398437,0.004187,-0.297744,-9.066842,0.250194,0.855927,-0.072427,0.004187,-0.013750,0.00,1,0.00
3.450083,309.9023,-213.486328,0.007779,-0.297727,-9.041702,0.253785,0.872687,-0.047287,0.007779,0.003010,0.00,1,0.00
3.452337,310.0781,-213.310547,0.002990,-0.297717,-9.032125,0.248997,0.906205,-0.037710,0.002990,0.036529,0.00,1,0.00
3.454593,309.9902,-213.398437,-0.001798,-0.297729,-9.062054,0.244209,0.894234,-0.067638,-0.001798,0.024558,0.00,1,0.00
3.456848,310.0781,-213.310547,0.018553,-0.297707,-9.076419,0.264559,0.908600,-0.082004,0.018553,0.038923,0.00,1,0.00
3.459109,309.9902,-213.398437,-0.000601,-0.297693,-9.077616,0.245406,0.881066,-0.083200,-0.000601,0.011389,0.00,1,0.00
3.461364,309.9902,-213.398437,-0.002995,-0.297701,-9.075222,0.243011,0.871489,-0.080807,-0.002995,0.001813,0.00,1,0.00
3.463620,309.9902,-213.398437,0.002990,-0.297707,-9.074024,0.248997,0.877475,-0.079609,0.002990,0.007798,0.00,1,0.00
3.465876,309.9902,-213.398437,0.019750,-0.297674,-9.072827,0.265756,0.881066,-0.078412,0.019750,0.011389,0.00,1,0.00
3.468136,310.0781,-213.310547,0.008976,-0.297649,-9.082404,0.254982,0.899023,-0.087989,0.008976,0.029346,0.00,1,0.00
3.470393,309.9902,-213.398437,0.000596,-0.297632,-9.060856,0.246603,0.909797,-0.066441,0.000596,0.040120,0.00,1,0.00
3.472648,310.0781,-213.310547,0.011370,-0.297620,-9.070433,0.257377,0.918176,-0.076017,0.011370,0.048500,0.00,1,0.00
3.474903,309.9023,-213.486328,0.001793,-0.297607,-9.080010,0.247800,0.931344,-0.085595,0.001793,0.061668,0.00,1,0.00
3.477164,310.0781,-213.310547,-0.005389,-0.297617,-9.066842,0.240617,0.926556,-0.072427,-0.005389,0.056879,0.00,1,0.00
3.479419,310.0781,-213.310547,-0.002995,-0.297616,-9.070433,0.243011,0.899023,-0.076017,-0.002995,0.029346,0.00,1,0.00
3.481676,310.0781,-213.310547,-0.007784,-0.297628,-9.053674,0.238223,0.876278,-0.059258,-0.007784,0.006601,0.00,1,0.00
3.483932,309.9902,-213.398437,-0.011375,-0.297653,-9.033323,0.234632,0.883460,-0.038908,-0.011375,0.013784,0.00,1,0.00
3.486193,309.9902,-213.398437,-0.000601,-0.297664,-9.034520,0.245406,0.901417,-0.040105,-0.000601,0.031740,0.00,1,0.00
3.488449,310.0781,-213.310547,0.024538,-0.297626,-9.032125,0.270545,0.891840,-0.037710,0.024538,0.022163,0.00,1,0.00
3.490704,309.9902,-213.398437,0.031721,-0.297562,-9.035717,0.277727,0.909797,-0.041302,0.031721,0.040120,0.00,1,0.00
3.492960,309.9902,-213.398437,0.022144,-0.297503,-9.058462,0.268151,0.909797,-0.064047,0.022144,0.040120,0.00,1,0.00
3.495215,309.9902,-213.398437,0.007779,-0.297476,-9.071630,0.253785,0.916979,-0.077215,0.007779,0.047302,0.00,1,0.00
3.497475,309.9902,-213.398437,-0.011375,-0.297484,-9.083601,0.234632,0.875081,-0.089186,-0.011375,0.005404,0.00,1,0.00
3.505730,309.9902,-213.398437,0.006582,-0.297430,-9.065644,0.252588,0.888249,-0.071229,0.006582,0.018572,0.00,1,0.00
3.507787,309.9902,-213.398437,-0.001798,-0.297430,-9.065644,0.244209,0.905008,-0.071229,-0.001798,0.035331,0.00,1,0.00
3.510042,310.0781,-213.310547,0.001793,-0.297429,-9.056067,0.247800,0.895431,-0.061652,0.001793,0.025755,0.00,1,0.00
3.512311,310.0781,-213.310547,0.000596,-0.297423,-9.059659,0.246603,0.893037,-0.065244,0.000596,0.023360,0.00,1,0.00
3.514566,310.0781,-213.310547,-0.002995,-0.297433,-9.054871,0.243011,0.859518,-0.060455,-0.002995,-0.010158,0.00,1,0.00
3.516820,309.9902,-213.398437,0.002990,-0.297436,-9.038112,0.248997,0.870292,-0.043696,0.002990,0.000616,0.00,1,0.00
3.519075,309.9902,-213.398437,0.002990,-0.297429,-9.064447,0.248997,0.869095,-0.070032,0.002990,-0.000582,0.00,1,0.00
3.521336,309.9902,-213.398437,-0.001798,-0.297412,-9.075222,0.244209,0.871489,-0.080807,-0.001798,0.001813,0.00,1,0.00
3.523592,309.9023,-213.486328,-0.002995,-0.297421,-9.076419,0.243011,0.870292,-0.082004,-0.002995,0.000616,0.00,1,0.00
3.525848,309.9902,-213.398437,-0.000601,-0.297428,-9.087193,0.245406,0.902614,-0.092777,-0.000601,0.032937,0.00,1,0.00
3.528103,310.0781,-213.310547,0.013764,-0.297402,-9.094376,0.259771,0.906205,-0.099960,0.013764,0.036529,0.00,1,0.00
3.530358,309.9902,-213.398437,0.018553,-0.297363,-9.102755,0.264559,0.908600,-0.108339,0.018553,0.038923,0.00,1,0.00
3.532619,310.0781,-213.310547,0.010173,-0.297325,-9.112331,0.256180,0.890643,-0.117916,0.010173,0.020966,0.00,1,0.00
3.534875,309.9902,-213.398437,-0.026937,-0.297355,-9.114726,0.219069,0.897826,-0.120311,-0.026937,0.028149,0.00,1,0.00
3.537130,310.0781,-213.310547,-0.030528,-0.297423,-9.084799,0.215478,0.901417,-0.090384,-0.030528,0.031740,0.00,1,0.00
3.539387,310.0781,-213.310547,-0.022149,-0.297486,-9.075222,0.223858,0.888249,-0.080807,-0.022149,0.018572,0.00,1,0.00
3.541647,310.0781,-213.310547,-0.004192,-0.297512,-9.068039,0.241814,0.882263,-0.073624,-0.004192,0.012587,0.00,1,0.00
3.543902,310.0781,-213.310547,-0.028134,-0.297553,-9.069236,0.217872,0.900220,-0.074821,-0.028134,0.030543,0.00,1,0.00
3.546158,310.0781,-213.310547,-0.022149,-0.297611,-9.069236,0.223858,0.902614,-0.074821,-0.022149,0.032937,0.00,1,0.00
3.548413,310.0781,-213.310547,-0.002995,-0.297632,-9.050082,0.243011,0.903811,-0.055667,-0.002995,0.034134,0.00,1,0.00
3.550673,310.0781,-213.310547,-0.006586,-0.297640,-9.045294,0.239420,0.884658,-0.050879,-0.006586,0.014981,0.00,1,0.00
3.552928,310.0781,-213.310547,-0.006586,-0.297657,-9.064447,0.239420,0.907402,-0.070032,-0.006586,0.037726,0.00,1,0.00
3.555184,309.9023,-213.486328,-0.004192,-0.297666,-9.062054,0.241814,0.916979,-0.067638,-0.004192,0.047302,0.00,1,0.00
3.557440,310.0781,-213.310547,0.019750,-0.297629,-9.046491,0.265756,0.914585,-0.052075,0.019750,0.044908,0.00,1,0.00
3.559694,309.9902,-213.398437,0.014961,-0.297593,-9.056067,0.260968,0.906205,-0.061652,0.014961,0.036529,0.00,1,0.00
3.561955,310.0781,-213.310547,0.005385,-0.297571,-9.039309,0.251391,0.908600,-0.044893,0.005385,0.038923,0.00,1,0.00
3.564211,309.9023,-213.486328,-0.000601,-0.297574,-9.042900,0.245406,0.924162,-0.048485,-0.000601,0.054485,0.00,1,0.00
3.566467,310.0781,-213.310547,-0.005389,-0.297574,-9.056067,0.240617,0.872687,-0.061652,-0.005389,0.003010,0.00,1,0.00
3.568722,310.0781,-213.310547,-0.017360,-0.297602,-9.059659,0.228646,0.902614,-0.065244,-0.017360,0.032937,0.00,1,0.00
3.570982,309.9902,-213.398437,-0.023346,-0.297651,-9.051279,0.222661,0.915782,-0.056864,-0.023346,0.046105,0.00,1,0.00
3.573236,310.0781,-213.310547,-0.017360,-0.297695,-9.045294,0.228646,0.903811,-0.050879,-0.017360,0.034134,0.00,1,0.00
3.575493,310.0781,-213.310547,0.002990,-0.297706,-9.051279,0.248997,0.870292,-0.056864,0.002990,0.000616,0.00,1,0.00
3.577749,309.9902,-213.398437,0.007779,-0.297691,-9.052477,0.253785,0.888249,-0.058062,0.007779,0.018572,0.00,1,0.00
3.580009,309.9902,-213.398437,0.011370,-0.297668,-9.051279,0.257377,0.883460,-0.056864,0.011370,0.013784,0.00,1,0.00
3.582264,310.0781,-213.310547,0.005385,-0.297641,-9.047688,0.251391,0.932542,-0.053273,0.005385,0.062865,0.00,1,0.00
3.584520,310.0781,-213.310547,-0.004192,-0.297649,-9.047688,0.241814,0.914585,-0.053273,-0.004192,0.044908,0.00,1,0.00
3.586775,309.9902,-213.398437,-0.013769,-0.297660,-9.051279,0.232238,0.916979,-0.056864,-0.013769,0.047302,0.00,1,0.00
3.589034,309.9902,-213.398437,-0.006586,-0.297686,-9.065644,0.239420,0.916979,-0.071229,-0.006586,0.047302,0.00,1,0.00
3.591289,310.0781,-213.310547,0.001793,-0.297679,-9.056067,0.247800,0.870292,-0.061652,0.001793,0.000616,0.00,1,0.00
3.593545,309.9023,-213.486328,0.002990,-0.297677,-9.056067,0.248997,0.865504,-0.061652,0.002990,-0.004173,0.00,1,0.00
3.595800,309.9902,-213.398437,0.001793,-0.297671,-9.069236,0.247800,0.848745,-0.074821,0.001793,-0.020932,0.00,1,0.00
3.598055,310.0781,-213.310547,0.007779,-0.297657,-9.075222,0.253785,0.865504,-0.080807,0.007779,-0.004173,0.00,1,0.00
3.600316,310.0781,-213.310547,0.002990,-0.297648,-9.070433,0.248997,0.915782,-0.076017,0.002990,0.046105,0.00,1,0.00
3.602572,310.0781,-213.310547,0.012567,-0.297634,-9.077616,0.258574,0.903811,-0.083200,0.012567,0.034134,0.00,1,0.00
3.604828,310.0781,-213.310547,0.019750,-0.297595,-9.077616,0.265756,0.887052,-0.083200,0.019750,0.017375,0.00,1,0.00
3.607083,309.9902,-213.398437,0.011370,-0.297560,-9.071630,0.257377,0.920571,-0.077215,0.011370,0.050894,0.00,1,0.00
3.609344,309.9902,-213.398437,0.007779,-0.297542,-9.056067,0.253785,0.924162,-0.061652,0.007779,0.054485,0.00,1,0.00
3.611599,309.9902,-213.398437,-0.007784,-0.297542,-9.051279,0.238223,0.924162,-0.056864,-0.007784,0.054485,0.00,1,0.00
3.613855,310.0781,-213.310547,-0.011375,-0.297565,-9.054871,0.234632,0.913388,-0.060455,-0.011375,0.043711,0.00,1,0.00
3.616111,309.9902,-213.398437,-0.005389,-0.297586,-9.053674,0.240617,0.890643,-0.059258,-0.005389,0.020966,0.00,1,0.00
3.623758,309.9902,-213.398437,-0.005389,-0.297628,-9.071630,0.240617,0.867898,-0.077215,-0.005389,-0.001779,0.00,1,0.00
3.625815,309.9902,-213.398437,0.005385,-0.297620,-9.080010,0.251391,0.877475,-0.085595,0.005385,0.007798,0.00,1,0.00
3.628070,309.9902,-213.398437,0.007779,-0.297601,-9.082404,0.253785,0.903811,-0.087989,0.007779,0.034134,0.00,1,0.00
3.630326,309.9902,-213.398437,0.000596,-0.297598,-9.064447,0.246603,0.902614,-0.070032,0.000596,0.032937,0.00,1,0.00
3.632582,309.9023,-213.486328,0.011370,-0.297583,-9.045294,0.257377,0.900220,-0.050879,0.011370,0.030543,0.00,1,0.00
3.634850,309.9902,-213.398437,0.013764,-0.297554,-9.044097,0.259771,0.903811,-0.049682,0.013764,0.034134,0.00,1,0.00
3.637105,309.9023,-213.486328,0.022144,-0.297507,-9.058462,0.268151,0.914585,-0.064047,0.022144,0.044908,0.00,1,0.00
3.639360,309.9902,-213.398437,0.017356,-0.297468,-9.058462,0.263362,0.931344,-0.064047,0.017356,0.061668,0.00,1,0.00
3.641616,309.9902,-213.398437,0.005385,-0.297441,-9.066842,0.251391,0.900220,-0.072427,0.005385,0.030543,0.00,1,0.00
3.643878,309.9023,-213.486328,0.008976,-0.297425,-9.085996,0.254982,0.867898,-0.091580,0.008976,-0.001779,0.00,1,0.00
3.646134,309.9902,-213.398437,0.001793,-0.297418,-9.075222,0.247800,0.869095,-0.080807,0.001793,-0.000582,0.00,1,0.00
3.648389,309.9902,-213.398437,0.013764,-0.297394,-9.066842,0.259771,0.870292,-0.072427,0.013764,0.000616,0.00,1,0.00
3.650644,309.9902,-213.398437,0.017356,-0.297357,-9.063251,0.263362,0.859518,-0.068835,0.017356,-0.010158,0.00,1,0.00
3.652903,309.9902,-213.398437,0.019750,-0.297312,-9.081207,0.265756,0.867898,-0.086792,0.019750,-0.001779,0.00,1,0.00
3.655159,309.9902,-213.398437,0.007779,-0.297294,-9.071630,0.253785,0.900220,-0.077215,0.007779,0.030543,0.00,1,0.00
3.657415,309.9902,-213.398437,0.022144,-0.297261,-9.077616,0.268151,0.913388,-0.083200,0.022144,0.043711,0.00,1,0.00
3.659670,309.9902,-213.398437,0.028129,-0.297201,-9.096769,0.274136,0.897826,-0.102354,0.028129,0.028149,0.00,1,0.00
3.661925,309.9902,-213.398437,0.029327,-0.297133,-9.080010,0.275333,0.890643,-0.085595,0.029327,0.020966,0.00,1,0.00
3.664187,310.0781,-213.310547,0.002990,-0.297103,-9.084799,0.248997,0.884658,-0.090384,0.002990,0.014981,0.00,1,0.00
3.666442,309.9902,-213.398437,0.000596,-0.297101,-9.096769,0.246603,0.893037,-0.102354,0.000596,0.023360,0.00,1,0.00
3.668697,310.0781,-213.310547,0.005385,-0.297093,-9.117120,0.251391,0.890643,-0.122705,0.005385,0.020966,0.00,1,0.00
3.670953,309.9902,-213.398437,-0.016163,-0.297112,-9.105149,0.229843,0.881066,-0.110734,-0.016163,0.011389,0.00,1,0.00
3.673213,310.0781,-213.310547,-0.018557,-0.297155,-9.093178,0.227449,0.870292,-0.098763,-0.018557,0.000616,0.00,1,0.00
3.675468,309.9902,-213.398437,0.001793,-0.297176,-9.080010,0.247800,0.895431,-0.085595,0.001793,0.025755,0.00,1,0.00
3.677723,309.9902,-213.398437,-0.002995,-0.297177,-9.059659,0.243011,0.906205,-0.065244,-0.002995,0.036529,0.00,1,0.00
3.679980,309.9902,-213.398437,-0.011375,-0.297203,-9.062054,0.234632,0.888249,-0.067638,-0.011375,0.018572,0.00,1,0.00
3.682241,310.0781,-213.310547,-0.008981,-0.297206,-9.054871,0.237026,0.893037,-0.060455,-0.008981,0.023360,0.00,1,0.00
3.684497,309.9902,-213.398437,-0.022149,-0.297244,-9.069236,0.223858,0.878672,-0.074821,-0.022149,0.008995,0.00,1,0.00
3.686753,310.0781,-213.310547,-0.026937,-0.297302,-9.089587,0.219069,0.876278,-0.095172,-0.026937,0.006601,0.00,1,0.00
3.689008,309.9902,-213.398437,-0.016163,-0.297347,-9.087193,0.229843,0.875081,-0.092777,-0.016163,0.005404,0.00,1,0.00
3.691264,310.0781,-213.310547,0.013764,-0.297339,-9.081207,0.259771,0.845153,-0.086792,0.013764,-0.024524,0.00,1,0.00
3.693525,309.9902,-213.398437,0.019750,-0.297295,-9.072827,0.265756,0.853533,-0.078412,0.019750,-0.016144,0.00,1,0.00
3.695781,310.0781,-213.310547,-0.006586,-0.297298,-9.063251,0.239420,0.860716,-0.068835,-0.006586,-0.008961,0.00,1,0.00
3.698036,310.0781,-213.310547,0.001793,-0.297299,-9.068039,0.247800,0.869095,-0.073624,0.001793,-0.000582,0.00,1,0.00
3.700291,309.9902,-213.398437,-0.000601,-0.297301,-9.068039,0.245406,0.863110,-0.073624,-0.000601,-0.006567,0.00,1,0.00
3.702553,310.0781,-213.310547,0.007779,-0.297294,-9.078813,0.253785,0.883460,-0.084397,0.007779,0.013784,0.00,1,0.00
3.704808,309.9902,-213.398437,0.005385,-0.297281,-9.091981,0.251391,0.891840,-0.097566,0.005385,0.022163,0.00,1,0.00
3.707064,309.9902,-213.398437,0.012567,-0.297258,-9.097966,0.258574,0.873884,-0.103551,0.012567,0.004207,0.00,1,0.00
3.709320,309.9902,-213.398437,0.016158,-0.297213,-9.099164,0.262165,0.859518,-0.104749,0.016158,-0.010158,0.00,1,0.00
3.711581,309.9902,-213.398437,-0.000601,-0.297198,-9.085996,0.245406,0.879869,-0.091580,-0.000601,0.010192,0.00,1,0.00
3.713836,310.0781,-213.310547,-0.001798,-0.297199,-9.090784,0.244209,0.881066,-0.096369,-0.001798,0.011389,0.00,1,0.00
3.716093,310.0781,-213.310547,0.017356,-0.297186,-9.072827,0.263362,0.896629,-0.078412,0.017356,0.026952,0.00,1,0.00
3.718348,309.9902,-213.398437,0.024538,-0.297136,-9.066842,0.270545,0.907402,-0.072427,0.024538,0.037726,0.00,1,0.00
3.720609,309.9902,-213.398437,0.010173,-0.297091,-9.065644,0.256180,0.908600,-0.071229,0.010173,0.038923,0.00,1,0.00
3.722865,310.0781,-213.310547,-0.008981,-0.297109,-9.066842,0.237026,0.909797,-0.072427,-0.008981,0.040120,0.00,1,0.00
3.725121,310.0781,-213.310547,-0.023346,-0.297132,-9.080010,0.222661,0.912191,-0.085595,-0.023346,0.042514,0.00,1,0.00
3.727377,309.9902,-213.398437,-0.013769,-0.297176,-9.068039,0.232238,0.887052,-0.073624,-0.013769,0.017375,0.00,1,0.00
3.729633,309.9023,-213.486328,0.008976,-0.297174,-9.054871,0.254982,0.864307,-0.060455,0.008976,-0.005370,0.00,1,0.00
3.731893,309.9902,-213.398437,0.014961,-0.297143,-9.042900,0.260968,0.842759,-0.048485,0.014961,-0.026918,0.00,1,0.00
3.734149,310.0781,-213.310547,0.007779,-0.297118,-9.084799,0.253785,0.870292,-0.090384,0.007779,0.000616,0.00,1,0.00
3.741820,309.9902,-213.398437,0.000596,-0.297114,-9.059659,0.246603,0.887052,-0.065244,0.000596,0.017375,0.00,1,0.00
3.743876,310.0781,-213.310547,0.008976,-0.297102,-9.048885,0.254982,0.885855,-0.054470,0.008976,0.016178,0.00,1,0.00
3.746146,309.9902,-213.398437,0.013764,-0.297083,-9.074024,0.259771,0.893037,-0.079609,0.013764,0.023360,0.00,1,0.00
3.748401,309.9902,-213.398437,0.031721,-0.297027,-9.088389,0.277727,0.889446,-0.093974,0.031721,0.019769,0.00,1,0.00
3.750656,309.9902,-213.398437,0.024538,-0.296967,-9.074024,0.270545,0.888249,-0.079609,0.024538,0.018572,0.00,1,0.00
3.752912,309.9902,-213.398437,0.011370,-0.296929,-9.075222,0.257377,0.876278,-0.080807,0.011370,0.006601,0.00,1,0.00
3.755172,309.9902,-213.398437,0.000596,-0.296928,-9.068039,0.246603,0.866701,-0.073624,0.000596,-0.002976,0.00,1,0.00
3.757428,309.9902,-213.398437,-0.011375,-0.296936,-9.044097,0.234632,0.885855,-0.049682,-0.011375,0.016178,0.00,1,0.00
3.759683,310.0781,-213.310547,-0.013769,-0.296968,-9.042900,0.232238,0.907402,-0.048485,-0.013769,0.037726,0.00,1,0.00
3.761937,309.9902,-213.398437,-0.020952,-0.297011,-9.054871,0.225055,0.913388,-0.060455,-0.020952,0.043711,0.00,1,0.00
3.764193,309.9902,-213.398437,-0.018557,-0.297053,-9.072827,0.227449,0.890643,-0.078412,-0.018557,0.020966,0.00,1,0.00
3.766455,310.0781,-213.310547,-0.006586,-0.297084,-9.056067,0.239420,0.899023,-0.061652,-0.006586,0.029346,0.00,1,0.00
3.768711,310.0781,-213.310547,0.008976,-0.297068,-9.060856,0.254982,0.861913,-0.066441,0.008976,-0.007764,0.00,1,0.00
3.770966,309.9902,-213.398437,-0.000601,-0.297065,-9.056067,0.245406,0.853533,-0.061652,-0.000601,-0.016144,0.00,1,0.00
3.773222,309.9902,-213.398437,-0.004192,-0.297067,-9.057265,0.241814,0.884658,-0.062850,-0.004192,0.014981,0.00,1,0.00
3.775482,309.9902,-213.398437,-0.011375,-0.297088,-9.056067,0.234632,0.921768,-0.061652,-0.011375,0.052091,0.00,1,0.00
3.777738,310.0781,-213.310547,-0.008981,-0.297113,-9.065644,0.237026,0.925359,-0.071229,-0.008981,0.055682,0.00,1,0.00
3.779993,310.0781,-213.310547,-0.011375,-0.297128,-9.071630,0.234632,0.927753,-0.077215,-0.011375,0.058076,0.00,1,0.00
3.782250,309.9902,-213.398437,-0.019755,-0.297172,-9.078813,0.226252,0.931344,-0.084397,-0.019755,0.061668,0.00,1,0.00
3.784510,309.9902,-213.398437,-0.007784,-0.297203,-9.058462,0.238223,0.915782,-0.064047,-0.007784,0.046105,0.00,1,0.00
3.786766,310.0781,-213.310547,0.020947,-0.297171,-9.050082,0.266953,0.928950,-0.055667,0.020947,0.059273,0.00,1,0.00
3.789021,310.0781,-213.310547,-0.002995,-0.297152,-9.046491,0.243011,0.899023,-0.052075,-0.002995,0.029346,0.00,1,0.00
3.791278,309.9902,-213.398437,0.004187,-0.297148,-9.062054,0.250194,0.893037,-0.067638,0.004187,0.023360,0.00,1,0.00
3.793533,309.9902,-213.398437,0.002990,-0.297141,-9.066842,0.248997,0.878672,-0.072427,0.002990,0.008995,0.00,1,0.00
3.795793,309.9902,-213.398437,-0.008981,-0.297155,-9.051279,0.237026,0.882263,-0.056864,-0.008981,0.012587,0.00,1,0.00
3.798049,309.9902,-213.398437,0.007779,-0.297144,-9.056067,0.253785,0.894234,-0.061652,0.007779,0.024558,0.00,1,0.00
3.800303,309.9902,-213.398437,0.005385,-0.297134,-9.066842,0.251391,0.909797,-0.072427,0.005385,0.040120,0.00,1,0.00
3.802559,309.9902,-213.398437,0.013764,-0.297110,-9.084799,0.259771,0.895431,-0.090384,0.013764,0.025755,0.00,1,0.00
3.804821,310.0781,-213.310547,0.005385,-0.297089,-9.069236,0.251391,0.896629,-0.074821,0.005385,0.026952,0.00,1,0.00
3.807077,309.9902,-213.398437,-0.025740,-0.297123,-9.062054,0.220267,0.875081,-0.067638,-0.025740,0.005404,0.00,1,0.00
3.809332,309.9902,-213.398437,-0.014966,-0.297168,-9.070433,0.231040,0.895431,-0.076017,-0.014966,0.025755,0.00,1,0.00
3.811588,309.9902,-213.398437,-0.010178,-0.297197,-9.076419,0.235829,0.893037,-0.082004,-0.010178,0.023360,0.00,1,0.00
3.813848,309.9902,-213.398437,-0.004192,-0.297205,-9.071630,0.241814,0.913388,-0.077215,-0.004192,0.043711,0.00,1,0.00
3.816103,310.0781,-213.310547,0.005385,-0.297213,-9.053674,0.251391,0.889446,-0.059258,0.005385,0.019769,0.00,1,0.00
3.818358,310.0781,-213.310547,0.002990,-0.297197,-9.051279,0.248997,0.881066,-0.056864,0.002990,0.011389,0.00,1,0.00
3.820614,309.9902,-213.398437,-0.007784,-0.297214,-9.058462,0.238223,0.889446,-0.064047,-0.007784,0.019769,0.00,1,0.00
3.822874,309.9902,-213.398437,0.004187,-0.297208,-9.065644,0.250194,0.883460,-0.071229,0.004187,0.013784,0.00,1,0.00
3.825129,309.9902,-213.398437,0.008976,-0.297187,-9.071630,0.254982,0.883460,-0.077215,0.008976,0.013784,0.00,1,0.00
3.827386,309.9902,-213.398437,0.014961,-0.297158,-9.074024,0.260968,0.888249,-0.079609,0.014961,0.018572,0.00,1,0.00
3.829641,310.0781,-213.310547,0.018553,-0.297120,-9.075222,0.264559,0.870292,-0.080807,0.018553,0.000616,0.00,1,0.00
3.831896,309.9902,-213.398437,0.006582,-0.297093,-9.070433,0.252588,0.865504,-0.076017,0.006582,-0.004173,0.00,1,0.00
3.834157,309.9902,-213.398437,-0.002995,-0.297087,-9.064447,0.243011,0.877475,-0.070032,-0.002995,0.007798,0.00,1,0.00
3.836413,309.9902,-213.398437,-0.010178,-0.297105,-9.081207,0.235829,0.882263,-0.086792,-0.010178,0.012587,0.00,1,0.00
3.838667,310.0781,-213.310547,-0.000601,-0.297111,-9.089587,0.245406,0.899023,-0.095172,-0.000601,0.029346,0.00,1,0.00
3.840922,310.0781,-213.310547,0.001793,-0.297105,-9.085996,0.247800,0.900220,-0.091580,0.001793,0.030543,0.00,1,0.00
3.843182,309.9902,-213.398437,0.005385,-0.297092,-9.085996,0.251391,0.910994,-0.091580,0.005385,0.041317,0.00,1,0.00
3.845437,309.9902,-213.398437,0.001793,-0.297086,-9.078813,0.247800,0.914585,-0.084397,0.001793,0.044908,0.00,1,0.00
3.847694,310.0781,-213.310547,0.000596,-0.297087,-9.076419,0.246603,0.884658,-0.082004,0.000596,0.014981,0.00,1,0.00
3.849950,310.0781,-213.310547,-0.010178,-0.297096,-9.096769,0.235829,0.906205,-0.102354,-0.010178,0.036529,0.00,1,0.00
3.852210,309.9902,-213.398437,0.008976,-0.297100,-9.087193,0.254982,0.908600,-0.092777,0.008976,0.038923,0.00,1,0.00
3.860461,309.9902,-213.398437,-0.006586,-0.297154,-9.121908,0.239420,0.890643,-0.127493,-0.006586,0.020966,0.00,1,0.00
3.862518,309.9902,-213.398437,0.001793,-0.297157,-9.103952,0.247800,0.887052,-0.109537,0.001793,0.017375,0.00,1,0.00
3.864774,309.9902,-213.398437,0.004187,-0.297148,-9.097966,0.250194,0.883460,-0.103551,0.004187,0.013784,0.00,1,0.00
3.867028,309.9902,-213.398437,0.004187,-0.297128,-9.080010,0.250194,0.878672,-0.085595,0.004187,0.008995,0.00,1,0.00
3.869297,310.0781,-213.310547,0.010173,-0.297120,-9.062054,0.256180,0.890643,-0.067638,0.010173,0.020966,0.00,1,0.00
3.871553,310.0781,-213.310547,0.004187,-0.297101,-9.054871,0.250194,0.900220,-0.060455,0.004187,0.030543,0.00,1,0.00
3.873808,309.9902,-213.398437,0.014961,-0.297078,-9.044097,0.260968,0.912191,-0.049682,0.014961,0.042514,0.00,1,0.00
3.876063,309.9902,-213.398437,0.023341,-0.297022,-9.075222,0.269348,0.888249,-0.080807,0.023341,0.018572,0.00,1,0.00
3.878322,309.9902,-213.398437,0.013764,-0.296975,-9.080010,0.259771,0.900220,-0.085595,0.013764,0.030543,0.00,1,0.00
3.880578,310.0781,-213.310547,-0.030528,-0.297022,-9.094376,0.215478,0.909797,-0.099960,-0.030528,0.040120,0.00,1,0.00
3.882834,309.9902,-213.398437,-0.028134,-0.297096,-9.083601,0.217872,0.914585,-0.089186,-0.028134,0.044908,0.00,1,0.00
3.885089,310.0781,-213.310547,-0.011375,-0.297138,-9.069236,0.234632,0.889446,-0.074821,-0.011375,0.019769,0.00,1,0.00
3.887349,309.9902,-213.398437,-0.017360,-0.297170,-9.066842,0.228646,0.872687,-0.072427,-0.017360,0.003010,0.00,1,0.00
3.889604,310.0781,-213.310547,0.001793,-0.297181,-9.075222,0.247800,0.885855,-0.080807,0.001793,0.016178,0.00,1,0.00
3.891859,309.9023,-213.486328,-0.004192,-0.297174,-9.083601,0.241814,0.899023,-0.089186,-0.004192,0.029346,0.00,1,0.00
3.894115,309.9902,-213.398437,-0.002995,-0.297183,-9.056067,0.243011,0.879869,-0.061652,-0.002995,0.010192,0.00,1,0.00
3.896370,309.9902,-213.398437,0.006582,-0.297176,-9.070433,0.252588,0.883460,-0.076017,0.006582,0.013784,0.00,1,0.00
3.898630,310.0781,-213.310547,-0.006586,-0.297183,-9.080010,0.239420,0.882263,-0.085595,-0.006586,0.012587,0.00,1,0.00
3.900886,309.9902,-213.398437,0.000596,-0.297195,-9.074024,0.246603,0.902614,-0.079609,0.000596,0.032937,0.00,1,0.00
3.903141,309.9902,-213.398437,-0.012572,-0.297204,-9.065644,0.233435,0.903811,-0.071229,-0.012572,0.034134,0.00,1,0.00
3.905396,309.9902,-213.398437,-0.006586,-0.297226,-9.057265,0.239420,0.895431,-0.062850,-0.006586,0.025755,0.00,1,0.00
3.907656,310.0781,-213.310547,0.013764,-0.297206,-9.040505,0.259771,0.881066,-0.046090,0.013764,0.011389,0.00,1,0.00
3.909913,310.0781,-213.310547,-0.002995,-0.297193,-9.046491,0.243011,0.909797,-0.052075,-0.002995,0.040120,0.00,1,0.00
3.912167,309.9902,-213.398437,-0.008981,-0.297206,-9.050082,0.237026,0.912191,-0.055667,-0.008981,0.042514,0.00,1,0.00
3.914422,309.9902,-213.398437,-0.001798,-0.297217,-9.048885,0.244209,0.914585,-0.054470,-0.001798,0.044908,0.00,1,0.00
3.916682,309.9902,-213.398437,0.000596,-0.297216,-9.068039,0.246603,0.913388,-0.073624,0.000596,0.043711,0.00,1,0.00
3.918936,309.9902,-213.398437,-0.008981,-0.297233,-9.078813,0.237026,0.894234,-0.084397,-0.008981,0.024558,0.00,1,0.00
3.921191,309.9902,-213.398437,-0.014966,-0.297259,-9.080010,0.231040,0.877475,-0.085595,-0.014966,0.007798,0.00,1,0.00
3.923447,309.9902,-213.398437,-0.016163,-0.297294,-9.080010,0.229843,0.866701,-0.085595,-0.016163,-0.002976,0.00,1,0.00
3.925708,309.9023,-213.486328,-0.007784,-0.297318,-9.057265,0.238223,0.879869,-0.062850,-0.007784,0.010192,0.00,1,0.00
3.927963,309.9902,-213.398437,0.005385,-0.297323,-9.064447,0.251391,0.865504,-0.070032,0.005385,-0.004173,0.00,1,0.00
3.930219,310.0781,-213.310547,0.014961,-0.297298,-9.070433,0.260968,0.859518,-0.076017,0.014961,-0.010158,0.00,1,0.00
3.932474,309.9902,-213.398437,0.004187,-0.297280,-9.066842,0.250194,0.879869,-0.072427,0.004187,0.010192,0.00,1,0.00
3.934729,309.9902,-213.398437,0.000596,-0.297280,-9.074024,0.246603,0.885855,-0.079609,0.000596,0.016178,0.00,1,0.00
3.936989,310.0781,-213.310547,-0.005389,-0.297285,-9.080010,0.240617,0.871489,-0.085595,-0.005389,0.001813,0.00,1,0.00
3.939246,309.9902,-213.398437,-0.012572,-0.297307,-9.081207,0.233435,0.903811,-0.086792,-0.012572,0.034134,0.00,1,0.00
3.941501,310.0781,-213.310547,-0.022149,-0.297353,-9.070433,0.223858,0.893037,-0.076017,-0.022149,0.023360,0.00,1,0.00
3.943756,310.0781,-213.310547,-0.023346,-0.297393,-9.075222,0.222661,0.919373,-0.080807,-0.023346,0.049697,0.00,1,0.00
3.946016,309.9902,-213.398437,-0.026937,-0.297452,-9.072827,0.219069,0.914585,-0.078412,-0.026937,0.044908,0.00,1,0.00
3.948269,309.9902,-213.398437,-0.019755,-0.297507,-9.078813,0.226252,0.902614,-0.084397,-0.019755,0.032937,0.00,1,0.00
3.950525,309.9902,-213.398437,-0.014966,-0.297544,-9.074024,0.231040,0.889446,-0.079609,-0.014966,0.019769,0.00,1,0.00
3.952781,310.0781,-213.310547,-0.006586,-0.297559,-9.078813,0.239420,0.883460,-0.084397,-0.006586,0.013784,0.00,1,0.00
3.955040,309.9902,-213.398437,0.006582,-0.297561,-9.063251,0.252588,0.877475,-0.068835,0.006582,0.007798,0.00,1,0.00
3.957296,309.9902,-213.398437,0.016158,-0.297532,-9.064447,0.262165,0.870292,-0.070032,0.016158,0.000616,0.00,1,0.00
3.959554,310.0781,-213.310547,-0.007784,-0.297532,-9.047688,0.238223,0.861913,-0.053273,-0.007784,-0.007764,0.00,1,0.00
3.961809,309.9023,-213.486328,-0.012572,-0.297567,-9.056067,0.233435,0.878672,-0.061652,-0.012572,0.008995,0.00,1,0.00
3.964065,309.9902,-213.398437,0.002990,-0.297577,-9.072827,0.248997,0.877475,-0.078412,0.002990,0.007798,0.00,1,0.00
3.966327,310.0781,-213.310547,0.020947,-0.297545,-9.065644,0.266953,0.867898,-0.071229,0.020947,-0.001779,0.00,1,0.00
3.968582,309.9902,-213.398437,0.028129,-0.297481,-9.072827,0.274136,0.855927,-0.078412,0.028129,-0.013750,0.00,1,0.00
3.970837,309.9902,-213.398437,0.013764,-0.297451,-9.054871,0.259771,0.900220,-0.060455,0.013764,0.030543,0.00,1,0.00
3.978482,310.0781,-213.310547,0.012567,-0.297355,-9.078813,0.258574,0.876278,-0.084397,0.012567,0.006601,0.00,1,0.00
3.980553,309.9902,-213.398437,0.005385,-0.297345,-9.076419,0.251391,0.864307,-0.082004,0.005385,-0.005370,0.00,1,0.00
3.982808,309.9902,-213.398437,0.018553,-0.297319,-9.072827,0.264559,0.897826,-0.078412,0.018553,0.028149,0.00,1,0.00
3.985063,309.9902,-213.398437,0.022144,-0.297275,-9.070433,0.268151,0.899023,-0.076017,0.022144,0.029346,0.00,1,0.00
3.987319,309.9902,-213.398437,0.028129,-0.297217,-9.080010,0.274136,0.900220,-0.085595,0.028129,0.030543,0.00,1,0.00
3.989579,309.9902,-213.398437,0.031721,-0.297144,-9.077616,0.277727,0.914585,-0.083200,0.031721,0.044908,0.00,1,0.00
3.991834,309.9902,-213.398437,-0.000601,-0.297117,-9.078813,0.245406,0.905008,-0.084397,-0.000601,0.035331,0.00,1,0.00
3.994089,309.9902,-213.398437,0.010173,-0.297108,-9.077616,0.256180,0.912191,-0.083200,0.010173,0.042514,0.00,1,0.00
3.996345,309.9902,-213.398437,-0.004192,-0.297104,-9.059659,0.241814,0.946907,-0.065244,-0.004192,0.077230,0.00,1,0.00
3.998600,310.0781,-213.310547,-0.001798,-0.297116,-9.059659,0.244209,0.948104,-0.065244,-0.001798,0.078427,0.00,1,0.00
4.000860,309.9902,-213.398437,0.006582,-0.297105,-9.050082,0.252588,0.925359,-0.055667,0.006582,0.055682,0.00,1,0.00
4.003115,309.9902,-213.398437,0.008976,-0.297090,-9.046491,0.254982,0.894234,-0.052075,0.008976,0.024558,0.00,1,0.00
4.005370,309.9902,-213.398437,0.028129,-0.297035,-9.041702,0.274136,0.893037,-0.047287,0.028129,0.023360,0.00,1,0.00
4.007625,309.9902,-213.398437,0.012567,-0.296996,-9.057265,0.258574,0.896629,-0.062850,0.012567,0.026952,0.00,1,0.00
4.009886,309.9902,-213.398437,0.001793,-0.296996,-9.056067,0.247800,0.907402,-0.061652,0.001793,0.037726,0.00,1,0.00
4.012141,309.9902,-213.398437,0.002990,-0.296990,-9.050082,0.248997,0.926556,-0.055667,0.002990,0.056879,0.00,1,0.00
4.014396,309.9902,-213.398437,0.007779,-0.296977,-9.044097,0.253785,0.927753,-0.049682,0.007779,0.058076,0.00,1,0.00
4.016652,309.9902,-213.398437,0.005385,-0.296940,-9.052477,0.251391,0.910994,-0.058062,0.005385,0.041317,0.00,1,0.00
4.018913,309.9902,-213.398437,-0.012572,-0.296958,-9.050082,0.233435,0.897826,-0.055667,-0.012572,0.028149,0.00,1,0.00
4.021168,309.9902,-213.398437,-0.004192,-0.296975,-9.065644,0.241814,0.884658,-0.071229,-0.004192,0.014981,0.00,1,0.00
4.023423,309.9902,-213.398437,-0.001798,-0.296982,-9.066842,0.244209,0.883460,-0.072427,-0.001798,0.013784,0.00,1,0.00
4.025679,309.9902,-213.398437,0.005385,-0.296970,-9.047688,0.251391,0.913388,-0.053273,0.005385,0.043711,0.00,1,0.00
4.027934,310.0781,-213.310547,-0.013769,-0.296985,-9.047688,0.232238,0.918176,-0.053273,-0.013769,0.048500,0.00,1,0.00
4.030194,310.0781,-213.310547,-0.006586,-0.297005,-9.066842,0.239420,0.922965,-0.072427,-0.006586,0.053288,0.00,1,0.00
4.032449,310.0781,-213.310547,-0.018557,-0.297039,-9.072827,0.227449,0.926556,-0.078412,-0.018557,0.056879,0.00,1,0.00
4.034704,309.9902,-213.398437,-0.011375,-0.297085,-9.075222,0.234632,0.909797,-0.080807,-0.011375,0.040120,0.00,1,0.00
4.036959,309.9902,-213.398437,-0.012572,-0.297110,-9.062054,0.233435,0.910994,-0.067638,-0.012572,0.041317,0.00,1,0.00
4.039220,309.9902,-213.398437,-0.010178,-0.297134,-9.071630,0.235829,0.905008,-0.077215,-0.010178,0.035331,0.00,1,0.00
4.041475,309.9902,-213.398437,0.004187,-0.297137,-9.081207,0.250194,0.905008,-0.086792,0.004187,0.035331,0.00,1,0.00
4.043729,310.0781,-213.310547,-0.005389,-0.297132,-9.077616,0.240617,0.894234,-0.083200,-0.005389,0.024558,0.00,1,0.00
4.045986,309.9902,-213.398437,-0.014966,-0.297158,-9.069236,0.231040,0.879869,-0.074821,-0.014966,0.010192,0.00,1,0.00
4.048248,309.9902,-213.398437,-0.016163,-0.297191,-9.071630,0.229843,0.914585,-0.077215,-0.016163,0.044908,0.00,1,0.00
4.050502,310.0781,-213.310547,-0.017360,-0.297233,-9.070433,0.228646,0.933739,-0.076017,-0.017360,0.064062,0.00,1,0.00
4.052758,309.9902,-213.398437,-0.012572,-0.297260,-9.058462,0.233435,0.930147,-0.064047,-0.012572,0.060471,0.00,1,0.00
4.055014,310.0781,-213.310547,-0.017360,-0.297289,-9.070433,0.228646,0.909797,-0.076017,-0.017360,0.040120,0.00,1,0.00
4.057274,309.9902,-213.398437,-0.008981,-0.297318,-9.075222,0.237026,0.889446,-0.080807,-0.008981,0.019769,0.00,1,0.00
4.059528,309.9902,-213.398437,0.001793,-0.297321,-9.062054,0.247800,0.869095,-0.067638,0.001793,-0.000582,0.00,1,0.00
4.061783,309.9902,-213.398437,0.002990,-0.297319,-9.060856,0.248997,0.884658,-0.066441,0.002990,0.014981,0.00,1,0.00
4.064039,310.0781,-213.310547,-0.005389,-0.297320,-9.069236,0.240617,0.907402,-0.074821,-0.005389,0.037726,0.00,1,0.00
4.066294,309.9902,-213.398437,-0.000601,-0.297327,-9.059659,0.245406,0.931344,-0.065244,-0.000601,0.061668,0.00,1,0.00
4.068555,310.0781,-213.310547,-0.007784,-0.297337,-9.042900,0.238223,0.919373,-0.048485,-0.007784,0.049697,0.00,1,0.00
4.070810,310.1660,-213.222656,-0.000601,-0.297337,-9.054871,0.245406,0.896629,-0.060455,-0.000601,0.026952,0.00,1,0.00
4.073066,309.9902,-213.398437,-0.024543,-0.297366,-9.029732,0.221464,0.897826,-0.035316,-0.024543,0.028149,0.00,1,0.00
4.075321,309.9902,-213.398437,-0.006586,-0.297396,-9.027337,0.239420,0.918176,-0.032922,-0.006586,0.048500,0.00,1,0.00
4.077582,310.0781,-213.310547,0.017356,-0.297371,-9.070433,0.263362,0.920571,-0.076017,0.017356,0.050894,0.00,1,0.00
4.079837,310.0781,-213.310547,0.019750,-0.297329,-9.094376,0.265756,0.921768,-0.099960,0.019750,0.052091,0.00,1,0.00
4.082093,309.9902,-213.398437,0.008976,-0.297292,-9.085996,0.254982,0.916979,-0.091580,0.008976,0.047302,0.00,1,0.00
4.084349,310.0781,-213.310547,-0.007784,-0.297302,-9.072827,0.238223,0.921768,-0.078412,-0.007784,0.052091,0.00,1,0.00
4.086610,309.9902,-213.398437,0.002990,-0.297309,-9.056067,0.248997,0.899023,-0.061652,0.002990,0.029346,0.00,1,0.00
4.088866,310.0781,-213.310547,-0.006586,-0.297310,-9.059659,0.239420,0.883460,-0.065244,-0.006586,0.013784,0.00,1,0.00
4.096966,310.0781,-213.310547,-0.024543,-0.297509,-9.068039,0.221464,0.853533,-0.073624,-0.024543,-0.016144,0.00,1,0.00
4.099510,309.9023,-213.486328,-0.022149,-0.297574,-9.064447,0.223858,0.833182,-0.070032,-0.022149,-0.036495,0.00,1,0.00
4.101778,309.9902,-213.398437,-0.010178,-0.297606,-9.072827,0.235829,0.859518,-0.078412,-0.010178,-0.010158,0.00,1,0.00
4.104034,309.9023,-213.486328,-0.007784,-0.297628,-9.078813,0.238223,0.877475,-0.084397,-0.007784,0.007798,0.00,1,0.00
4.106289,309.9902,-213.398437,-0.004192,-0.297641,-9.074024,0.241814,0.888249,-0.079609,-0.004192,0.018572,0.00,1,0.00
4.108544,309.9902,-213.398437,-0.016163,-0.297650,-9.065644,0.229843,0.897826,-0.071229,-0.016163,0.028149,0.00,1,0.00
4.110800,309.9902,-213.398437,-0.023346,-0.297704,-9.054871,0.222661,0.893037,-0.060455,-0.023346,0.023360,0.00,1,0.00
4.113060,310.0781,-213.310547,-0.013769,-0.297741,-9.046491,0.232238,0.910994,-0.052075,-0.013769,0.041317,0.00,1,0.00
4.115316,309.9902,-213.398437,-0.013769,-0.297776,-9.045294,0.232238,0.928950,-0.050879,-0.013769,0.059273,0.00,1,0.00
4.117571,310.0781,-213.310547,-0.007784,-0.297785,-9.044097,0.238223,0.873884,-0.049682,-0.007784,0.004207,0.00,1,0.00
4.119826,309.9902,-213.398437,-0.010178,-0.297805,-9.051279,0.235829,0.873884,-0.056864,-0.010178,0.004207,0.00,1,0.00
4.122086,309.9902,-213.398437,-0.008981,-0.297825,-9.063251,0.237026,0.902614,-0.068835,-0.008981,0.032937,0.00,1,0.00
4.124342,309.9902,-213.398437,-0.010178,-0.297849,-9.068039,0.235829,0.896629,-0.073624,-0.010178,0.026952,0.00,1,0.00
4.126598,309.9902,-213.398437,-0.000601,-0.297866,-9.070433,0.245406,0.891840,-0.076017,-0.000601,0.022163,0.00,1,0.00
4.128853,309.9902,-213.398437,-0.002995,-0.297868,-9.070433,0.243011,0.869095,-0.076017,-0.002995,-0.000582,0.00,1,0.00
4.131114,309.9902,-213.398437,-0.011375,-0.297888,-9.074024,0.234632,0.882263,-0.079609,-0.011375,0.012587,0.00,1,0.00
4.133370,310.0781,-213.310547,-0.012572,-0.297915,-9.075222,0.233435,0.849942,-0.080807,-0.012572,-0.019735,0.00,1,0.00
4.135626,309.9902,-213.398437,-0.018557,-0.297952,-9.080010,0.227449,0.830788,-0.085595,-0.018557,-0.038889,0.00,1,0.00
4.137881,310.0781,-213.310547,-0.019755,-0.297995,-9.083601,0.226252,0.830788,-0.089186,-0.019755,-0.038889,0.00,1,0.00
4.140142,310.0781,-213.310547,-0.000601,-0.298014,-9.091981,0.245406,0.839168,-0.097566,-0.000601,-0.030509,0.00,1,0.00
4.142397,309.9902,-213.398437,0.012567,-0.297994,-9.081207,0.258574,0.857124,-0.086792,0.012567,-0.012553,0.00,1,0.00
4.144653,310.0781,-213.310547,0.024538,-0.297940,-9.054871,0.270545,0.887052,-0.060455,0.024538,0.017375,0.00,1,0.00
4.146909,310.0781,-213.310547,0.012567,-0.297898,-9.034520,0.258574,0.883460,-0.040105,0.012567,0.013784,0.00,1,0.00
4.149165,310.0781,-213.310547,0.007779,-0.297876,-9.039309,0.253785,0.870292,-0.044893,0.007779,0.000616,0.00,1,0.00
4.151427,309.9902,-213.398437,-0.006586,-0.297887,-9.020155,0.239420,0.854730,-0.025740,-0.006586,-0.014947,0.00,1,0.00
4.153682,310.0781,-213.310547,-0.012572,-0.297906,-9.036914,0.233435,0.890643,-0.042499,-0.012572,0.020966,0.00,1,0.00
4.155937,309.9902,-213.398437,-0.006586,-0.297934,-9.059659,0.239420,0.907402,-0.065244,-0.006586,0.037726,0.00,1,0.00
4.158193,310.0781,-213.310547,-0.004192,-0.297937,-9.047688,0.241814,0.896629,-0.053273,-0.004192,0.026952,0.00,1,0.00
4.160453,309.9902,-213.398437,-0.011375,-0.297962,-9.042900,0.234632,0.872687,-0.048485,-0.011375,0.003010,0.00,1,0.00
4.162709,310.0781,-213.310547,0.002990,-0.297969,-9.056067,0.248997,0.890643,-0.061652,0.002990,0.020966,0.00,1,0.00
4.164965,309.9902,-213.398437,0.005385,-0.297958,-9.060856,0.251391,0.907402,-0.066441,0.005385,0.037726,0.00,1,0.00
4.167220,309.9902,-213.398437,-0.013769,-0.297977,-9.070433,0.232238,0.926556,-0.076017,-0.013769,0.056879,0.00,1,0.00
4.169481,309.9902,-213.398437,-0.017360,-0.298020,-9.059659,0.228646,0.913388,-0.065244,-0.017360,0.043711,0.00,1,0.00
4.171736,309.9902,-213.398437,-0.016163,-0.298058,-9.038112,0.229843,0.899023,-0.043696,-0.016163,0.029346,0.00,1,0.00
4.173992,310.0781,-213.310547,-0.007784,-0.298083,-9.032125,0.238223,0.905008,-0.037710,-0.007784,0.035331,0.00,1,0.00
4.176248,309.9902,-213.398437,-0.002995,-0.298090,-9.044097,0.243011,0.885855,-0.049682,-0.002995,0.016178,0.00,1,0.00
4.178503,309.9902,-213.398437,0.000596,-0.298105,-9.063251,0.246603,0.910994,-0.068835,0.000596,0.041317,0.00,1,0.00
4.180762,310.0781,-213.310547,-0.008981,-0.298112,-9.075222,0.237026,0.893037,-0.080807,-0.008981,0.023360,0.00,1,0.00
4.183020,310.0781,-213.310547,0.006582,-0.298113,-9.080010,0.252588,0.903811,-0.085595,0.006582,0.034134,0.00,1,0.00
4.185275,310.0781,-213.310547,0.010173,-0.298084,-9.090784,0.256180,0.887052,-0.096369,0.010173,0.017375,0.00,1,0.00
4.187530,309.9902,-213.398437,0.001793,-0.298072,-9.084799,0.247800,0.897826,-0.090384,0.001793,0.028149,0.00,1,0.00
4.189790,310.0781,-213.310547,-0.002995,-0.298073,-9.078813,0.243011,0.902614,-0.084397,-0.002995,0.032937,0.00,1,0.00
4.192047,309.9902,-213.398437,0.004187,-0.298071,-9.081207,0.250194,0.878672,-0.086792,0.004187,0.008995,0.00,1,0.00
4.194302,309.9902,-213.398437,-0.007784,-0.298075,-9.078813,0.238223,0.878672,-0.084397,-0.007784,0.008995,0.00,1,0.00
4.196558,309.9902,-213.398437,-0.028134,-0.298138,-9.054871,0.217872,0.896629,-0.060455,-0.028134,0.026952,0.00,1,0.00
4.198819,310.0781,-213.310547,-0.010178,-0.298181,-9.050082,0.235829,0.907402,-0.055667,-0.010178,0.037726,0.00,1,0.00
4.201075,309.9902,-213.398437,-0.004192,-0.298195,-9.047688,0.241814,0.889446,-0.053273,-0.004192,0.019769,0.00,1,0.00
4.203331,310.0781,-213.310547,-0.005389,-0.298205,-9.060856,0.240617,0.855927,-0.066441,-0.005389,-0.013750,0.00,1,0.00
4.205587,310.0781,-213.310547,-0.008981,-0.298224,-9.048885,0.237026,0.846350,-0.054470,-0.008981,-0.023326,0.00,1,0.00
4.207847,310.0781,-213.310547,-0.012572,-0.298249,-9.054871,0.233435,0.871489,-0.060455,-0.012572,0.001813,0.00,1,0.00
4.215360,310.0781,-213.310547,-0.024543,-0.298433,-9.065644,0.221464,0.865504,-0.071229,-0.024543,-0.004173,0.00,1,0.00
4.217416,309.9902,-213.398437,-0.018557,-0.298478,-9.053674,0.227449,0.848745,-0.059258,-0.018557,-0.020932,0.00,1,0.00
4.219671,310.0781,-213.310547,-0.007784,-0.298507,-9.068039,0.238223,0.861913,-0.073624,-0.007784,-0.007764,0.00,1,0.00
4.221927,309.9902,-213.398437,-0.005389,-0.298517,-9.066842,0.240617,0.875081,-0.072427,-0.005389,0.005404,0.00,1,0.00
4.224195,310.0781,-213.310547,-0.028134,-0.298568,-9.083601,0.217872,0.873884,-0.089186,-0.028134,0.004207,0.00,1,0.00
4.226451,309.9902,-213.398437,-0.017360,-0.298622,-9.090784,0.228646,0.882263,-0.096369,-0.017360,0.012587,0.00,1,0.00
4.228707,310.0781,-213.310547,0.001793,-0.298637,-9.093178,0.247800,0.905008,-0.098763,0.001793,0.035331,0.00,1,0.00
4.230962,310.0781,-213.310547,0.002990,-0.298631,-9.091981,0.248997,0.893037,-0.097566,0.002990,0.023360,0.00,1,0.00
4.233222,309.9902,-213.398437,-0.008981,-0.298647,-9.113529,0.237026,0.901417,-0.119114,-0.008981,0.031740,0.00,1,0.00
4.235477,309.9023,-213.486328,0.022144,-0.298629,-9.095572,0.268151,0.903811,-0.101157,0.022144,0.034134,0.00,1,0.00
4.237733,310.0781,-213.310547,0.026932,-0.298565,-9.095572,0.272939,0.906205,-0.101157,0.026932,0.036529,0.00,1,0.00
4.239988,309.9902,-213.398437,0.008976,-0.298529,-9.096769,0.254982,0.882263,-0.102354,0.008976,0.012587,0.00,1,0.00
4.242250,310.0781,-213.310547,-0.008981,-0.298544,-9.094376,0.237026,0.851139,-0.099960,-0.008981,-0.018538,0.00,1,0.00
4.244505,309.9902,-213.398437,0.019750,-0.298517,-9.075222,0.265756,0.869095,-0.080807,0.019750,-0.000582,0.00,1,0.00
4.246760,310.0781,-213.310547,0.012567,-0.298477,-9.044097,0.258574,0.866701,-0.049682,0.012567,-0.002976,0.00,1,0.00
4.249015,309.9902,-213.398437,0.011370,-0.298452,-9.053674,0.257377,0.883460,-0.059258,0.011370,0.013784,0.00,1,0.00
4.251269,310.0781,-213.310547,0.010173,-0.298429,-9.068039,0.256180,0.876278,-0.073624,0.010173,0.006601,0.00,1,0.00
4.253530,309.9902,-213.398437,0.002990,-0.298407,-9.078813,0.248997,0.896629,-0.084397,0.002990,0.026952,0.00,1,0.00
4.255786,309.9902,-213.398437,-0.004192,-0.298409,-9.072827,0.241814,0.887052,-0.078412,-0.004192,0.017375,0.00,1,0.00
4.258042,309.9902,-213.398437,-0.017360,-0.298435,-9.069236,0.228646,0.884658,-0.074821,-0.017360,0.014981,0.00,1,0.00
4.260296,309.9902,-213.398437,-0.017360,-0.298483,-9.053674,0.228646,0.907402,-0.059258,-0.017360,0.037726,0.00,1,0.00
4.262557,310.0781,-213.310547,0.001793,-0.298479,-9.056067,0.247800,0.906205,-0.061652,0.001793,0.036529,0.00,1,0.00
4.264813,310.0781,-213.310547,-0.004192,-0.298481,-9.056067,0.241814,0.900220,-0.061652,-0.004192,0.030543,0.00,1,0.00
4.267068,309.9902,-213.398437,0.004187,-0.298480,-9.053674,0.250194,0.912191,-0.059258,0.004187,0.042514,0.00,1,0.00
4.269322,310.0781,-213.310547,-0.011375,-0.298489,-9.074024,0.234632,0.913388,-0.079609,-0.011375,0.043711,0.00,1,0.00
4.271583,310.0781,-213.310547,-0.020952,-0.298523,-9.081207,0.225055,0.883460,-0.086792,-0.020952,0.013784,0.00,1,0.00
4.273838,310.0781,-213.310547,-0.016163,-0.298573,-9.074024,0.229843,0.890643,-0.079609,-0.016163,0.020966,0.00,1,0.00
4.276093,309.9023,-213.486328,0.012567,-0.298556,-9.062054,0.258574,0.896629,-0.067638,0.012567,0.026952,0.00,1,0.00
4.278349,310.0781,-213.310547,0.002990,-0.298529,-9.058462,0.248997,0.889446,-0.064047,0.002990,0.019769,0.00,1,0.00
4.280604,309.9902,-213.398437,0.001793,-0.298526,-9.060856,0.247800,0.887052,-0.066441,0.001793,0.017375,0.00,1,0.00
4.282863,309.9902,-213.398437,0.005385,-0.298517,-9.071630,0.251391,0.888249,-0.077215,0.005385,0.018572,0.00,1,0.00
4.285119,309.9902,-213.398437,0.000596,-0.298511,-9.052477,0.246603,0.893037,-0.058062,0.000596,0.023360,0.00,1,0.00
4.287374,309.9902,-213.398437,-0.018557,-0.298531,-9.053674,0.227449,0.899023,-0.059258,-0.018557,0.029346,0.00,1,0.00
4.289629,309.9902,-213.398437,-0.016163,-0.298577,-9.054871,0.229843,0.896629,-0.060455,-0.016163,0.026952,0.00,1,0.00
4.291891,309.9902,-213.398437,-0.011375,-0.298604,-9.065644,0.234632,0.907402,-0.071229,-0.011375,0.037726,0.00,1,0.00
4.294147,309.9902,-213.398437,-0.018557,-0.298646,-9.064447,0.227449,0.883460,-0.070032,-0.018557,0.013784,0.00,1,0.00
4.296402,310.0781,-213.310547,-0.000601,-0.298651,-9.064447,0.245406,0.885855,-0.070032,-0.000601,0.016178,0.00,1,0.00
4.298657,309.9902,-213.398437,-0.008981,-0.298662,-9.080010,0.237026,0.912191,-0.085595,-0.008981,0.042514,0.00,1,0.00
4.300919,309.9902,-213.398437,0.000596,-0.298669,-9.072827,0.246603,0.897826,-0.078412,0.000596,0.028149,0.00,1,0.00
4.303174,309.9902,-213.398437,-0.007784,-0.298679,-9.062054,0.238223,0.895431,-0.067638,-0.007784,0.025755,0.00,1,0.00
4.305429,309.9902,-213.398437,0.006582,-0.298690,-9.054871,0.252588,0.893037,-0.060455,0.006582,0.023360,0.00,1,0.00
4.307686,310.0781,-213.310547,0.013764,-0.298667,-9.051279,0.259771,0.890643,-0.056864,0.013764,0.020966,0.00,1,0.00
4.309945,309.9902,-213.398437,0.012567,-0.298636,-9.052477,0.258574,0.908600,-0.058062,0.012567,0.038923,0.00,1,0.00
4.312200,309.9902,-213.398437,0.002990,-0.298626,-9.054871,0.248997,0.926556,-0.060455,0.002990,0.056879,0.00,1,0.00
4.314455,310.0781,-213.310547,-0.023346,-0.298653,-9.070433,0.222661,0.925359,-0.076017,-0.023346,0.055682,0.00,1,0.00
4.316712,309.9902,-213.398437,-0.032923,-0.298719,-9.069236,0.213084,0.909797,-0.074821,-0.032923,0.040120,0.00,1,0.00
4.318967,309.9902,-213.398437,-0.026937,-0.298783,-9.072827,0.219069,0.885855,-0.078412,-0.026937,0.016178,0.00,1,0.00
4.321227,310.0781,-213.310547,-0.022149,-0.298837,-9.062054,0.223858,0.901417,-0.067638,-0.022149,0.031740,0.00,1,0.00
4.323483,309.9902,-213.398437,-0.001798,-0.298856,-9.077616,0.244209,0.913388,-0.083200,-0.001798,0.043711,0.00,1,0.00
4.325738,310.0781,-213.310547,0.005385,-0.298853,-9.091981,0.251391,0.924162,-0.097566,0.005385,0.054485,0.00,1,0.00
4.333382,310.0781,-213.310547,0.025735,-0.298656,-9.046491,0.271742,0.920571,-0.052075,0.025735,0.050894,0.00,1,0.00
4.335453,309.9902,-213.398437,0.017356,-0.298620,-9.047688,0.263362,0.901417,-0.053273,0.017356,0.031740,0.00,1,0.00
4.337708,309.9902,-213.398437,0.026932,-0.298568,-9.056067,0.272939,0.906205,-0.061652,0.026932,0.036529,0.00,1,0.00
4.339963,310.0781,-213.310547,-0.001798,-0.298556,-9.048885,0.244209,0.888249,-0.054470,-0.001798,0.018572,0.00,1,0.00
4.342219,309.9902,-213.398437,-0.018557,-0.298592,-9.082404,0.227449,0.912191,-0.087989,-0.018557,0.042514,0.00,1,0.00
4.344479,310.0781,-213.310547,-0.004192,-0.298617,-9.077616,0.241814,0.926556,-0.083200,-0.004192,0.056879,0.00,1,0.00
4.346735,309.9023,-213.486328,-0.007784,-0.298629,-9.078813,0.238223,0.918176,-0.084397,-0.007784,0.048500,0.00,1,0.00
4.348989,310.0781,-213.310547,-0.017360,-0.298660,-9.071630,0.228646,0.901417,-0.077215,-0.017360,0.031740,0.00,1,0.00
4.351246,310.0781,-213.310547,-0.020952,-0.298692,-9.075222,0.225055,0.899023,-0.080807,-0.020952,0.029346,0.00,1,0.00
4.353500,309.9902,-213.398437,-0.019755,-0.298743,-9.075222,0.226252,0.907402,-0.080807,-0.019755,0.037726,0.00,1,0.00
4.355760,309.9902,-213.398437,-0.031726,-0.298803,-9.076419,0.214281,0.899023,-0.082004,-0.031726,0.029346,0.00,1,0.00
4.358015,309.9902,-213.398437,-0.017360,-0.298853,-9.069236,0.228646,0.869095,-0.074821,-0.017360,-0.000582,0.00,1,0.00
4.360270,310.0781,-213.310547,-0.002995,-0.298871,-9.046491,0.243011,0.858321,-0.052075,-0.002995,-0.011355,0.00,1,0.00
4.362526,310.0781,-213.310547,0.010173,-0.298862,-9.042900,0.256180,0.854730,-0.048485,0.010173,-0.014947,0.00,1,0.00
4.364787,309.9902,-213.398437,0.013764,-0.298836,-9.050082,0.259771,0.882263,-0.055667,0.013764,0.012587,0.00,1,0.00
4.367042,309.9902,-213.398437,0.011370,-0.298799,-9.060856,0.257377,0.890643,-0.066441,0.011370,0.020966,0.00,1,0.00
4.369298,310.0781,-213.310547,-0.008981,-0.298827,-9.074024,0.237026,0.926556,-0.079609,-0.008981,0.056879,0.00,1,0.00
4.371553,309.9902,-213.398437,0.016158,-0.298813,-9.062054,0.262165,0.924162,-0.067638,0.016158,0.054485,0.00,1,0.00
4.373814,309.9902,-213.398437,0.000596,-0.298798,-9.062054,0.246603,0.934936,-0.067638,0.000596,0.065259,0.00,1,0.00
4.376069,309.9023,-213.486328,-0.005389,-0.298810,-9.059659,0.240617,0.913388,-0.065244,-0.005389,0.043711,0.00,1,0.00
4.378323,309.9902,-213.398437,0.007779,-0.298805,-9.046491,0.253785,0.878672,-0.052075,0.007779,0.008995,0.00,1,0.00
4.380579,309.9902,-213.398437,0.007779,-0.298782,-9.056067,0.253785,0.870292,-0.061652,0.007779,0.000616,0.00,1,0.00
4.382834,309.9902,-213.398437,-0.008981,-0.298791,-9.059659,0.237026,0.864307,-0.065244,-0.008981,-0.005370,0.00,1,0.00
4.385093,309.9902,-213.398437,0.013764,-0.298770,-9.063251,0.259771,0.873884,-0.068835,0.013764,0.004207,0.00,1,0.00
4.387348,310.0781,-213.310547,0.019750,-0.298733,-9.050082,0.265756,0.889446,-0.055667,0.019750,0.019769,0.00,1,0.00
4.389603,310.0781,-213.310547,0.020947,-0.298681,-9.053674,0.266953,0.885855,-0.059258,0.020947,0.016178,0.00,1,0.00
4.391857,309.9902,-213.398437,0.005385,-0.298662,-9.060856,0.251391,0.894234,-0.066441,0.005385,0.024558,0.00,1,0.00
4.394118,309.9902,-213.398437,-0.000601,-0.298657,-9.063251,0.245406,0.905008,-0.068835,-0.000601,0.035331,0.00,1,0.00
4.396373,309.9902,-213.398437,-0.013769,-0.298686,-9.096769,0.232238,0.927753,-0.102354,-0.013769,0.058076,0.00,1,0.00
4.398628,310.0781,-213.310547,-0.005389,-0.298707,-9.088389,0.240617,0.952892,-0.093974,-0.005389,0.083216,0.00,1,0.00
4.400884,309.9902,-213.398437,-0.001798,-0.298715,-9.081207,0.244209,0.931344,-0.086792,-0.001798,0.061668,0.00,1,0.00
4.403145,309.9902,-213.398437,0.016158,-0.298686,-9.060856,0.262165,0.931344,-0.066441,0.016158,0.061668,0.00,1,0.00
4.405399,309.9902,-213.398437,0.010173,-0.298658,-9.050082,0.256180,0.897826,-0.055667,0.010173,0.028149,0.00,1,0.00
4.407654,309.9902,-213.398437,0.010173,-0.298633,-9.057265,0.256180,0.873884,-0.062850,0.010173,0.004207,0.00,1,0.00
4.409910,310.0781,-213.310547,0.004187,-0.298619,-9.062054,0.250194,0.872687,-0.067638,0.004187,0.003010,0.00,1,0.00
4.412170,309.9902,-213.398437,-0.008981,-0.298638,-9.069236,0.237026,0.910994,-0.074821,-0.008981,0.041317,0.00,1,0.00
4.414426,309.9902,-213.398437,-0.006586,-0.298656,-9.070433,0.239420,0.890643,-0.076017,-0.006586,0.020966,0.00,1,0.00
4.416682,309.9902,-213.398437,-0.005389,-0.298668,-9.070433,0.240617,0.891840,-0.076017,-0.005389,0.022163,0.00,1,0.00
4.418937,309.9902,-213.398437,-0.008981,-0.298686,-9.075222,0.237026,0.889446,-0.080807,-0.008981,0.019769,0.00,1,0.00
4.421192,309.9902,-213.398437,-0.029331,-0.298734,-9.074024,0.216675,0.916979,-0.079609,-0.029331,0.047302,0.00,1,0.00
4.423453,310.0781,-213.310547,-0.020952,-0.298793,-9.068039,0.225055,0.915782,-0.073624,-0.020952,0.046105,0.00,1,0.00
4.425708,310.0781,-213.310547,-0.012572,-0.298829,-9.053674,0.233435,0.897826,-0.059258,-0.012572,0.028149,0.00,1,0.00
4.427962,309.9902,-213.398437,-0.018557,-0.298868,-9.059659,0.227449,0.878672,-0.065244,-0.018557,0.008995,0.00,1,0.00
4.430219,309.9902,-213.398437,-0.022149,-0.298903,-9.064447,0.223858,0.869095,-0.070032,-0.022149,-0.000582,0.00,1,0.00
4.432480,309.9902,-213.398437,-0.024543,-0.298963,-9.080010,0.221464,0.890643,-0.085595,-0.024543,0.020966,0.00,1,0.00
4.434735,309.9902,-213.398437,-0.011375,-0.298998,-9.072827,0.234632,0.889446,-0.078412,-0.011375,0.019769,0.00,1,0.00
4.436989,309.9902,-213.398437,-0.007784,-0.299020,-9.084799,0.238223,0.895431,-0.090384,-0.007784,0.025755,0.00,1,0.00
4.439245,309.9902,-213.398437,-0.014966,-0.299041,-9.090784,0.231040,0.879869,-0.096369,-0.014966,0.010192,0.00,1,0.00
4.441506,309.9902,-213.398437,-0.010178,-0.299071,-9.084799,0.235829,0.885855,-0.090384,-0.010178,0.016178,0.00,1,0.00
4.443761,309.9023,-213.486328,-0.006586,-0.299087,-9.074024,0.239420,0.888249,-0.079609,-0.006586,0.018572,0.00,1,0.00
4.451871,310.0781,-213.310547,-0.012572,-0.299189,-9.056067,0.233435,0.884658,-0.061652,-0.012572,0.014981,0.00,1,0.00
4.453928,310.0781,-213.310547,-0.025740,-0.299240,-9.062054,0.220267,0.910994,-0.067638,-0.025740,0.041317,0.00,1,0.00
4.456198,310.0781,-213.310547,-0.020952,-0.299288,-9.059659,0.225055,0.893037,-0.065244,-0.020952,0.023360,0.00,1,0.00
4.458453,309.9902,-213.398437,-0.023346,-0.299337,-9.081207,0.222661,0.877475,-0.086792,-0.023346,0.007798,0.00,1,0.00
4.460709,309.9023,-213.486328,-0.010178,-0.299373,-9.075222,0.235829,0.887052,-0.080807,-0.010178,0.017375,0.00,1,0.00
4.462963,309.9902,-213.398437,-0.010178,-0.299393,-9.051279,0.235829,0.873884,-0.056864,-0.010178,0.004207,0.00,1,0.00
4.465219,309.9902,-213.398437,0.000596,-0.299400,-9.057265,0.246603,0.885855,-0.062850,0.000596,0.016178,0.00,1,0.00
4.467480,309.9902,-213.398437,0.002990,-0.299394,-9.075222,0.248997,0.878672,-0.080807,0.002990,0.008995,0.00,1,0.00
4.469735,310.0781,-213.310547,0.011370,-0.299375,-9.082404,0.257377,0.866701,-0.087989,0.011370,-0.002976,0.00,1,0.00
4.471990,309.9902,-213.398437,0.017356,-0.299334,-9.076419,0.263362,0.879869,-0.082004,0.017356,0.010192,0.00,1,0.00
4.474247,309.9902,-213.398437,0.007779,-0.299311,-9.060856,0.253785,0.896629,-0.066441,0.007779,0.026952,0.00,1,0.00
4.476507,309.9902,-213.398437,-0.002995,-0.299305,-9.054871,0.243011,0.872687,-0.060455,-0.002995,0.003010,0.00,1,0.00
4.478762,310.0781,-213.310547,-0.005389,-0.299316,-9.065644,0.240617,0.869095,-0.071229,-0.005389,-0.000582,0.00,1,0.00
4.481020,309.9902,-213.398437,-0.016163,-0.299350,-9.063251,0.229843,0.857124,-0.068835,-0.016163,-0.012553,0.00,1,0.00
4.483275,309.9902,-213.398437,-0.011375,-0.299377,-9.062054,0.234632,0.875081,-0.067638,-0.011375,0.005404,0.00,1,0.00
4.485534,309.9902,-213.398437,0.011370,-0.299378,-9.054871,0.257377,0.885855,-0.060455,0.011370,0.016178,0.00,1,0.00
4.487789,310.0781,-213.310547,0.022144,-0.299334,-9.042900,0.268151,0.884658,-0.048485,0.022144,0.014981,0.00,1,0.00
4.490046,310.0781,-213.310547,0.002990,-0.299309,-9.047688,0.248997,0.890643,-0.053273,0.002990,0.020966,0.00,1,0.00
4.492301,309.9902,-213.398437,-0.016163,-0.299325,-9.052477,0.229843,0.888249,-0.058062,-0.016163,0.018572,0.00,1,0.00
4.494556,310.0781,-213.310547,-0.035317,-0.299384,-9.060856,0.210690,0.877475,-0.066441,-0.035317,0.007798,0.00,1,0.00
4.496816,309.9902,-213.398437,-0.023346,-0.299446,-9.063251,0.222661,0.879869,-0.068835,-0.023346,0.010192,0.00,1,0.00
4.499071,310.0781,-213.310547,-0.000601,-0.299469,-9.077616,0.245406,0.864307,-0.083200,-0.000601,-0.005370,0.00,1,0.00
4.501326,309.9902,-213.398437,-0.018557,-0.299490,-9.096769,0.227449,0.885855,-0.102354,-0.018557,0.016178,0.00,1,0.00
4.503582,309.9902,-213.398437,0.000596,-0.299509,-9.090784,0.246603,0.914585,-0.096369,0.000596,0.044908,0.00,1,0.00
4.505842,309.9023,-213.486328,0.011370,-0.299482,-9.088389,0.257377,0.916979,-0.093974,0.011370,0.047302,0.00,1,0.00
4.508098,309.9902,-213.398437,-0.007784,-0.299489,-9.097966,0.238223,0.913388,-0.103551,-0.007784,0.043711,0.00,1,0.00
4.510354,309.9023,-213.486328,-0.016163,-0.299516,-9.091981,0.229843,0.905008,-0.097566,-0.016163,0.035331,0.00,1,0.00
4.512609,309.9902,-213.398437,-0.007784,-0.299541,-9.085996,0.238223,0.920571,-0.091580,-0.007784,0.050894,0.00,1,0.00
4.514869,309.9902,-213.398437,-0.013769,-0.299573,-9.094376,0.232238,0.933739,-0.099960,-0.013769,0.064062,0.00,1,0.00
4.517125,310.0781,-213.310547,-0.010178,-0.299596,-9.089587,0.235829,0.908600,-0.095172,-0.010178,0.038923,0.00,1,0.00
4.519381,309.9902,-213.398437,0.007779,-0.299605,-9.100361,0.253785,0.909797,-0.105946,0.007779,0.040120,0.00,1,0.00
4.521636,310.0781,-213.310547,0.012567,-0.299576,-9.097966,0.258574,0.912191,-0.103551,0.012567,0.042514,0.00,1,0.00
4.523892,309.9902,-213.398437,-0.007784,-0.299587,-9.083601,0.238223,0.921768,-0.089186,-0.007784,0.052091,0.00,1,0.00
4.526153,310.0781,-213.310547,0.020947,-0.299564,-9.096769,0.266953,0.887052,-0.102354,0.020947,0.017375,0.00,1,0.00
4.528408,310.0781,-213.310547,0.010173,-0.299519,-9.095572,0.256180,0.882263,-0.101157,0.010173,0.012587,0.00,1,0.00
4.530663,309.9902,-213.398437,0.002990,-0.299519,-9.077616,0.248997,0.864307,-0.083200,0.002990,-0.005370,0.00,1,0.00
4.532919,309.9902,-213.398437,0.011370,-0.299491,-9.070433,0.257377,0.845153,-0.076017,0.011370,-0.024524,0.00,1,0.00
4.535180,309.9902,-213.398437,-0.013769,-0.299505,-9.052477,0.232238,0.853533,-0.058062,-0.013769,-0.016144,0.00,1,0.00
4.537435,309.9902,-213.398437,-0.008981,-0.299530,-9.047688,0.237026,0.818817,-0.053273,-0.008981,-0.050860,0.00,1,0.00
4.539690,310.0781,-213.310547,-0.005389,-0.299548,-9.053674,0.240617,0.816423,-0.059258,-0.005389,-0.053254,0.00,1,0.00
4.541946,310.0781,-213.310547,0.010173,-0.299533,-9.053674,0.256180,0.861913,-0.059258,0.010173,-0.007764,0.00,1,0.00
4.544206,309.9902,-213.398437,-0.002995,-0.299530,-9.053674,0.243011,0.879869,-0.059258,-0.002995,0.010192,0.00,1,0.00
4.546461,310.0781,-213.310547,-0.010178,-0.299542,-9.068039,0.235829,0.896629,-0.073624,-0.010178,0.026952,0.00,1,0.00
4.548717,309.9902,-213.398437,-0.025740,-0.299589,-9.062054,0.220267,0.890643,-0.067638,-0.025740,0.020966,0.00,1,0.00
4.550972,309.9902,-213.398437,-0.019755,-0.299649,-9.062054,0.226252,0.833182,-0.067638,-0.019755,-0.036495,0.00,1,0.00
4.553233,310.0781,-213.310547,-0.008981,-0.299682,-9.064447,0.237026,0.852336,-0.070032,-0.008981,-0.017341,0.00,1,0.00
4.555488,309.9902,-213.398437,0.001793,-0.299685,-9.077616,0.247800,0.884658,-0.083200,0.001793,0.014981,0.00,1,0.00
4.557743,309.9902,-213.398437,-0.020952,-0.299723,-9.085996,0.225055,0.896629,-0.091580,-0.020952,0.026952,0.00,1,0.00
4.559999,310.0781,-213.310547,0.000596,-0.299730,-9.071630,0.246603,0.908600,-0.077215,0.000596,0.038923,0.00,1,0.00
4.562256,310.0781,-213.310547,-0.000601,-0.299732,-9.070433,0.245406,0.879869,-0.076017,-0.000601,0.010192,0.00,1,0.00
4.569902,309.9902,-213.398437,0.002990,-0.299709,-9.062054,0.248997,0.918176,-0.067638,0.002990,0.048500,0.00,1,0.00
4.571959,309.9902,-213.398437,0.010173,-0.299696,-9.045294,0.256180,0.887052,-0.050879,0.010173,0.017375,0.00,1,0.00
4.574215,310.0781,-213.310547,0.007779,-0.299673,-9.038112,0.253785,0.887052,-0.043696,0.007779,0.017375,0.00,1,0.00
4.576470,309.9023,-213.486328,0.008976,-0.299654,-9.065644,0.254982,0.896629,-0.071229,0.008976,0.026952,0.00,1,0.00
4.578739,309.9902,-213.398437,0.002990,-0.299645,-9.068039,0.248997,0.907402,-0.073624,0.002990,0.037726,0.00,1,0.00
4.580994,310.0781,-213.310547,-0.001798,-0.299647,-9.071630,0.244209,0.895431,-0.077215,-0.001798,0.025755,0.00,1,0.00
4.583251,309.9902,-213.398437,0.002990,-0.299649,-9.069236,0.248997,0.919373,-0.074821,0.002990,0.049697,0.00,1,0.00
4.585507,310.0781,-213.310547,-0.007784,-0.299655,-9.075222,0.238223,0.908600,-0.080807,-0.007784,0.038923,0.00,1,0.00
4.587767,310.0781,-213.310547,-0.023346,-0.299706,-9.063251,0.222661,0.912191,-0.068835,-0.023346,0.042514,0.00,1,0.00
4.590021,310.0781,-213.310547,-0.018557,-0.299748,-9.063251,0.227449,0.887052,-0.068835,-0.018557,0.017375,0.00,1,0.00
4.592277,310.0781,-213.310547,-0.031726,-0.299804,-9.064447,0.214281,0.857124,-0.070032,-0.031726,-0.012553,0.00,1,0.00
4.594532,309.9902,-213.398437,-0.029331,-0.299875,-9.071630,0.216675,0.869095,-0.077215,-0.029331,-0.000582,0.00,1,0.00
4.596787,309.9902,-213.398437,-0.006586,-0.299899,-9.075222,0.239420,0.884658,-0.080807,-0.006586,0.014981,0.00,1,0.00
4.599049,310.0781,-213.310547,-0.006586,-0.299905,-9.083601,0.239420,0.921768,-0.089186,-0.006586,0.052091,0.00,1,0.00
4.601304,309.9902,-213.398437,-0.007784,-0.299918,-9.094376,0.238223,0.912191,-0.099960,-0.007784,0.042514,0.00,1,0.00
4.603560,309.9902,-213.398437,-0.016163,-0.299957,-9.085996,0.229843,0.895431,-0.091580,-0.016163,0.025755,0.00,1,0.00
4.605815,310.0781,-213.310547,-0.004192,-0.299971,-9.050082,0.241814,0.891840,-0.055667,-0.004192,0.022163,0.00,1,0.00
4.608076,310.0781,-213.310547,0.002990,-0.299974,-9.057265,0.248997,0.889446,-0.062850,0.002990,0.019769,0.00,1,0.00
4.610332,310.0781,-213.310547,-0.013769,-0.299980,-9.070433,0.232238,0.884658,-0.076017,-0.013769,0.014981,0.00,1,0.00
4.612587,309.9902,-213.398437,-0.031726,-0.300049,-9.070433,0.214281,0.902614,-0.076017,-0.031726,0.032937,0.00,1,0.00
4.614843,309.9902,-213.398437,-0.008981,-0.300089,-9.064447,0.237026,0.884658,-0.070032,-0.008981,0.014981,0.00,1,0.00
4.617103,310.0781,-213.310547,-0.002995,-0.300106,-9.052477,0.243011,0.893037,-0.058062,-0.002995,0.023360,0.00,1,0.00
4.619359,309.9902,-213.398437,0.001793,-0.300106,-9.046491,0.247800,0.902614,-0.052075,0.001793,0.032937,0.00,1,0.00
4.621614,309.9902,-213.398437,-0.010178,-0.300124,-9.047688,0.235829,0.913388,-0.053273,-0.010178,0.043711,0.00,1,0.00
4.623869,310.0781,-213.310547,0.007779,-0.300122,-9.068039,0.253785,0.896629,-0.073624,0.007779,0.026952,0.00,1,0.00
4.626129,309.9902,-213.398437,0.013764,-0.300093,-9.080010,0.259771,0.872687,-0.085595,0.013764,0.003010,0.00,1,0.00
4.628385,309.9902,-213.398437,0.014961,-0.300062,-9.056067,0.260968,0.878672,-0.061652,0.014961,0.008995,0.00,1,0.00
4.630641,310.0781,-213.310547,0.031721,-0.300001,-9.059659,0.277727,0.897826,-0.065244,0.031721,0.028149,0.00,1,0.00
4.632896,309.9902,-213.398437,0.008976,-0.299945,-9.060856,0.254982,0.888249,-0.066441,0.008976,0.018572,0.00,1,0.00
4.635153,309.9902,-213.398437,0.000596,-0.299935,-9.072827,0.246603,0.893037,-0.078412,0.000596,0.023360,0.00,1,0.00
4.637414,309.9902,-213.398437,-0.017360,-0.299961,-9.090784,0.228646,0.889446,-0.096369,-0.017360,0.019769,0.00,1,0.00
4.639669,309.9902,-213.398437,-0.011375,-0.299992,-9.077616,0.234632,0.901417,-0.083200,-0.011375,0.031740,0.00,1,0.00
4.641924,309.9902,-213.398437,-0.020952,-0.300036,-9.074024,0.225055,0.891840,-0.079609,-0.020952,0.022163,0.00,1,0.00
4.644180,309.9023,-213.486328,-0.005389,-0.300069,-9.081207,0.240617,0.894234,-0.086792,-0.005389,0.024558,0.00,1,0.00
4.646440,309.9902,-213.398437,0.012567,-0.300054,-9.080010,0.258574,0.888249,-0.085595,0.012567,0.018572,0.00,1,0.00
4.648694,309.9902,-213.398437,0.010173,-0.300030,-9.089587,0.256180,0.863110,-0.095172,0.010173,-0.006567,0.00,1,0.00
4.650951,309.9902,-213.398437,-0.002995,-0.300035,-9.072827,0.243011,0.878672,-0.078412,-0.002995,0.008995,0.00,1,0.00
4.653207,309.9902,-213.398437,-0.006586,-0.300043,-9.078813,0.239420,0.888249,-0.084397,-0.006586,0.018572,0.00,1,0.00
4.655467,310.0781,-213.310547,0.004187,-0.300042,-9.091981,0.250194,0.891840,-0.097566,0.004187,0.022163,0.00,1,0.00
4.657722,310.0781,-213.310547,-0.004192,-0.300043,-9.087193,0.241814,0.882263,-0.092777,-0.004192,0.012587,0.00,1,0.00
4.659978,309.9902,-213.398437,-0.007784,-0.300066,-9.057265,0.238223,0.899023,-0.062850,-0.007784,0.029346,0.00,1,0.00
4.662234,309.9902,-213.398437,-0.014966,-0.300090,-9.090784,0.231040,0.889446,-0.096369,-0.014966,0.019769,0.00,1,0.00
4.664489,309.9902,-213.398437,-0.018557,-0.300133,-9.095572,0.227449,0.900220,-0.101157,-0.018557,0.030543,0.00,1,0.00
4.666749,309.9902,-213.398437,-0.025740,-0.300187,-9.096769,0.220267,0.894234,-0.102354,-0.025740,0.024558,0.00,1,0.00
4.669004,310.1660,-213.222656,0.013764,-0.300196,-9.074024,0.259771,0.883460,-0.079609,0.013764,0.013784,0.00,1,0.00
4.671260,309.9902,-213.398437,0.029327,-0.300142,-9.063251,0.275333,0.863110,-0.068835,0.029327,-0.006567,0.00,1,0.00
4.673514,309.9902,-213.398437,0.018553,-0.300089,-9.063251,0.264559,0.860716,-0.068835,0.018553,-0.008961,0.00,1,0.00
4.675775,309.9902,-213.398437,-0.017360,-0.300100,-9.060856,0.228646,0.891840,-0.066441,-0.017360,0.022163,0.00,1,0.00
4.678029,310.0781,-213.310547,-0.020952,-0.300143,-9.063251,0.225055,0.893037,-0.068835,-0.020952,0.023360,0.00,1,0.00
4.680286,309.9902,-213.398437,-0.016163,-0.300185,-9.050082,0.229843,0.918176,-0.055667,-0.016163,0.048500,0.00,1,0.00
4.687943,310.0781,-213.310547,-0.032923,-0.300437,-9.072827,0.213084,0.912191,-0.078412,-0.032923,0.042514,0.00,1,0.00
4.690013,309.9902,-213.398437,-0.019755,-0.300486,-9.088389,0.226252,0.896629,-0.093974,-0.019755,0.026952,0.00,1,0.00
4.692268,309.9902,-213.398437,-0.005389,-0.300515,-9.084799,0.240617,0.885855,-0.090384,-0.005389,0.016178,0.00,1,0.00
4.694525,309.9902,-213.398437,-0.006586,-0.300525,-9.076419,0.239420,0.869095,-0.082004,-0.006586,-0.000582,0.00,1,0.00
4.696780,310.0781,-213.310547,-0.005389,-0.300554,-9.068039,0.240617,0.875081,-0.073624,-0.005389,0.005404,0.00,1,0.00
4.699041,310.0781,-213.310547,-0.005389,-0.300559,-9.052477,0.240617,0.882263,-0.058062,-0.005389,0.012587,0.00,1,0.00
4.701297,309.9902,-213.398437,-0.007784,-0.300575,-9.044097,0.238223,0.905008,-0.049682,-0.007784,0.035331,0.00,1,0.00
4.703553,309.9902,-213.398437,-0.004192,-0.300584,-9.052477,0.241814,0.907402,-0.058062,-0.004192,0.037726,0.00,1,0.00
4.705807,310.0781,-213.310547,-0.012572,-0.300604,-9.064447,0.233435,0.921768,-0.070032,-0.012572,0.052091,0.00,1,0.00
4.708062,309.9902,-213.398437,-0.026937,-0.300649,-9.036914,0.219069,0.903811,-0.042499,-0.026937,0.034134,0.00,1,0.00
4.710322,310.0781,-213.310547,-0.010178,-0.300691,-9.041702,0.235829,0.887052,-0.047287,-0.010178,0.017375,0.00,1,0.00
4.712578,310.0781,-213.310547,-0.002995,-0.300694,-9.027337,0.243011,0.890643,-0.032922,-0.002995,0.020966,0.00,1,0.00
4.714832,309.9902,-213.398437,-0.013769,-0.300729,-9.054871,0.232238,0.877475,-0.060455,-0.013769,0.007798,0.00,1,0.00
4.717088,309.9902,-213.398437,-0.024543,-0.300767,-9.066842,0.221464,0.872687,-0.072427,-0.024543,0.003010,0.00,1,0.00
4.719347,310.0781,-213.310547,-0.025740,-0.300825,-9.062054,0.220267,0.888249,-0.067638,-0.025740,0.018572,0.00,1,0.00
4.721602,309.9902,-213.398437,-0.022149,-0.300881,-9.071630,0.223858,0.924162,-0.077215,-0.022149,0.054485,0.00,1,0.00
4.723857,309.9902,-213.398437,-0.016163,-0.300920,-9.070433,0.229843,0.919373,-0.076017,-0.016163,0.049697,0.00,1,0.00
4.726113,309.9902,-213.398437,-0.011375,-0.300950,-9.058462,0.234632,0.912191,-0.064047,-0.011375,0.042514,0.00,1,0.00
4.728372,310.0781,-213.310547,-0.004192,-0.300964,-9.058462,0.241814,0.901417,-0.064047,-0.004192,0.031740,0.00,1,0.00
4.730627,309.9902,-213.398437,-0.001798,-0.300971,-9.044097,0.244209,0.887052,-0.049682,-0.001798,0.017375,0.00,1,0.00
4.732882,309.9902,-213.398437,-0.002995,-0.300981,-9.045294,0.243011,0.858321,-0.050879,-0.002995,-0.011355,0.00,1,0.00
4.735137,309.9902,-213.398437,0.019750,-0.300963,-9.044097,0.265756,0.879869,-0.049682,0.019750,0.010192,0.00,1,0.00
4.737398,310.0781,-213.310547,0.001793,-0.300942,-9.048885,0.247800,0.882263,-0.054470,0.001793,0.012587,0.00,1,0.00
4.739654,309.9023,-213.486328,-0.004192,-0.300950,-9.048885,0.241814,0.885855,-0.054470,-0.004192,0.016178,0.00,1,0.00
4.741908,309.9902,-213.398437,-0.025740,-0.300991,-9.063251,0.220267,0.889446,-0.068835,-0.025740,0.019769,0.00,1,0.00
4.744163,309.9023,-213.486328,-0.038908,-0.301066,-9.084799,0.207098,0.906205,-0.090384,-0.038908,0.036529,0.00,1,0.00
4.746419,309.9023,-213.486328,-0.025740,-0.301134,-9.085996,0.220267,0.884658,-0.091580,-0.025740,0.014981,0.00,1,0.00
4.748680,309.9902,-213.398437,-0.008981,-0.301166,-9.082404,0.237026,0.889446,-0.087989,-0.008981,0.019769,0.00,1,0.00
4.750935,310.0781,-213.310547,-0.001798,-0.301174,-9.078813,0.244209,0.915782,-0.084397,-0.001798,0.046105,0.00,1,0.00
4.753189,309.9902,-213.398437,-0.013769,-0.301191,-9.096769,0.232238,0.897826,-0.102354,-0.013769,0.028149,0.00,1,0.00
4.755445,309.9902,-213.398437,-0.004192,-0.301212,-9.096769,0.241814,0.912191,-0.102354,-0.004192,0.042514,0.00,1,0.00
4.757704,310.0781,-213.310547,0.004187,-0.301212,-9.090784,0.250194,0.905008,-0.096369,0.004187,0.035331,0.00,1,0.00
4.759959,309.9902,-213.398437,0.002990,-0.301197,-9.077616,0.248997,0.899023,-0.083200,0.002990,0.029346,0.00,1,0.00
4.762214,310.0781,-213.310547,-0.001798,-0.301198,-9.058462,0.244209,0.875081,-0.064047,-0.001798,0.005404,0.00,1,0.00
4.764469,310.0781,-213.310547,0.006582,-0.301192,-9.064447,0.252588,0.887052,-0.070032,0.006582,0.017375,0.00,1,0.00
4.766729,310.0781,-213.310547,0.004187,-0.301180,-9.076419,0.250194,0.914585,-0.082004,0.004187,0.044908,0.00,1,0.00
4.768986,310.0781,-213.310547,0.004187,-0.301171,-9.081207,0.250194,0.932542,-0.086792,0.004187,0.062865,0.00,1,0.00
4.771243,310.0781,-213.310547,0.004187,-0.301160,-9.070433,0.250194,0.925359,-0.076017,0.004187,0.055682,0.00,1,0.00
4.773498,310.0781,-213.310547,0.001793,-0.301159,-9.057265,0.247800,0.899023,-0.062850,0.001793,0.029346,0.00,1,0.00
4.775754,310.0781,-213.310547,0.001793,-0.301151,-9.078813,0.247800,0.889446,-0.084397,0.001793,0.019769,0.00,1,0.00
4.778014,309.9023,-213.486328,0.001793,-0.301144,-9.084799,0.247800,0.895431,-0.090384,0.001793,0.025755,0.00,1,0.00
4.780268,310.0781,-213.310547,-0.014966,-0.301164,-9.080010,0.231040,0.887052,-0.085595,-0.014966,0.017375,0.00,1,0.00
4.782523,309.9023,-213.486328,-0.020952,-0.301210,-9.081207,0.225055,0.901417,-0.086792,-0.020952,0.031740,0.00,1,0.00
4.784780,309.9902,-213.398437,-0.000601,-0.301225,-9.053674,0.245406,0.912191,-0.059258,-0.000601,0.042514,0.00,1,0.00
4.787040,309.9902,-213.398437,0.000596,-0.301226,-9.051279,0.246603,0.891840,-0.056864,0.000596,0.022163,0.00,1,0.00
4.789295,309.9902,-213.398437,0.012567,-0.301203,-9.063251,0.258574,0.900220,-0.068835,0.012567,0.030543,0.00,1,0.00
4.791551,310.0781,-213.310547,0.020947,-0.301156,-9.074024,0.266953,0.888249,-0.079609,0.020947,0.018572,0.00,1,0.00
4.793806,309.9902,-213.398437,0.006582,-0.301136,-9.053674,0.252588,0.895431,-0.059258,0.006582,0.025755,0.00,1,0.00
4.796067,309.9902,-213.398437,0.001793,-0.301122,-9.059659,0.247800,0.884658,-0.065244,0.001793,0.014981,0.00,1,0.00
4.798322,310.0781,-213.310547,-0.008981,-0.301139,-9.072827,0.237026,0.889446,-0.078412,-0.008981,0.019769,0.00,1,0.00
4.806463,309.9902,-213.398437,0.002990,-0.301114,-9.080010,0.248997,0.930147,-0.085595,0.002990,0.060471,0.00,1,0.00
4.808520,310.0781,-213.310547,0.014961,-0.301087,-9.082404,0.260968,0.931344,-0.087989,0.014961,0.061668,0.00,1,0.00
4.810775,309.9902,-213.398437,0.018553,-0.301054,-9.090784,0.264559,0.899023,-0.096369,0.018553,0.029346,0.00,1,0.00
4.813045,310.0781,-213.310547,0.012567,-0.301016,-9.085996,0.258574,0.894234,-0.091580,0.012567,0.024558,0.00,1,0.00
4.815300,309.9902,-213.398437,0.005385,-0.301000,-9.095572,0.251391,0.902614,-0.101157,0.005385,0.032937,0.00,1,0.00
4.817555,309.9902,-213.398437,-0.004192,-0.301003,-9.085996,0.241814,0.875081,-0.091580,-0.004192,0.005404,0.00,1,0.00
4.819810,310.0781,-213.310547,0.016158,-0.300995,-9.071630,0.262165,0.879869,-0.077215,0.016158,0.010192,0.00,1,0.00
4.822070,309.9902,-213.398437,0.006582,-0.300964,-9.069236,0.252588,0.896629,-0.074821,0.006582,0.026952,0.00,1,0.00
4.824326,310.0781,-213.310547,0.002990,-0.300960,-9.060856,0.248997,0.906205,-0.066441,0.002990,0.036529,0.00,1,0.00
4.826581,310.0781,-213.310547,-0.010178,-0.300966,-9.048885,0.235829,0.887052,-0.054470,-0.010178,0.017375,0.00,1,0.00
4.828835,309.9902,-213.398437,-0.010178,-0.300993,-9.038112,0.235829,0.866701,-0.043696,-0.010178,-0.002976,0.00,1,0.00
4.831096,310.0781,-213.310547,0.007779,-0.300994,-9.041702,0.253785,0.863110,-0.047287,0.007779,-0.006567,0.00,1,0.00
4.833352,309.9902,-213.398437,-0.005389,-0.300996,-9.047688,0.240617,0.882263,-0.053273,-0.005389,0.012587,0.00,1,0.00
4.835607,309.9902,-213.398437,-0.018557,-0.301030,-9.060856,0.227449,0.930147,-0.066441,-0.018557,0.060471,0.00,1,0.00
4.837862,309.9902,-213.398437,-0.007784,-0.301059,-9.048885,0.238223,0.928950,-0.054470,-0.007784,0.059273,0.00,1,0.00
4.840118,310.0781,-213.310547,-0.002995,-0.301068,-9.052477,0.243011,0.930147,-0.058062,-0.002995,0.060471,0.00,1,0.00
4.842379,309.9023,-213.486328,-0.010178,-0.301085,-9.051279,0.235829,0.912191,-0.056864,-0.010178,0.042514,0.00,1,0.00
4.844634,309.9902,-213.398437,-0.022149,-0.301125,-9.082404,0.223858,0.885855,-0.087989,-0.022149,0.016178,0.00,1,0.00
4.846888,309.9902,-213.398437,-0.004192,-0.301162,-9.083601,0.241814,0.875081,-0.089186,-0.004192,0.005404,0.00,1,0.00
4.849143,310.0781,-213.310547,0.002990,-0.301161,-9.068039,0.248997,0.897826,-0.073624,0.002990,0.028149,0.00,1,0.00
4.851404,310.0781,-213.310547,0.002990,-0.301152,-9.069236,0.248997,0.899023,-0.074821,0.002990,0.029346,0.00,1,0.00
4.853659,309.9902,-213.398437,0.011370,-0.301136,-9.058462,0.257377,0.881066,-0.064047,0.011370,0.011389,0.00,1,0.00
4.855915,309.9902,-213.398437,0.006582,-0.301114,-9.063251,0.252588,0.891840,-0.068835,0.006582,0.022163,0.00,1,0.00
4.858170,310.0781,-213.310547,-0.001798,-0.301111,-9.048885,0.244209,0.899023,-0.054470,-0.001798,0.029346,0.00,1,0.00
4.860430,310.0781,-213.310547,-0.000601,-0.301114,-9.034520,0.245406,0.895431,-0.040105,-0.000601,0.025755,0.00,1,0.00
4.862687,309.9902,-213.398437,0.001793,-0.301124,-9.036914,0.247800,0.901417,-0.042499,0.001793,0.031740,0.00,1,0.00
4.864943,309.9902,-213.398437,0.008976,-0.301109,-9.044097,0.254982,0.884658,-0.049682,0.008976,0.014981,0.00,1,0.00
4.867199,309.9902,-213.398437,0.002990,-0.301096,-9.053674,0.248997,0.891840,-0.059258,0.002990,0.022163,0.00,1,0.00
4.869460,309.9902,-213.398437,-0.007784,-0.301113,-9.058462,0.238223,0.878672,-0.064047,-0.007784,0.008995,0.00,1,0.00
4.871715,310.0781,-213.310547,0.014961,-0.301090,-9.069236,0.260968,0.887052,-0.074821,0.014961,0.017375,0.00,1,0.00
4.873970,309.9902,-213.398437,0.011370,-0.301061,-9.062054,0.257377,0.888249,-0.067638,0.011370,0.018572,0.00,1,0.00
4.876227,309.9902,-213.398437,0.017356,-0.301025,-9.080010,0.263362,0.920571,-0.085595,0.017356,0.050894,0.00,1,0.00
4.878483,309.9902,-213.398437,0.004187,-0.300994,-9.069236,0.250194,0.893037,-0.074821,0.004187,0.023360,0.00,1,0.00
4.880743,309.9902,-213.398437,-0.008981,-0.301003,-9.064447,0.237026,0.890643,-0.070032,-0.008981,0.020966,0.00,1,0.00
4.882999,309.9902,-213.398437,-0.023346,-0.301041,-9.077616,0.222661,0.894234,-0.083200,-0.023346,0.024558,0.00,1,0.00
4.885255,309.9902,-213.398437,-0.019755,-0.301089,-9.075222,0.226252,0.893037,-0.080807,-0.019755,0.023360,0.00,1,0.00
4.887511,309.9902,-213.398437,0.011370,-0.301094,-9.054871,0.257377,0.889446,-0.060455,0.011370,0.019769,0.00,1,0.00
4.889771,309.9902,-213.398437,0.011370,-0.301062,-9.069236,0.257377,0.899023,-0.074821,0.011370,0.029346,0.00,1,0.00
4.892026,310.0781,-213.310547,0.002990,-0.301047,-9.080010,0.248997,0.888249,-0.085595,0.002990,0.018572,0.00,1,0.00
4.894282,309.9902,-213.398437,-0.010178,-0.301069,-9.070433,0.235829,0.878672,-0.076017,-0.010178,0.008995,0.00,1,0.00
4.896537,309.9023,-213.486328,-0.002995,-0.301077,-9.064447,0.243011,0.897826,-0.070032,-0.002995,0.028149,0.00,1,0.00
4.898798,309.9902,-213.398437,-0.011375,-0.301096,-9.075222,0.234632,0.900220,-0.080807,-0.011375,0.030543,0.00,1,0.00
4.901054,310.0781,-213.310547,-0.010178,-0.301119,-9.070433,0.235829,0.905008,-0.076017,-0.010178,0.035331,0.00,1,0.00
4.903309,309.9902,-213.398437,0.016158,-0.301100,-9.068039,0.262165,0.914585,-0.073624,0.016158,0.044908,0.00,1,0.00
4.905563,309.9902,-213.398437,0.004187,-0.301067,-9.072827,0.250194,0.939724,-0.078412,0.004187,0.070047,0.00,1,0.00
4.907820,309.9902,-213.398437,-0.008981,-0.301074,-9.059659,0.237026,0.924162,-0.065244,-0.008981,0.054485,0.00,1,0.00
4.910081,309.9902,-213.398437,-0.006586,-0.301093,-9.052477,0.239420,0.919373,-0.058062,-0.006586,0.049697,0.00,1,0.00
4.912335,309.9902,-213.398437,0.004187,-0.301087,-9.048885,0.250194,0.928950,-0.054470,0.004187,0.059273,0.00,1,0.00
4.914589,310.0781,-213.310547,-0.012572,-0.301101,-9.064447,0.233435,0.903811,-0.070032,-0.012572,0.034134,0.00,1,0.00
4.916845,309.9902,-213.398437,0.002990,-0.301112,-9.071630,0.248997,0.924162,-0.077215,0.002990,0.054485,0.00,1,0.00
4.924503,309.9902,-213.398437,0.018553,-0.300970,-9.064447,0.264559,0.909797,-0.070032,0.018553,0.040120,0.00,1,0.00
4.926561,309.9902,-213.398437,0.007779,-0.300949,-9.068039,0.253785,0.914585,-0.073624,0.007779,0.044908,0.00,1,0.00
4.928816,309.9023,-213.486328,0.011370,-0.300931,-9.048885,0.257377,0.915782,-0.054470,0.011370,0.046105,0.00,1,0.00
4.931070,309.9902,-213.398437,0.006582,-0.300908,-9.048885,0.252588,0.885855,-0.054470,0.006582,0.016178,0.00,1,0.00
4.933338,310.0781,-213.310547,-0.008981,-0.300921,-9.048885,0.237026,0.889446,-0.054470,-0.008981,0.019769,0.00,1,0.00
4.935593,309.9902,-213.398437,-0.000601,-0.300933,-9.060856,0.245406,0.885855,-0.066441,-0.000601,0.016178,0.00,1,0.00
4.937849,309.9902,-213.398437,-0.007784,-0.300944,-9.076419,0.238223,0.913388,-0.082004,-0.007784,0.043711,0.00,1,0.00
4.940103,309.9902,-213.398437,0.000596,-0.300944,-9.065644,0.246603,0.908600,-0.071229,0.000596,0.038923,0.00,1,0.00
4.942359,310.0781,-213.310547,-0.018557,-0.300977,-9.056067,0.227449,0.897826,-0.061652,-0.018557,0.028149,0.00,1,0.00
4.944620,309.9902,-213.398437,-0.032923,-0.301037,-9.048885,0.213084,0.903811,-0.054470,-0.032923,0.034134,0.00,1,0.00
4.946875,309.9902,-213.398437,-0.025740,-0.301099,-9.065644,0.220267,0.909797,-0.071229,-0.025740,0.040120,0.00,1,0.00
4.949130,310.0781,-213.310547,-0.025740,-0.301154,-9.062054,0.220267,0.905008,-0.067638,-0.025740,0.035331,0.00,1,0.00
4.951386,309.9902,-213.398437,-0.032923,-0.301224,-9.091981,0.213084,0.902614,-0.097566,-0.032923,0.032937,0.00,1,0.00
4.953647,309.9902,-213.398437,-0.012572,-0.301277,-9.081207,0.233435,0.899023,-0.086792,-0.012572,0.029346,0.00,1,0.00
4.955902,310.0781,-213.310547,-0.013769,-0.301302,-9.068039,0.232238,0.893037,-0.073624,-0.013769,0.023360,0.00,1,0.00
4.958156,309.9902,-213.398437,-0.020952,-0.301345,-9.068039,0.225055,0.889446,-0.073624,-0.020952,0.019769,0.00,1,0.00
4.960411,309.9902,-213.398437,-0.024543,-0.301400,-9.094376,0.221464,0.899023,-0.099960,-0.024543,0.029346,0.00,1,0.00
4.962670,309.9902,-213.398437,-0.017360,-0.301446,-9.081207,0.228646,0.882263,-0.086792,-0.017360,0.012587,0.00,1,0.00
4.964926,309.9902,-213.398437,-0.011375,-0.301478,-9.065644,0.234632,0.869095,-0.071229,-0.011375,-0.000582,0.00,1,0.00
4.967182,309.9023,-213.486328,-0.004192,-0.301492,-9.062054,0.241814,0.876278,-0.067638,-0.004192,0.006601,0.00,1,0.00
4.969437,309.9902,-213.398437,-0.011375,-0.301506,-9.063251,0.234632,0.869095,-0.068835,-0.011375,-0.000582,0.00,1,0.00
4.971696,309.9902,-213.398437,-0.002995,-0.301521,-9.060856,0.243011,0.863110,-0.066441,-0.002995,-0.006567,0.00,1,0.00
4.973952,309.9902,-213.398437,-0.010178,-0.301539,-9.041702,0.235829,0.857124,-0.047287,-0.010178,-0.012553,0.00,1,0.00
4.976207,309.9902,-213.398437,-0.019755,-0.301575,-9.050082,0.226252,0.861913,-0.055667,-0.019755,-0.007764,0.00,1,0.00
4.978462,310.0781,-213.310547,-0.006586,-0.301612,-9.060856,0.239420,0.876278,-0.066441,-0.006586,0.006601,0.00,1,0.00
4.980719,309.9902,-213.398437,0.000596,-0.301619,-9.071630,0.246603,0.887052,-0.077215,0.000596,0.017375,0.00,1,0.00
4.982980,310.0781,-213.310547,0.000596,-0.301617,-9.064447,0.246603,0.888249,-0.070032,0.000596,0.018572,0.00,1,0.00
4.985236,310.0781,-213.310547,0.008976,-0.301601,-9.057265,0.254982,0.877475,-0.062850,0.008976,0.007798,0.00,1,0.00
4.987491,309.9902,-213.398437,0.005385,-0.301585,-9.060856,0.251391,0.877475,-0.066441,0.005385,0.007798,0.00,1,0.00
4.989746,310.0781,-213.310547,0.014961,-0.301560,-9.066842,0.260968,0.878672,-0.072427,0.014961,0.008995,0.00,1,0.00
4.992007,309.9902,-213.398437,0.000596,-0.301548,-9.074024,0.246603,0.875081,-0.079609,0.000596,0.005404,0.00,1,0.00
4.994262,310.0781,-213.310547,0.000596,-0.301545,-9.068039,0.246603,0.863110,-0.073624,0.000596,-0.006567,0.00,1,0.00
4.996518,309.9902,-213.398437,-0.001798,-0.301546,-9.064447,0.244209,0.836774,-0.070032,-0.001798,-0.032903,0.00,1,0.00
4.998773,309.9902,-213.398437,-0.011375,-0.301563,-9.069236,0.234632,0.837971,-0.074821,-0.011375,-0.031706,0.00,1,0.00
